ISO-10303-21;
HEADER;
/* Generated by software containing ST-Developer
 * from STEP Tools, Inc. (www.steptools.com) 
 */

FILE_DESCRIPTION(
/* description */ (''),
/* implementation_level */ '2;1');

FILE_NAME(
/* name */ '[a]_motor_mounts_b.step',
/* time_stamp */ '2026-03-29T11:59:17-04:00',
/* author */ (''),
/* organization */ (''),
/* preprocessor_version */ 'ST-DEVELOPER v20.1',
/* originating_system */ 'Autodesk Translation Framework v14.24.0.0',
/* authorisation */ '');

FILE_SCHEMA (('AUTOMOTIVE_DESIGN { 1 0 10303 214 3 1 1 }'));
ENDSEC;

DATA;
#10=MECHANICAL_DESIGN_GEOMETRIC_PRESENTATION_REPRESENTATION('',(#23,#24),
#13059);
#11=ITEM_DEFINED_TRANSFORMATION($,$,#6095,#6745);
#12=ITEM_DEFINED_TRANSFORMATION($,$,#6420,#6746);
#13=(
REPRESENTATION_RELATIONSHIP($,$,#13073,#13072)
REPRESENTATION_RELATIONSHIP_WITH_TRANSFORMATION(#11)
SHAPE_REPRESENTATION_RELATIONSHIP()
);
#14=(
REPRESENTATION_RELATIONSHIP($,$,#13074,#13072)
REPRESENTATION_RELATIONSHIP_WITH_TRANSFORMATION(#12)
SHAPE_REPRESENTATION_RELATIONSHIP()
);
#15=CONTEXT_DEPENDENT_SHAPE_REPRESENTATION(#13,#13070);
#16=CONTEXT_DEPENDENT_SHAPE_REPRESENTATION(#14,#13071);
#17=NEXT_ASSEMBLY_USAGE_OCCURRENCE('[a]_motor_mounts_X:1',
'[a]_motor_mounts_X:1','[a]_motor_mounts_X:1',#13076,#13077,
'[a]_motor_mounts_X:1');
#18=NEXT_ASSEMBLY_USAGE_OCCURRENCE('[a]_motor_mounts_Z:1',
'[a]_motor_mounts_Z:1','[a]_motor_mounts_Z:1',#13076,#13078,
'[a]_motor_mounts_Z:1');
#19=SHAPE_REPRESENTATION_RELATIONSHIP('SRR','None',#13073,#21);
#20=SHAPE_REPRESENTATION_RELATIONSHIP('SRR','None',#13074,#22);
#21=ADVANCED_BREP_SHAPE_REPRESENTATION('',(#25),#13057);
#22=ADVANCED_BREP_SHAPE_REPRESENTATION('',(#26),#13058);
#23=STYLED_ITEM('',(#13092),#25);
#24=STYLED_ITEM('',(#13092),#26);
#25=MANIFOLD_SOLID_BREP('[a]_motor_mounts_X',#6069);
#26=MANIFOLD_SOLID_BREP('[a]_motor_mounts_Z',#6070);
#27=TOROIDAL_SURFACE('',#6225,10.65,5.);
#28=TOROIDAL_SURFACE('',#6238,16.,1.);
#29=TOROIDAL_SURFACE('',#6240,10.65,5.);
#30=TOROIDAL_SURFACE('',#6253,10.65,5.);
#31=TOROIDAL_SURFACE('',#6260,16.,1.);
#32=TOROIDAL_SURFACE('',#6263,4.65,1.);
#33=TOROIDAL_SURFACE('',#6265,4.65,1.);
#34=TOROIDAL_SURFACE('',#6271,10.65,5.);
#35=TOROIDAL_SURFACE('',#6275,4.65,1.);
#36=TOROIDAL_SURFACE('',#6302,4.65,1.);
#37=TOROIDAL_SURFACE('',#6550,10.65,5.);
#38=TOROIDAL_SURFACE('',#6563,16.,1.);
#39=TOROIDAL_SURFACE('',#6565,10.65,5.);
#40=TOROIDAL_SURFACE('',#6578,10.65,5.);
#41=TOROIDAL_SURFACE('',#6585,16.,1.);
#42=TOROIDAL_SURFACE('',#6588,4.65,1.);
#43=TOROIDAL_SURFACE('',#6590,4.65,1.);
#44=TOROIDAL_SURFACE('',#6596,10.65,5.);
#45=TOROIDAL_SURFACE('',#6600,4.65,1.);
#46=TOROIDAL_SURFACE('',#6627,4.65,1.);
#47=ELLIPSE('',#6203,31.3027669230901,15.);
#48=ELLIPSE('',#6281,29.2380440016309,10.);
#49=ELLIPSE('',#6528,31.3027669230901,15.);
#50=ELLIPSE('',#6606,29.2380440016309,10.);
#51=CONICAL_SURFACE('',#6141,1.9,0.785398163397448);
#52=CONICAL_SURFACE('',#6154,15.2,0.785398163397449);
#53=CONICAL_SURFACE('',#6157,5.45,0.785398163397448);
#54=CONICAL_SURFACE('',#6161,2.8,0.785398163397454);
#55=CONICAL_SURFACE('',#6165,2.8,0.785398163397454);
#56=CONICAL_SURFACE('',#6169,5.44999999999999,0.785398163397449);
#57=CONICAL_SURFACE('',#6173,5.44999999999999,0.785398163397449);
#58=CONICAL_SURFACE('',#6177,2.8,0.785398163397454);
#59=CONICAL_SURFACE('',#6181,2.8,0.785398163397454);
#60=CONICAL_SURFACE('',#6185,5.45,0.785398163397449);
#61=CONICAL_SURFACE('',#6211,1.8,0.785398163397448);
#62=CONICAL_SURFACE('',#6218,1.8,0.785398163397448);
#63=CONICAL_SURFACE('',#6284,3.2,0.785398163397449);
#64=CONICAL_SURFACE('',#6292,1.9,0.785398163397449);
#65=CONICAL_SURFACE('',#6293,1.9,0.785398163397449);
#66=CONICAL_SURFACE('',#6297,1.9,0.785398163397449);
#67=CONICAL_SURFACE('',#6301,1.9,0.785398163397449);
#68=CONICAL_SURFACE('',#6308,3.2,0.785398163397448);
#69=CONICAL_SURFACE('',#6320,3.2,0.785398163397448);
#70=CONICAL_SURFACE('',#6324,5.44999999999999,0.785398163397448);
#71=CONICAL_SURFACE('',#6326,2.8,0.78539816339745);
#72=CONICAL_SURFACE('',#6330,2.8,0.785398163397451);
#73=CONICAL_SURFACE('',#6335,1.9,0.785398163397443);
#74=CONICAL_SURFACE('',#6341,1.9,0.785398163397443);
#75=CONICAL_SURFACE('',#6343,5.44999999999999,0.785398163397448);
#76=CONICAL_SURFACE('',#6344,5.44999999999999,0.785398163397448);
#77=CONICAL_SURFACE('',#6347,5.44999999999999,0.785398163397448);
#78=CONICAL_SURFACE('',#6349,2.8,0.785398163397451);
#79=CONICAL_SURFACE('',#6352,2.8,0.78539816339745);
#80=CONICAL_SURFACE('',#6466,1.9,0.785398163397448);
#81=CONICAL_SURFACE('',#6479,15.2,0.785398163397449);
#82=CONICAL_SURFACE('',#6482,5.45,0.785398163397448);
#83=CONICAL_SURFACE('',#6486,2.8,0.785398163397454);
#84=CONICAL_SURFACE('',#6490,2.8,0.785398163397454);
#85=CONICAL_SURFACE('',#6494,5.44999999999999,0.785398163397449);
#86=CONICAL_SURFACE('',#6498,5.44999999999999,0.785398163397449);
#87=CONICAL_SURFACE('',#6502,2.8,0.785398163397454);
#88=CONICAL_SURFACE('',#6506,2.8,0.785398163397454);
#89=CONICAL_SURFACE('',#6510,5.45,0.785398163397449);
#90=CONICAL_SURFACE('',#6536,1.8,0.785398163397448);
#91=CONICAL_SURFACE('',#6543,1.8,0.785398163397448);
#92=CONICAL_SURFACE('',#6609,3.2,0.785398163397449);
#93=CONICAL_SURFACE('',#6617,1.9,0.785398163397449);
#94=CONICAL_SURFACE('',#6618,1.9,0.785398163397449);
#95=CONICAL_SURFACE('',#6622,1.9,0.785398163397449);
#96=CONICAL_SURFACE('',#6626,1.9,0.785398163397449);
#97=CONICAL_SURFACE('',#6633,3.2,0.785398163397448);
#98=CONICAL_SURFACE('',#6645,3.2,0.785398163397448);
#99=CONICAL_SURFACE('',#6649,5.44999999999999,0.785398163397448);
#100=CONICAL_SURFACE('',#6651,2.8,0.78539816339745);
#101=CONICAL_SURFACE('',#6655,2.8,0.785398163397451);
#102=CONICAL_SURFACE('',#6660,1.9,0.785398163397443);
#103=CONICAL_SURFACE('',#6666,1.9,0.785398163397443);
#104=CONICAL_SURFACE('',#6668,5.44999999999999,0.785398163397448);
#105=CONICAL_SURFACE('',#6669,5.44999999999999,0.785398163397448);
#106=CONICAL_SURFACE('',#6672,5.44999999999999,0.785398163397448);
#107=CONICAL_SURFACE('',#6674,2.8,0.785398163397451);
#108=CONICAL_SURFACE('',#6677,2.8,0.78539816339745);
#109=CYLINDRICAL_SURFACE('',#6103,0.6);
#110=CYLINDRICAL_SURFACE('',#6109,1.2);
#111=CYLINDRICAL_SURFACE('',#6111,0.6);
#112=CYLINDRICAL_SURFACE('',#6116,0.6);
#113=CYLINDRICAL_SURFACE('',#6122,1.2);
#114=CYLINDRICAL_SURFACE('',#6124,1.2);
#115=CYLINDRICAL_SURFACE('',#6126,1.2);
#116=CYLINDRICAL_SURFACE('',#6144,1.7);
#117=CYLINDRICAL_SURFACE('',#6188,5.65);
#118=CYLINDRICAL_SURFACE('',#6192,3.);
#119=CYLINDRICAL_SURFACE('',#6195,3.);
#120=CYLINDRICAL_SURFACE('',#6198,5.65);
#121=CYLINDRICAL_SURFACE('',#6201,15.);
#122=CYLINDRICAL_SURFACE('',#6214,1.7);
#123=CYLINDRICAL_SURFACE('',#6221,1.7);
#124=CYLINDRICAL_SURFACE('',#6230,5.);
#125=CYLINDRICAL_SURFACE('',#6234,1.);
#126=CYLINDRICAL_SURFACE('',#6244,5.);
#127=CYLINDRICAL_SURFACE('',#6251,5.);
#128=CYLINDRICAL_SURFACE('',#6267,1.);
#129=CYLINDRICAL_SURFACE('',#6280,5.);
#130=CYLINDRICAL_SURFACE('',#6282,5.);
#131=CYLINDRICAL_SURFACE('',#6286,3.);
#132=CYLINDRICAL_SURFACE('',#6290,5.64999999999999);
#133=CYLINDRICAL_SURFACE('',#6295,1.7);
#134=CYLINDRICAL_SURFACE('',#6299,1.7);
#135=CYLINDRICAL_SURFACE('',#6305,1.);
#136=CYLINDRICAL_SURFACE('',#6306,5.65);
#137=CYLINDRICAL_SURFACE('',#6307,1.);
#138=CYLINDRICAL_SURFACE('',#6319,3.);
#139=CYLINDRICAL_SURFACE('',#6322,3.);
#140=CYLINDRICAL_SURFACE('',#6333,5.64999999999999);
#141=CYLINDRICAL_SURFACE('',#6353,5.65);
#142=CYLINDRICAL_SURFACE('',#6354,3.);
#143=CYLINDRICAL_SURFACE('',#6356,3.);
#144=CYLINDRICAL_SURFACE('',#6361,0.6);
#145=CYLINDRICAL_SURFACE('',#6366,0.6);
#146=CYLINDRICAL_SURFACE('',#6371,0.6);
#147=CYLINDRICAL_SURFACE('',#6376,0.6);
#148=CYLINDRICAL_SURFACE('',#6378,1.2);
#149=CYLINDRICAL_SURFACE('',#6380,1.2);
#150=CYLINDRICAL_SURFACE('',#6382,0.6);
#151=CYLINDRICAL_SURFACE('',#6388,0.6);
#152=CYLINDRICAL_SURFACE('',#6393,0.6);
#153=CYLINDRICAL_SURFACE('',#6398,0.6);
#154=CYLINDRICAL_SURFACE('',#6402,1.2);
#155=CYLINDRICAL_SURFACE('',#6404,1.2);
#156=CYLINDRICAL_SURFACE('',#6407,0.6);
#157=CYLINDRICAL_SURFACE('',#6411,1.2);
#158=CYLINDRICAL_SURFACE('',#6412,1.2);
#159=CYLINDRICAL_SURFACE('',#6414,1.2);
#160=CYLINDRICAL_SURFACE('',#6415,1.2);
#161=CYLINDRICAL_SURFACE('',#6428,0.6);
#162=CYLINDRICAL_SURFACE('',#6434,1.2);
#163=CYLINDRICAL_SURFACE('',#6436,0.6);
#164=CYLINDRICAL_SURFACE('',#6441,0.6);
#165=CYLINDRICAL_SURFACE('',#6447,1.2);
#166=CYLINDRICAL_SURFACE('',#6449,1.2);
#167=CYLINDRICAL_SURFACE('',#6451,1.2);
#168=CYLINDRICAL_SURFACE('',#6469,1.7);
#169=CYLINDRICAL_SURFACE('',#6513,5.65);
#170=CYLINDRICAL_SURFACE('',#6517,3.);
#171=CYLINDRICAL_SURFACE('',#6520,3.);
#172=CYLINDRICAL_SURFACE('',#6523,5.65);
#173=CYLINDRICAL_SURFACE('',#6526,15.);
#174=CYLINDRICAL_SURFACE('',#6539,1.7);
#175=CYLINDRICAL_SURFACE('',#6546,1.7);
#176=CYLINDRICAL_SURFACE('',#6555,5.);
#177=CYLINDRICAL_SURFACE('',#6559,1.);
#178=CYLINDRICAL_SURFACE('',#6569,5.);
#179=CYLINDRICAL_SURFACE('',#6576,5.);
#180=CYLINDRICAL_SURFACE('',#6592,1.);
#181=CYLINDRICAL_SURFACE('',#6605,5.);
#182=CYLINDRICAL_SURFACE('',#6607,5.);
#183=CYLINDRICAL_SURFACE('',#6611,3.);
#184=CYLINDRICAL_SURFACE('',#6615,5.64999999999999);
#185=CYLINDRICAL_SURFACE('',#6620,1.7);
#186=CYLINDRICAL_SURFACE('',#6624,1.7);
#187=CYLINDRICAL_SURFACE('',#6630,1.);
#188=CYLINDRICAL_SURFACE('',#6631,5.65);
#189=CYLINDRICAL_SURFACE('',#6632,1.);
#190=CYLINDRICAL_SURFACE('',#6644,3.);
#191=CYLINDRICAL_SURFACE('',#6647,3.);
#192=CYLINDRICAL_SURFACE('',#6658,5.64999999999999);
#193=CYLINDRICAL_SURFACE('',#6678,5.65);
#194=CYLINDRICAL_SURFACE('',#6679,3.);
#195=CYLINDRICAL_SURFACE('',#6681,3.);
#196=CYLINDRICAL_SURFACE('',#6686,0.6);
#197=CYLINDRICAL_SURFACE('',#6691,0.6);
#198=CYLINDRICAL_SURFACE('',#6696,0.6);
#199=CYLINDRICAL_SURFACE('',#6701,0.6);
#200=CYLINDRICAL_SURFACE('',#6703,1.2);
#201=CYLINDRICAL_SURFACE('',#6705,1.2);
#202=CYLINDRICAL_SURFACE('',#6707,0.6);
#203=CYLINDRICAL_SURFACE('',#6713,0.6);
#204=CYLINDRICAL_SURFACE('',#6718,0.6);
#205=CYLINDRICAL_SURFACE('',#6723,0.6);
#206=CYLINDRICAL_SURFACE('',#6727,1.2);
#207=CYLINDRICAL_SURFACE('',#6729,1.2);
#208=CYLINDRICAL_SURFACE('',#6732,0.6);
#209=CYLINDRICAL_SURFACE('',#6736,1.2);
#210=CYLINDRICAL_SURFACE('',#6737,1.2);
#211=CYLINDRICAL_SURFACE('',#6739,1.2);
#212=CYLINDRICAL_SURFACE('',#6740,1.2);
#213=CIRCLE('',#6099,0.600000000000001);
#214=CIRCLE('',#6100,1.2);
#215=CIRCLE('',#6101,0.600000000000003);
#216=CIRCLE('',#6102,0.6);
#217=CIRCLE('',#6104,0.600000000000003);
#218=CIRCLE('',#6105,0.600000000000001);
#219=CIRCLE('',#6106,0.6);
#220=CIRCLE('',#6107,1.2);
#221=CIRCLE('',#6110,1.2);
#222=CIRCLE('',#6112,0.600000000000001);
#223=CIRCLE('',#6113,0.600000000000001);
#224=CIRCLE('',#6114,1.2);
#225=CIRCLE('',#6115,0.6);
#226=CIRCLE('',#6117,0.600000000000001);
#227=CIRCLE('',#6118,0.600000000000001);
#228=CIRCLE('',#6119,1.2);
#229=CIRCLE('',#6120,0.6);
#230=CIRCLE('',#6123,1.2);
#231=CIRCLE('',#6125,1.2);
#232=CIRCLE('',#6127,1.2);
#233=CIRCLE('',#6131,1.7);
#234=CIRCLE('',#6133,3.);
#235=CIRCLE('',#6137,3.);
#236=CIRCLE('',#6138,3.);
#237=CIRCLE('',#6140,3.);
#238=CIRCLE('',#6142,2.1);
#239=CIRCLE('',#6143,1.7);
#240=CIRCLE('',#6146,5.24999999999999);
#241=CIRCLE('',#6147,2.6);
#242=CIRCLE('',#6148,2.6);
#243=CIRCLE('',#6149,3.4);
#244=CIRCLE('',#6150,1.2);
#245=CIRCLE('',#6151,1.2);
#246=CIRCLE('',#6152,1.2);
#247=CIRCLE('',#6153,1.2);
#248=CIRCLE('',#6155,15.4);
#249=CIRCLE('',#6156,15.);
#250=CIRCLE('',#6158,5.65);
#251=CIRCLE('',#6159,5.25);
#252=CIRCLE('',#6162,2.6);
#253=CIRCLE('',#6163,3.);
#254=CIRCLE('',#6166,2.6);
#255=CIRCLE('',#6167,3.);
#256=CIRCLE('',#6170,5.65);
#257=CIRCLE('',#6171,5.24999999999999);
#258=CIRCLE('',#6174,5.64999999999999);
#259=CIRCLE('',#6175,5.24999999999999);
#260=CIRCLE('',#6178,2.6);
#261=CIRCLE('',#6179,3.);
#262=CIRCLE('',#6182,2.6);
#263=CIRCLE('',#6183,3.);
#264=CIRCLE('',#6186,5.65);
#265=CIRCLE('',#6187,5.25);
#266=CIRCLE('',#6189,5.65);
#267=CIRCLE('',#6190,5.65);
#268=CIRCLE('',#6193,3.);
#269=CIRCLE('',#6196,3.);
#270=CIRCLE('',#6199,5.65);
#271=CIRCLE('',#6200,5.65);
#272=CIRCLE('',#6202,15.);
#273=CIRCLE('',#6204,15.);
#274=CIRCLE('',#6206,3.4);
#275=CIRCLE('',#6207,2.1);
#276=CIRCLE('',#6208,2.1);
#277=CIRCLE('',#6209,2.1);
#278=CIRCLE('',#6210,2.1);
#279=CIRCLE('',#6212,1.7);
#280=CIRCLE('',#6213,1.9);
#281=CIRCLE('',#6215,1.7);
#282=CIRCLE('',#6217,3.);
#283=CIRCLE('',#6219,1.7);
#284=CIRCLE('',#6220,1.9);
#285=CIRCLE('',#6222,1.7);
#286=CIRCLE('',#6224,3.);
#287=CIRCLE('',#6226,5.);
#288=CIRCLE('',#6227,5.64999999999999);
#289=CIRCLE('',#6228,5.00000000000001);
#290=CIRCLE('',#6229,10.65);
#291=CIRCLE('',#6231,5.);
#292=CIRCLE('',#6232,5.);
#293=CIRCLE('',#6233,5.);
#294=CIRCLE('',#6236,16.);
#295=CIRCLE('',#6237,10.65);
#296=CIRCLE('',#6239,1.);
#297=CIRCLE('',#6241,5.);
#298=CIRCLE('',#6242,10.65);
#299=CIRCLE('',#6243,5.);
#300=CIRCLE('',#6245,5.);
#301=CIRCLE('',#6246,5.);
#302=CIRCLE('',#6247,5.);
#303=CIRCLE('',#6249,5.);
#304=CIRCLE('',#6250,5.);
#305=CIRCLE('',#6252,5.);
#306=CIRCLE('',#6254,5.);
#307=CIRCLE('',#6255,10.65);
#308=CIRCLE('',#6256,5.65);
#309=CIRCLE('',#6257,5.);
#310=CIRCLE('',#6258,5.);
#311=CIRCLE('',#6259,5.);
#312=CIRCLE('',#6261,16.);
#313=CIRCLE('',#6262,0.999999999999999);
#314=CIRCLE('',#6264,0.999999999999999);
#315=CIRCLE('',#6266,1.);
#316=CIRCLE('',#6268,5.);
#317=CIRCLE('',#6269,5.);
#318=CIRCLE('',#6270,5.);
#319=CIRCLE('',#6272,5.);
#320=CIRCLE('',#6273,5.64999999999999);
#321=CIRCLE('',#6274,5.);
#322=CIRCLE('',#6276,5.65);
#323=CIRCLE('',#6277,0.999999999999999);
#324=CIRCLE('',#6278,5.);
#325=CIRCLE('',#6279,5.);
#326=CIRCLE('',#6285,3.);
#327=CIRCLE('',#6287,3.);
#328=CIRCLE('',#6291,5.64999999999999);
#329=CIRCLE('',#6294,1.7);
#330=CIRCLE('',#6296,1.7);
#331=CIRCLE('',#6298,1.7);
#332=CIRCLE('',#6300,1.7);
#333=CIRCLE('',#6303,5.65);
#334=CIRCLE('',#6304,0.999999999999999);
#335=CIRCLE('',#6309,3.4);
#336=CIRCLE('',#6310,3.);
#337=CIRCLE('',#6312,5.24999999999999);
#338=CIRCLE('',#6313,5.24999999999999);
#339=CIRCLE('',#6314,2.1);
#340=CIRCLE('',#6315,1.2);
#341=CIRCLE('',#6316,1.2);
#342=CIRCLE('',#6317,1.2);
#343=CIRCLE('',#6318,1.2);
#344=CIRCLE('',#6321,3.);
#345=CIRCLE('',#6325,5.64999999999999);
#346=CIRCLE('',#6327,3.);
#347=CIRCLE('',#6331,3.);
#348=CIRCLE('',#6336,2.1);
#349=CIRCLE('',#6338,5.24999999999999);
#350=CIRCLE('',#6339,2.6);
#351=CIRCLE('',#6340,2.6);
#352=CIRCLE('',#6348,5.65);
#353=CIRCLE('',#6357,0.600000000000001);
#354=CIRCLE('',#6358,0.6);
#355=CIRCLE('',#6359,0.600000000000001);
#356=CIRCLE('',#6360,1.2);
#357=CIRCLE('',#6362,0.600000000000001);
#358=CIRCLE('',#6363,0.600000000000001);
#359=CIRCLE('',#6364,1.2);
#360=CIRCLE('',#6365,0.6);
#361=CIRCLE('',#6367,0.600000000000001);
#362=CIRCLE('',#6368,0.600000000000001);
#363=CIRCLE('',#6369,1.2);
#364=CIRCLE('',#6370,0.6);
#365=CIRCLE('',#6372,0.600000000000001);
#366=CIRCLE('',#6373,0.600000000000001);
#367=CIRCLE('',#6374,1.2);
#368=CIRCLE('',#6375,0.6);
#369=CIRCLE('',#6383,0.600000000000001);
#370=CIRCLE('',#6384,0.600000000000001);
#371=CIRCLE('',#6385,0.600000000000002);
#372=CIRCLE('',#6386,0.6);
#373=CIRCLE('',#6387,1.2);
#374=CIRCLE('',#6389,0.600000000000001);
#375=CIRCLE('',#6390,0.600000000000001);
#376=CIRCLE('',#6391,0.6);
#377=CIRCLE('',#6392,1.2);
#378=CIRCLE('',#6394,0.600000000000001);
#379=CIRCLE('',#6395,0.600000000000002);
#380=CIRCLE('',#6396,0.6);
#381=CIRCLE('',#6397,1.2);
#382=CIRCLE('',#6399,0.600000000000001);
#383=CIRCLE('',#6400,1.2);
#384=CIRCLE('',#6401,0.6);
#385=CIRCLE('',#6424,0.600000000000001);
#386=CIRCLE('',#6425,0.6);
#387=CIRCLE('',#6426,0.600000000000003);
#388=CIRCLE('',#6427,1.2);
#389=CIRCLE('',#6429,0.600000000000003);
#390=CIRCLE('',#6430,0.600000000000001);
#391=CIRCLE('',#6431,1.2);
#392=CIRCLE('',#6432,0.6);
#393=CIRCLE('',#6435,1.2);
#394=CIRCLE('',#6437,0.600000000000001);
#395=CIRCLE('',#6438,0.600000000000001);
#396=CIRCLE('',#6439,0.6);
#397=CIRCLE('',#6440,1.2);
#398=CIRCLE('',#6442,0.600000000000001);
#399=CIRCLE('',#6443,0.600000000000001);
#400=CIRCLE('',#6444,0.6);
#401=CIRCLE('',#6445,1.2);
#402=CIRCLE('',#6448,1.2);
#403=CIRCLE('',#6450,1.2);
#404=CIRCLE('',#6452,1.2);
#405=CIRCLE('',#6456,1.7);
#406=CIRCLE('',#6458,3.);
#407=CIRCLE('',#6462,3.);
#408=CIRCLE('',#6463,3.);
#409=CIRCLE('',#6465,3.);
#410=CIRCLE('',#6467,2.1);
#411=CIRCLE('',#6468,1.7);
#412=CIRCLE('',#6471,2.6);
#413=CIRCLE('',#6472,2.6);
#414=CIRCLE('',#6473,5.24999999999999);
#415=CIRCLE('',#6474,3.4);
#416=CIRCLE('',#6475,1.2);
#417=CIRCLE('',#6476,1.2);
#418=CIRCLE('',#6477,1.2);
#419=CIRCLE('',#6478,1.2);
#420=CIRCLE('',#6480,15.);
#421=CIRCLE('',#6481,15.4);
#422=CIRCLE('',#6483,5.25);
#423=CIRCLE('',#6484,5.65);
#424=CIRCLE('',#6487,3.);
#425=CIRCLE('',#6488,2.6);
#426=CIRCLE('',#6491,3.);
#427=CIRCLE('',#6492,2.6);
#428=CIRCLE('',#6495,5.24999999999999);
#429=CIRCLE('',#6496,5.65);
#430=CIRCLE('',#6499,5.24999999999999);
#431=CIRCLE('',#6500,5.64999999999999);
#432=CIRCLE('',#6503,3.);
#433=CIRCLE('',#6504,2.6);
#434=CIRCLE('',#6507,3.);
#435=CIRCLE('',#6508,2.6);
#436=CIRCLE('',#6511,5.25);
#437=CIRCLE('',#6512,5.65);
#438=CIRCLE('',#6514,5.65);
#439=CIRCLE('',#6515,5.65);
#440=CIRCLE('',#6518,3.);
#441=CIRCLE('',#6521,3.);
#442=CIRCLE('',#6524,5.65);
#443=CIRCLE('',#6525,5.65);
#444=CIRCLE('',#6527,15.);
#445=CIRCLE('',#6529,15.);
#446=CIRCLE('',#6531,3.4);
#447=CIRCLE('',#6532,2.1);
#448=CIRCLE('',#6533,2.1);
#449=CIRCLE('',#6534,2.1);
#450=CIRCLE('',#6535,2.1);
#451=CIRCLE('',#6537,1.7);
#452=CIRCLE('',#6538,1.9);
#453=CIRCLE('',#6540,1.7);
#454=CIRCLE('',#6542,3.);
#455=CIRCLE('',#6544,1.7);
#456=CIRCLE('',#6545,1.9);
#457=CIRCLE('',#6547,1.7);
#458=CIRCLE('',#6549,3.);
#459=CIRCLE('',#6551,5.);
#460=CIRCLE('',#6552,10.65);
#461=CIRCLE('',#6553,5.00000000000001);
#462=CIRCLE('',#6554,5.64999999999999);
#463=CIRCLE('',#6556,5.);
#464=CIRCLE('',#6557,5.);
#465=CIRCLE('',#6558,5.);
#466=CIRCLE('',#6561,10.65);
#467=CIRCLE('',#6562,16.);
#468=CIRCLE('',#6564,1.);
#469=CIRCLE('',#6566,5.);
#470=CIRCLE('',#6567,5.);
#471=CIRCLE('',#6568,10.65);
#472=CIRCLE('',#6570,5.);
#473=CIRCLE('',#6571,5.);
#474=CIRCLE('',#6572,5.);
#475=CIRCLE('',#6574,5.);
#476=CIRCLE('',#6575,5.);
#477=CIRCLE('',#6577,5.);
#478=CIRCLE('',#6579,5.);
#479=CIRCLE('',#6580,5.65);
#480=CIRCLE('',#6581,10.65);
#481=CIRCLE('',#6582,5.);
#482=CIRCLE('',#6583,5.);
#483=CIRCLE('',#6584,5.);
#484=CIRCLE('',#6586,0.999999999999999);
#485=CIRCLE('',#6587,16.);
#486=CIRCLE('',#6589,0.999999999999999);
#487=CIRCLE('',#6591,1.);
#488=CIRCLE('',#6593,5.);
#489=CIRCLE('',#6594,5.);
#490=CIRCLE('',#6595,5.);
#491=CIRCLE('',#6597,5.);
#492=CIRCLE('',#6598,5.);
#493=CIRCLE('',#6599,5.64999999999999);
#494=CIRCLE('',#6601,0.999999999999999);
#495=CIRCLE('',#6602,5.65);
#496=CIRCLE('',#6603,5.);
#497=CIRCLE('',#6604,5.);
#498=CIRCLE('',#6610,3.);
#499=CIRCLE('',#6612,3.);
#500=CIRCLE('',#6616,5.64999999999999);
#501=CIRCLE('',#6619,1.7);
#502=CIRCLE('',#6621,1.7);
#503=CIRCLE('',#6623,1.7);
#504=CIRCLE('',#6625,1.7);
#505=CIRCLE('',#6628,0.999999999999999);
#506=CIRCLE('',#6629,5.65);
#507=CIRCLE('',#6634,3.4);
#508=CIRCLE('',#6635,3.);
#509=CIRCLE('',#6637,5.24999999999999);
#510=CIRCLE('',#6638,5.24999999999999);
#511=CIRCLE('',#6639,2.1);
#512=CIRCLE('',#6640,1.2);
#513=CIRCLE('',#6641,1.2);
#514=CIRCLE('',#6642,1.2);
#515=CIRCLE('',#6643,1.2);
#516=CIRCLE('',#6646,3.);
#517=CIRCLE('',#6650,5.64999999999999);
#518=CIRCLE('',#6652,3.);
#519=CIRCLE('',#6656,3.);
#520=CIRCLE('',#6661,2.1);
#521=CIRCLE('',#6663,2.6);
#522=CIRCLE('',#6664,2.6);
#523=CIRCLE('',#6665,5.24999999999999);
#524=CIRCLE('',#6673,5.65);
#525=CIRCLE('',#6682,0.600000000000001);
#526=CIRCLE('',#6683,1.2);
#527=CIRCLE('',#6684,0.600000000000001);
#528=CIRCLE('',#6685,0.6);
#529=CIRCLE('',#6687,0.600000000000001);
#530=CIRCLE('',#6688,0.600000000000001);
#531=CIRCLE('',#6689,0.6);
#532=CIRCLE('',#6690,1.2);
#533=CIRCLE('',#6692,0.600000000000001);
#534=CIRCLE('',#6693,0.600000000000001);
#535=CIRCLE('',#6694,0.6);
#536=CIRCLE('',#6695,1.2);
#537=CIRCLE('',#6697,0.600000000000001);
#538=CIRCLE('',#6698,0.600000000000001);
#539=CIRCLE('',#6699,0.6);
#540=CIRCLE('',#6700,1.2);
#541=CIRCLE('',#6708,0.600000000000001);
#542=CIRCLE('',#6709,0.600000000000001);
#543=CIRCLE('',#6710,0.600000000000002);
#544=CIRCLE('',#6711,1.2);
#545=CIRCLE('',#6712,0.6);
#546=CIRCLE('',#6714,0.600000000000001);
#547=CIRCLE('',#6715,0.600000000000001);
#548=CIRCLE('',#6716,1.2);
#549=CIRCLE('',#6717,0.6);
#550=CIRCLE('',#6719,0.600000000000001);
#551=CIRCLE('',#6720,0.600000000000002);
#552=CIRCLE('',#6721,1.2);
#553=CIRCLE('',#6722,0.6);
#554=CIRCLE('',#6724,0.600000000000001);
#555=CIRCLE('',#6725,0.6);
#556=CIRCLE('',#6726,1.2);
#557=(
BOUNDED_SURFACE()
B_SPLINE_SURFACE(2,2,((#8789,#8790,#8791),(#8792,#8793,#8794),(#8795,#8796,
#8797)),.UNSPECIFIED.,.F.,.F.,.F.)
B_SPLINE_SURFACE_WITH_KNOTS((3,3),(3,3),(0.,1.5707963267949),(1.5707963267949,
3.14159265358979),.UNSPECIFIED.)
GEOMETRIC_REPRESENTATION_ITEM()
RATIONAL_B_SPLINE_SURFACE(((1.,0.707106781186548,1.),(0.707106781186558,
0.500000000000007,0.707106781186558),(1.,0.707106781186548,1.)))
REPRESENTATION_ITEM('')
SURFACE()
);
#558=(
BOUNDED_SURFACE()
B_SPLINE_SURFACE(2,2,((#8812,#8813,#8814),(#8815,#8816,#8817),(#8818,#8819,
#8820)),.UNSPECIFIED.,.F.,.F.,.F.)
B_SPLINE_SURFACE_WITH_KNOTS((3,3),(3,3),(0.,1.5707963267949),(-3.14159265358979,
-1.57079632679489),.UNSPECIFIED.)
GEOMETRIC_REPRESENTATION_ITEM()
RATIONAL_B_SPLINE_SURFACE(((1.,0.707106781186547,1.),(0.707106781186558,
0.500000000000007,0.707106781186558),(1.,0.707106781186547,1.)))
REPRESENTATION_ITEM('')
SURFACE()
);
#559=(
BOUNDED_SURFACE()
B_SPLINE_SURFACE(2,2,((#8842,#8843,#8844),(#8845,#8846,#8847),(#8848,#8849,
#8850)),.UNSPECIFIED.,.F.,.F.,.F.)
B_SPLINE_SURFACE_WITH_KNOTS((3,3),(3,3),(0.,1.5707963267949),(0.,1.5707963267949),
 .UNSPECIFIED.)
GEOMETRIC_REPRESENTATION_ITEM()
RATIONAL_B_SPLINE_SURFACE(((1.,0.707106781186547,1.),(0.707106781186556,
0.500000000000005,0.707106781186556),(1.,0.707106781186547,1.)))
REPRESENTATION_ITEM('')
SURFACE()
);
#560=(
BOUNDED_SURFACE()
B_SPLINE_SURFACE(2,2,((#8862,#8863,#8864),(#8865,#8866,#8867),(#8868,#8869,
#8870)),.UNSPECIFIED.,.F.,.F.,.F.)
B_SPLINE_SURFACE_WITH_KNOTS((3,3),(3,3),(0.,1.5707963267949),(-1.57079632679489,
0.),.UNSPECIFIED.)
GEOMETRIC_REPRESENTATION_ITEM()
RATIONAL_B_SPLINE_SURFACE(((1.,0.707106781186548,1.),(0.707106781186556,
0.500000000000006,0.707106781186556),(1.,0.707106781186548,1.)))
REPRESENTATION_ITEM('')
SURFACE()
);
#561=(
BOUNDED_SURFACE()
B_SPLINE_SURFACE(2,2,((#10559,#10560,#10561),(#10562,#10563,#10564),(#10565,
#10566,#10567)),.UNSPECIFIED.,.F.,.F.,.F.)
B_SPLINE_SURFACE_WITH_KNOTS((3,3),(3,3),(-1.5707963267949,0.),(-3.14159265358979,
-1.5707963267949),.UNSPECIFIED.)
GEOMETRIC_REPRESENTATION_ITEM()
RATIONAL_B_SPLINE_SURFACE(((1.,0.707106781186548,1.),(0.707106781186537,
0.499999999999993,0.707106781186537),(1.,0.707106781186548,1.)))
REPRESENTATION_ITEM('')
SURFACE()
);
#562=(
BOUNDED_SURFACE()
B_SPLINE_SURFACE(2,2,((#10582,#10583,#10584),(#10585,#10586,#10587),(#10588,
#10589,#10590)),.UNSPECIFIED.,.F.,.F.,.F.)
B_SPLINE_SURFACE_WITH_KNOTS((3,3),(3,3),(-1.5707963267949,0.),(-1.5707963267949,
0.),.UNSPECIFIED.)
GEOMETRIC_REPRESENTATION_ITEM()
RATIONAL_B_SPLINE_SURFACE(((1.,0.707106781186548,1.),(0.707106781186562,
0.50000000000001,0.707106781186562),(1.,0.707106781186548,1.)))
REPRESENTATION_ITEM('')
SURFACE()
);
#563=(
BOUNDED_SURFACE()
B_SPLINE_SURFACE(2,2,((#10602,#10603,#10604),(#10605,#10606,#10607),(#10608,
#10609,#10610)),.UNSPECIFIED.,.F.,.F.,.F.)
B_SPLINE_SURFACE_WITH_KNOTS((3,3),(3,3),(-1.5707963267949,0.),(0.,1.5707963267949),
 .UNSPECIFIED.)
GEOMETRIC_REPRESENTATION_ITEM()
RATIONAL_B_SPLINE_SURFACE(((1.,0.707106781186548,1.),(0.707106781186537,
0.499999999999993,0.707106781186537),(1.,0.707106781186548,1.)))
REPRESENTATION_ITEM('')
SURFACE()
);
#564=(
BOUNDED_SURFACE()
B_SPLINE_SURFACE(2,2,((#10622,#10623,#10624),(#10625,#10626,#10627),(#10628,
#10629,#10630)),.UNSPECIFIED.,.F.,.F.,.F.)
B_SPLINE_SURFACE_WITH_KNOTS((3,3),(3,3),(-1.5707963267949,0.),(1.5707963267949,
3.14159265358979),.UNSPECIFIED.)
GEOMETRIC_REPRESENTATION_ITEM()
RATIONAL_B_SPLINE_SURFACE(((1.,0.707106781186548,1.),(0.707106781186562,
0.50000000000001,0.707106781186562),(1.,0.707106781186548,1.)))
REPRESENTATION_ITEM('')
SURFACE()
);
#565=(
BOUNDED_SURFACE()
B_SPLINE_SURFACE(2,2,((#10658,#10659,#10660),(#10661,#10662,#10663),(#10664,
#10665,#10666)),.UNSPECIFIED.,.F.,.F.,.F.)
B_SPLINE_SURFACE_WITH_KNOTS((3,3),(3,3),(-1.5707963267949,0.),(0.,1.5707963267949),
 .UNSPECIFIED.)
GEOMETRIC_REPRESENTATION_ITEM()
RATIONAL_B_SPLINE_SURFACE(((1.,0.707106781186547,1.),(0.707106781186546,
0.499999999999999,0.707106781186546),(1.,0.707106781186547,1.)))
REPRESENTATION_ITEM('')
SURFACE()
);
#566=(
BOUNDED_SURFACE()
B_SPLINE_SURFACE(2,2,((#10678,#10679,#10680),(#10681,#10682,#10683),(#10684,
#10685,#10686)),.UNSPECIFIED.,.F.,.F.,.F.)
B_SPLINE_SURFACE_WITH_KNOTS((3,3),(3,3),(-1.5707963267949,0.),(-1.5707963267949,
0.),.UNSPECIFIED.)
GEOMETRIC_REPRESENTATION_ITEM()
RATIONAL_B_SPLINE_SURFACE(((1.,0.707106781186548,1.),(0.707106781186562,
0.50000000000001,0.707106781186562),(1.,0.707106781186548,1.)))
REPRESENTATION_ITEM('')
SURFACE()
);
#567=(
BOUNDED_SURFACE()
B_SPLINE_SURFACE(2,2,((#10698,#10699,#10700),(#10701,#10702,#10703),(#10704,
#10705,#10706)),.UNSPECIFIED.,.F.,.F.,.F.)
B_SPLINE_SURFACE_WITH_KNOTS((3,3),(3,3),(-1.5707963267949,0.),(-3.14159265358979,
-1.5707963267949),.UNSPECIFIED.)
GEOMETRIC_REPRESENTATION_ITEM()
RATIONAL_B_SPLINE_SURFACE(((1.,0.707106781186547,1.),(0.707106781186551,
0.500000000000002,0.707106781186551),(1.,0.707106781186547,1.)))
REPRESENTATION_ITEM('')
SURFACE()
);
#568=(
BOUNDED_SURFACE()
B_SPLINE_SURFACE(2,2,((#10718,#10719,#10720),(#10721,#10722,#10723),(#10724,
#10725,#10726)),.UNSPECIFIED.,.F.,.F.,.F.)
B_SPLINE_SURFACE_WITH_KNOTS((3,3),(3,3),(-1.5707963267949,0.),(1.5707963267949,
3.14159265358979),.UNSPECIFIED.)
GEOMETRIC_REPRESENTATION_ITEM()
RATIONAL_B_SPLINE_SURFACE(((1.,0.707106781186548,1.),(0.707106781186551,
0.500000000000002,0.707106781186551),(1.,0.707106781186548,1.)))
REPRESENTATION_ITEM('')
SURFACE()
);
#569=(
BOUNDED_SURFACE()
B_SPLINE_SURFACE(2,2,((#11080,#11081,#11082),(#11083,#11084,#11085),(#11086,
#11087,#11088)),.UNSPECIFIED.,.F.,.F.,.F.)
B_SPLINE_SURFACE_WITH_KNOTS((3,3),(3,3),(0.,1.5707963267949),(1.5707963267949,
3.14159265358979),.UNSPECIFIED.)
GEOMETRIC_REPRESENTATION_ITEM()
RATIONAL_B_SPLINE_SURFACE(((1.,0.707106781186548,1.),(0.707106781186558,
0.500000000000007,0.707106781186558),(1.,0.707106781186548,1.)))
REPRESENTATION_ITEM('')
SURFACE()
);
#570=(
BOUNDED_SURFACE()
B_SPLINE_SURFACE(2,2,((#11103,#11104,#11105),(#11106,#11107,#11108),(#11109,
#11110,#11111)),.UNSPECIFIED.,.F.,.F.,.F.)
B_SPLINE_SURFACE_WITH_KNOTS((3,3),(3,3),(0.,1.5707963267949),(-3.14159265358979,
-1.57079632679489),.UNSPECIFIED.)
GEOMETRIC_REPRESENTATION_ITEM()
RATIONAL_B_SPLINE_SURFACE(((1.,0.707106781186547,1.),(0.707106781186558,
0.500000000000007,0.707106781186558),(1.,0.707106781186547,1.)))
REPRESENTATION_ITEM('')
SURFACE()
);
#571=(
BOUNDED_SURFACE()
B_SPLINE_SURFACE(2,2,((#11133,#11134,#11135),(#11136,#11137,#11138),(#11139,
#11140,#11141)),.UNSPECIFIED.,.F.,.F.,.F.)
B_SPLINE_SURFACE_WITH_KNOTS((3,3),(3,3),(0.,1.5707963267949),(0.,1.5707963267949),
 .UNSPECIFIED.)
GEOMETRIC_REPRESENTATION_ITEM()
RATIONAL_B_SPLINE_SURFACE(((1.,0.707106781186547,1.),(0.707106781186556,
0.500000000000005,0.707106781186556),(1.,0.707106781186547,1.)))
REPRESENTATION_ITEM('')
SURFACE()
);
#572=(
BOUNDED_SURFACE()
B_SPLINE_SURFACE(2,2,((#11153,#11154,#11155),(#11156,#11157,#11158),(#11159,
#11160,#11161)),.UNSPECIFIED.,.F.,.F.,.F.)
B_SPLINE_SURFACE_WITH_KNOTS((3,3),(3,3),(0.,1.5707963267949),(-1.57079632679489,
0.),.UNSPECIFIED.)
GEOMETRIC_REPRESENTATION_ITEM()
RATIONAL_B_SPLINE_SURFACE(((1.,0.707106781186548,1.),(0.707106781186556,
0.500000000000006,0.707106781186556),(1.,0.707106781186548,1.)))
REPRESENTATION_ITEM('')
SURFACE()
);
#573=(
BOUNDED_SURFACE()
B_SPLINE_SURFACE(2,2,((#12850,#12851,#12852),(#12853,#12854,#12855),(#12856,
#12857,#12858)),.UNSPECIFIED.,.F.,.F.,.F.)
B_SPLINE_SURFACE_WITH_KNOTS((3,3),(3,3),(-1.5707963267949,0.),(-3.14159265358979,
-1.5707963267949),.UNSPECIFIED.)
GEOMETRIC_REPRESENTATION_ITEM()
RATIONAL_B_SPLINE_SURFACE(((1.,0.707106781186548,1.),(0.707106781186537,
0.499999999999993,0.707106781186537),(1.,0.707106781186548,1.)))
REPRESENTATION_ITEM('')
SURFACE()
);
#574=(
BOUNDED_SURFACE()
B_SPLINE_SURFACE(2,2,((#12873,#12874,#12875),(#12876,#12877,#12878),(#12879,
#12880,#12881)),.UNSPECIFIED.,.F.,.F.,.F.)
B_SPLINE_SURFACE_WITH_KNOTS((3,3),(3,3),(-1.5707963267949,0.),(-1.5707963267949,
0.),.UNSPECIFIED.)
GEOMETRIC_REPRESENTATION_ITEM()
RATIONAL_B_SPLINE_SURFACE(((1.,0.707106781186548,1.),(0.707106781186562,
0.50000000000001,0.707106781186562),(1.,0.707106781186548,1.)))
REPRESENTATION_ITEM('')
SURFACE()
);
#575=(
BOUNDED_SURFACE()
B_SPLINE_SURFACE(2,2,((#12893,#12894,#12895),(#12896,#12897,#12898),(#12899,
#12900,#12901)),.UNSPECIFIED.,.F.,.F.,.F.)
B_SPLINE_SURFACE_WITH_KNOTS((3,3),(3,3),(-1.5707963267949,0.),(0.,1.5707963267949),
 .UNSPECIFIED.)
GEOMETRIC_REPRESENTATION_ITEM()
RATIONAL_B_SPLINE_SURFACE(((1.,0.707106781186548,1.),(0.707106781186537,
0.499999999999993,0.707106781186537),(1.,0.707106781186548,1.)))
REPRESENTATION_ITEM('')
SURFACE()
);
#576=(
BOUNDED_SURFACE()
B_SPLINE_SURFACE(2,2,((#12913,#12914,#12915),(#12916,#12917,#12918),(#12919,
#12920,#12921)),.UNSPECIFIED.,.F.,.F.,.F.)
B_SPLINE_SURFACE_WITH_KNOTS((3,3),(3,3),(-1.5707963267949,0.),(1.5707963267949,
3.14159265358979),.UNSPECIFIED.)
GEOMETRIC_REPRESENTATION_ITEM()
RATIONAL_B_SPLINE_SURFACE(((1.,0.707106781186548,1.),(0.707106781186562,
0.50000000000001,0.707106781186562),(1.,0.707106781186548,1.)))
REPRESENTATION_ITEM('')
SURFACE()
);
#577=(
BOUNDED_SURFACE()
B_SPLINE_SURFACE(2,2,((#12949,#12950,#12951),(#12952,#12953,#12954),(#12955,
#12956,#12957)),.UNSPECIFIED.,.F.,.F.,.F.)
B_SPLINE_SURFACE_WITH_KNOTS((3,3),(3,3),(-1.5707963267949,0.),(0.,1.5707963267949),
 .UNSPECIFIED.)
GEOMETRIC_REPRESENTATION_ITEM()
RATIONAL_B_SPLINE_SURFACE(((1.,0.707106781186547,1.),(0.707106781186546,
0.499999999999999,0.707106781186546),(1.,0.707106781186547,1.)))
REPRESENTATION_ITEM('')
SURFACE()
);
#578=(
BOUNDED_SURFACE()
B_SPLINE_SURFACE(2,2,((#12969,#12970,#12971),(#12972,#12973,#12974),(#12975,
#12976,#12977)),.UNSPECIFIED.,.F.,.F.,.F.)
B_SPLINE_SURFACE_WITH_KNOTS((3,3),(3,3),(-1.5707963267949,0.),(-1.5707963267949,
0.),.UNSPECIFIED.)
GEOMETRIC_REPRESENTATION_ITEM()
RATIONAL_B_SPLINE_SURFACE(((1.,0.707106781186548,1.),(0.707106781186562,
0.50000000000001,0.707106781186562),(1.,0.707106781186548,1.)))
REPRESENTATION_ITEM('')
SURFACE()
);
#579=(
BOUNDED_SURFACE()
B_SPLINE_SURFACE(2,2,((#12989,#12990,#12991),(#12992,#12993,#12994),(#12995,
#12996,#12997)),.UNSPECIFIED.,.F.,.F.,.F.)
B_SPLINE_SURFACE_WITH_KNOTS((3,3),(3,3),(-1.5707963267949,0.),(-3.14159265358979,
-1.5707963267949),.UNSPECIFIED.)
GEOMETRIC_REPRESENTATION_ITEM()
RATIONAL_B_SPLINE_SURFACE(((1.,0.707106781186547,1.),(0.707106781186551,
0.500000000000002,0.707106781186551),(1.,0.707106781186547,1.)))
REPRESENTATION_ITEM('')
SURFACE()
);
#580=(
BOUNDED_SURFACE()
B_SPLINE_SURFACE(2,2,((#13009,#13010,#13011),(#13012,#13013,#13014),(#13015,
#13016,#13017)),.UNSPECIFIED.,.F.,.F.,.F.)
B_SPLINE_SURFACE_WITH_KNOTS((3,3),(3,3),(-1.5707963267949,0.),(1.5707963267949,
3.14159265358979),.UNSPECIFIED.)
GEOMETRIC_REPRESENTATION_ITEM()
RATIONAL_B_SPLINE_SURFACE(((1.,0.707106781186548,1.),(0.707106781186551,
0.500000000000002,0.707106781186551),(1.,0.707106781186548,1.)))
REPRESENTATION_ITEM('')
SURFACE()
);
#581=FACE_BOUND('',#1888,.T.);
#582=FACE_BOUND('',#1910,.T.);
#583=FACE_BOUND('',#1919,.T.);
#584=FACE_BOUND('',#1920,.T.);
#585=FACE_BOUND('',#1921,.T.);
#586=FACE_BOUND('',#1947,.T.);
#587=FACE_BOUND('',#1948,.T.);
#588=FACE_BOUND('',#1949,.T.);
#589=FACE_BOUND('',#1950,.T.);
#590=FACE_BOUND('',#1951,.T.);
#591=FACE_BOUND('',#1955,.T.);
#592=FACE_BOUND('',#1959,.T.);
#593=FACE_BOUND('',#2017,.T.);
#594=FACE_BOUND('',#2018,.T.);
#595=FACE_BOUND('',#2019,.T.);
#596=FACE_BOUND('',#2034,.T.);
#597=FACE_BOUND('',#2035,.T.);
#598=FACE_BOUND('',#2077,.T.);
#599=FACE_BOUND('',#2078,.T.);
#600=FACE_BOUND('',#2097,.T.);
#601=FACE_BOUND('',#2119,.T.);
#602=FACE_BOUND('',#2128,.T.);
#603=FACE_BOUND('',#2129,.T.);
#604=FACE_BOUND('',#2130,.T.);
#605=FACE_BOUND('',#2156,.T.);
#606=FACE_BOUND('',#2157,.T.);
#607=FACE_BOUND('',#2158,.T.);
#608=FACE_BOUND('',#2159,.T.);
#609=FACE_BOUND('',#2160,.T.);
#610=FACE_BOUND('',#2164,.T.);
#611=FACE_BOUND('',#2168,.T.);
#612=FACE_BOUND('',#2226,.T.);
#613=FACE_BOUND('',#2227,.T.);
#614=FACE_BOUND('',#2228,.T.);
#615=FACE_BOUND('',#2243,.T.);
#616=FACE_BOUND('',#2244,.T.);
#617=FACE_BOUND('',#2286,.T.);
#618=FACE_BOUND('',#2287,.T.);
#619=LINE('',#8537,#1033);
#620=LINE('',#8555,#1034);
#621=LINE('',#8569,#1035);
#622=LINE('',#8692,#1036);
#623=LINE('',#8714,#1037);
#624=LINE('',#8757,#1038);
#625=LINE('',#8763,#1039);
#626=LINE('',#8810,#1040);
#627=LINE('',#8811,#1041);
#628=LINE('',#8828,#1042);
#629=LINE('',#8830,#1043);
#630=LINE('',#8831,#1044);
#631=LINE('',#8834,#1045);
#632=LINE('',#8838,#1046);
#633=LINE('',#8841,#1047);
#634=LINE('',#8860,#1048);
#635=LINE('',#8861,#1049);
#636=LINE('',#8877,#1050);
#637=LINE('',#8881,#1051);
#638=LINE('',#8884,#1052);
#639=LINE('',#8887,#1053);
#640=LINE('',#8890,#1054);
#641=LINE('',#8893,#1055);
#642=LINE('',#8897,#1056);
#643=LINE('',#8899,#1057);
#644=LINE('',#8901,#1058);
#645=LINE('',#8902,#1059);
#646=LINE('',#8906,#1060);
#647=LINE('',#8908,#1061);
#648=LINE('',#8910,#1062);
#649=LINE('',#8911,#1063);
#650=LINE('',#8913,#1064);
#651=LINE('',#8914,#1065);
#652=LINE('',#8919,#1066);
#653=LINE('',#8922,#1067);
#654=LINE('',#8926,#1068);
#655=LINE('',#8927,#1069);
#656=LINE('',#8929,#1070);
#657=LINE('',#8930,#1071);
#658=LINE('',#8934,#1072);
#659=LINE('',#8936,#1073);
#660=LINE('',#8937,#1074);
#661=LINE('',#8938,#1075);
#662=LINE('',#8949,#1076);
#663=LINE('',#8952,#1077);
#664=LINE('',#8956,#1078);
#665=LINE('',#8960,#1079);
#666=LINE('',#8964,#1080);
#667=LINE('',#8970,#1081);
#668=LINE('',#8974,#1082);
#669=LINE('',#8978,#1083);
#670=LINE('',#8982,#1084);
#671=LINE('',#8987,#1085);
#672=LINE('',#8991,#1086);
#673=LINE('',#8997,#1087);
#674=LINE('',#9002,#1088);
#675=LINE('',#9003,#1089);
#676=LINE('',#9004,#1090);
#677=LINE('',#9008,#1091);
#678=LINE('',#9014,#1092);
#679=LINE('',#9015,#1093);
#680=LINE('',#9016,#1094);
#681=LINE('',#9020,#1095);
#682=LINE('',#9026,#1096);
#683=LINE('',#9027,#1097);
#684=LINE('',#9028,#1098);
#685=LINE('',#9033,#1099);
#686=LINE('',#9038,#1100);
#687=LINE('',#9039,#1101);
#688=LINE('',#9040,#1102);
#689=LINE('',#9045,#1103);
#690=LINE('',#9050,#1104);
#691=LINE('',#9051,#1105);
#692=LINE('',#9052,#1106);
#693=LINE('',#9056,#1107);
#694=LINE('',#9062,#1108);
#695=LINE('',#9063,#1109);
#696=LINE('',#9064,#1110);
#697=LINE('',#9068,#1111);
#698=LINE('',#9074,#1112);
#699=LINE('',#9075,#1113);
#700=LINE('',#9076,#1114);
#701=LINE('',#9082,#1115);
#702=LINE('',#9099,#1116);
#703=LINE('',#9103,#1117);
#704=LINE('',#9104,#1118);
#705=LINE('',#9107,#1119);
#706=LINE('',#9109,#1120);
#707=LINE('',#9111,#1121);
#708=LINE('',#9112,#1122);
#709=LINE('',#9115,#1123);
#710=LINE('',#9119,#1124);
#711=LINE('',#9120,#1125);
#712=LINE('',#9123,#1126);
#713=LINE('',#9127,#1127);
#714=LINE('',#9129,#1128);
#715=LINE('',#9131,#1129);
#716=LINE('',#9132,#1130);
#717=LINE('',#9135,#1131);
#718=LINE('',#9141,#1132);
#719=LINE('',#9145,#1133);
#720=LINE('',#9149,#1134);
#721=LINE('',#9166,#1135);
#722=LINE('',#9170,#1136);
#723=LINE('',#9179,#1137);
#724=LINE('',#9183,#1138);
#725=LINE('',#9201,#1139);
#726=LINE('',#9202,#1140);
#727=LINE('',#9447,#1141);
#728=LINE('',#9461,#1142);
#729=LINE('',#9570,#1143);
#730=LINE('',#9571,#1144);
#731=LINE('',#9745,#1145);
#732=LINE('',#9746,#1146);
#733=LINE('',#9767,#1147);
#734=LINE('',#10389,#1148);
#735=LINE('',#10393,#1149);
#736=LINE('',#10396,#1150);
#737=LINE('',#10400,#1151);
#738=LINE('',#10403,#1152);
#739=LINE('',#10405,#1153);
#740=LINE('',#10407,#1154);
#741=LINE('',#10409,#1155);
#742=LINE('',#10413,#1156);
#743=LINE('',#10417,#1157);
#744=LINE('',#10421,#1158);
#745=LINE('',#10425,#1159);
#746=LINE('',#10427,#1160);
#747=LINE('',#10433,#1161);
#748=LINE('',#10435,#1162);
#749=LINE('',#10441,#1163);
#750=LINE('',#10446,#1164);
#751=LINE('',#10450,#1165);
#752=LINE('',#10456,#1166);
#753=LINE('',#10460,#1167);
#754=LINE('',#10464,#1168);
#755=LINE('',#10468,#1169);
#756=LINE('',#10471,#1170);
#757=LINE('',#10474,#1171);
#758=LINE('',#10477,#1172);
#759=LINE('',#10480,#1173);
#760=LINE('',#10482,#1174);
#761=LINE('',#10483,#1175);
#762=LINE('',#10486,#1176);
#763=LINE('',#10490,#1177);
#764=LINE('',#10494,#1178);
#765=LINE('',#10495,#1179);
#766=LINE('',#10498,#1180);
#767=LINE('',#10499,#1181);
#768=LINE('',#10503,#1182);
#769=LINE('',#10504,#1183);
#770=LINE('',#10506,#1184);
#771=LINE('',#10508,#1185);
#772=LINE('',#10512,#1186);
#773=LINE('',#10516,#1187);
#774=LINE('',#10520,#1188);
#775=LINE('',#10524,#1189);
#776=LINE('',#10526,#1190);
#777=LINE('',#10527,#1191);
#778=LINE('',#10528,#1192);
#779=LINE('',#10530,#1193);
#780=LINE('',#10532,#1194);
#781=LINE('',#10533,#1195);
#782=LINE('',#10535,#1196);
#783=LINE('',#10537,#1197);
#784=LINE('',#10539,#1198);
#785=LINE('',#10541,#1199);
#786=LINE('',#10542,#1200);
#787=LINE('',#10544,#1201);
#788=LINE('',#10547,#1202);
#789=LINE('',#10549,#1203);
#790=LINE('',#10551,#1204);
#791=LINE('',#10555,#1205);
#792=LINE('',#10557,#1206);
#793=LINE('',#10580,#1207);
#794=LINE('',#10581,#1208);
#795=LINE('',#10600,#1209);
#796=LINE('',#10601,#1210);
#797=LINE('',#10620,#1211);
#798=LINE('',#10621,#1212);
#799=LINE('',#10637,#1213);
#800=LINE('',#10638,#1214);
#801=LINE('',#10640,#1215);
#802=LINE('',#10641,#1216);
#803=LINE('',#10643,#1217);
#804=LINE('',#10645,#1218);
#805=LINE('',#10647,#1219);
#806=LINE('',#10654,#1220);
#807=LINE('',#10657,#1221);
#808=LINE('',#10676,#1222);
#809=LINE('',#10677,#1223);
#810=LINE('',#10696,#1224);
#811=LINE('',#10697,#1225);
#812=LINE('',#10716,#1226);
#813=LINE('',#10717,#1227);
#814=LINE('',#10730,#1228);
#815=LINE('',#10731,#1229);
#816=LINE('',#10733,#1230);
#817=LINE('',#10735,#1231);
#818=LINE('',#10737,#1232);
#819=LINE('',#10740,#1233);
#820=LINE('',#10744,#1234);
#821=LINE('',#10746,#1235);
#822=LINE('',#10748,#1236);
#823=LINE('',#10750,#1237);
#824=LINE('',#10752,#1238);
#825=LINE('',#10754,#1239);
#826=LINE('',#10828,#1240);
#827=LINE('',#10846,#1241);
#828=LINE('',#10860,#1242);
#829=LINE('',#10983,#1243);
#830=LINE('',#11005,#1244);
#831=LINE('',#11048,#1245);
#832=LINE('',#11054,#1246);
#833=LINE('',#11101,#1247);
#834=LINE('',#11102,#1248);
#835=LINE('',#11119,#1249);
#836=LINE('',#11121,#1250);
#837=LINE('',#11122,#1251);
#838=LINE('',#11126,#1252);
#839=LINE('',#11129,#1253);
#840=LINE('',#11132,#1254);
#841=LINE('',#11151,#1255);
#842=LINE('',#11152,#1256);
#843=LINE('',#11168,#1257);
#844=LINE('',#11171,#1258);
#845=LINE('',#11175,#1259);
#846=LINE('',#11178,#1260);
#847=LINE('',#11181,#1261);
#848=LINE('',#11184,#1262);
#849=LINE('',#11188,#1263);
#850=LINE('',#11190,#1264);
#851=LINE('',#11192,#1265);
#852=LINE('',#11193,#1266);
#853=LINE('',#11197,#1267);
#854=LINE('',#11199,#1268);
#855=LINE('',#11201,#1269);
#856=LINE('',#11202,#1270);
#857=LINE('',#11204,#1271);
#858=LINE('',#11205,#1272);
#859=LINE('',#11210,#1273);
#860=LINE('',#11213,#1274);
#861=LINE('',#11217,#1275);
#862=LINE('',#11219,#1276);
#863=LINE('',#11220,#1277);
#864=LINE('',#11221,#1278);
#865=LINE('',#11225,#1279);
#866=LINE('',#11226,#1280);
#867=LINE('',#11228,#1281);
#868=LINE('',#11229,#1282);
#869=LINE('',#11240,#1283);
#870=LINE('',#11243,#1284);
#871=LINE('',#11247,#1285);
#872=LINE('',#11251,#1286);
#873=LINE('',#11255,#1287);
#874=LINE('',#11261,#1288);
#875=LINE('',#11265,#1289);
#876=LINE('',#11269,#1290);
#877=LINE('',#11273,#1291);
#878=LINE('',#11278,#1292);
#879=LINE('',#11282,#1293);
#880=LINE('',#11288,#1294);
#881=LINE('',#11293,#1295);
#882=LINE('',#11294,#1296);
#883=LINE('',#11295,#1297);
#884=LINE('',#11299,#1298);
#885=LINE('',#11305,#1299);
#886=LINE('',#11306,#1300);
#887=LINE('',#11307,#1301);
#888=LINE('',#11311,#1302);
#889=LINE('',#11317,#1303);
#890=LINE('',#11318,#1304);
#891=LINE('',#11319,#1305);
#892=LINE('',#11324,#1306);
#893=LINE('',#11329,#1307);
#894=LINE('',#11330,#1308);
#895=LINE('',#11331,#1309);
#896=LINE('',#11336,#1310);
#897=LINE('',#11341,#1311);
#898=LINE('',#11342,#1312);
#899=LINE('',#11343,#1313);
#900=LINE('',#11347,#1314);
#901=LINE('',#11353,#1315);
#902=LINE('',#11354,#1316);
#903=LINE('',#11355,#1317);
#904=LINE('',#11359,#1318);
#905=LINE('',#11365,#1319);
#906=LINE('',#11366,#1320);
#907=LINE('',#11367,#1321);
#908=LINE('',#11373,#1322);
#909=LINE('',#11375,#1323);
#910=LINE('',#11379,#1324);
#911=LINE('',#11395,#1325);
#912=LINE('',#11398,#1326);
#913=LINE('',#11400,#1327);
#914=LINE('',#11402,#1328);
#915=LINE('',#11403,#1329);
#916=LINE('',#11407,#1330);
#917=LINE('',#11410,#1331);
#918=LINE('',#11411,#1332);
#919=LINE('',#11415,#1333);
#920=LINE('',#11418,#1334);
#921=LINE('',#11420,#1335);
#922=LINE('',#11422,#1336);
#923=LINE('',#11423,#1337);
#924=LINE('',#11429,#1338);
#925=LINE('',#11434,#1339);
#926=LINE('',#11438,#1340);
#927=LINE('',#11441,#1341);
#928=LINE('',#11457,#1342);
#929=LINE('',#11461,#1343);
#930=LINE('',#11470,#1344);
#931=LINE('',#11474,#1345);
#932=LINE('',#11492,#1346);
#933=LINE('',#11493,#1347);
#934=LINE('',#11738,#1348);
#935=LINE('',#11752,#1349);
#936=LINE('',#11861,#1350);
#937=LINE('',#11862,#1351);
#938=LINE('',#12054,#1352);
#939=LINE('',#12074,#1353);
#940=LINE('',#12075,#1354);
#941=LINE('',#12680,#1355);
#942=LINE('',#12684,#1356);
#943=LINE('',#12687,#1357);
#944=LINE('',#12691,#1358);
#945=LINE('',#12693,#1359);
#946=LINE('',#12697,#1360);
#947=LINE('',#12698,#1361);
#948=LINE('',#12700,#1362);
#949=LINE('',#12704,#1363);
#950=LINE('',#12708,#1364);
#951=LINE('',#12712,#1365);
#952=LINE('',#12716,#1366);
#953=LINE('',#12718,#1367);
#954=LINE('',#12724,#1368);
#955=LINE('',#12726,#1369);
#956=LINE('',#12732,#1370);
#957=LINE('',#12737,#1371);
#958=LINE('',#12741,#1372);
#959=LINE('',#12747,#1373);
#960=LINE('',#12751,#1374);
#961=LINE('',#12755,#1375);
#962=LINE('',#12759,#1376);
#963=LINE('',#12762,#1377);
#964=LINE('',#12765,#1378);
#965=LINE('',#12768,#1379);
#966=LINE('',#12771,#1380);
#967=LINE('',#12773,#1381);
#968=LINE('',#12774,#1382);
#969=LINE('',#12777,#1383);
#970=LINE('',#12781,#1384);
#971=LINE('',#12785,#1385);
#972=LINE('',#12786,#1386);
#973=LINE('',#12789,#1387);
#974=LINE('',#12790,#1388);
#975=LINE('',#12794,#1389);
#976=LINE('',#12795,#1390);
#977=LINE('',#12797,#1391);
#978=LINE('',#12799,#1392);
#979=LINE('',#12803,#1393);
#980=LINE('',#12807,#1394);
#981=LINE('',#12811,#1395);
#982=LINE('',#12815,#1396);
#983=LINE('',#12817,#1397);
#984=LINE('',#12818,#1398);
#985=LINE('',#12819,#1399);
#986=LINE('',#12821,#1400);
#987=LINE('',#12823,#1401);
#988=LINE('',#12824,#1402);
#989=LINE('',#12826,#1403);
#990=LINE('',#12828,#1404);
#991=LINE('',#12830,#1405);
#992=LINE('',#12832,#1406);
#993=LINE('',#12833,#1407);
#994=LINE('',#12835,#1408);
#995=LINE('',#12838,#1409);
#996=LINE('',#12840,#1410);
#997=LINE('',#12842,#1411);
#998=LINE('',#12846,#1412);
#999=LINE('',#12848,#1413);
#1000=LINE('',#12871,#1414);
#1001=LINE('',#12872,#1415);
#1002=LINE('',#12891,#1416);
#1003=LINE('',#12892,#1417);
#1004=LINE('',#12911,#1418);
#1005=LINE('',#12912,#1419);
#1006=LINE('',#12928,#1420);
#1007=LINE('',#12929,#1421);
#1008=LINE('',#12931,#1422);
#1009=LINE('',#12932,#1423);
#1010=LINE('',#12934,#1424);
#1011=LINE('',#12936,#1425);
#1012=LINE('',#12938,#1426);
#1013=LINE('',#12945,#1427);
#1014=LINE('',#12948,#1428);
#1015=LINE('',#12967,#1429);
#1016=LINE('',#12968,#1430);
#1017=LINE('',#12987,#1431);
#1018=LINE('',#12988,#1432);
#1019=LINE('',#13007,#1433);
#1020=LINE('',#13008,#1434);
#1021=LINE('',#13021,#1435);
#1022=LINE('',#13022,#1436);
#1023=LINE('',#13024,#1437);
#1024=LINE('',#13026,#1438);
#1025=LINE('',#13028,#1439);
#1026=LINE('',#13031,#1440);
#1027=LINE('',#13035,#1441);
#1028=LINE('',#13037,#1442);
#1029=LINE('',#13039,#1443);
#1030=LINE('',#13041,#1444);
#1031=LINE('',#13043,#1445);
#1032=LINE('',#13045,#1446);
#1033=VECTOR('',#6753,10.);
#1034=VECTOR('',#6754,10.);
#1035=VECTOR('',#6755,10.);
#1036=VECTOR('',#6758,10.);
#1037=VECTOR('',#6759,10.);
#1038=VECTOR('',#6760,10.);
#1039=VECTOR('',#6761,10.);
#1040=VECTOR('',#6776,10.);
#1041=VECTOR('',#6777,10.);
#1042=VECTOR('',#6786,10.);
#1043=VECTOR('',#6787,10.);
#1044=VECTOR('',#6788,10.);
#1045=VECTOR('',#6791,10.);
#1046=VECTOR('',#6796,10.);
#1047=VECTOR('',#6799,10.);
#1048=VECTOR('',#6810,10.);
#1049=VECTOR('',#6811,10.);
#1050=VECTOR('',#6820,10.);
#1051=VECTOR('',#6825,10.);
#1052=VECTOR('',#6828,10.);
#1053=VECTOR('',#6831,10.);
#1054=VECTOR('',#6834,10.);
#1055=VECTOR('',#6837,10.);
#1056=VECTOR('',#6840,10.);
#1057=VECTOR('',#6841,10.);
#1058=VECTOR('',#6842,10.);
#1059=VECTOR('',#6843,10.);
#1060=VECTOR('',#6846,10.);
#1061=VECTOR('',#6847,10.);
#1062=VECTOR('',#6848,10.);
#1063=VECTOR('',#6849,10.);
#1064=VECTOR('',#6852,10.);
#1065=VECTOR('',#6853,10.);
#1066=VECTOR('',#6858,10.);
#1067=VECTOR('',#6861,10.);
#1068=VECTOR('',#6864,10.);
#1069=VECTOR('',#6865,10.);
#1070=VECTOR('',#6866,10.);
#1071=VECTOR('',#6867,10.);
#1072=VECTOR('',#6870,10.);
#1073=VECTOR('',#6871,10.);
#1074=VECTOR('',#6872,10.);
#1075=VECTOR('',#6873,10.);
#1076=VECTOR('',#6888,1.9);
#1077=VECTOR('',#6893,1.7);
#1078=VECTOR('',#6896,10.);
#1079=VECTOR('',#6899,10.);
#1080=VECTOR('',#6902,10.);
#1081=VECTOR('',#6907,10.);
#1082=VECTOR('',#6910,10.);
#1083=VECTOR('',#6913,10.);
#1084=VECTOR('',#6916,10.);
#1085=VECTOR('',#6921,10.);
#1086=VECTOR('',#6924,10.);
#1087=VECTOR('',#6931,10.);
#1088=VECTOR('',#6936,10.);
#1089=VECTOR('',#6937,10.);
#1090=VECTOR('',#6938,10.);
#1091=VECTOR('',#6941,10.);
#1092=VECTOR('',#6948,10.);
#1093=VECTOR('',#6949,10.);
#1094=VECTOR('',#6950,10.);
#1095=VECTOR('',#6953,10.);
#1096=VECTOR('',#6960,10.);
#1097=VECTOR('',#6961,10.);
#1098=VECTOR('',#6962,10.);
#1099=VECTOR('',#6967,10.);
#1100=VECTOR('',#6972,10.);
#1101=VECTOR('',#6973,10.);
#1102=VECTOR('',#6974,10.);
#1103=VECTOR('',#6979,10.);
#1104=VECTOR('',#6984,10.);
#1105=VECTOR('',#6985,10.);
#1106=VECTOR('',#6986,10.);
#1107=VECTOR('',#6989,10.);
#1108=VECTOR('',#6996,10.);
#1109=VECTOR('',#6997,10.);
#1110=VECTOR('',#6998,10.);
#1111=VECTOR('',#7001,10.);
#1112=VECTOR('',#7008,10.);
#1113=VECTOR('',#7009,10.);
#1114=VECTOR('',#7010,10.);
#1115=VECTOR('',#7019,10.);
#1116=VECTOR('',#7022,10.);
#1117=VECTOR('',#7025,10.);
#1118=VECTOR('',#7026,10.);
#1119=VECTOR('',#7029,10.);
#1120=VECTOR('',#7030,10.);
#1121=VECTOR('',#7031,10.);
#1122=VECTOR('',#7032,10.);
#1123=VECTOR('',#7035,10.);
#1124=VECTOR('',#7040,10.);
#1125=VECTOR('',#7041,10.);
#1126=VECTOR('',#7044,10.);
#1127=VECTOR('',#7049,10.);
#1128=VECTOR('',#7050,10.);
#1129=VECTOR('',#7051,10.);
#1130=VECTOR('',#7052,10.);
#1131=VECTOR('',#7055,10.);
#1132=VECTOR('',#7062,10.);
#1133=VECTOR('',#7065,10.);
#1134=VECTOR('',#7068,10.);
#1135=VECTOR('',#7087,1.8);
#1136=VECTOR('',#7092,1.7);
#1137=VECTOR('',#7103,1.8);
#1138=VECTOR('',#7108,1.7);
#1139=VECTOR('',#7129,10.);
#1140=VECTOR('',#7130,10.);
#1141=VECTOR('',#7137,10.);
#1142=VECTOR('',#7138,10.);
#1143=VECTOR('',#7161,10.);
#1144=VECTOR('',#7162,10.);
#1145=VECTOR('',#7169,10.);
#1146=VECTOR('',#7170,10.);
#1147=VECTOR('',#7171,10.);
#1148=VECTOR('',#7240,10.);
#1149=VECTOR('',#7245,3.2);
#1150=VECTOR('',#7250,3.);
#1151=VECTOR('',#7257,10.);
#1152=VECTOR('',#7260,10.);
#1153=VECTOR('',#7261,10.);
#1154=VECTOR('',#7264,10.);
#1155=VECTOR('',#7267,1.9);
#1156=VECTOR('',#7272,1.9);
#1157=VECTOR('',#7277,1.7);
#1158=VECTOR('',#7282,1.9);
#1159=VECTOR('',#7287,1.7);
#1160=VECTOR('',#7290,1.9);
#1161=VECTOR('',#7299,10.);
#1162=VECTOR('',#7302,10.);
#1163=VECTOR('',#7309,3.2);
#1164=VECTOR('',#7314,10.);
#1165=VECTOR('',#7317,10.);
#1166=VECTOR('',#7322,10.);
#1167=VECTOR('',#7325,10.);
#1168=VECTOR('',#7328,10.);
#1169=VECTOR('',#7331,10.);
#1170=VECTOR('',#7336,3.);
#1171=VECTOR('',#7339,3.2);
#1172=VECTOR('',#7344,3.);
#1173=VECTOR('',#7347,10.);
#1174=VECTOR('',#7348,10.);
#1175=VECTOR('',#7349,10.);
#1176=VECTOR('',#7352,10.);
#1177=VECTOR('',#7357,10.);
#1178=VECTOR('',#7362,10.);
#1179=VECTOR('',#7363,10.);
#1180=VECTOR('',#7366,10.);
#1181=VECTOR('',#7367,10.);
#1182=VECTOR('',#7374,10.);
#1183=VECTOR('',#7375,10.);
#1184=VECTOR('',#7378,10.);
#1185=VECTOR('',#7381,10.);
#1186=VECTOR('',#7386,1.9);
#1187=VECTOR('',#7389,10.);
#1188=VECTOR('',#7392,10.);
#1189=VECTOR('',#7395,10.);
#1190=VECTOR('',#7398,10.);
#1191=VECTOR('',#7399,10.);
#1192=VECTOR('',#7400,10.);
#1193=VECTOR('',#7403,1.9);
#1194=VECTOR('',#7406,10.);
#1195=VECTOR('',#7407,10.);
#1196=VECTOR('',#7410,10.);
#1197=VECTOR('',#7413,10.);
#1198=VECTOR('',#7416,10.);
#1199=VECTOR('',#7419,10.);
#1200=VECTOR('',#7420,10.);
#1201=VECTOR('',#7423,10.);
#1202=VECTOR('',#7428,10.);
#1203=VECTOR('',#7431,10.);
#1204=VECTOR('',#7434,10.);
#1205=VECTOR('',#7441,10.);
#1206=VECTOR('',#7444,10.);
#1207=VECTOR('',#7459,10.);
#1208=VECTOR('',#7460,10.);
#1209=VECTOR('',#7471,10.);
#1210=VECTOR('',#7472,10.);
#1211=VECTOR('',#7483,10.);
#1212=VECTOR('',#7484,10.);
#1213=VECTOR('',#7493,10.);
#1214=VECTOR('',#7494,10.);
#1215=VECTOR('',#7497,10.);
#1216=VECTOR('',#7498,10.);
#1217=VECTOR('',#7501,10.);
#1218=VECTOR('',#7504,10.);
#1219=VECTOR('',#7507,10.);
#1220=VECTOR('',#7514,10.);
#1221=VECTOR('',#7517,10.);
#1222=VECTOR('',#7528,10.);
#1223=VECTOR('',#7529,10.);
#1224=VECTOR('',#7540,10.);
#1225=VECTOR('',#7541,10.);
#1226=VECTOR('',#7552,10.);
#1227=VECTOR('',#7553,10.);
#1228=VECTOR('',#7560,10.);
#1229=VECTOR('',#7561,10.);
#1230=VECTOR('',#7564,10.);
#1231=VECTOR('',#7567,10.);
#1232=VECTOR('',#7570,10.);
#1233=VECTOR('',#7575,10.);
#1234=VECTOR('',#7582,10.);
#1235=VECTOR('',#7585,10.);
#1236=VECTOR('',#7588,10.);
#1237=VECTOR('',#7591,10.);
#1238=VECTOR('',#7594,10.);
#1239=VECTOR('',#7597,10.);
#1240=VECTOR('',#7610,10.);
#1241=VECTOR('',#7611,10.);
#1242=VECTOR('',#7612,10.);
#1243=VECTOR('',#7615,10.);
#1244=VECTOR('',#7616,10.);
#1245=VECTOR('',#7617,10.);
#1246=VECTOR('',#7618,10.);
#1247=VECTOR('',#7633,10.);
#1248=VECTOR('',#7634,10.);
#1249=VECTOR('',#7643,10.);
#1250=VECTOR('',#7644,10.);
#1251=VECTOR('',#7645,10.);
#1252=VECTOR('',#7650,10.);
#1253=VECTOR('',#7653,10.);
#1254=VECTOR('',#7656,10.);
#1255=VECTOR('',#7667,10.);
#1256=VECTOR('',#7668,10.);
#1257=VECTOR('',#7677,10.);
#1258=VECTOR('',#7680,10.);
#1259=VECTOR('',#7685,10.);
#1260=VECTOR('',#7688,10.);
#1261=VECTOR('',#7691,10.);
#1262=VECTOR('',#7694,10.);
#1263=VECTOR('',#7697,10.);
#1264=VECTOR('',#7698,10.);
#1265=VECTOR('',#7699,10.);
#1266=VECTOR('',#7700,10.);
#1267=VECTOR('',#7703,10.);
#1268=VECTOR('',#7704,10.);
#1269=VECTOR('',#7705,10.);
#1270=VECTOR('',#7706,10.);
#1271=VECTOR('',#7709,10.);
#1272=VECTOR('',#7710,10.);
#1273=VECTOR('',#7715,10.);
#1274=VECTOR('',#7718,10.);
#1275=VECTOR('',#7721,10.);
#1276=VECTOR('',#7722,10.);
#1277=VECTOR('',#7723,10.);
#1278=VECTOR('',#7724,10.);
#1279=VECTOR('',#7727,10.);
#1280=VECTOR('',#7728,10.);
#1281=VECTOR('',#7729,10.);
#1282=VECTOR('',#7730,10.);
#1283=VECTOR('',#7745,1.9);
#1284=VECTOR('',#7750,1.7);
#1285=VECTOR('',#7753,10.);
#1286=VECTOR('',#7756,10.);
#1287=VECTOR('',#7759,10.);
#1288=VECTOR('',#7764,10.);
#1289=VECTOR('',#7767,10.);
#1290=VECTOR('',#7770,10.);
#1291=VECTOR('',#7773,10.);
#1292=VECTOR('',#7778,10.);
#1293=VECTOR('',#7781,10.);
#1294=VECTOR('',#7788,10.);
#1295=VECTOR('',#7793,10.);
#1296=VECTOR('',#7794,10.);
#1297=VECTOR('',#7795,10.);
#1298=VECTOR('',#7798,10.);
#1299=VECTOR('',#7805,10.);
#1300=VECTOR('',#7806,10.);
#1301=VECTOR('',#7807,10.);
#1302=VECTOR('',#7810,10.);
#1303=VECTOR('',#7817,10.);
#1304=VECTOR('',#7818,10.);
#1305=VECTOR('',#7819,10.);
#1306=VECTOR('',#7824,10.);
#1307=VECTOR('',#7829,10.);
#1308=VECTOR('',#7830,10.);
#1309=VECTOR('',#7831,10.);
#1310=VECTOR('',#7836,10.);
#1311=VECTOR('',#7841,10.);
#1312=VECTOR('',#7842,10.);
#1313=VECTOR('',#7843,10.);
#1314=VECTOR('',#7846,10.);
#1315=VECTOR('',#7853,10.);
#1316=VECTOR('',#7854,10.);
#1317=VECTOR('',#7855,10.);
#1318=VECTOR('',#7858,10.);
#1319=VECTOR('',#7865,10.);
#1320=VECTOR('',#7866,10.);
#1321=VECTOR('',#7867,10.);
#1322=VECTOR('',#7876,10.);
#1323=VECTOR('',#7877,10.);
#1324=VECTOR('',#7880,10.);
#1325=VECTOR('',#7883,10.);
#1326=VECTOR('',#7886,10.);
#1327=VECTOR('',#7887,10.);
#1328=VECTOR('',#7888,10.);
#1329=VECTOR('',#7889,10.);
#1330=VECTOR('',#7894,10.);
#1331=VECTOR('',#7897,10.);
#1332=VECTOR('',#7898,10.);
#1333=VECTOR('',#7903,10.);
#1334=VECTOR('',#7906,10.);
#1335=VECTOR('',#7907,10.);
#1336=VECTOR('',#7908,10.);
#1337=VECTOR('',#7909,10.);
#1338=VECTOR('',#7916,10.);
#1339=VECTOR('',#7921,10.);
#1340=VECTOR('',#7924,10.);
#1341=VECTOR('',#7927,10.);
#1342=VECTOR('',#7944,1.8);
#1343=VECTOR('',#7949,1.7);
#1344=VECTOR('',#7960,1.8);
#1345=VECTOR('',#7965,1.7);
#1346=VECTOR('',#7986,10.);
#1347=VECTOR('',#7987,10.);
#1348=VECTOR('',#7994,10.);
#1349=VECTOR('',#7995,10.);
#1350=VECTOR('',#8018,10.);
#1351=VECTOR('',#8019,10.);
#1352=VECTOR('',#8026,10.);
#1353=VECTOR('',#8027,10.);
#1354=VECTOR('',#8028,10.);
#1355=VECTOR('',#8097,10.);
#1356=VECTOR('',#8102,3.2);
#1357=VECTOR('',#8107,3.);
#1358=VECTOR('',#8114,10.);
#1359=VECTOR('',#8117,10.);
#1360=VECTOR('',#8120,10.);
#1361=VECTOR('',#8121,10.);
#1362=VECTOR('',#8124,1.9);
#1363=VECTOR('',#8129,1.9);
#1364=VECTOR('',#8134,1.7);
#1365=VECTOR('',#8139,1.9);
#1366=VECTOR('',#8144,1.7);
#1367=VECTOR('',#8147,1.9);
#1368=VECTOR('',#8156,10.);
#1369=VECTOR('',#8159,10.);
#1370=VECTOR('',#8166,3.2);
#1371=VECTOR('',#8171,10.);
#1372=VECTOR('',#8174,10.);
#1373=VECTOR('',#8179,10.);
#1374=VECTOR('',#8182,10.);
#1375=VECTOR('',#8185,10.);
#1376=VECTOR('',#8188,10.);
#1377=VECTOR('',#8193,3.);
#1378=VECTOR('',#8196,3.2);
#1379=VECTOR('',#8201,3.);
#1380=VECTOR('',#8204,10.);
#1381=VECTOR('',#8205,10.);
#1382=VECTOR('',#8206,10.);
#1383=VECTOR('',#8209,10.);
#1384=VECTOR('',#8214,10.);
#1385=VECTOR('',#8219,10.);
#1386=VECTOR('',#8220,10.);
#1387=VECTOR('',#8223,10.);
#1388=VECTOR('',#8224,10.);
#1389=VECTOR('',#8231,10.);
#1390=VECTOR('',#8232,10.);
#1391=VECTOR('',#8235,10.);
#1392=VECTOR('',#8238,10.);
#1393=VECTOR('',#8243,1.9);
#1394=VECTOR('',#8246,10.);
#1395=VECTOR('',#8249,10.);
#1396=VECTOR('',#8252,10.);
#1397=VECTOR('',#8255,10.);
#1398=VECTOR('',#8256,10.);
#1399=VECTOR('',#8257,10.);
#1400=VECTOR('',#8260,1.9);
#1401=VECTOR('',#8263,10.);
#1402=VECTOR('',#8264,10.);
#1403=VECTOR('',#8267,10.);
#1404=VECTOR('',#8270,10.);
#1405=VECTOR('',#8273,10.);
#1406=VECTOR('',#8276,10.);
#1407=VECTOR('',#8277,10.);
#1408=VECTOR('',#8280,10.);
#1409=VECTOR('',#8285,10.);
#1410=VECTOR('',#8288,10.);
#1411=VECTOR('',#8291,10.);
#1412=VECTOR('',#8298,10.);
#1413=VECTOR('',#8301,10.);
#1414=VECTOR('',#8316,10.);
#1415=VECTOR('',#8317,10.);
#1416=VECTOR('',#8328,10.);
#1417=VECTOR('',#8329,10.);
#1418=VECTOR('',#8340,10.);
#1419=VECTOR('',#8341,10.);
#1420=VECTOR('',#8350,10.);
#1421=VECTOR('',#8351,10.);
#1422=VECTOR('',#8354,10.);
#1423=VECTOR('',#8355,10.);
#1424=VECTOR('',#8358,10.);
#1425=VECTOR('',#8361,10.);
#1426=VECTOR('',#8364,10.);
#1427=VECTOR('',#8371,10.);
#1428=VECTOR('',#8374,10.);
#1429=VECTOR('',#8385,10.);
#1430=VECTOR('',#8386,10.);
#1431=VECTOR('',#8397,10.);
#1432=VECTOR('',#8398,10.);
#1433=VECTOR('',#8409,10.);
#1434=VECTOR('',#8410,10.);
#1435=VECTOR('',#8417,10.);
#1436=VECTOR('',#8418,10.);
#1437=VECTOR('',#8421,10.);
#1438=VECTOR('',#8424,10.);
#1439=VECTOR('',#8427,10.);
#1440=VECTOR('',#8432,10.);
#1441=VECTOR('',#8439,10.);
#1442=VECTOR('',#8442,10.);
#1443=VECTOR('',#8445,10.);
#1444=VECTOR('',#8448,10.);
#1445=VECTOR('',#8451,10.);
#1446=VECTOR('',#8454,10.);
#1447=B_SPLINE_SURFACE_WITH_KNOTS('',3,1,((#8504,#8505),(#8506,#8507),(#8508,
#8509),(#8510,#8511),(#8512,#8513),(#8514,#8515),(#8516,#8517),(#8518,#8519),
(#8520,#8521),(#8522,#8523),(#8524,#8525),(#8526,#8527),(#8528,#8529),(#8530,
#8531),(#8532,#8533),(#8534,#8535)),.UNSPECIFIED.,.F.,.F.,.F.,(4,1,1,1,
1,1,1,1,1,1,1,1,1,4),(2,2),(0.,0.0903137109666068,0.13547056644991,0.158048994191562,
0.180627421933214,0.193243158019859,0.205858894106505,0.231090366279796,
0.244300921141582,0.257511476003368,0.272414555274224,0.287317634545081,
0.302220713815937,0.317123793086793),(-0.03,0.),.UNSPECIFIED.);
#1448=B_SPLINE_SURFACE_WITH_KNOTS('',3,1,((#8556,#8557),(#8558,#8559),(#8560,
#8561),(#8562,#8563)),.UNSPECIFIED.,.F.,.F.,.F.,(4,4),(2,2),(0.,0.138924540914992),
(-0.03,0.),.UNSPECIFIED.);
#1449=B_SPLINE_SURFACE_WITH_KNOTS('',3,1,((#8570,#8571),(#8572,#8573),(#8574,
#8575),(#8576,#8577),(#8578,#8579),(#8580,#8581),(#8582,#8583),(#8584,#8585),
(#8586,#8587),(#8588,#8589),(#8590,#8591)),.UNSPECIFIED.,.F.,.F.,.F.,(4,
1,1,1,1,1,1,1,4),(2,2),(0.,0.027918809062144,0.0427423616453798,0.0575659142286156,
0.090544308763934,0.123522703299253,0.134326218602473,0.145129733905694,
0.166736764512136),(-0.03,0.),.UNSPECIFIED.);
#1450=B_SPLINE_SURFACE_WITH_KNOTS('',3,1,((#8651,#8652),(#8653,#8654),(#8655,
#8656),(#8657,#8658),(#8659,#8660),(#8661,#8662),(#8663,#8664),(#8665,#8666),
(#8667,#8668),(#8669,#8670),(#8671,#8672),(#8673,#8674),(#8675,#8676),(#8677,
#8678),(#8679,#8680),(#8681,#8682),(#8683,#8684),(#8685,#8686),(#8687,#8688),
(#8689,#8690)),.UNSPECIFIED.,.F.,.F.,.F.,(4,1,1,1,1,1,1,1,1,1,1,1,1,1,1,
1,1,4),(2,2),(0.,0.0391189567516585,0.0586784351274878,0.0782379135033171,
0.118139800649277,0.158041687795237,0.237845462087157,0.24989406086438,
0.261942659641603,0.303598197986188,0.345253736330772,0.386909274675357,
0.428564813019941,0.455301994426585,0.468670585129907,0.482039175833229,
0.508776357239873,0.535513538646516),(-0.03,0.),.UNSPECIFIED.);
#1451=B_SPLINE_SURFACE_WITH_KNOTS('',3,1,((#8715,#8716),(#8717,#8718),(#8719,
#8720),(#8721,#8722),(#8723,#8724),(#8725,#8726),(#8727,#8728),(#8729,#8730),
(#8731,#8732),(#8733,#8734),(#8735,#8736)),.UNSPECIFIED.,.F.,.F.,.F.,(4,
1,1,1,1,1,1,1,4),(2,2),(0.,0.0575912416818022,0.0863868625227033,0.115182483363604,
0.130232851716277,0.145283220068949,0.175383956774293,0.205484693479638,
0.235585430184982),(-0.03,0.),.UNSPECIFIED.);
#1452=B_SPLINE_SURFACE_WITH_KNOTS('',3,1,((#8748,#8749),(#8750,#8751),(#8752,
#8753),(#8754,#8755)),.UNSPECIFIED.,.F.,.F.,.F.,(4,4),(2,2),(0.,0.0807653446413956),
(-0.03,0.),.UNSPECIFIED.);
#1453=B_SPLINE_SURFACE_WITH_KNOTS('',3,1,((#8764,#8765),(#8766,#8767),(#8768,
#8769),(#8770,#8771),(#8772,#8773),(#8774,#8775),(#8776,#8777),(#8778,#8779)),
 .UNSPECIFIED.,.F.,.F.,.F.,(4,1,1,1,1,4),(2,2),(0.,0.108225130171372,0.122269051272448,
0.136312972373523,0.164400814575674,0.203870169055127),(-0.03,0.),
 .UNSPECIFIED.);
#1454=B_SPLINE_SURFACE_WITH_KNOTS('',3,3,((#9203,#9204,#9205,#9206,#9207,
#9208,#9209,#9210),(#9211,#9212,#9213,#9214,#9215,#9216,#9217,#9218),(#9219,
#9220,#9221,#9222,#9223,#9224,#9225,#9226),(#9227,#9228,#9229,#9230,#9231,
#9232,#9233,#9234),(#9235,#9236,#9237,#9238,#9239,#9240,#9241,#9242)),
 .UNSPECIFIED.,.F.,.F.,.F.,(4,1,4),(4,2,1,1,4),(0.,0.571428571428571,1.),
(-0.00155631801993224,0.,0.809426138350167,1.07923485113356,1.34904356391694),
 .UNSPECIFIED.);
#1455=B_SPLINE_SURFACE_WITH_KNOTS('',3,3,((#9260,#9261,#9262,#9263),(#9264,
#9265,#9266,#9267),(#9268,#9269,#9270,#9271),(#9272,#9273,#9274,#9275),
(#9276,#9277,#9278,#9279),(#9280,#9281,#9282,#9283)),.UNSPECIFIED.,.F.,
 .F.,.F.,(4,1,1,4),(4,4),(0.,0.285714285714286,0.571428571428571,1.),(-6.66133814775094E-15,
0.18747622092258),.UNSPECIFIED.);
#1456=B_SPLINE_SURFACE_WITH_KNOTS('',3,3,((#9295,#9296,#9297,#9298,#9299,
#9300,#9301,#9302,#9303,#9304),(#9305,#9306,#9307,#9308,#9309,#9310,#9311,
#9312,#9313,#9314),(#9315,#9316,#9317,#9318,#9319,#9320,#9321,#9322,#9323,
#9324),(#9325,#9326,#9327,#9328,#9329,#9330,#9331,#9332,#9333,#9334),(#9335,
#9336,#9337,#9338,#9339,#9340,#9341,#9342,#9343,#9344)),.UNSPECIFIED.,.F.,
 .F.,.F.,(4,1,4),(4,2,1,1,1,1,4),(0.,0.571428571428571,1.),(-0.00119752401827876,
0.,0.184850638590227,0.369701277180455,0.554551915770682,0.739402554360909,
0.924253192951137),.UNSPECIFIED.);
#1457=B_SPLINE_SURFACE_WITH_KNOTS('',3,3,((#9368,#9369,#9370,#9371,#9372,
#9373,#9374,#9375,#9376,#9377,#9378),(#9379,#9380,#9381,#9382,#9383,#9384,
#9385,#9386,#9387,#9388,#9389),(#9390,#9391,#9392,#9393,#9394,#9395,#9396,
#9397,#9398,#9399,#9400),(#9401,#9402,#9403,#9404,#9405,#9406,#9407,#9408,
#9409,#9410,#9411),(#9412,#9413,#9414,#9415,#9416,#9417,#9418,#9419,#9420,
#9421,#9422)),.UNSPECIFIED.,.F.,.F.,.F.,(4,1,4),(4,1,1,1,1,1,1,1,4),(0.,
0.571428571428571,1.),(0.,0.000559224337727573,0.00111844867545515,0.00335534602636544,
0.00782914072818602,0.0111844867545515,0.0134213841054617,0.0145398327809169,
0.015658281456372),.UNSPECIFIED.);
#1458=B_SPLINE_SURFACE_WITH_KNOTS('',3,3,((#9482,#9483,#9484,#9485,#9486,
#9487,#9488,#9489,#9490,#9491,#9492,#9493),(#9494,#9495,#9496,#9497,#9498,
#9499,#9500,#9501,#9502,#9503,#9504,#9505),(#9506,#9507,#9508,#9509,#9510,
#9511,#9512,#9513,#9514,#9515,#9516,#9517),(#9518,#9519,#9520,#9521,#9522,
#9523,#9524,#9525,#9526,#9527,#9528,#9529),(#9530,#9531,#9532,#9533,#9534,
#9535,#9536,#9537,#9538,#9539,#9540,#9541),(#9542,#9543,#9544,#9545,#9546,
#9547,#9548,#9549,#9550,#9551,#9552,#9553)),.UNSPECIFIED.,.F.,.F.,.F.,(4,
1,1,4),(4,1,1,1,1,1,1,2,4),(0.,0.285714285714286,0.571428571428571,1.),
(1.51156952655192E-15,0.26980871278339,0.404713069175084,0.539617425566778,
0.674521781958472,0.809426138350166,1.07923485113355,1.34904356391694,1.35059988193688),
 .UNSPECIFIED.);
#1459=B_SPLINE_SURFACE_WITH_KNOTS('',3,3,((#9572,#9573,#9574,#9575,#9576,
#9577,#9578,#9579),(#9580,#9581,#9582,#9583,#9584,#9585,#9586,#9587),(#9588,
#9589,#9590,#9591,#9592,#9593,#9594,#9595),(#9596,#9597,#9598,#9599,#9600,
#9601,#9602,#9603),(#9604,#9605,#9606,#9607,#9608,#9609,#9610,#9611)),
 .UNSPECIFIED.,.F.,.F.,.F.,(4,1,4),(4,2,1,1,4),(0.,0.571428571428571,1.),
(-1.12320646352205,-1.12200895113942,-0.567457031287912,-0.382606391337409,
-0.197755751386906),.UNSPECIFIED.);
#1460=B_SPLINE_SURFACE_WITH_KNOTS('',3,3,((#9631,#9632,#9633,#9634,#9635,
#9636,#9637,#9638,#9639,#9640,#9641),(#9642,#9643,#9644,#9645,#9646,#9647,
#9648,#9649,#9650,#9651,#9652),(#9653,#9654,#9655,#9656,#9657,#9658,#9659,
#9660,#9661,#9662,#9663),(#9664,#9665,#9666,#9667,#9668,#9669,#9670,#9671,
#9672,#9673,#9674),(#9675,#9676,#9677,#9678,#9679,#9680,#9681,#9682,#9683,
#9684,#9685)),.UNSPECIFIED.,.F.,.F.,.F.,(4,1,4),(4,1,1,1,1,1,1,1,4),(0.,
0.571428571428571,1.),(0.,0.000559224339185571,0.00111844867837114,0.00335534603511343,
0.00782914074859799,0.0111844867837114,0.0134213841404537,0.0145398328188248,
0.015658281497196),.UNSPECIFIED.);
#1461=B_SPLINE_SURFACE_WITH_KNOTS('',3,3,((#9711,#9712,#9713,#9714),(#9715,
#9716,#9717,#9718),(#9719,#9720,#9721,#9722),(#9723,#9724,#9725,#9726),
(#9727,#9728,#9729,#9730),(#9731,#9732,#9733,#9734)),.UNSPECIFIED.,.F.,
 .F.,.F.,(4,1,1,4),(4,4),(0.,0.285714285714286,0.571428571428571,1.),(3.69036359764859,
3.87783981857116),.UNSPECIFIED.);
#1462=B_SPLINE_SURFACE_WITH_KNOTS('',3,3,((#9785,#9786,#9787,#9788,#9789,
#9790,#9791,#9792),(#9793,#9794,#9795,#9796,#9797,#9798,#9799,#9800),(#9801,
#9802,#9803,#9804,#9805,#9806,#9807,#9808),(#9809,#9810,#9811,#9812,#9813,
#9814,#9815,#9816)),.UNSPECIFIED.,.F.,.F.,.F.,(4,4),(4,1,1,1,1,4),(0.,1.),
(0.,0.31917102421485,0.638342048429699,0.797927560537124,0.957513072644549,
1.11709858475197),.UNSPECIFIED.);
#1463=B_SPLINE_SURFACE_WITH_KNOTS('',3,3,((#9829,#9830,#9831,#9832,#9833,
#9834,#9835,#9836,#9837,#9838),(#9839,#9840,#9841,#9842,#9843,#9844,#9845,
#9846,#9847,#9848),(#9849,#9850,#9851,#9852,#9853,#9854,#9855,#9856,#9857,
#9858),(#9859,#9860,#9861,#9862,#9863,#9864,#9865,#9866,#9867,#9868),(#9869,
#9870,#9871,#9872,#9873,#9874,#9875,#9876,#9877,#9878)),.UNSPECIFIED.,.F.,
 .F.,.F.,(4,1,4),(4,2,1,1,1,1,4),(0.,0.571428571428571,1.),(-0.00161719966557105,
0.,0.270197319046973,0.540394638093945,0.810591957140918,1.08078927618789,
1.35098659523486),.UNSPECIFIED.);
#1464=B_SPLINE_SURFACE_WITH_KNOTS('',3,3,((#9908,#9909,#9910,#9911,#9912,
#9913,#9914),(#9915,#9916,#9917,#9918,#9919,#9920,#9921),(#9922,#9923,#9924,
#9925,#9926,#9927,#9928),(#9929,#9930,#9931,#9932,#9933,#9934,#9935),(#9936,
#9937,#9938,#9939,#9940,#9941,#9942),(#9943,#9944,#9945,#9946,#9947,#9948,
#9949)),.UNSPECIFIED.,.F.,.F.,.F.,(4,1,1,4),(4,1,1,1,4),(0.,0.285714285714286,
0.571428571428571,1.),(7.19747198954885,7.36413794878797,7.53080390802709,
7.75302518701257,7.97524646599806),.UNSPECIFIED.);
#1465=B_SPLINE_SURFACE_WITH_KNOTS('',3,3,((#9967,#9968,#9969,#9970,#9971),
(#9972,#9973,#9974,#9975,#9976),(#9977,#9978,#9979,#9980,#9981),(#9982,
#9983,#9984,#9985,#9986)),.UNSPECIFIED.,.F.,.F.,.F.,(4,4),(4,1,4),(0.,1.),
(0.,0.195577381570172,0.456347223663734),.UNSPECIFIED.);
#1466=B_SPLINE_SURFACE_WITH_KNOTS('',3,3,((#10003,#10004,#10005,#10006,
#10007,#10008),(#10009,#10010,#10011,#10012,#10013,#10014),(#10015,#10016,
#10017,#10018,#10019,#10020),(#10021,#10022,#10023,#10024,#10025,#10026)),
 .UNSPECIFIED.,.F.,.F.,.F.,(4,4),(4,2,4),(0.,1.),(-0.00174216029876449,
0.,0.230586277649353),.UNSPECIFIED.);
#1467=B_SPLINE_SURFACE_WITH_KNOTS('',3,3,((#10039,#10040,#10041,#10042),
(#10043,#10044,#10045,#10046),(#10047,#10048,#10049,#10050),(#10051,#10052,
#10053,#10054)),.UNSPECIFIED.,.F.,.F.,.F.,(4,4),(4,4),(0.,1.),(1.80526626393839E-15,
0.308853053420561),.UNSPECIFIED.);
#1468=B_SPLINE_SURFACE_WITH_KNOTS('',3,3,((#10071,#10072,#10073,#10074,
#10075,#10076),(#10077,#10078,#10079,#10080,#10081,#10082),(#10083,#10084,
#10085,#10086,#10087,#10088),(#10089,#10090,#10091,#10092,#10093,#10094)),
 .UNSPECIFIED.,.F.,.F.,.F.,(4,4),(4,2,4),(0.,1.),(-0.00161719966581463,
0.,0.230710935162236),.UNSPECIFIED.);
#1469=B_SPLINE_SURFACE_WITH_KNOTS('',3,3,((#10111,#10112,#10113,#10114,
#10115),(#10116,#10117,#10118,#10119,#10120),(#10121,#10122,#10123,#10124,
#10125),(#10126,#10127,#10128,#10129,#10130)),.UNSPECIFIED.,.F.,.F.,.F.,
(4,4),(4,1,4),(0.,1.),(0.,0.260769842070069,0.45634722362262),
 .UNSPECIFIED.);
#1470=B_SPLINE_SURFACE_WITH_KNOTS('',3,3,((#10144,#10145,#10146,#10147),
(#10148,#10149,#10150,#10151),(#10152,#10153,#10154,#10155),(#10156,#10157,
#10158,#10159)),.UNSPECIFIED.,.F.,.F.,.F.,(4,4),(4,4),(0.,1.),(-4.76792908928334E-15,
0.308839178391459),.UNSPECIFIED.);
#1471=B_SPLINE_SURFACE_WITH_KNOTS('',3,3,((#10176,#10177,#10178,#10179,
#10180,#10181,#10182,#10183,#10184,#10185,#10186,#10187),(#10188,#10189,
#10190,#10191,#10192,#10193,#10194,#10195,#10196,#10197,#10198,#10199),
(#10200,#10201,#10202,#10203,#10204,#10205,#10206,#10207,#10208,#10209,
#10210,#10211),(#10212,#10213,#10214,#10215,#10216,#10217,#10218,#10219,
#10220,#10221,#10222,#10223),(#10224,#10225,#10226,#10227,#10228,#10229,
#10230,#10231,#10232,#10233,#10234,#10235),(#10236,#10237,#10238,#10239,
#10240,#10241,#10242,#10243,#10244,#10245,#10246,#10247)),.UNSPECIFIED.,
 .F.,.F.,.F.,(4,1,1,4),(4,1,1,1,1,1,1,2,4),(0.,0.285714285714286,0.571428571428571,
1.),(0.,0.270197319046863,0.540394638093725,0.810591957140588,0.945690616664019,
1.08078927618745,1.21588793571088,1.35098659523431,1.35260379490028),
 .UNSPECIFIED.);
#1472=B_SPLINE_SURFACE_WITH_KNOTS('',3,3,((#10260,#10261,#10262,#10263,
#10264,#10265,#10266),(#10267,#10268,#10269,#10270,#10271,#10272,#10273),
(#10274,#10275,#10276,#10277,#10278,#10279,#10280),(#10281,#10282,#10283,
#10284,#10285,#10286,#10287),(#10288,#10289,#10290,#10291,#10292,#10293,
#10294),(#10295,#10296,#10297,#10298,#10299,#10300,#10301)),
 .UNSPECIFIED.,.F.,.F.,.F.,(4,1,1,4),(4,1,1,1,4),(0.,0.285714285714286,
0.571428571428571,1.),(1.48127984127729E-14,0.222225799399748,0.333338699099615,
0.555564498499348,0.777790297899082),.UNSPECIFIED.);
#1473=B_SPLINE_SURFACE_WITH_KNOTS('',3,3,((#10313,#10314,#10315,#10316,
#10317,#10318,#10319),(#10320,#10321,#10322,#10323,#10324,#10325,#10326),
(#10327,#10328,#10329,#10330,#10331,#10332,#10333),(#10334,#10335,#10336,
#10337,#10338,#10339,#10340)),.UNSPECIFIED.,.F.,.F.,.F.,(4,4),(4,1,1,1,
4),(0.,1.),(4.26231613943681E-17,0.159561396227532,0.478684188682596,0.79780698113766,
1.11692977359272),.UNSPECIFIED.);
#1474=B_SPLINE_SURFACE_WITH_KNOTS('',3,3,((#10352,#10353,#10354,#10355,
#10356,#10357,#10358),(#10359,#10360,#10361,#10362,#10363,#10364,#10365),
(#10366,#10367,#10368,#10369,#10370,#10371,#10372),(#10373,#10374,#10375,
#10376,#10377,#10378,#10379),(#10380,#10381,#10382,#10383,#10384,#10385,
#10386)),.UNSPECIFIED.,.F.,.F.,.F.,(4,1,4),(4,1,1,1,4),(0.,0.571428571428571,
1.),(-0.998481762084393,-0.713325201838226,-0.143012081345891,0.427301039146444,
0.997614159638779),.UNSPECIFIED.);
#1475=B_SPLINE_SURFACE_WITH_KNOTS('',3,1,((#10795,#10796),(#10797,#10798),
(#10799,#10800),(#10801,#10802),(#10803,#10804),(#10805,#10806),(#10807,
#10808),(#10809,#10810),(#10811,#10812),(#10813,#10814),(#10815,#10816),
(#10817,#10818),(#10819,#10820),(#10821,#10822),(#10823,#10824),(#10825,
#10826)),.UNSPECIFIED.,.F.,.F.,.F.,(4,1,1,1,1,1,1,1,1,1,1,1,1,4),(2,2),
(0.,0.0903135749710048,0.135470362456507,0.158048756199258,0.18062714994201,
0.19324282756427,0.20585850518653,0.23108986043105,0.24430045455278,0.257511048674511,
0.272414173387383,0.287317298100255,0.302220422813128,0.317123547526),(-0.03,
0.),.UNSPECIFIED.);
#1476=B_SPLINE_SURFACE_WITH_KNOTS('',3,1,((#10847,#10848),(#10849,#10850),
(#10851,#10852),(#10853,#10854)),.UNSPECIFIED.,.F.,.F.,.F.,(4,4),(2,2),
(0.,0.138924555223692),(-0.03,0.),.UNSPECIFIED.);
#1477=B_SPLINE_SURFACE_WITH_KNOTS('',3,1,((#10861,#10862),(#10863,#10864),
(#10865,#10866),(#10867,#10868),(#10869,#10870),(#10871,#10872),(#10873,
#10874),(#10875,#10876),(#10877,#10878),(#10879,#10880),(#10881,#10882)),
 .UNSPECIFIED.,.F.,.F.,.F.,(4,1,1,1,1,1,1,1,4),(2,2),(0.,0.0279190235205084,
0.042742509612632,0.0575659957047556,0.0905443947590878,0.12352279381342,
0.134326301160744,0.145129808508068,0.166736823202715),(-0.03,0.),
 .UNSPECIFIED.);
#1478=B_SPLINE_SURFACE_WITH_KNOTS('',3,1,((#10942,#10943),(#10944,#10945),
(#10946,#10947),(#10948,#10949),(#10950,#10951),(#10952,#10953),(#10954,
#10955),(#10956,#10957),(#10958,#10959),(#10960,#10961),(#10962,#10963),
(#10964,#10965),(#10966,#10967),(#10968,#10969),(#10970,#10971),(#10972,
#10973),(#10974,#10975),(#10976,#10977),(#10978,#10979),(#10980,#10981)),
 .UNSPECIFIED.,.F.,.F.,.F.,(4,1,1,1,1,1,1,1,1,1,1,1,1,1,1,1,1,4),(2,2),
(0.,0.0391189774726007,0.058678466208901,0.0782379549452014,0.118139846016202,
0.158041737087203,0.237845519229205,0.249894050102624,0.261942580976043,
0.303598174362768,0.345253767749493,0.386909361136218,0.428564954522944,
0.455302169390814,0.46867077682475,0.482039384258685,0.508776599126556,
0.535513813994426),(-0.03,0.),.UNSPECIFIED.);
#1479=B_SPLINE_SURFACE_WITH_KNOTS('',3,1,((#11006,#11007),(#11008,#11009),
(#11010,#11011),(#11012,#11013),(#11014,#11015),(#11016,#11017),(#11018,
#11019),(#11020,#11021),(#11022,#11023),(#11024,#11025),(#11026,#11027)),
 .UNSPECIFIED.,.F.,.F.,.F.,(4,1,1,1,1,1,1,1,4),(2,2),(0.,0.0575912188473452,
0.0863868282710178,0.11518243769469,0.13023279223417,0.145283146773649,
0.175383855852608,0.205484564931567,0.235585274010526),(-0.03,0.),
 .UNSPECIFIED.);
#1480=B_SPLINE_SURFACE_WITH_KNOTS('',3,1,((#11039,#11040),(#11041,#11042),
(#11043,#11044),(#11045,#11046)),.UNSPECIFIED.,.F.,.F.,.F.,(4,4),(2,2),
(0.,0.0807653568245338),(-0.03,0.),.UNSPECIFIED.);
#1481=B_SPLINE_SURFACE_WITH_KNOTS('',3,1,((#11055,#11056),(#11057,#11058),
(#11059,#11060),(#11061,#11062),(#11063,#11064),(#11065,#11066),(#11067,
#11068),(#11069,#11070)),.UNSPECIFIED.,.F.,.F.,.F.,(4,1,1,1,1,4),(2,2),
(0.,0.10822527056948,0.12226919241992,0.136313114270359,0.164400957971239,
0.203870075005173),(-0.03,0.),.UNSPECIFIED.);
#1482=B_SPLINE_SURFACE_WITH_KNOTS('',3,3,((#11494,#11495,#11496,#11497,
#11498,#11499,#11500,#11501),(#11502,#11503,#11504,#11505,#11506,#11507,
#11508,#11509),(#11510,#11511,#11512,#11513,#11514,#11515,#11516,#11517),
(#11518,#11519,#11520,#11521,#11522,#11523,#11524,#11525),(#11526,#11527,
#11528,#11529,#11530,#11531,#11532,#11533)),.UNSPECIFIED.,.F.,.F.,.F.,(4,
1,4),(4,2,1,1,4),(0.,0.571428571428571,1.),(-0.00155631801993224,0.,0.809426138350167,
1.07923485113356,1.34904356391694),.UNSPECIFIED.);
#1483=B_SPLINE_SURFACE_WITH_KNOTS('',3,3,((#11551,#11552,#11553,#11554),
(#11555,#11556,#11557,#11558),(#11559,#11560,#11561,#11562),(#11563,#11564,
#11565,#11566),(#11567,#11568,#11569,#11570),(#11571,#11572,#11573,#11574)),
 .UNSPECIFIED.,.F.,.F.,.F.,(4,1,1,4),(4,4),(0.,0.285714285714286,0.571428571428571,
1.),(-6.66133814775094E-15,0.18747622092258),.UNSPECIFIED.);
#1484=B_SPLINE_SURFACE_WITH_KNOTS('',3,3,((#11586,#11587,#11588,#11589,
#11590,#11591,#11592,#11593,#11594,#11595),(#11596,#11597,#11598,#11599,
#11600,#11601,#11602,#11603,#11604,#11605),(#11606,#11607,#11608,#11609,
#11610,#11611,#11612,#11613,#11614,#11615),(#11616,#11617,#11618,#11619,
#11620,#11621,#11622,#11623,#11624,#11625),(#11626,#11627,#11628,#11629,
#11630,#11631,#11632,#11633,#11634,#11635)),.UNSPECIFIED.,.F.,.F.,.F.,(4,
1,4),(4,2,1,1,1,1,4),(0.,0.571428571428571,1.),(-0.00119752401827876,0.,
0.184850638590227,0.369701277180455,0.554551915770682,0.739402554360909,
0.924253192951137),.UNSPECIFIED.);
#1485=B_SPLINE_SURFACE_WITH_KNOTS('',3,3,((#11659,#11660,#11661,#11662,
#11663,#11664,#11665,#11666,#11667,#11668,#11669),(#11670,#11671,#11672,
#11673,#11674,#11675,#11676,#11677,#11678,#11679,#11680),(#11681,#11682,
#11683,#11684,#11685,#11686,#11687,#11688,#11689,#11690,#11691),(#11692,
#11693,#11694,#11695,#11696,#11697,#11698,#11699,#11700,#11701,#11702),
(#11703,#11704,#11705,#11706,#11707,#11708,#11709,#11710,#11711,#11712,
#11713)),.UNSPECIFIED.,.F.,.F.,.F.,(4,1,4),(4,1,1,1,1,1,1,1,4),(0.,0.571428571428571,
1.),(0.,0.000559224337727573,0.00111844867545515,0.00335534602636544,0.00782914072818602,
0.0111844867545515,0.0134213841054617,0.0145398327809169,0.015658281456372),
 .UNSPECIFIED.);
#1486=B_SPLINE_SURFACE_WITH_KNOTS('',3,3,((#11773,#11774,#11775,#11776,
#11777,#11778,#11779,#11780,#11781,#11782,#11783,#11784),(#11785,#11786,
#11787,#11788,#11789,#11790,#11791,#11792,#11793,#11794,#11795,#11796),
(#11797,#11798,#11799,#11800,#11801,#11802,#11803,#11804,#11805,#11806,
#11807,#11808),(#11809,#11810,#11811,#11812,#11813,#11814,#11815,#11816,
#11817,#11818,#11819,#11820),(#11821,#11822,#11823,#11824,#11825,#11826,
#11827,#11828,#11829,#11830,#11831,#11832),(#11833,#11834,#11835,#11836,
#11837,#11838,#11839,#11840,#11841,#11842,#11843,#11844)),.UNSPECIFIED.,
 .F.,.F.,.F.,(4,1,1,4),(4,1,1,1,1,1,1,2,4),(0.,0.285714285714286,0.571428571428571,
1.),(1.51156952655192E-15,0.26980871278339,0.404713069175084,0.539617425566778,
0.674521781958472,0.809426138350166,1.07923485113355,1.34904356391694,1.35059988193688),
 .UNSPECIFIED.);
#1487=B_SPLINE_SURFACE_WITH_KNOTS('',3,3,((#11863,#11864,#11865,#11866,
#11867,#11868,#11869,#11870),(#11871,#11872,#11873,#11874,#11875,#11876,
#11877,#11878),(#11879,#11880,#11881,#11882,#11883,#11884,#11885,#11886),
(#11887,#11888,#11889,#11890,#11891,#11892,#11893,#11894),(#11895,#11896,
#11897,#11898,#11899,#11900,#11901,#11902)),.UNSPECIFIED.,.F.,.F.,.F.,(4,
1,4),(4,2,1,1,4),(0.,0.571428571428571,1.),(-1.12320646352205,-1.12200895113942,
-0.567457031287912,-0.382606391337409,-0.197755751386906),.UNSPECIFIED.);
#1488=B_SPLINE_SURFACE_WITH_KNOTS('',3,3,((#11922,#11923,#11924,#11925,
#11926,#11927,#11928,#11929,#11930,#11931,#11932),(#11933,#11934,#11935,
#11936,#11937,#11938,#11939,#11940,#11941,#11942,#11943),(#11944,#11945,
#11946,#11947,#11948,#11949,#11950,#11951,#11952,#11953,#11954),(#11955,
#11956,#11957,#11958,#11959,#11960,#11961,#11962,#11963,#11964,#11965),
(#11966,#11967,#11968,#11969,#11970,#11971,#11972,#11973,#11974,#11975,
#11976)),.UNSPECIFIED.,.F.,.F.,.F.,(4,1,4),(4,1,1,1,1,1,1,1,4),(0.,0.571428571428571,
1.),(0.,0.000559224339185571,0.00111844867837114,0.00335534603511343,0.00782914074859799,
0.0111844867837114,0.0134213841404537,0.0145398328188248,0.015658281497196),
 .UNSPECIFIED.);
#1489=B_SPLINE_SURFACE_WITH_KNOTS('',3,3,((#12002,#12003,#12004,#12005),
(#12006,#12007,#12008,#12009),(#12010,#12011,#12012,#12013),(#12014,#12015,
#12016,#12017),(#12018,#12019,#12020,#12021),(#12022,#12023,#12024,#12025)),
 .UNSPECIFIED.,.F.,.F.,.F.,(4,1,1,4),(4,4),(0.,0.285714285714286,0.571428571428571,
1.),(3.69036359764859,3.87783981857116),.UNSPECIFIED.);
#1490=B_SPLINE_SURFACE_WITH_KNOTS('',3,3,((#12076,#12077,#12078,#12079,
#12080,#12081,#12082,#12083),(#12084,#12085,#12086,#12087,#12088,#12089,
#12090,#12091),(#12092,#12093,#12094,#12095,#12096,#12097,#12098,#12099),
(#12100,#12101,#12102,#12103,#12104,#12105,#12106,#12107)),
 .UNSPECIFIED.,.F.,.F.,.F.,(4,4),(4,1,1,1,1,4),(0.,1.),(0.,0.31917102421485,
0.638342048429699,0.797927560537124,0.957513072644549,1.11709858475197),
 .UNSPECIFIED.);
#1491=B_SPLINE_SURFACE_WITH_KNOTS('',3,3,((#12120,#12121,#12122,#12123,
#12124,#12125,#12126,#12127,#12128,#12129),(#12130,#12131,#12132,#12133,
#12134,#12135,#12136,#12137,#12138,#12139),(#12140,#12141,#12142,#12143,
#12144,#12145,#12146,#12147,#12148,#12149),(#12150,#12151,#12152,#12153,
#12154,#12155,#12156,#12157,#12158,#12159),(#12160,#12161,#12162,#12163,
#12164,#12165,#12166,#12167,#12168,#12169)),.UNSPECIFIED.,.F.,.F.,.F.,(4,
1,4),(4,2,1,1,1,1,4),(0.,0.571428571428571,1.),(-0.00161719966557105,0.,
0.270197319046973,0.540394638093945,0.810591957140918,1.08078927618789,
1.35098659523486),.UNSPECIFIED.);
#1492=B_SPLINE_SURFACE_WITH_KNOTS('',3,3,((#12199,#12200,#12201,#12202,
#12203,#12204,#12205),(#12206,#12207,#12208,#12209,#12210,#12211,#12212),
(#12213,#12214,#12215,#12216,#12217,#12218,#12219),(#12220,#12221,#12222,
#12223,#12224,#12225,#12226),(#12227,#12228,#12229,#12230,#12231,#12232,
#12233),(#12234,#12235,#12236,#12237,#12238,#12239,#12240)),
 .UNSPECIFIED.,.F.,.F.,.F.,(4,1,1,4),(4,1,1,1,4),(0.,0.285714285714286,
0.571428571428571,1.),(7.19747198954885,7.36413794878797,7.53080390802709,
7.75302518701257,7.97524646599806),.UNSPECIFIED.);
#1493=B_SPLINE_SURFACE_WITH_KNOTS('',3,3,((#12258,#12259,#12260,#12261,
#12262),(#12263,#12264,#12265,#12266,#12267),(#12268,#12269,#12270,#12271,
#12272),(#12273,#12274,#12275,#12276,#12277)),.UNSPECIFIED.,.F.,.F.,.F.,
(4,4),(4,1,4),(0.,1.),(0.,0.195577381570172,0.456347223663734),
 .UNSPECIFIED.);
#1494=B_SPLINE_SURFACE_WITH_KNOTS('',3,3,((#12294,#12295,#12296,#12297,
#12298,#12299),(#12300,#12301,#12302,#12303,#12304,#12305),(#12306,#12307,
#12308,#12309,#12310,#12311),(#12312,#12313,#12314,#12315,#12316,#12317)),
 .UNSPECIFIED.,.F.,.F.,.F.,(4,4),(4,2,4),(0.,1.),(-0.00174216029876449,
0.,0.230586277649353),.UNSPECIFIED.);
#1495=B_SPLINE_SURFACE_WITH_KNOTS('',3,3,((#12330,#12331,#12332,#12333),
(#12334,#12335,#12336,#12337),(#12338,#12339,#12340,#12341),(#12342,#12343,
#12344,#12345)),.UNSPECIFIED.,.F.,.F.,.F.,(4,4),(4,4),(0.,1.),(1.80526626393839E-15,
0.308853053420561),.UNSPECIFIED.);
#1496=B_SPLINE_SURFACE_WITH_KNOTS('',3,3,((#12362,#12363,#12364,#12365,
#12366,#12367),(#12368,#12369,#12370,#12371,#12372,#12373),(#12374,#12375,
#12376,#12377,#12378,#12379),(#12380,#12381,#12382,#12383,#12384,#12385)),
 .UNSPECIFIED.,.F.,.F.,.F.,(4,4),(4,2,4),(0.,1.),(-0.00161719966581463,
0.,0.230710935162236),.UNSPECIFIED.);
#1497=B_SPLINE_SURFACE_WITH_KNOTS('',3,3,((#12402,#12403,#12404,#12405,
#12406),(#12407,#12408,#12409,#12410,#12411),(#12412,#12413,#12414,#12415,
#12416),(#12417,#12418,#12419,#12420,#12421)),.UNSPECIFIED.,.F.,.F.,.F.,
(4,4),(4,1,4),(0.,1.),(0.,0.260769842070069,0.45634722362262),
 .UNSPECIFIED.);
#1498=B_SPLINE_SURFACE_WITH_KNOTS('',3,3,((#12435,#12436,#12437,#12438),
(#12439,#12440,#12441,#12442),(#12443,#12444,#12445,#12446),(#12447,#12448,
#12449,#12450)),.UNSPECIFIED.,.F.,.F.,.F.,(4,4),(4,4),(0.,1.),(-4.76792908928334E-15,
0.308839178391459),.UNSPECIFIED.);
#1499=B_SPLINE_SURFACE_WITH_KNOTS('',3,3,((#12467,#12468,#12469,#12470,
#12471,#12472,#12473,#12474,#12475,#12476,#12477,#12478),(#12479,#12480,
#12481,#12482,#12483,#12484,#12485,#12486,#12487,#12488,#12489,#12490),
(#12491,#12492,#12493,#12494,#12495,#12496,#12497,#12498,#12499,#12500,
#12501,#12502),(#12503,#12504,#12505,#12506,#12507,#12508,#12509,#12510,
#12511,#12512,#12513,#12514),(#12515,#12516,#12517,#12518,#12519,#12520,
#12521,#12522,#12523,#12524,#12525,#12526),(#12527,#12528,#12529,#12530,
#12531,#12532,#12533,#12534,#12535,#12536,#12537,#12538)),.UNSPECIFIED.,
 .F.,.F.,.F.,(4,1,1,4),(4,1,1,1,1,1,1,2,4),(0.,0.285714285714286,0.571428571428571,
1.),(0.,0.270197319046863,0.540394638093725,0.810591957140588,0.945690616664019,
1.08078927618745,1.21588793571088,1.35098659523431,1.35260379490028),
 .UNSPECIFIED.);
#1500=B_SPLINE_SURFACE_WITH_KNOTS('',3,3,((#12551,#12552,#12553,#12554,
#12555,#12556,#12557),(#12558,#12559,#12560,#12561,#12562,#12563,#12564),
(#12565,#12566,#12567,#12568,#12569,#12570,#12571),(#12572,#12573,#12574,
#12575,#12576,#12577,#12578),(#12579,#12580,#12581,#12582,#12583,#12584,
#12585),(#12586,#12587,#12588,#12589,#12590,#12591,#12592)),
 .UNSPECIFIED.,.F.,.F.,.F.,(4,1,1,4),(4,1,1,1,4),(0.,0.285714285714286,
0.571428571428571,1.),(1.48127984127729E-14,0.222225799399748,0.333338699099615,
0.555564498499348,0.777790297899082),.UNSPECIFIED.);
#1501=B_SPLINE_SURFACE_WITH_KNOTS('',3,3,((#12604,#12605,#12606,#12607,
#12608,#12609,#12610),(#12611,#12612,#12613,#12614,#12615,#12616,#12617),
(#12618,#12619,#12620,#12621,#12622,#12623,#12624),(#12625,#12626,#12627,
#12628,#12629,#12630,#12631)),.UNSPECIFIED.,.F.,.F.,.F.,(4,4),(4,1,1,1,
4),(0.,1.),(4.26231613943681E-17,0.159561396227532,0.478684188682596,0.79780698113766,
1.11692977359272),.UNSPECIFIED.);
#1502=B_SPLINE_SURFACE_WITH_KNOTS('',3,3,((#12643,#12644,#12645,#12646,
#12647,#12648,#12649),(#12650,#12651,#12652,#12653,#12654,#12655,#12656),
(#12657,#12658,#12659,#12660,#12661,#12662,#12663),(#12664,#12665,#12666,
#12667,#12668,#12669,#12670),(#12671,#12672,#12673,#12674,#12675,#12676,
#12677)),.UNSPECIFIED.,.F.,.F.,.F.,(4,1,4),(4,1,1,1,4),(0.,0.571428571428571,
1.),(-0.998481762084393,-0.713325201838226,-0.143012081345891,0.427301039146444,
0.997614159638779),.UNSPECIFIED.);
#1503=FACE_OUTER_BOUND('',#1883,.T.);
#1504=FACE_OUTER_BOUND('',#1884,.T.);
#1505=FACE_OUTER_BOUND('',#1885,.T.);
#1506=FACE_OUTER_BOUND('',#1886,.T.);
#1507=FACE_OUTER_BOUND('',#1887,.T.);
#1508=FACE_OUTER_BOUND('',#1889,.T.);
#1509=FACE_OUTER_BOUND('',#1890,.T.);
#1510=FACE_OUTER_BOUND('',#1891,.T.);
#1511=FACE_OUTER_BOUND('',#1892,.T.);
#1512=FACE_OUTER_BOUND('',#1893,.T.);
#1513=FACE_OUTER_BOUND('',#1894,.T.);
#1514=FACE_OUTER_BOUND('',#1895,.T.);
#1515=FACE_OUTER_BOUND('',#1896,.T.);
#1516=FACE_OUTER_BOUND('',#1897,.T.);
#1517=FACE_OUTER_BOUND('',#1898,.T.);
#1518=FACE_OUTER_BOUND('',#1899,.T.);
#1519=FACE_OUTER_BOUND('',#1900,.T.);
#1520=FACE_OUTER_BOUND('',#1901,.T.);
#1521=FACE_OUTER_BOUND('',#1902,.T.);
#1522=FACE_OUTER_BOUND('',#1903,.T.);
#1523=FACE_OUTER_BOUND('',#1904,.T.);
#1524=FACE_OUTER_BOUND('',#1905,.T.);
#1525=FACE_OUTER_BOUND('',#1906,.T.);
#1526=FACE_OUTER_BOUND('',#1907,.T.);
#1527=FACE_OUTER_BOUND('',#1908,.T.);
#1528=FACE_OUTER_BOUND('',#1909,.T.);
#1529=FACE_OUTER_BOUND('',#1911,.T.);
#1530=FACE_OUTER_BOUND('',#1912,.T.);
#1531=FACE_OUTER_BOUND('',#1913,.T.);
#1532=FACE_OUTER_BOUND('',#1914,.T.);
#1533=FACE_OUTER_BOUND('',#1915,.T.);
#1534=FACE_OUTER_BOUND('',#1916,.T.);
#1535=FACE_OUTER_BOUND('',#1917,.T.);
#1536=FACE_OUTER_BOUND('',#1918,.T.);
#1537=FACE_OUTER_BOUND('',#1922,.T.);
#1538=FACE_OUTER_BOUND('',#1923,.T.);
#1539=FACE_OUTER_BOUND('',#1924,.T.);
#1540=FACE_OUTER_BOUND('',#1925,.T.);
#1541=FACE_OUTER_BOUND('',#1926,.T.);
#1542=FACE_OUTER_BOUND('',#1927,.T.);
#1543=FACE_OUTER_BOUND('',#1928,.T.);
#1544=FACE_OUTER_BOUND('',#1929,.T.);
#1545=FACE_OUTER_BOUND('',#1930,.T.);
#1546=FACE_OUTER_BOUND('',#1931,.T.);
#1547=FACE_OUTER_BOUND('',#1932,.T.);
#1548=FACE_OUTER_BOUND('',#1933,.T.);
#1549=FACE_OUTER_BOUND('',#1934,.T.);
#1550=FACE_OUTER_BOUND('',#1935,.T.);
#1551=FACE_OUTER_BOUND('',#1936,.T.);
#1552=FACE_OUTER_BOUND('',#1937,.T.);
#1553=FACE_OUTER_BOUND('',#1938,.T.);
#1554=FACE_OUTER_BOUND('',#1939,.T.);
#1555=FACE_OUTER_BOUND('',#1940,.T.);
#1556=FACE_OUTER_BOUND('',#1941,.T.);
#1557=FACE_OUTER_BOUND('',#1942,.T.);
#1558=FACE_OUTER_BOUND('',#1943,.T.);
#1559=FACE_OUTER_BOUND('',#1944,.T.);
#1560=FACE_OUTER_BOUND('',#1945,.T.);
#1561=FACE_OUTER_BOUND('',#1946,.T.);
#1562=FACE_OUTER_BOUND('',#1952,.T.);
#1563=FACE_OUTER_BOUND('',#1953,.T.);
#1564=FACE_OUTER_BOUND('',#1954,.T.);
#1565=FACE_OUTER_BOUND('',#1956,.T.);
#1566=FACE_OUTER_BOUND('',#1957,.T.);
#1567=FACE_OUTER_BOUND('',#1958,.T.);
#1568=FACE_OUTER_BOUND('',#1960,.T.);
#1569=FACE_OUTER_BOUND('',#1961,.T.);
#1570=FACE_OUTER_BOUND('',#1962,.T.);
#1571=FACE_OUTER_BOUND('',#1963,.T.);
#1572=FACE_OUTER_BOUND('',#1964,.T.);
#1573=FACE_OUTER_BOUND('',#1965,.T.);
#1574=FACE_OUTER_BOUND('',#1966,.T.);
#1575=FACE_OUTER_BOUND('',#1967,.T.);
#1576=FACE_OUTER_BOUND('',#1968,.T.);
#1577=FACE_OUTER_BOUND('',#1969,.T.);
#1578=FACE_OUTER_BOUND('',#1970,.T.);
#1579=FACE_OUTER_BOUND('',#1971,.T.);
#1580=FACE_OUTER_BOUND('',#1972,.T.);
#1581=FACE_OUTER_BOUND('',#1973,.T.);
#1582=FACE_OUTER_BOUND('',#1974,.T.);
#1583=FACE_OUTER_BOUND('',#1975,.T.);
#1584=FACE_OUTER_BOUND('',#1976,.T.);
#1585=FACE_OUTER_BOUND('',#1977,.T.);
#1586=FACE_OUTER_BOUND('',#1978,.T.);
#1587=FACE_OUTER_BOUND('',#1979,.T.);
#1588=FACE_OUTER_BOUND('',#1980,.T.);
#1589=FACE_OUTER_BOUND('',#1981,.T.);
#1590=FACE_OUTER_BOUND('',#1982,.T.);
#1591=FACE_OUTER_BOUND('',#1983,.T.);
#1592=FACE_OUTER_BOUND('',#1984,.T.);
#1593=FACE_OUTER_BOUND('',#1985,.T.);
#1594=FACE_OUTER_BOUND('',#1986,.T.);
#1595=FACE_OUTER_BOUND('',#1987,.T.);
#1596=FACE_OUTER_BOUND('',#1988,.T.);
#1597=FACE_OUTER_BOUND('',#1989,.T.);
#1598=FACE_OUTER_BOUND('',#1990,.T.);
#1599=FACE_OUTER_BOUND('',#1991,.T.);
#1600=FACE_OUTER_BOUND('',#1992,.T.);
#1601=FACE_OUTER_BOUND('',#1993,.T.);
#1602=FACE_OUTER_BOUND('',#1994,.T.);
#1603=FACE_OUTER_BOUND('',#1995,.T.);
#1604=FACE_OUTER_BOUND('',#1996,.T.);
#1605=FACE_OUTER_BOUND('',#1997,.T.);
#1606=FACE_OUTER_BOUND('',#1998,.T.);
#1607=FACE_OUTER_BOUND('',#1999,.T.);
#1608=FACE_OUTER_BOUND('',#2000,.T.);
#1609=FACE_OUTER_BOUND('',#2001,.T.);
#1610=FACE_OUTER_BOUND('',#2002,.T.);
#1611=FACE_OUTER_BOUND('',#2003,.T.);
#1612=FACE_OUTER_BOUND('',#2004,.T.);
#1613=FACE_OUTER_BOUND('',#2005,.T.);
#1614=FACE_OUTER_BOUND('',#2006,.T.);
#1615=FACE_OUTER_BOUND('',#2007,.T.);
#1616=FACE_OUTER_BOUND('',#2008,.T.);
#1617=FACE_OUTER_BOUND('',#2009,.T.);
#1618=FACE_OUTER_BOUND('',#2010,.T.);
#1619=FACE_OUTER_BOUND('',#2011,.T.);
#1620=FACE_OUTER_BOUND('',#2012,.T.);
#1621=FACE_OUTER_BOUND('',#2013,.T.);
#1622=FACE_OUTER_BOUND('',#2014,.T.);
#1623=FACE_OUTER_BOUND('',#2015,.T.);
#1624=FACE_OUTER_BOUND('',#2016,.T.);
#1625=FACE_OUTER_BOUND('',#2020,.T.);
#1626=FACE_OUTER_BOUND('',#2021,.T.);
#1627=FACE_OUTER_BOUND('',#2022,.T.);
#1628=FACE_OUTER_BOUND('',#2023,.T.);
#1629=FACE_OUTER_BOUND('',#2024,.T.);
#1630=FACE_OUTER_BOUND('',#2025,.T.);
#1631=FACE_OUTER_BOUND('',#2026,.T.);
#1632=FACE_OUTER_BOUND('',#2027,.T.);
#1633=FACE_OUTER_BOUND('',#2028,.T.);
#1634=FACE_OUTER_BOUND('',#2029,.T.);
#1635=FACE_OUTER_BOUND('',#2030,.T.);
#1636=FACE_OUTER_BOUND('',#2031,.T.);
#1637=FACE_OUTER_BOUND('',#2032,.T.);
#1638=FACE_OUTER_BOUND('',#2033,.T.);
#1639=FACE_OUTER_BOUND('',#2036,.T.);
#1640=FACE_OUTER_BOUND('',#2037,.T.);
#1641=FACE_OUTER_BOUND('',#2038,.T.);
#1642=FACE_OUTER_BOUND('',#2039,.T.);
#1643=FACE_OUTER_BOUND('',#2040,.T.);
#1644=FACE_OUTER_BOUND('',#2041,.T.);
#1645=FACE_OUTER_BOUND('',#2042,.T.);
#1646=FACE_OUTER_BOUND('',#2043,.T.);
#1647=FACE_OUTER_BOUND('',#2044,.T.);
#1648=FACE_OUTER_BOUND('',#2045,.T.);
#1649=FACE_OUTER_BOUND('',#2046,.T.);
#1650=FACE_OUTER_BOUND('',#2047,.T.);
#1651=FACE_OUTER_BOUND('',#2048,.T.);
#1652=FACE_OUTER_BOUND('',#2049,.T.);
#1653=FACE_OUTER_BOUND('',#2050,.T.);
#1654=FACE_OUTER_BOUND('',#2051,.T.);
#1655=FACE_OUTER_BOUND('',#2052,.T.);
#1656=FACE_OUTER_BOUND('',#2053,.T.);
#1657=FACE_OUTER_BOUND('',#2054,.T.);
#1658=FACE_OUTER_BOUND('',#2055,.T.);
#1659=FACE_OUTER_BOUND('',#2056,.T.);
#1660=FACE_OUTER_BOUND('',#2057,.T.);
#1661=FACE_OUTER_BOUND('',#2058,.T.);
#1662=FACE_OUTER_BOUND('',#2059,.T.);
#1663=FACE_OUTER_BOUND('',#2060,.T.);
#1664=FACE_OUTER_BOUND('',#2061,.T.);
#1665=FACE_OUTER_BOUND('',#2062,.T.);
#1666=FACE_OUTER_BOUND('',#2063,.T.);
#1667=FACE_OUTER_BOUND('',#2064,.T.);
#1668=FACE_OUTER_BOUND('',#2065,.T.);
#1669=FACE_OUTER_BOUND('',#2066,.T.);
#1670=FACE_OUTER_BOUND('',#2067,.T.);
#1671=FACE_OUTER_BOUND('',#2068,.T.);
#1672=FACE_OUTER_BOUND('',#2069,.T.);
#1673=FACE_OUTER_BOUND('',#2070,.T.);
#1674=FACE_OUTER_BOUND('',#2071,.T.);
#1675=FACE_OUTER_BOUND('',#2072,.T.);
#1676=FACE_OUTER_BOUND('',#2073,.T.);
#1677=FACE_OUTER_BOUND('',#2074,.T.);
#1678=FACE_OUTER_BOUND('',#2075,.T.);
#1679=FACE_OUTER_BOUND('',#2076,.T.);
#1680=FACE_OUTER_BOUND('',#2079,.T.);
#1681=FACE_OUTER_BOUND('',#2080,.T.);
#1682=FACE_OUTER_BOUND('',#2081,.T.);
#1683=FACE_OUTER_BOUND('',#2082,.T.);
#1684=FACE_OUTER_BOUND('',#2083,.T.);
#1685=FACE_OUTER_BOUND('',#2084,.T.);
#1686=FACE_OUTER_BOUND('',#2085,.T.);
#1687=FACE_OUTER_BOUND('',#2086,.T.);
#1688=FACE_OUTER_BOUND('',#2087,.T.);
#1689=FACE_OUTER_BOUND('',#2088,.T.);
#1690=FACE_OUTER_BOUND('',#2089,.T.);
#1691=FACE_OUTER_BOUND('',#2090,.T.);
#1692=FACE_OUTER_BOUND('',#2091,.T.);
#1693=FACE_OUTER_BOUND('',#2092,.T.);
#1694=FACE_OUTER_BOUND('',#2093,.T.);
#1695=FACE_OUTER_BOUND('',#2094,.T.);
#1696=FACE_OUTER_BOUND('',#2095,.T.);
#1697=FACE_OUTER_BOUND('',#2096,.T.);
#1698=FACE_OUTER_BOUND('',#2098,.T.);
#1699=FACE_OUTER_BOUND('',#2099,.T.);
#1700=FACE_OUTER_BOUND('',#2100,.T.);
#1701=FACE_OUTER_BOUND('',#2101,.T.);
#1702=FACE_OUTER_BOUND('',#2102,.T.);
#1703=FACE_OUTER_BOUND('',#2103,.T.);
#1704=FACE_OUTER_BOUND('',#2104,.T.);
#1705=FACE_OUTER_BOUND('',#2105,.T.);
#1706=FACE_OUTER_BOUND('',#2106,.T.);
#1707=FACE_OUTER_BOUND('',#2107,.T.);
#1708=FACE_OUTER_BOUND('',#2108,.T.);
#1709=FACE_OUTER_BOUND('',#2109,.T.);
#1710=FACE_OUTER_BOUND('',#2110,.T.);
#1711=FACE_OUTER_BOUND('',#2111,.T.);
#1712=FACE_OUTER_BOUND('',#2112,.T.);
#1713=FACE_OUTER_BOUND('',#2113,.T.);
#1714=FACE_OUTER_BOUND('',#2114,.T.);
#1715=FACE_OUTER_BOUND('',#2115,.T.);
#1716=FACE_OUTER_BOUND('',#2116,.T.);
#1717=FACE_OUTER_BOUND('',#2117,.T.);
#1718=FACE_OUTER_BOUND('',#2118,.T.);
#1719=FACE_OUTER_BOUND('',#2120,.T.);
#1720=FACE_OUTER_BOUND('',#2121,.T.);
#1721=FACE_OUTER_BOUND('',#2122,.T.);
#1722=FACE_OUTER_BOUND('',#2123,.T.);
#1723=FACE_OUTER_BOUND('',#2124,.T.);
#1724=FACE_OUTER_BOUND('',#2125,.T.);
#1725=FACE_OUTER_BOUND('',#2126,.T.);
#1726=FACE_OUTER_BOUND('',#2127,.T.);
#1727=FACE_OUTER_BOUND('',#2131,.T.);
#1728=FACE_OUTER_BOUND('',#2132,.T.);
#1729=FACE_OUTER_BOUND('',#2133,.T.);
#1730=FACE_OUTER_BOUND('',#2134,.T.);
#1731=FACE_OUTER_BOUND('',#2135,.T.);
#1732=FACE_OUTER_BOUND('',#2136,.T.);
#1733=FACE_OUTER_BOUND('',#2137,.T.);
#1734=FACE_OUTER_BOUND('',#2138,.T.);
#1735=FACE_OUTER_BOUND('',#2139,.T.);
#1736=FACE_OUTER_BOUND('',#2140,.T.);
#1737=FACE_OUTER_BOUND('',#2141,.T.);
#1738=FACE_OUTER_BOUND('',#2142,.T.);
#1739=FACE_OUTER_BOUND('',#2143,.T.);
#1740=FACE_OUTER_BOUND('',#2144,.T.);
#1741=FACE_OUTER_BOUND('',#2145,.T.);
#1742=FACE_OUTER_BOUND('',#2146,.T.);
#1743=FACE_OUTER_BOUND('',#2147,.T.);
#1744=FACE_OUTER_BOUND('',#2148,.T.);
#1745=FACE_OUTER_BOUND('',#2149,.T.);
#1746=FACE_OUTER_BOUND('',#2150,.T.);
#1747=FACE_OUTER_BOUND('',#2151,.T.);
#1748=FACE_OUTER_BOUND('',#2152,.T.);
#1749=FACE_OUTER_BOUND('',#2153,.T.);
#1750=FACE_OUTER_BOUND('',#2154,.T.);
#1751=FACE_OUTER_BOUND('',#2155,.T.);
#1752=FACE_OUTER_BOUND('',#2161,.T.);
#1753=FACE_OUTER_BOUND('',#2162,.T.);
#1754=FACE_OUTER_BOUND('',#2163,.T.);
#1755=FACE_OUTER_BOUND('',#2165,.T.);
#1756=FACE_OUTER_BOUND('',#2166,.T.);
#1757=FACE_OUTER_BOUND('',#2167,.T.);
#1758=FACE_OUTER_BOUND('',#2169,.T.);
#1759=FACE_OUTER_BOUND('',#2170,.T.);
#1760=FACE_OUTER_BOUND('',#2171,.T.);
#1761=FACE_OUTER_BOUND('',#2172,.T.);
#1762=FACE_OUTER_BOUND('',#2173,.T.);
#1763=FACE_OUTER_BOUND('',#2174,.T.);
#1764=FACE_OUTER_BOUND('',#2175,.T.);
#1765=FACE_OUTER_BOUND('',#2176,.T.);
#1766=FACE_OUTER_BOUND('',#2177,.T.);
#1767=FACE_OUTER_BOUND('',#2178,.T.);
#1768=FACE_OUTER_BOUND('',#2179,.T.);
#1769=FACE_OUTER_BOUND('',#2180,.T.);
#1770=FACE_OUTER_BOUND('',#2181,.T.);
#1771=FACE_OUTER_BOUND('',#2182,.T.);
#1772=FACE_OUTER_BOUND('',#2183,.T.);
#1773=FACE_OUTER_BOUND('',#2184,.T.);
#1774=FACE_OUTER_BOUND('',#2185,.T.);
#1775=FACE_OUTER_BOUND('',#2186,.T.);
#1776=FACE_OUTER_BOUND('',#2187,.T.);
#1777=FACE_OUTER_BOUND('',#2188,.T.);
#1778=FACE_OUTER_BOUND('',#2189,.T.);
#1779=FACE_OUTER_BOUND('',#2190,.T.);
#1780=FACE_OUTER_BOUND('',#2191,.T.);
#1781=FACE_OUTER_BOUND('',#2192,.T.);
#1782=FACE_OUTER_BOUND('',#2193,.T.);
#1783=FACE_OUTER_BOUND('',#2194,.T.);
#1784=FACE_OUTER_BOUND('',#2195,.T.);
#1785=FACE_OUTER_BOUND('',#2196,.T.);
#1786=FACE_OUTER_BOUND('',#2197,.T.);
#1787=FACE_OUTER_BOUND('',#2198,.T.);
#1788=FACE_OUTER_BOUND('',#2199,.T.);
#1789=FACE_OUTER_BOUND('',#2200,.T.);
#1790=FACE_OUTER_BOUND('',#2201,.T.);
#1791=FACE_OUTER_BOUND('',#2202,.T.);
#1792=FACE_OUTER_BOUND('',#2203,.T.);
#1793=FACE_OUTER_BOUND('',#2204,.T.);
#1794=FACE_OUTER_BOUND('',#2205,.T.);
#1795=FACE_OUTER_BOUND('',#2206,.T.);
#1796=FACE_OUTER_BOUND('',#2207,.T.);
#1797=FACE_OUTER_BOUND('',#2208,.T.);
#1798=FACE_OUTER_BOUND('',#2209,.T.);
#1799=FACE_OUTER_BOUND('',#2210,.T.);
#1800=FACE_OUTER_BOUND('',#2211,.T.);
#1801=FACE_OUTER_BOUND('',#2212,.T.);
#1802=FACE_OUTER_BOUND('',#2213,.T.);
#1803=FACE_OUTER_BOUND('',#2214,.T.);
#1804=FACE_OUTER_BOUND('',#2215,.T.);
#1805=FACE_OUTER_BOUND('',#2216,.T.);
#1806=FACE_OUTER_BOUND('',#2217,.T.);
#1807=FACE_OUTER_BOUND('',#2218,.T.);
#1808=FACE_OUTER_BOUND('',#2219,.T.);
#1809=FACE_OUTER_BOUND('',#2220,.T.);
#1810=FACE_OUTER_BOUND('',#2221,.T.);
#1811=FACE_OUTER_BOUND('',#2222,.T.);
#1812=FACE_OUTER_BOUND('',#2223,.T.);
#1813=FACE_OUTER_BOUND('',#2224,.T.);
#1814=FACE_OUTER_BOUND('',#2225,.T.);
#1815=FACE_OUTER_BOUND('',#2229,.T.);
#1816=FACE_OUTER_BOUND('',#2230,.T.);
#1817=FACE_OUTER_BOUND('',#2231,.T.);
#1818=FACE_OUTER_BOUND('',#2232,.T.);
#1819=FACE_OUTER_BOUND('',#2233,.T.);
#1820=FACE_OUTER_BOUND('',#2234,.T.);
#1821=FACE_OUTER_BOUND('',#2235,.T.);
#1822=FACE_OUTER_BOUND('',#2236,.T.);
#1823=FACE_OUTER_BOUND('',#2237,.T.);
#1824=FACE_OUTER_BOUND('',#2238,.T.);
#1825=FACE_OUTER_BOUND('',#2239,.T.);
#1826=FACE_OUTER_BOUND('',#2240,.T.);
#1827=FACE_OUTER_BOUND('',#2241,.T.);
#1828=FACE_OUTER_BOUND('',#2242,.T.);
#1829=FACE_OUTER_BOUND('',#2245,.T.);
#1830=FACE_OUTER_BOUND('',#2246,.T.);
#1831=FACE_OUTER_BOUND('',#2247,.T.);
#1832=FACE_OUTER_BOUND('',#2248,.T.);
#1833=FACE_OUTER_BOUND('',#2249,.T.);
#1834=FACE_OUTER_BOUND('',#2250,.T.);
#1835=FACE_OUTER_BOUND('',#2251,.T.);
#1836=FACE_OUTER_BOUND('',#2252,.T.);
#1837=FACE_OUTER_BOUND('',#2253,.T.);
#1838=FACE_OUTER_BOUND('',#2254,.T.);
#1839=FACE_OUTER_BOUND('',#2255,.T.);
#1840=FACE_OUTER_BOUND('',#2256,.T.);
#1841=FACE_OUTER_BOUND('',#2257,.T.);
#1842=FACE_OUTER_BOUND('',#2258,.T.);
#1843=FACE_OUTER_BOUND('',#2259,.T.);
#1844=FACE_OUTER_BOUND('',#2260,.T.);
#1845=FACE_OUTER_BOUND('',#2261,.T.);
#1846=FACE_OUTER_BOUND('',#2262,.T.);
#1847=FACE_OUTER_BOUND('',#2263,.T.);
#1848=FACE_OUTER_BOUND('',#2264,.T.);
#1849=FACE_OUTER_BOUND('',#2265,.T.);
#1850=FACE_OUTER_BOUND('',#2266,.T.);
#1851=FACE_OUTER_BOUND('',#2267,.T.);
#1852=FACE_OUTER_BOUND('',#2268,.T.);
#1853=FACE_OUTER_BOUND('',#2269,.T.);
#1854=FACE_OUTER_BOUND('',#2270,.T.);
#1855=FACE_OUTER_BOUND('',#2271,.T.);
#1856=FACE_OUTER_BOUND('',#2272,.T.);
#1857=FACE_OUTER_BOUND('',#2273,.T.);
#1858=FACE_OUTER_BOUND('',#2274,.T.);
#1859=FACE_OUTER_BOUND('',#2275,.T.);
#1860=FACE_OUTER_BOUND('',#2276,.T.);
#1861=FACE_OUTER_BOUND('',#2277,.T.);
#1862=FACE_OUTER_BOUND('',#2278,.T.);
#1863=FACE_OUTER_BOUND('',#2279,.T.);
#1864=FACE_OUTER_BOUND('',#2280,.T.);
#1865=FACE_OUTER_BOUND('',#2281,.T.);
#1866=FACE_OUTER_BOUND('',#2282,.T.);
#1867=FACE_OUTER_BOUND('',#2283,.T.);
#1868=FACE_OUTER_BOUND('',#2284,.T.);
#1869=FACE_OUTER_BOUND('',#2285,.T.);
#1870=FACE_OUTER_BOUND('',#2288,.T.);
#1871=FACE_OUTER_BOUND('',#2289,.T.);
#1872=FACE_OUTER_BOUND('',#2290,.T.);
#1873=FACE_OUTER_BOUND('',#2291,.T.);
#1874=FACE_OUTER_BOUND('',#2292,.T.);
#1875=FACE_OUTER_BOUND('',#2293,.T.);
#1876=FACE_OUTER_BOUND('',#2294,.T.);
#1877=FACE_OUTER_BOUND('',#2295,.T.);
#1878=FACE_OUTER_BOUND('',#2296,.T.);
#1879=FACE_OUTER_BOUND('',#2297,.T.);
#1880=FACE_OUTER_BOUND('',#2298,.T.);
#1881=FACE_OUTER_BOUND('',#2299,.T.);
#1882=FACE_OUTER_BOUND('',#2300,.T.);
#1883=EDGE_LOOP('',(#3815,#3816,#3817));
#1884=EDGE_LOOP('',(#3818,#3819,#3820,#3821));
#1885=EDGE_LOOP('',(#3822,#3823,#3824,#3825));
#1886=EDGE_LOOP('',(#3826,#3827,#3828,#3829));
#1887=EDGE_LOOP('',(#3830,#3831));
#1888=EDGE_LOOP('',(#3832,#3833));
#1889=EDGE_LOOP('',(#3834,#3835,#3836,#3837));
#1890=EDGE_LOOP('',(#3838,#3839,#3840,#3841));
#1891=EDGE_LOOP('',(#3842,#3843,#3844,#3845));
#1892=EDGE_LOOP('',(#3846,#3847,#3848,#3849));
#1893=EDGE_LOOP('',(#3850,#3851));
#1894=EDGE_LOOP('',(#3852,#3853,#3854,#3855));
#1895=EDGE_LOOP('',(#3856,#3857,#3858,#3859));
#1896=EDGE_LOOP('',(#3860,#3861,#3862,#3863));
#1897=EDGE_LOOP('',(#3864,#3865,#3866,#3867));
#1898=EDGE_LOOP('',(#3868,#3869,#3870,#3871));
#1899=EDGE_LOOP('',(#3872,#3873,#3874,#3875));
#1900=EDGE_LOOP('',(#3876,#3877,#3878,#3879));
#1901=EDGE_LOOP('',(#3880,#3881,#3882,#3883));
#1902=EDGE_LOOP('',(#3884,#3885,#3886,#3887));
#1903=EDGE_LOOP('',(#3888,#3889,#3890,#3891,#3892,#3893,#3894,#3895));
#1904=EDGE_LOOP('',(#3896,#3897,#3898,#3899));
#1905=EDGE_LOOP('',(#3900,#3901,#3902,#3903));
#1906=EDGE_LOOP('',(#3904,#3905,#3906,#3907));
#1907=EDGE_LOOP('',(#3908,#3909,#3910,#3911));
#1908=EDGE_LOOP('',(#3912,#3913,#3914,#3915));
#1909=EDGE_LOOP('',(#3916,#3917,#3918,#3919));
#1910=EDGE_LOOP('',(#3920));
#1911=EDGE_LOOP('',(#3921,#3922,#3923,#3924));
#1912=EDGE_LOOP('',(#3925,#3926,#3927,#3928,#3929,#3930,#3931,#3932));
#1913=EDGE_LOOP('',(#3933,#3934,#3935,#3936,#3937,#3938,#3939,#3940));
#1914=EDGE_LOOP('',(#3941,#3942,#3943,#3944,#3945));
#1915=EDGE_LOOP('',(#3946,#3947));
#1916=EDGE_LOOP('',(#3948,#3949,#3950,#3951));
#1917=EDGE_LOOP('',(#3952,#3953,#3954,#3955));
#1918=EDGE_LOOP('',(#3956,#3957,#3958,#3959,#3960,#3961));
#1919=EDGE_LOOP('',(#3962));
#1920=EDGE_LOOP('',(#3963,#3964,#3965,#3966,#3967,#3968,#3969,#3970));
#1921=EDGE_LOOP('',(#3971));
#1922=EDGE_LOOP('',(#3972,#3973,#3974,#3975));
#1923=EDGE_LOOP('',(#3976,#3977,#3978,#3979));
#1924=EDGE_LOOP('',(#3980,#3981,#3982,#3983));
#1925=EDGE_LOOP('',(#3984,#3985,#3986,#3987));
#1926=EDGE_LOOP('',(#3988,#3989,#3990,#3991));
#1927=EDGE_LOOP('',(#3992,#3993,#3994,#3995));
#1928=EDGE_LOOP('',(#3996,#3997,#3998,#3999));
#1929=EDGE_LOOP('',(#4000,#4001,#4002,#4003));
#1930=EDGE_LOOP('',(#4004,#4005,#4006,#4007));
#1931=EDGE_LOOP('',(#4008,#4009,#4010,#4011));
#1932=EDGE_LOOP('',(#4012,#4013,#4014,#4015));
#1933=EDGE_LOOP('',(#4016,#4017,#4018,#4019));
#1934=EDGE_LOOP('',(#4020,#4021,#4022,#4023));
#1935=EDGE_LOOP('',(#4024,#4025,#4026,#4027));
#1936=EDGE_LOOP('',(#4028,#4029,#4030,#4031));
#1937=EDGE_LOOP('',(#4032,#4033,#4034,#4035));
#1938=EDGE_LOOP('',(#4036,#4037,#4038,#4039,#4040,#4041,#4042,#4043));
#1939=EDGE_LOOP('',(#4044,#4045,#4046,#4047,#4048,#4049));
#1940=EDGE_LOOP('',(#4050,#4051,#4052,#4053));
#1941=EDGE_LOOP('',(#4054,#4055,#4056,#4057));
#1942=EDGE_LOOP('',(#4058,#4059,#4060,#4061));
#1943=EDGE_LOOP('',(#4062,#4063,#4064,#4065,#4066,#4067));
#1944=EDGE_LOOP('',(#4068,#4069,#4070,#4071,#4072));
#1945=EDGE_LOOP('',(#4073,#4074,#4075,#4076,#4077,#4078,#4079,#4080));
#1946=EDGE_LOOP('',(#4081,#4082,#4083,#4084,#4085,#4086,#4087,#4088,#4089,
#4090,#4091,#4092,#4093,#4094,#4095,#4096));
#1947=EDGE_LOOP('',(#4097));
#1948=EDGE_LOOP('',(#4098));
#1949=EDGE_LOOP('',(#4099));
#1950=EDGE_LOOP('',(#4100));
#1951=EDGE_LOOP('',(#4101));
#1952=EDGE_LOOP('',(#4102,#4103,#4104,#4105));
#1953=EDGE_LOOP('',(#4106,#4107,#4108,#4109));
#1954=EDGE_LOOP('',(#4110));
#1955=EDGE_LOOP('',(#4111));
#1956=EDGE_LOOP('',(#4112,#4113,#4114,#4115));
#1957=EDGE_LOOP('',(#4116,#4117,#4118,#4119));
#1958=EDGE_LOOP('',(#4120));
#1959=EDGE_LOOP('',(#4121));
#1960=EDGE_LOOP('',(#4122,#4123,#4124,#4125));
#1961=EDGE_LOOP('',(#4126,#4127,#4128,#4129));
#1962=EDGE_LOOP('',(#4130,#4131,#4132));
#1963=EDGE_LOOP('',(#4133,#4134,#4135,#4136));
#1964=EDGE_LOOP('',(#4137,#4138,#4139));
#1965=EDGE_LOOP('',(#4140,#4141,#4142,#4143));
#1966=EDGE_LOOP('',(#4144,#4145,#4146,#4147));
#1967=EDGE_LOOP('',(#4148,#4149,#4150,#4151,#4152));
#1968=EDGE_LOOP('',(#4153,#4154,#4155,#4156,#4157,#4158,#4159));
#1969=EDGE_LOOP('',(#4160,#4161,#4162,#4163));
#1970=EDGE_LOOP('',(#4164,#4165,#4166));
#1971=EDGE_LOOP('',(#4167,#4168,#4169,#4170));
#1972=EDGE_LOOP('',(#4171,#4172,#4173));
#1973=EDGE_LOOP('',(#4174,#4175,#4176,#4177));
#1974=EDGE_LOOP('',(#4178,#4179,#4180,#4181));
#1975=EDGE_LOOP('',(#4182,#4183,#4184,#4185,#4186,#4187,#4188,#4189,#4190,
#4191,#4192,#4193,#4194,#4195));
#1976=EDGE_LOOP('',(#4196,#4197,#4198,#4199,#4200,#4201,#4202));
#1977=EDGE_LOOP('',(#4203,#4204,#4205));
#1978=EDGE_LOOP('',(#4206,#4207,#4208));
#1979=EDGE_LOOP('',(#4209,#4210,#4211,#4212));
#1980=EDGE_LOOP('',(#4213,#4214,#4215,#4216));
#1981=EDGE_LOOP('',(#4217,#4218,#4219,#4220));
#1982=EDGE_LOOP('',(#4221,#4222,#4223));
#1983=EDGE_LOOP('',(#4224,#4225,#4226,#4227));
#1984=EDGE_LOOP('',(#4228,#4229,#4230,#4231,#4232,#4233,#4234));
#1985=EDGE_LOOP('',(#4235,#4236,#4237,#4238));
#1986=EDGE_LOOP('',(#4239,#4240,#4241,#4242));
#1987=EDGE_LOOP('',(#4243,#4244,#4245));
#1988=EDGE_LOOP('',(#4246,#4247,#4248));
#1989=EDGE_LOOP('',(#4249,#4250,#4251,#4252));
#1990=EDGE_LOOP('',(#4253,#4254,#4255,#4256));
#1991=EDGE_LOOP('',(#4257,#4258,#4259,#4260));
#1992=EDGE_LOOP('',(#4261,#4262,#4263));
#1993=EDGE_LOOP('',(#4264,#4265,#4266,#4267));
#1994=EDGE_LOOP('',(#4268,#4269,#4270,#4271));
#1995=EDGE_LOOP('',(#4272,#4273,#4274,#4275,#4276,#4277,#4278));
#1996=EDGE_LOOP('',(#4279,#4280,#4281));
#1997=EDGE_LOOP('',(#4282,#4283,#4284,#4285));
#1998=EDGE_LOOP('',(#4286,#4287,#4288,#4289));
#1999=EDGE_LOOP('',(#4290,#4291));
#2000=EDGE_LOOP('',(#4292,#4293,#4294,#4295));
#2001=EDGE_LOOP('',(#4296,#4297,#4298,#4299,#4300,#4301,#4302,#4303,#4304,
#4305,#4306,#4307));
#2002=EDGE_LOOP('',(#4308,#4309));
#2003=EDGE_LOOP('',(#4310,#4311,#4312,#4313,#4314));
#2004=EDGE_LOOP('',(#4315,#4316,#4317,#4318,#4319,#4320,#4321,#4322));
#2005=EDGE_LOOP('',(#4323,#4324,#4325,#4326));
#2006=EDGE_LOOP('',(#4327,#4328,#4329,#4330));
#2007=EDGE_LOOP('',(#4331,#4332,#4333,#4334));
#2008=EDGE_LOOP('',(#4335,#4336,#4337,#4338));
#2009=EDGE_LOOP('',(#4339,#4340,#4341,#4342));
#2010=EDGE_LOOP('',(#4343,#4344,#4345,#4346));
#2011=EDGE_LOOP('',(#4347,#4348,#4349,#4350));
#2012=EDGE_LOOP('',(#4351,#4352,#4353));
#2013=EDGE_LOOP('',(#4354,#4355,#4356,#4357,#4358));
#2014=EDGE_LOOP('',(#4359,#4360,#4361,#4362));
#2015=EDGE_LOOP('',(#4363,#4364,#4365,#4366));
#2016=EDGE_LOOP('',(#4367,#4368,#4369,#4370));
#2017=EDGE_LOOP('',(#4371));
#2018=EDGE_LOOP('',(#4372,#4373,#4374,#4375,#4376,#4377,#4378,#4379));
#2019=EDGE_LOOP('',(#4380));
#2020=EDGE_LOOP('',(#4381,#4382,#4383,#4384));
#2021=EDGE_LOOP('',(#4385,#4386,#4387,#4388));
#2022=EDGE_LOOP('',(#4389,#4390,#4391,#4392));
#2023=EDGE_LOOP('',(#4393,#4394,#4395,#4396));
#2024=EDGE_LOOP('',(#4397,#4398,#4399,#4400));
#2025=EDGE_LOOP('',(#4401,#4402,#4403,#4404));
#2026=EDGE_LOOP('',(#4405,#4406,#4407,#4408));
#2027=EDGE_LOOP('',(#4409,#4410,#4411,#4412));
#2028=EDGE_LOOP('',(#4413,#4414,#4415,#4416));
#2029=EDGE_LOOP('',(#4417,#4418,#4419,#4420,#4421,#4422));
#2030=EDGE_LOOP('',(#4423,#4424,#4425,#4426,#4427,#4428,#4429,#4430,#4431));
#2031=EDGE_LOOP('',(#4432,#4433,#4434,#4435,#4436,#4437));
#2032=EDGE_LOOP('',(#4438,#4439,#4440,#4441));
#2033=EDGE_LOOP('',(#4442,#4443,#4444,#4445,#4446,#4447));
#2034=EDGE_LOOP('',(#4448,#4449,#4450,#4451,#4452,#4453,#4454,#4455));
#2035=EDGE_LOOP('',(#4456));
#2036=EDGE_LOOP('',(#4457,#4458,#4459,#4460));
#2037=EDGE_LOOP('',(#4461,#4462,#4463,#4464));
#2038=EDGE_LOOP('',(#4465,#4466,#4467,#4468));
#2039=EDGE_LOOP('',(#4469,#4470,#4471,#4472));
#2040=EDGE_LOOP('',(#4473,#4474,#4475,#4476));
#2041=EDGE_LOOP('',(#4477,#4478,#4479,#4480));
#2042=EDGE_LOOP('',(#4481,#4482,#4483,#4484));
#2043=EDGE_LOOP('',(#4485,#4486,#4487,#4488));
#2044=EDGE_LOOP('',(#4489,#4490,#4491,#4492));
#2045=EDGE_LOOP('',(#4493,#4494,#4495,#4496));
#2046=EDGE_LOOP('',(#4497,#4498,#4499,#4500));
#2047=EDGE_LOOP('',(#4501,#4502,#4503,#4504,#4505,#4506,#4507,#4508,#4509));
#2048=EDGE_LOOP('',(#4510,#4511,#4512,#4513));
#2049=EDGE_LOOP('',(#4514,#4515,#4516,#4517));
#2050=EDGE_LOOP('',(#4518,#4519,#4520,#4521));
#2051=EDGE_LOOP('',(#4522,#4523,#4524,#4525));
#2052=EDGE_LOOP('',(#4526,#4527,#4528,#4529));
#2053=EDGE_LOOP('',(#4530,#4531,#4532,#4533));
#2054=EDGE_LOOP('',(#4534,#4535,#4536,#4537));
#2055=EDGE_LOOP('',(#4538,#4539,#4540,#4541));
#2056=EDGE_LOOP('',(#4542,#4543,#4544,#4545));
#2057=EDGE_LOOP('',(#4546,#4547,#4548,#4549));
#2058=EDGE_LOOP('',(#4550,#4551,#4552,#4553));
#2059=EDGE_LOOP('',(#4554,#4555,#4556,#4557));
#2060=EDGE_LOOP('',(#4558,#4559,#4560,#4561));
#2061=EDGE_LOOP('',(#4562,#4563,#4564,#4565));
#2062=EDGE_LOOP('',(#4566,#4567,#4568,#4569));
#2063=EDGE_LOOP('',(#4570,#4571,#4572,#4573,#4574,#4575,#4576,#4577));
#2064=EDGE_LOOP('',(#4578,#4579,#4580,#4581));
#2065=EDGE_LOOP('',(#4582,#4583,#4584,#4585));
#2066=EDGE_LOOP('',(#4586,#4587,#4588,#4589));
#2067=EDGE_LOOP('',(#4590,#4591,#4592,#4593));
#2068=EDGE_LOOP('',(#4594,#4595,#4596,#4597));
#2069=EDGE_LOOP('',(#4598,#4599,#4600,#4601));
#2070=EDGE_LOOP('',(#4602,#4603,#4604,#4605));
#2071=EDGE_LOOP('',(#4606,#4607,#4608,#4609));
#2072=EDGE_LOOP('',(#4610,#4611,#4612,#4613));
#2073=EDGE_LOOP('',(#4614,#4615,#4616,#4617));
#2074=EDGE_LOOP('',(#4618,#4619,#4620,#4621));
#2075=EDGE_LOOP('',(#4622,#4623,#4624,#4625));
#2076=EDGE_LOOP('',(#4626,#4627,#4628,#4629,#4630,#4631,#4632,#4633));
#2077=EDGE_LOOP('',(#4634,#4635,#4636));
#2078=EDGE_LOOP('',(#4637,#4638));
#2079=EDGE_LOOP('',(#4639,#4640,#4641,#4642));
#2080=EDGE_LOOP('',(#4643,#4644,#4645,#4646));
#2081=EDGE_LOOP('',(#4647,#4648,#4649,#4650));
#2082=EDGE_LOOP('',(#4651,#4652,#4653,#4654));
#2083=EDGE_LOOP('',(#4655,#4656,#4657,#4658));
#2084=EDGE_LOOP('',(#4659,#4660,#4661,#4662));
#2085=EDGE_LOOP('',(#4663,#4664,#4665,#4666));
#2086=EDGE_LOOP('',(#4667,#4668,#4669,#4670));
#2087=EDGE_LOOP('',(#4671,#4672,#4673,#4674));
#2088=EDGE_LOOP('',(#4675,#4676,#4677,#4678));
#2089=EDGE_LOOP('',(#4679,#4680,#4681,#4682));
#2090=EDGE_LOOP('',(#4683,#4684,#4685,#4686));
#2091=EDGE_LOOP('',(#4687,#4688,#4689,#4690,#4691,#4692));
#2092=EDGE_LOOP('',(#4693,#4694,#4695));
#2093=EDGE_LOOP('',(#4696,#4697,#4698,#4699));
#2094=EDGE_LOOP('',(#4700,#4701,#4702,#4703));
#2095=EDGE_LOOP('',(#4704,#4705,#4706,#4707));
#2096=EDGE_LOOP('',(#4708,#4709));
#2097=EDGE_LOOP('',(#4710,#4711));
#2098=EDGE_LOOP('',(#4712,#4713,#4714,#4715));
#2099=EDGE_LOOP('',(#4716,#4717,#4718,#4719));
#2100=EDGE_LOOP('',(#4720,#4721,#4722,#4723));
#2101=EDGE_LOOP('',(#4724,#4725,#4726,#4727));
#2102=EDGE_LOOP('',(#4728,#4729));
#2103=EDGE_LOOP('',(#4730,#4731,#4732,#4733));
#2104=EDGE_LOOP('',(#4734,#4735,#4736,#4737));
#2105=EDGE_LOOP('',(#4738,#4739,#4740,#4741));
#2106=EDGE_LOOP('',(#4742,#4743,#4744,#4745));
#2107=EDGE_LOOP('',(#4746,#4747,#4748,#4749));
#2108=EDGE_LOOP('',(#4750,#4751,#4752,#4753));
#2109=EDGE_LOOP('',(#4754,#4755,#4756,#4757));
#2110=EDGE_LOOP('',(#4758,#4759,#4760,#4761));
#2111=EDGE_LOOP('',(#4762,#4763,#4764,#4765));
#2112=EDGE_LOOP('',(#4766,#4767,#4768,#4769,#4770,#4771,#4772,#4773));
#2113=EDGE_LOOP('',(#4774,#4775,#4776,#4777));
#2114=EDGE_LOOP('',(#4778,#4779,#4780,#4781));
#2115=EDGE_LOOP('',(#4782,#4783,#4784,#4785));
#2116=EDGE_LOOP('',(#4786,#4787,#4788,#4789));
#2117=EDGE_LOOP('',(#4790,#4791,#4792,#4793));
#2118=EDGE_LOOP('',(#4794,#4795,#4796,#4797));
#2119=EDGE_LOOP('',(#4798));
#2120=EDGE_LOOP('',(#4799,#4800,#4801,#4802));
#2121=EDGE_LOOP('',(#4803,#4804,#4805,#4806,#4807,#4808,#4809,#4810));
#2122=EDGE_LOOP('',(#4811,#4812,#4813,#4814,#4815,#4816,#4817,#4818));
#2123=EDGE_LOOP('',(#4819,#4820,#4821,#4822,#4823));
#2124=EDGE_LOOP('',(#4824,#4825));
#2125=EDGE_LOOP('',(#4826,#4827,#4828,#4829));
#2126=EDGE_LOOP('',(#4830,#4831,#4832,#4833));
#2127=EDGE_LOOP('',(#4834,#4835,#4836,#4837,#4838,#4839));
#2128=EDGE_LOOP('',(#4840));
#2129=EDGE_LOOP('',(#4841,#4842,#4843,#4844,#4845,#4846,#4847,#4848));
#2130=EDGE_LOOP('',(#4849));
#2131=EDGE_LOOP('',(#4850,#4851,#4852,#4853));
#2132=EDGE_LOOP('',(#4854,#4855,#4856,#4857));
#2133=EDGE_LOOP('',(#4858,#4859,#4860,#4861));
#2134=EDGE_LOOP('',(#4862,#4863,#4864,#4865));
#2135=EDGE_LOOP('',(#4866,#4867,#4868,#4869));
#2136=EDGE_LOOP('',(#4870,#4871,#4872,#4873));
#2137=EDGE_LOOP('',(#4874,#4875,#4876,#4877));
#2138=EDGE_LOOP('',(#4878,#4879,#4880,#4881));
#2139=EDGE_LOOP('',(#4882,#4883,#4884,#4885));
#2140=EDGE_LOOP('',(#4886,#4887,#4888,#4889));
#2141=EDGE_LOOP('',(#4890,#4891,#4892,#4893));
#2142=EDGE_LOOP('',(#4894,#4895,#4896,#4897));
#2143=EDGE_LOOP('',(#4898,#4899,#4900,#4901));
#2144=EDGE_LOOP('',(#4902,#4903,#4904,#4905));
#2145=EDGE_LOOP('',(#4906,#4907,#4908,#4909));
#2146=EDGE_LOOP('',(#4910,#4911,#4912,#4913));
#2147=EDGE_LOOP('',(#4914,#4915,#4916,#4917,#4918,#4919,#4920,#4921));
#2148=EDGE_LOOP('',(#4922,#4923,#4924,#4925,#4926,#4927));
#2149=EDGE_LOOP('',(#4928,#4929,#4930,#4931));
#2150=EDGE_LOOP('',(#4932,#4933,#4934,#4935));
#2151=EDGE_LOOP('',(#4936,#4937,#4938,#4939));
#2152=EDGE_LOOP('',(#4940,#4941,#4942,#4943,#4944,#4945));
#2153=EDGE_LOOP('',(#4946,#4947,#4948,#4949,#4950));
#2154=EDGE_LOOP('',(#4951,#4952,#4953,#4954,#4955,#4956,#4957,#4958));
#2155=EDGE_LOOP('',(#4959,#4960,#4961,#4962,#4963,#4964,#4965,#4966,#4967,
#4968,#4969,#4970,#4971,#4972,#4973,#4974));
#2156=EDGE_LOOP('',(#4975));
#2157=EDGE_LOOP('',(#4976));
#2158=EDGE_LOOP('',(#4977));
#2159=EDGE_LOOP('',(#4978));
#2160=EDGE_LOOP('',(#4979));
#2161=EDGE_LOOP('',(#4980,#4981,#4982,#4983));
#2162=EDGE_LOOP('',(#4984,#4985,#4986,#4987));
#2163=EDGE_LOOP('',(#4988));
#2164=EDGE_LOOP('',(#4989));
#2165=EDGE_LOOP('',(#4990,#4991,#4992,#4993));
#2166=EDGE_LOOP('',(#4994,#4995,#4996,#4997));
#2167=EDGE_LOOP('',(#4998));
#2168=EDGE_LOOP('',(#4999));
#2169=EDGE_LOOP('',(#5000,#5001,#5002,#5003));
#2170=EDGE_LOOP('',(#5004,#5005,#5006,#5007));
#2171=EDGE_LOOP('',(#5008,#5009,#5010));
#2172=EDGE_LOOP('',(#5011,#5012,#5013,#5014));
#2173=EDGE_LOOP('',(#5015,#5016,#5017));
#2174=EDGE_LOOP('',(#5018,#5019,#5020,#5021));
#2175=EDGE_LOOP('',(#5022,#5023,#5024,#5025));
#2176=EDGE_LOOP('',(#5026,#5027,#5028,#5029,#5030));
#2177=EDGE_LOOP('',(#5031,#5032,#5033,#5034,#5035,#5036,#5037));
#2178=EDGE_LOOP('',(#5038,#5039,#5040,#5041));
#2179=EDGE_LOOP('',(#5042,#5043,#5044));
#2180=EDGE_LOOP('',(#5045,#5046,#5047,#5048));
#2181=EDGE_LOOP('',(#5049,#5050,#5051));
#2182=EDGE_LOOP('',(#5052,#5053,#5054,#5055));
#2183=EDGE_LOOP('',(#5056,#5057,#5058,#5059));
#2184=EDGE_LOOP('',(#5060,#5061,#5062,#5063,#5064,#5065,#5066,#5067,#5068,
#5069,#5070,#5071,#5072,#5073));
#2185=EDGE_LOOP('',(#5074,#5075,#5076,#5077,#5078,#5079,#5080));
#2186=EDGE_LOOP('',(#5081,#5082,#5083));
#2187=EDGE_LOOP('',(#5084,#5085,#5086));
#2188=EDGE_LOOP('',(#5087,#5088,#5089,#5090));
#2189=EDGE_LOOP('',(#5091,#5092,#5093,#5094));
#2190=EDGE_LOOP('',(#5095,#5096,#5097,#5098));
#2191=EDGE_LOOP('',(#5099,#5100,#5101));
#2192=EDGE_LOOP('',(#5102,#5103,#5104,#5105));
#2193=EDGE_LOOP('',(#5106,#5107,#5108,#5109,#5110,#5111,#5112));
#2194=EDGE_LOOP('',(#5113,#5114,#5115,#5116));
#2195=EDGE_LOOP('',(#5117,#5118,#5119,#5120));
#2196=EDGE_LOOP('',(#5121,#5122,#5123));
#2197=EDGE_LOOP('',(#5124,#5125,#5126));
#2198=EDGE_LOOP('',(#5127,#5128,#5129,#5130));
#2199=EDGE_LOOP('',(#5131,#5132,#5133,#5134));
#2200=EDGE_LOOP('',(#5135,#5136,#5137,#5138));
#2201=EDGE_LOOP('',(#5139,#5140,#5141));
#2202=EDGE_LOOP('',(#5142,#5143,#5144,#5145));
#2203=EDGE_LOOP('',(#5146,#5147,#5148,#5149));
#2204=EDGE_LOOP('',(#5150,#5151,#5152,#5153,#5154,#5155,#5156));
#2205=EDGE_LOOP('',(#5157,#5158,#5159));
#2206=EDGE_LOOP('',(#5160,#5161,#5162,#5163));
#2207=EDGE_LOOP('',(#5164,#5165,#5166,#5167));
#2208=EDGE_LOOP('',(#5168,#5169));
#2209=EDGE_LOOP('',(#5170,#5171,#5172,#5173));
#2210=EDGE_LOOP('',(#5174,#5175,#5176,#5177,#5178,#5179,#5180,#5181,#5182,
#5183,#5184,#5185));
#2211=EDGE_LOOP('',(#5186,#5187));
#2212=EDGE_LOOP('',(#5188,#5189,#5190,#5191,#5192));
#2213=EDGE_LOOP('',(#5193,#5194,#5195,#5196,#5197,#5198,#5199,#5200));
#2214=EDGE_LOOP('',(#5201,#5202,#5203,#5204));
#2215=EDGE_LOOP('',(#5205,#5206,#5207,#5208));
#2216=EDGE_LOOP('',(#5209,#5210,#5211,#5212));
#2217=EDGE_LOOP('',(#5213,#5214,#5215,#5216));
#2218=EDGE_LOOP('',(#5217,#5218,#5219,#5220));
#2219=EDGE_LOOP('',(#5221,#5222,#5223,#5224));
#2220=EDGE_LOOP('',(#5225,#5226,#5227,#5228));
#2221=EDGE_LOOP('',(#5229,#5230,#5231));
#2222=EDGE_LOOP('',(#5232,#5233,#5234,#5235,#5236));
#2223=EDGE_LOOP('',(#5237,#5238,#5239,#5240));
#2224=EDGE_LOOP('',(#5241,#5242,#5243,#5244));
#2225=EDGE_LOOP('',(#5245,#5246,#5247,#5248));
#2226=EDGE_LOOP('',(#5249));
#2227=EDGE_LOOP('',(#5250,#5251,#5252,#5253,#5254,#5255,#5256,#5257));
#2228=EDGE_LOOP('',(#5258));
#2229=EDGE_LOOP('',(#5259,#5260,#5261,#5262));
#2230=EDGE_LOOP('',(#5263,#5264,#5265,#5266));
#2231=EDGE_LOOP('',(#5267,#5268,#5269,#5270));
#2232=EDGE_LOOP('',(#5271,#5272,#5273,#5274));
#2233=EDGE_LOOP('',(#5275,#5276,#5277,#5278));
#2234=EDGE_LOOP('',(#5279,#5280,#5281,#5282));
#2235=EDGE_LOOP('',(#5283,#5284,#5285,#5286));
#2236=EDGE_LOOP('',(#5287,#5288,#5289,#5290));
#2237=EDGE_LOOP('',(#5291,#5292,#5293,#5294));
#2238=EDGE_LOOP('',(#5295,#5296,#5297,#5298,#5299,#5300));
#2239=EDGE_LOOP('',(#5301,#5302,#5303,#5304,#5305,#5306,#5307,#5308,#5309));
#2240=EDGE_LOOP('',(#5310,#5311,#5312,#5313,#5314,#5315));
#2241=EDGE_LOOP('',(#5316,#5317,#5318,#5319));
#2242=EDGE_LOOP('',(#5320,#5321,#5322,#5323,#5324,#5325));
#2243=EDGE_LOOP('',(#5326,#5327,#5328,#5329,#5330,#5331,#5332,#5333));
#2244=EDGE_LOOP('',(#5334));
#2245=EDGE_LOOP('',(#5335,#5336,#5337,#5338));
#2246=EDGE_LOOP('',(#5339,#5340,#5341,#5342));
#2247=EDGE_LOOP('',(#5343,#5344,#5345,#5346));
#2248=EDGE_LOOP('',(#5347,#5348,#5349,#5350));
#2249=EDGE_LOOP('',(#5351,#5352,#5353,#5354));
#2250=EDGE_LOOP('',(#5355,#5356,#5357,#5358));
#2251=EDGE_LOOP('',(#5359,#5360,#5361,#5362));
#2252=EDGE_LOOP('',(#5363,#5364,#5365,#5366));
#2253=EDGE_LOOP('',(#5367,#5368,#5369,#5370));
#2254=EDGE_LOOP('',(#5371,#5372,#5373,#5374));
#2255=EDGE_LOOP('',(#5375,#5376,#5377,#5378));
#2256=EDGE_LOOP('',(#5379,#5380,#5381,#5382,#5383,#5384,#5385,#5386,#5387));
#2257=EDGE_LOOP('',(#5388,#5389,#5390,#5391));
#2258=EDGE_LOOP('',(#5392,#5393,#5394,#5395));
#2259=EDGE_LOOP('',(#5396,#5397,#5398,#5399));
#2260=EDGE_LOOP('',(#5400,#5401,#5402,#5403));
#2261=EDGE_LOOP('',(#5404,#5405,#5406,#5407));
#2262=EDGE_LOOP('',(#5408,#5409,#5410,#5411));
#2263=EDGE_LOOP('',(#5412,#5413,#5414,#5415));
#2264=EDGE_LOOP('',(#5416,#5417,#5418,#5419));
#2265=EDGE_LOOP('',(#5420,#5421,#5422,#5423));
#2266=EDGE_LOOP('',(#5424,#5425,#5426,#5427));
#2267=EDGE_LOOP('',(#5428,#5429,#5430,#5431));
#2268=EDGE_LOOP('',(#5432,#5433,#5434,#5435));
#2269=EDGE_LOOP('',(#5436,#5437,#5438,#5439));
#2270=EDGE_LOOP('',(#5440,#5441,#5442,#5443));
#2271=EDGE_LOOP('',(#5444,#5445,#5446,#5447));
#2272=EDGE_LOOP('',(#5448,#5449,#5450,#5451,#5452,#5453,#5454,#5455));
#2273=EDGE_LOOP('',(#5456,#5457,#5458,#5459));
#2274=EDGE_LOOP('',(#5460,#5461,#5462,#5463));
#2275=EDGE_LOOP('',(#5464,#5465,#5466,#5467));
#2276=EDGE_LOOP('',(#5468,#5469,#5470,#5471));
#2277=EDGE_LOOP('',(#5472,#5473,#5474,#5475));
#2278=EDGE_LOOP('',(#5476,#5477,#5478,#5479));
#2279=EDGE_LOOP('',(#5480,#5481,#5482,#5483));
#2280=EDGE_LOOP('',(#5484,#5485,#5486,#5487));
#2281=EDGE_LOOP('',(#5488,#5489,#5490,#5491));
#2282=EDGE_LOOP('',(#5492,#5493,#5494,#5495));
#2283=EDGE_LOOP('',(#5496,#5497,#5498,#5499));
#2284=EDGE_LOOP('',(#5500,#5501,#5502,#5503));
#2285=EDGE_LOOP('',(#5504,#5505,#5506,#5507,#5508,#5509,#5510,#5511));
#2286=EDGE_LOOP('',(#5512,#5513,#5514));
#2287=EDGE_LOOP('',(#5515,#5516));
#2288=EDGE_LOOP('',(#5517,#5518,#5519,#5520));
#2289=EDGE_LOOP('',(#5521,#5522,#5523,#5524));
#2290=EDGE_LOOP('',(#5525,#5526,#5527,#5528));
#2291=EDGE_LOOP('',(#5529,#5530,#5531,#5532));
#2292=EDGE_LOOP('',(#5533,#5534,#5535,#5536));
#2293=EDGE_LOOP('',(#5537,#5538,#5539,#5540));
#2294=EDGE_LOOP('',(#5541,#5542,#5543,#5544));
#2295=EDGE_LOOP('',(#5545,#5546,#5547,#5548));
#2296=EDGE_LOOP('',(#5549,#5550,#5551,#5552));
#2297=EDGE_LOOP('',(#5553,#5554,#5555,#5556));
#2298=EDGE_LOOP('',(#5557,#5558,#5559,#5560));
#2299=EDGE_LOOP('',(#5561,#5562,#5563,#5564));
#2300=EDGE_LOOP('',(#5565,#5566,#5567,#5568,#5569,#5570));
#2301=B_SPLINE_CURVE_WITH_KNOTS('',3,(#8472,#8473,#8474,#8475,#8476,#8477,
#8478,#8479,#8480,#8481,#8482,#8483,#8484,#8485,#8486,#8487),
 .UNSPECIFIED.,.F.,.F.,(4,1,1,1,1,1,1,1,1,1,1,1,1,4),(0.,0.0903137109666068,
0.13547056644991,0.158048994191562,0.180627421933214,0.193243158019859,
0.205858894106505,0.231090366279796,0.244300921141582,0.257511476003368,
0.272414555274224,0.287317634545081,0.302220713815937,0.317123793086793),
 .UNSPECIFIED.);
#2302=B_SPLINE_CURVE_WITH_KNOTS('',3,(#8489,#8490,#8491,#8492),
 .UNSPECIFIED.,.F.,.F.,(4,4),(0.,0.138924540914992),.UNSPECIFIED.);
#2303=B_SPLINE_CURVE_WITH_KNOTS('',3,(#8493,#8494,#8495,#8496,#8497,#8498,
#8499,#8500,#8501,#8502,#8503),.UNSPECIFIED.,.F.,.F.,(4,1,1,1,1,1,1,1,4),
(0.,0.027918809062144,0.0427423616453798,0.0575659142286156,0.090544308763934,
0.123522703299253,0.134326218602473,0.145129733905694,0.166736764512136),
 .UNSPECIFIED.);
#2304=B_SPLINE_CURVE_WITH_KNOTS('',3,(#8539,#8540,#8541,#8542,#8543,#8544,
#8545,#8546,#8547,#8548,#8549,#8550,#8551,#8552,#8553,#8554),
 .UNSPECIFIED.,.F.,.F.,(4,1,1,1,1,1,1,1,1,1,1,1,1,4),(-0.317123793086793,
-0.302220713815937,-0.287317634545081,-0.272414555274224,-0.257511476003368,
-0.244300921141582,-0.231090366279796,-0.205858894106505,-0.193243158019859,
-0.180627421933214,-0.158048994191562,-0.13547056644991,-0.0903137109666068,
0.),.UNSPECIFIED.);
#2305=B_SPLINE_CURVE_WITH_KNOTS('',3,(#8565,#8566,#8567,#8568),
 .UNSPECIFIED.,.F.,.F.,(4,4),(-0.138924540914992,0.),.UNSPECIFIED.);
#2306=B_SPLINE_CURVE_WITH_KNOTS('',3,(#8592,#8593,#8594,#8595,#8596,#8597,
#8598,#8599,#8600,#8601,#8602),.UNSPECIFIED.,.F.,.F.,(4,1,1,1,1,1,1,1,4),
(-0.166736764512136,-0.145129733905694,-0.134326218602473,-0.123522703299253,
-0.090544308763934,-0.0575659142286156,-0.0427423616453798,-0.027918809062144,
0.),.UNSPECIFIED.);
#2307=B_SPLINE_CURVE_WITH_KNOTS('',3,(#8606,#8607,#8608,#8609,#8610,#8611,
#8612,#8613,#8614,#8615,#8616,#8617,#8618,#8619,#8620,#8621,#8622,#8623,
#8624,#8625),.UNSPECIFIED.,.F.,.F.,(4,1,1,1,1,1,1,1,1,1,1,1,1,1,1,1,1,4),
(0.,0.0391189567516585,0.0586784351274878,0.0782379135033171,0.118139800649277,
0.158041687795237,0.237845462087157,0.24989406086438,0.261942659641603,
0.303598197986188,0.345253736330772,0.386909274675357,0.428564813019941,
0.455301994426585,0.468670585129907,0.482039175833229,0.508776357239873,
0.535513538646516),.UNSPECIFIED.);
#2308=B_SPLINE_CURVE_WITH_KNOTS('',3,(#8626,#8627,#8628,#8629,#8630,#8631,
#8632,#8633,#8634,#8635,#8636),.UNSPECIFIED.,.F.,.F.,(4,1,1,1,1,1,1,1,4),
(0.,0.0575912416818022,0.0863868625227033,0.115182483363604,0.130232851716277,
0.145283220068949,0.175383956774293,0.205484693479638,0.235585430184982),
 .UNSPECIFIED.);
#2309=B_SPLINE_CURVE_WITH_KNOTS('',3,(#8639,#8640,#8641,#8642),
 .UNSPECIFIED.,.F.,.F.,(4,4),(0.,0.0807653446413956),.UNSPECIFIED.);
#2310=B_SPLINE_CURVE_WITH_KNOTS('',3,(#8643,#8644,#8645,#8646,#8647,#8648,
#8649,#8650),.UNSPECIFIED.,.F.,.F.,(4,1,1,1,1,4),(0.,0.108225130171372,
0.122269051272448,0.136312972373523,0.164400814575674,0.203870169055127),
 .UNSPECIFIED.);
#2311=B_SPLINE_CURVE_WITH_KNOTS('',3,(#8694,#8695,#8696,#8697,#8698,#8699,
#8700,#8701,#8702,#8703,#8704,#8705,#8706,#8707,#8708,#8709,#8710,#8711,
#8712,#8713),.UNSPECIFIED.,.F.,.F.,(4,1,1,1,1,1,1,1,1,1,1,1,1,1,1,1,1,4),
(-0.535513538646516,-0.508776357239873,-0.482039175833229,-0.468670585129907,
-0.455301994426585,-0.428564813019941,-0.386909274675357,-0.345253736330772,
-0.303598197986188,-0.261942659641603,-0.24989406086438,-0.237845462087157,
-0.158041687795237,-0.118139800649277,-0.0782379135033171,-0.0586784351274878,
-0.0391189567516585,0.),.UNSPECIFIED.);
#2312=B_SPLINE_CURVE_WITH_KNOTS('',3,(#8737,#8738,#8739,#8740,#8741,#8742,
#8743,#8744,#8745,#8746,#8747),.UNSPECIFIED.,.F.,.F.,(4,1,1,1,1,1,1,1,4),
(-0.235585430184982,-0.205484693479638,-0.175383956774293,-0.145283220068949,
-0.130232851716277,-0.115182483363604,-0.0863868625227033,-0.0575912416818022,
0.),.UNSPECIFIED.);
#2313=B_SPLINE_CURVE_WITH_KNOTS('',3,(#8759,#8760,#8761,#8762),
 .UNSPECIFIED.,.F.,.F.,(4,4),(-0.0807653446413956,0.),.UNSPECIFIED.);
#2314=B_SPLINE_CURVE_WITH_KNOTS('',3,(#8780,#8781,#8782,#8783,#8784,#8785,
#8786,#8787),.UNSPECIFIED.,.F.,.F.,(4,1,1,1,1,4),(-0.203870169055127,-0.164400814575674,
-0.136312972373523,-0.122269051272448,-0.108225130171372,0.),
 .UNSPECIFIED.);
#2315=B_SPLINE_CURVE_WITH_KNOTS('',3,(#9084,#9085,#9086,#9087,#9088,#9089,
#9090,#9091,#9092,#9093,#9094,#9095),.UNSPECIFIED.,.F.,.F.,(4,1,1,1,1,1,
1,2,4),(1.51156952655192E-15,0.26980871278339,0.404713069175084,0.539617425566778,
0.674521781958472,0.809426138350166,1.07923485113355,1.34904356391694,1.35059988193688),
 .UNSPECIFIED.);
#2316=B_SPLINE_CURVE_WITH_KNOTS('',3,(#9244,#9245,#9246,#9247,#9248,#9249,
#9250,#9251),.UNSPECIFIED.,.F.,.F.,(4,1,1,2,4),(-1.34904356391694,-1.07923485113356,
-0.809426138350167,0.,0.00155631801993224),.UNSPECIFIED.);
#2317=B_SPLINE_CURVE_WITH_KNOTS('',3,(#9252,#9253,#9254,#9255,#9256,#9257,
#9258,#9259),.UNSPECIFIED.,.F.,.F.,(4,2,1,1,4),(-0.00155631801993224,0.,
0.809426138350167,1.07923485113356,1.34904356391694),.UNSPECIFIED.);
#2318=B_SPLINE_CURVE_WITH_KNOTS('',3,(#9287,#9288,#9289,#9290),
 .UNSPECIFIED.,.F.,.F.,(4,4),(-0.18747622092258,6.66133814775094E-15),
 .UNSPECIFIED.);
#2319=B_SPLINE_CURVE_WITH_KNOTS('',3,(#9291,#9292,#9293,#9294),
 .UNSPECIFIED.,.F.,.F.,(4,4),(-6.66133814775094E-15,0.18747622092258),
 .UNSPECIFIED.);
#2320=B_SPLINE_CURVE_WITH_KNOTS('',3,(#9348,#9349,#9350,#9351,#9352,#9353,
#9354,#9355,#9356,#9357),.UNSPECIFIED.,.F.,.F.,(4,1,1,1,1,2,4),(-0.924253191867648,
-0.739402554360909,-0.554551915770682,-0.369701277180455,-0.184850638590227,
0.,0.00119752401827876),.UNSPECIFIED.);
#2321=B_SPLINE_CURVE_WITH_KNOTS('',3,(#9358,#9359,#9360,#9361,#9362,#9363,
#9364,#9365,#9366,#9367),.UNSPECIFIED.,.F.,.F.,(4,2,1,1,1,1,4),(-0.00119752401827876,
0.,0.184850638590227,0.369701277180455,0.554551915770682,0.739402554360909,
0.92425319186765),.UNSPECIFIED.);
#2322=B_SPLINE_CURVE_WITH_KNOTS('',3,(#9423,#9424,#9425,#9426,#9427,#9428,
#9429,#9430,#9431,#9432,#9433),.UNSPECIFIED.,.F.,.F.,(4,1,1,1,1,1,1,1,4),
(-0.015658281456372,-0.0145398327809169,-0.0134213841054617,-0.0111844867545515,
-0.00782914072818602,-0.00335534602636544,-0.00111844867545515,-0.000559224337727573,
0.),.UNSPECIFIED.);
#2323=B_SPLINE_CURVE_WITH_KNOTS('',3,(#9434,#9435,#9436,#9437,#9438,#9439,
#9440,#9441,#9442,#9443,#9444),.UNSPECIFIED.,.F.,.F.,(4,1,1,1,1,1,1,1,4),
(0.,0.000559224337727573,0.00111844867545515,0.00335534602636544,0.00782914072818602,
0.0111844867545515,0.0134213841054617,0.0145398327809169,0.015658281456372),
 .UNSPECIFIED.);
#2324=B_SPLINE_CURVE_WITH_KNOTS('',3,(#9449,#9450,#9451,#9452,#9453,#9454,
#9455,#9456,#9457,#9458,#9459,#9460),.UNSPECIFIED.,.F.,.F.,(4,2,1,1,1,1,
1,1,4),(-1.35260379490028,-1.35098659523431,-1.21588793571088,-1.08078927618745,
-0.945690616664019,-0.810591957140588,-0.540394638093725,-0.270197319046863,
0.),.UNSPECIFIED.);
#2325=B_SPLINE_CURVE_WITH_KNOTS('',3,(#9469,#9470,#9471,#9472,#9473,#9474,
#9475),.UNSPECIFIED.,.F.,.F.,(4,1,1,1,4),(-0.777790297899082,-0.555564498499348,
-0.333338699099615,-0.222225799399748,-1.48127984127729E-14),
 .UNSPECIFIED.);
#2326=B_SPLINE_CURVE_WITH_KNOTS('',3,(#9554,#9555,#9556,#9557,#9558,#9559,
#9560,#9561,#9562,#9563,#9564,#9565),.UNSPECIFIED.,.F.,.F.,(4,2,1,1,1,1,
1,1,4),(-1.35059988193688,-1.34904356391694,-1.07923485113355,-0.809426138350166,
-0.674521781958472,-0.539617425566778,-0.404713069175084,-0.26980871278339,
-1.51156952655192E-15),.UNSPECIFIED.);
#2327=B_SPLINE_CURVE_WITH_KNOTS('',3,(#9615,#9616,#9617,#9618,#9619,#9620,
#9621,#9622),.UNSPECIFIED.,.F.,.F.,(4,1,1,2,4),(0.197755752466086,0.382606391337409,
0.567457031287912,1.12200895113942,1.12320646352205),.UNSPECIFIED.);
#2328=B_SPLINE_CURVE_WITH_KNOTS('',3,(#9623,#9624,#9625,#9626,#9627,#9628,
#9629,#9630),.UNSPECIFIED.,.F.,.F.,(4,2,1,1,4),(-1.12320646352205,-1.12200895113942,
-0.567457031287912,-0.382606391337409,-0.197755752466089),.UNSPECIFIED.);
#2329=B_SPLINE_CURVE_WITH_KNOTS('',3,(#9689,#9690,#9691,#9692,#9693,#9694,
#9695,#9696,#9697,#9698,#9699),.UNSPECIFIED.,.F.,.F.,(4,1,1,1,1,1,1,1,4),
(-0.015658281497196,-0.0145398328188248,-0.0134213841404537,-0.0111844867837114,
-0.00782914074859799,-0.00335534603511343,-0.00111844867837114,-0.000559224339185571,
0.),.UNSPECIFIED.);
#2330=B_SPLINE_CURVE_WITH_KNOTS('',3,(#9700,#9701,#9702,#9703,#9704,#9705,
#9706,#9707,#9708,#9709,#9710),.UNSPECIFIED.,.F.,.F.,(4,1,1,1,1,1,1,1,4),
(0.,0.000559224339185571,0.00111844867837114,0.00335534603511343,0.00782914074859799,
0.0111844867837114,0.0134213841404537,0.0145398328188248,0.015658281497196),
 .UNSPECIFIED.);
#2331=B_SPLINE_CURVE_WITH_KNOTS('',3,(#9735,#9736,#9737,#9738),
 .UNSPECIFIED.,.F.,.F.,(4,4),(3.69036359764859,3.87783981857116),
 .UNSPECIFIED.);
#2332=B_SPLINE_CURVE_WITH_KNOTS('',3,(#9739,#9740,#9741,#9742),
 .UNSPECIFIED.,.F.,.F.,(4,4),(-3.87783981857116,-3.69036359764859),
 .UNSPECIFIED.);
#2333=B_SPLINE_CURVE_WITH_KNOTS('',3,(#9748,#9749,#9750,#9751,#9752,#9753),
 .UNSPECIFIED.,.F.,.F.,(4,1,1,4),(-0.775902573214729,-0.638342048429699,
-0.31917102421485,-0.00448256486852924),.UNSPECIFIED.);
#2334=B_SPLINE_CURVE_WITH_KNOTS('',3,(#9755,#9756,#9757,#9758,#9759),
 .UNSPECIFIED.,.F.,.F.,(4,1,4),(-0.864349460433611,-0.797927560537124,-0.776113066827801),
 .UNSPECIFIED.);
#2335=B_SPLINE_CURVE_WITH_KNOTS('',3,(#9761,#9762,#9763,#9764,#9765),
 .UNSPECIFIED.,.F.,.F.,(4,1,4),(-1.11709858475197,-0.957513072644549,-0.864349460433611),
 .UNSPECIFIED.);
#2336=B_SPLINE_CURVE_WITH_KNOTS('',3,(#9769,#9770,#9771,#9772,#9773),
 .UNSPECIFIED.,.F.,.F.,(4,1,4),(-0.252847771471979,-0.159561396227532,-4.26231613943681E-17),
 .UNSPECIFIED.);
#2337=B_SPLINE_CURVE_WITH_KNOTS('',3,(#9775,#9776,#9777,#9778),
 .UNSPECIFIED.,.F.,.F.,(4,4),(-0.34175481831283,-0.252847771471979),
 .UNSPECIFIED.);
#2338=B_SPLINE_CURVE_WITH_KNOTS('',3,(#9779,#9780,#9781,#9782,#9783,#9784),
 .UNSPECIFIED.,.F.,.F.,(4,1,1,4),(-1.11244730181334,-0.79780698113766,-0.478684188682596,
-0.341180923598463),.UNSPECIFIED.);
#2339=B_SPLINE_CURVE_WITH_KNOTS('',3,(#9819,#9820,#9821,#9822,#9823,#9824,
#9825,#9826),.UNSPECIFIED.,.F.,.F.,(4,1,1,1,1,4),(0.,0.31917102421485,0.638342048429699,
0.797927560537124,0.957513072644549,1.11709858475197),.UNSPECIFIED.);
#2340=B_SPLINE_CURVE_WITH_KNOTS('',3,(#9882,#9883,#9884,#9885,#9886,#9887,
#9888,#9889,#9890,#9891),.UNSPECIFIED.,.F.,.F.,(4,1,1,1,1,2,4),(-1.35098659523486,
-1.08078927618789,-0.810591957140918,-0.540394638093945,-0.270197319046973,
0.,0.00161719966557105),.UNSPECIFIED.);
#2341=B_SPLINE_CURVE_WITH_KNOTS('',3,(#9892,#9893,#9894,#9895,#9896,#9897,
#9898,#9899,#9900,#9901),.UNSPECIFIED.,.F.,.F.,(4,2,1,1,1,1,4),(-0.00161719966557105,
0.,0.270197319046973,0.540394638093945,0.810591957140918,1.08078927618789,
1.35098659523486),.UNSPECIFIED.);
#2342=B_SPLINE_CURVE_WITH_KNOTS('',3,(#9953,#9954,#9955,#9956,#9957,#9958,
#9959),.UNSPECIFIED.,.F.,.F.,(4,1,1,1,4),(-7.97524646599806,-7.75302518701257,
-7.53080390802709,-7.36413794878797,-7.19747198954885),.UNSPECIFIED.);
#2343=B_SPLINE_CURVE_WITH_KNOTS('',3,(#9960,#9961,#9962,#9963,#9964,#9965,
#9966),.UNSPECIFIED.,.F.,.F.,(4,1,1,1,4),(7.19747198954885,7.36413794878797,
7.53080390802709,7.75302518701257,7.97524646599806),.UNSPECIFIED.);
#2344=B_SPLINE_CURVE_WITH_KNOTS('',3,(#9991,#9992,#9993,#9994,#9995),
 .UNSPECIFIED.,.F.,.F.,(4,1,4),(-0.456347223663734,-0.195577381570172,0.),
 .UNSPECIFIED.);
#2345=B_SPLINE_CURVE_WITH_KNOTS('',3,(#9998,#9999,#10000,#10001,#10002),
 .UNSPECIFIED.,.F.,.F.,(4,1,4),(0.,0.195577381570172,0.456347223663734),
 .UNSPECIFIED.);
#2346=B_SPLINE_CURVE_WITH_KNOTS('',3,(#10027,#10028,#10029,#10030,#10031,
#10032),.UNSPECIFIED.,.F.,.F.,(4,2,4),(-0.230586277649353,0.,0.00174216029876449),
 .UNSPECIFIED.);
#2347=B_SPLINE_CURVE_WITH_KNOTS('',3,(#10033,#10034,#10035,#10036,#10037,
#10038),.UNSPECIFIED.,.F.,.F.,(4,2,4),(-0.00174216029876449,0.,0.230586277649353),
 .UNSPECIFIED.);
#2348=B_SPLINE_CURVE_WITH_KNOTS('',3,(#10055,#10056,#10057,#10058),
 .UNSPECIFIED.,.F.,.F.,(4,4),(-0.308853053420561,-1.80526626393839E-15),
 .UNSPECIFIED.);
#2349=B_SPLINE_CURVE_WITH_KNOTS('',3,(#10059,#10060,#10061,#10062),
 .UNSPECIFIED.,.F.,.F.,(4,4),(1.80526626393839E-15,0.308853053420561),
 .UNSPECIFIED.);
#2350=B_SPLINE_CURVE_WITH_KNOTS('',3,(#10099,#10100,#10101,#10102,#10103,
#10104),.UNSPECIFIED.,.F.,.F.,(4,2,4),(-0.230710935162236,0.,0.00161719966581463),
 .UNSPECIFIED.);
#2351=B_SPLINE_CURVE_WITH_KNOTS('',3,(#10105,#10106,#10107,#10108,#10109,
#10110),.UNSPECIFIED.,.F.,.F.,(4,2,4),(-0.00161719966581463,0.,0.230710935162236),
 .UNSPECIFIED.);
#2352=B_SPLINE_CURVE_WITH_KNOTS('',3,(#10134,#10135,#10136,#10137,#10138),
 .UNSPECIFIED.,.F.,.F.,(4,1,4),(-0.45634722362262,-0.260769842070069,0.),
 .UNSPECIFIED.);
#2353=B_SPLINE_CURVE_WITH_KNOTS('',3,(#10139,#10140,#10141,#10142,#10143),
 .UNSPECIFIED.,.F.,.F.,(4,1,4),(0.,0.260769842070069,0.45634722362262),
 .UNSPECIFIED.);
#2354=B_SPLINE_CURVE_WITH_KNOTS('',3,(#10162,#10163,#10164,#10165),
 .UNSPECIFIED.,.F.,.F.,(4,4),(-0.308839178391459,4.76792908928334E-15),
 .UNSPECIFIED.);
#2355=B_SPLINE_CURVE_WITH_KNOTS('',3,(#10166,#10167,#10168,#10169),
 .UNSPECIFIED.,.F.,.F.,(4,4),(-4.76792908928334E-15,0.308839178391459),
 .UNSPECIFIED.);
#2356=B_SPLINE_CURVE_WITH_KNOTS('',3,(#10248,#10249,#10250,#10251,#10252,
#10253,#10254,#10255,#10256,#10257,#10258,#10259),.UNSPECIFIED.,.F.,.F.,
(4,1,1,1,1,1,1,2,4),(0.,0.270197319046863,0.540394638093725,0.810591957140588,
0.945690616664019,1.08078927618745,1.21588793571088,1.35098659523431,1.35260379490028),
 .UNSPECIFIED.);
#2357=B_SPLINE_CURVE_WITH_KNOTS('',3,(#10302,#10303,#10304,#10305,#10306,
#10307,#10308),.UNSPECIFIED.,.F.,.F.,(4,1,1,1,4),(1.48127984127729E-14,
0.222225799399748,0.333338699099615,0.555564498499348,0.777790297899082),
 .UNSPECIFIED.);
#2358=B_SPLINE_CURVE_WITH_KNOTS('',3,(#10343,#10344,#10345,#10346,#10347,
#10348,#10349),.UNSPECIFIED.,.F.,.F.,(4,1,1,1,4),(4.26231613943681E-17,
0.159561396227532,0.478684188682596,0.79780698113766,1.11692977359272),
 .UNSPECIFIED.);
#2359=B_SPLINE_CURVE_WITH_KNOTS('',3,(#10763,#10764,#10765,#10766,#10767,
#10768,#10769,#10770,#10771,#10772,#10773,#10774,#10775,#10776,#10777,#10778),
 .UNSPECIFIED.,.F.,.F.,(4,1,1,1,1,1,1,1,1,1,1,1,1,4),(0.,0.0903135749710048,
0.135470362456507,0.158048756199258,0.18062714994201,0.19324282756427,0.20585850518653,
0.23108986043105,0.24430045455278,0.257511048674511,0.272414173387383,0.287317298100255,
0.302220422813128,0.317123547526),.UNSPECIFIED.);
#2360=B_SPLINE_CURVE_WITH_KNOTS('',3,(#10780,#10781,#10782,#10783),
 .UNSPECIFIED.,.F.,.F.,(4,4),(0.,0.138924555223692),.UNSPECIFIED.);
#2361=B_SPLINE_CURVE_WITH_KNOTS('',3,(#10784,#10785,#10786,#10787,#10788,
#10789,#10790,#10791,#10792,#10793,#10794),.UNSPECIFIED.,.F.,.F.,(4,1,1,
1,1,1,1,1,4),(0.,0.0279190235205084,0.042742509612632,0.0575659957047556,
0.0905443947590878,0.12352279381342,0.134326301160744,0.145129808508068,
0.166736823202715),.UNSPECIFIED.);
#2362=B_SPLINE_CURVE_WITH_KNOTS('',3,(#10830,#10831,#10832,#10833,#10834,
#10835,#10836,#10837,#10838,#10839,#10840,#10841,#10842,#10843,#10844,#10845),
 .UNSPECIFIED.,.F.,.F.,(4,1,1,1,1,1,1,1,1,1,1,1,1,4),(-0.317123547526,-0.302220422813128,
-0.287317298100255,-0.272414173387383,-0.257511048674511,-0.24430045455278,
-0.23108986043105,-0.20585850518653,-0.19324282756427,-0.18062714994201,
-0.158048756199258,-0.135470362456507,-0.0903135749710048,0.),
 .UNSPECIFIED.);
#2363=B_SPLINE_CURVE_WITH_KNOTS('',3,(#10856,#10857,#10858,#10859),
 .UNSPECIFIED.,.F.,.F.,(4,4),(-0.138924555223692,0.),.UNSPECIFIED.);
#2364=B_SPLINE_CURVE_WITH_KNOTS('',3,(#10883,#10884,#10885,#10886,#10887,
#10888,#10889,#10890,#10891,#10892,#10893),.UNSPECIFIED.,.F.,.F.,(4,1,1,
1,1,1,1,1,4),(-0.166736823202715,-0.145129808508068,-0.134326301160744,
-0.12352279381342,-0.0905443947590878,-0.0575659957047556,-0.042742509612632,
-0.0279190235205084,0.),.UNSPECIFIED.);
#2365=B_SPLINE_CURVE_WITH_KNOTS('',3,(#10897,#10898,#10899,#10900,#10901,
#10902,#10903,#10904,#10905,#10906,#10907,#10908,#10909,#10910,#10911,#10912,
#10913,#10914,#10915,#10916),.UNSPECIFIED.,.F.,.F.,(4,1,1,1,1,1,1,1,1,1,
1,1,1,1,1,1,1,4),(0.,0.0391189774726007,0.058678466208901,0.0782379549452014,
0.118139846016202,0.158041737087203,0.237845519229205,0.249894050102624,
0.261942580976043,0.303598174362768,0.345253767749493,0.386909361136218,
0.428564954522944,0.455302169390814,0.46867077682475,0.482039384258685,
0.508776599126556,0.535513813994426),.UNSPECIFIED.);
#2366=B_SPLINE_CURVE_WITH_KNOTS('',3,(#10917,#10918,#10919,#10920,#10921,
#10922,#10923,#10924,#10925,#10926,#10927),.UNSPECIFIED.,.F.,.F.,(4,1,1,
1,1,1,1,1,4),(0.,0.0575912188473452,0.0863868282710178,0.11518243769469,
0.13023279223417,0.145283146773649,0.175383855852608,0.205484564931567,
0.235585274010526),.UNSPECIFIED.);
#2367=B_SPLINE_CURVE_WITH_KNOTS('',3,(#10930,#10931,#10932,#10933),
 .UNSPECIFIED.,.F.,.F.,(4,4),(0.,0.0807653568245338),.UNSPECIFIED.);
#2368=B_SPLINE_CURVE_WITH_KNOTS('',3,(#10934,#10935,#10936,#10937,#10938,
#10939,#10940,#10941),.UNSPECIFIED.,.F.,.F.,(4,1,1,1,1,4),(0.,0.10822527056948,
0.12226919241992,0.136313114270359,0.164400957971239,0.203870075005173),
 .UNSPECIFIED.);
#2369=B_SPLINE_CURVE_WITH_KNOTS('',3,(#10985,#10986,#10987,#10988,#10989,
#10990,#10991,#10992,#10993,#10994,#10995,#10996,#10997,#10998,#10999,#11000,
#11001,#11002,#11003,#11004),.UNSPECIFIED.,.F.,.F.,(4,1,1,1,1,1,1,1,1,1,
1,1,1,1,1,1,1,4),(-0.535513813994426,-0.508776599126556,-0.482039384258685,
-0.46867077682475,-0.455302169390814,-0.428564954522944,-0.386909361136218,
-0.345253767749493,-0.303598174362768,-0.261942580976043,-0.249894050102624,
-0.237845519229205,-0.158041737087203,-0.118139846016202,-0.0782379549452014,
-0.058678466208901,-0.0391189774726007,0.),.UNSPECIFIED.);
#2370=B_SPLINE_CURVE_WITH_KNOTS('',3,(#11028,#11029,#11030,#11031,#11032,
#11033,#11034,#11035,#11036,#11037,#11038),.UNSPECIFIED.,.F.,.F.,(4,1,1,
1,1,1,1,1,4),(-0.235585274010526,-0.205484564931567,-0.175383855852608,
-0.145283146773649,-0.13023279223417,-0.11518243769469,-0.0863868282710178,
-0.0575912188473452,0.),.UNSPECIFIED.);
#2371=B_SPLINE_CURVE_WITH_KNOTS('',3,(#11050,#11051,#11052,#11053),
 .UNSPECIFIED.,.F.,.F.,(4,4),(-0.0807653568245338,0.),.UNSPECIFIED.);
#2372=B_SPLINE_CURVE_WITH_KNOTS('',3,(#11071,#11072,#11073,#11074,#11075,
#11076,#11077,#11078),.UNSPECIFIED.,.F.,.F.,(4,1,1,1,1,4),(-0.203870075005173,
-0.164400957971239,-0.136313114270359,-0.12226919241992,-0.10822527056948,
0.),.UNSPECIFIED.);
#2373=B_SPLINE_CURVE_WITH_KNOTS('',3,(#11383,#11384,#11385,#11386,#11387,
#11388,#11389,#11390,#11391,#11392,#11393,#11394),.UNSPECIFIED.,.F.,.F.,
(4,1,1,1,1,1,1,2,4),(1.51156952655192E-15,0.26980871278339,0.404713069175084,
0.539617425566778,0.674521781958472,0.809426138350166,1.07923485113355,
1.34904356391694,1.35059988193688),.UNSPECIFIED.);
#2374=B_SPLINE_CURVE_WITH_KNOTS('',3,(#11535,#11536,#11537,#11538,#11539,
#11540,#11541,#11542),.UNSPECIFIED.,.F.,.F.,(4,2,1,1,4),(-0.00155631801993224,
0.,0.809426138350167,1.07923485113356,1.34904356391694),.UNSPECIFIED.);
#2375=B_SPLINE_CURVE_WITH_KNOTS('',3,(#11543,#11544,#11545,#11546,#11547,
#11548,#11549,#11550),.UNSPECIFIED.,.F.,.F.,(4,1,1,2,4),(-1.34904356391694,
-1.07923485113356,-0.809426138350167,0.,0.00155631801993224),
 .UNSPECIFIED.);
#2376=B_SPLINE_CURVE_WITH_KNOTS('',3,(#11578,#11579,#11580,#11581),
 .UNSPECIFIED.,.F.,.F.,(4,4),(-6.66133814775094E-15,0.18747622092258),
 .UNSPECIFIED.);
#2377=B_SPLINE_CURVE_WITH_KNOTS('',3,(#11582,#11583,#11584,#11585),
 .UNSPECIFIED.,.F.,.F.,(4,4),(-0.18747622092258,6.66133814775094E-15),
 .UNSPECIFIED.);
#2378=B_SPLINE_CURVE_WITH_KNOTS('',3,(#11639,#11640,#11641,#11642,#11643,
#11644,#11645,#11646,#11647,#11648),.UNSPECIFIED.,.F.,.F.,(4,2,1,1,1,1,
4),(-0.00119752401827876,0.,0.184850638590227,0.369701277180455,0.554551915770682,
0.739402554360909,0.92425319186765),.UNSPECIFIED.);
#2379=B_SPLINE_CURVE_WITH_KNOTS('',3,(#11649,#11650,#11651,#11652,#11653,
#11654,#11655,#11656,#11657,#11658),.UNSPECIFIED.,.F.,.F.,(4,1,1,1,1,2,
4),(-0.924253191867648,-0.739402554360909,-0.554551915770682,-0.369701277180455,
-0.184850638590227,0.,0.00119752401827876),.UNSPECIFIED.);
#2380=B_SPLINE_CURVE_WITH_KNOTS('',3,(#11714,#11715,#11716,#11717,#11718,
#11719,#11720,#11721,#11722,#11723,#11724),.UNSPECIFIED.,.F.,.F.,(4,1,1,
1,1,1,1,1,4),(0.,0.000559224337727573,0.00111844867545515,0.00335534602636544,
0.00782914072818602,0.0111844867545515,0.0134213841054617,0.0145398327809169,
0.015658281456372),.UNSPECIFIED.);
#2381=B_SPLINE_CURVE_WITH_KNOTS('',3,(#11725,#11726,#11727,#11728,#11729,
#11730,#11731,#11732,#11733,#11734,#11735),.UNSPECIFIED.,.F.,.F.,(4,1,1,
1,1,1,1,1,4),(-0.015658281456372,-0.0145398327809169,-0.0134213841054617,
-0.0111844867545515,-0.00782914072818602,-0.00335534602636544,-0.00111844867545515,
-0.000559224337727573,0.),.UNSPECIFIED.);
#2382=B_SPLINE_CURVE_WITH_KNOTS('',3,(#11740,#11741,#11742,#11743,#11744,
#11745,#11746,#11747,#11748,#11749,#11750,#11751),.UNSPECIFIED.,.F.,.F.,
(4,2,1,1,1,1,1,1,4),(-1.35260379490028,-1.35098659523431,-1.21588793571088,
-1.08078927618745,-0.945690616664019,-0.810591957140588,-0.540394638093725,
-0.270197319046863,0.),.UNSPECIFIED.);
#2383=B_SPLINE_CURVE_WITH_KNOTS('',3,(#11759,#11760,#11761,#11762,#11763,
#11764,#11765),.UNSPECIFIED.,.F.,.F.,(4,1,1,1,4),(-0.777790297899082,-0.555564498499348,
-0.333338699099615,-0.222225799399748,-1.48127984127729E-14),
 .UNSPECIFIED.);
#2384=B_SPLINE_CURVE_WITH_KNOTS('',3,(#11845,#11846,#11847,#11848,#11849,
#11850,#11851,#11852,#11853,#11854,#11855,#11856),.UNSPECIFIED.,.F.,.F.,
(4,2,1,1,1,1,1,1,4),(-1.35059988193688,-1.34904356391694,-1.07923485113355,
-0.809426138350166,-0.674521781958472,-0.539617425566778,-0.404713069175084,
-0.26980871278339,-1.51156952655192E-15),.UNSPECIFIED.);
#2385=B_SPLINE_CURVE_WITH_KNOTS('',3,(#11906,#11907,#11908,#11909,#11910,
#11911,#11912,#11913),.UNSPECIFIED.,.F.,.F.,(4,2,1,1,4),(-1.12320646352205,
-1.12200895113942,-0.567457031287912,-0.382606391337409,-0.197755752466089),
 .UNSPECIFIED.);
#2386=B_SPLINE_CURVE_WITH_KNOTS('',3,(#11914,#11915,#11916,#11917,#11918,
#11919,#11920,#11921),.UNSPECIFIED.,.F.,.F.,(4,1,1,2,4),(0.197755752466086,
0.382606391337409,0.567457031287912,1.12200895113942,1.12320646352205),
 .UNSPECIFIED.);
#2387=B_SPLINE_CURVE_WITH_KNOTS('',3,(#11980,#11981,#11982,#11983,#11984,
#11985,#11986,#11987,#11988,#11989,#11990),.UNSPECIFIED.,.F.,.F.,(4,1,1,
1,1,1,1,1,4),(0.,0.000559224339185571,0.00111844867837114,0.00335534603511343,
0.00782914074859799,0.0111844867837114,0.0134213841404537,0.0145398328188248,
0.015658281497196),.UNSPECIFIED.);
#2388=B_SPLINE_CURVE_WITH_KNOTS('',3,(#11991,#11992,#11993,#11994,#11995,
#11996,#11997,#11998,#11999,#12000,#12001),.UNSPECIFIED.,.F.,.F.,(4,1,1,
1,1,1,1,1,4),(-0.015658281497196,-0.0145398328188248,-0.0134213841404537,
-0.0111844867837114,-0.00782914074859799,-0.00335534603511343,-0.00111844867837114,
-0.000559224339185571,0.),.UNSPECIFIED.);
#2389=B_SPLINE_CURVE_WITH_KNOTS('',3,(#12026,#12027,#12028,#12029),
 .UNSPECIFIED.,.F.,.F.,(4,4),(-3.87783981857116,-3.69036359764859),
 .UNSPECIFIED.);
#2390=B_SPLINE_CURVE_WITH_KNOTS('',3,(#12030,#12031,#12032,#12033),
 .UNSPECIFIED.,.F.,.F.,(4,4),(3.69036359764859,3.87783981857116),
 .UNSPECIFIED.);
#2391=B_SPLINE_CURVE_WITH_KNOTS('',3,(#12036,#12037,#12038,#12039,#12040,
#12041),.UNSPECIFIED.,.F.,.F.,(4,1,1,4),(-1.11244730181334,-0.79780698113766,
-0.478684188682596,-0.341180923598463),.UNSPECIFIED.);
#2392=B_SPLINE_CURVE_WITH_KNOTS('',3,(#12043,#12044,#12045,#12046),
 .UNSPECIFIED.,.F.,.F.,(4,4),(-0.34175481831283,-0.252847771471979),
 .UNSPECIFIED.);
#2393=B_SPLINE_CURVE_WITH_KNOTS('',3,(#12048,#12049,#12050,#12051,#12052),
 .UNSPECIFIED.,.F.,.F.,(4,1,4),(-0.252847771471979,-0.159561396227532,-4.26231613943681E-17),
 .UNSPECIFIED.);
#2394=B_SPLINE_CURVE_WITH_KNOTS('',3,(#12056,#12057,#12058,#12059,#12060),
 .UNSPECIFIED.,.F.,.F.,(4,1,4),(-1.11709858475197,-0.957513072644549,-0.864349460433611),
 .UNSPECIFIED.);
#2395=B_SPLINE_CURVE_WITH_KNOTS('',3,(#12062,#12063,#12064,#12065,#12066),
 .UNSPECIFIED.,.F.,.F.,(4,1,4),(-0.864349460433611,-0.797927560537124,-0.776113066827801),
 .UNSPECIFIED.);
#2396=B_SPLINE_CURVE_WITH_KNOTS('',3,(#12067,#12068,#12069,#12070,#12071,
#12072),.UNSPECIFIED.,.F.,.F.,(4,1,1,4),(-0.775902573214729,-0.638342048429699,
-0.31917102421485,-0.00448256486852924),.UNSPECIFIED.);
#2397=B_SPLINE_CURVE_WITH_KNOTS('',3,(#12110,#12111,#12112,#12113,#12114,
#12115,#12116,#12117),.UNSPECIFIED.,.F.,.F.,(4,1,1,1,1,4),(0.,0.31917102421485,
0.638342048429699,0.797927560537124,0.957513072644549,1.11709858475197),
 .UNSPECIFIED.);
#2398=B_SPLINE_CURVE_WITH_KNOTS('',3,(#12173,#12174,#12175,#12176,#12177,
#12178,#12179,#12180,#12181,#12182),.UNSPECIFIED.,.F.,.F.,(4,2,1,1,1,1,
4),(-0.00161719966557105,0.,0.270197319046973,0.540394638093945,0.810591957140918,
1.08078927618789,1.35098659523486),.UNSPECIFIED.);
#2399=B_SPLINE_CURVE_WITH_KNOTS('',3,(#12183,#12184,#12185,#12186,#12187,
#12188,#12189,#12190,#12191,#12192),.UNSPECIFIED.,.F.,.F.,(4,1,1,1,1,2,
4),(-1.35098659523486,-1.08078927618789,-0.810591957140918,-0.540394638093945,
-0.270197319046973,0.,0.00161719966557105),.UNSPECIFIED.);
#2400=B_SPLINE_CURVE_WITH_KNOTS('',3,(#12244,#12245,#12246,#12247,#12248,
#12249,#12250),.UNSPECIFIED.,.F.,.F.,(4,1,1,1,4),(7.19747198954885,7.36413794878797,
7.53080390802709,7.75302518701257,7.97524646599806),.UNSPECIFIED.);
#2401=B_SPLINE_CURVE_WITH_KNOTS('',3,(#12251,#12252,#12253,#12254,#12255,
#12256,#12257),.UNSPECIFIED.,.F.,.F.,(4,1,1,1,4),(-7.97524646599806,-7.75302518701257,
-7.53080390802709,-7.36413794878797,-7.19747198954885),.UNSPECIFIED.);
#2402=B_SPLINE_CURVE_WITH_KNOTS('',3,(#12282,#12283,#12284,#12285,#12286),
 .UNSPECIFIED.,.F.,.F.,(4,1,4),(0.,0.195577381570172,0.456347223663734),
 .UNSPECIFIED.);
#2403=B_SPLINE_CURVE_WITH_KNOTS('',3,(#12289,#12290,#12291,#12292,#12293),
 .UNSPECIFIED.,.F.,.F.,(4,1,4),(-0.456347223663734,-0.195577381570172,0.),
 .UNSPECIFIED.);
#2404=B_SPLINE_CURVE_WITH_KNOTS('',3,(#12318,#12319,#12320,#12321,#12322,
#12323),.UNSPECIFIED.,.F.,.F.,(4,2,4),(-0.00174216029876449,0.,0.230586277649353),
 .UNSPECIFIED.);
#2405=B_SPLINE_CURVE_WITH_KNOTS('',3,(#12324,#12325,#12326,#12327,#12328,
#12329),.UNSPECIFIED.,.F.,.F.,(4,2,4),(-0.230586277649353,0.,0.00174216029876449),
 .UNSPECIFIED.);
#2406=B_SPLINE_CURVE_WITH_KNOTS('',3,(#12346,#12347,#12348,#12349),
 .UNSPECIFIED.,.F.,.F.,(4,4),(1.80526626393839E-15,0.308853053420561),
 .UNSPECIFIED.);
#2407=B_SPLINE_CURVE_WITH_KNOTS('',3,(#12350,#12351,#12352,#12353),
 .UNSPECIFIED.,.F.,.F.,(4,4),(-0.308853053420561,-1.80526626393839E-15),
 .UNSPECIFIED.);
#2408=B_SPLINE_CURVE_WITH_KNOTS('',3,(#12390,#12391,#12392,#12393,#12394,
#12395),.UNSPECIFIED.,.F.,.F.,(4,2,4),(-0.00161719966581463,0.,0.230710935162236),
 .UNSPECIFIED.);
#2409=B_SPLINE_CURVE_WITH_KNOTS('',3,(#12396,#12397,#12398,#12399,#12400,
#12401),.UNSPECIFIED.,.F.,.F.,(4,2,4),(-0.230710935162236,0.,0.00161719966581463),
 .UNSPECIFIED.);
#2410=B_SPLINE_CURVE_WITH_KNOTS('',3,(#12425,#12426,#12427,#12428,#12429),
 .UNSPECIFIED.,.F.,.F.,(4,1,4),(0.,0.260769842070069,0.45634722362262),
 .UNSPECIFIED.);
#2411=B_SPLINE_CURVE_WITH_KNOTS('',3,(#12430,#12431,#12432,#12433,#12434),
 .UNSPECIFIED.,.F.,.F.,(4,1,4),(-0.45634722362262,-0.260769842070069,0.),
 .UNSPECIFIED.);
#2412=B_SPLINE_CURVE_WITH_KNOTS('',3,(#12453,#12454,#12455,#12456),
 .UNSPECIFIED.,.F.,.F.,(4,4),(-4.76792908928334E-15,0.308839178391459),
 .UNSPECIFIED.);
#2413=B_SPLINE_CURVE_WITH_KNOTS('',3,(#12457,#12458,#12459,#12460),
 .UNSPECIFIED.,.F.,.F.,(4,4),(-0.308839178391459,4.76792908928334E-15),
 .UNSPECIFIED.);
#2414=B_SPLINE_CURVE_WITH_KNOTS('',3,(#12539,#12540,#12541,#12542,#12543,
#12544,#12545,#12546,#12547,#12548,#12549,#12550),.UNSPECIFIED.,.F.,.F.,
(4,1,1,1,1,1,1,2,4),(0.,0.270197319046863,0.540394638093725,0.810591957140588,
0.945690616664019,1.08078927618745,1.21588793571088,1.35098659523431,1.35260379490028),
 .UNSPECIFIED.);
#2415=B_SPLINE_CURVE_WITH_KNOTS('',3,(#12593,#12594,#12595,#12596,#12597,
#12598,#12599),.UNSPECIFIED.,.F.,.F.,(4,1,1,1,4),(1.48127984127729E-14,
0.222225799399748,0.333338699099615,0.555564498499348,0.777790297899082),
 .UNSPECIFIED.);
#2416=B_SPLINE_CURVE_WITH_KNOTS('',3,(#12634,#12635,#12636,#12637,#12638,
#12639,#12640),.UNSPECIFIED.,.F.,.F.,(4,1,1,1,4),(4.26231613943681E-17,
0.159561396227532,0.478684188682596,0.79780698113766,1.11692977359272),
 .UNSPECIFIED.);
#2417=VERTEX_POINT('',#8470);
#2418=VERTEX_POINT('',#8471);
#2419=VERTEX_POINT('',#8488);
#2420=VERTEX_POINT('',#8536);
#2421=VERTEX_POINT('',#8538);
#2422=VERTEX_POINT('',#8564);
#2423=VERTEX_POINT('',#8604);
#2424=VERTEX_POINT('',#8605);
#2425=VERTEX_POINT('',#8637);
#2426=VERTEX_POINT('',#8638);
#2427=VERTEX_POINT('',#8691);
#2428=VERTEX_POINT('',#8693);
#2429=VERTEX_POINT('',#8756);
#2430=VERTEX_POINT('',#8758);
#2431=VERTEX_POINT('',#8798);
#2432=VERTEX_POINT('',#8799);
#2433=VERTEX_POINT('',#8801);
#2434=VERTEX_POINT('',#8803);
#2435=VERTEX_POINT('',#8807);
#2436=VERTEX_POINT('',#8808);
#2437=VERTEX_POINT('',#8821);
#2438=VERTEX_POINT('',#8822);
#2439=VERTEX_POINT('',#8827);
#2440=VERTEX_POINT('',#8829);
#2441=VERTEX_POINT('',#8833);
#2442=VERTEX_POINT('',#8837);
#2443=VERTEX_POINT('',#8839);
#2444=VERTEX_POINT('',#8851);
#2445=VERTEX_POINT('',#8852);
#2446=VERTEX_POINT('',#8857);
#2447=VERTEX_POINT('',#8858);
#2448=VERTEX_POINT('',#8871);
#2449=VERTEX_POINT('',#8872);
#2450=VERTEX_POINT('',#8879);
#2451=VERTEX_POINT('',#8883);
#2452=VERTEX_POINT('',#8885);
#2453=VERTEX_POINT('',#8889);
#2454=VERTEX_POINT('',#8891);
#2455=VERTEX_POINT('',#8895);
#2456=VERTEX_POINT('',#8896);
#2457=VERTEX_POINT('',#8898);
#2458=VERTEX_POINT('',#8900);
#2459=VERTEX_POINT('',#8904);
#2460=VERTEX_POINT('',#8905);
#2461=VERTEX_POINT('',#8907);
#2462=VERTEX_POINT('',#8909);
#2463=VERTEX_POINT('',#8915);
#2464=VERTEX_POINT('',#8918);
#2465=VERTEX_POINT('',#8920);
#2466=VERTEX_POINT('',#8924);
#2467=VERTEX_POINT('',#8925);
#2468=VERTEX_POINT('',#8928);
#2469=VERTEX_POINT('',#8932);
#2470=VERTEX_POINT('',#8933);
#2471=VERTEX_POINT('',#8935);
#2472=VERTEX_POINT('',#8940);
#2473=VERTEX_POINT('',#8946);
#2474=VERTEX_POINT('',#8948);
#2475=VERTEX_POINT('',#8954);
#2476=VERTEX_POINT('',#8955);
#2477=VERTEX_POINT('',#8957);
#2478=VERTEX_POINT('',#8959);
#2479=VERTEX_POINT('',#8961);
#2480=VERTEX_POINT('',#8963);
#2481=VERTEX_POINT('',#8966);
#2482=VERTEX_POINT('',#8968);
#2483=VERTEX_POINT('',#8969);
#2484=VERTEX_POINT('',#8971);
#2485=VERTEX_POINT('',#8973);
#2486=VERTEX_POINT('',#8975);
#2487=VERTEX_POINT('',#8977);
#2488=VERTEX_POINT('',#8979);
#2489=VERTEX_POINT('',#8981);
#2490=VERTEX_POINT('',#8985);
#2491=VERTEX_POINT('',#8986);
#2492=VERTEX_POINT('',#8988);
#2493=VERTEX_POINT('',#8990);
#2494=VERTEX_POINT('',#8994);
#2495=VERTEX_POINT('',#8996);
#2496=VERTEX_POINT('',#9000);
#2497=VERTEX_POINT('',#9001);
#2498=VERTEX_POINT('',#9006);
#2499=VERTEX_POINT('',#9007);
#2500=VERTEX_POINT('',#9012);
#2501=VERTEX_POINT('',#9013);
#2502=VERTEX_POINT('',#9018);
#2503=VERTEX_POINT('',#9019);
#2504=VERTEX_POINT('',#9024);
#2505=VERTEX_POINT('',#9025);
#2506=VERTEX_POINT('',#9030);
#2507=VERTEX_POINT('',#9032);
#2508=VERTEX_POINT('',#9036);
#2509=VERTEX_POINT('',#9037);
#2510=VERTEX_POINT('',#9042);
#2511=VERTEX_POINT('',#9044);
#2512=VERTEX_POINT('',#9048);
#2513=VERTEX_POINT('',#9049);
#2514=VERTEX_POINT('',#9054);
#2515=VERTEX_POINT('',#9055);
#2516=VERTEX_POINT('',#9060);
#2517=VERTEX_POINT('',#9061);
#2518=VERTEX_POINT('',#9066);
#2519=VERTEX_POINT('',#9067);
#2520=VERTEX_POINT('',#9072);
#2521=VERTEX_POINT('',#9073);
#2522=VERTEX_POINT('',#9081);
#2523=VERTEX_POINT('',#9083);
#2524=VERTEX_POINT('',#9096);
#2525=VERTEX_POINT('',#9098);
#2526=VERTEX_POINT('',#9100);
#2527=VERTEX_POINT('',#9102);
#2528=VERTEX_POINT('',#9106);
#2529=VERTEX_POINT('',#9108);
#2530=VERTEX_POINT('',#9110);
#2531=VERTEX_POINT('',#9114);
#2532=VERTEX_POINT('',#9118);
#2533=VERTEX_POINT('',#9122);
#2534=VERTEX_POINT('',#9126);
#2535=VERTEX_POINT('',#9128);
#2536=VERTEX_POINT('',#9130);
#2537=VERTEX_POINT('',#9134);
#2538=VERTEX_POINT('',#9136);
#2539=VERTEX_POINT('',#9140);
#2540=VERTEX_POINT('',#9142);
#2541=VERTEX_POINT('',#9144);
#2542=VERTEX_POINT('',#9146);
#2543=VERTEX_POINT('',#9148);
#2544=VERTEX_POINT('',#9152);
#2545=VERTEX_POINT('',#9154);
#2546=VERTEX_POINT('',#9156);
#2547=VERTEX_POINT('',#9158);
#2548=VERTEX_POINT('',#9160);
#2549=VERTEX_POINT('',#9163);
#2550=VERTEX_POINT('',#9165);
#2551=VERTEX_POINT('',#9169);
#2552=VERTEX_POINT('',#9173);
#2553=VERTEX_POINT('',#9176);
#2554=VERTEX_POINT('',#9178);
#2555=VERTEX_POINT('',#9182);
#2556=VERTEX_POINT('',#9186);
#2557=VERTEX_POINT('',#9189);
#2558=VERTEX_POINT('',#9190);
#2559=VERTEX_POINT('',#9192);
#2560=VERTEX_POINT('',#9194);
#2561=VERTEX_POINT('',#9198);
#2562=VERTEX_POINT('',#9199);
#2563=VERTEX_POINT('',#9243);
#2564=VERTEX_POINT('',#9284);
#2565=VERTEX_POINT('',#9285);
#2566=VERTEX_POINT('',#9345);
#2567=VERTEX_POINT('',#9346);
#2568=VERTEX_POINT('',#9446);
#2569=VERTEX_POINT('',#9448);
#2570=VERTEX_POINT('',#9463);
#2571=VERTEX_POINT('',#9467);
#2572=VERTEX_POINT('',#9477);
#2573=VERTEX_POINT('',#9479);
#2574=VERTEX_POINT('',#9567);
#2575=VERTEX_POINT('',#9568);
#2576=VERTEX_POINT('',#9612);
#2577=VERTEX_POINT('',#9613);
#2578=VERTEX_POINT('',#9686);
#2579=VERTEX_POINT('',#9687);
#2580=VERTEX_POINT('',#9744);
#2581=VERTEX_POINT('',#9747);
#2582=VERTEX_POINT('',#9754);
#2583=VERTEX_POINT('',#9760);
#2584=VERTEX_POINT('',#9766);
#2585=VERTEX_POINT('',#9768);
#2586=VERTEX_POINT('',#9774);
#2587=VERTEX_POINT('',#9818);
#2588=VERTEX_POINT('',#9879);
#2589=VERTEX_POINT('',#9880);
#2590=VERTEX_POINT('',#9903);
#2591=VERTEX_POINT('',#9904);
#2592=VERTEX_POINT('',#9950);
#2593=VERTEX_POINT('',#9951);
#2594=VERTEX_POINT('',#9987);
#2595=VERTEX_POINT('',#9988);
#2596=VERTEX_POINT('',#9990);
#2597=VERTEX_POINT('',#9996);
#2598=VERTEX_POINT('',#10095);
#2599=VERTEX_POINT('',#10096);
#2600=VERTEX_POINT('',#10098);
#2601=VERTEX_POINT('',#10131);
#2602=VERTEX_POINT('',#10132);
#2603=VERTEX_POINT('',#10160);
#2604=VERTEX_POINT('',#10171);
#2605=VERTEX_POINT('',#10173);
#2606=VERTEX_POINT('',#10310);
#2607=VERTEX_POINT('',#10341);
#2608=VERTEX_POINT('',#10392);
#2609=VERTEX_POINT('',#10402);
#2610=VERTEX_POINT('',#10404);
#2611=VERTEX_POINT('',#10411);
#2612=VERTEX_POINT('',#10415);
#2613=VERTEX_POINT('',#10419);
#2614=VERTEX_POINT('',#10423);
#2615=VERTEX_POINT('',#10429);
#2616=VERTEX_POINT('',#10438);
#2617=VERTEX_POINT('',#10440);
#2618=VERTEX_POINT('',#10444);
#2619=VERTEX_POINT('',#10445);
#2620=VERTEX_POINT('',#10447);
#2621=VERTEX_POINT('',#10449);
#2622=VERTEX_POINT('',#10452);
#2623=VERTEX_POINT('',#10454);
#2624=VERTEX_POINT('',#10455);
#2625=VERTEX_POINT('',#10457);
#2626=VERTEX_POINT('',#10459);
#2627=VERTEX_POINT('',#10461);
#2628=VERTEX_POINT('',#10463);
#2629=VERTEX_POINT('',#10465);
#2630=VERTEX_POINT('',#10467);
#2631=VERTEX_POINT('',#10473);
#2632=VERTEX_POINT('',#10479);
#2633=VERTEX_POINT('',#10481);
#2634=VERTEX_POINT('',#10485);
#2635=VERTEX_POINT('',#10489);
#2636=VERTEX_POINT('',#10493);
#2637=VERTEX_POINT('',#10497);
#2638=VERTEX_POINT('',#10510);
#2639=VERTEX_POINT('',#10514);
#2640=VERTEX_POINT('',#10515);
#2641=VERTEX_POINT('',#10517);
#2642=VERTEX_POINT('',#10519);
#2643=VERTEX_POINT('',#10521);
#2644=VERTEX_POINT('',#10523);
#2645=VERTEX_POINT('',#10568);
#2646=VERTEX_POINT('',#10569);
#2647=VERTEX_POINT('',#10571);
#2648=VERTEX_POINT('',#10573);
#2649=VERTEX_POINT('',#10577);
#2650=VERTEX_POINT('',#10578);
#2651=VERTEX_POINT('',#10591);
#2652=VERTEX_POINT('',#10592);
#2653=VERTEX_POINT('',#10597);
#2654=VERTEX_POINT('',#10598);
#2655=VERTEX_POINT('',#10611);
#2656=VERTEX_POINT('',#10612);
#2657=VERTEX_POINT('',#10617);
#2658=VERTEX_POINT('',#10618);
#2659=VERTEX_POINT('',#10631);
#2660=VERTEX_POINT('',#10632);
#2661=VERTEX_POINT('',#10650);
#2662=VERTEX_POINT('',#10651);
#2663=VERTEX_POINT('',#10653);
#2664=VERTEX_POINT('',#10655);
#2665=VERTEX_POINT('',#10667);
#2666=VERTEX_POINT('',#10668);
#2667=VERTEX_POINT('',#10673);
#2668=VERTEX_POINT('',#10674);
#2669=VERTEX_POINT('',#10687);
#2670=VERTEX_POINT('',#10688);
#2671=VERTEX_POINT('',#10693);
#2672=VERTEX_POINT('',#10694);
#2673=VERTEX_POINT('',#10707);
#2674=VERTEX_POINT('',#10708);
#2675=VERTEX_POINT('',#10713);
#2676=VERTEX_POINT('',#10714);
#2677=VERTEX_POINT('',#10761);
#2678=VERTEX_POINT('',#10762);
#2679=VERTEX_POINT('',#10779);
#2680=VERTEX_POINT('',#10827);
#2681=VERTEX_POINT('',#10829);
#2682=VERTEX_POINT('',#10855);
#2683=VERTEX_POINT('',#10895);
#2684=VERTEX_POINT('',#10896);
#2685=VERTEX_POINT('',#10928);
#2686=VERTEX_POINT('',#10929);
#2687=VERTEX_POINT('',#10982);
#2688=VERTEX_POINT('',#10984);
#2689=VERTEX_POINT('',#11047);
#2690=VERTEX_POINT('',#11049);
#2691=VERTEX_POINT('',#11089);
#2692=VERTEX_POINT('',#11090);
#2693=VERTEX_POINT('',#11092);
#2694=VERTEX_POINT('',#11094);
#2695=VERTEX_POINT('',#11098);
#2696=VERTEX_POINT('',#11099);
#2697=VERTEX_POINT('',#11112);
#2698=VERTEX_POINT('',#11113);
#2699=VERTEX_POINT('',#11118);
#2700=VERTEX_POINT('',#11120);
#2701=VERTEX_POINT('',#11124);
#2702=VERTEX_POINT('',#11128);
#2703=VERTEX_POINT('',#11130);
#2704=VERTEX_POINT('',#11142);
#2705=VERTEX_POINT('',#11143);
#2706=VERTEX_POINT('',#11148);
#2707=VERTEX_POINT('',#11149);
#2708=VERTEX_POINT('',#11162);
#2709=VERTEX_POINT('',#11163);
#2710=VERTEX_POINT('',#11170);
#2711=VERTEX_POINT('',#11174);
#2712=VERTEX_POINT('',#11176);
#2713=VERTEX_POINT('',#11180);
#2714=VERTEX_POINT('',#11182);
#2715=VERTEX_POINT('',#11186);
#2716=VERTEX_POINT('',#11187);
#2717=VERTEX_POINT('',#11189);
#2718=VERTEX_POINT('',#11191);
#2719=VERTEX_POINT('',#11195);
#2720=VERTEX_POINT('',#11196);
#2721=VERTEX_POINT('',#11198);
#2722=VERTEX_POINT('',#11200);
#2723=VERTEX_POINT('',#11206);
#2724=VERTEX_POINT('',#11209);
#2725=VERTEX_POINT('',#11211);
#2726=VERTEX_POINT('',#11215);
#2727=VERTEX_POINT('',#11216);
#2728=VERTEX_POINT('',#11218);
#2729=VERTEX_POINT('',#11223);
#2730=VERTEX_POINT('',#11224);
#2731=VERTEX_POINT('',#11227);
#2732=VERTEX_POINT('',#11231);
#2733=VERTEX_POINT('',#11237);
#2734=VERTEX_POINT('',#11239);
#2735=VERTEX_POINT('',#11245);
#2736=VERTEX_POINT('',#11246);
#2737=VERTEX_POINT('',#11248);
#2738=VERTEX_POINT('',#11250);
#2739=VERTEX_POINT('',#11252);
#2740=VERTEX_POINT('',#11254);
#2741=VERTEX_POINT('',#11257);
#2742=VERTEX_POINT('',#11259);
#2743=VERTEX_POINT('',#11260);
#2744=VERTEX_POINT('',#11262);
#2745=VERTEX_POINT('',#11264);
#2746=VERTEX_POINT('',#11266);
#2747=VERTEX_POINT('',#11268);
#2748=VERTEX_POINT('',#11270);
#2749=VERTEX_POINT('',#11272);
#2750=VERTEX_POINT('',#11276);
#2751=VERTEX_POINT('',#11277);
#2752=VERTEX_POINT('',#11279);
#2753=VERTEX_POINT('',#11281);
#2754=VERTEX_POINT('',#11285);
#2755=VERTEX_POINT('',#11287);
#2756=VERTEX_POINT('',#11291);
#2757=VERTEX_POINT('',#11292);
#2758=VERTEX_POINT('',#11297);
#2759=VERTEX_POINT('',#11298);
#2760=VERTEX_POINT('',#11303);
#2761=VERTEX_POINT('',#11304);
#2762=VERTEX_POINT('',#11309);
#2763=VERTEX_POINT('',#11310);
#2764=VERTEX_POINT('',#11315);
#2765=VERTEX_POINT('',#11316);
#2766=VERTEX_POINT('',#11321);
#2767=VERTEX_POINT('',#11323);
#2768=VERTEX_POINT('',#11327);
#2769=VERTEX_POINT('',#11328);
#2770=VERTEX_POINT('',#11333);
#2771=VERTEX_POINT('',#11335);
#2772=VERTEX_POINT('',#11339);
#2773=VERTEX_POINT('',#11340);
#2774=VERTEX_POINT('',#11345);
#2775=VERTEX_POINT('',#11346);
#2776=VERTEX_POINT('',#11351);
#2777=VERTEX_POINT('',#11352);
#2778=VERTEX_POINT('',#11357);
#2779=VERTEX_POINT('',#11358);
#2780=VERTEX_POINT('',#11363);
#2781=VERTEX_POINT('',#11364);
#2782=VERTEX_POINT('',#11372);
#2783=VERTEX_POINT('',#11374);
#2784=VERTEX_POINT('',#11376);
#2785=VERTEX_POINT('',#11378);
#2786=VERTEX_POINT('',#11380);
#2787=VERTEX_POINT('',#11382);
#2788=VERTEX_POINT('',#11397);
#2789=VERTEX_POINT('',#11399);
#2790=VERTEX_POINT('',#11401);
#2791=VERTEX_POINT('',#11405);
#2792=VERTEX_POINT('',#11409);
#2793=VERTEX_POINT('',#11413);
#2794=VERTEX_POINT('',#11417);
#2795=VERTEX_POINT('',#11419);
#2796=VERTEX_POINT('',#11421);
#2797=VERTEX_POINT('',#11425);
#2798=VERTEX_POINT('',#11427);
#2799=VERTEX_POINT('',#11431);
#2800=VERTEX_POINT('',#11433);
#2801=VERTEX_POINT('',#11435);
#2802=VERTEX_POINT('',#11437);
#2803=VERTEX_POINT('',#11439);
#2804=VERTEX_POINT('',#11443);
#2805=VERTEX_POINT('',#11445);
#2806=VERTEX_POINT('',#11447);
#2807=VERTEX_POINT('',#11449);
#2808=VERTEX_POINT('',#11451);
#2809=VERTEX_POINT('',#11454);
#2810=VERTEX_POINT('',#11456);
#2811=VERTEX_POINT('',#11460);
#2812=VERTEX_POINT('',#11464);
#2813=VERTEX_POINT('',#11467);
#2814=VERTEX_POINT('',#11469);
#2815=VERTEX_POINT('',#11473);
#2816=VERTEX_POINT('',#11477);
#2817=VERTEX_POINT('',#11480);
#2818=VERTEX_POINT('',#11481);
#2819=VERTEX_POINT('',#11483);
#2820=VERTEX_POINT('',#11485);
#2821=VERTEX_POINT('',#11489);
#2822=VERTEX_POINT('',#11490);
#2823=VERTEX_POINT('',#11534);
#2824=VERTEX_POINT('',#11575);
#2825=VERTEX_POINT('',#11576);
#2826=VERTEX_POINT('',#11636);
#2827=VERTEX_POINT('',#11637);
#2828=VERTEX_POINT('',#11737);
#2829=VERTEX_POINT('',#11739);
#2830=VERTEX_POINT('',#11754);
#2831=VERTEX_POINT('',#11758);
#2832=VERTEX_POINT('',#11768);
#2833=VERTEX_POINT('',#11770);
#2834=VERTEX_POINT('',#11858);
#2835=VERTEX_POINT('',#11859);
#2836=VERTEX_POINT('',#11903);
#2837=VERTEX_POINT('',#11904);
#2838=VERTEX_POINT('',#11977);
#2839=VERTEX_POINT('',#11978);
#2840=VERTEX_POINT('',#12035);
#2841=VERTEX_POINT('',#12042);
#2842=VERTEX_POINT('',#12047);
#2843=VERTEX_POINT('',#12053);
#2844=VERTEX_POINT('',#12055);
#2845=VERTEX_POINT('',#12061);
#2846=VERTEX_POINT('',#12073);
#2847=VERTEX_POINT('',#12108);
#2848=VERTEX_POINT('',#12170);
#2849=VERTEX_POINT('',#12171);
#2850=VERTEX_POINT('',#12194);
#2851=VERTEX_POINT('',#12195);
#2852=VERTEX_POINT('',#12241);
#2853=VERTEX_POINT('',#12242);
#2854=VERTEX_POINT('',#12278);
#2855=VERTEX_POINT('',#12279);
#2856=VERTEX_POINT('',#12281);
#2857=VERTEX_POINT('',#12287);
#2858=VERTEX_POINT('',#12386);
#2859=VERTEX_POINT('',#12387);
#2860=VERTEX_POINT('',#12389);
#2861=VERTEX_POINT('',#12422);
#2862=VERTEX_POINT('',#12423);
#2863=VERTEX_POINT('',#12451);
#2864=VERTEX_POINT('',#12462);
#2865=VERTEX_POINT('',#12464);
#2866=VERTEX_POINT('',#12601);
#2867=VERTEX_POINT('',#12633);
#2868=VERTEX_POINT('',#12683);
#2869=VERTEX_POINT('',#12694);
#2870=VERTEX_POINT('',#12696);
#2871=VERTEX_POINT('',#12702);
#2872=VERTEX_POINT('',#12706);
#2873=VERTEX_POINT('',#12710);
#2874=VERTEX_POINT('',#12714);
#2875=VERTEX_POINT('',#12720);
#2876=VERTEX_POINT('',#12729);
#2877=VERTEX_POINT('',#12731);
#2878=VERTEX_POINT('',#12735);
#2879=VERTEX_POINT('',#12736);
#2880=VERTEX_POINT('',#12738);
#2881=VERTEX_POINT('',#12740);
#2882=VERTEX_POINT('',#12743);
#2883=VERTEX_POINT('',#12745);
#2884=VERTEX_POINT('',#12746);
#2885=VERTEX_POINT('',#12748);
#2886=VERTEX_POINT('',#12750);
#2887=VERTEX_POINT('',#12752);
#2888=VERTEX_POINT('',#12754);
#2889=VERTEX_POINT('',#12756);
#2890=VERTEX_POINT('',#12758);
#2891=VERTEX_POINT('',#12764);
#2892=VERTEX_POINT('',#12770);
#2893=VERTEX_POINT('',#12772);
#2894=VERTEX_POINT('',#12776);
#2895=VERTEX_POINT('',#12780);
#2896=VERTEX_POINT('',#12784);
#2897=VERTEX_POINT('',#12788);
#2898=VERTEX_POINT('',#12801);
#2899=VERTEX_POINT('',#12805);
#2900=VERTEX_POINT('',#12806);
#2901=VERTEX_POINT('',#12808);
#2902=VERTEX_POINT('',#12810);
#2903=VERTEX_POINT('',#12812);
#2904=VERTEX_POINT('',#12814);
#2905=VERTEX_POINT('',#12859);
#2906=VERTEX_POINT('',#12860);
#2907=VERTEX_POINT('',#12862);
#2908=VERTEX_POINT('',#12864);
#2909=VERTEX_POINT('',#12868);
#2910=VERTEX_POINT('',#12869);
#2911=VERTEX_POINT('',#12882);
#2912=VERTEX_POINT('',#12883);
#2913=VERTEX_POINT('',#12888);
#2914=VERTEX_POINT('',#12889);
#2915=VERTEX_POINT('',#12902);
#2916=VERTEX_POINT('',#12903);
#2917=VERTEX_POINT('',#12908);
#2918=VERTEX_POINT('',#12909);
#2919=VERTEX_POINT('',#12922);
#2920=VERTEX_POINT('',#12923);
#2921=VERTEX_POINT('',#12941);
#2922=VERTEX_POINT('',#12942);
#2923=VERTEX_POINT('',#12944);
#2924=VERTEX_POINT('',#12946);
#2925=VERTEX_POINT('',#12958);
#2926=VERTEX_POINT('',#12959);
#2927=VERTEX_POINT('',#12964);
#2928=VERTEX_POINT('',#12965);
#2929=VERTEX_POINT('',#12978);
#2930=VERTEX_POINT('',#12979);
#2931=VERTEX_POINT('',#12984);
#2932=VERTEX_POINT('',#12985);
#2933=VERTEX_POINT('',#12998);
#2934=VERTEX_POINT('',#12999);
#2935=VERTEX_POINT('',#13004);
#2936=VERTEX_POINT('',#13005);
#2937=EDGE_CURVE('',#2417,#2418,#2301,.T.);
#2938=EDGE_CURVE('',#2418,#2419,#2302,.T.);
#2939=EDGE_CURVE('',#2419,#2417,#2303,.T.);
#2940=EDGE_CURVE('',#2417,#2420,#619,.T.);
#2941=EDGE_CURVE('',#2421,#2420,#2304,.T.);
#2942=EDGE_CURVE('',#2418,#2421,#620,.T.);
#2943=EDGE_CURVE('',#2422,#2421,#2305,.T.);
#2944=EDGE_CURVE('',#2419,#2422,#621,.T.);
#2945=EDGE_CURVE('',#2420,#2422,#2306,.T.);
#2946=EDGE_CURVE('',#2423,#2424,#2307,.T.);
#2947=EDGE_CURVE('',#2424,#2423,#2308,.T.);
#2948=EDGE_CURVE('',#2425,#2426,#2309,.T.);
#2949=EDGE_CURVE('',#2426,#2425,#2310,.T.);
#2950=EDGE_CURVE('',#2423,#2427,#622,.T.);
#2951=EDGE_CURVE('',#2428,#2427,#2311,.T.);
#2952=EDGE_CURVE('',#2424,#2428,#623,.T.);
#2953=EDGE_CURVE('',#2427,#2428,#2312,.T.);
#2954=EDGE_CURVE('',#2425,#2429,#624,.T.);
#2955=EDGE_CURVE('',#2430,#2429,#2313,.T.);
#2956=EDGE_CURVE('',#2426,#2430,#625,.T.);
#2957=EDGE_CURVE('',#2429,#2430,#2314,.T.);
#2958=EDGE_CURVE('',#2431,#2432,#213,.T.);
#2959=EDGE_CURVE('',#2432,#2433,#214,.T.);
#2960=EDGE_CURVE('',#2433,#2434,#215,.T.);
#2961=EDGE_CURVE('',#2434,#2431,#216,.T.);
#2962=EDGE_CURVE('',#2435,#2436,#217,.T.);
#2963=EDGE_CURVE('',#2436,#2434,#626,.T.);
#2964=EDGE_CURVE('',#2433,#2435,#627,.T.);
#2965=EDGE_CURVE('',#2437,#2438,#218,.T.);
#2966=EDGE_CURVE('',#2438,#2436,#219,.T.);
#2967=EDGE_CURVE('',#2435,#2437,#220,.T.);
#2968=EDGE_CURVE('',#2439,#2433,#628,.T.);
#2969=EDGE_CURVE('',#2440,#2439,#629,.T.);
#2970=EDGE_CURVE('',#2435,#2440,#630,.T.);
#2971=EDGE_CURVE('',#2432,#2441,#631,.T.);
#2972=EDGE_CURVE('',#2441,#2439,#221,.F.);
#2973=EDGE_CURVE('',#2431,#2442,#632,.T.);
#2974=EDGE_CURVE('',#2443,#2442,#222,.T.);
#2975=EDGE_CURVE('',#2443,#2432,#633,.T.);
#2976=EDGE_CURVE('',#2444,#2445,#223,.T.);
#2977=EDGE_CURVE('',#2445,#2443,#224,.T.);
#2978=EDGE_CURVE('',#2442,#2444,#225,.T.);
#2979=EDGE_CURVE('',#2446,#2447,#226,.T.);
#2980=EDGE_CURVE('',#2447,#2445,#634,.T.);
#2981=EDGE_CURVE('',#2444,#2446,#635,.T.);
#2982=EDGE_CURVE('',#2448,#2449,#227,.T.);
#2983=EDGE_CURVE('',#2449,#2447,#228,.T.);
#2984=EDGE_CURVE('',#2446,#2448,#229,.T.);
#2985=EDGE_CURVE('',#2448,#2438,#636,.T.);
#2986=EDGE_CURVE('',#2440,#2450,#230,.F.);
#2987=EDGE_CURVE('',#2450,#2437,#637,.T.);
#2988=EDGE_CURVE('',#2449,#2451,#638,.T.);
#2989=EDGE_CURVE('',#2451,#2452,#231,.F.);
#2990=EDGE_CURVE('',#2452,#2447,#639,.T.);
#2991=EDGE_CURVE('',#2445,#2453,#640,.T.);
#2992=EDGE_CURVE('',#2453,#2454,#232,.F.);
#2993=EDGE_CURVE('',#2454,#2443,#641,.T.);
#2994=EDGE_CURVE('',#2455,#2456,#642,.T.);
#2995=EDGE_CURVE('',#2455,#2457,#643,.T.);
#2996=EDGE_CURVE('',#2457,#2458,#644,.T.);
#2997=EDGE_CURVE('',#2456,#2458,#645,.T.);
#2998=EDGE_CURVE('',#2459,#2460,#646,.T.);
#2999=EDGE_CURVE('',#2459,#2461,#647,.T.);
#3000=EDGE_CURVE('',#2461,#2462,#648,.T.);
#3001=EDGE_CURVE('',#2460,#2462,#649,.T.);
#3002=EDGE_CURVE('',#2458,#2461,#650,.T.);
#3003=EDGE_CURVE('',#2462,#2457,#651,.T.);
#3004=EDGE_CURVE('',#2463,#2463,#233,.T.);
#3005=EDGE_CURVE('',#2464,#2456,#652,.T.);
#3006=EDGE_CURVE('',#2465,#2464,#234,.T.);
#3007=EDGE_CURVE('',#2455,#2465,#653,.T.);
#3008=EDGE_CURVE('',#2466,#2467,#654,.T.);
#3009=EDGE_CURVE('',#2466,#2464,#655,.T.);
#3010=EDGE_CURVE('',#2459,#2468,#656,.T.);
#3011=EDGE_CURVE('',#2467,#2468,#657,.T.);
#3012=EDGE_CURVE('',#2469,#2470,#658,.T.);
#3013=EDGE_CURVE('',#2469,#2471,#659,.T.);
#3014=EDGE_CURVE('',#2471,#2460,#660,.T.);
#3015=EDGE_CURVE('',#2470,#2465,#661,.T.);
#3016=EDGE_CURVE('',#2472,#2471,#235,.T.);
#3017=EDGE_CURVE('',#2468,#2472,#236,.T.);
#3018=EDGE_CURVE('',#2466,#2467,#237,.T.);
#3019=EDGE_CURVE('',#2473,#2473,#238,.T.);
#3020=EDGE_CURVE('',#2473,#2474,#662,.T.);
#3021=EDGE_CURVE('',#2474,#2474,#239,.T.);
#3022=EDGE_CURVE('',#2463,#2474,#663,.T.);
#3023=EDGE_CURVE('',#2475,#2476,#664,.T.);
#3024=EDGE_CURVE('',#2477,#2475,#240,.T.);
#3025=EDGE_CURVE('',#2478,#2477,#665,.T.);
#3026=EDGE_CURVE('',#2479,#2478,#241,.T.);
#3027=EDGE_CURVE('',#2480,#2479,#666,.T.);
#3028=EDGE_CURVE('',#2476,#2480,#242,.T.);
#3029=EDGE_CURVE('',#2481,#2481,#243,.T.);
#3030=EDGE_CURVE('',#2482,#2483,#667,.T.);
#3031=EDGE_CURVE('',#2484,#2483,#244,.F.);
#3032=EDGE_CURVE('',#2484,#2485,#668,.T.);
#3033=EDGE_CURVE('',#2486,#2485,#245,.F.);
#3034=EDGE_CURVE('',#2486,#2487,#669,.T.);
#3035=EDGE_CURVE('',#2488,#2487,#246,.F.);
#3036=EDGE_CURVE('',#2488,#2489,#670,.T.);
#3037=EDGE_CURVE('',#2482,#2489,#247,.F.);
#3038=EDGE_CURVE('',#2490,#2491,#671,.T.);
#3039=EDGE_CURVE('',#2491,#2492,#248,.T.);
#3040=EDGE_CURVE('',#2492,#2493,#672,.T.);
#3041=EDGE_CURVE('',#2493,#2490,#249,.T.);
#3042=EDGE_CURVE('',#2490,#2494,#250,.T.);
#3043=EDGE_CURVE('',#2494,#2495,#673,.T.);
#3044=EDGE_CURVE('',#2495,#2491,#251,.T.);
#3045=EDGE_CURVE('',#2496,#2497,#674,.T.);
#3046=EDGE_CURVE('',#2497,#2495,#675,.T.);
#3047=EDGE_CURVE('',#2494,#2496,#676,.T.);
#3048=EDGE_CURVE('',#2498,#2499,#677,.T.);
#3049=EDGE_CURVE('',#2499,#2497,#252,.T.);
#3050=EDGE_CURVE('',#2496,#2498,#253,.T.);
#3051=EDGE_CURVE('',#2500,#2501,#678,.T.);
#3052=EDGE_CURVE('',#2501,#2499,#679,.T.);
#3053=EDGE_CURVE('',#2498,#2500,#680,.T.);
#3054=EDGE_CURVE('',#2502,#2503,#681,.T.);
#3055=EDGE_CURVE('',#2503,#2501,#254,.T.);
#3056=EDGE_CURVE('',#2500,#2502,#255,.T.);
#3057=EDGE_CURVE('',#2504,#2505,#682,.T.);
#3058=EDGE_CURVE('',#2505,#2503,#683,.T.);
#3059=EDGE_CURVE('',#2502,#2504,#684,.T.);
#3060=EDGE_CURVE('',#2504,#2506,#256,.T.);
#3061=EDGE_CURVE('',#2506,#2507,#685,.T.);
#3062=EDGE_CURVE('',#2507,#2505,#257,.T.);
#3063=EDGE_CURVE('',#2508,#2509,#686,.T.);
#3064=EDGE_CURVE('',#2509,#2507,#687,.T.);
#3065=EDGE_CURVE('',#2506,#2508,#688,.T.);
#3066=EDGE_CURVE('',#2508,#2510,#258,.T.);
#3067=EDGE_CURVE('',#2510,#2511,#689,.T.);
#3068=EDGE_CURVE('',#2511,#2509,#259,.T.);
#3069=EDGE_CURVE('',#2512,#2513,#690,.T.);
#3070=EDGE_CURVE('',#2513,#2511,#691,.T.);
#3071=EDGE_CURVE('',#2510,#2512,#692,.T.);
#3072=EDGE_CURVE('',#2514,#2515,#693,.T.);
#3073=EDGE_CURVE('',#2515,#2513,#260,.T.);
#3074=EDGE_CURVE('',#2512,#2514,#261,.T.);
#3075=EDGE_CURVE('',#2516,#2517,#694,.T.);
#3076=EDGE_CURVE('',#2517,#2515,#695,.T.);
#3077=EDGE_CURVE('',#2514,#2516,#696,.T.);
#3078=EDGE_CURVE('',#2518,#2519,#697,.T.);
#3079=EDGE_CURVE('',#2519,#2517,#262,.T.);
#3080=EDGE_CURVE('',#2516,#2518,#263,.T.);
#3081=EDGE_CURVE('',#2520,#2521,#698,.T.);
#3082=EDGE_CURVE('',#2521,#2519,#699,.T.);
#3083=EDGE_CURVE('',#2518,#2520,#700,.T.);
#3084=EDGE_CURVE('',#2520,#2493,#264,.T.);
#3085=EDGE_CURVE('',#2492,#2521,#265,.T.);
#3086=EDGE_CURVE('',#2504,#2522,#701,.T.);
#3087=EDGE_CURVE('',#2523,#2522,#2315,.T.);
#3088=EDGE_CURVE('',#2524,#2523,#266,.T.);
#3089=EDGE_CURVE('',#2524,#2525,#702,.T.);
#3090=EDGE_CURVE('',#2526,#2525,#267,.T.);
#3091=EDGE_CURVE('',#2527,#2526,#703,.T.);
#3092=EDGE_CURVE('',#2506,#2527,#704,.T.);
#3093=EDGE_CURVE('',#2528,#2502,#705,.T.);
#3094=EDGE_CURVE('',#2529,#2528,#706,.T.);
#3095=EDGE_CURVE('',#2530,#2529,#707,.T.);
#3096=EDGE_CURVE('',#2522,#2530,#708,.T.);
#3097=EDGE_CURVE('',#2500,#2531,#709,.T.);
#3098=EDGE_CURVE('',#2528,#2531,#268,.T.);
#3099=EDGE_CURVE('',#2532,#2498,#710,.T.);
#3100=EDGE_CURVE('',#2531,#2532,#711,.T.);
#3101=EDGE_CURVE('',#2496,#2533,#712,.T.);
#3102=EDGE_CURVE('',#2532,#2533,#269,.T.);
#3103=EDGE_CURVE('',#2534,#2494,#713,.T.);
#3104=EDGE_CURVE('',#2535,#2534,#714,.T.);
#3105=EDGE_CURVE('',#2535,#2536,#715,.T.);
#3106=EDGE_CURVE('',#2533,#2536,#716,.T.);
#3107=EDGE_CURVE('',#2490,#2537,#717,.T.);
#3108=EDGE_CURVE('',#2538,#2537,#270,.T.);
#3109=EDGE_CURVE('',#2534,#2538,#271,.T.);
#3110=EDGE_CURVE('',#2539,#2493,#718,.T.);
#3111=EDGE_CURVE('',#2540,#2539,#272,.T.);
#3112=EDGE_CURVE('',#2541,#2540,#719,.T.);
#3113=EDGE_CURVE('',#2542,#2541,#47,.T.);
#3114=EDGE_CURVE('',#2543,#2542,#720,.T.);
#3115=EDGE_CURVE('',#2543,#2537,#273,.T.);
#3116=EDGE_CURVE('',#2544,#2544,#274,.T.);
#3117=EDGE_CURVE('',#2545,#2545,#275,.T.);
#3118=EDGE_CURVE('',#2546,#2546,#276,.T.);
#3119=EDGE_CURVE('',#2547,#2547,#277,.T.);
#3120=EDGE_CURVE('',#2548,#2548,#278,.T.);
#3121=EDGE_CURVE('',#2549,#2549,#279,.T.);
#3122=EDGE_CURVE('',#2549,#2550,#721,.T.);
#3123=EDGE_CURVE('',#2550,#2550,#280,.T.);
#3124=EDGE_CURVE('',#2549,#2551,#722,.T.);
#3125=EDGE_CURVE('',#2551,#2551,#281,.T.);
#3126=EDGE_CURVE('',#2552,#2552,#282,.T.);
#3127=EDGE_CURVE('',#2553,#2553,#283,.T.);
#3128=EDGE_CURVE('',#2553,#2554,#723,.T.);
#3129=EDGE_CURVE('',#2554,#2554,#284,.T.);
#3130=EDGE_CURVE('',#2553,#2555,#724,.T.);
#3131=EDGE_CURVE('',#2555,#2555,#285,.T.);
#3132=EDGE_CURVE('',#2556,#2556,#286,.T.);
#3133=EDGE_CURVE('',#2557,#2558,#287,.T.);
#3134=EDGE_CURVE('',#2558,#2559,#288,.T.);
#3135=EDGE_CURVE('',#2559,#2560,#289,.T.);
#3136=EDGE_CURVE('',#2560,#2557,#290,.T.);
#3137=EDGE_CURVE('',#2561,#2562,#291,.T.);
#3138=EDGE_CURVE('',#2562,#2560,#725,.T.);
#3139=EDGE_CURVE('',#2559,#2561,#726,.T.);
#3140=EDGE_CURVE('',#2557,#2563,#2316,.T.);
#3141=EDGE_CURVE('',#2563,#2558,#2317,.T.);
#3142=EDGE_CURVE('',#2564,#2565,#292,.T.);
#3143=EDGE_CURVE('',#2565,#2562,#2318,.T.);
#3144=EDGE_CURVE('',#2561,#2564,#2319,.T.);
#3145=EDGE_CURVE('',#2566,#2567,#293,.T.);
#3146=EDGE_CURVE('',#2567,#2540,#2320,.T.);
#3147=EDGE_CURVE('',#2540,#2566,#2321,.T.);
#3148=EDGE_CURVE('',#2566,#2565,#2322,.T.);
#3149=EDGE_CURVE('',#2564,#2567,#2323,.T.);
#3150=EDGE_CURVE('',#2557,#2568,#727,.T.);
#3151=EDGE_CURVE('',#2569,#2568,#2324,.T.);
#3152=EDGE_CURVE('',#2569,#2563,#728,.T.);
#3153=EDGE_CURVE('',#2570,#2562,#294,.T.);
#3154=EDGE_CURVE('',#2568,#2570,#295,.T.);
#3155=EDGE_CURVE('',#2539,#2571,#296,.T.);
#3156=EDGE_CURVE('',#2570,#2571,#2325,.T.);
#3157=EDGE_CURVE('',#2523,#2572,#297,.T.);
#3158=EDGE_CURVE('',#2572,#2573,#298,.T.);
#3159=EDGE_CURVE('',#2573,#2524,#299,.T.);
#3160=EDGE_CURVE('',#2522,#2572,#2326,.T.);
#3161=EDGE_CURVE('',#2574,#2575,#300,.T.);
#3162=EDGE_CURVE('',#2575,#2524,#729,.T.);
#3163=EDGE_CURVE('',#2573,#2574,#730,.T.);
#3164=EDGE_CURVE('',#2576,#2577,#301,.T.);
#3165=EDGE_CURVE('',#2577,#2543,#2327,.T.);
#3166=EDGE_CURVE('',#2543,#2576,#2328,.T.);
#3167=EDGE_CURVE('',#2578,#2579,#302,.T.);
#3168=EDGE_CURVE('',#2579,#2577,#2329,.T.);
#3169=EDGE_CURVE('',#2576,#2578,#2330,.T.);
#3170=EDGE_CURVE('',#2578,#2575,#2331,.T.);
#3171=EDGE_CURVE('',#2574,#2579,#2332,.T.);
#3172=EDGE_CURVE('',#2559,#2580,#731,.T.);
#3173=EDGE_CURVE('',#2525,#2580,#732,.T.);
#3174=EDGE_CURVE('',#2581,#2578,#2333,.T.);
#3175=EDGE_CURVE('',#2582,#2581,#2334,.T.);
#3176=EDGE_CURVE('',#2583,#2582,#2335,.T.);
#3177=EDGE_CURVE('',#2584,#2583,#733,.T.);
#3178=EDGE_CURVE('',#2585,#2584,#2336,.T.);
#3179=EDGE_CURVE('',#2586,#2585,#2337,.T.);
#3180=EDGE_CURVE('',#2564,#2586,#2338,.T.);
#3181=EDGE_CURVE('',#2542,#2576,#303,.T.);
#3182=EDGE_CURVE('',#2587,#2542,#2339,.F.);
#3183=EDGE_CURVE('',#2583,#2587,#304,.T.);
#3184=EDGE_CURVE('',#2588,#2589,#305,.T.);
#3185=EDGE_CURVE('',#2589,#2530,#2340,.T.);
#3186=EDGE_CURVE('',#2530,#2588,#2341,.T.);
#3187=EDGE_CURVE('',#2590,#2591,#306,.T.);
#3188=EDGE_CURVE('',#2591,#2589,#307,.T.);
#3189=EDGE_CURVE('',#2588,#2590,#308,.T.);
#3190=EDGE_CURVE('',#2592,#2593,#309,.T.);
#3191=EDGE_CURVE('',#2593,#2591,#2342,.T.);
#3192=EDGE_CURVE('',#2590,#2592,#2343,.T.);
#3193=EDGE_CURVE('',#2594,#2595,#310,.T.);
#3194=EDGE_CURVE('',#2595,#2596,#2344,.T.);
#3195=EDGE_CURVE('',#2596,#2597,#311,.T.);
#3196=EDGE_CURVE('',#2597,#2594,#2345,.T.);
#3197=EDGE_CURVE('',#2596,#2535,#2346,.T.);
#3198=EDGE_CURVE('',#2535,#2597,#2347,.T.);
#3199=EDGE_CURVE('',#2594,#2593,#2348,.T.);
#3200=EDGE_CURVE('',#2592,#2595,#2349,.T.);
#3201=EDGE_CURVE('',#2574,#2591,#312,.T.);
#3202=EDGE_CURVE('',#2537,#2593,#313,.T.);
#3203=EDGE_CURVE('',#2594,#2538,#314,.T.);
#3204=EDGE_CURVE('',#2597,#2534,#315,.T.);
#3205=EDGE_CURVE('',#2598,#2599,#316,.T.);
#3206=EDGE_CURVE('',#2599,#2600,#2350,.T.);
#3207=EDGE_CURVE('',#2600,#2598,#2351,.T.);
#3208=EDGE_CURVE('',#2601,#2602,#317,.T.);
#3209=EDGE_CURVE('',#2602,#2599,#2352,.T.);
#3210=EDGE_CURVE('',#2598,#2601,#2353,.T.);
#3211=EDGE_CURVE('',#2603,#2571,#318,.T.);
#3212=EDGE_CURVE('',#2571,#2602,#2354,.T.);
#3213=EDGE_CURVE('',#2601,#2603,#2355,.T.);
#3214=EDGE_CURVE('',#2570,#2604,#319,.T.);
#3215=EDGE_CURVE('',#2604,#2605,#320,.T.);
#3216=EDGE_CURVE('',#2605,#2568,#321,.T.);
#3217=EDGE_CURVE('',#2605,#2569,#2356,.T.);
#3218=EDGE_CURVE('',#2603,#2604,#2357,.T.);
#3219=EDGE_CURVE('',#2539,#2606,#322,.T.);
#3220=EDGE_CURVE('',#2606,#2602,#323,.T.);
#3221=EDGE_CURVE('',#2607,#2584,#324,.T.);
#3222=EDGE_CURVE('',#2541,#2607,#2358,.F.);
#3223=EDGE_CURVE('',#2567,#2541,#325,.T.);
#3224=EDGE_CURVE('',#2607,#2587,#48,.T.);
#3225=EDGE_CURVE('',#2587,#2607,#734,.T.);
#3226=EDGE_CURVE('',#2544,#2608,#735,.T.);
#3227=EDGE_CURVE('',#2608,#2608,#326,.T.);
#3228=EDGE_CURVE('',#2608,#2472,#736,.T.);
#3229=EDGE_CURVE('',#2469,#2470,#327,.T.);
#3230=EDGE_CURVE('',#2589,#2572,#737,.T.);
#3231=EDGE_CURVE('',#2508,#2609,#738,.T.);
#3232=EDGE_CURVE('',#2609,#2610,#739,.T.);
#3233=EDGE_CURVE('',#2580,#2610,#328,.T.);
#3234=EDGE_CURVE('',#2510,#2563,#740,.T.);
#3235=EDGE_CURVE('',#2551,#2545,#741,.T.);
#3236=EDGE_CURVE('',#2611,#2611,#329,.T.);
#3237=EDGE_CURVE('',#2611,#2547,#742,.T.);
#3238=EDGE_CURVE('',#2612,#2612,#330,.T.);
#3239=EDGE_CURVE('',#2612,#2611,#743,.T.);
#3240=EDGE_CURVE('',#2613,#2613,#331,.T.);
#3241=EDGE_CURVE('',#2613,#2548,#744,.T.);
#3242=EDGE_CURVE('',#2614,#2614,#332,.T.);
#3243=EDGE_CURVE('',#2614,#2613,#745,.T.);
#3244=EDGE_CURVE('',#2555,#2546,#746,.T.);
#3245=EDGE_CURVE('',#2606,#2615,#333,.T.);
#3246=EDGE_CURVE('',#2615,#2599,#334,.T.);
#3247=EDGE_CURVE('',#2615,#2600,#747,.T.);
#3248=EDGE_CURVE('',#2520,#2615,#748,.T.);
#3249=EDGE_CURVE('',#2616,#2616,#335,.T.);
#3250=EDGE_CURVE('',#2616,#2617,#749,.T.);
#3251=EDGE_CURVE('',#2617,#2617,#336,.T.);
#3252=EDGE_CURVE('',#2618,#2619,#750,.T.);
#3253=EDGE_CURVE('',#2620,#2618,#337,.T.);
#3254=EDGE_CURVE('',#2621,#2620,#751,.T.);
#3255=EDGE_CURVE('',#2619,#2621,#338,.T.);
#3256=EDGE_CURVE('',#2622,#2622,#339,.T.);
#3257=EDGE_CURVE('',#2623,#2624,#752,.T.);
#3258=EDGE_CURVE('',#2625,#2624,#340,.F.);
#3259=EDGE_CURVE('',#2625,#2626,#753,.T.);
#3260=EDGE_CURVE('',#2627,#2626,#341,.F.);
#3261=EDGE_CURVE('',#2627,#2628,#754,.T.);
#3262=EDGE_CURVE('',#2629,#2628,#342,.F.);
#3263=EDGE_CURVE('',#2629,#2630,#755,.T.);
#3264=EDGE_CURVE('',#2623,#2630,#343,.F.);
#3265=EDGE_CURVE('',#2617,#2552,#756,.T.);
#3266=EDGE_CURVE('',#2481,#2631,#757,.T.);
#3267=EDGE_CURVE('',#2631,#2631,#344,.T.);
#3268=EDGE_CURVE('',#2631,#2556,#758,.T.);
#3269=EDGE_CURVE('',#2476,#2632,#759,.T.);
#3270=EDGE_CURVE('',#2632,#2633,#760,.T.);
#3271=EDGE_CURVE('',#2633,#2475,#761,.T.);
#3272=EDGE_CURVE('',#2634,#2477,#762,.T.);
#3273=EDGE_CURVE('',#2633,#2634,#345,.T.);
#3274=EDGE_CURVE('',#2480,#2635,#763,.T.);
#3275=EDGE_CURVE('',#2635,#2632,#346,.T.);
#3276=EDGE_CURVE('',#2634,#2636,#764,.T.);
#3277=EDGE_CURVE('',#2636,#2478,#765,.T.);
#3278=EDGE_CURVE('',#2479,#2637,#766,.T.);
#3279=EDGE_CURVE('',#2637,#2635,#767,.T.);
#3280=EDGE_CURVE('',#2636,#2637,#347,.T.);
#3281=EDGE_CURVE('',#2636,#2518,#768,.T.);
#3282=EDGE_CURVE('',#2600,#2634,#769,.T.);
#3283=EDGE_CURVE('',#2569,#2633,#770,.T.);
#3284=EDGE_CURVE('',#2512,#2632,#771,.T.);
#3285=EDGE_CURVE('',#2638,#2638,#348,.T.);
#3286=EDGE_CURVE('',#2638,#2614,#772,.T.);
#3287=EDGE_CURVE('',#2639,#2640,#773,.T.);
#3288=EDGE_CURVE('',#2641,#2639,#349,.T.);
#3289=EDGE_CURVE('',#2642,#2641,#774,.T.);
#3290=EDGE_CURVE('',#2643,#2642,#350,.T.);
#3291=EDGE_CURVE('',#2644,#2643,#775,.T.);
#3292=EDGE_CURVE('',#2640,#2644,#351,.T.);
#3293=EDGE_CURVE('',#2441,#2454,#776,.T.);
#3294=EDGE_CURVE('',#2453,#2452,#777,.T.);
#3295=EDGE_CURVE('',#2451,#2450,#778,.T.);
#3296=EDGE_CURVE('',#2622,#2612,#779,.T.);
#3297=EDGE_CURVE('',#2619,#2525,#780,.T.);
#3298=EDGE_CURVE('',#2580,#2618,#781,.T.);
#3299=EDGE_CURVE('',#2610,#2620,#782,.T.);
#3300=EDGE_CURVE('',#2621,#2526,#783,.T.);
#3301=EDGE_CURVE('',#2610,#2526,#784,.T.);
#3302=EDGE_CURVE('',#2640,#2533,#785,.T.);
#3303=EDGE_CURVE('',#2536,#2639,#786,.T.);
#3304=EDGE_CURVE('',#2529,#2641,#787,.T.);
#3305=EDGE_CURVE('',#2536,#2529,#352,.T.);
#3306=EDGE_CURVE('',#2644,#2532,#788,.T.);
#3307=EDGE_CURVE('',#2528,#2642,#789,.T.);
#3308=EDGE_CURVE('',#2643,#2531,#790,.T.);
#3309=EDGE_CURVE('',#2635,#2514,#791,.T.);
#3310=EDGE_CURVE('',#2516,#2637,#792,.T.);
#3311=EDGE_CURVE('',#2645,#2646,#353,.T.);
#3312=EDGE_CURVE('',#2646,#2647,#354,.T.);
#3313=EDGE_CURVE('',#2647,#2648,#355,.T.);
#3314=EDGE_CURVE('',#2648,#2645,#356,.T.);
#3315=EDGE_CURVE('',#2649,#2650,#357,.T.);
#3316=EDGE_CURVE('',#2650,#2648,#793,.T.);
#3317=EDGE_CURVE('',#2647,#2649,#794,.T.);
#3318=EDGE_CURVE('',#2651,#2652,#358,.T.);
#3319=EDGE_CURVE('',#2652,#2650,#359,.T.);
#3320=EDGE_CURVE('',#2649,#2651,#360,.T.);
#3321=EDGE_CURVE('',#2653,#2654,#361,.T.);
#3322=EDGE_CURVE('',#2654,#2652,#795,.T.);
#3323=EDGE_CURVE('',#2651,#2653,#796,.T.);
#3324=EDGE_CURVE('',#2655,#2656,#362,.T.);
#3325=EDGE_CURVE('',#2656,#2654,#363,.T.);
#3326=EDGE_CURVE('',#2653,#2655,#364,.T.);
#3327=EDGE_CURVE('',#2657,#2658,#365,.T.);
#3328=EDGE_CURVE('',#2658,#2656,#797,.T.);
#3329=EDGE_CURVE('',#2655,#2657,#798,.T.);
#3330=EDGE_CURVE('',#2659,#2660,#366,.T.);
#3331=EDGE_CURVE('',#2660,#2658,#367,.T.);
#3332=EDGE_CURVE('',#2657,#2659,#368,.T.);
#3333=EDGE_CURVE('',#2659,#2646,#799,.T.);
#3334=EDGE_CURVE('',#2645,#2660,#800,.T.);
#3335=EDGE_CURVE('',#2487,#2658,#801,.T.);
#3336=EDGE_CURVE('',#2656,#2486,#802,.T.);
#3337=EDGE_CURVE('',#2660,#2488,#803,.T.);
#3338=EDGE_CURVE('',#2489,#2645,#804,.T.);
#3339=EDGE_CURVE('',#2648,#2482,#805,.T.);
#3340=EDGE_CURVE('',#2661,#2662,#369,.T.);
#3341=EDGE_CURVE('',#2662,#2663,#806,.T.);
#3342=EDGE_CURVE('',#2663,#2664,#370,.T.);
#3343=EDGE_CURVE('',#2664,#2661,#807,.T.);
#3344=EDGE_CURVE('',#2665,#2666,#371,.T.);
#3345=EDGE_CURVE('',#2666,#2664,#372,.T.);
#3346=EDGE_CURVE('',#2663,#2665,#373,.T.);
#3347=EDGE_CURVE('',#2667,#2668,#374,.T.);
#3348=EDGE_CURVE('',#2668,#2666,#808,.T.);
#3349=EDGE_CURVE('',#2665,#2667,#809,.T.);
#3350=EDGE_CURVE('',#2669,#2670,#375,.T.);
#3351=EDGE_CURVE('',#2670,#2668,#376,.T.);
#3352=EDGE_CURVE('',#2667,#2669,#377,.T.);
#3353=EDGE_CURVE('',#2671,#2672,#378,.T.);
#3354=EDGE_CURVE('',#2672,#2670,#810,.T.);
#3355=EDGE_CURVE('',#2669,#2671,#811,.T.);
#3356=EDGE_CURVE('',#2673,#2674,#379,.T.);
#3357=EDGE_CURVE('',#2674,#2672,#380,.T.);
#3358=EDGE_CURVE('',#2671,#2673,#381,.T.);
#3359=EDGE_CURVE('',#2675,#2676,#382,.T.);
#3360=EDGE_CURVE('',#2676,#2674,#812,.T.);
#3361=EDGE_CURVE('',#2673,#2675,#813,.T.);
#3362=EDGE_CURVE('',#2675,#2662,#383,.T.);
#3363=EDGE_CURVE('',#2661,#2676,#384,.T.);
#3364=EDGE_CURVE('',#2667,#2629,#814,.T.);
#3365=EDGE_CURVE('',#2628,#2669,#815,.T.);
#3366=EDGE_CURVE('',#2630,#2665,#816,.T.);
#3367=EDGE_CURVE('',#2663,#2623,#817,.T.);
#3368=EDGE_CURVE('',#2624,#2662,#818,.T.);
#3369=EDGE_CURVE('',#2437,#2449,#819,.T.);
#3370=EDGE_CURVE('',#2483,#2650,#820,.T.);
#3371=EDGE_CURVE('',#2485,#2654,#821,.T.);
#3372=EDGE_CURVE('',#2652,#2484,#822,.T.);
#3373=EDGE_CURVE('',#2671,#2627,#823,.T.);
#3374=EDGE_CURVE('',#2626,#2673,#824,.T.);
#3375=EDGE_CURVE('',#2675,#2625,#825,.T.);
#3376=EDGE_CURVE('',#2677,#2678,#2359,.T.);
#3377=EDGE_CURVE('',#2678,#2679,#2360,.T.);
#3378=EDGE_CURVE('',#2679,#2677,#2361,.T.);
#3379=EDGE_CURVE('',#2677,#2680,#826,.T.);
#3380=EDGE_CURVE('',#2681,#2680,#2362,.T.);
#3381=EDGE_CURVE('',#2678,#2681,#827,.T.);
#3382=EDGE_CURVE('',#2682,#2681,#2363,.T.);
#3383=EDGE_CURVE('',#2679,#2682,#828,.T.);
#3384=EDGE_CURVE('',#2680,#2682,#2364,.T.);
#3385=EDGE_CURVE('',#2683,#2684,#2365,.T.);
#3386=EDGE_CURVE('',#2684,#2683,#2366,.T.);
#3387=EDGE_CURVE('',#2685,#2686,#2367,.T.);
#3388=EDGE_CURVE('',#2686,#2685,#2368,.T.);
#3389=EDGE_CURVE('',#2683,#2687,#829,.T.);
#3390=EDGE_CURVE('',#2688,#2687,#2369,.T.);
#3391=EDGE_CURVE('',#2684,#2688,#830,.T.);
#3392=EDGE_CURVE('',#2687,#2688,#2370,.T.);
#3393=EDGE_CURVE('',#2685,#2689,#831,.T.);
#3394=EDGE_CURVE('',#2690,#2689,#2371,.T.);
#3395=EDGE_CURVE('',#2686,#2690,#832,.T.);
#3396=EDGE_CURVE('',#2689,#2690,#2372,.T.);
#3397=EDGE_CURVE('',#2691,#2692,#385,.T.);
#3398=EDGE_CURVE('',#2693,#2691,#386,.T.);
#3399=EDGE_CURVE('',#2694,#2693,#387,.T.);
#3400=EDGE_CURVE('',#2692,#2694,#388,.T.);
#3401=EDGE_CURVE('',#2695,#2696,#389,.T.);
#3402=EDGE_CURVE('',#2694,#2695,#833,.T.);
#3403=EDGE_CURVE('',#2696,#2693,#834,.T.);
#3404=EDGE_CURVE('',#2697,#2698,#390,.T.);
#3405=EDGE_CURVE('',#2695,#2697,#391,.T.);
#3406=EDGE_CURVE('',#2698,#2696,#392,.T.);
#3407=EDGE_CURVE('',#2695,#2699,#835,.T.);
#3408=EDGE_CURVE('',#2699,#2700,#836,.T.);
#3409=EDGE_CURVE('',#2700,#2694,#837,.T.);
#3410=EDGE_CURVE('',#2701,#2700,#393,.F.);
#3411=EDGE_CURVE('',#2692,#2701,#838,.T.);
#3412=EDGE_CURVE('',#2702,#2692,#839,.T.);
#3413=EDGE_CURVE('',#2702,#2703,#394,.T.);
#3414=EDGE_CURVE('',#2691,#2703,#840,.T.);
#3415=EDGE_CURVE('',#2704,#2705,#395,.T.);
#3416=EDGE_CURVE('',#2703,#2704,#396,.T.);
#3417=EDGE_CURVE('',#2705,#2702,#397,.T.);
#3418=EDGE_CURVE('',#2706,#2707,#398,.T.);
#3419=EDGE_CURVE('',#2704,#2706,#841,.T.);
#3420=EDGE_CURVE('',#2707,#2705,#842,.T.);
#3421=EDGE_CURVE('',#2708,#2709,#399,.T.);
#3422=EDGE_CURVE('',#2706,#2708,#400,.T.);
#3423=EDGE_CURVE('',#2709,#2707,#401,.T.);
#3424=EDGE_CURVE('',#2708,#2698,#843,.T.);
#3425=EDGE_CURVE('',#2710,#2697,#844,.T.);
#3426=EDGE_CURVE('',#2699,#2710,#402,.F.);
#3427=EDGE_CURVE('',#2711,#2707,#845,.T.);
#3428=EDGE_CURVE('',#2712,#2711,#403,.F.);
#3429=EDGE_CURVE('',#2709,#2712,#846,.T.);
#3430=EDGE_CURVE('',#2713,#2702,#847,.T.);
#3431=EDGE_CURVE('',#2714,#2713,#404,.F.);
#3432=EDGE_CURVE('',#2705,#2714,#848,.T.);
#3433=EDGE_CURVE('',#2715,#2716,#849,.T.);
#3434=EDGE_CURVE('',#2716,#2717,#850,.T.);
#3435=EDGE_CURVE('',#2718,#2717,#851,.T.);
#3436=EDGE_CURVE('',#2715,#2718,#852,.T.);
#3437=EDGE_CURVE('',#2719,#2720,#853,.T.);
#3438=EDGE_CURVE('',#2720,#2721,#854,.T.);
#3439=EDGE_CURVE('',#2722,#2721,#855,.T.);
#3440=EDGE_CURVE('',#2719,#2722,#856,.T.);
#3441=EDGE_CURVE('',#2721,#2718,#857,.T.);
#3442=EDGE_CURVE('',#2717,#2722,#858,.T.);
#3443=EDGE_CURVE('',#2723,#2723,#405,.T.);
#3444=EDGE_CURVE('',#2715,#2724,#859,.T.);
#3445=EDGE_CURVE('',#2724,#2725,#406,.T.);
#3446=EDGE_CURVE('',#2725,#2716,#860,.T.);
#3447=EDGE_CURVE('',#2726,#2727,#861,.T.);
#3448=EDGE_CURVE('',#2727,#2728,#862,.T.);
#3449=EDGE_CURVE('',#2719,#2728,#863,.T.);
#3450=EDGE_CURVE('',#2726,#2725,#864,.T.);
#3451=EDGE_CURVE('',#2729,#2730,#865,.T.);
#3452=EDGE_CURVE('',#2730,#2724,#866,.T.);
#3453=EDGE_CURVE('',#2731,#2720,#867,.T.);
#3454=EDGE_CURVE('',#2729,#2731,#868,.T.);
#3455=EDGE_CURVE('',#2728,#2732,#407,.T.);
#3456=EDGE_CURVE('',#2732,#2731,#408,.T.);
#3457=EDGE_CURVE('',#2726,#2727,#409,.T.);
#3458=EDGE_CURVE('',#2733,#2733,#410,.T.);
#3459=EDGE_CURVE('',#2733,#2734,#869,.T.);
#3460=EDGE_CURVE('',#2734,#2734,#411,.T.);
#3461=EDGE_CURVE('',#2723,#2734,#870,.T.);
#3462=EDGE_CURVE('',#2735,#2736,#871,.T.);
#3463=EDGE_CURVE('',#2736,#2737,#412,.T.);
#3464=EDGE_CURVE('',#2737,#2738,#872,.T.);
#3465=EDGE_CURVE('',#2738,#2739,#413,.T.);
#3466=EDGE_CURVE('',#2739,#2740,#873,.T.);
#3467=EDGE_CURVE('',#2740,#2735,#414,.T.);
#3468=EDGE_CURVE('',#2741,#2741,#415,.T.);
#3469=EDGE_CURVE('',#2742,#2743,#874,.T.);
#3470=EDGE_CURVE('',#2742,#2744,#416,.F.);
#3471=EDGE_CURVE('',#2745,#2744,#875,.T.);
#3472=EDGE_CURVE('',#2745,#2746,#417,.F.);
#3473=EDGE_CURVE('',#2747,#2746,#876,.T.);
#3474=EDGE_CURVE('',#2747,#2748,#418,.F.);
#3475=EDGE_CURVE('',#2749,#2748,#877,.T.);
#3476=EDGE_CURVE('',#2749,#2743,#419,.F.);
#3477=EDGE_CURVE('',#2750,#2751,#878,.T.);
#3478=EDGE_CURVE('',#2752,#2750,#420,.T.);
#3479=EDGE_CURVE('',#2753,#2752,#879,.T.);
#3480=EDGE_CURVE('',#2751,#2753,#421,.T.);
#3481=EDGE_CURVE('',#2754,#2751,#422,.T.);
#3482=EDGE_CURVE('',#2755,#2754,#880,.T.);
#3483=EDGE_CURVE('',#2750,#2755,#423,.T.);
#3484=EDGE_CURVE('',#2756,#2757,#881,.T.);
#3485=EDGE_CURVE('',#2755,#2756,#882,.T.);
#3486=EDGE_CURVE('',#2757,#2754,#883,.T.);
#3487=EDGE_CURVE('',#2758,#2759,#884,.T.);
#3488=EDGE_CURVE('',#2756,#2758,#424,.T.);
#3489=EDGE_CURVE('',#2759,#2757,#425,.T.);
#3490=EDGE_CURVE('',#2760,#2761,#885,.T.);
#3491=EDGE_CURVE('',#2758,#2760,#886,.T.);
#3492=EDGE_CURVE('',#2761,#2759,#887,.T.);
#3493=EDGE_CURVE('',#2762,#2763,#888,.T.);
#3494=EDGE_CURVE('',#2760,#2762,#426,.T.);
#3495=EDGE_CURVE('',#2763,#2761,#427,.T.);
#3496=EDGE_CURVE('',#2764,#2765,#889,.T.);
#3497=EDGE_CURVE('',#2762,#2764,#890,.T.);
#3498=EDGE_CURVE('',#2765,#2763,#891,.T.);
#3499=EDGE_CURVE('',#2766,#2765,#428,.T.);
#3500=EDGE_CURVE('',#2767,#2766,#892,.T.);
#3501=EDGE_CURVE('',#2764,#2767,#429,.T.);
#3502=EDGE_CURVE('',#2768,#2769,#893,.T.);
#3503=EDGE_CURVE('',#2767,#2768,#894,.T.);
#3504=EDGE_CURVE('',#2769,#2766,#895,.T.);
#3505=EDGE_CURVE('',#2770,#2769,#430,.T.);
#3506=EDGE_CURVE('',#2771,#2770,#896,.T.);
#3507=EDGE_CURVE('',#2768,#2771,#431,.T.);
#3508=EDGE_CURVE('',#2772,#2773,#897,.T.);
#3509=EDGE_CURVE('',#2771,#2772,#898,.T.);
#3510=EDGE_CURVE('',#2773,#2770,#899,.T.);
#3511=EDGE_CURVE('',#2774,#2775,#900,.T.);
#3512=EDGE_CURVE('',#2772,#2774,#432,.T.);
#3513=EDGE_CURVE('',#2775,#2773,#433,.T.);
#3514=EDGE_CURVE('',#2776,#2777,#901,.T.);
#3515=EDGE_CURVE('',#2774,#2776,#902,.T.);
#3516=EDGE_CURVE('',#2777,#2775,#903,.T.);
#3517=EDGE_CURVE('',#2778,#2779,#904,.T.);
#3518=EDGE_CURVE('',#2776,#2778,#434,.T.);
#3519=EDGE_CURVE('',#2779,#2777,#435,.T.);
#3520=EDGE_CURVE('',#2780,#2781,#905,.T.);
#3521=EDGE_CURVE('',#2778,#2780,#906,.T.);
#3522=EDGE_CURVE('',#2781,#2779,#907,.T.);
#3523=EDGE_CURVE('',#2753,#2781,#436,.T.);
#3524=EDGE_CURVE('',#2780,#2752,#437,.T.);
#3525=EDGE_CURVE('',#2767,#2782,#908,.T.);
#3526=EDGE_CURVE('',#2782,#2783,#909,.T.);
#3527=EDGE_CURVE('',#2783,#2784,#438,.T.);
#3528=EDGE_CURVE('',#2785,#2784,#910,.T.);
#3529=EDGE_CURVE('',#2785,#2786,#439,.T.);
#3530=EDGE_CURVE('',#2786,#2787,#2373,.T.);
#3531=EDGE_CURVE('',#2764,#2787,#911,.T.);
#3532=EDGE_CURVE('',#2787,#2788,#912,.T.);
#3533=EDGE_CURVE('',#2788,#2789,#913,.T.);
#3534=EDGE_CURVE('',#2789,#2790,#914,.T.);
#3535=EDGE_CURVE('',#2790,#2762,#915,.T.);
#3536=EDGE_CURVE('',#2790,#2791,#440,.T.);
#3537=EDGE_CURVE('',#2760,#2791,#916,.T.);
#3538=EDGE_CURVE('',#2791,#2792,#917,.T.);
#3539=EDGE_CURVE('',#2792,#2758,#918,.T.);
#3540=EDGE_CURVE('',#2792,#2793,#441,.T.);
#3541=EDGE_CURVE('',#2756,#2793,#919,.T.);
#3542=EDGE_CURVE('',#2793,#2794,#920,.T.);
#3543=EDGE_CURVE('',#2795,#2794,#921,.T.);
#3544=EDGE_CURVE('',#2795,#2796,#922,.T.);
#3545=EDGE_CURVE('',#2796,#2755,#923,.T.);
#3546=EDGE_CURVE('',#2796,#2797,#442,.T.);
#3547=EDGE_CURVE('',#2797,#2798,#443,.T.);
#3548=EDGE_CURVE('',#2750,#2798,#924,.T.);
#3549=EDGE_CURVE('',#2799,#2798,#444,.T.);
#3550=EDGE_CURVE('',#2799,#2800,#925,.T.);
#3551=EDGE_CURVE('',#2800,#2801,#49,.T.);
#3552=EDGE_CURVE('',#2801,#2802,#926,.T.);
#3553=EDGE_CURVE('',#2802,#2803,#445,.T.);
#3554=EDGE_CURVE('',#2803,#2752,#927,.T.);
#3555=EDGE_CURVE('',#2804,#2804,#446,.T.);
#3556=EDGE_CURVE('',#2805,#2805,#447,.T.);
#3557=EDGE_CURVE('',#2806,#2806,#448,.T.);
#3558=EDGE_CURVE('',#2807,#2807,#449,.T.);
#3559=EDGE_CURVE('',#2808,#2808,#450,.T.);
#3560=EDGE_CURVE('',#2809,#2809,#451,.T.);
#3561=EDGE_CURVE('',#2809,#2810,#928,.T.);
#3562=EDGE_CURVE('',#2810,#2810,#452,.T.);
#3563=EDGE_CURVE('',#2809,#2811,#929,.T.);
#3564=EDGE_CURVE('',#2811,#2811,#453,.T.);
#3565=EDGE_CURVE('',#2812,#2812,#454,.T.);
#3566=EDGE_CURVE('',#2813,#2813,#455,.T.);
#3567=EDGE_CURVE('',#2813,#2814,#930,.T.);
#3568=EDGE_CURVE('',#2814,#2814,#456,.T.);
#3569=EDGE_CURVE('',#2813,#2815,#931,.T.);
#3570=EDGE_CURVE('',#2815,#2815,#457,.T.);
#3571=EDGE_CURVE('',#2816,#2816,#458,.T.);
#3572=EDGE_CURVE('',#2817,#2818,#459,.T.);
#3573=EDGE_CURVE('',#2819,#2817,#460,.T.);
#3574=EDGE_CURVE('',#2820,#2819,#461,.T.);
#3575=EDGE_CURVE('',#2818,#2820,#462,.T.);
#3576=EDGE_CURVE('',#2821,#2822,#463,.T.);
#3577=EDGE_CURVE('',#2820,#2821,#932,.T.);
#3578=EDGE_CURVE('',#2822,#2819,#933,.T.);
#3579=EDGE_CURVE('',#2823,#2818,#2374,.T.);
#3580=EDGE_CURVE('',#2817,#2823,#2375,.T.);
#3581=EDGE_CURVE('',#2824,#2825,#464,.T.);
#3582=EDGE_CURVE('',#2821,#2824,#2376,.T.);
#3583=EDGE_CURVE('',#2825,#2822,#2377,.T.);
#3584=EDGE_CURVE('',#2826,#2827,#465,.T.);
#3585=EDGE_CURVE('',#2802,#2826,#2378,.T.);
#3586=EDGE_CURVE('',#2827,#2802,#2379,.T.);
#3587=EDGE_CURVE('',#2824,#2827,#2380,.T.);
#3588=EDGE_CURVE('',#2826,#2825,#2381,.T.);
#3589=EDGE_CURVE('',#2828,#2823,#934,.T.);
#3590=EDGE_CURVE('',#2828,#2829,#2382,.T.);
#3591=EDGE_CURVE('',#2817,#2829,#935,.T.);
#3592=EDGE_CURVE('',#2829,#2830,#466,.T.);
#3593=EDGE_CURVE('',#2830,#2822,#467,.T.);
#3594=EDGE_CURVE('',#2830,#2831,#2383,.T.);
#3595=EDGE_CURVE('',#2803,#2831,#468,.T.);
#3596=EDGE_CURVE('',#2786,#2832,#469,.T.);
#3597=EDGE_CURVE('',#2833,#2785,#470,.T.);
#3598=EDGE_CURVE('',#2832,#2833,#471,.T.);
#3599=EDGE_CURVE('',#2787,#2832,#2384,.T.);
#3600=EDGE_CURVE('',#2834,#2835,#472,.T.);
#3601=EDGE_CURVE('',#2833,#2834,#936,.T.);
#3602=EDGE_CURVE('',#2835,#2785,#937,.T.);
#3603=EDGE_CURVE('',#2836,#2837,#473,.T.);
#3604=EDGE_CURVE('',#2799,#2836,#2385,.T.);
#3605=EDGE_CURVE('',#2837,#2799,#2386,.T.);
#3606=EDGE_CURVE('',#2838,#2839,#474,.T.);
#3607=EDGE_CURVE('',#2836,#2838,#2387,.T.);
#3608=EDGE_CURVE('',#2839,#2837,#2388,.T.);
#3609=EDGE_CURVE('',#2834,#2839,#2389,.T.);
#3610=EDGE_CURVE('',#2838,#2835,#2390,.T.);
#3611=EDGE_CURVE('',#2824,#2840,#2391,.T.);
#3612=EDGE_CURVE('',#2840,#2841,#2392,.T.);
#3613=EDGE_CURVE('',#2841,#2842,#2393,.T.);
#3614=EDGE_CURVE('',#2842,#2843,#938,.T.);
#3615=EDGE_CURVE('',#2843,#2844,#2394,.T.);
#3616=EDGE_CURVE('',#2844,#2845,#2395,.T.);
#3617=EDGE_CURVE('',#2845,#2838,#2396,.T.);
#3618=EDGE_CURVE('',#2784,#2846,#939,.T.);
#3619=EDGE_CURVE('',#2820,#2846,#940,.T.);
#3620=EDGE_CURVE('',#2843,#2847,#475,.T.);
#3621=EDGE_CURVE('',#2847,#2800,#2397,.F.);
#3622=EDGE_CURVE('',#2800,#2836,#476,.T.);
#3623=EDGE_CURVE('',#2848,#2849,#477,.T.);
#3624=EDGE_CURVE('',#2788,#2848,#2398,.T.);
#3625=EDGE_CURVE('',#2849,#2788,#2399,.T.);
#3626=EDGE_CURVE('',#2850,#2851,#478,.T.);
#3627=EDGE_CURVE('',#2848,#2850,#479,.T.);
#3628=EDGE_CURVE('',#2851,#2849,#480,.T.);
#3629=EDGE_CURVE('',#2852,#2853,#481,.T.);
#3630=EDGE_CURVE('',#2850,#2852,#2400,.T.);
#3631=EDGE_CURVE('',#2853,#2851,#2401,.T.);
#3632=EDGE_CURVE('',#2854,#2855,#482,.T.);
#3633=EDGE_CURVE('',#2856,#2854,#2402,.T.);
#3634=EDGE_CURVE('',#2857,#2856,#483,.T.);
#3635=EDGE_CURVE('',#2855,#2857,#2403,.T.);
#3636=EDGE_CURVE('',#2795,#2856,#2404,.T.);
#3637=EDGE_CURVE('',#2857,#2795,#2405,.T.);
#3638=EDGE_CURVE('',#2852,#2855,#2406,.T.);
#3639=EDGE_CURVE('',#2854,#2853,#2407,.T.);
#3640=EDGE_CURVE('',#2798,#2853,#484,.T.);
#3641=EDGE_CURVE('',#2834,#2851,#485,.T.);
#3642=EDGE_CURVE('',#2854,#2797,#486,.T.);
#3643=EDGE_CURVE('',#2856,#2796,#487,.T.);
#3644=EDGE_CURVE('',#2858,#2859,#488,.T.);
#3645=EDGE_CURVE('',#2860,#2858,#2408,.T.);
#3646=EDGE_CURVE('',#2859,#2860,#2409,.T.);
#3647=EDGE_CURVE('',#2861,#2862,#489,.T.);
#3648=EDGE_CURVE('',#2858,#2861,#2410,.T.);
#3649=EDGE_CURVE('',#2862,#2859,#2411,.T.);
#3650=EDGE_CURVE('',#2863,#2831,#490,.T.);
#3651=EDGE_CURVE('',#2861,#2863,#2412,.T.);
#3652=EDGE_CURVE('',#2831,#2862,#2413,.T.);
#3653=EDGE_CURVE('',#2830,#2864,#491,.T.);
#3654=EDGE_CURVE('',#2865,#2829,#492,.T.);
#3655=EDGE_CURVE('',#2864,#2865,#493,.T.);
#3656=EDGE_CURVE('',#2865,#2828,#2414,.T.);
#3657=EDGE_CURVE('',#2863,#2864,#2415,.T.);
#3658=EDGE_CURVE('',#2866,#2862,#494,.T.);
#3659=EDGE_CURVE('',#2803,#2866,#495,.T.);
#3660=EDGE_CURVE('',#2827,#2801,#496,.T.);
#3661=EDGE_CURVE('',#2801,#2867,#2416,.F.);
#3662=EDGE_CURVE('',#2867,#2842,#497,.T.);
#3663=EDGE_CURVE('',#2867,#2847,#50,.T.);
#3664=EDGE_CURVE('',#2847,#2867,#941,.T.);
#3665=EDGE_CURVE('',#2804,#2868,#942,.T.);
#3666=EDGE_CURVE('',#2868,#2868,#498,.T.);
#3667=EDGE_CURVE('',#2868,#2732,#943,.T.);
#3668=EDGE_CURVE('',#2729,#2730,#499,.T.);
#3669=EDGE_CURVE('',#2849,#2832,#944,.T.);
#3670=EDGE_CURVE('',#2771,#2823,#945,.T.);
#3671=EDGE_CURVE('',#2846,#2869,#500,.T.);
#3672=EDGE_CURVE('',#2870,#2869,#946,.T.);
#3673=EDGE_CURVE('',#2768,#2870,#947,.T.);
#3674=EDGE_CURVE('',#2811,#2805,#948,.T.);
#3675=EDGE_CURVE('',#2871,#2871,#501,.T.);
#3676=EDGE_CURVE('',#2871,#2807,#949,.T.);
#3677=EDGE_CURVE('',#2872,#2872,#502,.T.);
#3678=EDGE_CURVE('',#2872,#2871,#950,.T.);
#3679=EDGE_CURVE('',#2873,#2873,#503,.T.);
#3680=EDGE_CURVE('',#2873,#2808,#951,.T.);
#3681=EDGE_CURVE('',#2874,#2874,#504,.T.);
#3682=EDGE_CURVE('',#2874,#2873,#952,.T.);
#3683=EDGE_CURVE('',#2815,#2806,#953,.T.);
#3684=EDGE_CURVE('',#2875,#2859,#505,.T.);
#3685=EDGE_CURVE('',#2866,#2875,#506,.T.);
#3686=EDGE_CURVE('',#2875,#2860,#954,.T.);
#3687=EDGE_CURVE('',#2780,#2875,#955,.T.);
#3688=EDGE_CURVE('',#2876,#2876,#507,.T.);
#3689=EDGE_CURVE('',#2876,#2877,#956,.T.);
#3690=EDGE_CURVE('',#2877,#2877,#508,.T.);
#3691=EDGE_CURVE('',#2878,#2879,#957,.T.);
#3692=EDGE_CURVE('',#2879,#2880,#509,.T.);
#3693=EDGE_CURVE('',#2880,#2881,#958,.T.);
#3694=EDGE_CURVE('',#2881,#2878,#510,.T.);
#3695=EDGE_CURVE('',#2882,#2882,#511,.T.);
#3696=EDGE_CURVE('',#2883,#2884,#959,.T.);
#3697=EDGE_CURVE('',#2883,#2885,#512,.F.);
#3698=EDGE_CURVE('',#2886,#2885,#960,.T.);
#3699=EDGE_CURVE('',#2886,#2887,#513,.F.);
#3700=EDGE_CURVE('',#2888,#2887,#961,.T.);
#3701=EDGE_CURVE('',#2888,#2889,#514,.F.);
#3702=EDGE_CURVE('',#2890,#2889,#962,.T.);
#3703=EDGE_CURVE('',#2890,#2884,#515,.F.);
#3704=EDGE_CURVE('',#2877,#2812,#963,.T.);
#3705=EDGE_CURVE('',#2741,#2891,#964,.T.);
#3706=EDGE_CURVE('',#2891,#2891,#516,.T.);
#3707=EDGE_CURVE('',#2891,#2816,#965,.T.);
#3708=EDGE_CURVE('',#2736,#2892,#966,.T.);
#3709=EDGE_CURVE('',#2893,#2735,#967,.T.);
#3710=EDGE_CURVE('',#2892,#2893,#968,.T.);
#3711=EDGE_CURVE('',#2894,#2740,#969,.T.);
#3712=EDGE_CURVE('',#2893,#2894,#517,.T.);
#3713=EDGE_CURVE('',#2737,#2895,#970,.T.);
#3714=EDGE_CURVE('',#2895,#2892,#518,.T.);
#3715=EDGE_CURVE('',#2896,#2739,#971,.T.);
#3716=EDGE_CURVE('',#2894,#2896,#972,.T.);
#3717=EDGE_CURVE('',#2738,#2897,#973,.T.);
#3718=EDGE_CURVE('',#2897,#2895,#974,.T.);
#3719=EDGE_CURVE('',#2896,#2897,#519,.T.);
#3720=EDGE_CURVE('',#2860,#2894,#975,.T.);
#3721=EDGE_CURVE('',#2896,#2778,#976,.T.);
#3722=EDGE_CURVE('',#2828,#2893,#977,.T.);
#3723=EDGE_CURVE('',#2772,#2892,#978,.T.);
#3724=EDGE_CURVE('',#2898,#2898,#520,.T.);
#3725=EDGE_CURVE('',#2898,#2874,#979,.T.);
#3726=EDGE_CURVE('',#2899,#2900,#980,.T.);
#3727=EDGE_CURVE('',#2900,#2901,#521,.T.);
#3728=EDGE_CURVE('',#2901,#2902,#981,.T.);
#3729=EDGE_CURVE('',#2902,#2903,#522,.T.);
#3730=EDGE_CURVE('',#2903,#2904,#982,.T.);
#3731=EDGE_CURVE('',#2904,#2899,#523,.T.);
#3732=EDGE_CURVE('',#2712,#2710,#983,.T.);
#3733=EDGE_CURVE('',#2714,#2711,#984,.T.);
#3734=EDGE_CURVE('',#2701,#2713,#985,.T.);
#3735=EDGE_CURVE('',#2882,#2872,#986,.T.);
#3736=EDGE_CURVE('',#2879,#2784,#987,.T.);
#3737=EDGE_CURVE('',#2846,#2878,#988,.T.);
#3738=EDGE_CURVE('',#2869,#2881,#989,.T.);
#3739=EDGE_CURVE('',#2880,#2783,#990,.T.);
#3740=EDGE_CURVE('',#2869,#2783,#991,.T.);
#3741=EDGE_CURVE('',#2900,#2793,#992,.T.);
#3742=EDGE_CURVE('',#2794,#2899,#993,.T.);
#3743=EDGE_CURVE('',#2789,#2904,#994,.T.);
#3744=EDGE_CURVE('',#2794,#2789,#524,.T.);
#3745=EDGE_CURVE('',#2901,#2792,#995,.T.);
#3746=EDGE_CURVE('',#2790,#2903,#996,.T.);
#3747=EDGE_CURVE('',#2902,#2791,#997,.T.);
#3748=EDGE_CURVE('',#2895,#2774,#998,.T.);
#3749=EDGE_CURVE('',#2776,#2897,#999,.T.);
#3750=EDGE_CURVE('',#2905,#2906,#525,.T.);
#3751=EDGE_CURVE('',#2907,#2905,#526,.T.);
#3752=EDGE_CURVE('',#2908,#2907,#527,.T.);
#3753=EDGE_CURVE('',#2906,#2908,#528,.T.);
#3754=EDGE_CURVE('',#2909,#2910,#529,.T.);
#3755=EDGE_CURVE('',#2908,#2909,#1000,.T.);
#3756=EDGE_CURVE('',#2910,#2907,#1001,.T.);
#3757=EDGE_CURVE('',#2911,#2912,#530,.T.);
#3758=EDGE_CURVE('',#2909,#2911,#531,.T.);
#3759=EDGE_CURVE('',#2912,#2910,#532,.T.);
#3760=EDGE_CURVE('',#2913,#2914,#533,.T.);
#3761=EDGE_CURVE('',#2911,#2913,#1002,.T.);
#3762=EDGE_CURVE('',#2914,#2912,#1003,.T.);
#3763=EDGE_CURVE('',#2915,#2916,#534,.T.);
#3764=EDGE_CURVE('',#2913,#2915,#535,.T.);
#3765=EDGE_CURVE('',#2916,#2914,#536,.T.);
#3766=EDGE_CURVE('',#2917,#2918,#537,.T.);
#3767=EDGE_CURVE('',#2915,#2917,#1004,.T.);
#3768=EDGE_CURVE('',#2918,#2916,#1005,.T.);
#3769=EDGE_CURVE('',#2919,#2920,#538,.T.);
#3770=EDGE_CURVE('',#2917,#2919,#539,.T.);
#3771=EDGE_CURVE('',#2920,#2918,#540,.T.);
#3772=EDGE_CURVE('',#2905,#2920,#1006,.T.);
#3773=EDGE_CURVE('',#2919,#2906,#1007,.T.);
#3774=EDGE_CURVE('',#2916,#2747,#1008,.T.);
#3775=EDGE_CURVE('',#2746,#2918,#1009,.T.);
#3776=EDGE_CURVE('',#2920,#2745,#1010,.T.);
#3777=EDGE_CURVE('',#2744,#2905,#1011,.T.);
#3778=EDGE_CURVE('',#2907,#2742,#1012,.T.);
#3779=EDGE_CURVE('',#2921,#2922,#541,.T.);
#3780=EDGE_CURVE('',#2923,#2921,#1013,.T.);
#3781=EDGE_CURVE('',#2924,#2923,#542,.T.);
#3782=EDGE_CURVE('',#2922,#2924,#1014,.T.);
#3783=EDGE_CURVE('',#2925,#2926,#543,.T.);
#3784=EDGE_CURVE('',#2924,#2925,#544,.T.);
#3785=EDGE_CURVE('',#2926,#2923,#545,.T.);
#3786=EDGE_CURVE('',#2927,#2928,#546,.T.);
#3787=EDGE_CURVE('',#2925,#2927,#1015,.T.);
#3788=EDGE_CURVE('',#2928,#2926,#1016,.T.);
#3789=EDGE_CURVE('',#2929,#2930,#547,.T.);
#3790=EDGE_CURVE('',#2927,#2929,#548,.T.);
#3791=EDGE_CURVE('',#2930,#2928,#549,.T.);
#3792=EDGE_CURVE('',#2931,#2932,#550,.T.);
#3793=EDGE_CURVE('',#2929,#2931,#1017,.T.);
#3794=EDGE_CURVE('',#2932,#2930,#1018,.T.);
#3795=EDGE_CURVE('',#2933,#2934,#551,.T.);
#3796=EDGE_CURVE('',#2931,#2933,#552,.T.);
#3797=EDGE_CURVE('',#2934,#2932,#553,.T.);
#3798=EDGE_CURVE('',#2935,#2936,#554,.T.);
#3799=EDGE_CURVE('',#2933,#2935,#1019,.T.);
#3800=EDGE_CURVE('',#2936,#2934,#1020,.T.);
#3801=EDGE_CURVE('',#2921,#2936,#555,.T.);
#3802=EDGE_CURVE('',#2935,#2922,#556,.T.);
#3803=EDGE_CURVE('',#2887,#2929,#1021,.T.);
#3804=EDGE_CURVE('',#2927,#2886,#1022,.T.);
#3805=EDGE_CURVE('',#2885,#2925,#1023,.T.);
#3806=EDGE_CURVE('',#2924,#2883,#1024,.T.);
#3807=EDGE_CURVE('',#2884,#2922,#1025,.T.);
#3808=EDGE_CURVE('',#2697,#2709,#1026,.T.);
#3809=EDGE_CURVE('',#2743,#2910,#1027,.T.);
#3810=EDGE_CURVE('',#2748,#2914,#1028,.T.);
#3811=EDGE_CURVE('',#2912,#2749,#1029,.T.);
#3812=EDGE_CURVE('',#2931,#2888,#1030,.T.);
#3813=EDGE_CURVE('',#2889,#2933,#1031,.T.);
#3814=EDGE_CURVE('',#2935,#2890,#1032,.T.);
#3815=ORIENTED_EDGE('',*,*,#2937,.T.);
#3816=ORIENTED_EDGE('',*,*,#2938,.T.);
#3817=ORIENTED_EDGE('',*,*,#2939,.T.);
#3818=ORIENTED_EDGE('',*,*,#2937,.F.);
#3819=ORIENTED_EDGE('',*,*,#2940,.T.);
#3820=ORIENTED_EDGE('',*,*,#2941,.F.);
#3821=ORIENTED_EDGE('',*,*,#2942,.F.);
#3822=ORIENTED_EDGE('',*,*,#2938,.F.);
#3823=ORIENTED_EDGE('',*,*,#2942,.T.);
#3824=ORIENTED_EDGE('',*,*,#2943,.F.);
#3825=ORIENTED_EDGE('',*,*,#2944,.F.);
#3826=ORIENTED_EDGE('',*,*,#2939,.F.);
#3827=ORIENTED_EDGE('',*,*,#2944,.T.);
#3828=ORIENTED_EDGE('',*,*,#2945,.F.);
#3829=ORIENTED_EDGE('',*,*,#2940,.F.);
#3830=ORIENTED_EDGE('',*,*,#2946,.T.);
#3831=ORIENTED_EDGE('',*,*,#2947,.T.);
#3832=ORIENTED_EDGE('',*,*,#2948,.T.);
#3833=ORIENTED_EDGE('',*,*,#2949,.T.);
#3834=ORIENTED_EDGE('',*,*,#2946,.F.);
#3835=ORIENTED_EDGE('',*,*,#2950,.T.);
#3836=ORIENTED_EDGE('',*,*,#2951,.F.);
#3837=ORIENTED_EDGE('',*,*,#2952,.F.);
#3838=ORIENTED_EDGE('',*,*,#2947,.F.);
#3839=ORIENTED_EDGE('',*,*,#2952,.T.);
#3840=ORIENTED_EDGE('',*,*,#2953,.F.);
#3841=ORIENTED_EDGE('',*,*,#2950,.F.);
#3842=ORIENTED_EDGE('',*,*,#2948,.F.);
#3843=ORIENTED_EDGE('',*,*,#2954,.T.);
#3844=ORIENTED_EDGE('',*,*,#2955,.F.);
#3845=ORIENTED_EDGE('',*,*,#2956,.F.);
#3846=ORIENTED_EDGE('',*,*,#2949,.F.);
#3847=ORIENTED_EDGE('',*,*,#2956,.T.);
#3848=ORIENTED_EDGE('',*,*,#2957,.F.);
#3849=ORIENTED_EDGE('',*,*,#2954,.F.);
#3850=ORIENTED_EDGE('',*,*,#2955,.T.);
#3851=ORIENTED_EDGE('',*,*,#2957,.T.);
#3852=ORIENTED_EDGE('',*,*,#2958,.T.);
#3853=ORIENTED_EDGE('',*,*,#2959,.T.);
#3854=ORIENTED_EDGE('',*,*,#2960,.T.);
#3855=ORIENTED_EDGE('',*,*,#2961,.T.);
#3856=ORIENTED_EDGE('',*,*,#2962,.T.);
#3857=ORIENTED_EDGE('',*,*,#2963,.T.);
#3858=ORIENTED_EDGE('',*,*,#2960,.F.);
#3859=ORIENTED_EDGE('',*,*,#2964,.T.);
#3860=ORIENTED_EDGE('',*,*,#2965,.T.);
#3861=ORIENTED_EDGE('',*,*,#2966,.T.);
#3862=ORIENTED_EDGE('',*,*,#2962,.F.);
#3863=ORIENTED_EDGE('',*,*,#2967,.T.);
#3864=ORIENTED_EDGE('',*,*,#2964,.F.);
#3865=ORIENTED_EDGE('',*,*,#2968,.F.);
#3866=ORIENTED_EDGE('',*,*,#2969,.F.);
#3867=ORIENTED_EDGE('',*,*,#2970,.F.);
#3868=ORIENTED_EDGE('',*,*,#2959,.F.);
#3869=ORIENTED_EDGE('',*,*,#2971,.T.);
#3870=ORIENTED_EDGE('',*,*,#2972,.T.);
#3871=ORIENTED_EDGE('',*,*,#2968,.T.);
#3872=ORIENTED_EDGE('',*,*,#2958,.F.);
#3873=ORIENTED_EDGE('',*,*,#2973,.T.);
#3874=ORIENTED_EDGE('',*,*,#2974,.F.);
#3875=ORIENTED_EDGE('',*,*,#2975,.T.);
#3876=ORIENTED_EDGE('',*,*,#2976,.T.);
#3877=ORIENTED_EDGE('',*,*,#2977,.T.);
#3878=ORIENTED_EDGE('',*,*,#2974,.T.);
#3879=ORIENTED_EDGE('',*,*,#2978,.T.);
#3880=ORIENTED_EDGE('',*,*,#2979,.T.);
#3881=ORIENTED_EDGE('',*,*,#2980,.T.);
#3882=ORIENTED_EDGE('',*,*,#2976,.F.);
#3883=ORIENTED_EDGE('',*,*,#2981,.T.);
#3884=ORIENTED_EDGE('',*,*,#2982,.T.);
#3885=ORIENTED_EDGE('',*,*,#2983,.T.);
#3886=ORIENTED_EDGE('',*,*,#2979,.F.);
#3887=ORIENTED_EDGE('',*,*,#2984,.T.);
#3888=ORIENTED_EDGE('',*,*,#2966,.F.);
#3889=ORIENTED_EDGE('',*,*,#2985,.F.);
#3890=ORIENTED_EDGE('',*,*,#2984,.F.);
#3891=ORIENTED_EDGE('',*,*,#2981,.F.);
#3892=ORIENTED_EDGE('',*,*,#2978,.F.);
#3893=ORIENTED_EDGE('',*,*,#2973,.F.);
#3894=ORIENTED_EDGE('',*,*,#2961,.F.);
#3895=ORIENTED_EDGE('',*,*,#2963,.F.);
#3896=ORIENTED_EDGE('',*,*,#2967,.F.);
#3897=ORIENTED_EDGE('',*,*,#2970,.T.);
#3898=ORIENTED_EDGE('',*,*,#2986,.T.);
#3899=ORIENTED_EDGE('',*,*,#2987,.T.);
#3900=ORIENTED_EDGE('',*,*,#2983,.F.);
#3901=ORIENTED_EDGE('',*,*,#2988,.T.);
#3902=ORIENTED_EDGE('',*,*,#2989,.T.);
#3903=ORIENTED_EDGE('',*,*,#2990,.T.);
#3904=ORIENTED_EDGE('',*,*,#2977,.F.);
#3905=ORIENTED_EDGE('',*,*,#2991,.T.);
#3906=ORIENTED_EDGE('',*,*,#2992,.T.);
#3907=ORIENTED_EDGE('',*,*,#2993,.T.);
#3908=ORIENTED_EDGE('',*,*,#2994,.F.);
#3909=ORIENTED_EDGE('',*,*,#2995,.T.);
#3910=ORIENTED_EDGE('',*,*,#2996,.T.);
#3911=ORIENTED_EDGE('',*,*,#2997,.F.);
#3912=ORIENTED_EDGE('',*,*,#2998,.F.);
#3913=ORIENTED_EDGE('',*,*,#2999,.T.);
#3914=ORIENTED_EDGE('',*,*,#3000,.T.);
#3915=ORIENTED_EDGE('',*,*,#3001,.F.);
#3916=ORIENTED_EDGE('',*,*,#3000,.F.);
#3917=ORIENTED_EDGE('',*,*,#3002,.F.);
#3918=ORIENTED_EDGE('',*,*,#2996,.F.);
#3919=ORIENTED_EDGE('',*,*,#3003,.F.);
#3920=ORIENTED_EDGE('',*,*,#3004,.F.);
#3921=ORIENTED_EDGE('',*,*,#2994,.T.);
#3922=ORIENTED_EDGE('',*,*,#3005,.F.);
#3923=ORIENTED_EDGE('',*,*,#3006,.F.);
#3924=ORIENTED_EDGE('',*,*,#3007,.F.);
#3925=ORIENTED_EDGE('',*,*,#3008,.F.);
#3926=ORIENTED_EDGE('',*,*,#3009,.T.);
#3927=ORIENTED_EDGE('',*,*,#3005,.T.);
#3928=ORIENTED_EDGE('',*,*,#2997,.T.);
#3929=ORIENTED_EDGE('',*,*,#3002,.T.);
#3930=ORIENTED_EDGE('',*,*,#2999,.F.);
#3931=ORIENTED_EDGE('',*,*,#3010,.T.);
#3932=ORIENTED_EDGE('',*,*,#3011,.F.);
#3933=ORIENTED_EDGE('',*,*,#3012,.F.);
#3934=ORIENTED_EDGE('',*,*,#3013,.T.);
#3935=ORIENTED_EDGE('',*,*,#3014,.T.);
#3936=ORIENTED_EDGE('',*,*,#3001,.T.);
#3937=ORIENTED_EDGE('',*,*,#3003,.T.);
#3938=ORIENTED_EDGE('',*,*,#2995,.F.);
#3939=ORIENTED_EDGE('',*,*,#3007,.T.);
#3940=ORIENTED_EDGE('',*,*,#3015,.F.);
#3941=ORIENTED_EDGE('',*,*,#2998,.T.);
#3942=ORIENTED_EDGE('',*,*,#3014,.F.);
#3943=ORIENTED_EDGE('',*,*,#3016,.F.);
#3944=ORIENTED_EDGE('',*,*,#3017,.F.);
#3945=ORIENTED_EDGE('',*,*,#3010,.F.);
#3946=ORIENTED_EDGE('',*,*,#3008,.T.);
#3947=ORIENTED_EDGE('',*,*,#3018,.F.);
#3948=ORIENTED_EDGE('',*,*,#3019,.T.);
#3949=ORIENTED_EDGE('',*,*,#3020,.T.);
#3950=ORIENTED_EDGE('',*,*,#3021,.T.);
#3951=ORIENTED_EDGE('',*,*,#3020,.F.);
#3952=ORIENTED_EDGE('',*,*,#3004,.T.);
#3953=ORIENTED_EDGE('',*,*,#3022,.T.);
#3954=ORIENTED_EDGE('',*,*,#3021,.F.);
#3955=ORIENTED_EDGE('',*,*,#3022,.F.);
#3956=ORIENTED_EDGE('',*,*,#3023,.F.);
#3957=ORIENTED_EDGE('',*,*,#3024,.F.);
#3958=ORIENTED_EDGE('',*,*,#3025,.F.);
#3959=ORIENTED_EDGE('',*,*,#3026,.F.);
#3960=ORIENTED_EDGE('',*,*,#3027,.F.);
#3961=ORIENTED_EDGE('',*,*,#3028,.F.);
#3962=ORIENTED_EDGE('',*,*,#3029,.F.);
#3963=ORIENTED_EDGE('',*,*,#3030,.T.);
#3964=ORIENTED_EDGE('',*,*,#3031,.F.);
#3965=ORIENTED_EDGE('',*,*,#3032,.T.);
#3966=ORIENTED_EDGE('',*,*,#3033,.F.);
#3967=ORIENTED_EDGE('',*,*,#3034,.T.);
#3968=ORIENTED_EDGE('',*,*,#3035,.F.);
#3969=ORIENTED_EDGE('',*,*,#3036,.T.);
#3970=ORIENTED_EDGE('',*,*,#3037,.F.);
#3971=ORIENTED_EDGE('',*,*,#3019,.F.);
#3972=ORIENTED_EDGE('',*,*,#3038,.T.);
#3973=ORIENTED_EDGE('',*,*,#3039,.T.);
#3974=ORIENTED_EDGE('',*,*,#3040,.T.);
#3975=ORIENTED_EDGE('',*,*,#3041,.T.);
#3976=ORIENTED_EDGE('',*,*,#3038,.F.);
#3977=ORIENTED_EDGE('',*,*,#3042,.T.);
#3978=ORIENTED_EDGE('',*,*,#3043,.T.);
#3979=ORIENTED_EDGE('',*,*,#3044,.T.);
#3980=ORIENTED_EDGE('',*,*,#3045,.T.);
#3981=ORIENTED_EDGE('',*,*,#3046,.T.);
#3982=ORIENTED_EDGE('',*,*,#3043,.F.);
#3983=ORIENTED_EDGE('',*,*,#3047,.T.);
#3984=ORIENTED_EDGE('',*,*,#3048,.T.);
#3985=ORIENTED_EDGE('',*,*,#3049,.T.);
#3986=ORIENTED_EDGE('',*,*,#3045,.F.);
#3987=ORIENTED_EDGE('',*,*,#3050,.T.);
#3988=ORIENTED_EDGE('',*,*,#3051,.T.);
#3989=ORIENTED_EDGE('',*,*,#3052,.T.);
#3990=ORIENTED_EDGE('',*,*,#3048,.F.);
#3991=ORIENTED_EDGE('',*,*,#3053,.T.);
#3992=ORIENTED_EDGE('',*,*,#3054,.T.);
#3993=ORIENTED_EDGE('',*,*,#3055,.T.);
#3994=ORIENTED_EDGE('',*,*,#3051,.F.);
#3995=ORIENTED_EDGE('',*,*,#3056,.T.);
#3996=ORIENTED_EDGE('',*,*,#3057,.T.);
#3997=ORIENTED_EDGE('',*,*,#3058,.T.);
#3998=ORIENTED_EDGE('',*,*,#3054,.F.);
#3999=ORIENTED_EDGE('',*,*,#3059,.T.);
#4000=ORIENTED_EDGE('',*,*,#3057,.F.);
#4001=ORIENTED_EDGE('',*,*,#3060,.T.);
#4002=ORIENTED_EDGE('',*,*,#3061,.T.);
#4003=ORIENTED_EDGE('',*,*,#3062,.T.);
#4004=ORIENTED_EDGE('',*,*,#3063,.T.);
#4005=ORIENTED_EDGE('',*,*,#3064,.T.);
#4006=ORIENTED_EDGE('',*,*,#3061,.F.);
#4007=ORIENTED_EDGE('',*,*,#3065,.T.);
#4008=ORIENTED_EDGE('',*,*,#3063,.F.);
#4009=ORIENTED_EDGE('',*,*,#3066,.T.);
#4010=ORIENTED_EDGE('',*,*,#3067,.T.);
#4011=ORIENTED_EDGE('',*,*,#3068,.T.);
#4012=ORIENTED_EDGE('',*,*,#3069,.T.);
#4013=ORIENTED_EDGE('',*,*,#3070,.T.);
#4014=ORIENTED_EDGE('',*,*,#3067,.F.);
#4015=ORIENTED_EDGE('',*,*,#3071,.T.);
#4016=ORIENTED_EDGE('',*,*,#3072,.T.);
#4017=ORIENTED_EDGE('',*,*,#3073,.T.);
#4018=ORIENTED_EDGE('',*,*,#3069,.F.);
#4019=ORIENTED_EDGE('',*,*,#3074,.T.);
#4020=ORIENTED_EDGE('',*,*,#3075,.T.);
#4021=ORIENTED_EDGE('',*,*,#3076,.T.);
#4022=ORIENTED_EDGE('',*,*,#3072,.F.);
#4023=ORIENTED_EDGE('',*,*,#3077,.T.);
#4024=ORIENTED_EDGE('',*,*,#3078,.T.);
#4025=ORIENTED_EDGE('',*,*,#3079,.T.);
#4026=ORIENTED_EDGE('',*,*,#3075,.F.);
#4027=ORIENTED_EDGE('',*,*,#3080,.T.);
#4028=ORIENTED_EDGE('',*,*,#3081,.T.);
#4029=ORIENTED_EDGE('',*,*,#3082,.T.);
#4030=ORIENTED_EDGE('',*,*,#3078,.F.);
#4031=ORIENTED_EDGE('',*,*,#3083,.T.);
#4032=ORIENTED_EDGE('',*,*,#3081,.F.);
#4033=ORIENTED_EDGE('',*,*,#3084,.T.);
#4034=ORIENTED_EDGE('',*,*,#3040,.F.);
#4035=ORIENTED_EDGE('',*,*,#3085,.T.);
#4036=ORIENTED_EDGE('',*,*,#3060,.F.);
#4037=ORIENTED_EDGE('',*,*,#3086,.T.);
#4038=ORIENTED_EDGE('',*,*,#3087,.F.);
#4039=ORIENTED_EDGE('',*,*,#3088,.F.);
#4040=ORIENTED_EDGE('',*,*,#3089,.T.);
#4041=ORIENTED_EDGE('',*,*,#3090,.F.);
#4042=ORIENTED_EDGE('',*,*,#3091,.F.);
#4043=ORIENTED_EDGE('',*,*,#3092,.F.);
#4044=ORIENTED_EDGE('',*,*,#3059,.F.);
#4045=ORIENTED_EDGE('',*,*,#3093,.F.);
#4046=ORIENTED_EDGE('',*,*,#3094,.F.);
#4047=ORIENTED_EDGE('',*,*,#3095,.F.);
#4048=ORIENTED_EDGE('',*,*,#3096,.F.);
#4049=ORIENTED_EDGE('',*,*,#3086,.F.);
#4050=ORIENTED_EDGE('',*,*,#3056,.F.);
#4051=ORIENTED_EDGE('',*,*,#3097,.T.);
#4052=ORIENTED_EDGE('',*,*,#3098,.F.);
#4053=ORIENTED_EDGE('',*,*,#3093,.T.);
#4054=ORIENTED_EDGE('',*,*,#3053,.F.);
#4055=ORIENTED_EDGE('',*,*,#3099,.F.);
#4056=ORIENTED_EDGE('',*,*,#3100,.F.);
#4057=ORIENTED_EDGE('',*,*,#3097,.F.);
#4058=ORIENTED_EDGE('',*,*,#3050,.F.);
#4059=ORIENTED_EDGE('',*,*,#3101,.T.);
#4060=ORIENTED_EDGE('',*,*,#3102,.F.);
#4061=ORIENTED_EDGE('',*,*,#3099,.T.);
#4062=ORIENTED_EDGE('',*,*,#3047,.F.);
#4063=ORIENTED_EDGE('',*,*,#3103,.F.);
#4064=ORIENTED_EDGE('',*,*,#3104,.F.);
#4065=ORIENTED_EDGE('',*,*,#3105,.T.);
#4066=ORIENTED_EDGE('',*,*,#3106,.F.);
#4067=ORIENTED_EDGE('',*,*,#3101,.F.);
#4068=ORIENTED_EDGE('',*,*,#3042,.F.);
#4069=ORIENTED_EDGE('',*,*,#3107,.T.);
#4070=ORIENTED_EDGE('',*,*,#3108,.F.);
#4071=ORIENTED_EDGE('',*,*,#3109,.F.);
#4072=ORIENTED_EDGE('',*,*,#3103,.T.);
#4073=ORIENTED_EDGE('',*,*,#3041,.F.);
#4074=ORIENTED_EDGE('',*,*,#3110,.F.);
#4075=ORIENTED_EDGE('',*,*,#3111,.F.);
#4076=ORIENTED_EDGE('',*,*,#3112,.F.);
#4077=ORIENTED_EDGE('',*,*,#3113,.F.);
#4078=ORIENTED_EDGE('',*,*,#3114,.F.);
#4079=ORIENTED_EDGE('',*,*,#3115,.T.);
#4080=ORIENTED_EDGE('',*,*,#3107,.F.);
#4081=ORIENTED_EDGE('',*,*,#3039,.F.);
#4082=ORIENTED_EDGE('',*,*,#3044,.F.);
#4083=ORIENTED_EDGE('',*,*,#3046,.F.);
#4084=ORIENTED_EDGE('',*,*,#3049,.F.);
#4085=ORIENTED_EDGE('',*,*,#3052,.F.);
#4086=ORIENTED_EDGE('',*,*,#3055,.F.);
#4087=ORIENTED_EDGE('',*,*,#3058,.F.);
#4088=ORIENTED_EDGE('',*,*,#3062,.F.);
#4089=ORIENTED_EDGE('',*,*,#3064,.F.);
#4090=ORIENTED_EDGE('',*,*,#3068,.F.);
#4091=ORIENTED_EDGE('',*,*,#3070,.F.);
#4092=ORIENTED_EDGE('',*,*,#3073,.F.);
#4093=ORIENTED_EDGE('',*,*,#3076,.F.);
#4094=ORIENTED_EDGE('',*,*,#3079,.F.);
#4095=ORIENTED_EDGE('',*,*,#3082,.F.);
#4096=ORIENTED_EDGE('',*,*,#3085,.F.);
#4097=ORIENTED_EDGE('',*,*,#3116,.F.);
#4098=ORIENTED_EDGE('',*,*,#3117,.F.);
#4099=ORIENTED_EDGE('',*,*,#3118,.F.);
#4100=ORIENTED_EDGE('',*,*,#3119,.F.);
#4101=ORIENTED_EDGE('',*,*,#3120,.F.);
#4102=ORIENTED_EDGE('',*,*,#3121,.T.);
#4103=ORIENTED_EDGE('',*,*,#3122,.T.);
#4104=ORIENTED_EDGE('',*,*,#3123,.T.);
#4105=ORIENTED_EDGE('',*,*,#3122,.F.);
#4106=ORIENTED_EDGE('',*,*,#3121,.F.);
#4107=ORIENTED_EDGE('',*,*,#3124,.T.);
#4108=ORIENTED_EDGE('',*,*,#3125,.F.);
#4109=ORIENTED_EDGE('',*,*,#3124,.F.);
#4110=ORIENTED_EDGE('',*,*,#3126,.F.);
#4111=ORIENTED_EDGE('',*,*,#3123,.F.);
#4112=ORIENTED_EDGE('',*,*,#3127,.T.);
#4113=ORIENTED_EDGE('',*,*,#3128,.T.);
#4114=ORIENTED_EDGE('',*,*,#3129,.T.);
#4115=ORIENTED_EDGE('',*,*,#3128,.F.);
#4116=ORIENTED_EDGE('',*,*,#3127,.F.);
#4117=ORIENTED_EDGE('',*,*,#3130,.T.);
#4118=ORIENTED_EDGE('',*,*,#3131,.F.);
#4119=ORIENTED_EDGE('',*,*,#3130,.F.);
#4120=ORIENTED_EDGE('',*,*,#3132,.F.);
#4121=ORIENTED_EDGE('',*,*,#3129,.F.);
#4122=ORIENTED_EDGE('',*,*,#3133,.T.);
#4123=ORIENTED_EDGE('',*,*,#3134,.T.);
#4124=ORIENTED_EDGE('',*,*,#3135,.T.);
#4125=ORIENTED_EDGE('',*,*,#3136,.T.);
#4126=ORIENTED_EDGE('',*,*,#3137,.T.);
#4127=ORIENTED_EDGE('',*,*,#3138,.T.);
#4128=ORIENTED_EDGE('',*,*,#3135,.F.);
#4129=ORIENTED_EDGE('',*,*,#3139,.T.);
#4130=ORIENTED_EDGE('',*,*,#3133,.F.);
#4131=ORIENTED_EDGE('',*,*,#3140,.T.);
#4132=ORIENTED_EDGE('',*,*,#3141,.T.);
#4133=ORIENTED_EDGE('',*,*,#3142,.T.);
#4134=ORIENTED_EDGE('',*,*,#3143,.T.);
#4135=ORIENTED_EDGE('',*,*,#3137,.F.);
#4136=ORIENTED_EDGE('',*,*,#3144,.T.);
#4137=ORIENTED_EDGE('',*,*,#3145,.T.);
#4138=ORIENTED_EDGE('',*,*,#3146,.T.);
#4139=ORIENTED_EDGE('',*,*,#3147,.T.);
#4140=ORIENTED_EDGE('',*,*,#3145,.F.);
#4141=ORIENTED_EDGE('',*,*,#3148,.T.);
#4142=ORIENTED_EDGE('',*,*,#3142,.F.);
#4143=ORIENTED_EDGE('',*,*,#3149,.T.);
#4144=ORIENTED_EDGE('',*,*,#3140,.F.);
#4145=ORIENTED_EDGE('',*,*,#3150,.T.);
#4146=ORIENTED_EDGE('',*,*,#3151,.F.);
#4147=ORIENTED_EDGE('',*,*,#3152,.T.);
#4148=ORIENTED_EDGE('',*,*,#3136,.F.);
#4149=ORIENTED_EDGE('',*,*,#3138,.F.);
#4150=ORIENTED_EDGE('',*,*,#3153,.F.);
#4151=ORIENTED_EDGE('',*,*,#3154,.F.);
#4152=ORIENTED_EDGE('',*,*,#3150,.F.);
#4153=ORIENTED_EDGE('',*,*,#3143,.F.);
#4154=ORIENTED_EDGE('',*,*,#3148,.F.);
#4155=ORIENTED_EDGE('',*,*,#3147,.F.);
#4156=ORIENTED_EDGE('',*,*,#3111,.T.);
#4157=ORIENTED_EDGE('',*,*,#3155,.T.);
#4158=ORIENTED_EDGE('',*,*,#3156,.F.);
#4159=ORIENTED_EDGE('',*,*,#3153,.T.);
#4160=ORIENTED_EDGE('',*,*,#3157,.T.);
#4161=ORIENTED_EDGE('',*,*,#3158,.T.);
#4162=ORIENTED_EDGE('',*,*,#3159,.T.);
#4163=ORIENTED_EDGE('',*,*,#3088,.T.);
#4164=ORIENTED_EDGE('',*,*,#3087,.T.);
#4165=ORIENTED_EDGE('',*,*,#3160,.T.);
#4166=ORIENTED_EDGE('',*,*,#3157,.F.);
#4167=ORIENTED_EDGE('',*,*,#3161,.T.);
#4168=ORIENTED_EDGE('',*,*,#3162,.T.);
#4169=ORIENTED_EDGE('',*,*,#3159,.F.);
#4170=ORIENTED_EDGE('',*,*,#3163,.T.);
#4171=ORIENTED_EDGE('',*,*,#3164,.T.);
#4172=ORIENTED_EDGE('',*,*,#3165,.T.);
#4173=ORIENTED_EDGE('',*,*,#3166,.T.);
#4174=ORIENTED_EDGE('',*,*,#3167,.T.);
#4175=ORIENTED_EDGE('',*,*,#3168,.T.);
#4176=ORIENTED_EDGE('',*,*,#3164,.F.);
#4177=ORIENTED_EDGE('',*,*,#3169,.T.);
#4178=ORIENTED_EDGE('',*,*,#3167,.F.);
#4179=ORIENTED_EDGE('',*,*,#3170,.T.);
#4180=ORIENTED_EDGE('',*,*,#3161,.F.);
#4181=ORIENTED_EDGE('',*,*,#3171,.T.);
#4182=ORIENTED_EDGE('',*,*,#3139,.F.);
#4183=ORIENTED_EDGE('',*,*,#3172,.T.);
#4184=ORIENTED_EDGE('',*,*,#3173,.F.);
#4185=ORIENTED_EDGE('',*,*,#3089,.F.);
#4186=ORIENTED_EDGE('',*,*,#3162,.F.);
#4187=ORIENTED_EDGE('',*,*,#3170,.F.);
#4188=ORIENTED_EDGE('',*,*,#3174,.F.);
#4189=ORIENTED_EDGE('',*,*,#3175,.F.);
#4190=ORIENTED_EDGE('',*,*,#3176,.F.);
#4191=ORIENTED_EDGE('',*,*,#3177,.F.);
#4192=ORIENTED_EDGE('',*,*,#3178,.F.);
#4193=ORIENTED_EDGE('',*,*,#3179,.F.);
#4194=ORIENTED_EDGE('',*,*,#3180,.F.);
#4195=ORIENTED_EDGE('',*,*,#3144,.F.);
#4196=ORIENTED_EDGE('',*,*,#3169,.F.);
#4197=ORIENTED_EDGE('',*,*,#3181,.F.);
#4198=ORIENTED_EDGE('',*,*,#3182,.F.);
#4199=ORIENTED_EDGE('',*,*,#3183,.F.);
#4200=ORIENTED_EDGE('',*,*,#3176,.T.);
#4201=ORIENTED_EDGE('',*,*,#3175,.T.);
#4202=ORIENTED_EDGE('',*,*,#3174,.T.);
#4203=ORIENTED_EDGE('',*,*,#3166,.F.);
#4204=ORIENTED_EDGE('',*,*,#3114,.T.);
#4205=ORIENTED_EDGE('',*,*,#3181,.T.);
#4206=ORIENTED_EDGE('',*,*,#3184,.T.);
#4207=ORIENTED_EDGE('',*,*,#3185,.T.);
#4208=ORIENTED_EDGE('',*,*,#3186,.T.);
#4209=ORIENTED_EDGE('',*,*,#3187,.T.);
#4210=ORIENTED_EDGE('',*,*,#3188,.T.);
#4211=ORIENTED_EDGE('',*,*,#3184,.F.);
#4212=ORIENTED_EDGE('',*,*,#3189,.T.);
#4213=ORIENTED_EDGE('',*,*,#3190,.T.);
#4214=ORIENTED_EDGE('',*,*,#3191,.T.);
#4215=ORIENTED_EDGE('',*,*,#3187,.F.);
#4216=ORIENTED_EDGE('',*,*,#3192,.T.);
#4217=ORIENTED_EDGE('',*,*,#3193,.T.);
#4218=ORIENTED_EDGE('',*,*,#3194,.T.);
#4219=ORIENTED_EDGE('',*,*,#3195,.T.);
#4220=ORIENTED_EDGE('',*,*,#3196,.T.);
#4221=ORIENTED_EDGE('',*,*,#3195,.F.);
#4222=ORIENTED_EDGE('',*,*,#3197,.T.);
#4223=ORIENTED_EDGE('',*,*,#3198,.T.);
#4224=ORIENTED_EDGE('',*,*,#3193,.F.);
#4225=ORIENTED_EDGE('',*,*,#3199,.T.);
#4226=ORIENTED_EDGE('',*,*,#3190,.F.);
#4227=ORIENTED_EDGE('',*,*,#3200,.T.);
#4228=ORIENTED_EDGE('',*,*,#3171,.F.);
#4229=ORIENTED_EDGE('',*,*,#3201,.T.);
#4230=ORIENTED_EDGE('',*,*,#3191,.F.);
#4231=ORIENTED_EDGE('',*,*,#3202,.F.);
#4232=ORIENTED_EDGE('',*,*,#3115,.F.);
#4233=ORIENTED_EDGE('',*,*,#3165,.F.);
#4234=ORIENTED_EDGE('',*,*,#3168,.F.);
#4235=ORIENTED_EDGE('',*,*,#3199,.F.);
#4236=ORIENTED_EDGE('',*,*,#3203,.T.);
#4237=ORIENTED_EDGE('',*,*,#3108,.T.);
#4238=ORIENTED_EDGE('',*,*,#3202,.T.);
#4239=ORIENTED_EDGE('',*,*,#3196,.F.);
#4240=ORIENTED_EDGE('',*,*,#3204,.T.);
#4241=ORIENTED_EDGE('',*,*,#3109,.T.);
#4242=ORIENTED_EDGE('',*,*,#3203,.F.);
#4243=ORIENTED_EDGE('',*,*,#3198,.F.);
#4244=ORIENTED_EDGE('',*,*,#3104,.T.);
#4245=ORIENTED_EDGE('',*,*,#3204,.F.);
#4246=ORIENTED_EDGE('',*,*,#3205,.T.);
#4247=ORIENTED_EDGE('',*,*,#3206,.T.);
#4248=ORIENTED_EDGE('',*,*,#3207,.T.);
#4249=ORIENTED_EDGE('',*,*,#3208,.T.);
#4250=ORIENTED_EDGE('',*,*,#3209,.T.);
#4251=ORIENTED_EDGE('',*,*,#3205,.F.);
#4252=ORIENTED_EDGE('',*,*,#3210,.T.);
#4253=ORIENTED_EDGE('',*,*,#3211,.T.);
#4254=ORIENTED_EDGE('',*,*,#3212,.T.);
#4255=ORIENTED_EDGE('',*,*,#3208,.F.);
#4256=ORIENTED_EDGE('',*,*,#3213,.T.);
#4257=ORIENTED_EDGE('',*,*,#3214,.T.);
#4258=ORIENTED_EDGE('',*,*,#3215,.T.);
#4259=ORIENTED_EDGE('',*,*,#3216,.T.);
#4260=ORIENTED_EDGE('',*,*,#3154,.T.);
#4261=ORIENTED_EDGE('',*,*,#3217,.T.);
#4262=ORIENTED_EDGE('',*,*,#3151,.T.);
#4263=ORIENTED_EDGE('',*,*,#3216,.F.);
#4264=ORIENTED_EDGE('',*,*,#3214,.F.);
#4265=ORIENTED_EDGE('',*,*,#3156,.T.);
#4266=ORIENTED_EDGE('',*,*,#3211,.F.);
#4267=ORIENTED_EDGE('',*,*,#3218,.T.);
#4268=ORIENTED_EDGE('',*,*,#3212,.F.);
#4269=ORIENTED_EDGE('',*,*,#3155,.F.);
#4270=ORIENTED_EDGE('',*,*,#3219,.T.);
#4271=ORIENTED_EDGE('',*,*,#3220,.T.);
#4272=ORIENTED_EDGE('',*,*,#3149,.F.);
#4273=ORIENTED_EDGE('',*,*,#3180,.T.);
#4274=ORIENTED_EDGE('',*,*,#3179,.T.);
#4275=ORIENTED_EDGE('',*,*,#3178,.T.);
#4276=ORIENTED_EDGE('',*,*,#3221,.F.);
#4277=ORIENTED_EDGE('',*,*,#3222,.F.);
#4278=ORIENTED_EDGE('',*,*,#3223,.F.);
#4279=ORIENTED_EDGE('',*,*,#3146,.F.);
#4280=ORIENTED_EDGE('',*,*,#3223,.T.);
#4281=ORIENTED_EDGE('',*,*,#3112,.T.);
#4282=ORIENTED_EDGE('',*,*,#3182,.T.);
#4283=ORIENTED_EDGE('',*,*,#3113,.T.);
#4284=ORIENTED_EDGE('',*,*,#3222,.T.);
#4285=ORIENTED_EDGE('',*,*,#3224,.T.);
#4286=ORIENTED_EDGE('',*,*,#3221,.T.);
#4287=ORIENTED_EDGE('',*,*,#3177,.T.);
#4288=ORIENTED_EDGE('',*,*,#3183,.T.);
#4289=ORIENTED_EDGE('',*,*,#3225,.T.);
#4290=ORIENTED_EDGE('',*,*,#3224,.F.);
#4291=ORIENTED_EDGE('',*,*,#3225,.F.);
#4292=ORIENTED_EDGE('',*,*,#3116,.T.);
#4293=ORIENTED_EDGE('',*,*,#3226,.T.);
#4294=ORIENTED_EDGE('',*,*,#3227,.T.);
#4295=ORIENTED_EDGE('',*,*,#3226,.F.);
#4296=ORIENTED_EDGE('',*,*,#3227,.F.);
#4297=ORIENTED_EDGE('',*,*,#3228,.T.);
#4298=ORIENTED_EDGE('',*,*,#3016,.T.);
#4299=ORIENTED_EDGE('',*,*,#3013,.F.);
#4300=ORIENTED_EDGE('',*,*,#3229,.T.);
#4301=ORIENTED_EDGE('',*,*,#3015,.T.);
#4302=ORIENTED_EDGE('',*,*,#3006,.T.);
#4303=ORIENTED_EDGE('',*,*,#3009,.F.);
#4304=ORIENTED_EDGE('',*,*,#3018,.T.);
#4305=ORIENTED_EDGE('',*,*,#3011,.T.);
#4306=ORIENTED_EDGE('',*,*,#3017,.T.);
#4307=ORIENTED_EDGE('',*,*,#3228,.F.);
#4308=ORIENTED_EDGE('',*,*,#3012,.T.);
#4309=ORIENTED_EDGE('',*,*,#3229,.F.);
#4310=ORIENTED_EDGE('',*,*,#3158,.F.);
#4311=ORIENTED_EDGE('',*,*,#3230,.F.);
#4312=ORIENTED_EDGE('',*,*,#3188,.F.);
#4313=ORIENTED_EDGE('',*,*,#3201,.F.);
#4314=ORIENTED_EDGE('',*,*,#3163,.F.);
#4315=ORIENTED_EDGE('',*,*,#3066,.F.);
#4316=ORIENTED_EDGE('',*,*,#3231,.T.);
#4317=ORIENTED_EDGE('',*,*,#3232,.T.);
#4318=ORIENTED_EDGE('',*,*,#3233,.F.);
#4319=ORIENTED_EDGE('',*,*,#3172,.F.);
#4320=ORIENTED_EDGE('',*,*,#3134,.F.);
#4321=ORIENTED_EDGE('',*,*,#3141,.F.);
#4322=ORIENTED_EDGE('',*,*,#3234,.F.);
#4323=ORIENTED_EDGE('',*,*,#3125,.T.);
#4324=ORIENTED_EDGE('',*,*,#3235,.T.);
#4325=ORIENTED_EDGE('',*,*,#3117,.T.);
#4326=ORIENTED_EDGE('',*,*,#3235,.F.);
#4327=ORIENTED_EDGE('',*,*,#3236,.T.);
#4328=ORIENTED_EDGE('',*,*,#3237,.T.);
#4329=ORIENTED_EDGE('',*,*,#3119,.T.);
#4330=ORIENTED_EDGE('',*,*,#3237,.F.);
#4331=ORIENTED_EDGE('',*,*,#3238,.F.);
#4332=ORIENTED_EDGE('',*,*,#3239,.T.);
#4333=ORIENTED_EDGE('',*,*,#3236,.F.);
#4334=ORIENTED_EDGE('',*,*,#3239,.F.);
#4335=ORIENTED_EDGE('',*,*,#3240,.T.);
#4336=ORIENTED_EDGE('',*,*,#3241,.T.);
#4337=ORIENTED_EDGE('',*,*,#3120,.T.);
#4338=ORIENTED_EDGE('',*,*,#3241,.F.);
#4339=ORIENTED_EDGE('',*,*,#3242,.F.);
#4340=ORIENTED_EDGE('',*,*,#3243,.T.);
#4341=ORIENTED_EDGE('',*,*,#3240,.F.);
#4342=ORIENTED_EDGE('',*,*,#3243,.F.);
#4343=ORIENTED_EDGE('',*,*,#3131,.T.);
#4344=ORIENTED_EDGE('',*,*,#3244,.T.);
#4345=ORIENTED_EDGE('',*,*,#3118,.T.);
#4346=ORIENTED_EDGE('',*,*,#3244,.F.);
#4347=ORIENTED_EDGE('',*,*,#3209,.F.);
#4348=ORIENTED_EDGE('',*,*,#3220,.F.);
#4349=ORIENTED_EDGE('',*,*,#3245,.T.);
#4350=ORIENTED_EDGE('',*,*,#3246,.T.);
#4351=ORIENTED_EDGE('',*,*,#3206,.F.);
#4352=ORIENTED_EDGE('',*,*,#3246,.F.);
#4353=ORIENTED_EDGE('',*,*,#3247,.T.);
#4354=ORIENTED_EDGE('',*,*,#3084,.F.);
#4355=ORIENTED_EDGE('',*,*,#3248,.T.);
#4356=ORIENTED_EDGE('',*,*,#3245,.F.);
#4357=ORIENTED_EDGE('',*,*,#3219,.F.);
#4358=ORIENTED_EDGE('',*,*,#3110,.T.);
#4359=ORIENTED_EDGE('',*,*,#3160,.F.);
#4360=ORIENTED_EDGE('',*,*,#3096,.T.);
#4361=ORIENTED_EDGE('',*,*,#3185,.F.);
#4362=ORIENTED_EDGE('',*,*,#3230,.T.);
#4363=ORIENTED_EDGE('',*,*,#3249,.T.);
#4364=ORIENTED_EDGE('',*,*,#3250,.T.);
#4365=ORIENTED_EDGE('',*,*,#3251,.T.);
#4366=ORIENTED_EDGE('',*,*,#3250,.F.);
#4367=ORIENTED_EDGE('',*,*,#3252,.F.);
#4368=ORIENTED_EDGE('',*,*,#3253,.F.);
#4369=ORIENTED_EDGE('',*,*,#3254,.F.);
#4370=ORIENTED_EDGE('',*,*,#3255,.F.);
#4371=ORIENTED_EDGE('',*,*,#3256,.F.);
#4372=ORIENTED_EDGE('',*,*,#3257,.T.);
#4373=ORIENTED_EDGE('',*,*,#3258,.F.);
#4374=ORIENTED_EDGE('',*,*,#3259,.T.);
#4375=ORIENTED_EDGE('',*,*,#3260,.F.);
#4376=ORIENTED_EDGE('',*,*,#3261,.T.);
#4377=ORIENTED_EDGE('',*,*,#3262,.F.);
#4378=ORIENTED_EDGE('',*,*,#3263,.T.);
#4379=ORIENTED_EDGE('',*,*,#3264,.F.);
#4380=ORIENTED_EDGE('',*,*,#3249,.F.);
#4381=ORIENTED_EDGE('',*,*,#3251,.F.);
#4382=ORIENTED_EDGE('',*,*,#3265,.T.);
#4383=ORIENTED_EDGE('',*,*,#3126,.T.);
#4384=ORIENTED_EDGE('',*,*,#3265,.F.);
#4385=ORIENTED_EDGE('',*,*,#3029,.T.);
#4386=ORIENTED_EDGE('',*,*,#3266,.T.);
#4387=ORIENTED_EDGE('',*,*,#3267,.T.);
#4388=ORIENTED_EDGE('',*,*,#3266,.F.);
#4389=ORIENTED_EDGE('',*,*,#3267,.F.);
#4390=ORIENTED_EDGE('',*,*,#3268,.T.);
#4391=ORIENTED_EDGE('',*,*,#3132,.T.);
#4392=ORIENTED_EDGE('',*,*,#3268,.F.);
#4393=ORIENTED_EDGE('',*,*,#3269,.T.);
#4394=ORIENTED_EDGE('',*,*,#3270,.T.);
#4395=ORIENTED_EDGE('',*,*,#3271,.T.);
#4396=ORIENTED_EDGE('',*,*,#3023,.T.);
#4397=ORIENTED_EDGE('',*,*,#3272,.T.);
#4398=ORIENTED_EDGE('',*,*,#3024,.T.);
#4399=ORIENTED_EDGE('',*,*,#3271,.F.);
#4400=ORIENTED_EDGE('',*,*,#3273,.T.);
#4401=ORIENTED_EDGE('',*,*,#3274,.T.);
#4402=ORIENTED_EDGE('',*,*,#3275,.T.);
#4403=ORIENTED_EDGE('',*,*,#3269,.F.);
#4404=ORIENTED_EDGE('',*,*,#3028,.T.);
#4405=ORIENTED_EDGE('',*,*,#3272,.F.);
#4406=ORIENTED_EDGE('',*,*,#3276,.T.);
#4407=ORIENTED_EDGE('',*,*,#3277,.T.);
#4408=ORIENTED_EDGE('',*,*,#3025,.T.);
#4409=ORIENTED_EDGE('',*,*,#3278,.T.);
#4410=ORIENTED_EDGE('',*,*,#3279,.T.);
#4411=ORIENTED_EDGE('',*,*,#3274,.F.);
#4412=ORIENTED_EDGE('',*,*,#3027,.T.);
#4413=ORIENTED_EDGE('',*,*,#3277,.F.);
#4414=ORIENTED_EDGE('',*,*,#3280,.T.);
#4415=ORIENTED_EDGE('',*,*,#3278,.F.);
#4416=ORIENTED_EDGE('',*,*,#3026,.T.);
#4417=ORIENTED_EDGE('',*,*,#3083,.F.);
#4418=ORIENTED_EDGE('',*,*,#3281,.F.);
#4419=ORIENTED_EDGE('',*,*,#3276,.F.);
#4420=ORIENTED_EDGE('',*,*,#3282,.F.);
#4421=ORIENTED_EDGE('',*,*,#3247,.F.);
#4422=ORIENTED_EDGE('',*,*,#3248,.F.);
#4423=ORIENTED_EDGE('',*,*,#3207,.F.);
#4424=ORIENTED_EDGE('',*,*,#3282,.T.);
#4425=ORIENTED_EDGE('',*,*,#3273,.F.);
#4426=ORIENTED_EDGE('',*,*,#3283,.F.);
#4427=ORIENTED_EDGE('',*,*,#3217,.F.);
#4428=ORIENTED_EDGE('',*,*,#3215,.F.);
#4429=ORIENTED_EDGE('',*,*,#3218,.F.);
#4430=ORIENTED_EDGE('',*,*,#3213,.F.);
#4431=ORIENTED_EDGE('',*,*,#3210,.F.);
#4432=ORIENTED_EDGE('',*,*,#3071,.F.);
#4433=ORIENTED_EDGE('',*,*,#3234,.T.);
#4434=ORIENTED_EDGE('',*,*,#3152,.F.);
#4435=ORIENTED_EDGE('',*,*,#3283,.T.);
#4436=ORIENTED_EDGE('',*,*,#3270,.F.);
#4437=ORIENTED_EDGE('',*,*,#3284,.F.);
#4438=ORIENTED_EDGE('',*,*,#3285,.T.);
#4439=ORIENTED_EDGE('',*,*,#3286,.T.);
#4440=ORIENTED_EDGE('',*,*,#3242,.T.);
#4441=ORIENTED_EDGE('',*,*,#3286,.F.);
#4442=ORIENTED_EDGE('',*,*,#3287,.F.);
#4443=ORIENTED_EDGE('',*,*,#3288,.F.);
#4444=ORIENTED_EDGE('',*,*,#3289,.F.);
#4445=ORIENTED_EDGE('',*,*,#3290,.F.);
#4446=ORIENTED_EDGE('',*,*,#3291,.F.);
#4447=ORIENTED_EDGE('',*,*,#3292,.F.);
#4448=ORIENTED_EDGE('',*,*,#2969,.T.);
#4449=ORIENTED_EDGE('',*,*,#2972,.F.);
#4450=ORIENTED_EDGE('',*,*,#3293,.T.);
#4451=ORIENTED_EDGE('',*,*,#2992,.F.);
#4452=ORIENTED_EDGE('',*,*,#3294,.T.);
#4453=ORIENTED_EDGE('',*,*,#2989,.F.);
#4454=ORIENTED_EDGE('',*,*,#3295,.T.);
#4455=ORIENTED_EDGE('',*,*,#2986,.F.);
#4456=ORIENTED_EDGE('',*,*,#3285,.F.);
#4457=ORIENTED_EDGE('',*,*,#3256,.T.);
#4458=ORIENTED_EDGE('',*,*,#3296,.T.);
#4459=ORIENTED_EDGE('',*,*,#3238,.T.);
#4460=ORIENTED_EDGE('',*,*,#3296,.F.);
#4461=ORIENTED_EDGE('',*,*,#3297,.T.);
#4462=ORIENTED_EDGE('',*,*,#3173,.T.);
#4463=ORIENTED_EDGE('',*,*,#3298,.T.);
#4464=ORIENTED_EDGE('',*,*,#3252,.T.);
#4465=ORIENTED_EDGE('',*,*,#3299,.T.);
#4466=ORIENTED_EDGE('',*,*,#3253,.T.);
#4467=ORIENTED_EDGE('',*,*,#3298,.F.);
#4468=ORIENTED_EDGE('',*,*,#3233,.T.);
#4469=ORIENTED_EDGE('',*,*,#3297,.F.);
#4470=ORIENTED_EDGE('',*,*,#3255,.T.);
#4471=ORIENTED_EDGE('',*,*,#3300,.T.);
#4472=ORIENTED_EDGE('',*,*,#3090,.T.);
#4473=ORIENTED_EDGE('',*,*,#3299,.F.);
#4474=ORIENTED_EDGE('',*,*,#3301,.T.);
#4475=ORIENTED_EDGE('',*,*,#3300,.F.);
#4476=ORIENTED_EDGE('',*,*,#3254,.T.);
#4477=ORIENTED_EDGE('',*,*,#3302,.T.);
#4478=ORIENTED_EDGE('',*,*,#3106,.T.);
#4479=ORIENTED_EDGE('',*,*,#3303,.T.);
#4480=ORIENTED_EDGE('',*,*,#3287,.T.);
#4481=ORIENTED_EDGE('',*,*,#3304,.T.);
#4482=ORIENTED_EDGE('',*,*,#3288,.T.);
#4483=ORIENTED_EDGE('',*,*,#3303,.F.);
#4484=ORIENTED_EDGE('',*,*,#3305,.T.);
#4485=ORIENTED_EDGE('',*,*,#3306,.T.);
#4486=ORIENTED_EDGE('',*,*,#3102,.T.);
#4487=ORIENTED_EDGE('',*,*,#3302,.F.);
#4488=ORIENTED_EDGE('',*,*,#3292,.T.);
#4489=ORIENTED_EDGE('',*,*,#3304,.F.);
#4490=ORIENTED_EDGE('',*,*,#3094,.T.);
#4491=ORIENTED_EDGE('',*,*,#3307,.T.);
#4492=ORIENTED_EDGE('',*,*,#3289,.T.);
#4493=ORIENTED_EDGE('',*,*,#3308,.T.);
#4494=ORIENTED_EDGE('',*,*,#3100,.T.);
#4495=ORIENTED_EDGE('',*,*,#3306,.F.);
#4496=ORIENTED_EDGE('',*,*,#3291,.T.);
#4497=ORIENTED_EDGE('',*,*,#3307,.F.);
#4498=ORIENTED_EDGE('',*,*,#3098,.T.);
#4499=ORIENTED_EDGE('',*,*,#3308,.F.);
#4500=ORIENTED_EDGE('',*,*,#3290,.T.);
#4501=ORIENTED_EDGE('',*,*,#3186,.F.);
#4502=ORIENTED_EDGE('',*,*,#3095,.T.);
#4503=ORIENTED_EDGE('',*,*,#3305,.F.);
#4504=ORIENTED_EDGE('',*,*,#3105,.F.);
#4505=ORIENTED_EDGE('',*,*,#3197,.F.);
#4506=ORIENTED_EDGE('',*,*,#3194,.F.);
#4507=ORIENTED_EDGE('',*,*,#3200,.F.);
#4508=ORIENTED_EDGE('',*,*,#3192,.F.);
#4509=ORIENTED_EDGE('',*,*,#3189,.F.);
#4510=ORIENTED_EDGE('',*,*,#3074,.F.);
#4511=ORIENTED_EDGE('',*,*,#3284,.T.);
#4512=ORIENTED_EDGE('',*,*,#3275,.F.);
#4513=ORIENTED_EDGE('',*,*,#3309,.T.);
#4514=ORIENTED_EDGE('',*,*,#3077,.F.);
#4515=ORIENTED_EDGE('',*,*,#3309,.F.);
#4516=ORIENTED_EDGE('',*,*,#3279,.F.);
#4517=ORIENTED_EDGE('',*,*,#3310,.F.);
#4518=ORIENTED_EDGE('',*,*,#3080,.F.);
#4519=ORIENTED_EDGE('',*,*,#3310,.T.);
#4520=ORIENTED_EDGE('',*,*,#3280,.F.);
#4521=ORIENTED_EDGE('',*,*,#3281,.T.);
#4522=ORIENTED_EDGE('',*,*,#3311,.T.);
#4523=ORIENTED_EDGE('',*,*,#3312,.T.);
#4524=ORIENTED_EDGE('',*,*,#3313,.T.);
#4525=ORIENTED_EDGE('',*,*,#3314,.T.);
#4526=ORIENTED_EDGE('',*,*,#3315,.T.);
#4527=ORIENTED_EDGE('',*,*,#3316,.T.);
#4528=ORIENTED_EDGE('',*,*,#3313,.F.);
#4529=ORIENTED_EDGE('',*,*,#3317,.T.);
#4530=ORIENTED_EDGE('',*,*,#3318,.T.);
#4531=ORIENTED_EDGE('',*,*,#3319,.T.);
#4532=ORIENTED_EDGE('',*,*,#3315,.F.);
#4533=ORIENTED_EDGE('',*,*,#3320,.T.);
#4534=ORIENTED_EDGE('',*,*,#3321,.T.);
#4535=ORIENTED_EDGE('',*,*,#3322,.T.);
#4536=ORIENTED_EDGE('',*,*,#3318,.F.);
#4537=ORIENTED_EDGE('',*,*,#3323,.T.);
#4538=ORIENTED_EDGE('',*,*,#3324,.T.);
#4539=ORIENTED_EDGE('',*,*,#3325,.T.);
#4540=ORIENTED_EDGE('',*,*,#3321,.F.);
#4541=ORIENTED_EDGE('',*,*,#3326,.T.);
#4542=ORIENTED_EDGE('',*,*,#3327,.T.);
#4543=ORIENTED_EDGE('',*,*,#3328,.T.);
#4544=ORIENTED_EDGE('',*,*,#3324,.F.);
#4545=ORIENTED_EDGE('',*,*,#3329,.T.);
#4546=ORIENTED_EDGE('',*,*,#3330,.T.);
#4547=ORIENTED_EDGE('',*,*,#3331,.T.);
#4548=ORIENTED_EDGE('',*,*,#3327,.F.);
#4549=ORIENTED_EDGE('',*,*,#3332,.T.);
#4550=ORIENTED_EDGE('',*,*,#3330,.F.);
#4551=ORIENTED_EDGE('',*,*,#3333,.T.);
#4552=ORIENTED_EDGE('',*,*,#3311,.F.);
#4553=ORIENTED_EDGE('',*,*,#3334,.T.);
#4554=ORIENTED_EDGE('',*,*,#3328,.F.);
#4555=ORIENTED_EDGE('',*,*,#3335,.F.);
#4556=ORIENTED_EDGE('',*,*,#3034,.F.);
#4557=ORIENTED_EDGE('',*,*,#3336,.F.);
#4558=ORIENTED_EDGE('',*,*,#3331,.F.);
#4559=ORIENTED_EDGE('',*,*,#3337,.T.);
#4560=ORIENTED_EDGE('',*,*,#3035,.T.);
#4561=ORIENTED_EDGE('',*,*,#3335,.T.);
#4562=ORIENTED_EDGE('',*,*,#3334,.F.);
#4563=ORIENTED_EDGE('',*,*,#3338,.F.);
#4564=ORIENTED_EDGE('',*,*,#3036,.F.);
#4565=ORIENTED_EDGE('',*,*,#3337,.F.);
#4566=ORIENTED_EDGE('',*,*,#3314,.F.);
#4567=ORIENTED_EDGE('',*,*,#3339,.T.);
#4568=ORIENTED_EDGE('',*,*,#3037,.T.);
#4569=ORIENTED_EDGE('',*,*,#3338,.T.);
#4570=ORIENTED_EDGE('',*,*,#3312,.F.);
#4571=ORIENTED_EDGE('',*,*,#3333,.F.);
#4572=ORIENTED_EDGE('',*,*,#3332,.F.);
#4573=ORIENTED_EDGE('',*,*,#3329,.F.);
#4574=ORIENTED_EDGE('',*,*,#3326,.F.);
#4575=ORIENTED_EDGE('',*,*,#3323,.F.);
#4576=ORIENTED_EDGE('',*,*,#3320,.F.);
#4577=ORIENTED_EDGE('',*,*,#3317,.F.);
#4578=ORIENTED_EDGE('',*,*,#3340,.T.);
#4579=ORIENTED_EDGE('',*,*,#3341,.T.);
#4580=ORIENTED_EDGE('',*,*,#3342,.T.);
#4581=ORIENTED_EDGE('',*,*,#3343,.T.);
#4582=ORIENTED_EDGE('',*,*,#3344,.T.);
#4583=ORIENTED_EDGE('',*,*,#3345,.T.);
#4584=ORIENTED_EDGE('',*,*,#3342,.F.);
#4585=ORIENTED_EDGE('',*,*,#3346,.T.);
#4586=ORIENTED_EDGE('',*,*,#3347,.T.);
#4587=ORIENTED_EDGE('',*,*,#3348,.T.);
#4588=ORIENTED_EDGE('',*,*,#3344,.F.);
#4589=ORIENTED_EDGE('',*,*,#3349,.T.);
#4590=ORIENTED_EDGE('',*,*,#3350,.T.);
#4591=ORIENTED_EDGE('',*,*,#3351,.T.);
#4592=ORIENTED_EDGE('',*,*,#3347,.F.);
#4593=ORIENTED_EDGE('',*,*,#3352,.T.);
#4594=ORIENTED_EDGE('',*,*,#3353,.T.);
#4595=ORIENTED_EDGE('',*,*,#3354,.T.);
#4596=ORIENTED_EDGE('',*,*,#3350,.F.);
#4597=ORIENTED_EDGE('',*,*,#3355,.T.);
#4598=ORIENTED_EDGE('',*,*,#3356,.T.);
#4599=ORIENTED_EDGE('',*,*,#3357,.T.);
#4600=ORIENTED_EDGE('',*,*,#3353,.F.);
#4601=ORIENTED_EDGE('',*,*,#3358,.T.);
#4602=ORIENTED_EDGE('',*,*,#3359,.T.);
#4603=ORIENTED_EDGE('',*,*,#3360,.T.);
#4604=ORIENTED_EDGE('',*,*,#3356,.F.);
#4605=ORIENTED_EDGE('',*,*,#3361,.T.);
#4606=ORIENTED_EDGE('',*,*,#3359,.F.);
#4607=ORIENTED_EDGE('',*,*,#3362,.T.);
#4608=ORIENTED_EDGE('',*,*,#3340,.F.);
#4609=ORIENTED_EDGE('',*,*,#3363,.T.);
#4610=ORIENTED_EDGE('',*,*,#3352,.F.);
#4611=ORIENTED_EDGE('',*,*,#3364,.T.);
#4612=ORIENTED_EDGE('',*,*,#3262,.T.);
#4613=ORIENTED_EDGE('',*,*,#3365,.T.);
#4614=ORIENTED_EDGE('',*,*,#3349,.F.);
#4615=ORIENTED_EDGE('',*,*,#3366,.F.);
#4616=ORIENTED_EDGE('',*,*,#3263,.F.);
#4617=ORIENTED_EDGE('',*,*,#3364,.F.);
#4618=ORIENTED_EDGE('',*,*,#3346,.F.);
#4619=ORIENTED_EDGE('',*,*,#3367,.T.);
#4620=ORIENTED_EDGE('',*,*,#3264,.T.);
#4621=ORIENTED_EDGE('',*,*,#3366,.T.);
#4622=ORIENTED_EDGE('',*,*,#3341,.F.);
#4623=ORIENTED_EDGE('',*,*,#3368,.F.);
#4624=ORIENTED_EDGE('',*,*,#3257,.F.);
#4625=ORIENTED_EDGE('',*,*,#3367,.F.);
#4626=ORIENTED_EDGE('',*,*,#3343,.F.);
#4627=ORIENTED_EDGE('',*,*,#3345,.F.);
#4628=ORIENTED_EDGE('',*,*,#3348,.F.);
#4629=ORIENTED_EDGE('',*,*,#3351,.F.);
#4630=ORIENTED_EDGE('',*,*,#3354,.F.);
#4631=ORIENTED_EDGE('',*,*,#3357,.F.);
#4632=ORIENTED_EDGE('',*,*,#3360,.F.);
#4633=ORIENTED_EDGE('',*,*,#3363,.F.);
#4634=ORIENTED_EDGE('',*,*,#2941,.T.);
#4635=ORIENTED_EDGE('',*,*,#2945,.T.);
#4636=ORIENTED_EDGE('',*,*,#2943,.T.);
#4637=ORIENTED_EDGE('',*,*,#2951,.T.);
#4638=ORIENTED_EDGE('',*,*,#2953,.T.);
#4639=ORIENTED_EDGE('',*,*,#2965,.F.);
#4640=ORIENTED_EDGE('',*,*,#3369,.T.);
#4641=ORIENTED_EDGE('',*,*,#2982,.F.);
#4642=ORIENTED_EDGE('',*,*,#2985,.T.);
#4643=ORIENTED_EDGE('',*,*,#2980,.F.);
#4644=ORIENTED_EDGE('',*,*,#2990,.F.);
#4645=ORIENTED_EDGE('',*,*,#3294,.F.);
#4646=ORIENTED_EDGE('',*,*,#2991,.F.);
#4647=ORIENTED_EDGE('',*,*,#3369,.F.);
#4648=ORIENTED_EDGE('',*,*,#2987,.F.);
#4649=ORIENTED_EDGE('',*,*,#3295,.F.);
#4650=ORIENTED_EDGE('',*,*,#2988,.F.);
#4651=ORIENTED_EDGE('',*,*,#3316,.F.);
#4652=ORIENTED_EDGE('',*,*,#3370,.F.);
#4653=ORIENTED_EDGE('',*,*,#3030,.F.);
#4654=ORIENTED_EDGE('',*,*,#3339,.F.);
#4655=ORIENTED_EDGE('',*,*,#3325,.F.);
#4656=ORIENTED_EDGE('',*,*,#3336,.T.);
#4657=ORIENTED_EDGE('',*,*,#3033,.T.);
#4658=ORIENTED_EDGE('',*,*,#3371,.T.);
#4659=ORIENTED_EDGE('',*,*,#3319,.F.);
#4660=ORIENTED_EDGE('',*,*,#3372,.T.);
#4661=ORIENTED_EDGE('',*,*,#3031,.T.);
#4662=ORIENTED_EDGE('',*,*,#3370,.T.);
#4663=ORIENTED_EDGE('',*,*,#3355,.F.);
#4664=ORIENTED_EDGE('',*,*,#3365,.F.);
#4665=ORIENTED_EDGE('',*,*,#3261,.F.);
#4666=ORIENTED_EDGE('',*,*,#3373,.F.);
#4667=ORIENTED_EDGE('',*,*,#3358,.F.);
#4668=ORIENTED_EDGE('',*,*,#3373,.T.);
#4669=ORIENTED_EDGE('',*,*,#3260,.T.);
#4670=ORIENTED_EDGE('',*,*,#3374,.T.);
#4671=ORIENTED_EDGE('',*,*,#3362,.F.);
#4672=ORIENTED_EDGE('',*,*,#3375,.T.);
#4673=ORIENTED_EDGE('',*,*,#3258,.T.);
#4674=ORIENTED_EDGE('',*,*,#3368,.T.);
#4675=ORIENTED_EDGE('',*,*,#2975,.F.);
#4676=ORIENTED_EDGE('',*,*,#2993,.F.);
#4677=ORIENTED_EDGE('',*,*,#3293,.F.);
#4678=ORIENTED_EDGE('',*,*,#2971,.F.);
#4679=ORIENTED_EDGE('',*,*,#3322,.F.);
#4680=ORIENTED_EDGE('',*,*,#3371,.F.);
#4681=ORIENTED_EDGE('',*,*,#3032,.F.);
#4682=ORIENTED_EDGE('',*,*,#3372,.F.);
#4683=ORIENTED_EDGE('',*,*,#3361,.F.);
#4684=ORIENTED_EDGE('',*,*,#3374,.F.);
#4685=ORIENTED_EDGE('',*,*,#3259,.F.);
#4686=ORIENTED_EDGE('',*,*,#3375,.F.);
#4687=ORIENTED_EDGE('',*,*,#3065,.F.);
#4688=ORIENTED_EDGE('',*,*,#3092,.T.);
#4689=ORIENTED_EDGE('',*,*,#3091,.T.);
#4690=ORIENTED_EDGE('',*,*,#3301,.F.);
#4691=ORIENTED_EDGE('',*,*,#3232,.F.);
#4692=ORIENTED_EDGE('',*,*,#3231,.F.);
#4693=ORIENTED_EDGE('',*,*,#3376,.T.);
#4694=ORIENTED_EDGE('',*,*,#3377,.T.);
#4695=ORIENTED_EDGE('',*,*,#3378,.T.);
#4696=ORIENTED_EDGE('',*,*,#3376,.F.);
#4697=ORIENTED_EDGE('',*,*,#3379,.T.);
#4698=ORIENTED_EDGE('',*,*,#3380,.F.);
#4699=ORIENTED_EDGE('',*,*,#3381,.F.);
#4700=ORIENTED_EDGE('',*,*,#3377,.F.);
#4701=ORIENTED_EDGE('',*,*,#3381,.T.);
#4702=ORIENTED_EDGE('',*,*,#3382,.F.);
#4703=ORIENTED_EDGE('',*,*,#3383,.F.);
#4704=ORIENTED_EDGE('',*,*,#3378,.F.);
#4705=ORIENTED_EDGE('',*,*,#3383,.T.);
#4706=ORIENTED_EDGE('',*,*,#3384,.F.);
#4707=ORIENTED_EDGE('',*,*,#3379,.F.);
#4708=ORIENTED_EDGE('',*,*,#3385,.T.);
#4709=ORIENTED_EDGE('',*,*,#3386,.T.);
#4710=ORIENTED_EDGE('',*,*,#3387,.T.);
#4711=ORIENTED_EDGE('',*,*,#3388,.T.);
#4712=ORIENTED_EDGE('',*,*,#3385,.F.);
#4713=ORIENTED_EDGE('',*,*,#3389,.T.);
#4714=ORIENTED_EDGE('',*,*,#3390,.F.);
#4715=ORIENTED_EDGE('',*,*,#3391,.F.);
#4716=ORIENTED_EDGE('',*,*,#3386,.F.);
#4717=ORIENTED_EDGE('',*,*,#3391,.T.);
#4718=ORIENTED_EDGE('',*,*,#3392,.F.);
#4719=ORIENTED_EDGE('',*,*,#3389,.F.);
#4720=ORIENTED_EDGE('',*,*,#3387,.F.);
#4721=ORIENTED_EDGE('',*,*,#3393,.T.);
#4722=ORIENTED_EDGE('',*,*,#3394,.F.);
#4723=ORIENTED_EDGE('',*,*,#3395,.F.);
#4724=ORIENTED_EDGE('',*,*,#3388,.F.);
#4725=ORIENTED_EDGE('',*,*,#3395,.T.);
#4726=ORIENTED_EDGE('',*,*,#3396,.F.);
#4727=ORIENTED_EDGE('',*,*,#3393,.F.);
#4728=ORIENTED_EDGE('',*,*,#3394,.T.);
#4729=ORIENTED_EDGE('',*,*,#3396,.T.);
#4730=ORIENTED_EDGE('',*,*,#3397,.F.);
#4731=ORIENTED_EDGE('',*,*,#3398,.F.);
#4732=ORIENTED_EDGE('',*,*,#3399,.F.);
#4733=ORIENTED_EDGE('',*,*,#3400,.F.);
#4734=ORIENTED_EDGE('',*,*,#3401,.F.);
#4735=ORIENTED_EDGE('',*,*,#3402,.F.);
#4736=ORIENTED_EDGE('',*,*,#3399,.T.);
#4737=ORIENTED_EDGE('',*,*,#3403,.F.);
#4738=ORIENTED_EDGE('',*,*,#3404,.F.);
#4739=ORIENTED_EDGE('',*,*,#3405,.F.);
#4740=ORIENTED_EDGE('',*,*,#3401,.T.);
#4741=ORIENTED_EDGE('',*,*,#3406,.F.);
#4742=ORIENTED_EDGE('',*,*,#3402,.T.);
#4743=ORIENTED_EDGE('',*,*,#3407,.T.);
#4744=ORIENTED_EDGE('',*,*,#3408,.T.);
#4745=ORIENTED_EDGE('',*,*,#3409,.T.);
#4746=ORIENTED_EDGE('',*,*,#3400,.T.);
#4747=ORIENTED_EDGE('',*,*,#3409,.F.);
#4748=ORIENTED_EDGE('',*,*,#3410,.F.);
#4749=ORIENTED_EDGE('',*,*,#3411,.F.);
#4750=ORIENTED_EDGE('',*,*,#3397,.T.);
#4751=ORIENTED_EDGE('',*,*,#3412,.F.);
#4752=ORIENTED_EDGE('',*,*,#3413,.T.);
#4753=ORIENTED_EDGE('',*,*,#3414,.F.);
#4754=ORIENTED_EDGE('',*,*,#3415,.F.);
#4755=ORIENTED_EDGE('',*,*,#3416,.F.);
#4756=ORIENTED_EDGE('',*,*,#3413,.F.);
#4757=ORIENTED_EDGE('',*,*,#3417,.F.);
#4758=ORIENTED_EDGE('',*,*,#3418,.F.);
#4759=ORIENTED_EDGE('',*,*,#3419,.F.);
#4760=ORIENTED_EDGE('',*,*,#3415,.T.);
#4761=ORIENTED_EDGE('',*,*,#3420,.F.);
#4762=ORIENTED_EDGE('',*,*,#3421,.F.);
#4763=ORIENTED_EDGE('',*,*,#3422,.F.);
#4764=ORIENTED_EDGE('',*,*,#3418,.T.);
#4765=ORIENTED_EDGE('',*,*,#3423,.F.);
#4766=ORIENTED_EDGE('',*,*,#3406,.T.);
#4767=ORIENTED_EDGE('',*,*,#3403,.T.);
#4768=ORIENTED_EDGE('',*,*,#3398,.T.);
#4769=ORIENTED_EDGE('',*,*,#3414,.T.);
#4770=ORIENTED_EDGE('',*,*,#3416,.T.);
#4771=ORIENTED_EDGE('',*,*,#3419,.T.);
#4772=ORIENTED_EDGE('',*,*,#3422,.T.);
#4773=ORIENTED_EDGE('',*,*,#3424,.T.);
#4774=ORIENTED_EDGE('',*,*,#3405,.T.);
#4775=ORIENTED_EDGE('',*,*,#3425,.F.);
#4776=ORIENTED_EDGE('',*,*,#3426,.F.);
#4777=ORIENTED_EDGE('',*,*,#3407,.F.);
#4778=ORIENTED_EDGE('',*,*,#3423,.T.);
#4779=ORIENTED_EDGE('',*,*,#3427,.F.);
#4780=ORIENTED_EDGE('',*,*,#3428,.F.);
#4781=ORIENTED_EDGE('',*,*,#3429,.F.);
#4782=ORIENTED_EDGE('',*,*,#3417,.T.);
#4783=ORIENTED_EDGE('',*,*,#3430,.F.);
#4784=ORIENTED_EDGE('',*,*,#3431,.F.);
#4785=ORIENTED_EDGE('',*,*,#3432,.F.);
#4786=ORIENTED_EDGE('',*,*,#3433,.T.);
#4787=ORIENTED_EDGE('',*,*,#3434,.T.);
#4788=ORIENTED_EDGE('',*,*,#3435,.F.);
#4789=ORIENTED_EDGE('',*,*,#3436,.F.);
#4790=ORIENTED_EDGE('',*,*,#3437,.T.);
#4791=ORIENTED_EDGE('',*,*,#3438,.T.);
#4792=ORIENTED_EDGE('',*,*,#3439,.F.);
#4793=ORIENTED_EDGE('',*,*,#3440,.F.);
#4794=ORIENTED_EDGE('',*,*,#3439,.T.);
#4795=ORIENTED_EDGE('',*,*,#3441,.T.);
#4796=ORIENTED_EDGE('',*,*,#3435,.T.);
#4797=ORIENTED_EDGE('',*,*,#3442,.T.);
#4798=ORIENTED_EDGE('',*,*,#3443,.T.);
#4799=ORIENTED_EDGE('',*,*,#3433,.F.);
#4800=ORIENTED_EDGE('',*,*,#3444,.T.);
#4801=ORIENTED_EDGE('',*,*,#3445,.T.);
#4802=ORIENTED_EDGE('',*,*,#3446,.T.);
#4803=ORIENTED_EDGE('',*,*,#3447,.T.);
#4804=ORIENTED_EDGE('',*,*,#3448,.T.);
#4805=ORIENTED_EDGE('',*,*,#3449,.F.);
#4806=ORIENTED_EDGE('',*,*,#3440,.T.);
#4807=ORIENTED_EDGE('',*,*,#3442,.F.);
#4808=ORIENTED_EDGE('',*,*,#3434,.F.);
#4809=ORIENTED_EDGE('',*,*,#3446,.F.);
#4810=ORIENTED_EDGE('',*,*,#3450,.F.);
#4811=ORIENTED_EDGE('',*,*,#3451,.T.);
#4812=ORIENTED_EDGE('',*,*,#3452,.T.);
#4813=ORIENTED_EDGE('',*,*,#3444,.F.);
#4814=ORIENTED_EDGE('',*,*,#3436,.T.);
#4815=ORIENTED_EDGE('',*,*,#3441,.F.);
#4816=ORIENTED_EDGE('',*,*,#3438,.F.);
#4817=ORIENTED_EDGE('',*,*,#3453,.F.);
#4818=ORIENTED_EDGE('',*,*,#3454,.F.);
#4819=ORIENTED_EDGE('',*,*,#3437,.F.);
#4820=ORIENTED_EDGE('',*,*,#3449,.T.);
#4821=ORIENTED_EDGE('',*,*,#3455,.T.);
#4822=ORIENTED_EDGE('',*,*,#3456,.T.);
#4823=ORIENTED_EDGE('',*,*,#3453,.T.);
#4824=ORIENTED_EDGE('',*,*,#3447,.F.);
#4825=ORIENTED_EDGE('',*,*,#3457,.T.);
#4826=ORIENTED_EDGE('',*,*,#3458,.F.);
#4827=ORIENTED_EDGE('',*,*,#3459,.T.);
#4828=ORIENTED_EDGE('',*,*,#3460,.F.);
#4829=ORIENTED_EDGE('',*,*,#3459,.F.);
#4830=ORIENTED_EDGE('',*,*,#3443,.F.);
#4831=ORIENTED_EDGE('',*,*,#3461,.T.);
#4832=ORIENTED_EDGE('',*,*,#3460,.T.);
#4833=ORIENTED_EDGE('',*,*,#3461,.F.);
#4834=ORIENTED_EDGE('',*,*,#3462,.T.);
#4835=ORIENTED_EDGE('',*,*,#3463,.T.);
#4836=ORIENTED_EDGE('',*,*,#3464,.T.);
#4837=ORIENTED_EDGE('',*,*,#3465,.T.);
#4838=ORIENTED_EDGE('',*,*,#3466,.T.);
#4839=ORIENTED_EDGE('',*,*,#3467,.T.);
#4840=ORIENTED_EDGE('',*,*,#3468,.T.);
#4841=ORIENTED_EDGE('',*,*,#3469,.F.);
#4842=ORIENTED_EDGE('',*,*,#3470,.T.);
#4843=ORIENTED_EDGE('',*,*,#3471,.F.);
#4844=ORIENTED_EDGE('',*,*,#3472,.T.);
#4845=ORIENTED_EDGE('',*,*,#3473,.F.);
#4846=ORIENTED_EDGE('',*,*,#3474,.T.);
#4847=ORIENTED_EDGE('',*,*,#3475,.F.);
#4848=ORIENTED_EDGE('',*,*,#3476,.T.);
#4849=ORIENTED_EDGE('',*,*,#3458,.T.);
#4850=ORIENTED_EDGE('',*,*,#3477,.F.);
#4851=ORIENTED_EDGE('',*,*,#3478,.F.);
#4852=ORIENTED_EDGE('',*,*,#3479,.F.);
#4853=ORIENTED_EDGE('',*,*,#3480,.F.);
#4854=ORIENTED_EDGE('',*,*,#3477,.T.);
#4855=ORIENTED_EDGE('',*,*,#3481,.F.);
#4856=ORIENTED_EDGE('',*,*,#3482,.F.);
#4857=ORIENTED_EDGE('',*,*,#3483,.F.);
#4858=ORIENTED_EDGE('',*,*,#3484,.F.);
#4859=ORIENTED_EDGE('',*,*,#3485,.F.);
#4860=ORIENTED_EDGE('',*,*,#3482,.T.);
#4861=ORIENTED_EDGE('',*,*,#3486,.F.);
#4862=ORIENTED_EDGE('',*,*,#3487,.F.);
#4863=ORIENTED_EDGE('',*,*,#3488,.F.);
#4864=ORIENTED_EDGE('',*,*,#3484,.T.);
#4865=ORIENTED_EDGE('',*,*,#3489,.F.);
#4866=ORIENTED_EDGE('',*,*,#3490,.F.);
#4867=ORIENTED_EDGE('',*,*,#3491,.F.);
#4868=ORIENTED_EDGE('',*,*,#3487,.T.);
#4869=ORIENTED_EDGE('',*,*,#3492,.F.);
#4870=ORIENTED_EDGE('',*,*,#3493,.F.);
#4871=ORIENTED_EDGE('',*,*,#3494,.F.);
#4872=ORIENTED_EDGE('',*,*,#3490,.T.);
#4873=ORIENTED_EDGE('',*,*,#3495,.F.);
#4874=ORIENTED_EDGE('',*,*,#3496,.F.);
#4875=ORIENTED_EDGE('',*,*,#3497,.F.);
#4876=ORIENTED_EDGE('',*,*,#3493,.T.);
#4877=ORIENTED_EDGE('',*,*,#3498,.F.);
#4878=ORIENTED_EDGE('',*,*,#3496,.T.);
#4879=ORIENTED_EDGE('',*,*,#3499,.F.);
#4880=ORIENTED_EDGE('',*,*,#3500,.F.);
#4881=ORIENTED_EDGE('',*,*,#3501,.F.);
#4882=ORIENTED_EDGE('',*,*,#3502,.F.);
#4883=ORIENTED_EDGE('',*,*,#3503,.F.);
#4884=ORIENTED_EDGE('',*,*,#3500,.T.);
#4885=ORIENTED_EDGE('',*,*,#3504,.F.);
#4886=ORIENTED_EDGE('',*,*,#3502,.T.);
#4887=ORIENTED_EDGE('',*,*,#3505,.F.);
#4888=ORIENTED_EDGE('',*,*,#3506,.F.);
#4889=ORIENTED_EDGE('',*,*,#3507,.F.);
#4890=ORIENTED_EDGE('',*,*,#3508,.F.);
#4891=ORIENTED_EDGE('',*,*,#3509,.F.);
#4892=ORIENTED_EDGE('',*,*,#3506,.T.);
#4893=ORIENTED_EDGE('',*,*,#3510,.F.);
#4894=ORIENTED_EDGE('',*,*,#3511,.F.);
#4895=ORIENTED_EDGE('',*,*,#3512,.F.);
#4896=ORIENTED_EDGE('',*,*,#3508,.T.);
#4897=ORIENTED_EDGE('',*,*,#3513,.F.);
#4898=ORIENTED_EDGE('',*,*,#3514,.F.);
#4899=ORIENTED_EDGE('',*,*,#3515,.F.);
#4900=ORIENTED_EDGE('',*,*,#3511,.T.);
#4901=ORIENTED_EDGE('',*,*,#3516,.F.);
#4902=ORIENTED_EDGE('',*,*,#3517,.F.);
#4903=ORIENTED_EDGE('',*,*,#3518,.F.);
#4904=ORIENTED_EDGE('',*,*,#3514,.T.);
#4905=ORIENTED_EDGE('',*,*,#3519,.F.);
#4906=ORIENTED_EDGE('',*,*,#3520,.F.);
#4907=ORIENTED_EDGE('',*,*,#3521,.F.);
#4908=ORIENTED_EDGE('',*,*,#3517,.T.);
#4909=ORIENTED_EDGE('',*,*,#3522,.F.);
#4910=ORIENTED_EDGE('',*,*,#3520,.T.);
#4911=ORIENTED_EDGE('',*,*,#3523,.F.);
#4912=ORIENTED_EDGE('',*,*,#3479,.T.);
#4913=ORIENTED_EDGE('',*,*,#3524,.F.);
#4914=ORIENTED_EDGE('',*,*,#3501,.T.);
#4915=ORIENTED_EDGE('',*,*,#3525,.T.);
#4916=ORIENTED_EDGE('',*,*,#3526,.T.);
#4917=ORIENTED_EDGE('',*,*,#3527,.T.);
#4918=ORIENTED_EDGE('',*,*,#3528,.F.);
#4919=ORIENTED_EDGE('',*,*,#3529,.T.);
#4920=ORIENTED_EDGE('',*,*,#3530,.T.);
#4921=ORIENTED_EDGE('',*,*,#3531,.F.);
#4922=ORIENTED_EDGE('',*,*,#3497,.T.);
#4923=ORIENTED_EDGE('',*,*,#3531,.T.);
#4924=ORIENTED_EDGE('',*,*,#3532,.T.);
#4925=ORIENTED_EDGE('',*,*,#3533,.T.);
#4926=ORIENTED_EDGE('',*,*,#3534,.T.);
#4927=ORIENTED_EDGE('',*,*,#3535,.T.);
#4928=ORIENTED_EDGE('',*,*,#3494,.T.);
#4929=ORIENTED_EDGE('',*,*,#3535,.F.);
#4930=ORIENTED_EDGE('',*,*,#3536,.T.);
#4931=ORIENTED_EDGE('',*,*,#3537,.F.);
#4932=ORIENTED_EDGE('',*,*,#3491,.T.);
#4933=ORIENTED_EDGE('',*,*,#3537,.T.);
#4934=ORIENTED_EDGE('',*,*,#3538,.T.);
#4935=ORIENTED_EDGE('',*,*,#3539,.T.);
#4936=ORIENTED_EDGE('',*,*,#3488,.T.);
#4937=ORIENTED_EDGE('',*,*,#3539,.F.);
#4938=ORIENTED_EDGE('',*,*,#3540,.T.);
#4939=ORIENTED_EDGE('',*,*,#3541,.F.);
#4940=ORIENTED_EDGE('',*,*,#3485,.T.);
#4941=ORIENTED_EDGE('',*,*,#3541,.T.);
#4942=ORIENTED_EDGE('',*,*,#3542,.T.);
#4943=ORIENTED_EDGE('',*,*,#3543,.F.);
#4944=ORIENTED_EDGE('',*,*,#3544,.T.);
#4945=ORIENTED_EDGE('',*,*,#3545,.T.);
#4946=ORIENTED_EDGE('',*,*,#3483,.T.);
#4947=ORIENTED_EDGE('',*,*,#3545,.F.);
#4948=ORIENTED_EDGE('',*,*,#3546,.T.);
#4949=ORIENTED_EDGE('',*,*,#3547,.T.);
#4950=ORIENTED_EDGE('',*,*,#3548,.F.);
#4951=ORIENTED_EDGE('',*,*,#3478,.T.);
#4952=ORIENTED_EDGE('',*,*,#3548,.T.);
#4953=ORIENTED_EDGE('',*,*,#3549,.F.);
#4954=ORIENTED_EDGE('',*,*,#3550,.T.);
#4955=ORIENTED_EDGE('',*,*,#3551,.T.);
#4956=ORIENTED_EDGE('',*,*,#3552,.T.);
#4957=ORIENTED_EDGE('',*,*,#3553,.T.);
#4958=ORIENTED_EDGE('',*,*,#3554,.T.);
#4959=ORIENTED_EDGE('',*,*,#3480,.T.);
#4960=ORIENTED_EDGE('',*,*,#3523,.T.);
#4961=ORIENTED_EDGE('',*,*,#3522,.T.);
#4962=ORIENTED_EDGE('',*,*,#3519,.T.);
#4963=ORIENTED_EDGE('',*,*,#3516,.T.);
#4964=ORIENTED_EDGE('',*,*,#3513,.T.);
#4965=ORIENTED_EDGE('',*,*,#3510,.T.);
#4966=ORIENTED_EDGE('',*,*,#3505,.T.);
#4967=ORIENTED_EDGE('',*,*,#3504,.T.);
#4968=ORIENTED_EDGE('',*,*,#3499,.T.);
#4969=ORIENTED_EDGE('',*,*,#3498,.T.);
#4970=ORIENTED_EDGE('',*,*,#3495,.T.);
#4971=ORIENTED_EDGE('',*,*,#3492,.T.);
#4972=ORIENTED_EDGE('',*,*,#3489,.T.);
#4973=ORIENTED_EDGE('',*,*,#3486,.T.);
#4974=ORIENTED_EDGE('',*,*,#3481,.T.);
#4975=ORIENTED_EDGE('',*,*,#3555,.T.);
#4976=ORIENTED_EDGE('',*,*,#3556,.T.);
#4977=ORIENTED_EDGE('',*,*,#3557,.T.);
#4978=ORIENTED_EDGE('',*,*,#3558,.T.);
#4979=ORIENTED_EDGE('',*,*,#3559,.T.);
#4980=ORIENTED_EDGE('',*,*,#3560,.F.);
#4981=ORIENTED_EDGE('',*,*,#3561,.T.);
#4982=ORIENTED_EDGE('',*,*,#3562,.F.);
#4983=ORIENTED_EDGE('',*,*,#3561,.F.);
#4984=ORIENTED_EDGE('',*,*,#3560,.T.);
#4985=ORIENTED_EDGE('',*,*,#3563,.T.);
#4986=ORIENTED_EDGE('',*,*,#3564,.T.);
#4987=ORIENTED_EDGE('',*,*,#3563,.F.);
#4988=ORIENTED_EDGE('',*,*,#3565,.T.);
#4989=ORIENTED_EDGE('',*,*,#3562,.T.);
#4990=ORIENTED_EDGE('',*,*,#3566,.F.);
#4991=ORIENTED_EDGE('',*,*,#3567,.T.);
#4992=ORIENTED_EDGE('',*,*,#3568,.F.);
#4993=ORIENTED_EDGE('',*,*,#3567,.F.);
#4994=ORIENTED_EDGE('',*,*,#3566,.T.);
#4995=ORIENTED_EDGE('',*,*,#3569,.T.);
#4996=ORIENTED_EDGE('',*,*,#3570,.T.);
#4997=ORIENTED_EDGE('',*,*,#3569,.F.);
#4998=ORIENTED_EDGE('',*,*,#3571,.T.);
#4999=ORIENTED_EDGE('',*,*,#3568,.T.);
#5000=ORIENTED_EDGE('',*,*,#3572,.F.);
#5001=ORIENTED_EDGE('',*,*,#3573,.F.);
#5002=ORIENTED_EDGE('',*,*,#3574,.F.);
#5003=ORIENTED_EDGE('',*,*,#3575,.F.);
#5004=ORIENTED_EDGE('',*,*,#3576,.F.);
#5005=ORIENTED_EDGE('',*,*,#3577,.F.);
#5006=ORIENTED_EDGE('',*,*,#3574,.T.);
#5007=ORIENTED_EDGE('',*,*,#3578,.F.);
#5008=ORIENTED_EDGE('',*,*,#3572,.T.);
#5009=ORIENTED_EDGE('',*,*,#3579,.F.);
#5010=ORIENTED_EDGE('',*,*,#3580,.F.);
#5011=ORIENTED_EDGE('',*,*,#3581,.F.);
#5012=ORIENTED_EDGE('',*,*,#3582,.F.);
#5013=ORIENTED_EDGE('',*,*,#3576,.T.);
#5014=ORIENTED_EDGE('',*,*,#3583,.F.);
#5015=ORIENTED_EDGE('',*,*,#3584,.F.);
#5016=ORIENTED_EDGE('',*,*,#3585,.F.);
#5017=ORIENTED_EDGE('',*,*,#3586,.F.);
#5018=ORIENTED_EDGE('',*,*,#3584,.T.);
#5019=ORIENTED_EDGE('',*,*,#3587,.F.);
#5020=ORIENTED_EDGE('',*,*,#3581,.T.);
#5021=ORIENTED_EDGE('',*,*,#3588,.F.);
#5022=ORIENTED_EDGE('',*,*,#3580,.T.);
#5023=ORIENTED_EDGE('',*,*,#3589,.F.);
#5024=ORIENTED_EDGE('',*,*,#3590,.T.);
#5025=ORIENTED_EDGE('',*,*,#3591,.F.);
#5026=ORIENTED_EDGE('',*,*,#3573,.T.);
#5027=ORIENTED_EDGE('',*,*,#3591,.T.);
#5028=ORIENTED_EDGE('',*,*,#3592,.T.);
#5029=ORIENTED_EDGE('',*,*,#3593,.T.);
#5030=ORIENTED_EDGE('',*,*,#3578,.T.);
#5031=ORIENTED_EDGE('',*,*,#3583,.T.);
#5032=ORIENTED_EDGE('',*,*,#3593,.F.);
#5033=ORIENTED_EDGE('',*,*,#3594,.T.);
#5034=ORIENTED_EDGE('',*,*,#3595,.F.);
#5035=ORIENTED_EDGE('',*,*,#3553,.F.);
#5036=ORIENTED_EDGE('',*,*,#3585,.T.);
#5037=ORIENTED_EDGE('',*,*,#3588,.T.);
#5038=ORIENTED_EDGE('',*,*,#3596,.F.);
#5039=ORIENTED_EDGE('',*,*,#3529,.F.);
#5040=ORIENTED_EDGE('',*,*,#3597,.F.);
#5041=ORIENTED_EDGE('',*,*,#3598,.F.);
#5042=ORIENTED_EDGE('',*,*,#3530,.F.);
#5043=ORIENTED_EDGE('',*,*,#3596,.T.);
#5044=ORIENTED_EDGE('',*,*,#3599,.F.);
#5045=ORIENTED_EDGE('',*,*,#3600,.F.);
#5046=ORIENTED_EDGE('',*,*,#3601,.F.);
#5047=ORIENTED_EDGE('',*,*,#3597,.T.);
#5048=ORIENTED_EDGE('',*,*,#3602,.F.);
#5049=ORIENTED_EDGE('',*,*,#3603,.F.);
#5050=ORIENTED_EDGE('',*,*,#3604,.F.);
#5051=ORIENTED_EDGE('',*,*,#3605,.F.);
#5052=ORIENTED_EDGE('',*,*,#3606,.F.);
#5053=ORIENTED_EDGE('',*,*,#3607,.F.);
#5054=ORIENTED_EDGE('',*,*,#3603,.T.);
#5055=ORIENTED_EDGE('',*,*,#3608,.F.);
#5056=ORIENTED_EDGE('',*,*,#3606,.T.);
#5057=ORIENTED_EDGE('',*,*,#3609,.F.);
#5058=ORIENTED_EDGE('',*,*,#3600,.T.);
#5059=ORIENTED_EDGE('',*,*,#3610,.F.);
#5060=ORIENTED_EDGE('',*,*,#3577,.T.);
#5061=ORIENTED_EDGE('',*,*,#3582,.T.);
#5062=ORIENTED_EDGE('',*,*,#3611,.T.);
#5063=ORIENTED_EDGE('',*,*,#3612,.T.);
#5064=ORIENTED_EDGE('',*,*,#3613,.T.);
#5065=ORIENTED_EDGE('',*,*,#3614,.T.);
#5066=ORIENTED_EDGE('',*,*,#3615,.T.);
#5067=ORIENTED_EDGE('',*,*,#3616,.T.);
#5068=ORIENTED_EDGE('',*,*,#3617,.T.);
#5069=ORIENTED_EDGE('',*,*,#3610,.T.);
#5070=ORIENTED_EDGE('',*,*,#3602,.T.);
#5071=ORIENTED_EDGE('',*,*,#3528,.T.);
#5072=ORIENTED_EDGE('',*,*,#3618,.T.);
#5073=ORIENTED_EDGE('',*,*,#3619,.F.);
#5074=ORIENTED_EDGE('',*,*,#3607,.T.);
#5075=ORIENTED_EDGE('',*,*,#3617,.F.);
#5076=ORIENTED_EDGE('',*,*,#3616,.F.);
#5077=ORIENTED_EDGE('',*,*,#3615,.F.);
#5078=ORIENTED_EDGE('',*,*,#3620,.T.);
#5079=ORIENTED_EDGE('',*,*,#3621,.T.);
#5080=ORIENTED_EDGE('',*,*,#3622,.T.);
#5081=ORIENTED_EDGE('',*,*,#3604,.T.);
#5082=ORIENTED_EDGE('',*,*,#3622,.F.);
#5083=ORIENTED_EDGE('',*,*,#3550,.F.);
#5084=ORIENTED_EDGE('',*,*,#3623,.F.);
#5085=ORIENTED_EDGE('',*,*,#3624,.F.);
#5086=ORIENTED_EDGE('',*,*,#3625,.F.);
#5087=ORIENTED_EDGE('',*,*,#3626,.F.);
#5088=ORIENTED_EDGE('',*,*,#3627,.F.);
#5089=ORIENTED_EDGE('',*,*,#3623,.T.);
#5090=ORIENTED_EDGE('',*,*,#3628,.F.);
#5091=ORIENTED_EDGE('',*,*,#3629,.F.);
#5092=ORIENTED_EDGE('',*,*,#3630,.F.);
#5093=ORIENTED_EDGE('',*,*,#3626,.T.);
#5094=ORIENTED_EDGE('',*,*,#3631,.F.);
#5095=ORIENTED_EDGE('',*,*,#3632,.F.);
#5096=ORIENTED_EDGE('',*,*,#3633,.F.);
#5097=ORIENTED_EDGE('',*,*,#3634,.F.);
#5098=ORIENTED_EDGE('',*,*,#3635,.F.);
#5099=ORIENTED_EDGE('',*,*,#3634,.T.);
#5100=ORIENTED_EDGE('',*,*,#3636,.F.);
#5101=ORIENTED_EDGE('',*,*,#3637,.F.);
#5102=ORIENTED_EDGE('',*,*,#3632,.T.);
#5103=ORIENTED_EDGE('',*,*,#3638,.F.);
#5104=ORIENTED_EDGE('',*,*,#3629,.T.);
#5105=ORIENTED_EDGE('',*,*,#3639,.F.);
#5106=ORIENTED_EDGE('',*,*,#3609,.T.);
#5107=ORIENTED_EDGE('',*,*,#3608,.T.);
#5108=ORIENTED_EDGE('',*,*,#3605,.T.);
#5109=ORIENTED_EDGE('',*,*,#3549,.T.);
#5110=ORIENTED_EDGE('',*,*,#3640,.T.);
#5111=ORIENTED_EDGE('',*,*,#3631,.T.);
#5112=ORIENTED_EDGE('',*,*,#3641,.F.);
#5113=ORIENTED_EDGE('',*,*,#3639,.T.);
#5114=ORIENTED_EDGE('',*,*,#3640,.F.);
#5115=ORIENTED_EDGE('',*,*,#3547,.F.);
#5116=ORIENTED_EDGE('',*,*,#3642,.F.);
#5117=ORIENTED_EDGE('',*,*,#3633,.T.);
#5118=ORIENTED_EDGE('',*,*,#3642,.T.);
#5119=ORIENTED_EDGE('',*,*,#3546,.F.);
#5120=ORIENTED_EDGE('',*,*,#3643,.F.);
#5121=ORIENTED_EDGE('',*,*,#3636,.T.);
#5122=ORIENTED_EDGE('',*,*,#3643,.T.);
#5123=ORIENTED_EDGE('',*,*,#3544,.F.);
#5124=ORIENTED_EDGE('',*,*,#3644,.F.);
#5125=ORIENTED_EDGE('',*,*,#3645,.F.);
#5126=ORIENTED_EDGE('',*,*,#3646,.F.);
#5127=ORIENTED_EDGE('',*,*,#3647,.F.);
#5128=ORIENTED_EDGE('',*,*,#3648,.F.);
#5129=ORIENTED_EDGE('',*,*,#3644,.T.);
#5130=ORIENTED_EDGE('',*,*,#3649,.F.);
#5131=ORIENTED_EDGE('',*,*,#3650,.F.);
#5132=ORIENTED_EDGE('',*,*,#3651,.F.);
#5133=ORIENTED_EDGE('',*,*,#3647,.T.);
#5134=ORIENTED_EDGE('',*,*,#3652,.F.);
#5135=ORIENTED_EDGE('',*,*,#3653,.F.);
#5136=ORIENTED_EDGE('',*,*,#3592,.F.);
#5137=ORIENTED_EDGE('',*,*,#3654,.F.);
#5138=ORIENTED_EDGE('',*,*,#3655,.F.);
#5139=ORIENTED_EDGE('',*,*,#3656,.F.);
#5140=ORIENTED_EDGE('',*,*,#3654,.T.);
#5141=ORIENTED_EDGE('',*,*,#3590,.F.);
#5142=ORIENTED_EDGE('',*,*,#3653,.T.);
#5143=ORIENTED_EDGE('',*,*,#3657,.F.);
#5144=ORIENTED_EDGE('',*,*,#3650,.T.);
#5145=ORIENTED_EDGE('',*,*,#3594,.F.);
#5146=ORIENTED_EDGE('',*,*,#3652,.T.);
#5147=ORIENTED_EDGE('',*,*,#3658,.F.);
#5148=ORIENTED_EDGE('',*,*,#3659,.F.);
#5149=ORIENTED_EDGE('',*,*,#3595,.T.);
#5150=ORIENTED_EDGE('',*,*,#3587,.T.);
#5151=ORIENTED_EDGE('',*,*,#3660,.T.);
#5152=ORIENTED_EDGE('',*,*,#3661,.T.);
#5153=ORIENTED_EDGE('',*,*,#3662,.T.);
#5154=ORIENTED_EDGE('',*,*,#3613,.F.);
#5155=ORIENTED_EDGE('',*,*,#3612,.F.);
#5156=ORIENTED_EDGE('',*,*,#3611,.F.);
#5157=ORIENTED_EDGE('',*,*,#3586,.T.);
#5158=ORIENTED_EDGE('',*,*,#3552,.F.);
#5159=ORIENTED_EDGE('',*,*,#3660,.F.);
#5160=ORIENTED_EDGE('',*,*,#3621,.F.);
#5161=ORIENTED_EDGE('',*,*,#3663,.F.);
#5162=ORIENTED_EDGE('',*,*,#3661,.F.);
#5163=ORIENTED_EDGE('',*,*,#3551,.F.);
#5164=ORIENTED_EDGE('',*,*,#3662,.F.);
#5165=ORIENTED_EDGE('',*,*,#3664,.F.);
#5166=ORIENTED_EDGE('',*,*,#3620,.F.);
#5167=ORIENTED_EDGE('',*,*,#3614,.F.);
#5168=ORIENTED_EDGE('',*,*,#3663,.T.);
#5169=ORIENTED_EDGE('',*,*,#3664,.T.);
#5170=ORIENTED_EDGE('',*,*,#3555,.F.);
#5171=ORIENTED_EDGE('',*,*,#3665,.T.);
#5172=ORIENTED_EDGE('',*,*,#3666,.F.);
#5173=ORIENTED_EDGE('',*,*,#3665,.F.);
#5174=ORIENTED_EDGE('',*,*,#3666,.T.);
#5175=ORIENTED_EDGE('',*,*,#3667,.T.);
#5176=ORIENTED_EDGE('',*,*,#3455,.F.);
#5177=ORIENTED_EDGE('',*,*,#3448,.F.);
#5178=ORIENTED_EDGE('',*,*,#3457,.F.);
#5179=ORIENTED_EDGE('',*,*,#3450,.T.);
#5180=ORIENTED_EDGE('',*,*,#3445,.F.);
#5181=ORIENTED_EDGE('',*,*,#3452,.F.);
#5182=ORIENTED_EDGE('',*,*,#3668,.F.);
#5183=ORIENTED_EDGE('',*,*,#3454,.T.);
#5184=ORIENTED_EDGE('',*,*,#3456,.F.);
#5185=ORIENTED_EDGE('',*,*,#3667,.F.);
#5186=ORIENTED_EDGE('',*,*,#3451,.F.);
#5187=ORIENTED_EDGE('',*,*,#3668,.T.);
#5188=ORIENTED_EDGE('',*,*,#3598,.T.);
#5189=ORIENTED_EDGE('',*,*,#3601,.T.);
#5190=ORIENTED_EDGE('',*,*,#3641,.T.);
#5191=ORIENTED_EDGE('',*,*,#3628,.T.);
#5192=ORIENTED_EDGE('',*,*,#3669,.T.);
#5193=ORIENTED_EDGE('',*,*,#3507,.T.);
#5194=ORIENTED_EDGE('',*,*,#3670,.T.);
#5195=ORIENTED_EDGE('',*,*,#3579,.T.);
#5196=ORIENTED_EDGE('',*,*,#3575,.T.);
#5197=ORIENTED_EDGE('',*,*,#3619,.T.);
#5198=ORIENTED_EDGE('',*,*,#3671,.T.);
#5199=ORIENTED_EDGE('',*,*,#3672,.F.);
#5200=ORIENTED_EDGE('',*,*,#3673,.F.);
#5201=ORIENTED_EDGE('',*,*,#3564,.F.);
#5202=ORIENTED_EDGE('',*,*,#3674,.T.);
#5203=ORIENTED_EDGE('',*,*,#3556,.F.);
#5204=ORIENTED_EDGE('',*,*,#3674,.F.);
#5205=ORIENTED_EDGE('',*,*,#3675,.F.);
#5206=ORIENTED_EDGE('',*,*,#3676,.T.);
#5207=ORIENTED_EDGE('',*,*,#3558,.F.);
#5208=ORIENTED_EDGE('',*,*,#3676,.F.);
#5209=ORIENTED_EDGE('',*,*,#3677,.T.);
#5210=ORIENTED_EDGE('',*,*,#3678,.T.);
#5211=ORIENTED_EDGE('',*,*,#3675,.T.);
#5212=ORIENTED_EDGE('',*,*,#3678,.F.);
#5213=ORIENTED_EDGE('',*,*,#3679,.F.);
#5214=ORIENTED_EDGE('',*,*,#3680,.T.);
#5215=ORIENTED_EDGE('',*,*,#3559,.F.);
#5216=ORIENTED_EDGE('',*,*,#3680,.F.);
#5217=ORIENTED_EDGE('',*,*,#3681,.T.);
#5218=ORIENTED_EDGE('',*,*,#3682,.T.);
#5219=ORIENTED_EDGE('',*,*,#3679,.T.);
#5220=ORIENTED_EDGE('',*,*,#3682,.F.);
#5221=ORIENTED_EDGE('',*,*,#3570,.F.);
#5222=ORIENTED_EDGE('',*,*,#3683,.T.);
#5223=ORIENTED_EDGE('',*,*,#3557,.F.);
#5224=ORIENTED_EDGE('',*,*,#3683,.F.);
#5225=ORIENTED_EDGE('',*,*,#3649,.T.);
#5226=ORIENTED_EDGE('',*,*,#3684,.F.);
#5227=ORIENTED_EDGE('',*,*,#3685,.F.);
#5228=ORIENTED_EDGE('',*,*,#3658,.T.);
#5229=ORIENTED_EDGE('',*,*,#3646,.T.);
#5230=ORIENTED_EDGE('',*,*,#3686,.F.);
#5231=ORIENTED_EDGE('',*,*,#3684,.T.);
#5232=ORIENTED_EDGE('',*,*,#3524,.T.);
#5233=ORIENTED_EDGE('',*,*,#3554,.F.);
#5234=ORIENTED_EDGE('',*,*,#3659,.T.);
#5235=ORIENTED_EDGE('',*,*,#3685,.T.);
#5236=ORIENTED_EDGE('',*,*,#3687,.F.);
#5237=ORIENTED_EDGE('',*,*,#3599,.T.);
#5238=ORIENTED_EDGE('',*,*,#3669,.F.);
#5239=ORIENTED_EDGE('',*,*,#3625,.T.);
#5240=ORIENTED_EDGE('',*,*,#3532,.F.);
#5241=ORIENTED_EDGE('',*,*,#3688,.F.);
#5242=ORIENTED_EDGE('',*,*,#3689,.T.);
#5243=ORIENTED_EDGE('',*,*,#3690,.F.);
#5244=ORIENTED_EDGE('',*,*,#3689,.F.);
#5245=ORIENTED_EDGE('',*,*,#3691,.T.);
#5246=ORIENTED_EDGE('',*,*,#3692,.T.);
#5247=ORIENTED_EDGE('',*,*,#3693,.T.);
#5248=ORIENTED_EDGE('',*,*,#3694,.T.);
#5249=ORIENTED_EDGE('',*,*,#3695,.T.);
#5250=ORIENTED_EDGE('',*,*,#3696,.F.);
#5251=ORIENTED_EDGE('',*,*,#3697,.T.);
#5252=ORIENTED_EDGE('',*,*,#3698,.F.);
#5253=ORIENTED_EDGE('',*,*,#3699,.T.);
#5254=ORIENTED_EDGE('',*,*,#3700,.F.);
#5255=ORIENTED_EDGE('',*,*,#3701,.T.);
#5256=ORIENTED_EDGE('',*,*,#3702,.F.);
#5257=ORIENTED_EDGE('',*,*,#3703,.T.);
#5258=ORIENTED_EDGE('',*,*,#3688,.T.);
#5259=ORIENTED_EDGE('',*,*,#3690,.T.);
#5260=ORIENTED_EDGE('',*,*,#3704,.T.);
#5261=ORIENTED_EDGE('',*,*,#3565,.F.);
#5262=ORIENTED_EDGE('',*,*,#3704,.F.);
#5263=ORIENTED_EDGE('',*,*,#3468,.F.);
#5264=ORIENTED_EDGE('',*,*,#3705,.T.);
#5265=ORIENTED_EDGE('',*,*,#3706,.F.);
#5266=ORIENTED_EDGE('',*,*,#3705,.F.);
#5267=ORIENTED_EDGE('',*,*,#3706,.T.);
#5268=ORIENTED_EDGE('',*,*,#3707,.T.);
#5269=ORIENTED_EDGE('',*,*,#3571,.F.);
#5270=ORIENTED_EDGE('',*,*,#3707,.F.);
#5271=ORIENTED_EDGE('',*,*,#3708,.F.);
#5272=ORIENTED_EDGE('',*,*,#3462,.F.);
#5273=ORIENTED_EDGE('',*,*,#3709,.F.);
#5274=ORIENTED_EDGE('',*,*,#3710,.F.);
#5275=ORIENTED_EDGE('',*,*,#3711,.F.);
#5276=ORIENTED_EDGE('',*,*,#3712,.F.);
#5277=ORIENTED_EDGE('',*,*,#3709,.T.);
#5278=ORIENTED_EDGE('',*,*,#3467,.F.);
#5279=ORIENTED_EDGE('',*,*,#3713,.F.);
#5280=ORIENTED_EDGE('',*,*,#3463,.F.);
#5281=ORIENTED_EDGE('',*,*,#3708,.T.);
#5282=ORIENTED_EDGE('',*,*,#3714,.F.);
#5283=ORIENTED_EDGE('',*,*,#3711,.T.);
#5284=ORIENTED_EDGE('',*,*,#3466,.F.);
#5285=ORIENTED_EDGE('',*,*,#3715,.F.);
#5286=ORIENTED_EDGE('',*,*,#3716,.F.);
#5287=ORIENTED_EDGE('',*,*,#3717,.F.);
#5288=ORIENTED_EDGE('',*,*,#3464,.F.);
#5289=ORIENTED_EDGE('',*,*,#3713,.T.);
#5290=ORIENTED_EDGE('',*,*,#3718,.F.);
#5291=ORIENTED_EDGE('',*,*,#3715,.T.);
#5292=ORIENTED_EDGE('',*,*,#3465,.F.);
#5293=ORIENTED_EDGE('',*,*,#3717,.T.);
#5294=ORIENTED_EDGE('',*,*,#3719,.F.);
#5295=ORIENTED_EDGE('',*,*,#3521,.T.);
#5296=ORIENTED_EDGE('',*,*,#3687,.T.);
#5297=ORIENTED_EDGE('',*,*,#3686,.T.);
#5298=ORIENTED_EDGE('',*,*,#3720,.T.);
#5299=ORIENTED_EDGE('',*,*,#3716,.T.);
#5300=ORIENTED_EDGE('',*,*,#3721,.T.);
#5301=ORIENTED_EDGE('',*,*,#3645,.T.);
#5302=ORIENTED_EDGE('',*,*,#3648,.T.);
#5303=ORIENTED_EDGE('',*,*,#3651,.T.);
#5304=ORIENTED_EDGE('',*,*,#3657,.T.);
#5305=ORIENTED_EDGE('',*,*,#3655,.T.);
#5306=ORIENTED_EDGE('',*,*,#3656,.T.);
#5307=ORIENTED_EDGE('',*,*,#3722,.T.);
#5308=ORIENTED_EDGE('',*,*,#3712,.T.);
#5309=ORIENTED_EDGE('',*,*,#3720,.F.);
#5310=ORIENTED_EDGE('',*,*,#3509,.T.);
#5311=ORIENTED_EDGE('',*,*,#3723,.T.);
#5312=ORIENTED_EDGE('',*,*,#3710,.T.);
#5313=ORIENTED_EDGE('',*,*,#3722,.F.);
#5314=ORIENTED_EDGE('',*,*,#3589,.T.);
#5315=ORIENTED_EDGE('',*,*,#3670,.F.);
#5316=ORIENTED_EDGE('',*,*,#3724,.F.);
#5317=ORIENTED_EDGE('',*,*,#3725,.T.);
#5318=ORIENTED_EDGE('',*,*,#3681,.F.);
#5319=ORIENTED_EDGE('',*,*,#3725,.F.);
#5320=ORIENTED_EDGE('',*,*,#3726,.T.);
#5321=ORIENTED_EDGE('',*,*,#3727,.T.);
#5322=ORIENTED_EDGE('',*,*,#3728,.T.);
#5323=ORIENTED_EDGE('',*,*,#3729,.T.);
#5324=ORIENTED_EDGE('',*,*,#3730,.T.);
#5325=ORIENTED_EDGE('',*,*,#3731,.T.);
#5326=ORIENTED_EDGE('',*,*,#3408,.F.);
#5327=ORIENTED_EDGE('',*,*,#3426,.T.);
#5328=ORIENTED_EDGE('',*,*,#3732,.F.);
#5329=ORIENTED_EDGE('',*,*,#3428,.T.);
#5330=ORIENTED_EDGE('',*,*,#3733,.F.);
#5331=ORIENTED_EDGE('',*,*,#3431,.T.);
#5332=ORIENTED_EDGE('',*,*,#3734,.F.);
#5333=ORIENTED_EDGE('',*,*,#3410,.T.);
#5334=ORIENTED_EDGE('',*,*,#3724,.T.);
#5335=ORIENTED_EDGE('',*,*,#3695,.F.);
#5336=ORIENTED_EDGE('',*,*,#3735,.T.);
#5337=ORIENTED_EDGE('',*,*,#3677,.F.);
#5338=ORIENTED_EDGE('',*,*,#3735,.F.);
#5339=ORIENTED_EDGE('',*,*,#3736,.F.);
#5340=ORIENTED_EDGE('',*,*,#3691,.F.);
#5341=ORIENTED_EDGE('',*,*,#3737,.F.);
#5342=ORIENTED_EDGE('',*,*,#3618,.F.);
#5343=ORIENTED_EDGE('',*,*,#3738,.F.);
#5344=ORIENTED_EDGE('',*,*,#3671,.F.);
#5345=ORIENTED_EDGE('',*,*,#3737,.T.);
#5346=ORIENTED_EDGE('',*,*,#3694,.F.);
#5347=ORIENTED_EDGE('',*,*,#3736,.T.);
#5348=ORIENTED_EDGE('',*,*,#3527,.F.);
#5349=ORIENTED_EDGE('',*,*,#3739,.F.);
#5350=ORIENTED_EDGE('',*,*,#3692,.F.);
#5351=ORIENTED_EDGE('',*,*,#3738,.T.);
#5352=ORIENTED_EDGE('',*,*,#3693,.F.);
#5353=ORIENTED_EDGE('',*,*,#3739,.T.);
#5354=ORIENTED_EDGE('',*,*,#3740,.F.);
#5355=ORIENTED_EDGE('',*,*,#3741,.F.);
#5356=ORIENTED_EDGE('',*,*,#3726,.F.);
#5357=ORIENTED_EDGE('',*,*,#3742,.F.);
#5358=ORIENTED_EDGE('',*,*,#3542,.F.);
#5359=ORIENTED_EDGE('',*,*,#3743,.F.);
#5360=ORIENTED_EDGE('',*,*,#3744,.F.);
#5361=ORIENTED_EDGE('',*,*,#3742,.T.);
#5362=ORIENTED_EDGE('',*,*,#3731,.F.);
#5363=ORIENTED_EDGE('',*,*,#3745,.F.);
#5364=ORIENTED_EDGE('',*,*,#3727,.F.);
#5365=ORIENTED_EDGE('',*,*,#3741,.T.);
#5366=ORIENTED_EDGE('',*,*,#3540,.F.);
#5367=ORIENTED_EDGE('',*,*,#3743,.T.);
#5368=ORIENTED_EDGE('',*,*,#3730,.F.);
#5369=ORIENTED_EDGE('',*,*,#3746,.F.);
#5370=ORIENTED_EDGE('',*,*,#3534,.F.);
#5371=ORIENTED_EDGE('',*,*,#3747,.F.);
#5372=ORIENTED_EDGE('',*,*,#3728,.F.);
#5373=ORIENTED_EDGE('',*,*,#3745,.T.);
#5374=ORIENTED_EDGE('',*,*,#3538,.F.);
#5375=ORIENTED_EDGE('',*,*,#3746,.T.);
#5376=ORIENTED_EDGE('',*,*,#3729,.F.);
#5377=ORIENTED_EDGE('',*,*,#3747,.T.);
#5378=ORIENTED_EDGE('',*,*,#3536,.F.);
#5379=ORIENTED_EDGE('',*,*,#3624,.T.);
#5380=ORIENTED_EDGE('',*,*,#3627,.T.);
#5381=ORIENTED_EDGE('',*,*,#3630,.T.);
#5382=ORIENTED_EDGE('',*,*,#3638,.T.);
#5383=ORIENTED_EDGE('',*,*,#3635,.T.);
#5384=ORIENTED_EDGE('',*,*,#3637,.T.);
#5385=ORIENTED_EDGE('',*,*,#3543,.T.);
#5386=ORIENTED_EDGE('',*,*,#3744,.T.);
#5387=ORIENTED_EDGE('',*,*,#3533,.F.);
#5388=ORIENTED_EDGE('',*,*,#3512,.T.);
#5389=ORIENTED_EDGE('',*,*,#3748,.F.);
#5390=ORIENTED_EDGE('',*,*,#3714,.T.);
#5391=ORIENTED_EDGE('',*,*,#3723,.F.);
#5392=ORIENTED_EDGE('',*,*,#3515,.T.);
#5393=ORIENTED_EDGE('',*,*,#3749,.T.);
#5394=ORIENTED_EDGE('',*,*,#3718,.T.);
#5395=ORIENTED_EDGE('',*,*,#3748,.T.);
#5396=ORIENTED_EDGE('',*,*,#3518,.T.);
#5397=ORIENTED_EDGE('',*,*,#3721,.F.);
#5398=ORIENTED_EDGE('',*,*,#3719,.T.);
#5399=ORIENTED_EDGE('',*,*,#3749,.F.);
#5400=ORIENTED_EDGE('',*,*,#3750,.F.);
#5401=ORIENTED_EDGE('',*,*,#3751,.F.);
#5402=ORIENTED_EDGE('',*,*,#3752,.F.);
#5403=ORIENTED_EDGE('',*,*,#3753,.F.);
#5404=ORIENTED_EDGE('',*,*,#3754,.F.);
#5405=ORIENTED_EDGE('',*,*,#3755,.F.);
#5406=ORIENTED_EDGE('',*,*,#3752,.T.);
#5407=ORIENTED_EDGE('',*,*,#3756,.F.);
#5408=ORIENTED_EDGE('',*,*,#3757,.F.);
#5409=ORIENTED_EDGE('',*,*,#3758,.F.);
#5410=ORIENTED_EDGE('',*,*,#3754,.T.);
#5411=ORIENTED_EDGE('',*,*,#3759,.F.);
#5412=ORIENTED_EDGE('',*,*,#3760,.F.);
#5413=ORIENTED_EDGE('',*,*,#3761,.F.);
#5414=ORIENTED_EDGE('',*,*,#3757,.T.);
#5415=ORIENTED_EDGE('',*,*,#3762,.F.);
#5416=ORIENTED_EDGE('',*,*,#3763,.F.);
#5417=ORIENTED_EDGE('',*,*,#3764,.F.);
#5418=ORIENTED_EDGE('',*,*,#3760,.T.);
#5419=ORIENTED_EDGE('',*,*,#3765,.F.);
#5420=ORIENTED_EDGE('',*,*,#3766,.F.);
#5421=ORIENTED_EDGE('',*,*,#3767,.F.);
#5422=ORIENTED_EDGE('',*,*,#3763,.T.);
#5423=ORIENTED_EDGE('',*,*,#3768,.F.);
#5424=ORIENTED_EDGE('',*,*,#3769,.F.);
#5425=ORIENTED_EDGE('',*,*,#3770,.F.);
#5426=ORIENTED_EDGE('',*,*,#3766,.T.);
#5427=ORIENTED_EDGE('',*,*,#3771,.F.);
#5428=ORIENTED_EDGE('',*,*,#3769,.T.);
#5429=ORIENTED_EDGE('',*,*,#3772,.F.);
#5430=ORIENTED_EDGE('',*,*,#3750,.T.);
#5431=ORIENTED_EDGE('',*,*,#3773,.F.);
#5432=ORIENTED_EDGE('',*,*,#3768,.T.);
#5433=ORIENTED_EDGE('',*,*,#3774,.T.);
#5434=ORIENTED_EDGE('',*,*,#3473,.T.);
#5435=ORIENTED_EDGE('',*,*,#3775,.T.);
#5436=ORIENTED_EDGE('',*,*,#3771,.T.);
#5437=ORIENTED_EDGE('',*,*,#3775,.F.);
#5438=ORIENTED_EDGE('',*,*,#3472,.F.);
#5439=ORIENTED_EDGE('',*,*,#3776,.F.);
#5440=ORIENTED_EDGE('',*,*,#3772,.T.);
#5441=ORIENTED_EDGE('',*,*,#3776,.T.);
#5442=ORIENTED_EDGE('',*,*,#3471,.T.);
#5443=ORIENTED_EDGE('',*,*,#3777,.T.);
#5444=ORIENTED_EDGE('',*,*,#3751,.T.);
#5445=ORIENTED_EDGE('',*,*,#3777,.F.);
#5446=ORIENTED_EDGE('',*,*,#3470,.F.);
#5447=ORIENTED_EDGE('',*,*,#3778,.F.);
#5448=ORIENTED_EDGE('',*,*,#3753,.T.);
#5449=ORIENTED_EDGE('',*,*,#3755,.T.);
#5450=ORIENTED_EDGE('',*,*,#3758,.T.);
#5451=ORIENTED_EDGE('',*,*,#3761,.T.);
#5452=ORIENTED_EDGE('',*,*,#3764,.T.);
#5453=ORIENTED_EDGE('',*,*,#3767,.T.);
#5454=ORIENTED_EDGE('',*,*,#3770,.T.);
#5455=ORIENTED_EDGE('',*,*,#3773,.T.);
#5456=ORIENTED_EDGE('',*,*,#3779,.F.);
#5457=ORIENTED_EDGE('',*,*,#3780,.F.);
#5458=ORIENTED_EDGE('',*,*,#3781,.F.);
#5459=ORIENTED_EDGE('',*,*,#3782,.F.);
#5460=ORIENTED_EDGE('',*,*,#3783,.F.);
#5461=ORIENTED_EDGE('',*,*,#3784,.F.);
#5462=ORIENTED_EDGE('',*,*,#3781,.T.);
#5463=ORIENTED_EDGE('',*,*,#3785,.F.);
#5464=ORIENTED_EDGE('',*,*,#3786,.F.);
#5465=ORIENTED_EDGE('',*,*,#3787,.F.);
#5466=ORIENTED_EDGE('',*,*,#3783,.T.);
#5467=ORIENTED_EDGE('',*,*,#3788,.F.);
#5468=ORIENTED_EDGE('',*,*,#3789,.F.);
#5469=ORIENTED_EDGE('',*,*,#3790,.F.);
#5470=ORIENTED_EDGE('',*,*,#3786,.T.);
#5471=ORIENTED_EDGE('',*,*,#3791,.F.);
#5472=ORIENTED_EDGE('',*,*,#3792,.F.);
#5473=ORIENTED_EDGE('',*,*,#3793,.F.);
#5474=ORIENTED_EDGE('',*,*,#3789,.T.);
#5475=ORIENTED_EDGE('',*,*,#3794,.F.);
#5476=ORIENTED_EDGE('',*,*,#3795,.F.);
#5477=ORIENTED_EDGE('',*,*,#3796,.F.);
#5478=ORIENTED_EDGE('',*,*,#3792,.T.);
#5479=ORIENTED_EDGE('',*,*,#3797,.F.);
#5480=ORIENTED_EDGE('',*,*,#3798,.F.);
#5481=ORIENTED_EDGE('',*,*,#3799,.F.);
#5482=ORIENTED_EDGE('',*,*,#3795,.T.);
#5483=ORIENTED_EDGE('',*,*,#3800,.F.);
#5484=ORIENTED_EDGE('',*,*,#3798,.T.);
#5485=ORIENTED_EDGE('',*,*,#3801,.F.);
#5486=ORIENTED_EDGE('',*,*,#3779,.T.);
#5487=ORIENTED_EDGE('',*,*,#3802,.F.);
#5488=ORIENTED_EDGE('',*,*,#3790,.T.);
#5489=ORIENTED_EDGE('',*,*,#3803,.F.);
#5490=ORIENTED_EDGE('',*,*,#3699,.F.);
#5491=ORIENTED_EDGE('',*,*,#3804,.F.);
#5492=ORIENTED_EDGE('',*,*,#3787,.T.);
#5493=ORIENTED_EDGE('',*,*,#3804,.T.);
#5494=ORIENTED_EDGE('',*,*,#3698,.T.);
#5495=ORIENTED_EDGE('',*,*,#3805,.T.);
#5496=ORIENTED_EDGE('',*,*,#3784,.T.);
#5497=ORIENTED_EDGE('',*,*,#3805,.F.);
#5498=ORIENTED_EDGE('',*,*,#3697,.F.);
#5499=ORIENTED_EDGE('',*,*,#3806,.F.);
#5500=ORIENTED_EDGE('',*,*,#3782,.T.);
#5501=ORIENTED_EDGE('',*,*,#3806,.T.);
#5502=ORIENTED_EDGE('',*,*,#3696,.T.);
#5503=ORIENTED_EDGE('',*,*,#3807,.T.);
#5504=ORIENTED_EDGE('',*,*,#3780,.T.);
#5505=ORIENTED_EDGE('',*,*,#3801,.T.);
#5506=ORIENTED_EDGE('',*,*,#3800,.T.);
#5507=ORIENTED_EDGE('',*,*,#3797,.T.);
#5508=ORIENTED_EDGE('',*,*,#3794,.T.);
#5509=ORIENTED_EDGE('',*,*,#3791,.T.);
#5510=ORIENTED_EDGE('',*,*,#3788,.T.);
#5511=ORIENTED_EDGE('',*,*,#3785,.T.);
#5512=ORIENTED_EDGE('',*,*,#3380,.T.);
#5513=ORIENTED_EDGE('',*,*,#3384,.T.);
#5514=ORIENTED_EDGE('',*,*,#3382,.T.);
#5515=ORIENTED_EDGE('',*,*,#3390,.T.);
#5516=ORIENTED_EDGE('',*,*,#3392,.T.);
#5517=ORIENTED_EDGE('',*,*,#3404,.T.);
#5518=ORIENTED_EDGE('',*,*,#3424,.F.);
#5519=ORIENTED_EDGE('',*,*,#3421,.T.);
#5520=ORIENTED_EDGE('',*,*,#3808,.F.);
#5521=ORIENTED_EDGE('',*,*,#3420,.T.);
#5522=ORIENTED_EDGE('',*,*,#3432,.T.);
#5523=ORIENTED_EDGE('',*,*,#3733,.T.);
#5524=ORIENTED_EDGE('',*,*,#3427,.T.);
#5525=ORIENTED_EDGE('',*,*,#3808,.T.);
#5526=ORIENTED_EDGE('',*,*,#3429,.T.);
#5527=ORIENTED_EDGE('',*,*,#3732,.T.);
#5528=ORIENTED_EDGE('',*,*,#3425,.T.);
#5529=ORIENTED_EDGE('',*,*,#3756,.T.);
#5530=ORIENTED_EDGE('',*,*,#3778,.T.);
#5531=ORIENTED_EDGE('',*,*,#3469,.T.);
#5532=ORIENTED_EDGE('',*,*,#3809,.T.);
#5533=ORIENTED_EDGE('',*,*,#3765,.T.);
#5534=ORIENTED_EDGE('',*,*,#3810,.F.);
#5535=ORIENTED_EDGE('',*,*,#3474,.F.);
#5536=ORIENTED_EDGE('',*,*,#3774,.F.);
#5537=ORIENTED_EDGE('',*,*,#3759,.T.);
#5538=ORIENTED_EDGE('',*,*,#3809,.F.);
#5539=ORIENTED_EDGE('',*,*,#3476,.F.);
#5540=ORIENTED_EDGE('',*,*,#3811,.F.);
#5541=ORIENTED_EDGE('',*,*,#3793,.T.);
#5542=ORIENTED_EDGE('',*,*,#3812,.T.);
#5543=ORIENTED_EDGE('',*,*,#3700,.T.);
#5544=ORIENTED_EDGE('',*,*,#3803,.T.);
#5545=ORIENTED_EDGE('',*,*,#3796,.T.);
#5546=ORIENTED_EDGE('',*,*,#3813,.F.);
#5547=ORIENTED_EDGE('',*,*,#3701,.F.);
#5548=ORIENTED_EDGE('',*,*,#3812,.F.);
#5549=ORIENTED_EDGE('',*,*,#3802,.T.);
#5550=ORIENTED_EDGE('',*,*,#3807,.F.);
#5551=ORIENTED_EDGE('',*,*,#3703,.F.);
#5552=ORIENTED_EDGE('',*,*,#3814,.F.);
#5553=ORIENTED_EDGE('',*,*,#3412,.T.);
#5554=ORIENTED_EDGE('',*,*,#3411,.T.);
#5555=ORIENTED_EDGE('',*,*,#3734,.T.);
#5556=ORIENTED_EDGE('',*,*,#3430,.T.);
#5557=ORIENTED_EDGE('',*,*,#3762,.T.);
#5558=ORIENTED_EDGE('',*,*,#3811,.T.);
#5559=ORIENTED_EDGE('',*,*,#3475,.T.);
#5560=ORIENTED_EDGE('',*,*,#3810,.T.);
#5561=ORIENTED_EDGE('',*,*,#3799,.T.);
#5562=ORIENTED_EDGE('',*,*,#3814,.T.);
#5563=ORIENTED_EDGE('',*,*,#3702,.T.);
#5564=ORIENTED_EDGE('',*,*,#3813,.T.);
#5565=ORIENTED_EDGE('',*,*,#3503,.T.);
#5566=ORIENTED_EDGE('',*,*,#3673,.T.);
#5567=ORIENTED_EDGE('',*,*,#3672,.T.);
#5568=ORIENTED_EDGE('',*,*,#3740,.T.);
#5569=ORIENTED_EDGE('',*,*,#3526,.F.);
#5570=ORIENTED_EDGE('',*,*,#3525,.F.);
#5571=PLANE('',#6096);
#5572=PLANE('',#6097);
#5573=PLANE('',#6098);
#5574=PLANE('',#6108);
#5575=PLANE('',#6121);
#5576=PLANE('',#6128);
#5577=PLANE('',#6129);
#5578=PLANE('',#6130);
#5579=PLANE('',#6132);
#5580=PLANE('',#6134);
#5581=PLANE('',#6135);
#5582=PLANE('',#6136);
#5583=PLANE('',#6139);
#5584=PLANE('',#6145);
#5585=PLANE('',#6160);
#5586=PLANE('',#6164);
#5587=PLANE('',#6168);
#5588=PLANE('',#6172);
#5589=PLANE('',#6176);
#5590=PLANE('',#6180);
#5591=PLANE('',#6184);
#5592=PLANE('',#6191);
#5593=PLANE('',#6194);
#5594=PLANE('',#6197);
#5595=PLANE('',#6205);
#5596=PLANE('',#6216);
#5597=PLANE('',#6223);
#5598=PLANE('',#6235);
#5599=PLANE('',#6248);
#5600=PLANE('',#6283);
#5601=PLANE('',#6288);
#5602=PLANE('',#6289);
#5603=PLANE('',#6311);
#5604=PLANE('',#6323);
#5605=PLANE('',#6328);
#5606=PLANE('',#6329);
#5607=PLANE('',#6332);
#5608=PLANE('',#6334);
#5609=PLANE('',#6337);
#5610=PLANE('',#6342);
#5611=PLANE('',#6345);
#5612=PLANE('',#6346);
#5613=PLANE('',#6350);
#5614=PLANE('',#6351);
#5615=PLANE('',#6355);
#5616=PLANE('',#6377);
#5617=PLANE('',#6379);
#5618=PLANE('',#6381);
#5619=PLANE('',#6403);
#5620=PLANE('',#6405);
#5621=PLANE('',#6406);
#5622=PLANE('',#6408);
#5623=PLANE('',#6409);
#5624=PLANE('',#6410);
#5625=PLANE('',#6413);
#5626=PLANE('',#6416);
#5627=PLANE('',#6417);
#5628=PLANE('',#6418);
#5629=PLANE('',#6419);
#5630=PLANE('',#6421);
#5631=PLANE('',#6422);
#5632=PLANE('',#6423);
#5633=PLANE('',#6433);
#5634=PLANE('',#6446);
#5635=PLANE('',#6453);
#5636=PLANE('',#6454);
#5637=PLANE('',#6455);
#5638=PLANE('',#6457);
#5639=PLANE('',#6459);
#5640=PLANE('',#6460);
#5641=PLANE('',#6461);
#5642=PLANE('',#6464);
#5643=PLANE('',#6470);
#5644=PLANE('',#6485);
#5645=PLANE('',#6489);
#5646=PLANE('',#6493);
#5647=PLANE('',#6497);
#5648=PLANE('',#6501);
#5649=PLANE('',#6505);
#5650=PLANE('',#6509);
#5651=PLANE('',#6516);
#5652=PLANE('',#6519);
#5653=PLANE('',#6522);
#5654=PLANE('',#6530);
#5655=PLANE('',#6541);
#5656=PLANE('',#6548);
#5657=PLANE('',#6560);
#5658=PLANE('',#6573);
#5659=PLANE('',#6608);
#5660=PLANE('',#6613);
#5661=PLANE('',#6614);
#5662=PLANE('',#6636);
#5663=PLANE('',#6648);
#5664=PLANE('',#6653);
#5665=PLANE('',#6654);
#5666=PLANE('',#6657);
#5667=PLANE('',#6659);
#5668=PLANE('',#6662);
#5669=PLANE('',#6667);
#5670=PLANE('',#6670);
#5671=PLANE('',#6671);
#5672=PLANE('',#6675);
#5673=PLANE('',#6676);
#5674=PLANE('',#6680);
#5675=PLANE('',#6702);
#5676=PLANE('',#6704);
#5677=PLANE('',#6706);
#5678=PLANE('',#6728);
#5679=PLANE('',#6730);
#5680=PLANE('',#6731);
#5681=PLANE('',#6733);
#5682=PLANE('',#6734);
#5683=PLANE('',#6735);
#5684=PLANE('',#6738);
#5685=PLANE('',#6741);
#5686=PLANE('',#6742);
#5687=PLANE('',#6743);
#5688=PLANE('',#6744);
#5689=ADVANCED_FACE('',(#1503),#5571,.T.);
#5690=ADVANCED_FACE('',(#1504),#1447,.F.);
#5691=ADVANCED_FACE('',(#1505),#1448,.F.);
#5692=ADVANCED_FACE('',(#1506),#1449,.F.);
#5693=ADVANCED_FACE('',(#1507,#581),#5572,.T.);
#5694=ADVANCED_FACE('',(#1508),#1450,.F.);
#5695=ADVANCED_FACE('',(#1509),#1451,.F.);
#5696=ADVANCED_FACE('',(#1510),#1452,.F.);
#5697=ADVANCED_FACE('',(#1511),#1453,.F.);
#5698=ADVANCED_FACE('',(#1512),#5573,.T.);
#5699=ADVANCED_FACE('',(#1513),#557,.F.);
#5700=ADVANCED_FACE('',(#1514),#109,.T.);
#5701=ADVANCED_FACE('',(#1515),#558,.F.);
#5702=ADVANCED_FACE('',(#1516),#5574,.T.);
#5703=ADVANCED_FACE('',(#1517),#110,.T.);
#5704=ADVANCED_FACE('',(#1518),#111,.T.);
#5705=ADVANCED_FACE('',(#1519),#559,.F.);
#5706=ADVANCED_FACE('',(#1520),#112,.T.);
#5707=ADVANCED_FACE('',(#1521),#560,.F.);
#5708=ADVANCED_FACE('',(#1522),#5575,.T.);
#5709=ADVANCED_FACE('',(#1523),#113,.T.);
#5710=ADVANCED_FACE('',(#1524),#114,.T.);
#5711=ADVANCED_FACE('',(#1525),#115,.T.);
#5712=ADVANCED_FACE('',(#1526),#5576,.F.);
#5713=ADVANCED_FACE('',(#1527),#5577,.F.);
#5714=ADVANCED_FACE('',(#1528,#582),#5578,.F.);
#5715=ADVANCED_FACE('',(#1529),#5579,.T.);
#5716=ADVANCED_FACE('',(#1530),#5580,.F.);
#5717=ADVANCED_FACE('',(#1531),#5581,.F.);
#5718=ADVANCED_FACE('',(#1532),#5582,.T.);
#5719=ADVANCED_FACE('',(#1533),#5583,.F.);
#5720=ADVANCED_FACE('',(#1534),#51,.F.);
#5721=ADVANCED_FACE('',(#1535),#116,.F.);
#5722=ADVANCED_FACE('',(#1536,#583,#584,#585),#5584,.T.);
#5723=ADVANCED_FACE('',(#1537),#52,.F.);
#5724=ADVANCED_FACE('',(#1538),#53,.T.);
#5725=ADVANCED_FACE('',(#1539),#5585,.T.);
#5726=ADVANCED_FACE('',(#1540),#54,.T.);
#5727=ADVANCED_FACE('',(#1541),#5586,.T.);
#5728=ADVANCED_FACE('',(#1542),#55,.T.);
#5729=ADVANCED_FACE('',(#1543),#5587,.T.);
#5730=ADVANCED_FACE('',(#1544),#56,.T.);
#5731=ADVANCED_FACE('',(#1545),#5588,.T.);
#5732=ADVANCED_FACE('',(#1546),#57,.T.);
#5733=ADVANCED_FACE('',(#1547),#5589,.T.);
#5734=ADVANCED_FACE('',(#1548),#58,.T.);
#5735=ADVANCED_FACE('',(#1549),#5590,.T.);
#5736=ADVANCED_FACE('',(#1550),#59,.T.);
#5737=ADVANCED_FACE('',(#1551),#5591,.T.);
#5738=ADVANCED_FACE('',(#1552),#60,.T.);
#5739=ADVANCED_FACE('',(#1553),#117,.T.);
#5740=ADVANCED_FACE('',(#1554),#5592,.T.);
#5741=ADVANCED_FACE('',(#1555),#118,.T.);
#5742=ADVANCED_FACE('',(#1556),#5593,.T.);
#5743=ADVANCED_FACE('',(#1557),#119,.T.);
#5744=ADVANCED_FACE('',(#1558),#5594,.T.);
#5745=ADVANCED_FACE('',(#1559),#120,.T.);
#5746=ADVANCED_FACE('',(#1560),#121,.F.);
#5747=ADVANCED_FACE('',(#1561,#586,#587,#588,#589,#590),#5595,.F.);
#5748=ADVANCED_FACE('',(#1562),#61,.F.);
#5749=ADVANCED_FACE('',(#1563),#122,.F.);
#5750=ADVANCED_FACE('',(#1564,#591),#5596,.T.);
#5751=ADVANCED_FACE('',(#1565),#62,.F.);
#5752=ADVANCED_FACE('',(#1566),#123,.F.);
#5753=ADVANCED_FACE('',(#1567,#592),#5597,.T.);
#5754=ADVANCED_FACE('',(#1568),#27,.F.);
#5755=ADVANCED_FACE('',(#1569),#124,.F.);
#5756=ADVANCED_FACE('',(#1570),#1454,.T.);
#5757=ADVANCED_FACE('',(#1571),#1455,.T.);
#5758=ADVANCED_FACE('',(#1572),#1456,.T.);
#5759=ADVANCED_FACE('',(#1573),#1457,.T.);
#5760=ADVANCED_FACE('',(#1574),#125,.T.);
#5761=ADVANCED_FACE('',(#1575),#5598,.T.);
#5762=ADVANCED_FACE('',(#1576),#28,.T.);
#5763=ADVANCED_FACE('',(#1577),#29,.F.);
#5764=ADVANCED_FACE('',(#1578),#1458,.T.);
#5765=ADVANCED_FACE('',(#1579),#126,.F.);
#5766=ADVANCED_FACE('',(#1580),#1459,.T.);
#5767=ADVANCED_FACE('',(#1581),#1460,.T.);
#5768=ADVANCED_FACE('',(#1582),#1461,.T.);
#5769=ADVANCED_FACE('',(#1583),#5599,.T.);
#5770=ADVANCED_FACE('',(#1584),#1462,.F.);
#5771=ADVANCED_FACE('',(#1585),#127,.T.);
#5772=ADVANCED_FACE('',(#1586),#1463,.T.);
#5773=ADVANCED_FACE('',(#1587),#30,.F.);
#5774=ADVANCED_FACE('',(#1588),#1464,.T.);
#5775=ADVANCED_FACE('',(#1589),#1465,.T.);
#5776=ADVANCED_FACE('',(#1590),#1466,.T.);
#5777=ADVANCED_FACE('',(#1591),#1467,.T.);
#5778=ADVANCED_FACE('',(#1592),#31,.T.);
#5779=ADVANCED_FACE('',(#1593),#32,.T.);
#5780=ADVANCED_FACE('',(#1594),#33,.T.);
#5781=ADVANCED_FACE('',(#1595),#128,.T.);
#5782=ADVANCED_FACE('',(#1596),#1468,.T.);
#5783=ADVANCED_FACE('',(#1597),#1469,.T.);
#5784=ADVANCED_FACE('',(#1598),#1470,.T.);
#5785=ADVANCED_FACE('',(#1599),#34,.F.);
#5786=ADVANCED_FACE('',(#1600),#1471,.T.);
#5787=ADVANCED_FACE('',(#1601),#1472,.T.);
#5788=ADVANCED_FACE('',(#1602),#35,.T.);
#5789=ADVANCED_FACE('',(#1603),#1473,.F.);
#5790=ADVANCED_FACE('',(#1604),#129,.T.);
#5791=ADVANCED_FACE('',(#1605),#1474,.T.);
#5792=ADVANCED_FACE('',(#1606),#130,.T.);
#5793=ADVANCED_FACE('',(#1607),#5600,.F.);
#5794=ADVANCED_FACE('',(#1608),#63,.F.);
#5795=ADVANCED_FACE('',(#1609),#131,.F.);
#5796=ADVANCED_FACE('',(#1610),#5601,.F.);
#5797=ADVANCED_FACE('',(#1611),#5602,.T.);
#5798=ADVANCED_FACE('',(#1612),#132,.T.);
#5799=ADVANCED_FACE('',(#1613),#64,.F.);
#5800=ADVANCED_FACE('',(#1614),#65,.F.);
#5801=ADVANCED_FACE('',(#1615),#133,.F.);
#5802=ADVANCED_FACE('',(#1616),#66,.F.);
#5803=ADVANCED_FACE('',(#1617),#134,.F.);
#5804=ADVANCED_FACE('',(#1618),#67,.F.);
#5805=ADVANCED_FACE('',(#1619),#36,.T.);
#5806=ADVANCED_FACE('',(#1620),#135,.T.);
#5807=ADVANCED_FACE('',(#1621),#136,.T.);
#5808=ADVANCED_FACE('',(#1622),#137,.T.);
#5809=ADVANCED_FACE('',(#1623),#68,.F.);
#5810=ADVANCED_FACE('',(#1624,#593,#594,#595),#5603,.T.);
#5811=ADVANCED_FACE('',(#1625),#138,.F.);
#5812=ADVANCED_FACE('',(#1626),#69,.F.);
#5813=ADVANCED_FACE('',(#1627),#139,.F.);
#5814=ADVANCED_FACE('',(#1628),#5604,.T.);
#5815=ADVANCED_FACE('',(#1629),#70,.T.);
#5816=ADVANCED_FACE('',(#1630),#71,.T.);
#5817=ADVANCED_FACE('',(#1631),#5605,.T.);
#5818=ADVANCED_FACE('',(#1632),#5606,.T.);
#5819=ADVANCED_FACE('',(#1633),#72,.T.);
#5820=ADVANCED_FACE('',(#1634),#5607,.T.);
#5821=ADVANCED_FACE('',(#1635),#140,.T.);
#5822=ADVANCED_FACE('',(#1636),#5608,.T.);
#5823=ADVANCED_FACE('',(#1637),#73,.F.);
#5824=ADVANCED_FACE('',(#1638,#596,#597),#5609,.T.);
#5825=ADVANCED_FACE('',(#1639),#74,.F.);
#5826=ADVANCED_FACE('',(#1640),#5610,.T.);
#5827=ADVANCED_FACE('',(#1641),#75,.T.);
#5828=ADVANCED_FACE('',(#1642),#76,.T.);
#5829=ADVANCED_FACE('',(#1643),#5611,.T.);
#5830=ADVANCED_FACE('',(#1644),#5612,.T.);
#5831=ADVANCED_FACE('',(#1645),#77,.T.);
#5832=ADVANCED_FACE('',(#1646),#78,.T.);
#5833=ADVANCED_FACE('',(#1647),#5613,.T.);
#5834=ADVANCED_FACE('',(#1648),#5614,.T.);
#5835=ADVANCED_FACE('',(#1649),#79,.T.);
#5836=ADVANCED_FACE('',(#1650),#141,.T.);
#5837=ADVANCED_FACE('',(#1651),#142,.T.);
#5838=ADVANCED_FACE('',(#1652),#5615,.T.);
#5839=ADVANCED_FACE('',(#1653),#143,.T.);
#5840=ADVANCED_FACE('',(#1654),#561,.F.);
#5841=ADVANCED_FACE('',(#1655),#144,.T.);
#5842=ADVANCED_FACE('',(#1656),#562,.F.);
#5843=ADVANCED_FACE('',(#1657),#145,.T.);
#5844=ADVANCED_FACE('',(#1658),#563,.F.);
#5845=ADVANCED_FACE('',(#1659),#146,.T.);
#5846=ADVANCED_FACE('',(#1660),#564,.F.);
#5847=ADVANCED_FACE('',(#1661),#147,.T.);
#5848=ADVANCED_FACE('',(#1662),#5616,.T.);
#5849=ADVANCED_FACE('',(#1663),#148,.T.);
#5850=ADVANCED_FACE('',(#1664),#5617,.T.);
#5851=ADVANCED_FACE('',(#1665),#149,.T.);
#5852=ADVANCED_FACE('',(#1666),#5618,.T.);
#5853=ADVANCED_FACE('',(#1667),#150,.T.);
#5854=ADVANCED_FACE('',(#1668),#565,.F.);
#5855=ADVANCED_FACE('',(#1669),#151,.T.);
#5856=ADVANCED_FACE('',(#1670),#566,.F.);
#5857=ADVANCED_FACE('',(#1671),#152,.T.);
#5858=ADVANCED_FACE('',(#1672),#567,.F.);
#5859=ADVANCED_FACE('',(#1673),#153,.T.);
#5860=ADVANCED_FACE('',(#1674),#568,.F.);
#5861=ADVANCED_FACE('',(#1675),#154,.T.);
#5862=ADVANCED_FACE('',(#1676),#5619,.T.);
#5863=ADVANCED_FACE('',(#1677),#155,.T.);
#5864=ADVANCED_FACE('',(#1678),#5620,.T.);
#5865=ADVANCED_FACE('',(#1679,#598,#599),#5621,.T.);
#5866=ADVANCED_FACE('',(#1680),#156,.T.);
#5867=ADVANCED_FACE('',(#1681),#5622,.T.);
#5868=ADVANCED_FACE('',(#1682),#5623,.T.);
#5869=ADVANCED_FACE('',(#1683),#5624,.T.);
#5870=ADVANCED_FACE('',(#1684),#157,.T.);
#5871=ADVANCED_FACE('',(#1685),#158,.T.);
#5872=ADVANCED_FACE('',(#1686),#5625,.T.);
#5873=ADVANCED_FACE('',(#1687),#159,.T.);
#5874=ADVANCED_FACE('',(#1688),#160,.T.);
#5875=ADVANCED_FACE('',(#1689),#5626,.T.);
#5876=ADVANCED_FACE('',(#1690),#5627,.T.);
#5877=ADVANCED_FACE('',(#1691),#5628,.T.);
#5878=ADVANCED_FACE('',(#1692),#5629,.T.);
#5879=ADVANCED_FACE('',(#1693),#5630,.F.);
#5880=ADVANCED_FACE('',(#1694),#1475,.F.);
#5881=ADVANCED_FACE('',(#1695),#1476,.F.);
#5882=ADVANCED_FACE('',(#1696),#1477,.F.);
#5883=ADVANCED_FACE('',(#1697,#600),#5631,.F.);
#5884=ADVANCED_FACE('',(#1698),#1478,.F.);
#5885=ADVANCED_FACE('',(#1699),#1479,.F.);
#5886=ADVANCED_FACE('',(#1700),#1480,.F.);
#5887=ADVANCED_FACE('',(#1701),#1481,.F.);
#5888=ADVANCED_FACE('',(#1702),#5632,.F.);
#5889=ADVANCED_FACE('',(#1703),#569,.T.);
#5890=ADVANCED_FACE('',(#1704),#161,.T.);
#5891=ADVANCED_FACE('',(#1705),#570,.T.);
#5892=ADVANCED_FACE('',(#1706),#5633,.F.);
#5893=ADVANCED_FACE('',(#1707),#162,.T.);
#5894=ADVANCED_FACE('',(#1708),#163,.T.);
#5895=ADVANCED_FACE('',(#1709),#571,.T.);
#5896=ADVANCED_FACE('',(#1710),#164,.T.);
#5897=ADVANCED_FACE('',(#1711),#572,.T.);
#5898=ADVANCED_FACE('',(#1712),#5634,.F.);
#5899=ADVANCED_FACE('',(#1713),#165,.T.);
#5900=ADVANCED_FACE('',(#1714),#166,.T.);
#5901=ADVANCED_FACE('',(#1715),#167,.T.);
#5902=ADVANCED_FACE('',(#1716),#5635,.T.);
#5903=ADVANCED_FACE('',(#1717),#5636,.T.);
#5904=ADVANCED_FACE('',(#1718,#601),#5637,.T.);
#5905=ADVANCED_FACE('',(#1719),#5638,.F.);
#5906=ADVANCED_FACE('',(#1720),#5639,.T.);
#5907=ADVANCED_FACE('',(#1721),#5640,.T.);
#5908=ADVANCED_FACE('',(#1722),#5641,.F.);
#5909=ADVANCED_FACE('',(#1723),#5642,.T.);
#5910=ADVANCED_FACE('',(#1724),#80,.F.);
#5911=ADVANCED_FACE('',(#1725),#168,.F.);
#5912=ADVANCED_FACE('',(#1726,#602,#603,#604),#5643,.F.);
#5913=ADVANCED_FACE('',(#1727),#81,.F.);
#5914=ADVANCED_FACE('',(#1728),#82,.T.);
#5915=ADVANCED_FACE('',(#1729),#5644,.F.);
#5916=ADVANCED_FACE('',(#1730),#83,.T.);
#5917=ADVANCED_FACE('',(#1731),#5645,.F.);
#5918=ADVANCED_FACE('',(#1732),#84,.T.);
#5919=ADVANCED_FACE('',(#1733),#5646,.F.);
#5920=ADVANCED_FACE('',(#1734),#85,.T.);
#5921=ADVANCED_FACE('',(#1735),#5647,.F.);
#5922=ADVANCED_FACE('',(#1736),#86,.T.);
#5923=ADVANCED_FACE('',(#1737),#5648,.F.);
#5924=ADVANCED_FACE('',(#1738),#87,.T.);
#5925=ADVANCED_FACE('',(#1739),#5649,.F.);
#5926=ADVANCED_FACE('',(#1740),#88,.T.);
#5927=ADVANCED_FACE('',(#1741),#5650,.F.);
#5928=ADVANCED_FACE('',(#1742),#89,.T.);
#5929=ADVANCED_FACE('',(#1743),#169,.T.);
#5930=ADVANCED_FACE('',(#1744),#5651,.F.);
#5931=ADVANCED_FACE('',(#1745),#170,.T.);
#5932=ADVANCED_FACE('',(#1746),#5652,.F.);
#5933=ADVANCED_FACE('',(#1747),#171,.T.);
#5934=ADVANCED_FACE('',(#1748),#5653,.F.);
#5935=ADVANCED_FACE('',(#1749),#172,.T.);
#5936=ADVANCED_FACE('',(#1750),#173,.F.);
#5937=ADVANCED_FACE('',(#1751,#605,#606,#607,#608,#609),#5654,.T.);
#5938=ADVANCED_FACE('',(#1752),#90,.F.);
#5939=ADVANCED_FACE('',(#1753),#174,.F.);
#5940=ADVANCED_FACE('',(#1754,#610),#5655,.F.);
#5941=ADVANCED_FACE('',(#1755),#91,.F.);
#5942=ADVANCED_FACE('',(#1756),#175,.F.);
#5943=ADVANCED_FACE('',(#1757,#611),#5656,.F.);
#5944=ADVANCED_FACE('',(#1758),#37,.F.);
#5945=ADVANCED_FACE('',(#1759),#176,.F.);
#5946=ADVANCED_FACE('',(#1760),#1482,.F.);
#5947=ADVANCED_FACE('',(#1761),#1483,.F.);
#5948=ADVANCED_FACE('',(#1762),#1484,.F.);
#5949=ADVANCED_FACE('',(#1763),#1485,.F.);
#5950=ADVANCED_FACE('',(#1764),#177,.T.);
#5951=ADVANCED_FACE('',(#1765),#5657,.F.);
#5952=ADVANCED_FACE('',(#1766),#38,.T.);
#5953=ADVANCED_FACE('',(#1767),#39,.F.);
#5954=ADVANCED_FACE('',(#1768),#1486,.F.);
#5955=ADVANCED_FACE('',(#1769),#178,.F.);
#5956=ADVANCED_FACE('',(#1770),#1487,.F.);
#5957=ADVANCED_FACE('',(#1771),#1488,.F.);
#5958=ADVANCED_FACE('',(#1772),#1489,.F.);
#5959=ADVANCED_FACE('',(#1773),#5658,.F.);
#5960=ADVANCED_FACE('',(#1774),#1490,.T.);
#5961=ADVANCED_FACE('',(#1775),#179,.T.);
#5962=ADVANCED_FACE('',(#1776),#1491,.F.);
#5963=ADVANCED_FACE('',(#1777),#40,.F.);
#5964=ADVANCED_FACE('',(#1778),#1492,.F.);
#5965=ADVANCED_FACE('',(#1779),#1493,.F.);
#5966=ADVANCED_FACE('',(#1780),#1494,.F.);
#5967=ADVANCED_FACE('',(#1781),#1495,.F.);
#5968=ADVANCED_FACE('',(#1782),#41,.T.);
#5969=ADVANCED_FACE('',(#1783),#42,.T.);
#5970=ADVANCED_FACE('',(#1784),#43,.T.);
#5971=ADVANCED_FACE('',(#1785),#180,.T.);
#5972=ADVANCED_FACE('',(#1786),#1496,.F.);
#5973=ADVANCED_FACE('',(#1787),#1497,.F.);
#5974=ADVANCED_FACE('',(#1788),#1498,.F.);
#5975=ADVANCED_FACE('',(#1789),#44,.F.);
#5976=ADVANCED_FACE('',(#1790),#1499,.F.);
#5977=ADVANCED_FACE('',(#1791),#1500,.F.);
#5978=ADVANCED_FACE('',(#1792),#45,.T.);
#5979=ADVANCED_FACE('',(#1793),#1501,.T.);
#5980=ADVANCED_FACE('',(#1794),#181,.T.);
#5981=ADVANCED_FACE('',(#1795),#1502,.F.);
#5982=ADVANCED_FACE('',(#1796),#182,.T.);
#5983=ADVANCED_FACE('',(#1797),#5659,.T.);
#5984=ADVANCED_FACE('',(#1798),#92,.F.);
#5985=ADVANCED_FACE('',(#1799),#183,.F.);
#5986=ADVANCED_FACE('',(#1800),#5660,.T.);
#5987=ADVANCED_FACE('',(#1801),#5661,.F.);
#5988=ADVANCED_FACE('',(#1802),#184,.T.);
#5989=ADVANCED_FACE('',(#1803),#93,.F.);
#5990=ADVANCED_FACE('',(#1804),#94,.F.);
#5991=ADVANCED_FACE('',(#1805),#185,.F.);
#5992=ADVANCED_FACE('',(#1806),#95,.F.);
#5993=ADVANCED_FACE('',(#1807),#186,.F.);
#5994=ADVANCED_FACE('',(#1808),#96,.F.);
#5995=ADVANCED_FACE('',(#1809),#46,.T.);
#5996=ADVANCED_FACE('',(#1810),#187,.T.);
#5997=ADVANCED_FACE('',(#1811),#188,.T.);
#5998=ADVANCED_FACE('',(#1812),#189,.T.);
#5999=ADVANCED_FACE('',(#1813),#97,.F.);
#6000=ADVANCED_FACE('',(#1814,#612,#613,#614),#5662,.F.);
#6001=ADVANCED_FACE('',(#1815),#190,.F.);
#6002=ADVANCED_FACE('',(#1816),#98,.F.);
#6003=ADVANCED_FACE('',(#1817),#191,.F.);
#6004=ADVANCED_FACE('',(#1818),#5663,.F.);
#6005=ADVANCED_FACE('',(#1819),#99,.T.);
#6006=ADVANCED_FACE('',(#1820),#100,.T.);
#6007=ADVANCED_FACE('',(#1821),#5664,.F.);
#6008=ADVANCED_FACE('',(#1822),#5665,.F.);
#6009=ADVANCED_FACE('',(#1823),#101,.T.);
#6010=ADVANCED_FACE('',(#1824),#5666,.F.);
#6011=ADVANCED_FACE('',(#1825),#192,.T.);
#6012=ADVANCED_FACE('',(#1826),#5667,.F.);
#6013=ADVANCED_FACE('',(#1827),#102,.F.);
#6014=ADVANCED_FACE('',(#1828,#615,#616),#5668,.F.);
#6015=ADVANCED_FACE('',(#1829),#103,.F.);
#6016=ADVANCED_FACE('',(#1830),#5669,.F.);
#6017=ADVANCED_FACE('',(#1831),#104,.T.);
#6018=ADVANCED_FACE('',(#1832),#105,.T.);
#6019=ADVANCED_FACE('',(#1833),#5670,.F.);
#6020=ADVANCED_FACE('',(#1834),#5671,.F.);
#6021=ADVANCED_FACE('',(#1835),#106,.T.);
#6022=ADVANCED_FACE('',(#1836),#107,.T.);
#6023=ADVANCED_FACE('',(#1837),#5672,.F.);
#6024=ADVANCED_FACE('',(#1838),#5673,.F.);
#6025=ADVANCED_FACE('',(#1839),#108,.T.);
#6026=ADVANCED_FACE('',(#1840),#193,.T.);
#6027=ADVANCED_FACE('',(#1841),#194,.T.);
#6028=ADVANCED_FACE('',(#1842),#5674,.F.);
#6029=ADVANCED_FACE('',(#1843),#195,.T.);
#6030=ADVANCED_FACE('',(#1844),#573,.T.);
#6031=ADVANCED_FACE('',(#1845),#196,.T.);
#6032=ADVANCED_FACE('',(#1846),#574,.T.);
#6033=ADVANCED_FACE('',(#1847),#197,.T.);
#6034=ADVANCED_FACE('',(#1848),#575,.T.);
#6035=ADVANCED_FACE('',(#1849),#198,.T.);
#6036=ADVANCED_FACE('',(#1850),#576,.T.);
#6037=ADVANCED_FACE('',(#1851),#199,.T.);
#6038=ADVANCED_FACE('',(#1852),#5675,.F.);
#6039=ADVANCED_FACE('',(#1853),#200,.T.);
#6040=ADVANCED_FACE('',(#1854),#5676,.F.);
#6041=ADVANCED_FACE('',(#1855),#201,.T.);
#6042=ADVANCED_FACE('',(#1856),#5677,.F.);
#6043=ADVANCED_FACE('',(#1857),#202,.T.);
#6044=ADVANCED_FACE('',(#1858),#577,.T.);
#6045=ADVANCED_FACE('',(#1859),#203,.T.);
#6046=ADVANCED_FACE('',(#1860),#578,.T.);
#6047=ADVANCED_FACE('',(#1861),#204,.T.);
#6048=ADVANCED_FACE('',(#1862),#579,.T.);
#6049=ADVANCED_FACE('',(#1863),#205,.T.);
#6050=ADVANCED_FACE('',(#1864),#580,.T.);
#6051=ADVANCED_FACE('',(#1865),#206,.T.);
#6052=ADVANCED_FACE('',(#1866),#5678,.F.);
#6053=ADVANCED_FACE('',(#1867),#207,.T.);
#6054=ADVANCED_FACE('',(#1868),#5679,.F.);
#6055=ADVANCED_FACE('',(#1869,#617,#618),#5680,.F.);
#6056=ADVANCED_FACE('',(#1870),#208,.T.);
#6057=ADVANCED_FACE('',(#1871),#5681,.F.);
#6058=ADVANCED_FACE('',(#1872),#5682,.F.);
#6059=ADVANCED_FACE('',(#1873),#5683,.F.);
#6060=ADVANCED_FACE('',(#1874),#209,.T.);
#6061=ADVANCED_FACE('',(#1875),#210,.T.);
#6062=ADVANCED_FACE('',(#1876),#5684,.F.);
#6063=ADVANCED_FACE('',(#1877),#211,.T.);
#6064=ADVANCED_FACE('',(#1878),#212,.T.);
#6065=ADVANCED_FACE('',(#1879),#5685,.F.);
#6066=ADVANCED_FACE('',(#1880),#5686,.F.);
#6067=ADVANCED_FACE('',(#1881),#5687,.F.);
#6068=ADVANCED_FACE('',(#1882),#5688,.F.);
#6069=CLOSED_SHELL('',(#5689,#5690,#5691,#5692,#5693,#5694,#5695,#5696,
#5697,#5698,#5699,#5700,#5701,#5702,#5703,#5704,#5705,#5706,#5707,#5708,
#5709,#5710,#5711,#5712,#5713,#5714,#5715,#5716,#5717,#5718,#5719,#5720,
#5721,#5722,#5723,#5724,#5725,#5726,#5727,#5728,#5729,#5730,#5731,#5732,
#5733,#5734,#5735,#5736,#5737,#5738,#5739,#5740,#5741,#5742,#5743,#5744,
#5745,#5746,#5747,#5748,#5749,#5750,#5751,#5752,#5753,#5754,#5755,#5756,
#5757,#5758,#5759,#5760,#5761,#5762,#5763,#5764,#5765,#5766,#5767,#5768,
#5769,#5770,#5771,#5772,#5773,#5774,#5775,#5776,#5777,#5778,#5779,#5780,
#5781,#5782,#5783,#5784,#5785,#5786,#5787,#5788,#5789,#5790,#5791,#5792,
#5793,#5794,#5795,#5796,#5797,#5798,#5799,#5800,#5801,#5802,#5803,#5804,
#5805,#5806,#5807,#5808,#5809,#5810,#5811,#5812,#5813,#5814,#5815,#5816,
#5817,#5818,#5819,#5820,#5821,#5822,#5823,#5824,#5825,#5826,#5827,#5828,
#5829,#5830,#5831,#5832,#5833,#5834,#5835,#5836,#5837,#5838,#5839,#5840,
#5841,#5842,#5843,#5844,#5845,#5846,#5847,#5848,#5849,#5850,#5851,#5852,
#5853,#5854,#5855,#5856,#5857,#5858,#5859,#5860,#5861,#5862,#5863,#5864,
#5865,#5866,#5867,#5868,#5869,#5870,#5871,#5872,#5873,#5874,#5875,#5876,
#5877,#5878));
#6070=CLOSED_SHELL('',(#5879,#5880,#5881,#5882,#5883,#5884,#5885,#5886,
#5887,#5888,#5889,#5890,#5891,#5892,#5893,#5894,#5895,#5896,#5897,#5898,
#5899,#5900,#5901,#5902,#5903,#5904,#5905,#5906,#5907,#5908,#5909,#5910,
#5911,#5912,#5913,#5914,#5915,#5916,#5917,#5918,#5919,#5920,#5921,#5922,
#5923,#5924,#5925,#5926,#5927,#5928,#5929,#5930,#5931,#5932,#5933,#5934,
#5935,#5936,#5937,#5938,#5939,#5940,#5941,#5942,#5943,#5944,#5945,#5946,
#5947,#5948,#5949,#5950,#5951,#5952,#5953,#5954,#5955,#5956,#5957,#5958,
#5959,#5960,#5961,#5962,#5963,#5964,#5965,#5966,#5967,#5968,#5969,#5970,
#5971,#5972,#5973,#5974,#5975,#5976,#5977,#5978,#5979,#5980,#5981,#5982,
#5983,#5984,#5985,#5986,#5987,#5988,#5989,#5990,#5991,#5992,#5993,#5994,
#5995,#5996,#5997,#5998,#5999,#6000,#6001,#6002,#6003,#6004,#6005,#6006,
#6007,#6008,#6009,#6010,#6011,#6012,#6013,#6014,#6015,#6016,#6017,#6018,
#6019,#6020,#6021,#6022,#6023,#6024,#6025,#6026,#6027,#6028,#6029,#6030,
#6031,#6032,#6033,#6034,#6035,#6036,#6037,#6038,#6039,#6040,#6041,#6042,
#6043,#6044,#6045,#6046,#6047,#6048,#6049,#6050,#6051,#6052,#6053,#6054,
#6055,#6056,#6057,#6058,#6059,#6060,#6061,#6062,#6063,#6064,#6065,#6066,
#6067,#6068));
#6071=DERIVED_UNIT_ELEMENT(#6075,1.);
#6072=DERIVED_UNIT_ELEMENT(#13061,-3.);
#6073=DERIVED_UNIT_ELEMENT(#6075,1.);
#6074=DERIVED_UNIT_ELEMENT(#13061,-3.);
#6075=(
MASS_UNIT()
NAMED_UNIT(*)
SI_UNIT(.KILO.,.GRAM.)
);
#6076=DERIVED_UNIT((#6071,#6072));
#6077=DERIVED_UNIT((#6073,#6074));
#6078=MEASURE_REPRESENTATION_ITEM('density measure',
POSITIVE_RATIO_MEASURE(7850.),#6076);
#6079=MEASURE_REPRESENTATION_ITEM('density measure',
POSITIVE_RATIO_MEASURE(7850.),#6077);
#6080=PROPERTY_DEFINITION_REPRESENTATION(#6090,#6084);
#6081=PROPERTY_DEFINITION_REPRESENTATION(#6091,#6085);
#6082=PROPERTY_DEFINITION_REPRESENTATION(#6092,#6086);
#6083=PROPERTY_DEFINITION_REPRESENTATION(#6093,#6087);
#6084=REPRESENTATION('material name',(#6088),#13057);
#6085=REPRESENTATION('density',(#6078),#13057);
#6086=REPRESENTATION('material name',(#6089),#13058);
#6087=REPRESENTATION('density',(#6079),#13058);
#6088=DESCRIPTIVE_REPRESENTATION_ITEM('Steel','Steel');
#6089=DESCRIPTIVE_REPRESENTATION_ITEM('Steel','Steel');
#6090=PROPERTY_DEFINITION('material property','material name',#13077);
#6091=PROPERTY_DEFINITION('material property','density of part',#13077);
#6092=PROPERTY_DEFINITION('material property','material name',#13078);
#6093=PROPERTY_DEFINITION('material property','density of part',#13078);
#6094=AXIS2_PLACEMENT_3D('',#8467,#6747,#6748);
#6095=AXIS2_PLACEMENT_3D('',#8468,#6749,#6750);
#6096=AXIS2_PLACEMENT_3D('',#8469,#6751,#6752);
#6097=AXIS2_PLACEMENT_3D('',#8603,#6756,#6757);
#6098=AXIS2_PLACEMENT_3D('',#8788,#6762,#6763);
#6099=AXIS2_PLACEMENT_3D('',#8800,#6764,#6765);
#6100=AXIS2_PLACEMENT_3D('',#8802,#6766,#6767);
#6101=AXIS2_PLACEMENT_3D('',#8804,#6768,#6769);
#6102=AXIS2_PLACEMENT_3D('',#8805,#6770,#6771);
#6103=AXIS2_PLACEMENT_3D('',#8806,#6772,#6773);
#6104=AXIS2_PLACEMENT_3D('',#8809,#6774,#6775);
#6105=AXIS2_PLACEMENT_3D('',#8823,#6778,#6779);
#6106=AXIS2_PLACEMENT_3D('',#8824,#6780,#6781);
#6107=AXIS2_PLACEMENT_3D('',#8825,#6782,#6783);
#6108=AXIS2_PLACEMENT_3D('',#8826,#6784,#6785);
#6109=AXIS2_PLACEMENT_3D('',#8832,#6789,#6790);
#6110=AXIS2_PLACEMENT_3D('',#8835,#6792,#6793);
#6111=AXIS2_PLACEMENT_3D('',#8836,#6794,#6795);
#6112=AXIS2_PLACEMENT_3D('',#8840,#6797,#6798);
#6113=AXIS2_PLACEMENT_3D('',#8853,#6800,#6801);
#6114=AXIS2_PLACEMENT_3D('',#8854,#6802,#6803);
#6115=AXIS2_PLACEMENT_3D('',#8855,#6804,#6805);
#6116=AXIS2_PLACEMENT_3D('',#8856,#6806,#6807);
#6117=AXIS2_PLACEMENT_3D('',#8859,#6808,#6809);
#6118=AXIS2_PLACEMENT_3D('',#8873,#6812,#6813);
#6119=AXIS2_PLACEMENT_3D('',#8874,#6814,#6815);
#6120=AXIS2_PLACEMENT_3D('',#8875,#6816,#6817);
#6121=AXIS2_PLACEMENT_3D('',#8876,#6818,#6819);
#6122=AXIS2_PLACEMENT_3D('',#8878,#6821,#6822);
#6123=AXIS2_PLACEMENT_3D('',#8880,#6823,#6824);
#6124=AXIS2_PLACEMENT_3D('',#8882,#6826,#6827);
#6125=AXIS2_PLACEMENT_3D('',#8886,#6829,#6830);
#6126=AXIS2_PLACEMENT_3D('',#8888,#6832,#6833);
#6127=AXIS2_PLACEMENT_3D('',#8892,#6835,#6836);
#6128=AXIS2_PLACEMENT_3D('',#8894,#6838,#6839);
#6129=AXIS2_PLACEMENT_3D('',#8903,#6844,#6845);
#6130=AXIS2_PLACEMENT_3D('',#8912,#6850,#6851);
#6131=AXIS2_PLACEMENT_3D('',#8916,#6854,#6855);
#6132=AXIS2_PLACEMENT_3D('',#8917,#6856,#6857);
#6133=AXIS2_PLACEMENT_3D('',#8921,#6859,#6860);
#6134=AXIS2_PLACEMENT_3D('',#8923,#6862,#6863);
#6135=AXIS2_PLACEMENT_3D('',#8931,#6868,#6869);
#6136=AXIS2_PLACEMENT_3D('',#8939,#6874,#6875);
#6137=AXIS2_PLACEMENT_3D('',#8941,#6876,#6877);
#6138=AXIS2_PLACEMENT_3D('',#8942,#6878,#6879);
#6139=AXIS2_PLACEMENT_3D('',#8943,#6880,#6881);
#6140=AXIS2_PLACEMENT_3D('',#8944,#6882,#6883);
#6141=AXIS2_PLACEMENT_3D('',#8945,#6884,#6885);
#6142=AXIS2_PLACEMENT_3D('',#8947,#6886,#6887);
#6143=AXIS2_PLACEMENT_3D('',#8950,#6889,#6890);
#6144=AXIS2_PLACEMENT_3D('',#8951,#6891,#6892);
#6145=AXIS2_PLACEMENT_3D('',#8953,#6894,#6895);
#6146=AXIS2_PLACEMENT_3D('',#8958,#6897,#6898);
#6147=AXIS2_PLACEMENT_3D('',#8962,#6900,#6901);
#6148=AXIS2_PLACEMENT_3D('',#8965,#6903,#6904);
#6149=AXIS2_PLACEMENT_3D('',#8967,#6905,#6906);
#6150=AXIS2_PLACEMENT_3D('',#8972,#6908,#6909);
#6151=AXIS2_PLACEMENT_3D('',#8976,#6911,#6912);
#6152=AXIS2_PLACEMENT_3D('',#8980,#6914,#6915);
#6153=AXIS2_PLACEMENT_3D('',#8983,#6917,#6918);
#6154=AXIS2_PLACEMENT_3D('',#8984,#6919,#6920);
#6155=AXIS2_PLACEMENT_3D('',#8989,#6922,#6923);
#6156=AXIS2_PLACEMENT_3D('',#8992,#6925,#6926);
#6157=AXIS2_PLACEMENT_3D('',#8993,#6927,#6928);
#6158=AXIS2_PLACEMENT_3D('',#8995,#6929,#6930);
#6159=AXIS2_PLACEMENT_3D('',#8998,#6932,#6933);
#6160=AXIS2_PLACEMENT_3D('',#8999,#6934,#6935);
#6161=AXIS2_PLACEMENT_3D('',#9005,#6939,#6940);
#6162=AXIS2_PLACEMENT_3D('',#9009,#6942,#6943);
#6163=AXIS2_PLACEMENT_3D('',#9010,#6944,#6945);
#6164=AXIS2_PLACEMENT_3D('',#9011,#6946,#6947);
#6165=AXIS2_PLACEMENT_3D('',#9017,#6951,#6952);
#6166=AXIS2_PLACEMENT_3D('',#9021,#6954,#6955);
#6167=AXIS2_PLACEMENT_3D('',#9022,#6956,#6957);
#6168=AXIS2_PLACEMENT_3D('',#9023,#6958,#6959);
#6169=AXIS2_PLACEMENT_3D('',#9029,#6963,#6964);
#6170=AXIS2_PLACEMENT_3D('',#9031,#6965,#6966);
#6171=AXIS2_PLACEMENT_3D('',#9034,#6968,#6969);
#6172=AXIS2_PLACEMENT_3D('',#9035,#6970,#6971);
#6173=AXIS2_PLACEMENT_3D('',#9041,#6975,#6976);
#6174=AXIS2_PLACEMENT_3D('',#9043,#6977,#6978);
#6175=AXIS2_PLACEMENT_3D('',#9046,#6980,#6981);
#6176=AXIS2_PLACEMENT_3D('',#9047,#6982,#6983);
#6177=AXIS2_PLACEMENT_3D('',#9053,#6987,#6988);
#6178=AXIS2_PLACEMENT_3D('',#9057,#6990,#6991);
#6179=AXIS2_PLACEMENT_3D('',#9058,#6992,#6993);
#6180=AXIS2_PLACEMENT_3D('',#9059,#6994,#6995);
#6181=AXIS2_PLACEMENT_3D('',#9065,#6999,#7000);
#6182=AXIS2_PLACEMENT_3D('',#9069,#7002,#7003);
#6183=AXIS2_PLACEMENT_3D('',#9070,#7004,#7005);
#6184=AXIS2_PLACEMENT_3D('',#9071,#7006,#7007);
#6185=AXIS2_PLACEMENT_3D('',#9077,#7011,#7012);
#6186=AXIS2_PLACEMENT_3D('',#9078,#7013,#7014);
#6187=AXIS2_PLACEMENT_3D('',#9079,#7015,#7016);
#6188=AXIS2_PLACEMENT_3D('',#9080,#7017,#7018);
#6189=AXIS2_PLACEMENT_3D('',#9097,#7020,#7021);
#6190=AXIS2_PLACEMENT_3D('',#9101,#7023,#7024);
#6191=AXIS2_PLACEMENT_3D('',#9105,#7027,#7028);
#6192=AXIS2_PLACEMENT_3D('',#9113,#7033,#7034);
#6193=AXIS2_PLACEMENT_3D('',#9116,#7036,#7037);
#6194=AXIS2_PLACEMENT_3D('',#9117,#7038,#7039);
#6195=AXIS2_PLACEMENT_3D('',#9121,#7042,#7043);
#6196=AXIS2_PLACEMENT_3D('',#9124,#7045,#7046);
#6197=AXIS2_PLACEMENT_3D('',#9125,#7047,#7048);
#6198=AXIS2_PLACEMENT_3D('',#9133,#7053,#7054);
#6199=AXIS2_PLACEMENT_3D('',#9137,#7056,#7057);
#6200=AXIS2_PLACEMENT_3D('',#9138,#7058,#7059);
#6201=AXIS2_PLACEMENT_3D('',#9139,#7060,#7061);
#6202=AXIS2_PLACEMENT_3D('',#9143,#7063,#7064);
#6203=AXIS2_PLACEMENT_3D('',#9147,#7066,#7067);
#6204=AXIS2_PLACEMENT_3D('',#9150,#7069,#7070);
#6205=AXIS2_PLACEMENT_3D('',#9151,#7071,#7072);
#6206=AXIS2_PLACEMENT_3D('',#9153,#7073,#7074);
#6207=AXIS2_PLACEMENT_3D('',#9155,#7075,#7076);
#6208=AXIS2_PLACEMENT_3D('',#9157,#7077,#7078);
#6209=AXIS2_PLACEMENT_3D('',#9159,#7079,#7080);
#6210=AXIS2_PLACEMENT_3D('',#9161,#7081,#7082);
#6211=AXIS2_PLACEMENT_3D('',#9162,#7083,#7084);
#6212=AXIS2_PLACEMENT_3D('',#9164,#7085,#7086);
#6213=AXIS2_PLACEMENT_3D('',#9167,#7088,#7089);
#6214=AXIS2_PLACEMENT_3D('',#9168,#7090,#7091);
#6215=AXIS2_PLACEMENT_3D('',#9171,#7093,#7094);
#6216=AXIS2_PLACEMENT_3D('',#9172,#7095,#7096);
#6217=AXIS2_PLACEMENT_3D('',#9174,#7097,#7098);
#6218=AXIS2_PLACEMENT_3D('',#9175,#7099,#7100);
#6219=AXIS2_PLACEMENT_3D('',#9177,#7101,#7102);
#6220=AXIS2_PLACEMENT_3D('',#9180,#7104,#7105);
#6221=AXIS2_PLACEMENT_3D('',#9181,#7106,#7107);
#6222=AXIS2_PLACEMENT_3D('',#9184,#7109,#7110);
#6223=AXIS2_PLACEMENT_3D('',#9185,#7111,#7112);
#6224=AXIS2_PLACEMENT_3D('',#9187,#7113,#7114);
#6225=AXIS2_PLACEMENT_3D('',#9188,#7115,#7116);
#6226=AXIS2_PLACEMENT_3D('',#9191,#7117,#7118);
#6227=AXIS2_PLACEMENT_3D('',#9193,#7119,#7120);
#6228=AXIS2_PLACEMENT_3D('',#9195,#7121,#7122);
#6229=AXIS2_PLACEMENT_3D('',#9196,#7123,#7124);
#6230=AXIS2_PLACEMENT_3D('',#9197,#7125,#7126);
#6231=AXIS2_PLACEMENT_3D('',#9200,#7127,#7128);
#6232=AXIS2_PLACEMENT_3D('',#9286,#7131,#7132);
#6233=AXIS2_PLACEMENT_3D('',#9347,#7133,#7134);
#6234=AXIS2_PLACEMENT_3D('',#9445,#7135,#7136);
#6235=AXIS2_PLACEMENT_3D('',#9462,#7139,#7140);
#6236=AXIS2_PLACEMENT_3D('',#9464,#7141,#7142);
#6237=AXIS2_PLACEMENT_3D('',#9465,#7143,#7144);
#6238=AXIS2_PLACEMENT_3D('',#9466,#7145,#7146);
#6239=AXIS2_PLACEMENT_3D('',#9468,#7147,#7148);
#6240=AXIS2_PLACEMENT_3D('',#9476,#7149,#7150);
#6241=AXIS2_PLACEMENT_3D('',#9478,#7151,#7152);
#6242=AXIS2_PLACEMENT_3D('',#9480,#7153,#7154);
#6243=AXIS2_PLACEMENT_3D('',#9481,#7155,#7156);
#6244=AXIS2_PLACEMENT_3D('',#9566,#7157,#7158);
#6245=AXIS2_PLACEMENT_3D('',#9569,#7159,#7160);
#6246=AXIS2_PLACEMENT_3D('',#9614,#7163,#7164);
#6247=AXIS2_PLACEMENT_3D('',#9688,#7165,#7166);
#6248=AXIS2_PLACEMENT_3D('',#9743,#7167,#7168);
#6249=AXIS2_PLACEMENT_3D('',#9817,#7172,#7173);
#6250=AXIS2_PLACEMENT_3D('',#9827,#7174,#7175);
#6251=AXIS2_PLACEMENT_3D('',#9828,#7176,#7177);
#6252=AXIS2_PLACEMENT_3D('',#9881,#7178,#7179);
#6253=AXIS2_PLACEMENT_3D('',#9902,#7180,#7181);
#6254=AXIS2_PLACEMENT_3D('',#9905,#7182,#7183);
#6255=AXIS2_PLACEMENT_3D('',#9906,#7184,#7185);
#6256=AXIS2_PLACEMENT_3D('',#9907,#7186,#7187);
#6257=AXIS2_PLACEMENT_3D('',#9952,#7188,#7189);
#6258=AXIS2_PLACEMENT_3D('',#9989,#7190,#7191);
#6259=AXIS2_PLACEMENT_3D('',#9997,#7192,#7193);
#6260=AXIS2_PLACEMENT_3D('',#10063,#7194,#7195);
#6261=AXIS2_PLACEMENT_3D('',#10064,#7196,#7197);
#6262=AXIS2_PLACEMENT_3D('',#10065,#7198,#7199);
#6263=AXIS2_PLACEMENT_3D('',#10066,#7200,#7201);
#6264=AXIS2_PLACEMENT_3D('',#10067,#7202,#7203);
#6265=AXIS2_PLACEMENT_3D('',#10068,#7204,#7205);
#6266=AXIS2_PLACEMENT_3D('',#10069,#7206,#7207);
#6267=AXIS2_PLACEMENT_3D('',#10070,#7208,#7209);
#6268=AXIS2_PLACEMENT_3D('',#10097,#7210,#7211);
#6269=AXIS2_PLACEMENT_3D('',#10133,#7212,#7213);
#6270=AXIS2_PLACEMENT_3D('',#10161,#7214,#7215);
#6271=AXIS2_PLACEMENT_3D('',#10170,#7216,#7217);
#6272=AXIS2_PLACEMENT_3D('',#10172,#7218,#7219);
#6273=AXIS2_PLACEMENT_3D('',#10174,#7220,#7221);
#6274=AXIS2_PLACEMENT_3D('',#10175,#7222,#7223);
#6275=AXIS2_PLACEMENT_3D('',#10309,#7224,#7225);
#6276=AXIS2_PLACEMENT_3D('',#10311,#7226,#7227);
#6277=AXIS2_PLACEMENT_3D('',#10312,#7228,#7229);
#6278=AXIS2_PLACEMENT_3D('',#10342,#7230,#7231);
#6279=AXIS2_PLACEMENT_3D('',#10350,#7232,#7233);
#6280=AXIS2_PLACEMENT_3D('',#10351,#7234,#7235);
#6281=AXIS2_PLACEMENT_3D('',#10387,#7236,#7237);
#6282=AXIS2_PLACEMENT_3D('',#10388,#7238,#7239);
#6283=AXIS2_PLACEMENT_3D('',#10390,#7241,#7242);
#6284=AXIS2_PLACEMENT_3D('',#10391,#7243,#7244);
#6285=AXIS2_PLACEMENT_3D('',#10394,#7246,#7247);
#6286=AXIS2_PLACEMENT_3D('',#10395,#7248,#7249);
#6287=AXIS2_PLACEMENT_3D('',#10397,#7251,#7252);
#6288=AXIS2_PLACEMENT_3D('',#10398,#7253,#7254);
#6289=AXIS2_PLACEMENT_3D('',#10399,#7255,#7256);
#6290=AXIS2_PLACEMENT_3D('',#10401,#7258,#7259);
#6291=AXIS2_PLACEMENT_3D('',#10406,#7262,#7263);
#6292=AXIS2_PLACEMENT_3D('',#10408,#7265,#7266);
#6293=AXIS2_PLACEMENT_3D('',#10410,#7268,#7269);
#6294=AXIS2_PLACEMENT_3D('',#10412,#7270,#7271);
#6295=AXIS2_PLACEMENT_3D('',#10414,#7273,#7274);
#6296=AXIS2_PLACEMENT_3D('',#10416,#7275,#7276);
#6297=AXIS2_PLACEMENT_3D('',#10418,#7278,#7279);
#6298=AXIS2_PLACEMENT_3D('',#10420,#7280,#7281);
#6299=AXIS2_PLACEMENT_3D('',#10422,#7283,#7284);
#6300=AXIS2_PLACEMENT_3D('',#10424,#7285,#7286);
#6301=AXIS2_PLACEMENT_3D('',#10426,#7288,#7289);
#6302=AXIS2_PLACEMENT_3D('',#10428,#7291,#7292);
#6303=AXIS2_PLACEMENT_3D('',#10430,#7293,#7294);
#6304=AXIS2_PLACEMENT_3D('',#10431,#7295,#7296);
#6305=AXIS2_PLACEMENT_3D('',#10432,#7297,#7298);
#6306=AXIS2_PLACEMENT_3D('',#10434,#7300,#7301);
#6307=AXIS2_PLACEMENT_3D('',#10436,#7303,#7304);
#6308=AXIS2_PLACEMENT_3D('',#10437,#7305,#7306);
#6309=AXIS2_PLACEMENT_3D('',#10439,#7307,#7308);
#6310=AXIS2_PLACEMENT_3D('',#10442,#7310,#7311);
#6311=AXIS2_PLACEMENT_3D('',#10443,#7312,#7313);
#6312=AXIS2_PLACEMENT_3D('',#10448,#7315,#7316);
#6313=AXIS2_PLACEMENT_3D('',#10451,#7318,#7319);
#6314=AXIS2_PLACEMENT_3D('',#10453,#7320,#7321);
#6315=AXIS2_PLACEMENT_3D('',#10458,#7323,#7324);
#6316=AXIS2_PLACEMENT_3D('',#10462,#7326,#7327);
#6317=AXIS2_PLACEMENT_3D('',#10466,#7329,#7330);
#6318=AXIS2_PLACEMENT_3D('',#10469,#7332,#7333);
#6319=AXIS2_PLACEMENT_3D('',#10470,#7334,#7335);
#6320=AXIS2_PLACEMENT_3D('',#10472,#7337,#7338);
#6321=AXIS2_PLACEMENT_3D('',#10475,#7340,#7341);
#6322=AXIS2_PLACEMENT_3D('',#10476,#7342,#7343);
#6323=AXIS2_PLACEMENT_3D('',#10478,#7345,#7346);
#6324=AXIS2_PLACEMENT_3D('',#10484,#7350,#7351);
#6325=AXIS2_PLACEMENT_3D('',#10487,#7353,#7354);
#6326=AXIS2_PLACEMENT_3D('',#10488,#7355,#7356);
#6327=AXIS2_PLACEMENT_3D('',#10491,#7358,#7359);
#6328=AXIS2_PLACEMENT_3D('',#10492,#7360,#7361);
#6329=AXIS2_PLACEMENT_3D('',#10496,#7364,#7365);
#6330=AXIS2_PLACEMENT_3D('',#10500,#7368,#7369);
#6331=AXIS2_PLACEMENT_3D('',#10501,#7370,#7371);
#6332=AXIS2_PLACEMENT_3D('',#10502,#7372,#7373);
#6333=AXIS2_PLACEMENT_3D('',#10505,#7376,#7377);
#6334=AXIS2_PLACEMENT_3D('',#10507,#7379,#7380);
#6335=AXIS2_PLACEMENT_3D('',#10509,#7382,#7383);
#6336=AXIS2_PLACEMENT_3D('',#10511,#7384,#7385);
#6337=AXIS2_PLACEMENT_3D('',#10513,#7387,#7388);
#6338=AXIS2_PLACEMENT_3D('',#10518,#7390,#7391);
#6339=AXIS2_PLACEMENT_3D('',#10522,#7393,#7394);
#6340=AXIS2_PLACEMENT_3D('',#10525,#7396,#7397);
#6341=AXIS2_PLACEMENT_3D('',#10529,#7401,#7402);
#6342=AXIS2_PLACEMENT_3D('',#10531,#7404,#7405);
#6343=AXIS2_PLACEMENT_3D('',#10534,#7408,#7409);
#6344=AXIS2_PLACEMENT_3D('',#10536,#7411,#7412);
#6345=AXIS2_PLACEMENT_3D('',#10538,#7414,#7415);
#6346=AXIS2_PLACEMENT_3D('',#10540,#7417,#7418);
#6347=AXIS2_PLACEMENT_3D('',#10543,#7421,#7422);
#6348=AXIS2_PLACEMENT_3D('',#10545,#7424,#7425);
#6349=AXIS2_PLACEMENT_3D('',#10546,#7426,#7427);
#6350=AXIS2_PLACEMENT_3D('',#10548,#7429,#7430);
#6351=AXIS2_PLACEMENT_3D('',#10550,#7432,#7433);
#6352=AXIS2_PLACEMENT_3D('',#10552,#7435,#7436);
#6353=AXIS2_PLACEMENT_3D('',#10553,#7437,#7438);
#6354=AXIS2_PLACEMENT_3D('',#10554,#7439,#7440);
#6355=AXIS2_PLACEMENT_3D('',#10556,#7442,#7443);
#6356=AXIS2_PLACEMENT_3D('',#10558,#7445,#7446);
#6357=AXIS2_PLACEMENT_3D('',#10570,#7447,#7448);
#6358=AXIS2_PLACEMENT_3D('',#10572,#7449,#7450);
#6359=AXIS2_PLACEMENT_3D('',#10574,#7451,#7452);
#6360=AXIS2_PLACEMENT_3D('',#10575,#7453,#7454);
#6361=AXIS2_PLACEMENT_3D('',#10576,#7455,#7456);
#6362=AXIS2_PLACEMENT_3D('',#10579,#7457,#7458);
#6363=AXIS2_PLACEMENT_3D('',#10593,#7461,#7462);
#6364=AXIS2_PLACEMENT_3D('',#10594,#7463,#7464);
#6365=AXIS2_PLACEMENT_3D('',#10595,#7465,#7466);
#6366=AXIS2_PLACEMENT_3D('',#10596,#7467,#7468);
#6367=AXIS2_PLACEMENT_3D('',#10599,#7469,#7470);
#6368=AXIS2_PLACEMENT_3D('',#10613,#7473,#7474);
#6369=AXIS2_PLACEMENT_3D('',#10614,#7475,#7476);
#6370=AXIS2_PLACEMENT_3D('',#10615,#7477,#7478);
#6371=AXIS2_PLACEMENT_3D('',#10616,#7479,#7480);
#6372=AXIS2_PLACEMENT_3D('',#10619,#7481,#7482);
#6373=AXIS2_PLACEMENT_3D('',#10633,#7485,#7486);
#6374=AXIS2_PLACEMENT_3D('',#10634,#7487,#7488);
#6375=AXIS2_PLACEMENT_3D('',#10635,#7489,#7490);
#6376=AXIS2_PLACEMENT_3D('',#10636,#7491,#7492);
#6377=AXIS2_PLACEMENT_3D('',#10639,#7495,#7496);
#6378=AXIS2_PLACEMENT_3D('',#10642,#7499,#7500);
#6379=AXIS2_PLACEMENT_3D('',#10644,#7502,#7503);
#6380=AXIS2_PLACEMENT_3D('',#10646,#7505,#7506);
#6381=AXIS2_PLACEMENT_3D('',#10648,#7508,#7509);
#6382=AXIS2_PLACEMENT_3D('',#10649,#7510,#7511);
#6383=AXIS2_PLACEMENT_3D('',#10652,#7512,#7513);
#6384=AXIS2_PLACEMENT_3D('',#10656,#7515,#7516);
#6385=AXIS2_PLACEMENT_3D('',#10669,#7518,#7519);
#6386=AXIS2_PLACEMENT_3D('',#10670,#7520,#7521);
#6387=AXIS2_PLACEMENT_3D('',#10671,#7522,#7523);
#6388=AXIS2_PLACEMENT_3D('',#10672,#7524,#7525);
#6389=AXIS2_PLACEMENT_3D('',#10675,#7526,#7527);
#6390=AXIS2_PLACEMENT_3D('',#10689,#7530,#7531);
#6391=AXIS2_PLACEMENT_3D('',#10690,#7532,#7533);
#6392=AXIS2_PLACEMENT_3D('',#10691,#7534,#7535);
#6393=AXIS2_PLACEMENT_3D('',#10692,#7536,#7537);
#6394=AXIS2_PLACEMENT_3D('',#10695,#7538,#7539);
#6395=AXIS2_PLACEMENT_3D('',#10709,#7542,#7543);
#6396=AXIS2_PLACEMENT_3D('',#10710,#7544,#7545);
#6397=AXIS2_PLACEMENT_3D('',#10711,#7546,#7547);
#6398=AXIS2_PLACEMENT_3D('',#10712,#7548,#7549);
#6399=AXIS2_PLACEMENT_3D('',#10715,#7550,#7551);
#6400=AXIS2_PLACEMENT_3D('',#10727,#7554,#7555);
#6401=AXIS2_PLACEMENT_3D('',#10728,#7556,#7557);
#6402=AXIS2_PLACEMENT_3D('',#10729,#7558,#7559);
#6403=AXIS2_PLACEMENT_3D('',#10732,#7562,#7563);
#6404=AXIS2_PLACEMENT_3D('',#10734,#7565,#7566);
#6405=AXIS2_PLACEMENT_3D('',#10736,#7568,#7569);
#6406=AXIS2_PLACEMENT_3D('',#10738,#7571,#7572);
#6407=AXIS2_PLACEMENT_3D('',#10739,#7573,#7574);
#6408=AXIS2_PLACEMENT_3D('',#10741,#7576,#7577);
#6409=AXIS2_PLACEMENT_3D('',#10742,#7578,#7579);
#6410=AXIS2_PLACEMENT_3D('',#10743,#7580,#7581);
#6411=AXIS2_PLACEMENT_3D('',#10745,#7583,#7584);
#6412=AXIS2_PLACEMENT_3D('',#10747,#7586,#7587);
#6413=AXIS2_PLACEMENT_3D('',#10749,#7589,#7590);
#6414=AXIS2_PLACEMENT_3D('',#10751,#7592,#7593);
#6415=AXIS2_PLACEMENT_3D('',#10753,#7595,#7596);
#6416=AXIS2_PLACEMENT_3D('',#10755,#7598,#7599);
#6417=AXIS2_PLACEMENT_3D('',#10756,#7600,#7601);
#6418=AXIS2_PLACEMENT_3D('',#10757,#7602,#7603);
#6419=AXIS2_PLACEMENT_3D('',#10758,#7604,#7605);
#6420=AXIS2_PLACEMENT_3D('',#10759,#7606,#7607);
#6421=AXIS2_PLACEMENT_3D('',#10760,#7608,#7609);
#6422=AXIS2_PLACEMENT_3D('',#10894,#7613,#7614);
#6423=AXIS2_PLACEMENT_3D('',#11079,#7619,#7620);
#6424=AXIS2_PLACEMENT_3D('',#11091,#7621,#7622);
#6425=AXIS2_PLACEMENT_3D('',#11093,#7623,#7624);
#6426=AXIS2_PLACEMENT_3D('',#11095,#7625,#7626);
#6427=AXIS2_PLACEMENT_3D('',#11096,#7627,#7628);
#6428=AXIS2_PLACEMENT_3D('',#11097,#7629,#7630);
#6429=AXIS2_PLACEMENT_3D('',#11100,#7631,#7632);
#6430=AXIS2_PLACEMENT_3D('',#11114,#7635,#7636);
#6431=AXIS2_PLACEMENT_3D('',#11115,#7637,#7638);
#6432=AXIS2_PLACEMENT_3D('',#11116,#7639,#7640);
#6433=AXIS2_PLACEMENT_3D('',#11117,#7641,#7642);
#6434=AXIS2_PLACEMENT_3D('',#11123,#7646,#7647);
#6435=AXIS2_PLACEMENT_3D('',#11125,#7648,#7649);
#6436=AXIS2_PLACEMENT_3D('',#11127,#7651,#7652);
#6437=AXIS2_PLACEMENT_3D('',#11131,#7654,#7655);
#6438=AXIS2_PLACEMENT_3D('',#11144,#7657,#7658);
#6439=AXIS2_PLACEMENT_3D('',#11145,#7659,#7660);
#6440=AXIS2_PLACEMENT_3D('',#11146,#7661,#7662);
#6441=AXIS2_PLACEMENT_3D('',#11147,#7663,#7664);
#6442=AXIS2_PLACEMENT_3D('',#11150,#7665,#7666);
#6443=AXIS2_PLACEMENT_3D('',#11164,#7669,#7670);
#6444=AXIS2_PLACEMENT_3D('',#11165,#7671,#7672);
#6445=AXIS2_PLACEMENT_3D('',#11166,#7673,#7674);
#6446=AXIS2_PLACEMENT_3D('',#11167,#7675,#7676);
#6447=AXIS2_PLACEMENT_3D('',#11169,#7678,#7679);
#6448=AXIS2_PLACEMENT_3D('',#11172,#7681,#7682);
#6449=AXIS2_PLACEMENT_3D('',#11173,#7683,#7684);
#6450=AXIS2_PLACEMENT_3D('',#11177,#7686,#7687);
#6451=AXIS2_PLACEMENT_3D('',#11179,#7689,#7690);
#6452=AXIS2_PLACEMENT_3D('',#11183,#7692,#7693);
#6453=AXIS2_PLACEMENT_3D('',#11185,#7695,#7696);
#6454=AXIS2_PLACEMENT_3D('',#11194,#7701,#7702);
#6455=AXIS2_PLACEMENT_3D('',#11203,#7707,#7708);
#6456=AXIS2_PLACEMENT_3D('',#11207,#7711,#7712);
#6457=AXIS2_PLACEMENT_3D('',#11208,#7713,#7714);
#6458=AXIS2_PLACEMENT_3D('',#11212,#7716,#7717);
#6459=AXIS2_PLACEMENT_3D('',#11214,#7719,#7720);
#6460=AXIS2_PLACEMENT_3D('',#11222,#7725,#7726);
#6461=AXIS2_PLACEMENT_3D('',#11230,#7731,#7732);
#6462=AXIS2_PLACEMENT_3D('',#11232,#7733,#7734);
#6463=AXIS2_PLACEMENT_3D('',#11233,#7735,#7736);
#6464=AXIS2_PLACEMENT_3D('',#11234,#7737,#7738);
#6465=AXIS2_PLACEMENT_3D('',#11235,#7739,#7740);
#6466=AXIS2_PLACEMENT_3D('',#11236,#7741,#7742);
#6467=AXIS2_PLACEMENT_3D('',#11238,#7743,#7744);
#6468=AXIS2_PLACEMENT_3D('',#11241,#7746,#7747);
#6469=AXIS2_PLACEMENT_3D('',#11242,#7748,#7749);
#6470=AXIS2_PLACEMENT_3D('',#11244,#7751,#7752);
#6471=AXIS2_PLACEMENT_3D('',#11249,#7754,#7755);
#6472=AXIS2_PLACEMENT_3D('',#11253,#7757,#7758);
#6473=AXIS2_PLACEMENT_3D('',#11256,#7760,#7761);
#6474=AXIS2_PLACEMENT_3D('',#11258,#7762,#7763);
#6475=AXIS2_PLACEMENT_3D('',#11263,#7765,#7766);
#6476=AXIS2_PLACEMENT_3D('',#11267,#7768,#7769);
#6477=AXIS2_PLACEMENT_3D('',#11271,#7771,#7772);
#6478=AXIS2_PLACEMENT_3D('',#11274,#7774,#7775);
#6479=AXIS2_PLACEMENT_3D('',#11275,#7776,#7777);
#6480=AXIS2_PLACEMENT_3D('',#11280,#7779,#7780);
#6481=AXIS2_PLACEMENT_3D('',#11283,#7782,#7783);
#6482=AXIS2_PLACEMENT_3D('',#11284,#7784,#7785);
#6483=AXIS2_PLACEMENT_3D('',#11286,#7786,#7787);
#6484=AXIS2_PLACEMENT_3D('',#11289,#7789,#7790);
#6485=AXIS2_PLACEMENT_3D('',#11290,#7791,#7792);
#6486=AXIS2_PLACEMENT_3D('',#11296,#7796,#7797);
#6487=AXIS2_PLACEMENT_3D('',#11300,#7799,#7800);
#6488=AXIS2_PLACEMENT_3D('',#11301,#7801,#7802);
#6489=AXIS2_PLACEMENT_3D('',#11302,#7803,#7804);
#6490=AXIS2_PLACEMENT_3D('',#11308,#7808,#7809);
#6491=AXIS2_PLACEMENT_3D('',#11312,#7811,#7812);
#6492=AXIS2_PLACEMENT_3D('',#11313,#7813,#7814);
#6493=AXIS2_PLACEMENT_3D('',#11314,#7815,#7816);
#6494=AXIS2_PLACEMENT_3D('',#11320,#7820,#7821);
#6495=AXIS2_PLACEMENT_3D('',#11322,#7822,#7823);
#6496=AXIS2_PLACEMENT_3D('',#11325,#7825,#7826);
#6497=AXIS2_PLACEMENT_3D('',#11326,#7827,#7828);
#6498=AXIS2_PLACEMENT_3D('',#11332,#7832,#7833);
#6499=AXIS2_PLACEMENT_3D('',#11334,#7834,#7835);
#6500=AXIS2_PLACEMENT_3D('',#11337,#7837,#7838);
#6501=AXIS2_PLACEMENT_3D('',#11338,#7839,#7840);
#6502=AXIS2_PLACEMENT_3D('',#11344,#7844,#7845);
#6503=AXIS2_PLACEMENT_3D('',#11348,#7847,#7848);
#6504=AXIS2_PLACEMENT_3D('',#11349,#7849,#7850);
#6505=AXIS2_PLACEMENT_3D('',#11350,#7851,#7852);
#6506=AXIS2_PLACEMENT_3D('',#11356,#7856,#7857);
#6507=AXIS2_PLACEMENT_3D('',#11360,#7859,#7860);
#6508=AXIS2_PLACEMENT_3D('',#11361,#7861,#7862);
#6509=AXIS2_PLACEMENT_3D('',#11362,#7863,#7864);
#6510=AXIS2_PLACEMENT_3D('',#11368,#7868,#7869);
#6511=AXIS2_PLACEMENT_3D('',#11369,#7870,#7871);
#6512=AXIS2_PLACEMENT_3D('',#11370,#7872,#7873);
#6513=AXIS2_PLACEMENT_3D('',#11371,#7874,#7875);
#6514=AXIS2_PLACEMENT_3D('',#11377,#7878,#7879);
#6515=AXIS2_PLACEMENT_3D('',#11381,#7881,#7882);
#6516=AXIS2_PLACEMENT_3D('',#11396,#7884,#7885);
#6517=AXIS2_PLACEMENT_3D('',#11404,#7890,#7891);
#6518=AXIS2_PLACEMENT_3D('',#11406,#7892,#7893);
#6519=AXIS2_PLACEMENT_3D('',#11408,#7895,#7896);
#6520=AXIS2_PLACEMENT_3D('',#11412,#7899,#7900);
#6521=AXIS2_PLACEMENT_3D('',#11414,#7901,#7902);
#6522=AXIS2_PLACEMENT_3D('',#11416,#7904,#7905);
#6523=AXIS2_PLACEMENT_3D('',#11424,#7910,#7911);
#6524=AXIS2_PLACEMENT_3D('',#11426,#7912,#7913);
#6525=AXIS2_PLACEMENT_3D('',#11428,#7914,#7915);
#6526=AXIS2_PLACEMENT_3D('',#11430,#7917,#7918);
#6527=AXIS2_PLACEMENT_3D('',#11432,#7919,#7920);
#6528=AXIS2_PLACEMENT_3D('',#11436,#7922,#7923);
#6529=AXIS2_PLACEMENT_3D('',#11440,#7925,#7926);
#6530=AXIS2_PLACEMENT_3D('',#11442,#7928,#7929);
#6531=AXIS2_PLACEMENT_3D('',#11444,#7930,#7931);
#6532=AXIS2_PLACEMENT_3D('',#11446,#7932,#7933);
#6533=AXIS2_PLACEMENT_3D('',#11448,#7934,#7935);
#6534=AXIS2_PLACEMENT_3D('',#11450,#7936,#7937);
#6535=AXIS2_PLACEMENT_3D('',#11452,#7938,#7939);
#6536=AXIS2_PLACEMENT_3D('',#11453,#7940,#7941);
#6537=AXIS2_PLACEMENT_3D('',#11455,#7942,#7943);
#6538=AXIS2_PLACEMENT_3D('',#11458,#7945,#7946);
#6539=AXIS2_PLACEMENT_3D('',#11459,#7947,#7948);
#6540=AXIS2_PLACEMENT_3D('',#11462,#7950,#7951);
#6541=AXIS2_PLACEMENT_3D('',#11463,#7952,#7953);
#6542=AXIS2_PLACEMENT_3D('',#11465,#7954,#7955);
#6543=AXIS2_PLACEMENT_3D('',#11466,#7956,#7957);
#6544=AXIS2_PLACEMENT_3D('',#11468,#7958,#7959);
#6545=AXIS2_PLACEMENT_3D('',#11471,#7961,#7962);
#6546=AXIS2_PLACEMENT_3D('',#11472,#7963,#7964);
#6547=AXIS2_PLACEMENT_3D('',#11475,#7966,#7967);
#6548=AXIS2_PLACEMENT_3D('',#11476,#7968,#7969);
#6549=AXIS2_PLACEMENT_3D('',#11478,#7970,#7971);
#6550=AXIS2_PLACEMENT_3D('',#11479,#7972,#7973);
#6551=AXIS2_PLACEMENT_3D('',#11482,#7974,#7975);
#6552=AXIS2_PLACEMENT_3D('',#11484,#7976,#7977);
#6553=AXIS2_PLACEMENT_3D('',#11486,#7978,#7979);
#6554=AXIS2_PLACEMENT_3D('',#11487,#7980,#7981);
#6555=AXIS2_PLACEMENT_3D('',#11488,#7982,#7983);
#6556=AXIS2_PLACEMENT_3D('',#11491,#7984,#7985);
#6557=AXIS2_PLACEMENT_3D('',#11577,#7988,#7989);
#6558=AXIS2_PLACEMENT_3D('',#11638,#7990,#7991);
#6559=AXIS2_PLACEMENT_3D('',#11736,#7992,#7993);
#6560=AXIS2_PLACEMENT_3D('',#11753,#7996,#7997);
#6561=AXIS2_PLACEMENT_3D('',#11755,#7998,#7999);
#6562=AXIS2_PLACEMENT_3D('',#11756,#8000,#8001);
#6563=AXIS2_PLACEMENT_3D('',#11757,#8002,#8003);
#6564=AXIS2_PLACEMENT_3D('',#11766,#8004,#8005);
#6565=AXIS2_PLACEMENT_3D('',#11767,#8006,#8007);
#6566=AXIS2_PLACEMENT_3D('',#11769,#8008,#8009);
#6567=AXIS2_PLACEMENT_3D('',#11771,#8010,#8011);
#6568=AXIS2_PLACEMENT_3D('',#11772,#8012,#8013);
#6569=AXIS2_PLACEMENT_3D('',#11857,#8014,#8015);
#6570=AXIS2_PLACEMENT_3D('',#11860,#8016,#8017);
#6571=AXIS2_PLACEMENT_3D('',#11905,#8020,#8021);
#6572=AXIS2_PLACEMENT_3D('',#11979,#8022,#8023);
#6573=AXIS2_PLACEMENT_3D('',#12034,#8024,#8025);
#6574=AXIS2_PLACEMENT_3D('',#12109,#8029,#8030);
#6575=AXIS2_PLACEMENT_3D('',#12118,#8031,#8032);
#6576=AXIS2_PLACEMENT_3D('',#12119,#8033,#8034);
#6577=AXIS2_PLACEMENT_3D('',#12172,#8035,#8036);
#6578=AXIS2_PLACEMENT_3D('',#12193,#8037,#8038);
#6579=AXIS2_PLACEMENT_3D('',#12196,#8039,#8040);
#6580=AXIS2_PLACEMENT_3D('',#12197,#8041,#8042);
#6581=AXIS2_PLACEMENT_3D('',#12198,#8043,#8044);
#6582=AXIS2_PLACEMENT_3D('',#12243,#8045,#8046);
#6583=AXIS2_PLACEMENT_3D('',#12280,#8047,#8048);
#6584=AXIS2_PLACEMENT_3D('',#12288,#8049,#8050);
#6585=AXIS2_PLACEMENT_3D('',#12354,#8051,#8052);
#6586=AXIS2_PLACEMENT_3D('',#12355,#8053,#8054);
#6587=AXIS2_PLACEMENT_3D('',#12356,#8055,#8056);
#6588=AXIS2_PLACEMENT_3D('',#12357,#8057,#8058);
#6589=AXIS2_PLACEMENT_3D('',#12358,#8059,#8060);
#6590=AXIS2_PLACEMENT_3D('',#12359,#8061,#8062);
#6591=AXIS2_PLACEMENT_3D('',#12360,#8063,#8064);
#6592=AXIS2_PLACEMENT_3D('',#12361,#8065,#8066);
#6593=AXIS2_PLACEMENT_3D('',#12388,#8067,#8068);
#6594=AXIS2_PLACEMENT_3D('',#12424,#8069,#8070);
#6595=AXIS2_PLACEMENT_3D('',#12452,#8071,#8072);
#6596=AXIS2_PLACEMENT_3D('',#12461,#8073,#8074);
#6597=AXIS2_PLACEMENT_3D('',#12463,#8075,#8076);
#6598=AXIS2_PLACEMENT_3D('',#12465,#8077,#8078);
#6599=AXIS2_PLACEMENT_3D('',#12466,#8079,#8080);
#6600=AXIS2_PLACEMENT_3D('',#12600,#8081,#8082);
#6601=AXIS2_PLACEMENT_3D('',#12602,#8083,#8084);
#6602=AXIS2_PLACEMENT_3D('',#12603,#8085,#8086);
#6603=AXIS2_PLACEMENT_3D('',#12632,#8087,#8088);
#6604=AXIS2_PLACEMENT_3D('',#12641,#8089,#8090);
#6605=AXIS2_PLACEMENT_3D('',#12642,#8091,#8092);
#6606=AXIS2_PLACEMENT_3D('',#12678,#8093,#8094);
#6607=AXIS2_PLACEMENT_3D('',#12679,#8095,#8096);
#6608=AXIS2_PLACEMENT_3D('',#12681,#8098,#8099);
#6609=AXIS2_PLACEMENT_3D('',#12682,#8100,#8101);
#6610=AXIS2_PLACEMENT_3D('',#12685,#8103,#8104);
#6611=AXIS2_PLACEMENT_3D('',#12686,#8105,#8106);
#6612=AXIS2_PLACEMENT_3D('',#12688,#8108,#8109);
#6613=AXIS2_PLACEMENT_3D('',#12689,#8110,#8111);
#6614=AXIS2_PLACEMENT_3D('',#12690,#8112,#8113);
#6615=AXIS2_PLACEMENT_3D('',#12692,#8115,#8116);
#6616=AXIS2_PLACEMENT_3D('',#12695,#8118,#8119);
#6617=AXIS2_PLACEMENT_3D('',#12699,#8122,#8123);
#6618=AXIS2_PLACEMENT_3D('',#12701,#8125,#8126);
#6619=AXIS2_PLACEMENT_3D('',#12703,#8127,#8128);
#6620=AXIS2_PLACEMENT_3D('',#12705,#8130,#8131);
#6621=AXIS2_PLACEMENT_3D('',#12707,#8132,#8133);
#6622=AXIS2_PLACEMENT_3D('',#12709,#8135,#8136);
#6623=AXIS2_PLACEMENT_3D('',#12711,#8137,#8138);
#6624=AXIS2_PLACEMENT_3D('',#12713,#8140,#8141);
#6625=AXIS2_PLACEMENT_3D('',#12715,#8142,#8143);
#6626=AXIS2_PLACEMENT_3D('',#12717,#8145,#8146);
#6627=AXIS2_PLACEMENT_3D('',#12719,#8148,#8149);
#6628=AXIS2_PLACEMENT_3D('',#12721,#8150,#8151);
#6629=AXIS2_PLACEMENT_3D('',#12722,#8152,#8153);
#6630=AXIS2_PLACEMENT_3D('',#12723,#8154,#8155);
#6631=AXIS2_PLACEMENT_3D('',#12725,#8157,#8158);
#6632=AXIS2_PLACEMENT_3D('',#12727,#8160,#8161);
#6633=AXIS2_PLACEMENT_3D('',#12728,#8162,#8163);
#6634=AXIS2_PLACEMENT_3D('',#12730,#8164,#8165);
#6635=AXIS2_PLACEMENT_3D('',#12733,#8167,#8168);
#6636=AXIS2_PLACEMENT_3D('',#12734,#8169,#8170);
#6637=AXIS2_PLACEMENT_3D('',#12739,#8172,#8173);
#6638=AXIS2_PLACEMENT_3D('',#12742,#8175,#8176);
#6639=AXIS2_PLACEMENT_3D('',#12744,#8177,#8178);
#6640=AXIS2_PLACEMENT_3D('',#12749,#8180,#8181);
#6641=AXIS2_PLACEMENT_3D('',#12753,#8183,#8184);
#6642=AXIS2_PLACEMENT_3D('',#12757,#8186,#8187);
#6643=AXIS2_PLACEMENT_3D('',#12760,#8189,#8190);
#6644=AXIS2_PLACEMENT_3D('',#12761,#8191,#8192);
#6645=AXIS2_PLACEMENT_3D('',#12763,#8194,#8195);
#6646=AXIS2_PLACEMENT_3D('',#12766,#8197,#8198);
#6647=AXIS2_PLACEMENT_3D('',#12767,#8199,#8200);
#6648=AXIS2_PLACEMENT_3D('',#12769,#8202,#8203);
#6649=AXIS2_PLACEMENT_3D('',#12775,#8207,#8208);
#6650=AXIS2_PLACEMENT_3D('',#12778,#8210,#8211);
#6651=AXIS2_PLACEMENT_3D('',#12779,#8212,#8213);
#6652=AXIS2_PLACEMENT_3D('',#12782,#8215,#8216);
#6653=AXIS2_PLACEMENT_3D('',#12783,#8217,#8218);
#6654=AXIS2_PLACEMENT_3D('',#12787,#8221,#8222);
#6655=AXIS2_PLACEMENT_3D('',#12791,#8225,#8226);
#6656=AXIS2_PLACEMENT_3D('',#12792,#8227,#8228);
#6657=AXIS2_PLACEMENT_3D('',#12793,#8229,#8230);
#6658=AXIS2_PLACEMENT_3D('',#12796,#8233,#8234);
#6659=AXIS2_PLACEMENT_3D('',#12798,#8236,#8237);
#6660=AXIS2_PLACEMENT_3D('',#12800,#8239,#8240);
#6661=AXIS2_PLACEMENT_3D('',#12802,#8241,#8242);
#6662=AXIS2_PLACEMENT_3D('',#12804,#8244,#8245);
#6663=AXIS2_PLACEMENT_3D('',#12809,#8247,#8248);
#6664=AXIS2_PLACEMENT_3D('',#12813,#8250,#8251);
#6665=AXIS2_PLACEMENT_3D('',#12816,#8253,#8254);
#6666=AXIS2_PLACEMENT_3D('',#12820,#8258,#8259);
#6667=AXIS2_PLACEMENT_3D('',#12822,#8261,#8262);
#6668=AXIS2_PLACEMENT_3D('',#12825,#8265,#8266);
#6669=AXIS2_PLACEMENT_3D('',#12827,#8268,#8269);
#6670=AXIS2_PLACEMENT_3D('',#12829,#8271,#8272);
#6671=AXIS2_PLACEMENT_3D('',#12831,#8274,#8275);
#6672=AXIS2_PLACEMENT_3D('',#12834,#8278,#8279);
#6673=AXIS2_PLACEMENT_3D('',#12836,#8281,#8282);
#6674=AXIS2_PLACEMENT_3D('',#12837,#8283,#8284);
#6675=AXIS2_PLACEMENT_3D('',#12839,#8286,#8287);
#6676=AXIS2_PLACEMENT_3D('',#12841,#8289,#8290);
#6677=AXIS2_PLACEMENT_3D('',#12843,#8292,#8293);
#6678=AXIS2_PLACEMENT_3D('',#12844,#8294,#8295);
#6679=AXIS2_PLACEMENT_3D('',#12845,#8296,#8297);
#6680=AXIS2_PLACEMENT_3D('',#12847,#8299,#8300);
#6681=AXIS2_PLACEMENT_3D('',#12849,#8302,#8303);
#6682=AXIS2_PLACEMENT_3D('',#12861,#8304,#8305);
#6683=AXIS2_PLACEMENT_3D('',#12863,#8306,#8307);
#6684=AXIS2_PLACEMENT_3D('',#12865,#8308,#8309);
#6685=AXIS2_PLACEMENT_3D('',#12866,#8310,#8311);
#6686=AXIS2_PLACEMENT_3D('',#12867,#8312,#8313);
#6687=AXIS2_PLACEMENT_3D('',#12870,#8314,#8315);
#6688=AXIS2_PLACEMENT_3D('',#12884,#8318,#8319);
#6689=AXIS2_PLACEMENT_3D('',#12885,#8320,#8321);
#6690=AXIS2_PLACEMENT_3D('',#12886,#8322,#8323);
#6691=AXIS2_PLACEMENT_3D('',#12887,#8324,#8325);
#6692=AXIS2_PLACEMENT_3D('',#12890,#8326,#8327);
#6693=AXIS2_PLACEMENT_3D('',#12904,#8330,#8331);
#6694=AXIS2_PLACEMENT_3D('',#12905,#8332,#8333);
#6695=AXIS2_PLACEMENT_3D('',#12906,#8334,#8335);
#6696=AXIS2_PLACEMENT_3D('',#12907,#8336,#8337);
#6697=AXIS2_PLACEMENT_3D('',#12910,#8338,#8339);
#6698=AXIS2_PLACEMENT_3D('',#12924,#8342,#8343);
#6699=AXIS2_PLACEMENT_3D('',#12925,#8344,#8345);
#6700=AXIS2_PLACEMENT_3D('',#12926,#8346,#8347);
#6701=AXIS2_PLACEMENT_3D('',#12927,#8348,#8349);
#6702=AXIS2_PLACEMENT_3D('',#12930,#8352,#8353);
#6703=AXIS2_PLACEMENT_3D('',#12933,#8356,#8357);
#6704=AXIS2_PLACEMENT_3D('',#12935,#8359,#8360);
#6705=AXIS2_PLACEMENT_3D('',#12937,#8362,#8363);
#6706=AXIS2_PLACEMENT_3D('',#12939,#8365,#8366);
#6707=AXIS2_PLACEMENT_3D('',#12940,#8367,#8368);
#6708=AXIS2_PLACEMENT_3D('',#12943,#8369,#8370);
#6709=AXIS2_PLACEMENT_3D('',#12947,#8372,#8373);
#6710=AXIS2_PLACEMENT_3D('',#12960,#8375,#8376);
#6711=AXIS2_PLACEMENT_3D('',#12961,#8377,#8378);
#6712=AXIS2_PLACEMENT_3D('',#12962,#8379,#8380);
#6713=AXIS2_PLACEMENT_3D('',#12963,#8381,#8382);
#6714=AXIS2_PLACEMENT_3D('',#12966,#8383,#8384);
#6715=AXIS2_PLACEMENT_3D('',#12980,#8387,#8388);
#6716=AXIS2_PLACEMENT_3D('',#12981,#8389,#8390);
#6717=AXIS2_PLACEMENT_3D('',#12982,#8391,#8392);
#6718=AXIS2_PLACEMENT_3D('',#12983,#8393,#8394);
#6719=AXIS2_PLACEMENT_3D('',#12986,#8395,#8396);
#6720=AXIS2_PLACEMENT_3D('',#13000,#8399,#8400);
#6721=AXIS2_PLACEMENT_3D('',#13001,#8401,#8402);
#6722=AXIS2_PLACEMENT_3D('',#13002,#8403,#8404);
#6723=AXIS2_PLACEMENT_3D('',#13003,#8405,#8406);
#6724=AXIS2_PLACEMENT_3D('',#13006,#8407,#8408);
#6725=AXIS2_PLACEMENT_3D('',#13018,#8411,#8412);
#6726=AXIS2_PLACEMENT_3D('',#13019,#8413,#8414);
#6727=AXIS2_PLACEMENT_3D('',#13020,#8415,#8416);
#6728=AXIS2_PLACEMENT_3D('',#13023,#8419,#8420);
#6729=AXIS2_PLACEMENT_3D('',#13025,#8422,#8423);
#6730=AXIS2_PLACEMENT_3D('',#13027,#8425,#8426);
#6731=AXIS2_PLACEMENT_3D('',#13029,#8428,#8429);
#6732=AXIS2_PLACEMENT_3D('',#13030,#8430,#8431);
#6733=AXIS2_PLACEMENT_3D('',#13032,#8433,#8434);
#6734=AXIS2_PLACEMENT_3D('',#13033,#8435,#8436);
#6735=AXIS2_PLACEMENT_3D('',#13034,#8437,#8438);
#6736=AXIS2_PLACEMENT_3D('',#13036,#8440,#8441);
#6737=AXIS2_PLACEMENT_3D('',#13038,#8443,#8444);
#6738=AXIS2_PLACEMENT_3D('',#13040,#8446,#8447);
#6739=AXIS2_PLACEMENT_3D('',#13042,#8449,#8450);
#6740=AXIS2_PLACEMENT_3D('',#13044,#8452,#8453);
#6741=AXIS2_PLACEMENT_3D('',#13046,#8455,#8456);
#6742=AXIS2_PLACEMENT_3D('',#13047,#8457,#8458);
#6743=AXIS2_PLACEMENT_3D('',#13048,#8459,#8460);
#6744=AXIS2_PLACEMENT_3D('',#13049,#8461,#8462);
#6745=AXIS2_PLACEMENT_3D('',#13050,#8463,#8464);
#6746=AXIS2_PLACEMENT_3D('',#13051,#8465,#8466);
#6747=DIRECTION('axis',(0.,0.,1.));
#6748=DIRECTION('refdir',(1.,0.,0.));
#6749=DIRECTION('axis',(0.,0.,1.));
#6750=DIRECTION('refdir',(1.,0.,0.));
#6751=DIRECTION('center_axis',(0.,0.,1.));
#6752=DIRECTION('ref_axis',(1.,0.,0.));
#6753=DIRECTION('',(0.,0.,1.));
#6754=DIRECTION('',(0.,0.,1.));
#6755=DIRECTION('',(0.,0.,1.));
#6756=DIRECTION('center_axis',(0.,0.,1.));
#6757=DIRECTION('ref_axis',(1.,0.,0.));
#6758=DIRECTION('',(0.,0.,1.));
#6759=DIRECTION('',(0.,0.,1.));
#6760=DIRECTION('',(0.,0.,1.));
#6761=DIRECTION('',(0.,0.,1.));
#6762=DIRECTION('center_axis',(0.,0.,1.));
#6763=DIRECTION('ref_axis',(1.,0.,0.));
#6764=DIRECTION('center_axis',(-1.,-3.70074341541721E-15,0.));
#6765=DIRECTION('ref_axis',(0.,0.,1.));
#6766=DIRECTION('center_axis',(0.,0.,1.));
#6767=DIRECTION('ref_axis',(-0.965925826289068,0.258819045102521,0.));
#6768=DIRECTION('center_axis',(0.,1.,0.));
#6769=DIRECTION('ref_axis',(-1.,0.,0.));
#6770=DIRECTION('center_axis',(0.,0.,-1.));
#6771=DIRECTION('ref_axis',(-0.965925826289068,0.258819045102521,0.));
#6772=DIRECTION('center_axis',(1.38777878078145E-15,-1.,0.));
#6773=DIRECTION('ref_axis',(-0.70710678118655,0.,0.707106781186545));
#6774=DIRECTION('center_axis',(0.,1.,0.));
#6775=DIRECTION('ref_axis',(-1.,0.,0.));
#6776=DIRECTION('',(-1.38777878078145E-15,1.,0.));
#6777=DIRECTION('',(1.38777878078145E-15,-1.,0.));
#6778=DIRECTION('center_axis',(-1.,-3.70074341541718E-15,0.));
#6779=DIRECTION('ref_axis',(3.70074341541719E-15,-1.,0.));
#6780=DIRECTION('center_axis',(0.,0.,-1.));
#6781=DIRECTION('ref_axis',(-0.965925826289067,-0.258819045102524,0.));
#6782=DIRECTION('center_axis',(0.,0.,1.));
#6783=DIRECTION('ref_axis',(-0.965925826289067,-0.258819045102524,0.));
#6784=DIRECTION('center_axis',(-1.,-1.38777878078145E-15,0.));
#6785=DIRECTION('ref_axis',(1.38777878078145E-15,-1.,0.));
#6786=DIRECTION('',(0.,0.,1.));
#6787=DIRECTION('',(-1.38777878078145E-15,1.,0.));
#6788=DIRECTION('',(0.,0.,-1.));
#6789=DIRECTION('center_axis',(0.,0.,1.));
#6790=DIRECTION('ref_axis',(-0.707106781186549,0.707106781186546,0.));
#6791=DIRECTION('',(0.,0.,-1.));
#6792=DIRECTION('center_axis',(0.,0.,-1.));
#6793=DIRECTION('ref_axis',(-0.707106781186549,0.707106781186546,0.));
#6794=DIRECTION('center_axis',(-1.,-1.11022302462515E-15,0.));
#6795=DIRECTION('ref_axis',(0.,0.707106781186553,0.707106781186542));
#6796=DIRECTION('',(1.,1.11022302462515E-15,0.));
#6797=DIRECTION('center_axis',(1.,0.,-3.70074341541718E-15));
#6798=DIRECTION('ref_axis',(0.,1.,0.));
#6799=DIRECTION('',(-1.,-1.11022302462515E-15,0.));
#6800=DIRECTION('center_axis',(0.,1.,0.));
#6801=DIRECTION('ref_axis',(0.,0.,1.));
#6802=DIRECTION('center_axis',(0.,0.,1.));
#6803=DIRECTION('ref_axis',(0.965925826289068,0.258819045102521,0.));
#6804=DIRECTION('center_axis',(0.,0.,-1.));
#6805=DIRECTION('ref_axis',(0.965925826289068,0.258819045102521,0.));
#6806=DIRECTION('center_axis',(1.66533453693774E-15,-1.,0.));
#6807=DIRECTION('ref_axis',(0.70710678118655,0.,0.707106781186545));
#6808=DIRECTION('center_axis',(0.,1.,0.));
#6809=DIRECTION('ref_axis',(0.,0.,1.));
#6810=DIRECTION('',(-1.66533453693774E-15,1.,0.));
#6811=DIRECTION('',(1.66533453693774E-15,-1.,0.));
#6812=DIRECTION('center_axis',(1.,0.,0.));
#6813=DIRECTION('ref_axis',(0.,-7.40148683083437E-15,1.));
#6814=DIRECTION('center_axis',(0.,0.,1.));
#6815=DIRECTION('ref_axis',(0.965925826289068,-0.258819045102521,0.));
#6816=DIRECTION('center_axis',(0.,0.,-1.));
#6817=DIRECTION('ref_axis',(0.965925826289068,-0.258819045102521,0.));
#6818=DIRECTION('center_axis',(0.,0.,1.));
#6819=DIRECTION('ref_axis',(1.,0.,0.));
#6820=DIRECTION('',(-1.,-2.22044604925031E-15,0.));
#6821=DIRECTION('center_axis',(0.,0.,1.));
#6822=DIRECTION('ref_axis',(-0.707106781186547,-0.707106781186547,0.));
#6823=DIRECTION('center_axis',(0.,0.,-1.));
#6824=DIRECTION('ref_axis',(-0.707106781186547,-0.707106781186547,0.));
#6825=DIRECTION('',(0.,0.,1.));
#6826=DIRECTION('center_axis',(0.,0.,1.));
#6827=DIRECTION('ref_axis',(0.707106781186545,-0.70710678118655,0.));
#6828=DIRECTION('',(0.,0.,-1.));
#6829=DIRECTION('center_axis',(0.,0.,-1.));
#6830=DIRECTION('ref_axis',(0.707106781186545,-0.70710678118655,0.));
#6831=DIRECTION('',(0.,0.,1.));
#6832=DIRECTION('center_axis',(0.,0.,1.));
#6833=DIRECTION('ref_axis',(0.707106781186547,0.707106781186547,0.));
#6834=DIRECTION('',(0.,0.,-1.));
#6835=DIRECTION('center_axis',(0.,0.,-1.));
#6836=DIRECTION('ref_axis',(0.707106781186547,0.707106781186547,0.));
#6837=DIRECTION('',(0.,0.,1.));
#6838=DIRECTION('center_axis',(1.,0.,0.));
#6839=DIRECTION('ref_axis',(0.,1.,0.));
#6840=DIRECTION('',(0.,1.,0.));
#6841=DIRECTION('',(0.,0.,1.));
#6842=DIRECTION('',(0.,1.,0.));
#6843=DIRECTION('',(0.,0.,1.));
#6844=DIRECTION('center_axis',(-1.,0.,0.));
#6845=DIRECTION('ref_axis',(0.,-1.,0.));
#6846=DIRECTION('',(0.,-1.,0.));
#6847=DIRECTION('',(0.,0.,1.));
#6848=DIRECTION('',(0.,-1.,0.));
#6849=DIRECTION('',(0.,0.,1.));
#6850=DIRECTION('center_axis',(0.,0.,1.));
#6851=DIRECTION('ref_axis',(1.,0.,0.));
#6852=DIRECTION('',(-1.,0.,0.));
#6853=DIRECTION('',(1.,0.,0.));
#6854=DIRECTION('center_axis',(0.,0.,-1.));
#6855=DIRECTION('ref_axis',(1.,0.,0.));
#6856=DIRECTION('center_axis',(0.,0.,-1.));
#6857=DIRECTION('ref_axis',(-1.,0.,0.));
#6858=DIRECTION('',(-1.,0.,0.));
#6859=DIRECTION('center_axis',(0.,0.,1.));
#6860=DIRECTION('ref_axis',(-1.,0.,0.));
#6861=DIRECTION('',(1.,0.,0.));
#6862=DIRECTION('center_axis',(0.,1.,0.));
#6863=DIRECTION('ref_axis',(-1.,0.,0.));
#6864=DIRECTION('',(-1.,0.,0.));
#6865=DIRECTION('',(0.,0.,1.));
#6866=DIRECTION('',(-1.,0.,0.));
#6867=DIRECTION('',(0.,0.,1.));
#6868=DIRECTION('center_axis',(0.,-1.,0.));
#6869=DIRECTION('ref_axis',(1.,0.,0.));
#6870=DIRECTION('',(1.,0.,0.));
#6871=DIRECTION('',(0.,0.,1.));
#6872=DIRECTION('',(1.,0.,0.));
#6873=DIRECTION('',(0.,0.,1.));
#6874=DIRECTION('center_axis',(0.,0.,-1.));
#6875=DIRECTION('ref_axis',(-1.,0.,0.));
#6876=DIRECTION('center_axis',(0.,0.,1.));
#6877=DIRECTION('ref_axis',(-1.,0.,0.));
#6878=DIRECTION('center_axis',(0.,0.,1.));
#6879=DIRECTION('ref_axis',(-1.,0.,0.));
#6880=DIRECTION('center_axis',(0.,0.,1.));
#6881=DIRECTION('ref_axis',(1.,0.,0.));
#6882=DIRECTION('center_axis',(0.,0.,1.));
#6883=DIRECTION('ref_axis',(1.,0.,0.));
#6884=DIRECTION('center_axis',(0.,0.,1.));
#6885=DIRECTION('ref_axis',(1.,0.,0.));
#6886=DIRECTION('center_axis',(0.,0.,1.));
#6887=DIRECTION('ref_axis',(1.,0.,0.));
#6888=DIRECTION('',(0.707106781186547,8.65956056235493E-17,-0.707106781186547));
#6889=DIRECTION('center_axis',(0.,0.,-1.));
#6890=DIRECTION('ref_axis',(1.,0.,0.));
#6891=DIRECTION('center_axis',(0.,0.,1.));
#6892=DIRECTION('ref_axis',(1.,0.,0.));
#6893=DIRECTION('',(0.,0.,1.));
#6894=DIRECTION('center_axis',(0.,0.,1.));
#6895=DIRECTION('ref_axis',(1.,0.,0.));
#6896=DIRECTION('',(-3.61048138089482E-16,1.,0.));
#6897=DIRECTION('center_axis',(0.,0.,-1.));
#6898=DIRECTION('ref_axis',(1.,0.,0.));
#6899=DIRECTION('',(6.18508648816243E-17,-1.,0.));
#6900=DIRECTION('center_axis',(0.,0.,-1.));
#6901=DIRECTION('ref_axis',(0.707106781186547,0.707106781186547,0.));
#6902=DIRECTION('',(1.,-2.09971257612323E-16,0.));
#6903=DIRECTION('center_axis',(0.,0.,-1.));
#6904=DIRECTION('ref_axis',(-0.707106781186548,0.707106781186547,0.));
#6905=DIRECTION('center_axis',(0.,0.,1.));
#6906=DIRECTION('ref_axis',(1.,0.,0.));
#6907=DIRECTION('',(-1.,0.,0.));
#6908=DIRECTION('center_axis',(0.,0.,-1.));
#6909=DIRECTION('ref_axis',(-0.707106781186547,-0.707106781186547,0.));
#6910=DIRECTION('',(0.,1.,0.));
#6911=DIRECTION('center_axis',(0.,0.,-1.));
#6912=DIRECTION('ref_axis',(-0.707106781186547,0.707106781186547,0.));
#6913=DIRECTION('',(1.,0.,0.));
#6914=DIRECTION('center_axis',(0.,0.,-1.));
#6915=DIRECTION('ref_axis',(0.707106781186547,0.707106781186547,0.));
#6916=DIRECTION('',(0.,-1.,0.));
#6917=DIRECTION('center_axis',(0.,0.,-1.));
#6918=DIRECTION('ref_axis',(0.707106781186547,-0.707106781186547,0.));
#6919=DIRECTION('center_axis',(0.,0.,-1.));
#6920=DIRECTION('ref_axis',(5.0532154980743E-16,-1.,0.));
#6921=DIRECTION('',(0.530758116629127,0.467221383963001,-0.707106781186547));
#6922=DIRECTION('center_axis',(0.,0.,-1.));
#6923=DIRECTION('ref_axis',(1.,0.,0.));
#6924=DIRECTION('',(0.530758116629128,-0.467221383963,0.707106781186548));
#6925=DIRECTION('center_axis',(0.,0.,1.));
#6926=DIRECTION('ref_axis',(1.,0.,0.));
#6927=DIRECTION('center_axis',(0.,0.,1.));
#6928=DIRECTION('ref_axis',(-0.93557611311868,-0.353125100441392,0.));
#6929=DIRECTION('center_axis',(0.,0.,-1.));
#6930=DIRECTION('ref_axis',(-0.93557611311868,-0.353125100441392,0.));
#6931=DIRECTION('',(0.707106781186545,3.92523114670945E-15,-0.70710678118655));
#6932=DIRECTION('center_axis',(0.,0.,1.));
#6933=DIRECTION('ref_axis',(-0.93557611311868,-0.353125100441392,0.));
#6934=DIRECTION('center_axis',(-0.707106781186544,-2.62410995880295E-16,
-0.707106781186551));
#6935=DIRECTION('ref_axis',(-0.707106781186551,0.,0.707106781186544));
#6936=DIRECTION('',(0.707106781186551,0.,-0.707106781186544));
#6937=DIRECTION('',(3.71105189289746E-16,-1.,0.));
#6938=DIRECTION('',(-3.71105189289746E-16,1.,0.));
#6939=DIRECTION('center_axis',(0.,0.,1.));
#6940=DIRECTION('ref_axis',(-0.707106781186548,0.707106781186547,0.));
#6941=DIRECTION('',(0.,-0.707106781186547,-0.707106781186547));
#6942=DIRECTION('center_axis',(0.,0.,1.));
#6943=DIRECTION('ref_axis',(-0.707106781186548,0.707106781186547,0.));
#6944=DIRECTION('center_axis',(0.,0.,-1.));
#6945=DIRECTION('ref_axis',(-0.707106781186548,0.707106781186547,0.));
#6946=DIRECTION('center_axis',(1.4847210011194E-16,0.707106781186544,-0.707106781186551));
#6947=DIRECTION('ref_axis',(-1.,0.,-2.0997125761232E-16));
#6948=DIRECTION('',(-3.92523114670943E-15,-0.707106781186555,-0.70710678118654));
#6949=DIRECTION('',(-1.,2.09971257612323E-16,0.));
#6950=DIRECTION('',(1.,-2.09971257612323E-16,0.));
#6951=DIRECTION('center_axis',(0.,0.,1.));
#6952=DIRECTION('ref_axis',(0.707106781186548,0.707106781186547,0.));
#6953=DIRECTION('',(-0.707106781186551,0.,-0.707106781186544));
#6954=DIRECTION('center_axis',(0.,0.,1.));
#6955=DIRECTION('ref_axis',(0.707106781186548,0.707106781186547,0.));
#6956=DIRECTION('center_axis',(0.,0.,-1.));
#6957=DIRECTION('ref_axis',(0.707106781186548,0.707106781186547,0.));
#6958=DIRECTION('center_axis',(0.707106781186548,0.,-0.707106781186548));
#6959=DIRECTION('ref_axis',(-0.707106781186548,0.,-0.707106781186548));
#6960=DIRECTION('',(-0.707106781186548,0.,-0.707106781186548));
#6961=DIRECTION('',(0.,1.,0.));
#6962=DIRECTION('',(0.,-1.,0.));
#6963=DIRECTION('center_axis',(0.,0.,1.));
#6964=DIRECTION('ref_axis',(1.,0.,0.));
#6965=DIRECTION('center_axis',(0.,0.,-1.));
#6966=DIRECTION('ref_axis',(1.,0.,0.));
#6967=DIRECTION('',(1.98239167291807E-8,0.707106781186548,-0.707106781186547));
#6968=DIRECTION('center_axis',(0.,0.,1.));
#6969=DIRECTION('ref_axis',(1.,0.,0.));
#6970=DIRECTION('center_axis',(0.,-0.707106781186547,-0.707106781186548));
#6971=DIRECTION('ref_axis',(-1.,0.,0.));
#6972=DIRECTION('',(0.,0.707106781186552,-0.707106781186543));
#6973=DIRECTION('',(1.,0.,0.));
#6974=DIRECTION('',(-1.,0.,0.));
#6975=DIRECTION('center_axis',(0.,0.,1.));
#6976=DIRECTION('ref_axis',(-1.,0.,0.));
#6977=DIRECTION('center_axis',(0.,0.,-1.));
#6978=DIRECTION('ref_axis',(-1.,0.,0.));
#6979=DIRECTION('',(0.707106781186548,1.82942659270015E-8,-0.707106781186547));
#6980=DIRECTION('center_axis',(0.,0.,1.));
#6981=DIRECTION('ref_axis',(-1.,0.,0.));
#6982=DIRECTION('center_axis',(-0.707106781186544,-2.55299586777848E-16,
-0.707106781186551));
#6983=DIRECTION('ref_axis',(-0.707106781186551,0.,0.707106781186544));
#6984=DIRECTION('',(0.707106781186551,0.,-0.707106781186544));
#6985=DIRECTION('',(3.61048138089482E-16,-1.,0.));
#6986=DIRECTION('',(-3.61048138089482E-16,1.,0.));
#6987=DIRECTION('center_axis',(0.,0.,1.));
#6988=DIRECTION('ref_axis',(-0.707106781186548,0.707106781186547,0.));
#6989=DIRECTION('',(-3.92523114670948E-15,-0.707106781186547,-0.707106781186547));
#6990=DIRECTION('center_axis',(0.,0.,1.));
#6991=DIRECTION('ref_axis',(-0.707106781186548,0.707106781186547,0.));
#6992=DIRECTION('center_axis',(0.,0.,-1.));
#6993=DIRECTION('ref_axis',(-0.707106781186548,0.707106781186547,0.));
#6994=DIRECTION('center_axis',(1.4847210011194E-16,0.707106781186544,-0.707106781186551));
#6995=DIRECTION('ref_axis',(-1.,0.,-2.0997125761232E-16));
#6996=DIRECTION('',(0.,-0.707106781186551,-0.707106781186544));
#6997=DIRECTION('',(-1.,2.09971257612323E-16,0.));
#6998=DIRECTION('',(1.,-2.09971257612323E-16,0.));
#6999=DIRECTION('center_axis',(0.,0.,1.));
#7000=DIRECTION('ref_axis',(0.707106781186547,0.707106781186547,0.));
#7001=DIRECTION('',(-0.707106781186552,0.,-0.707106781186543));
#7002=DIRECTION('center_axis',(0.,0.,1.));
#7003=DIRECTION('ref_axis',(0.707106781186547,0.707106781186547,0.));
#7004=DIRECTION('center_axis',(0.,0.,-1.));
#7005=DIRECTION('ref_axis',(0.707106781186547,0.707106781186547,0.));
#7006=DIRECTION('center_axis',(0.707106781186546,4.37351659800493E-17,-0.707106781186549));
#7007=DIRECTION('ref_axis',(-0.707106781186549,0.,-0.707106781186546));
#7008=DIRECTION('',(-0.707106781186548,0.,-0.707106781186548));
#7009=DIRECTION('',(-6.18508648816243E-17,1.,0.));
#7010=DIRECTION('',(6.18508648816243E-17,-1.,0.));
#7011=DIRECTION('center_axis',(0.,0.,1.));
#7012=DIRECTION('ref_axis',(0.93557611311868,-0.353125100441392,0.));
#7013=DIRECTION('center_axis',(0.,0.,-1.));
#7014=DIRECTION('ref_axis',(0.93557611311868,-0.353125100441392,0.));
#7015=DIRECTION('center_axis',(0.,0.,1.));
#7016=DIRECTION('ref_axis',(0.93557611311868,-0.353125100441392,0.));
#7017=DIRECTION('center_axis',(0.,0.,1.));
#7018=DIRECTION('ref_axis',(1.,0.,0.));
#7019=DIRECTION('',(0.,0.,1.));
#7020=DIRECTION('center_axis',(0.,0.,-1.));
#7021=DIRECTION('ref_axis',(0.464742643867174,0.885445805778846,0.));
#7022=DIRECTION('',(0.,0.,1.));
#7023=DIRECTION('center_axis',(0.,0.,1.));
#7024=DIRECTION('ref_axis',(1.,0.,0.));
#7025=DIRECTION('',(0.,0.,1.));
#7026=DIRECTION('',(0.,0.,1.));
#7027=DIRECTION('center_axis',(1.,0.,0.));
#7028=DIRECTION('ref_axis',(0.,-1.,0.));
#7029=DIRECTION('',(0.,0.,-1.));
#7030=DIRECTION('',(0.,1.,0.));
#7031=DIRECTION('',(0.,0.,1.));
#7032=DIRECTION('',(0.,1.,0.));
#7033=DIRECTION('center_axis',(0.,0.,-1.));
#7034=DIRECTION('ref_axis',(0.707106781186548,0.707106781186547,0.));
#7035=DIRECTION('',(0.,0.,1.));
#7036=DIRECTION('center_axis',(0.,0.,1.));
#7037=DIRECTION('ref_axis',(0.707106781186548,0.707106781186547,0.));
#7038=DIRECTION('center_axis',(2.09971257612323E-16,1.,0.));
#7039=DIRECTION('ref_axis',(1.,-2.09971257612323E-16,0.));
#7040=DIRECTION('',(0.,0.,-1.));
#7041=DIRECTION('',(-1.,2.09971257612323E-16,0.));
#7042=DIRECTION('center_axis',(0.,0.,-1.));
#7043=DIRECTION('ref_axis',(-0.707106781186548,0.707106781186547,0.));
#7044=DIRECTION('',(0.,0.,1.));
#7045=DIRECTION('center_axis',(0.,0.,1.));
#7046=DIRECTION('ref_axis',(-0.707106781186548,0.707106781186547,0.));
#7047=DIRECTION('center_axis',(-1.,-3.71105189289746E-16,0.));
#7048=DIRECTION('ref_axis',(-3.71105189289746E-16,1.,0.));
#7049=DIRECTION('',(0.,0.,-1.));
#7050=DIRECTION('',(-2.18978900320544E-16,-1.,0.));
#7051=DIRECTION('',(0.,0.,1.));
#7052=DIRECTION('',(3.71105189289746E-16,-1.,0.));
#7053=DIRECTION('center_axis',(0.,0.,1.));
#7054=DIRECTION('ref_axis',(-0.93557611311868,-0.353125100441392,0.));
#7055=DIRECTION('',(0.,0.,1.));
#7056=DIRECTION('center_axis',(0.,0.,1.));
#7057=DIRECTION('ref_axis',(-0.93557611311868,-0.353125100441392,0.));
#7058=DIRECTION('center_axis',(0.,0.,1.));
#7059=DIRECTION('ref_axis',(-1.,3.92999300752268E-16,0.));
#7060=DIRECTION('center_axis',(0.,0.,1.));
#7061=DIRECTION('ref_axis',(-1.83697019872103E-16,-1.,0.));
#7062=DIRECTION('',(0.,0.,-1.));
#7063=DIRECTION('center_axis',(0.,0.,-1.));
#7064=DIRECTION('ref_axis',(-1.83697019872103E-16,-1.,0.));
#7065=DIRECTION('',(0.,0.,-1.));
#7066=DIRECTION('center_axis',(-1.66541634826033E-16,0.877710723210216,
-0.47919086631717));
#7067=DIRECTION('ref_axis',(0.,-0.47919086631717,-0.877710723210216));
#7068=DIRECTION('',(0.,0.,1.));
#7069=DIRECTION('center_axis',(0.,0.,1.));
#7070=DIRECTION('ref_axis',(1.,0.,0.));
#7071=DIRECTION('center_axis',(0.,0.,1.));
#7072=DIRECTION('ref_axis',(1.,0.,0.));
#7073=DIRECTION('center_axis',(0.,0.,-1.));
#7074=DIRECTION('ref_axis',(1.,0.,0.));
#7075=DIRECTION('center_axis',(0.,0.,-1.));
#7076=DIRECTION('ref_axis',(1.,0.,0.));
#7077=DIRECTION('center_axis',(0.,0.,-1.));
#7078=DIRECTION('ref_axis',(1.,0.,0.));
#7079=DIRECTION('center_axis',(0.,0.,-1.));
#7080=DIRECTION('ref_axis',(1.,0.,0.));
#7081=DIRECTION('center_axis',(0.,0.,-1.));
#7082=DIRECTION('ref_axis',(1.,0.,0.));
#7083=DIRECTION('center_axis',(0.,0.,1.));
#7084=DIRECTION('ref_axis',(1.,0.,0.));
#7085=DIRECTION('center_axis',(0.,0.,-1.));
#7086=DIRECTION('ref_axis',(1.,0.,0.));
#7087=DIRECTION('',(-0.707106781186547,8.65956056235493E-17,0.707106781186547));
#7088=DIRECTION('center_axis',(0.,0.,1.));
#7089=DIRECTION('ref_axis',(1.,0.,0.));
#7090=DIRECTION('center_axis',(0.,0.,1.));
#7091=DIRECTION('ref_axis',(1.,0.,0.));
#7092=DIRECTION('',(0.,0.,-1.));
#7093=DIRECTION('center_axis',(0.,0.,1.));
#7094=DIRECTION('ref_axis',(1.,0.,0.));
#7095=DIRECTION('center_axis',(0.,0.,1.));
#7096=DIRECTION('ref_axis',(1.,0.,0.));
#7097=DIRECTION('center_axis',(0.,0.,-1.));
#7098=DIRECTION('ref_axis',(1.,0.,0.));
#7099=DIRECTION('center_axis',(0.,0.,1.));
#7100=DIRECTION('ref_axis',(1.,0.,0.));
#7101=DIRECTION('center_axis',(0.,0.,-1.));
#7102=DIRECTION('ref_axis',(1.,0.,0.));
#7103=DIRECTION('',(-0.707106781186547,8.65956056235493E-17,0.707106781186547));
#7104=DIRECTION('center_axis',(0.,0.,1.));
#7105=DIRECTION('ref_axis',(1.,0.,0.));
#7106=DIRECTION('center_axis',(0.,0.,1.));
#7107=DIRECTION('ref_axis',(1.,0.,0.));
#7108=DIRECTION('',(0.,0.,-1.));
#7109=DIRECTION('center_axis',(0.,0.,1.));
#7110=DIRECTION('ref_axis',(1.,0.,0.));
#7111=DIRECTION('center_axis',(0.,0.,1.));
#7112=DIRECTION('ref_axis',(1.,0.,0.));
#7113=DIRECTION('center_axis',(0.,0.,-1.));
#7114=DIRECTION('ref_axis',(1.,0.,0.));
#7115=DIRECTION('center_axis',(0.,0.,-1.));
#7116=DIRECTION('ref_axis',(-1.,0.,0.));
#7117=DIRECTION('center_axis',(-0.899646164657539,-0.436619718309858,9.69490528545909E-17));
#7118=DIRECTION('ref_axis',(0.,-2.22044604925031E-16,-1.));
#7119=DIRECTION('center_axis',(0.,0.,-1.));
#7120=DIRECTION('ref_axis',(-0.464742643867174,0.885445805778846,0.));
#7121=DIRECTION('center_axis',(1.,0.,0.));
#7122=DIRECTION('ref_axis',(0.,-1.,0.));
#7123=DIRECTION('center_axis',(0.,0.,1.));
#7124=DIRECTION('ref_axis',(-0.464742643867174,0.885445805778846,0.));
#7125=DIRECTION('center_axis',(1.,2.14881875733901E-16,0.));
#7126=DIRECTION('ref_axis',(3.14018491736755E-16,-0.707106781186547,-0.707106781186548));
#7127=DIRECTION('center_axis',(1.,0.,0.));
#7128=DIRECTION('ref_axis',(0.,-1.,0.));
#7129=DIRECTION('',(-1.,-2.14881875733901E-16,0.));
#7130=DIRECTION('',(1.,2.14881875733901E-16,0.));
#7131=DIRECTION('center_axis',(0.961167106152775,4.26843940705257E-16,-0.275967016235456));
#7132=DIRECTION('ref_axis',(4.44089209850063E-16,-1.,0.));
#7133=DIRECTION('center_axis',(-0.954935590830471,0.0143329900974417,0.29646683247899));
#7134=DIRECTION('ref_axis',(-0.296232209509737,-0.108483182360975,-0.948935128021834));
#7135=DIRECTION('center_axis',(2.09971257612323E-16,-1.,0.));
#7136=DIRECTION('ref_axis',(-0.707106781186547,0.,0.707106781186548));
#7137=DIRECTION('',(-2.09971257612323E-16,1.,0.));
#7138=DIRECTION('',(2.09971257612323E-16,-1.,0.));
#7139=DIRECTION('center_axis',(0.,0.,1.));
#7140=DIRECTION('ref_axis',(1.,0.,0.));
#7141=DIRECTION('center_axis',(0.,0.,1.));
#7142=DIRECTION('ref_axis',(-1.83697019872103E-16,-1.,0.));
#7143=DIRECTION('center_axis',(0.,0.,1.));
#7144=DIRECTION('ref_axis',(-0.0553059984193379,-0.998469451980801,0.));
#7145=DIRECTION('center_axis',(0.,0.,-1.));
#7146=DIRECTION('ref_axis',(-1.,0.,0.));
#7147=DIRECTION('center_axis',(-0.660750817831201,-0.750605326876514,0.));
#7148=DIRECTION('ref_axis',(0.750605326876514,-0.660750817831201,0.));
#7149=DIRECTION('center_axis',(0.,0.,-1.));
#7150=DIRECTION('ref_axis',(-1.,0.,0.));
#7151=DIRECTION('center_axis',(0.899646164657539,-0.436619718309859,0.));
#7152=DIRECTION('ref_axis',(-0.436619718309859,-0.899646164657539,0.));
#7153=DIRECTION('center_axis',(0.,0.,1.));
#7154=DIRECTION('ref_axis',(0.464742643867174,0.885445805778846,0.));
#7155=DIRECTION('center_axis',(-1.,-4.44089209850062E-16,0.));
#7156=DIRECTION('ref_axis',(0.,0.,-1.));
#7157=DIRECTION('center_axis',(1.,2.14881875733901E-16,0.));
#7158=DIRECTION('ref_axis',(3.14018491736755E-16,-0.707106781186547,-0.707106781186548));
#7159=DIRECTION('center_axis',(-1.,-4.44089209850063E-16,0.));
#7160=DIRECTION('ref_axis',(0.,0.,-1.));
#7161=DIRECTION('',(1.,2.14881875733901E-16,0.));
#7162=DIRECTION('',(-1.,-2.14881875733901E-16,0.));
#7163=DIRECTION('center_axis',(0.95493559081555,0.0143329901273171,0.296466832525607));
#7164=DIRECTION('ref_axis',(0.015007689232688,-0.999887378290123,-2.23543317190433E-9));
#7165=DIRECTION('center_axis',(0.961167106152775,0.,0.275967016235457));
#7166=DIRECTION('ref_axis',(0.,-1.,0.));
#7167=DIRECTION('center_axis',(-2.14881875733901E-16,1.,0.));
#7168=DIRECTION('ref_axis',(1.,2.14881875733901E-16,0.));
#7169=DIRECTION('',(0.,0.,1.));
#7170=DIRECTION('',(-1.,-2.14881875733901E-16,0.));
#7171=DIRECTION('',(1.,2.14881875733901E-16,0.));
#7172=DIRECTION('center_axis',(0.,0.,-1.));
#7173=DIRECTION('ref_axis',(-0.669846064405845,0.742500000000001,0.));
#7174=DIRECTION('center_axis',(-1.,-2.22044604925031E-16,3.91524547690345E-17));
#7175=DIRECTION('ref_axis',(-2.22044604925031E-16,1.,0.));
#7176=DIRECTION('center_axis',(0.,0.,1.));
#7177=DIRECTION('ref_axis',(-0.358817502360183,0.933407735129724,0.));
#7178=DIRECTION('center_axis',(-0.899646164657601,-0.436619718309731,-2.23732966468163E-13));
#7179=DIRECTION('ref_axis',(-0.436619718309731,0.899646164657601,0.));
#7180=DIRECTION('center_axis',(0.,0.,-1.));
#7181=DIRECTION('ref_axis',(-1.,0.,0.));
#7182=DIRECTION('center_axis',(-0.999716115473461,0.0238262137708221,2.64524111180076E-18));
#7183=DIRECTION('ref_axis',(0.0238262137708221,0.999716115473462,0.));
#7184=DIRECTION('center_axis',(0.,0.,1.));
#7185=DIRECTION('ref_axis',(0.0553059984193379,-0.998469451980801,0.));
#7186=DIRECTION('center_axis',(0.,0.,-1.));
#7187=DIRECTION('ref_axis',(0.0553059984193379,-0.998469451980801,0.));
#7188=DIRECTION('center_axis',(-0.743398071372799,0.649159157992084,-0.161095298113299));
#7189=DIRECTION('ref_axis',(0.657750127306392,0.753236198033807,0.));
#7190=DIRECTION('center_axis',(0.521282749690025,-0.814668632367474,0.254124603909415));
#7191=DIRECTION('ref_axis',(0.783935523525774,0.339468944449688,-0.519813361417909));
#7192=DIRECTION('center_axis',(-0.140558351593006,0.794424926467408,-0.590874255662498));
#7193=DIRECTION('ref_axis',(0.984705880054311,0.174224940196476,0.));
#7194=DIRECTION('center_axis',(0.,0.,-1.));
#7195=DIRECTION('ref_axis',(0.998348012060415,-0.0574564775723177,0.));
#7196=DIRECTION('center_axis',(0.,0.,1.));
#7197=DIRECTION('ref_axis',(-1.83697019872103E-16,-1.,0.));
#7198=DIRECTION('center_axis',(-0.660750817831203,0.750605326876513,0.));
#7199=DIRECTION('ref_axis',(-0.750605326876513,-0.660750817831203,0.));
#7200=DIRECTION('center_axis',(0.,0.,-1.));
#7201=DIRECTION('ref_axis',(-1.,0.,0.));
#7202=DIRECTION('center_axis',(0.397374399947237,-0.917656573161536,-8.82348416436057E-16));
#7203=DIRECTION('ref_axis',(2.22044604925032E-15,0.,1.));
#7204=DIRECTION('center_axis',(0.,0.,1.));
#7205=DIRECTION('ref_axis',(1.,0.,0.));
#7206=DIRECTION('center_axis',(0.,-1.,0.));
#7207=DIRECTION('ref_axis',(0.,0.,1.));
#7208=DIRECTION('center_axis',(-2.18978900320544E-16,-1.,0.));
#7209=DIRECTION('ref_axis',(-0.707106781186548,0.,0.707106781186547));
#7210=DIRECTION('center_axis',(-0.140558351614461,-0.794424926426681,0.59087425571215));
#7211=DIRECTION('ref_axis',(-0.984705880048216,0.174224940230923,0.));
#7212=DIRECTION('center_axis',(-0.521282749690024,-0.814668632367474,0.254124603909416));
#7213=DIRECTION('ref_axis',(-0.842320770549837,0.538976548191411,0.));
#7214=DIRECTION('center_axis',(-0.74339807137284,-0.649159157992038,0.161095298113292));
#7215=DIRECTION('ref_axis',(-0.657750127306346,0.753236198033848,2.22044604925031E-16));
#7216=DIRECTION('center_axis',(0.,0.,-1.));
#7217=DIRECTION('ref_axis',(-1.,0.,0.));
#7218=DIRECTION('center_axis',(0.999716115473461,0.0238262137708221,2.64524111180076E-18));
#7219=DIRECTION('ref_axis',(0.,1.11022302462516E-16,-1.));
#7220=DIRECTION('center_axis',(0.,0.,-1.));
#7221=DIRECTION('ref_axis',(-0.0553059984193379,-0.998469451980801,0.));
#7222=DIRECTION('center_axis',(-0.899646164657539,0.436619718309859,0.));
#7223=DIRECTION('ref_axis',(0.436619718309859,0.899646164657539,0.));
#7224=DIRECTION('center_axis',(0.,0.,-1.));
#7225=DIRECTION('ref_axis',(-1.,0.,0.));
#7226=DIRECTION('center_axis',(0.,0.,1.));
#7227=DIRECTION('ref_axis',(0.93557611311868,-0.353125100441392,0.));
#7228=DIRECTION('center_axis',(-0.397374399947235,-0.917656573161537,-8.82348416436053E-16));
#7229=DIRECTION('ref_axis',(0.917656573161537,-0.397374399947235,0.));
#7230=DIRECTION('center_axis',(1.,2.22044604925031E-16,-3.91524547690347E-17));
#7231=DIRECTION('ref_axis',(-2.22044604925031E-16,0.939692620785908,-0.342020143325669));
#7232=DIRECTION('center_axis',(0.,0.,-1.));
#7233=DIRECTION('ref_axis',(0.,1.,0.));
#7234=DIRECTION('center_axis',(0.,0.,-1.));
#7235=DIRECTION('ref_axis',(0.358817502360183,0.933407735129724,0.));
#7236=DIRECTION('center_axis',(2.01922912967782E-16,-0.939692620785908,
0.342020143325669));
#7237=DIRECTION('ref_axis',(0.,-0.342020143325669,-0.939692620785908));
#7238=DIRECTION('center_axis',(-1.,-2.14881875733901E-16,0.));
#7239=DIRECTION('ref_axis',(-2.25470000866533E-16,0.984807753012208,-0.173648177666931));
#7240=DIRECTION('',(-1.,-2.14881875733901E-16,0.));
#7241=DIRECTION('center_axis',(2.01922912967782E-16,-0.939692620785908,
0.342020143325669));
#7242=DIRECTION('ref_axis',(1.,1.41387945797304E-16,-2.01922912967782E-16));
#7243=DIRECTION('center_axis',(0.,0.,-1.));
#7244=DIRECTION('ref_axis',(1.,0.,0.));
#7245=DIRECTION('',(0.707106781186548,-8.65956056235494E-17,0.707106781186547));
#7246=DIRECTION('center_axis',(0.,0.,1.));
#7247=DIRECTION('ref_axis',(1.,0.,0.));
#7248=DIRECTION('center_axis',(0.,0.,1.));
#7249=DIRECTION('ref_axis',(1.,0.,0.));
#7250=DIRECTION('',(0.,0.,1.));
#7251=DIRECTION('center_axis',(0.,0.,1.));
#7252=DIRECTION('ref_axis',(1.,0.,0.));
#7253=DIRECTION('center_axis',(0.,0.,1.));
#7254=DIRECTION('ref_axis',(1.,0.,0.));
#7255=DIRECTION('center_axis',(0.,0.,1.));
#7256=DIRECTION('ref_axis',(1.,0.,0.));
#7257=DIRECTION('',(0.,-1.,0.));
#7258=DIRECTION('center_axis',(0.,0.,1.));
#7259=DIRECTION('ref_axis',(-1.,-1.22464679914735E-16,0.));
#7260=DIRECTION('',(0.,0.,1.));
#7261=DIRECTION('',(0.,0.,1.));
#7262=DIRECTION('center_axis',(0.,0.,1.));
#7263=DIRECTION('ref_axis',(-1.,0.,0.));
#7264=DIRECTION('',(0.,0.,1.));
#7265=DIRECTION('center_axis',(0.,0.,-1.));
#7266=DIRECTION('ref_axis',(1.,0.,0.));
#7267=DIRECTION('',(-0.707106781186548,-8.65956056235494E-17,-0.707106781186547));
#7268=DIRECTION('center_axis',(0.,0.,-1.));
#7269=DIRECTION('ref_axis',(1.,0.,0.));
#7270=DIRECTION('center_axis',(0.,0.,1.));
#7271=DIRECTION('ref_axis',(1.,0.,0.));
#7272=DIRECTION('',(-0.707106781186548,-8.65956056235494E-17,-0.707106781186547));
#7273=DIRECTION('center_axis',(0.,0.,1.));
#7274=DIRECTION('ref_axis',(1.,0.,0.));
#7275=DIRECTION('center_axis',(0.,0.,-1.));
#7276=DIRECTION('ref_axis',(1.,0.,0.));
#7277=DIRECTION('',(0.,0.,-1.));
#7278=DIRECTION('center_axis',(0.,0.,-1.));
#7279=DIRECTION('ref_axis',(1.,0.,0.));
#7280=DIRECTION('center_axis',(0.,0.,1.));
#7281=DIRECTION('ref_axis',(1.,0.,0.));
#7282=DIRECTION('',(-0.707106781186548,-8.65956056235494E-17,-0.707106781186547));
#7283=DIRECTION('center_axis',(0.,0.,1.));
#7284=DIRECTION('ref_axis',(1.,0.,0.));
#7285=DIRECTION('center_axis',(0.,0.,-1.));
#7286=DIRECTION('ref_axis',(1.,0.,0.));
#7287=DIRECTION('',(0.,0.,-1.));
#7288=DIRECTION('center_axis',(0.,0.,-1.));
#7289=DIRECTION('ref_axis',(1.,0.,0.));
#7290=DIRECTION('',(-0.707106781186548,-8.65956056235494E-17,-0.707106781186547));
#7291=DIRECTION('center_axis',(0.,0.,1.));
#7292=DIRECTION('ref_axis',(1.,0.,0.));
#7293=DIRECTION('center_axis',(0.,0.,1.));
#7294=DIRECTION('ref_axis',(1.,-3.92999300752268E-16,0.));
#7295=DIRECTION('center_axis',(2.22044604925032E-15,-1.,0.));
#7296=DIRECTION('ref_axis',(1.,2.22044604925032E-15,0.));
#7297=DIRECTION('center_axis',(2.62774680384652E-16,1.,0.));
#7298=DIRECTION('ref_axis',(0.707106781186547,0.,0.707106781186548));
#7299=DIRECTION('',(2.62774680384652E-16,1.,0.));
#7300=DIRECTION('center_axis',(0.,0.,1.));
#7301=DIRECTION('ref_axis',(0.93557611311868,-0.353125100441392,0.));
#7302=DIRECTION('',(0.,0.,1.));
#7303=DIRECTION('center_axis',(0.,1.,0.));
#7304=DIRECTION('ref_axis',(0.707106781186547,0.,0.707106781186548));
#7305=DIRECTION('center_axis',(0.,0.,1.));
#7306=DIRECTION('ref_axis',(1.,0.,0.));
#7307=DIRECTION('center_axis',(0.,0.,1.));
#7308=DIRECTION('ref_axis',(1.,0.,0.));
#7309=DIRECTION('',(0.707106781186548,8.65956056235493E-17,-0.707106781186548));
#7310=DIRECTION('center_axis',(0.,0.,-1.));
#7311=DIRECTION('ref_axis',(1.,0.,0.));
#7312=DIRECTION('center_axis',(0.,0.,1.));
#7313=DIRECTION('ref_axis',(1.,0.,0.));
#7314=DIRECTION('',(1.,2.14881875733901E-16,0.));
#7315=DIRECTION('center_axis',(0.,0.,-1.));
#7316=DIRECTION('ref_axis',(-1.,0.,0.));
#7317=DIRECTION('',(-1.,0.,0.));
#7318=DIRECTION('center_axis',(0.,0.,-1.));
#7319=DIRECTION('ref_axis',(1.,0.,0.));
#7320=DIRECTION('center_axis',(0.,0.,1.));
#7321=DIRECTION('ref_axis',(1.,0.,0.));
#7322=DIRECTION('',(1.,0.,0.));
#7323=DIRECTION('center_axis',(0.,0.,-1.));
#7324=DIRECTION('ref_axis',(0.707106781186547,0.707106781186547,0.));
#7325=DIRECTION('',(0.,-1.,0.));
#7326=DIRECTION('center_axis',(0.,0.,-1.));
#7327=DIRECTION('ref_axis',(0.707106781186547,-0.707106781186547,0.));
#7328=DIRECTION('',(-1.,0.,0.));
#7329=DIRECTION('center_axis',(0.,0.,-1.));
#7330=DIRECTION('ref_axis',(-0.707106781186547,-0.707106781186547,0.));
#7331=DIRECTION('',(0.,1.,0.));
#7332=DIRECTION('center_axis',(0.,0.,-1.));
#7333=DIRECTION('ref_axis',(-0.707106781186547,0.707106781186547,0.));
#7334=DIRECTION('center_axis',(0.,0.,-1.));
#7335=DIRECTION('ref_axis',(1.,0.,0.));
#7336=DIRECTION('',(0.,0.,-1.));
#7337=DIRECTION('center_axis',(0.,0.,1.));
#7338=DIRECTION('ref_axis',(1.,0.,0.));
#7339=DIRECTION('',(0.707106781186548,8.65956056235493E-17,-0.707106781186548));
#7340=DIRECTION('center_axis',(0.,0.,-1.));
#7341=DIRECTION('ref_axis',(1.,0.,0.));
#7342=DIRECTION('center_axis',(0.,0.,-1.));
#7343=DIRECTION('ref_axis',(1.,0.,0.));
#7344=DIRECTION('',(0.,0.,-1.));
#7345=DIRECTION('center_axis',(-0.707106781186548,-2.5529958677785E-16,
0.707106781186548));
#7346=DIRECTION('ref_axis',(0.707106781186548,0.,0.707106781186548));
#7347=DIRECTION('',(-0.707106781186548,0.,-0.707106781186548));
#7348=DIRECTION('',(3.61048138089482E-16,-1.,0.));
#7349=DIRECTION('',(0.707106781186548,0.,0.707106781186548));
#7350=DIRECTION('center_axis',(0.,0.,-1.));
#7351=DIRECTION('ref_axis',(1.,0.,0.));
#7352=DIRECTION('',(-0.707106781186553,0.,0.707106781186542));
#7353=DIRECTION('center_axis',(0.,0.,1.));
#7354=DIRECTION('ref_axis',(1.,0.,0.));
#7355=DIRECTION('center_axis',(0.,0.,-1.));
#7356=DIRECTION('ref_axis',(-0.707106781186548,0.707106781186547,0.));
#7357=DIRECTION('',(0.,0.707106781186548,-0.707106781186548));
#7358=DIRECTION('center_axis',(0.,0.,1.));
#7359=DIRECTION('ref_axis',(-0.707106781186548,0.707106781186547,0.));
#7360=DIRECTION('center_axis',(0.707106781186546,4.37351659800493E-17,0.707106781186549));
#7361=DIRECTION('ref_axis',(0.707106781186549,0.,-0.707106781186546));
#7362=DIRECTION('',(-6.18508648816243E-17,1.,0.));
#7363=DIRECTION('',(-0.707106781186548,0.,0.707106781186546));
#7364=DIRECTION('center_axis',(1.48472100111941E-16,0.707106781186548,0.707106781186548));
#7365=DIRECTION('ref_axis',(1.,0.,-2.09971257612323E-16));
#7366=DIRECTION('',(0.,0.707106781186548,-0.707106781186548));
#7367=DIRECTION('',(-1.,2.09971257612323E-16,0.));
#7368=DIRECTION('center_axis',(0.,0.,-1.));
#7369=DIRECTION('ref_axis',(0.707106781186548,0.707106781186548,0.));
#7370=DIRECTION('center_axis',(0.,0.,1.));
#7371=DIRECTION('ref_axis',(0.707106781186548,0.707106781186548,0.));
#7372=DIRECTION('center_axis',(1.,6.18508648816243E-17,0.));
#7373=DIRECTION('ref_axis',(6.18508648816243E-17,-1.,0.));
#7374=DIRECTION('',(0.,0.,-1.));
#7375=DIRECTION('',(0.,0.,1.));
#7376=DIRECTION('center_axis',(0.,0.,1.));
#7377=DIRECTION('ref_axis',(1.,0.,0.));
#7378=DIRECTION('',(0.,0.,1.));
#7379=DIRECTION('center_axis',(-1.,-3.61048138089482E-16,0.));
#7380=DIRECTION('ref_axis',(-3.61048138089482E-16,1.,0.));
#7381=DIRECTION('',(0.,0.,1.));
#7382=DIRECTION('center_axis',(0.,0.,1.));
#7383=DIRECTION('ref_axis',(1.,0.,0.));
#7384=DIRECTION('center_axis',(0.,0.,1.));
#7385=DIRECTION('ref_axis',(1.,0.,0.));
#7386=DIRECTION('',(0.707106781186544,8.65956056235489E-17,-0.707106781186551));
#7387=DIRECTION('center_axis',(0.,0.,1.));
#7388=DIRECTION('ref_axis',(1.,0.,0.));
#7389=DIRECTION('',(-3.71105189289746E-16,1.,0.));
#7390=DIRECTION('center_axis',(0.,0.,-1.));
#7391=DIRECTION('ref_axis',(1.,0.,0.));
#7392=DIRECTION('',(0.,-1.,0.));
#7393=DIRECTION('center_axis',(0.,0.,-1.));
#7394=DIRECTION('ref_axis',(0.707106781186548,0.707106781186547,0.));
#7395=DIRECTION('',(1.,-2.09971257612323E-16,0.));
#7396=DIRECTION('center_axis',(0.,0.,-1.));
#7397=DIRECTION('ref_axis',(-0.707106781186548,0.707106781186547,0.));
#7398=DIRECTION('',(1.,1.11022302462515E-15,0.));
#7399=DIRECTION('',(1.66533453693774E-15,-1.,0.));
#7400=DIRECTION('',(-1.,-2.22044604925031E-15,0.));
#7401=DIRECTION('center_axis',(0.,0.,1.));
#7402=DIRECTION('ref_axis',(1.,0.,0.));
#7403=DIRECTION('',(0.707106781186544,8.65956056235489E-17,-0.707106781186551));
#7404=DIRECTION('center_axis',(-1.51944431485527E-16,0.707106781186548,
0.707106781186547));
#7405=DIRECTION('ref_axis',(1.,0.,2.14881875733902E-16));
#7406=DIRECTION('',(0.,0.707106781186545,-0.70710678118655));
#7407=DIRECTION('',(0.,-0.707106781186548,0.707106781186548));
#7408=DIRECTION('center_axis',(0.,0.,-1.));
#7409=DIRECTION('ref_axis',(-1.,0.,0.));
#7410=DIRECTION('',(0.,0.707106781186544,0.707106781186551));
#7411=DIRECTION('center_axis',(0.,0.,-1.));
#7412=DIRECTION('ref_axis',(1.,0.,0.));
#7413=DIRECTION('',(0.,-0.70710678118654,-0.707106781186555));
#7414=DIRECTION('center_axis',(0.,-0.707106781186548,0.707106781186548));
#7415=DIRECTION('ref_axis',(1.,0.,0.));
#7416=DIRECTION('',(1.,0.,0.));
#7417=DIRECTION('center_axis',(-0.707106781186548,-2.62410995880297E-16,
0.707106781186547));
#7418=DIRECTION('ref_axis',(0.707106781186547,0.,0.707106781186548));
#7419=DIRECTION('',(-0.707106781186548,0.,-0.707106781186548));
#7420=DIRECTION('',(0.707106781186547,0.,0.707106781186548));
#7421=DIRECTION('center_axis',(0.,0.,-1.));
#7422=DIRECTION('ref_axis',(1.,0.,0.));
#7423=DIRECTION('',(-0.707106781186548,0.,0.707106781186548));
#7424=DIRECTION('center_axis',(0.,0.,1.));
#7425=DIRECTION('ref_axis',(1.,0.,0.));
#7426=DIRECTION('center_axis',(0.,0.,-1.));
#7427=DIRECTION('ref_axis',(-0.707106781186548,0.707106781186547,0.));
#7428=DIRECTION('',(0.,0.707106781186548,-0.707106781186548));
#7429=DIRECTION('center_axis',(0.707106781186548,0.,0.707106781186548));
#7430=DIRECTION('ref_axis',(0.707106781186548,0.,-0.707106781186548));
#7431=DIRECTION('',(-0.707106781186548,0.,0.707106781186548));
#7432=DIRECTION('center_axis',(1.4847210011194E-16,0.707106781186544,0.707106781186551));
#7433=DIRECTION('ref_axis',(1.,0.,-2.0997125761232E-16));
#7434=DIRECTION('',(0.,0.707106781186551,-0.707106781186544));
#7435=DIRECTION('center_axis',(0.,0.,-1.));
#7436=DIRECTION('ref_axis',(0.707106781186548,0.707106781186547,0.));
#7437=DIRECTION('center_axis',(0.,0.,1.));
#7438=DIRECTION('ref_axis',(1.,0.,0.));
#7439=DIRECTION('center_axis',(0.,0.,-1.));
#7440=DIRECTION('ref_axis',(-0.707106781186548,0.707106781186547,0.));
#7441=DIRECTION('',(0.,0.,-1.));
#7442=DIRECTION('center_axis',(2.09971257612323E-16,1.,0.));
#7443=DIRECTION('ref_axis',(1.,-2.09971257612323E-16,0.));
#7444=DIRECTION('',(0.,0.,1.));
#7445=DIRECTION('center_axis',(0.,0.,-1.));
#7446=DIRECTION('ref_axis',(0.707106781186547,0.707106781186547,0.));
#7447=DIRECTION('center_axis',(0.,-1.,0.));
#7448=DIRECTION('ref_axis',(1.,0.,0.));
#7449=DIRECTION('center_axis',(0.,0.,-1.));
#7450=DIRECTION('ref_axis',(0.707106781186547,-0.707106781186547,0.));
#7451=DIRECTION('center_axis',(1.,0.,0.));
#7452=DIRECTION('ref_axis',(0.,0.,1.));
#7453=DIRECTION('center_axis',(0.,0.,1.));
#7454=DIRECTION('ref_axis',(0.707106781186547,-0.707106781186547,0.));
#7455=DIRECTION('center_axis',(1.,0.,0.));
#7456=DIRECTION('ref_axis',(0.,-0.707106781186553,0.707106781186542));
#7457=DIRECTION('center_axis',(1.,0.,0.));
#7458=DIRECTION('ref_axis',(0.,0.,1.));
#7459=DIRECTION('',(1.,0.,0.));
#7460=DIRECTION('',(-1.,0.,0.));
#7461=DIRECTION('center_axis',(0.,-1.,0.));
#7462=DIRECTION('ref_axis',(0.,0.,1.));
#7463=DIRECTION('center_axis',(0.,0.,1.));
#7464=DIRECTION('ref_axis',(-0.707106781186547,-0.707106781186547,0.));
#7465=DIRECTION('center_axis',(0.,0.,-1.));
#7466=DIRECTION('ref_axis',(-0.707106781186547,-0.707106781186547,0.));
#7467=DIRECTION('center_axis',(0.,-1.,0.));
#7468=DIRECTION('ref_axis',(-0.70710678118655,0.,0.707106781186545));
#7469=DIRECTION('center_axis',(0.,-1.,0.));
#7470=DIRECTION('ref_axis',(0.,0.,1.));
#7471=DIRECTION('',(0.,-1.,0.));
#7472=DIRECTION('',(0.,1.,0.));
#7473=DIRECTION('center_axis',(-1.,0.,0.));
#7474=DIRECTION('ref_axis',(0.,0.,1.));
#7475=DIRECTION('center_axis',(0.,0.,1.));
#7476=DIRECTION('ref_axis',(-0.707106781186547,0.707106781186547,0.));
#7477=DIRECTION('center_axis',(0.,0.,-1.));
#7478=DIRECTION('ref_axis',(-0.707106781186547,0.707106781186547,0.));
#7479=DIRECTION('center_axis',(-1.,0.,0.));
#7480=DIRECTION('ref_axis',(0.,0.707106781186548,0.707106781186548));
#7481=DIRECTION('center_axis',(-1.,0.,0.));
#7482=DIRECTION('ref_axis',(0.,0.,1.));
#7483=DIRECTION('',(-1.,0.,0.));
#7484=DIRECTION('',(1.,0.,0.));
#7485=DIRECTION('center_axis',(0.,1.,0.));
#7486=DIRECTION('ref_axis',(0.,0.,1.));
#7487=DIRECTION('center_axis',(0.,0.,1.));
#7488=DIRECTION('ref_axis',(0.707106781186547,0.707106781186547,0.));
#7489=DIRECTION('center_axis',(0.,0.,-1.));
#7490=DIRECTION('ref_axis',(0.707106781186547,0.707106781186547,0.));
#7491=DIRECTION('center_axis',(0.,1.,0.));
#7492=DIRECTION('ref_axis',(0.70710678118655,0.,0.707106781186545));
#7493=DIRECTION('',(0.,-1.,0.));
#7494=DIRECTION('',(0.,1.,0.));
#7495=DIRECTION('center_axis',(0.,1.,0.));
#7496=DIRECTION('ref_axis',(-1.,0.,0.));
#7497=DIRECTION('',(0.,0.,1.));
#7498=DIRECTION('',(0.,0.,-1.));
#7499=DIRECTION('center_axis',(0.,0.,1.));
#7500=DIRECTION('ref_axis',(0.707106781186547,0.707106781186547,0.));
#7501=DIRECTION('',(0.,0.,-1.));
#7502=DIRECTION('center_axis',(1.,0.,0.));
#7503=DIRECTION('ref_axis',(0.,1.,0.));
#7504=DIRECTION('',(0.,0.,1.));
#7505=DIRECTION('center_axis',(0.,0.,1.));
#7506=DIRECTION('ref_axis',(0.707106781186547,-0.707106781186547,0.));
#7507=DIRECTION('',(0.,0.,-1.));
#7508=DIRECTION('center_axis',(0.,0.,1.));
#7509=DIRECTION('ref_axis',(1.,0.,0.));
#7510=DIRECTION('center_axis',(-1.,0.,0.));
#7511=DIRECTION('ref_axis',(0.,0.70710678118655,0.707106781186545));
#7512=DIRECTION('center_axis',(-1.,0.,0.));
#7513=DIRECTION('ref_axis',(0.,0.,1.));
#7514=DIRECTION('',(-1.,0.,0.));
#7515=DIRECTION('center_axis',(1.,1.85037170770859E-15,0.));
#7516=DIRECTION('ref_axis',(-1.85037170770859E-15,1.,0.));
#7517=DIRECTION('',(1.,0.,0.));
#7518=DIRECTION('center_axis',(0.,1.,0.));
#7519=DIRECTION('ref_axis',(-1.,0.,0.));
#7520=DIRECTION('center_axis',(0.,0.,-1.));
#7521=DIRECTION('ref_axis',(-0.707106781186548,0.707106781186547,0.));
#7522=DIRECTION('center_axis',(0.,0.,1.));
#7523=DIRECTION('ref_axis',(-0.707106781186548,0.707106781186547,0.));
#7524=DIRECTION('center_axis',(0.,-1.,0.));
#7525=DIRECTION('ref_axis',(-0.70710678118655,0.,0.707106781186545));
#7526=DIRECTION('center_axis',(0.,1.,0.));
#7527=DIRECTION('ref_axis',(-1.,0.,0.));
#7528=DIRECTION('',(0.,1.,0.));
#7529=DIRECTION('',(0.,-1.,0.));
#7530=DIRECTION('center_axis',(-1.,0.,0.));
#7531=DIRECTION('ref_axis',(0.,-1.,0.));
#7532=DIRECTION('center_axis',(0.,0.,-1.));
#7533=DIRECTION('ref_axis',(-0.707106781186548,-0.707106781186547,0.));
#7534=DIRECTION('center_axis',(0.,0.,1.));
#7535=DIRECTION('ref_axis',(-0.707106781186548,-0.707106781186547,0.));
#7536=DIRECTION('center_axis',(1.,0.,0.));
#7537=DIRECTION('ref_axis',(0.,-0.70710678118655,0.707106781186545));
#7538=DIRECTION('center_axis',(-1.,-1.85037170770859E-15,0.));
#7539=DIRECTION('ref_axis',(1.85037170770859E-15,-1.,0.));
#7540=DIRECTION('',(-1.,0.,0.));
#7541=DIRECTION('',(1.,0.,0.));
#7542=DIRECTION('center_axis',(0.,-1.,0.));
#7543=DIRECTION('ref_axis',(1.,0.,0.));
#7544=DIRECTION('center_axis',(0.,0.,-1.));
#7545=DIRECTION('ref_axis',(0.707106781186548,-0.707106781186547,0.));
#7546=DIRECTION('center_axis',(0.,0.,1.));
#7547=DIRECTION('ref_axis',(0.707106781186548,-0.707106781186547,0.));
#7548=DIRECTION('center_axis',(0.,1.,0.));
#7549=DIRECTION('ref_axis',(0.70710678118655,0.,0.707106781186545));
#7550=DIRECTION('center_axis',(0.,-1.,0.));
#7551=DIRECTION('ref_axis',(1.,0.,0.));
#7552=DIRECTION('',(0.,-1.,0.));
#7553=DIRECTION('',(0.,1.,0.));
#7554=DIRECTION('center_axis',(0.,0.,1.));
#7555=DIRECTION('ref_axis',(0.707106781186548,0.707106781186547,0.));
#7556=DIRECTION('center_axis',(0.,0.,-1.));
#7557=DIRECTION('ref_axis',(0.707106781186548,0.707106781186547,0.));
#7558=DIRECTION('center_axis',(0.,0.,1.));
#7559=DIRECTION('ref_axis',(-0.707106781186547,-0.707106781186547,0.));
#7560=DIRECTION('',(0.,0.,-1.));
#7561=DIRECTION('',(0.,0.,1.));
#7562=DIRECTION('center_axis',(-1.,0.,0.));
#7563=DIRECTION('ref_axis',(0.,-1.,0.));
#7564=DIRECTION('',(0.,0.,1.));
#7565=DIRECTION('center_axis',(0.,0.,1.));
#7566=DIRECTION('ref_axis',(-0.707106781186547,0.707106781186547,0.));
#7567=DIRECTION('',(0.,0.,-1.));
#7568=DIRECTION('center_axis',(0.,1.,0.));
#7569=DIRECTION('ref_axis',(-1.,0.,0.));
#7570=DIRECTION('',(0.,0.,1.));
#7571=DIRECTION('center_axis',(0.,0.,1.));
#7572=DIRECTION('ref_axis',(1.,0.,0.));
#7573=DIRECTION('center_axis',(1.,2.22044604925031E-15,0.));
#7574=DIRECTION('ref_axis',(2.61682076447296E-15,-0.707106781186553,0.707106781186542));
#7575=DIRECTION('',(1.,2.22044604925031E-15,0.));
#7576=DIRECTION('center_axis',(1.,1.66533453693774E-15,0.));
#7577=DIRECTION('ref_axis',(-1.66533453693774E-15,1.,0.));
#7578=DIRECTION('center_axis',(2.22044604925031E-15,-1.,0.));
#7579=DIRECTION('ref_axis',(1.,2.22044604925031E-15,0.));
#7580=DIRECTION('center_axis',(0.,-1.,0.));
#7581=DIRECTION('ref_axis',(1.,0.,0.));
#7582=DIRECTION('',(0.,0.,1.));
#7583=DIRECTION('center_axis',(0.,0.,1.));
#7584=DIRECTION('ref_axis',(-0.707106781186547,0.707106781186547,0.));
#7585=DIRECTION('',(0.,0.,1.));
#7586=DIRECTION('center_axis',(0.,0.,1.));
#7587=DIRECTION('ref_axis',(-0.707106781186547,-0.707106781186547,0.));
#7588=DIRECTION('',(0.,0.,-1.));
#7589=DIRECTION('center_axis',(0.,-1.,0.));
#7590=DIRECTION('ref_axis',(1.,0.,0.));
#7591=DIRECTION('',(0.,0.,-1.));
#7592=DIRECTION('center_axis',(0.,0.,1.));
#7593=DIRECTION('ref_axis',(0.707106781186547,-0.707106781186547,0.));
#7594=DIRECTION('',(0.,0.,1.));
#7595=DIRECTION('center_axis',(0.,0.,1.));
#7596=DIRECTION('ref_axis',(0.707106781186547,0.707106781186547,0.));
#7597=DIRECTION('',(0.,0.,-1.));
#7598=DIRECTION('center_axis',(-1.11022302462515E-15,1.,0.));
#7599=DIRECTION('ref_axis',(-1.,-1.11022302462515E-15,0.));
#7600=DIRECTION('center_axis',(-1.,0.,0.));
#7601=DIRECTION('ref_axis',(0.,-1.,0.));
#7602=DIRECTION('center_axis',(1.,0.,0.));
#7603=DIRECTION('ref_axis',(0.,1.,0.));
#7604=DIRECTION('center_axis',(0.,-1.,0.));
#7605=DIRECTION('ref_axis',(1.,0.,0.));
#7606=DIRECTION('axis',(0.,0.,1.));
#7607=DIRECTION('refdir',(1.,0.,0.));
#7608=DIRECTION('center_axis',(0.,0.,-1.));
#7609=DIRECTION('ref_axis',(-1.,0.,0.));
#7610=DIRECTION('',(0.,0.,1.));
#7611=DIRECTION('',(0.,0.,1.));
#7612=DIRECTION('',(0.,0.,1.));
#7613=DIRECTION('center_axis',(0.,0.,-1.));
#7614=DIRECTION('ref_axis',(-1.,0.,0.));
#7615=DIRECTION('',(0.,0.,1.));
#7616=DIRECTION('',(0.,0.,1.));
#7617=DIRECTION('',(0.,0.,1.));
#7618=DIRECTION('',(0.,0.,1.));
#7619=DIRECTION('center_axis',(0.,0.,-1.));
#7620=DIRECTION('ref_axis',(-1.,0.,0.));
#7621=DIRECTION('center_axis',(-1.,3.70074341541721E-15,0.));
#7622=DIRECTION('ref_axis',(0.,0.,1.));
#7623=DIRECTION('center_axis',(0.,0.,1.));
#7624=DIRECTION('ref_axis',(0.965925826289068,0.258819045102521,0.));
#7625=DIRECTION('center_axis',(0.,-1.,0.));
#7626=DIRECTION('ref_axis',(1.,0.,0.));
#7627=DIRECTION('center_axis',(0.,0.,-1.));
#7628=DIRECTION('ref_axis',(0.965925826289068,0.258819045102521,0.));
#7629=DIRECTION('center_axis',(1.38777878078145E-15,1.,0.));
#7630=DIRECTION('ref_axis',(0.70710678118655,0.,0.707106781186545));
#7631=DIRECTION('center_axis',(0.,-1.,0.));
#7632=DIRECTION('ref_axis',(1.,0.,0.));
#7633=DIRECTION('',(-1.38777878078145E-15,-1.,0.));
#7634=DIRECTION('',(1.38777878078145E-15,1.,0.));
#7635=DIRECTION('center_axis',(-1.,3.70074341541718E-15,0.));
#7636=DIRECTION('ref_axis',(-3.70074341541719E-15,-1.,0.));
#7637=DIRECTION('center_axis',(0.,0.,-1.));
#7638=DIRECTION('ref_axis',(0.965925826289067,-0.258819045102524,0.));
#7639=DIRECTION('center_axis',(0.,0.,1.));
#7640=DIRECTION('ref_axis',(0.965925826289067,-0.258819045102524,0.));
#7641=DIRECTION('center_axis',(-1.,1.38777878078145E-15,0.));
#7642=DIRECTION('ref_axis',(-1.38777878078145E-15,-1.,0.));
#7643=DIRECTION('',(0.,0.,-1.));
#7644=DIRECTION('',(1.38777878078145E-15,1.,0.));
#7645=DIRECTION('',(0.,0.,1.));
#7646=DIRECTION('center_axis',(0.,0.,-1.));
#7647=DIRECTION('ref_axis',(0.707106781186549,0.707106781186546,0.));
#7648=DIRECTION('center_axis',(0.,0.,1.));
#7649=DIRECTION('ref_axis',(0.707106781186549,0.707106781186546,0.));
#7650=DIRECTION('',(0.,0.,-1.));
#7651=DIRECTION('center_axis',(-1.,1.11022302462515E-15,0.));
#7652=DIRECTION('ref_axis',(0.,0.707106781186553,0.707106781186542));
#7653=DIRECTION('',(1.,-1.11022302462515E-15,0.));
#7654=DIRECTION('center_axis',(1.,0.,3.70074341541718E-15));
#7655=DIRECTION('ref_axis',(0.,1.,0.));
#7656=DIRECTION('',(-1.,1.11022302462515E-15,0.));
#7657=DIRECTION('center_axis',(0.,-1.,0.));
#7658=DIRECTION('ref_axis',(0.,0.,1.));
#7659=DIRECTION('center_axis',(0.,0.,1.));
#7660=DIRECTION('ref_axis',(-0.965925826289068,0.258819045102521,0.));
#7661=DIRECTION('center_axis',(0.,0.,-1.));
#7662=DIRECTION('ref_axis',(-0.965925826289068,0.258819045102521,0.));
#7663=DIRECTION('center_axis',(1.66533453693774E-15,1.,0.));
#7664=DIRECTION('ref_axis',(-0.70710678118655,0.,0.707106781186545));
#7665=DIRECTION('center_axis',(0.,-1.,0.));
#7666=DIRECTION('ref_axis',(0.,0.,1.));
#7667=DIRECTION('',(-1.66533453693774E-15,-1.,0.));
#7668=DIRECTION('',(1.66533453693774E-15,1.,0.));
#7669=DIRECTION('center_axis',(1.,0.,0.));
#7670=DIRECTION('ref_axis',(0.,-7.40148683083437E-15,1.));
#7671=DIRECTION('center_axis',(0.,0.,1.));
#7672=DIRECTION('ref_axis',(-0.965925826289068,-0.258819045102521,0.));
#7673=DIRECTION('center_axis',(0.,0.,-1.));
#7674=DIRECTION('ref_axis',(-0.965925826289068,-0.258819045102521,0.));
#7675=DIRECTION('center_axis',(0.,0.,-1.));
#7676=DIRECTION('ref_axis',(-1.,0.,0.));
#7677=DIRECTION('',(1.,-2.22044604925031E-15,0.));
#7678=DIRECTION('center_axis',(0.,0.,-1.));
#7679=DIRECTION('ref_axis',(0.707106781186547,-0.707106781186547,0.));
#7680=DIRECTION('',(0.,0.,1.));
#7681=DIRECTION('center_axis',(0.,0.,1.));
#7682=DIRECTION('ref_axis',(0.707106781186547,-0.707106781186547,0.));
#7683=DIRECTION('center_axis',(0.,0.,-1.));
#7684=DIRECTION('ref_axis',(-0.707106781186545,-0.70710678118655,0.));
#7685=DIRECTION('',(0.,0.,1.));
#7686=DIRECTION('center_axis',(0.,0.,1.));
#7687=DIRECTION('ref_axis',(-0.707106781186545,-0.70710678118655,0.));
#7688=DIRECTION('',(0.,0.,-1.));
#7689=DIRECTION('center_axis',(0.,0.,-1.));
#7690=DIRECTION('ref_axis',(-0.707106781186547,0.707106781186547,0.));
#7691=DIRECTION('',(0.,0.,1.));
#7692=DIRECTION('center_axis',(0.,0.,1.));
#7693=DIRECTION('ref_axis',(-0.707106781186547,0.707106781186547,0.));
#7694=DIRECTION('',(0.,0.,-1.));
#7695=DIRECTION('center_axis',(1.,0.,0.));
#7696=DIRECTION('ref_axis',(0.,1.,0.));
#7697=DIRECTION('',(0.,1.,0.));
#7698=DIRECTION('',(0.,0.,1.));
#7699=DIRECTION('',(0.,1.,0.));
#7700=DIRECTION('',(0.,0.,1.));
#7701=DIRECTION('center_axis',(-1.,0.,0.));
#7702=DIRECTION('ref_axis',(0.,-1.,0.));
#7703=DIRECTION('',(0.,-1.,0.));
#7704=DIRECTION('',(0.,0.,1.));
#7705=DIRECTION('',(0.,-1.,0.));
#7706=DIRECTION('',(0.,0.,1.));
#7707=DIRECTION('center_axis',(0.,0.,-1.));
#7708=DIRECTION('ref_axis',(-1.,0.,0.));
#7709=DIRECTION('',(-1.,0.,0.));
#7710=DIRECTION('',(1.,0.,0.));
#7711=DIRECTION('center_axis',(0.,0.,1.));
#7712=DIRECTION('ref_axis',(-1.,0.,0.));
#7713=DIRECTION('center_axis',(0.,0.,1.));
#7714=DIRECTION('ref_axis',(1.,0.,0.));
#7715=DIRECTION('',(-1.,0.,0.));
#7716=DIRECTION('center_axis',(0.,0.,-1.));
#7717=DIRECTION('ref_axis',(1.,0.,0.));
#7718=DIRECTION('',(1.,0.,0.));
#7719=DIRECTION('center_axis',(0.,-1.,0.));
#7720=DIRECTION('ref_axis',(1.,0.,0.));
#7721=DIRECTION('',(1.,0.,0.));
#7722=DIRECTION('',(0.,0.,1.));
#7723=DIRECTION('',(1.,0.,0.));
#7724=DIRECTION('',(0.,0.,1.));
#7725=DIRECTION('center_axis',(0.,1.,0.));
#7726=DIRECTION('ref_axis',(-1.,0.,0.));
#7727=DIRECTION('',(-1.,0.,0.));
#7728=DIRECTION('',(0.,0.,1.));
#7729=DIRECTION('',(-1.,0.,0.));
#7730=DIRECTION('',(0.,0.,1.));
#7731=DIRECTION('center_axis',(0.,0.,1.));
#7732=DIRECTION('ref_axis',(1.,0.,0.));
#7733=DIRECTION('center_axis',(0.,0.,-1.));
#7734=DIRECTION('ref_axis',(1.,0.,0.));
#7735=DIRECTION('center_axis',(0.,0.,-1.));
#7736=DIRECTION('ref_axis',(1.,0.,0.));
#7737=DIRECTION('center_axis',(0.,0.,-1.));
#7738=DIRECTION('ref_axis',(-1.,0.,0.));
#7739=DIRECTION('center_axis',(0.,0.,-1.));
#7740=DIRECTION('ref_axis',(-1.,0.,0.));
#7741=DIRECTION('center_axis',(0.,0.,1.));
#7742=DIRECTION('ref_axis',(-1.,0.,0.));
#7743=DIRECTION('center_axis',(0.,0.,-1.));
#7744=DIRECTION('ref_axis',(-1.,0.,0.));
#7745=DIRECTION('',(-0.707106781186547,8.65956056235493E-17,-0.707106781186547));
#7746=DIRECTION('center_axis',(0.,0.,1.));
#7747=DIRECTION('ref_axis',(-1.,0.,0.));
#7748=DIRECTION('center_axis',(0.,0.,-1.));
#7749=DIRECTION('ref_axis',(-1.,0.,0.));
#7750=DIRECTION('',(0.,0.,1.));
#7751=DIRECTION('center_axis',(0.,0.,-1.));
#7752=DIRECTION('ref_axis',(-1.,0.,0.));
#7753=DIRECTION('',(3.61048138089482E-16,1.,0.));
#7754=DIRECTION('center_axis',(0.,0.,1.));
#7755=DIRECTION('ref_axis',(0.707106781186548,0.707106781186547,0.));
#7756=DIRECTION('',(-1.,-2.09971257612323E-16,0.));
#7757=DIRECTION('center_axis',(0.,0.,1.));
#7758=DIRECTION('ref_axis',(-0.707106781186547,0.707106781186547,0.));
#7759=DIRECTION('',(-6.18508648816243E-17,-1.,0.));
#7760=DIRECTION('center_axis',(0.,0.,1.));
#7761=DIRECTION('ref_axis',(-1.,0.,0.));
#7762=DIRECTION('center_axis',(0.,0.,-1.));
#7763=DIRECTION('ref_axis',(-1.,0.,0.));
#7764=DIRECTION('',(1.,0.,0.));
#7765=DIRECTION('center_axis',(0.,0.,1.));
#7766=DIRECTION('ref_axis',(-0.707106781186547,-0.707106781186547,0.));
#7767=DIRECTION('',(0.,-1.,0.));
#7768=DIRECTION('center_axis',(0.,0.,1.));
#7769=DIRECTION('ref_axis',(-0.707106781186547,0.707106781186547,0.));
#7770=DIRECTION('',(-1.,0.,0.));
#7771=DIRECTION('center_axis',(0.,0.,1.));
#7772=DIRECTION('ref_axis',(0.707106781186547,0.707106781186547,0.));
#7773=DIRECTION('',(0.,1.,0.));
#7774=DIRECTION('center_axis',(0.,0.,1.));
#7775=DIRECTION('ref_axis',(0.707106781186547,-0.707106781186547,0.));
#7776=DIRECTION('center_axis',(0.,0.,-1.));
#7777=DIRECTION('ref_axis',(-5.0532154980743E-16,-1.,0.));
#7778=DIRECTION('',(-0.530758116629127,0.467221383963001,-0.707106781186547));
#7779=DIRECTION('center_axis',(0.,0.,-1.));
#7780=DIRECTION('ref_axis',(-1.,0.,0.));
#7781=DIRECTION('',(-0.530758116629128,-0.467221383963,0.707106781186548));
#7782=DIRECTION('center_axis',(0.,0.,1.));
#7783=DIRECTION('ref_axis',(-1.,0.,0.));
#7784=DIRECTION('center_axis',(0.,0.,1.));
#7785=DIRECTION('ref_axis',(0.93557611311868,-0.353125100441392,0.));
#7786=DIRECTION('center_axis',(0.,0.,-1.));
#7787=DIRECTION('ref_axis',(0.93557611311868,-0.353125100441392,0.));
#7788=DIRECTION('',(-0.707106781186545,3.92523114670945E-15,-0.70710678118655));
#7789=DIRECTION('center_axis',(0.,0.,1.));
#7790=DIRECTION('ref_axis',(0.93557611311868,-0.353125100441392,0.));
#7791=DIRECTION('center_axis',(-0.707106781186544,2.62410995880295E-16,
0.707106781186551));
#7792=DIRECTION('ref_axis',(0.707106781186551,0.,0.707106781186544));
#7793=DIRECTION('',(-0.707106781186551,0.,-0.707106781186544));
#7794=DIRECTION('',(3.71105189289746E-16,1.,0.));
#7795=DIRECTION('',(-3.71105189289746E-16,-1.,0.));
#7796=DIRECTION('center_axis',(0.,0.,1.));
#7797=DIRECTION('ref_axis',(0.707106781186548,0.707106781186547,0.));
#7798=DIRECTION('',(0.,-0.707106781186547,-0.707106781186547));
#7799=DIRECTION('center_axis',(0.,0.,1.));
#7800=DIRECTION('ref_axis',(0.707106781186548,0.707106781186547,0.));
#7801=DIRECTION('center_axis',(0.,0.,-1.));
#7802=DIRECTION('ref_axis',(0.707106781186548,0.707106781186547,0.));
#7803=DIRECTION('center_axis',(1.4847210011194E-16,-0.707106781186544,0.707106781186551));
#7804=DIRECTION('ref_axis',(1.,0.,-2.0997125761232E-16));
#7805=DIRECTION('',(3.92523114670943E-15,-0.707106781186555,-0.70710678118654));
#7806=DIRECTION('',(-1.,-2.09971257612323E-16,0.));
#7807=DIRECTION('',(1.,2.09971257612323E-16,0.));
#7808=DIRECTION('center_axis',(0.,0.,1.));
#7809=DIRECTION('ref_axis',(-0.707106781186548,0.707106781186547,0.));
#7810=DIRECTION('',(0.707106781186551,0.,-0.707106781186544));
#7811=DIRECTION('center_axis',(0.,0.,1.));
#7812=DIRECTION('ref_axis',(-0.707106781186548,0.707106781186547,0.));
#7813=DIRECTION('center_axis',(0.,0.,-1.));
#7814=DIRECTION('ref_axis',(-0.707106781186548,0.707106781186547,0.));
#7815=DIRECTION('center_axis',(0.707106781186548,0.,0.707106781186548));
#7816=DIRECTION('ref_axis',(0.707106781186548,0.,-0.707106781186548));
#7817=DIRECTION('',(0.707106781186548,0.,-0.707106781186548));
#7818=DIRECTION('',(0.,-1.,0.));
#7819=DIRECTION('',(0.,1.,0.));
#7820=DIRECTION('center_axis',(0.,0.,1.));
#7821=DIRECTION('ref_axis',(-1.,0.,0.));
#7822=DIRECTION('center_axis',(0.,0.,-1.));
#7823=DIRECTION('ref_axis',(-1.,0.,0.));
#7824=DIRECTION('',(-1.98239167291807E-8,0.707106781186548,-0.707106781186547));
#7825=DIRECTION('center_axis',(0.,0.,1.));
#7826=DIRECTION('ref_axis',(-1.,0.,0.));
#7827=DIRECTION('center_axis',(0.,0.707106781186547,0.707106781186548));
#7828=DIRECTION('ref_axis',(1.,0.,0.));
#7829=DIRECTION('',(0.,0.707106781186552,-0.707106781186543));
#7830=DIRECTION('',(1.,0.,0.));
#7831=DIRECTION('',(-1.,0.,0.));
#7832=DIRECTION('center_axis',(0.,0.,1.));
#7833=DIRECTION('ref_axis',(1.,0.,0.));
#7834=DIRECTION('center_axis',(0.,0.,-1.));
#7835=DIRECTION('ref_axis',(1.,0.,0.));
#7836=DIRECTION('',(-0.707106781186548,1.82942659270015E-8,-0.707106781186547));
#7837=DIRECTION('center_axis',(0.,0.,1.));
#7838=DIRECTION('ref_axis',(1.,0.,0.));
#7839=DIRECTION('center_axis',(-0.707106781186544,2.55299586777848E-16,
0.707106781186551));
#7840=DIRECTION('ref_axis',(0.707106781186551,0.,0.707106781186544));
#7841=DIRECTION('',(-0.707106781186551,0.,-0.707106781186544));
#7842=DIRECTION('',(3.61048138089482E-16,1.,0.));
#7843=DIRECTION('',(-3.61048138089482E-16,-1.,0.));
#7844=DIRECTION('center_axis',(0.,0.,1.));
#7845=DIRECTION('ref_axis',(0.707106781186548,0.707106781186547,0.));
#7846=DIRECTION('',(3.92523114670948E-15,-0.707106781186547,-0.707106781186547));
#7847=DIRECTION('center_axis',(0.,0.,1.));
#7848=DIRECTION('ref_axis',(0.707106781186548,0.707106781186547,0.));
#7849=DIRECTION('center_axis',(0.,0.,-1.));
#7850=DIRECTION('ref_axis',(0.707106781186548,0.707106781186547,0.));
#7851=DIRECTION('center_axis',(1.4847210011194E-16,-0.707106781186544,0.707106781186551));
#7852=DIRECTION('ref_axis',(1.,0.,-2.0997125761232E-16));
#7853=DIRECTION('',(0.,-0.707106781186551,-0.707106781186544));
#7854=DIRECTION('',(-1.,-2.09971257612323E-16,0.));
#7855=DIRECTION('',(1.,2.09971257612323E-16,0.));
#7856=DIRECTION('center_axis',(0.,0.,1.));
#7857=DIRECTION('ref_axis',(-0.707106781186547,0.707106781186547,0.));
#7858=DIRECTION('',(0.707106781186552,0.,-0.707106781186543));
#7859=DIRECTION('center_axis',(0.,0.,1.));
#7860=DIRECTION('ref_axis',(-0.707106781186547,0.707106781186547,0.));
#7861=DIRECTION('center_axis',(0.,0.,-1.));
#7862=DIRECTION('ref_axis',(-0.707106781186547,0.707106781186547,0.));
#7863=DIRECTION('center_axis',(0.707106781186546,-4.37351659800493E-17,
0.707106781186549));
#7864=DIRECTION('ref_axis',(0.707106781186549,0.,-0.707106781186546));
#7865=DIRECTION('',(0.707106781186548,0.,-0.707106781186548));
#7866=DIRECTION('',(-6.18508648816243E-17,-1.,0.));
#7867=DIRECTION('',(6.18508648816243E-17,1.,0.));
#7868=DIRECTION('center_axis',(0.,0.,1.));
#7869=DIRECTION('ref_axis',(-0.93557611311868,-0.353125100441392,0.));
#7870=DIRECTION('center_axis',(0.,0.,-1.));
#7871=DIRECTION('ref_axis',(-0.93557611311868,-0.353125100441392,0.));
#7872=DIRECTION('center_axis',(0.,0.,1.));
#7873=DIRECTION('ref_axis',(-0.93557611311868,-0.353125100441392,0.));
#7874=DIRECTION('center_axis',(0.,0.,-1.));
#7875=DIRECTION('ref_axis',(-1.,0.,0.));
#7876=DIRECTION('',(0.,0.,1.));
#7877=DIRECTION('',(0.,0.,1.));
#7878=DIRECTION('center_axis',(0.,0.,-1.));
#7879=DIRECTION('ref_axis',(-1.,0.,0.));
#7880=DIRECTION('',(0.,0.,1.));
#7881=DIRECTION('center_axis',(0.,0.,1.));
#7882=DIRECTION('ref_axis',(-0.464742643867174,0.885445805778846,0.));
#7883=DIRECTION('',(0.,0.,1.));
#7884=DIRECTION('center_axis',(1.,0.,0.));
#7885=DIRECTION('ref_axis',(0.,-1.,0.));
#7886=DIRECTION('',(0.,1.,0.));
#7887=DIRECTION('',(0.,0.,1.));
#7888=DIRECTION('',(0.,1.,0.));
#7889=DIRECTION('',(0.,0.,-1.));
#7890=DIRECTION('center_axis',(0.,0.,1.));
#7891=DIRECTION('ref_axis',(-0.707106781186548,0.707106781186547,0.));
#7892=DIRECTION('center_axis',(0.,0.,-1.));
#7893=DIRECTION('ref_axis',(-0.707106781186548,0.707106781186547,0.));
#7894=DIRECTION('',(0.,0.,1.));
#7895=DIRECTION('center_axis',(2.09971257612323E-16,-1.,0.));
#7896=DIRECTION('ref_axis',(-1.,-2.09971257612323E-16,0.));
#7897=DIRECTION('',(1.,2.09971257612323E-16,0.));
#7898=DIRECTION('',(0.,0.,-1.));
#7899=DIRECTION('center_axis',(0.,0.,1.));
#7900=DIRECTION('ref_axis',(0.707106781186548,0.707106781186547,0.));
#7901=DIRECTION('center_axis',(0.,0.,-1.));
#7902=DIRECTION('ref_axis',(0.707106781186548,0.707106781186547,0.));
#7903=DIRECTION('',(0.,0.,1.));
#7904=DIRECTION('center_axis',(-1.,3.71105189289746E-16,0.));
#7905=DIRECTION('ref_axis',(3.71105189289746E-16,1.,0.));
#7906=DIRECTION('',(-3.71105189289746E-16,-1.,0.));
#7907=DIRECTION('',(0.,0.,1.));
#7908=DIRECTION('',(2.18978900320544E-16,-1.,0.));
#7909=DIRECTION('',(0.,0.,-1.));
#7910=DIRECTION('center_axis',(0.,0.,-1.));
#7911=DIRECTION('ref_axis',(0.93557611311868,-0.353125100441392,0.));
#7912=DIRECTION('center_axis',(0.,0.,-1.));
#7913=DIRECTION('ref_axis',(1.,3.92999300752268E-16,0.));
#7914=DIRECTION('center_axis',(0.,0.,-1.));
#7915=DIRECTION('ref_axis',(0.93557611311868,-0.353125100441392,0.));
#7916=DIRECTION('',(0.,0.,1.));
#7917=DIRECTION('center_axis',(0.,0.,-1.));
#7918=DIRECTION('ref_axis',(1.83697019872103E-16,-1.,0.));
#7919=DIRECTION('center_axis',(0.,0.,-1.));
#7920=DIRECTION('ref_axis',(-1.,0.,0.));
#7921=DIRECTION('',(0.,0.,1.));
#7922=DIRECTION('center_axis',(-1.66541634826033E-16,-0.877710723210216,
0.47919086631717));
#7923=DIRECTION('ref_axis',(0.,-0.47919086631717,-0.877710723210216));
#7924=DIRECTION('',(0.,0.,-1.));
#7925=DIRECTION('center_axis',(0.,0.,1.));
#7926=DIRECTION('ref_axis',(1.83697019872103E-16,-1.,0.));
#7927=DIRECTION('',(0.,0.,-1.));
#7928=DIRECTION('center_axis',(0.,0.,-1.));
#7929=DIRECTION('ref_axis',(-1.,0.,0.));
#7930=DIRECTION('center_axis',(0.,0.,1.));
#7931=DIRECTION('ref_axis',(-1.,0.,0.));
#7932=DIRECTION('center_axis',(0.,0.,1.));
#7933=DIRECTION('ref_axis',(-1.,0.,0.));
#7934=DIRECTION('center_axis',(0.,0.,1.));
#7935=DIRECTION('ref_axis',(-1.,0.,0.));
#7936=DIRECTION('center_axis',(0.,0.,1.));
#7937=DIRECTION('ref_axis',(-1.,0.,0.));
#7938=DIRECTION('center_axis',(0.,0.,1.));
#7939=DIRECTION('ref_axis',(-1.,0.,0.));
#7940=DIRECTION('center_axis',(0.,0.,1.));
#7941=DIRECTION('ref_axis',(-1.,0.,0.));
#7942=DIRECTION('center_axis',(0.,0.,1.));
#7943=DIRECTION('ref_axis',(-1.,0.,0.));
#7944=DIRECTION('',(0.707106781186547,8.65956056235493E-17,0.707106781186547));
#7945=DIRECTION('center_axis',(0.,0.,-1.));
#7946=DIRECTION('ref_axis',(-1.,0.,0.));
#7947=DIRECTION('center_axis',(0.,0.,-1.));
#7948=DIRECTION('ref_axis',(-1.,0.,0.));
#7949=DIRECTION('',(0.,0.,-1.));
#7950=DIRECTION('center_axis',(0.,0.,-1.));
#7951=DIRECTION('ref_axis',(-1.,0.,0.));
#7952=DIRECTION('center_axis',(0.,0.,-1.));
#7953=DIRECTION('ref_axis',(-1.,0.,0.));
#7954=DIRECTION('center_axis',(0.,0.,1.));
#7955=DIRECTION('ref_axis',(-1.,0.,0.));
#7956=DIRECTION('center_axis',(0.,0.,1.));
#7957=DIRECTION('ref_axis',(-1.,0.,0.));
#7958=DIRECTION('center_axis',(0.,0.,1.));
#7959=DIRECTION('ref_axis',(-1.,0.,0.));
#7960=DIRECTION('',(0.707106781186547,8.65956056235493E-17,0.707106781186547));
#7961=DIRECTION('center_axis',(0.,0.,-1.));
#7962=DIRECTION('ref_axis',(-1.,0.,0.));
#7963=DIRECTION('center_axis',(0.,0.,-1.));
#7964=DIRECTION('ref_axis',(-1.,0.,0.));
#7965=DIRECTION('',(0.,0.,-1.));
#7966=DIRECTION('center_axis',(0.,0.,-1.));
#7967=DIRECTION('ref_axis',(-1.,0.,0.));
#7968=DIRECTION('center_axis',(0.,0.,-1.));
#7969=DIRECTION('ref_axis',(-1.,0.,0.));
#7970=DIRECTION('center_axis',(0.,0.,1.));
#7971=DIRECTION('ref_axis',(-1.,0.,0.));
#7972=DIRECTION('center_axis',(0.,0.,-1.));
#7973=DIRECTION('ref_axis',(1.,0.,0.));
#7974=DIRECTION('center_axis',(-0.899646164657539,0.436619718309858,-9.69490528545909E-17));
#7975=DIRECTION('ref_axis',(0.,-2.22044604925031E-16,-1.));
#7976=DIRECTION('center_axis',(0.,0.,-1.));
#7977=DIRECTION('ref_axis',(0.464742643867174,0.885445805778846,0.));
#7978=DIRECTION('center_axis',(1.,0.,0.));
#7979=DIRECTION('ref_axis',(0.,-1.,0.));
#7980=DIRECTION('center_axis',(0.,0.,1.));
#7981=DIRECTION('ref_axis',(0.464742643867174,0.885445805778846,0.));
#7982=DIRECTION('center_axis',(1.,-2.14881875733901E-16,0.));
#7983=DIRECTION('ref_axis',(-3.14018491736755E-16,-0.707106781186547,-0.707106781186548));
#7984=DIRECTION('center_axis',(1.,0.,0.));
#7985=DIRECTION('ref_axis',(0.,-1.,0.));
#7986=DIRECTION('',(-1.,2.14881875733901E-16,0.));
#7987=DIRECTION('',(1.,-2.14881875733901E-16,0.));
#7988=DIRECTION('center_axis',(0.961167106152775,-4.26843940705257E-16,
0.275967016235456));
#7989=DIRECTION('ref_axis',(-4.44089209850063E-16,-1.,0.));
#7990=DIRECTION('center_axis',(-0.954935590830471,-0.0143329900974417,-0.29646683247899));
#7991=DIRECTION('ref_axis',(0.296232209509737,-0.108483182360975,-0.948935128021834));
#7992=DIRECTION('center_axis',(2.09971257612323E-16,1.,0.));
#7993=DIRECTION('ref_axis',(0.707106781186547,0.,0.707106781186548));
#7994=DIRECTION('',(-2.09971257612323E-16,-1.,0.));
#7995=DIRECTION('',(2.09971257612323E-16,1.,0.));
#7996=DIRECTION('center_axis',(0.,0.,-1.));
#7997=DIRECTION('ref_axis',(-1.,0.,0.));
#7998=DIRECTION('center_axis',(0.,0.,-1.));
#7999=DIRECTION('ref_axis',(0.0553059984193379,-0.998469451980801,0.));
#8000=DIRECTION('center_axis',(0.,0.,-1.));
#8001=DIRECTION('ref_axis',(1.83697019872103E-16,-1.,0.));
#8002=DIRECTION('center_axis',(0.,0.,-1.));
#8003=DIRECTION('ref_axis',(1.,0.,0.));
#8004=DIRECTION('center_axis',(-0.660750817831201,0.750605326876514,0.));
#8005=DIRECTION('ref_axis',(-0.750605326876514,-0.660750817831201,0.));
#8006=DIRECTION('center_axis',(0.,0.,-1.));
#8007=DIRECTION('ref_axis',(1.,0.,0.));
#8008=DIRECTION('center_axis',(0.899646164657539,0.436619718309859,0.));
#8009=DIRECTION('ref_axis',(0.436619718309859,-0.899646164657539,0.));
#8010=DIRECTION('center_axis',(-1.,4.44089209850062E-16,0.));
#8011=DIRECTION('ref_axis',(0.,0.,-1.));
#8012=DIRECTION('center_axis',(0.,0.,-1.));
#8013=DIRECTION('ref_axis',(-0.464742643867174,0.885445805778846,0.));
#8014=DIRECTION('center_axis',(1.,-2.14881875733901E-16,0.));
#8015=DIRECTION('ref_axis',(-3.14018491736755E-16,-0.707106781186547,-0.707106781186548));
#8016=DIRECTION('center_axis',(-1.,4.44089209850063E-16,0.));
#8017=DIRECTION('ref_axis',(0.,0.,-1.));
#8018=DIRECTION('',(1.,-2.14881875733901E-16,0.));
#8019=DIRECTION('',(-1.,2.14881875733901E-16,0.));
#8020=DIRECTION('center_axis',(0.95493559081555,-0.0143329901273171,-0.296466832525607));
#8021=DIRECTION('ref_axis',(-0.015007689232688,-0.999887378290123,-2.23543317190433E-9));
#8022=DIRECTION('center_axis',(0.961167106152775,0.,-0.275967016235457));
#8023=DIRECTION('ref_axis',(0.,-1.,0.));
#8024=DIRECTION('center_axis',(-2.14881875733901E-16,-1.,0.));
#8025=DIRECTION('ref_axis',(-1.,2.14881875733901E-16,0.));
#8026=DIRECTION('',(-1.,2.14881875733901E-16,0.));
#8027=DIRECTION('',(1.,-2.14881875733901E-16,0.));
#8028=DIRECTION('',(0.,0.,1.));
#8029=DIRECTION('center_axis',(-1.,2.22044604925031E-16,-3.91524547690345E-17));
#8030=DIRECTION('ref_axis',(2.22044604925031E-16,1.,0.));
#8031=DIRECTION('center_axis',(0.,0.,1.));
#8032=DIRECTION('ref_axis',(0.669846064405845,0.742500000000001,0.));
#8033=DIRECTION('center_axis',(0.,0.,-1.));
#8034=DIRECTION('ref_axis',(0.358817502360183,0.933407735129724,0.));
#8035=DIRECTION('center_axis',(-0.899646164657601,0.436619718309731,2.23732966468163E-13));
#8036=DIRECTION('ref_axis',(0.436619718309731,0.899646164657601,0.));
#8037=DIRECTION('center_axis',(0.,0.,-1.));
#8038=DIRECTION('ref_axis',(1.,0.,0.));
#8039=DIRECTION('center_axis',(-0.999716115473461,-0.0238262137708221,-2.64524111180076E-18));
#8040=DIRECTION('ref_axis',(-0.0238262137708221,0.999716115473462,0.));
#8041=DIRECTION('center_axis',(0.,0.,1.));
#8042=DIRECTION('ref_axis',(-0.0553059984193379,-0.998469451980801,0.));
#8043=DIRECTION('center_axis',(0.,0.,-1.));
#8044=DIRECTION('ref_axis',(-0.0553059984193379,-0.998469451980801,0.));
#8045=DIRECTION('center_axis',(-0.743398071372799,-0.649159157992084,0.161095298113299));
#8046=DIRECTION('ref_axis',(-0.657750127306392,0.753236198033807,0.));
#8047=DIRECTION('center_axis',(0.521282749690025,0.814668632367474,-0.254124603909415));
#8048=DIRECTION('ref_axis',(-0.783935523525774,0.339468944449688,-0.519813361417909));
#8049=DIRECTION('center_axis',(-0.140558351593006,-0.794424926467408,0.590874255662498));
#8050=DIRECTION('ref_axis',(-0.984705880054311,0.174224940196476,0.));
#8051=DIRECTION('center_axis',(0.,0.,-1.));
#8052=DIRECTION('ref_axis',(-0.998348012060415,0.0574564775723177,0.));
#8053=DIRECTION('center_axis',(-0.660750817831203,-0.750605326876513,0.));
#8054=DIRECTION('ref_axis',(0.750605326876513,-0.660750817831203,0.));
#8055=DIRECTION('center_axis',(0.,0.,-1.));
#8056=DIRECTION('ref_axis',(1.83697019872103E-16,-1.,0.));
#8057=DIRECTION('center_axis',(0.,0.,-1.));
#8058=DIRECTION('ref_axis',(1.,0.,0.));
#8059=DIRECTION('center_axis',(0.397374399947237,0.917656573161536,8.82348416436057E-16));
#8060=DIRECTION('ref_axis',(-2.22044604925032E-15,0.,1.));
#8061=DIRECTION('center_axis',(0.,0.,1.));
#8062=DIRECTION('ref_axis',(-1.,0.,0.));
#8063=DIRECTION('center_axis',(0.,1.,0.));
#8064=DIRECTION('ref_axis',(0.,0.,1.));
#8065=DIRECTION('center_axis',(-2.18978900320544E-16,1.,0.));
#8066=DIRECTION('ref_axis',(0.707106781186548,0.,0.707106781186547));
#8067=DIRECTION('center_axis',(-0.140558351614461,0.794424926426681,-0.59087425571215));
#8068=DIRECTION('ref_axis',(0.984705880048216,0.174224940230923,0.));
#8069=DIRECTION('center_axis',(-0.521282749690024,0.814668632367474,-0.254124603909416));
#8070=DIRECTION('ref_axis',(0.842320770549837,0.538976548191411,0.));
#8071=DIRECTION('center_axis',(-0.74339807137284,0.649159157992038,-0.161095298113292));
#8072=DIRECTION('ref_axis',(0.657750127306346,0.753236198033848,2.22044604925031E-16));
#8073=DIRECTION('center_axis',(0.,0.,-1.));
#8074=DIRECTION('ref_axis',(1.,0.,0.));
#8075=DIRECTION('center_axis',(0.999716115473461,-0.0238262137708221,-2.64524111180076E-18));
#8076=DIRECTION('ref_axis',(0.,1.11022302462516E-16,-1.));
#8077=DIRECTION('center_axis',(-0.899646164657539,-0.436619718309859,0.));
#8078=DIRECTION('ref_axis',(-0.436619718309859,0.899646164657539,0.));
#8079=DIRECTION('center_axis',(0.,0.,1.));
#8080=DIRECTION('ref_axis',(0.0553059984193379,-0.998469451980801,0.));
#8081=DIRECTION('center_axis',(0.,0.,-1.));
#8082=DIRECTION('ref_axis',(1.,0.,0.));
#8083=DIRECTION('center_axis',(-0.397374399947235,0.917656573161537,8.82348416436053E-16));
#8084=DIRECTION('ref_axis',(-0.917656573161537,-0.397374399947235,0.));
#8085=DIRECTION('center_axis',(0.,0.,-1.));
#8086=DIRECTION('ref_axis',(-0.93557611311868,-0.353125100441392,0.));
#8087=DIRECTION('center_axis',(0.,0.,1.));
#8088=DIRECTION('ref_axis',(0.,1.,0.));
#8089=DIRECTION('center_axis',(1.,-2.22044604925031E-16,3.91524547690347E-17));
#8090=DIRECTION('ref_axis',(2.22044604925031E-16,0.939692620785908,-0.342020143325669));
#8091=DIRECTION('center_axis',(0.,0.,1.));
#8092=DIRECTION('ref_axis',(-0.358817502360183,0.933407735129724,0.));
#8093=DIRECTION('center_axis',(2.01922912967782E-16,0.939692620785908,-0.342020143325669));
#8094=DIRECTION('ref_axis',(0.,-0.342020143325669,-0.939692620785908));
#8095=DIRECTION('center_axis',(-1.,2.14881875733901E-16,0.));
#8096=DIRECTION('ref_axis',(2.25470000866533E-16,0.984807753012208,-0.173648177666931));
#8097=DIRECTION('',(1.,-2.14881875733901E-16,0.));
#8098=DIRECTION('center_axis',(2.01922912967782E-16,0.939692620785908,-0.342020143325669));
#8099=DIRECTION('ref_axis',(-1.,1.41387945797304E-16,-2.01922912967782E-16));
#8100=DIRECTION('center_axis',(0.,0.,-1.));
#8101=DIRECTION('ref_axis',(-1.,0.,0.));
#8102=DIRECTION('',(-0.707106781186548,-8.65956056235494E-17,0.707106781186547));
#8103=DIRECTION('center_axis',(0.,0.,-1.));
#8104=DIRECTION('ref_axis',(-1.,0.,0.));
#8105=DIRECTION('center_axis',(0.,0.,-1.));
#8106=DIRECTION('ref_axis',(-1.,0.,0.));
#8107=DIRECTION('',(0.,0.,1.));
#8108=DIRECTION('center_axis',(0.,0.,-1.));
#8109=DIRECTION('ref_axis',(-1.,0.,0.));
#8110=DIRECTION('center_axis',(0.,0.,-1.));
#8111=DIRECTION('ref_axis',(-1.,0.,0.));
#8112=DIRECTION('center_axis',(0.,0.,-1.));
#8113=DIRECTION('ref_axis',(-1.,0.,0.));
#8114=DIRECTION('',(0.,-1.,0.));
#8115=DIRECTION('center_axis',(0.,0.,-1.));
#8116=DIRECTION('ref_axis',(1.,-1.22464679914735E-16,0.));
#8117=DIRECTION('',(0.,0.,1.));
#8118=DIRECTION('center_axis',(0.,0.,-1.));
#8119=DIRECTION('ref_axis',(1.,0.,0.));
#8120=DIRECTION('',(0.,0.,1.));
#8121=DIRECTION('',(0.,0.,1.));
#8122=DIRECTION('center_axis',(0.,0.,-1.));
#8123=DIRECTION('ref_axis',(-1.,0.,0.));
#8124=DIRECTION('',(0.707106781186548,-8.65956056235494E-17,-0.707106781186547));
#8125=DIRECTION('center_axis',(0.,0.,-1.));
#8126=DIRECTION('ref_axis',(-1.,0.,0.));
#8127=DIRECTION('center_axis',(0.,0.,-1.));
#8128=DIRECTION('ref_axis',(-1.,0.,0.));
#8129=DIRECTION('',(0.707106781186548,-8.65956056235494E-17,-0.707106781186547));
#8130=DIRECTION('center_axis',(0.,0.,-1.));
#8131=DIRECTION('ref_axis',(-1.,0.,0.));
#8132=DIRECTION('center_axis',(0.,0.,1.));
#8133=DIRECTION('ref_axis',(-1.,0.,0.));
#8134=DIRECTION('',(0.,0.,-1.));
#8135=DIRECTION('center_axis',(0.,0.,-1.));
#8136=DIRECTION('ref_axis',(-1.,0.,0.));
#8137=DIRECTION('center_axis',(0.,0.,-1.));
#8138=DIRECTION('ref_axis',(-1.,0.,0.));
#8139=DIRECTION('',(0.707106781186548,-8.65956056235494E-17,-0.707106781186547));
#8140=DIRECTION('center_axis',(0.,0.,-1.));
#8141=DIRECTION('ref_axis',(-1.,0.,0.));
#8142=DIRECTION('center_axis',(0.,0.,1.));
#8143=DIRECTION('ref_axis',(-1.,0.,0.));
#8144=DIRECTION('',(0.,0.,-1.));
#8145=DIRECTION('center_axis',(0.,0.,-1.));
#8146=DIRECTION('ref_axis',(-1.,0.,0.));
#8147=DIRECTION('',(0.707106781186548,-8.65956056235494E-17,-0.707106781186547));
#8148=DIRECTION('center_axis',(0.,0.,1.));
#8149=DIRECTION('ref_axis',(-1.,0.,0.));
#8150=DIRECTION('center_axis',(2.22044604925032E-15,1.,0.));
#8151=DIRECTION('ref_axis',(-1.,2.22044604925032E-15,0.));
#8152=DIRECTION('center_axis',(0.,0.,-1.));
#8153=DIRECTION('ref_axis',(-1.,-3.92999300752268E-16,0.));
#8154=DIRECTION('center_axis',(2.62774680384652E-16,-1.,0.));
#8155=DIRECTION('ref_axis',(-0.707106781186547,0.,0.707106781186548));
#8156=DIRECTION('',(-2.62774680384652E-16,1.,0.));
#8157=DIRECTION('center_axis',(0.,0.,-1.));
#8158=DIRECTION('ref_axis',(-0.93557611311868,-0.353125100441392,0.));
#8159=DIRECTION('',(0.,0.,1.));
#8160=DIRECTION('center_axis',(0.,-1.,0.));
#8161=DIRECTION('ref_axis',(-0.707106781186547,0.,0.707106781186548));
#8162=DIRECTION('center_axis',(0.,0.,1.));
#8163=DIRECTION('ref_axis',(-1.,0.,0.));
#8164=DIRECTION('center_axis',(0.,0.,-1.));
#8165=DIRECTION('ref_axis',(-1.,0.,0.));
#8166=DIRECTION('',(-0.707106781186548,8.65956056235493E-17,-0.707106781186548));
#8167=DIRECTION('center_axis',(0.,0.,1.));
#8168=DIRECTION('ref_axis',(-1.,0.,0.));
#8169=DIRECTION('center_axis',(0.,0.,-1.));
#8170=DIRECTION('ref_axis',(-1.,0.,0.));
#8171=DIRECTION('',(-1.,2.14881875733901E-16,0.));
#8172=DIRECTION('center_axis',(0.,0.,1.));
#8173=DIRECTION('ref_axis',(-1.,0.,0.));
#8174=DIRECTION('',(1.,0.,0.));
#8175=DIRECTION('center_axis',(0.,0.,1.));
#8176=DIRECTION('ref_axis',(1.,0.,0.));
#8177=DIRECTION('center_axis',(0.,0.,-1.));
#8178=DIRECTION('ref_axis',(-1.,0.,0.));
#8179=DIRECTION('',(-1.,0.,0.));
#8180=DIRECTION('center_axis',(0.,0.,1.));
#8181=DIRECTION('ref_axis',(0.707106781186547,0.707106781186547,0.));
#8182=DIRECTION('',(0.,1.,0.));
#8183=DIRECTION('center_axis',(0.,0.,1.));
#8184=DIRECTION('ref_axis',(0.707106781186547,-0.707106781186547,0.));
#8185=DIRECTION('',(1.,0.,0.));
#8186=DIRECTION('center_axis',(0.,0.,1.));
#8187=DIRECTION('ref_axis',(-0.707106781186547,-0.707106781186547,0.));
#8188=DIRECTION('',(0.,-1.,0.));
#8189=DIRECTION('center_axis',(0.,0.,1.));
#8190=DIRECTION('ref_axis',(-0.707106781186547,0.707106781186547,0.));
#8191=DIRECTION('center_axis',(0.,0.,1.));
#8192=DIRECTION('ref_axis',(-1.,0.,0.));
#8193=DIRECTION('',(0.,0.,-1.));
#8194=DIRECTION('center_axis',(0.,0.,1.));
#8195=DIRECTION('ref_axis',(-1.,0.,0.));
#8196=DIRECTION('',(-0.707106781186548,8.65956056235493E-17,-0.707106781186548));
#8197=DIRECTION('center_axis',(0.,0.,1.));
#8198=DIRECTION('ref_axis',(-1.,0.,0.));
#8199=DIRECTION('center_axis',(0.,0.,1.));
#8200=DIRECTION('ref_axis',(-1.,0.,0.));
#8201=DIRECTION('',(0.,0.,-1.));
#8202=DIRECTION('center_axis',(-0.707106781186548,2.5529958677785E-16,-0.707106781186548));
#8203=DIRECTION('ref_axis',(-0.707106781186548,0.,0.707106781186548));
#8204=DIRECTION('',(0.707106781186548,0.,-0.707106781186548));
#8205=DIRECTION('',(-0.707106781186548,0.,0.707106781186548));
#8206=DIRECTION('',(-3.61048138089482E-16,-1.,0.));
#8207=DIRECTION('center_axis',(0.,0.,-1.));
#8208=DIRECTION('ref_axis',(-1.,0.,0.));
#8209=DIRECTION('',(0.707106781186553,0.,0.707106781186542));
#8210=DIRECTION('center_axis',(0.,0.,-1.));
#8211=DIRECTION('ref_axis',(-1.,0.,0.));
#8212=DIRECTION('center_axis',(0.,0.,-1.));
#8213=DIRECTION('ref_axis',(0.707106781186548,0.707106781186547,0.));
#8214=DIRECTION('',(0.,0.707106781186548,-0.707106781186548));
#8215=DIRECTION('center_axis',(0.,0.,-1.));
#8216=DIRECTION('ref_axis',(0.707106781186548,0.707106781186547,0.));
#8217=DIRECTION('center_axis',(0.707106781186546,-4.37351659800493E-17,
-0.707106781186549));
#8218=DIRECTION('ref_axis',(-0.707106781186549,0.,-0.707106781186546));
#8219=DIRECTION('',(0.707106781186548,0.,0.707106781186546));
#8220=DIRECTION('',(6.18508648816243E-17,1.,0.));
#8221=DIRECTION('center_axis',(1.48472100111941E-16,-0.707106781186548,
-0.707106781186548));
#8222=DIRECTION('ref_axis',(-1.,0.,-2.09971257612323E-16));
#8223=DIRECTION('',(0.,0.707106781186548,-0.707106781186548));
#8224=DIRECTION('',(1.,2.09971257612323E-16,0.));
#8225=DIRECTION('center_axis',(0.,0.,-1.));
#8226=DIRECTION('ref_axis',(-0.707106781186548,0.707106781186548,0.));
#8227=DIRECTION('center_axis',(0.,0.,-1.));
#8228=DIRECTION('ref_axis',(-0.707106781186548,0.707106781186548,0.));
#8229=DIRECTION('center_axis',(1.,-6.18508648816243E-17,0.));
#8230=DIRECTION('ref_axis',(-6.18508648816243E-17,-1.,0.));
#8231=DIRECTION('',(0.,0.,1.));
#8232=DIRECTION('',(0.,0.,-1.));
#8233=DIRECTION('center_axis',(0.,0.,-1.));
#8234=DIRECTION('ref_axis',(-1.,0.,0.));
#8235=DIRECTION('',(0.,0.,1.));
#8236=DIRECTION('center_axis',(-1.,3.61048138089482E-16,0.));
#8237=DIRECTION('ref_axis',(3.61048138089482E-16,1.,0.));
#8238=DIRECTION('',(0.,0.,1.));
#8239=DIRECTION('center_axis',(0.,0.,1.));
#8240=DIRECTION('ref_axis',(-1.,0.,0.));
#8241=DIRECTION('center_axis',(0.,0.,-1.));
#8242=DIRECTION('ref_axis',(-1.,0.,0.));
#8243=DIRECTION('',(-0.707106781186544,8.65956056235489E-17,-0.707106781186551));
#8244=DIRECTION('center_axis',(0.,0.,-1.));
#8245=DIRECTION('ref_axis',(-1.,0.,0.));
#8246=DIRECTION('',(3.71105189289746E-16,1.,0.));
#8247=DIRECTION('center_axis',(0.,0.,1.));
#8248=DIRECTION('ref_axis',(0.707106781186548,0.707106781186547,0.));
#8249=DIRECTION('',(-1.,-2.09971257612323E-16,0.));
#8250=DIRECTION('center_axis',(0.,0.,1.));
#8251=DIRECTION('ref_axis',(-0.707106781186548,0.707106781186547,0.));
#8252=DIRECTION('',(0.,-1.,0.));
#8253=DIRECTION('center_axis',(0.,0.,1.));
#8254=DIRECTION('ref_axis',(-1.,0.,0.));
#8255=DIRECTION('',(1.,-2.22044604925031E-15,0.));
#8256=DIRECTION('',(-1.66533453693774E-15,-1.,0.));
#8257=DIRECTION('',(-1.,1.11022302462515E-15,0.));
#8258=DIRECTION('center_axis',(0.,0.,1.));
#8259=DIRECTION('ref_axis',(-1.,0.,0.));
#8260=DIRECTION('',(-0.707106781186544,8.65956056235489E-17,-0.707106781186551));
#8261=DIRECTION('center_axis',(-1.51944431485527E-16,-0.707106781186548,
-0.707106781186547));
#8262=DIRECTION('ref_axis',(-1.,0.,2.14881875733902E-16));
#8263=DIRECTION('',(0.,0.707106781186545,-0.70710678118655));
#8264=DIRECTION('',(0.,-0.707106781186548,0.707106781186548));
#8265=DIRECTION('center_axis',(0.,0.,-1.));
#8266=DIRECTION('ref_axis',(1.,0.,0.));
#8267=DIRECTION('',(0.,0.707106781186544,0.707106781186551));
#8268=DIRECTION('center_axis',(0.,0.,-1.));
#8269=DIRECTION('ref_axis',(-1.,0.,0.));
#8270=DIRECTION('',(0.,-0.70710678118654,-0.707106781186555));
#8271=DIRECTION('center_axis',(0.,0.707106781186548,-0.707106781186548));
#8272=DIRECTION('ref_axis',(-1.,0.,0.));
#8273=DIRECTION('',(-1.,0.,0.));
#8274=DIRECTION('center_axis',(-0.707106781186548,2.62410995880297E-16,
-0.707106781186547));
#8275=DIRECTION('ref_axis',(-0.707106781186547,0.,0.707106781186548));
#8276=DIRECTION('',(0.707106781186548,0.,-0.707106781186548));
#8277=DIRECTION('',(-0.707106781186547,0.,0.707106781186548));
#8278=DIRECTION('center_axis',(0.,0.,-1.));
#8279=DIRECTION('ref_axis',(-1.,0.,0.));
#8280=DIRECTION('',(0.707106781186548,0.,0.707106781186548));
#8281=DIRECTION('center_axis',(0.,0.,-1.));
#8282=DIRECTION('ref_axis',(-1.,0.,0.));
#8283=DIRECTION('center_axis',(0.,0.,-1.));
#8284=DIRECTION('ref_axis',(0.707106781186548,0.707106781186547,0.));
#8285=DIRECTION('',(0.,0.707106781186548,-0.707106781186548));
#8286=DIRECTION('center_axis',(0.707106781186548,0.,-0.707106781186548));
#8287=DIRECTION('ref_axis',(-0.707106781186548,0.,-0.707106781186548));
#8288=DIRECTION('',(0.707106781186548,0.,0.707106781186548));
#8289=DIRECTION('center_axis',(1.4847210011194E-16,-0.707106781186544,-0.707106781186551));
#8290=DIRECTION('ref_axis',(-1.,0.,-2.0997125761232E-16));
#8291=DIRECTION('',(0.,0.707106781186551,-0.707106781186544));
#8292=DIRECTION('center_axis',(0.,0.,-1.));
#8293=DIRECTION('ref_axis',(-0.707106781186548,0.707106781186547,0.));
#8294=DIRECTION('center_axis',(0.,0.,-1.));
#8295=DIRECTION('ref_axis',(-1.,0.,0.));
#8296=DIRECTION('center_axis',(0.,0.,1.));
#8297=DIRECTION('ref_axis',(0.707106781186548,0.707106781186547,0.));
#8298=DIRECTION('',(0.,0.,-1.));
#8299=DIRECTION('center_axis',(2.09971257612323E-16,-1.,0.));
#8300=DIRECTION('ref_axis',(-1.,-2.09971257612323E-16,0.));
#8301=DIRECTION('',(0.,0.,1.));
#8302=DIRECTION('center_axis',(0.,0.,1.));
#8303=DIRECTION('ref_axis',(-0.707106781186547,0.707106781186547,0.));
#8304=DIRECTION('center_axis',(0.,1.,0.));
#8305=DIRECTION('ref_axis',(-1.,0.,0.));
#8306=DIRECTION('center_axis',(0.,0.,-1.));
#8307=DIRECTION('ref_axis',(-0.707106781186547,-0.707106781186547,0.));
#8308=DIRECTION('center_axis',(1.,0.,0.));
#8309=DIRECTION('ref_axis',(0.,0.,1.));
#8310=DIRECTION('center_axis',(0.,0.,1.));
#8311=DIRECTION('ref_axis',(-0.707106781186547,-0.707106781186547,0.));
#8312=DIRECTION('center_axis',(1.,0.,0.));
#8313=DIRECTION('ref_axis',(0.,-0.707106781186553,0.707106781186542));
#8314=DIRECTION('center_axis',(1.,0.,0.));
#8315=DIRECTION('ref_axis',(0.,0.,1.));
#8316=DIRECTION('',(1.,0.,0.));
#8317=DIRECTION('',(-1.,0.,0.));
#8318=DIRECTION('center_axis',(0.,1.,0.));
#8319=DIRECTION('ref_axis',(0.,0.,1.));
#8320=DIRECTION('center_axis',(0.,0.,1.));
#8321=DIRECTION('ref_axis',(0.707106781186547,-0.707106781186547,0.));
#8322=DIRECTION('center_axis',(0.,0.,-1.));
#8323=DIRECTION('ref_axis',(0.707106781186547,-0.707106781186547,0.));
#8324=DIRECTION('center_axis',(0.,1.,0.));
#8325=DIRECTION('ref_axis',(0.70710678118655,0.,0.707106781186545));
#8326=DIRECTION('center_axis',(0.,1.,0.));
#8327=DIRECTION('ref_axis',(0.,0.,1.));
#8328=DIRECTION('',(0.,1.,0.));
#8329=DIRECTION('',(0.,-1.,0.));
#8330=DIRECTION('center_axis',(-1.,0.,0.));
#8331=DIRECTION('ref_axis',(0.,0.,1.));
#8332=DIRECTION('center_axis',(0.,0.,1.));
#8333=DIRECTION('ref_axis',(0.707106781186547,0.707106781186547,0.));
#8334=DIRECTION('center_axis',(0.,0.,-1.));
#8335=DIRECTION('ref_axis',(0.707106781186547,0.707106781186547,0.));
#8336=DIRECTION('center_axis',(-1.,0.,0.));
#8337=DIRECTION('ref_axis',(0.,0.707106781186548,0.707106781186548));
#8338=DIRECTION('center_axis',(-1.,0.,0.));
#8339=DIRECTION('ref_axis',(0.,0.,1.));
#8340=DIRECTION('',(-1.,0.,0.));
#8341=DIRECTION('',(1.,0.,0.));
#8342=DIRECTION('center_axis',(0.,-1.,0.));
#8343=DIRECTION('ref_axis',(0.,0.,1.));
#8344=DIRECTION('center_axis',(0.,0.,1.));
#8345=DIRECTION('ref_axis',(-0.707106781186547,0.707106781186547,0.));
#8346=DIRECTION('center_axis',(0.,0.,-1.));
#8347=DIRECTION('ref_axis',(-0.707106781186547,0.707106781186547,0.));
#8348=DIRECTION('center_axis',(0.,-1.,0.));
#8349=DIRECTION('ref_axis',(-0.70710678118655,0.,0.707106781186545));
#8350=DIRECTION('',(0.,1.,0.));
#8351=DIRECTION('',(0.,-1.,0.));
#8352=DIRECTION('center_axis',(0.,-1.,0.));
#8353=DIRECTION('ref_axis',(1.,0.,0.));
#8354=DIRECTION('',(0.,0.,-1.));
#8355=DIRECTION('',(0.,0.,1.));
#8356=DIRECTION('center_axis',(0.,0.,-1.));
#8357=DIRECTION('ref_axis',(-0.707106781186547,0.707106781186547,0.));
#8358=DIRECTION('',(0.,0.,-1.));
#8359=DIRECTION('center_axis',(1.,0.,0.));
#8360=DIRECTION('ref_axis',(0.,1.,0.));
#8361=DIRECTION('',(0.,0.,1.));
#8362=DIRECTION('center_axis',(0.,0.,-1.));
#8363=DIRECTION('ref_axis',(-0.707106781186547,-0.707106781186547,0.));
#8364=DIRECTION('',(0.,0.,-1.));
#8365=DIRECTION('center_axis',(0.,0.,-1.));
#8366=DIRECTION('ref_axis',(-1.,0.,0.));
#8367=DIRECTION('center_axis',(-1.,0.,0.));
#8368=DIRECTION('ref_axis',(0.,0.70710678118655,0.707106781186545));
#8369=DIRECTION('center_axis',(-1.,0.,0.));
#8370=DIRECTION('ref_axis',(0.,0.,1.));
#8371=DIRECTION('',(-1.,0.,0.));
#8372=DIRECTION('center_axis',(1.,-1.85037170770859E-15,0.));
#8373=DIRECTION('ref_axis',(1.85037170770859E-15,1.,0.));
#8374=DIRECTION('',(1.,0.,0.));
#8375=DIRECTION('center_axis',(0.,-1.,0.));
#8376=DIRECTION('ref_axis',(1.,0.,0.));
#8377=DIRECTION('center_axis',(0.,0.,-1.));
#8378=DIRECTION('ref_axis',(0.707106781186548,0.707106781186547,0.));
#8379=DIRECTION('center_axis',(0.,0.,1.));
#8380=DIRECTION('ref_axis',(0.707106781186548,0.707106781186547,0.));
#8381=DIRECTION('center_axis',(0.,1.,0.));
#8382=DIRECTION('ref_axis',(0.70710678118655,0.,0.707106781186545));
#8383=DIRECTION('center_axis',(0.,-1.,0.));
#8384=DIRECTION('ref_axis',(1.,0.,0.));
#8385=DIRECTION('',(0.,-1.,0.));
#8386=DIRECTION('',(0.,1.,0.));
#8387=DIRECTION('center_axis',(-1.,0.,0.));
#8388=DIRECTION('ref_axis',(0.,-1.,0.));
#8389=DIRECTION('center_axis',(0.,0.,-1.));
#8390=DIRECTION('ref_axis',(0.707106781186548,-0.707106781186547,0.));
#8391=DIRECTION('center_axis',(0.,0.,1.));
#8392=DIRECTION('ref_axis',(0.707106781186548,-0.707106781186547,0.));
#8393=DIRECTION('center_axis',(1.,0.,0.));
#8394=DIRECTION('ref_axis',(0.,-0.70710678118655,0.707106781186545));
#8395=DIRECTION('center_axis',(-1.,1.85037170770859E-15,0.));
#8396=DIRECTION('ref_axis',(-1.85037170770859E-15,-1.,0.));
#8397=DIRECTION('',(-1.,0.,0.));
#8398=DIRECTION('',(1.,0.,0.));
#8399=DIRECTION('center_axis',(0.,1.,0.));
#8400=DIRECTION('ref_axis',(-1.,0.,0.));
#8401=DIRECTION('center_axis',(0.,0.,-1.));
#8402=DIRECTION('ref_axis',(-0.707106781186548,-0.707106781186547,0.));
#8403=DIRECTION('center_axis',(0.,0.,1.));
#8404=DIRECTION('ref_axis',(-0.707106781186548,-0.707106781186547,0.));
#8405=DIRECTION('center_axis',(0.,-1.,0.));
#8406=DIRECTION('ref_axis',(-0.70710678118655,0.,0.707106781186545));
#8407=DIRECTION('center_axis',(0.,1.,0.));
#8408=DIRECTION('ref_axis',(-1.,0.,0.));
#8409=DIRECTION('',(0.,1.,0.));
#8410=DIRECTION('',(0.,-1.,0.));
#8411=DIRECTION('center_axis',(0.,0.,1.));
#8412=DIRECTION('ref_axis',(-0.707106781186548,0.707106781186547,0.));
#8413=DIRECTION('center_axis',(0.,0.,-1.));
#8414=DIRECTION('ref_axis',(-0.707106781186548,0.707106781186547,0.));
#8415=DIRECTION('center_axis',(0.,0.,-1.));
#8416=DIRECTION('ref_axis',(0.707106781186547,-0.707106781186547,0.));
#8417=DIRECTION('',(0.,0.,1.));
#8418=DIRECTION('',(0.,0.,-1.));
#8419=DIRECTION('center_axis',(-1.,0.,0.));
#8420=DIRECTION('ref_axis',(0.,-1.,0.));
#8421=DIRECTION('',(0.,0.,1.));
#8422=DIRECTION('center_axis',(0.,0.,-1.));
#8423=DIRECTION('ref_axis',(0.707106781186547,0.707106781186547,0.));
#8424=DIRECTION('',(0.,0.,-1.));
#8425=DIRECTION('center_axis',(0.,-1.,0.));
#8426=DIRECTION('ref_axis',(1.,0.,0.));
#8427=DIRECTION('',(0.,0.,1.));
#8428=DIRECTION('center_axis',(0.,0.,-1.));
#8429=DIRECTION('ref_axis',(-1.,0.,0.));
#8430=DIRECTION('center_axis',(1.,-2.22044604925031E-15,0.));
#8431=DIRECTION('ref_axis',(-2.61682076447296E-15,-0.707106781186553,0.707106781186542));
#8432=DIRECTION('',(-1.,2.22044604925031E-15,0.));
#8433=DIRECTION('center_axis',(1.,-1.66533453693774E-15,0.));
#8434=DIRECTION('ref_axis',(1.66533453693774E-15,1.,0.));
#8435=DIRECTION('center_axis',(2.22044604925031E-15,1.,0.));
#8436=DIRECTION('ref_axis',(-1.,2.22044604925031E-15,0.));
#8437=DIRECTION('center_axis',(0.,1.,0.));
#8438=DIRECTION('ref_axis',(-1.,0.,0.));
#8439=DIRECTION('',(0.,0.,1.));
#8440=DIRECTION('center_axis',(0.,0.,-1.));
#8441=DIRECTION('ref_axis',(0.707106781186547,0.707106781186547,0.));
#8442=DIRECTION('',(0.,0.,1.));
#8443=DIRECTION('center_axis',(0.,0.,-1.));
#8444=DIRECTION('ref_axis',(0.707106781186547,-0.707106781186547,0.));
#8445=DIRECTION('',(0.,0.,-1.));
#8446=DIRECTION('center_axis',(0.,1.,0.));
#8447=DIRECTION('ref_axis',(-1.,0.,0.));
#8448=DIRECTION('',(0.,0.,-1.));
#8449=DIRECTION('center_axis',(0.,0.,-1.));
#8450=DIRECTION('ref_axis',(-0.707106781186547,-0.707106781186547,0.));
#8451=DIRECTION('',(0.,0.,1.));
#8452=DIRECTION('center_axis',(0.,0.,-1.));
#8453=DIRECTION('ref_axis',(-0.707106781186547,0.707106781186547,0.));
#8454=DIRECTION('',(0.,0.,-1.));
#8455=DIRECTION('center_axis',(-1.11022302462515E-15,-1.,0.));
#8456=DIRECTION('ref_axis',(1.,-1.11022302462515E-15,0.));
#8457=DIRECTION('center_axis',(-1.,0.,0.));
#8458=DIRECTION('ref_axis',(0.,-1.,0.));
#8459=DIRECTION('center_axis',(1.,0.,0.));
#8460=DIRECTION('ref_axis',(0.,1.,0.));
#8461=DIRECTION('center_axis',(0.,1.,0.));
#8462=DIRECTION('ref_axis',(-1.,0.,0.));
#8463=DIRECTION('',(0.,0.,1.));
#8464=DIRECTION('',(1.,0.,0.));
#8465=DIRECTION('',(0.,0.,1.));
#8466=DIRECTION('',(1.,0.,0.));
#8467=CARTESIAN_POINT('',(0.,0.,0.));
#8468=CARTESIAN_POINT('',(0.,0.,0.));
#8469=CARTESIAN_POINT('Origin',(-22.,6.525,22.25));
#8470=CARTESIAN_POINT('',(-23.068962097168,-14.8543238639832,22.25));
#8471=CARTESIAN_POINT('',(-22.8361892700196,-16.2408304214478,22.25));
#8472=CARTESIAN_POINT('Ctrl Pts',(-23.068962097168,-14.8543238639832,22.25));
#8473=CARTESIAN_POINT('Ctrl Pts',(-23.0278355721455,-15.1527687853619,22.25));
#8474=CARTESIAN_POINT('Ctrl Pts',(-22.9599461098494,-15.5967397006388,22.25));
#8475=CARTESIAN_POINT('Ctrl Pts',(-23.1048722281065,-16.1344650446034,22.25));
#8476=CARTESIAN_POINT('Ctrl Pts',(-23.1000066090887,-16.4054816309884,22.25));
#8477=CARTESIAN_POINT('Ctrl Pts',(-23.2274132945094,-16.6676238357447,22.25));
#8478=CARTESIAN_POINT('Ctrl Pts',(-23.0362621939004,-16.6594884988333,22.25));
#8479=CARTESIAN_POINT('Ctrl Pts',(-22.8904476758528,-16.5775742513178,22.25));
#8480=CARTESIAN_POINT('Ctrl Pts',(-22.763642432983,-16.464471664588,22.25));
#8481=CARTESIAN_POINT('Ctrl Pts',(-22.6154985357696,-16.3702632893996,22.25));
#8482=CARTESIAN_POINT('Ctrl Pts',(-22.497597274831,-16.3048226463324,22.25));
#8483=CARTESIAN_POINT('Ctrl Pts',(-22.4100925913141,-16.1526753215058,22.25));
#8484=CARTESIAN_POINT('Ctrl Pts',(-22.5876958256845,-16.0606417630074,22.25));
#8485=CARTESIAN_POINT('Ctrl Pts',(-22.7140818731051,-16.1587330616235,22.25));
#8486=CARTESIAN_POINT('Ctrl Pts',(-22.7964784836408,-16.2133455769731,22.25));
#8487=CARTESIAN_POINT('Ctrl Pts',(-22.8361892700196,-16.2408304214478,22.25));
#8488=CARTESIAN_POINT('',(-22.8285384178146,-14.8621106147884,22.25));
#8489=CARTESIAN_POINT('Ctrl Pts',(-22.8361892700195,-16.2408304214478,22.25));
#8490=CARTESIAN_POINT('Ctrl Pts',(-22.732159315122,-15.7728352719426,22.25));
#8491=CARTESIAN_POINT('Ctrl Pts',(-22.7676731761248,-15.3323621691719,22.25));
#8492=CARTESIAN_POINT('Ctrl Pts',(-22.8285384178146,-14.8621106147884,22.25));
#8493=CARTESIAN_POINT('Ctrl Pts',(-22.8285384178163,-14.8621106147762,22.25));
#8494=CARTESIAN_POINT('Ctrl Pts',(-22.7380621300233,-14.8730066290982,22.25));
#8495=CARTESIAN_POINT('Ctrl Pts',(-22.5525132621951,-14.9162554897957,22.25));
#8496=CARTESIAN_POINT('Ctrl Pts',(-22.4936230970672,-14.6797898082178,22.25));
#8497=CARTESIAN_POINT('Ctrl Pts',(-22.7458371866537,-14.6204747586522,22.25));
#8498=CARTESIAN_POINT('Ctrl Pts',(-22.9629723746771,-14.6480768501141,22.25));
#8499=CARTESIAN_POINT('Ctrl Pts',(-23.3164031879138,-14.5546140874454,22.25));
#8500=CARTESIAN_POINT('Ctrl Pts',(-23.3535759165502,-14.7203975085811,22.25));
#8501=CARTESIAN_POINT('Ctrl Pts',(-23.2555553198461,-14.8689191733897,22.25));
#8502=CARTESIAN_POINT('Ctrl Pts',(-23.1489170526457,-14.8542555313043,22.25));
#8503=CARTESIAN_POINT('Ctrl Pts',(-23.068962097168,-14.8543238639829,22.25));
#8504=CARTESIAN_POINT('Ctrl Pts',(-23.068962097168,-14.8543238639832,22.25));
#8505=CARTESIAN_POINT('Ctrl Pts',(-23.068962097168,-14.8543238639832,22.55));
#8506=CARTESIAN_POINT('Ctrl Pts',(-23.0278355721455,-15.1527687853619,22.25));
#8507=CARTESIAN_POINT('Ctrl Pts',(-23.0278355721455,-15.1527687853619,22.55));
#8508=CARTESIAN_POINT('Ctrl Pts',(-22.9599461098494,-15.5967397006388,22.25));
#8509=CARTESIAN_POINT('Ctrl Pts',(-22.9599461098494,-15.5967397006388,22.55));
#8510=CARTESIAN_POINT('Ctrl Pts',(-23.1048722281065,-16.1344650446034,22.25));
#8511=CARTESIAN_POINT('Ctrl Pts',(-23.1048722281065,-16.1344650446034,22.55));
#8512=CARTESIAN_POINT('Ctrl Pts',(-23.1000066090887,-16.4054816309884,22.25));
#8513=CARTESIAN_POINT('Ctrl Pts',(-23.1000066090887,-16.4054816309884,22.55));
#8514=CARTESIAN_POINT('Ctrl Pts',(-23.2274132945094,-16.6676238357447,22.25));
#8515=CARTESIAN_POINT('Ctrl Pts',(-23.2274132945094,-16.6676238357447,22.55));
#8516=CARTESIAN_POINT('Ctrl Pts',(-23.0362621939004,-16.6594884988333,22.25));
#8517=CARTESIAN_POINT('Ctrl Pts',(-23.0362621939004,-16.6594884988333,22.55));
#8518=CARTESIAN_POINT('Ctrl Pts',(-22.8904476758528,-16.5775742513178,22.25));
#8519=CARTESIAN_POINT('Ctrl Pts',(-22.8904476758528,-16.5775742513178,22.55));
#8520=CARTESIAN_POINT('Ctrl Pts',(-22.763642432983,-16.464471664588,22.25));
#8521=CARTESIAN_POINT('Ctrl Pts',(-22.763642432983,-16.464471664588,22.55));
#8522=CARTESIAN_POINT('Ctrl Pts',(-22.6154985357696,-16.3702632893996,22.25));
#8523=CARTESIAN_POINT('Ctrl Pts',(-22.6154985357696,-16.3702632893996,22.55));
#8524=CARTESIAN_POINT('Ctrl Pts',(-22.497597274831,-16.3048226463324,22.25));
#8525=CARTESIAN_POINT('Ctrl Pts',(-22.497597274831,-16.3048226463324,22.55));
#8526=CARTESIAN_POINT('Ctrl Pts',(-22.4100925913141,-16.1526753215058,22.25));
#8527=CARTESIAN_POINT('Ctrl Pts',(-22.4100925913141,-16.1526753215058,22.55));
#8528=CARTESIAN_POINT('Ctrl Pts',(-22.5876958256845,-16.0606417630074,22.25));
#8529=CARTESIAN_POINT('Ctrl Pts',(-22.5876958256845,-16.0606417630074,22.55));
#8530=CARTESIAN_POINT('Ctrl Pts',(-22.7140818731051,-16.1587330616235,22.25));
#8531=CARTESIAN_POINT('Ctrl Pts',(-22.7140818731051,-16.1587330616235,22.55));
#8532=CARTESIAN_POINT('Ctrl Pts',(-22.7964784836408,-16.2133455769731,22.25));
#8533=CARTESIAN_POINT('Ctrl Pts',(-22.7964784836408,-16.2133455769731,22.55));
#8534=CARTESIAN_POINT('Ctrl Pts',(-22.8361892700196,-16.2408304214478,22.25));
#8535=CARTESIAN_POINT('Ctrl Pts',(-22.8361892700196,-16.2408304214478,22.55));
#8536=CARTESIAN_POINT('',(-23.068962097168,-14.8543238639832,22.55));
#8537=CARTESIAN_POINT('',(-23.068962097168,-14.8543238639832,22.55));
#8538=CARTESIAN_POINT('',(-22.8361892700196,-16.2408304214478,22.55));
#8539=CARTESIAN_POINT('Ctrl Pts',(-22.8361892700196,-16.2408304214478,22.55));
#8540=CARTESIAN_POINT('Ctrl Pts',(-22.7964784836408,-16.2133455769731,22.55));
#8541=CARTESIAN_POINT('Ctrl Pts',(-22.7140818731051,-16.1587330616235,22.55));
#8542=CARTESIAN_POINT('Ctrl Pts',(-22.5876958256845,-16.0606417630074,22.55));
#8543=CARTESIAN_POINT('Ctrl Pts',(-22.4100925913141,-16.1526753215058,22.55));
#8544=CARTESIAN_POINT('Ctrl Pts',(-22.497597274831,-16.3048226463324,22.55));
#8545=CARTESIAN_POINT('Ctrl Pts',(-22.6154985357696,-16.3702632893996,22.55));
#8546=CARTESIAN_POINT('Ctrl Pts',(-22.763642432983,-16.464471664588,22.55));
#8547=CARTESIAN_POINT('Ctrl Pts',(-22.8904476758528,-16.5775742513178,22.55));
#8548=CARTESIAN_POINT('Ctrl Pts',(-23.0362621939004,-16.6594884988333,22.55));
#8549=CARTESIAN_POINT('Ctrl Pts',(-23.2274132945094,-16.6676238357447,22.55));
#8550=CARTESIAN_POINT('Ctrl Pts',(-23.1000066090887,-16.4054816309884,22.55));
#8551=CARTESIAN_POINT('Ctrl Pts',(-23.1048722281065,-16.1344650446034,22.55));
#8552=CARTESIAN_POINT('Ctrl Pts',(-22.9599461098494,-15.5967397006388,22.55));
#8553=CARTESIAN_POINT('Ctrl Pts',(-23.0278355721455,-15.1527687853619,22.55));
#8554=CARTESIAN_POINT('Ctrl Pts',(-23.068962097168,-14.8543238639832,22.55));
#8555=CARTESIAN_POINT('',(-22.8361892700196,-16.2408304214478,22.55));
#8556=CARTESIAN_POINT('Ctrl Pts',(-22.8361892700195,-16.2408304214478,22.25));
#8557=CARTESIAN_POINT('Ctrl Pts',(-22.8361892700195,-16.2408304214478,22.55));
#8558=CARTESIAN_POINT('Ctrl Pts',(-22.732159315122,-15.7728352719426,22.25));
#8559=CARTESIAN_POINT('Ctrl Pts',(-22.732159315122,-15.7728352719426,22.55));
#8560=CARTESIAN_POINT('Ctrl Pts',(-22.7676731761248,-15.3323621691719,22.25));
#8561=CARTESIAN_POINT('Ctrl Pts',(-22.7676731761248,-15.3323621691719,22.55));
#8562=CARTESIAN_POINT('Ctrl Pts',(-22.8285384178146,-14.8621106147884,22.25));
#8563=CARTESIAN_POINT('Ctrl Pts',(-22.8285384178146,-14.8621106147884,22.55));
#8564=CARTESIAN_POINT('',(-22.8285384178146,-14.8621106147884,22.55));
#8565=CARTESIAN_POINT('Ctrl Pts',(-22.8285384178146,-14.8621106147884,22.55));
#8566=CARTESIAN_POINT('Ctrl Pts',(-22.7676731761248,-15.3323621691719,22.55));
#8567=CARTESIAN_POINT('Ctrl Pts',(-22.732159315122,-15.7728352719426,22.55));
#8568=CARTESIAN_POINT('Ctrl Pts',(-22.8361892700195,-16.2408304214478,22.55));
#8569=CARTESIAN_POINT('',(-22.8285384178146,-14.8621106147884,22.55));
#8570=CARTESIAN_POINT('Ctrl Pts',(-22.8285384178163,-14.8621106147762,22.25));
#8571=CARTESIAN_POINT('Ctrl Pts',(-22.8285384178163,-14.8621106147762,22.55));
#8572=CARTESIAN_POINT('Ctrl Pts',(-22.7380621300233,-14.8730066290982,22.25));
#8573=CARTESIAN_POINT('Ctrl Pts',(-22.7380621300233,-14.8730066290982,22.55));
#8574=CARTESIAN_POINT('Ctrl Pts',(-22.5525132621951,-14.9162554897957,22.25));
#8575=CARTESIAN_POINT('Ctrl Pts',(-22.5525132621951,-14.9162554897957,22.55));
#8576=CARTESIAN_POINT('Ctrl Pts',(-22.4936230970672,-14.6797898082178,22.25));
#8577=CARTESIAN_POINT('Ctrl Pts',(-22.4936230970672,-14.6797898082178,22.55));
#8578=CARTESIAN_POINT('Ctrl Pts',(-22.7458371866537,-14.6204747586522,22.25));
#8579=CARTESIAN_POINT('Ctrl Pts',(-22.7458371866537,-14.6204747586522,22.55));
#8580=CARTESIAN_POINT('Ctrl Pts',(-22.9629723746771,-14.6480768501141,22.25));
#8581=CARTESIAN_POINT('Ctrl Pts',(-22.9629723746771,-14.6480768501141,22.55));
#8582=CARTESIAN_POINT('Ctrl Pts',(-23.3164031879138,-14.5546140874454,22.25));
#8583=CARTESIAN_POINT('Ctrl Pts',(-23.3164031879138,-14.5546140874454,22.55));
#8584=CARTESIAN_POINT('Ctrl Pts',(-23.3535759165502,-14.7203975085811,22.25));
#8585=CARTESIAN_POINT('Ctrl Pts',(-23.3535759165502,-14.7203975085811,22.55));
#8586=CARTESIAN_POINT('Ctrl Pts',(-23.2555553198461,-14.8689191733897,22.25));
#8587=CARTESIAN_POINT('Ctrl Pts',(-23.2555553198461,-14.8689191733897,22.55));
#8588=CARTESIAN_POINT('Ctrl Pts',(-23.1489170526457,-14.8542555313043,22.25));
#8589=CARTESIAN_POINT('Ctrl Pts',(-23.1489170526457,-14.8542555313043,22.55));
#8590=CARTESIAN_POINT('Ctrl Pts',(-23.068962097168,-14.8543238639829,22.25));
#8591=CARTESIAN_POINT('Ctrl Pts',(-23.068962097168,-14.8543238639829,22.55));
#8592=CARTESIAN_POINT('Ctrl Pts',(-23.068962097168,-14.8543238639829,22.55));
#8593=CARTESIAN_POINT('Ctrl Pts',(-23.1489170526457,-14.8542555313043,22.55));
#8594=CARTESIAN_POINT('Ctrl Pts',(-23.2555553198461,-14.8689191733897,22.55));
#8595=CARTESIAN_POINT('Ctrl Pts',(-23.3535759165502,-14.7203975085811,22.55));
#8596=CARTESIAN_POINT('Ctrl Pts',(-23.3164031879138,-14.5546140874454,22.55));
#8597=CARTESIAN_POINT('Ctrl Pts',(-22.9629723746771,-14.6480768501141,22.55));
#8598=CARTESIAN_POINT('Ctrl Pts',(-22.7458371866537,-14.6204747586522,22.55));
#8599=CARTESIAN_POINT('Ctrl Pts',(-22.4936230970672,-14.6797898082178,22.55));
#8600=CARTESIAN_POINT('Ctrl Pts',(-22.5525132621951,-14.9162554897957,22.55));
#8601=CARTESIAN_POINT('Ctrl Pts',(-22.7380621300233,-14.8730066290982,22.55));
#8602=CARTESIAN_POINT('Ctrl Pts',(-22.8285384178163,-14.8621106147762,22.55));
#8603=CARTESIAN_POINT('Origin',(-22.,6.525,22.25));
#8604=CARTESIAN_POINT('',(-21.5148115158081,-15.3157925605774,22.25));
#8605=CARTESIAN_POINT('',(-20.9702396392822,-15.2533113956451,22.25));
#8606=CARTESIAN_POINT('Ctrl Pts',(-21.5148115158081,-15.3157925605774,22.25));
#8607=CARTESIAN_POINT('Ctrl Pts',(-21.6412259045219,-15.3543049009514,22.25));
#8608=CARTESIAN_POINT('Ctrl Pts',(-21.8242356109376,-15.4209328089563,22.25));
#8609=CARTESIAN_POINT('Ctrl Pts',(-22.0111026104649,-15.6251444726741,22.25));
#8610=CARTESIAN_POINT('Ctrl Pts',(-22.048856431137,-15.8955245107984,22.25));
#8611=CARTESIAN_POINT('Ctrl Pts',(-21.8966840670417,-16.210914481694,22.25));
#8612=CARTESIAN_POINT('Ctrl Pts',(-21.4616249311234,-16.5510139932506,22.25));
#8613=CARTESIAN_POINT('Ctrl Pts',(-21.0456341165176,-16.6165338551407,22.25));
#8614=CARTESIAN_POINT('Ctrl Pts',(-20.6619699377529,-16.6466913474491,22.25));
#8615=CARTESIAN_POINT('Ctrl Pts',(-20.5513300802155,-16.4517391299231,22.25));
#8616=CARTESIAN_POINT('Ctrl Pts',(-20.6373019810446,-16.1202926444126,22.25));
#8617=CARTESIAN_POINT('Ctrl Pts',(-20.6077084331378,-15.7100524695811,22.25));
#8618=CARTESIAN_POINT('Ctrl Pts',(-20.70839195763,-15.2896748790715,22.25));
#8619=CARTESIAN_POINT('Ctrl Pts',(-20.812901251378,-14.9688937006333,22.25));
#8620=CARTESIAN_POINT('Ctrl Pts',(-20.7012310740241,-14.6229323392283,22.25));
#8621=CARTESIAN_POINT('Ctrl Pts',(-20.9284091639779,-14.6025351438467,22.25));
#8622=CARTESIAN_POINT('Ctrl Pts',(-21.0249141345907,-14.7621245202126,22.25));
#8623=CARTESIAN_POINT('Ctrl Pts',(-21.0315196262677,-15.0298486640785,22.25));
#8624=CARTESIAN_POINT('Ctrl Pts',(-21.0177134231589,-15.0974502033852,22.25));
#8625=CARTESIAN_POINT('Ctrl Pts',(-20.9702396392822,-15.2533113956451,22.25));
#8626=CARTESIAN_POINT('Ctrl Pts',(-20.9702396392825,-15.2533113956453,22.25));
#8627=CARTESIAN_POINT('Ctrl Pts',(-21.152425404856,-15.1928040652873,22.25));
#8628=CARTESIAN_POINT('Ctrl Pts',(-21.4273801745575,-15.1030785493907,22.25));
#8629=CARTESIAN_POINT('Ctrl Pts',(-21.7544435005838,-14.8926413611317,22.25));
#8630=CARTESIAN_POINT('Ctrl Pts',(-21.9187342138157,-14.7175310293605,22.25));
#8631=CARTESIAN_POINT('Ctrl Pts',(-22.114603637325,-14.6337471095764,22.25));
#8632=CARTESIAN_POINT('Ctrl Pts',(-22.2787283587729,-14.8249554452766,22.25));
#8633=CARTESIAN_POINT('Ctrl Pts',(-22.0207850489416,-15.022694914334,22.25));
#8634=CARTESIAN_POINT('Ctrl Pts',(-21.7864608376259,-15.1760696087295,22.25));
#8635=CARTESIAN_POINT('Ctrl Pts',(-21.6038902807916,-15.2696163309039,22.25));
#8636=CARTESIAN_POINT('Ctrl Pts',(-21.5148115158082,-15.3157925605774,22.25));
#8637=CARTESIAN_POINT('',(-20.9080171585559,-15.5452024936688,22.25));
#8638=CARTESIAN_POINT('',(-20.88693618781,-16.3523054122941,22.25));
#8639=CARTESIAN_POINT('Ctrl Pts',(-20.9080171585559,-15.5452024936688,22.25));
#8640=CARTESIAN_POINT('Ctrl Pts',(-20.8980696312074,-15.81456369102,22.25));
#8641=CARTESIAN_POINT('Ctrl Pts',(-20.9010155650764,-16.0831666203051,22.25));
#8642=CARTESIAN_POINT('Ctrl Pts',(-20.88693618781,-16.3523054122941,22.25));
#8643=CARTESIAN_POINT('Ctrl Pts',(-20.8869361877445,-16.3523054122925,22.25));
#8644=CARTESIAN_POINT('Ctrl Pts',(-21.2699290457355,-16.3213928424634,22.25));
#8645=CARTESIAN_POINT('Ctrl Pts',(-21.8467331891804,-16.0887564247448,22.25));
#8646=CARTESIAN_POINT('Ctrl Pts',(-21.7061737165753,-15.7007398879529,22.25));
#8647=CARTESIAN_POINT('Ctrl Pts',(-21.5260067599125,-15.5800931159732,22.25));
#8648=CARTESIAN_POINT('Ctrl Pts',(-21.271462139874,-15.5290608115993,22.25));
#8649=CARTESIAN_POINT('Ctrl Pts',(-21.038141819838,-15.5458705939351,22.25));
#8650=CARTESIAN_POINT('Ctrl Pts',(-20.9080171585088,-15.5452024936677,22.25));
#8651=CARTESIAN_POINT('Ctrl Pts',(-21.5148115158081,-15.3157925605774,22.25));
#8652=CARTESIAN_POINT('Ctrl Pts',(-21.5148115158081,-15.3157925605774,22.55));
#8653=CARTESIAN_POINT('Ctrl Pts',(-21.6412259045219,-15.3543049009514,22.25));
#8654=CARTESIAN_POINT('Ctrl Pts',(-21.6412259045219,-15.3543049009514,22.55));
#8655=CARTESIAN_POINT('Ctrl Pts',(-21.8242356109376,-15.4209328089563,22.25));
#8656=CARTESIAN_POINT('Ctrl Pts',(-21.8242356109376,-15.4209328089563,22.55));
#8657=CARTESIAN_POINT('Ctrl Pts',(-22.0111026104649,-15.6251444726741,22.25));
#8658=CARTESIAN_POINT('Ctrl Pts',(-22.0111026104649,-15.6251444726741,22.55));
#8659=CARTESIAN_POINT('Ctrl Pts',(-22.048856431137,-15.8955245107984,22.25));
#8660=CARTESIAN_POINT('Ctrl Pts',(-22.048856431137,-15.8955245107984,22.55));
#8661=CARTESIAN_POINT('Ctrl Pts',(-21.8966840670417,-16.210914481694,22.25));
#8662=CARTESIAN_POINT('Ctrl Pts',(-21.8966840670417,-16.210914481694,22.55));
#8663=CARTESIAN_POINT('Ctrl Pts',(-21.4616249311234,-16.5510139932506,22.25));
#8664=CARTESIAN_POINT('Ctrl Pts',(-21.4616249311234,-16.5510139932506,22.55));
#8665=CARTESIAN_POINT('Ctrl Pts',(-21.0456341165176,-16.6165338551407,22.25));
#8666=CARTESIAN_POINT('Ctrl Pts',(-21.0456341165176,-16.6165338551407,22.55));
#8667=CARTESIAN_POINT('Ctrl Pts',(-20.6619699377529,-16.6466913474491,22.25));
#8668=CARTESIAN_POINT('Ctrl Pts',(-20.6619699377529,-16.6466913474491,22.55));
#8669=CARTESIAN_POINT('Ctrl Pts',(-20.5513300802155,-16.4517391299231,22.25));
#8670=CARTESIAN_POINT('Ctrl Pts',(-20.5513300802155,-16.4517391299231,22.55));
#8671=CARTESIAN_POINT('Ctrl Pts',(-20.6373019810446,-16.1202926444126,22.25));
#8672=CARTESIAN_POINT('Ctrl Pts',(-20.6373019810446,-16.1202926444126,22.55));
#8673=CARTESIAN_POINT('Ctrl Pts',(-20.6077084331378,-15.7100524695811,22.25));
#8674=CARTESIAN_POINT('Ctrl Pts',(-20.6077084331378,-15.7100524695811,22.55));
#8675=CARTESIAN_POINT('Ctrl Pts',(-20.70839195763,-15.2896748790715,22.25));
#8676=CARTESIAN_POINT('Ctrl Pts',(-20.70839195763,-15.2896748790715,22.55));
#8677=CARTESIAN_POINT('Ctrl Pts',(-20.812901251378,-14.9688937006333,22.25));
#8678=CARTESIAN_POINT('Ctrl Pts',(-20.812901251378,-14.9688937006333,22.55));
#8679=CARTESIAN_POINT('Ctrl Pts',(-20.7012310740241,-14.6229323392283,22.25));
#8680=CARTESIAN_POINT('Ctrl Pts',(-20.7012310740241,-14.6229323392283,22.55));
#8681=CARTESIAN_POINT('Ctrl Pts',(-20.9284091639779,-14.6025351438467,22.25));
#8682=CARTESIAN_POINT('Ctrl Pts',(-20.9284091639779,-14.6025351438467,22.55));
#8683=CARTESIAN_POINT('Ctrl Pts',(-21.0249141345907,-14.7621245202126,22.25));
#8684=CARTESIAN_POINT('Ctrl Pts',(-21.0249141345907,-14.7621245202126,22.55));
#8685=CARTESIAN_POINT('Ctrl Pts',(-21.0315196262677,-15.0298486640785,22.25));
#8686=CARTESIAN_POINT('Ctrl Pts',(-21.0315196262677,-15.0298486640785,22.55));
#8687=CARTESIAN_POINT('Ctrl Pts',(-21.0177134231589,-15.0974502033852,22.25));
#8688=CARTESIAN_POINT('Ctrl Pts',(-21.0177134231589,-15.0974502033852,22.55));
#8689=CARTESIAN_POINT('Ctrl Pts',(-20.9702396392822,-15.2533113956451,22.25));
#8690=CARTESIAN_POINT('Ctrl Pts',(-20.9702396392822,-15.2533113956451,22.55));
#8691=CARTESIAN_POINT('',(-21.5148115158081,-15.3157925605774,22.55));
#8692=CARTESIAN_POINT('',(-21.5148115158081,-15.3157925605774,22.55));
#8693=CARTESIAN_POINT('',(-20.9702396392822,-15.2533113956451,22.55));
#8694=CARTESIAN_POINT('Ctrl Pts',(-20.9702396392822,-15.2533113956451,22.55));
#8695=CARTESIAN_POINT('Ctrl Pts',(-21.0177134231589,-15.0974502033852,22.55));
#8696=CARTESIAN_POINT('Ctrl Pts',(-21.0315196262677,-15.0298486640785,22.55));
#8697=CARTESIAN_POINT('Ctrl Pts',(-21.0249141345907,-14.7621245202126,22.55));
#8698=CARTESIAN_POINT('Ctrl Pts',(-20.9284091639779,-14.6025351438467,22.55));
#8699=CARTESIAN_POINT('Ctrl Pts',(-20.7012310740241,-14.6229323392283,22.55));
#8700=CARTESIAN_POINT('Ctrl Pts',(-20.812901251378,-14.9688937006333,22.55));
#8701=CARTESIAN_POINT('Ctrl Pts',(-20.70839195763,-15.2896748790715,22.55));
#8702=CARTESIAN_POINT('Ctrl Pts',(-20.6077084331378,-15.7100524695811,22.55));
#8703=CARTESIAN_POINT('Ctrl Pts',(-20.6373019810446,-16.1202926444126,22.55));
#8704=CARTESIAN_POINT('Ctrl Pts',(-20.5513300802155,-16.4517391299231,22.55));
#8705=CARTESIAN_POINT('Ctrl Pts',(-20.6619699377529,-16.6466913474491,22.55));
#8706=CARTESIAN_POINT('Ctrl Pts',(-21.0456341165176,-16.6165338551407,22.55));
#8707=CARTESIAN_POINT('Ctrl Pts',(-21.4616249311234,-16.5510139932506,22.55));
#8708=CARTESIAN_POINT('Ctrl Pts',(-21.8966840670417,-16.210914481694,22.55));
#8709=CARTESIAN_POINT('Ctrl Pts',(-22.048856431137,-15.8955245107984,22.55));
#8710=CARTESIAN_POINT('Ctrl Pts',(-22.0111026104649,-15.6251444726741,22.55));
#8711=CARTESIAN_POINT('Ctrl Pts',(-21.8242356109376,-15.4209328089563,22.55));
#8712=CARTESIAN_POINT('Ctrl Pts',(-21.6412259045219,-15.3543049009514,22.55));
#8713=CARTESIAN_POINT('Ctrl Pts',(-21.5148115158081,-15.3157925605774,22.55));
#8714=CARTESIAN_POINT('',(-20.9702396392822,-15.2533113956451,22.55));
#8715=CARTESIAN_POINT('Ctrl Pts',(-20.9702396392825,-15.2533113956453,22.25));
#8716=CARTESIAN_POINT('Ctrl Pts',(-20.9702396392825,-15.2533113956453,22.55));
#8717=CARTESIAN_POINT('Ctrl Pts',(-21.152425404856,-15.1928040652873,22.25));
#8718=CARTESIAN_POINT('Ctrl Pts',(-21.152425404856,-15.1928040652873,22.55));
#8719=CARTESIAN_POINT('Ctrl Pts',(-21.4273801745575,-15.1030785493907,22.25));
#8720=CARTESIAN_POINT('Ctrl Pts',(-21.4273801745575,-15.1030785493907,22.55));
#8721=CARTESIAN_POINT('Ctrl Pts',(-21.7544435005838,-14.8926413611317,22.25));
#8722=CARTESIAN_POINT('Ctrl Pts',(-21.7544435005838,-14.8926413611317,22.55));
#8723=CARTESIAN_POINT('Ctrl Pts',(-21.9187342138157,-14.7175310293605,22.25));
#8724=CARTESIAN_POINT('Ctrl Pts',(-21.9187342138157,-14.7175310293605,22.55));
#8725=CARTESIAN_POINT('Ctrl Pts',(-22.114603637325,-14.6337471095764,22.25));
#8726=CARTESIAN_POINT('Ctrl Pts',(-22.114603637325,-14.6337471095764,22.55));
#8727=CARTESIAN_POINT('Ctrl Pts',(-22.2787283587729,-14.8249554452766,22.25));
#8728=CARTESIAN_POINT('Ctrl Pts',(-22.2787283587729,-14.8249554452766,22.55));
#8729=CARTESIAN_POINT('Ctrl Pts',(-22.0207850489416,-15.022694914334,22.25));
#8730=CARTESIAN_POINT('Ctrl Pts',(-22.0207850489416,-15.022694914334,22.55));
#8731=CARTESIAN_POINT('Ctrl Pts',(-21.7864608376259,-15.1760696087295,22.25));
#8732=CARTESIAN_POINT('Ctrl Pts',(-21.7864608376259,-15.1760696087295,22.55));
#8733=CARTESIAN_POINT('Ctrl Pts',(-21.6038902807916,-15.2696163309039,22.25));
#8734=CARTESIAN_POINT('Ctrl Pts',(-21.6038902807916,-15.2696163309039,22.55));
#8735=CARTESIAN_POINT('Ctrl Pts',(-21.5148115158082,-15.3157925605774,22.25));
#8736=CARTESIAN_POINT('Ctrl Pts',(-21.5148115158082,-15.3157925605774,22.55));
#8737=CARTESIAN_POINT('Ctrl Pts',(-21.5148115158082,-15.3157925605774,22.55));
#8738=CARTESIAN_POINT('Ctrl Pts',(-21.6038902807916,-15.2696163309039,22.55));
#8739=CARTESIAN_POINT('Ctrl Pts',(-21.7864608376259,-15.1760696087295,22.55));
#8740=CARTESIAN_POINT('Ctrl Pts',(-22.0207850489416,-15.022694914334,22.55));
#8741=CARTESIAN_POINT('Ctrl Pts',(-22.2787283587729,-14.8249554452766,22.55));
#8742=CARTESIAN_POINT('Ctrl Pts',(-22.114603637325,-14.6337471095764,22.55));
#8743=CARTESIAN_POINT('Ctrl Pts',(-21.9187342138157,-14.7175310293605,22.55));
#8744=CARTESIAN_POINT('Ctrl Pts',(-21.7544435005838,-14.8926413611317,22.55));
#8745=CARTESIAN_POINT('Ctrl Pts',(-21.4273801745575,-15.1030785493907,22.55));
#8746=CARTESIAN_POINT('Ctrl Pts',(-21.152425404856,-15.1928040652873,22.55));
#8747=CARTESIAN_POINT('Ctrl Pts',(-20.9702396392825,-15.2533113956453,22.55));
#8748=CARTESIAN_POINT('Ctrl Pts',(-20.9080171585559,-15.5452024936688,22.25));
#8749=CARTESIAN_POINT('Ctrl Pts',(-20.9080171585559,-15.5452024936688,22.55));
#8750=CARTESIAN_POINT('Ctrl Pts',(-20.8980696312074,-15.81456369102,22.25));
#8751=CARTESIAN_POINT('Ctrl Pts',(-20.8980696312074,-15.81456369102,22.55));
#8752=CARTESIAN_POINT('Ctrl Pts',(-20.9010155650764,-16.0831666203051,22.25));
#8753=CARTESIAN_POINT('Ctrl Pts',(-20.9010155650764,-16.0831666203051,22.55));
#8754=CARTESIAN_POINT('Ctrl Pts',(-20.88693618781,-16.3523054122941,22.25));
#8755=CARTESIAN_POINT('Ctrl Pts',(-20.88693618781,-16.3523054122941,22.55));
#8756=CARTESIAN_POINT('',(-20.9080171585559,-15.5452024936688,22.55));
#8757=CARTESIAN_POINT('',(-20.9080171585559,-15.5452024936688,22.55));
#8758=CARTESIAN_POINT('',(-20.88693618781,-16.3523054122941,22.55));
#8759=CARTESIAN_POINT('Ctrl Pts',(-20.88693618781,-16.3523054122941,22.55));
#8760=CARTESIAN_POINT('Ctrl Pts',(-20.9010155650764,-16.0831666203051,22.55));
#8761=CARTESIAN_POINT('Ctrl Pts',(-20.8980696312074,-15.81456369102,22.55));
#8762=CARTESIAN_POINT('Ctrl Pts',(-20.9080171585559,-15.5452024936688,22.55));
#8763=CARTESIAN_POINT('',(-20.88693618781,-16.3523054122941,22.55));
#8764=CARTESIAN_POINT('Ctrl Pts',(-20.8869361877445,-16.3523054122925,22.25));
#8765=CARTESIAN_POINT('Ctrl Pts',(-20.8869361877445,-16.3523054122925,22.55));
#8766=CARTESIAN_POINT('Ctrl Pts',(-21.2699290457355,-16.3213928424634,22.25));
#8767=CARTESIAN_POINT('Ctrl Pts',(-21.2699290457355,-16.3213928424634,22.55));
#8768=CARTESIAN_POINT('Ctrl Pts',(-21.8467331891804,-16.0887564247448,22.25));
#8769=CARTESIAN_POINT('Ctrl Pts',(-21.8467331891804,-16.0887564247448,22.55));
#8770=CARTESIAN_POINT('Ctrl Pts',(-21.7061737165753,-15.7007398879529,22.25));
#8771=CARTESIAN_POINT('Ctrl Pts',(-21.7061737165753,-15.7007398879529,22.55));
#8772=CARTESIAN_POINT('Ctrl Pts',(-21.5260067599125,-15.5800931159732,22.25));
#8773=CARTESIAN_POINT('Ctrl Pts',(-21.5260067599125,-15.5800931159732,22.55));
#8774=CARTESIAN_POINT('Ctrl Pts',(-21.271462139874,-15.5290608115993,22.25));
#8775=CARTESIAN_POINT('Ctrl Pts',(-21.271462139874,-15.5290608115993,22.55));
#8776=CARTESIAN_POINT('Ctrl Pts',(-21.038141819838,-15.5458705939351,22.25));
#8777=CARTESIAN_POINT('Ctrl Pts',(-21.038141819838,-15.5458705939351,22.55));
#8778=CARTESIAN_POINT('Ctrl Pts',(-20.9080171585088,-15.5452024936677,22.25));
#8779=CARTESIAN_POINT('Ctrl Pts',(-20.9080171585088,-15.5452024936677,22.55));
#8780=CARTESIAN_POINT('Ctrl Pts',(-20.9080171585088,-15.5452024936677,22.55));
#8781=CARTESIAN_POINT('Ctrl Pts',(-21.038141819838,-15.5458705939351,22.55));
#8782=CARTESIAN_POINT('Ctrl Pts',(-21.271462139874,-15.5290608115993,22.55));
#8783=CARTESIAN_POINT('Ctrl Pts',(-21.5260067599125,-15.5800931159732,22.55));
#8784=CARTESIAN_POINT('Ctrl Pts',(-21.7061737165753,-15.7007398879529,22.55));
#8785=CARTESIAN_POINT('Ctrl Pts',(-21.8467331891804,-16.0887564247448,22.55));
#8786=CARTESIAN_POINT('Ctrl Pts',(-21.2699290457355,-16.3213928424634,22.55));
#8787=CARTESIAN_POINT('Ctrl Pts',(-20.8869361877445,-16.3523054122925,22.55));
#8788=CARTESIAN_POINT('Origin',(-22.,6.525,22.55));
#8789=CARTESIAN_POINT('Ctrl Pts',(-7.30000000000003,30.65,21.95));
#8790=CARTESIAN_POINT('Ctrl Pts',(-8.50000000000003,30.65,21.95));
#8791=CARTESIAN_POINT('Ctrl Pts',(-8.50000000000003,29.45,21.95));
#8792=CARTESIAN_POINT('Ctrl Pts',(-7.30000000000003,30.65,22.55));
#8793=CARTESIAN_POINT('Ctrl Pts',(-8.50000000000003,30.65,22.55));
#8794=CARTESIAN_POINT('Ctrl Pts',(-8.50000000000003,29.45,22.55));
#8795=CARTESIAN_POINT('Ctrl Pts',(-7.30000000000003,30.05,22.55));
#8796=CARTESIAN_POINT('Ctrl Pts',(-7.90000000000003,30.05,22.55));
#8797=CARTESIAN_POINT('Ctrl Pts',(-7.90000000000003,29.45,22.55));
#8798=CARTESIAN_POINT('',(-7.30000000000003,30.05,22.55));
#8799=CARTESIAN_POINT('',(-7.30000000000004,30.65,21.95));
#8800=CARTESIAN_POINT('Origin',(-7.30000000000003,30.05,21.95));
#8801=CARTESIAN_POINT('',(-8.50000000000003,29.45,21.95));
#8802=CARTESIAN_POINT('Origin',(-7.30000000000003,29.45,21.95));
#8803=CARTESIAN_POINT('',(-7.90000000000003,29.45,22.55));
#8804=CARTESIAN_POINT('Origin',(-7.90000000000003,29.45,21.95));
#8805=CARTESIAN_POINT('Origin',(-7.30000000000003,29.45,22.55));
#8806=CARTESIAN_POINT('Origin',(-7.90000000000002,18.6375,21.95));
#8807=CARTESIAN_POINT('',(-8.50000000000003,23.85,21.95));
#8808=CARTESIAN_POINT('',(-7.90000000000003,23.85,22.55));
#8809=CARTESIAN_POINT('Origin',(-7.90000000000003,23.85,21.95));
#8810=CARTESIAN_POINT('',(-7.90000000000002,18.6375,22.55));
#8811=CARTESIAN_POINT('',(-8.50000000000002,18.6375,21.95));
#8812=CARTESIAN_POINT('Ctrl Pts',(-8.50000000000003,23.85,21.95));
#8813=CARTESIAN_POINT('Ctrl Pts',(-8.50000000000003,22.65,21.95));
#8814=CARTESIAN_POINT('Ctrl Pts',(-7.30000000000003,22.65,21.95));
#8815=CARTESIAN_POINT('Ctrl Pts',(-8.50000000000003,23.85,22.55));
#8816=CARTESIAN_POINT('Ctrl Pts',(-8.50000000000003,22.65,22.55));
#8817=CARTESIAN_POINT('Ctrl Pts',(-7.30000000000003,22.65,22.55));
#8818=CARTESIAN_POINT('Ctrl Pts',(-7.90000000000003,23.85,22.55));
#8819=CARTESIAN_POINT('Ctrl Pts',(-7.90000000000003,23.25,22.55));
#8820=CARTESIAN_POINT('Ctrl Pts',(-7.30000000000003,23.25,22.55));
#8821=CARTESIAN_POINT('',(-7.30000000000002,22.65,21.95));
#8822=CARTESIAN_POINT('',(-7.30000000000003,23.25,22.55));
#8823=CARTESIAN_POINT('Origin',(-7.30000000000003,23.25,21.95));
#8824=CARTESIAN_POINT('Origin',(-7.30000000000003,23.85,22.55));
#8825=CARTESIAN_POINT('Origin',(-7.30000000000003,23.85,21.95));
#8826=CARTESIAN_POINT('Origin',(-8.50000000000004,30.65,21.15));
#8827=CARTESIAN_POINT('',(-8.50000000000003,29.45,21.15));
#8828=CARTESIAN_POINT('',(-8.50000000000003,29.45,21.15));
#8829=CARTESIAN_POINT('',(-8.50000000000002,23.85,21.15));
#8830=CARTESIAN_POINT('',(-8.50000000000002,23.125,21.15));
#8831=CARTESIAN_POINT('',(-8.50000000000003,23.85,21.15));
#8832=CARTESIAN_POINT('Origin',(-7.30000000000003,29.45,21.15));
#8833=CARTESIAN_POINT('',(-7.30000000000004,30.65,21.15));
#8834=CARTESIAN_POINT('',(-7.30000000000004,30.65,21.15));
#8835=CARTESIAN_POINT('Origin',(-7.30000000000003,29.45,21.15));
#8836=CARTESIAN_POINT('Origin',(-13.25,30.05,21.95));
#8837=CARTESIAN_POINT('',(-5.70000000000003,30.05,22.55));
#8838=CARTESIAN_POINT('',(-13.25,30.05,22.55));
#8839=CARTESIAN_POINT('',(-5.70000000000003,30.65,21.95));
#8840=CARTESIAN_POINT('Origin',(-5.70000000000003,30.05,21.95));
#8841=CARTESIAN_POINT('',(-13.25,30.65,21.95));
#8842=CARTESIAN_POINT('Ctrl Pts',(-4.50000000000002,29.45,21.95));
#8843=CARTESIAN_POINT('Ctrl Pts',(-4.50000000000002,30.65,21.95));
#8844=CARTESIAN_POINT('Ctrl Pts',(-5.70000000000003,30.65,21.95));
#8845=CARTESIAN_POINT('Ctrl Pts',(-4.50000000000002,29.45,22.55));
#8846=CARTESIAN_POINT('Ctrl Pts',(-4.50000000000002,30.65,22.55));
#8847=CARTESIAN_POINT('Ctrl Pts',(-5.70000000000003,30.65,22.55));
#8848=CARTESIAN_POINT('Ctrl Pts',(-5.10000000000003,29.45,22.55));
#8849=CARTESIAN_POINT('Ctrl Pts',(-5.10000000000003,30.05,22.55));
#8850=CARTESIAN_POINT('Ctrl Pts',(-5.70000000000003,30.05,22.55));
#8851=CARTESIAN_POINT('',(-5.10000000000003,29.45,22.55));
#8852=CARTESIAN_POINT('',(-4.50000000000002,29.45,21.95));
#8853=CARTESIAN_POINT('Origin',(-5.10000000000003,29.45,21.95));
#8854=CARTESIAN_POINT('Origin',(-5.70000000000003,29.45,21.95));
#8855=CARTESIAN_POINT('Origin',(-5.70000000000003,29.45,22.55));
#8856=CARTESIAN_POINT('Origin',(-5.1,14.6375,21.95));
#8857=CARTESIAN_POINT('',(-5.10000000000002,23.85,22.55));
#8858=CARTESIAN_POINT('',(-4.50000000000002,23.85,21.95));
#8859=CARTESIAN_POINT('Origin',(-5.10000000000002,23.85,21.95));
#8860=CARTESIAN_POINT('',(-4.5,14.6375,21.95));
#8861=CARTESIAN_POINT('',(-5.1,14.6375,22.55));
#8862=CARTESIAN_POINT('Ctrl Pts',(-5.70000000000001,22.65,21.95));
#8863=CARTESIAN_POINT('Ctrl Pts',(-4.50000000000002,22.65,21.95));
#8864=CARTESIAN_POINT('Ctrl Pts',(-4.50000000000001,23.85,21.95));
#8865=CARTESIAN_POINT('Ctrl Pts',(-5.70000000000001,22.65,22.55));
#8866=CARTESIAN_POINT('Ctrl Pts',(-4.50000000000002,22.65,22.55));
#8867=CARTESIAN_POINT('Ctrl Pts',(-4.50000000000001,23.85,22.55));
#8868=CARTESIAN_POINT('Ctrl Pts',(-5.70000000000001,23.25,22.55));
#8869=CARTESIAN_POINT('Ctrl Pts',(-5.10000000000002,23.25,22.55));
#8870=CARTESIAN_POINT('Ctrl Pts',(-5.10000000000002,23.85,22.55));
#8871=CARTESIAN_POINT('',(-5.70000000000001,23.25,22.55));
#8872=CARTESIAN_POINT('',(-5.70000000000001,22.65,21.95));
#8873=CARTESIAN_POINT('Origin',(-5.70000000000001,23.25,21.95));
#8874=CARTESIAN_POINT('Origin',(-5.70000000000001,23.85,21.95));
#8875=CARTESIAN_POINT('Origin',(-5.70000000000001,23.85,22.55));
#8876=CARTESIAN_POINT('Origin',(-22.,6.625,22.55));
#8877=CARTESIAN_POINT('',(-15.25,23.25,22.55));
#8878=CARTESIAN_POINT('Origin',(-7.30000000000003,23.85,21.15));
#8879=CARTESIAN_POINT('',(-7.30000000000002,22.65,21.15));
#8880=CARTESIAN_POINT('Origin',(-7.30000000000003,23.85,21.15));
#8881=CARTESIAN_POINT('',(-7.30000000000002,22.65,21.15));
#8882=CARTESIAN_POINT('Origin',(-5.70000000000001,23.85,21.15));
#8883=CARTESIAN_POINT('',(-5.70000000000001,22.65,21.15));
#8884=CARTESIAN_POINT('',(-5.70000000000001,22.65,21.15));
#8885=CARTESIAN_POINT('',(-4.50000000000002,23.85,21.15));
#8886=CARTESIAN_POINT('Origin',(-5.70000000000001,23.85,21.15));
#8887=CARTESIAN_POINT('',(-4.50000000000002,23.85,21.15));
#8888=CARTESIAN_POINT('Origin',(-5.70000000000003,29.45,21.15));
#8889=CARTESIAN_POINT('',(-4.50000000000003,29.45,21.15));
#8890=CARTESIAN_POINT('',(-4.50000000000002,29.45,21.15));
#8891=CARTESIAN_POINT('',(-5.70000000000003,30.65,21.15));
#8892=CARTESIAN_POINT('Origin',(-5.70000000000003,29.45,21.15));
#8893=CARTESIAN_POINT('',(-5.70000000000003,30.65,21.15));
#8894=CARTESIAN_POINT('Origin',(-35.799,25.849,4.8));
#8895=CARTESIAN_POINT('',(-35.799,25.849,4.8));
#8896=CARTESIAN_POINT('',(-35.799,29.251,4.8));
#8897=CARTESIAN_POINT('',(-35.799,26.6995,4.8));
#8898=CARTESIAN_POINT('',(-35.799,25.849,5.1));
#8899=CARTESIAN_POINT('',(-35.799,25.849,4.8));
#8900=CARTESIAN_POINT('',(-35.799,29.251,5.1));
#8901=CARTESIAN_POINT('',(-35.799,25.849,5.1));
#8902=CARTESIAN_POINT('',(-35.799,29.251,4.8));
#8903=CARTESIAN_POINT('Origin',(-39.201,29.251,4.8));
#8904=CARTESIAN_POINT('',(-39.201,29.251,4.8));
#8905=CARTESIAN_POINT('',(-39.201,25.849,4.8));
#8906=CARTESIAN_POINT('',(-39.201,28.4005,4.8));
#8907=CARTESIAN_POINT('',(-39.201,29.251,5.1));
#8908=CARTESIAN_POINT('',(-39.201,29.251,4.8));
#8909=CARTESIAN_POINT('',(-39.201,25.849,5.1));
#8910=CARTESIAN_POINT('',(-39.201,25.849,5.1));
#8911=CARTESIAN_POINT('',(-39.201,25.849,4.8));
#8912=CARTESIAN_POINT('Origin',(-37.5,27.55,5.1));
#8913=CARTESIAN_POINT('',(-39.9711533744387,29.251,5.1));
#8914=CARTESIAN_POINT('',(-35.0288466255612,25.849,5.1));
#8915=CARTESIAN_POINT('',(-39.2,27.55,5.1));
#8916=CARTESIAN_POINT('Origin',(-37.5,27.55,5.1));
#8917=CARTESIAN_POINT('Origin',(-37.5,27.55,4.8));
#8918=CARTESIAN_POINT('',(-35.0288466255612,29.251,4.8));
#8919=CARTESIAN_POINT('',(-35.0288466255612,29.251,4.8));
#8920=CARTESIAN_POINT('',(-35.0288466255612,25.849,4.8));
#8921=CARTESIAN_POINT('Origin',(-37.5,27.55,4.8));
#8922=CARTESIAN_POINT('',(-35.0288466255612,25.849,4.8));
#8923=CARTESIAN_POINT('Origin',(-35.0288466255612,29.251,4.5));
#8924=CARTESIAN_POINT('',(-35.0288466255612,29.251,4.5));
#8925=CARTESIAN_POINT('',(-39.9711533744387,29.251,4.5));
#8926=CARTESIAN_POINT('',(-36.2644233127806,29.251,4.5));
#8927=CARTESIAN_POINT('',(-35.0288466255612,29.251,4.5));
#8928=CARTESIAN_POINT('',(-39.9711533744387,29.251,4.8));
#8929=CARTESIAN_POINT('',(-35.0288466255612,29.251,4.8));
#8930=CARTESIAN_POINT('',(-39.9711533744387,29.251,4.5));
#8931=CARTESIAN_POINT('Origin',(-39.9711533744387,25.849,4.5));
#8932=CARTESIAN_POINT('',(-39.9711533744387,25.849,4.5));
#8933=CARTESIAN_POINT('',(-35.0288466255612,25.849,4.5));
#8934=CARTESIAN_POINT('',(-38.7355766872194,25.849,4.5));
#8935=CARTESIAN_POINT('',(-39.9711533744387,25.849,4.8));
#8936=CARTESIAN_POINT('',(-39.9711533744387,25.849,4.5));
#8937=CARTESIAN_POINT('',(-35.0288466255612,25.849,4.8));
#8938=CARTESIAN_POINT('',(-35.0288466255612,25.849,4.5));
#8939=CARTESIAN_POINT('Origin',(-37.5,27.55,4.8));
#8940=CARTESIAN_POINT('',(-40.5,27.55,4.8));
#8941=CARTESIAN_POINT('Origin',(-37.5,27.55,4.8));
#8942=CARTESIAN_POINT('Origin',(-37.5,27.55,4.8));
#8943=CARTESIAN_POINT('Origin',(-37.5,27.55,4.5));
#8944=CARTESIAN_POINT('Origin',(-37.5,27.55,4.5));
#8945=CARTESIAN_POINT('Origin',(-37.5,27.55,20.95));
#8946=CARTESIAN_POINT('',(-39.6,27.55,21.15));
#8947=CARTESIAN_POINT('Origin',(-37.5,27.55,21.15));
#8948=CARTESIAN_POINT('',(-39.2,27.55,20.75));
#8949=CARTESIAN_POINT('',(-39.4,27.55,20.95));
#8950=CARTESIAN_POINT('Origin',(-37.5,27.55,20.75));
#8951=CARTESIAN_POINT('Origin',(-37.5,27.55,0.));
#8952=CARTESIAN_POINT('',(-39.2,27.55,0.));
#8953=CARTESIAN_POINT('Origin',(-37.5,15.5,21.15));
#8954=CARTESIAN_POINT('',(-42.75,15.5,21.15));
#8955=CARTESIAN_POINT('',(-42.75,30.45,21.15));
#8956=CARTESIAN_POINT('',(-42.75,15.5,21.15));
#8957=CARTESIAN_POINT('',(-32.25,15.5,21.15));
#8958=CARTESIAN_POINT('Origin',(-37.5,15.5,21.15));
#8959=CARTESIAN_POINT('',(-32.25,30.45,21.15));
#8960=CARTESIAN_POINT('',(-32.25,24.475,21.15));
#8961=CARTESIAN_POINT('',(-34.85,33.05,21.15));
#8962=CARTESIAN_POINT('Origin',(-34.85,30.45,21.15));
#8963=CARTESIAN_POINT('',(-40.15,33.05,21.15));
#8964=CARTESIAN_POINT('',(-40.325,33.05,21.15));
#8965=CARTESIAN_POINT('Origin',(-40.15,30.45,21.15));
#8966=CARTESIAN_POINT('',(-40.9,15.5,21.15));
#8967=CARTESIAN_POINT('Origin',(-37.5,15.5,21.15));
#8968=CARTESIAN_POINT('',(-36.7,20.025,21.15));
#8969=CARTESIAN_POINT('',(-38.3,20.025,21.15));
#8970=CARTESIAN_POINT('',(-38.5,20.025,21.15));
#8971=CARTESIAN_POINT('',(-39.5,21.225,21.15));
#8972=CARTESIAN_POINT('Origin',(-38.3,21.225,21.15));
#8973=CARTESIAN_POINT('',(-39.5,21.825,21.15));
#8974=CARTESIAN_POINT('',(-39.5,19.2625,21.15));
#8975=CARTESIAN_POINT('',(-38.3,23.025,21.15));
#8976=CARTESIAN_POINT('Origin',(-38.3,21.825,21.15));
#8977=CARTESIAN_POINT('',(-36.7,23.025,21.15));
#8978=CARTESIAN_POINT('',(-36.5,23.025,21.15));
#8979=CARTESIAN_POINT('',(-35.5,21.825,21.15));
#8980=CARTESIAN_POINT('Origin',(-36.7,21.825,21.15));
#8981=CARTESIAN_POINT('',(-35.5,21.225,21.15));
#8982=CARTESIAN_POINT('',(-35.5,17.7625,21.15));
#8983=CARTESIAN_POINT('Origin',(-36.7,21.225,21.15));
#8984=CARTESIAN_POINT('Origin',(-22.,0.,-0.3));
#8985=CARTESIAN_POINT('',(-10.7409200968523,9.91126226746803,-0.1));
#8986=CARTESIAN_POINT('',(-10.4406779661017,10.1755625946005,-0.5));
#8987=CARTESIAN_POINT('',(-10.7409200968523,9.91126226746803,-0.1));
#8988=CARTESIAN_POINT('',(-33.5593220338983,10.1755625946005,-0.5));
#8989=CARTESIAN_POINT('Origin',(-22.,0.,-0.5));
#8990=CARTESIAN_POINT('',(-33.2590799031477,9.91126226746803,-0.1));
#8991=CARTESIAN_POINT('',(-33.5593220338983,10.1755625946005,-0.5));
#8992=CARTESIAN_POINT('Origin',(-22.,0.,-0.1));
#8993=CARTESIAN_POINT('Origin',(-6.5,13.6445043882143,-0.3));
#8994=CARTESIAN_POINT('',(-12.15,13.6445043882143,-0.1));
#8995=CARTESIAN_POINT('Origin',(-6.5,13.6445043882143,-0.1));
#8996=CARTESIAN_POINT('',(-11.75,13.6445043882143,-0.5));
#8997=CARTESIAN_POINT('',(-12.15,13.6445043882143,-0.1));
#8998=CARTESIAN_POINT('Origin',(-6.5,13.6445043882143,-0.5));
#8999=CARTESIAN_POINT('Origin',(-11.95,7.75,-0.300000000000002));
#9000=CARTESIAN_POINT('',(-12.15,30.45,-0.100000000000004));
#9001=CARTESIAN_POINT('',(-11.75,30.45,-0.5));
#9002=CARTESIAN_POINT('',(-12.15,30.45,-0.100000000000004));
#9003=CARTESIAN_POINT('',(-11.75,7.75,-0.5));
#9004=CARTESIAN_POINT('',(-12.15,7.75,-0.100000000000004));
#9005=CARTESIAN_POINT('Origin',(-9.15,30.45,-0.300000000000002));
#9006=CARTESIAN_POINT('',(-9.15,33.45,-0.100000000000004));
#9007=CARTESIAN_POINT('',(-9.15,33.05,-0.5));
#9008=CARTESIAN_POINT('',(-9.15,33.45,-0.100000000000004));
#9009=CARTESIAN_POINT('Origin',(-9.15,30.45,-0.5));
#9010=CARTESIAN_POINT('Origin',(-9.15,30.45,-0.100000000000004));
#9011=CARTESIAN_POINT('Origin',(-17.075,33.25,-0.300000000000002));
#9012=CARTESIAN_POINT('',(-3.85,33.45,-0.100000000000004));
#9013=CARTESIAN_POINT('',(-3.85000000000001,33.05,-0.5));
#9014=CARTESIAN_POINT('',(-3.85,33.45,-0.100000000000004));
#9015=CARTESIAN_POINT('',(-17.075,33.05,-0.5));
#9016=CARTESIAN_POINT('',(-17.075,33.45,-0.100000000000004));
#9017=CARTESIAN_POINT('Origin',(-3.85,30.45,-0.300000000000002));
#9018=CARTESIAN_POINT('',(-0.850000000000004,30.45,-0.100000000000004));
#9019=CARTESIAN_POINT('',(-1.25,30.45,-0.5));
#9020=CARTESIAN_POINT('',(-0.850000000000004,30.45,-0.100000000000004));
#9021=CARTESIAN_POINT('Origin',(-3.85,30.45,-0.5));
#9022=CARTESIAN_POINT('Origin',(-3.85,30.45,-0.100000000000004));
#9023=CARTESIAN_POINT('Origin',(-1.05,16.725,-0.3));
#9024=CARTESIAN_POINT('',(-0.850000000000004,-15.5,-0.0999999999999997));
#9025=CARTESIAN_POINT('',(-1.25,-15.5,-0.5));
#9026=CARTESIAN_POINT('',(-0.850000000000004,-15.5,-0.0999999999999997));
#9027=CARTESIAN_POINT('',(-1.25,16.725,-0.5));
#9028=CARTESIAN_POINT('',(-0.850000000000004,16.725,-0.0999999999999997));
#9029=CARTESIAN_POINT('Origin',(-6.5,-15.5,-0.3));
#9030=CARTESIAN_POINT('',(-6.50000015839918,-21.15,-0.1));
#9031=CARTESIAN_POINT('Origin',(-6.5,-15.5,-0.1));
#9032=CARTESIAN_POINT('',(-6.50000014718508,-20.75,-0.5));
#9033=CARTESIAN_POINT('',(-6.50000015839918,-21.15,-0.1));
#9034=CARTESIAN_POINT('Origin',(-6.5,-15.5,-0.5));
#9035=CARTESIAN_POINT('Origin',(-29.7500000733448,-20.95,-0.3));
#9036=CARTESIAN_POINT('',(-37.5000001466897,-21.15,-0.1));
#9037=CARTESIAN_POINT('',(-37.5000001466897,-20.75,-0.5));
#9038=CARTESIAN_POINT('',(-37.5000001466897,-21.15,-0.1));
#9039=CARTESIAN_POINT('',(-29.7500000733448,-20.75,-0.5));
#9040=CARTESIAN_POINT('',(-29.7500000733448,-21.15,-0.1));
#9041=CARTESIAN_POINT('Origin',(-37.5,-15.5,-0.3));
#9042=CARTESIAN_POINT('',(-43.15,-15.5000001461768,-0.1));
#9043=CARTESIAN_POINT('Origin',(-37.5,-15.5,-0.1));
#9044=CARTESIAN_POINT('',(-42.75,-15.500000135828,-0.5));
#9045=CARTESIAN_POINT('',(-43.15,-15.5000001461768,-0.1));
#9046=CARTESIAN_POINT('Origin',(-37.5,-15.5,-0.5));
#9047=CARTESIAN_POINT('Origin',(-42.95,7.75,-0.300000000000002));
#9048=CARTESIAN_POINT('',(-43.15,30.45,-0.100000000000004));
#9049=CARTESIAN_POINT('',(-42.75,30.45,-0.5));
#9050=CARTESIAN_POINT('',(-43.15,30.45,-0.100000000000004));
#9051=CARTESIAN_POINT('',(-42.75,7.75,-0.5));
#9052=CARTESIAN_POINT('',(-43.15,7.75,-0.100000000000004));
#9053=CARTESIAN_POINT('Origin',(-40.15,30.45,-0.300000000000002));
#9054=CARTESIAN_POINT('',(-40.15,33.45,-0.100000000000004));
#9055=CARTESIAN_POINT('',(-40.15,33.05,-0.5));
#9056=CARTESIAN_POINT('',(-40.15,33.45,-0.100000000000004));
#9057=CARTESIAN_POINT('Origin',(-40.15,30.45,-0.5));
#9058=CARTESIAN_POINT('Origin',(-40.15,30.45,-0.100000000000004));
#9059=CARTESIAN_POINT('Origin',(-32.575,33.25,-0.300000000000002));
#9060=CARTESIAN_POINT('',(-34.85,33.45,-0.100000000000004));
#9061=CARTESIAN_POINT('',(-34.85,33.05,-0.5));
#9062=CARTESIAN_POINT('',(-34.85,33.45,-0.100000000000004));
#9063=CARTESIAN_POINT('',(-32.575,33.05,-0.5));
#9064=CARTESIAN_POINT('',(-32.575,33.45,-0.100000000000004));
#9065=CARTESIAN_POINT('Origin',(-34.85,30.45,-0.300000000000002));
#9066=CARTESIAN_POINT('',(-31.85,30.45,-0.100000000000004));
#9067=CARTESIAN_POINT('',(-32.25,30.45,-0.5));
#9068=CARTESIAN_POINT('',(-31.85,30.45,-0.100000000000004));
#9069=CARTESIAN_POINT('Origin',(-34.85,30.45,-0.5));
#9070=CARTESIAN_POINT('Origin',(-34.85,30.45,-0.100000000000004));
#9071=CARTESIAN_POINT('Origin',(-32.05,16.725,-0.3));
#9072=CARTESIAN_POINT('',(-31.85,13.6445043882143,-0.0999999999999997));
#9073=CARTESIAN_POINT('',(-32.25,13.6445043882143,-0.5));
#9074=CARTESIAN_POINT('',(-31.85,13.6445043882143,-0.0999999999999997));
#9075=CARTESIAN_POINT('',(-32.25,16.725,-0.5));
#9076=CARTESIAN_POINT('',(-31.85,16.725,-0.0999999999999997));
#9077=CARTESIAN_POINT('Origin',(-37.5,13.6445043882143,-0.3));
#9078=CARTESIAN_POINT('Origin',(-37.5,13.6445043882143,-0.1));
#9079=CARTESIAN_POINT('Origin',(-37.5,13.6445043882143,-0.5));
#9080=CARTESIAN_POINT('Origin',(-6.5,-15.5,0.));
#9081=CARTESIAN_POINT('',(-0.850000000000004,-15.5,4.5));
#9082=CARTESIAN_POINT('',(-0.850000000000004,-15.5,0.));
#9083=CARTESIAN_POINT('',(-4.0330985915493,-10.4169991696849,10.5));
#9084=CARTESIAN_POINT('Ctrl Pts',(-4.03309859154929,-10.4169991696849,10.5));
#9085=CARTESIAN_POINT('Ctrl Pts',(-3.6038535489501,-10.6253220158751,10.5));
#9086=CARTESIAN_POINT('Ctrl Pts',(-3.00438270637429,-11.0193449342857,10.2550532217541));
#9087=CARTESIAN_POINT('Ctrl Pts',(-2.34949979183192,-11.6476488409529,9.6243903328549));
#9088=CARTESIAN_POINT('Ctrl Pts',(-1.93692623083203,-12.1479963161265,9.0477575887697));
#9089=CARTESIAN_POINT('Ctrl Pts',(-1.59316313598563,-12.6762319632959,8.38838392570217));
#9090=CARTESIAN_POINT('Ctrl Pts',(-1.22626883873406,-13.4042535437167,7.4315008968304));
#9091=CARTESIAN_POINT('Ctrl Pts',(-0.929158888661279,-14.3424943490519,
6.13760669436752));
#9092=CARTESIAN_POINT('Ctrl Pts',(-0.850403012245804,-15.1118874583382,
5.04912324974299));
#9093=CARTESIAN_POINT('Ctrl Pts',(-0.850001473401212,-15.4955974244586,
4.50622881095066));
#9094=CARTESIAN_POINT('Ctrl Pts',(-0.850000000000005,-15.4977988810048,
4.50311419284306));
#9095=CARTESIAN_POINT('Ctrl Pts',(-0.850000000000005,-15.5,4.5));
#9096=CARTESIAN_POINT('',(-6.5,-9.85000000000001,10.5));
#9097=CARTESIAN_POINT('Origin',(-6.5,-15.5,10.5));
#9098=CARTESIAN_POINT('',(-6.5,-9.85000000000001,20.75));
#9099=CARTESIAN_POINT('',(-6.5,-9.85000000000001,0.));
#9100=CARTESIAN_POINT('',(-6.5,-21.15,20.75));
#9101=CARTESIAN_POINT('Origin',(-6.5,-15.5,20.75));
#9102=CARTESIAN_POINT('',(-6.50000015839918,-21.15,5.5));
#9103=CARTESIAN_POINT('',(-6.5,-21.15,0.));
#9104=CARTESIAN_POINT('',(-6.50000015839918,-21.15,0.));
#9105=CARTESIAN_POINT('Origin',(-0.850000000000004,33.45,21.15));
#9106=CARTESIAN_POINT('',(-0.850000000000004,30.45,20.75));
#9107=CARTESIAN_POINT('',(-0.850000000000004,30.45,21.15));
#9108=CARTESIAN_POINT('',(-0.850000000000004,15.5,20.75));
#9109=CARTESIAN_POINT('',(-0.850000000000004,24.475,20.75));
#9110=CARTESIAN_POINT('',(-0.850000000000004,15.5,4.5));
#9111=CARTESIAN_POINT('',(-0.850000000000004,15.5,0.));
#9112=CARTESIAN_POINT('',(-0.850000000000004,-7.75,4.5));
#9113=CARTESIAN_POINT('Origin',(-3.85,30.45,21.15));
#9114=CARTESIAN_POINT('',(-3.85,33.45,20.75));
#9115=CARTESIAN_POINT('',(-3.85,33.45,21.15));
#9116=CARTESIAN_POINT('Origin',(-3.85,30.45,20.75));
#9117=CARTESIAN_POINT('Origin',(-12.15,33.45,21.15));
#9118=CARTESIAN_POINT('',(-9.15,33.45,20.75));
#9119=CARTESIAN_POINT('',(-9.15,33.45,21.15));
#9120=CARTESIAN_POINT('',(-9.325,33.45,20.75));
#9121=CARTESIAN_POINT('Origin',(-9.15,30.45,21.15));
#9122=CARTESIAN_POINT('',(-12.15,30.45,20.75));
#9123=CARTESIAN_POINT('',(-12.15,30.45,21.15));
#9124=CARTESIAN_POINT('Origin',(-9.15,30.45,20.75));
#9125=CARTESIAN_POINT('Origin',(-12.15,15.5,21.15));
#9126=CARTESIAN_POINT('',(-12.15,13.6445043882143,4.5));
#9127=CARTESIAN_POINT('',(-12.15,13.6445043882143,0.));
#9128=CARTESIAN_POINT('',(-12.15,15.5,4.5));
#9129=CARTESIAN_POINT('',(-12.15,7.75,4.5));
#9130=CARTESIAN_POINT('',(-12.15,15.5,20.75));
#9131=CARTESIAN_POINT('',(-12.15,15.5,0.));
#9132=CARTESIAN_POINT('',(-12.15,15.5,20.75));
#9133=CARTESIAN_POINT('Origin',(-6.5,13.6445043882143,0.));
#9134=CARTESIAN_POINT('',(-10.7409200968523,9.91126226746803,4.5));
#9135=CARTESIAN_POINT('',(-10.7409200968523,9.91126226746803,0.));
#9136=CARTESIAN_POINT('',(-11.6847596383627,11.3993390285124,4.5));
#9137=CARTESIAN_POINT('Origin',(-6.5,13.6445043882143,4.5));
#9138=CARTESIAN_POINT('Origin',(-6.5,13.6445043882143,4.5));
#9139=CARTESIAN_POINT('Origin',(-22.,0.,0.));
#9140=CARTESIAN_POINT('',(-33.2590799031477,9.91126226746803,4.5));
#9141=CARTESIAN_POINT('',(-33.2590799031477,9.91126226746803,0.));
#9142=CARTESIAN_POINT('',(-32.0476909660877,-11.1375,4.5));
#9143=CARTESIAN_POINT('Origin',(-22.,0.,4.5));
#9144=CARTESIAN_POINT('',(-32.0476909660877,-11.1375,10.193610741362));
#9145=CARTESIAN_POINT('',(-32.0476909660877,-11.1375,0.));
#9146=CARTESIAN_POINT('',(-11.9523090339123,-11.1375,10.193610741362));
#9147=CARTESIAN_POINT('Origin',(-22.,0.,30.5936305808126));
#9148=CARTESIAN_POINT('',(-11.9523090339123,-11.1375,4.5));
#9149=CARTESIAN_POINT('',(-11.9523090339123,-11.1375,0.));
#9150=CARTESIAN_POINT('Origin',(-22.,0.,4.5));
#9151=CARTESIAN_POINT('Origin',(-22.,0.,-0.5));
#9152=CARTESIAN_POINT('',(-40.9,27.55,-0.5));
#9153=CARTESIAN_POINT('Origin',(-37.5,27.55,-0.5));
#9154=CARTESIAN_POINT('',(-39.6,-15.5,-0.5));
#9155=CARTESIAN_POINT('Origin',(-37.5,-15.5,-0.5));
#9156=CARTESIAN_POINT('',(-39.6,15.5,-0.5));
#9157=CARTESIAN_POINT('Origin',(-37.5,15.5,-0.5));
#9158=CARTESIAN_POINT('',(-8.6,-15.5,-0.5));
#9159=CARTESIAN_POINT('Origin',(-6.5,-15.5,-0.5));
#9160=CARTESIAN_POINT('',(-8.6,15.5,-0.5));
#9161=CARTESIAN_POINT('Origin',(-6.5,15.5,-0.5));
#9162=CARTESIAN_POINT('Origin',(-37.5,-15.5,16.55));
#9163=CARTESIAN_POINT('',(-39.2,-15.5,16.45));
#9164=CARTESIAN_POINT('Origin',(-37.5,-15.5,16.45));
#9165=CARTESIAN_POINT('',(-39.4,-15.5,16.65));
#9166=CARTESIAN_POINT('',(-39.3,-15.5,16.55));
#9167=CARTESIAN_POINT('Origin',(-37.5,-15.5,16.65));
#9168=CARTESIAN_POINT('Origin',(-37.5,-15.5,0.));
#9169=CARTESIAN_POINT('',(-39.2,-15.5,-0.1));
#9170=CARTESIAN_POINT('',(-39.2,-15.5,0.));
#9171=CARTESIAN_POINT('Origin',(-37.5,-15.5,-0.1));
#9172=CARTESIAN_POINT('Origin',(-37.5,0.,16.65));
#9173=CARTESIAN_POINT('',(-40.5,-15.5,16.65));
#9174=CARTESIAN_POINT('Origin',(-37.5,-15.5,16.65));
#9175=CARTESIAN_POINT('Origin',(-37.5,15.5,16.55));
#9176=CARTESIAN_POINT('',(-39.2,15.5,16.45));
#9177=CARTESIAN_POINT('Origin',(-37.5,15.5,16.45));
#9178=CARTESIAN_POINT('',(-39.4,15.5,16.65));
#9179=CARTESIAN_POINT('',(-39.3,15.5,16.55));
#9180=CARTESIAN_POINT('Origin',(-37.5,15.5,16.65));
#9181=CARTESIAN_POINT('Origin',(-37.5,15.5,0.));
#9182=CARTESIAN_POINT('',(-39.2,15.5,-0.1));
#9183=CARTESIAN_POINT('',(-39.2,15.5,0.));
#9184=CARTESIAN_POINT('Origin',(-37.5,15.5,-0.1));
#9185=CARTESIAN_POINT('Origin',(-37.5,0.,16.65));
#9186=CARTESIAN_POINT('',(-40.5,15.5,16.65));
#9187=CARTESIAN_POINT('Origin',(-37.5,15.5,16.65));
#9188=CARTESIAN_POINT('Origin',(-37.5,-15.5,10.5));
#9189=CARTESIAN_POINT('',(-42.15,-5.91876834639722,5.5));
#9190=CARTESIAN_POINT('',(-39.9669014084507,-10.4169991696849,10.5));
#9191=CARTESIAN_POINT('Origin',(-42.15,-5.91876834639722,10.5));
#9192=CARTESIAN_POINT('',(-37.5,-9.85000000000002,10.5));
#9193=CARTESIAN_POINT('Origin',(-37.5,-15.5,10.5));
#9194=CARTESIAN_POINT('',(-37.5,-4.85000000000001,5.5));
#9195=CARTESIAN_POINT('Origin',(-37.5,-4.85000000000001,10.5));
#9196=CARTESIAN_POINT('Origin',(-37.5,-15.5,5.5));
#9197=CARTESIAN_POINT('Origin',(-29.75,-4.85000000000001,10.5));
#9198=CARTESIAN_POINT('',(-37.2472128600607,-9.85000000000002,10.5));
#9199=CARTESIAN_POINT('',(-37.2472128600607,-4.85000000000002,5.5));
#9200=CARTESIAN_POINT('Origin',(-37.2472128600607,-4.85000000000002,10.5));
#9201=CARTESIAN_POINT('',(-29.75,-4.85000000000001,5.5));
#9202=CARTESIAN_POINT('',(-29.75,-9.85000000000001,10.5));
#9203=CARTESIAN_POINT('Ctrl Pts',(-43.15,-15.5,4.5));
#9204=CARTESIAN_POINT('Ctrl Pts',(-43.15,-15.4958509880916,4.50051903214114));
#9205=CARTESIAN_POINT('Ctrl Pts',(-43.1500005813079,-15.4916997385719,4.50103933735663));
#9206=CARTESIAN_POINT('Ctrl Pts',(-43.1488459180457,-13.3313573817705,4.77055394922296));
#9207=CARTESIAN_POINT('Ctrl Pts',(-43.0075792157218,-10.4000835428059,5.14210511582371));
#9208=CARTESIAN_POINT('Ctrl Pts',(-42.5373712431705,-7.3070428446723,5.44548891040148));
#9209=CARTESIAN_POINT('Ctrl Pts',(-42.2848513186926,-6.31144769364064,5.5));
#9210=CARTESIAN_POINT('Ctrl Pts',(-42.15,-5.91876834639722,5.5));
#9211=CARTESIAN_POINT('Ctrl Pts',(-43.15,-15.5,4.5));
#9212=CARTESIAN_POINT('Ctrl Pts',(-43.1511855809833,-15.4963362678816,4.50108108288241));
#9213=CARTESIAN_POINT('Ctrl Pts',(-43.1488999418061,-15.4923355943161,4.5019649231115));
#9214=CARTESIAN_POINT('Ctrl Pts',(-43.1678537281831,-13.52769860865,5.03061349375426));
#9215=CARTESIAN_POINT('Ctrl Pts',(-42.6573274102605,-10.8485467347673,5.74502072508837));
#9216=CARTESIAN_POINT('Ctrl Pts',(-41.7566372070394,-8.29202101999273,5.76508654002465));
#9217=CARTESIAN_POINT('Ctrl Pts',(-41.5430781255833,-7.55095013548408,5.58937509574734));
#9218=CARTESIAN_POINT('Ctrl Pts',(-41.4968184288311,-7.2646358615012,5.5));
#9219=CARTESIAN_POINT('Ctrl Pts',(-43.15,-15.5,4.50000000000001));
#9220=CARTESIAN_POINT('Ctrl Pts',(-43.1513770001396,-15.4971344532429,4.50183410675145));
#9221=CARTESIAN_POINT('Ctrl Pts',(-43.1487157586681,-15.4934962534095,4.50380335434714));
#9222=CARTESIAN_POINT('Ctrl Pts',(-43.174294997635,-13.8692745566261,5.47753675571703));
#9223=CARTESIAN_POINT('Ctrl Pts',(-42.3516560108201,-11.6373643514513,6.83083824149282));
#9224=CARTESIAN_POINT('Ctrl Pts',(-40.7935049982506,-10.0075906110608,7.13431408214242));
#9225=CARTESIAN_POINT('Ctrl Pts',(-40.4246980788531,-9.70137952194277,6.89806646210419));
#9226=CARTESIAN_POINT('Ctrl Pts',(-40.3660996438853,-9.59445921927449,6.75588957916953));
#9227=CARTESIAN_POINT('Ctrl Pts',(-43.15,-15.5,4.50000000000001));
#9228=CARTESIAN_POINT('Ctrl Pts',(-43.1508087455036,-15.4975829357489,4.50279609031937));
#9229=CARTESIAN_POINT('Ctrl Pts',(-43.1492513175816,-15.4949823959277,4.5054460282094));
#9230=CARTESIAN_POINT('Ctrl Pts',(-43.1593819419309,-14.2046721173642,5.92974901682101));
#9231=CARTESIAN_POINT('Ctrl Pts',(-42.5317647877272,-12.4501163083918,7.89646733892832));
#9232=CARTESIAN_POINT('Ctrl Pts',(-40.9445959108918,-10.9538945165586,9.26165551983479));
#9233=CARTESIAN_POINT('Ctrl Pts',(-40.2739342615749,-10.5650313522801,9.42093738880199));
#9234=CARTESIAN_POINT('Ctrl Pts',(-39.9669014084507,-10.4169991696849,9.37800262371793));
#9235=CARTESIAN_POINT('Ctrl Pts',(-43.15,-15.5,4.50000000000001));
#9236=CARTESIAN_POINT('Ctrl Pts',(-43.15,-15.4977988810073,4.5031141928461));
#9237=CARTESIAN_POINT('Ctrl Pts',(-43.1500018503602,-15.4955965749231,4.50623602413981));
#9238=CARTESIAN_POINT('Ctrl Pts',(-43.1463264433598,-14.3494994560559,6.12332369533746));
#9239=CARTESIAN_POINT('Ctrl Pts',(-42.6966606021559,-12.7944105180146,8.35263069494237));
#9240=CARTESIAN_POINT('Ctrl Pts',(-41.1999422669943,-11.153501603042,10.1729334624088));
#9241=CARTESIAN_POINT('Ctrl Pts',(-40.3961464510498,-10.6253220158751,10.5));
#9242=CARTESIAN_POINT('Ctrl Pts',(-39.9669014084507,-10.4169991696849,10.5));
#9243=CARTESIAN_POINT('',(-43.15,-15.5000001461768,4.5));
#9244=CARTESIAN_POINT('Ctrl Pts',(-42.15,-5.91876834639722,5.5));
#9245=CARTESIAN_POINT('Ctrl Pts',(-42.2848513186926,-6.31144769364064,5.5));
#9246=CARTESIAN_POINT('Ctrl Pts',(-42.5373712431705,-7.3070428446723,5.44548891040148));
#9247=CARTESIAN_POINT('Ctrl Pts',(-43.0075792157218,-10.4000835428059,5.14210511582371));
#9248=CARTESIAN_POINT('Ctrl Pts',(-43.1488459180457,-13.3313573817705,4.77055394922296));
#9249=CARTESIAN_POINT('Ctrl Pts',(-43.1500005813079,-15.4916997385719,4.50103933735663));
#9250=CARTESIAN_POINT('Ctrl Pts',(-43.15,-15.4958509880916,4.50051903214114));
#9251=CARTESIAN_POINT('Ctrl Pts',(-43.15,-15.5,4.5));
#9252=CARTESIAN_POINT('Ctrl Pts',(-43.15,-15.5,4.50000000000001));
#9253=CARTESIAN_POINT('Ctrl Pts',(-43.15,-15.4977988810073,4.5031141928461));
#9254=CARTESIAN_POINT('Ctrl Pts',(-43.1500018503602,-15.4955965749231,4.50623602413981));
#9255=CARTESIAN_POINT('Ctrl Pts',(-43.1463264433598,-14.3494994560559,6.12332369533746));
#9256=CARTESIAN_POINT('Ctrl Pts',(-42.6966606021559,-12.7944105180146,8.35263069494237));
#9257=CARTESIAN_POINT('Ctrl Pts',(-41.1999422669943,-11.153501603042,10.1729334624088));
#9258=CARTESIAN_POINT('Ctrl Pts',(-40.3961464510498,-10.6253220158751,10.5));
#9259=CARTESIAN_POINT('Ctrl Pts',(-39.9669014084507,-10.4169991696849,10.5));
#9260=CARTESIAN_POINT('Ctrl Pts',(-37.2472128600607,-4.85000000000001,5.5));
#9261=CARTESIAN_POINT('Ctrl Pts',(-37.0952088244933,-5.00043050950566,5.5));
#9262=CARTESIAN_POINT('Ctrl Pts',(-36.9351160651808,-5.16713629103552,5.48515011553305));
#9263=CARTESIAN_POINT('Ctrl Pts',(-36.7698654375727,-5.34706024961844,5.45640582346148));
#9264=CARTESIAN_POINT('Ctrl Pts',(-37.2472128600607,-5.59799825085472,5.5));
#9265=CARTESIAN_POINT('Ctrl Pts',(-37.0952853277571,-5.73409709643578,5.52256597044866));
#9266=CARTESIAN_POINT('Ctrl Pts',(-36.9285081211083,-5.88391360873099,5.53119969261813));
#9267=CARTESIAN_POINT('Ctrl Pts',(-36.7506453893192,-6.04417067648474,5.52334743993399));
#9268=CARTESIAN_POINT('Ctrl Pts',(-37.2472128600607,-7.09094112040403,5.84227271396272));
#9269=CARTESIAN_POINT('Ctrl Pts',(-37.0629082481942,-7.18822133145341,5.89646425816757));
#9270=CARTESIAN_POINT('Ctrl Pts',(-36.8551016395805,-7.29454938073241,5.93281394768745));
#9271=CARTESIAN_POINT('Ctrl Pts',(-36.629969873697,-7.40633601667604,5.94364888652112));
#9272=CARTESIAN_POINT('Ctrl Pts',(-37.2472128600607,-9.19406008264561,7.51490955465151));
#9273=CARTESIAN_POINT('Ctrl Pts',(-36.9046562432639,-9.22017221320551,7.57158005173463));
#9274=CARTESIAN_POINT('Ctrl Pts',(-36.5407382089033,-9.24821498578787,7.58545213090227));
#9275=CARTESIAN_POINT('Ctrl Pts',(-36.1688380226339,-9.27734693298699,7.54972765958362));
#9276=CARTESIAN_POINT('Ctrl Pts',(-37.2472128600607,-9.85000000000002,9.37800262371793));
#9277=CARTESIAN_POINT('Ctrl Pts',(-36.7285625331243,-9.84955205604683,9.3996439377419));
#9278=CARTESIAN_POINT('Ctrl Pts',(-36.2016009006145,-9.85044413936631,9.34913933926424));
#9279=CARTESIAN_POINT('Ctrl Pts',(-35.6868713857079,-9.85000000000001,9.22837202801478));
#9280=CARTESIAN_POINT('Ctrl Pts',(-37.2472128600607,-9.85000000000002,10.5));
#9281=CARTESIAN_POINT('Ctrl Pts',(-36.6222921236521,-9.85000000000001,10.5));
#9282=CARTESIAN_POINT('Ctrl Pts',(-35.9975475323804,-9.85000000000001,10.4109006931983));
#9283=CARTESIAN_POINT('Ctrl Pts',(-35.3968655725059,-9.85000000000001,10.2384349407689));
#9284=CARTESIAN_POINT('',(-35.3968655725059,-9.85000000000002,10.2384349407689));
#9285=CARTESIAN_POINT('',(-36.7698654375727,-5.34706024961842,5.45640582346148));
#9286=CARTESIAN_POINT('Origin',(-35.3968655725059,-4.85000000000002,10.2384349407689));
#9287=CARTESIAN_POINT('Ctrl Pts',(-36.7698654375727,-5.34706024961844,5.45640582346148));
#9288=CARTESIAN_POINT('Ctrl Pts',(-36.9351160651808,-5.16713629103552,5.48515011553305));
#9289=CARTESIAN_POINT('Ctrl Pts',(-37.0952088244933,-5.00043050950566,5.5));
#9290=CARTESIAN_POINT('Ctrl Pts',(-37.2472128600607,-4.85000000000001,5.5));
#9291=CARTESIAN_POINT('Ctrl Pts',(-37.2472128600607,-9.85000000000002,10.5));
#9292=CARTESIAN_POINT('Ctrl Pts',(-36.6222921236521,-9.85000000000001,10.5));
#9293=CARTESIAN_POINT('Ctrl Pts',(-35.9975475323804,-9.85000000000001,10.4109006931983));
#9294=CARTESIAN_POINT('Ctrl Pts',(-35.3968655725059,-9.85000000000001,10.2384349407689));
#9295=CARTESIAN_POINT('Ctrl Pts',(-32.0476909660877,-11.1375,4.5));
#9296=CARTESIAN_POINT('Ctrl Pts',(-32.048690086844,-11.1365986436276,4.5029480995321));
#9297=CARTESIAN_POINT('Ctrl Pts',(-32.0496897614938,-11.1356976300282,4.50589650515001));
#9298=CARTESIAN_POINT('Ctrl Pts',(-32.2049847878544,-10.9958009531654,4.96384709929396));
#9299=CARTESIAN_POINT('Ctrl Pts',(-32.5323797586657,-10.7358864293431,5.87739809550117));
#9300=CARTESIAN_POINT('Ctrl Pts',(-33.084919161348,-10.3999048110144,7.199711831547));
#9301=CARTESIAN_POINT('Ctrl Pts',(-33.7243474103694,-10.119746296601,8.43522782539402));
#9302=CARTESIAN_POINT('Ctrl Pts',(-34.4596018537486,-9.91658202356775,9.49312245260755));
#9303=CARTESIAN_POINT('Ctrl Pts',(-35.0274629763811,-9.85498216735413,10.0108011054052));
#9304=CARTESIAN_POINT('Ctrl Pts',(-35.3218828542405,-9.85056310836498,10.1936107713456));
#9305=CARTESIAN_POINT('Ctrl Pts',(-32.0476909660877,-11.1375,4.5));
#9306=CARTESIAN_POINT('Ctrl Pts',(-32.0490700332731,-11.1362552668672,4.50248206662252));
#9307=CARTESIAN_POINT('Ctrl Pts',(-32.050452083717,-11.1350112735584,4.50495856381659));
#9308=CARTESIAN_POINT('Ctrl Pts',(-32.2648672847069,-10.941822068138,4.89034770524859));
#9309=CARTESIAN_POINT('Ctrl Pts',(-32.7239311817245,-10.5907875683125,5.65856659169189));
#9310=CARTESIAN_POINT('Ctrl Pts',(-33.4804311930529,-10.1850466842155,6.74629829698983));
#9311=CARTESIAN_POINT('Ctrl Pts',(-34.2853442119701,-9.916102471753,7.71101160134475));
#9312=CARTESIAN_POINT('Ctrl Pts',(-35.0723493040171,-9.8032829428018,8.46070087765856));
#9313=CARTESIAN_POINT('Ctrl Pts',(-35.5349212349533,-9.82311821601426,8.76930425814767));
#9314=CARTESIAN_POINT('Ctrl Pts',(-35.7333997385143,-9.84438649624267,8.86779416318186));
#9315=CARTESIAN_POINT('Ctrl Pts',(-32.0476909660877,-11.1375,4.5));
#9316=CARTESIAN_POINT('Ctrl Pts',(-32.0497365970274,-11.1356517231546,4.50166141205613));
#9317=CARTESIAN_POINT('Ctrl Pts',(-32.0517839331342,-11.1338121972438,4.50332240174731));
#9318=CARTESIAN_POINT('Ctrl Pts',(-32.3696082581801,-10.8470419477334,4.76139438822829));
#9319=CARTESIAN_POINT('Ctrl Pts',(-33.0338873377445,-10.3089404366011,5.27588128008099));
#9320=CARTESIAN_POINT('Ctrl Pts',(-34.072656050611,-9.63674925438732,5.95251340121201));
#9321=CARTESIAN_POINT('Ctrl Pts',(-35.099484891021,-9.13428339295893,6.44524082463352));
#9322=CARTESIAN_POINT('Ctrl Pts',(-35.9778502462307,-8.84450603587659,6.66062549535477));
#9323=CARTESIAN_POINT('Ctrl Pts',(-36.3369835993371,-8.7819340048573,6.61159679248999));
#9324=CARTESIAN_POINT('Ctrl Pts',(-36.4316915824595,-8.76150995103714,6.56620585652821));
#9325=CARTESIAN_POINT('Ctrl Pts',(-32.0476909660877,-11.1375,4.5));
#9326=CARTESIAN_POINT('Ctrl Pts',(-32.0504029434996,-11.1350512828262,4.50084191303808));
#9327=CARTESIAN_POINT('Ctrl Pts',(-32.0531148889222,-11.1326087291519,4.50168509748264));
#9328=CARTESIAN_POINT('Ctrl Pts',(-32.4741640668691,-10.7522369154277,4.632510541191));
#9329=CARTESIAN_POINT('Ctrl Pts',(-33.2997362044607,-9.97819573774127,4.89339684601615));
#9330=CARTESIAN_POINT('Ctrl Pts',(-34.4317764653235,-8.84162934328582,5.23409535410718));
#9331=CARTESIAN_POINT('Ctrl Pts',(-35.4240229477023,-7.80238982101157,5.48053490272077));
#9332=CARTESIAN_POINT('Ctrl Pts',(-36.216408759569,-6.96083999837547,5.5921769168347));
#9333=CARTESIAN_POINT('Ctrl Pts',(-36.5784549206078,-6.57331214673848,5.57813241738435));
#9334=CARTESIAN_POINT('Ctrl Pts',(-36.7086807286663,-6.42846003676676,5.56121527993187));
#9335=CARTESIAN_POINT('Ctrl Pts',(-32.0476909660877,-11.1375,4.5));
#9336=CARTESIAN_POINT('Ctrl Pts',(-32.0506883283558,-11.1347959308837,4.50049134992069));
#9337=CARTESIAN_POINT('Ctrl Pts',(-32.0536850788002,-11.1320905483258,4.50098275085833));
#9338=CARTESIAN_POINT('Ctrl Pts',(-32.5190404737045,-10.7117753355731,4.57730784988279));
#9339=CARTESIAN_POINT('Ctrl Pts',(-33.4052401686855,-9.82720094352848,4.72956634925022));
#9340=CARTESIAN_POINT('Ctrl Pts',(-34.5373482591544,-8.46581650819439,4.94995197192471));
#9341=CARTESIAN_POINT('Ctrl Pts',(-35.4610697177883,-7.17562160019993,5.15587130423229));
#9342=CARTESIAN_POINT('Ctrl Pts',(-36.1825049143996,-6.09563027585301,5.33218707543467));
#9343=CARTESIAN_POINT('Ctrl Pts',(-36.5613567801972,-5.5820901309378,5.41846685090085));
#9344=CARTESIAN_POINT('Ctrl Pts',(-36.7280054604889,-5.39354212537475,5.4489351285576));
#9345=CARTESIAN_POINT('',(-36.7280054575585,-5.39354212869024,5.44893512802183));
#9346=CARTESIAN_POINT('',(-35.3218828560296,-9.85056310833813,10.1936107569092));
#9347=CARTESIAN_POINT('Origin',(-35.2468444100098,-4.85112621688536,10.193610768131));
#9348=CARTESIAN_POINT('Ctrl Pts',(-35.3218828490634,-9.85056310844269,10.193610768131));
#9349=CARTESIAN_POINT('Ctrl Pts',(-35.0274629730526,-9.85498216771519,10.0108011023709));
#9350=CARTESIAN_POINT('Ctrl Pts',(-34.4596018523121,-9.91658202396469,9.49312245054063));
#9351=CARTESIAN_POINT('Ctrl Pts',(-33.7243474103694,-10.119746296601,8.43522782539402));
#9352=CARTESIAN_POINT('Ctrl Pts',(-33.084919161348,-10.3999048110144,7.199711831547));
#9353=CARTESIAN_POINT('Ctrl Pts',(-32.5323797586657,-10.7358864293431,5.87739809550117));
#9354=CARTESIAN_POINT('Ctrl Pts',(-32.2049847878544,-10.9958009531654,4.96384709929396));
#9355=CARTESIAN_POINT('Ctrl Pts',(-32.0496897614938,-11.1356976300282,4.50589650515001));
#9356=CARTESIAN_POINT('Ctrl Pts',(-32.048690086844,-11.1365986436276,4.5029480995321));
#9357=CARTESIAN_POINT('Ctrl Pts',(-32.0476909660877,-11.1375,4.5));
#9358=CARTESIAN_POINT('Ctrl Pts',(-32.0476909660877,-11.1375,4.5));
#9359=CARTESIAN_POINT('Ctrl Pts',(-32.0506883283558,-11.1347959308837,4.50049134992069));
#9360=CARTESIAN_POINT('Ctrl Pts',(-32.0536850788002,-11.1320905483258,4.50098275085833));
#9361=CARTESIAN_POINT('Ctrl Pts',(-32.5190404737045,-10.7117753355731,4.57730784988279));
#9362=CARTESIAN_POINT('Ctrl Pts',(-33.4052401686855,-9.82720094352848,4.72956634925022));
#9363=CARTESIAN_POINT('Ctrl Pts',(-34.5373482591544,-8.46581650819439,4.94995197192471));
#9364=CARTESIAN_POINT('Ctrl Pts',(-35.4610697177883,-7.17562160019993,5.15587130423229));
#9365=CARTESIAN_POINT('Ctrl Pts',(-36.1825049129901,-6.0956302779631,5.33218707509019));
#9366=CARTESIAN_POINT('Ctrl Pts',(-36.5613567779766,-5.58209013394787,5.41846685039513));
#9367=CARTESIAN_POINT('Ctrl Pts',(-36.7280054575585,-5.39354212869023,5.44893512802184));
#9368=CARTESIAN_POINT('Ctrl Pts',(-36.7698654375727,-5.34706024961842,5.45640582346148));
#9369=CARTESIAN_POINT('Ctrl Pts',(-36.7693725336922,-5.34759692060515,5.4563200859771));
#9370=CARTESIAN_POINT('Ctrl Pts',(-36.7683863396,-5.3486714580359,5.45614838036058));
#9371=CARTESIAN_POINT('Ctrl Pts',(-36.7654254384207,-5.35190224092666,5.45563188097963));
#9372=CARTESIAN_POINT('Ctrl Pts',(-36.758997586708,-5.35894109842932,5.45450531766269));
#9373=CARTESIAN_POINT('Ctrl Pts',(-36.7500556600727,-5.36881607272307,5.4529206977074));
#9374=CARTESIAN_POINT('Ctrl Pts',(-36.7410647786307,-5.37884097791746,5.45130741718074));
#9375=CARTESIAN_POINT('Ctrl Pts',(-36.7350474876535,-5.38559548785832,5.45021833129901));
#9376=CARTESIAN_POINT('Ctrl Pts',(-36.7310265966415,-5.39012694740263,5.44948686984));
#9377=CARTESIAN_POINT('Ctrl Pts',(-36.7290130272664,-5.39240215411323,5.44911934138344));
#9378=CARTESIAN_POINT('Ctrl Pts',(-36.7280054609512,-5.39354212485167,5.44893512864213));
#9379=CARTESIAN_POINT('Ctrl Pts',(-36.7314253410658,-6.74128110335104,5.59028905640651));
#9380=CARTESIAN_POINT('Ctrl Pts',(-36.73109387894,-6.74165245383029,5.5903959150461));
#9381=CARTESIAN_POINT('Ctrl Pts',(-36.7304276323786,-6.74239777163517,5.59060269200759));
#9382=CARTESIAN_POINT('Ctrl Pts',(-36.7284231214901,-6.74463773879856,5.59122299481162));
#9383=CARTESIAN_POINT('Ctrl Pts',(-36.7240394167902,-6.74952043320166,5.59253942092518));
#9384=CARTESIAN_POINT('Ctrl Pts',(-36.7178370623554,-6.75637682207696,5.59427763628999));
#9385=CARTESIAN_POINT('Ctrl Pts',(-36.711530389391,-6.76330295958975,5.59606583896386));
#9386=CARTESIAN_POINT('Ctrl Pts',(-36.7072617075016,-6.76796549097337,5.59723914818447));
#9387=CARTESIAN_POINT('Ctrl Pts',(-36.7044026318698,-6.7710816228971,5.59805029974207));
#9388=CARTESIAN_POINT('Ctrl Pts',(-36.7029581643873,-6.77265094025695,5.59843467751643));
#9389=CARTESIAN_POINT('Ctrl Pts',(-36.7022391517333,-6.77343267355972,5.59864199697253));
#9390=CARTESIAN_POINT('Ctrl Pts',(-36.3647399335683,-9.05305488041577,6.8674197686222));
#9391=CARTESIAN_POINT('Ctrl Pts',(-36.3644655041401,-9.05305979984438,6.86751598964918));
#9392=CARTESIAN_POINT('Ctrl Pts',(-36.363916002811,-9.05306876418569,6.86770950161334));
#9393=CARTESIAN_POINT('Ctrl Pts',(-36.3622595229266,-9.0530957055089,6.86828747668617));
#9394=CARTESIAN_POINT('Ctrl Pts',(-36.358629946856,-9.05315091639913,6.86953169244448));
#9395=CARTESIAN_POINT('Ctrl Pts',(-36.3534683882734,-9.05321851447257,6.87122485494602));
#9396=CARTESIAN_POINT('Ctrl Pts',(-36.348132218832,-9.05329645616883,6.87284850494612));
#9397=CARTESIAN_POINT('Ctrl Pts',(-36.3444954198062,-9.0533485741092,6.87390595935099));
#9398=CARTESIAN_POINT('Ctrl Pts',(-36.3420354357137,-9.05338818711508,6.87459279997737));
#9399=CARTESIAN_POINT('Ctrl Pts',(-36.3407966579405,-9.05340572757863,6.87493677394911));
#9400=CARTESIAN_POINT('Ctrl Pts',(-36.3401730495345,-9.05341653310874,6.87510448758978));
#9401=CARTESIAN_POINT('Ctrl Pts',(-35.6868713857079,-9.85000000000001,9.2283720280148));
#9402=CARTESIAN_POINT('Ctrl Pts',(-35.6862054000684,-9.8499471453323,9.22804075417431));
#9403=CARTESIAN_POINT('Ctrl Pts',(-35.6848729471394,-9.84984317645293,9.22737872752681));
#9404=CARTESIAN_POINT('Ctrl Pts',(-35.6808735828319,-9.84953245152828,9.22538527243751));
#9405=CARTESIAN_POINT('Ctrl Pts',(-35.6721968405845,-9.84887172040603,9.22103306215116));
#9406=CARTESIAN_POINT('Ctrl Pts',(-35.6601448929702,-9.84799690718417,9.21489497687941));
#9407=CARTESIAN_POINT('Ctrl Pts',(-35.6480515940442,-9.84713587870478,9.2085880851352));
#9408=CARTESIAN_POINT('Ctrl Pts',(-35.6399687377606,-9.84657796217184,9.20431360894992));
#9409=CARTESIAN_POINT('Ctrl Pts',(-35.6345726660179,-9.84620435405285,9.20142673853372));
#9410=CARTESIAN_POINT('Ctrl Pts',(-35.6318714710411,-9.84602386305106,9.19997866679847));
#9411=CARTESIAN_POINT('Ctrl Pts',(-35.6305205180705,-9.84593064933975,9.19924831566563));
#9412=CARTESIAN_POINT('Ctrl Pts',(-35.3968655725059,-9.85000000000001,10.2384349407689));
#9413=CARTESIAN_POINT('Ctrl Pts',(-35.3959703598562,-9.85000000000001,10.2379227451919));
#9414=CARTESIAN_POINT('Ctrl Pts',(-35.3941801136464,-9.85000048220708,10.2368968172849));
#9415=CARTESIAN_POINT('Ctrl Pts',(-35.3888104522174,-9.85000481998737,10.2338098170239));
#9416=CARTESIAN_POINT('Ctrl Pts',(-35.377182034076,-9.85002986722359,10.2270714156629));
#9417=CARTESIAN_POINT('Ctrl Pts',(-35.3611007656361,-9.85011639625999,10.2175757884513));
#9418=CARTESIAN_POINT('Ctrl Pts',(-35.3450427927444,-9.85026304637788,10.2078877319962));
#9419=CARTESIAN_POINT('Ctrl Pts',(-35.3343487088165,-9.85038930717944,10.2013376465055));
#9420=CARTESIAN_POINT('Ctrl Pts',(-35.3272238477778,-9.8504848421443,10.1969344381708));
#9421=CARTESIAN_POINT('Ctrl Pts',(-35.3236629324685,-9.85053639049976,10.1947206838372));
#9422=CARTESIAN_POINT('Ctrl Pts',(-35.3218828550573,-9.85056310835273,10.1936107719806));
#9423=CARTESIAN_POINT('Ctrl Pts',(-36.7280054609512,-5.39354212485167,5.44893512864213));
#9424=CARTESIAN_POINT('Ctrl Pts',(-36.7290130272664,-5.39240215411323,5.44911934138344));
#9425=CARTESIAN_POINT('Ctrl Pts',(-36.7310265966415,-5.39012694740263,5.44948686984));
#9426=CARTESIAN_POINT('Ctrl Pts',(-36.7350474876535,-5.38559548785832,5.45021833129901));
#9427=CARTESIAN_POINT('Ctrl Pts',(-36.7410647786307,-5.37884097791746,5.45130741718074));
#9428=CARTESIAN_POINT('Ctrl Pts',(-36.7500556600727,-5.36881607272307,5.4529206977074));
#9429=CARTESIAN_POINT('Ctrl Pts',(-36.758997586708,-5.35894109842932,5.45450531766269));
#9430=CARTESIAN_POINT('Ctrl Pts',(-36.7654254384207,-5.35190224092666,5.45563188097963));
#9431=CARTESIAN_POINT('Ctrl Pts',(-36.7683863396,-5.3486714580359,5.45614838036058));
#9432=CARTESIAN_POINT('Ctrl Pts',(-36.7693725336922,-5.34759692060515,5.4563200859771));
#9433=CARTESIAN_POINT('Ctrl Pts',(-36.7698654375727,-5.34706024961842,5.45640582346148));
#9434=CARTESIAN_POINT('Ctrl Pts',(-35.3968655725059,-9.85000000000001,10.2384349407689));
#9435=CARTESIAN_POINT('Ctrl Pts',(-35.3959703598562,-9.85000000000001,10.2379227451919));
#9436=CARTESIAN_POINT('Ctrl Pts',(-35.3941801136464,-9.85000048220708,10.2368968172849));
#9437=CARTESIAN_POINT('Ctrl Pts',(-35.3888104522174,-9.85000481998737,10.2338098170239));
#9438=CARTESIAN_POINT('Ctrl Pts',(-35.377182034076,-9.85002986722359,10.2270714156629));
#9439=CARTESIAN_POINT('Ctrl Pts',(-35.3611007656361,-9.85011639625999,10.2175757884513));
#9440=CARTESIAN_POINT('Ctrl Pts',(-35.3450427927444,-9.85026304637788,10.2078877319962));
#9441=CARTESIAN_POINT('Ctrl Pts',(-35.3343487088165,-9.85038930717944,10.2013376465055));
#9442=CARTESIAN_POINT('Ctrl Pts',(-35.3272238477778,-9.8504848421443,10.1969344381708));
#9443=CARTESIAN_POINT('Ctrl Pts',(-35.3236629324685,-9.85053639049976,10.1947206838372));
#9444=CARTESIAN_POINT('Ctrl Pts',(-35.3218828550573,-9.85056310835273,10.1936107719806));
#9445=CARTESIAN_POINT('Origin',(-42.15,7.75,4.5));
#9446=CARTESIAN_POINT('',(-42.15,5.91876834639722,5.5));
#9447=CARTESIAN_POINT('',(-42.15,7.75,5.5));
#9448=CARTESIAN_POINT('',(-43.15,15.5,4.5));
#9449=CARTESIAN_POINT('Ctrl Pts',(-43.15,15.5,4.5));
#9450=CARTESIAN_POINT('Ctrl Pts',(-43.15,15.4956886828618,4.50053933616301));
#9451=CARTESIAN_POINT('Ctrl Pts',(-43.1499995643098,15.4913771338179,4.50107870576084));
#9452=CARTESIAN_POINT('Ctrl Pts',(-43.1499256793606,15.126932775414,4.54666930333338));
#9453=CARTESIAN_POINT('Ctrl Pts',(-43.1436689872993,14.4048912300239,4.63698937953693));
#9454=CARTESIAN_POINT('Ctrl Pts',(-43.1158589263641,13.327797862822,4.7708911601152));
#9455=CARTESIAN_POINT('Ctrl Pts',(-43.0692556268918,12.2609905057999,4.90181556874835));
#9456=CARTESIAN_POINT('Ctrl Pts',(-42.9811692526332,10.8589044387208,5.07019354612613));
#9457=CARTESIAN_POINT('Ctrl Pts',(-42.8199650672237,9.16099122421198,5.26417548600564));
#9458=CARTESIAN_POINT('Ctrl Pts',(-42.5367657247502,7.30828808750734,5.44480853140613));
#9459=CARTESIAN_POINT('Ctrl Pts',(-42.285045545434,6.31201327083163,5.5));
#9460=CARTESIAN_POINT('Ctrl Pts',(-42.15,5.91876834639722,5.5));
#9461=CARTESIAN_POINT('',(-43.15,7.75,4.5));
#9462=CARTESIAN_POINT('Origin',(-22.,0.,5.5));
#9463=CARTESIAN_POINT('',(-37.2462508233407,4.85302337020765,5.5));
#9464=CARTESIAN_POINT('Origin',(-22.,0.,5.5));
#9465=CARTESIAN_POINT('Origin',(-37.5,15.5,5.5));
#9466=CARTESIAN_POINT('Origin',(-22.,0.,4.5));
#9467=CARTESIAN_POINT('',(-33.4238978823849,10.0563499862391,5.12525574896472));
#9468=CARTESIAN_POINT('Origin',(-34.0096852300242,10.5720130852992,4.5));
#9469=CARTESIAN_POINT('Ctrl Pts',(-37.2462508233407,4.85302337020765,5.5));
#9470=CARTESIAN_POINT('Ctrl Pts',(-37.0618016584968,5.04768234038837,5.5));
#9471=CARTESIAN_POINT('Ctrl Pts',(-36.6337002927471,5.63250679089037,5.45830330134016));
#9472=CARTESIAN_POINT('Ctrl Pts',(-35.8879718196773,6.82389542692099,5.34191842054936));
#9473=CARTESIAN_POINT('Ctrl Pts',(-34.8896761407944,8.29011493271773,5.21497334154808));
#9474=CARTESIAN_POINT('Ctrl Pts',(-34.0798916198711,9.33526415930332,5.14514437752179));
#9475=CARTESIAN_POINT('Ctrl Pts',(-33.423897882385,10.056349986239,5.12525574896469));
#9476=CARTESIAN_POINT('Origin',(-6.5,-15.5,10.5));
#9477=CARTESIAN_POINT('',(-1.85,-5.91876834639722,5.5));
#9478=CARTESIAN_POINT('Origin',(-1.85,-5.91876834639722,10.5));
#9479=CARTESIAN_POINT('',(-6.5,-4.85000000000001,5.5));
#9480=CARTESIAN_POINT('Origin',(-6.5,-15.5,5.5));
#9481=CARTESIAN_POINT('Origin',(-6.5,-4.85000000000001,10.5));
#9482=CARTESIAN_POINT('Ctrl Pts',(-1.85,-5.91876834639723,5.5));
#9483=CARTESIAN_POINT('Ctrl Pts',(-1.71514868130736,-6.31144769364066,5.5));
#9484=CARTESIAN_POINT('Ctrl Pts',(-1.52681934580786,-7.05416346020231,5.45917553695902));
#9485=CARTESIAN_POINT('Ctrl Pts',(-1.32108179300915,-8.23848852321218,5.35406505547581));
#9486=CARTESIAN_POINT('Ctrl Pts',(-1.19146797517291,-9.18162137464554,5.25795959812828));
#9487=CARTESIAN_POINT('Ctrl Pts',(-1.08347160466806,-10.1773221963011,5.14806398761703));
#9488=CARTESIAN_POINT('Ctrl Pts',(-0.968208351991686,-11.5496106620503,
4.98858348280507));
#9489=CARTESIAN_POINT('Ctrl Pts',(-0.874868500420135,-13.318153065027,4.77293444906125));
#9490=CARTESIAN_POINT('Ctrl Pts',(-0.85012661004186,-14.7684250320894,4.59152054162385));
#9491=CARTESIAN_POINT('Ctrl Pts',(-0.850000462882685,-15.4917013399086,
4.50103813515844));
#9492=CARTESIAN_POINT('Ctrl Pts',(-0.850000000000005,-15.4958509880933,
4.50051903214021));
#9493=CARTESIAN_POINT('Ctrl Pts',(-0.850000000000005,-15.5,4.5));
#9494=CARTESIAN_POINT('Ctrl Pts',(-2.17659078558446,-6.59170210394921,5.5));
#9495=CARTESIAN_POINT('Ctrl Pts',(-2.08643814864545,-6.9315123233831,5.5441617866999));
#9496=CARTESIAN_POINT('Ctrl Pts',(-1.9110506347172,-7.57915718411512,5.58961513682759));
#9497=CARTESIAN_POINT('Ctrl Pts',(-1.64578106029096,-8.65015864614296,5.55695064654003));
#9498=CARTESIAN_POINT('Ctrl Pts',(-1.45423548537562,-9.5173520827352,5.48921595884553));
#9499=CARTESIAN_POINT('Ctrl Pts',(-1.27779156591298,-10.4450131677044,5.38205307234238));
#9500=CARTESIAN_POINT('Ctrl Pts',(-1.07586615285114,-11.735733808377,5.19628418627073));
#9501=CARTESIAN_POINT('Ctrl Pts',(-0.898905489874965,-13.4157132217301,
4.90288937188363));
#9502=CARTESIAN_POINT('Ctrl Pts',(-0.850251142369719,-14.801130179489,4.63511068519521));
#9503=CARTESIAN_POINT('Ctrl Pts',(-0.850000887570067,-15.4920724179535,
4.50153244915834));
#9504=CARTESIAN_POINT('Ctrl Pts',(-0.850000000000005,-15.496036501704,4.50076619030238));
#9505=CARTESIAN_POINT('Ctrl Pts',(-0.850000000000005,-15.5,4.5));
#9506=CARTESIAN_POINT('Ctrl Pts',(-2.82855968759076,-7.93507093858737,5.8420946470661));
#9507=CARTESIAN_POINT('Ctrl Pts',(-2.78141071932803,-8.16956794133581,5.94814793742012));
#9508=CARTESIAN_POINT('Ctrl Pts',(-2.58654997820954,-8.62800191538535,6.09829919000859));
#9509=CARTESIAN_POINT('Ctrl Pts',(-2.19199044680115,-9.47291244317529,6.12266805056923));
#9510=CARTESIAN_POINT('Ctrl Pts',(-1.88522430045318,-10.1885236265553,6.05608325519815));
#9511=CARTESIAN_POINT('Ctrl Pts',(-1.59048952770385,-10.9802506729746,5.91123719781678));
#9512=CARTESIAN_POINT('Ctrl Pts',(-1.24521690234903,-12.1079372885299,5.63273577075173));
#9513=CARTESIAN_POINT('Ctrl Pts',(-0.936059213589639,-13.6108162095139,
5.16275098376151));
#9514=CARTESIAN_POINT('Ctrl Pts',(-0.850445748751463,-14.8665381469907,
4.72227677742181));
#9515=CARTESIAN_POINT('Ctrl Pts',(-0.850001542684337,-15.4928145832284,
4.50252113374489));
#9516=CARTESIAN_POINT('Ctrl Pts',(-0.850000000000005,-15.4964075289252,
4.50126050662674));
#9517=CARTESIAN_POINT('Ctrl Pts',(-0.850000000000005,-15.5,4.5));
#9518=CARTESIAN_POINT('Ctrl Pts',(-3.7470420081657,-9.82758532206419,7.51463894462282));
#9519=CARTESIAN_POINT('Ctrl Pts',(-3.61610755368611,-9.94793287603274,7.62554356581139));
#9520=CARTESIAN_POINT('Ctrl Pts',(-3.27366867065809,-10.1942835915354,7.71417155717988));
#9521=CARTESIAN_POINT('Ctrl Pts',(-2.68721019709949,-10.7570520129903,7.5619107807727));
#9522=CARTESIAN_POINT('Ctrl Pts',(-2.25093879655214,-11.2692271195779,7.33186095273206));
#9523=CARTESIAN_POINT('Ctrl Pts',(-1.84354520280575,-11.8653329369256,6.99965199896942));
#9524=CARTESIAN_POINT('Ctrl Pts',(-1.37491298035041,-12.7432825713196,6.45038180543448));
#9525=CARTESIAN_POINT('Ctrl Pts',(-0.963522940447278,-13.9524109382288,
5.61762502593586));
#9526=CARTESIAN_POINT('Ctrl Pts',(-0.850601616775386,-14.9810368978768,
4.87480925569998));
#9527=CARTESIAN_POINT('Ctrl Pts',(-0.850001986029343,-15.4941132341968,
4.50425136591625));
#9528=CARTESIAN_POINT('Ctrl Pts',(-0.850000000000005,-15.4970568265624,
4.50212556019435));
#9529=CARTESIAN_POINT('Ctrl Pts',(-0.850000000000005,-15.5,4.5));
#9530=CARTESIAN_POINT('Ctrl Pts',(-4.03309859154929,-10.4169991696849,9.37800262371793));
#9531=CARTESIAN_POINT('Ctrl Pts',(-3.72654942706104,-10.5648003665676,9.42035485031533));
#9532=CARTESIAN_POINT('Ctrl Pts',(-3.22500139110706,-10.8554737032328,9.30103919004584));
#9533=CARTESIAN_POINT('Ctrl Pts',(-2.57625578345872,-11.4034310823977,8.85072469551365));
#9534=CARTESIAN_POINT('Ctrl Pts',(-2.13560929007635,-11.8755409801737,8.40430426604495));
#9535=CARTESIAN_POINT('Ctrl Pts',(-1.74690689682304,-12.4047716888001,7.86775736136611));
#9536=CARTESIAN_POINT('Ctrl Pts',(-1.31521212122665,-13.1671127077421,7.06373439320071));
#9537=CARTESIAN_POINT('Ctrl Pts',(-0.949365144660003,-14.1959549136001,
5.94269298733957));
#9538=CARTESIAN_POINT('Ctrl Pts',(-0.850481986331809,-15.0627779250957,
4.98376661632335));
#9539=CARTESIAN_POINT('Ctrl Pts',(-0.850001935749951,-15.4950410136833,
4.50548722516346));
#9540=CARTESIAN_POINT('Ctrl Pts',(-0.850000000000005,-15.4975206105889,
4.5027434555998));
#9541=CARTESIAN_POINT('Ctrl Pts',(-0.850000000000005,-15.5,4.5));
#9542=CARTESIAN_POINT('Ctrl Pts',(-4.03309859154929,-10.4169991696849,10.5));
#9543=CARTESIAN_POINT('Ctrl Pts',(-3.6038535489501,-10.6253220158751,10.5));
#9544=CARTESIAN_POINT('Ctrl Pts',(-3.00438270637429,-11.0193449342857,10.2550532217541));
#9545=CARTESIAN_POINT('Ctrl Pts',(-2.34949979183192,-11.6476488409529,9.6243903328549));
#9546=CARTESIAN_POINT('Ctrl Pts',(-1.93692623083203,-12.1479963161265,9.0477575887697));
#9547=CARTESIAN_POINT('Ctrl Pts',(-1.59316313598563,-12.6762319632959,8.38838392570217));
#9548=CARTESIAN_POINT('Ctrl Pts',(-1.22626883873406,-13.4042535437167,7.4315008968304));
#9549=CARTESIAN_POINT('Ctrl Pts',(-0.929158888661279,-14.3424943490519,
6.13760669436752));
#9550=CARTESIAN_POINT('Ctrl Pts',(-0.850403012245804,-15.1118874583382,
5.04912324974299));
#9551=CARTESIAN_POINT('Ctrl Pts',(-0.850001473401212,-15.4955974244586,
4.50622881095066));
#9552=CARTESIAN_POINT('Ctrl Pts',(-0.850000000000005,-15.4977988810048,
4.50311419284306));
#9553=CARTESIAN_POINT('Ctrl Pts',(-0.850000000000005,-15.5,4.5));
#9554=CARTESIAN_POINT('Ctrl Pts',(-0.850000000000005,-15.5,4.5));
#9555=CARTESIAN_POINT('Ctrl Pts',(-0.850000000000005,-15.4958509880933,
4.50051903214021));
#9556=CARTESIAN_POINT('Ctrl Pts',(-0.850000462882685,-15.4917013399086,
4.50103813515844));
#9557=CARTESIAN_POINT('Ctrl Pts',(-0.85012661004186,-14.7684250320894,4.59152054162385));
#9558=CARTESIAN_POINT('Ctrl Pts',(-0.874868500420135,-13.318153065027,4.77293444906125));
#9559=CARTESIAN_POINT('Ctrl Pts',(-0.968208351991686,-11.5496106620503,
4.98858348280507));
#9560=CARTESIAN_POINT('Ctrl Pts',(-1.08347160466806,-10.1773221963011,5.14806398761703));
#9561=CARTESIAN_POINT('Ctrl Pts',(-1.19146797517291,-9.18162137464554,5.25795959812828));
#9562=CARTESIAN_POINT('Ctrl Pts',(-1.32108179300915,-8.23848852321218,5.35406505547581));
#9563=CARTESIAN_POINT('Ctrl Pts',(-1.52681934580786,-7.05416346020231,5.45917553695902));
#9564=CARTESIAN_POINT('Ctrl Pts',(-1.71514868130736,-6.31144769364066,5.5));
#9565=CARTESIAN_POINT('Ctrl Pts',(-1.85,-5.91876834639723,5.5));
#9566=CARTESIAN_POINT('Origin',(-29.75,-4.85000000000001,10.5));
#9567=CARTESIAN_POINT('',(-6.75278713993932,-4.85000000000001,5.5));
#9568=CARTESIAN_POINT('',(-6.75278713993931,-9.85000000000001,10.5));
#9569=CARTESIAN_POINT('Origin',(-6.75278713993932,-4.85000000000001,10.5));
#9570=CARTESIAN_POINT('',(-29.75,-9.85000000000001,10.5));
#9571=CARTESIAN_POINT('',(-29.75,-4.85000000000001,5.5));
#9572=CARTESIAN_POINT('Ctrl Pts',(-11.9523090339123,-11.1375,4.5));
#9573=CARTESIAN_POINT('Ctrl Pts',(-11.9493117007681,-11.1347959571577,4.50049134514773));
#9574=CARTESIAN_POINT('Ctrl Pts',(-11.9463284839661,-11.1320869846442,4.50098349554508));
#9575=CARTESIAN_POINT('Ctrl Pts',(-10.5472968129804,-9.87895056597497,4.72847603665804));
#9576=CARTESIAN_POINT('Ctrl Pts',(-9.009995155663,-7.90278349027599,5.03670578253361));
#9577=CARTESIAN_POINT('Ctrl Pts',(-7.82192013464474,-6.09310257969084,5.33276412054079));
#9578=CARTESIAN_POINT('Ctrl Pts',(-7.43864322880157,-5.58209014113677,5.41846684925199));
#9579=CARTESIAN_POINT('Ctrl Pts',(-7.27199453961976,-5.39354212549768,5.44893512853773));
#9580=CARTESIAN_POINT('Ctrl Pts',(-11.9523090339123,-11.1375,4.5));
#9581=CARTESIAN_POINT('Ctrl Pts',(-11.9506864143661,-11.1350688943035,4.50120468019935));
#9582=CARTESIAN_POINT('Ctrl Pts',(-11.946164239937,-11.1328403854083,4.50169136542009));
#9583=CARTESIAN_POINT('Ctrl Pts',(-10.7424941470148,-10.0379544788808,4.95078046665514));
#9584=CARTESIAN_POINT('Ctrl Pts',(-9.13937995849552,-8.52476917200433,5.53146029396142));
#9585=CARTESIAN_POINT('Ctrl Pts',(-7.76938087267662,-7.2475000842703,5.67750853697799));
#9586=CARTESIAN_POINT('Ctrl Pts',(-7.4201989439407,-6.90325944721484,5.63248518426231));
#9587=CARTESIAN_POINT('Ctrl Pts',(-7.29776084868576,-6.77343267398219,5.59864199707771));
#9588=CARTESIAN_POINT('Ctrl Pts',(-11.9523090339123,-11.1375,4.5));
#9589=CARTESIAN_POINT('Ctrl Pts',(-11.9508913934896,-11.1356125062122,4.50188739999592));
#9590=CARTESIAN_POINT('Ctrl Pts',(-11.947907847939,-11.1340985786542,4.50345659606826));
#9591=CARTESIAN_POINT('Ctrl Pts',(-11.0542350087239,-10.3166237867026,5.32928505063197));
#9592=CARTESIAN_POINT('Ctrl Pts',(-9.59394162251441,-9.44285095215761,6.43269161970861));
#9593=CARTESIAN_POINT('Ctrl Pts',(-8.11914031844507,-9.07433580468284,6.91063050274284));
#9594=CARTESIAN_POINT('Ctrl Pts',(-7.76408272846286,-9.05433269240106,6.90502889105188));
#9595=CARTESIAN_POINT('Ctrl Pts',(-7.66000637335611,-9.05309776649416,6.87566700613021));
#9596=CARTESIAN_POINT('Ctrl Pts',(-11.9523090339123,-11.1375,4.5));
#9597=CARTESIAN_POINT('Ctrl Pts',(-11.9513341931467,-11.136155331195,4.50271293292782));
#9598=CARTESIAN_POINT('Ctrl Pts',(-11.9494522741839,-11.1353523576321,4.505091730339));
#9599=CARTESIAN_POINT('Ctrl Pts',(-11.3578212608657,-10.5967871809785,5.70879497533697));
#9600=CARTESIAN_POINT('Ctrl Pts',(-10.379132067411,-10.05828848481,7.33417607648427));
#9601=CARTESIAN_POINT('Ctrl Pts',(-9.07778553405976,-9.83136790205062,8.72096723470767));
#9602=CARTESIAN_POINT('Ctrl Pts',(-8.5934558682294,-9.83022614334707,9.08044278031556));
#9603=CARTESIAN_POINT('Ctrl Pts',(-8.36947948269986,-9.84593064926358,9.19924831514479));
#9604=CARTESIAN_POINT('Ctrl Pts',(-11.9523090339123,-11.1375,4.5));
#9605=CARTESIAN_POINT('Ctrl Pts',(-11.9513099228636,-11.1365986523853,4.5029480708874));
#9606=CARTESIAN_POINT('Ctrl Pts',(-11.9503111877531,-11.135694434488,4.50590097327048));
#9607=CARTESIAN_POINT('Ctrl Pts',(-11.4858085916758,-10.7199362117449,5.87085621994847));
#9608=CARTESIAN_POINT('Ctrl Pts',(-10.7680896040821,-10.2595174477569,7.72023469520159));
#9609=CARTESIAN_POINT('Ctrl Pts',(-9.53990221219991,-9.91489384694109,9.4965847232448));
#9610=CARTESIAN_POINT('Ctrl Pts',(-8.97253703949564,-9.85498216760373,10.0108010955119));
#9611=CARTESIAN_POINT('Ctrl Pts',(-8.67811714595145,-9.85056310836786,10.1936107712264));
#9612=CARTESIAN_POINT('',(-8.67811714416953,-9.85056310834111,10.1936107568474));
#9613=CARTESIAN_POINT('',(-7.27199454253852,-5.39354212879999,5.4489351280041));
#9614=CARTESIAN_POINT('Origin',(-8.75315559033297,-4.8511262168905,10.1936107680246));
#9615=CARTESIAN_POINT('Ctrl Pts',(-7.27199454253851,-5.39354212879998,5.4489351280041));
#9616=CARTESIAN_POINT('Ctrl Pts',(-7.43864323103919,-5.58209014412012,5.41846684875165));
#9617=CARTESIAN_POINT('Ctrl Pts',(-7.82192013603196,-6.09310258180387,5.33276412019511));
#9618=CARTESIAN_POINT('Ctrl Pts',(-9.009995155663,-7.90278349027599,5.03670578253361));
#9619=CARTESIAN_POINT('Ctrl Pts',(-10.5472968129804,-9.87895056597497,4.72847603665804));
#9620=CARTESIAN_POINT('Ctrl Pts',(-11.9463284839661,-11.1320869846442,4.50098349554508));
#9621=CARTESIAN_POINT('Ctrl Pts',(-11.9493117007681,-11.1347959571577,4.50049134514773));
#9622=CARTESIAN_POINT('Ctrl Pts',(-11.9523090339123,-11.1375,4.5));
#9623=CARTESIAN_POINT('Ctrl Pts',(-11.9523090339123,-11.1375,4.5));
#9624=CARTESIAN_POINT('Ctrl Pts',(-11.9513099228636,-11.1365986523853,4.5029480708874));
#9625=CARTESIAN_POINT('Ctrl Pts',(-11.9503111877531,-11.135694434488,4.50590097327048));
#9626=CARTESIAN_POINT('Ctrl Pts',(-11.4858085916758,-10.7199362117449,5.87085621994847));
#9627=CARTESIAN_POINT('Ctrl Pts',(-10.7680896040821,-10.2595174477569,7.72023469520159));
#9628=CARTESIAN_POINT('Ctrl Pts',(-9.53990221363397,-9.91489384734348,9.49658472117068));
#9629=CARTESIAN_POINT('Ctrl Pts',(-8.97253704280799,-9.8549821679535,10.0108010925099));
#9630=CARTESIAN_POINT('Ctrl Pts',(-8.67811715110804,-9.85056310844525,10.1936107680246));
#9631=CARTESIAN_POINT('Ctrl Pts',(-7.2719945391591,-5.39354212497649,5.44893512862195));
#9632=CARTESIAN_POINT('Ctrl Pts',(-7.27149075600016,-5.39297213960569,5.44902723499287));
#9633=CARTESIAN_POINT('Ctrl Pts',(-7.27048358049728,-5.39183335254569,5.44921122347852));
#9634=CARTESIAN_POINT('Ctrl Pts',(-7.26746439787386,-5.38842409635384,5.44976184201621));
#9635=CARTESIAN_POINT('Ctrl Pts',(-7.26093552626674,-5.38107587445083,5.4509475455888));
#9636=CARTESIAN_POINT('Ctrl Pts',(-7.25193765127247,-5.37102955038147,5.45256492049006));
#9637=CARTESIAN_POINT('Ctrl Pts',(-7.24298873109008,-5.36113315720643,5.45415363482435));
#9638=CARTESIAN_POINT('Ctrl Pts',(-7.23704603897184,-5.3546071044448,5.45519904778141));
#9639=CARTESIAN_POINT('Ctrl Pts',(-7.23309353103823,-5.35028505741653,5.45589047596131));
#9640=CARTESIAN_POINT('Ctrl Pts',(-7.23112037019082,-5.34813359159468,5.45623434849227));
#9641=CARTESIAN_POINT('Ctrl Pts',(-7.23013456242729,-5.34706024961841,5.45640582346148));
#9642=CARTESIAN_POINT('Ctrl Pts',(-7.29776084834587,-6.77343267364569,5.59864199699392));
#9643=CARTESIAN_POINT('Ctrl Pts',(-7.29740134201784,-6.77304180699323,5.59853833726561));
#9644=CARTESIAN_POINT('Ctrl Pts',(-7.29668100927568,-6.77225885063592,5.59833772973499));
#9645=CARTESIAN_POINT('Ctrl Pts',(-7.2945262545751,-6.76991433118425,5.5977345641528));
#9646=CARTESIAN_POINT('Ctrl Pts',(-7.28988210496919,-6.76485040870565,5.59644784283099));
#9647=CARTESIAN_POINT('Ctrl Pts',(-7.28353548518798,-6.75789364429172,5.5947260773759));
#9648=CARTESIAN_POINT('Ctrl Pts',(-7.27733701127206,-6.75104278871214,5.59292553570543));
#9649=CARTESIAN_POINT('Ctrl Pts',(-7.27326066485824,-6.74651408836726,5.59173029147449));
#9650=CARTESIAN_POINT('Ctrl Pts',(-7.2705778832739,-6.74352063241494,5.59089903269471));
#9651=CARTESIAN_POINT('Ctrl Pts',(-7.26923758318758,-6.74202380431148,5.59050277368625));
#9652=CARTESIAN_POINT('Ctrl Pts',(-7.26857465893421,-6.74128110335103,5.59028905640651));
#9653=CARTESIAN_POINT('Ctrl Pts',(-7.65959891948666,-9.05405055002226,6.87440063954221));
#9654=CARTESIAN_POINT('Ctrl Pts',(-7.65928711528274,-9.05404514725718,6.87431678272169));
#9655=CARTESIAN_POINT('Ctrl Pts',(-7.65866574917334,-9.05403553140344,6.87414662825218));
#9656=CARTESIAN_POINT('Ctrl Pts',(-7.65680966820235,-9.05400682188531,6.87363346551815));
#9657=CARTESIAN_POINT('Ctrl Pts',(-7.65283512607591,-9.05394990870451,6.87249923386669));
#9658=CARTESIAN_POINT('Ctrl Pts',(-7.6474865885961,-9.05388669247209,6.87085773192551));
#9659=CARTESIAN_POINT('Ctrl Pts',(-7.64229789844802,-9.05381483131535,6.86917903632729));
#9660=CARTESIAN_POINT('Ctrl Pts',(-7.63891998257951,-9.05376930166678,6.86803108082019));
#9661=CARTESIAN_POINT('Ctrl Pts',(-7.63669563223782,-9.05373359751248,6.8672649968325));
#9662=CARTESIAN_POINT('Ctrl Pts',(-7.63559665771789,-9.05371911282475,6.86687290273177));
#9663=CARTESIAN_POINT('Ctrl Pts',(-7.63504779886,-9.0537092739675,6.8666804606773));
#9664=CARTESIAN_POINT('Ctrl Pts',(-8.36947948207747,-9.84593064932982,9.19924831558599));
#9665=CARTESIAN_POINT('Ctrl Pts',(-8.36880400559039,-9.84597725618558,9.19961349115345));
#9666=CARTESIAN_POINT('Ctrl Pts',(-8.367453248511,-9.8460691757214,9.20034089991754));
#9667=CARTESIAN_POINT('Ctrl Pts',(-8.36340303767387,-9.84634643040405,9.20251597312526));
#9668=CARTESIAN_POINT('Ctrl Pts',(-8.35463815295064,-9.84694914707953,9.20718299367897));
#9669=CARTESIAN_POINT('Ctrl Pts',(-8.34253738044688,-9.84779183028655,9.2134954408815));
#9670=CARTESIAN_POINT('Ctrl Pts',(-8.33048069994629,-9.84867695664566,9.21967156173804));
#9671=CARTESIAN_POINT('Ctrl Pts',(-8.3224629362207,-9.8492777142013,9.22371356062255));
#9672=CARTESIAN_POINT('Ctrl Pts',(-8.31712652743107,-9.84969059371894,9.22638733031847));
#9673=CARTESIAN_POINT('Ctrl Pts',(-8.31446058557454,-9.84989429066431,9.22770948033209));
#9674=CARTESIAN_POINT('Ctrl Pts',(-8.31312861429209,-9.85000000000001,9.22837202801479));
#9675=CARTESIAN_POINT('Ctrl Pts',(-8.6781171451376,-9.85056310835564,10.1936107718591));
#9676=CARTESIAN_POINT('Ctrl Pts',(-8.6772271064297,-9.85054974942909,10.194165727789));
#9677=CARTESIAN_POINT('Ctrl Pts',(-8.67544683890007,-9.85052350340998,10.1952741223084));
#9678=CARTESIAN_POINT('Ctrl Pts',(-8.67010489769358,-9.85044759871514,10.1985901974911));
#9679=CARTESIAN_POINT('Ctrl Pts',(-8.65852453637677,-9.85029849826162,10.2057256671035));
#9680=CARTESIAN_POINT('Ctrl Pts',(-8.6424698914957,-9.85014325936685,10.2154412135377));
#9681=CARTESIAN_POINT('Ctrl Pts',(-8.62639195107183,-9.85004814154467,10.224964330747));
#9682=CARTESIAN_POINT('Ctrl Pts',(-8.61566237620818,-9.85001349055037,10.2312211949812));
#9683=CARTESIAN_POINT('Ctrl Pts',(-8.60850498701572,-9.85000192884304,10.2353556202678));
#9684=CARTESIAN_POINT('Ctrl Pts',(-8.60492485279825,-9.85000000000001,10.2374105496122));
#9685=CARTESIAN_POINT('Ctrl Pts',(-8.60313442749408,-9.85000000000001,10.2384349407689));
#9686=CARTESIAN_POINT('',(-8.60313442749408,-9.85000000000001,10.2384349407689));
#9687=CARTESIAN_POINT('',(-7.23013456242729,-5.34706024961841,5.45640582346148));
#9688=CARTESIAN_POINT('Origin',(-8.60313442749408,-4.85000000000001,10.2384349407689));
#9689=CARTESIAN_POINT('Ctrl Pts',(-7.23013456242729,-5.34706024961841,5.45640582346148));
#9690=CARTESIAN_POINT('Ctrl Pts',(-7.23112037019082,-5.34813359159468,5.45623434849227));
#9691=CARTESIAN_POINT('Ctrl Pts',(-7.23309353103823,-5.35028505741653,5.45589047596131));
#9692=CARTESIAN_POINT('Ctrl Pts',(-7.23704603897184,-5.3546071044448,5.45519904778141));
#9693=CARTESIAN_POINT('Ctrl Pts',(-7.24298873109008,-5.36113315720643,5.45415363482435));
#9694=CARTESIAN_POINT('Ctrl Pts',(-7.25193765127247,-5.37102955038147,5.45256492049006));
#9695=CARTESIAN_POINT('Ctrl Pts',(-7.26093552626674,-5.38107587445083,5.4509475455888));
#9696=CARTESIAN_POINT('Ctrl Pts',(-7.26746439787386,-5.38842409635384,5.44976184201621));
#9697=CARTESIAN_POINT('Ctrl Pts',(-7.27048358049728,-5.39183335254569,5.44921122347852));
#9698=CARTESIAN_POINT('Ctrl Pts',(-7.27149075600016,-5.39297213960569,5.44902723499287));
#9699=CARTESIAN_POINT('Ctrl Pts',(-7.2719945391591,-5.39354212497649,5.44893512862195));
#9700=CARTESIAN_POINT('Ctrl Pts',(-8.6781171451376,-9.85056310835564,10.1936107718591));
#9701=CARTESIAN_POINT('Ctrl Pts',(-8.6772271064297,-9.85054974942909,10.194165727789));
#9702=CARTESIAN_POINT('Ctrl Pts',(-8.67544683890007,-9.85052350340998,10.1952741223084));
#9703=CARTESIAN_POINT('Ctrl Pts',(-8.67010489769358,-9.85044759871514,10.1985901974911));
#9704=CARTESIAN_POINT('Ctrl Pts',(-8.65852453637677,-9.85029849826162,10.2057256671035));
#9705=CARTESIAN_POINT('Ctrl Pts',(-8.6424698914957,-9.85014325936685,10.2154412135377));
#9706=CARTESIAN_POINT('Ctrl Pts',(-8.62639195107183,-9.85004814154467,10.224964330747));
#9707=CARTESIAN_POINT('Ctrl Pts',(-8.61566237620818,-9.85001349055037,10.2312211949812));
#9708=CARTESIAN_POINT('Ctrl Pts',(-8.60850498701572,-9.85000192884304,10.2353556202678));
#9709=CARTESIAN_POINT('Ctrl Pts',(-8.60492485279825,-9.85000000000001,10.2374105496122));
#9710=CARTESIAN_POINT('Ctrl Pts',(-8.60313442749408,-9.85000000000001,10.2384349407689));
#9711=CARTESIAN_POINT('Ctrl Pts',(-7.23013456242729,-5.34706024961841,5.45640582346148));
#9712=CARTESIAN_POINT('Ctrl Pts',(-7.06488393481916,-5.16713629103551,5.48515011553305));
#9713=CARTESIAN_POINT('Ctrl Pts',(-6.90479117550667,-5.00043050950566,5.5));
#9714=CARTESIAN_POINT('Ctrl Pts',(-6.75278713993932,-4.85000000000001,5.5));
#9715=CARTESIAN_POINT('Ctrl Pts',(-7.24935461068075,-6.04417067648472,5.52334743993399));
#9716=CARTESIAN_POINT('Ctrl Pts',(-7.07149187889168,-5.88391360873098,5.53119969261813));
#9717=CARTESIAN_POINT('Ctrl Pts',(-6.90471467224288,-5.73409709643577,5.52256597044866));
#9718=CARTESIAN_POINT('Ctrl Pts',(-6.75278713993932,-5.59799825085473,5.5));
#9719=CARTESIAN_POINT('Ctrl Pts',(-7.37000469185194,-7.4064945952447,5.94356030072555));
#9720=CARTESIAN_POINT('Ctrl Pts',(-7.1448729259685,-7.29470795930108,5.93272536189188));
#9721=CARTESIAN_POINT('Ctrl Pts',(-6.93709175180575,-7.18842010162083,5.89634004957421));
#9722=CARTESIAN_POINT('Ctrl Pts',(-6.75278713993932,-7.09113989057146,5.84214850536937));
#9723=CARTESIAN_POINT('Ctrl Pts',(-7.83112425935214,-9.27776263330251,7.54959629129636));
#9724=CARTESIAN_POINT('Ctrl Pts',(-7.45922407308287,-9.24863068610339,7.585320762615));
#9725=CARTESIAN_POINT('Ctrl Pts',(-7.09534375673611,-9.22070674863416,7.5713924638781));
#9726=CARTESIAN_POINT('Ctrl Pts',(-6.75278713993932,-9.19459461807427,7.51472196679499));
#9727=CARTESIAN_POINT('Ctrl Pts',(-8.31312861429209,-9.85000000000001,9.2283720280148));
#9728=CARTESIAN_POINT('Ctrl Pts',(-7.79839909938554,-9.85044413936631,9.34913933926423));
#9729=CARTESIAN_POINT('Ctrl Pts',(-7.27143746687566,-9.84955205604682,9.3996439377419));
#9730=CARTESIAN_POINT('Ctrl Pts',(-6.75278713993932,-9.85000000000001,9.37800262371793));
#9731=CARTESIAN_POINT('Ctrl Pts',(-8.60313442749408,-9.85000000000001,10.2384349407689));
#9732=CARTESIAN_POINT('Ctrl Pts',(-8.0024524676196,-9.85000000000001,10.4109006931983));
#9733=CARTESIAN_POINT('Ctrl Pts',(-7.37770787634788,-9.85000000000001,10.5));
#9734=CARTESIAN_POINT('Ctrl Pts',(-6.75278713993931,-9.85000000000001,10.5));
#9735=CARTESIAN_POINT('Ctrl Pts',(-8.60313442749408,-9.85000000000001,10.2384349407689));
#9736=CARTESIAN_POINT('Ctrl Pts',(-8.0024524676196,-9.85000000000001,10.4109006931983));
#9737=CARTESIAN_POINT('Ctrl Pts',(-7.37770787634788,-9.85000000000001,10.5));
#9738=CARTESIAN_POINT('Ctrl Pts',(-6.75278713993931,-9.85000000000001,10.5));
#9739=CARTESIAN_POINT('Ctrl Pts',(-6.75278713993932,-4.85000000000001,5.5));
#9740=CARTESIAN_POINT('Ctrl Pts',(-6.90479117550667,-5.00043050950566,5.5));
#9741=CARTESIAN_POINT('Ctrl Pts',(-7.06488393481916,-5.16713629103551,5.48515011553305));
#9742=CARTESIAN_POINT('Ctrl Pts',(-7.23013456242729,-5.34706024961841,5.45640582346148));
#9743=CARTESIAN_POINT('Origin',(-37.5,-9.85000000000002,21.15));
#9744=CARTESIAN_POINT('',(-37.5,-9.85000000000002,20.75));
#9745=CARTESIAN_POINT('',(-37.5,-9.85000000000002,0.));
#9746=CARTESIAN_POINT('',(-22.,-9.85000000000001,20.75));
#9747=CARTESIAN_POINT('',(-10.6872859136952,-9.85000000000001,17.5198579410351));
#9748=CARTESIAN_POINT('Ctrl Pts',(-10.6861156861909,-9.85,17.5180936724094));
#9749=CARTESIAN_POINT('Ctrl Pts',(-10.3937009391802,-9.85,17.1648322350717));
#9750=CARTESIAN_POINT('Ctrl Pts',(-9.56955748037445,-9.85,15.8771516183525));
#9751=CARTESIAN_POINT('Ctrl Pts',(-8.79275086593293,-9.85000000000001,13.3939975444935));
#9752=CARTESIAN_POINT('Ctrl Pts',(-8.60570171543648,-9.85000000000001,11.2873138130313));
#9753=CARTESIAN_POINT('Ctrl Pts',(-8.60313355471082,-9.85000000000001,10.2384346494361));
#9754=CARTESIAN_POINT('',(-11.3060559677437,-9.85000000000001,18.149999957563));
#9755=CARTESIAN_POINT('Ctrl Pts',(-11.3063279015367,-9.85000000000001,18.1496788828788));
#9756=CARTESIAN_POINT('Ctrl Pts',(-11.1370692808749,-9.85000000000001,18.0063254480916));
#9757=CARTESIAN_POINT('Ctrl Pts',(-10.9260008971023,-9.85,17.798726847619));
#9758=CARTESIAN_POINT('Ctrl Pts',(-10.7338512394785,-9.85,17.5757188895264));
#9759=CARTESIAN_POINT('Ctrl Pts',(-10.687458346238,-9.85000000000001,17.5197150999059));
#9760=CARTESIAN_POINT('',(-13.6176383866201,-9.85000000000001,19.0316349035423));
#9761=CARTESIAN_POINT('Ctrl Pts',(-13.6176383866201,-9.85000000000001,19.0316349035423));
#9762=CARTESIAN_POINT('Ctrl Pts',(-13.0856866795953,-9.85000000000001,19.0316349035423));
#9763=CARTESIAN_POINT('Ctrl Pts',(-12.2431534960978,-9.85000000000001,18.8272745511057));
#9764=CARTESIAN_POINT('Ctrl Pts',(-11.5437306937373,-9.85000000000001,18.350746961757));
#9765=CARTESIAN_POINT('Ctrl Pts',(-11.3063279015367,-9.85000000000001,18.1496788828788));
#9766=CARTESIAN_POINT('',(-30.3823616133799,-9.85000000000001,19.0316349035423));
#9767=CARTESIAN_POINT('',(-29.75,-9.85000000000001,19.0316349035423));
#9768=CARTESIAN_POINT('',(-32.6939439822121,-9.85000000000002,18.1499999999176));
#9769=CARTESIAN_POINT('Ctrl Pts',(-32.6937081706884,-9.85000000000002,18.1497200965508));
#9770=CARTESIAN_POINT('Ctrl Pts',(-32.4585546293788,-9.85000000000002,18.3478358350779));
#9771=CARTESIAN_POINT('Ctrl Pts',(-31.7665423562457,-9.85000000000002,18.8146289703951));
#9772=CARTESIAN_POINT('Ctrl Pts',(-30.9142329341381,-9.85000000000001,19.0316349035423));
#9773=CARTESIAN_POINT('Ctrl Pts',(-30.38236161338,-9.85000000000001,19.0316349035423));
#9774=CARTESIAN_POINT('',(-33.312714086363,-9.85000000000002,17.5198579409647));
#9775=CARTESIAN_POINT('Ctrl Pts',(-33.3125547126581,-9.85000000000002,17.5197263639369));
#9776=CARTESIAN_POINT('Ctrl Pts',(-33.1236255976753,-9.85000000000002,17.7485682333578));
#9777=CARTESIAN_POINT('Ctrl Pts',(-32.9178224302169,-9.85000000000002,17.9609049003446));
#9778=CARTESIAN_POINT('Ctrl Pts',(-32.6937081706884,-9.85000000000002,18.1497200965508));
#9779=CARTESIAN_POINT('Ctrl Pts',(-35.3968642528872,-9.85000000000002,10.2384372773756));
#9780=CARTESIAN_POINT('Ctrl Pts',(-35.3941944081022,-9.85000000000002,11.2873216230024));
#9781=CARTESIAN_POINT('Ctrl Pts',(-35.1998971121191,-9.85000000000002,13.4055367358168));
#9782=CARTESIAN_POINT('Ctrl Pts',(-34.438776469977,-9.85000000000002,15.8648597377268));
#9783=CARTESIAN_POINT('Ctrl Pts',(-33.6014279769259,-9.85000000000002,17.1705599498178));
#9784=CARTESIAN_POINT('Ctrl Pts',(-33.3088939924276,-9.85000000000002,17.5241558195771));
#9785=CARTESIAN_POINT('Ctrl Pts',(-11.9523090339123,-11.1375,10.193610741362));
#9786=CARTESIAN_POINT('Ctrl Pts',(-11.8173727050984,-11.0157672474056,11.0600204373481));
#9787=CARTESIAN_POINT('Ctrl Pts',(-11.6618336742097,-10.7653972515559,12.808933490198));
#9788=CARTESIAN_POINT('Ctrl Pts',(-11.8126098074581,-10.4529357832322,14.9516544546913));
#9789=CARTESIAN_POINT('Ctrl Pts',(-12.2525137533479,-10.2427531187178,16.4228271588862));
#9790=CARTESIAN_POINT('Ctrl Pts',(-12.8083751500598,-10.134341745281,17.23974457933));
#9791=CARTESIAN_POINT('Ctrl Pts',(-13.3391163728123,-10.1322511764078,17.374521266205));
#9792=CARTESIAN_POINT('Ctrl Pts',(-13.6176383866201,-10.1515368960705,17.321534186914));
#9793=CARTESIAN_POINT('Ctrl Pts',(-11.0439822427614,-10.3180533653241,10.193610741362));
#9794=CARTESIAN_POINT('Ctrl Pts',(-10.9237885242116,-10.2706785970783,11.1134722923828));
#9795=CARTESIAN_POINT('Ctrl Pts',(-10.8229693823451,-10.1734676017612,12.9711176997892));
#9796=CARTESIAN_POINT('Ctrl Pts',(-11.1303782132116,-10.0593598266978,15.25456004688));
#9797=CARTESIAN_POINT('Ctrl Pts',(-11.7825967597038,-9.98463799115256,16.8364045196252));
#9798=CARTESIAN_POINT('Ctrl Pts',(-12.5553190329272,-9.9470331657336,17.7311164466546));
#9799=CARTESIAN_POINT('Ctrl Pts',(-13.2581059628737,-9.94589468211797,17.9058013872583));
#9800=CARTESIAN_POINT('Ctrl Pts',(-13.6176383866201,-9.95255764243127,17.8682251932276));
#9801=CARTESIAN_POINT('Ctrl Pts',(-9.82641445754091,-9.85000000000001,10.193610741362));
#9802=CARTESIAN_POINT('Ctrl Pts',(-9.76550440193186,-9.85082227976861,11.1852978791666));
#9803=CARTESIAN_POINT('Ctrl Pts',(-9.80657749717496,-9.85026656769532,13.1750359309841));
#9804=CARTESIAN_POINT('Ctrl Pts',(-10.361293961364,-9.85068962371276,15.6011158944247));
#9805=CARTESIAN_POINT('Ctrl Pts',(-11.2754142821901,-9.85040820231015,17.285832739984));
#9806=CARTESIAN_POINT('Ctrl Pts',(-12.2885102692548,-9.85047958896738,18.2522889015718));
#9807=CARTESIAN_POINT('Ctrl Pts',(-13.1719084625514,-9.8500292982046,18.4686597921362));
#9808=CARTESIAN_POINT('Ctrl Pts',(-13.6176383866201,-9.85000000000001,18.4498584862109));
#9809=CARTESIAN_POINT('Ctrl Pts',(-8.60307871188311,-9.85000000000001,10.193610741362));
#9810=CARTESIAN_POINT('Ctrl Pts',(-8.60307871188311,-9.85000000000001,11.2575141554116));
#9811=CARTESIAN_POINT('Ctrl Pts',(-8.78823700059128,-9.85000000000001,13.3795684408998));
#9812=CARTESIAN_POINT('Ctrl Pts',(-9.5917362619071,-9.85,15.9480487125484));
#9813=CARTESIAN_POINT('Ctrl Pts',(-10.7681323715533,-9.85000000000001,17.7354498715096));
#9814=CARTESIAN_POINT('Ctrl Pts',(-12.0217376754706,-9.85000000000001,18.7735691113382));
#9815=CARTESIAN_POINT('Ctrl Pts',(-13.0856866795953,-9.85000000000001,19.0316349035423));
#9816=CARTESIAN_POINT('Ctrl Pts',(-13.6176383866201,-9.85000000000001,19.0316349035423));
#9817=CARTESIAN_POINT('Origin',(-8.60307871188311,-14.85,10.193610741362));
#9818=CARTESIAN_POINT('',(-13.6176383866201,-10.1515368960705,17.321534186914));
#9819=CARTESIAN_POINT('Ctrl Pts',(-11.9523090339123,-11.1375,10.193610741362));
#9820=CARTESIAN_POINT('Ctrl Pts',(-11.8173727050984,-11.0157672474056,11.0600204373481));
#9821=CARTESIAN_POINT('Ctrl Pts',(-11.6618336742097,-10.7653972515559,12.808933490198));
#9822=CARTESIAN_POINT('Ctrl Pts',(-11.8126098074581,-10.4529357832322,14.9516544546913));
#9823=CARTESIAN_POINT('Ctrl Pts',(-12.2525137533479,-10.2427531187178,16.4228271588862));
#9824=CARTESIAN_POINT('Ctrl Pts',(-12.8083751500598,-10.134341745281,17.23974457933));
#9825=CARTESIAN_POINT('Ctrl Pts',(-13.3391163728123,-10.1322511764078,17.374521266205));
#9826=CARTESIAN_POINT('Ctrl Pts',(-13.6176383866201,-10.1515368960705,17.321534186914));
#9827=CARTESIAN_POINT('Origin',(-13.6176383866201,-14.85,19.0316349035423));
#9828=CARTESIAN_POINT('Origin',(-8.60307871188311,-14.85,0.));
#9829=CARTESIAN_POINT('Ctrl Pts',(-0.850000000000005,15.5,4.5));
#9830=CARTESIAN_POINT('Ctrl Pts',(-0.850000000000005,15.495688682858,4.50053933616325));
#9831=CARTESIAN_POINT('Ctrl Pts',(-0.850000437861677,15.4913779101959,4.50107859708881));
#9832=CARTESIAN_POINT('Ctrl Pts',(-0.850146743513559,14.7666120533527,4.59174686790925));
#9833=CARTESIAN_POINT('Ctrl Pts',(-0.874806116143266,13.3225803813265,4.77237034304521));
#9834=CARTESIAN_POINT('Ctrl Pts',(-0.986595091963279,11.1987697987533,5.03138148540665));
#9835=CARTESIAN_POINT('Ctrl Pts',(-1.17990394120636,9.1627098371821,5.26392816367335));
#9836=CARTESIAN_POINT('Ctrl Pts',(-1.46291024515159,7.3091496968855,5.44482869808853));
#9837=CARTESIAN_POINT('Ctrl Pts',(-1.71495445456613,6.31201327083101,5.50000000000003));
#9838=CARTESIAN_POINT('Ctrl Pts',(-1.85000000000023,5.91876834639656,5.5));
#9839=CARTESIAN_POINT('Ctrl Pts',(-0.850000000000005,15.5,4.5));
#9840=CARTESIAN_POINT('Ctrl Pts',(-0.850002528714445,15.4960751422817,4.50105261477364));
#9841=CARTESIAN_POINT('Ctrl Pts',(-0.849998879882223,15.4921479400595,4.50210618376267));
#9842=CARTESIAN_POINT('Ctrl Pts',(-0.850462678410124,14.8322989368355,4.67914289312442));
#9843=CARTESIAN_POINT('Ctrl Pts',(-0.922668055664008,13.5172382771716,5.03180541680214));
#9844=CARTESIAN_POINT('Ctrl Pts',(-1.23517729156805,11.6063406963765,5.47738904814472));
#9845=CARTESIAN_POINT('Ctrl Pts',(-1.70871044889143,9.82508600903567,5.75335211368421));
#9846=CARTESIAN_POINT('Ctrl Pts',(-2.2358480130083,8.29452132970748,5.7648867117889));
#9847=CARTESIAN_POINT('Ctrl Pts',(-2.46121573619772,7.55104371845768,5.58925128408681));
#9848=CARTESIAN_POINT('Ctrl Pts',(-2.50318157116899,7.26463586150072,5.49999999999985));
#9849=CARTESIAN_POINT('Ctrl Pts',(-0.850000000000005,15.5,4.5));
#9850=CARTESIAN_POINT('Ctrl Pts',(-0.850002251477269,15.496748841794,4.50195063587116));
#9851=CARTESIAN_POINT('Ctrl Pts',(-0.849999691420167,15.4934983439433,4.50390485393725));
#9852=CARTESIAN_POINT('Ctrl Pts',(-0.85082552879264,14.9469520942098,4.83191897811348));
#9853=CARTESIAN_POINT('Ctrl Pts',(-0.968120302847724,13.8581089835567,5.48583535285852));
#9854=CARTESIAN_POINT('Ctrl Pts',(-1.48399722497784,12.319269186411,6.34718974725025));
#9855=CARTESIAN_POINT('Ctrl Pts',(-2.27909626632307,10.9834782459878,6.95473309524501));
#9856=CARTESIAN_POINT('Ctrl Pts',(-3.19712075206453,10.0113095477987,7.1311037356465));
#9857=CARTESIAN_POINT('Ctrl Pts',(-3.57859239109012,9.70210589815148,6.89705932554459));
#9858=CARTESIAN_POINT('Ctrl Pts',(-3.63435175525753,9.59538931814631,6.75502793653167));
#9859=CARTESIAN_POINT('Ctrl Pts',(-0.850000000000005,15.5,4.5));
#9860=CARTESIAN_POINT('Ctrl Pts',(-0.850001922768703,15.4974235112383,4.50284933878332));
#9861=CARTESIAN_POINT('Ctrl Pts',(-0.849999895676125,15.4948476980123,4.50570268927691));
#9862=CARTESIAN_POINT('Ctrl Pts',(-0.850630580393395,15.0617078932657,4.98481488562765));
#9863=CARTESIAN_POINT('Ctrl Pts',(-0.949249980192796,14.1988144191447,5.93976363440769));
#9864=CARTESIAN_POINT('Ctrl Pts',(-1.38789742435022,12.9636160963706,7.28589414614019));
#9865=CARTESIAN_POINT('Ctrl Pts',(-2.10557956706987,11.8510884217455,8.44509492478002));
#9866=CARTESIAN_POINT('Ctrl Pts',(-3.05110614990686,10.9553989512852,9.25834459679539));
#9867=CARTESIAN_POINT('Ctrl Pts',(-3.72856249417745,10.5650353543145,9.42070116579255));
#9868=CARTESIAN_POINT('Ctrl Pts',(-4.03309859154982,10.4169991696847,9.37800262371786));
#9869=CARTESIAN_POINT('Ctrl Pts',(-0.850000000000005,15.5,4.5));
#9870=CARTESIAN_POINT('Ctrl Pts',(-0.850000000000005,15.4977127754101,4.50323601698163));
#9871=CARTESIAN_POINT('Ctrl Pts',(-0.850001393756875,15.4954258396814,4.50647158253283));
#9872=CARTESIAN_POINT('Ctrl Pts',(-0.850467099071253,15.110925643328,5.05048120745557));
#9873=CARTESIAN_POINT('Ctrl Pts',(-0.92896031335743,14.3448431130981,6.13422205827122));
#9874=CARTESIAN_POINT('Ctrl Pts',(-1.28479564484083,13.2181267007471,7.68828891243989));
#9875=CARTESIAN_POINT('Ctrl Pts',(-1.9001167706005,12.1379634347492,9.08356898204008));
#9876=CARTESIAN_POINT('Ctrl Pts',(-2.80095373808814,11.1546193227609,10.1689721885312));
#9877=CARTESIAN_POINT('Ctrl Pts',(-3.60323530608371,10.6256220638681,10.5000000000002));
#9878=CARTESIAN_POINT('Ctrl Pts',(-4.03309859155002,10.4169991696846,10.5));
#9879=CARTESIAN_POINT('',(-4.03309859155002,10.4169991696846,10.5));
#9880=CARTESIAN_POINT('',(-1.85000000000012,5.91876834639656,5.5));
#9881=CARTESIAN_POINT('Origin',(-1.85000000000136,5.91876834639656,10.5));
#9882=CARTESIAN_POINT('Ctrl Pts',(-1.85000000000023,5.91876834639656,5.5));
#9883=CARTESIAN_POINT('Ctrl Pts',(-1.71495445456613,6.31201327083101,5.50000000000003));
#9884=CARTESIAN_POINT('Ctrl Pts',(-1.46291024515159,7.3091496968855,5.44482869808853));
#9885=CARTESIAN_POINT('Ctrl Pts',(-1.17990394120636,9.1627098371821,5.26392816367335));
#9886=CARTESIAN_POINT('Ctrl Pts',(-0.986595091963279,11.1987697987533,5.03138148540665));
#9887=CARTESIAN_POINT('Ctrl Pts',(-0.874806116143266,13.3225803813265,4.77237034304521));
#9888=CARTESIAN_POINT('Ctrl Pts',(-0.850146743513559,14.7666120533527,4.59174686790925));
#9889=CARTESIAN_POINT('Ctrl Pts',(-0.850000437861677,15.4913779101959,4.50107859708881));
#9890=CARTESIAN_POINT('Ctrl Pts',(-0.850000000000005,15.495688682858,4.50053933616325));
#9891=CARTESIAN_POINT('Ctrl Pts',(-0.850000000000005,15.5,4.5));
#9892=CARTESIAN_POINT('Ctrl Pts',(-0.850000000000005,15.5,4.5));
#9893=CARTESIAN_POINT('Ctrl Pts',(-0.850000000000005,15.4977127754101,4.50323601698163));
#9894=CARTESIAN_POINT('Ctrl Pts',(-0.850001393756875,15.4954258396814,4.50647158253283));
#9895=CARTESIAN_POINT('Ctrl Pts',(-0.850467099071253,15.110925643328,5.05048120745557));
#9896=CARTESIAN_POINT('Ctrl Pts',(-0.92896031335743,14.3448431130981,6.13422205827122));
#9897=CARTESIAN_POINT('Ctrl Pts',(-1.28479564484083,13.2181267007471,7.68828891243989));
#9898=CARTESIAN_POINT('Ctrl Pts',(-1.9001167706005,12.1379634347492,9.08356898204008));
#9899=CARTESIAN_POINT('Ctrl Pts',(-2.80095373808814,11.1546193227609,10.1689721885312));
#9900=CARTESIAN_POINT('Ctrl Pts',(-3.60323530608371,10.6256220638681,10.5000000000002));
#9901=CARTESIAN_POINT('Ctrl Pts',(-4.03309859155002,10.4169991696846,10.5));
#9902=CARTESIAN_POINT('Origin',(-6.5,15.5,10.5));
#9903=CARTESIAN_POINT('',(-6.63461810780515,9.85160394757495,10.5));
#9904=CARTESIAN_POINT('',(-6.75374917665926,4.85302337020764,5.5));
#9905=CARTESIAN_POINT('Origin',(-6.75374917665926,4.85302337020764,10.5));
#9906=CARTESIAN_POINT('Origin',(-6.5,15.5,5.5));
#9907=CARTESIAN_POINT('Origin',(-6.5,15.5,10.5));
#9908=CARTESIAN_POINT('Ctrl Pts',(-6.75374917665925,4.85302337020764,5.5));
#9909=CARTESIAN_POINT('Ctrl Pts',(-6.89208323630762,4.99901462809624,5.5));
#9910=CARTESIAN_POINT('Ctrl Pts',(-7.20187393969552,5.3990348466101,5.47661358744302));
#9911=CARTESIAN_POINT('Ctrl Pts',(-7.86480697568375,6.42434109976884,5.38168842526867));
#9912=CARTESIAN_POINT('Ctrl Pts',(-8.84230125774172,7.94292784307732,5.23842240246648));
#9913=CARTESIAN_POINT('Ctrl Pts',(-9.9201104501333,9.33526643470745,5.14514431476273));
#9914=CARTESIAN_POINT('Ctrl Pts',(-10.5761021176154,10.0563499862394,5.12525574896468));
#9915=CARTESIAN_POINT('Ctrl Pts',(-6.73592721043419,5.60080927593306,5.5));
#9916=CARTESIAN_POINT('Ctrl Pts',(-6.83549029403141,5.73228187407942,5.52139939741012));
#9917=CARTESIAN_POINT('Ctrl Pts',(-7.08576973476589,6.08082066245549,5.56137834579307));
#9918=CARTESIAN_POINT('Ctrl Pts',(-7.73789607674658,6.97032619830025,5.57509167867845));
#9919=CARTESIAN_POINT('Ctrl Pts',(-8.76200145716529,8.30963893602143,5.49251754367024));
#9920=CARTESIAN_POINT('Ctrl Pts',(-9.83968559174076,9.57022331565268,5.39582906000353));
#9921=CARTESIAN_POINT('Ctrl Pts',(-10.4706311738073,10.2390445997719,5.37474152383422));
#9922=CARTESIAN_POINT('Ctrl Pts',(-6.70035183840567,7.09350438363945,5.84216352371881));
#9923=CARTESIAN_POINT('Ctrl Pts',(-6.75117915536508,7.18699314809263,5.89355357553804));
#9924=CARTESIAN_POINT('Ctrl Pts',(-6.92992337007573,7.41589199930085,6.01403320479673));
#9925=CARTESIAN_POINT('Ctrl Pts',(-7.58408220311577,8.01636740371818,6.13954465264345));
#9926=CARTESIAN_POINT('Ctrl Pts',(-8.67246317552339,8.99748360384643,6.08097884372171));
#9927=CARTESIAN_POINT('Ctrl Pts',(-9.72301474135205,10.0055045079546,5.94411432425206));
#9928=CARTESIAN_POINT('Ctrl Pts',(-10.2973924860976,10.5712286150188,5.91389437511392));
#9929=CARTESIAN_POINT('Ctrl Pts',(-6.65023552056598,9.19631816154186,7.51474491338351));
#9930=CARTESIAN_POINT('Ctrl Pts',(-6.73151370618495,9.2230245293068,7.56848576584407));
#9931=CARTESIAN_POINT('Ctrl Pts',(-6.96823530892809,9.27415983180428,7.65629101706391));
#9932=CARTESIAN_POINT('Ctrl Pts',(-7.69239932443857,9.48160922100434,7.62656595017392));
#9933=CARTESIAN_POINT('Ctrl Pts',(-8.77297094040595,9.97310626416034,7.3227407869082));
#9934=CARTESIAN_POINT('Ctrl Pts',(-9.68228467523586,10.614490918722,7.02606683924079));
#9935=CARTESIAN_POINT('Ctrl Pts',(-10.1373518855719,11.0145604293622,6.9618395076865));
#9936=CARTESIAN_POINT('Ctrl Pts',(-6.63461810780514,9.85160394757495,9.37800262371793));
#9937=CARTESIAN_POINT('Ctrl Pts',(-6.83601139522076,9.8559788420674,9.39852516584967));
#9938=CARTESIAN_POINT('Ctrl Pts',(-7.26952017316744,9.88317408916758,9.34430775617702));
#9939=CARTESIAN_POINT('Ctrl Pts',(-8.09664936545689,10.0420049015127,8.9785554325548));
#9940=CARTESIAN_POINT('Ctrl Pts',(-9.07124287035301,10.4121206263004,8.32767555785028));
#9941=CARTESIAN_POINT('Ctrl Pts',(-9.80182845188429,10.8895692677159,7.86650616790094));
#9942=CARTESIAN_POINT('Ctrl Pts',(-10.1568209151644,11.1922867143351,7.76785859128105));
#9943=CARTESIAN_POINT('Ctrl Pts',(-6.63461810780514,9.85160394757495,10.5));
#9944=CARTESIAN_POINT('Ctrl Pts',(-6.92926453855314,9.85862624994374,10.5));
#9945=CARTESIAN_POINT('Ctrl Pts',(-7.51609856015634,9.91938796624364,10.3596815246581));
#9946=CARTESIAN_POINT('Ctrl Pts',(-8.4263105897924,10.1598187292442,9.79013055161202));
#9947=CARTESIAN_POINT('Ctrl Pts',(-9.32076327906221,10.5658611933274,8.93053441479891));
#9948=CARTESIAN_POINT('Ctrl Pts',(-9.92414748124786,10.9891087720391,8.37086588857635));
#9949=CARTESIAN_POINT('Ctrl Pts',(-10.2162882192811,11.244215481109,8.25153449378809));
#9950=CARTESIAN_POINT('',(-10.2162882192811,11.244215481109,8.25153449378809));
#9951=CARTESIAN_POINT('',(-10.5761021176154,10.0563499862394,5.12525574896468));
#9952=CARTESIAN_POINT('Origin',(-13.5050388558131,7.47803449093996,8.25153449378809));
#9953=CARTESIAN_POINT('Ctrl Pts',(-10.5761021176154,10.0563499862394,5.12525574896468));
#9954=CARTESIAN_POINT('Ctrl Pts',(-9.9201104501333,9.33526643470745,5.14514431476273));
#9955=CARTESIAN_POINT('Ctrl Pts',(-8.84230125774172,7.94292784307732,5.23842240246648));
#9956=CARTESIAN_POINT('Ctrl Pts',(-7.86480697568375,6.42434109976884,5.38168842526867));
#9957=CARTESIAN_POINT('Ctrl Pts',(-7.20187393969552,5.3990348466101,5.47661358744302));
#9958=CARTESIAN_POINT('Ctrl Pts',(-6.89208323630762,4.99901462809624,5.5));
#9959=CARTESIAN_POINT('Ctrl Pts',(-6.75374917665925,4.85302337020764,5.5));
#9960=CARTESIAN_POINT('Ctrl Pts',(-6.63461810780514,9.85160394757495,10.5));
#9961=CARTESIAN_POINT('Ctrl Pts',(-6.92926453855314,9.85862624994374,10.5));
#9962=CARTESIAN_POINT('Ctrl Pts',(-7.51609856015634,9.91938796624364,10.3596815246581));
#9963=CARTESIAN_POINT('Ctrl Pts',(-8.4263105897924,10.1598187292442,9.79013055161202));
#9964=CARTESIAN_POINT('Ctrl Pts',(-9.32076327906221,10.5658611933274,8.93053441479891));
#9965=CARTESIAN_POINT('Ctrl Pts',(-9.92414748124786,10.9891087720391,8.37086588857635));
#9966=CARTESIAN_POINT('Ctrl Pts',(-10.2162882192811,11.244215481109,8.25153449378809));
#9967=CARTESIAN_POINT('Ctrl Pts',(-12.0635882223068,14.5156290878899,5.88854523159482));
#9968=CARTESIAN_POINT('Ctrl Pts',(-12.0149751725023,14.2408718921872,6.27375069756252));
#9969=CARTESIAN_POINT('Ctrl Pts',(-11.8361213149763,13.530558378917,6.94357103766645));
#9970=CARTESIAN_POINT('Ctrl Pts',(-11.4994978731132,12.8304606592158,7.39798672572891));
#9971=CARTESIAN_POINT('Ctrl Pts',(-11.2591123536066,12.4547825027185,7.61888016850745));
#9972=CARTESIAN_POINT('Ctrl Pts',(-12.0136697878627,14.2334939592176,5.49734248515657));
#9973=CARTESIAN_POINT('Ctrl Pts',(-11.9515767152457,13.964201498846,5.77201097669742));
#9974=CARTESIAN_POINT('Ctrl Pts',(-11.7397243124963,13.273247223031,6.24404160439286));
#9975=CARTESIAN_POINT('Ctrl Pts',(-11.3790812679731,12.6062988367728,6.55524738015691));
#9976=CARTESIAN_POINT('Ctrl Pts',(-11.1295827052296,12.2523515925128,6.70422774814863));
#9977=CARTESIAN_POINT('Ctrl Pts',(-12.0337037870011,13.9390166878981,5.10618626805853));
#9978=CARTESIAN_POINT('Ctrl Pts',(-11.9829823099489,13.6672521816712,5.27037102977036));
#9979=CARTESIAN_POINT('Ctrl Pts',(-11.8012452032106,12.965541066812,5.54479813119129));
#9980=CARTESIAN_POINT('Ctrl Pts',(-11.468900677024,12.2739161039053,5.71343035585216));
#9981=CARTESIAN_POINT('Ctrl Pts',(-11.2321413434452,11.9018995657366,5.7911314919775));
#9982=CARTESIAN_POINT('Ctrl Pts',(-12.1228529370964,13.6445043875137,4.7314242052658));
#9983=CARTESIAN_POINT('Ctrl Pts',(-12.1075806957622,13.3668204103501,4.79562511626062));
#9984=CARTESIAN_POINT('Ctrl Pts',(-12.0157416111894,12.6362133762319,4.9072618396111));
#9985=CARTESIAN_POINT('Ctrl Pts',(-11.7572777816755,11.8771385711086,4.98299778762146));
#9986=CARTESIAN_POINT('Ctrl Pts',(-11.5510385887268,11.4572444840097,5.01981336141791));
#9987=CARTESIAN_POINT('',(-11.5510385887269,11.4572444840099,5.01981336141791));
#9988=CARTESIAN_POINT('',(-11.2591123536066,12.4547825027185,7.61888016850745));
#9989=CARTESIAN_POINT('Origin',(-15.4707162063558,9.75989976176147,7.61888016850745));
#9990=CARTESIAN_POINT('',(-12.0635882223068,14.5156290878899,5.88854523159482));
#9991=CARTESIAN_POINT('Ctrl Pts',(-11.2591123536066,12.4547825027185,7.61888016850745));
#9992=CARTESIAN_POINT('Ctrl Pts',(-11.4994978731132,12.8304606592158,7.39798672572891));
#9993=CARTESIAN_POINT('Ctrl Pts',(-11.8361213149763,13.530558378917,6.94357103766645));
#9994=CARTESIAN_POINT('Ctrl Pts',(-12.0149751725023,14.2408718921872,6.27375069756252));
#9995=CARTESIAN_POINT('Ctrl Pts',(-12.0635882223068,14.5156290878899,5.88854523159482));
#9996=CARTESIAN_POINT('',(-12.1228529370964,13.644504387864,4.7314242052658));
#9997=CARTESIAN_POINT('Origin',(-16.9871176225784,13.6445043869075,5.88854523159482));
#9998=CARTESIAN_POINT('Ctrl Pts',(-12.1228529370964,13.6445043875137,4.7314242052658));
#9999=CARTESIAN_POINT('Ctrl Pts',(-12.1075806957622,13.3668204103501,4.79562511626062));
#10000=CARTESIAN_POINT('Ctrl Pts',(-12.0157416111894,12.6362133762319,4.9072618396111));
#10001=CARTESIAN_POINT('Ctrl Pts',(-11.7572777816755,11.8771385711086,4.98299778762146));
#10002=CARTESIAN_POINT('Ctrl Pts',(-11.5510385887268,11.4572444840097,5.01981336141791));
#10003=CARTESIAN_POINT('Ctrl Pts',(-12.15,15.5,4.5));
#10004=CARTESIAN_POINT('Ctrl Pts',(-12.15,15.4975360422106,4.50348606311227));
#10005=CARTESIAN_POINT('Ctrl Pts',(-12.14999838795,15.495072087016,4.5069721353373));
#10006=CARTESIAN_POINT('Ctrl Pts',(-12.1495685516805,15.1664866572122,4.97185956766982));
#10007=CARTESIAN_POINT('Ctrl Pts',(-12.1209031434775,14.8395685873393,5.43438691337294));
#10008=CARTESIAN_POINT('Ctrl Pts',(-12.0635882223884,14.5156290883509,5.88854523094855));
#10009=CARTESIAN_POINT('Ctrl Pts',(-12.15,15.5,4.5));
#10010=CARTESIAN_POINT('Ctrl Pts',(-12.1500021403074,15.4968092753341,4.50251765871787));
#10011=CARTESIAN_POINT('Ctrl Pts',(-12.1499952897512,15.4936183592847,4.50503548727772));
#10012=CARTESIAN_POINT('Ctrl Pts',(-12.1493920193935,15.0681083793256,4.84078468073234));
#10013=CARTESIAN_POINT('Ctrl Pts',(-12.103461210368,14.6448003403372,5.17480610202304));
#10014=CARTESIAN_POINT('Ctrl Pts',(-12.0136697879548,14.2334939596022,5.49734248469479));
#10015=CARTESIAN_POINT('Ctrl Pts',(-12.15,15.5,4.5));
#10016=CARTESIAN_POINT('Ctrl Pts',(-12.1500026875519,15.4960825133083,4.50154938647029));
#10017=CARTESIAN_POINT('Ctrl Pts',(-12.1499951088587,15.4921646313737,4.50309870142683));
#10018=CARTESIAN_POINT('Ctrl Pts',(-12.1495108097771,14.9697282633775,4.70971520210741));
#10019=CARTESIAN_POINT('Ctrl Pts',(-12.1100415726685,14.4499509614746,4.9152005828149));
#10020=CARTESIAN_POINT('Ctrl Pts',(-12.0337037870742,13.9390166882174,5.10618626778118));
#10021=CARTESIAN_POINT('Ctrl Pts',(-12.15,15.5,4.5));
#10022=CARTESIAN_POINT('Ctrl Pts',(-12.15,15.495355548588,4.50058101052142));
#10023=CARTESIAN_POINT('Ctrl Pts',(-12.1499994935595,15.4907111020744,4.50116202255622));
#10024=CARTESIAN_POINT('Ctrl Pts',(-12.1498644565015,14.8713421060727,4.57864326127832));
#10025=CARTESIAN_POINT('Ctrl Pts',(-12.1408589521544,14.2551160097634,4.65573115222882));
#10026=CARTESIAN_POINT('Ctrl Pts',(-12.122852937122,13.6445043877764,4.73142420515809));
#10027=CARTESIAN_POINT('Ctrl Pts',(-12.0635882223884,14.5156290883509,5.88854523094855));
#10028=CARTESIAN_POINT('Ctrl Pts',(-12.1209031434775,14.8395685873393,5.43438691337294));
#10029=CARTESIAN_POINT('Ctrl Pts',(-12.1495685516805,15.1664866572122,4.97185956766982));
#10030=CARTESIAN_POINT('Ctrl Pts',(-12.14999838795,15.495072087016,4.5069721353373));
#10031=CARTESIAN_POINT('Ctrl Pts',(-12.15,15.4975360422106,4.50348606311227));
#10032=CARTESIAN_POINT('Ctrl Pts',(-12.15,15.5,4.5));
#10033=CARTESIAN_POINT('Ctrl Pts',(-12.15,15.5,4.5));
#10034=CARTESIAN_POINT('Ctrl Pts',(-12.15,15.495355548588,4.50058101052142));
#10035=CARTESIAN_POINT('Ctrl Pts',(-12.1499994935595,15.4907111020744,4.50116202255622));
#10036=CARTESIAN_POINT('Ctrl Pts',(-12.1498644565015,14.8713421060727,4.57864326127832));
#10037=CARTESIAN_POINT('Ctrl Pts',(-12.1408589521544,14.2551160097634,4.65573115222882));
#10038=CARTESIAN_POINT('Ctrl Pts',(-12.122852937122,13.6445043877764,4.73142420515809));
#10039=CARTESIAN_POINT('Ctrl Pts',(-10.5761021176153,10.0563499862394,5.12525574896468));
#10040=CARTESIAN_POINT('Ctrl Pts',(-10.9800247598881,10.4816853281135,5.09761420745691));
#10041=CARTESIAN_POINT('Ctrl Pts',(-11.3067710616011,10.9599263513894,5.06341733912164));
#10042=CARTESIAN_POINT('Ctrl Pts',(-11.5510385887269,11.4572444840098,5.0198133614179));
#10043=CARTESIAN_POINT('Ctrl Pts',(-10.206953814287,10.6957811336031,5.99845596100805));
#10044=CARTESIAN_POINT('Ctrl Pts',(-10.6069877944653,11.0509323916539,5.94911411326122));
#10045=CARTESIAN_POINT('Ctrl Pts',(-10.9517260833272,11.4612870976157,5.88315989892011));
#10046=CARTESIAN_POINT('Ctrl Pts',(-11.2321413434452,11.9018995657366,5.79113149197748));
#10047=CARTESIAN_POINT('Ctrl Pts',(-10.0775311763421,11.1230483586366,7.12295738793835));
#10048=CARTESIAN_POINT('Ctrl Pts',(-10.4792377580211,11.4497053979385,7.01592284149047));
#10049=CARTESIAN_POINT('Ctrl Pts',(-10.8340792363135,11.8331402057136,6.88067852629284));
#10050=CARTESIAN_POINT('Ctrl Pts',(-11.1295827052297,12.2523515925129,6.70422774814861));
#10051=CARTESIAN_POINT('Ctrl Pts',(-10.2162882192811,11.244215481109,8.2515344937881));
#10052=CARTESIAN_POINT('Ctrl Pts',(-10.6223114800058,11.5987680797867,8.08568524474144));
#10053=CARTESIAN_POINT('Ctrl Pts',(-10.9744022770823,12.0098332524293,7.88050403472984));
#10054=CARTESIAN_POINT('Ctrl Pts',(-11.2591123536066,12.4547825027186,7.61888016850741));
#10055=CARTESIAN_POINT('Ctrl Pts',(-11.5510385887269,11.4572444840098,5.0198133614179));
#10056=CARTESIAN_POINT('Ctrl Pts',(-11.3067710616011,10.9599263513894,5.06341733912164));
#10057=CARTESIAN_POINT('Ctrl Pts',(-10.9800247598881,10.4816853281135,5.09761420745691));
#10058=CARTESIAN_POINT('Ctrl Pts',(-10.5761021176153,10.0563499862394,5.12525574896468));
#10059=CARTESIAN_POINT('Ctrl Pts',(-10.2162882192811,11.244215481109,8.2515344937881));
#10060=CARTESIAN_POINT('Ctrl Pts',(-10.6223114800058,11.5987680797867,8.08568524474144));
#10061=CARTESIAN_POINT('Ctrl Pts',(-10.9744022770823,12.0098332524293,7.88050403472984));
#10062=CARTESIAN_POINT('Ctrl Pts',(-11.2591123536066,12.4547825027186,7.61888016850741));
#10063=CARTESIAN_POINT('Origin',(-22.,0.,4.5));
#10064=CARTESIAN_POINT('Origin',(-22.,0.,5.5));
#10065=CARTESIAN_POINT('Origin',(-9.99031476997579,10.5720130852992,4.5));
#10066=CARTESIAN_POINT('Origin',(-6.5,13.6445043882143,4.5));
#10067=CARTESIAN_POINT('Origin',(-10.7671030652011,11.7967134284597,4.5));
#10068=CARTESIAN_POINT('Origin',(-6.5,13.6445043882143,4.5));
#10069=CARTESIAN_POINT('Origin',(-11.15,13.6445043882143,4.5));
#10070=CARTESIAN_POINT('Origin',(-11.15,7.75,4.5));
#10071=CARTESIAN_POINT('Ctrl Pts',(-31.85,15.5,4.5));
#10072=CARTESIAN_POINT('Ctrl Pts',(-31.85,15.4956886828616,4.50053933616441));
#10073=CARTESIAN_POINT('Ctrl Pts',(-31.8500004364006,15.4913773703944,4.50107867370871));
#10074=CARTESIAN_POINT('Ctrl Pts',(-31.8501257862352,14.8720091585976,4.57855982233483));
#10075=CARTESIAN_POINT('Ctrl Pts',(-31.8591313136173,14.2554461119736,4.65569023187522));
#10076=CARTESIAN_POINT('Ctrl Pts',(-31.8771470629144,13.6445043865407,4.73142420531128));
#10077=CARTESIAN_POINT('Ctrl Pts',(-31.85,15.5,4.5));
#10078=CARTESIAN_POINT('Ctrl Pts',(-31.8499973353451,15.4963635127719,4.50143825487398));
#10079=CARTESIAN_POINT('Ctrl Pts',(-31.8500045504501,15.4927266340693,4.50287643800434));
#10080=CARTESIAN_POINT('Ctrl Pts',(-31.8504466843724,14.9702909029282,4.70949277903546));
#10081=CARTESIAN_POINT('Ctrl Pts',(-31.8899170128897,14.4502271830602,4.9150973378082));
#10082=CARTESIAN_POINT('Ctrl Pts',(-31.9662962130801,13.9390166871834,5.1061862681677));
#10083=CARTESIAN_POINT('Ctrl Pts',(-31.85,15.5,4.5));
#10084=CARTESIAN_POINT('Ctrl Pts',(-31.8499978778924,15.4970381415854,4.50233707035149));
#10085=CARTESIAN_POINT('Ctrl Pts',(-31.8500043262167,15.4940760940161,4.50467430795831));
#10086=CARTESIAN_POINT('Ctrl Pts',(-31.8505584210463,15.0685665919808,4.84042315321352));
#10087=CARTESIAN_POINT('Ctrl Pts',(-31.896490131599,14.645022698,5.17463173417022));
#10088=CARTESIAN_POINT('Ctrl Pts',(-31.9863302122267,14.2334939587698,5.49734248534754));
#10089=CARTESIAN_POINT('Ctrl Pts',(-31.85,15.5,4.5));
#10090=CARTESIAN_POINT('Ctrl Pts',(-31.85,15.4977127754197,4.50323601698283));
#10091=CARTESIAN_POINT('Ctrl Pts',(-31.8500013891061,15.4954255533078,4.50647204225224));
#10092=CARTESIAN_POINT('Ctrl Pts',(-31.850400389988,15.1668405395379,4.97135893400852));
#10093=CARTESIAN_POINT('Ctrl Pts',(-31.8790658715142,14.839743711986,5.4341413912513));
#10094=CARTESIAN_POINT('Ctrl Pts',(-31.9364117777276,14.5156290876953,5.88854523186767));
#10095=CARTESIAN_POINT('',(-31.9364117777276,14.5156290876953,5.88854523186767));
#10096=CARTESIAN_POINT('',(-31.8771470629144,13.6445043873775,4.73142420531128));
#10097=CARTESIAN_POINT('Origin',(-27.0128823774865,13.6445043865407,5.88854523186767));
#10098=CARTESIAN_POINT('',(-31.85,15.5,4.5));
#10099=CARTESIAN_POINT('Ctrl Pts',(-31.8771470629144,13.6445043865407,4.73142420531128));
#10100=CARTESIAN_POINT('Ctrl Pts',(-31.8591313136173,14.2554461119736,4.65569023187522));
#10101=CARTESIAN_POINT('Ctrl Pts',(-31.8501257862352,14.8720091585976,4.57855982233483));
#10102=CARTESIAN_POINT('Ctrl Pts',(-31.8500004364006,15.4913773703944,4.50107867370871));
#10103=CARTESIAN_POINT('Ctrl Pts',(-31.85,15.4956886828616,4.50053933616441));
#10104=CARTESIAN_POINT('Ctrl Pts',(-31.85,15.5,4.5));
#10105=CARTESIAN_POINT('Ctrl Pts',(-31.85,15.5,4.5));
#10106=CARTESIAN_POINT('Ctrl Pts',(-31.85,15.4977127754197,4.50323601698283));
#10107=CARTESIAN_POINT('Ctrl Pts',(-31.8500013891061,15.4954255533078,4.50647204225224));
#10108=CARTESIAN_POINT('Ctrl Pts',(-31.850400389988,15.1668405395379,4.97135893400852));
#10109=CARTESIAN_POINT('Ctrl Pts',(-31.8790658715142,14.839743711986,5.4341413912513));
#10110=CARTESIAN_POINT('Ctrl Pts',(-31.9364117777276,14.5156290876953,5.88854523186767));
#10111=CARTESIAN_POINT('Ctrl Pts',(-31.8771470629132,13.6445043873387,4.73142420530626));
#10112=CARTESIAN_POINT('Ctrl Pts',(-31.8975100513697,13.274259084463,4.81702541994775));
#10113=CARTESIAN_POINT('Ctrl Pts',(-32.0093850935986,12.5217322569148,4.91801551172375));
#10114=CARTESIAN_POINT('Ctrl Pts',(-32.2942820165757,11.7721650493055,4.99220168107308));
#10115=CARTESIAN_POINT('Ctrl Pts',(-32.4489614112732,11.4572444840098,5.01981336141791));
#10116=CARTESIAN_POINT('Ctrl Pts',(-31.9662962130308,13.9390166877268,5.10618626816199));
#10117=CARTESIAN_POINT('Ctrl Pts',(-32.0339248491095,13.5766640127692,5.32509928372885));
#10118=CARTESIAN_POINT('Ctrl Pts',(-32.2370228119455,12.8584828652384,5.56899478440057));
#10119=CARTESIAN_POINT('Ctrl Pts',(-32.5902891563867,12.180911969338,5.73285563988873));
#10120=CARTESIAN_POINT('Ctrl Pts',(-32.7678586565548,11.9018995657366,5.7911314919775));
#10121=CARTESIAN_POINT('Ctrl Pts',(-31.9863302121764,14.2334939590479,5.49734248532964));
#10122=CARTESIAN_POINT('Ctrl Pts',(-32.0691209756747,13.8744373452312,5.86356714063919));
#10123=CARTESIAN_POINT('Ctrl Pts',(-32.3033409618158,13.1688409377023,6.28839823641039));
#10124=CARTESIAN_POINT('Ctrl Pts',(-32.6832933727295,12.517812025684,6.59249247216487));
#10125=CARTESIAN_POINT('Ctrl Pts',(-32.8704172947704,12.2523515925128,6.70422774814863));
#10126=CARTESIAN_POINT('Ctrl Pts',(-31.9364117777238,14.5156290877168,5.88854523183753));
#10127=CARTESIAN_POINT('Ctrl Pts',(-32.001229177473,14.1492861601239,6.4021525196869));
#10128=CARTESIAN_POINT('Ctrl Pts',(-32.202547152804,13.4221285095817,7.00809307034241));
#10129=CARTESIAN_POINT('Ctrl Pts',(-32.5605985067796,12.7365411200663,7.4532100864384));
#10130=CARTESIAN_POINT('Ctrl Pts',(-32.7408876463934,12.4547825027185,7.61888016850745));
#10131=CARTESIAN_POINT('',(-32.7408876463934,12.4547825027185,7.61888016850745));
#10132=CARTESIAN_POINT('',(-32.4489614112731,11.4572444840099,5.01981336141791));
#10133=CARTESIAN_POINT('Origin',(-28.5292837936442,9.75989976176148,7.61888016850745));
#10134=CARTESIAN_POINT('Ctrl Pts',(-32.4489614112732,11.4572444840098,5.01981336141791));
#10135=CARTESIAN_POINT('Ctrl Pts',(-32.2942820165757,11.7721650493055,4.99220168107308));
#10136=CARTESIAN_POINT('Ctrl Pts',(-32.0093850935986,12.5217322569148,4.91801551172375));
#10137=CARTESIAN_POINT('Ctrl Pts',(-31.8975100513697,13.274259084463,4.81702541994775));
#10138=CARTESIAN_POINT('Ctrl Pts',(-31.8771470629132,13.6445043873387,4.73142420530626));
#10139=CARTESIAN_POINT('Ctrl Pts',(-31.9364117777238,14.5156290877168,5.88854523183753));
#10140=CARTESIAN_POINT('Ctrl Pts',(-32.001229177473,14.1492861601239,6.4021525196869));
#10141=CARTESIAN_POINT('Ctrl Pts',(-32.202547152804,13.4221285095817,7.00809307034241));
#10142=CARTESIAN_POINT('Ctrl Pts',(-32.5605985067796,12.7365411200663,7.4532100864384));
#10143=CARTESIAN_POINT('Ctrl Pts',(-32.7408876463934,12.4547825027185,7.61888016850745));
#10144=CARTESIAN_POINT('Ctrl Pts',(-32.4489614112731,11.4572444840098,5.0198133614179));
#10145=CARTESIAN_POINT('Ctrl Pts',(-32.693217964834,10.9599486930936,5.06341538024038));
#10146=CARTESIAN_POINT('Ctrl Pts',(-33.019996824877,10.4816625990994,5.09761568456198));
#10147=CARTESIAN_POINT('Ctrl Pts',(-33.4238978823849,10.0563499862391,5.1252557489647));
#10148=CARTESIAN_POINT('Ctrl Pts',(-32.7678586565548,11.9018995657366,5.79113149197748));
#10149=CARTESIAN_POINT('Ctrl Pts',(-33.0482613191937,11.4613068918537,5.88315576460183));
#10150=CARTESIAN_POINT('Ctrl Pts',(-33.393033582498,11.0509134131276,5.94911674998441));
#10151=CARTESIAN_POINT('Ctrl Pts',(-33.7930461857132,10.6957811336028,5.99845596100809));
#10152=CARTESIAN_POINT('Ctrl Pts',(-32.8704172947703,12.2523515925129,6.7042277481486));
#10153=CARTESIAN_POINT('Ctrl Pts',(-33.1659074883791,11.8331590385214,6.88067059935263));
#10154=CARTESIAN_POINT('Ctrl Pts',(-33.5207837083225,11.4496879420825,7.01592856118854));
#10155=CARTESIAN_POINT('Ctrl Pts',(-33.9224688236581,11.1230483586364,7.12295738793842));
#10156=CARTESIAN_POINT('Ctrl Pts',(-32.7408876463934,12.4547825027186,7.61888016850741));
#10157=CARTESIAN_POINT('Ctrl Pts',(-33.0255849324966,12.0098532414945,7.88049228144224));
#10158=CARTESIAN_POINT('Ctrl Pts',(-33.377710217012,11.5987491332514,8.08569410737187));
#10159=CARTESIAN_POINT('Ctrl Pts',(-33.7837117807192,11.2442154811088,8.25153449378821));
#10160=CARTESIAN_POINT('',(-33.7837117807192,11.2442154811088,8.25153449378821));
#10161=CARTESIAN_POINT('Origin',(-30.4949611441874,7.47803449093953,8.25153449378821));
#10162=CARTESIAN_POINT('Ctrl Pts',(-33.4238978823849,10.0563499862391,5.1252557489647));
#10163=CARTESIAN_POINT('Ctrl Pts',(-33.019996824877,10.4816625990994,5.09761568456198));
#10164=CARTESIAN_POINT('Ctrl Pts',(-32.693217964834,10.9599486930936,5.06341538024038));
#10165=CARTESIAN_POINT('Ctrl Pts',(-32.4489614112731,11.4572444840098,5.0198133614179));
#10166=CARTESIAN_POINT('Ctrl Pts',(-32.7408876463934,12.4547825027186,7.61888016850741));
#10167=CARTESIAN_POINT('Ctrl Pts',(-33.0255849324966,12.0098532414945,7.88049228144224));
#10168=CARTESIAN_POINT('Ctrl Pts',(-33.377710217012,11.5987491332514,8.08569410737187));
#10169=CARTESIAN_POINT('Ctrl Pts',(-33.7837117807192,11.2442154811088,8.25153449378821));
#10170=CARTESIAN_POINT('Origin',(-37.5,15.5,10.5));
#10171=CARTESIAN_POINT('',(-37.3653818921949,9.85160394757495,10.5));
#10172=CARTESIAN_POINT('Origin',(-37.2462508233407,4.85302337020765,10.5));
#10173=CARTESIAN_POINT('',(-39.9669014084507,10.4169991696849,10.5));
#10174=CARTESIAN_POINT('Origin',(-37.5,15.5,10.5));
#10175=CARTESIAN_POINT('Origin',(-42.15,5.91876834639722,10.5));
#10176=CARTESIAN_POINT('Ctrl Pts',(-42.15,5.91876834639722,5.5));
#10177=CARTESIAN_POINT('Ctrl Pts',(-42.285045545434,6.31201327083163,5.5));
#10178=CARTESIAN_POINT('Ctrl Pts',(-42.5367657247502,7.30828808750734,5.44480853140613));
#10179=CARTESIAN_POINT('Ctrl Pts',(-42.8199650672237,9.16099122421198,5.26417548600564));
#10180=CARTESIAN_POINT('Ctrl Pts',(-42.9811692526332,10.8589044387208,5.07019354612613));
#10181=CARTESIAN_POINT('Ctrl Pts',(-43.0692556268918,12.2609905057999,4.90181556874835));
#10182=CARTESIAN_POINT('Ctrl Pts',(-43.1158589263641,13.327797862822,4.7708911601152));
#10183=CARTESIAN_POINT('Ctrl Pts',(-43.1436689872993,14.4048912300239,4.63698937953693));
#10184=CARTESIAN_POINT('Ctrl Pts',(-43.1499256793606,15.126932775414,4.54666930333338));
#10185=CARTESIAN_POINT('Ctrl Pts',(-43.1499995643098,15.4913771338179,4.50107870576084));
#10186=CARTESIAN_POINT('Ctrl Pts',(-43.15,15.4956886828618,4.50053933616301));
#10187=CARTESIAN_POINT('Ctrl Pts',(-43.15,15.5,4.5));
#10188=CARTESIAN_POINT('Ctrl Pts',(-41.8234092144155,6.59170210394921,5.5));
#10189=CARTESIAN_POINT('Ctrl Pts',(-41.9136916984564,6.93200175301755,5.54422539304804));
#10190=CARTESIAN_POINT('Ctrl Pts',(-42.1498543908194,7.80092833924282,5.60499488244001));
#10191=CARTESIAN_POINT('Ctrl Pts',(-42.5558176258264,9.49240650534484,5.50885035181341));
#10192=CARTESIAN_POINT('Ctrl Pts',(-42.8336971077158,11.0838826877173,5.29697945630067));
#10193=CARTESIAN_POINT('Ctrl Pts',(-42.9953943076717,12.4115270746422,5.07823139906077));
#10194=CARTESIAN_POINT('Ctrl Pts',(-43.0838467446155,13.4263421565224,4.89616047366117));
#10195=CARTESIAN_POINT('Ctrl Pts',(-43.1376693141203,14.4538587629798,4.7022311384943));
#10196=CARTESIAN_POINT('Ctrl Pts',(-43.1498619409491,15.1436133651663,4.56889559533971));
#10197=CARTESIAN_POINT('Ctrl Pts',(-43.1499990934028,15.4917626879679,4.50159235207501));
#10198=CARTESIAN_POINT('Ctrl Pts',(-43.15,15.495881453581,4.50079616290742));
#10199=CARTESIAN_POINT('Ctrl Pts',(-43.15,15.5,4.5));
#10200=CARTESIAN_POINT('Ctrl Pts',(-41.1715592106473,7.93482595115465,5.84227040044585));
#10201=CARTESIAN_POINT('Ctrl Pts',(-41.2187760877045,8.1696607006093,5.94847643965838));
#10202=CARTESIAN_POINT('Ctrl Pts',(-41.4839852423898,8.7850893167069,6.1491815825298));
#10203=CARTESIAN_POINT('Ctrl Pts',(-42.1265836336485,10.1548874688535,6.09536300592689));
#10204=CARTESIAN_POINT('Ctrl Pts',(-42.5993695442373,11.5336893576376,5.78767825900309));
#10205=CARTESIAN_POINT('Ctrl Pts',(-42.8794848920022,12.7125281459799,5.44358473840233));
#10206=CARTESIAN_POINT('Ctrl Pts',(-43.0339643612014,13.6233865911032,5.14979121298781));
#10207=CARTESIAN_POINT('Ctrl Pts',(-43.1283690824593,14.5517719636978,4.83266568442436));
#10208=CARTESIAN_POINT('Ctrl Pts',(-43.1497632610336,15.1769720965037,4.61334068313815));
#10209=CARTESIAN_POINT('Ctrl Pts',(-43.149998359394,15.4925338157025,4.50261970489761));
#10210=CARTESIAN_POINT('Ctrl Pts',(-43.15,15.4962669950194,4.50130981639625));
#10211=CARTESIAN_POINT('Ctrl Pts',(-43.15,15.5,4.5));
#10212=CARTESIAN_POINT('Ctrl Pts',(-40.2532934872387,9.82689404051833,7.51490610126985));
#10213=CARTESIAN_POINT('Ctrl Pts',(-40.3844165269891,9.94741493141442,7.62597045870266));
#10214=CARTESIAN_POINT('Ctrl Pts',(-40.8476543708079,10.2795723701486,7.74295994552637));
#10215=CARTESIAN_POINT('Ctrl Pts',(-41.7708799540967,11.2306055567533,7.38163840326447));
#10216=CARTESIAN_POINT('Ctrl Pts',(-42.4152535176093,12.2910374170387,6.74339645808606));
#10217=CARTESIAN_POINT('Ctrl Pts',(-42.7909569638345,13.2297679683282,6.1152224272621));
#10218=CARTESIAN_POINT('Ctrl Pts',(-42.9964165352438,13.9659998884601,5.60175347320203));
#10219=CARTESIAN_POINT('Ctrl Pts',(-43.1213858061183,14.7232298431415,5.06096087914488));
#10220=CARTESIAN_POINT('Ctrl Pts',(-43.1496795451425,15.2353628171067,4.69111990762788));
#10221=CARTESIAN_POINT('Ctrl Pts',(-43.1499978958048,15.493883186062,4.50441757137563));
#10222=CARTESIAN_POINT('Ctrl Pts',(-43.15,15.4969416925365,4.5022087100017));
#10223=CARTESIAN_POINT('Ctrl Pts',(-43.15,15.5,4.5));
#10224=CARTESIAN_POINT('Ctrl Pts',(-39.9669014084507,10.4169991696849,9.37800262371793));
#10225=CARTESIAN_POINT('Ctrl Pts',(-40.2738920965808,10.5650132450558,9.42041585034887));
#10226=CARTESIAN_POINT('Ctrl Pts',(-40.9472386245164,10.953569880631,9.25861801894192));
#10227=CARTESIAN_POINT('Ctrl Pts',(-41.8948232804162,11.8491931581594,8.44648125458478));
#10228=CARTESIAN_POINT('Ctrl Pts',(-42.4930907637975,12.7769974908153,7.47972180813813));
#10229=CARTESIAN_POINT('Ctrl Pts',(-42.8319246975419,13.5808996973986,6.61266692124426));
#10230=CARTESIAN_POINT('Ctrl Pts',(-43.0146647849806,14.205842960432,5.92910050271523));
#10231=CARTESIAN_POINT('Ctrl Pts',(-43.1249022488377,14.8454249845719,5.22412171678125));
#10232=CARTESIAN_POINT('Ctrl Pts',(-43.1497245922566,15.2770413763285,4.74668553534273));
#10233=CARTESIAN_POINT('Ctrl Pts',(-43.1499980959232,15.4948472521899,4.50570169076346));
#10234=CARTESIAN_POINT('Ctrl Pts',(-43.15,15.4974236193344,4.50285077686273));
#10235=CARTESIAN_POINT('Ctrl Pts',(-43.15,15.5,4.5));
#10236=CARTESIAN_POINT('Ctrl Pts',(-39.9669014084507,10.4169991696849,10.5));
#10237=CARTESIAN_POINT('Ctrl Pts',(-40.3967646939171,10.6256220638686,10.5));
#10238=CARTESIAN_POINT('Ctrl Pts',(-41.1980148421632,11.1541622248281,10.1688511884367));
#10239=CARTESIAN_POINT('Ctrl Pts',(-42.099466270318,12.1370516823285,9.08505291603392));
#10240=CARTESIAN_POINT('Ctrl Pts',(-42.6125950858471,13.0378225426077,7.92116127675687));
#10241=CARTESIAN_POINT('Ctrl Pts',(-42.8929826996843,13.7816522401661,6.91089341249022));
#10242=CARTESIAN_POINT('Ctrl Pts',(-43.0413255965964,14.3476110727647,6.12534696069135));
#10243=CARTESIAN_POINT('Ctrl Pts',(-43.1298477623897,14.9190268027826,5.32193627722168));
#10244=CARTESIAN_POINT('Ctrl Pts',(-43.1497634300788,15.3020817071444,4.78001582000062));
#10245=CARTESIAN_POINT('Ctrl Pts',(-43.1499986131552,15.4954254278001,4.50647223456501));
#10246=CARTESIAN_POINT('Ctrl Pts',(-43.15,15.4977127754132,4.50323601697935));
#10247=CARTESIAN_POINT('Ctrl Pts',(-43.15,15.5,4.5));
#10248=CARTESIAN_POINT('Ctrl Pts',(-39.9669014084507,10.4169991696849,10.5));
#10249=CARTESIAN_POINT('Ctrl Pts',(-40.3967646939171,10.6256220638686,10.5));
#10250=CARTESIAN_POINT('Ctrl Pts',(-41.1980148421632,11.1541622248281,10.1688511884367));
#10251=CARTESIAN_POINT('Ctrl Pts',(-42.099466270318,12.1370516823285,9.08505291603392));
#10252=CARTESIAN_POINT('Ctrl Pts',(-42.6125950858471,13.0378225426077,7.92116127675687));
#10253=CARTESIAN_POINT('Ctrl Pts',(-42.8929826996843,13.7816522401661,6.91089341249022));
#10254=CARTESIAN_POINT('Ctrl Pts',(-43.0413255965964,14.3476110727647,6.12534696069135));
#10255=CARTESIAN_POINT('Ctrl Pts',(-43.1298477623897,14.9190268027826,5.32193627722168));
#10256=CARTESIAN_POINT('Ctrl Pts',(-43.1497634300788,15.3020817071444,4.78001582000062));
#10257=CARTESIAN_POINT('Ctrl Pts',(-43.1499986131552,15.4954254278001,4.50647223456501));
#10258=CARTESIAN_POINT('Ctrl Pts',(-43.15,15.4977127754132,4.50323601697935));
#10259=CARTESIAN_POINT('Ctrl Pts',(-43.15,15.5,4.5));
#10260=CARTESIAN_POINT('Ctrl Pts',(-33.423897882385,10.056349986239,5.12525574896469));
#10261=CARTESIAN_POINT('Ctrl Pts',(-34.0798916198711,9.33526415930332,5.14514437752179));
#10262=CARTESIAN_POINT('Ctrl Pts',(-34.8896761407944,8.29011493271773,5.21497334154808));
#10263=CARTESIAN_POINT('Ctrl Pts',(-35.8879718196773,6.82389542692099,5.34191842054936));
#10264=CARTESIAN_POINT('Ctrl Pts',(-36.6337002927471,5.63250679089037,5.45830330134016));
#10265=CARTESIAN_POINT('Ctrl Pts',(-37.0618016584968,5.04768234038837,5.5));
#10266=CARTESIAN_POINT('Ctrl Pts',(-37.2462508233407,4.85302337020765,5.5));
#10267=CARTESIAN_POINT('Ctrl Pts',(-33.529368826193,10.2390445997715,5.37474152383423));
#10268=CARTESIAN_POINT('Ctrl Pts',(-34.1603163992299,9.57022120516396,5.39582912654599));
#10269=CARTESIAN_POINT('Ctrl Pts',(-34.9699601821345,8.62393374446031,5.4676138208092));
#10270=CARTESIAN_POINT('Ctrl Pts',(-35.9998013074321,7.32064289883357,5.55597732094679));
#10271=CARTESIAN_POINT('Ctrl Pts',(-36.7702110660101,6.28179030343032,5.58119160405916));
#10272=CARTESIAN_POINT('Ctrl Pts',(-37.1313193110266,5.77610963934032,5.52853311028748));
#10273=CARTESIAN_POINT('Ctrl Pts',(-37.2640727895658,5.60080927593307,5.5));
#10274=CARTESIAN_POINT('Ctrl Pts',(-33.7026015842356,10.5712223664352,5.91389655877815));
#10275=CARTESIAN_POINT('Ctrl Pts',(-34.2769811414497,10.0054964742093,5.94411660327639));
#10276=CARTESIAN_POINT('Ctrl Pts',(-35.066280749828,9.2487523895581,6.04505081886643));
#10277=CARTESIAN_POINT('Ctrl Pts',(-36.1308613987451,8.26734700200793,6.13213208361171));
#10278=CARTESIAN_POINT('Ctrl Pts',(-36.9476656162337,7.54346835064871,6.08004461268494));
#10279=CARTESIAN_POINT('Ctrl Pts',(-37.2318725855863,7.21797224609877,5.91080024693684));
#10280=CARTESIAN_POINT('Ctrl Pts',(-37.2996437201008,7.09331802450279,5.84227878401269));
#10281=CARTESIAN_POINT('Ctrl Pts',(-33.8626350313759,11.0145461763693,6.96184244666256));
#10282=CARTESIAN_POINT('Ctrl Pts',(-34.3177036776921,10.6144754032962,7.0260699808884));
#10283=CARTESIAN_POINT('Ctrl Pts',(-35.0009272956752,10.1333644742909,7.24655560071759));
#10284=CARTESIAN_POINT('Ctrl Pts',(-36.0163587450322,9.59828325807943,7.55111382755648));
#10285=CARTESIAN_POINT('Ctrl Pts',(-36.8795134290254,9.2997327235803,7.69475140939735));
#10286=CARTESIAN_POINT('Ctrl Pts',(-37.241379605276,9.23143413013507,7.58657453655759));
#10287=CARTESIAN_POINT('Ctrl Pts',(-37.3497527239096,9.19582491543568,7.5149186090185));
#10288=CARTESIAN_POINT('Ctrl Pts',(-33.8431790848358,11.192286714335,7.76785859128111));
#10289=CARTESIAN_POINT('Ctrl Pts',(-34.1981726683067,10.8895683124806,7.86650647918683));
#10290=CARTESIAN_POINT('Ctrl Pts',(-34.7471166519034,10.5303778070674,8.21133032195576));
#10291=CARTESIAN_POINT('Ctrl Pts',(-35.6365520425195,10.1308729606145,8.80123611486268));
#10292=CARTESIAN_POINT('Ctrl Pts',(-36.5011931848941,9.90143523640698,9.29065396465101));
#10293=CARTESIAN_POINT('Ctrl Pts',(-37.0968520466652,9.85743725889005,9.40536656985163));
#10294=CARTESIAN_POINT('Ctrl Pts',(-37.3653818921948,9.85160394757495,9.37800262371793));
#10295=CARTESIAN_POINT('Ctrl Pts',(-33.783711780719,11.2442154811089,8.25153449378815));
#10296=CARTESIAN_POINT('Ctrl Pts',(-34.0758534406123,10.9891079670411,8.37086626513075));
#10297=CARTESIAN_POINT('Ctrl Pts',(-34.5292523401331,10.6708626559942,8.78984004928842));
#10298=CARTESIAN_POINT('Ctrl Pts',(-35.3252780951778,10.264208545191,9.55151052329616));
#10299=CARTESIAN_POINT('Ctrl Pts',(-36.1932196977326,9.96445263955849,10.2498198080409));
#10300=CARTESIAN_POINT('Ctrl Pts',(-36.9725119929543,9.8609672078631,10.5));
#10301=CARTESIAN_POINT('Ctrl Pts',(-37.3653818921948,9.85160394757495,10.5));
#10302=CARTESIAN_POINT('Ctrl Pts',(-33.783711780719,11.2442154811089,8.25153449378815));
#10303=CARTESIAN_POINT('Ctrl Pts',(-34.0758534406123,10.9891079670411,8.37086626513075));
#10304=CARTESIAN_POINT('Ctrl Pts',(-34.5292523401331,10.6708626559942,8.78984004928842));
#10305=CARTESIAN_POINT('Ctrl Pts',(-35.3252780951778,10.264208545191,9.55151052329616));
#10306=CARTESIAN_POINT('Ctrl Pts',(-36.1932196977326,9.96445263955849,10.2498198080409));
#10307=CARTESIAN_POINT('Ctrl Pts',(-36.9725119929543,9.8609672078631,10.5));
#10308=CARTESIAN_POINT('Ctrl Pts',(-37.3653818921948,9.85160394757495,10.5));
#10309=CARTESIAN_POINT('Origin',(-37.5,13.6445043882143,4.5));
#10310=CARTESIAN_POINT('',(-32.3152403616373,11.3993390285124,4.5));
#10311=CARTESIAN_POINT('Origin',(-37.5,13.6445043882143,4.5));
#10312=CARTESIAN_POINT('Origin',(-33.2328969347989,11.7967134284597,4.5));
#10313=CARTESIAN_POINT('Ctrl Pts',(-30.38236161338,-10.1515368960705,17.321534186914));
#10314=CARTESIAN_POINT('Ctrl Pts',(-30.6608415381324,-10.1322540907833,
17.3745132590242));
#10315=CARTESIAN_POINT('Ctrl Pts',(-31.4638302840637,-10.138926040869,17.1507675054581));
#10316=CARTESIAN_POINT('Ctrl Pts',(-32.1617404269002,-10.3930827714867,
15.3640681990516));
#10317=CARTESIAN_POINT('Ctrl Pts',(-32.3354631574618,-10.763734662855,12.8193389746571));
#10318=CARTESIAN_POINT('Ctrl Pts',(-32.1826069039008,-11.0157856431384,
11.0598895092213));
#10319=CARTESIAN_POINT('Ctrl Pts',(-32.0476909660877,-11.1375,10.193610741362));
#10320=CARTESIAN_POINT('Ctrl Pts',(-30.38236161338,-9.95255764243128,17.8682251932276));
#10321=CARTESIAN_POINT('Ctrl Pts',(-30.7418397061244,-9.94589568899603,
17.9057957089046));
#10322=CARTESIAN_POINT('Ctrl Pts',(-31.8069600251726,-9.94860890516181,
17.621071384865));
#10323=CARTESIAN_POINT('Ctrl Pts',(-32.8156273789122,-10.0376677860853,
15.6942906452391));
#10324=CARTESIAN_POINT('Ctrl Pts',(-33.1727206687999,-10.1731263606915,
12.9820715303442));
#10325=CARTESIAN_POINT('Ctrl Pts',(-33.0761933126279,-10.2706857561506,
11.1133332868403));
#10326=CARTESIAN_POINT('Ctrl Pts',(-32.9560177572386,-10.3180533653241,
10.193610741362));
#10327=CARTESIAN_POINT('Ctrl Pts',(-30.38236161338,-9.85000000000001,18.4498584862109));
#10328=CARTESIAN_POINT('Ctrl Pts',(-30.8280241806491,-9.85002929377719,
18.4686569509633));
#10329=CARTESIAN_POINT('Ctrl Pts',(-32.1673960380113,-9.85053229357896,
18.1208873452256));
#10330=CARTESIAN_POINT('Ctrl Pts',(-33.537525814167,-9.8510391601867,16.0689737262559));
#10331=CARTESIAN_POINT('Ctrl Pts',(-34.1875759893263,-9.85050341931687,
13.1863456210504));
#10332=CARTESIAN_POINT('Ctrl Pts',(-34.2344863936011,-9.85082215550922,
11.1851480196487));
#10333=CARTESIAN_POINT('Ctrl Pts',(-34.1735855424591,-9.85000000000002,
10.193610741362));
#10334=CARTESIAN_POINT('Ctrl Pts',(-30.38236161338,-9.85000000000001,19.0316349035423));
#10335=CARTESIAN_POINT('Ctrl Pts',(-30.9142329341381,-9.85000000000001,
19.0316349035423));
#10336=CARTESIAN_POINT('Ctrl Pts',(-32.527800820669,-9.85000000000002,18.6208054608181));
#10337=CARTESIAN_POINT('Ctrl Pts',(-34.2595460831708,-9.85000000000002,
16.4439866047545));
#10338=CARTESIAN_POINT('Ctrl Pts',(-35.2043206185696,-9.85000000000002,
13.3912435599909));
#10339=CARTESIAN_POINT('Ctrl Pts',(-35.3969212881169,-9.85000000000002,
11.257353382879));
#10340=CARTESIAN_POINT('Ctrl Pts',(-35.3969212881169,-9.85000000000002,
10.193610741362));
#10341=CARTESIAN_POINT('',(-30.3823616133799,-10.1515368960705,17.321534186914));
#10342=CARTESIAN_POINT('Origin',(-30.3823616133799,-14.85,19.0316349035423));
#10343=CARTESIAN_POINT('Ctrl Pts',(-30.38236161338,-10.1515368960705,17.321534186914));
#10344=CARTESIAN_POINT('Ctrl Pts',(-30.6608415381324,-10.1322540907833,
17.3745132590242));
#10345=CARTESIAN_POINT('Ctrl Pts',(-31.4638302840637,-10.138926040869,17.1507675054581));
#10346=CARTESIAN_POINT('Ctrl Pts',(-32.1617404269002,-10.3930827714867,
15.3640681990516));
#10347=CARTESIAN_POINT('Ctrl Pts',(-32.3354631574618,-10.763734662855,12.8193389746571));
#10348=CARTESIAN_POINT('Ctrl Pts',(-32.1826069039008,-11.0157856431384,
11.0598895092213));
#10349=CARTESIAN_POINT('Ctrl Pts',(-32.0476909660877,-11.1375,10.193610741362));
#10350=CARTESIAN_POINT('Origin',(-35.3969212881169,-14.85,10.193610741362));
#10351=CARTESIAN_POINT('Origin',(-35.3969212881169,-14.85,0.));
#10352=CARTESIAN_POINT('Ctrl Pts',(-34.6097456179262,-8.12368853730811,
15.7138633681884));
#10353=CARTESIAN_POINT('Ctrl Pts',(-33.8375712579895,-9.32227243263711,
13.5184752430294));
#10354=CARTESIAN_POINT('Ctrl Pts',(-31.0104064744458,-12.5925393850318,
7.52848550483413));
#10355=CARTESIAN_POINT('Ctrl Pts',(-24.2588592951348,-15.6771278392844,
1.87859408725435));
#10356=CARTESIAN_POINT('Ctrl Pts',(-15.4359599970043,-14.4122905529437,
4.1953353429246));
#10357=CARTESIAN_POINT('Ctrl Pts',(-10.9437351861321,-10.5304527324692,
11.3055098480836));
#10358=CARTESIAN_POINT('Ctrl Pts',(-9.39730725912381,-8.13462572458418,
15.6938302514728));
#10359=CARTESIAN_POINT('Ctrl Pts',(-34.1189647441154,-8.885488050482,16.1062158700101));
#10360=CARTESIAN_POINT('Ctrl Pts',(-33.3194842050843,-9.9653485904311,13.8979350861732));
#10361=CARTESIAN_POINT('Ctrl Pts',(-30.4948948942476,-12.8870524069592,
7.87776479374591));
#10362=CARTESIAN_POINT('Ctrl Pts',(-24.1067877446111,-15.5919049012121,
2.20640949041714));
#10363=CARTESIAN_POINT('Ctrl Pts',(-15.8548323481108,-14.4880462893712,
4.531521844884));
#10364=CARTESIAN_POINT('Ctrl Pts',(-11.4890297476203,-11.0537567456558,
11.6719938731423));
#10365=CARTESIAN_POINT('Ctrl Pts',(-9.88832815048057,-8.89534731555039,
16.0860662347073));
#10366=CARTESIAN_POINT('Ctrl Pts',(-32.8181236876006,-9.92999538196788,
16.7914115765331));
#10367=CARTESIAN_POINT('Ctrl Pts',(-32.0771838478105,-10.8126882915312,
14.5614629882343));
#10368=CARTESIAN_POINT('Ctrl Pts',(-29.5083175271016,-13.2035229932034,
8.48913089128767));
#10369=CARTESIAN_POINT('Ctrl Pts',(-23.8538686135524,-15.4299658775134,
2.78030170520926));
#10370=CARTESIAN_POINT('Ctrl Pts',(-16.5849629012984,-14.5192639667134,
5.11977891369792));
#10371=CARTESIAN_POINT('Ctrl Pts',(-12.6719318629949,-11.7023790899729,
12.3137081633507));
#10372=CARTESIAN_POINT('Ctrl Pts',(-11.1886448181689,-9.93804808369552,
16.7710628098358));
#10373=CARTESIAN_POINT('Ctrl Pts',(-31.1297681106131,-10.1687623491459,
17.2742076435495));
#10374=CARTESIAN_POINT('Ctrl Pts',(-30.5472869950435,-10.9738895270105,
15.0615124320197));
#10375=CARTESIAN_POINT('Ctrl Pts',(-28.4574033761961,-13.1695163363003,
9.02940834884993));
#10376=CARTESIAN_POINT('Ctrl Pts',(-23.6102832416774,-15.2375367658083,
3.34749086765629));
#10377=CARTESIAN_POINT('Ctrl Pts',(-17.3122794316667,-14.3899174335658,
5.67682510908899));
#10378=CARTESIAN_POINT('Ctrl Pts',(-14.0419085487701,-11.7854587172699,
12.8311217575515));
#10379=CARTESIAN_POINT('Ctrl Pts',(-12.8755530197667,-10.1761109827978,
17.2540174385269));
#10380=CARTESIAN_POINT('Ctrl Pts',(-30.4064970786175,-10.1142554621349,
17.4239640848167));
#10381=CARTESIAN_POINT('Ctrl Pts',(-29.891714171993,-10.9133113923543,15.2285759596578));
#10382=CARTESIAN_POINT('Ctrl Pts',(-28.0069376496305,-13.0934893606174,
9.23858622146248));
#10383=CARTESIAN_POINT('Ctrl Pts',(-23.5059061967565,-15.1498816634525,
3.58869480388269));
#10384=CARTESIAN_POINT('Ctrl Pts',(-17.6239733313362,-14.306656805892,5.90543605955294));
#10385=CARTESIAN_POINT('Ctrl Pts',(-14.6291567907547,-11.7187649255757,
13.015610564712));
#10386=CARTESIAN_POINT('Ctrl Pts',(-13.5982048394159,-10.121546920319,17.4039309681012));
#10387=CARTESIAN_POINT('Origin',(-22.,-4.69846310392954,32.303731297441));
#10388=CARTESIAN_POINT('Origin',(-29.75,-14.85,19.0316349035423));
#10389=CARTESIAN_POINT('',(-29.75,-10.1515368960705,17.321534186914));
#10390=CARTESIAN_POINT('Origin',(-22.,-10.7307018690636,15.7302915014763));
#10391=CARTESIAN_POINT('Origin',(-37.5,27.55,-0.3));
#10392=CARTESIAN_POINT('',(-40.5,27.55,-0.1));
#10393=CARTESIAN_POINT('',(-40.7,27.55,-0.3));
#10394=CARTESIAN_POINT('Origin',(-37.5,27.55,-0.1));
#10395=CARTESIAN_POINT('Origin',(-37.5,27.55,0.));
#10396=CARTESIAN_POINT('',(-40.5,27.55,0.));
#10397=CARTESIAN_POINT('Origin',(-37.5,27.55,4.5));
#10398=CARTESIAN_POINT('Origin',(-37.5,27.55,4.5));
#10399=CARTESIAN_POINT('Origin',(-22.,0.,5.5));
#10400=CARTESIAN_POINT('',(-1.85,-7.75,5.5));
#10401=CARTESIAN_POINT('Origin',(-37.5,-15.5,0.));
#10402=CARTESIAN_POINT('',(-37.5000001466897,-21.15,5.5));
#10403=CARTESIAN_POINT('',(-37.5000001466897,-21.15,0.));
#10404=CARTESIAN_POINT('',(-37.5,-21.15,20.75));
#10405=CARTESIAN_POINT('',(-37.5,-21.15,0.));
#10406=CARTESIAN_POINT('Origin',(-37.5,-15.5,20.75));
#10407=CARTESIAN_POINT('',(-43.15,-15.5000001461768,0.));
#10408=CARTESIAN_POINT('Origin',(-37.5,-15.5,-0.3));
#10409=CARTESIAN_POINT('',(-39.4,-15.5,-0.3));
#10410=CARTESIAN_POINT('Origin',(-6.5,-15.5,-0.3));
#10411=CARTESIAN_POINT('',(-8.2,-15.5,-0.1));
#10412=CARTESIAN_POINT('Origin',(-6.5,-15.5,-0.1));
#10413=CARTESIAN_POINT('',(-8.4,-15.5,-0.3));
#10414=CARTESIAN_POINT('Origin',(-6.5,-15.5,0.));
#10415=CARTESIAN_POINT('',(-8.2,-15.5,20.75));
#10416=CARTESIAN_POINT('Origin',(-6.5,-15.5,20.75));
#10417=CARTESIAN_POINT('',(-8.2,-15.5,0.));
#10418=CARTESIAN_POINT('Origin',(-6.5,15.5,-0.3));
#10419=CARTESIAN_POINT('',(-8.2,15.5,-0.1));
#10420=CARTESIAN_POINT('Origin',(-6.5,15.5,-0.1));
#10421=CARTESIAN_POINT('',(-8.4,15.5,-0.3));
#10422=CARTESIAN_POINT('Origin',(-6.5,15.5,0.));
#10423=CARTESIAN_POINT('',(-8.2,15.5,20.75));
#10424=CARTESIAN_POINT('Origin',(-6.5,15.5,20.75));
#10425=CARTESIAN_POINT('',(-8.2,15.5,0.));
#10426=CARTESIAN_POINT('Origin',(-37.5,15.5,-0.3));
#10427=CARTESIAN_POINT('',(-39.4,15.5,-0.3));
#10428=CARTESIAN_POINT('Origin',(-37.5,13.6445043882143,4.5));
#10429=CARTESIAN_POINT('',(-31.85,13.6445043882143,4.5));
#10430=CARTESIAN_POINT('Origin',(-37.5,13.6445043882143,4.5));
#10431=CARTESIAN_POINT('Origin',(-32.85,13.6445043882143,4.5));
#10432=CARTESIAN_POINT('Origin',(-32.85,5.65635704318601,4.5));
#10433=CARTESIAN_POINT('',(-31.85,5.65635704318601,4.5));
#10434=CARTESIAN_POINT('Origin',(-37.5,13.6445043882143,0.));
#10435=CARTESIAN_POINT('',(-31.85,13.6445043882143,0.));
#10436=CARTESIAN_POINT('Origin',(-1.85,-7.75,4.5));
#10437=CARTESIAN_POINT('Origin',(-37.5,-15.5,20.95));
#10438=CARTESIAN_POINT('',(-40.9,-15.5,21.15));
#10439=CARTESIAN_POINT('Origin',(-37.5,-15.5,21.15));
#10440=CARTESIAN_POINT('',(-40.5,-15.5,20.75));
#10441=CARTESIAN_POINT('',(-40.7,-15.5,20.95));
#10442=CARTESIAN_POINT('Origin',(-37.5,-15.5,20.75));
#10443=CARTESIAN_POINT('Origin',(-6.5,-15.5,21.15));
#10444=CARTESIAN_POINT('',(-37.5,-10.25,21.15));
#10445=CARTESIAN_POINT('',(-6.5,-10.25,21.15));
#10446=CARTESIAN_POINT('',(-22.,-10.25,21.15));
#10447=CARTESIAN_POINT('',(-37.5,-20.75,21.15));
#10448=CARTESIAN_POINT('Origin',(-37.5,-15.5,21.15));
#10449=CARTESIAN_POINT('',(-6.5,-20.75,21.15));
#10450=CARTESIAN_POINT('',(-6.50000007919959,-20.75,21.15));
#10451=CARTESIAN_POINT('Origin',(-6.5,-15.5,21.15));
#10452=CARTESIAN_POINT('',(-8.6,-15.5,21.15));
#10453=CARTESIAN_POINT('Origin',(-6.5,-15.5,21.15));
#10454=CARTESIAN_POINT('',(-28.8,-13.5,21.15));
#10455=CARTESIAN_POINT('',(-15.2,-13.5,21.15));
#10456=CARTESIAN_POINT('',(-10.25,-13.5,21.15));
#10457=CARTESIAN_POINT('',(-14.,-14.7,21.15));
#10458=CARTESIAN_POINT('Origin',(-15.2,-14.7,21.15));
#10459=CARTESIAN_POINT('',(-14.,-16.3,21.15));
#10460=CARTESIAN_POINT('',(-14.,-16.5,21.15));
#10461=CARTESIAN_POINT('',(-15.2,-17.5,21.15));
#10462=CARTESIAN_POINT('Origin',(-15.2,-16.3,21.15));
#10463=CARTESIAN_POINT('',(-28.8,-17.5,21.15));
#10464=CARTESIAN_POINT('',(-18.25,-17.5,21.15));
#10465=CARTESIAN_POINT('',(-30.,-16.3,21.15));
#10466=CARTESIAN_POINT('Origin',(-28.8,-16.3,21.15));
#10467=CARTESIAN_POINT('',(-30.,-14.7,21.15));
#10468=CARTESIAN_POINT('',(-30.,-14.5,21.15));
#10469=CARTESIAN_POINT('Origin',(-28.8,-14.7,21.15));
#10470=CARTESIAN_POINT('Origin',(-37.5,-15.5,21.15));
#10471=CARTESIAN_POINT('',(-40.5,-15.5,21.15));
#10472=CARTESIAN_POINT('Origin',(-37.5,15.5,20.95));
#10473=CARTESIAN_POINT('',(-40.5,15.5,20.75));
#10474=CARTESIAN_POINT('',(-40.7,15.5,20.95));
#10475=CARTESIAN_POINT('Origin',(-37.5,15.5,20.75));
#10476=CARTESIAN_POINT('Origin',(-37.5,15.5,21.15));
#10477=CARTESIAN_POINT('',(-40.5,15.5,21.15));
#10478=CARTESIAN_POINT('Origin',(-42.95,15.5,20.95));
#10479=CARTESIAN_POINT('',(-43.15,30.45,20.75));
#10480=CARTESIAN_POINT('',(-42.75,30.45,21.15));
#10481=CARTESIAN_POINT('',(-43.15,15.5,20.75));
#10482=CARTESIAN_POINT('',(-43.15,15.5,20.75));
#10483=CARTESIAN_POINT('',(-43.15,15.5,20.75));
#10484=CARTESIAN_POINT('Origin',(-37.5,15.5,20.95));
#10485=CARTESIAN_POINT('',(-31.85,15.5,20.75));
#10486=CARTESIAN_POINT('',(-31.85,15.5,20.75));
#10487=CARTESIAN_POINT('Origin',(-37.5,15.5,20.75));
#10488=CARTESIAN_POINT('Origin',(-40.15,30.45,20.95));
#10489=CARTESIAN_POINT('',(-40.15,33.45,20.75));
#10490=CARTESIAN_POINT('',(-40.15,33.05,21.15));
#10491=CARTESIAN_POINT('Origin',(-40.15,30.45,20.75));
#10492=CARTESIAN_POINT('Origin',(-32.05,24.475,20.95));
#10493=CARTESIAN_POINT('',(-31.85,30.45,20.75));
#10494=CARTESIAN_POINT('',(-31.85,24.475,20.75));
#10495=CARTESIAN_POINT('',(-31.85,30.45,20.75));
#10496=CARTESIAN_POINT('Origin',(-40.325,33.25,20.95));
#10497=CARTESIAN_POINT('',(-34.85,33.45,20.75));
#10498=CARTESIAN_POINT('',(-34.85,33.05,21.15));
#10499=CARTESIAN_POINT('',(-40.325,33.45,20.75));
#10500=CARTESIAN_POINT('Origin',(-34.85,30.45,20.95));
#10501=CARTESIAN_POINT('Origin',(-34.85,30.45,20.75));
#10502=CARTESIAN_POINT('Origin',(-31.85,33.45,21.15));
#10503=CARTESIAN_POINT('',(-31.85,30.45,21.15));
#10504=CARTESIAN_POINT('',(-31.85,15.5,0.));
#10505=CARTESIAN_POINT('Origin',(-37.5,15.5,0.));
#10506=CARTESIAN_POINT('',(-43.15,15.5,0.));
#10507=CARTESIAN_POINT('Origin',(-43.15,15.5,21.15));
#10508=CARTESIAN_POINT('',(-43.15,30.45,21.15));
#10509=CARTESIAN_POINT('Origin',(-6.5,15.5,20.95));
#10510=CARTESIAN_POINT('',(-8.6,15.5,21.15));
#10511=CARTESIAN_POINT('Origin',(-6.5,15.5,21.15));
#10512=CARTESIAN_POINT('',(-8.4,15.5,20.95));
#10513=CARTESIAN_POINT('Origin',(-6.5,15.5,21.15));
#10514=CARTESIAN_POINT('',(-11.75,15.5,21.15));
#10515=CARTESIAN_POINT('',(-11.75,30.45,21.15));
#10516=CARTESIAN_POINT('',(-11.75,15.5,21.15));
#10517=CARTESIAN_POINT('',(-1.25,15.5,21.15));
#10518=CARTESIAN_POINT('Origin',(-6.5,15.5,21.15));
#10519=CARTESIAN_POINT('',(-1.25,30.45,21.15));
#10520=CARTESIAN_POINT('',(-1.25,24.475,21.15));
#10521=CARTESIAN_POINT('',(-3.85,33.05,21.15));
#10522=CARTESIAN_POINT('Origin',(-3.85,30.45,21.15));
#10523=CARTESIAN_POINT('',(-9.15,33.05,21.15));
#10524=CARTESIAN_POINT('',(-9.325,33.05,21.15));
#10525=CARTESIAN_POINT('Origin',(-9.15,30.45,21.15));
#10526=CARTESIAN_POINT('',(-5.50000000000002,30.65,21.15));
#10527=CARTESIAN_POINT('',(-4.50000000000001,19.125,21.15));
#10528=CARTESIAN_POINT('',(-7.50000000000002,22.65,21.15));
#10529=CARTESIAN_POINT('Origin',(-6.5,-15.5,20.95));
#10530=CARTESIAN_POINT('',(-8.4,-15.5,20.95));
#10531=CARTESIAN_POINT('Origin',(-22.,-10.05,20.95));
#10532=CARTESIAN_POINT('',(-6.5,-10.25,21.15));
#10533=CARTESIAN_POINT('',(-37.5,-9.85000000000002,20.75));
#10534=CARTESIAN_POINT('Origin',(-37.5,-15.5,20.95));
#10535=CARTESIAN_POINT('',(-37.5,-21.15,20.75));
#10536=CARTESIAN_POINT('Origin',(-6.5,-15.5,20.95));
#10537=CARTESIAN_POINT('',(-6.5,-20.75,21.15));
#10538=CARTESIAN_POINT('Origin',(-6.50000007919959,-20.95,20.95));
#10539=CARTESIAN_POINT('',(-6.50000007919959,-21.15,20.75));
#10540=CARTESIAN_POINT('Origin',(-11.95,15.5,20.95));
#10541=CARTESIAN_POINT('',(-11.75,30.45,21.15));
#10542=CARTESIAN_POINT('',(-12.15,15.5,20.75));
#10543=CARTESIAN_POINT('Origin',(-6.5,15.5,20.95));
#10544=CARTESIAN_POINT('',(-0.850000000000004,15.5,20.75));
#10545=CARTESIAN_POINT('Origin',(-6.5,15.5,20.75));
#10546=CARTESIAN_POINT('Origin',(-9.15,30.45,20.95));
#10547=CARTESIAN_POINT('',(-9.15,33.05,21.15));
#10548=CARTESIAN_POINT('Origin',(-1.05,24.475,20.95));
#10549=CARTESIAN_POINT('',(-0.850000000000004,30.45,20.75));
#10550=CARTESIAN_POINT('Origin',(-9.325,33.25,20.95));
#10551=CARTESIAN_POINT('',(-3.85,33.05,21.15));
#10552=CARTESIAN_POINT('Origin',(-3.85,30.45,20.95));
#10553=CARTESIAN_POINT('Origin',(-6.5,15.5,0.));
#10554=CARTESIAN_POINT('Origin',(-40.15,30.45,21.15));
#10555=CARTESIAN_POINT('',(-40.15,33.45,21.15));
#10556=CARTESIAN_POINT('Origin',(-43.15,33.45,21.15));
#10557=CARTESIAN_POINT('',(-34.85,33.45,21.15));
#10558=CARTESIAN_POINT('Origin',(-34.85,30.45,21.15));
#10559=CARTESIAN_POINT('Ctrl Pts',(-36.1,21.225,22.55));
#10560=CARTESIAN_POINT('Ctrl Pts',(-36.1,20.625,22.55));
#10561=CARTESIAN_POINT('Ctrl Pts',(-36.7,20.625,22.55));
#10562=CARTESIAN_POINT('Ctrl Pts',(-35.5,21.225,22.55));
#10563=CARTESIAN_POINT('Ctrl Pts',(-35.5,20.025,22.55));
#10564=CARTESIAN_POINT('Ctrl Pts',(-36.7,20.025,22.55));
#10565=CARTESIAN_POINT('Ctrl Pts',(-35.5,21.225,21.95));
#10566=CARTESIAN_POINT('Ctrl Pts',(-35.5,20.025,21.95));
#10567=CARTESIAN_POINT('Ctrl Pts',(-36.7,20.025,21.95));
#10568=CARTESIAN_POINT('',(-35.5,21.225,21.95));
#10569=CARTESIAN_POINT('',(-36.1,21.225,22.55));
#10570=CARTESIAN_POINT('Origin',(-36.1,21.225,21.95));
#10571=CARTESIAN_POINT('',(-36.7,20.625,22.55));
#10572=CARTESIAN_POINT('Origin',(-36.7,21.225,22.55));
#10573=CARTESIAN_POINT('',(-36.7,20.025,21.95));
#10574=CARTESIAN_POINT('Origin',(-36.7,20.625,21.95));
#10575=CARTESIAN_POINT('Origin',(-36.7,21.225,21.95));
#10576=CARTESIAN_POINT('Origin',(-30.75,20.625,21.95));
#10577=CARTESIAN_POINT('',(-38.3,20.625,22.55));
#10578=CARTESIAN_POINT('',(-38.3,20.025,21.95));
#10579=CARTESIAN_POINT('Origin',(-38.3,20.625,21.95));
#10580=CARTESIAN_POINT('',(-30.75,20.025,21.95));
#10581=CARTESIAN_POINT('',(-30.75,20.625,22.55));
#10582=CARTESIAN_POINT('Ctrl Pts',(-38.3,20.625,22.55));
#10583=CARTESIAN_POINT('Ctrl Pts',(-38.9,20.625,22.55));
#10584=CARTESIAN_POINT('Ctrl Pts',(-38.9,21.225,22.55));
#10585=CARTESIAN_POINT('Ctrl Pts',(-38.3,20.025,22.55));
#10586=CARTESIAN_POINT('Ctrl Pts',(-39.5,20.025,22.55));
#10587=CARTESIAN_POINT('Ctrl Pts',(-39.5,21.225,22.55));
#10588=CARTESIAN_POINT('Ctrl Pts',(-38.3,20.025,21.95));
#10589=CARTESIAN_POINT('Ctrl Pts',(-39.5,20.025,21.95));
#10590=CARTESIAN_POINT('Ctrl Pts',(-39.5,21.225,21.95));
#10591=CARTESIAN_POINT('',(-38.9,21.225,22.55));
#10592=CARTESIAN_POINT('',(-39.5,21.225,21.95));
#10593=CARTESIAN_POINT('Origin',(-38.9,21.225,21.95));
#10594=CARTESIAN_POINT('Origin',(-38.3,21.225,21.95));
#10595=CARTESIAN_POINT('Origin',(-38.3,21.225,22.55));
#10596=CARTESIAN_POINT('Origin',(-38.9,14.775,21.95));
#10597=CARTESIAN_POINT('',(-38.9,21.825,22.55));
#10598=CARTESIAN_POINT('',(-39.5,21.825,21.95));
#10599=CARTESIAN_POINT('Origin',(-38.9,21.825,21.95));
#10600=CARTESIAN_POINT('',(-39.5,14.775,21.95));
#10601=CARTESIAN_POINT('',(-38.9,14.775,22.55));
#10602=CARTESIAN_POINT('Ctrl Pts',(-38.9,21.825,22.55));
#10603=CARTESIAN_POINT('Ctrl Pts',(-38.9,22.425,22.55));
#10604=CARTESIAN_POINT('Ctrl Pts',(-38.3,22.425,22.55));
#10605=CARTESIAN_POINT('Ctrl Pts',(-39.5,21.825,22.55));
#10606=CARTESIAN_POINT('Ctrl Pts',(-39.5,23.025,22.55));
#10607=CARTESIAN_POINT('Ctrl Pts',(-38.3,23.025,22.55));
#10608=CARTESIAN_POINT('Ctrl Pts',(-39.5,21.825,21.95));
#10609=CARTESIAN_POINT('Ctrl Pts',(-39.5,23.025,21.95));
#10610=CARTESIAN_POINT('Ctrl Pts',(-38.3,23.025,21.95));
#10611=CARTESIAN_POINT('',(-38.3,22.425,22.55));
#10612=CARTESIAN_POINT('',(-38.3,23.025,21.95));
#10613=CARTESIAN_POINT('Origin',(-38.3,22.425,21.95));
#10614=CARTESIAN_POINT('Origin',(-38.3,21.825,21.95));
#10615=CARTESIAN_POINT('Origin',(-38.3,21.825,22.55));
#10616=CARTESIAN_POINT('Origin',(-28.75,22.425,21.95));
#10617=CARTESIAN_POINT('',(-36.7,22.425,22.55));
#10618=CARTESIAN_POINT('',(-36.7,23.025,21.95));
#10619=CARTESIAN_POINT('Origin',(-36.7,22.425,21.95));
#10620=CARTESIAN_POINT('',(-28.75,23.025,21.95));
#10621=CARTESIAN_POINT('',(-28.75,22.425,22.55));
#10622=CARTESIAN_POINT('Ctrl Pts',(-36.7,22.425,22.55));
#10623=CARTESIAN_POINT('Ctrl Pts',(-36.1,22.425,22.55));
#10624=CARTESIAN_POINT('Ctrl Pts',(-36.1,21.825,22.55));
#10625=CARTESIAN_POINT('Ctrl Pts',(-36.7,23.025,22.55));
#10626=CARTESIAN_POINT('Ctrl Pts',(-35.5,23.025,22.55));
#10627=CARTESIAN_POINT('Ctrl Pts',(-35.5,21.825,22.55));
#10628=CARTESIAN_POINT('Ctrl Pts',(-36.7,23.025,21.95));
#10629=CARTESIAN_POINT('Ctrl Pts',(-35.5,23.025,21.95));
#10630=CARTESIAN_POINT('Ctrl Pts',(-35.5,21.825,21.95));
#10631=CARTESIAN_POINT('',(-36.1,21.825,22.55));
#10632=CARTESIAN_POINT('',(-35.5,21.825,21.95));
#10633=CARTESIAN_POINT('Origin',(-36.1,21.825,21.95));
#10634=CARTESIAN_POINT('Origin',(-36.7,21.825,21.95));
#10635=CARTESIAN_POINT('Origin',(-36.7,21.825,22.55));
#10636=CARTESIAN_POINT('Origin',(-36.1,13.275,21.95));
#10637=CARTESIAN_POINT('',(-36.1,13.275,22.55));
#10638=CARTESIAN_POINT('',(-35.5,13.275,21.95));
#10639=CARTESIAN_POINT('Origin',(-35.5,23.025,21.15));
#10640=CARTESIAN_POINT('',(-36.7,23.025,21.15));
#10641=CARTESIAN_POINT('',(-38.3,23.025,21.15));
#10642=CARTESIAN_POINT('Origin',(-36.7,21.825,21.15));
#10643=CARTESIAN_POINT('',(-35.5,21.825,21.15));
#10644=CARTESIAN_POINT('Origin',(-35.5,20.025,21.15));
#10645=CARTESIAN_POINT('',(-35.5,21.225,21.15));
#10646=CARTESIAN_POINT('Origin',(-36.7,21.225,21.15));
#10647=CARTESIAN_POINT('',(-36.7,20.025,21.15));
#10648=CARTESIAN_POINT('Origin',(-22.,6.525,22.55));
#10649=CARTESIAN_POINT('Origin',(-18.,-14.1,21.95));
#10650=CARTESIAN_POINT('',(-15.2,-14.1,22.55));
#10651=CARTESIAN_POINT('',(-15.2,-13.5,21.95));
#10652=CARTESIAN_POINT('Origin',(-15.2,-14.1,21.95));
#10653=CARTESIAN_POINT('',(-28.8,-13.5,21.95));
#10654=CARTESIAN_POINT('',(-18.,-13.5,21.95));
#10655=CARTESIAN_POINT('',(-28.8,-14.1,22.55));
#10656=CARTESIAN_POINT('Origin',(-28.8,-14.1,21.95));
#10657=CARTESIAN_POINT('',(-18.,-14.1,22.55));
#10658=CARTESIAN_POINT('Ctrl Pts',(-29.4,-14.7,22.55));
#10659=CARTESIAN_POINT('Ctrl Pts',(-29.4,-14.1,22.55));
#10660=CARTESIAN_POINT('Ctrl Pts',(-28.8,-14.1,22.55));
#10661=CARTESIAN_POINT('Ctrl Pts',(-30.,-14.7,22.55));
#10662=CARTESIAN_POINT('Ctrl Pts',(-30.,-13.5,22.55));
#10663=CARTESIAN_POINT('Ctrl Pts',(-28.8,-13.5,22.55));
#10664=CARTESIAN_POINT('Ctrl Pts',(-30.,-14.7,21.95));
#10665=CARTESIAN_POINT('Ctrl Pts',(-30.,-13.5,21.95));
#10666=CARTESIAN_POINT('Ctrl Pts',(-28.8,-13.5,21.95));
#10667=CARTESIAN_POINT('',(-30.,-14.7,21.95));
#10668=CARTESIAN_POINT('',(-29.4,-14.7,22.55));
#10669=CARTESIAN_POINT('Origin',(-29.4,-14.7,21.95));
#10670=CARTESIAN_POINT('Origin',(-28.8,-14.7,22.55));
#10671=CARTESIAN_POINT('Origin',(-28.8,-14.7,21.95));
#10672=CARTESIAN_POINT('Origin',(-29.4,-3.4875,21.95));
#10673=CARTESIAN_POINT('',(-30.,-16.3,21.95));
#10674=CARTESIAN_POINT('',(-29.4,-16.3,22.55));
#10675=CARTESIAN_POINT('Origin',(-29.4,-16.3,21.95));
#10676=CARTESIAN_POINT('',(-29.4,-3.4875,22.55));
#10677=CARTESIAN_POINT('',(-30.,-3.4875,21.95));
#10678=CARTESIAN_POINT('Ctrl Pts',(-28.8,-16.9,22.55));
#10679=CARTESIAN_POINT('Ctrl Pts',(-29.4,-16.9,22.55));
#10680=CARTESIAN_POINT('Ctrl Pts',(-29.4,-16.3,22.55));
#10681=CARTESIAN_POINT('Ctrl Pts',(-28.8,-17.5,22.55));
#10682=CARTESIAN_POINT('Ctrl Pts',(-30.,-17.5,22.55));
#10683=CARTESIAN_POINT('Ctrl Pts',(-30.,-16.3,22.55));
#10684=CARTESIAN_POINT('Ctrl Pts',(-28.8,-17.5,21.95));
#10685=CARTESIAN_POINT('Ctrl Pts',(-30.,-17.5,21.95));
#10686=CARTESIAN_POINT('Ctrl Pts',(-30.,-16.3,21.95));
#10687=CARTESIAN_POINT('',(-28.8,-17.5,21.95));
#10688=CARTESIAN_POINT('',(-28.8,-16.9,22.55));
#10689=CARTESIAN_POINT('Origin',(-28.8,-16.9,21.95));
#10690=CARTESIAN_POINT('Origin',(-28.8,-16.3,22.55));
#10691=CARTESIAN_POINT('Origin',(-28.8,-16.3,21.95));
#10692=CARTESIAN_POINT('Origin',(-26.,-16.9,21.95));
#10693=CARTESIAN_POINT('',(-15.2,-17.5,21.95));
#10694=CARTESIAN_POINT('',(-15.2,-16.9,22.55));
#10695=CARTESIAN_POINT('Origin',(-15.2,-16.9,21.95));
#10696=CARTESIAN_POINT('',(-26.,-16.9,22.55));
#10697=CARTESIAN_POINT('',(-26.,-17.5,21.95));
#10698=CARTESIAN_POINT('Ctrl Pts',(-14.6,-16.3,22.55));
#10699=CARTESIAN_POINT('Ctrl Pts',(-14.6,-16.9,22.55));
#10700=CARTESIAN_POINT('Ctrl Pts',(-15.2,-16.9,22.55));
#10701=CARTESIAN_POINT('Ctrl Pts',(-14.,-16.3,22.55));
#10702=CARTESIAN_POINT('Ctrl Pts',(-14.,-17.5,22.55));
#10703=CARTESIAN_POINT('Ctrl Pts',(-15.2,-17.5,22.55));
#10704=CARTESIAN_POINT('Ctrl Pts',(-14.,-16.3,21.95));
#10705=CARTESIAN_POINT('Ctrl Pts',(-14.,-17.5,21.95));
#10706=CARTESIAN_POINT('Ctrl Pts',(-15.2,-17.5,21.95));
#10707=CARTESIAN_POINT('',(-14.,-16.3,21.95));
#10708=CARTESIAN_POINT('',(-14.6,-16.3,22.55));
#10709=CARTESIAN_POINT('Origin',(-14.6,-16.3,21.95));
#10710=CARTESIAN_POINT('Origin',(-15.2,-16.3,22.55));
#10711=CARTESIAN_POINT('Origin',(-15.2,-16.3,21.95));
#10712=CARTESIAN_POINT('Origin',(-14.6,-5.4875,21.95));
#10713=CARTESIAN_POINT('',(-14.,-14.7,21.95));
#10714=CARTESIAN_POINT('',(-14.6,-14.7,22.55));
#10715=CARTESIAN_POINT('Origin',(-14.6,-14.7,21.95));
#10716=CARTESIAN_POINT('',(-14.6,-5.4875,22.55));
#10717=CARTESIAN_POINT('',(-14.,-5.4875,21.95));
#10718=CARTESIAN_POINT('Ctrl Pts',(-15.2,-14.1,22.55));
#10719=CARTESIAN_POINT('Ctrl Pts',(-14.6,-14.1,22.55));
#10720=CARTESIAN_POINT('Ctrl Pts',(-14.6,-14.7,22.55));
#10721=CARTESIAN_POINT('Ctrl Pts',(-15.2,-13.5,22.55));
#10722=CARTESIAN_POINT('Ctrl Pts',(-14.,-13.5,22.55));
#10723=CARTESIAN_POINT('Ctrl Pts',(-14.,-14.7,22.55));
#10724=CARTESIAN_POINT('Ctrl Pts',(-15.2,-13.5,21.95));
#10725=CARTESIAN_POINT('Ctrl Pts',(-14.,-13.5,21.95));
#10726=CARTESIAN_POINT('Ctrl Pts',(-14.,-14.7,21.95));
#10727=CARTESIAN_POINT('Origin',(-15.2,-14.7,21.95));
#10728=CARTESIAN_POINT('Origin',(-15.2,-14.7,22.55));
#10729=CARTESIAN_POINT('Origin',(-28.8,-16.3,21.15));
#10730=CARTESIAN_POINT('',(-30.,-16.3,21.15));
#10731=CARTESIAN_POINT('',(-28.8,-17.5,21.15));
#10732=CARTESIAN_POINT('Origin',(-30.,-13.5,21.15));
#10733=CARTESIAN_POINT('',(-30.,-14.7,21.15));
#10734=CARTESIAN_POINT('Origin',(-28.8,-14.7,21.15));
#10735=CARTESIAN_POINT('',(-28.8,-13.5,21.15));
#10736=CARTESIAN_POINT('Origin',(-14.,-13.5,21.15));
#10737=CARTESIAN_POINT('',(-15.2,-13.5,21.15));
#10738=CARTESIAN_POINT('Origin',(-22.,6.525,22.55));
#10739=CARTESIAN_POINT('Origin',(-15.25,23.25,21.95));
#10740=CARTESIAN_POINT('',(-15.25,22.65,21.95));
#10741=CARTESIAN_POINT('Origin',(-4.50000000000001,22.65,21.15));
#10742=CARTESIAN_POINT('Origin',(-8.50000000000002,22.65,21.15));
#10743=CARTESIAN_POINT('Origin',(-39.5,20.025,21.15));
#10744=CARTESIAN_POINT('',(-38.3,20.025,21.15));
#10745=CARTESIAN_POINT('Origin',(-38.3,21.825,21.15));
#10746=CARTESIAN_POINT('',(-39.5,21.825,21.15));
#10747=CARTESIAN_POINT('Origin',(-38.3,21.225,21.15));
#10748=CARTESIAN_POINT('',(-39.5,21.225,21.15));
#10749=CARTESIAN_POINT('Origin',(-30.,-17.5,21.15));
#10750=CARTESIAN_POINT('',(-15.2,-17.5,21.15));
#10751=CARTESIAN_POINT('Origin',(-15.2,-16.3,21.15));
#10752=CARTESIAN_POINT('',(-14.,-16.3,21.15));
#10753=CARTESIAN_POINT('Origin',(-15.2,-14.7,21.15));
#10754=CARTESIAN_POINT('',(-14.,-14.7,21.15));
#10755=CARTESIAN_POINT('Origin',(-4.50000000000003,30.65,21.15));
#10756=CARTESIAN_POINT('Origin',(-39.5,23.025,21.15));
#10757=CARTESIAN_POINT('Origin',(-14.,-17.5,21.15));
#10758=CARTESIAN_POINT('Origin',(-37.5000001466897,-21.15,0.));
#10759=CARTESIAN_POINT('',(0.,0.,0.));
#10760=CARTESIAN_POINT('Origin',(22.,6.525,22.25));
#10761=CARTESIAN_POINT('',(20.9310388565064,-14.8543250560761,22.25));
#10762=CARTESIAN_POINT('',(21.1638116836548,-16.2408304214478,22.25));
#10763=CARTESIAN_POINT('Ctrl Pts',(20.9310388565064,-14.8543250560761,22.25));
#10764=CARTESIAN_POINT('Ctrl Pts',(20.9721652146091,-15.1527693602657,22.25));
#10765=CARTESIAN_POINT('Ctrl Pts',(21.0400534178006,-15.5967409785334,22.25));
#10766=CARTESIAN_POINT('Ctrl Pts',(20.8951299667452,-16.1344643637778,22.25));
#10767=CARTESIAN_POINT('Ctrl Pts',(20.8999906058591,-16.4054801663526,22.25));
#10768=CARTESIAN_POINT('Ctrl Pts',(20.7725914473205,-16.6676223451128,22.25));
#10769=CARTESIAN_POINT('Ctrl Pts',(20.9637350196341,-16.6594885039409,22.25));
#10770=CARTESIAN_POINT('Ctrl Pts',(21.1095535517641,-16.5775726145893,22.25));
#10771=CARTESIAN_POINT('Ctrl Pts',(21.2363557330988,-16.4644712026591,22.25));
#10772=CARTESIAN_POINT('Ctrl Pts',(21.3845016416331,-16.3702650271866,22.25));
#10773=CARTESIAN_POINT('Ctrl Pts',(21.5024007280639,-16.304819864241,22.25));
#10774=CARTESIAN_POINT('Ctrl Pts',(21.5899114604,-16.1526789990704,22.25));
#10775=CARTESIAN_POINT('Ctrl Pts',(21.4123038968112,-16.0606407801024,22.25));
#10776=CARTESIAN_POINT('Ctrl Pts',(21.2859241405591,-16.15872956184,22.25));
#10777=CARTESIAN_POINT('Ctrl Pts',(21.2035127328016,-16.2133520858331,22.25));
#10778=CARTESIAN_POINT('Ctrl Pts',(21.1638116836548,-16.2408304214478,22.25));
#10779=CARTESIAN_POINT('',(21.1714625358427,-14.8621106147875,22.25));
#10780=CARTESIAN_POINT('Ctrl Pts',(21.163811683658,-16.2408304214479,22.25));
#10781=CARTESIAN_POINT('Ctrl Pts',(21.2678385317612,-15.7728414284215,22.25));
#10782=CARTESIAN_POINT('Ctrl Pts',(21.232348288226,-15.33235606576,22.25));
#10783=CARTESIAN_POINT('Ctrl Pts',(21.1714625358427,-14.8621106147875,22.25));
#10784=CARTESIAN_POINT('Ctrl Pts',(21.1714625358585,-14.8621106147821,22.25));
#10785=CARTESIAN_POINT('Ctrl Pts',(21.2619393039476,-14.8730099947899,22.25));
#10786=CARTESIAN_POINT('Ctrl Pts',(21.4474892748922,-14.9162555205944,22.25));
#10787=CARTESIAN_POINT('Ctrl Pts',(21.5063787214114,-14.6797905531671,22.25));
#10788=CARTESIAN_POINT('Ctrl Pts',(21.2541664692972,-14.6204744063478,22.25));
#10789=CARTESIAN_POINT('Ctrl Pts',(21.0370295297626,-14.648079000485,22.25));
#10790=CARTESIAN_POINT('Ctrl Pts',(20.6836030517274,-14.5546141539854,22.25));
#10791=CARTESIAN_POINT('Ctrl Pts',(20.6464251373673,-14.7203990905713,22.25));
#10792=CARTESIAN_POINT('Ctrl Pts',(20.7444448087634,-14.8689202819376,22.25));
#10793=CARTESIAN_POINT('Ctrl Pts',(20.8510842943134,-14.8542552699856,22.25));
#10794=CARTESIAN_POINT('Ctrl Pts',(20.9310388565063,-14.8543250560753,22.25));
#10795=CARTESIAN_POINT('Ctrl Pts',(20.9310388565064,-14.8543250560761,22.25));
#10796=CARTESIAN_POINT('Ctrl Pts',(20.9310388565064,-14.8543250560761,22.55));
#10797=CARTESIAN_POINT('Ctrl Pts',(20.9721652146091,-15.1527693602657,22.25));
#10798=CARTESIAN_POINT('Ctrl Pts',(20.9721652146091,-15.1527693602657,22.55));
#10799=CARTESIAN_POINT('Ctrl Pts',(21.0400534178006,-15.5967409785334,22.25));
#10800=CARTESIAN_POINT('Ctrl Pts',(21.0400534178006,-15.5967409785334,22.55));
#10801=CARTESIAN_POINT('Ctrl Pts',(20.8951299667452,-16.1344643637778,22.25));
#10802=CARTESIAN_POINT('Ctrl Pts',(20.8951299667452,-16.1344643637778,22.55));
#10803=CARTESIAN_POINT('Ctrl Pts',(20.8999906058591,-16.4054801663526,22.25));
#10804=CARTESIAN_POINT('Ctrl Pts',(20.8999906058591,-16.4054801663526,22.55));
#10805=CARTESIAN_POINT('Ctrl Pts',(20.7725914473205,-16.6676223451128,22.25));
#10806=CARTESIAN_POINT('Ctrl Pts',(20.7725914473205,-16.6676223451128,22.55));
#10807=CARTESIAN_POINT('Ctrl Pts',(20.9637350196341,-16.6594885039409,22.25));
#10808=CARTESIAN_POINT('Ctrl Pts',(20.9637350196341,-16.6594885039409,22.55));
#10809=CARTESIAN_POINT('Ctrl Pts',(21.1095535517641,-16.5775726145893,22.25));
#10810=CARTESIAN_POINT('Ctrl Pts',(21.1095535517641,-16.5775726145893,22.55));
#10811=CARTESIAN_POINT('Ctrl Pts',(21.2363557330988,-16.4644712026591,22.25));
#10812=CARTESIAN_POINT('Ctrl Pts',(21.2363557330988,-16.4644712026591,22.55));
#10813=CARTESIAN_POINT('Ctrl Pts',(21.3845016416331,-16.3702650271866,22.25));
#10814=CARTESIAN_POINT('Ctrl Pts',(21.3845016416331,-16.3702650271866,22.55));
#10815=CARTESIAN_POINT('Ctrl Pts',(21.5024007280639,-16.304819864241,22.25));
#10816=CARTESIAN_POINT('Ctrl Pts',(21.5024007280639,-16.304819864241,22.55));
#10817=CARTESIAN_POINT('Ctrl Pts',(21.5899114604,-16.1526789990704,22.25));
#10818=CARTESIAN_POINT('Ctrl Pts',(21.5899114604,-16.1526789990704,22.55));
#10819=CARTESIAN_POINT('Ctrl Pts',(21.4123038968112,-16.0606407801024,22.25));
#10820=CARTESIAN_POINT('Ctrl Pts',(21.4123038968112,-16.0606407801024,22.55));
#10821=CARTESIAN_POINT('Ctrl Pts',(21.2859241405591,-16.15872956184,22.25));
#10822=CARTESIAN_POINT('Ctrl Pts',(21.2859241405591,-16.15872956184,22.55));
#10823=CARTESIAN_POINT('Ctrl Pts',(21.2035127328016,-16.2133520858331,22.25));
#10824=CARTESIAN_POINT('Ctrl Pts',(21.2035127328016,-16.2133520858331,22.55));
#10825=CARTESIAN_POINT('Ctrl Pts',(21.1638116836548,-16.2408304214478,22.25));
#10826=CARTESIAN_POINT('Ctrl Pts',(21.1638116836548,-16.2408304214478,22.55));
#10827=CARTESIAN_POINT('',(20.9310388565064,-14.8543250560761,22.55));
#10828=CARTESIAN_POINT('',(20.9310388565064,-14.8543250560761,22.55));
#10829=CARTESIAN_POINT('',(21.1638116836548,-16.2408304214478,22.55));
#10830=CARTESIAN_POINT('Ctrl Pts',(21.1638116836548,-16.2408304214478,22.55));
#10831=CARTESIAN_POINT('Ctrl Pts',(21.2035127328016,-16.2133520858331,22.55));
#10832=CARTESIAN_POINT('Ctrl Pts',(21.2859241405591,-16.15872956184,22.55));
#10833=CARTESIAN_POINT('Ctrl Pts',(21.4123038968112,-16.0606407801024,22.55));
#10834=CARTESIAN_POINT('Ctrl Pts',(21.5899114604,-16.1526789990704,22.55));
#10835=CARTESIAN_POINT('Ctrl Pts',(21.5024007280639,-16.304819864241,22.55));
#10836=CARTESIAN_POINT('Ctrl Pts',(21.3845016416331,-16.3702650271866,22.55));
#10837=CARTESIAN_POINT('Ctrl Pts',(21.2363557330988,-16.4644712026591,22.55));
#10838=CARTESIAN_POINT('Ctrl Pts',(21.1095535517641,-16.5775726145893,22.55));
#10839=CARTESIAN_POINT('Ctrl Pts',(20.9637350196341,-16.6594885039409,22.55));
#10840=CARTESIAN_POINT('Ctrl Pts',(20.7725914473205,-16.6676223451128,22.55));
#10841=CARTESIAN_POINT('Ctrl Pts',(20.8999906058591,-16.4054801663526,22.55));
#10842=CARTESIAN_POINT('Ctrl Pts',(20.8951299667452,-16.1344643637778,22.55));
#10843=CARTESIAN_POINT('Ctrl Pts',(21.0400534178006,-15.5967409785334,22.55));
#10844=CARTESIAN_POINT('Ctrl Pts',(20.9721652146091,-15.1527693602657,22.55));
#10845=CARTESIAN_POINT('Ctrl Pts',(20.9310388565064,-14.8543250560761,22.55));
#10846=CARTESIAN_POINT('',(21.1638116836548,-16.2408304214478,22.55));
#10847=CARTESIAN_POINT('Ctrl Pts',(21.163811683658,-16.2408304214479,22.25));
#10848=CARTESIAN_POINT('Ctrl Pts',(21.163811683658,-16.2408304214479,22.55));
#10849=CARTESIAN_POINT('Ctrl Pts',(21.2678385317612,-15.7728414284215,22.25));
#10850=CARTESIAN_POINT('Ctrl Pts',(21.2678385317612,-15.7728414284215,22.55));
#10851=CARTESIAN_POINT('Ctrl Pts',(21.232348288226,-15.33235606576,22.25));
#10852=CARTESIAN_POINT('Ctrl Pts',(21.232348288226,-15.33235606576,22.55));
#10853=CARTESIAN_POINT('Ctrl Pts',(21.1714625358427,-14.8621106147875,22.25));
#10854=CARTESIAN_POINT('Ctrl Pts',(21.1714625358427,-14.8621106147875,22.55));
#10855=CARTESIAN_POINT('',(21.1714625358427,-14.8621106147875,22.55));
#10856=CARTESIAN_POINT('Ctrl Pts',(21.1714625358427,-14.8621106147875,22.55));
#10857=CARTESIAN_POINT('Ctrl Pts',(21.232348288226,-15.33235606576,22.55));
#10858=CARTESIAN_POINT('Ctrl Pts',(21.2678385317612,-15.7728414284215,22.55));
#10859=CARTESIAN_POINT('Ctrl Pts',(21.163811683658,-16.2408304214479,22.55));
#10860=CARTESIAN_POINT('',(21.1714625358427,-14.8621106147875,22.55));
#10861=CARTESIAN_POINT('Ctrl Pts',(21.1714625358585,-14.8621106147821,22.25));
#10862=CARTESIAN_POINT('Ctrl Pts',(21.1714625358585,-14.8621106147821,22.55));
#10863=CARTESIAN_POINT('Ctrl Pts',(21.2619393039476,-14.8730099947899,22.25));
#10864=CARTESIAN_POINT('Ctrl Pts',(21.2619393039476,-14.8730099947899,22.55));
#10865=CARTESIAN_POINT('Ctrl Pts',(21.4474892748922,-14.9162555205944,22.25));
#10866=CARTESIAN_POINT('Ctrl Pts',(21.4474892748922,-14.9162555205944,22.55));
#10867=CARTESIAN_POINT('Ctrl Pts',(21.5063787214114,-14.6797905531671,22.25));
#10868=CARTESIAN_POINT('Ctrl Pts',(21.5063787214114,-14.6797905531671,22.55));
#10869=CARTESIAN_POINT('Ctrl Pts',(21.2541664692972,-14.6204744063478,22.25));
#10870=CARTESIAN_POINT('Ctrl Pts',(21.2541664692972,-14.6204744063478,22.55));
#10871=CARTESIAN_POINT('Ctrl Pts',(21.0370295297626,-14.648079000485,22.25));
#10872=CARTESIAN_POINT('Ctrl Pts',(21.0370295297626,-14.648079000485,22.55));
#10873=CARTESIAN_POINT('Ctrl Pts',(20.6836030517274,-14.5546141539854,22.25));
#10874=CARTESIAN_POINT('Ctrl Pts',(20.6836030517274,-14.5546141539854,22.55));
#10875=CARTESIAN_POINT('Ctrl Pts',(20.6464251373673,-14.7203990905713,22.25));
#10876=CARTESIAN_POINT('Ctrl Pts',(20.6464251373673,-14.7203990905713,22.55));
#10877=CARTESIAN_POINT('Ctrl Pts',(20.7444448087634,-14.8689202819376,22.25));
#10878=CARTESIAN_POINT('Ctrl Pts',(20.7444448087634,-14.8689202819376,22.55));
#10879=CARTESIAN_POINT('Ctrl Pts',(20.8510842943134,-14.8542552699856,22.25));
#10880=CARTESIAN_POINT('Ctrl Pts',(20.8510842943134,-14.8542552699856,22.55));
#10881=CARTESIAN_POINT('Ctrl Pts',(20.9310388565063,-14.8543250560753,22.25));
#10882=CARTESIAN_POINT('Ctrl Pts',(20.9310388565063,-14.8543250560753,22.55));
#10883=CARTESIAN_POINT('Ctrl Pts',(20.9310388565063,-14.8543250560753,22.55));
#10884=CARTESIAN_POINT('Ctrl Pts',(20.8510842943134,-14.8542552699856,22.55));
#10885=CARTESIAN_POINT('Ctrl Pts',(20.7444448087634,-14.8689202819376,22.55));
#10886=CARTESIAN_POINT('Ctrl Pts',(20.6464251373673,-14.7203990905713,22.55));
#10887=CARTESIAN_POINT('Ctrl Pts',(20.6836030517274,-14.5546141539854,22.55));
#10888=CARTESIAN_POINT('Ctrl Pts',(21.0370295297626,-14.648079000485,22.55));
#10889=CARTESIAN_POINT('Ctrl Pts',(21.2541664692972,-14.6204744063478,22.55));
#10890=CARTESIAN_POINT('Ctrl Pts',(21.5063787214114,-14.6797905531671,22.55));
#10891=CARTESIAN_POINT('Ctrl Pts',(21.4474892748922,-14.9162555205944,22.55));
#10892=CARTESIAN_POINT('Ctrl Pts',(21.2619393039476,-14.8730099947899,22.55));
#10893=CARTESIAN_POINT('Ctrl Pts',(21.1714625358585,-14.8621106147821,22.55));
#10894=CARTESIAN_POINT('Origin',(22.,6.525,22.25));
#10895=CARTESIAN_POINT('',(22.4851894378662,-15.3157913684845,22.25));
#10896=CARTESIAN_POINT('',(23.0297613143921,-15.253312587738,22.25));
#10897=CARTESIAN_POINT('Ctrl Pts',(22.4851894378662,-15.3157913684845,22.25));
#10898=CARTESIAN_POINT('Ctrl Pts',(22.358776298355,-15.3543059683925,22.25));
#10899=CARTESIAN_POINT('Ctrl Pts',(22.1757632972701,-15.4209315929991,22.25));
#10900=CARTESIAN_POINT('Ctrl Pts',(21.9888993547199,-15.6251444254992,22.25));
#10901=CARTESIAN_POINT('Ctrl Pts',(21.9511439969968,-15.8955243254843,22.25));
#10902=CARTESIAN_POINT('Ctrl Pts',(22.1033171564101,-16.2109149490698,22.25));
#10903=CARTESIAN_POINT('Ctrl Pts',(22.538375760552,-16.5510129248927,22.25));
#10904=CARTESIAN_POINT('Ctrl Pts',(22.9543680681347,-16.6165355937253,22.25));
#10905=CARTESIAN_POINT('Ctrl Pts',(23.3380295606953,-16.6466909404627,22.25));
#10906=CARTESIAN_POINT('Ctrl Pts',(23.4486745965102,-16.4517413764312,22.25));
#10907=CARTESIAN_POINT('Ctrl Pts',(23.3626976679084,-16.1202936382097,22.25));
#10908=CARTESIAN_POINT('Ctrl Pts',(23.392292763528,-15.7100532086047,22.25));
#10909=CARTESIAN_POINT('Ctrl Pts',(23.2916093530673,-15.2896750092092,22.25));
#10910=CARTESIAN_POINT('Ctrl Pts',(23.1871012011572,-14.9688928024914,22.25));
#10911=CARTESIAN_POINT('Ctrl Pts',(23.2987709901975,-14.6229297980568,22.25));
#10912=CARTESIAN_POINT('Ctrl Pts',(23.0715924702534,-14.6025357909751,22.25));
#10913=CARTESIAN_POINT('Ctrl Pts',(22.9750859286754,-14.762122993289,22.25));
#10914=CARTESIAN_POINT('Ctrl Pts',(22.9684860687526,-15.0298534576784,22.25));
#10915=CARTESIAN_POINT('Ctrl Pts',(22.9822874453342,-15.0974423022227,22.25));
#10916=CARTESIAN_POINT('Ctrl Pts',(23.0297613143921,-15.253312587738,22.25));
#10917=CARTESIAN_POINT('Ctrl Pts',(23.0297613143921,-15.253312587738,22.25));
#10918=CARTESIAN_POINT('Ctrl Pts',(22.8475763005218,-15.192803235548,22.25));
#10919=CARTESIAN_POINT('Ctrl Pts',(22.5726208355341,-15.1030791970472,22.25));
#10920=CARTESIAN_POINT('Ctrl Pts',(22.2455584926943,-14.8926412320641,22.25));
#10921=CARTESIAN_POINT('Ctrl Pts',(22.0812658615245,-14.7175328632601,22.25));
#10922=CARTESIAN_POINT('Ctrl Pts',(21.8853988633789,-14.6337474460654,22.25));
#10923=CARTESIAN_POINT('Ctrl Pts',(21.7212725142032,-14.8249559797772,22.25));
#10924=CARTESIAN_POINT('Ctrl Pts',(21.9792154679998,-15.0226946768183,22.25));
#10925=CARTESIAN_POINT('Ctrl Pts',(22.2135401179529,-15.1760695663181,22.25));
#10926=CARTESIAN_POINT('Ctrl Pts',(22.3961106086342,-15.2696154628513,22.25));
#10927=CARTESIAN_POINT('Ctrl Pts',(22.4851894378662,-15.3157913684845,22.25));
#10928=CARTESIAN_POINT('',(23.0919814109802,-15.5452024936676,22.25));
#10929=CARTESIAN_POINT('',(23.1130647659302,-16.3523054122925,22.25));
#10930=CARTESIAN_POINT('Ctrl Pts',(23.0919814109802,-15.5452024936676,22.25));
#10931=CARTESIAN_POINT('Ctrl Pts',(23.1019380672248,-15.8145636365819,22.25));
#10932=CARTESIAN_POINT('Ctrl Pts',(23.0989853213746,-16.0831662850071,22.25));
#10933=CARTESIAN_POINT('Ctrl Pts',(23.1130647659302,-16.3523054122925,22.25));
#10934=CARTESIAN_POINT('Ctrl Pts',(23.1130647659302,-16.3523054122924,22.25));
#10935=CARTESIAN_POINT('Ctrl Pts',(22.7300708595567,-16.3213917337444,22.25));
#10936=CARTESIAN_POINT('Ctrl Pts',(22.1532618272942,-16.0887532053213,22.25));
#10937=CARTESIAN_POINT('Ctrl Pts',(22.2938275527923,-15.7007408602094,22.25));
#10938=CARTESIAN_POINT('Ctrl Pts',(22.4739936017521,-15.5800931705276,22.25));
#10939=CARTESIAN_POINT('Ctrl Pts',(22.7285384814757,-15.5290610901653,22.25));
#10940=CARTESIAN_POINT('Ctrl Pts',(22.9618574561163,-15.5458701451224,22.25));
#10941=CARTESIAN_POINT('Ctrl Pts',(23.0919814109802,-15.5452024936679,22.25));
#10942=CARTESIAN_POINT('Ctrl Pts',(22.4851894378662,-15.3157913684845,22.25));
#10943=CARTESIAN_POINT('Ctrl Pts',(22.4851894378662,-15.3157913684845,22.55));
#10944=CARTESIAN_POINT('Ctrl Pts',(22.358776298355,-15.3543059683925,22.25));
#10945=CARTESIAN_POINT('Ctrl Pts',(22.358776298355,-15.3543059683925,22.55));
#10946=CARTESIAN_POINT('Ctrl Pts',(22.1757632972701,-15.4209315929991,22.25));
#10947=CARTESIAN_POINT('Ctrl Pts',(22.1757632972701,-15.4209315929991,22.55));
#10948=CARTESIAN_POINT('Ctrl Pts',(21.9888993547199,-15.6251444254992,22.25));
#10949=CARTESIAN_POINT('Ctrl Pts',(21.9888993547199,-15.6251444254992,22.55));
#10950=CARTESIAN_POINT('Ctrl Pts',(21.9511439969968,-15.8955243254843,22.25));
#10951=CARTESIAN_POINT('Ctrl Pts',(21.9511439969968,-15.8955243254843,22.55));
#10952=CARTESIAN_POINT('Ctrl Pts',(22.1033171564101,-16.2109149490698,22.25));
#10953=CARTESIAN_POINT('Ctrl Pts',(22.1033171564101,-16.2109149490698,22.55));
#10954=CARTESIAN_POINT('Ctrl Pts',(22.538375760552,-16.5510129248927,22.25));
#10955=CARTESIAN_POINT('Ctrl Pts',(22.538375760552,-16.5510129248927,22.55));
#10956=CARTESIAN_POINT('Ctrl Pts',(22.9543680681347,-16.6165355937253,22.25));
#10957=CARTESIAN_POINT('Ctrl Pts',(22.9543680681347,-16.6165355937253,22.55));
#10958=CARTESIAN_POINT('Ctrl Pts',(23.3380295606953,-16.6466909404627,22.25));
#10959=CARTESIAN_POINT('Ctrl Pts',(23.3380295606953,-16.6466909404627,22.55));
#10960=CARTESIAN_POINT('Ctrl Pts',(23.4486745965102,-16.4517413764312,22.25));
#10961=CARTESIAN_POINT('Ctrl Pts',(23.4486745965102,-16.4517413764312,22.55));
#10962=CARTESIAN_POINT('Ctrl Pts',(23.3626976679084,-16.1202936382097,22.25));
#10963=CARTESIAN_POINT('Ctrl Pts',(23.3626976679084,-16.1202936382097,22.55));
#10964=CARTESIAN_POINT('Ctrl Pts',(23.392292763528,-15.7100532086047,22.25));
#10965=CARTESIAN_POINT('Ctrl Pts',(23.392292763528,-15.7100532086047,22.55));
#10966=CARTESIAN_POINT('Ctrl Pts',(23.2916093530673,-15.2896750092092,22.25));
#10967=CARTESIAN_POINT('Ctrl Pts',(23.2916093530673,-15.2896750092092,22.55));
#10968=CARTESIAN_POINT('Ctrl Pts',(23.1871012011572,-14.9688928024914,22.25));
#10969=CARTESIAN_POINT('Ctrl Pts',(23.1871012011572,-14.9688928024914,22.55));
#10970=CARTESIAN_POINT('Ctrl Pts',(23.2987709901975,-14.6229297980568,22.25));
#10971=CARTESIAN_POINT('Ctrl Pts',(23.2987709901975,-14.6229297980568,22.55));
#10972=CARTESIAN_POINT('Ctrl Pts',(23.0715924702534,-14.6025357909751,22.25));
#10973=CARTESIAN_POINT('Ctrl Pts',(23.0715924702534,-14.6025357909751,22.55));
#10974=CARTESIAN_POINT('Ctrl Pts',(22.9750859286754,-14.762122993289,22.25));
#10975=CARTESIAN_POINT('Ctrl Pts',(22.9750859286754,-14.762122993289,22.55));
#10976=CARTESIAN_POINT('Ctrl Pts',(22.9684860687526,-15.0298534576784,22.25));
#10977=CARTESIAN_POINT('Ctrl Pts',(22.9684860687526,-15.0298534576784,22.55));
#10978=CARTESIAN_POINT('Ctrl Pts',(22.9822874453342,-15.0974423022227,22.25));
#10979=CARTESIAN_POINT('Ctrl Pts',(22.9822874453342,-15.0974423022227,22.55));
#10980=CARTESIAN_POINT('Ctrl Pts',(23.0297613143921,-15.253312587738,22.25));
#10981=CARTESIAN_POINT('Ctrl Pts',(23.0297613143921,-15.253312587738,22.55));
#10982=CARTESIAN_POINT('',(22.4851894378662,-15.3157913684845,22.55));
#10983=CARTESIAN_POINT('',(22.4851894378662,-15.3157913684845,22.55));
#10984=CARTESIAN_POINT('',(23.0297613143921,-15.253312587738,22.55));
#10985=CARTESIAN_POINT('Ctrl Pts',(23.0297613143921,-15.253312587738,22.55));
#10986=CARTESIAN_POINT('Ctrl Pts',(22.9822874453342,-15.0974423022227,22.55));
#10987=CARTESIAN_POINT('Ctrl Pts',(22.9684860687526,-15.0298534576784,22.55));
#10988=CARTESIAN_POINT('Ctrl Pts',(22.9750859286754,-14.762122993289,22.55));
#10989=CARTESIAN_POINT('Ctrl Pts',(23.0715924702534,-14.6025357909751,22.55));
#10990=CARTESIAN_POINT('Ctrl Pts',(23.2987709901975,-14.6229297980568,22.55));
#10991=CARTESIAN_POINT('Ctrl Pts',(23.1871012011572,-14.9688928024914,22.55));
#10992=CARTESIAN_POINT('Ctrl Pts',(23.2916093530673,-15.2896750092092,22.55));
#10993=CARTESIAN_POINT('Ctrl Pts',(23.392292763528,-15.7100532086047,22.55));
#10994=CARTESIAN_POINT('Ctrl Pts',(23.3626976679084,-16.1202936382097,22.55));
#10995=CARTESIAN_POINT('Ctrl Pts',(23.4486745965102,-16.4517413764312,22.55));
#10996=CARTESIAN_POINT('Ctrl Pts',(23.3380295606953,-16.6466909404627,22.55));
#10997=CARTESIAN_POINT('Ctrl Pts',(22.9543680681347,-16.6165355937253,22.55));
#10998=CARTESIAN_POINT('Ctrl Pts',(22.538375760552,-16.5510129248927,22.55));
#10999=CARTESIAN_POINT('Ctrl Pts',(22.1033171564101,-16.2109149490698,22.55));
#11000=CARTESIAN_POINT('Ctrl Pts',(21.9511439969968,-15.8955243254843,22.55));
#11001=CARTESIAN_POINT('Ctrl Pts',(21.9888993547199,-15.6251444254992,22.55));
#11002=CARTESIAN_POINT('Ctrl Pts',(22.1757632972701,-15.4209315929991,22.55));
#11003=CARTESIAN_POINT('Ctrl Pts',(22.358776298355,-15.3543059683925,22.55));
#11004=CARTESIAN_POINT('Ctrl Pts',(22.4851894378662,-15.3157913684845,22.55));
#11005=CARTESIAN_POINT('',(23.0297613143921,-15.253312587738,22.55));
#11006=CARTESIAN_POINT('Ctrl Pts',(23.0297613143921,-15.253312587738,22.25));
#11007=CARTESIAN_POINT('Ctrl Pts',(23.0297613143921,-15.253312587738,22.55));
#11008=CARTESIAN_POINT('Ctrl Pts',(22.8475763005218,-15.192803235548,22.25));
#11009=CARTESIAN_POINT('Ctrl Pts',(22.8475763005218,-15.192803235548,22.55));
#11010=CARTESIAN_POINT('Ctrl Pts',(22.5726208355341,-15.1030791970472,22.25));
#11011=CARTESIAN_POINT('Ctrl Pts',(22.5726208355341,-15.1030791970472,22.55));
#11012=CARTESIAN_POINT('Ctrl Pts',(22.2455584926943,-14.8926412320641,22.25));
#11013=CARTESIAN_POINT('Ctrl Pts',(22.2455584926943,-14.8926412320641,22.55));
#11014=CARTESIAN_POINT('Ctrl Pts',(22.0812658615245,-14.7175328632601,22.25));
#11015=CARTESIAN_POINT('Ctrl Pts',(22.0812658615245,-14.7175328632601,22.55));
#11016=CARTESIAN_POINT('Ctrl Pts',(21.8853988633789,-14.6337474460654,22.25));
#11017=CARTESIAN_POINT('Ctrl Pts',(21.8853988633789,-14.6337474460654,22.55));
#11018=CARTESIAN_POINT('Ctrl Pts',(21.7212725142032,-14.8249559797772,22.25));
#11019=CARTESIAN_POINT('Ctrl Pts',(21.7212725142032,-14.8249559797772,22.55));
#11020=CARTESIAN_POINT('Ctrl Pts',(21.9792154679998,-15.0226946768183,22.25));
#11021=CARTESIAN_POINT('Ctrl Pts',(21.9792154679998,-15.0226946768183,22.55));
#11022=CARTESIAN_POINT('Ctrl Pts',(22.2135401179529,-15.1760695663181,22.25));
#11023=CARTESIAN_POINT('Ctrl Pts',(22.2135401179529,-15.1760695663181,22.55));
#11024=CARTESIAN_POINT('Ctrl Pts',(22.3961106086342,-15.2696154628513,22.25));
#11025=CARTESIAN_POINT('Ctrl Pts',(22.3961106086342,-15.2696154628513,22.55));
#11026=CARTESIAN_POINT('Ctrl Pts',(22.4851894378662,-15.3157913684845,22.25));
#11027=CARTESIAN_POINT('Ctrl Pts',(22.4851894378662,-15.3157913684845,22.55));
#11028=CARTESIAN_POINT('Ctrl Pts',(22.4851894378662,-15.3157913684845,22.55));
#11029=CARTESIAN_POINT('Ctrl Pts',(22.3961106086342,-15.2696154628513,22.55));
#11030=CARTESIAN_POINT('Ctrl Pts',(22.2135401179529,-15.1760695663181,22.55));
#11031=CARTESIAN_POINT('Ctrl Pts',(21.9792154679998,-15.0226946768183,22.55));
#11032=CARTESIAN_POINT('Ctrl Pts',(21.7212725142032,-14.8249559797772,22.55));
#11033=CARTESIAN_POINT('Ctrl Pts',(21.8853988633789,-14.6337474460654,22.55));
#11034=CARTESIAN_POINT('Ctrl Pts',(22.0812658615245,-14.7175328632601,22.55));
#11035=CARTESIAN_POINT('Ctrl Pts',(22.2455584926943,-14.8926412320641,22.55));
#11036=CARTESIAN_POINT('Ctrl Pts',(22.5726208355341,-15.1030791970472,22.55));
#11037=CARTESIAN_POINT('Ctrl Pts',(22.8475763005218,-15.192803235548,22.55));
#11038=CARTESIAN_POINT('Ctrl Pts',(23.0297613143921,-15.253312587738,22.55));
#11039=CARTESIAN_POINT('Ctrl Pts',(23.0919814109802,-15.5452024936676,22.25));
#11040=CARTESIAN_POINT('Ctrl Pts',(23.0919814109802,-15.5452024936676,22.55));
#11041=CARTESIAN_POINT('Ctrl Pts',(23.1019380672248,-15.8145636365819,22.25));
#11042=CARTESIAN_POINT('Ctrl Pts',(23.1019380672248,-15.8145636365819,22.55));
#11043=CARTESIAN_POINT('Ctrl Pts',(23.0989853213746,-16.0831662850071,22.25));
#11044=CARTESIAN_POINT('Ctrl Pts',(23.0989853213746,-16.0831662850071,22.55));
#11045=CARTESIAN_POINT('Ctrl Pts',(23.1130647659302,-16.3523054122925,22.25));
#11046=CARTESIAN_POINT('Ctrl Pts',(23.1130647659302,-16.3523054122925,22.55));
#11047=CARTESIAN_POINT('',(23.0919814109802,-15.5452024936676,22.55));
#11048=CARTESIAN_POINT('',(23.0919814109802,-15.5452024936676,22.55));
#11049=CARTESIAN_POINT('',(23.1130647659302,-16.3523054122925,22.55));
#11050=CARTESIAN_POINT('Ctrl Pts',(23.1130647659302,-16.3523054122925,22.55));
#11051=CARTESIAN_POINT('Ctrl Pts',(23.0989853213746,-16.0831662850071,22.55));
#11052=CARTESIAN_POINT('Ctrl Pts',(23.1019380672248,-15.8145636365819,22.55));
#11053=CARTESIAN_POINT('Ctrl Pts',(23.0919814109802,-15.5452024936676,22.55));
#11054=CARTESIAN_POINT('',(23.1130647659302,-16.3523054122925,22.55));
#11055=CARTESIAN_POINT('Ctrl Pts',(23.1130647659302,-16.3523054122924,22.25));
#11056=CARTESIAN_POINT('Ctrl Pts',(23.1130647659302,-16.3523054122924,22.55));
#11057=CARTESIAN_POINT('Ctrl Pts',(22.7300708595567,-16.3213917337444,22.25));
#11058=CARTESIAN_POINT('Ctrl Pts',(22.7300708595567,-16.3213917337444,22.55));
#11059=CARTESIAN_POINT('Ctrl Pts',(22.1532618272942,-16.0887532053213,22.25));
#11060=CARTESIAN_POINT('Ctrl Pts',(22.1532618272942,-16.0887532053213,22.55));
#11061=CARTESIAN_POINT('Ctrl Pts',(22.2938275527923,-15.7007408602094,22.25));
#11062=CARTESIAN_POINT('Ctrl Pts',(22.2938275527923,-15.7007408602094,22.55));
#11063=CARTESIAN_POINT('Ctrl Pts',(22.4739936017521,-15.5800931705276,22.25));
#11064=CARTESIAN_POINT('Ctrl Pts',(22.4739936017521,-15.5800931705276,22.55));
#11065=CARTESIAN_POINT('Ctrl Pts',(22.7285384814757,-15.5290610901653,22.25));
#11066=CARTESIAN_POINT('Ctrl Pts',(22.7285384814757,-15.5290610901653,22.55));
#11067=CARTESIAN_POINT('Ctrl Pts',(22.9618574561163,-15.5458701451224,22.25));
#11068=CARTESIAN_POINT('Ctrl Pts',(22.9618574561163,-15.5458701451224,22.55));
#11069=CARTESIAN_POINT('Ctrl Pts',(23.0919814109802,-15.5452024936679,22.25));
#11070=CARTESIAN_POINT('Ctrl Pts',(23.0919814109802,-15.5452024936679,22.55));
#11071=CARTESIAN_POINT('Ctrl Pts',(23.0919814109802,-15.5452024936679,22.55));
#11072=CARTESIAN_POINT('Ctrl Pts',(22.9618574561163,-15.5458701451224,22.55));
#11073=CARTESIAN_POINT('Ctrl Pts',(22.7285384814757,-15.5290610901653,22.55));
#11074=CARTESIAN_POINT('Ctrl Pts',(22.4739936017521,-15.5800931705276,22.55));
#11075=CARTESIAN_POINT('Ctrl Pts',(22.2938275527923,-15.7007408602094,22.55));
#11076=CARTESIAN_POINT('Ctrl Pts',(22.1532618272942,-16.0887532053213,22.55));
#11077=CARTESIAN_POINT('Ctrl Pts',(22.7300708595567,-16.3213917337444,22.55));
#11078=CARTESIAN_POINT('Ctrl Pts',(23.1130647659302,-16.3523054122924,22.55));
#11079=CARTESIAN_POINT('Origin',(22.,6.525,22.55));
#11080=CARTESIAN_POINT('Ctrl Pts',(7.30000000000003,30.65,21.95));
#11081=CARTESIAN_POINT('Ctrl Pts',(8.50000000000003,30.65,21.95));
#11082=CARTESIAN_POINT('Ctrl Pts',(8.50000000000003,29.45,21.95));
#11083=CARTESIAN_POINT('Ctrl Pts',(7.30000000000003,30.65,22.55));
#11084=CARTESIAN_POINT('Ctrl Pts',(8.50000000000003,30.65,22.55));
#11085=CARTESIAN_POINT('Ctrl Pts',(8.50000000000003,29.45,22.55));
#11086=CARTESIAN_POINT('Ctrl Pts',(7.30000000000003,30.05,22.55));
#11087=CARTESIAN_POINT('Ctrl Pts',(7.90000000000003,30.05,22.55));
#11088=CARTESIAN_POINT('Ctrl Pts',(7.90000000000003,29.45,22.55));
#11089=CARTESIAN_POINT('',(7.30000000000003,30.05,22.55));
#11090=CARTESIAN_POINT('',(7.30000000000004,30.65,21.95));
#11091=CARTESIAN_POINT('Origin',(7.30000000000003,30.05,21.95));
#11092=CARTESIAN_POINT('',(7.90000000000003,29.45,22.55));
#11093=CARTESIAN_POINT('Origin',(7.30000000000003,29.45,22.55));
#11094=CARTESIAN_POINT('',(8.50000000000003,29.45,21.95));
#11095=CARTESIAN_POINT('Origin',(7.90000000000003,29.45,21.95));
#11096=CARTESIAN_POINT('Origin',(7.30000000000003,29.45,21.95));
#11097=CARTESIAN_POINT('Origin',(7.90000000000002,18.6375,21.95));
#11098=CARTESIAN_POINT('',(8.50000000000003,23.85,21.95));
#11099=CARTESIAN_POINT('',(7.90000000000003,23.85,22.55));
#11100=CARTESIAN_POINT('Origin',(7.90000000000003,23.85,21.95));
#11101=CARTESIAN_POINT('',(8.50000000000002,18.6375,21.95));
#11102=CARTESIAN_POINT('',(7.90000000000002,18.6375,22.55));
#11103=CARTESIAN_POINT('Ctrl Pts',(8.50000000000003,23.85,21.95));
#11104=CARTESIAN_POINT('Ctrl Pts',(8.50000000000003,22.65,21.95));
#11105=CARTESIAN_POINT('Ctrl Pts',(7.30000000000003,22.65,21.95));
#11106=CARTESIAN_POINT('Ctrl Pts',(8.50000000000003,23.85,22.55));
#11107=CARTESIAN_POINT('Ctrl Pts',(8.50000000000003,22.65,22.55));
#11108=CARTESIAN_POINT('Ctrl Pts',(7.30000000000003,22.65,22.55));
#11109=CARTESIAN_POINT('Ctrl Pts',(7.90000000000003,23.85,22.55));
#11110=CARTESIAN_POINT('Ctrl Pts',(7.90000000000003,23.25,22.55));
#11111=CARTESIAN_POINT('Ctrl Pts',(7.30000000000003,23.25,22.55));
#11112=CARTESIAN_POINT('',(7.30000000000002,22.65,21.95));
#11113=CARTESIAN_POINT('',(7.30000000000003,23.25,22.55));
#11114=CARTESIAN_POINT('Origin',(7.30000000000003,23.25,21.95));
#11115=CARTESIAN_POINT('Origin',(7.30000000000003,23.85,21.95));
#11116=CARTESIAN_POINT('Origin',(7.30000000000003,23.85,22.55));
#11117=CARTESIAN_POINT('Origin',(8.50000000000004,30.65,21.15));
#11118=CARTESIAN_POINT('',(8.50000000000002,23.85,21.15));
#11119=CARTESIAN_POINT('',(8.50000000000003,23.85,21.15));
#11120=CARTESIAN_POINT('',(8.50000000000003,29.45,21.15));
#11121=CARTESIAN_POINT('',(8.50000000000002,23.125,21.15));
#11122=CARTESIAN_POINT('',(8.50000000000003,29.45,21.15));
#11123=CARTESIAN_POINT('Origin',(7.30000000000003,29.45,21.15));
#11124=CARTESIAN_POINT('',(7.30000000000004,30.65,21.15));
#11125=CARTESIAN_POINT('Origin',(7.30000000000003,29.45,21.15));
#11126=CARTESIAN_POINT('',(7.30000000000004,30.65,21.15));
#11127=CARTESIAN_POINT('Origin',(13.25,30.05,21.95));
#11128=CARTESIAN_POINT('',(5.70000000000003,30.65,21.95));
#11129=CARTESIAN_POINT('',(13.25,30.65,21.95));
#11130=CARTESIAN_POINT('',(5.70000000000003,30.05,22.55));
#11131=CARTESIAN_POINT('Origin',(5.70000000000003,30.05,21.95));
#11132=CARTESIAN_POINT('',(13.25,30.05,22.55));
#11133=CARTESIAN_POINT('Ctrl Pts',(4.50000000000002,29.45,21.95));
#11134=CARTESIAN_POINT('Ctrl Pts',(4.50000000000002,30.65,21.95));
#11135=CARTESIAN_POINT('Ctrl Pts',(5.70000000000003,30.65,21.95));
#11136=CARTESIAN_POINT('Ctrl Pts',(4.50000000000002,29.45,22.55));
#11137=CARTESIAN_POINT('Ctrl Pts',(4.50000000000002,30.65,22.55));
#11138=CARTESIAN_POINT('Ctrl Pts',(5.70000000000003,30.65,22.55));
#11139=CARTESIAN_POINT('Ctrl Pts',(5.10000000000003,29.45,22.55));
#11140=CARTESIAN_POINT('Ctrl Pts',(5.10000000000003,30.05,22.55));
#11141=CARTESIAN_POINT('Ctrl Pts',(5.70000000000003,30.05,22.55));
#11142=CARTESIAN_POINT('',(5.10000000000003,29.45,22.55));
#11143=CARTESIAN_POINT('',(4.50000000000002,29.45,21.95));
#11144=CARTESIAN_POINT('Origin',(5.10000000000003,29.45,21.95));
#11145=CARTESIAN_POINT('Origin',(5.70000000000003,29.45,22.55));
#11146=CARTESIAN_POINT('Origin',(5.70000000000003,29.45,21.95));
#11147=CARTESIAN_POINT('Origin',(5.1,14.6375,21.95));
#11148=CARTESIAN_POINT('',(5.10000000000002,23.85,22.55));
#11149=CARTESIAN_POINT('',(4.50000000000002,23.85,21.95));
#11150=CARTESIAN_POINT('Origin',(5.10000000000002,23.85,21.95));
#11151=CARTESIAN_POINT('',(5.1,14.6375,22.55));
#11152=CARTESIAN_POINT('',(4.5,14.6375,21.95));
#11153=CARTESIAN_POINT('Ctrl Pts',(5.70000000000001,22.65,21.95));
#11154=CARTESIAN_POINT('Ctrl Pts',(4.50000000000002,22.65,21.95));
#11155=CARTESIAN_POINT('Ctrl Pts',(4.50000000000001,23.85,21.95));
#11156=CARTESIAN_POINT('Ctrl Pts',(5.70000000000001,22.65,22.55));
#11157=CARTESIAN_POINT('Ctrl Pts',(4.50000000000002,22.65,22.55));
#11158=CARTESIAN_POINT('Ctrl Pts',(4.50000000000001,23.85,22.55));
#11159=CARTESIAN_POINT('Ctrl Pts',(5.70000000000001,23.25,22.55));
#11160=CARTESIAN_POINT('Ctrl Pts',(5.10000000000002,23.25,22.55));
#11161=CARTESIAN_POINT('Ctrl Pts',(5.10000000000002,23.85,22.55));
#11162=CARTESIAN_POINT('',(5.70000000000001,23.25,22.55));
#11163=CARTESIAN_POINT('',(5.70000000000001,22.65,21.95));
#11164=CARTESIAN_POINT('Origin',(5.70000000000001,23.25,21.95));
#11165=CARTESIAN_POINT('Origin',(5.70000000000001,23.85,22.55));
#11166=CARTESIAN_POINT('Origin',(5.70000000000001,23.85,21.95));
#11167=CARTESIAN_POINT('Origin',(22.,6.625,22.55));
#11168=CARTESIAN_POINT('',(15.25,23.25,22.55));
#11169=CARTESIAN_POINT('Origin',(7.30000000000003,23.85,21.15));
#11170=CARTESIAN_POINT('',(7.30000000000002,22.65,21.15));
#11171=CARTESIAN_POINT('',(7.30000000000002,22.65,21.15));
#11172=CARTESIAN_POINT('Origin',(7.30000000000003,23.85,21.15));
#11173=CARTESIAN_POINT('Origin',(5.70000000000001,23.85,21.15));
#11174=CARTESIAN_POINT('',(4.50000000000002,23.85,21.15));
#11175=CARTESIAN_POINT('',(4.50000000000002,23.85,21.15));
#11176=CARTESIAN_POINT('',(5.70000000000001,22.65,21.15));
#11177=CARTESIAN_POINT('Origin',(5.70000000000001,23.85,21.15));
#11178=CARTESIAN_POINT('',(5.70000000000001,22.65,21.15));
#11179=CARTESIAN_POINT('Origin',(5.70000000000003,29.45,21.15));
#11180=CARTESIAN_POINT('',(5.70000000000003,30.65,21.15));
#11181=CARTESIAN_POINT('',(5.70000000000003,30.65,21.15));
#11182=CARTESIAN_POINT('',(4.50000000000003,29.45,21.15));
#11183=CARTESIAN_POINT('Origin',(5.70000000000003,29.45,21.15));
#11184=CARTESIAN_POINT('',(4.50000000000002,29.45,21.15));
#11185=CARTESIAN_POINT('Origin',(35.799,25.849,4.8));
#11186=CARTESIAN_POINT('',(35.799,25.849,4.8));
#11187=CARTESIAN_POINT('',(35.799,29.251,4.8));
#11188=CARTESIAN_POINT('',(35.799,26.6995,4.8));
#11189=CARTESIAN_POINT('',(35.799,29.251,5.1));
#11190=CARTESIAN_POINT('',(35.799,29.251,4.8));
#11191=CARTESIAN_POINT('',(35.799,25.849,5.1));
#11192=CARTESIAN_POINT('',(35.799,25.849,5.1));
#11193=CARTESIAN_POINT('',(35.799,25.849,4.8));
#11194=CARTESIAN_POINT('Origin',(39.201,29.251,4.8));
#11195=CARTESIAN_POINT('',(39.201,29.251,4.8));
#11196=CARTESIAN_POINT('',(39.201,25.849,4.8));
#11197=CARTESIAN_POINT('',(39.201,28.4005,4.8));
#11198=CARTESIAN_POINT('',(39.201,25.849,5.1));
#11199=CARTESIAN_POINT('',(39.201,25.849,4.8));
#11200=CARTESIAN_POINT('',(39.201,29.251,5.1));
#11201=CARTESIAN_POINT('',(39.201,25.849,5.1));
#11202=CARTESIAN_POINT('',(39.201,29.251,4.8));
#11203=CARTESIAN_POINT('Origin',(37.5,27.55,5.1));
#11204=CARTESIAN_POINT('',(35.0288466255612,25.849,5.1));
#11205=CARTESIAN_POINT('',(39.9711533744387,29.251,5.1));
#11206=CARTESIAN_POINT('',(39.2,27.55,5.1));
#11207=CARTESIAN_POINT('Origin',(37.5,27.55,5.1));
#11208=CARTESIAN_POINT('Origin',(37.5,27.55,4.8));
#11209=CARTESIAN_POINT('',(35.0288466255612,25.849,4.8));
#11210=CARTESIAN_POINT('',(35.0288466255612,25.849,4.8));
#11211=CARTESIAN_POINT('',(35.0288466255612,29.251,4.8));
#11212=CARTESIAN_POINT('Origin',(37.5,27.55,4.8));
#11213=CARTESIAN_POINT('',(35.0288466255612,29.251,4.8));
#11214=CARTESIAN_POINT('Origin',(35.0288466255612,29.251,4.5));
#11215=CARTESIAN_POINT('',(35.0288466255612,29.251,4.5));
#11216=CARTESIAN_POINT('',(39.9711533744387,29.251,4.5));
#11217=CARTESIAN_POINT('',(36.2644233127806,29.251,4.5));
#11218=CARTESIAN_POINT('',(39.9711533744387,29.251,4.8));
#11219=CARTESIAN_POINT('',(39.9711533744387,29.251,4.5));
#11220=CARTESIAN_POINT('',(35.0288466255612,29.251,4.8));
#11221=CARTESIAN_POINT('',(35.0288466255612,29.251,4.5));
#11222=CARTESIAN_POINT('Origin',(39.9711533744387,25.849,4.5));
#11223=CARTESIAN_POINT('',(39.9711533744387,25.849,4.5));
#11224=CARTESIAN_POINT('',(35.0288466255612,25.849,4.5));
#11225=CARTESIAN_POINT('',(38.7355766872194,25.849,4.5));
#11226=CARTESIAN_POINT('',(35.0288466255612,25.849,4.5));
#11227=CARTESIAN_POINT('',(39.9711533744387,25.849,4.8));
#11228=CARTESIAN_POINT('',(35.0288466255612,25.849,4.8));
#11229=CARTESIAN_POINT('',(39.9711533744387,25.849,4.5));
#11230=CARTESIAN_POINT('Origin',(37.5,27.55,4.8));
#11231=CARTESIAN_POINT('',(40.5,27.55,4.8));
#11232=CARTESIAN_POINT('Origin',(37.5,27.55,4.8));
#11233=CARTESIAN_POINT('Origin',(37.5,27.55,4.8));
#11234=CARTESIAN_POINT('Origin',(37.5,27.55,4.5));
#11235=CARTESIAN_POINT('Origin',(37.5,27.55,4.5));
#11236=CARTESIAN_POINT('Origin',(37.5,27.55,20.95));
#11237=CARTESIAN_POINT('',(39.6,27.55,21.15));
#11238=CARTESIAN_POINT('Origin',(37.5,27.55,21.15));
#11239=CARTESIAN_POINT('',(39.2,27.55,20.75));
#11240=CARTESIAN_POINT('',(39.4,27.55,20.95));
#11241=CARTESIAN_POINT('Origin',(37.5,27.55,20.75));
#11242=CARTESIAN_POINT('Origin',(37.5,27.55,0.));
#11243=CARTESIAN_POINT('',(39.2,27.55,0.));
#11244=CARTESIAN_POINT('Origin',(37.5,15.5,21.15));
#11245=CARTESIAN_POINT('',(42.75,15.5,21.15));
#11246=CARTESIAN_POINT('',(42.75,30.45,21.15));
#11247=CARTESIAN_POINT('',(42.75,15.5,21.15));
#11248=CARTESIAN_POINT('',(40.15,33.05,21.15));
#11249=CARTESIAN_POINT('Origin',(40.15,30.45,21.15));
#11250=CARTESIAN_POINT('',(34.85,33.05,21.15));
#11251=CARTESIAN_POINT('',(40.325,33.05,21.15));
#11252=CARTESIAN_POINT('',(32.25,30.45,21.15));
#11253=CARTESIAN_POINT('Origin',(34.85,30.45,21.15));
#11254=CARTESIAN_POINT('',(32.25,15.5,21.15));
#11255=CARTESIAN_POINT('',(32.25,24.475,21.15));
#11256=CARTESIAN_POINT('Origin',(37.5,15.5,21.15));
#11257=CARTESIAN_POINT('',(40.9,15.5,21.15));
#11258=CARTESIAN_POINT('Origin',(37.5,15.5,21.15));
#11259=CARTESIAN_POINT('',(36.7,20.025,21.15));
#11260=CARTESIAN_POINT('',(38.3,20.025,21.15));
#11261=CARTESIAN_POINT('',(38.5,20.025,21.15));
#11262=CARTESIAN_POINT('',(35.5,21.225,21.15));
#11263=CARTESIAN_POINT('Origin',(36.7,21.225,21.15));
#11264=CARTESIAN_POINT('',(35.5,21.825,21.15));
#11265=CARTESIAN_POINT('',(35.5,17.7625,21.15));
#11266=CARTESIAN_POINT('',(36.7,23.025,21.15));
#11267=CARTESIAN_POINT('Origin',(36.7,21.825,21.15));
#11268=CARTESIAN_POINT('',(38.3,23.025,21.15));
#11269=CARTESIAN_POINT('',(36.5,23.025,21.15));
#11270=CARTESIAN_POINT('',(39.5,21.825,21.15));
#11271=CARTESIAN_POINT('Origin',(38.3,21.825,21.15));
#11272=CARTESIAN_POINT('',(39.5,21.225,21.15));
#11273=CARTESIAN_POINT('',(39.5,19.2625,21.15));
#11274=CARTESIAN_POINT('Origin',(38.3,21.225,21.15));
#11275=CARTESIAN_POINT('Origin',(22.,0.,-0.3));
#11276=CARTESIAN_POINT('',(10.7409200968523,9.91126226746803,-0.1));
#11277=CARTESIAN_POINT('',(10.4406779661017,10.1755625946005,-0.5));
#11278=CARTESIAN_POINT('',(10.7409200968523,9.91126226746803,-0.1));
#11279=CARTESIAN_POINT('',(33.2590799031477,9.91126226746803,-0.1));
#11280=CARTESIAN_POINT('Origin',(22.,0.,-0.1));
#11281=CARTESIAN_POINT('',(33.5593220338983,10.1755625946005,-0.5));
#11282=CARTESIAN_POINT('',(33.5593220338983,10.1755625946005,-0.5));
#11283=CARTESIAN_POINT('Origin',(22.,0.,-0.5));
#11284=CARTESIAN_POINT('Origin',(6.5,13.6445043882143,-0.3));
#11285=CARTESIAN_POINT('',(11.75,13.6445043882143,-0.5));
#11286=CARTESIAN_POINT('Origin',(6.5,13.6445043882143,-0.5));
#11287=CARTESIAN_POINT('',(12.15,13.6445043882143,-0.1));
#11288=CARTESIAN_POINT('',(12.15,13.6445043882143,-0.1));
#11289=CARTESIAN_POINT('Origin',(6.5,13.6445043882143,-0.1));
#11290=CARTESIAN_POINT('Origin',(11.95,7.75,-0.300000000000002));
#11291=CARTESIAN_POINT('',(12.15,30.45,-0.100000000000004));
#11292=CARTESIAN_POINT('',(11.75,30.45,-0.5));
#11293=CARTESIAN_POINT('',(12.15,30.45,-0.100000000000004));
#11294=CARTESIAN_POINT('',(12.15,7.75,-0.100000000000004));
#11295=CARTESIAN_POINT('',(11.75,7.75,-0.5));
#11296=CARTESIAN_POINT('Origin',(9.15,30.45,-0.300000000000002));
#11297=CARTESIAN_POINT('',(9.15,33.45,-0.100000000000004));
#11298=CARTESIAN_POINT('',(9.15,33.05,-0.5));
#11299=CARTESIAN_POINT('',(9.15,33.45,-0.100000000000004));
#11300=CARTESIAN_POINT('Origin',(9.15,30.45,-0.100000000000004));
#11301=CARTESIAN_POINT('Origin',(9.15,30.45,-0.5));
#11302=CARTESIAN_POINT('Origin',(17.075,33.25,-0.300000000000002));
#11303=CARTESIAN_POINT('',(3.85,33.45,-0.100000000000004));
#11304=CARTESIAN_POINT('',(3.85000000000001,33.05,-0.5));
#11305=CARTESIAN_POINT('',(3.85,33.45,-0.100000000000004));
#11306=CARTESIAN_POINT('',(17.075,33.45,-0.100000000000004));
#11307=CARTESIAN_POINT('',(17.075,33.05,-0.5));
#11308=CARTESIAN_POINT('Origin',(3.85,30.45,-0.300000000000002));
#11309=CARTESIAN_POINT('',(0.850000000000004,30.45,-0.100000000000004));
#11310=CARTESIAN_POINT('',(1.25,30.45,-0.5));
#11311=CARTESIAN_POINT('',(0.850000000000004,30.45,-0.100000000000004));
#11312=CARTESIAN_POINT('Origin',(3.85,30.45,-0.100000000000004));
#11313=CARTESIAN_POINT('Origin',(3.85,30.45,-0.5));
#11314=CARTESIAN_POINT('Origin',(1.05,16.725,-0.3));
#11315=CARTESIAN_POINT('',(0.850000000000004,-15.5,-0.0999999999999997));
#11316=CARTESIAN_POINT('',(1.25,-15.5,-0.5));
#11317=CARTESIAN_POINT('',(0.850000000000004,-15.5,-0.0999999999999997));
#11318=CARTESIAN_POINT('',(0.850000000000004,16.725,-0.0999999999999997));
#11319=CARTESIAN_POINT('',(1.25,16.725,-0.5));
#11320=CARTESIAN_POINT('Origin',(6.5,-15.5,-0.3));
#11321=CARTESIAN_POINT('',(6.50000014718508,-20.75,-0.5));
#11322=CARTESIAN_POINT('Origin',(6.5,-15.5,-0.5));
#11323=CARTESIAN_POINT('',(6.50000015839918,-21.15,-0.1));
#11324=CARTESIAN_POINT('',(6.50000015839918,-21.15,-0.1));
#11325=CARTESIAN_POINT('Origin',(6.5,-15.5,-0.1));
#11326=CARTESIAN_POINT('Origin',(29.7500000733448,-20.95,-0.3));
#11327=CARTESIAN_POINT('',(37.5000001466897,-21.15,-0.1));
#11328=CARTESIAN_POINT('',(37.5000001466897,-20.75,-0.5));
#11329=CARTESIAN_POINT('',(37.5000001466897,-21.15,-0.1));
#11330=CARTESIAN_POINT('',(29.7500000733448,-21.15,-0.1));
#11331=CARTESIAN_POINT('',(29.7500000733448,-20.75,-0.5));
#11332=CARTESIAN_POINT('Origin',(37.5,-15.5,-0.3));
#11333=CARTESIAN_POINT('',(42.75,-15.500000135828,-0.5));
#11334=CARTESIAN_POINT('Origin',(37.5,-15.5,-0.5));
#11335=CARTESIAN_POINT('',(43.15,-15.5000001461768,-0.1));
#11336=CARTESIAN_POINT('',(43.15,-15.5000001461768,-0.1));
#11337=CARTESIAN_POINT('Origin',(37.5,-15.5,-0.1));
#11338=CARTESIAN_POINT('Origin',(42.95,7.75,-0.300000000000002));
#11339=CARTESIAN_POINT('',(43.15,30.45,-0.100000000000004));
#11340=CARTESIAN_POINT('',(42.75,30.45,-0.5));
#11341=CARTESIAN_POINT('',(43.15,30.45,-0.100000000000004));
#11342=CARTESIAN_POINT('',(43.15,7.75,-0.100000000000004));
#11343=CARTESIAN_POINT('',(42.75,7.75,-0.5));
#11344=CARTESIAN_POINT('Origin',(40.15,30.45,-0.300000000000002));
#11345=CARTESIAN_POINT('',(40.15,33.45,-0.100000000000004));
#11346=CARTESIAN_POINT('',(40.15,33.05,-0.5));
#11347=CARTESIAN_POINT('',(40.15,33.45,-0.100000000000004));
#11348=CARTESIAN_POINT('Origin',(40.15,30.45,-0.100000000000004));
#11349=CARTESIAN_POINT('Origin',(40.15,30.45,-0.5));
#11350=CARTESIAN_POINT('Origin',(32.575,33.25,-0.300000000000002));
#11351=CARTESIAN_POINT('',(34.85,33.45,-0.100000000000004));
#11352=CARTESIAN_POINT('',(34.85,33.05,-0.5));
#11353=CARTESIAN_POINT('',(34.85,33.45,-0.100000000000004));
#11354=CARTESIAN_POINT('',(32.575,33.45,-0.100000000000004));
#11355=CARTESIAN_POINT('',(32.575,33.05,-0.5));
#11356=CARTESIAN_POINT('Origin',(34.85,30.45,-0.300000000000002));
#11357=CARTESIAN_POINT('',(31.85,30.45,-0.100000000000004));
#11358=CARTESIAN_POINT('',(32.25,30.45,-0.5));
#11359=CARTESIAN_POINT('',(31.85,30.45,-0.100000000000004));
#11360=CARTESIAN_POINT('Origin',(34.85,30.45,-0.100000000000004));
#11361=CARTESIAN_POINT('Origin',(34.85,30.45,-0.5));
#11362=CARTESIAN_POINT('Origin',(32.05,16.725,-0.3));
#11363=CARTESIAN_POINT('',(31.85,13.6445043882143,-0.0999999999999997));
#11364=CARTESIAN_POINT('',(32.25,13.6445043882143,-0.5));
#11365=CARTESIAN_POINT('',(31.85,13.6445043882143,-0.0999999999999997));
#11366=CARTESIAN_POINT('',(31.85,16.725,-0.0999999999999997));
#11367=CARTESIAN_POINT('',(32.25,16.725,-0.5));
#11368=CARTESIAN_POINT('Origin',(37.5,13.6445043882143,-0.3));
#11369=CARTESIAN_POINT('Origin',(37.5,13.6445043882143,-0.5));
#11370=CARTESIAN_POINT('Origin',(37.5,13.6445043882143,-0.1));
#11371=CARTESIAN_POINT('Origin',(6.5,-15.5,0.));
#11372=CARTESIAN_POINT('',(6.50000015839918,-21.15,5.5));
#11373=CARTESIAN_POINT('',(6.50000015839918,-21.15,0.));
#11374=CARTESIAN_POINT('',(6.5,-21.15,20.75));
#11375=CARTESIAN_POINT('',(6.5,-21.15,0.));
#11376=CARTESIAN_POINT('',(6.5,-9.85000000000001,20.75));
#11377=CARTESIAN_POINT('Origin',(6.5,-15.5,20.75));
#11378=CARTESIAN_POINT('',(6.5,-9.85000000000001,10.5));
#11379=CARTESIAN_POINT('',(6.5,-9.85000000000001,0.));
#11380=CARTESIAN_POINT('',(4.0330985915493,-10.4169991696849,10.5));
#11381=CARTESIAN_POINT('Origin',(6.5,-15.5,10.5));
#11382=CARTESIAN_POINT('',(0.850000000000004,-15.5,4.5));
#11383=CARTESIAN_POINT('Ctrl Pts',(4.03309859154929,-10.4169991696849,10.5));
#11384=CARTESIAN_POINT('Ctrl Pts',(3.6038535489501,-10.6253220158751,10.5));
#11385=CARTESIAN_POINT('Ctrl Pts',(3.00438270637429,-11.0193449342857,10.2550532217541));
#11386=CARTESIAN_POINT('Ctrl Pts',(2.34949979183192,-11.6476488409529,9.6243903328549));
#11387=CARTESIAN_POINT('Ctrl Pts',(1.93692623083203,-12.1479963161265,9.0477575887697));
#11388=CARTESIAN_POINT('Ctrl Pts',(1.59316313598563,-12.6762319632959,8.38838392570217));
#11389=CARTESIAN_POINT('Ctrl Pts',(1.22626883873406,-13.4042535437167,7.4315008968304));
#11390=CARTESIAN_POINT('Ctrl Pts',(0.929158888661279,-14.3424943490519,
6.13760669436752));
#11391=CARTESIAN_POINT('Ctrl Pts',(0.850403012245804,-15.1118874583382,
5.04912324974299));
#11392=CARTESIAN_POINT('Ctrl Pts',(0.850001473401212,-15.4955974244586,
4.50622881095066));
#11393=CARTESIAN_POINT('Ctrl Pts',(0.850000000000005,-15.4977988810048,
4.50311419284306));
#11394=CARTESIAN_POINT('Ctrl Pts',(0.850000000000005,-15.5,4.5));
#11395=CARTESIAN_POINT('',(0.850000000000004,-15.5,0.));
#11396=CARTESIAN_POINT('Origin',(0.850000000000004,33.45,21.15));
#11397=CARTESIAN_POINT('',(0.850000000000004,15.5,4.5));
#11398=CARTESIAN_POINT('',(0.850000000000004,-7.75,4.5));
#11399=CARTESIAN_POINT('',(0.850000000000004,15.5,20.75));
#11400=CARTESIAN_POINT('',(0.850000000000004,15.5,0.));
#11401=CARTESIAN_POINT('',(0.850000000000004,30.45,20.75));
#11402=CARTESIAN_POINT('',(0.850000000000004,24.475,20.75));
#11403=CARTESIAN_POINT('',(0.850000000000004,30.45,21.15));
#11404=CARTESIAN_POINT('Origin',(3.85,30.45,21.15));
#11405=CARTESIAN_POINT('',(3.85,33.45,20.75));
#11406=CARTESIAN_POINT('Origin',(3.85,30.45,20.75));
#11407=CARTESIAN_POINT('',(3.85,33.45,21.15));
#11408=CARTESIAN_POINT('Origin',(12.15,33.45,21.15));
#11409=CARTESIAN_POINT('',(9.15,33.45,20.75));
#11410=CARTESIAN_POINT('',(9.325,33.45,20.75));
#11411=CARTESIAN_POINT('',(9.15,33.45,21.15));
#11412=CARTESIAN_POINT('Origin',(9.15,30.45,21.15));
#11413=CARTESIAN_POINT('',(12.15,30.45,20.75));
#11414=CARTESIAN_POINT('Origin',(9.15,30.45,20.75));
#11415=CARTESIAN_POINT('',(12.15,30.45,21.15));
#11416=CARTESIAN_POINT('Origin',(12.15,15.5,21.15));
#11417=CARTESIAN_POINT('',(12.15,15.5,20.75));
#11418=CARTESIAN_POINT('',(12.15,15.5,20.75));
#11419=CARTESIAN_POINT('',(12.15,15.5,4.5));
#11420=CARTESIAN_POINT('',(12.15,15.5,0.));
#11421=CARTESIAN_POINT('',(12.15,13.6445043882143,4.5));
#11422=CARTESIAN_POINT('',(12.15,7.75,4.5));
#11423=CARTESIAN_POINT('',(12.15,13.6445043882143,0.));
#11424=CARTESIAN_POINT('Origin',(6.5,13.6445043882143,0.));
#11425=CARTESIAN_POINT('',(11.6847596383627,11.3993390285124,4.5));
#11426=CARTESIAN_POINT('Origin',(6.5,13.6445043882143,4.5));
#11427=CARTESIAN_POINT('',(10.7409200968523,9.91126226746803,4.5));
#11428=CARTESIAN_POINT('Origin',(6.5,13.6445043882143,4.5));
#11429=CARTESIAN_POINT('',(10.7409200968523,9.91126226746803,0.));
#11430=CARTESIAN_POINT('Origin',(22.,0.,0.));
#11431=CARTESIAN_POINT('',(11.9523090339123,-11.1375,4.5));
#11432=CARTESIAN_POINT('Origin',(22.,0.,4.5));
#11433=CARTESIAN_POINT('',(11.9523090339123,-11.1375,10.193610741362));
#11434=CARTESIAN_POINT('',(11.9523090339123,-11.1375,0.));
#11435=CARTESIAN_POINT('',(32.0476909660877,-11.1375,10.193610741362));
#11436=CARTESIAN_POINT('Origin',(22.,0.,30.5936305808126));
#11437=CARTESIAN_POINT('',(32.0476909660877,-11.1375,4.5));
#11438=CARTESIAN_POINT('',(32.0476909660877,-11.1375,0.));
#11439=CARTESIAN_POINT('',(33.2590799031477,9.91126226746803,4.5));
#11440=CARTESIAN_POINT('Origin',(22.,0.,4.5));
#11441=CARTESIAN_POINT('',(33.2590799031477,9.91126226746803,0.));
#11442=CARTESIAN_POINT('Origin',(22.,0.,-0.5));
#11443=CARTESIAN_POINT('',(40.9,27.55,-0.5));
#11444=CARTESIAN_POINT('Origin',(37.5,27.55,-0.5));
#11445=CARTESIAN_POINT('',(39.6,-15.5,-0.5));
#11446=CARTESIAN_POINT('Origin',(37.5,-15.5,-0.5));
#11447=CARTESIAN_POINT('',(39.6,15.5,-0.5));
#11448=CARTESIAN_POINT('Origin',(37.5,15.5,-0.5));
#11449=CARTESIAN_POINT('',(8.6,-15.5,-0.5));
#11450=CARTESIAN_POINT('Origin',(6.5,-15.5,-0.5));
#11451=CARTESIAN_POINT('',(8.6,15.5,-0.5));
#11452=CARTESIAN_POINT('Origin',(6.5,15.5,-0.5));
#11453=CARTESIAN_POINT('Origin',(37.5,-15.5,16.55));
#11454=CARTESIAN_POINT('',(39.2,-15.5,16.45));
#11455=CARTESIAN_POINT('Origin',(37.5,-15.5,16.45));
#11456=CARTESIAN_POINT('',(39.4,-15.5,16.65));
#11457=CARTESIAN_POINT('',(39.3,-15.5,16.55));
#11458=CARTESIAN_POINT('Origin',(37.5,-15.5,16.65));
#11459=CARTESIAN_POINT('Origin',(37.5,-15.5,0.));
#11460=CARTESIAN_POINT('',(39.2,-15.5,-0.1));
#11461=CARTESIAN_POINT('',(39.2,-15.5,0.));
#11462=CARTESIAN_POINT('Origin',(37.5,-15.5,-0.1));
#11463=CARTESIAN_POINT('Origin',(37.5,0.,16.65));
#11464=CARTESIAN_POINT('',(40.5,-15.5,16.65));
#11465=CARTESIAN_POINT('Origin',(37.5,-15.5,16.65));
#11466=CARTESIAN_POINT('Origin',(37.5,15.5,16.55));
#11467=CARTESIAN_POINT('',(39.2,15.5,16.45));
#11468=CARTESIAN_POINT('Origin',(37.5,15.5,16.45));
#11469=CARTESIAN_POINT('',(39.4,15.5,16.65));
#11470=CARTESIAN_POINT('',(39.3,15.5,16.55));
#11471=CARTESIAN_POINT('Origin',(37.5,15.5,16.65));
#11472=CARTESIAN_POINT('Origin',(37.5,15.5,0.));
#11473=CARTESIAN_POINT('',(39.2,15.5,-0.1));
#11474=CARTESIAN_POINT('',(39.2,15.5,0.));
#11475=CARTESIAN_POINT('Origin',(37.5,15.5,-0.1));
#11476=CARTESIAN_POINT('Origin',(37.5,0.,16.65));
#11477=CARTESIAN_POINT('',(40.5,15.5,16.65));
#11478=CARTESIAN_POINT('Origin',(37.5,15.5,16.65));
#11479=CARTESIAN_POINT('Origin',(37.5,-15.5,10.5));
#11480=CARTESIAN_POINT('',(42.15,-5.91876834639722,5.5));
#11481=CARTESIAN_POINT('',(39.9669014084507,-10.4169991696849,10.5));
#11482=CARTESIAN_POINT('Origin',(42.15,-5.91876834639722,10.5));
#11483=CARTESIAN_POINT('',(37.5,-4.85000000000001,5.5));
#11484=CARTESIAN_POINT('Origin',(37.5,-15.5,5.5));
#11485=CARTESIAN_POINT('',(37.5,-9.85000000000002,10.5));
#11486=CARTESIAN_POINT('Origin',(37.5,-4.85000000000001,10.5));
#11487=CARTESIAN_POINT('Origin',(37.5,-15.5,10.5));
#11488=CARTESIAN_POINT('Origin',(29.75,-4.85000000000001,10.5));
#11489=CARTESIAN_POINT('',(37.2472128600607,-9.85000000000002,10.5));
#11490=CARTESIAN_POINT('',(37.2472128600607,-4.85000000000002,5.5));
#11491=CARTESIAN_POINT('Origin',(37.2472128600607,-4.85000000000002,10.5));
#11492=CARTESIAN_POINT('',(29.75,-9.85000000000001,10.5));
#11493=CARTESIAN_POINT('',(29.75,-4.85000000000001,5.5));
#11494=CARTESIAN_POINT('Ctrl Pts',(43.15,-15.5,4.5));
#11495=CARTESIAN_POINT('Ctrl Pts',(43.15,-15.4958509880916,4.50051903214114));
#11496=CARTESIAN_POINT('Ctrl Pts',(43.1500005813079,-15.4916997385719,4.50103933735663));
#11497=CARTESIAN_POINT('Ctrl Pts',(43.1488459180457,-13.3313573817705,4.77055394922296));
#11498=CARTESIAN_POINT('Ctrl Pts',(43.0075792157218,-10.4000835428059,5.14210511582371));
#11499=CARTESIAN_POINT('Ctrl Pts',(42.5373712431705,-7.3070428446723,5.44548891040148));
#11500=CARTESIAN_POINT('Ctrl Pts',(42.2848513186926,-6.31144769364064,5.5));
#11501=CARTESIAN_POINT('Ctrl Pts',(42.15,-5.91876834639722,5.5));
#11502=CARTESIAN_POINT('Ctrl Pts',(43.15,-15.5,4.5));
#11503=CARTESIAN_POINT('Ctrl Pts',(43.1511855809833,-15.4963362678816,4.50108108288241));
#11504=CARTESIAN_POINT('Ctrl Pts',(43.1488999418061,-15.4923355943161,4.5019649231115));
#11505=CARTESIAN_POINT('Ctrl Pts',(43.1678537281831,-13.52769860865,5.03061349375426));
#11506=CARTESIAN_POINT('Ctrl Pts',(42.6573274102605,-10.8485467347673,5.74502072508837));
#11507=CARTESIAN_POINT('Ctrl Pts',(41.7566372070394,-8.29202101999273,5.76508654002465));
#11508=CARTESIAN_POINT('Ctrl Pts',(41.5430781255833,-7.55095013548408,5.58937509574734));
#11509=CARTESIAN_POINT('Ctrl Pts',(41.4968184288311,-7.2646358615012,5.5));
#11510=CARTESIAN_POINT('Ctrl Pts',(43.15,-15.5,4.50000000000001));
#11511=CARTESIAN_POINT('Ctrl Pts',(43.1513770001396,-15.4971344532429,4.50183410675145));
#11512=CARTESIAN_POINT('Ctrl Pts',(43.1487157586681,-15.4934962534095,4.50380335434714));
#11513=CARTESIAN_POINT('Ctrl Pts',(43.174294997635,-13.8692745566261,5.47753675571703));
#11514=CARTESIAN_POINT('Ctrl Pts',(42.3516560108201,-11.6373643514513,6.83083824149282));
#11515=CARTESIAN_POINT('Ctrl Pts',(40.7935049982506,-10.0075906110608,7.13431408214242));
#11516=CARTESIAN_POINT('Ctrl Pts',(40.4246980788531,-9.70137952194277,6.89806646210419));
#11517=CARTESIAN_POINT('Ctrl Pts',(40.3660996438853,-9.59445921927449,6.75588957916953));
#11518=CARTESIAN_POINT('Ctrl Pts',(43.15,-15.5,4.50000000000001));
#11519=CARTESIAN_POINT('Ctrl Pts',(43.1508087455036,-15.4975829357489,4.50279609031937));
#11520=CARTESIAN_POINT('Ctrl Pts',(43.1492513175816,-15.4949823959277,4.5054460282094));
#11521=CARTESIAN_POINT('Ctrl Pts',(43.1593819419309,-14.2046721173642,5.92974901682101));
#11522=CARTESIAN_POINT('Ctrl Pts',(42.5317647877272,-12.4501163083918,7.89646733892832));
#11523=CARTESIAN_POINT('Ctrl Pts',(40.9445959108918,-10.9538945165586,9.26165551983479));
#11524=CARTESIAN_POINT('Ctrl Pts',(40.2739342615749,-10.5650313522801,9.42093738880199));
#11525=CARTESIAN_POINT('Ctrl Pts',(39.9669014084507,-10.4169991696849,9.37800262371793));
#11526=CARTESIAN_POINT('Ctrl Pts',(43.15,-15.5,4.50000000000001));
#11527=CARTESIAN_POINT('Ctrl Pts',(43.15,-15.4977988810073,4.5031141928461));
#11528=CARTESIAN_POINT('Ctrl Pts',(43.1500018503602,-15.4955965749231,4.50623602413981));
#11529=CARTESIAN_POINT('Ctrl Pts',(43.1463264433598,-14.3494994560559,6.12332369533746));
#11530=CARTESIAN_POINT('Ctrl Pts',(42.6966606021559,-12.7944105180146,8.35263069494237));
#11531=CARTESIAN_POINT('Ctrl Pts',(41.1999422669943,-11.153501603042,10.1729334624088));
#11532=CARTESIAN_POINT('Ctrl Pts',(40.3961464510498,-10.6253220158751,10.5));
#11533=CARTESIAN_POINT('Ctrl Pts',(39.9669014084507,-10.4169991696849,10.5));
#11534=CARTESIAN_POINT('',(43.15,-15.5000001461768,4.5));
#11535=CARTESIAN_POINT('Ctrl Pts',(43.15,-15.5,4.50000000000001));
#11536=CARTESIAN_POINT('Ctrl Pts',(43.15,-15.4977988810073,4.5031141928461));
#11537=CARTESIAN_POINT('Ctrl Pts',(43.1500018503602,-15.4955965749231,4.50623602413981));
#11538=CARTESIAN_POINT('Ctrl Pts',(43.1463264433598,-14.3494994560559,6.12332369533746));
#11539=CARTESIAN_POINT('Ctrl Pts',(42.6966606021559,-12.7944105180146,8.35263069494237));
#11540=CARTESIAN_POINT('Ctrl Pts',(41.1999422669943,-11.153501603042,10.1729334624088));
#11541=CARTESIAN_POINT('Ctrl Pts',(40.3961464510498,-10.6253220158751,10.5));
#11542=CARTESIAN_POINT('Ctrl Pts',(39.9669014084507,-10.4169991696849,10.5));
#11543=CARTESIAN_POINT('Ctrl Pts',(42.15,-5.91876834639722,5.5));
#11544=CARTESIAN_POINT('Ctrl Pts',(42.2848513186926,-6.31144769364064,5.5));
#11545=CARTESIAN_POINT('Ctrl Pts',(42.5373712431705,-7.3070428446723,5.44548891040148));
#11546=CARTESIAN_POINT('Ctrl Pts',(43.0075792157218,-10.4000835428059,5.14210511582371));
#11547=CARTESIAN_POINT('Ctrl Pts',(43.1488459180457,-13.3313573817705,4.77055394922296));
#11548=CARTESIAN_POINT('Ctrl Pts',(43.1500005813079,-15.4916997385719,4.50103933735663));
#11549=CARTESIAN_POINT('Ctrl Pts',(43.15,-15.4958509880916,4.50051903214114));
#11550=CARTESIAN_POINT('Ctrl Pts',(43.15,-15.5,4.5));
#11551=CARTESIAN_POINT('Ctrl Pts',(37.2472128600607,-4.85000000000001,5.5));
#11552=CARTESIAN_POINT('Ctrl Pts',(37.0952088244933,-5.00043050950566,5.5));
#11553=CARTESIAN_POINT('Ctrl Pts',(36.9351160651808,-5.16713629103552,5.48515011553305));
#11554=CARTESIAN_POINT('Ctrl Pts',(36.7698654375727,-5.34706024961844,5.45640582346148));
#11555=CARTESIAN_POINT('Ctrl Pts',(37.2472128600607,-5.59799825085472,5.5));
#11556=CARTESIAN_POINT('Ctrl Pts',(37.0952853277571,-5.73409709643578,5.52256597044866));
#11557=CARTESIAN_POINT('Ctrl Pts',(36.9285081211083,-5.88391360873099,5.53119969261813));
#11558=CARTESIAN_POINT('Ctrl Pts',(36.7506453893192,-6.04417067648474,5.52334743993399));
#11559=CARTESIAN_POINT('Ctrl Pts',(37.2472128600607,-7.09094112040403,5.84227271396272));
#11560=CARTESIAN_POINT('Ctrl Pts',(37.0629082481942,-7.18822133145341,5.89646425816757));
#11561=CARTESIAN_POINT('Ctrl Pts',(36.8551016395805,-7.29454938073241,5.93281394768745));
#11562=CARTESIAN_POINT('Ctrl Pts',(36.629969873697,-7.40633601667604,5.94364888652112));
#11563=CARTESIAN_POINT('Ctrl Pts',(37.2472128600607,-9.19406008264561,7.51490955465151));
#11564=CARTESIAN_POINT('Ctrl Pts',(36.9046562432639,-9.22017221320551,7.57158005173463));
#11565=CARTESIAN_POINT('Ctrl Pts',(36.5407382089033,-9.24821498578787,7.58545213090227));
#11566=CARTESIAN_POINT('Ctrl Pts',(36.1688380226339,-9.27734693298699,7.54972765958362));
#11567=CARTESIAN_POINT('Ctrl Pts',(37.2472128600607,-9.85000000000002,9.37800262371793));
#11568=CARTESIAN_POINT('Ctrl Pts',(36.7285625331243,-9.84955205604683,9.3996439377419));
#11569=CARTESIAN_POINT('Ctrl Pts',(36.2016009006145,-9.85044413936631,9.34913933926424));
#11570=CARTESIAN_POINT('Ctrl Pts',(35.6868713857079,-9.85000000000001,9.22837202801478));
#11571=CARTESIAN_POINT('Ctrl Pts',(37.2472128600607,-9.85000000000002,10.5));
#11572=CARTESIAN_POINT('Ctrl Pts',(36.6222921236521,-9.85000000000001,10.5));
#11573=CARTESIAN_POINT('Ctrl Pts',(35.9975475323804,-9.85000000000001,10.4109006931983));
#11574=CARTESIAN_POINT('Ctrl Pts',(35.3968655725059,-9.85000000000001,10.2384349407689));
#11575=CARTESIAN_POINT('',(35.3968655725059,-9.85000000000002,10.2384349407689));
#11576=CARTESIAN_POINT('',(36.7698654375727,-5.34706024961842,5.45640582346148));
#11577=CARTESIAN_POINT('Origin',(35.3968655725059,-4.85000000000002,10.2384349407689));
#11578=CARTESIAN_POINT('Ctrl Pts',(37.2472128600607,-9.85000000000002,10.5));
#11579=CARTESIAN_POINT('Ctrl Pts',(36.6222921236521,-9.85000000000001,10.5));
#11580=CARTESIAN_POINT('Ctrl Pts',(35.9975475323804,-9.85000000000001,10.4109006931983));
#11581=CARTESIAN_POINT('Ctrl Pts',(35.3968655725059,-9.85000000000001,10.2384349407689));
#11582=CARTESIAN_POINT('Ctrl Pts',(36.7698654375727,-5.34706024961844,5.45640582346148));
#11583=CARTESIAN_POINT('Ctrl Pts',(36.9351160651808,-5.16713629103552,5.48515011553305));
#11584=CARTESIAN_POINT('Ctrl Pts',(37.0952088244933,-5.00043050950566,5.5));
#11585=CARTESIAN_POINT('Ctrl Pts',(37.2472128600607,-4.85000000000001,5.5));
#11586=CARTESIAN_POINT('Ctrl Pts',(32.0476909660877,-11.1375,4.5));
#11587=CARTESIAN_POINT('Ctrl Pts',(32.048690086844,-11.1365986436276,4.5029480995321));
#11588=CARTESIAN_POINT('Ctrl Pts',(32.0496897614938,-11.1356976300282,4.50589650515001));
#11589=CARTESIAN_POINT('Ctrl Pts',(32.2049847878544,-10.9958009531654,4.96384709929396));
#11590=CARTESIAN_POINT('Ctrl Pts',(32.5323797586657,-10.7358864293431,5.87739809550117));
#11591=CARTESIAN_POINT('Ctrl Pts',(33.084919161348,-10.3999048110144,7.199711831547));
#11592=CARTESIAN_POINT('Ctrl Pts',(33.7243474103694,-10.119746296601,8.43522782539402));
#11593=CARTESIAN_POINT('Ctrl Pts',(34.4596018537486,-9.91658202356775,9.49312245260755));
#11594=CARTESIAN_POINT('Ctrl Pts',(35.0274629763811,-9.85498216735413,10.0108011054052));
#11595=CARTESIAN_POINT('Ctrl Pts',(35.3218828542405,-9.85056310836498,10.1936107713456));
#11596=CARTESIAN_POINT('Ctrl Pts',(32.0476909660877,-11.1375,4.5));
#11597=CARTESIAN_POINT('Ctrl Pts',(32.0490700332731,-11.1362552668672,4.50248206662252));
#11598=CARTESIAN_POINT('Ctrl Pts',(32.050452083717,-11.1350112735584,4.50495856381659));
#11599=CARTESIAN_POINT('Ctrl Pts',(32.2648672847069,-10.941822068138,4.89034770524859));
#11600=CARTESIAN_POINT('Ctrl Pts',(32.7239311817245,-10.5907875683125,5.65856659169189));
#11601=CARTESIAN_POINT('Ctrl Pts',(33.4804311930529,-10.1850466842155,6.74629829698983));
#11602=CARTESIAN_POINT('Ctrl Pts',(34.2853442119701,-9.916102471753,7.71101160134475));
#11603=CARTESIAN_POINT('Ctrl Pts',(35.0723493040171,-9.8032829428018,8.46070087765856));
#11604=CARTESIAN_POINT('Ctrl Pts',(35.5349212349533,-9.82311821601426,8.76930425814767));
#11605=CARTESIAN_POINT('Ctrl Pts',(35.7333997385143,-9.84438649624267,8.86779416318186));
#11606=CARTESIAN_POINT('Ctrl Pts',(32.0476909660877,-11.1375,4.5));
#11607=CARTESIAN_POINT('Ctrl Pts',(32.0497365970274,-11.1356517231546,4.50166141205613));
#11608=CARTESIAN_POINT('Ctrl Pts',(32.0517839331342,-11.1338121972438,4.50332240174731));
#11609=CARTESIAN_POINT('Ctrl Pts',(32.3696082581801,-10.8470419477334,4.76139438822829));
#11610=CARTESIAN_POINT('Ctrl Pts',(33.0338873377445,-10.3089404366011,5.27588128008099));
#11611=CARTESIAN_POINT('Ctrl Pts',(34.072656050611,-9.63674925438732,5.95251340121201));
#11612=CARTESIAN_POINT('Ctrl Pts',(35.099484891021,-9.13428339295893,6.44524082463352));
#11613=CARTESIAN_POINT('Ctrl Pts',(35.9778502462307,-8.84450603587659,6.66062549535477));
#11614=CARTESIAN_POINT('Ctrl Pts',(36.3369835993371,-8.7819340048573,6.61159679248999));
#11615=CARTESIAN_POINT('Ctrl Pts',(36.4316915824595,-8.76150995103714,6.56620585652821));
#11616=CARTESIAN_POINT('Ctrl Pts',(32.0476909660877,-11.1375,4.5));
#11617=CARTESIAN_POINT('Ctrl Pts',(32.0504029434996,-11.1350512828262,4.50084191303808));
#11618=CARTESIAN_POINT('Ctrl Pts',(32.0531148889222,-11.1326087291519,4.50168509748264));
#11619=CARTESIAN_POINT('Ctrl Pts',(32.4741640668691,-10.7522369154277,4.632510541191));
#11620=CARTESIAN_POINT('Ctrl Pts',(33.2997362044607,-9.97819573774127,4.89339684601615));
#11621=CARTESIAN_POINT('Ctrl Pts',(34.4317764653235,-8.84162934328582,5.23409535410718));
#11622=CARTESIAN_POINT('Ctrl Pts',(35.4240229477023,-7.80238982101157,5.48053490272077));
#11623=CARTESIAN_POINT('Ctrl Pts',(36.216408759569,-6.96083999837547,5.5921769168347));
#11624=CARTESIAN_POINT('Ctrl Pts',(36.5784549206078,-6.57331214673848,5.57813241738435));
#11625=CARTESIAN_POINT('Ctrl Pts',(36.7086807286663,-6.42846003676676,5.56121527993187));
#11626=CARTESIAN_POINT('Ctrl Pts',(32.0476909660877,-11.1375,4.5));
#11627=CARTESIAN_POINT('Ctrl Pts',(32.0506883283558,-11.1347959308837,4.50049134992069));
#11628=CARTESIAN_POINT('Ctrl Pts',(32.0536850788002,-11.1320905483258,4.50098275085833));
#11629=CARTESIAN_POINT('Ctrl Pts',(32.5190404737045,-10.7117753355731,4.57730784988279));
#11630=CARTESIAN_POINT('Ctrl Pts',(33.4052401686855,-9.82720094352848,4.72956634925022));
#11631=CARTESIAN_POINT('Ctrl Pts',(34.5373482591544,-8.46581650819439,4.94995197192471));
#11632=CARTESIAN_POINT('Ctrl Pts',(35.4610697177883,-7.17562160019993,5.15587130423229));
#11633=CARTESIAN_POINT('Ctrl Pts',(36.1825049143996,-6.09563027585301,5.33218707543467));
#11634=CARTESIAN_POINT('Ctrl Pts',(36.5613567801972,-5.5820901309378,5.41846685090085));
#11635=CARTESIAN_POINT('Ctrl Pts',(36.7280054604889,-5.39354212537475,5.4489351285576));
#11636=CARTESIAN_POINT('',(36.7280054575585,-5.39354212869024,5.44893512802183));
#11637=CARTESIAN_POINT('',(35.3218828560296,-9.85056310833813,10.1936107569092));
#11638=CARTESIAN_POINT('Origin',(35.2468444100098,-4.85112621688536,10.193610768131));
#11639=CARTESIAN_POINT('Ctrl Pts',(32.0476909660877,-11.1375,4.5));
#11640=CARTESIAN_POINT('Ctrl Pts',(32.0506883283558,-11.1347959308837,4.50049134992069));
#11641=CARTESIAN_POINT('Ctrl Pts',(32.0536850788002,-11.1320905483258,4.50098275085833));
#11642=CARTESIAN_POINT('Ctrl Pts',(32.5190404737045,-10.7117753355731,4.57730784988279));
#11643=CARTESIAN_POINT('Ctrl Pts',(33.4052401686855,-9.82720094352848,4.72956634925022));
#11644=CARTESIAN_POINT('Ctrl Pts',(34.5373482591544,-8.46581650819439,4.94995197192471));
#11645=CARTESIAN_POINT('Ctrl Pts',(35.4610697177883,-7.17562160019993,5.15587130423229));
#11646=CARTESIAN_POINT('Ctrl Pts',(36.1825049129901,-6.0956302779631,5.33218707509019));
#11647=CARTESIAN_POINT('Ctrl Pts',(36.5613567779766,-5.58209013394787,5.41846685039513));
#11648=CARTESIAN_POINT('Ctrl Pts',(36.7280054575585,-5.39354212869023,5.44893512802184));
#11649=CARTESIAN_POINT('Ctrl Pts',(35.3218828490634,-9.85056310844269,10.193610768131));
#11650=CARTESIAN_POINT('Ctrl Pts',(35.0274629730526,-9.85498216771519,10.0108011023709));
#11651=CARTESIAN_POINT('Ctrl Pts',(34.4596018523121,-9.91658202396469,9.49312245054063));
#11652=CARTESIAN_POINT('Ctrl Pts',(33.7243474103694,-10.119746296601,8.43522782539402));
#11653=CARTESIAN_POINT('Ctrl Pts',(33.084919161348,-10.3999048110144,7.199711831547));
#11654=CARTESIAN_POINT('Ctrl Pts',(32.5323797586657,-10.7358864293431,5.87739809550117));
#11655=CARTESIAN_POINT('Ctrl Pts',(32.2049847878544,-10.9958009531654,4.96384709929396));
#11656=CARTESIAN_POINT('Ctrl Pts',(32.0496897614938,-11.1356976300282,4.50589650515001));
#11657=CARTESIAN_POINT('Ctrl Pts',(32.048690086844,-11.1365986436276,4.5029480995321));
#11658=CARTESIAN_POINT('Ctrl Pts',(32.0476909660877,-11.1375,4.5));
#11659=CARTESIAN_POINT('Ctrl Pts',(36.7698654375727,-5.34706024961842,5.45640582346148));
#11660=CARTESIAN_POINT('Ctrl Pts',(36.7693725336922,-5.34759692060515,5.4563200859771));
#11661=CARTESIAN_POINT('Ctrl Pts',(36.7683863396,-5.3486714580359,5.45614838036058));
#11662=CARTESIAN_POINT('Ctrl Pts',(36.7654254384207,-5.35190224092666,5.45563188097963));
#11663=CARTESIAN_POINT('Ctrl Pts',(36.758997586708,-5.35894109842932,5.45450531766269));
#11664=CARTESIAN_POINT('Ctrl Pts',(36.7500556600727,-5.36881607272307,5.4529206977074));
#11665=CARTESIAN_POINT('Ctrl Pts',(36.7410647786307,-5.37884097791746,5.45130741718074));
#11666=CARTESIAN_POINT('Ctrl Pts',(36.7350474876535,-5.38559548785832,5.45021833129901));
#11667=CARTESIAN_POINT('Ctrl Pts',(36.7310265966415,-5.39012694740263,5.44948686984));
#11668=CARTESIAN_POINT('Ctrl Pts',(36.7290130272664,-5.39240215411323,5.44911934138344));
#11669=CARTESIAN_POINT('Ctrl Pts',(36.7280054609512,-5.39354212485167,5.44893512864213));
#11670=CARTESIAN_POINT('Ctrl Pts',(36.7314253410658,-6.74128110335104,5.59028905640651));
#11671=CARTESIAN_POINT('Ctrl Pts',(36.73109387894,-6.74165245383029,5.5903959150461));
#11672=CARTESIAN_POINT('Ctrl Pts',(36.7304276323786,-6.74239777163517,5.59060269200759));
#11673=CARTESIAN_POINT('Ctrl Pts',(36.7284231214901,-6.74463773879856,5.59122299481162));
#11674=CARTESIAN_POINT('Ctrl Pts',(36.7240394167902,-6.74952043320166,5.59253942092518));
#11675=CARTESIAN_POINT('Ctrl Pts',(36.7178370623554,-6.75637682207696,5.59427763628999));
#11676=CARTESIAN_POINT('Ctrl Pts',(36.711530389391,-6.76330295958975,5.59606583896386));
#11677=CARTESIAN_POINT('Ctrl Pts',(36.7072617075016,-6.76796549097337,5.59723914818447));
#11678=CARTESIAN_POINT('Ctrl Pts',(36.7044026318698,-6.7710816228971,5.59805029974207));
#11679=CARTESIAN_POINT('Ctrl Pts',(36.7029581643873,-6.77265094025695,5.59843467751643));
#11680=CARTESIAN_POINT('Ctrl Pts',(36.7022391517333,-6.77343267355972,5.59864199697253));
#11681=CARTESIAN_POINT('Ctrl Pts',(36.3647399335683,-9.05305488041577,6.8674197686222));
#11682=CARTESIAN_POINT('Ctrl Pts',(36.3644655041401,-9.05305979984438,6.86751598964918));
#11683=CARTESIAN_POINT('Ctrl Pts',(36.363916002811,-9.05306876418569,6.86770950161334));
#11684=CARTESIAN_POINT('Ctrl Pts',(36.3622595229266,-9.0530957055089,6.86828747668617));
#11685=CARTESIAN_POINT('Ctrl Pts',(36.358629946856,-9.05315091639913,6.86953169244448));
#11686=CARTESIAN_POINT('Ctrl Pts',(36.3534683882734,-9.05321851447257,6.87122485494602));
#11687=CARTESIAN_POINT('Ctrl Pts',(36.348132218832,-9.05329645616883,6.87284850494612));
#11688=CARTESIAN_POINT('Ctrl Pts',(36.3444954198062,-9.0533485741092,6.87390595935099));
#11689=CARTESIAN_POINT('Ctrl Pts',(36.3420354357137,-9.05338818711508,6.87459279997737));
#11690=CARTESIAN_POINT('Ctrl Pts',(36.3407966579405,-9.05340572757863,6.87493677394911));
#11691=CARTESIAN_POINT('Ctrl Pts',(36.3401730495345,-9.05341653310874,6.87510448758978));
#11692=CARTESIAN_POINT('Ctrl Pts',(35.6868713857079,-9.85000000000001,9.2283720280148));
#11693=CARTESIAN_POINT('Ctrl Pts',(35.6862054000684,-9.8499471453323,9.22804075417431));
#11694=CARTESIAN_POINT('Ctrl Pts',(35.6848729471394,-9.84984317645293,9.22737872752681));
#11695=CARTESIAN_POINT('Ctrl Pts',(35.6808735828319,-9.84953245152828,9.22538527243751));
#11696=CARTESIAN_POINT('Ctrl Pts',(35.6721968405845,-9.84887172040603,9.22103306215116));
#11697=CARTESIAN_POINT('Ctrl Pts',(35.6601448929702,-9.84799690718417,9.21489497687941));
#11698=CARTESIAN_POINT('Ctrl Pts',(35.6480515940442,-9.84713587870478,9.2085880851352));
#11699=CARTESIAN_POINT('Ctrl Pts',(35.6399687377606,-9.84657796217184,9.20431360894992));
#11700=CARTESIAN_POINT('Ctrl Pts',(35.6345726660179,-9.84620435405285,9.20142673853372));
#11701=CARTESIAN_POINT('Ctrl Pts',(35.6318714710411,-9.84602386305106,9.19997866679847));
#11702=CARTESIAN_POINT('Ctrl Pts',(35.6305205180705,-9.84593064933975,9.19924831566563));
#11703=CARTESIAN_POINT('Ctrl Pts',(35.3968655725059,-9.85000000000001,10.2384349407689));
#11704=CARTESIAN_POINT('Ctrl Pts',(35.3959703598562,-9.85000000000001,10.2379227451919));
#11705=CARTESIAN_POINT('Ctrl Pts',(35.3941801136464,-9.85000048220708,10.2368968172849));
#11706=CARTESIAN_POINT('Ctrl Pts',(35.3888104522174,-9.85000481998737,10.2338098170239));
#11707=CARTESIAN_POINT('Ctrl Pts',(35.377182034076,-9.85002986722359,10.2270714156629));
#11708=CARTESIAN_POINT('Ctrl Pts',(35.3611007656361,-9.85011639625999,10.2175757884513));
#11709=CARTESIAN_POINT('Ctrl Pts',(35.3450427927444,-9.85026304637788,10.2078877319962));
#11710=CARTESIAN_POINT('Ctrl Pts',(35.3343487088165,-9.85038930717944,10.2013376465055));
#11711=CARTESIAN_POINT('Ctrl Pts',(35.3272238477778,-9.8504848421443,10.1969344381708));
#11712=CARTESIAN_POINT('Ctrl Pts',(35.3236629324685,-9.85053639049976,10.1947206838372));
#11713=CARTESIAN_POINT('Ctrl Pts',(35.3218828550573,-9.85056310835273,10.1936107719806));
#11714=CARTESIAN_POINT('Ctrl Pts',(35.3968655725059,-9.85000000000001,10.2384349407689));
#11715=CARTESIAN_POINT('Ctrl Pts',(35.3959703598562,-9.85000000000001,10.2379227451919));
#11716=CARTESIAN_POINT('Ctrl Pts',(35.3941801136464,-9.85000048220708,10.2368968172849));
#11717=CARTESIAN_POINT('Ctrl Pts',(35.3888104522174,-9.85000481998737,10.2338098170239));
#11718=CARTESIAN_POINT('Ctrl Pts',(35.377182034076,-9.85002986722359,10.2270714156629));
#11719=CARTESIAN_POINT('Ctrl Pts',(35.3611007656361,-9.85011639625999,10.2175757884513));
#11720=CARTESIAN_POINT('Ctrl Pts',(35.3450427927444,-9.85026304637788,10.2078877319962));
#11721=CARTESIAN_POINT('Ctrl Pts',(35.3343487088165,-9.85038930717944,10.2013376465055));
#11722=CARTESIAN_POINT('Ctrl Pts',(35.3272238477778,-9.8504848421443,10.1969344381708));
#11723=CARTESIAN_POINT('Ctrl Pts',(35.3236629324685,-9.85053639049976,10.1947206838372));
#11724=CARTESIAN_POINT('Ctrl Pts',(35.3218828550573,-9.85056310835273,10.1936107719806));
#11725=CARTESIAN_POINT('Ctrl Pts',(36.7280054609512,-5.39354212485167,5.44893512864213));
#11726=CARTESIAN_POINT('Ctrl Pts',(36.7290130272664,-5.39240215411323,5.44911934138344));
#11727=CARTESIAN_POINT('Ctrl Pts',(36.7310265966415,-5.39012694740263,5.44948686984));
#11728=CARTESIAN_POINT('Ctrl Pts',(36.7350474876535,-5.38559548785832,5.45021833129901));
#11729=CARTESIAN_POINT('Ctrl Pts',(36.7410647786307,-5.37884097791746,5.45130741718074));
#11730=CARTESIAN_POINT('Ctrl Pts',(36.7500556600727,-5.36881607272307,5.4529206977074));
#11731=CARTESIAN_POINT('Ctrl Pts',(36.758997586708,-5.35894109842932,5.45450531766269));
#11732=CARTESIAN_POINT('Ctrl Pts',(36.7654254384207,-5.35190224092666,5.45563188097963));
#11733=CARTESIAN_POINT('Ctrl Pts',(36.7683863396,-5.3486714580359,5.45614838036058));
#11734=CARTESIAN_POINT('Ctrl Pts',(36.7693725336922,-5.34759692060515,5.4563200859771));
#11735=CARTESIAN_POINT('Ctrl Pts',(36.7698654375727,-5.34706024961842,5.45640582346148));
#11736=CARTESIAN_POINT('Origin',(42.15,7.75,4.5));
#11737=CARTESIAN_POINT('',(43.15,15.5,4.5));
#11738=CARTESIAN_POINT('',(43.15,7.75,4.5));
#11739=CARTESIAN_POINT('',(42.15,5.91876834639722,5.5));
#11740=CARTESIAN_POINT('Ctrl Pts',(43.15,15.5,4.5));
#11741=CARTESIAN_POINT('Ctrl Pts',(43.15,15.4956886828618,4.50053933616301));
#11742=CARTESIAN_POINT('Ctrl Pts',(43.1499995643098,15.4913771338179,4.50107870576084));
#11743=CARTESIAN_POINT('Ctrl Pts',(43.1499256793606,15.126932775414,4.54666930333338));
#11744=CARTESIAN_POINT('Ctrl Pts',(43.1436689872993,14.4048912300239,4.63698937953693));
#11745=CARTESIAN_POINT('Ctrl Pts',(43.1158589263641,13.327797862822,4.7708911601152));
#11746=CARTESIAN_POINT('Ctrl Pts',(43.0692556268918,12.2609905057999,4.90181556874835));
#11747=CARTESIAN_POINT('Ctrl Pts',(42.9811692526332,10.8589044387208,5.07019354612613));
#11748=CARTESIAN_POINT('Ctrl Pts',(42.8199650672237,9.16099122421198,5.26417548600564));
#11749=CARTESIAN_POINT('Ctrl Pts',(42.5367657247502,7.30828808750734,5.44480853140613));
#11750=CARTESIAN_POINT('Ctrl Pts',(42.285045545434,6.31201327083163,5.5));
#11751=CARTESIAN_POINT('Ctrl Pts',(42.15,5.91876834639722,5.5));
#11752=CARTESIAN_POINT('',(42.15,7.75,5.5));
#11753=CARTESIAN_POINT('Origin',(22.,0.,5.5));
#11754=CARTESIAN_POINT('',(37.2462508233407,4.85302337020765,5.5));
#11755=CARTESIAN_POINT('Origin',(37.5,15.5,5.5));
#11756=CARTESIAN_POINT('Origin',(22.,0.,5.5));
#11757=CARTESIAN_POINT('Origin',(22.,0.,4.5));
#11758=CARTESIAN_POINT('',(33.4238978823849,10.0563499862391,5.12525574896472));
#11759=CARTESIAN_POINT('Ctrl Pts',(37.2462508233407,4.85302337020765,5.5));
#11760=CARTESIAN_POINT('Ctrl Pts',(37.0618016584968,5.04768234038837,5.5));
#11761=CARTESIAN_POINT('Ctrl Pts',(36.6337002927471,5.63250679089037,5.45830330134016));
#11762=CARTESIAN_POINT('Ctrl Pts',(35.8879718196773,6.82389542692099,5.34191842054936));
#11763=CARTESIAN_POINT('Ctrl Pts',(34.8896761407944,8.29011493271773,5.21497334154808));
#11764=CARTESIAN_POINT('Ctrl Pts',(34.0798916198711,9.33526415930332,5.14514437752179));
#11765=CARTESIAN_POINT('Ctrl Pts',(33.423897882385,10.056349986239,5.12525574896469));
#11766=CARTESIAN_POINT('Origin',(34.0096852300242,10.5720130852992,4.5));
#11767=CARTESIAN_POINT('Origin',(6.5,-15.5,10.5));
#11768=CARTESIAN_POINT('',(1.85,-5.91876834639722,5.5));
#11769=CARTESIAN_POINT('Origin',(1.85,-5.91876834639722,10.5));
#11770=CARTESIAN_POINT('',(6.5,-4.85000000000001,5.5));
#11771=CARTESIAN_POINT('Origin',(6.5,-4.85000000000001,10.5));
#11772=CARTESIAN_POINT('Origin',(6.5,-15.5,5.5));
#11773=CARTESIAN_POINT('Ctrl Pts',(1.85,-5.91876834639723,5.5));
#11774=CARTESIAN_POINT('Ctrl Pts',(1.71514868130736,-6.31144769364066,5.5));
#11775=CARTESIAN_POINT('Ctrl Pts',(1.52681934580786,-7.05416346020231,5.45917553695902));
#11776=CARTESIAN_POINT('Ctrl Pts',(1.32108179300915,-8.23848852321218,5.35406505547581));
#11777=CARTESIAN_POINT('Ctrl Pts',(1.19146797517291,-9.18162137464554,5.25795959812828));
#11778=CARTESIAN_POINT('Ctrl Pts',(1.08347160466806,-10.1773221963011,5.14806398761703));
#11779=CARTESIAN_POINT('Ctrl Pts',(0.968208351991686,-11.5496106620503,
4.98858348280507));
#11780=CARTESIAN_POINT('Ctrl Pts',(0.874868500420135,-13.318153065027,4.77293444906125));
#11781=CARTESIAN_POINT('Ctrl Pts',(0.85012661004186,-14.7684250320894,4.59152054162385));
#11782=CARTESIAN_POINT('Ctrl Pts',(0.850000462882685,-15.4917013399086,
4.50103813515844));
#11783=CARTESIAN_POINT('Ctrl Pts',(0.850000000000005,-15.4958509880933,
4.50051903214021));
#11784=CARTESIAN_POINT('Ctrl Pts',(0.850000000000005,-15.5,4.5));
#11785=CARTESIAN_POINT('Ctrl Pts',(2.17659078558446,-6.59170210394921,5.5));
#11786=CARTESIAN_POINT('Ctrl Pts',(2.08643814864545,-6.9315123233831,5.5441617866999));
#11787=CARTESIAN_POINT('Ctrl Pts',(1.9110506347172,-7.57915718411512,5.58961513682759));
#11788=CARTESIAN_POINT('Ctrl Pts',(1.64578106029096,-8.65015864614296,5.55695064654003));
#11789=CARTESIAN_POINT('Ctrl Pts',(1.45423548537562,-9.5173520827352,5.48921595884553));
#11790=CARTESIAN_POINT('Ctrl Pts',(1.27779156591298,-10.4450131677044,5.38205307234238));
#11791=CARTESIAN_POINT('Ctrl Pts',(1.07586615285114,-11.735733808377,5.19628418627073));
#11792=CARTESIAN_POINT('Ctrl Pts',(0.898905489874965,-13.4157132217301,
4.90288937188363));
#11793=CARTESIAN_POINT('Ctrl Pts',(0.850251142369719,-14.801130179489,4.63511068519521));
#11794=CARTESIAN_POINT('Ctrl Pts',(0.850000887570067,-15.4920724179535,
4.50153244915834));
#11795=CARTESIAN_POINT('Ctrl Pts',(0.850000000000005,-15.496036501704,4.50076619030238));
#11796=CARTESIAN_POINT('Ctrl Pts',(0.850000000000005,-15.5,4.5));
#11797=CARTESIAN_POINT('Ctrl Pts',(2.82855968759076,-7.93507093858737,5.8420946470661));
#11798=CARTESIAN_POINT('Ctrl Pts',(2.78141071932803,-8.16956794133581,5.94814793742012));
#11799=CARTESIAN_POINT('Ctrl Pts',(2.58654997820954,-8.62800191538535,6.09829919000859));
#11800=CARTESIAN_POINT('Ctrl Pts',(2.19199044680115,-9.47291244317529,6.12266805056923));
#11801=CARTESIAN_POINT('Ctrl Pts',(1.88522430045318,-10.1885236265553,6.05608325519815));
#11802=CARTESIAN_POINT('Ctrl Pts',(1.59048952770385,-10.9802506729746,5.91123719781678));
#11803=CARTESIAN_POINT('Ctrl Pts',(1.24521690234903,-12.1079372885299,5.63273577075173));
#11804=CARTESIAN_POINT('Ctrl Pts',(0.936059213589639,-13.6108162095139,
5.16275098376151));
#11805=CARTESIAN_POINT('Ctrl Pts',(0.850445748751463,-14.8665381469907,
4.72227677742181));
#11806=CARTESIAN_POINT('Ctrl Pts',(0.850001542684337,-15.4928145832284,
4.50252113374489));
#11807=CARTESIAN_POINT('Ctrl Pts',(0.850000000000005,-15.4964075289252,
4.50126050662674));
#11808=CARTESIAN_POINT('Ctrl Pts',(0.850000000000005,-15.5,4.5));
#11809=CARTESIAN_POINT('Ctrl Pts',(3.7470420081657,-9.82758532206419,7.51463894462282));
#11810=CARTESIAN_POINT('Ctrl Pts',(3.61610755368611,-9.94793287603274,7.62554356581139));
#11811=CARTESIAN_POINT('Ctrl Pts',(3.27366867065809,-10.1942835915354,7.71417155717988));
#11812=CARTESIAN_POINT('Ctrl Pts',(2.68721019709949,-10.7570520129903,7.5619107807727));
#11813=CARTESIAN_POINT('Ctrl Pts',(2.25093879655214,-11.2692271195779,7.33186095273206));
#11814=CARTESIAN_POINT('Ctrl Pts',(1.84354520280575,-11.8653329369256,6.99965199896942));
#11815=CARTESIAN_POINT('Ctrl Pts',(1.37491298035041,-12.7432825713196,6.45038180543448));
#11816=CARTESIAN_POINT('Ctrl Pts',(0.963522940447278,-13.9524109382288,
5.61762502593586));
#11817=CARTESIAN_POINT('Ctrl Pts',(0.850601616775386,-14.9810368978768,
4.87480925569998));
#11818=CARTESIAN_POINT('Ctrl Pts',(0.850001986029343,-15.4941132341968,
4.50425136591625));
#11819=CARTESIAN_POINT('Ctrl Pts',(0.850000000000005,-15.4970568265624,
4.50212556019435));
#11820=CARTESIAN_POINT('Ctrl Pts',(0.850000000000005,-15.5,4.5));
#11821=CARTESIAN_POINT('Ctrl Pts',(4.03309859154929,-10.4169991696849,9.37800262371793));
#11822=CARTESIAN_POINT('Ctrl Pts',(3.72654942706104,-10.5648003665676,9.42035485031533));
#11823=CARTESIAN_POINT('Ctrl Pts',(3.22500139110706,-10.8554737032328,9.30103919004584));
#11824=CARTESIAN_POINT('Ctrl Pts',(2.57625578345872,-11.4034310823977,8.85072469551365));
#11825=CARTESIAN_POINT('Ctrl Pts',(2.13560929007635,-11.8755409801737,8.40430426604495));
#11826=CARTESIAN_POINT('Ctrl Pts',(1.74690689682304,-12.4047716888001,7.86775736136611));
#11827=CARTESIAN_POINT('Ctrl Pts',(1.31521212122665,-13.1671127077421,7.06373439320071));
#11828=CARTESIAN_POINT('Ctrl Pts',(0.949365144660003,-14.1959549136001,
5.94269298733957));
#11829=CARTESIAN_POINT('Ctrl Pts',(0.850481986331809,-15.0627779250957,
4.98376661632335));
#11830=CARTESIAN_POINT('Ctrl Pts',(0.850001935749951,-15.4950410136833,
4.50548722516346));
#11831=CARTESIAN_POINT('Ctrl Pts',(0.850000000000005,-15.4975206105889,
4.5027434555998));
#11832=CARTESIAN_POINT('Ctrl Pts',(0.850000000000005,-15.5,4.5));
#11833=CARTESIAN_POINT('Ctrl Pts',(4.03309859154929,-10.4169991696849,10.5));
#11834=CARTESIAN_POINT('Ctrl Pts',(3.6038535489501,-10.6253220158751,10.5));
#11835=CARTESIAN_POINT('Ctrl Pts',(3.00438270637429,-11.0193449342857,10.2550532217541));
#11836=CARTESIAN_POINT('Ctrl Pts',(2.34949979183192,-11.6476488409529,9.6243903328549));
#11837=CARTESIAN_POINT('Ctrl Pts',(1.93692623083203,-12.1479963161265,9.0477575887697));
#11838=CARTESIAN_POINT('Ctrl Pts',(1.59316313598563,-12.6762319632959,8.38838392570217));
#11839=CARTESIAN_POINT('Ctrl Pts',(1.22626883873406,-13.4042535437167,7.4315008968304));
#11840=CARTESIAN_POINT('Ctrl Pts',(0.929158888661279,-14.3424943490519,
6.13760669436752));
#11841=CARTESIAN_POINT('Ctrl Pts',(0.850403012245804,-15.1118874583382,
5.04912324974299));
#11842=CARTESIAN_POINT('Ctrl Pts',(0.850001473401212,-15.4955974244586,
4.50622881095066));
#11843=CARTESIAN_POINT('Ctrl Pts',(0.850000000000005,-15.4977988810048,
4.50311419284306));
#11844=CARTESIAN_POINT('Ctrl Pts',(0.850000000000005,-15.5,4.5));
#11845=CARTESIAN_POINT('Ctrl Pts',(0.850000000000005,-15.5,4.5));
#11846=CARTESIAN_POINT('Ctrl Pts',(0.850000000000005,-15.4958509880933,
4.50051903214021));
#11847=CARTESIAN_POINT('Ctrl Pts',(0.850000462882685,-15.4917013399086,
4.50103813515844));
#11848=CARTESIAN_POINT('Ctrl Pts',(0.85012661004186,-14.7684250320894,4.59152054162385));
#11849=CARTESIAN_POINT('Ctrl Pts',(0.874868500420135,-13.318153065027,4.77293444906125));
#11850=CARTESIAN_POINT('Ctrl Pts',(0.968208351991686,-11.5496106620503,
4.98858348280507));
#11851=CARTESIAN_POINT('Ctrl Pts',(1.08347160466806,-10.1773221963011,5.14806398761703));
#11852=CARTESIAN_POINT('Ctrl Pts',(1.19146797517291,-9.18162137464554,5.25795959812828));
#11853=CARTESIAN_POINT('Ctrl Pts',(1.32108179300915,-8.23848852321218,5.35406505547581));
#11854=CARTESIAN_POINT('Ctrl Pts',(1.52681934580786,-7.05416346020231,5.45917553695902));
#11855=CARTESIAN_POINT('Ctrl Pts',(1.71514868130736,-6.31144769364066,5.5));
#11856=CARTESIAN_POINT('Ctrl Pts',(1.85,-5.91876834639723,5.5));
#11857=CARTESIAN_POINT('Origin',(29.75,-4.85000000000001,10.5));
#11858=CARTESIAN_POINT('',(6.75278713993932,-4.85000000000001,5.5));
#11859=CARTESIAN_POINT('',(6.75278713993931,-9.85000000000001,10.5));
#11860=CARTESIAN_POINT('Origin',(6.75278713993932,-4.85000000000001,10.5));
#11861=CARTESIAN_POINT('',(29.75,-4.85000000000001,5.5));
#11862=CARTESIAN_POINT('',(29.75,-9.85000000000001,10.5));
#11863=CARTESIAN_POINT('Ctrl Pts',(11.9523090339123,-11.1375,4.5));
#11864=CARTESIAN_POINT('Ctrl Pts',(11.9493117007681,-11.1347959571577,4.50049134514773));
#11865=CARTESIAN_POINT('Ctrl Pts',(11.9463284839661,-11.1320869846442,4.50098349554508));
#11866=CARTESIAN_POINT('Ctrl Pts',(10.5472968129804,-9.87895056597497,4.72847603665804));
#11867=CARTESIAN_POINT('Ctrl Pts',(9.009995155663,-7.90278349027599,5.03670578253361));
#11868=CARTESIAN_POINT('Ctrl Pts',(7.82192013464474,-6.09310257969084,5.33276412054079));
#11869=CARTESIAN_POINT('Ctrl Pts',(7.43864322880157,-5.58209014113677,5.41846684925199));
#11870=CARTESIAN_POINT('Ctrl Pts',(7.27199453961976,-5.39354212549768,5.44893512853773));
#11871=CARTESIAN_POINT('Ctrl Pts',(11.9523090339123,-11.1375,4.5));
#11872=CARTESIAN_POINT('Ctrl Pts',(11.9506864143661,-11.1350688943035,4.50120468019935));
#11873=CARTESIAN_POINT('Ctrl Pts',(11.946164239937,-11.1328403854083,4.50169136542009));
#11874=CARTESIAN_POINT('Ctrl Pts',(10.7424941470148,-10.0379544788808,4.95078046665514));
#11875=CARTESIAN_POINT('Ctrl Pts',(9.13937995849552,-8.52476917200433,5.53146029396142));
#11876=CARTESIAN_POINT('Ctrl Pts',(7.76938087267662,-7.2475000842703,5.67750853697799));
#11877=CARTESIAN_POINT('Ctrl Pts',(7.4201989439407,-6.90325944721484,5.63248518426231));
#11878=CARTESIAN_POINT('Ctrl Pts',(7.29776084868576,-6.77343267398219,5.59864199707771));
#11879=CARTESIAN_POINT('Ctrl Pts',(11.9523090339123,-11.1375,4.5));
#11880=CARTESIAN_POINT('Ctrl Pts',(11.9508913934896,-11.1356125062122,4.50188739999592));
#11881=CARTESIAN_POINT('Ctrl Pts',(11.947907847939,-11.1340985786542,4.50345659606826));
#11882=CARTESIAN_POINT('Ctrl Pts',(11.0542350087239,-10.3166237867026,5.32928505063197));
#11883=CARTESIAN_POINT('Ctrl Pts',(9.59394162251441,-9.44285095215761,6.43269161970861));
#11884=CARTESIAN_POINT('Ctrl Pts',(8.11914031844507,-9.07433580468284,6.91063050274284));
#11885=CARTESIAN_POINT('Ctrl Pts',(7.76408272846286,-9.05433269240106,6.90502889105188));
#11886=CARTESIAN_POINT('Ctrl Pts',(7.66000637335611,-9.05309776649416,6.87566700613021));
#11887=CARTESIAN_POINT('Ctrl Pts',(11.9523090339123,-11.1375,4.5));
#11888=CARTESIAN_POINT('Ctrl Pts',(11.9513341931467,-11.136155331195,4.50271293292782));
#11889=CARTESIAN_POINT('Ctrl Pts',(11.9494522741839,-11.1353523576321,4.505091730339));
#11890=CARTESIAN_POINT('Ctrl Pts',(11.3578212608657,-10.5967871809785,5.70879497533697));
#11891=CARTESIAN_POINT('Ctrl Pts',(10.379132067411,-10.05828848481,7.33417607648427));
#11892=CARTESIAN_POINT('Ctrl Pts',(9.07778553405976,-9.83136790205062,8.72096723470767));
#11893=CARTESIAN_POINT('Ctrl Pts',(8.5934558682294,-9.83022614334707,9.08044278031556));
#11894=CARTESIAN_POINT('Ctrl Pts',(8.36947948269986,-9.84593064926358,9.19924831514479));
#11895=CARTESIAN_POINT('Ctrl Pts',(11.9523090339123,-11.1375,4.5));
#11896=CARTESIAN_POINT('Ctrl Pts',(11.9513099228636,-11.1365986523853,4.5029480708874));
#11897=CARTESIAN_POINT('Ctrl Pts',(11.9503111877531,-11.135694434488,4.50590097327048));
#11898=CARTESIAN_POINT('Ctrl Pts',(11.4858085916758,-10.7199362117449,5.87085621994847));
#11899=CARTESIAN_POINT('Ctrl Pts',(10.7680896040821,-10.2595174477569,7.72023469520159));
#11900=CARTESIAN_POINT('Ctrl Pts',(9.53990221219991,-9.91489384694109,9.4965847232448));
#11901=CARTESIAN_POINT('Ctrl Pts',(8.97253703949564,-9.85498216760373,10.0108010955119));
#11902=CARTESIAN_POINT('Ctrl Pts',(8.67811714595145,-9.85056310836786,10.1936107712264));
#11903=CARTESIAN_POINT('',(8.67811714416953,-9.85056310834111,10.1936107568474));
#11904=CARTESIAN_POINT('',(7.27199454253852,-5.39354212879999,5.4489351280041));
#11905=CARTESIAN_POINT('Origin',(8.75315559033297,-4.8511262168905,10.1936107680246));
#11906=CARTESIAN_POINT('Ctrl Pts',(11.9523090339123,-11.1375,4.5));
#11907=CARTESIAN_POINT('Ctrl Pts',(11.9513099228636,-11.1365986523853,4.5029480708874));
#11908=CARTESIAN_POINT('Ctrl Pts',(11.9503111877531,-11.135694434488,4.50590097327048));
#11909=CARTESIAN_POINT('Ctrl Pts',(11.4858085916758,-10.7199362117449,5.87085621994847));
#11910=CARTESIAN_POINT('Ctrl Pts',(10.7680896040821,-10.2595174477569,7.72023469520159));
#11911=CARTESIAN_POINT('Ctrl Pts',(9.53990221363397,-9.91489384734348,9.49658472117068));
#11912=CARTESIAN_POINT('Ctrl Pts',(8.97253704280799,-9.8549821679535,10.0108010925099));
#11913=CARTESIAN_POINT('Ctrl Pts',(8.67811715110804,-9.85056310844525,10.1936107680246));
#11914=CARTESIAN_POINT('Ctrl Pts',(7.27199454253851,-5.39354212879998,5.4489351280041));
#11915=CARTESIAN_POINT('Ctrl Pts',(7.43864323103919,-5.58209014412012,5.41846684875165));
#11916=CARTESIAN_POINT('Ctrl Pts',(7.82192013603196,-6.09310258180387,5.33276412019511));
#11917=CARTESIAN_POINT('Ctrl Pts',(9.009995155663,-7.90278349027599,5.03670578253361));
#11918=CARTESIAN_POINT('Ctrl Pts',(10.5472968129804,-9.87895056597497,4.72847603665804));
#11919=CARTESIAN_POINT('Ctrl Pts',(11.9463284839661,-11.1320869846442,4.50098349554508));
#11920=CARTESIAN_POINT('Ctrl Pts',(11.9493117007681,-11.1347959571577,4.50049134514773));
#11921=CARTESIAN_POINT('Ctrl Pts',(11.9523090339123,-11.1375,4.5));
#11922=CARTESIAN_POINT('Ctrl Pts',(7.2719945391591,-5.39354212497649,5.44893512862195));
#11923=CARTESIAN_POINT('Ctrl Pts',(7.27149075600016,-5.39297213960569,5.44902723499287));
#11924=CARTESIAN_POINT('Ctrl Pts',(7.27048358049728,-5.39183335254569,5.44921122347852));
#11925=CARTESIAN_POINT('Ctrl Pts',(7.26746439787386,-5.38842409635384,5.44976184201621));
#11926=CARTESIAN_POINT('Ctrl Pts',(7.26093552626674,-5.38107587445083,5.4509475455888));
#11927=CARTESIAN_POINT('Ctrl Pts',(7.25193765127247,-5.37102955038147,5.45256492049006));
#11928=CARTESIAN_POINT('Ctrl Pts',(7.24298873109008,-5.36113315720643,5.45415363482435));
#11929=CARTESIAN_POINT('Ctrl Pts',(7.23704603897184,-5.3546071044448,5.45519904778141));
#11930=CARTESIAN_POINT('Ctrl Pts',(7.23309353103823,-5.35028505741653,5.45589047596131));
#11931=CARTESIAN_POINT('Ctrl Pts',(7.23112037019082,-5.34813359159468,5.45623434849227));
#11932=CARTESIAN_POINT('Ctrl Pts',(7.23013456242729,-5.34706024961841,5.45640582346148));
#11933=CARTESIAN_POINT('Ctrl Pts',(7.29776084834587,-6.77343267364569,5.59864199699392));
#11934=CARTESIAN_POINT('Ctrl Pts',(7.29740134201784,-6.77304180699323,5.59853833726561));
#11935=CARTESIAN_POINT('Ctrl Pts',(7.29668100927568,-6.77225885063592,5.59833772973499));
#11936=CARTESIAN_POINT('Ctrl Pts',(7.2945262545751,-6.76991433118425,5.5977345641528));
#11937=CARTESIAN_POINT('Ctrl Pts',(7.28988210496919,-6.76485040870565,5.59644784283099));
#11938=CARTESIAN_POINT('Ctrl Pts',(7.28353548518798,-6.75789364429172,5.5947260773759));
#11939=CARTESIAN_POINT('Ctrl Pts',(7.27733701127206,-6.75104278871214,5.59292553570543));
#11940=CARTESIAN_POINT('Ctrl Pts',(7.27326066485824,-6.74651408836726,5.59173029147449));
#11941=CARTESIAN_POINT('Ctrl Pts',(7.2705778832739,-6.74352063241494,5.59089903269471));
#11942=CARTESIAN_POINT('Ctrl Pts',(7.26923758318758,-6.74202380431148,5.59050277368625));
#11943=CARTESIAN_POINT('Ctrl Pts',(7.26857465893421,-6.74128110335103,5.59028905640651));
#11944=CARTESIAN_POINT('Ctrl Pts',(7.65959891948666,-9.05405055002226,6.87440063954221));
#11945=CARTESIAN_POINT('Ctrl Pts',(7.65928711528274,-9.05404514725718,6.87431678272169));
#11946=CARTESIAN_POINT('Ctrl Pts',(7.65866574917334,-9.05403553140344,6.87414662825218));
#11947=CARTESIAN_POINT('Ctrl Pts',(7.65680966820235,-9.05400682188531,6.87363346551815));
#11948=CARTESIAN_POINT('Ctrl Pts',(7.65283512607591,-9.05394990870451,6.87249923386669));
#11949=CARTESIAN_POINT('Ctrl Pts',(7.6474865885961,-9.05388669247209,6.87085773192551));
#11950=CARTESIAN_POINT('Ctrl Pts',(7.64229789844802,-9.05381483131535,6.86917903632729));
#11951=CARTESIAN_POINT('Ctrl Pts',(7.63891998257951,-9.05376930166678,6.86803108082019));
#11952=CARTESIAN_POINT('Ctrl Pts',(7.63669563223782,-9.05373359751248,6.8672649968325));
#11953=CARTESIAN_POINT('Ctrl Pts',(7.63559665771789,-9.05371911282475,6.86687290273177));
#11954=CARTESIAN_POINT('Ctrl Pts',(7.63504779886,-9.0537092739675,6.8666804606773));
#11955=CARTESIAN_POINT('Ctrl Pts',(8.36947948207747,-9.84593064932982,9.19924831558599));
#11956=CARTESIAN_POINT('Ctrl Pts',(8.36880400559039,-9.84597725618558,9.19961349115345));
#11957=CARTESIAN_POINT('Ctrl Pts',(8.367453248511,-9.8460691757214,9.20034089991754));
#11958=CARTESIAN_POINT('Ctrl Pts',(8.36340303767387,-9.84634643040405,9.20251597312526));
#11959=CARTESIAN_POINT('Ctrl Pts',(8.35463815295064,-9.84694914707953,9.20718299367897));
#11960=CARTESIAN_POINT('Ctrl Pts',(8.34253738044688,-9.84779183028655,9.2134954408815));
#11961=CARTESIAN_POINT('Ctrl Pts',(8.33048069994629,-9.84867695664566,9.21967156173804));
#11962=CARTESIAN_POINT('Ctrl Pts',(8.3224629362207,-9.8492777142013,9.22371356062255));
#11963=CARTESIAN_POINT('Ctrl Pts',(8.31712652743107,-9.84969059371894,9.22638733031847));
#11964=CARTESIAN_POINT('Ctrl Pts',(8.31446058557454,-9.84989429066431,9.22770948033209));
#11965=CARTESIAN_POINT('Ctrl Pts',(8.31312861429209,-9.85000000000001,9.22837202801479));
#11966=CARTESIAN_POINT('Ctrl Pts',(8.6781171451376,-9.85056310835564,10.1936107718591));
#11967=CARTESIAN_POINT('Ctrl Pts',(8.6772271064297,-9.85054974942909,10.194165727789));
#11968=CARTESIAN_POINT('Ctrl Pts',(8.67544683890007,-9.85052350340998,10.1952741223084));
#11969=CARTESIAN_POINT('Ctrl Pts',(8.67010489769358,-9.85044759871514,10.1985901974911));
#11970=CARTESIAN_POINT('Ctrl Pts',(8.65852453637677,-9.85029849826162,10.2057256671035));
#11971=CARTESIAN_POINT('Ctrl Pts',(8.6424698914957,-9.85014325936685,10.2154412135377));
#11972=CARTESIAN_POINT('Ctrl Pts',(8.62639195107183,-9.85004814154467,10.224964330747));
#11973=CARTESIAN_POINT('Ctrl Pts',(8.61566237620818,-9.85001349055037,10.2312211949812));
#11974=CARTESIAN_POINT('Ctrl Pts',(8.60850498701572,-9.85000192884304,10.2353556202678));
#11975=CARTESIAN_POINT('Ctrl Pts',(8.60492485279825,-9.85000000000001,10.2374105496122));
#11976=CARTESIAN_POINT('Ctrl Pts',(8.60313442749408,-9.85000000000001,10.2384349407689));
#11977=CARTESIAN_POINT('',(8.60313442749408,-9.85000000000001,10.2384349407689));
#11978=CARTESIAN_POINT('',(7.23013456242729,-5.34706024961841,5.45640582346148));
#11979=CARTESIAN_POINT('Origin',(8.60313442749408,-4.85000000000001,10.2384349407689));
#11980=CARTESIAN_POINT('Ctrl Pts',(8.6781171451376,-9.85056310835564,10.1936107718591));
#11981=CARTESIAN_POINT('Ctrl Pts',(8.6772271064297,-9.85054974942909,10.194165727789));
#11982=CARTESIAN_POINT('Ctrl Pts',(8.67544683890007,-9.85052350340998,10.1952741223084));
#11983=CARTESIAN_POINT('Ctrl Pts',(8.67010489769358,-9.85044759871514,10.1985901974911));
#11984=CARTESIAN_POINT('Ctrl Pts',(8.65852453637677,-9.85029849826162,10.2057256671035));
#11985=CARTESIAN_POINT('Ctrl Pts',(8.6424698914957,-9.85014325936685,10.2154412135377));
#11986=CARTESIAN_POINT('Ctrl Pts',(8.62639195107183,-9.85004814154467,10.224964330747));
#11987=CARTESIAN_POINT('Ctrl Pts',(8.61566237620818,-9.85001349055037,10.2312211949812));
#11988=CARTESIAN_POINT('Ctrl Pts',(8.60850498701572,-9.85000192884304,10.2353556202678));
#11989=CARTESIAN_POINT('Ctrl Pts',(8.60492485279825,-9.85000000000001,10.2374105496122));
#11990=CARTESIAN_POINT('Ctrl Pts',(8.60313442749408,-9.85000000000001,10.2384349407689));
#11991=CARTESIAN_POINT('Ctrl Pts',(7.23013456242729,-5.34706024961841,5.45640582346148));
#11992=CARTESIAN_POINT('Ctrl Pts',(7.23112037019082,-5.34813359159468,5.45623434849227));
#11993=CARTESIAN_POINT('Ctrl Pts',(7.23309353103823,-5.35028505741653,5.45589047596131));
#11994=CARTESIAN_POINT('Ctrl Pts',(7.23704603897184,-5.3546071044448,5.45519904778141));
#11995=CARTESIAN_POINT('Ctrl Pts',(7.24298873109008,-5.36113315720643,5.45415363482435));
#11996=CARTESIAN_POINT('Ctrl Pts',(7.25193765127247,-5.37102955038147,5.45256492049006));
#11997=CARTESIAN_POINT('Ctrl Pts',(7.26093552626674,-5.38107587445083,5.4509475455888));
#11998=CARTESIAN_POINT('Ctrl Pts',(7.26746439787386,-5.38842409635384,5.44976184201621));
#11999=CARTESIAN_POINT('Ctrl Pts',(7.27048358049728,-5.39183335254569,5.44921122347852));
#12000=CARTESIAN_POINT('Ctrl Pts',(7.27149075600016,-5.39297213960569,5.44902723499287));
#12001=CARTESIAN_POINT('Ctrl Pts',(7.2719945391591,-5.39354212497649,5.44893512862195));
#12002=CARTESIAN_POINT('Ctrl Pts',(7.23013456242729,-5.34706024961841,5.45640582346148));
#12003=CARTESIAN_POINT('Ctrl Pts',(7.06488393481916,-5.16713629103551,5.48515011553305));
#12004=CARTESIAN_POINT('Ctrl Pts',(6.90479117550667,-5.00043050950566,5.5));
#12005=CARTESIAN_POINT('Ctrl Pts',(6.75278713993932,-4.85000000000001,5.5));
#12006=CARTESIAN_POINT('Ctrl Pts',(7.24935461068075,-6.04417067648472,5.52334743993399));
#12007=CARTESIAN_POINT('Ctrl Pts',(7.07149187889168,-5.88391360873098,5.53119969261813));
#12008=CARTESIAN_POINT('Ctrl Pts',(6.90471467224288,-5.73409709643577,5.52256597044866));
#12009=CARTESIAN_POINT('Ctrl Pts',(6.75278713993932,-5.59799825085473,5.5));
#12010=CARTESIAN_POINT('Ctrl Pts',(7.37000469185194,-7.4064945952447,5.94356030072555));
#12011=CARTESIAN_POINT('Ctrl Pts',(7.1448729259685,-7.29470795930108,5.93272536189188));
#12012=CARTESIAN_POINT('Ctrl Pts',(6.93709175180575,-7.18842010162083,5.89634004957421));
#12013=CARTESIAN_POINT('Ctrl Pts',(6.75278713993932,-7.09113989057146,5.84214850536937));
#12014=CARTESIAN_POINT('Ctrl Pts',(7.83112425935214,-9.27776263330251,7.54959629129636));
#12015=CARTESIAN_POINT('Ctrl Pts',(7.45922407308287,-9.24863068610339,7.585320762615));
#12016=CARTESIAN_POINT('Ctrl Pts',(7.09534375673611,-9.22070674863416,7.5713924638781));
#12017=CARTESIAN_POINT('Ctrl Pts',(6.75278713993932,-9.19459461807427,7.51472196679499));
#12018=CARTESIAN_POINT('Ctrl Pts',(8.31312861429209,-9.85000000000001,9.2283720280148));
#12019=CARTESIAN_POINT('Ctrl Pts',(7.79839909938554,-9.85044413936631,9.34913933926423));
#12020=CARTESIAN_POINT('Ctrl Pts',(7.27143746687566,-9.84955205604682,9.3996439377419));
#12021=CARTESIAN_POINT('Ctrl Pts',(6.75278713993932,-9.85000000000001,9.37800262371793));
#12022=CARTESIAN_POINT('Ctrl Pts',(8.60313442749408,-9.85000000000001,10.2384349407689));
#12023=CARTESIAN_POINT('Ctrl Pts',(8.0024524676196,-9.85000000000001,10.4109006931983));
#12024=CARTESIAN_POINT('Ctrl Pts',(7.37770787634788,-9.85000000000001,10.5));
#12025=CARTESIAN_POINT('Ctrl Pts',(6.75278713993931,-9.85000000000001,10.5));
#12026=CARTESIAN_POINT('Ctrl Pts',(6.75278713993932,-4.85000000000001,5.5));
#12027=CARTESIAN_POINT('Ctrl Pts',(6.90479117550667,-5.00043050950566,5.5));
#12028=CARTESIAN_POINT('Ctrl Pts',(7.06488393481916,-5.16713629103551,5.48515011553305));
#12029=CARTESIAN_POINT('Ctrl Pts',(7.23013456242729,-5.34706024961841,5.45640582346148));
#12030=CARTESIAN_POINT('Ctrl Pts',(8.60313442749408,-9.85000000000001,10.2384349407689));
#12031=CARTESIAN_POINT('Ctrl Pts',(8.0024524676196,-9.85000000000001,10.4109006931983));
#12032=CARTESIAN_POINT('Ctrl Pts',(7.37770787634788,-9.85000000000001,10.5));
#12033=CARTESIAN_POINT('Ctrl Pts',(6.75278713993931,-9.85000000000001,10.5));
#12034=CARTESIAN_POINT('Origin',(37.5,-9.85000000000002,21.15));
#12035=CARTESIAN_POINT('',(33.312714086363,-9.85000000000002,17.5198579409647));
#12036=CARTESIAN_POINT('Ctrl Pts',(35.3968642528872,-9.85000000000002,10.2384372773756));
#12037=CARTESIAN_POINT('Ctrl Pts',(35.3941944081022,-9.85000000000002,11.2873216230024));
#12038=CARTESIAN_POINT('Ctrl Pts',(35.1998971121191,-9.85000000000002,13.4055367358168));
#12039=CARTESIAN_POINT('Ctrl Pts',(34.438776469977,-9.85000000000002,15.8648597377268));
#12040=CARTESIAN_POINT('Ctrl Pts',(33.6014279769259,-9.85000000000002,17.1705599498178));
#12041=CARTESIAN_POINT('Ctrl Pts',(33.3088939924276,-9.85000000000002,17.5241558195771));
#12042=CARTESIAN_POINT('',(32.6939439822121,-9.85000000000002,18.1499999999176));
#12043=CARTESIAN_POINT('Ctrl Pts',(33.3125547126581,-9.85000000000002,17.5197263639369));
#12044=CARTESIAN_POINT('Ctrl Pts',(33.1236255976753,-9.85000000000002,17.7485682333578));
#12045=CARTESIAN_POINT('Ctrl Pts',(32.9178224302169,-9.85000000000002,17.9609049003446));
#12046=CARTESIAN_POINT('Ctrl Pts',(32.6937081706884,-9.85000000000002,18.1497200965508));
#12047=CARTESIAN_POINT('',(30.3823616133799,-9.85000000000001,19.0316349035423));
#12048=CARTESIAN_POINT('Ctrl Pts',(32.6937081706884,-9.85000000000002,18.1497200965508));
#12049=CARTESIAN_POINT('Ctrl Pts',(32.4585546293788,-9.85000000000002,18.3478358350779));
#12050=CARTESIAN_POINT('Ctrl Pts',(31.7665423562457,-9.85000000000002,18.8146289703951));
#12051=CARTESIAN_POINT('Ctrl Pts',(30.9142329341381,-9.85000000000001,19.0316349035423));
#12052=CARTESIAN_POINT('Ctrl Pts',(30.38236161338,-9.85000000000001,19.0316349035423));
#12053=CARTESIAN_POINT('',(13.6176383866201,-9.85000000000001,19.0316349035423));
#12054=CARTESIAN_POINT('',(29.75,-9.85000000000001,19.0316349035423));
#12055=CARTESIAN_POINT('',(11.3060559677437,-9.85000000000001,18.149999957563));
#12056=CARTESIAN_POINT('Ctrl Pts',(13.6176383866201,-9.85000000000001,19.0316349035423));
#12057=CARTESIAN_POINT('Ctrl Pts',(13.0856866795953,-9.85000000000001,19.0316349035423));
#12058=CARTESIAN_POINT('Ctrl Pts',(12.2431534960978,-9.85000000000001,18.8272745511057));
#12059=CARTESIAN_POINT('Ctrl Pts',(11.5437306937373,-9.85000000000001,18.350746961757));
#12060=CARTESIAN_POINT('Ctrl Pts',(11.3063279015367,-9.85000000000001,18.1496788828788));
#12061=CARTESIAN_POINT('',(10.6872859136952,-9.85000000000001,17.5198579410351));
#12062=CARTESIAN_POINT('Ctrl Pts',(11.3063279015367,-9.85000000000001,18.1496788828788));
#12063=CARTESIAN_POINT('Ctrl Pts',(11.1370692808749,-9.85000000000001,18.0063254480916));
#12064=CARTESIAN_POINT('Ctrl Pts',(10.9260008971023,-9.85,17.798726847619));
#12065=CARTESIAN_POINT('Ctrl Pts',(10.7338512394785,-9.85,17.5757188895264));
#12066=CARTESIAN_POINT('Ctrl Pts',(10.687458346238,-9.85000000000001,17.5197150999059));
#12067=CARTESIAN_POINT('Ctrl Pts',(10.6861156861909,-9.85,17.5180936724094));
#12068=CARTESIAN_POINT('Ctrl Pts',(10.3937009391802,-9.85,17.1648322350717));
#12069=CARTESIAN_POINT('Ctrl Pts',(9.56955748037445,-9.85,15.8771516183525));
#12070=CARTESIAN_POINT('Ctrl Pts',(8.79275086593293,-9.85000000000001,13.3939975444935));
#12071=CARTESIAN_POINT('Ctrl Pts',(8.60570171543648,-9.85000000000001,11.2873138130313));
#12072=CARTESIAN_POINT('Ctrl Pts',(8.60313355471082,-9.85000000000001,10.2384346494361));
#12073=CARTESIAN_POINT('',(37.5,-9.85000000000002,20.75));
#12074=CARTESIAN_POINT('',(22.,-9.85000000000001,20.75));
#12075=CARTESIAN_POINT('',(37.5,-9.85000000000002,0.));
#12076=CARTESIAN_POINT('Ctrl Pts',(11.9523090339123,-11.1375,10.193610741362));
#12077=CARTESIAN_POINT('Ctrl Pts',(11.8173727050984,-11.0157672474056,11.0600204373481));
#12078=CARTESIAN_POINT('Ctrl Pts',(11.6618336742097,-10.7653972515559,12.808933490198));
#12079=CARTESIAN_POINT('Ctrl Pts',(11.8126098074581,-10.4529357832322,14.9516544546913));
#12080=CARTESIAN_POINT('Ctrl Pts',(12.2525137533479,-10.2427531187178,16.4228271588862));
#12081=CARTESIAN_POINT('Ctrl Pts',(12.8083751500598,-10.134341745281,17.23974457933));
#12082=CARTESIAN_POINT('Ctrl Pts',(13.3391163728123,-10.1322511764078,17.374521266205));
#12083=CARTESIAN_POINT('Ctrl Pts',(13.6176383866201,-10.1515368960705,17.321534186914));
#12084=CARTESIAN_POINT('Ctrl Pts',(11.0439822427614,-10.3180533653241,10.193610741362));
#12085=CARTESIAN_POINT('Ctrl Pts',(10.9237885242116,-10.2706785970783,11.1134722923828));
#12086=CARTESIAN_POINT('Ctrl Pts',(10.8229693823451,-10.1734676017612,12.9711176997892));
#12087=CARTESIAN_POINT('Ctrl Pts',(11.1303782132116,-10.0593598266978,15.25456004688));
#12088=CARTESIAN_POINT('Ctrl Pts',(11.7825967597038,-9.98463799115256,16.8364045196252));
#12089=CARTESIAN_POINT('Ctrl Pts',(12.5553190329272,-9.9470331657336,17.7311164466546));
#12090=CARTESIAN_POINT('Ctrl Pts',(13.2581059628737,-9.94589468211797,17.9058013872583));
#12091=CARTESIAN_POINT('Ctrl Pts',(13.6176383866201,-9.95255764243127,17.8682251932276));
#12092=CARTESIAN_POINT('Ctrl Pts',(9.82641445754091,-9.85000000000001,10.193610741362));
#12093=CARTESIAN_POINT('Ctrl Pts',(9.76550440193186,-9.85082227976861,11.1852978791666));
#12094=CARTESIAN_POINT('Ctrl Pts',(9.80657749717496,-9.85026656769532,13.1750359309841));
#12095=CARTESIAN_POINT('Ctrl Pts',(10.361293961364,-9.85068962371276,15.6011158944247));
#12096=CARTESIAN_POINT('Ctrl Pts',(11.2754142821901,-9.85040820231015,17.285832739984));
#12097=CARTESIAN_POINT('Ctrl Pts',(12.2885102692548,-9.85047958896738,18.2522889015718));
#12098=CARTESIAN_POINT('Ctrl Pts',(13.1719084625514,-9.8500292982046,18.4686597921362));
#12099=CARTESIAN_POINT('Ctrl Pts',(13.6176383866201,-9.85000000000001,18.4498584862109));
#12100=CARTESIAN_POINT('Ctrl Pts',(8.60307871188311,-9.85000000000001,10.193610741362));
#12101=CARTESIAN_POINT('Ctrl Pts',(8.60307871188311,-9.85000000000001,11.2575141554116));
#12102=CARTESIAN_POINT('Ctrl Pts',(8.78823700059128,-9.85000000000001,13.3795684408998));
#12103=CARTESIAN_POINT('Ctrl Pts',(9.5917362619071,-9.85,15.9480487125484));
#12104=CARTESIAN_POINT('Ctrl Pts',(10.7681323715533,-9.85000000000001,17.7354498715096));
#12105=CARTESIAN_POINT('Ctrl Pts',(12.0217376754706,-9.85000000000001,18.7735691113382));
#12106=CARTESIAN_POINT('Ctrl Pts',(13.0856866795953,-9.85000000000001,19.0316349035423));
#12107=CARTESIAN_POINT('Ctrl Pts',(13.6176383866201,-9.85000000000001,19.0316349035423));
#12108=CARTESIAN_POINT('',(13.6176383866201,-10.1515368960705,17.321534186914));
#12109=CARTESIAN_POINT('Origin',(13.6176383866201,-14.85,19.0316349035423));
#12110=CARTESIAN_POINT('Ctrl Pts',(11.9523090339123,-11.1375,10.193610741362));
#12111=CARTESIAN_POINT('Ctrl Pts',(11.8173727050984,-11.0157672474056,11.0600204373481));
#12112=CARTESIAN_POINT('Ctrl Pts',(11.6618336742097,-10.7653972515559,12.808933490198));
#12113=CARTESIAN_POINT('Ctrl Pts',(11.8126098074581,-10.4529357832322,14.9516544546913));
#12114=CARTESIAN_POINT('Ctrl Pts',(12.2525137533479,-10.2427531187178,16.4228271588862));
#12115=CARTESIAN_POINT('Ctrl Pts',(12.8083751500598,-10.134341745281,17.23974457933));
#12116=CARTESIAN_POINT('Ctrl Pts',(13.3391163728123,-10.1322511764078,17.374521266205));
#12117=CARTESIAN_POINT('Ctrl Pts',(13.6176383866201,-10.1515368960705,17.321534186914));
#12118=CARTESIAN_POINT('Origin',(8.60307871188311,-14.85,10.193610741362));
#12119=CARTESIAN_POINT('Origin',(8.60307871188311,-14.85,0.));
#12120=CARTESIAN_POINT('Ctrl Pts',(0.850000000000005,15.5,4.5));
#12121=CARTESIAN_POINT('Ctrl Pts',(0.850000000000005,15.495688682858,4.50053933616325));
#12122=CARTESIAN_POINT('Ctrl Pts',(0.850000437861677,15.4913779101959,4.50107859708881));
#12123=CARTESIAN_POINT('Ctrl Pts',(0.850146743513559,14.7666120533527,4.59174686790925));
#12124=CARTESIAN_POINT('Ctrl Pts',(0.874806116143266,13.3225803813265,4.77237034304521));
#12125=CARTESIAN_POINT('Ctrl Pts',(0.986595091963279,11.1987697987533,5.03138148540665));
#12126=CARTESIAN_POINT('Ctrl Pts',(1.17990394120636,9.1627098371821,5.26392816367335));
#12127=CARTESIAN_POINT('Ctrl Pts',(1.46291024515159,7.3091496968855,5.44482869808853));
#12128=CARTESIAN_POINT('Ctrl Pts',(1.71495445456613,6.31201327083101,5.50000000000003));
#12129=CARTESIAN_POINT('Ctrl Pts',(1.85000000000023,5.91876834639656,5.5));
#12130=CARTESIAN_POINT('Ctrl Pts',(0.850000000000005,15.5,4.5));
#12131=CARTESIAN_POINT('Ctrl Pts',(0.850002528714445,15.4960751422817,4.50105261477364));
#12132=CARTESIAN_POINT('Ctrl Pts',(0.849998879882223,15.4921479400595,4.50210618376267));
#12133=CARTESIAN_POINT('Ctrl Pts',(0.850462678410124,14.8322989368355,4.67914289312442));
#12134=CARTESIAN_POINT('Ctrl Pts',(0.922668055664008,13.5172382771716,5.03180541680214));
#12135=CARTESIAN_POINT('Ctrl Pts',(1.23517729156805,11.6063406963765,5.47738904814472));
#12136=CARTESIAN_POINT('Ctrl Pts',(1.70871044889143,9.82508600903567,5.75335211368421));
#12137=CARTESIAN_POINT('Ctrl Pts',(2.2358480130083,8.29452132970748,5.7648867117889));
#12138=CARTESIAN_POINT('Ctrl Pts',(2.46121573619772,7.55104371845768,5.58925128408681));
#12139=CARTESIAN_POINT('Ctrl Pts',(2.50318157116899,7.26463586150072,5.49999999999985));
#12140=CARTESIAN_POINT('Ctrl Pts',(0.850000000000005,15.5,4.5));
#12141=CARTESIAN_POINT('Ctrl Pts',(0.850002251477269,15.496748841794,4.50195063587116));
#12142=CARTESIAN_POINT('Ctrl Pts',(0.849999691420167,15.4934983439433,4.50390485393725));
#12143=CARTESIAN_POINT('Ctrl Pts',(0.85082552879264,14.9469520942098,4.83191897811348));
#12144=CARTESIAN_POINT('Ctrl Pts',(0.968120302847724,13.8581089835567,5.48583535285852));
#12145=CARTESIAN_POINT('Ctrl Pts',(1.48399722497784,12.319269186411,6.34718974725025));
#12146=CARTESIAN_POINT('Ctrl Pts',(2.27909626632307,10.9834782459878,6.95473309524501));
#12147=CARTESIAN_POINT('Ctrl Pts',(3.19712075206453,10.0113095477987,7.1311037356465));
#12148=CARTESIAN_POINT('Ctrl Pts',(3.57859239109012,9.70210589815148,6.89705932554459));
#12149=CARTESIAN_POINT('Ctrl Pts',(3.63435175525753,9.59538931814631,6.75502793653167));
#12150=CARTESIAN_POINT('Ctrl Pts',(0.850000000000005,15.5,4.5));
#12151=CARTESIAN_POINT('Ctrl Pts',(0.850001922768703,15.4974235112383,4.50284933878332));
#12152=CARTESIAN_POINT('Ctrl Pts',(0.849999895676125,15.4948476980123,4.50570268927691));
#12153=CARTESIAN_POINT('Ctrl Pts',(0.850630580393395,15.0617078932657,4.98481488562765));
#12154=CARTESIAN_POINT('Ctrl Pts',(0.949249980192796,14.1988144191447,5.93976363440769));
#12155=CARTESIAN_POINT('Ctrl Pts',(1.38789742435022,12.9636160963706,7.28589414614019));
#12156=CARTESIAN_POINT('Ctrl Pts',(2.10557956706987,11.8510884217455,8.44509492478002));
#12157=CARTESIAN_POINT('Ctrl Pts',(3.05110614990686,10.9553989512852,9.25834459679539));
#12158=CARTESIAN_POINT('Ctrl Pts',(3.72856249417745,10.5650353543145,9.42070116579255));
#12159=CARTESIAN_POINT('Ctrl Pts',(4.03309859154982,10.4169991696847,9.37800262371786));
#12160=CARTESIAN_POINT('Ctrl Pts',(0.850000000000005,15.5,4.5));
#12161=CARTESIAN_POINT('Ctrl Pts',(0.850000000000005,15.4977127754101,4.50323601698163));
#12162=CARTESIAN_POINT('Ctrl Pts',(0.850001393756875,15.4954258396814,4.50647158253283));
#12163=CARTESIAN_POINT('Ctrl Pts',(0.850467099071253,15.110925643328,5.05048120745557));
#12164=CARTESIAN_POINT('Ctrl Pts',(0.92896031335743,14.3448431130981,6.13422205827122));
#12165=CARTESIAN_POINT('Ctrl Pts',(1.28479564484083,13.2181267007471,7.68828891243989));
#12166=CARTESIAN_POINT('Ctrl Pts',(1.9001167706005,12.1379634347492,9.08356898204008));
#12167=CARTESIAN_POINT('Ctrl Pts',(2.80095373808814,11.1546193227609,10.1689721885312));
#12168=CARTESIAN_POINT('Ctrl Pts',(3.60323530608371,10.6256220638681,10.5000000000002));
#12169=CARTESIAN_POINT('Ctrl Pts',(4.03309859155002,10.4169991696846,10.5));
#12170=CARTESIAN_POINT('',(4.03309859155002,10.4169991696846,10.5));
#12171=CARTESIAN_POINT('',(1.85000000000012,5.91876834639656,5.5));
#12172=CARTESIAN_POINT('Origin',(1.85000000000136,5.91876834639656,10.5));
#12173=CARTESIAN_POINT('Ctrl Pts',(0.850000000000005,15.5,4.5));
#12174=CARTESIAN_POINT('Ctrl Pts',(0.850000000000005,15.4977127754101,4.50323601698163));
#12175=CARTESIAN_POINT('Ctrl Pts',(0.850001393756875,15.4954258396814,4.50647158253283));
#12176=CARTESIAN_POINT('Ctrl Pts',(0.850467099071253,15.110925643328,5.05048120745557));
#12177=CARTESIAN_POINT('Ctrl Pts',(0.92896031335743,14.3448431130981,6.13422205827122));
#12178=CARTESIAN_POINT('Ctrl Pts',(1.28479564484083,13.2181267007471,7.68828891243989));
#12179=CARTESIAN_POINT('Ctrl Pts',(1.9001167706005,12.1379634347492,9.08356898204008));
#12180=CARTESIAN_POINT('Ctrl Pts',(2.80095373808814,11.1546193227609,10.1689721885312));
#12181=CARTESIAN_POINT('Ctrl Pts',(3.60323530608371,10.6256220638681,10.5000000000002));
#12182=CARTESIAN_POINT('Ctrl Pts',(4.03309859155002,10.4169991696846,10.5));
#12183=CARTESIAN_POINT('Ctrl Pts',(1.85000000000023,5.91876834639656,5.5));
#12184=CARTESIAN_POINT('Ctrl Pts',(1.71495445456613,6.31201327083101,5.50000000000003));
#12185=CARTESIAN_POINT('Ctrl Pts',(1.46291024515159,7.3091496968855,5.44482869808853));
#12186=CARTESIAN_POINT('Ctrl Pts',(1.17990394120636,9.1627098371821,5.26392816367335));
#12187=CARTESIAN_POINT('Ctrl Pts',(0.986595091963279,11.1987697987533,5.03138148540665));
#12188=CARTESIAN_POINT('Ctrl Pts',(0.874806116143266,13.3225803813265,4.77237034304521));
#12189=CARTESIAN_POINT('Ctrl Pts',(0.850146743513559,14.7666120533527,4.59174686790925));
#12190=CARTESIAN_POINT('Ctrl Pts',(0.850000437861677,15.4913779101959,4.50107859708881));
#12191=CARTESIAN_POINT('Ctrl Pts',(0.850000000000005,15.495688682858,4.50053933616325));
#12192=CARTESIAN_POINT('Ctrl Pts',(0.850000000000005,15.5,4.5));
#12193=CARTESIAN_POINT('Origin',(6.5,15.5,10.5));
#12194=CARTESIAN_POINT('',(6.63461810780515,9.85160394757495,10.5));
#12195=CARTESIAN_POINT('',(6.75374917665926,4.85302337020764,5.5));
#12196=CARTESIAN_POINT('Origin',(6.75374917665926,4.85302337020764,10.5));
#12197=CARTESIAN_POINT('Origin',(6.5,15.5,10.5));
#12198=CARTESIAN_POINT('Origin',(6.5,15.5,5.5));
#12199=CARTESIAN_POINT('Ctrl Pts',(6.75374917665925,4.85302337020764,5.5));
#12200=CARTESIAN_POINT('Ctrl Pts',(6.89208323630762,4.99901462809624,5.5));
#12201=CARTESIAN_POINT('Ctrl Pts',(7.20187393969552,5.3990348466101,5.47661358744302));
#12202=CARTESIAN_POINT('Ctrl Pts',(7.86480697568375,6.42434109976884,5.38168842526867));
#12203=CARTESIAN_POINT('Ctrl Pts',(8.84230125774172,7.94292784307732,5.23842240246648));
#12204=CARTESIAN_POINT('Ctrl Pts',(9.9201104501333,9.33526643470745,5.14514431476273));
#12205=CARTESIAN_POINT('Ctrl Pts',(10.5761021176154,10.0563499862394,5.12525574896468));
#12206=CARTESIAN_POINT('Ctrl Pts',(6.73592721043419,5.60080927593306,5.5));
#12207=CARTESIAN_POINT('Ctrl Pts',(6.83549029403141,5.73228187407942,5.52139939741012));
#12208=CARTESIAN_POINT('Ctrl Pts',(7.08576973476589,6.08082066245549,5.56137834579307));
#12209=CARTESIAN_POINT('Ctrl Pts',(7.73789607674658,6.97032619830025,5.57509167867845));
#12210=CARTESIAN_POINT('Ctrl Pts',(8.76200145716529,8.30963893602143,5.49251754367024));
#12211=CARTESIAN_POINT('Ctrl Pts',(9.83968559174076,9.57022331565268,5.39582906000353));
#12212=CARTESIAN_POINT('Ctrl Pts',(10.4706311738073,10.2390445997719,5.37474152383422));
#12213=CARTESIAN_POINT('Ctrl Pts',(6.70035183840567,7.09350438363945,5.84216352371881));
#12214=CARTESIAN_POINT('Ctrl Pts',(6.75117915536508,7.18699314809263,5.89355357553804));
#12215=CARTESIAN_POINT('Ctrl Pts',(6.92992337007573,7.41589199930085,6.01403320479673));
#12216=CARTESIAN_POINT('Ctrl Pts',(7.58408220311577,8.01636740371818,6.13954465264345));
#12217=CARTESIAN_POINT('Ctrl Pts',(8.67246317552339,8.99748360384643,6.08097884372171));
#12218=CARTESIAN_POINT('Ctrl Pts',(9.72301474135205,10.0055045079546,5.94411432425206));
#12219=CARTESIAN_POINT('Ctrl Pts',(10.2973924860976,10.5712286150188,5.91389437511392));
#12220=CARTESIAN_POINT('Ctrl Pts',(6.65023552056598,9.19631816154186,7.51474491338351));
#12221=CARTESIAN_POINT('Ctrl Pts',(6.73151370618495,9.2230245293068,7.56848576584407));
#12222=CARTESIAN_POINT('Ctrl Pts',(6.96823530892809,9.27415983180428,7.65629101706391));
#12223=CARTESIAN_POINT('Ctrl Pts',(7.69239932443857,9.48160922100434,7.62656595017392));
#12224=CARTESIAN_POINT('Ctrl Pts',(8.77297094040595,9.97310626416034,7.3227407869082));
#12225=CARTESIAN_POINT('Ctrl Pts',(9.68228467523586,10.614490918722,7.02606683924079));
#12226=CARTESIAN_POINT('Ctrl Pts',(10.1373518855719,11.0145604293622,6.9618395076865));
#12227=CARTESIAN_POINT('Ctrl Pts',(6.63461810780514,9.85160394757495,9.37800262371793));
#12228=CARTESIAN_POINT('Ctrl Pts',(6.83601139522076,9.8559788420674,9.39852516584967));
#12229=CARTESIAN_POINT('Ctrl Pts',(7.26952017316744,9.88317408916758,9.34430775617702));
#12230=CARTESIAN_POINT('Ctrl Pts',(8.09664936545689,10.0420049015127,8.9785554325548));
#12231=CARTESIAN_POINT('Ctrl Pts',(9.07124287035301,10.4121206263004,8.32767555785028));
#12232=CARTESIAN_POINT('Ctrl Pts',(9.80182845188429,10.8895692677159,7.86650616790094));
#12233=CARTESIAN_POINT('Ctrl Pts',(10.1568209151644,11.1922867143351,7.76785859128105));
#12234=CARTESIAN_POINT('Ctrl Pts',(6.63461810780514,9.85160394757495,10.5));
#12235=CARTESIAN_POINT('Ctrl Pts',(6.92926453855314,9.85862624994374,10.5));
#12236=CARTESIAN_POINT('Ctrl Pts',(7.51609856015634,9.91938796624364,10.3596815246581));
#12237=CARTESIAN_POINT('Ctrl Pts',(8.4263105897924,10.1598187292442,9.79013055161202));
#12238=CARTESIAN_POINT('Ctrl Pts',(9.32076327906221,10.5658611933274,8.93053441479891));
#12239=CARTESIAN_POINT('Ctrl Pts',(9.92414748124786,10.9891087720391,8.37086588857635));
#12240=CARTESIAN_POINT('Ctrl Pts',(10.2162882192811,11.244215481109,8.25153449378809));
#12241=CARTESIAN_POINT('',(10.2162882192811,11.244215481109,8.25153449378809));
#12242=CARTESIAN_POINT('',(10.5761021176154,10.0563499862394,5.12525574896468));
#12243=CARTESIAN_POINT('Origin',(13.5050388558131,7.47803449093996,8.25153449378809));
#12244=CARTESIAN_POINT('Ctrl Pts',(6.63461810780514,9.85160394757495,10.5));
#12245=CARTESIAN_POINT('Ctrl Pts',(6.92926453855314,9.85862624994374,10.5));
#12246=CARTESIAN_POINT('Ctrl Pts',(7.51609856015634,9.91938796624364,10.3596815246581));
#12247=CARTESIAN_POINT('Ctrl Pts',(8.4263105897924,10.1598187292442,9.79013055161202));
#12248=CARTESIAN_POINT('Ctrl Pts',(9.32076327906221,10.5658611933274,8.93053441479891));
#12249=CARTESIAN_POINT('Ctrl Pts',(9.92414748124786,10.9891087720391,8.37086588857635));
#12250=CARTESIAN_POINT('Ctrl Pts',(10.2162882192811,11.244215481109,8.25153449378809));
#12251=CARTESIAN_POINT('Ctrl Pts',(10.5761021176154,10.0563499862394,5.12525574896468));
#12252=CARTESIAN_POINT('Ctrl Pts',(9.9201104501333,9.33526643470745,5.14514431476273));
#12253=CARTESIAN_POINT('Ctrl Pts',(8.84230125774172,7.94292784307732,5.23842240246648));
#12254=CARTESIAN_POINT('Ctrl Pts',(7.86480697568375,6.42434109976884,5.38168842526867));
#12255=CARTESIAN_POINT('Ctrl Pts',(7.20187393969552,5.3990348466101,5.47661358744302));
#12256=CARTESIAN_POINT('Ctrl Pts',(6.89208323630762,4.99901462809624,5.5));
#12257=CARTESIAN_POINT('Ctrl Pts',(6.75374917665925,4.85302337020764,5.5));
#12258=CARTESIAN_POINT('Ctrl Pts',(12.0635882223068,14.5156290878899,5.88854523159482));
#12259=CARTESIAN_POINT('Ctrl Pts',(12.0149751725023,14.2408718921872,6.27375069756252));
#12260=CARTESIAN_POINT('Ctrl Pts',(11.8361213149763,13.530558378917,6.94357103766645));
#12261=CARTESIAN_POINT('Ctrl Pts',(11.4994978731132,12.8304606592158,7.39798672572891));
#12262=CARTESIAN_POINT('Ctrl Pts',(11.2591123536066,12.4547825027185,7.61888016850745));
#12263=CARTESIAN_POINT('Ctrl Pts',(12.0136697878627,14.2334939592176,5.49734248515657));
#12264=CARTESIAN_POINT('Ctrl Pts',(11.9515767152457,13.964201498846,5.77201097669742));
#12265=CARTESIAN_POINT('Ctrl Pts',(11.7397243124963,13.273247223031,6.24404160439286));
#12266=CARTESIAN_POINT('Ctrl Pts',(11.3790812679731,12.6062988367728,6.55524738015691));
#12267=CARTESIAN_POINT('Ctrl Pts',(11.1295827052296,12.2523515925128,6.70422774814863));
#12268=CARTESIAN_POINT('Ctrl Pts',(12.0337037870011,13.9390166878981,5.10618626805853));
#12269=CARTESIAN_POINT('Ctrl Pts',(11.9829823099489,13.6672521816712,5.27037102977036));
#12270=CARTESIAN_POINT('Ctrl Pts',(11.8012452032106,12.965541066812,5.54479813119129));
#12271=CARTESIAN_POINT('Ctrl Pts',(11.468900677024,12.2739161039053,5.71343035585216));
#12272=CARTESIAN_POINT('Ctrl Pts',(11.2321413434452,11.9018995657366,5.7911314919775));
#12273=CARTESIAN_POINT('Ctrl Pts',(12.1228529370964,13.6445043875137,4.7314242052658));
#12274=CARTESIAN_POINT('Ctrl Pts',(12.1075806957622,13.3668204103501,4.79562511626062));
#12275=CARTESIAN_POINT('Ctrl Pts',(12.0157416111894,12.6362133762319,4.9072618396111));
#12276=CARTESIAN_POINT('Ctrl Pts',(11.7572777816755,11.8771385711086,4.98299778762146));
#12277=CARTESIAN_POINT('Ctrl Pts',(11.5510385887268,11.4572444840097,5.01981336141791));
#12278=CARTESIAN_POINT('',(11.5510385887269,11.4572444840099,5.01981336141791));
#12279=CARTESIAN_POINT('',(11.2591123536066,12.4547825027185,7.61888016850745));
#12280=CARTESIAN_POINT('Origin',(15.4707162063558,9.75989976176147,7.61888016850745));
#12281=CARTESIAN_POINT('',(12.1228529370964,13.644504387864,4.7314242052658));
#12282=CARTESIAN_POINT('Ctrl Pts',(12.1228529370964,13.6445043875137,4.7314242052658));
#12283=CARTESIAN_POINT('Ctrl Pts',(12.1075806957622,13.3668204103501,4.79562511626062));
#12284=CARTESIAN_POINT('Ctrl Pts',(12.0157416111894,12.6362133762319,4.9072618396111));
#12285=CARTESIAN_POINT('Ctrl Pts',(11.7572777816755,11.8771385711086,4.98299778762146));
#12286=CARTESIAN_POINT('Ctrl Pts',(11.5510385887268,11.4572444840097,5.01981336141791));
#12287=CARTESIAN_POINT('',(12.0635882223068,14.5156290878899,5.88854523159482));
#12288=CARTESIAN_POINT('Origin',(16.9871176225784,13.6445043869075,5.88854523159482));
#12289=CARTESIAN_POINT('Ctrl Pts',(11.2591123536066,12.4547825027185,7.61888016850745));
#12290=CARTESIAN_POINT('Ctrl Pts',(11.4994978731132,12.8304606592158,7.39798672572891));
#12291=CARTESIAN_POINT('Ctrl Pts',(11.8361213149763,13.530558378917,6.94357103766645));
#12292=CARTESIAN_POINT('Ctrl Pts',(12.0149751725023,14.2408718921872,6.27375069756252));
#12293=CARTESIAN_POINT('Ctrl Pts',(12.0635882223068,14.5156290878899,5.88854523159482));
#12294=CARTESIAN_POINT('Ctrl Pts',(12.15,15.5,4.5));
#12295=CARTESIAN_POINT('Ctrl Pts',(12.15,15.4975360422106,4.50348606311227));
#12296=CARTESIAN_POINT('Ctrl Pts',(12.14999838795,15.495072087016,4.5069721353373));
#12297=CARTESIAN_POINT('Ctrl Pts',(12.1495685516805,15.1664866572122,4.97185956766982));
#12298=CARTESIAN_POINT('Ctrl Pts',(12.1209031434775,14.8395685873393,5.43438691337294));
#12299=CARTESIAN_POINT('Ctrl Pts',(12.0635882223884,14.5156290883509,5.88854523094855));
#12300=CARTESIAN_POINT('Ctrl Pts',(12.15,15.5,4.5));
#12301=CARTESIAN_POINT('Ctrl Pts',(12.1500021403074,15.4968092753341,4.50251765871787));
#12302=CARTESIAN_POINT('Ctrl Pts',(12.1499952897512,15.4936183592847,4.50503548727772));
#12303=CARTESIAN_POINT('Ctrl Pts',(12.1493920193935,15.0681083793256,4.84078468073234));
#12304=CARTESIAN_POINT('Ctrl Pts',(12.103461210368,14.6448003403372,5.17480610202304));
#12305=CARTESIAN_POINT('Ctrl Pts',(12.0136697879548,14.2334939596022,5.49734248469479));
#12306=CARTESIAN_POINT('Ctrl Pts',(12.15,15.5,4.5));
#12307=CARTESIAN_POINT('Ctrl Pts',(12.1500026875519,15.4960825133083,4.50154938647029));
#12308=CARTESIAN_POINT('Ctrl Pts',(12.1499951088587,15.4921646313737,4.50309870142683));
#12309=CARTESIAN_POINT('Ctrl Pts',(12.1495108097771,14.9697282633775,4.70971520210741));
#12310=CARTESIAN_POINT('Ctrl Pts',(12.1100415726685,14.4499509614746,4.9152005828149));
#12311=CARTESIAN_POINT('Ctrl Pts',(12.0337037870742,13.9390166882174,5.10618626778118));
#12312=CARTESIAN_POINT('Ctrl Pts',(12.15,15.5,4.5));
#12313=CARTESIAN_POINT('Ctrl Pts',(12.15,15.495355548588,4.50058101052142));
#12314=CARTESIAN_POINT('Ctrl Pts',(12.1499994935595,15.4907111020744,4.50116202255622));
#12315=CARTESIAN_POINT('Ctrl Pts',(12.1498644565015,14.8713421060727,4.57864326127832));
#12316=CARTESIAN_POINT('Ctrl Pts',(12.1408589521544,14.2551160097634,4.65573115222882));
#12317=CARTESIAN_POINT('Ctrl Pts',(12.122852937122,13.6445043877764,4.73142420515809));
#12318=CARTESIAN_POINT('Ctrl Pts',(12.15,15.5,4.5));
#12319=CARTESIAN_POINT('Ctrl Pts',(12.15,15.495355548588,4.50058101052142));
#12320=CARTESIAN_POINT('Ctrl Pts',(12.1499994935595,15.4907111020744,4.50116202255622));
#12321=CARTESIAN_POINT('Ctrl Pts',(12.1498644565015,14.8713421060727,4.57864326127832));
#12322=CARTESIAN_POINT('Ctrl Pts',(12.1408589521544,14.2551160097634,4.65573115222882));
#12323=CARTESIAN_POINT('Ctrl Pts',(12.122852937122,13.6445043877764,4.73142420515809));
#12324=CARTESIAN_POINT('Ctrl Pts',(12.0635882223884,14.5156290883509,5.88854523094855));
#12325=CARTESIAN_POINT('Ctrl Pts',(12.1209031434775,14.8395685873393,5.43438691337294));
#12326=CARTESIAN_POINT('Ctrl Pts',(12.1495685516805,15.1664866572122,4.97185956766982));
#12327=CARTESIAN_POINT('Ctrl Pts',(12.14999838795,15.495072087016,4.5069721353373));
#12328=CARTESIAN_POINT('Ctrl Pts',(12.15,15.4975360422106,4.50348606311227));
#12329=CARTESIAN_POINT('Ctrl Pts',(12.15,15.5,4.5));
#12330=CARTESIAN_POINT('Ctrl Pts',(10.5761021176153,10.0563499862394,5.12525574896468));
#12331=CARTESIAN_POINT('Ctrl Pts',(10.9800247598881,10.4816853281135,5.09761420745691));
#12332=CARTESIAN_POINT('Ctrl Pts',(11.3067710616011,10.9599263513894,5.06341733912164));
#12333=CARTESIAN_POINT('Ctrl Pts',(11.5510385887269,11.4572444840098,5.0198133614179));
#12334=CARTESIAN_POINT('Ctrl Pts',(10.206953814287,10.6957811336031,5.99845596100805));
#12335=CARTESIAN_POINT('Ctrl Pts',(10.6069877944653,11.0509323916539,5.94911411326122));
#12336=CARTESIAN_POINT('Ctrl Pts',(10.9517260833272,11.4612870976157,5.88315989892011));
#12337=CARTESIAN_POINT('Ctrl Pts',(11.2321413434452,11.9018995657366,5.79113149197748));
#12338=CARTESIAN_POINT('Ctrl Pts',(10.0775311763421,11.1230483586366,7.12295738793835));
#12339=CARTESIAN_POINT('Ctrl Pts',(10.4792377580211,11.4497053979385,7.01592284149047));
#12340=CARTESIAN_POINT('Ctrl Pts',(10.8340792363135,11.8331402057136,6.88067852629284));
#12341=CARTESIAN_POINT('Ctrl Pts',(11.1295827052297,12.2523515925129,6.70422774814861));
#12342=CARTESIAN_POINT('Ctrl Pts',(10.2162882192811,11.244215481109,8.2515344937881));
#12343=CARTESIAN_POINT('Ctrl Pts',(10.6223114800058,11.5987680797867,8.08568524474144));
#12344=CARTESIAN_POINT('Ctrl Pts',(10.9744022770823,12.0098332524293,7.88050403472984));
#12345=CARTESIAN_POINT('Ctrl Pts',(11.2591123536066,12.4547825027186,7.61888016850741));
#12346=CARTESIAN_POINT('Ctrl Pts',(10.2162882192811,11.244215481109,8.2515344937881));
#12347=CARTESIAN_POINT('Ctrl Pts',(10.6223114800058,11.5987680797867,8.08568524474144));
#12348=CARTESIAN_POINT('Ctrl Pts',(10.9744022770823,12.0098332524293,7.88050403472984));
#12349=CARTESIAN_POINT('Ctrl Pts',(11.2591123536066,12.4547825027186,7.61888016850741));
#12350=CARTESIAN_POINT('Ctrl Pts',(11.5510385887269,11.4572444840098,5.0198133614179));
#12351=CARTESIAN_POINT('Ctrl Pts',(11.3067710616011,10.9599263513894,5.06341733912164));
#12352=CARTESIAN_POINT('Ctrl Pts',(10.9800247598881,10.4816853281135,5.09761420745691));
#12353=CARTESIAN_POINT('Ctrl Pts',(10.5761021176153,10.0563499862394,5.12525574896468));
#12354=CARTESIAN_POINT('Origin',(22.,0.,4.5));
#12355=CARTESIAN_POINT('Origin',(9.99031476997579,10.5720130852992,4.5));
#12356=CARTESIAN_POINT('Origin',(22.,0.,5.5));
#12357=CARTESIAN_POINT('Origin',(6.5,13.6445043882143,4.5));
#12358=CARTESIAN_POINT('Origin',(10.7671030652011,11.7967134284597,4.5));
#12359=CARTESIAN_POINT('Origin',(6.5,13.6445043882143,4.5));
#12360=CARTESIAN_POINT('Origin',(11.15,13.6445043882143,4.5));
#12361=CARTESIAN_POINT('Origin',(11.15,7.75,4.5));
#12362=CARTESIAN_POINT('Ctrl Pts',(31.85,15.5,4.5));
#12363=CARTESIAN_POINT('Ctrl Pts',(31.85,15.4956886828616,4.50053933616441));
#12364=CARTESIAN_POINT('Ctrl Pts',(31.8500004364006,15.4913773703944,4.50107867370871));
#12365=CARTESIAN_POINT('Ctrl Pts',(31.8501257862352,14.8720091585976,4.57855982233483));
#12366=CARTESIAN_POINT('Ctrl Pts',(31.8591313136173,14.2554461119736,4.65569023187522));
#12367=CARTESIAN_POINT('Ctrl Pts',(31.8771470629144,13.6445043865407,4.73142420531128));
#12368=CARTESIAN_POINT('Ctrl Pts',(31.85,15.5,4.5));
#12369=CARTESIAN_POINT('Ctrl Pts',(31.8499973353451,15.4963635127719,4.50143825487398));
#12370=CARTESIAN_POINT('Ctrl Pts',(31.8500045504501,15.4927266340693,4.50287643800434));
#12371=CARTESIAN_POINT('Ctrl Pts',(31.8504466843724,14.9702909029282,4.70949277903546));
#12372=CARTESIAN_POINT('Ctrl Pts',(31.8899170128897,14.4502271830602,4.9150973378082));
#12373=CARTESIAN_POINT('Ctrl Pts',(31.9662962130801,13.9390166871834,5.1061862681677));
#12374=CARTESIAN_POINT('Ctrl Pts',(31.85,15.5,4.5));
#12375=CARTESIAN_POINT('Ctrl Pts',(31.8499978778924,15.4970381415854,4.50233707035149));
#12376=CARTESIAN_POINT('Ctrl Pts',(31.8500043262167,15.4940760940161,4.50467430795831));
#12377=CARTESIAN_POINT('Ctrl Pts',(31.8505584210463,15.0685665919808,4.84042315321352));
#12378=CARTESIAN_POINT('Ctrl Pts',(31.896490131599,14.645022698,5.17463173417022));
#12379=CARTESIAN_POINT('Ctrl Pts',(31.9863302122267,14.2334939587698,5.49734248534754));
#12380=CARTESIAN_POINT('Ctrl Pts',(31.85,15.5,4.5));
#12381=CARTESIAN_POINT('Ctrl Pts',(31.85,15.4977127754197,4.50323601698283));
#12382=CARTESIAN_POINT('Ctrl Pts',(31.8500013891061,15.4954255533078,4.50647204225224));
#12383=CARTESIAN_POINT('Ctrl Pts',(31.850400389988,15.1668405395379,4.97135893400852));
#12384=CARTESIAN_POINT('Ctrl Pts',(31.8790658715142,14.839743711986,5.4341413912513));
#12385=CARTESIAN_POINT('Ctrl Pts',(31.9364117777276,14.5156290876953,5.88854523186767));
#12386=CARTESIAN_POINT('',(31.9364117777276,14.5156290876953,5.88854523186767));
#12387=CARTESIAN_POINT('',(31.8771470629144,13.6445043873775,4.73142420531128));
#12388=CARTESIAN_POINT('Origin',(27.0128823774865,13.6445043865407,5.88854523186767));
#12389=CARTESIAN_POINT('',(31.85,15.5,4.5));
#12390=CARTESIAN_POINT('Ctrl Pts',(31.85,15.5,4.5));
#12391=CARTESIAN_POINT('Ctrl Pts',(31.85,15.4977127754197,4.50323601698283));
#12392=CARTESIAN_POINT('Ctrl Pts',(31.8500013891061,15.4954255533078,4.50647204225224));
#12393=CARTESIAN_POINT('Ctrl Pts',(31.850400389988,15.1668405395379,4.97135893400852));
#12394=CARTESIAN_POINT('Ctrl Pts',(31.8790658715142,14.839743711986,5.4341413912513));
#12395=CARTESIAN_POINT('Ctrl Pts',(31.9364117777276,14.5156290876953,5.88854523186767));
#12396=CARTESIAN_POINT('Ctrl Pts',(31.8771470629144,13.6445043865407,4.73142420531128));
#12397=CARTESIAN_POINT('Ctrl Pts',(31.8591313136173,14.2554461119736,4.65569023187522));
#12398=CARTESIAN_POINT('Ctrl Pts',(31.8501257862352,14.8720091585976,4.57855982233483));
#12399=CARTESIAN_POINT('Ctrl Pts',(31.8500004364006,15.4913773703944,4.50107867370871));
#12400=CARTESIAN_POINT('Ctrl Pts',(31.85,15.4956886828616,4.50053933616441));
#12401=CARTESIAN_POINT('Ctrl Pts',(31.85,15.5,4.5));
#12402=CARTESIAN_POINT('Ctrl Pts',(31.8771470629132,13.6445043873387,4.73142420530626));
#12403=CARTESIAN_POINT('Ctrl Pts',(31.8975100513697,13.274259084463,4.81702541994775));
#12404=CARTESIAN_POINT('Ctrl Pts',(32.0093850935986,12.5217322569148,4.91801551172375));
#12405=CARTESIAN_POINT('Ctrl Pts',(32.2942820165757,11.7721650493055,4.99220168107308));
#12406=CARTESIAN_POINT('Ctrl Pts',(32.4489614112732,11.4572444840098,5.01981336141791));
#12407=CARTESIAN_POINT('Ctrl Pts',(31.9662962130308,13.9390166877268,5.10618626816199));
#12408=CARTESIAN_POINT('Ctrl Pts',(32.0339248491095,13.5766640127692,5.32509928372885));
#12409=CARTESIAN_POINT('Ctrl Pts',(32.2370228119455,12.8584828652384,5.56899478440057));
#12410=CARTESIAN_POINT('Ctrl Pts',(32.5902891563867,12.180911969338,5.73285563988873));
#12411=CARTESIAN_POINT('Ctrl Pts',(32.7678586565548,11.9018995657366,5.7911314919775));
#12412=CARTESIAN_POINT('Ctrl Pts',(31.9863302121764,14.2334939590479,5.49734248532964));
#12413=CARTESIAN_POINT('Ctrl Pts',(32.0691209756747,13.8744373452312,5.86356714063919));
#12414=CARTESIAN_POINT('Ctrl Pts',(32.3033409618158,13.1688409377023,6.28839823641039));
#12415=CARTESIAN_POINT('Ctrl Pts',(32.6832933727295,12.517812025684,6.59249247216487));
#12416=CARTESIAN_POINT('Ctrl Pts',(32.8704172947704,12.2523515925128,6.70422774814863));
#12417=CARTESIAN_POINT('Ctrl Pts',(31.9364117777238,14.5156290877168,5.88854523183753));
#12418=CARTESIAN_POINT('Ctrl Pts',(32.001229177473,14.1492861601239,6.4021525196869));
#12419=CARTESIAN_POINT('Ctrl Pts',(32.202547152804,13.4221285095817,7.00809307034241));
#12420=CARTESIAN_POINT('Ctrl Pts',(32.5605985067796,12.7365411200663,7.4532100864384));
#12421=CARTESIAN_POINT('Ctrl Pts',(32.7408876463934,12.4547825027185,7.61888016850745));
#12422=CARTESIAN_POINT('',(32.7408876463934,12.4547825027185,7.61888016850745));
#12423=CARTESIAN_POINT('',(32.4489614112731,11.4572444840099,5.01981336141791));
#12424=CARTESIAN_POINT('Origin',(28.5292837936442,9.75989976176148,7.61888016850745));
#12425=CARTESIAN_POINT('Ctrl Pts',(31.9364117777238,14.5156290877168,5.88854523183753));
#12426=CARTESIAN_POINT('Ctrl Pts',(32.001229177473,14.1492861601239,6.4021525196869));
#12427=CARTESIAN_POINT('Ctrl Pts',(32.202547152804,13.4221285095817,7.00809307034241));
#12428=CARTESIAN_POINT('Ctrl Pts',(32.5605985067796,12.7365411200663,7.4532100864384));
#12429=CARTESIAN_POINT('Ctrl Pts',(32.7408876463934,12.4547825027185,7.61888016850745));
#12430=CARTESIAN_POINT('Ctrl Pts',(32.4489614112732,11.4572444840098,5.01981336141791));
#12431=CARTESIAN_POINT('Ctrl Pts',(32.2942820165757,11.7721650493055,4.99220168107308));
#12432=CARTESIAN_POINT('Ctrl Pts',(32.0093850935986,12.5217322569148,4.91801551172375));
#12433=CARTESIAN_POINT('Ctrl Pts',(31.8975100513697,13.274259084463,4.81702541994775));
#12434=CARTESIAN_POINT('Ctrl Pts',(31.8771470629132,13.6445043873387,4.73142420530626));
#12435=CARTESIAN_POINT('Ctrl Pts',(32.4489614112731,11.4572444840098,5.0198133614179));
#12436=CARTESIAN_POINT('Ctrl Pts',(32.693217964834,10.9599486930936,5.06341538024038));
#12437=CARTESIAN_POINT('Ctrl Pts',(33.019996824877,10.4816625990994,5.09761568456198));
#12438=CARTESIAN_POINT('Ctrl Pts',(33.4238978823849,10.0563499862391,5.1252557489647));
#12439=CARTESIAN_POINT('Ctrl Pts',(32.7678586565548,11.9018995657366,5.79113149197748));
#12440=CARTESIAN_POINT('Ctrl Pts',(33.0482613191937,11.4613068918537,5.88315576460183));
#12441=CARTESIAN_POINT('Ctrl Pts',(33.393033582498,11.0509134131276,5.94911674998441));
#12442=CARTESIAN_POINT('Ctrl Pts',(33.7930461857132,10.6957811336028,5.99845596100809));
#12443=CARTESIAN_POINT('Ctrl Pts',(32.8704172947703,12.2523515925129,6.7042277481486));
#12444=CARTESIAN_POINT('Ctrl Pts',(33.1659074883791,11.8331590385214,6.88067059935263));
#12445=CARTESIAN_POINT('Ctrl Pts',(33.5207837083225,11.4496879420825,7.01592856118854));
#12446=CARTESIAN_POINT('Ctrl Pts',(33.9224688236581,11.1230483586364,7.12295738793842));
#12447=CARTESIAN_POINT('Ctrl Pts',(32.7408876463934,12.4547825027186,7.61888016850741));
#12448=CARTESIAN_POINT('Ctrl Pts',(33.0255849324966,12.0098532414945,7.88049228144224));
#12449=CARTESIAN_POINT('Ctrl Pts',(33.377710217012,11.5987491332514,8.08569410737187));
#12450=CARTESIAN_POINT('Ctrl Pts',(33.7837117807192,11.2442154811088,8.25153449378821));
#12451=CARTESIAN_POINT('',(33.7837117807192,11.2442154811088,8.25153449378821));
#12452=CARTESIAN_POINT('Origin',(30.4949611441874,7.47803449093953,8.25153449378821));
#12453=CARTESIAN_POINT('Ctrl Pts',(32.7408876463934,12.4547825027186,7.61888016850741));
#12454=CARTESIAN_POINT('Ctrl Pts',(33.0255849324966,12.0098532414945,7.88049228144224));
#12455=CARTESIAN_POINT('Ctrl Pts',(33.377710217012,11.5987491332514,8.08569410737187));
#12456=CARTESIAN_POINT('Ctrl Pts',(33.7837117807192,11.2442154811088,8.25153449378821));
#12457=CARTESIAN_POINT('Ctrl Pts',(33.4238978823849,10.0563499862391,5.1252557489647));
#12458=CARTESIAN_POINT('Ctrl Pts',(33.019996824877,10.4816625990994,5.09761568456198));
#12459=CARTESIAN_POINT('Ctrl Pts',(32.693217964834,10.9599486930936,5.06341538024038));
#12460=CARTESIAN_POINT('Ctrl Pts',(32.4489614112731,11.4572444840098,5.0198133614179));
#12461=CARTESIAN_POINT('Origin',(37.5,15.5,10.5));
#12462=CARTESIAN_POINT('',(37.3653818921949,9.85160394757495,10.5));
#12463=CARTESIAN_POINT('Origin',(37.2462508233407,4.85302337020765,10.5));
#12464=CARTESIAN_POINT('',(39.9669014084507,10.4169991696849,10.5));
#12465=CARTESIAN_POINT('Origin',(42.15,5.91876834639722,10.5));
#12466=CARTESIAN_POINT('Origin',(37.5,15.5,10.5));
#12467=CARTESIAN_POINT('Ctrl Pts',(42.15,5.91876834639722,5.5));
#12468=CARTESIAN_POINT('Ctrl Pts',(42.285045545434,6.31201327083163,5.5));
#12469=CARTESIAN_POINT('Ctrl Pts',(42.5367657247502,7.30828808750734,5.44480853140613));
#12470=CARTESIAN_POINT('Ctrl Pts',(42.8199650672237,9.16099122421198,5.26417548600564));
#12471=CARTESIAN_POINT('Ctrl Pts',(42.9811692526332,10.8589044387208,5.07019354612613));
#12472=CARTESIAN_POINT('Ctrl Pts',(43.0692556268918,12.2609905057999,4.90181556874835));
#12473=CARTESIAN_POINT('Ctrl Pts',(43.1158589263641,13.327797862822,4.7708911601152));
#12474=CARTESIAN_POINT('Ctrl Pts',(43.1436689872993,14.4048912300239,4.63698937953693));
#12475=CARTESIAN_POINT('Ctrl Pts',(43.1499256793606,15.126932775414,4.54666930333338));
#12476=CARTESIAN_POINT('Ctrl Pts',(43.1499995643098,15.4913771338179,4.50107870576084));
#12477=CARTESIAN_POINT('Ctrl Pts',(43.15,15.4956886828618,4.50053933616301));
#12478=CARTESIAN_POINT('Ctrl Pts',(43.15,15.5,4.5));
#12479=CARTESIAN_POINT('Ctrl Pts',(41.8234092144155,6.59170210394921,5.5));
#12480=CARTESIAN_POINT('Ctrl Pts',(41.9136916984564,6.93200175301755,5.54422539304804));
#12481=CARTESIAN_POINT('Ctrl Pts',(42.1498543908194,7.80092833924282,5.60499488244001));
#12482=CARTESIAN_POINT('Ctrl Pts',(42.5558176258264,9.49240650534484,5.50885035181341));
#12483=CARTESIAN_POINT('Ctrl Pts',(42.8336971077158,11.0838826877173,5.29697945630067));
#12484=CARTESIAN_POINT('Ctrl Pts',(42.9953943076717,12.4115270746422,5.07823139906077));
#12485=CARTESIAN_POINT('Ctrl Pts',(43.0838467446155,13.4263421565224,4.89616047366117));
#12486=CARTESIAN_POINT('Ctrl Pts',(43.1376693141203,14.4538587629798,4.7022311384943));
#12487=CARTESIAN_POINT('Ctrl Pts',(43.1498619409491,15.1436133651663,4.56889559533971));
#12488=CARTESIAN_POINT('Ctrl Pts',(43.1499990934028,15.4917626879679,4.50159235207501));
#12489=CARTESIAN_POINT('Ctrl Pts',(43.15,15.495881453581,4.50079616290742));
#12490=CARTESIAN_POINT('Ctrl Pts',(43.15,15.5,4.5));
#12491=CARTESIAN_POINT('Ctrl Pts',(41.1715592106473,7.93482595115465,5.84227040044585));
#12492=CARTESIAN_POINT('Ctrl Pts',(41.2187760877045,8.1696607006093,5.94847643965838));
#12493=CARTESIAN_POINT('Ctrl Pts',(41.4839852423898,8.7850893167069,6.1491815825298));
#12494=CARTESIAN_POINT('Ctrl Pts',(42.1265836336485,10.1548874688535,6.09536300592689));
#12495=CARTESIAN_POINT('Ctrl Pts',(42.5993695442373,11.5336893576376,5.78767825900309));
#12496=CARTESIAN_POINT('Ctrl Pts',(42.8794848920022,12.7125281459799,5.44358473840233));
#12497=CARTESIAN_POINT('Ctrl Pts',(43.0339643612014,13.6233865911032,5.14979121298781));
#12498=CARTESIAN_POINT('Ctrl Pts',(43.1283690824593,14.5517719636978,4.83266568442436));
#12499=CARTESIAN_POINT('Ctrl Pts',(43.1497632610336,15.1769720965037,4.61334068313815));
#12500=CARTESIAN_POINT('Ctrl Pts',(43.149998359394,15.4925338157025,4.50261970489761));
#12501=CARTESIAN_POINT('Ctrl Pts',(43.15,15.4962669950194,4.50130981639625));
#12502=CARTESIAN_POINT('Ctrl Pts',(43.15,15.5,4.5));
#12503=CARTESIAN_POINT('Ctrl Pts',(40.2532934872387,9.82689404051833,7.51490610126985));
#12504=CARTESIAN_POINT('Ctrl Pts',(40.3844165269891,9.94741493141442,7.62597045870266));
#12505=CARTESIAN_POINT('Ctrl Pts',(40.8476543708079,10.2795723701486,7.74295994552637));
#12506=CARTESIAN_POINT('Ctrl Pts',(41.7708799540967,11.2306055567533,7.38163840326447));
#12507=CARTESIAN_POINT('Ctrl Pts',(42.4152535176093,12.2910374170387,6.74339645808606));
#12508=CARTESIAN_POINT('Ctrl Pts',(42.7909569638345,13.2297679683282,6.1152224272621));
#12509=CARTESIAN_POINT('Ctrl Pts',(42.9964165352438,13.9659998884601,5.60175347320203));
#12510=CARTESIAN_POINT('Ctrl Pts',(43.1213858061183,14.7232298431415,5.06096087914488));
#12511=CARTESIAN_POINT('Ctrl Pts',(43.1496795451425,15.2353628171067,4.69111990762788));
#12512=CARTESIAN_POINT('Ctrl Pts',(43.1499978958048,15.493883186062,4.50441757137563));
#12513=CARTESIAN_POINT('Ctrl Pts',(43.15,15.4969416925365,4.5022087100017));
#12514=CARTESIAN_POINT('Ctrl Pts',(43.15,15.5,4.5));
#12515=CARTESIAN_POINT('Ctrl Pts',(39.9669014084507,10.4169991696849,9.37800262371793));
#12516=CARTESIAN_POINT('Ctrl Pts',(40.2738920965808,10.5650132450558,9.42041585034887));
#12517=CARTESIAN_POINT('Ctrl Pts',(40.9472386245164,10.953569880631,9.25861801894192));
#12518=CARTESIAN_POINT('Ctrl Pts',(41.8948232804162,11.8491931581594,8.44648125458478));
#12519=CARTESIAN_POINT('Ctrl Pts',(42.4930907637975,12.7769974908153,7.47972180813813));
#12520=CARTESIAN_POINT('Ctrl Pts',(42.8319246975419,13.5808996973986,6.61266692124426));
#12521=CARTESIAN_POINT('Ctrl Pts',(43.0146647849806,14.205842960432,5.92910050271523));
#12522=CARTESIAN_POINT('Ctrl Pts',(43.1249022488377,14.8454249845719,5.22412171678125));
#12523=CARTESIAN_POINT('Ctrl Pts',(43.1497245922566,15.2770413763285,4.74668553534273));
#12524=CARTESIAN_POINT('Ctrl Pts',(43.1499980959232,15.4948472521899,4.50570169076346));
#12525=CARTESIAN_POINT('Ctrl Pts',(43.15,15.4974236193344,4.50285077686273));
#12526=CARTESIAN_POINT('Ctrl Pts',(43.15,15.5,4.5));
#12527=CARTESIAN_POINT('Ctrl Pts',(39.9669014084507,10.4169991696849,10.5));
#12528=CARTESIAN_POINT('Ctrl Pts',(40.3967646939171,10.6256220638686,10.5));
#12529=CARTESIAN_POINT('Ctrl Pts',(41.1980148421632,11.1541622248281,10.1688511884367));
#12530=CARTESIAN_POINT('Ctrl Pts',(42.099466270318,12.1370516823285,9.08505291603392));
#12531=CARTESIAN_POINT('Ctrl Pts',(42.6125950858471,13.0378225426077,7.92116127675687));
#12532=CARTESIAN_POINT('Ctrl Pts',(42.8929826996843,13.7816522401661,6.91089341249022));
#12533=CARTESIAN_POINT('Ctrl Pts',(43.0413255965964,14.3476110727647,6.12534696069135));
#12534=CARTESIAN_POINT('Ctrl Pts',(43.1298477623897,14.9190268027826,5.32193627722168));
#12535=CARTESIAN_POINT('Ctrl Pts',(43.1497634300788,15.3020817071444,4.78001582000062));
#12536=CARTESIAN_POINT('Ctrl Pts',(43.1499986131552,15.4954254278001,4.50647223456501));
#12537=CARTESIAN_POINT('Ctrl Pts',(43.15,15.4977127754132,4.50323601697935));
#12538=CARTESIAN_POINT('Ctrl Pts',(43.15,15.5,4.5));
#12539=CARTESIAN_POINT('Ctrl Pts',(39.9669014084507,10.4169991696849,10.5));
#12540=CARTESIAN_POINT('Ctrl Pts',(40.3967646939171,10.6256220638686,10.5));
#12541=CARTESIAN_POINT('Ctrl Pts',(41.1980148421632,11.1541622248281,10.1688511884367));
#12542=CARTESIAN_POINT('Ctrl Pts',(42.099466270318,12.1370516823285,9.08505291603392));
#12543=CARTESIAN_POINT('Ctrl Pts',(42.6125950858471,13.0378225426077,7.92116127675687));
#12544=CARTESIAN_POINT('Ctrl Pts',(42.8929826996843,13.7816522401661,6.91089341249022));
#12545=CARTESIAN_POINT('Ctrl Pts',(43.0413255965964,14.3476110727647,6.12534696069135));
#12546=CARTESIAN_POINT('Ctrl Pts',(43.1298477623897,14.9190268027826,5.32193627722168));
#12547=CARTESIAN_POINT('Ctrl Pts',(43.1497634300788,15.3020817071444,4.78001582000062));
#12548=CARTESIAN_POINT('Ctrl Pts',(43.1499986131552,15.4954254278001,4.50647223456501));
#12549=CARTESIAN_POINT('Ctrl Pts',(43.15,15.4977127754132,4.50323601697935));
#12550=CARTESIAN_POINT('Ctrl Pts',(43.15,15.5,4.5));
#12551=CARTESIAN_POINT('Ctrl Pts',(33.423897882385,10.056349986239,5.12525574896469));
#12552=CARTESIAN_POINT('Ctrl Pts',(34.0798916198711,9.33526415930332,5.14514437752179));
#12553=CARTESIAN_POINT('Ctrl Pts',(34.8896761407944,8.29011493271773,5.21497334154808));
#12554=CARTESIAN_POINT('Ctrl Pts',(35.8879718196773,6.82389542692099,5.34191842054936));
#12555=CARTESIAN_POINT('Ctrl Pts',(36.6337002927471,5.63250679089037,5.45830330134016));
#12556=CARTESIAN_POINT('Ctrl Pts',(37.0618016584968,5.04768234038837,5.5));
#12557=CARTESIAN_POINT('Ctrl Pts',(37.2462508233407,4.85302337020765,5.5));
#12558=CARTESIAN_POINT('Ctrl Pts',(33.529368826193,10.2390445997715,5.37474152383423));
#12559=CARTESIAN_POINT('Ctrl Pts',(34.1603163992299,9.57022120516396,5.39582912654599));
#12560=CARTESIAN_POINT('Ctrl Pts',(34.9699601821345,8.62393374446031,5.4676138208092));
#12561=CARTESIAN_POINT('Ctrl Pts',(35.9998013074321,7.32064289883357,5.55597732094679));
#12562=CARTESIAN_POINT('Ctrl Pts',(36.7702110660101,6.28179030343032,5.58119160405916));
#12563=CARTESIAN_POINT('Ctrl Pts',(37.1313193110266,5.77610963934032,5.52853311028748));
#12564=CARTESIAN_POINT('Ctrl Pts',(37.2640727895658,5.60080927593307,5.5));
#12565=CARTESIAN_POINT('Ctrl Pts',(33.7026015842356,10.5712223664352,5.91389655877815));
#12566=CARTESIAN_POINT('Ctrl Pts',(34.2769811414497,10.0054964742093,5.94411660327639));
#12567=CARTESIAN_POINT('Ctrl Pts',(35.066280749828,9.2487523895581,6.04505081886643));
#12568=CARTESIAN_POINT('Ctrl Pts',(36.1308613987451,8.26734700200793,6.13213208361171));
#12569=CARTESIAN_POINT('Ctrl Pts',(36.9476656162337,7.54346835064871,6.08004461268494));
#12570=CARTESIAN_POINT('Ctrl Pts',(37.2318725855863,7.21797224609877,5.91080024693684));
#12571=CARTESIAN_POINT('Ctrl Pts',(37.2996437201008,7.09331802450279,5.84227878401269));
#12572=CARTESIAN_POINT('Ctrl Pts',(33.8626350313759,11.0145461763693,6.96184244666256));
#12573=CARTESIAN_POINT('Ctrl Pts',(34.3177036776921,10.6144754032962,7.0260699808884));
#12574=CARTESIAN_POINT('Ctrl Pts',(35.0009272956752,10.1333644742909,7.24655560071759));
#12575=CARTESIAN_POINT('Ctrl Pts',(36.0163587450322,9.59828325807943,7.55111382755648));
#12576=CARTESIAN_POINT('Ctrl Pts',(36.8795134290254,9.2997327235803,7.69475140939735));
#12577=CARTESIAN_POINT('Ctrl Pts',(37.241379605276,9.23143413013507,7.58657453655759));
#12578=CARTESIAN_POINT('Ctrl Pts',(37.3497527239096,9.19582491543568,7.5149186090185));
#12579=CARTESIAN_POINT('Ctrl Pts',(33.8431790848358,11.192286714335,7.76785859128111));
#12580=CARTESIAN_POINT('Ctrl Pts',(34.1981726683067,10.8895683124806,7.86650647918683));
#12581=CARTESIAN_POINT('Ctrl Pts',(34.7471166519034,10.5303778070674,8.21133032195576));
#12582=CARTESIAN_POINT('Ctrl Pts',(35.6365520425195,10.1308729606145,8.80123611486268));
#12583=CARTESIAN_POINT('Ctrl Pts',(36.5011931848941,9.90143523640698,9.29065396465101));
#12584=CARTESIAN_POINT('Ctrl Pts',(37.0968520466652,9.85743725889005,9.40536656985163));
#12585=CARTESIAN_POINT('Ctrl Pts',(37.3653818921948,9.85160394757495,9.37800262371793));
#12586=CARTESIAN_POINT('Ctrl Pts',(33.783711780719,11.2442154811089,8.25153449378815));
#12587=CARTESIAN_POINT('Ctrl Pts',(34.0758534406123,10.9891079670411,8.37086626513075));
#12588=CARTESIAN_POINT('Ctrl Pts',(34.5292523401331,10.6708626559942,8.78984004928842));
#12589=CARTESIAN_POINT('Ctrl Pts',(35.3252780951778,10.264208545191,9.55151052329616));
#12590=CARTESIAN_POINT('Ctrl Pts',(36.1932196977326,9.96445263955849,10.2498198080409));
#12591=CARTESIAN_POINT('Ctrl Pts',(36.9725119929543,9.8609672078631,10.5));
#12592=CARTESIAN_POINT('Ctrl Pts',(37.3653818921948,9.85160394757495,10.5));
#12593=CARTESIAN_POINT('Ctrl Pts',(33.783711780719,11.2442154811089,8.25153449378815));
#12594=CARTESIAN_POINT('Ctrl Pts',(34.0758534406123,10.9891079670411,8.37086626513075));
#12595=CARTESIAN_POINT('Ctrl Pts',(34.5292523401331,10.6708626559942,8.78984004928842));
#12596=CARTESIAN_POINT('Ctrl Pts',(35.3252780951778,10.264208545191,9.55151052329616));
#12597=CARTESIAN_POINT('Ctrl Pts',(36.1932196977326,9.96445263955849,10.2498198080409));
#12598=CARTESIAN_POINT('Ctrl Pts',(36.9725119929543,9.8609672078631,10.5));
#12599=CARTESIAN_POINT('Ctrl Pts',(37.3653818921948,9.85160394757495,10.5));
#12600=CARTESIAN_POINT('Origin',(37.5,13.6445043882143,4.5));
#12601=CARTESIAN_POINT('',(32.3152403616373,11.3993390285124,4.5));
#12602=CARTESIAN_POINT('Origin',(33.2328969347989,11.7967134284597,4.5));
#12603=CARTESIAN_POINT('Origin',(37.5,13.6445043882143,4.5));
#12604=CARTESIAN_POINT('Ctrl Pts',(30.38236161338,-10.1515368960705,17.321534186914));
#12605=CARTESIAN_POINT('Ctrl Pts',(30.6608415381324,-10.1322540907833,17.3745132590242));
#12606=CARTESIAN_POINT('Ctrl Pts',(31.4638302840637,-10.138926040869,17.1507675054581));
#12607=CARTESIAN_POINT('Ctrl Pts',(32.1617404269002,-10.3930827714867,15.3640681990516));
#12608=CARTESIAN_POINT('Ctrl Pts',(32.3354631574618,-10.763734662855,12.8193389746571));
#12609=CARTESIAN_POINT('Ctrl Pts',(32.1826069039008,-11.0157856431384,11.0598895092213));
#12610=CARTESIAN_POINT('Ctrl Pts',(32.0476909660877,-11.1375,10.193610741362));
#12611=CARTESIAN_POINT('Ctrl Pts',(30.38236161338,-9.95255764243128,17.8682251932276));
#12612=CARTESIAN_POINT('Ctrl Pts',(30.7418397061244,-9.94589568899603,17.9057957089046));
#12613=CARTESIAN_POINT('Ctrl Pts',(31.8069600251726,-9.94860890516181,17.621071384865));
#12614=CARTESIAN_POINT('Ctrl Pts',(32.8156273789122,-10.0376677860853,15.6942906452391));
#12615=CARTESIAN_POINT('Ctrl Pts',(33.1727206687999,-10.1731263606915,12.9820715303442));
#12616=CARTESIAN_POINT('Ctrl Pts',(33.0761933126279,-10.2706857561506,11.1133332868403));
#12617=CARTESIAN_POINT('Ctrl Pts',(32.9560177572386,-10.3180533653241,10.193610741362));
#12618=CARTESIAN_POINT('Ctrl Pts',(30.38236161338,-9.85000000000001,18.4498584862109));
#12619=CARTESIAN_POINT('Ctrl Pts',(30.8280241806491,-9.85002929377719,18.4686569509633));
#12620=CARTESIAN_POINT('Ctrl Pts',(32.1673960380113,-9.85053229357896,18.1208873452256));
#12621=CARTESIAN_POINT('Ctrl Pts',(33.537525814167,-9.8510391601867,16.0689737262559));
#12622=CARTESIAN_POINT('Ctrl Pts',(34.1875759893263,-9.85050341931687,13.1863456210504));
#12623=CARTESIAN_POINT('Ctrl Pts',(34.2344863936011,-9.85082215550922,11.1851480196487));
#12624=CARTESIAN_POINT('Ctrl Pts',(34.1735855424591,-9.85000000000002,10.193610741362));
#12625=CARTESIAN_POINT('Ctrl Pts',(30.38236161338,-9.85000000000001,19.0316349035423));
#12626=CARTESIAN_POINT('Ctrl Pts',(30.9142329341381,-9.85000000000001,19.0316349035423));
#12627=CARTESIAN_POINT('Ctrl Pts',(32.527800820669,-9.85000000000002,18.6208054608181));
#12628=CARTESIAN_POINT('Ctrl Pts',(34.2595460831708,-9.85000000000002,16.4439866047545));
#12629=CARTESIAN_POINT('Ctrl Pts',(35.2043206185696,-9.85000000000002,13.3912435599909));
#12630=CARTESIAN_POINT('Ctrl Pts',(35.3969212881169,-9.85000000000002,11.257353382879));
#12631=CARTESIAN_POINT('Ctrl Pts',(35.3969212881169,-9.85000000000002,10.193610741362));
#12632=CARTESIAN_POINT('Origin',(35.3969212881169,-14.85,10.193610741362));
#12633=CARTESIAN_POINT('',(30.3823616133799,-10.1515368960705,17.321534186914));
#12634=CARTESIAN_POINT('Ctrl Pts',(30.38236161338,-10.1515368960705,17.321534186914));
#12635=CARTESIAN_POINT('Ctrl Pts',(30.6608415381324,-10.1322540907833,17.3745132590242));
#12636=CARTESIAN_POINT('Ctrl Pts',(31.4638302840637,-10.138926040869,17.1507675054581));
#12637=CARTESIAN_POINT('Ctrl Pts',(32.1617404269002,-10.3930827714867,15.3640681990516));
#12638=CARTESIAN_POINT('Ctrl Pts',(32.3354631574618,-10.763734662855,12.8193389746571));
#12639=CARTESIAN_POINT('Ctrl Pts',(32.1826069039008,-11.0157856431384,11.0598895092213));
#12640=CARTESIAN_POINT('Ctrl Pts',(32.0476909660877,-11.1375,10.193610741362));
#12641=CARTESIAN_POINT('Origin',(30.3823616133799,-14.85,19.0316349035423));
#12642=CARTESIAN_POINT('Origin',(35.3969212881169,-14.85,0.));
#12643=CARTESIAN_POINT('Ctrl Pts',(34.6097456179262,-8.12368853730811,15.7138633681884));
#12644=CARTESIAN_POINT('Ctrl Pts',(33.8375712579895,-9.32227243263711,13.5184752430294));
#12645=CARTESIAN_POINT('Ctrl Pts',(31.0104064744458,-12.5925393850318,7.52848550483413));
#12646=CARTESIAN_POINT('Ctrl Pts',(24.2588592951348,-15.6771278392844,1.87859408725435));
#12647=CARTESIAN_POINT('Ctrl Pts',(15.4359599970043,-14.4122905529437,4.1953353429246));
#12648=CARTESIAN_POINT('Ctrl Pts',(10.9437351861321,-10.5304527324692,11.3055098480836));
#12649=CARTESIAN_POINT('Ctrl Pts',(9.39730725912381,-8.13462572458418,15.6938302514728));
#12650=CARTESIAN_POINT('Ctrl Pts',(34.1189647441154,-8.885488050482,16.1062158700101));
#12651=CARTESIAN_POINT('Ctrl Pts',(33.3194842050843,-9.9653485904311,13.8979350861732));
#12652=CARTESIAN_POINT('Ctrl Pts',(30.4948948942476,-12.8870524069592,7.87776479374591));
#12653=CARTESIAN_POINT('Ctrl Pts',(24.1067877446111,-15.5919049012121,2.20640949041714));
#12654=CARTESIAN_POINT('Ctrl Pts',(15.8548323481108,-14.4880462893712,4.531521844884));
#12655=CARTESIAN_POINT('Ctrl Pts',(11.4890297476203,-11.0537567456558,11.6719938731423));
#12656=CARTESIAN_POINT('Ctrl Pts',(9.88832815048057,-8.89534731555039,16.0860662347073));
#12657=CARTESIAN_POINT('Ctrl Pts',(32.8181236876006,-9.92999538196788,16.7914115765331));
#12658=CARTESIAN_POINT('Ctrl Pts',(32.0771838478105,-10.8126882915312,14.5614629882343));
#12659=CARTESIAN_POINT('Ctrl Pts',(29.5083175271016,-13.2035229932034,8.48913089128767));
#12660=CARTESIAN_POINT('Ctrl Pts',(23.8538686135524,-15.4299658775134,2.78030170520926));
#12661=CARTESIAN_POINT('Ctrl Pts',(16.5849629012984,-14.5192639667134,5.11977891369792));
#12662=CARTESIAN_POINT('Ctrl Pts',(12.6719318629949,-11.7023790899729,12.3137081633507));
#12663=CARTESIAN_POINT('Ctrl Pts',(11.1886448181689,-9.93804808369552,16.7710628098358));
#12664=CARTESIAN_POINT('Ctrl Pts',(31.1297681106131,-10.1687623491459,17.2742076435495));
#12665=CARTESIAN_POINT('Ctrl Pts',(30.5472869950435,-10.9738895270105,15.0615124320197));
#12666=CARTESIAN_POINT('Ctrl Pts',(28.4574033761961,-13.1695163363003,9.02940834884993));
#12667=CARTESIAN_POINT('Ctrl Pts',(23.6102832416774,-15.2375367658083,3.34749086765629));
#12668=CARTESIAN_POINT('Ctrl Pts',(17.3122794316667,-14.3899174335658,5.67682510908899));
#12669=CARTESIAN_POINT('Ctrl Pts',(14.0419085487701,-11.7854587172699,12.8311217575515));
#12670=CARTESIAN_POINT('Ctrl Pts',(12.8755530197667,-10.1761109827978,17.2540174385269));
#12671=CARTESIAN_POINT('Ctrl Pts',(30.4064970786175,-10.1142554621349,17.4239640848167));
#12672=CARTESIAN_POINT('Ctrl Pts',(29.891714171993,-10.9133113923543,15.2285759596578));
#12673=CARTESIAN_POINT('Ctrl Pts',(28.0069376496305,-13.0934893606174,9.23858622146248));
#12674=CARTESIAN_POINT('Ctrl Pts',(23.5059061967565,-15.1498816634525,3.58869480388269));
#12675=CARTESIAN_POINT('Ctrl Pts',(17.6239733313362,-14.306656805892,5.90543605955294));
#12676=CARTESIAN_POINT('Ctrl Pts',(14.6291567907547,-11.7187649255757,13.015610564712));
#12677=CARTESIAN_POINT('Ctrl Pts',(13.5982048394159,-10.121546920319,17.4039309681012));
#12678=CARTESIAN_POINT('Origin',(22.,-4.69846310392954,32.303731297441));
#12679=CARTESIAN_POINT('Origin',(29.75,-14.85,19.0316349035423));
#12680=CARTESIAN_POINT('',(29.75,-10.1515368960705,17.321534186914));
#12681=CARTESIAN_POINT('Origin',(22.,-10.7307018690636,15.7302915014763));
#12682=CARTESIAN_POINT('Origin',(37.5,27.55,-0.3));
#12683=CARTESIAN_POINT('',(40.5,27.55,-0.1));
#12684=CARTESIAN_POINT('',(40.7,27.55,-0.3));
#12685=CARTESIAN_POINT('Origin',(37.5,27.55,-0.1));
#12686=CARTESIAN_POINT('Origin',(37.5,27.55,0.));
#12687=CARTESIAN_POINT('',(40.5,27.55,0.));
#12688=CARTESIAN_POINT('Origin',(37.5,27.55,4.5));
#12689=CARTESIAN_POINT('Origin',(37.5,27.55,4.5));
#12690=CARTESIAN_POINT('Origin',(22.,0.,5.5));
#12691=CARTESIAN_POINT('',(1.85,-7.75,5.5));
#12692=CARTESIAN_POINT('Origin',(37.5,-15.5,0.));
#12693=CARTESIAN_POINT('',(43.15,-15.5000001461768,0.));
#12694=CARTESIAN_POINT('',(37.5,-21.15,20.75));
#12695=CARTESIAN_POINT('Origin',(37.5,-15.5,20.75));
#12696=CARTESIAN_POINT('',(37.5000001466897,-21.15,5.5));
#12697=CARTESIAN_POINT('',(37.5,-21.15,0.));
#12698=CARTESIAN_POINT('',(37.5000001466897,-21.15,0.));
#12699=CARTESIAN_POINT('Origin',(37.5,-15.5,-0.3));
#12700=CARTESIAN_POINT('',(39.4,-15.5,-0.3));
#12701=CARTESIAN_POINT('Origin',(6.5,-15.5,-0.3));
#12702=CARTESIAN_POINT('',(8.2,-15.5,-0.1));
#12703=CARTESIAN_POINT('Origin',(6.5,-15.5,-0.1));
#12704=CARTESIAN_POINT('',(8.4,-15.5,-0.3));
#12705=CARTESIAN_POINT('Origin',(6.5,-15.5,0.));
#12706=CARTESIAN_POINT('',(8.2,-15.5,20.75));
#12707=CARTESIAN_POINT('Origin',(6.5,-15.5,20.75));
#12708=CARTESIAN_POINT('',(8.2,-15.5,0.));
#12709=CARTESIAN_POINT('Origin',(6.5,15.5,-0.3));
#12710=CARTESIAN_POINT('',(8.2,15.5,-0.1));
#12711=CARTESIAN_POINT('Origin',(6.5,15.5,-0.1));
#12712=CARTESIAN_POINT('',(8.4,15.5,-0.3));
#12713=CARTESIAN_POINT('Origin',(6.5,15.5,0.));
#12714=CARTESIAN_POINT('',(8.2,15.5,20.75));
#12715=CARTESIAN_POINT('Origin',(6.5,15.5,20.75));
#12716=CARTESIAN_POINT('',(8.2,15.5,0.));
#12717=CARTESIAN_POINT('Origin',(37.5,15.5,-0.3));
#12718=CARTESIAN_POINT('',(39.4,15.5,-0.3));
#12719=CARTESIAN_POINT('Origin',(37.5,13.6445043882143,4.5));
#12720=CARTESIAN_POINT('',(31.85,13.6445043882143,4.5));
#12721=CARTESIAN_POINT('Origin',(32.85,13.6445043882143,4.5));
#12722=CARTESIAN_POINT('Origin',(37.5,13.6445043882143,4.5));
#12723=CARTESIAN_POINT('Origin',(32.85,5.65635704318601,4.5));
#12724=CARTESIAN_POINT('',(31.85,5.65635704318601,4.5));
#12725=CARTESIAN_POINT('Origin',(37.5,13.6445043882143,0.));
#12726=CARTESIAN_POINT('',(31.85,13.6445043882143,0.));
#12727=CARTESIAN_POINT('Origin',(1.85,-7.75,4.5));
#12728=CARTESIAN_POINT('Origin',(37.5,-15.5,20.95));
#12729=CARTESIAN_POINT('',(40.9,-15.5,21.15));
#12730=CARTESIAN_POINT('Origin',(37.5,-15.5,21.15));
#12731=CARTESIAN_POINT('',(40.5,-15.5,20.75));
#12732=CARTESIAN_POINT('',(40.7,-15.5,20.95));
#12733=CARTESIAN_POINT('Origin',(37.5,-15.5,20.75));
#12734=CARTESIAN_POINT('Origin',(6.5,-15.5,21.15));
#12735=CARTESIAN_POINT('',(37.5,-10.25,21.15));
#12736=CARTESIAN_POINT('',(6.5,-10.25,21.15));
#12737=CARTESIAN_POINT('',(22.,-10.25,21.15));
#12738=CARTESIAN_POINT('',(6.5,-20.75,21.15));
#12739=CARTESIAN_POINT('Origin',(6.5,-15.5,21.15));
#12740=CARTESIAN_POINT('',(37.5,-20.75,21.15));
#12741=CARTESIAN_POINT('',(6.50000007919959,-20.75,21.15));
#12742=CARTESIAN_POINT('Origin',(37.5,-15.5,21.15));
#12743=CARTESIAN_POINT('',(8.6,-15.5,21.15));
#12744=CARTESIAN_POINT('Origin',(6.5,-15.5,21.15));
#12745=CARTESIAN_POINT('',(28.8,-13.5,21.15));
#12746=CARTESIAN_POINT('',(15.2,-13.5,21.15));
#12747=CARTESIAN_POINT('',(10.25,-13.5,21.15));
#12748=CARTESIAN_POINT('',(30.,-14.7,21.15));
#12749=CARTESIAN_POINT('Origin',(28.8,-14.7,21.15));
#12750=CARTESIAN_POINT('',(30.,-16.3,21.15));
#12751=CARTESIAN_POINT('',(30.,-14.5,21.15));
#12752=CARTESIAN_POINT('',(28.8,-17.5,21.15));
#12753=CARTESIAN_POINT('Origin',(28.8,-16.3,21.15));
#12754=CARTESIAN_POINT('',(15.2,-17.5,21.15));
#12755=CARTESIAN_POINT('',(18.25,-17.5,21.15));
#12756=CARTESIAN_POINT('',(14.,-16.3,21.15));
#12757=CARTESIAN_POINT('Origin',(15.2,-16.3,21.15));
#12758=CARTESIAN_POINT('',(14.,-14.7,21.15));
#12759=CARTESIAN_POINT('',(14.,-16.5,21.15));
#12760=CARTESIAN_POINT('Origin',(15.2,-14.7,21.15));
#12761=CARTESIAN_POINT('Origin',(37.5,-15.5,21.15));
#12762=CARTESIAN_POINT('',(40.5,-15.5,21.15));
#12763=CARTESIAN_POINT('Origin',(37.5,15.5,20.95));
#12764=CARTESIAN_POINT('',(40.5,15.5,20.75));
#12765=CARTESIAN_POINT('',(40.7,15.5,20.95));
#12766=CARTESIAN_POINT('Origin',(37.5,15.5,20.75));
#12767=CARTESIAN_POINT('Origin',(37.5,15.5,21.15));
#12768=CARTESIAN_POINT('',(40.5,15.5,21.15));
#12769=CARTESIAN_POINT('Origin',(42.95,15.5,20.95));
#12770=CARTESIAN_POINT('',(43.15,30.45,20.75));
#12771=CARTESIAN_POINT('',(42.75,30.45,21.15));
#12772=CARTESIAN_POINT('',(43.15,15.5,20.75));
#12773=CARTESIAN_POINT('',(43.15,15.5,20.75));
#12774=CARTESIAN_POINT('',(43.15,15.5,20.75));
#12775=CARTESIAN_POINT('Origin',(37.5,15.5,20.95));
#12776=CARTESIAN_POINT('',(31.85,15.5,20.75));
#12777=CARTESIAN_POINT('',(31.85,15.5,20.75));
#12778=CARTESIAN_POINT('Origin',(37.5,15.5,20.75));
#12779=CARTESIAN_POINT('Origin',(40.15,30.45,20.95));
#12780=CARTESIAN_POINT('',(40.15,33.45,20.75));
#12781=CARTESIAN_POINT('',(40.15,33.05,21.15));
#12782=CARTESIAN_POINT('Origin',(40.15,30.45,20.75));
#12783=CARTESIAN_POINT('Origin',(32.05,24.475,20.95));
#12784=CARTESIAN_POINT('',(31.85,30.45,20.75));
#12785=CARTESIAN_POINT('',(31.85,30.45,20.75));
#12786=CARTESIAN_POINT('',(31.85,24.475,20.75));
#12787=CARTESIAN_POINT('Origin',(40.325,33.25,20.95));
#12788=CARTESIAN_POINT('',(34.85,33.45,20.75));
#12789=CARTESIAN_POINT('',(34.85,33.05,21.15));
#12790=CARTESIAN_POINT('',(40.325,33.45,20.75));
#12791=CARTESIAN_POINT('Origin',(34.85,30.45,20.95));
#12792=CARTESIAN_POINT('Origin',(34.85,30.45,20.75));
#12793=CARTESIAN_POINT('Origin',(31.85,33.45,21.15));
#12794=CARTESIAN_POINT('',(31.85,15.5,0.));
#12795=CARTESIAN_POINT('',(31.85,30.45,21.15));
#12796=CARTESIAN_POINT('Origin',(37.5,15.5,0.));
#12797=CARTESIAN_POINT('',(43.15,15.5,0.));
#12798=CARTESIAN_POINT('Origin',(43.15,15.5,21.15));
#12799=CARTESIAN_POINT('',(43.15,30.45,21.15));
#12800=CARTESIAN_POINT('Origin',(6.5,15.5,20.95));
#12801=CARTESIAN_POINT('',(8.6,15.5,21.15));
#12802=CARTESIAN_POINT('Origin',(6.5,15.5,21.15));
#12803=CARTESIAN_POINT('',(8.4,15.5,20.95));
#12804=CARTESIAN_POINT('Origin',(6.5,15.5,21.15));
#12805=CARTESIAN_POINT('',(11.75,15.5,21.15));
#12806=CARTESIAN_POINT('',(11.75,30.45,21.15));
#12807=CARTESIAN_POINT('',(11.75,15.5,21.15));
#12808=CARTESIAN_POINT('',(9.15,33.05,21.15));
#12809=CARTESIAN_POINT('Origin',(9.15,30.45,21.15));
#12810=CARTESIAN_POINT('',(3.85,33.05,21.15));
#12811=CARTESIAN_POINT('',(9.325,33.05,21.15));
#12812=CARTESIAN_POINT('',(1.25,30.45,21.15));
#12813=CARTESIAN_POINT('Origin',(3.85,30.45,21.15));
#12814=CARTESIAN_POINT('',(1.25,15.5,21.15));
#12815=CARTESIAN_POINT('',(1.25,24.475,21.15));
#12816=CARTESIAN_POINT('Origin',(6.5,15.5,21.15));
#12817=CARTESIAN_POINT('',(7.50000000000002,22.65,21.15));
#12818=CARTESIAN_POINT('',(4.50000000000001,19.125,21.15));
#12819=CARTESIAN_POINT('',(5.50000000000002,30.65,21.15));
#12820=CARTESIAN_POINT('Origin',(6.5,-15.5,20.95));
#12821=CARTESIAN_POINT('',(8.4,-15.5,20.95));
#12822=CARTESIAN_POINT('Origin',(22.,-10.05,20.95));
#12823=CARTESIAN_POINT('',(6.5,-10.25,21.15));
#12824=CARTESIAN_POINT('',(37.5,-9.85000000000002,20.75));
#12825=CARTESIAN_POINT('Origin',(37.5,-15.5,20.95));
#12826=CARTESIAN_POINT('',(37.5,-21.15,20.75));
#12827=CARTESIAN_POINT('Origin',(6.5,-15.5,20.95));
#12828=CARTESIAN_POINT('',(6.5,-20.75,21.15));
#12829=CARTESIAN_POINT('Origin',(6.50000007919959,-20.95,20.95));
#12830=CARTESIAN_POINT('',(6.50000007919959,-21.15,20.75));
#12831=CARTESIAN_POINT('Origin',(11.95,15.5,20.95));
#12832=CARTESIAN_POINT('',(11.75,30.45,21.15));
#12833=CARTESIAN_POINT('',(12.15,15.5,20.75));
#12834=CARTESIAN_POINT('Origin',(6.5,15.5,20.95));
#12835=CARTESIAN_POINT('',(0.850000000000004,15.5,20.75));
#12836=CARTESIAN_POINT('Origin',(6.5,15.5,20.75));
#12837=CARTESIAN_POINT('Origin',(9.15,30.45,20.95));
#12838=CARTESIAN_POINT('',(9.15,33.05,21.15));
#12839=CARTESIAN_POINT('Origin',(1.05,24.475,20.95));
#12840=CARTESIAN_POINT('',(0.850000000000004,30.45,20.75));
#12841=CARTESIAN_POINT('Origin',(9.325,33.25,20.95));
#12842=CARTESIAN_POINT('',(3.85,33.05,21.15));
#12843=CARTESIAN_POINT('Origin',(3.85,30.45,20.95));
#12844=CARTESIAN_POINT('Origin',(6.5,15.5,0.));
#12845=CARTESIAN_POINT('Origin',(40.15,30.45,21.15));
#12846=CARTESIAN_POINT('',(40.15,33.45,21.15));
#12847=CARTESIAN_POINT('Origin',(43.15,33.45,21.15));
#12848=CARTESIAN_POINT('',(34.85,33.45,21.15));
#12849=CARTESIAN_POINT('Origin',(34.85,30.45,21.15));
#12850=CARTESIAN_POINT('Ctrl Pts',(36.1,21.225,22.55));
#12851=CARTESIAN_POINT('Ctrl Pts',(36.1,20.625,22.55));
#12852=CARTESIAN_POINT('Ctrl Pts',(36.7,20.625,22.55));
#12853=CARTESIAN_POINT('Ctrl Pts',(35.5,21.225,22.55));
#12854=CARTESIAN_POINT('Ctrl Pts',(35.5,20.025,22.55));
#12855=CARTESIAN_POINT('Ctrl Pts',(36.7,20.025,22.55));
#12856=CARTESIAN_POINT('Ctrl Pts',(35.5,21.225,21.95));
#12857=CARTESIAN_POINT('Ctrl Pts',(35.5,20.025,21.95));
#12858=CARTESIAN_POINT('Ctrl Pts',(36.7,20.025,21.95));
#12859=CARTESIAN_POINT('',(35.5,21.225,21.95));
#12860=CARTESIAN_POINT('',(36.1,21.225,22.55));
#12861=CARTESIAN_POINT('Origin',(36.1,21.225,21.95));
#12862=CARTESIAN_POINT('',(36.7,20.025,21.95));
#12863=CARTESIAN_POINT('Origin',(36.7,21.225,21.95));
#12864=CARTESIAN_POINT('',(36.7,20.625,22.55));
#12865=CARTESIAN_POINT('Origin',(36.7,20.625,21.95));
#12866=CARTESIAN_POINT('Origin',(36.7,21.225,22.55));
#12867=CARTESIAN_POINT('Origin',(30.75,20.625,21.95));
#12868=CARTESIAN_POINT('',(38.3,20.625,22.55));
#12869=CARTESIAN_POINT('',(38.3,20.025,21.95));
#12870=CARTESIAN_POINT('Origin',(38.3,20.625,21.95));
#12871=CARTESIAN_POINT('',(30.75,20.625,22.55));
#12872=CARTESIAN_POINT('',(30.75,20.025,21.95));
#12873=CARTESIAN_POINT('Ctrl Pts',(38.3,20.625,22.55));
#12874=CARTESIAN_POINT('Ctrl Pts',(38.9,20.625,22.55));
#12875=CARTESIAN_POINT('Ctrl Pts',(38.9,21.225,22.55));
#12876=CARTESIAN_POINT('Ctrl Pts',(38.3,20.025,22.55));
#12877=CARTESIAN_POINT('Ctrl Pts',(39.5,20.025,22.55));
#12878=CARTESIAN_POINT('Ctrl Pts',(39.5,21.225,22.55));
#12879=CARTESIAN_POINT('Ctrl Pts',(38.3,20.025,21.95));
#12880=CARTESIAN_POINT('Ctrl Pts',(39.5,20.025,21.95));
#12881=CARTESIAN_POINT('Ctrl Pts',(39.5,21.225,21.95));
#12882=CARTESIAN_POINT('',(38.9,21.225,22.55));
#12883=CARTESIAN_POINT('',(39.5,21.225,21.95));
#12884=CARTESIAN_POINT('Origin',(38.9,21.225,21.95));
#12885=CARTESIAN_POINT('Origin',(38.3,21.225,22.55));
#12886=CARTESIAN_POINT('Origin',(38.3,21.225,21.95));
#12887=CARTESIAN_POINT('Origin',(38.9,14.775,21.95));
#12888=CARTESIAN_POINT('',(38.9,21.825,22.55));
#12889=CARTESIAN_POINT('',(39.5,21.825,21.95));
#12890=CARTESIAN_POINT('Origin',(38.9,21.825,21.95));
#12891=CARTESIAN_POINT('',(38.9,14.775,22.55));
#12892=CARTESIAN_POINT('',(39.5,14.775,21.95));
#12893=CARTESIAN_POINT('Ctrl Pts',(38.9,21.825,22.55));
#12894=CARTESIAN_POINT('Ctrl Pts',(38.9,22.425,22.55));
#12895=CARTESIAN_POINT('Ctrl Pts',(38.3,22.425,22.55));
#12896=CARTESIAN_POINT('Ctrl Pts',(39.5,21.825,22.55));
#12897=CARTESIAN_POINT('Ctrl Pts',(39.5,23.025,22.55));
#12898=CARTESIAN_POINT('Ctrl Pts',(38.3,23.025,22.55));
#12899=CARTESIAN_POINT('Ctrl Pts',(39.5,21.825,21.95));
#12900=CARTESIAN_POINT('Ctrl Pts',(39.5,23.025,21.95));
#12901=CARTESIAN_POINT('Ctrl Pts',(38.3,23.025,21.95));
#12902=CARTESIAN_POINT('',(38.3,22.425,22.55));
#12903=CARTESIAN_POINT('',(38.3,23.025,21.95));
#12904=CARTESIAN_POINT('Origin',(38.3,22.425,21.95));
#12905=CARTESIAN_POINT('Origin',(38.3,21.825,22.55));
#12906=CARTESIAN_POINT('Origin',(38.3,21.825,21.95));
#12907=CARTESIAN_POINT('Origin',(28.75,22.425,21.95));
#12908=CARTESIAN_POINT('',(36.7,22.425,22.55));
#12909=CARTESIAN_POINT('',(36.7,23.025,21.95));
#12910=CARTESIAN_POINT('Origin',(36.7,22.425,21.95));
#12911=CARTESIAN_POINT('',(28.75,22.425,22.55));
#12912=CARTESIAN_POINT('',(28.75,23.025,21.95));
#12913=CARTESIAN_POINT('Ctrl Pts',(36.7,22.425,22.55));
#12914=CARTESIAN_POINT('Ctrl Pts',(36.1,22.425,22.55));
#12915=CARTESIAN_POINT('Ctrl Pts',(36.1,21.825,22.55));
#12916=CARTESIAN_POINT('Ctrl Pts',(36.7,23.025,22.55));
#12917=CARTESIAN_POINT('Ctrl Pts',(35.5,23.025,22.55));
#12918=CARTESIAN_POINT('Ctrl Pts',(35.5,21.825,22.55));
#12919=CARTESIAN_POINT('Ctrl Pts',(36.7,23.025,21.95));
#12920=CARTESIAN_POINT('Ctrl Pts',(35.5,23.025,21.95));
#12921=CARTESIAN_POINT('Ctrl Pts',(35.5,21.825,21.95));
#12922=CARTESIAN_POINT('',(36.1,21.825,22.55));
#12923=CARTESIAN_POINT('',(35.5,21.825,21.95));
#12924=CARTESIAN_POINT('Origin',(36.1,21.825,21.95));
#12925=CARTESIAN_POINT('Origin',(36.7,21.825,22.55));
#12926=CARTESIAN_POINT('Origin',(36.7,21.825,21.95));
#12927=CARTESIAN_POINT('Origin',(36.1,13.275,21.95));
#12928=CARTESIAN_POINT('',(35.5,13.275,21.95));
#12929=CARTESIAN_POINT('',(36.1,13.275,22.55));
#12930=CARTESIAN_POINT('Origin',(35.5,23.025,21.15));
#12931=CARTESIAN_POINT('',(38.3,23.025,21.15));
#12932=CARTESIAN_POINT('',(36.7,23.025,21.15));
#12933=CARTESIAN_POINT('Origin',(36.7,21.825,21.15));
#12934=CARTESIAN_POINT('',(35.5,21.825,21.15));
#12935=CARTESIAN_POINT('Origin',(35.5,20.025,21.15));
#12936=CARTESIAN_POINT('',(35.5,21.225,21.15));
#12937=CARTESIAN_POINT('Origin',(36.7,21.225,21.15));
#12938=CARTESIAN_POINT('',(36.7,20.025,21.15));
#12939=CARTESIAN_POINT('Origin',(22.,6.525,22.55));
#12940=CARTESIAN_POINT('Origin',(18.,-14.1,21.95));
#12941=CARTESIAN_POINT('',(15.2,-14.1,22.55));
#12942=CARTESIAN_POINT('',(15.2,-13.5,21.95));
#12943=CARTESIAN_POINT('Origin',(15.2,-14.1,21.95));
#12944=CARTESIAN_POINT('',(28.8,-14.1,22.55));
#12945=CARTESIAN_POINT('',(18.,-14.1,22.55));
#12946=CARTESIAN_POINT('',(28.8,-13.5,21.95));
#12947=CARTESIAN_POINT('Origin',(28.8,-14.1,21.95));
#12948=CARTESIAN_POINT('',(18.,-13.5,21.95));
#12949=CARTESIAN_POINT('Ctrl Pts',(29.4,-14.7,22.55));
#12950=CARTESIAN_POINT('Ctrl Pts',(29.4,-14.1,22.55));
#12951=CARTESIAN_POINT('Ctrl Pts',(28.8,-14.1,22.55));
#12952=CARTESIAN_POINT('Ctrl Pts',(30.,-14.7,22.55));
#12953=CARTESIAN_POINT('Ctrl Pts',(30.,-13.5,22.55));
#12954=CARTESIAN_POINT('Ctrl Pts',(28.8,-13.5,22.55));
#12955=CARTESIAN_POINT('Ctrl Pts',(30.,-14.7,21.95));
#12956=CARTESIAN_POINT('Ctrl Pts',(30.,-13.5,21.95));
#12957=CARTESIAN_POINT('Ctrl Pts',(28.8,-13.5,21.95));
#12958=CARTESIAN_POINT('',(30.,-14.7,21.95));
#12959=CARTESIAN_POINT('',(29.4,-14.7,22.55));
#12960=CARTESIAN_POINT('Origin',(29.4,-14.7,21.95));
#12961=CARTESIAN_POINT('Origin',(28.8,-14.7,21.95));
#12962=CARTESIAN_POINT('Origin',(28.8,-14.7,22.55));
#12963=CARTESIAN_POINT('Origin',(29.4,-3.4875,21.95));
#12964=CARTESIAN_POINT('',(30.,-16.3,21.95));
#12965=CARTESIAN_POINT('',(29.4,-16.3,22.55));
#12966=CARTESIAN_POINT('Origin',(29.4,-16.3,21.95));
#12967=CARTESIAN_POINT('',(30.,-3.4875,21.95));
#12968=CARTESIAN_POINT('',(29.4,-3.4875,22.55));
#12969=CARTESIAN_POINT('Ctrl Pts',(28.8,-16.9,22.55));
#12970=CARTESIAN_POINT('Ctrl Pts',(29.4,-16.9,22.55));
#12971=CARTESIAN_POINT('Ctrl Pts',(29.4,-16.3,22.55));
#12972=CARTESIAN_POINT('Ctrl Pts',(28.8,-17.5,22.55));
#12973=CARTESIAN_POINT('Ctrl Pts',(30.,-17.5,22.55));
#12974=CARTESIAN_POINT('Ctrl Pts',(30.,-16.3,22.55));
#12975=CARTESIAN_POINT('Ctrl Pts',(28.8,-17.5,21.95));
#12976=CARTESIAN_POINT('Ctrl Pts',(30.,-17.5,21.95));
#12977=CARTESIAN_POINT('Ctrl Pts',(30.,-16.3,21.95));
#12978=CARTESIAN_POINT('',(28.8,-17.5,21.95));
#12979=CARTESIAN_POINT('',(28.8,-16.9,22.55));
#12980=CARTESIAN_POINT('Origin',(28.8,-16.9,21.95));
#12981=CARTESIAN_POINT('Origin',(28.8,-16.3,21.95));
#12982=CARTESIAN_POINT('Origin',(28.8,-16.3,22.55));
#12983=CARTESIAN_POINT('Origin',(26.,-16.9,21.95));
#12984=CARTESIAN_POINT('',(15.2,-17.5,21.95));
#12985=CARTESIAN_POINT('',(15.2,-16.9,22.55));
#12986=CARTESIAN_POINT('Origin',(15.2,-16.9,21.95));
#12987=CARTESIAN_POINT('',(26.,-17.5,21.95));
#12988=CARTESIAN_POINT('',(26.,-16.9,22.55));
#12989=CARTESIAN_POINT('Ctrl Pts',(14.6,-16.3,22.55));
#12990=CARTESIAN_POINT('Ctrl Pts',(14.6,-16.9,22.55));
#12991=CARTESIAN_POINT('Ctrl Pts',(15.2,-16.9,22.55));
#12992=CARTESIAN_POINT('Ctrl Pts',(14.,-16.3,22.55));
#12993=CARTESIAN_POINT('Ctrl Pts',(14.,-17.5,22.55));
#12994=CARTESIAN_POINT('Ctrl Pts',(15.2,-17.5,22.55));
#12995=CARTESIAN_POINT('Ctrl Pts',(14.,-16.3,21.95));
#12996=CARTESIAN_POINT('Ctrl Pts',(14.,-17.5,21.95));
#12997=CARTESIAN_POINT('Ctrl Pts',(15.2,-17.5,21.95));
#12998=CARTESIAN_POINT('',(14.,-16.3,21.95));
#12999=CARTESIAN_POINT('',(14.6,-16.3,22.55));
#13000=CARTESIAN_POINT('Origin',(14.6,-16.3,21.95));
#13001=CARTESIAN_POINT('Origin',(15.2,-16.3,21.95));
#13002=CARTESIAN_POINT('Origin',(15.2,-16.3,22.55));
#13003=CARTESIAN_POINT('Origin',(14.6,-5.4875,21.95));
#13004=CARTESIAN_POINT('',(14.,-14.7,21.95));
#13005=CARTESIAN_POINT('',(14.6,-14.7,22.55));
#13006=CARTESIAN_POINT('Origin',(14.6,-14.7,21.95));
#13007=CARTESIAN_POINT('',(14.,-5.4875,21.95));
#13008=CARTESIAN_POINT('',(14.6,-5.4875,22.55));
#13009=CARTESIAN_POINT('Ctrl Pts',(15.2,-14.1,22.55));
#13010=CARTESIAN_POINT('Ctrl Pts',(14.6,-14.1,22.55));
#13011=CARTESIAN_POINT('Ctrl Pts',(14.6,-14.7,22.55));
#13012=CARTESIAN_POINT('Ctrl Pts',(15.2,-13.5,22.55));
#13013=CARTESIAN_POINT('Ctrl Pts',(14.,-13.5,22.55));
#13014=CARTESIAN_POINT('Ctrl Pts',(14.,-14.7,22.55));
#13015=CARTESIAN_POINT('Ctrl Pts',(15.2,-13.5,21.95));
#13016=CARTESIAN_POINT('Ctrl Pts',(14.,-13.5,21.95));
#13017=CARTESIAN_POINT('Ctrl Pts',(14.,-14.7,21.95));
#13018=CARTESIAN_POINT('Origin',(15.2,-14.7,22.55));
#13019=CARTESIAN_POINT('Origin',(15.2,-14.7,21.95));
#13020=CARTESIAN_POINT('Origin',(28.8,-16.3,21.15));
#13021=CARTESIAN_POINT('',(28.8,-17.5,21.15));
#13022=CARTESIAN_POINT('',(30.,-16.3,21.15));
#13023=CARTESIAN_POINT('Origin',(30.,-13.5,21.15));
#13024=CARTESIAN_POINT('',(30.,-14.7,21.15));
#13025=CARTESIAN_POINT('Origin',(28.8,-14.7,21.15));
#13026=CARTESIAN_POINT('',(28.8,-13.5,21.15));
#13027=CARTESIAN_POINT('Origin',(14.,-13.5,21.15));
#13028=CARTESIAN_POINT('',(15.2,-13.5,21.15));
#13029=CARTESIAN_POINT('Origin',(22.,6.525,22.55));
#13030=CARTESIAN_POINT('Origin',(15.25,23.25,21.95));
#13031=CARTESIAN_POINT('',(15.25,22.65,21.95));
#13032=CARTESIAN_POINT('Origin',(4.50000000000001,22.65,21.15));
#13033=CARTESIAN_POINT('Origin',(8.50000000000002,22.65,21.15));
#13034=CARTESIAN_POINT('Origin',(39.5,20.025,21.15));
#13035=CARTESIAN_POINT('',(38.3,20.025,21.15));
#13036=CARTESIAN_POINT('Origin',(38.3,21.825,21.15));
#13037=CARTESIAN_POINT('',(39.5,21.825,21.15));
#13038=CARTESIAN_POINT('Origin',(38.3,21.225,21.15));
#13039=CARTESIAN_POINT('',(39.5,21.225,21.15));
#13040=CARTESIAN_POINT('Origin',(30.,-17.5,21.15));
#13041=CARTESIAN_POINT('',(15.2,-17.5,21.15));
#13042=CARTESIAN_POINT('Origin',(15.2,-16.3,21.15));
#13043=CARTESIAN_POINT('',(14.,-16.3,21.15));
#13044=CARTESIAN_POINT('Origin',(15.2,-14.7,21.15));
#13045=CARTESIAN_POINT('',(14.,-14.7,21.15));
#13046=CARTESIAN_POINT('Origin',(4.50000000000003,30.65,21.15));
#13047=CARTESIAN_POINT('Origin',(39.5,23.025,21.15));
#13048=CARTESIAN_POINT('Origin',(14.,-17.5,21.15));
#13049=CARTESIAN_POINT('Origin',(37.5000001466897,-21.15,0.));
#13050=CARTESIAN_POINT('',(0.,0.,0.));
#13051=CARTESIAN_POINT('',(0.,0.,0.));
#13052=UNCERTAINTY_MEASURE_WITH_UNIT(LENGTH_MEASURE(0.01),#13060,
'DISTANCE_ACCURACY_VALUE',
'Maximum model space distance between geometric entities at asserted c
onnectivities');
#13053=UNCERTAINTY_MEASURE_WITH_UNIT(LENGTH_MEASURE(0.01),#13060,
'DISTANCE_ACCURACY_VALUE',
'Maximum model space distance between geometric entities at asserted c
onnectivities');
#13054=UNCERTAINTY_MEASURE_WITH_UNIT(LENGTH_MEASURE(0.01),#13060,
'DISTANCE_ACCURACY_VALUE',
'Maximum model space distance between geometric entities at asserted c
onnectivities');
#13055=UNCERTAINTY_MEASURE_WITH_UNIT(LENGTH_MEASURE(0.01),#13060,
'DISTANCE_ACCURACY_VALUE',
'Maximum model space distance between geometric entities at asserted c
onnectivities');
#13056=(
GEOMETRIC_REPRESENTATION_CONTEXT(3)
GLOBAL_UNCERTAINTY_ASSIGNED_CONTEXT((#13052))
GLOBAL_UNIT_ASSIGNED_CONTEXT((#13060,#13062,#13063))
REPRESENTATION_CONTEXT('','3D')
);
#13057=(
GEOMETRIC_REPRESENTATION_CONTEXT(3)
GLOBAL_UNCERTAINTY_ASSIGNED_CONTEXT((#13053))
GLOBAL_UNIT_ASSIGNED_CONTEXT((#13060,#13062,#13063))
REPRESENTATION_CONTEXT('','3D')
);
#13058=(
GEOMETRIC_REPRESENTATION_CONTEXT(3)
GLOBAL_UNCERTAINTY_ASSIGNED_CONTEXT((#13054))
GLOBAL_UNIT_ASSIGNED_CONTEXT((#13060,#13062,#13063))
REPRESENTATION_CONTEXT('','3D')
);
#13059=(
GEOMETRIC_REPRESENTATION_CONTEXT(3)
GLOBAL_UNCERTAINTY_ASSIGNED_CONTEXT((#13055))
GLOBAL_UNIT_ASSIGNED_CONTEXT((#13060,#13062,#13063))
REPRESENTATION_CONTEXT('','3D')
);
#13060=(
LENGTH_UNIT()
NAMED_UNIT(*)
SI_UNIT(.MILLI.,.METRE.)
);
#13061=(
LENGTH_UNIT()
NAMED_UNIT(*)
SI_UNIT($,.METRE.)
);
#13062=(
NAMED_UNIT(*)
PLANE_ANGLE_UNIT()
SI_UNIT($,.RADIAN.)
);
#13063=(
NAMED_UNIT(*)
SI_UNIT($,.STERADIAN.)
SOLID_ANGLE_UNIT()
);
#13064=SHAPE_DEFINITION_REPRESENTATION(#13067,#13072);
#13065=SHAPE_DEFINITION_REPRESENTATION(#13068,#13073);
#13066=SHAPE_DEFINITION_REPRESENTATION(#13069,#13074);
#13067=PRODUCT_DEFINITION_SHAPE('',$,#13076);
#13068=PRODUCT_DEFINITION_SHAPE('',$,#13077);
#13069=PRODUCT_DEFINITION_SHAPE('',$,#13078);
#13070=PRODUCT_DEFINITION_SHAPE($,$,#17);
#13071=PRODUCT_DEFINITION_SHAPE($,$,#18);
#13072=SHAPE_REPRESENTATION('',(#6094,#6745,#6746),#13056);
#13073=SHAPE_REPRESENTATION('',(#6095),#13057);
#13074=SHAPE_REPRESENTATION('',(#6420),#13058);
#13075=PRODUCT_DEFINITION_CONTEXT('part definition',#13086,'design');
#13076=PRODUCT_DEFINITION('[a]_motor_mounts_b','[a]_motor_mounts_b v11',
#13079,#13075);
#13077=PRODUCT_DEFINITION('[a]_motor_mounts_X','[a]_motor_mounts_X',#13080,
#13075);
#13078=PRODUCT_DEFINITION('[a]_motor_mounts_Z','[a]_motor_mounts_Z',#13081,
#13075);
#13079=PRODUCT_DEFINITION_FORMATION('',$,#13088);
#13080=PRODUCT_DEFINITION_FORMATION('',$,#13089);
#13081=PRODUCT_DEFINITION_FORMATION('',$,#13090);
#13082=PRODUCT_RELATED_PRODUCT_CATEGORY('[a]_motor_mounts_b v11',
'[a]_motor_mounts_b v11',(#13088));
#13083=PRODUCT_RELATED_PRODUCT_CATEGORY('[a]_motor_mounts_X',
'[a]_motor_mounts_X',(#13089));
#13084=PRODUCT_RELATED_PRODUCT_CATEGORY('[a]_motor_mounts_Z',
'[a]_motor_mounts_Z',(#13090));
#13085=APPLICATION_PROTOCOL_DEFINITION('international standard',
'automotive_design',2009,#13086);
#13086=APPLICATION_CONTEXT(
'Core Data for Automotive Mechanical Design Process');
#13087=PRODUCT_CONTEXT('part definition',#13086,'mechanical');
#13088=PRODUCT('[a]_motor_mounts_b','[a]_motor_mounts_b v11',$,(#13087));
#13089=PRODUCT('[a]_motor_mounts_X','[a]_motor_mounts_X',$,(#13087));
#13090=PRODUCT('[a]_motor_mounts_Z','[a]_motor_mounts_Z',$,(#13087));
#13091=PRESENTATION_STYLE_ASSIGNMENT((#13093));
#13092=PRESENTATION_STYLE_ASSIGNMENT((#13094));
#13093=SURFACE_STYLE_USAGE(.BOTH.,#13095);
#13094=SURFACE_STYLE_USAGE(.BOTH.,#13096);
#13095=SURFACE_SIDE_STYLE('',(#13097));
#13096=SURFACE_SIDE_STYLE('',(#13098));
#13097=SURFACE_STYLE_FILL_AREA(#13099);
#13098=SURFACE_STYLE_FILL_AREA(#13100);
#13099=FILL_AREA_STYLE('Steel - Satin',(#13101));
#13100=FILL_AREA_STYLE('Plastic - Matte (Red)',(#13102));
#13101=FILL_AREA_STYLE_COLOUR('Steel - Satin',#13103);
#13102=FILL_AREA_STYLE_COLOUR('Plastic - Matte (Red)',#13104);
#13103=COLOUR_RGB('Steel - Satin',0.627450980392157,0.627450980392157,0.627450980392157);
#13104=COLOUR_RGB('Plastic - Matte (Red)',0.588235294117647,0.196078431372549,
0.117647058823529);
ENDSEC;
END-ISO-10303-21;
