ISO-10303-21;
HEADER;
/* Generated by software containing ST-Developer
 * from STEP Tools, Inc. (www.steptools.com) 
 */

FILE_DESCRIPTION(
/* description */ (''),
/* implementation_level */ '2;1');

FILE_NAME(
/* name */ 'btt_sb2209_usb_bracket.step',
/* time_stamp */ '2026-02-15T12:12:43-05:00',
/* author */ (''),
/* organization */ (''),
/* preprocessor_version */ 'ST-DEVELOPER v20.1',
/* originating_system */ 'Autodesk Translation Framework v14.24.0.0',
/* authorisation */ '');

FILE_SCHEMA (('AUTOMOTIVE_DESIGN { 1 0 10303 214 3 1 1 }'));
ENDSEC;

DATA;
#10=MECHANICAL_DESIGN_GEOMETRIC_PRESENTATION_REPRESENTATION('',(#13),#11415);
#11=SHAPE_REPRESENTATION_RELATIONSHIP('SRR','None',#11422,#12);
#12=ADVANCED_BREP_SHAPE_REPRESENTATION('',(#14),#11414);
#13=STYLED_ITEM('',(#11432),#14);
#14=MANIFOLD_SOLID_BREP('Body1',#5913);
#15=ELLIPSE('',#6021,1.25717893166131,1.);
#16=ELLIPSE('',#6121,1.69705627484771,1.2);
#17=ELLIPSE('',#6122,1.69705627484771,1.2);
#18=ELLIPSE('',#6124,1.69705627484771,1.2);
#19=ELLIPSE('',#6127,1.69705627484771,1.2);
#20=TOROIDAL_SURFACE('',#5986,2.,1.);
#21=TOROIDAL_SURFACE('',#6002,4.1,1.);
#22=TOROIDAL_SURFACE('',#6012,4.1,1.);
#23=TOROIDAL_SURFACE('',#6023,2.,1.);
#24=CYLINDRICAL_SURFACE('',#5945,1.);
#25=CYLINDRICAL_SURFACE('',#5960,1.45);
#26=CYLINDRICAL_SURFACE('',#5964,3.1);
#27=CYLINDRICAL_SURFACE('',#5976,1.45);
#28=CYLINDRICAL_SURFACE('',#5981,3.1);
#29=CYLINDRICAL_SURFACE('',#5990,1.);
#30=CYLINDRICAL_SURFACE('',#5994,1.);
#31=CYLINDRICAL_SURFACE('',#5998,1.);
#32=CYLINDRICAL_SURFACE('',#6000,1.);
#33=CYLINDRICAL_SURFACE('',#6004,1.);
#34=CYLINDRICAL_SURFACE('',#6008,1.);
#35=CYLINDRICAL_SURFACE('',#6016,1.);
#36=CYLINDRICAL_SURFACE('',#6018,1.);
#37=CYLINDRICAL_SURFACE('',#6020,1.);
#38=CYLINDRICAL_SURFACE('',#6026,1.);
#39=CYLINDRICAL_SURFACE('',#6035,1.);
#40=CYLINDRICAL_SURFACE('',#6038,1.);
#41=CYLINDRICAL_SURFACE('',#6046,1.7);
#42=CYLINDRICAL_SURFACE('',#6055,1.7);
#43=CYLINDRICAL_SURFACE('',#6078,5.);
#44=CYLINDRICAL_SURFACE('',#6081,5.);
#45=CYLINDRICAL_SURFACE('',#6086,5.);
#46=CYLINDRICAL_SURFACE('',#6089,5.);
#47=CYLINDRICAL_SURFACE('',#6109,3.);
#48=CYLINDRICAL_SURFACE('',#6117,3.);
#49=CYLINDRICAL_SURFACE('',#6120,1.2);
#50=CYLINDRICAL_SURFACE('',#6126,1.2);
#51=CIRCLE('',#5943,1.2);
#52=CIRCLE('',#5944,1.);
#53=CIRCLE('',#5946,1.);
#54=CIRCLE('',#5950,1.);
#55=CIRCLE('',#5951,1.2);
#56=CIRCLE('',#5953,3.3);
#57=CIRCLE('',#5955,1.65);
#58=CIRCLE('',#5956,1.45);
#59=CIRCLE('',#5957,1.45);
#60=CIRCLE('',#5959,2.9);
#61=CIRCLE('',#5961,1.45);
#62=CIRCLE('',#5963,3.1);
#63=CIRCLE('',#5965,3.1);
#64=CIRCLE('',#5966,3.1);
#65=CIRCLE('',#5967,3.1);
#66=CIRCLE('',#5968,3.1);
#67=CIRCLE('',#5969,3.1);
#68=CIRCLE('',#5971,1.65);
#69=CIRCLE('',#5972,1.45);
#70=CIRCLE('',#5973,1.45);
#71=CIRCLE('',#5975,2.9);
#72=CIRCLE('',#5977,1.45);
#73=CIRCLE('',#5979,3.1);
#74=CIRCLE('',#5980,3.1);
#75=CIRCLE('',#5982,3.1);
#76=CIRCLE('',#5983,3.1);
#77=CIRCLE('',#5984,3.1);
#78=CIRCLE('',#5987,1.);
#79=CIRCLE('',#5988,1.);
#80=CIRCLE('',#5989,2.);
#81=CIRCLE('',#5991,1.);
#82=CIRCLE('',#5992,1.);
#83=CIRCLE('',#5993,1.);
#84=CIRCLE('',#5995,1.);
#85=CIRCLE('',#5996,1.);
#86=CIRCLE('',#5997,1.);
#87=CIRCLE('',#5999,1.);
#88=CIRCLE('',#6001,1.);
#89=CIRCLE('',#6003,4.1);
#90=CIRCLE('',#6005,1.);
#91=CIRCLE('',#6006,1.);
#92=CIRCLE('',#6009,1.);
#93=CIRCLE('',#6011,4.1);
#94=CIRCLE('',#6013,4.1);
#95=CIRCLE('',#6014,1.);
#96=CIRCLE('',#6015,1.);
#97=CIRCLE('',#6017,1.);
#98=CIRCLE('',#6019,1.);
#99=CIRCLE('',#6022,1.);
#100=CIRCLE('',#6024,1.);
#101=CIRCLE('',#6027,1.);
#102=CIRCLE('',#6029,4.6);
#103=CIRCLE('',#6030,4.59999999999999);
#104=CIRCLE('',#6031,4.60000000000001);
#105=CIRCLE('',#6032,4.60000000000001);
#106=CIRCLE('',#6033,3.4);
#107=CIRCLE('',#6034,3.4);
#108=CIRCLE('',#6036,1.);
#109=CIRCLE('',#6039,1.);
#110=CIRCLE('',#6042,2.1);
#111=CIRCLE('',#6043,1.7);
#112=CIRCLE('',#6047,1.7);
#113=CIRCLE('',#6051,2.1);
#114=CIRCLE('',#6052,1.7);
#115=CIRCLE('',#6056,1.7);
#116=CIRCLE('',#6062,5.);
#117=CIRCLE('',#6063,4.60000000000002);
#118=CIRCLE('',#6066,5.);
#119=CIRCLE('',#6067,4.60000000000002);
#120=CIRCLE('',#6070,5.);
#121=CIRCLE('',#6071,4.59999999999998);
#122=CIRCLE('',#6074,5.);
#123=CIRCLE('',#6075,4.59999999999998);
#124=CIRCLE('',#6079,5.);
#125=CIRCLE('',#6082,5.);
#126=CIRCLE('',#6087,5.);
#127=CIRCLE('',#6090,5.);
#128=CIRCLE('',#6106,3.);
#129=CIRCLE('',#6110,3.);
#130=CIRCLE('',#6114,3.);
#131=CIRCLE('',#6118,3.);
#132=CONICAL_SURFACE('',#5942,1.1,0.78539816339745);
#133=CONICAL_SURFACE('',#5949,1.1,0.78539816339745);
#134=CONICAL_SURFACE('',#5954,1.55,0.785398163397448);
#135=CONICAL_SURFACE('',#5962,3.,0.785398163397447);
#136=CONICAL_SURFACE('',#5970,1.55,0.785398163397448);
#137=CONICAL_SURFACE('',#5978,3.,0.785398163397448);
#138=CONICAL_SURFACE('',#5985,3.2,0.785398163397448);
#139=CONICAL_SURFACE('',#6041,1.9,0.785398163398766);
#140=CONICAL_SURFACE('',#6050,1.9,0.785398163406071);
#141=CONICAL_SURFACE('',#6061,4.80000000000001,0.785398163398238);
#142=CONICAL_SURFACE('',#6065,4.80000000000001,0.78539816339824);
#143=CONICAL_SURFACE('',#6069,4.79999999999999,0.785398163407096);
#144=CONICAL_SURFACE('',#6073,4.79999999999999,0.785398163407095);
#145=CONICAL_SURFACE('',#6093,4.8,0.785398163401975);
#146=CONICAL_SURFACE('',#6095,4.8,0.785398163401967);
#147=CONICAL_SURFACE('',#6099,4.80000000000001,0.785398163397858);
#148=CONICAL_SURFACE('',#6101,4.80000000000001,0.785398163397863);
#149=CONICAL_SURFACE('',#6105,3.2,0.785398163402027);
#150=CONICAL_SURFACE('',#6113,3.2,0.78539816339838);
#151=(
BOUNDED_CURVE()
B_SPLINE_CURVE(2,(#8677,#8678,#8679),.UNSPECIFIED.,.F.,.F.)
B_SPLINE_CURVE_WITH_KNOTS((3,3),(0.,0.0294786491104485),.UNSPECIFIED.)
CURVE()
GEOMETRIC_REPRESENTATION_ITEM()
RATIONAL_B_SPLINE_CURVE((1.,1.,1.))
REPRESENTATION_ITEM('')
);
#152=(
BOUNDED_CURVE()
B_SPLINE_CURVE(2,(#8688,#8689,#8690),.UNSPECIFIED.,.F.,.F.)
B_SPLINE_CURVE_WITH_KNOTS((3,3),(0.,0.0698568736427984),.UNSPECIFIED.)
CURVE()
GEOMETRIC_REPRESENTATION_ITEM()
RATIONAL_B_SPLINE_CURVE((1.,1.04880884817014,1.))
REPRESENTATION_ITEM('')
);
#153=(
BOUNDED_CURVE()
B_SPLINE_CURVE(2,(#8701,#8702,#8703),.UNSPECIFIED.,.F.,.F.)
B_SPLINE_CURVE_WITH_KNOTS((3,3),(0.04885475460568,0.0915939587961655),
 .UNSPECIFIED.)
CURVE()
GEOMETRIC_REPRESENTATION_ITEM()
RATIONAL_B_SPLINE_CURVE((1.0133329516414,1.01807421581203,1.02090711890065))
REPRESENTATION_ITEM('')
);
#154=(
BOUNDED_CURVE()
B_SPLINE_CURVE(2,(#8705,#8706,#8707),.UNSPECIFIED.,.F.,.F.)
B_SPLINE_CURVE_WITH_KNOTS((3,3),(0.,0.0378261025365153),.UNSPECIFIED.)
CURVE()
GEOMETRIC_REPRESENTATION_ITEM()
RATIONAL_B_SPLINE_CURVE((1.,1.00126048329659,1.))
REPRESENTATION_ITEM('')
);
#155=(
BOUNDED_CURVE()
B_SPLINE_CURVE(2,(#8714,#8715,#8716),.UNSPECIFIED.,.F.,.F.)
B_SPLINE_CURVE_WITH_KNOTS((3,3),(0.,0.0294786491104486),.UNSPECIFIED.)
CURVE()
GEOMETRIC_REPRESENTATION_ITEM()
RATIONAL_B_SPLINE_CURVE((1.,1.,1.))
REPRESENTATION_ITEM('')
);
#156=(
BOUNDED_CURVE()
B_SPLINE_CURVE(2,(#8725,#8726,#8727),.UNSPECIFIED.,.F.,.F.)
B_SPLINE_CURVE_WITH_KNOTS((3,3),(0.0698568736427986,0.139713747285597),
 .UNSPECIFIED.)
CURVE()
GEOMETRIC_REPRESENTATION_ITEM()
RATIONAL_B_SPLINE_CURVE((1.,1.04880884817009,1.))
REPRESENTATION_ITEM('')
);
#157=(
BOUNDED_CURVE()
B_SPLINE_CURVE(2,(#8860,#8861,#8862),.UNSPECIFIED.,.F.,.F.)
B_SPLINE_CURVE_WITH_KNOTS((3,3),(0.,0.0378261025365157),.UNSPECIFIED.)
CURVE()
GEOMETRIC_REPRESENTATION_ITEM()
RATIONAL_B_SPLINE_CURVE((1.,1.00126048329776,1.))
REPRESENTATION_ITEM('')
);
#158=(
BOUNDED_CURVE()
B_SPLINE_CURVE(2,(#8863,#8864,#8865),.UNSPECIFIED.,.F.,.F.)
B_SPLINE_CURVE_WITH_KNOTS((3,3),(0.218484016130053,0.261223220321204),
 .UNSPECIFIED.)
CURVE()
GEOMETRIC_REPRESENTATION_ITEM()
RATIONAL_B_SPLINE_CURVE((1.02090711890072,1.01807421581209,1.0133329516414))
REPRESENTATION_ITEM('')
);
#159=FACE_BOUND('',#663,.T.);
#160=FACE_BOUND('',#702,.T.);
#161=FACE_BOUND('',#703,.T.);
#162=FACE_BOUND('',#713,.T.);
#163=FACE_BOUND('',#719,.T.);
#164=FACE_BOUND('',#749,.T.);
#165=FACE_BOUND('',#750,.T.);
#166=FACE_BOUND('',#751,.T.);
#167=FACE_BOUND('',#752,.T.);
#168=FACE_BOUND('',#753,.T.);
#169=FACE_BOUND('',#754,.T.);
#170=FACE_BOUND('',#755,.T.);
#171=FACE_BOUND('',#756,.T.);
#172=FACE_BOUND('',#806,.T.);
#173=FACE_BOUND('',#807,.T.);
#174=FACE_BOUND('',#808,.T.);
#175=FACE_BOUND('',#869,.T.);
#176=FACE_BOUND('',#870,.T.);
#177=FACE_BOUND('',#954,.T.);
#178=FACE_BOUND('',#955,.T.);
#179=FACE_BOUND('',#961,.T.);
#180=FACE_BOUND('',#964,.T.);
#181=FACE_BOUND('',#972,.T.);
#182=FACE_BOUND('',#973,.T.);
#183=FACE_BOUND('',#974,.T.);
#184=B_SPLINE_SURFACE_WITH_KNOTS('',3,1,((#7453,#7454),(#7455,#7456),(#7457,
#7458),(#7459,#7460),(#7461,#7462)),.UNSPECIFIED.,.F.,.F.,.F.,(4,1,4),(2,
2),(0.,0.00788827498521634,0.0154037970785295),(-0.03,0.),.UNSPECIFIED.);
#185=B_SPLINE_SURFACE_WITH_KNOTS('',3,1,((#7472,#7473),(#7474,#7475),(#7476,
#7477),(#7478,#7479),(#7480,#7481)),.UNSPECIFIED.,.F.,.F.,.F.,(4,1,4),(2,
2),(0.,0.00753657323421842,0.0153000424368695),(-0.03,0.),.UNSPECIFIED.);
#186=B_SPLINE_SURFACE_WITH_KNOTS('',3,1,((#7489,#7490),(#7491,#7492),(#7493,
#7494),(#7495,#7496),(#7497,#7498)),.UNSPECIFIED.,.F.,.F.,.F.,(4,1,4),(2,
2),(0.,0.00791325269996889,0.0154920855335145),(-0.03,0.),.UNSPECIFIED.);
#187=B_SPLINE_SURFACE_WITH_KNOTS('',3,1,((#7510,#7511),(#7512,#7513),(#7514,
#7515),(#7516,#7517),(#7518,#7519)),.UNSPECIFIED.,.F.,.F.,.F.,(4,1,4),(2,
2),(0.,0.015377189988107,0.0276699762009042),(-0.03,0.),.UNSPECIFIED.);
#188=B_SPLINE_SURFACE_WITH_KNOTS('',3,1,((#7527,#7528),(#7529,#7530),(#7531,
#7532),(#7533,#7534),(#7535,#7536)),.UNSPECIFIED.,.F.,.F.,.F.,(4,1,4),(2,
2),(0.,0.0130475748655863,0.0286735848659621),(-0.03,0.),.UNSPECIFIED.);
#189=B_SPLINE_SURFACE_WITH_KNOTS('',3,1,((#7544,#7545),(#7546,#7547),(#7548,
#7549),(#7550,#7551),(#7552,#7553)),.UNSPECIFIED.,.F.,.F.,.F.,(4,1,4),(2,
2),(0.,0.0403046617629207,0.0690010057873302),(-0.03,0.),.UNSPECIFIED.);
#190=B_SPLINE_SURFACE_WITH_KNOTS('',3,1,((#7561,#7562),(#7563,#7564),(#7565,
#7566),(#7567,#7568),(#7569,#7570)),.UNSPECIFIED.,.F.,.F.,.F.,(4,1,4),(2,
2),(0.,0.0288484378573215,0.0692036132493846),(-0.03,0.),.UNSPECIFIED.);
#191=B_SPLINE_SURFACE_WITH_KNOTS('',3,1,((#7578,#7579),(#7580,#7581),(#7582,
#7583),(#7584,#7585),(#7586,#7587)),.UNSPECIFIED.,.F.,.F.,.F.,(4,1,4),(2,
2),(0.,0.0118861019831156,0.0203115260748102),(-0.03,0.),.UNSPECIFIED.);
#192=B_SPLINE_SURFACE_WITH_KNOTS('',3,1,((#7595,#7596),(#7597,#7598),(#7599,
#7600),(#7601,#7602),(#7603,#7604)),.UNSPECIFIED.,.F.,.F.,.F.,(4,1,4),(2,
2),(0.,0.00842540919384457,0.0203114969587465),(-0.03,0.),.UNSPECIFIED.);
#193=B_SPLINE_SURFACE_WITH_KNOTS('',3,1,((#7612,#7613),(#7614,#7615),(#7616,
#7617),(#7618,#7619),(#7620,#7621)),.UNSPECIFIED.,.F.,.F.,.F.,(4,1,4),(2,
2),(0.,0.00814509122096909,0.0139632937046224),(-0.03,0.),.UNSPECIFIED.);
#194=B_SPLINE_SURFACE_WITH_KNOTS('',3,1,((#7629,#7630),(#7631,#7632),(#7633,
#7634),(#7635,#7636),(#7637,#7638)),.UNSPECIFIED.,.F.,.F.,.F.,(4,1,4),(2,
2),(0.,0.00581818760290824,0.0139632656877514),(-0.03,0.),.UNSPECIFIED.);
#195=B_SPLINE_SURFACE_WITH_KNOTS('',3,1,((#7646,#7647),(#7648,#7649),(#7650,
#7651),(#7652,#7653),(#7654,#7655)),.UNSPECIFIED.,.F.,.F.,.F.,(4,1,4),(2,
2),(0.,0.010922395469515,0.0231274180074641),(-0.03,0.),.UNSPECIFIED.);
#196=B_SPLINE_SURFACE_WITH_KNOTS('',3,1,((#7663,#7664),(#7665,#7666),(#7667,
#7668),(#7669,#7670),(#7671,#7672)),.UNSPECIFIED.,.F.,.F.,.F.,(4,1,4),(2,
2),(0.,0.0220970798587911,0.0393430416195645),(-0.03,0.),.UNSPECIFIED.);
#197=B_SPLINE_SURFACE_WITH_KNOTS('',3,1,((#7680,#7681),(#7682,#7683),(#7684,
#7685),(#7686,#7687),(#7688,#7689)),.UNSPECIFIED.,.F.,.F.,.F.,(4,1,4),(2,
2),(0.,0.0166240607871832,0.0397280662849349),(-0.03,0.),.UNSPECIFIED.);
#198=B_SPLINE_SURFACE_WITH_KNOTS('',3,1,((#7697,#7698),(#7699,#7700),(#7701,
#7702),(#7703,#7704),(#7705,#7706)),.UNSPECIFIED.,.F.,.F.,.F.,(4,1,4),(2,
2),(0.,0.0114214039105917,0.029581044836045),(-0.03,0.),.UNSPECIFIED.);
#199=B_SPLINE_SURFACE_WITH_KNOTS('',3,1,((#7714,#7715),(#7716,#7717),(#7718,
#7719),(#7720,#7721),(#7722,#7723)),.UNSPECIFIED.,.F.,.F.,.F.,(4,1,4),(2,
2),(0.,0.00793839055878535,0.0155465148992898),(-0.03,0.),.UNSPECIFIED.);
#200=B_SPLINE_SURFACE_WITH_KNOTS('',3,1,((#7731,#7732),(#7733,#7734),(#7735,
#7736),(#7737,#7738),(#7739,#7740)),.UNSPECIFIED.,.F.,.F.,.F.,(4,1,4),(2,
2),(0.,0.00773750222472855,0.0156984083875563),(-0.03,0.),.UNSPECIFIED.);
#201=B_SPLINE_SURFACE_WITH_KNOTS('',3,1,((#7748,#7749),(#7750,#7751),(#7752,
#7753),(#7754,#7755),(#7756,#7757)),.UNSPECIFIED.,.F.,.F.,.F.,(4,1,4),(2,
2),(0.,0.0273296770495481,0.0408357518448303),(-0.03,0.),.UNSPECIFIED.);
#202=B_SPLINE_SURFACE_WITH_KNOTS('',3,1,((#7765,#7766),(#7767,#7768),(#7769,
#7770),(#7771,#7772),(#7773,#7774)),.UNSPECIFIED.,.F.,.F.,.F.,(4,1,4),(2,
2),(0.,0.0456369432281176,0.0786855133844375),(-0.03,0.),.UNSPECIFIED.);
#203=B_SPLINE_SURFACE_WITH_KNOTS('',3,1,((#7782,#7783),(#7784,#7785),(#7786,
#7787),(#7788,#7789),(#7790,#7791)),.UNSPECIFIED.,.F.,.F.,.F.,(4,1,4),(2,
2),(0.,0.0324972708795718,0.0785035091474209),(-0.03,0.),.UNSPECIFIED.);
#204=B_SPLINE_SURFACE_WITH_KNOTS('',3,1,((#7799,#7800),(#7801,#7802),(#7803,
#7804),(#7805,#7806),(#7807,#7808)),.UNSPECIFIED.,.F.,.F.,.F.,(4,1,4),(2,
2),(0.,0.0167449148208902,0.0286776056223559),(-0.03,0.),.UNSPECIFIED.);
#205=B_SPLINE_SURFACE_WITH_KNOTS('',3,1,((#7816,#7817),(#7818,#7819),(#7820,
#7821),(#7822,#7823),(#7824,#7825)),.UNSPECIFIED.,.F.,.F.,.F.,(4,1,4),(2,
2),(0.,0.0120848523503474,0.0288803703682994),(-0.03,0.),.UNSPECIFIED.);
#206=B_SPLINE_SURFACE_WITH_KNOTS('',3,1,((#7841,#7842),(#7843,#7844),(#7845,
#7846),(#7847,#7848),(#7849,#7850)),.UNSPECIFIED.,.F.,.F.,.F.,(4,1,4),(2,
2),(0.,0.017316968569544,0.0417608480394175),(-0.03,0.),.UNSPECIFIED.);
#207=B_SPLINE_SURFACE_WITH_KNOTS('',3,1,((#7858,#7859),(#7860,#7861),(#7862,
#7863),(#7864,#7865),(#7866,#7867)),.UNSPECIFIED.,.F.,.F.,.F.,(4,1,4),(2,
2),(0.,0.00962174353668994,0.0197025132674945),(-0.03,0.),.UNSPECIFIED.);
#208=B_SPLINE_SURFACE_WITH_KNOTS('',3,1,((#7875,#7876),(#7877,#7878),(#7879,
#7880),(#7881,#7882),(#7883,#7884)),.UNSPECIFIED.,.F.,.F.,.F.,(4,1,4),(2,
2),(0.,0.0120857669111084,0.0200195719717399),(-0.03,0.),.UNSPECIFIED.);
#209=B_SPLINE_SURFACE_WITH_KNOTS('',3,1,((#7900,#7901),(#7902,#7903),(#7904,
#7905),(#7906,#7907),(#7908,#7909)),.UNSPECIFIED.,.F.,.F.,.F.,(4,1,4),(2,
2),(0.,0.00753705546640754,0.0154458751396825),(-0.03,0.),.UNSPECIFIED.);
#210=B_SPLINE_SURFACE_WITH_KNOTS('',3,1,((#8114,#8115),(#8116,#8117),(#8118,
#8119),(#8120,#8121),(#8122,#8123)),.UNSPECIFIED.,.F.,.F.,.F.,(4,1,4),(2,
2),(0.,0.0284046801769735,0.0633289867437882),(-0.03,0.),.UNSPECIFIED.);
#211=B_SPLINE_SURFACE_WITH_KNOTS('',3,1,((#8133,#8134),(#8135,#8136),(#8137,
#8138),(#8139,#8140),(#8141,#8142)),.UNSPECIFIED.,.F.,.F.,.F.,(4,1,4),(2,
2),(0.,0.013245131220129,0.0224266089726491),(-0.03,0.),.UNSPECIFIED.);
#212=B_SPLINE_SURFACE_WITH_KNOTS('',3,1,((#8150,#8151),(#8152,#8153),(#8154,
#8155),(#8156,#8157),(#8158,#8159)),.UNSPECIFIED.,.F.,.F.,.F.,(4,1,4),(2,
2),(0.,0.0131451062768669,0.0268329938301326),(-0.03,0.),.UNSPECIFIED.);
#213=B_SPLINE_SURFACE_WITH_KNOTS('',3,1,((#8167,#8168),(#8169,#8170),(#8171,
#8172),(#8173,#8174),(#8175,#8176)),.UNSPECIFIED.,.F.,.F.,.F.,(4,1,4),(2,
2),(0.,0.0453952059575695,0.0792881081585668),(-0.03,0.),.UNSPECIFIED.);
#214=B_SPLINE_SURFACE_WITH_KNOTS('',3,1,((#8184,#8185),(#8186,#8187),(#8188,
#8189),(#8190,#8191),(#8192,#8193)),.UNSPECIFIED.,.F.,.F.,.F.,(4,1,4),(2,
2),(0.,0.00525423175956369,0.00903501897851883),(-0.03,0.),
 .UNSPECIFIED.);
#215=B_SPLINE_SURFACE_WITH_KNOTS('',3,1,((#8201,#8202),(#8203,#8204),(#8205,
#8206),(#8207,#8208),(#8209,#8210)),.UNSPECIFIED.,.F.,.F.,.F.,(4,1,4),(2,
2),(0.,0.00362857164847544,0.00883208733389905),(-0.03,0.),
 .UNSPECIFIED.);
#216=B_SPLINE_SURFACE_WITH_KNOTS('',3,1,((#8222,#8223),(#8224,#8225),(#8226,
#8227),(#8228,#8229),(#8230,#8231)),.UNSPECIFIED.,.F.,.F.,.F.,(4,1,4),(2,
2),(0.,0.018229116242592,0.0404925021838388),(-0.03,0.),.UNSPECIFIED.);
#217=B_SPLINE_SURFACE_WITH_KNOTS('',3,1,((#8239,#8240),(#8241,#8242),(#8243,
#8244),(#8245,#8246),(#8247,#8248)),.UNSPECIFIED.,.F.,.F.,.F.,(4,1,4),(2,
2),(0.,0.0136917405110115,0.0246075259804614),(-0.03,0.),.UNSPECIFIED.);
#218=B_SPLINE_SURFACE_WITH_KNOTS('',3,1,((#8264,#8265),(#8266,#8267),(#8268,
#8269),(#8270,#8271),(#8272,#8273)),.UNSPECIFIED.,.F.,.F.,.F.,(4,1,4),(2,
2),(0.,0.0349083924435848,0.067511533178263),(-0.03,0.),.UNSPECIFIED.);
#219=B_SPLINE_SURFACE_WITH_KNOTS('',3,1,((#8279,#8280),(#8281,#8282),(#8283,
#8284),(#8285,#8286),(#8287,#8288)),.UNSPECIFIED.,.F.,.F.,.F.,(4,1,4),(2,
2),(0.,0.00811576043485328,0.0163914662411363),(-0.03,0.),.UNSPECIFIED.);
#220=B_SPLINE_SURFACE_WITH_KNOTS('',3,1,((#8298,#8299),(#8300,#8301),(#8302,
#8303),(#8304,#8305),(#8306,#8307)),.UNSPECIFIED.,.F.,.F.,.F.,(4,1,4),(2,
2),(0.,0.00778027602192949,0.0150059366369304),(-0.03,0.),.UNSPECIFIED.);
#221=B_SPLINE_SURFACE_WITH_KNOTS('',3,1,((#8315,#8316),(#8317,#8318),(#8319,
#8320),(#8321,#8322),(#8323,#8324)),.UNSPECIFIED.,.F.,.F.,.F.,(4,1,4),(2,
2),(0.,0.065224917789454,0.118899114027169),(-0.03,0.),.UNSPECIFIED.);
#222=B_SPLINE_SURFACE_WITH_KNOTS('',3,1,((#8332,#8333),(#8334,#8335),(#8336,
#8337),(#8338,#8339),(#8340,#8341)),.UNSPECIFIED.,.F.,.F.,.F.,(4,1,4),(2,
2),(0.,0.0303856525928922,0.0636207043850235),(-0.03,0.),.UNSPECIFIED.);
#223=B_SPLINE_SURFACE_WITH_KNOTS('',3,1,((#8349,#8350),(#8351,#8352),(#8353,
#8354),(#8355,#8356),(#8357,#8358)),.UNSPECIFIED.,.F.,.F.,.F.,(4,1,4),(2,
2),(0.,0.0299078303884238,0.0629658842727706),(-0.03,0.),.UNSPECIFIED.);
#224=B_SPLINE_SURFACE_WITH_KNOTS('',3,1,((#8366,#8367),(#8368,#8369),(#8370,
#8371),(#8372,#8373),(#8374,#8375)),.UNSPECIFIED.,.F.,.F.,.F.,(4,1,4),(2,
2),(0.,0.0784199810887435,0.140049695234072),(-0.03,0.),.UNSPECIFIED.);
#225=B_SPLINE_SURFACE_WITH_KNOTS('',3,1,((#8383,#8384),(#8385,#8386),(#8387,
#8388),(#8389,#8390),(#8391,#8392)),.UNSPECIFIED.,.F.,.F.,.F.,(4,1,4),(2,
2),(0.,0.0261333381899326,0.0490217519073087),(-0.03,0.),.UNSPECIFIED.);
#226=B_SPLINE_SURFACE_WITH_KNOTS('',3,1,((#8404,#8405),(#8406,#8407),(#8408,
#8409),(#8410,#8411),(#8412,#8413)),.UNSPECIFIED.,.F.,.F.,.F.,(4,1,4),(2,
2),(0.,0.0120593144311367,0.0243395264720666),(-0.03,0.),.UNSPECIFIED.);
#227=B_SPLINE_SURFACE_WITH_KNOTS('',3,1,((#8421,#8422),(#8423,#8424),(#8425,
#8426),(#8427,#8428),(#8429,#8430)),.UNSPECIFIED.,.F.,.F.,.F.,(4,1,4),(2,
2),(0.,0.0109800017012257,0.021601450001024),(-0.03,0.),.UNSPECIFIED.);
#228=B_SPLINE_SURFACE_WITH_KNOTS('',3,1,((#8438,#8439),(#8440,#8441),(#8442,
#8443),(#8444,#8445),(#8446,#8447)),.UNSPECIFIED.,.F.,.F.,.F.,(4,1,4),(2,
2),(0.,0.0178698560341476,0.0307172076417378),(-0.03,0.),.UNSPECIFIED.);
#229=B_SPLINE_SURFACE_WITH_KNOTS('',3,1,((#8455,#8456),(#8457,#8458),(#8459,
#8460),(#8461,#8462),(#8463,#8464)),.UNSPECIFIED.,.F.,.F.,.F.,(4,1,4),(2,
2),(0.,0.012847336716923,0.0307171777480443),(-0.03,0.),.UNSPECIFIED.);
#230=B_SPLINE_SURFACE_WITH_KNOTS('',3,1,((#8472,#8473),(#8474,#8475),(#8476,
#8477),(#8478,#8479),(#8480,#8481)),.UNSPECIFIED.,.F.,.F.,.F.,(4,1,4),(2,
2),(0.,0.0324671791791064,0.0555781075748068),(-0.03,0.),.UNSPECIFIED.);
#231=B_SPLINE_SURFACE_WITH_KNOTS('',3,1,((#8489,#8490),(#8491,#8492),(#8493,
#8494),(#8495,#8496),(#8497,#8498)),.UNSPECIFIED.,.F.,.F.,.F.,(4,1,4),(2,
2),(0.,0.0232630127672535,0.0557806923226121),(-0.03,0.),.UNSPECIFIED.);
#232=B_SPLINE_SURFACE_WITH_KNOTS('',3,1,((#8506,#8507),(#8508,#8509),(#8510,
#8511),(#8512,#8513),(#8514,#8515)),.UNSPECIFIED.,.F.,.F.,.F.,(4,1,4),(2,
2),(0.,0.0278566312511771,0.0478281118264109),(-0.03,0.),.UNSPECIFIED.);
#233=B_SPLINE_SURFACE_WITH_KNOTS('',3,1,((#8523,#8524),(#8525,#8526),(#8527,
#8528),(#8529,#8530),(#8531,#8532)),.UNSPECIFIED.,.F.,.F.,.F.,(4,1,4),(2,
2),(0.,0.0199714806107289,0.047828111861906),(-0.03,0.),.UNSPECIFIED.);
#234=B_SPLINE_SURFACE_WITH_KNOTS('',3,1,((#8540,#8541),(#8542,#8543),(#8544,
#8545),(#8546,#8547),(#8548,#8549)),.UNSPECIFIED.,.F.,.F.,.F.,(4,1,4),(2,
2),(0.,0.00800191879017809,0.016323739145695),(-0.03,0.),.UNSPECIFIED.);
#235=B_SPLINE_SURFACE_WITH_KNOTS('',3,1,((#8557,#8558),(#8559,#8560),(#8561,
#8562),(#8563,#8564),(#8565,#8566)),.UNSPECIFIED.,.F.,.F.,.F.,(4,1,4),(2,
2),(0.,0.00813120461903419,0.0160486823537371),(-0.03,0.),.UNSPECIFIED.);
#236=B_SPLINE_SURFACE_WITH_KNOTS('',3,1,((#8574,#8575),(#8576,#8577),(#8578,
#8579),(#8580,#8581),(#8582,#8583)),.UNSPECIFIED.,.F.,.F.,.F.,(4,1,4),(2,
2),(0.,0.00791749463884027,0.0160486937712615),(-0.03,0.),.UNSPECIFIED.);
#237=B_SPLINE_SURFACE_WITH_KNOTS('',3,1,((#8591,#8592),(#8593,#8594),(#8595,
#8596),(#8597,#8598),(#8599,#8600)),.UNSPECIFIED.,.F.,.F.,.F.,(4,1,4),(2,
2),(0.,0.00832182003181641,0.0163237388219945),(-0.03,0.),.UNSPECIFIED.);
#238=B_SPLINE_SURFACE_WITH_KNOTS('',3,1,((#8616,#8617),(#8618,#8619),(#8620,
#8621),(#8622,#8623),(#8624,#8625)),.UNSPECIFIED.,.F.,.F.,.F.,(4,1,4),(2,
2),(0.,0.0900798410405221,0.175500235264166),(-0.03,0.),.UNSPECIFIED.);
#239=B_SPLINE_SURFACE_WITH_KNOTS('',3,1,((#8633,#8634),(#8635,#8636),(#8637,
#8638),(#8639,#8640),(#8641,#8642)),.UNSPECIFIED.,.F.,.F.,.F.,(4,1,4),(2,
2),(0.,0.007634111508792,0.0161229760064257),(-0.03,0.),.UNSPECIFIED.);
#240=B_SPLINE_SURFACE_WITH_KNOTS('',3,1,((#8650,#8651),(#8652,#8653),(#8654,
#8655),(#8656,#8657),(#8658,#8659)),.UNSPECIFIED.,.F.,.F.,.F.,(4,1,4),(2,
2),(0.,0.00821450390301042,0.016161002978874),(-0.03,0.),.UNSPECIFIED.);
#241=B_SPLINE_SURFACE_WITH_KNOTS('',3,3,((#8886,#8887,#8888,#8889,#8890,
#8891),(#8892,#8893,#8894,#8895,#8896,#8897),(#8898,#8899,#8900,#8901,#8902,
#8903),(#8904,#8905,#8906,#8907,#8908,#8909),(#8910,#8911,#8912,#8913,#8914,
#8915)),.UNSPECIFIED.,.F.,.F.,.F.,(4,1,4),(4,1,1,4),(0.,0.571428571428571,
1.),(1.32106386801638,1.45347157047155,1.54174337210834,1.63001517374512),
 .UNSPECIFIED.);
#242=B_SPLINE_SURFACE_WITH_KNOTS('',3,3,((#8939,#8940,#8941,#8942,#8943,
#8944,#8945,#8946),(#8947,#8948,#8949,#8950,#8951,#8952,#8953,#8954),(#8955,
#8956,#8957,#8958,#8959,#8960,#8961,#8962),(#8963,#8964,#8965,#8966,#8967,
#8968,#8969,#8970),(#8971,#8972,#8973,#8974,#8975,#8976,#8977,#8978)),
 .UNSPECIFIED.,.F.,.F.,.F.,(4,1,4),(4,1,1,1,1,4),(0.,0.571428571428571,
1.),(0.,0.0771432424678418,0.154286484935684,0.257144141559473,0.308572969871367,
0.360001798183262),.UNSPECIFIED.);
#243=B_SPLINE_SURFACE_WITH_KNOTS('',3,3,((#8995,#8996,#8997,#8998,#8999,
#9000,#9001,#9002),(#9003,#9004,#9005,#9006,#9007,#9008,#9009,#9010),(#9011,
#9012,#9013,#9014,#9015,#9016,#9017,#9018),(#9019,#9020,#9021,#9022,#9023,
#9024,#9025,#9026),(#9027,#9028,#9029,#9030,#9031,#9032,#9033,#9034)),
 .UNSPECIFIED.,.F.,.F.,.F.,(4,1,4),(4,1,1,1,1,4),(0.,0.571428571428571,
1.),(1.11762041794398E-16,0.0514275489382403,0.10285509787648,0.154282646814721,
0.257137744691201,0.359992842567681),.UNSPECIFIED.);
#244=B_SPLINE_SURFACE_WITH_KNOTS('',3,3,((#9057,#9058,#9059,#9060,#9061,
#9062),(#9063,#9064,#9065,#9066,#9067,#9068),(#9069,#9070,#9071,#9072,#9073,
#9074),(#9075,#9076,#9077,#9078,#9079,#9080),(#9081,#9082,#9083,#9084,#9085,
#9086)),.UNSPECIFIED.,.F.,.F.,.F.,(4,1,4),(4,1,1,4),(0.,0.571428571428571,
1.),(0.137577188575471,0.20378103980308,0.269984891030689,0.446528494304314),
 .UNSPECIFIED.);
#245=B_SPLINE_SURFACE_WITH_KNOTS('',3,3,((#9105,#9106,#9107,#9108),(#9109,
#9110,#9111,#9112),(#9113,#9114,#9115,#9116),(#9117,#9118,#9119,#9120),
(#9121,#9122,#9123,#9124)),.UNSPECIFIED.,.F.,.F.,.F.,(4,1,4),(4,4),(0.,
0.571428571428571,1.),(0.,0.184903803885908),.UNSPECIFIED.);
#246=B_SPLINE_SURFACE_WITH_KNOTS('',3,3,((#9136,#9137,#9138,#9139,#9140,
#9141),(#9142,#9143,#9144,#9145,#9146,#9147),(#9148,#9149,#9150,#9151,#9152,
#9153),(#9154,#9155,#9156,#9157,#9158,#9159),(#9160,#9161,#9162,#9163,#9164,
#9165)),.UNSPECIFIED.,.F.,.F.,.F.,(4,1,4),(4,2,4),(0.,0.5,1.),(-0.171961594249551,
0.,0.000642655342428886),.UNSPECIFIED.);
#247=B_SPLINE_SURFACE_WITH_KNOTS('',3,3,((#9190,#9191,#9192,#9193,#9194,
#9195,#9196),(#9197,#9198,#9199,#9200,#9201,#9202,#9203),(#9204,#9205,#9206,
#9207,#9208,#9209,#9210),(#9211,#9212,#9213,#9214,#9215,#9216,#9217),(#9218,
#9219,#9220,#9221,#9222,#9223,#9224)),.UNSPECIFIED.,.F.,.F.,.F.,(4,1,4),
(4,1,1,1,4),(0.,0.571428571428571,1.),(1.95899842556211E-17,0.154286484935695,
0.257144141559491,0.308572969871389,0.360001798183288),.UNSPECIFIED.);
#248=B_SPLINE_SURFACE_WITH_KNOTS('',3,1,((#10002,#10003),(#10004,#10005),
(#10006,#10007),(#10008,#10009),(#10010,#10011)),.UNSPECIFIED.,.F.,.F.,
 .F.,(4,1,4),(2,2),(0.,0.0220005292146083,0.0539168562124014),(0.,0.0800000000000001),
 .UNSPECIFIED.);
#249=B_SPLINE_SURFACE_WITH_KNOTS('',3,1,((#10025,#10026),(#10027,#10028),
(#10029,#10030),(#10031,#10032),(#10033,#10034)),.UNSPECIFIED.,.F.,.F.,
 .F.,(4,1,4),(2,2),(0.,0.0127642771436861,0.0286058730305824),(0.,0.0800000000000001),
 .UNSPECIFIED.);
#250=B_SPLINE_SURFACE_WITH_KNOTS('',3,1,((#10048,#10049),(#10050,#10051),
(#10052,#10053),(#10054,#10055),(#10056,#10057)),.UNSPECIFIED.,.F.,.F.,
 .F.,(4,1,4),(2,2),(0.,0.0185419088531228,0.0321371360241772),(0.,0.0800000000000001),
 .UNSPECIFIED.);
#251=B_SPLINE_SURFACE_WITH_KNOTS('',3,1,((#10077,#10078),(#10079,#10080),
(#10081,#10082),(#10083,#10084),(#10085,#10086)),.UNSPECIFIED.,.F.,.F.,
 .F.,(4,1,4),(2,2),(0.,0.0164489016671307,0.037773845218816),(0.,0.0800000000000001),
 .UNSPECIFIED.);
#252=B_SPLINE_SURFACE_WITH_KNOTS('',3,1,((#10100,#10101),(#10102,#10103),
(#10104,#10105),(#10106,#10107),(#10108,#10109)),.UNSPECIFIED.,.F.,.F.,
 .F.,(4,1,4),(2,2),(0.,0.0156089688041612,0.0289282865639161),(0.,0.0800000000000001),
 .UNSPECIFIED.);
#253=B_SPLINE_SURFACE_WITH_KNOTS('',3,1,((#10123,#10124),(#10125,#10126),
(#10127,#10128),(#10129,#10130),(#10131,#10132)),.UNSPECIFIED.,.F.,.F.,
 .F.,(4,1,4),(2,2),(0.,0.0298474300321925,0.0512872534113448),(0.,0.0800000000000001),
 .UNSPECIFIED.);
#254=B_SPLINE_SURFACE_WITH_KNOTS('',3,1,((#10164,#10165),(#10166,#10167),
(#10168,#10169),(#10170,#10171),(#10172,#10173)),.UNSPECIFIED.,.F.,.F.,
 .F.,(4,1,4),(2,2),(0.,0.0255559270813988,0.0624677425098597),(0.,0.0800000000000001),
 .UNSPECIFIED.);
#255=B_SPLINE_SURFACE_WITH_KNOTS('',3,1,((#10187,#10188),(#10189,#10190),
(#10191,#10192),(#10193,#10194),(#10195,#10196)),.UNSPECIFIED.,.F.,.F.,
 .F.,(4,1,4),(2,2),(0.,0.0287655561298845,0.0516573778261877),(0.,0.0800000000000001),
 .UNSPECIFIED.);
#256=B_SPLINE_SURFACE_WITH_KNOTS('',3,1,((#10216,#10217),(#10218,#10219),
(#10220,#10221),(#10222,#10223),(#10224,#10225)),.UNSPECIFIED.,.F.,.F.,
 .F.,(4,1,4),(2,2),(0.,0.0228894683470639,0.0466582770593051),(0.,0.0800000000000001),
 .UNSPECIFIED.);
#257=B_SPLINE_SURFACE_WITH_KNOTS('',3,1,((#10239,#10240),(#10241,#10242),
(#10243,#10244),(#10245,#10246),(#10247,#10248)),.UNSPECIFIED.,.F.,.F.,
 .F.,(4,1,4),(2,2),(0.,0.0451692601992226,0.0763172329508773),(0.,0.0800000000000001),
 .UNSPECIFIED.);
#258=B_SPLINE_SURFACE_WITH_KNOTS('',3,1,((#10269,#10270),(#10271,#10272),
(#10273,#10274),(#10275,#10276),(#10277,#10278)),.UNSPECIFIED.,.F.,.F.,
 .F.,(4,1,4),(2,2),(0.,0.0776391537116361,0.183999470580081),(0.,0.0800000000000001),
 .UNSPECIFIED.);
#259=B_SPLINE_SURFACE_WITH_KNOTS('',3,1,((#10286,#10287),(#10288,#10289),
(#10290,#10291),(#10292,#10293),(#10294,#10295)),.UNSPECIFIED.,.F.,.F.,
 .F.,(4,1,4),(2,2),(0.,0.0640799504642353,0.124085685459792),(0.,0.0800000000000001),
 .UNSPECIFIED.);
#260=B_SPLINE_SURFACE_WITH_KNOTS('',3,1,((#10307,#10308),(#10309,#10310),
(#10311,#10312),(#10313,#10314),(#10315,#10316)),.UNSPECIFIED.,.F.,.F.,
 .F.,(4,1,4),(2,2),(0.,0.0353379397279888,0.0669547111962492),(0.,0.0800000000000001),
 .UNSPECIFIED.);
#261=B_SPLINE_SURFACE_WITH_KNOTS('',3,1,((#10324,#10325),(#10326,#10327),
(#10328,#10329),(#10330,#10331),(#10332,#10333)),.UNSPECIFIED.,.F.,.F.,
 .F.,(4,1,4),(2,2),(0.,0.0348270405520315,0.0716928171632549),(0.,0.0800000000000001),
 .UNSPECIFIED.);
#262=B_SPLINE_SURFACE_WITH_KNOTS('',3,1,((#10345,#10346),(#10347,#10348),
(#10349,#10350),(#10351,#10352),(#10353,#10354)),.UNSPECIFIED.,.F.,.F.,
 .F.,(4,1,4),(2,2),(0.,0.0283303766759556,0.0559352440286879),(0.,0.0800000000000001),
 .UNSPECIFIED.);
#263=B_SPLINE_SURFACE_WITH_KNOTS('',3,1,((#10362,#10363),(#10364,#10365),
(#10366,#10367),(#10368,#10369),(#10370,#10371)),.UNSPECIFIED.,.F.,.F.,
 .F.,(4,1,4),(2,2),(0.,0.0247950587996147,0.0522950654938674),(0.,0.0800000000000001),
 .UNSPECIFIED.);
#264=B_SPLINE_SURFACE_WITH_KNOTS('',3,1,((#10383,#10384),(#10385,#10386),
(#10387,#10388),(#10389,#10390),(#10391,#10392)),.UNSPECIFIED.,.F.,.F.,
 .F.,(4,1,4),(2,2),(0.,0.0354826551658761,0.0792043941702188),(0.,0.0800000000000001),
 .UNSPECIFIED.);
#265=B_SPLINE_SURFACE_WITH_KNOTS('',3,1,((#10400,#10401),(#10402,#10403),
(#10404,#10405),(#10406,#10407),(#10408,#10409)),.UNSPECIFIED.,.F.,.F.,
 .F.,(4,1,4),(2,2),(0.,0.0432623428828314,0.0787722638816084),(0.,0.0800000000000001),
 .UNSPECIFIED.);
#266=B_SPLINE_SURFACE_WITH_KNOTS('',3,1,((#10417,#10418),(#10419,#10420),
(#10421,#10422),(#10423,#10424),(#10425,#10426)),.UNSPECIFIED.,.F.,.F.,
 .F.,(4,1,4),(2,2),(0.,0.0761088445314473,0.133104885040505),(0.,0.0800000000000001),
 .UNSPECIFIED.);
#267=B_SPLINE_SURFACE_WITH_KNOTS('',3,1,((#10437,#10438),(#10439,#10440),
(#10441,#10442),(#10443,#10444),(#10445,#10446)),.UNSPECIFIED.,.F.,.F.,
 .F.,(4,1,4),(2,2),(0.,0.0493941324957622,0.107674779471343),(0.,0.0800000000000001),
 .UNSPECIFIED.);
#268=B_SPLINE_SURFACE_WITH_KNOTS('',3,1,((#10456,#10457),(#10458,#10459),
(#10460,#10461),(#10462,#10463),(#10464,#10465)),.UNSPECIFIED.,.F.,.F.,
 .F.,(4,1,4),(2,2),(0.,0.0423669444924173,0.0868212685925771),(0.,0.0800000000000001),
 .UNSPECIFIED.);
#269=B_SPLINE_SURFACE_WITH_KNOTS('',3,1,((#10473,#10474),(#10475,#10476),
(#10477,#10478),(#10479,#10480),(#10481,#10482)),.UNSPECIFIED.,.F.,.F.,
 .F.,(4,1,4),(2,2),(0.,0.0919313120625916,0.171701947996885),(0.,0.0800000000000001),
 .UNSPECIFIED.);
#270=B_SPLINE_SURFACE_WITH_KNOTS('',3,1,((#10494,#10495),(#10496,#10497),
(#10498,#10499),(#10500,#10501),(#10502,#10503)),.UNSPECIFIED.,.F.,.F.,
 .F.,(4,1,4),(2,2),(0.,0.0590835658450143,0.127782080486543),(0.,0.0800000000000001),
 .UNSPECIFIED.);
#271=B_SPLINE_SURFACE_WITH_KNOTS('',3,1,((#10511,#10512),(#10513,#10514),
(#10515,#10516),(#10517,#10518),(#10519,#10520)),.UNSPECIFIED.,.F.,.F.,
 .F.,(4,1,4),(2,2),(0.,0.0890265288533496,0.1557130418032),(0.,0.0800000000000001),
 .UNSPECIFIED.);
#272=B_SPLINE_SURFACE_WITH_KNOTS('',3,1,((#10532,#10533),(#10534,#10535),
(#10536,#10537),(#10538,#10539),(#10540,#10541)),.UNSPECIFIED.,.F.,.F.,
 .F.,(4,1,4),(2,2),(0.,0.0405655492295348,0.101349581625402),(0.,0.0800000000000001),
 .UNSPECIFIED.);
#273=B_SPLINE_SURFACE_WITH_KNOTS('',3,1,((#10553,#10554),(#10555,#10556),
(#10557,#10558),(#10559,#10560),(#10561,#10562)),.UNSPECIFIED.,.F.,.F.,
 .F.,(4,1,4),(2,2),(0.,0.0261006519984742,0.0510546164936802),(0.,0.0800000000000001),
 .UNSPECIFIED.);
#274=B_SPLINE_SURFACE_WITH_KNOTS('',3,1,((#10570,#10571),(#10572,#10573),
(#10574,#10575),(#10576,#10577),(#10578,#10579)),.UNSPECIFIED.,.F.,.F.,
 .F.,(4,1,4),(2,2),(0.,0.061090731736647,0.0991535851761749),(0.,0.0800000000000001),
 .UNSPECIFIED.);
#275=B_SPLINE_SURFACE_WITH_KNOTS('',3,1,((#10587,#10588),(#10589,#10590),
(#10591,#10592),(#10593,#10594),(#10595,#10596)),.UNSPECIFIED.,.F.,.F.,
 .F.,(4,1,4),(2,2),(0.,0.118532571605697,0.193071119108824),(0.,0.0800000000000001),
 .UNSPECIFIED.);
#276=B_SPLINE_SURFACE_WITH_KNOTS('',3,1,((#10608,#10609),(#10610,#10611),
(#10612,#10613),(#10614,#10615),(#10616,#10617)),.UNSPECIFIED.,.F.,.F.,
 .F.,(4,1,4),(2,2),(0.,0.0839523282707551,0.188118090050079),(0.,0.0800000000000001),
 .UNSPECIFIED.);
#277=B_SPLINE_SURFACE_WITH_KNOTS('',3,1,((#10625,#10626),(#10627,#10628),
(#10629,#10630),(#10631,#10632),(#10633,#10634)),.UNSPECIFIED.,.F.,.F.,
 .F.,(4,1,4),(2,2),(0.,0.0892421040907949,0.212777969520668),(0.,0.0800000000000001),
 .UNSPECIFIED.);
#278=B_SPLINE_SURFACE_WITH_KNOTS('',3,1,((#10642,#10643),(#10644,#10645),
(#10646,#10647),(#10648,#10649),(#10650,#10651)),.UNSPECIFIED.,.F.,.F.,
 .F.,(4,1,4),(2,2),(0.,0.070128822056619,0.138454880685465),(0.,0.0800000000000001),
 .UNSPECIFIED.);
#279=B_SPLINE_SURFACE_WITH_KNOTS('',3,1,((#10663,#10664),(#10665,#10666),
(#10667,#10668),(#10669,#10670),(#10671,#10672)),.UNSPECIFIED.,.F.,.F.,
 .F.,(4,1,4),(2,2),(0.,0.153496178144444,0.281326368685986),(0.,0.0800000000000001),
 .UNSPECIFIED.);
#280=B_SPLINE_SURFACE_WITH_KNOTS('',3,1,((#10684,#10685),(#10686,#10687),
(#10688,#10689),(#10690,#10691),(#10692,#10693)),.UNSPECIFIED.,.F.,.F.,
 .F.,(4,1,4),(2,2),(0.,0.0263572203105034,0.0640050163775172),(0.,0.0800000000000001),
 .UNSPECIFIED.);
#281=B_SPLINE_SURFACE_WITH_KNOTS('',3,1,((#10701,#10702),(#10703,#10704),
(#10705,#10706),(#10707,#10708),(#10709,#10710)),.UNSPECIFIED.,.F.,.F.,
 .F.,(4,1,4),(2,2),(0.,0.0264837096325865,0.0497551193390036),(0.,0.0800000000000001),
 .UNSPECIFIED.);
#282=B_SPLINE_SURFACE_WITH_KNOTS('',3,1,((#10722,#10723),(#10724,#10725),
(#10726,#10727),(#10728,#10729),(#10730,#10731)),.UNSPECIFIED.,.F.,.F.,
 .F.,(4,1,4),(2,2),(0.,0.0914591518756166,0.146784956934857),(0.,0.0800000000000001),
 .UNSPECIFIED.);
#283=B_SPLINE_SURFACE_WITH_KNOTS('',3,1,((#10739,#10740),(#10741,#10742),
(#10743,#10744),(#10745,#10746),(#10747,#10748)),.UNSPECIFIED.,.F.,.F.,
 .F.,(4,1,4),(2,2),(0.,0.133426841520103,0.215926388507388),(0.,0.0800000000000001),
 .UNSPECIFIED.);
#284=B_SPLINE_SURFACE_WITH_KNOTS('',3,1,((#10760,#10761),(#10762,#10763),
(#10764,#10765),(#10766,#10767),(#10768,#10769)),.UNSPECIFIED.,.F.,.F.,
 .F.,(4,1,4),(2,2),(0.,0.0962377381163677,0.213391466362213),(0.,0.0800000000000001),
 .UNSPECIFIED.);
#285=B_SPLINE_SURFACE_WITH_KNOTS('',3,1,((#10776,#10777),(#10778,#10779),
(#10780,#10781),(#10782,#10783),(#10784,#10785)),.UNSPECIFIED.,.F.,.F.,
 .F.,(4,1,4),(2,2),(0.,0.14574065475775,0.346042030238732),(0.,0.0800000000000001),
 .UNSPECIFIED.);
#286=B_SPLINE_SURFACE_WITH_KNOTS('',3,1,((#10807,#10808),(#10809,#10810),
(#10811,#10812),(#10813,#10814),(#10815,#10816)),.UNSPECIFIED.,.F.,.F.,
 .F.,(4,1,4),(2,2),(0.,0.0293092183447995,0.0643496398337563),(0.,0.0800000000000001),
 .UNSPECIFIED.);
#287=B_SPLINE_SURFACE_WITH_KNOTS('',3,1,((#10824,#10825),(#10826,#10827),
(#10828,#10829),(#10830,#10831),(#10832,#10833)),.UNSPECIFIED.,.F.,.F.,
 .F.,(4,1,4),(2,2),(0.,0.0542093885658591,0.0906098725575344),(0.,0.0800000000000001),
 .UNSPECIFIED.);
#288=B_SPLINE_SURFACE_WITH_KNOTS('',3,1,((#10841,#10842),(#10843,#10844),
(#10845,#10846),(#10847,#10848),(#10849,#10850)),.UNSPECIFIED.,.F.,.F.,
 .F.,(4,1,4),(2,2),(0.,0.0379446050934162,0.0933072145245184),(0.,0.0800000000000001),
 .UNSPECIFIED.);
#289=B_SPLINE_SURFACE_WITH_KNOTS('',3,1,((#10858,#10859),(#10860,#10861),
(#10862,#10863),(#10864,#10865),(#10866,#10867)),.UNSPECIFIED.,.F.,.F.,
 .F.,(4,1,4),(2,2),(0.,0.0350404655217711,0.0643495259367194),(0.,0.0800000000000001),
 .UNSPECIFIED.);
#290=B_SPLINE_SURFACE_WITH_KNOTS('',3,1,((#10887,#10888),(#10889,#10890),
(#10891,#10892),(#10893,#10894),(#10895,#10896)),.UNSPECIFIED.,.F.,.F.,
 .F.,(4,1,4),(2,2),(0.,0.199624388240781,0.345261870906993),(0.,0.0800000000000001),
 .UNSPECIFIED.);
#291=B_SPLINE_SURFACE_WITH_KNOTS('',3,1,((#10957,#10958),(#10959,#10960),
(#10961,#10962),(#10963,#10964),(#10965,#10966)),.UNSPECIFIED.,.F.,.F.,
 .F.,(4,1,4),(2,2),(0.,0.022000646934505,0.0539167952356148),(0.,0.0800000000000001),
 .UNSPECIFIED.);
#292=B_SPLINE_SURFACE_WITH_KNOTS('',3,1,((#10980,#10981),(#10982,#10983),
(#10984,#10985),(#10986,#10987),(#10988,#10989)),.UNSPECIFIED.,.F.,.F.,
 .F.,(4,1,4),(2,2),(0.,0.0127642771436861,0.0286059826010924),(0.,0.0800000000000001),
 .UNSPECIFIED.);
#293=B_SPLINE_SURFACE_WITH_KNOTS('',3,1,((#11003,#11004),(#11005,#11006),
(#11007,#11008),(#11009,#11010),(#11011,#11012)),.UNSPECIFIED.,.F.,.F.,
 .F.,(4,1,4),(2,2),(0.,0.0185419177684793,0.0321371084596438),(0.,0.0800000000000001),
 .UNSPECIFIED.);
#294=B_SPLINE_SURFACE_WITH_KNOTS('',3,1,((#11032,#11033),(#11034,#11035),
(#11036,#11037),(#11038,#11039),(#11040,#11041)),.UNSPECIFIED.,.F.,.F.,
 .F.,(4,1,4),(2,2),(0.,0.016448936841955,0.0377738803936403),(0.,0.0800000000000001),
 .UNSPECIFIED.);
#295=B_SPLINE_SURFACE_WITH_KNOTS('',3,1,((#11055,#11056),(#11057,#11058),
(#11059,#11060),(#11061,#11062),(#11063,#11064)),.UNSPECIFIED.,.F.,.F.,
 .F.,(4,1,4),(2,2),(0.,0.0156090747126184,0.0289283180027253),(0.,0.0800000000000001),
 .UNSPECIFIED.);
#296=B_SPLINE_SURFACE_WITH_KNOTS('',3,1,((#11078,#11079),(#11080,#11081),
(#11082,#11083),(#11084,#11085),(#11086,#11087)),.UNSPECIFIED.,.F.,.F.,
 .F.,(4,1,4),(2,2),(0.,0.0298473407217786,0.0512872225727198),(0.,0.0800000000000001),
 .UNSPECIFIED.);
#297=B_SPLINE_SURFACE_WITH_KNOTS('',3,1,((#11119,#11120),(#11121,#11122),
(#11123,#11124),(#11125,#11126),(#11127,#11128)),.UNSPECIFIED.,.F.,.F.,
 .F.,(4,1,4),(2,2),(0.,0.025555763745734,0.0624677868682739),(0.,0.0800000000000001),
 .UNSPECIFIED.);
#298=B_SPLINE_SURFACE_WITH_KNOTS('',3,1,((#11142,#11143),(#11144,#11145),
(#11146,#11147),(#11148,#11149),(#11150,#11151)),.UNSPECIFIED.,.F.,.F.,
 .F.,(4,1,4),(2,2),(0.,0.0287655470305298,0.0516574030288727),(0.,0.0800000000000001),
 .UNSPECIFIED.);
#299=B_SPLINE_SURFACE_WITH_KNOTS('',3,1,((#11171,#11172),(#11173,#11174),
(#11175,#11176),(#11177,#11178),(#11179,#11180)),.UNSPECIFIED.,.F.,.F.,
 .F.,(4,1,4),(2,2),(0.,0.0228895550137078,0.0466583498157834),(0.,0.0800000000000001),
 .UNSPECIFIED.);
#300=B_SPLINE_SURFACE_WITH_KNOTS('',3,1,((#11194,#11195),(#11196,#11197),
(#11198,#11199),(#11200,#11201),(#11202,#11203)),.UNSPECIFIED.,.F.,.F.,
 .F.,(4,1,4),(2,2),(0.,0.0451693494081684,0.0763172651055778),(0.,0.0800000000000001),
 .UNSPECIFIED.);
#301=B_SPLINE_SURFACE_WITH_KNOTS('',3,1,((#11224,#11225),(#11226,#11227),
(#11228,#11229),(#11230,#11231),(#11232,#11233)),.UNSPECIFIED.,.F.,.F.,
 .F.,(4,1,4),(2,2),(0.,0.0776393245836695,0.183999433372941),(0.,0.0800000000000001),
 .UNSPECIFIED.);
#302=B_SPLINE_SURFACE_WITH_KNOTS('',3,1,((#11241,#11242),(#11243,#11244),
(#11245,#11246),(#11247,#11248),(#11249,#11250)),.UNSPECIFIED.,.F.,.F.,
 .F.,(4,1,4),(2,2),(0.,0.0640799504642353,0.124085685459792),(0.,0.0800000000000001),
 .UNSPECIFIED.);
#303=B_SPLINE_SURFACE_WITH_KNOTS('',3,1,((#11262,#11263),(#11264,#11265),
(#11266,#11267),(#11268,#11269),(#11270,#11271)),.UNSPECIFIED.,.F.,.F.,
 .F.,(4,1,4),(2,2),(0.,0.0353379771525206,0.0669547486207809),(0.,0.0800000000000001),
 .UNSPECIFIED.);
#304=B_SPLINE_SURFACE_WITH_KNOTS('',3,1,((#11279,#11280),(#11281,#11282),
(#11283,#11284),(#11285,#11286),(#11287,#11288)),.UNSPECIFIED.,.F.,.F.,
 .F.,(4,1,4),(2,2),(0.,0.0348270979078872,0.0716927766137858),(0.,0.0800000000000001),
 .UNSPECIFIED.);
#305=B_SPLINE_SURFACE_WITH_KNOTS('',3,1,((#11300,#11301),(#11302,#11303),
(#11304,#11305),(#11306,#11307),(#11308,#11309)),.UNSPECIFIED.,.F.,.F.,
 .F.,(4,1,4),(2,2),(0.,0.02833051088498,0.055935162647825),(0.,0.0800000000000001),
 .UNSPECIFIED.);
#306=B_SPLINE_SURFACE_WITH_KNOTS('',3,1,((#11317,#11318),(#11319,#11320),
(#11321,#11322),(#11323,#11324),(#11325,#11326)),.UNSPECIFIED.,.F.,.F.,
 .F.,(4,1,4),(2,2),(0.,0.0247950587996147,0.0522950324312039),(0.,0.0800000000000001),
 .UNSPECIFIED.);
#307=B_SPLINE_SURFACE_WITH_KNOTS('',3,1,((#11338,#11339),(#11340,#11341),
(#11342,#11343),(#11344,#11345),(#11346,#11347)),.UNSPECIFIED.,.F.,.F.,
 .F.,(4,1,4),(2,2),(0.,0.0354827285445238,0.0792044543151261),(0.,0.0800000000000001),
 .UNSPECIFIED.);
#308=B_SPLINE_SURFACE_WITH_KNOTS('',3,1,((#11355,#11356),(#11357,#11358),
(#11359,#11360),(#11361,#11362),(#11363,#11364)),.UNSPECIFIED.,.F.,.F.,
 .F.,(4,1,4),(2,2),(0.,0.0432622874756588,0.0787721200212629),(0.,0.0800000000000001),
 .UNSPECIFIED.);
#309=B_SPLINE_SURFACE_WITH_KNOTS('',3,1,((#11372,#11373),(#11374,#11375),
(#11376,#11377),(#11378,#11379),(#11380,#11381)),.UNSPECIFIED.,.F.,.F.,
 .F.,(4,1,4),(2,2),(0.,0.0761089338575758,0.133104974366634),(0.,0.0800000000000001),
 .UNSPECIFIED.);
#310=FACE_OUTER_BOUND('',#630,.T.);
#311=FACE_OUTER_BOUND('',#631,.T.);
#312=FACE_OUTER_BOUND('',#632,.T.);
#313=FACE_OUTER_BOUND('',#633,.T.);
#314=FACE_OUTER_BOUND('',#634,.T.);
#315=FACE_OUTER_BOUND('',#635,.T.);
#316=FACE_OUTER_BOUND('',#636,.T.);
#317=FACE_OUTER_BOUND('',#637,.T.);
#318=FACE_OUTER_BOUND('',#638,.T.);
#319=FACE_OUTER_BOUND('',#639,.T.);
#320=FACE_OUTER_BOUND('',#640,.T.);
#321=FACE_OUTER_BOUND('',#641,.T.);
#322=FACE_OUTER_BOUND('',#642,.T.);
#323=FACE_OUTER_BOUND('',#643,.T.);
#324=FACE_OUTER_BOUND('',#644,.T.);
#325=FACE_OUTER_BOUND('',#645,.T.);
#326=FACE_OUTER_BOUND('',#646,.T.);
#327=FACE_OUTER_BOUND('',#647,.T.);
#328=FACE_OUTER_BOUND('',#648,.T.);
#329=FACE_OUTER_BOUND('',#649,.T.);
#330=FACE_OUTER_BOUND('',#650,.T.);
#331=FACE_OUTER_BOUND('',#651,.T.);
#332=FACE_OUTER_BOUND('',#652,.T.);
#333=FACE_OUTER_BOUND('',#653,.T.);
#334=FACE_OUTER_BOUND('',#654,.T.);
#335=FACE_OUTER_BOUND('',#655,.T.);
#336=FACE_OUTER_BOUND('',#656,.T.);
#337=FACE_OUTER_BOUND('',#657,.T.);
#338=FACE_OUTER_BOUND('',#658,.T.);
#339=FACE_OUTER_BOUND('',#659,.T.);
#340=FACE_OUTER_BOUND('',#660,.T.);
#341=FACE_OUTER_BOUND('',#661,.T.);
#342=FACE_OUTER_BOUND('',#662,.T.);
#343=FACE_OUTER_BOUND('',#664,.T.);
#344=FACE_OUTER_BOUND('',#665,.T.);
#345=FACE_OUTER_BOUND('',#666,.T.);
#346=FACE_OUTER_BOUND('',#667,.T.);
#347=FACE_OUTER_BOUND('',#668,.T.);
#348=FACE_OUTER_BOUND('',#669,.T.);
#349=FACE_OUTER_BOUND('',#670,.T.);
#350=FACE_OUTER_BOUND('',#671,.T.);
#351=FACE_OUTER_BOUND('',#672,.T.);
#352=FACE_OUTER_BOUND('',#673,.T.);
#353=FACE_OUTER_BOUND('',#674,.T.);
#354=FACE_OUTER_BOUND('',#675,.T.);
#355=FACE_OUTER_BOUND('',#676,.T.);
#356=FACE_OUTER_BOUND('',#677,.T.);
#357=FACE_OUTER_BOUND('',#678,.T.);
#358=FACE_OUTER_BOUND('',#679,.T.);
#359=FACE_OUTER_BOUND('',#680,.T.);
#360=FACE_OUTER_BOUND('',#681,.T.);
#361=FACE_OUTER_BOUND('',#682,.T.);
#362=FACE_OUTER_BOUND('',#683,.T.);
#363=FACE_OUTER_BOUND('',#684,.T.);
#364=FACE_OUTER_BOUND('',#685,.T.);
#365=FACE_OUTER_BOUND('',#686,.T.);
#366=FACE_OUTER_BOUND('',#687,.T.);
#367=FACE_OUTER_BOUND('',#688,.T.);
#368=FACE_OUTER_BOUND('',#689,.T.);
#369=FACE_OUTER_BOUND('',#690,.T.);
#370=FACE_OUTER_BOUND('',#691,.T.);
#371=FACE_OUTER_BOUND('',#692,.T.);
#372=FACE_OUTER_BOUND('',#693,.T.);
#373=FACE_OUTER_BOUND('',#694,.T.);
#374=FACE_OUTER_BOUND('',#695,.T.);
#375=FACE_OUTER_BOUND('',#696,.T.);
#376=FACE_OUTER_BOUND('',#697,.T.);
#377=FACE_OUTER_BOUND('',#698,.T.);
#378=FACE_OUTER_BOUND('',#699,.T.);
#379=FACE_OUTER_BOUND('',#700,.T.);
#380=FACE_OUTER_BOUND('',#701,.T.);
#381=FACE_OUTER_BOUND('',#704,.T.);
#382=FACE_OUTER_BOUND('',#705,.T.);
#383=FACE_OUTER_BOUND('',#706,.T.);
#384=FACE_OUTER_BOUND('',#707,.T.);
#385=FACE_OUTER_BOUND('',#708,.T.);
#386=FACE_OUTER_BOUND('',#709,.T.);
#387=FACE_OUTER_BOUND('',#710,.T.);
#388=FACE_OUTER_BOUND('',#711,.T.);
#389=FACE_OUTER_BOUND('',#712,.T.);
#390=FACE_OUTER_BOUND('',#714,.T.);
#391=FACE_OUTER_BOUND('',#715,.T.);
#392=FACE_OUTER_BOUND('',#716,.T.);
#393=FACE_OUTER_BOUND('',#717,.T.);
#394=FACE_OUTER_BOUND('',#718,.T.);
#395=FACE_OUTER_BOUND('',#720,.T.);
#396=FACE_OUTER_BOUND('',#721,.T.);
#397=FACE_OUTER_BOUND('',#722,.T.);
#398=FACE_OUTER_BOUND('',#723,.T.);
#399=FACE_OUTER_BOUND('',#724,.T.);
#400=FACE_OUTER_BOUND('',#725,.T.);
#401=FACE_OUTER_BOUND('',#726,.T.);
#402=FACE_OUTER_BOUND('',#727,.T.);
#403=FACE_OUTER_BOUND('',#728,.T.);
#404=FACE_OUTER_BOUND('',#729,.T.);
#405=FACE_OUTER_BOUND('',#730,.T.);
#406=FACE_OUTER_BOUND('',#731,.T.);
#407=FACE_OUTER_BOUND('',#732,.T.);
#408=FACE_OUTER_BOUND('',#733,.T.);
#409=FACE_OUTER_BOUND('',#734,.T.);
#410=FACE_OUTER_BOUND('',#735,.T.);
#411=FACE_OUTER_BOUND('',#736,.T.);
#412=FACE_OUTER_BOUND('',#737,.T.);
#413=FACE_OUTER_BOUND('',#738,.T.);
#414=FACE_OUTER_BOUND('',#739,.T.);
#415=FACE_OUTER_BOUND('',#740,.T.);
#416=FACE_OUTER_BOUND('',#741,.T.);
#417=FACE_OUTER_BOUND('',#742,.T.);
#418=FACE_OUTER_BOUND('',#743,.T.);
#419=FACE_OUTER_BOUND('',#744,.T.);
#420=FACE_OUTER_BOUND('',#745,.T.);
#421=FACE_OUTER_BOUND('',#746,.T.);
#422=FACE_OUTER_BOUND('',#747,.T.);
#423=FACE_OUTER_BOUND('',#748,.T.);
#424=FACE_OUTER_BOUND('',#757,.T.);
#425=FACE_OUTER_BOUND('',#758,.T.);
#426=FACE_OUTER_BOUND('',#759,.T.);
#427=FACE_OUTER_BOUND('',#760,.T.);
#428=FACE_OUTER_BOUND('',#761,.T.);
#429=FACE_OUTER_BOUND('',#762,.T.);
#430=FACE_OUTER_BOUND('',#763,.T.);
#431=FACE_OUTER_BOUND('',#764,.T.);
#432=FACE_OUTER_BOUND('',#765,.T.);
#433=FACE_OUTER_BOUND('',#766,.T.);
#434=FACE_OUTER_BOUND('',#767,.T.);
#435=FACE_OUTER_BOUND('',#768,.T.);
#436=FACE_OUTER_BOUND('',#769,.T.);
#437=FACE_OUTER_BOUND('',#770,.T.);
#438=FACE_OUTER_BOUND('',#771,.T.);
#439=FACE_OUTER_BOUND('',#772,.T.);
#440=FACE_OUTER_BOUND('',#773,.T.);
#441=FACE_OUTER_BOUND('',#774,.T.);
#442=FACE_OUTER_BOUND('',#775,.T.);
#443=FACE_OUTER_BOUND('',#776,.T.);
#444=FACE_OUTER_BOUND('',#777,.T.);
#445=FACE_OUTER_BOUND('',#778,.T.);
#446=FACE_OUTER_BOUND('',#779,.T.);
#447=FACE_OUTER_BOUND('',#780,.T.);
#448=FACE_OUTER_BOUND('',#781,.T.);
#449=FACE_OUTER_BOUND('',#782,.T.);
#450=FACE_OUTER_BOUND('',#783,.T.);
#451=FACE_OUTER_BOUND('',#784,.T.);
#452=FACE_OUTER_BOUND('',#785,.T.);
#453=FACE_OUTER_BOUND('',#786,.T.);
#454=FACE_OUTER_BOUND('',#787,.T.);
#455=FACE_OUTER_BOUND('',#788,.T.);
#456=FACE_OUTER_BOUND('',#789,.T.);
#457=FACE_OUTER_BOUND('',#790,.T.);
#458=FACE_OUTER_BOUND('',#791,.T.);
#459=FACE_OUTER_BOUND('',#792,.T.);
#460=FACE_OUTER_BOUND('',#793,.T.);
#461=FACE_OUTER_BOUND('',#794,.T.);
#462=FACE_OUTER_BOUND('',#795,.T.);
#463=FACE_OUTER_BOUND('',#796,.T.);
#464=FACE_OUTER_BOUND('',#797,.T.);
#465=FACE_OUTER_BOUND('',#798,.T.);
#466=FACE_OUTER_BOUND('',#799,.T.);
#467=FACE_OUTER_BOUND('',#800,.T.);
#468=FACE_OUTER_BOUND('',#801,.T.);
#469=FACE_OUTER_BOUND('',#802,.T.);
#470=FACE_OUTER_BOUND('',#803,.T.);
#471=FACE_OUTER_BOUND('',#804,.T.);
#472=FACE_OUTER_BOUND('',#805,.T.);
#473=FACE_OUTER_BOUND('',#809,.T.);
#474=FACE_OUTER_BOUND('',#810,.T.);
#475=FACE_OUTER_BOUND('',#811,.T.);
#476=FACE_OUTER_BOUND('',#812,.T.);
#477=FACE_OUTER_BOUND('',#813,.T.);
#478=FACE_OUTER_BOUND('',#814,.T.);
#479=FACE_OUTER_BOUND('',#815,.T.);
#480=FACE_OUTER_BOUND('',#816,.T.);
#481=FACE_OUTER_BOUND('',#817,.T.);
#482=FACE_OUTER_BOUND('',#818,.T.);
#483=FACE_OUTER_BOUND('',#819,.T.);
#484=FACE_OUTER_BOUND('',#820,.T.);
#485=FACE_OUTER_BOUND('',#821,.T.);
#486=FACE_OUTER_BOUND('',#822,.T.);
#487=FACE_OUTER_BOUND('',#823,.T.);
#488=FACE_OUTER_BOUND('',#824,.T.);
#489=FACE_OUTER_BOUND('',#825,.T.);
#490=FACE_OUTER_BOUND('',#826,.T.);
#491=FACE_OUTER_BOUND('',#827,.T.);
#492=FACE_OUTER_BOUND('',#828,.T.);
#493=FACE_OUTER_BOUND('',#829,.T.);
#494=FACE_OUTER_BOUND('',#830,.T.);
#495=FACE_OUTER_BOUND('',#831,.T.);
#496=FACE_OUTER_BOUND('',#832,.T.);
#497=FACE_OUTER_BOUND('',#833,.T.);
#498=FACE_OUTER_BOUND('',#834,.T.);
#499=FACE_OUTER_BOUND('',#835,.T.);
#500=FACE_OUTER_BOUND('',#836,.T.);
#501=FACE_OUTER_BOUND('',#837,.T.);
#502=FACE_OUTER_BOUND('',#838,.T.);
#503=FACE_OUTER_BOUND('',#839,.T.);
#504=FACE_OUTER_BOUND('',#840,.T.);
#505=FACE_OUTER_BOUND('',#841,.T.);
#506=FACE_OUTER_BOUND('',#842,.T.);
#507=FACE_OUTER_BOUND('',#843,.T.);
#508=FACE_OUTER_BOUND('',#844,.T.);
#509=FACE_OUTER_BOUND('',#845,.T.);
#510=FACE_OUTER_BOUND('',#846,.T.);
#511=FACE_OUTER_BOUND('',#847,.T.);
#512=FACE_OUTER_BOUND('',#848,.T.);
#513=FACE_OUTER_BOUND('',#849,.T.);
#514=FACE_OUTER_BOUND('',#850,.T.);
#515=FACE_OUTER_BOUND('',#851,.T.);
#516=FACE_OUTER_BOUND('',#852,.T.);
#517=FACE_OUTER_BOUND('',#853,.T.);
#518=FACE_OUTER_BOUND('',#854,.T.);
#519=FACE_OUTER_BOUND('',#855,.T.);
#520=FACE_OUTER_BOUND('',#856,.T.);
#521=FACE_OUTER_BOUND('',#857,.T.);
#522=FACE_OUTER_BOUND('',#858,.T.);
#523=FACE_OUTER_BOUND('',#859,.T.);
#524=FACE_OUTER_BOUND('',#860,.T.);
#525=FACE_OUTER_BOUND('',#861,.T.);
#526=FACE_OUTER_BOUND('',#862,.T.);
#527=FACE_OUTER_BOUND('',#863,.T.);
#528=FACE_OUTER_BOUND('',#864,.T.);
#529=FACE_OUTER_BOUND('',#865,.T.);
#530=FACE_OUTER_BOUND('',#866,.T.);
#531=FACE_OUTER_BOUND('',#867,.T.);
#532=FACE_OUTER_BOUND('',#868,.T.);
#533=FACE_OUTER_BOUND('',#871,.T.);
#534=FACE_OUTER_BOUND('',#872,.T.);
#535=FACE_OUTER_BOUND('',#873,.T.);
#536=FACE_OUTER_BOUND('',#874,.T.);
#537=FACE_OUTER_BOUND('',#875,.T.);
#538=FACE_OUTER_BOUND('',#876,.T.);
#539=FACE_OUTER_BOUND('',#877,.T.);
#540=FACE_OUTER_BOUND('',#878,.T.);
#541=FACE_OUTER_BOUND('',#879,.T.);
#542=FACE_OUTER_BOUND('',#880,.T.);
#543=FACE_OUTER_BOUND('',#881,.T.);
#544=FACE_OUTER_BOUND('',#882,.T.);
#545=FACE_OUTER_BOUND('',#883,.T.);
#546=FACE_OUTER_BOUND('',#884,.T.);
#547=FACE_OUTER_BOUND('',#885,.T.);
#548=FACE_OUTER_BOUND('',#886,.T.);
#549=FACE_OUTER_BOUND('',#887,.T.);
#550=FACE_OUTER_BOUND('',#888,.T.);
#551=FACE_OUTER_BOUND('',#889,.T.);
#552=FACE_OUTER_BOUND('',#890,.T.);
#553=FACE_OUTER_BOUND('',#891,.T.);
#554=FACE_OUTER_BOUND('',#892,.T.);
#555=FACE_OUTER_BOUND('',#893,.T.);
#556=FACE_OUTER_BOUND('',#894,.T.);
#557=FACE_OUTER_BOUND('',#895,.T.);
#558=FACE_OUTER_BOUND('',#896,.T.);
#559=FACE_OUTER_BOUND('',#897,.T.);
#560=FACE_OUTER_BOUND('',#898,.T.);
#561=FACE_OUTER_BOUND('',#899,.T.);
#562=FACE_OUTER_BOUND('',#900,.T.);
#563=FACE_OUTER_BOUND('',#901,.T.);
#564=FACE_OUTER_BOUND('',#902,.T.);
#565=FACE_OUTER_BOUND('',#903,.T.);
#566=FACE_OUTER_BOUND('',#904,.T.);
#567=FACE_OUTER_BOUND('',#905,.T.);
#568=FACE_OUTER_BOUND('',#906,.T.);
#569=FACE_OUTER_BOUND('',#907,.T.);
#570=FACE_OUTER_BOUND('',#908,.T.);
#571=FACE_OUTER_BOUND('',#909,.T.);
#572=FACE_OUTER_BOUND('',#910,.T.);
#573=FACE_OUTER_BOUND('',#911,.T.);
#574=FACE_OUTER_BOUND('',#912,.T.);
#575=FACE_OUTER_BOUND('',#913,.T.);
#576=FACE_OUTER_BOUND('',#914,.T.);
#577=FACE_OUTER_BOUND('',#915,.T.);
#578=FACE_OUTER_BOUND('',#916,.T.);
#579=FACE_OUTER_BOUND('',#917,.T.);
#580=FACE_OUTER_BOUND('',#918,.T.);
#581=FACE_OUTER_BOUND('',#919,.T.);
#582=FACE_OUTER_BOUND('',#920,.T.);
#583=FACE_OUTER_BOUND('',#921,.T.);
#584=FACE_OUTER_BOUND('',#922,.T.);
#585=FACE_OUTER_BOUND('',#923,.T.);
#586=FACE_OUTER_BOUND('',#924,.T.);
#587=FACE_OUTER_BOUND('',#925,.T.);
#588=FACE_OUTER_BOUND('',#926,.T.);
#589=FACE_OUTER_BOUND('',#927,.T.);
#590=FACE_OUTER_BOUND('',#928,.T.);
#591=FACE_OUTER_BOUND('',#929,.T.);
#592=FACE_OUTER_BOUND('',#930,.T.);
#593=FACE_OUTER_BOUND('',#931,.T.);
#594=FACE_OUTER_BOUND('',#932,.T.);
#595=FACE_OUTER_BOUND('',#933,.T.);
#596=FACE_OUTER_BOUND('',#934,.T.);
#597=FACE_OUTER_BOUND('',#935,.T.);
#598=FACE_OUTER_BOUND('',#936,.T.);
#599=FACE_OUTER_BOUND('',#937,.T.);
#600=FACE_OUTER_BOUND('',#938,.T.);
#601=FACE_OUTER_BOUND('',#939,.T.);
#602=FACE_OUTER_BOUND('',#940,.T.);
#603=FACE_OUTER_BOUND('',#941,.T.);
#604=FACE_OUTER_BOUND('',#942,.T.);
#605=FACE_OUTER_BOUND('',#943,.T.);
#606=FACE_OUTER_BOUND('',#944,.T.);
#607=FACE_OUTER_BOUND('',#945,.T.);
#608=FACE_OUTER_BOUND('',#946,.T.);
#609=FACE_OUTER_BOUND('',#947,.T.);
#610=FACE_OUTER_BOUND('',#948,.T.);
#611=FACE_OUTER_BOUND('',#949,.T.);
#612=FACE_OUTER_BOUND('',#950,.T.);
#613=FACE_OUTER_BOUND('',#951,.T.);
#614=FACE_OUTER_BOUND('',#952,.T.);
#615=FACE_OUTER_BOUND('',#953,.T.);
#616=FACE_OUTER_BOUND('',#956,.T.);
#617=FACE_OUTER_BOUND('',#957,.T.);
#618=FACE_OUTER_BOUND('',#958,.T.);
#619=FACE_OUTER_BOUND('',#959,.T.);
#620=FACE_OUTER_BOUND('',#960,.T.);
#621=FACE_OUTER_BOUND('',#962,.T.);
#622=FACE_OUTER_BOUND('',#963,.T.);
#623=FACE_OUTER_BOUND('',#965,.T.);
#624=FACE_OUTER_BOUND('',#966,.T.);
#625=FACE_OUTER_BOUND('',#967,.T.);
#626=FACE_OUTER_BOUND('',#968,.T.);
#627=FACE_OUTER_BOUND('',#969,.T.);
#628=FACE_OUTER_BOUND('',#970,.T.);
#629=FACE_OUTER_BOUND('',#971,.T.);
#630=EDGE_LOOP('',(#3707,#3708,#3709,#3710,#3711,#3712,#3713,#3714,#3715,
#3716,#3717,#3718,#3719,#3720,#3721,#3722,#3723,#3724,#3725,#3726,#3727,
#3728,#3729,#3730,#3731,#3732,#3733,#3734,#3735,#3736,#3737));
#631=EDGE_LOOP('',(#3738,#3739,#3740,#3741));
#632=EDGE_LOOP('',(#3742,#3743,#3744,#3745));
#633=EDGE_LOOP('',(#3746,#3747,#3748,#3749));
#634=EDGE_LOOP('',(#3750,#3751,#3752,#3753));
#635=EDGE_LOOP('',(#3754,#3755,#3756,#3757));
#636=EDGE_LOOP('',(#3758,#3759,#3760,#3761));
#637=EDGE_LOOP('',(#3762,#3763,#3764,#3765));
#638=EDGE_LOOP('',(#3766,#3767,#3768,#3769));
#639=EDGE_LOOP('',(#3770,#3771,#3772,#3773));
#640=EDGE_LOOP('',(#3774,#3775,#3776,#3777));
#641=EDGE_LOOP('',(#3778,#3779,#3780,#3781));
#642=EDGE_LOOP('',(#3782,#3783,#3784,#3785));
#643=EDGE_LOOP('',(#3786,#3787,#3788,#3789));
#644=EDGE_LOOP('',(#3790,#3791,#3792,#3793));
#645=EDGE_LOOP('',(#3794,#3795,#3796,#3797));
#646=EDGE_LOOP('',(#3798,#3799,#3800,#3801));
#647=EDGE_LOOP('',(#3802,#3803,#3804,#3805));
#648=EDGE_LOOP('',(#3806,#3807,#3808,#3809));
#649=EDGE_LOOP('',(#3810,#3811,#3812,#3813));
#650=EDGE_LOOP('',(#3814,#3815,#3816,#3817));
#651=EDGE_LOOP('',(#3818,#3819,#3820,#3821));
#652=EDGE_LOOP('',(#3822,#3823,#3824,#3825));
#653=EDGE_LOOP('',(#3826,#3827,#3828,#3829));
#654=EDGE_LOOP('',(#3830,#3831,#3832,#3833));
#655=EDGE_LOOP('',(#3834,#3835,#3836,#3837));
#656=EDGE_LOOP('',(#3838,#3839,#3840,#3841));
#657=EDGE_LOOP('',(#3842,#3843,#3844,#3845));
#658=EDGE_LOOP('',(#3846,#3847,#3848,#3849));
#659=EDGE_LOOP('',(#3850,#3851,#3852,#3853));
#660=EDGE_LOOP('',(#3854,#3855,#3856,#3857));
#661=EDGE_LOOP('',(#3858,#3859,#3860,#3861));
#662=EDGE_LOOP('',(#3862,#3863,#3864,#3865,#3866,#3867,#3868,#3869,#3870,
#3871,#3872,#3873,#3874,#3875,#3876,#3877,#3878,#3879,#3880,#3881,#3882,
#3883,#3884,#3885,#3886));
#663=EDGE_LOOP('',(#3887,#3888,#3889,#3890,#3891,#3892,#3893,#3894,#3895,
#3896,#3897,#3898));
#664=EDGE_LOOP('',(#3899,#3900,#3901,#3902));
#665=EDGE_LOOP('',(#3903,#3904,#3905,#3906));
#666=EDGE_LOOP('',(#3907,#3908,#3909,#3910));
#667=EDGE_LOOP('',(#3911,#3912,#3913,#3914));
#668=EDGE_LOOP('',(#3915,#3916,#3917,#3918));
#669=EDGE_LOOP('',(#3919,#3920,#3921,#3922));
#670=EDGE_LOOP('',(#3923,#3924,#3925,#3926));
#671=EDGE_LOOP('',(#3927,#3928,#3929,#3930));
#672=EDGE_LOOP('',(#3931,#3932,#3933,#3934));
#673=EDGE_LOOP('',(#3935,#3936,#3937,#3938));
#674=EDGE_LOOP('',(#3939,#3940,#3941,#3942));
#675=EDGE_LOOP('',(#3943,#3944,#3945,#3946));
#676=EDGE_LOOP('',(#3947,#3948,#3949,#3950));
#677=EDGE_LOOP('',(#3951,#3952,#3953,#3954));
#678=EDGE_LOOP('',(#3955,#3956,#3957,#3958));
#679=EDGE_LOOP('',(#3959,#3960,#3961,#3962));
#680=EDGE_LOOP('',(#3963,#3964,#3965,#3966));
#681=EDGE_LOOP('',(#3967,#3968,#3969,#3970));
#682=EDGE_LOOP('',(#3971,#3972,#3973,#3974));
#683=EDGE_LOOP('',(#3975,#3976,#3977,#3978));
#684=EDGE_LOOP('',(#3979,#3980,#3981,#3982));
#685=EDGE_LOOP('',(#3983,#3984,#3985,#3986));
#686=EDGE_LOOP('',(#3987,#3988,#3989,#3990));
#687=EDGE_LOOP('',(#3991,#3992,#3993,#3994));
#688=EDGE_LOOP('',(#3995,#3996,#3997,#3998));
#689=EDGE_LOOP('',(#3999,#4000,#4001,#4002));
#690=EDGE_LOOP('',(#4003,#4004,#4005,#4006));
#691=EDGE_LOOP('',(#4007,#4008,#4009,#4010));
#692=EDGE_LOOP('',(#4011,#4012,#4013,#4014));
#693=EDGE_LOOP('',(#4015,#4016,#4017,#4018));
#694=EDGE_LOOP('',(#4019,#4020,#4021,#4022));
#695=EDGE_LOOP('',(#4023,#4024,#4025,#4026));
#696=EDGE_LOOP('',(#4027,#4028,#4029,#4030));
#697=EDGE_LOOP('',(#4031,#4032,#4033,#4034));
#698=EDGE_LOOP('',(#4035,#4036,#4037,#4038));
#699=EDGE_LOOP('',(#4039,#4040,#4041,#4042));
#700=EDGE_LOOP('',(#4043,#4044,#4045,#4046));
#701=EDGE_LOOP('',(#4047,#4048,#4049,#4050));
#702=EDGE_LOOP('',(#4051,#4052,#4053,#4054,#4055,#4056,#4057,#4058,#4059,
#4060,#4061,#4062,#4063,#4064,#4065,#4066,#4067,#4068,#4069,#4070,#4071,
#4072,#4073,#4074,#4075));
#703=EDGE_LOOP('',(#4076,#4077,#4078,#4079,#4080,#4081,#4082,#4083,#4084,
#4085,#4086,#4087,#4088,#4089,#4090,#4091,#4092,#4093,#4094,#4095,#4096,
#4097,#4098,#4099,#4100,#4101,#4102,#4103,#4104,#4105,#4106));
#704=EDGE_LOOP('',(#4107,#4108,#4109,#4110));
#705=EDGE_LOOP('',(#4111,#4112,#4113,#4114));
#706=EDGE_LOOP('',(#4115,#4116,#4117,#4118));
#707=EDGE_LOOP('',(#4119,#4120,#4121,#4122,#4123,#4124));
#708=EDGE_LOOP('',(#4125,#4126,#4127,#4128));
#709=EDGE_LOOP('',(#4129,#4130,#4131,#4132));
#710=EDGE_LOOP('',(#4133,#4134,#4135,#4136,#4137,#4138));
#711=EDGE_LOOP('',(#4139,#4140,#4141,#4142,#4143));
#712=EDGE_LOOP('',(#4144));
#713=EDGE_LOOP('',(#4145));
#714=EDGE_LOOP('',(#4146,#4147,#4148,#4149,#4150));
#715=EDGE_LOOP('',(#4151,#4152,#4153,#4154));
#716=EDGE_LOOP('',(#4155,#4156,#4157,#4158,#4159,#4160,#4161,#4162,#4163,
#4164,#4165,#4166,#4167,#4168,#4169,#4170,#4171,#4172));
#717=EDGE_LOOP('',(#4173,#4174,#4175,#4176,#4177));
#718=EDGE_LOOP('',(#4178));
#719=EDGE_LOOP('',(#4179));
#720=EDGE_LOOP('',(#4180,#4181,#4182,#4183,#4184));
#721=EDGE_LOOP('',(#4185,#4186,#4187,#4188,#4189));
#722=EDGE_LOOP('',(#4190,#4191,#4192,#4193,#4194,#4195,#4196,#4197,#4198,
#4199,#4200,#4201));
#723=EDGE_LOOP('',(#4202,#4203,#4204,#4205,#4206,#4207,#4208,#4209,#4210));
#724=EDGE_LOOP('',(#4211,#4212,#4213,#4214));
#725=EDGE_LOOP('',(#4215,#4216,#4217,#4218));
#726=EDGE_LOOP('',(#4219,#4220,#4221,#4222));
#727=EDGE_LOOP('',(#4223,#4224,#4225,#4226,#4227,#4228));
#728=EDGE_LOOP('',(#4229,#4230,#4231,#4232));
#729=EDGE_LOOP('',(#4233,#4234,#4235,#4236,#4237,#4238));
#730=EDGE_LOOP('',(#4239,#4240,#4241,#4242));
#731=EDGE_LOOP('',(#4243,#4244,#4245,#4246));
#732=EDGE_LOOP('',(#4247,#4248,#4249,#4250));
#733=EDGE_LOOP('',(#4251,#4252,#4253,#4254));
#734=EDGE_LOOP('',(#4255,#4256,#4257,#4258));
#735=EDGE_LOOP('',(#4259,#4260,#4261,#4262));
#736=EDGE_LOOP('',(#4263,#4264,#4265));
#737=EDGE_LOOP('',(#4266,#4267,#4268,#4269,#4270));
#738=EDGE_LOOP('',(#4271,#4272,#4273,#4274));
#739=EDGE_LOOP('',(#4275,#4276,#4277,#4278));
#740=EDGE_LOOP('',(#4279,#4280,#4281,#4282,#4283,#4284,#4285,#4286,#4287));
#741=EDGE_LOOP('',(#4288,#4289,#4290,#4291,#4292,#4293));
#742=EDGE_LOOP('',(#4294,#4295,#4296,#4297));
#743=EDGE_LOOP('',(#4298,#4299,#4300,#4301));
#744=EDGE_LOOP('',(#4302,#4303,#4304,#4305));
#745=EDGE_LOOP('',(#4306,#4307,#4308));
#746=EDGE_LOOP('',(#4309,#4310,#4311,#4312,#4313));
#747=EDGE_LOOP('',(#4314,#4315,#4316,#4317));
#748=EDGE_LOOP('',(#4318,#4319,#4320,#4321,#4322,#4323,#4324,#4325,#4326,
#4327,#4328,#4329,#4330,#4331,#4332,#4333,#4334,#4335,#4336,#4337,#4338,
#4339,#4340,#4341,#4342));
#749=EDGE_LOOP('',(#4343,#4344,#4345,#4346,#4347,#4348,#4349,#4350,#4351,
#4352,#4353,#4354,#4355,#4356,#4357));
#750=EDGE_LOOP('',(#4358,#4359,#4360,#4361,#4362,#4363,#4364,#4365));
#751=EDGE_LOOP('',(#4366,#4367,#4368,#4369,#4370,#4371,#4372,#4373,#4374,
#4375,#4376,#4377));
#752=EDGE_LOOP('',(#4378,#4379,#4380,#4381,#4382,#4383,#4384,#4385,#4386,
#4387,#4388,#4389,#4390,#4391,#4392,#4393,#4394,#4395,#4396,#4397,#4398,
#4399,#4400,#4401,#4402,#4403));
#753=EDGE_LOOP('',(#4404,#4405,#4406,#4407,#4408,#4409,#4410,#4411,#4412,
#4413,#4414,#4415,#4416,#4417,#4418));
#754=EDGE_LOOP('',(#4419,#4420,#4421,#4422,#4423,#4424,#4425,#4426));
#755=EDGE_LOOP('',(#4427,#4428,#4429,#4430));
#756=EDGE_LOOP('',(#4431,#4432,#4433,#4434));
#757=EDGE_LOOP('',(#4435,#4436,#4437,#4438));
#758=EDGE_LOOP('',(#4439,#4440,#4441,#4442,#4443));
#759=EDGE_LOOP('',(#4444,#4445,#4446,#4447));
#760=EDGE_LOOP('',(#4448,#4449,#4450,#4451));
#761=EDGE_LOOP('',(#4452,#4453,#4454,#4455));
#762=EDGE_LOOP('',(#4456,#4457,#4458,#4459));
#763=EDGE_LOOP('',(#4460,#4461,#4462,#4463));
#764=EDGE_LOOP('',(#4464,#4465,#4466,#4467));
#765=EDGE_LOOP('',(#4468,#4469,#4470,#4471));
#766=EDGE_LOOP('',(#4472,#4473,#4474,#4475));
#767=EDGE_LOOP('',(#4476,#4477,#4478,#4479));
#768=EDGE_LOOP('',(#4480,#4481,#4482,#4483));
#769=EDGE_LOOP('',(#4484,#4485,#4486,#4487));
#770=EDGE_LOOP('',(#4488,#4489,#4490,#4491));
#771=EDGE_LOOP('',(#4492,#4493,#4494,#4495));
#772=EDGE_LOOP('',(#4496,#4497,#4498,#4499));
#773=EDGE_LOOP('',(#4500,#4501,#4502,#4503));
#774=EDGE_LOOP('',(#4504,#4505,#4506,#4507));
#775=EDGE_LOOP('',(#4508,#4509,#4510,#4511));
#776=EDGE_LOOP('',(#4512,#4513,#4514,#4515));
#777=EDGE_LOOP('',(#4516,#4517,#4518,#4519));
#778=EDGE_LOOP('',(#4520,#4521,#4522,#4523));
#779=EDGE_LOOP('',(#4524,#4525,#4526,#4527));
#780=EDGE_LOOP('',(#4528,#4529,#4530,#4531));
#781=EDGE_LOOP('',(#4532,#4533,#4534,#4535));
#782=EDGE_LOOP('',(#4536,#4537,#4538,#4539));
#783=EDGE_LOOP('',(#4540,#4541,#4542,#4543));
#784=EDGE_LOOP('',(#4544,#4545,#4546,#4547));
#785=EDGE_LOOP('',(#4548,#4549,#4550,#4551));
#786=EDGE_LOOP('',(#4552,#4553,#4554,#4555));
#787=EDGE_LOOP('',(#4556,#4557,#4558,#4559));
#788=EDGE_LOOP('',(#4560,#4561,#4562,#4563));
#789=EDGE_LOOP('',(#4564,#4565,#4566,#4567));
#790=EDGE_LOOP('',(#4568,#4569,#4570,#4571));
#791=EDGE_LOOP('',(#4572,#4573,#4574,#4575));
#792=EDGE_LOOP('',(#4576,#4577,#4578,#4579));
#793=EDGE_LOOP('',(#4580,#4581,#4582,#4583));
#794=EDGE_LOOP('',(#4584,#4585,#4586,#4587));
#795=EDGE_LOOP('',(#4588,#4589,#4590,#4591));
#796=EDGE_LOOP('',(#4592,#4593,#4594,#4595));
#797=EDGE_LOOP('',(#4596,#4597,#4598,#4599));
#798=EDGE_LOOP('',(#4600,#4601,#4602,#4603));
#799=EDGE_LOOP('',(#4604,#4605,#4606,#4607));
#800=EDGE_LOOP('',(#4608,#4609,#4610,#4611));
#801=EDGE_LOOP('',(#4612,#4613,#4614,#4615));
#802=EDGE_LOOP('',(#4616,#4617,#4618,#4619));
#803=EDGE_LOOP('',(#4620,#4621,#4622,#4623));
#804=EDGE_LOOP('',(#4624,#4625,#4626,#4627));
#805=EDGE_LOOP('',(#4628,#4629,#4630,#4631,#4632,#4633,#4634,#4635,#4636,
#4637,#4638,#4639,#4640,#4641,#4642,#4643,#4644,#4645,#4646));
#806=EDGE_LOOP('',(#4647,#4648,#4649,#4650,#4651,#4652,#4653,#4654));
#807=EDGE_LOOP('',(#4655));
#808=EDGE_LOOP('',(#4656));
#809=EDGE_LOOP('',(#4657,#4658,#4659,#4660));
#810=EDGE_LOOP('',(#4661,#4662,#4663,#4664));
#811=EDGE_LOOP('',(#4665,#4666,#4667,#4668));
#812=EDGE_LOOP('',(#4669,#4670,#4671,#4672));
#813=EDGE_LOOP('',(#4673,#4674,#4675,#4676));
#814=EDGE_LOOP('',(#4677,#4678,#4679,#4680));
#815=EDGE_LOOP('',(#4681,#4682,#4683,#4684));
#816=EDGE_LOOP('',(#4685,#4686,#4687,#4688));
#817=EDGE_LOOP('',(#4689,#4690,#4691,#4692));
#818=EDGE_LOOP('',(#4693,#4694,#4695,#4696));
#819=EDGE_LOOP('',(#4697,#4698,#4699,#4700));
#820=EDGE_LOOP('',(#4701,#4702,#4703,#4704));
#821=EDGE_LOOP('',(#4705,#4706,#4707,#4708));
#822=EDGE_LOOP('',(#4709,#4710,#4711,#4712));
#823=EDGE_LOOP('',(#4713,#4714,#4715,#4716,#4717,#4718,#4719,#4720,#4721,
#4722,#4723,#4724));
#824=EDGE_LOOP('',(#4725,#4726,#4727,#4728));
#825=EDGE_LOOP('',(#4729,#4730,#4731,#4732));
#826=EDGE_LOOP('',(#4733,#4734,#4735,#4736));
#827=EDGE_LOOP('',(#4737,#4738,#4739,#4740));
#828=EDGE_LOOP('',(#4741,#4742,#4743,#4744));
#829=EDGE_LOOP('',(#4745,#4746,#4747,#4748));
#830=EDGE_LOOP('',(#4749,#4750,#4751,#4752));
#831=EDGE_LOOP('',(#4753,#4754,#4755,#4756));
#832=EDGE_LOOP('',(#4757,#4758,#4759,#4760));
#833=EDGE_LOOP('',(#4761,#4762,#4763,#4764));
#834=EDGE_LOOP('',(#4765,#4766,#4767,#4768,#4769,#4770,#4771,#4772));
#835=EDGE_LOOP('',(#4773,#4774,#4775,#4776));
#836=EDGE_LOOP('',(#4777,#4778,#4779,#4780));
#837=EDGE_LOOP('',(#4781,#4782,#4783,#4784));
#838=EDGE_LOOP('',(#4785,#4786,#4787,#4788));
#839=EDGE_LOOP('',(#4789,#4790,#4791,#4792));
#840=EDGE_LOOP('',(#4793,#4794,#4795,#4796));
#841=EDGE_LOOP('',(#4797,#4798,#4799,#4800));
#842=EDGE_LOOP('',(#4801,#4802,#4803,#4804));
#843=EDGE_LOOP('',(#4805,#4806,#4807,#4808));
#844=EDGE_LOOP('',(#4809,#4810,#4811,#4812));
#845=EDGE_LOOP('',(#4813,#4814,#4815,#4816));
#846=EDGE_LOOP('',(#4817,#4818,#4819,#4820));
#847=EDGE_LOOP('',(#4821,#4822,#4823,#4824));
#848=EDGE_LOOP('',(#4825,#4826,#4827,#4828));
#849=EDGE_LOOP('',(#4829,#4830,#4831,#4832));
#850=EDGE_LOOP('',(#4833,#4834,#4835,#4836));
#851=EDGE_LOOP('',(#4837,#4838,#4839,#4840));
#852=EDGE_LOOP('',(#4841,#4842,#4843,#4844));
#853=EDGE_LOOP('',(#4845,#4846,#4847,#4848));
#854=EDGE_LOOP('',(#4849,#4850,#4851,#4852));
#855=EDGE_LOOP('',(#4853,#4854,#4855,#4856));
#856=EDGE_LOOP('',(#4857,#4858,#4859,#4860));
#857=EDGE_LOOP('',(#4861,#4862,#4863,#4864));
#858=EDGE_LOOP('',(#4865,#4866,#4867,#4868));
#859=EDGE_LOOP('',(#4869,#4870,#4871,#4872));
#860=EDGE_LOOP('',(#4873,#4874,#4875,#4876));
#861=EDGE_LOOP('',(#4877,#4878,#4879,#4880));
#862=EDGE_LOOP('',(#4881,#4882,#4883,#4884));
#863=EDGE_LOOP('',(#4885,#4886,#4887,#4888));
#864=EDGE_LOOP('',(#4889,#4890,#4891,#4892));
#865=EDGE_LOOP('',(#4893,#4894,#4895,#4896));
#866=EDGE_LOOP('',(#4897,#4898,#4899,#4900));
#867=EDGE_LOOP('',(#4901,#4902,#4903,#4904));
#868=EDGE_LOOP('',(#4905,#4906,#4907,#4908,#4909,#4910,#4911,#4912,#4913,
#4914,#4915,#4916,#4917,#4918,#4919));
#869=EDGE_LOOP('',(#4920,#4921,#4922,#4923,#4924,#4925,#4926,#4927));
#870=EDGE_LOOP('',(#4928,#4929,#4930,#4931,#4932,#4933,#4934,#4935,#4936,
#4937));
#871=EDGE_LOOP('',(#4938,#4939,#4940,#4941));
#872=EDGE_LOOP('',(#4942,#4943,#4944,#4945));
#873=EDGE_LOOP('',(#4946,#4947,#4948,#4949));
#874=EDGE_LOOP('',(#4950,#4951,#4952,#4953));
#875=EDGE_LOOP('',(#4954,#4955,#4956,#4957));
#876=EDGE_LOOP('',(#4958,#4959,#4960,#4961));
#877=EDGE_LOOP('',(#4962,#4963,#4964,#4965));
#878=EDGE_LOOP('',(#4966,#4967,#4968,#4969));
#879=EDGE_LOOP('',(#4970,#4971,#4972,#4973));
#880=EDGE_LOOP('',(#4974,#4975,#4976,#4977));
#881=EDGE_LOOP('',(#4978,#4979,#4980,#4981));
#882=EDGE_LOOP('',(#4982,#4983,#4984,#4985));
#883=EDGE_LOOP('',(#4986,#4987,#4988,#4989));
#884=EDGE_LOOP('',(#4990,#4991,#4992,#4993));
#885=EDGE_LOOP('',(#4994,#4995,#4996,#4997));
#886=EDGE_LOOP('',(#4998,#4999,#5000,#5001));
#887=EDGE_LOOP('',(#5002,#5003,#5004,#5005));
#888=EDGE_LOOP('',(#5006,#5007,#5008,#5009));
#889=EDGE_LOOP('',(#5010,#5011,#5012,#5013));
#890=EDGE_LOOP('',(#5014,#5015,#5016,#5017));
#891=EDGE_LOOP('',(#5018,#5019,#5020,#5021));
#892=EDGE_LOOP('',(#5022,#5023,#5024,#5025));
#893=EDGE_LOOP('',(#5026,#5027,#5028,#5029));
#894=EDGE_LOOP('',(#5030,#5031,#5032,#5033));
#895=EDGE_LOOP('',(#5034,#5035,#5036,#5037));
#896=EDGE_LOOP('',(#5038,#5039,#5040,#5041));
#897=EDGE_LOOP('',(#5042,#5043,#5044,#5045,#5046,#5047,#5048,#5049,#5050,
#5051,#5052,#5053,#5054,#5055,#5056,#5057,#5058,#5059,#5060,#5061,#5062,
#5063,#5064,#5065,#5066,#5067));
#898=EDGE_LOOP('',(#5068,#5069,#5070,#5071));
#899=EDGE_LOOP('',(#5072,#5073,#5074,#5075));
#900=EDGE_LOOP('',(#5076,#5077,#5078,#5079));
#901=EDGE_LOOP('',(#5080,#5081,#5082,#5083));
#902=EDGE_LOOP('',(#5084,#5085,#5086,#5087));
#903=EDGE_LOOP('',(#5088,#5089,#5090,#5091));
#904=EDGE_LOOP('',(#5092,#5093,#5094,#5095));
#905=EDGE_LOOP('',(#5096,#5097,#5098,#5099));
#906=EDGE_LOOP('',(#5100,#5101,#5102,#5103));
#907=EDGE_LOOP('',(#5104,#5105,#5106,#5107));
#908=EDGE_LOOP('',(#5108,#5109,#5110,#5111));
#909=EDGE_LOOP('',(#5112,#5113,#5114,#5115));
#910=EDGE_LOOP('',(#5116,#5117,#5118,#5119,#5120,#5121,#5122,#5123,#5124,
#5125,#5126,#5127));
#911=EDGE_LOOP('',(#5128,#5129,#5130,#5131));
#912=EDGE_LOOP('',(#5132,#5133,#5134,#5135));
#913=EDGE_LOOP('',(#5136,#5137,#5138,#5139));
#914=EDGE_LOOP('',(#5140,#5141,#5142,#5143));
#915=EDGE_LOOP('',(#5144,#5145,#5146,#5147));
#916=EDGE_LOOP('',(#5148,#5149,#5150,#5151));
#917=EDGE_LOOP('',(#5152,#5153,#5154,#5155));
#918=EDGE_LOOP('',(#5156,#5157,#5158,#5159));
#919=EDGE_LOOP('',(#5160,#5161,#5162,#5163,#5164,#5165,#5166,#5167));
#920=EDGE_LOOP('',(#5168,#5169,#5170,#5171));
#921=EDGE_LOOP('',(#5172,#5173,#5174,#5175));
#922=EDGE_LOOP('',(#5176,#5177,#5178,#5179));
#923=EDGE_LOOP('',(#5180,#5181,#5182,#5183));
#924=EDGE_LOOP('',(#5184,#5185,#5186,#5187));
#925=EDGE_LOOP('',(#5188,#5189,#5190,#5191));
#926=EDGE_LOOP('',(#5192,#5193,#5194,#5195));
#927=EDGE_LOOP('',(#5196,#5197,#5198,#5199));
#928=EDGE_LOOP('',(#5200,#5201,#5202,#5203));
#929=EDGE_LOOP('',(#5204,#5205,#5206,#5207));
#930=EDGE_LOOP('',(#5208,#5209,#5210,#5211));
#931=EDGE_LOOP('',(#5212,#5213,#5214,#5215));
#932=EDGE_LOOP('',(#5216,#5217,#5218,#5219));
#933=EDGE_LOOP('',(#5220,#5221,#5222,#5223));
#934=EDGE_LOOP('',(#5224,#5225,#5226,#5227));
#935=EDGE_LOOP('',(#5228,#5229,#5230,#5231));
#936=EDGE_LOOP('',(#5232,#5233,#5234,#5235));
#937=EDGE_LOOP('',(#5236,#5237,#5238,#5239));
#938=EDGE_LOOP('',(#5240,#5241,#5242,#5243));
#939=EDGE_LOOP('',(#5244,#5245,#5246,#5247));
#940=EDGE_LOOP('',(#5248,#5249,#5250,#5251));
#941=EDGE_LOOP('',(#5252,#5253,#5254,#5255));
#942=EDGE_LOOP('',(#5256,#5257,#5258,#5259));
#943=EDGE_LOOP('',(#5260,#5261,#5262,#5263));
#944=EDGE_LOOP('',(#5264,#5265,#5266,#5267));
#945=EDGE_LOOP('',(#5268,#5269,#5270,#5271));
#946=EDGE_LOOP('',(#5272,#5273,#5274,#5275));
#947=EDGE_LOOP('',(#5276,#5277,#5278,#5279));
#948=EDGE_LOOP('',(#5280,#5281,#5282,#5283));
#949=EDGE_LOOP('',(#5284,#5285,#5286,#5287));
#950=EDGE_LOOP('',(#5288,#5289,#5290,#5291));
#951=EDGE_LOOP('',(#5292,#5293,#5294,#5295));
#952=EDGE_LOOP('',(#5296,#5297,#5298,#5299));
#953=EDGE_LOOP('',(#5300,#5301,#5302,#5303,#5304,#5305,#5306,#5307,#5308,
#5309,#5310,#5311,#5312,#5313,#5314));
#954=EDGE_LOOP('',(#5315,#5316,#5317,#5318,#5319,#5320,#5321,#5322));
#955=EDGE_LOOP('',(#5323,#5324,#5325,#5326,#5327,#5328,#5329,#5330,#5331,
#5332));
#956=EDGE_LOOP('',(#5333,#5334,#5335,#5336,#5337,#5338,#5339,#5340));
#957=EDGE_LOOP('',(#5341,#5342,#5343,#5344,#5345,#5346,#5347,#5348,#5349,
#5350));
#958=EDGE_LOOP('',(#5351,#5352,#5353,#5354,#5355,#5356,#5357,#5358));
#959=EDGE_LOOP('',(#5359,#5360,#5361,#5362,#5363,#5364));
#960=EDGE_LOOP('',(#5365,#5366,#5367,#5368));
#961=EDGE_LOOP('',(#5369,#5370,#5371,#5372));
#962=EDGE_LOOP('',(#5373,#5374,#5375,#5376,#5377,#5378));
#963=EDGE_LOOP('',(#5379,#5380,#5381,#5382));
#964=EDGE_LOOP('',(#5383,#5384,#5385,#5386));
#965=EDGE_LOOP('',(#5387,#5388,#5389,#5390,#5391,#5392));
#966=EDGE_LOOP('',(#5393,#5394,#5395,#5396,#5397,#5398));
#967=EDGE_LOOP('',(#5399,#5400,#5401,#5402,#5403));
#968=EDGE_LOOP('',(#5404,#5405,#5406,#5407,#5408,#5409));
#969=EDGE_LOOP('',(#5410,#5411,#5412,#5413,#5414));
#970=EDGE_LOOP('',(#5415,#5416,#5417,#5418,#5419,#5420,#5421,#5422,#5423,
#5424));
#971=EDGE_LOOP('',(#5425,#5426,#5427,#5428,#5429,#5430,#5431,#5432,#5433,
#5434,#5435,#5436));
#972=EDGE_LOOP('',(#5437,#5438,#5439,#5440));
#973=EDGE_LOOP('',(#5441,#5442,#5443,#5444));
#974=EDGE_LOOP('',(#5445,#5446,#5447,#5448));
#975=LINE('',#7307,#1491);
#976=LINE('',#7423,#1492);
#977=LINE('',#7425,#1493);
#978=LINE('',#7445,#1494);
#979=LINE('',#7447,#1495);
#980=LINE('',#7464,#1496);
#981=LINE('',#7471,#1497);
#982=LINE('',#7488,#1498);
#983=LINE('',#7505,#1499);
#984=LINE('',#7508,#1500);
#985=LINE('',#7509,#1501);
#986=LINE('',#7526,#1502);
#987=LINE('',#7543,#1503);
#988=LINE('',#7560,#1504);
#989=LINE('',#7577,#1505);
#990=LINE('',#7594,#1506);
#991=LINE('',#7611,#1507);
#992=LINE('',#7628,#1508);
#993=LINE('',#7645,#1509);
#994=LINE('',#7662,#1510);
#995=LINE('',#7679,#1511);
#996=LINE('',#7696,#1512);
#997=LINE('',#7713,#1513);
#998=LINE('',#7730,#1514);
#999=LINE('',#7747,#1515);
#1000=LINE('',#7764,#1516);
#1001=LINE('',#7781,#1517);
#1002=LINE('',#7798,#1518);
#1003=LINE('',#7815,#1519);
#1004=LINE('',#7832,#1520);
#1005=LINE('',#7835,#1521);
#1006=LINE('',#7836,#1522);
#1007=LINE('',#7839,#1523);
#1008=LINE('',#7840,#1524);
#1009=LINE('',#7857,#1525);
#1010=LINE('',#7874,#1526);
#1011=LINE('',#7891,#1527);
#1012=LINE('',#7894,#1528);
#1013=LINE('',#7895,#1529);
#1014=LINE('',#7898,#1530);
#1015=LINE('',#7899,#1531);
#1016=LINE('',#7960,#1532);
#1017=LINE('',#8034,#1533);
#1018=LINE('',#8036,#1534);
#1019=LINE('',#8092,#1535);
#1020=LINE('',#8106,#1536);
#1021=LINE('',#8108,#1537);
#1022=LINE('',#8125,#1538);
#1023=LINE('',#8132,#1539);
#1024=LINE('',#8149,#1540);
#1025=LINE('',#8166,#1541);
#1026=LINE('',#8183,#1542);
#1027=LINE('',#8200,#1543);
#1028=LINE('',#8217,#1544);
#1029=LINE('',#8220,#1545);
#1030=LINE('',#8221,#1546);
#1031=LINE('',#8238,#1547);
#1032=LINE('',#8255,#1548);
#1033=LINE('',#8258,#1549);
#1034=LINE('',#8259,#1550);
#1035=LINE('',#8262,#1551);
#1036=LINE('',#8263,#1552);
#1037=LINE('',#8290,#1553);
#1038=LINE('',#8297,#1554);
#1039=LINE('',#8314,#1555);
#1040=LINE('',#8331,#1556);
#1041=LINE('',#8348,#1557);
#1042=LINE('',#8365,#1558);
#1043=LINE('',#8382,#1559);
#1044=LINE('',#8399,#1560);
#1045=LINE('',#8402,#1561);
#1046=LINE('',#8403,#1562);
#1047=LINE('',#8420,#1563);
#1048=LINE('',#8437,#1564);
#1049=LINE('',#8454,#1565);
#1050=LINE('',#8471,#1566);
#1051=LINE('',#8488,#1567);
#1052=LINE('',#8505,#1568);
#1053=LINE('',#8522,#1569);
#1054=LINE('',#8539,#1570);
#1055=LINE('',#8556,#1571);
#1056=LINE('',#8573,#1572);
#1057=LINE('',#8590,#1573);
#1058=LINE('',#8607,#1574);
#1059=LINE('',#8610,#1575);
#1060=LINE('',#8611,#1576);
#1061=LINE('',#8614,#1577);
#1062=LINE('',#8615,#1578);
#1063=LINE('',#8632,#1579);
#1064=LINE('',#8649,#1580);
#1065=LINE('',#8668,#1581);
#1066=LINE('',#8670,#1582);
#1067=LINE('',#8672,#1583);
#1068=LINE('',#8673,#1584);
#1069=LINE('',#8681,#1585);
#1070=LINE('',#8683,#1586);
#1071=LINE('',#8684,#1587);
#1072=LINE('',#8695,#1588);
#1073=LINE('',#8698,#1589);
#1074=LINE('',#8709,#1590);
#1075=LINE('',#8710,#1591);
#1076=LINE('',#8718,#1592);
#1077=LINE('',#8720,#1593);
#1078=LINE('',#8721,#1594);
#1079=LINE('',#8731,#1595);
#1080=LINE('',#8737,#1596);
#1081=LINE('',#8746,#1597);
#1082=LINE('',#8750,#1598);
#1083=LINE('',#8754,#1599);
#1084=LINE('',#8758,#1600);
#1085=LINE('',#8762,#1601);
#1086=LINE('',#8804,#1602);
#1087=LINE('',#8811,#1603);
#1088=LINE('',#8820,#1604);
#1089=LINE('',#8824,#1605);
#1090=LINE('',#8830,#1606);
#1091=LINE('',#8852,#1607);
#1092=LINE('',#8856,#1608);
#1093=LINE('',#8884,#1609);
#1094=LINE('',#8885,#1610);
#1095=LINE('',#8994,#1611);
#1096=LINE('',#9050,#1612);
#1097=LINE('',#9055,#1613);
#1098=LINE('',#9056,#1614);
#1099=LINE('',#9103,#1615);
#1100=LINE('',#9104,#1616);
#1101=LINE('',#9180,#1617);
#1102=LINE('',#9181,#1618);
#1103=LINE('',#9237,#1619);
#1104=LINE('',#9242,#1620);
#1105=LINE('',#9243,#1621);
#1106=LINE('',#9249,#1622);
#1107=LINE('',#9260,#1623);
#1108=LINE('',#9263,#1624);
#1109=LINE('',#9266,#1625);
#1110=LINE('',#9269,#1626);
#1111=LINE('',#9271,#1627);
#1112=LINE('',#9275,#1628);
#1113=LINE('',#9279,#1629);
#1114=LINE('',#9281,#1630);
#1115=LINE('',#9283,#1631);
#1116=LINE('',#9287,#1632);
#1117=LINE('',#9291,#1633);
#1118=LINE('',#9293,#1634);
#1119=LINE('',#9294,#1635);
#1120=LINE('',#9296,#1636);
#1121=LINE('',#9297,#1637);
#1122=LINE('',#9300,#1638);
#1123=LINE('',#9302,#1639);
#1124=LINE('',#9322,#1640);
#1125=LINE('',#9336,#1641);
#1126=LINE('',#9350,#1642);
#1127=LINE('',#9363,#1643);
#1128=LINE('',#9366,#1644);
#1129=LINE('',#9368,#1645);
#1130=LINE('',#9370,#1646);
#1131=LINE('',#9372,#1647);
#1132=LINE('',#9374,#1648);
#1133=LINE('',#9376,#1649);
#1134=LINE('',#9378,#1650);
#1135=LINE('',#9379,#1651);
#1136=LINE('',#9394,#1652);
#1137=LINE('',#9396,#1653);
#1138=LINE('',#9398,#1654);
#1139=LINE('',#9424,#1655);
#1140=LINE('',#9426,#1656);
#1141=LINE('',#9427,#1657);
#1142=LINE('',#9442,#1658);
#1143=LINE('',#9456,#1659);
#1144=LINE('',#9470,#1660);
#1145=LINE('',#9478,#1661);
#1146=LINE('',#9498,#1662);
#1147=LINE('',#9518,#1663);
#1148=LINE('',#9526,#1664);
#1149=LINE('',#9540,#1665);
#1150=LINE('',#9554,#1666);
#1151=LINE('',#9556,#1667);
#1152=LINE('',#9576,#1668);
#1153=LINE('',#9590,#1669);
#1154=LINE('',#9604,#1670);
#1155=LINE('',#9617,#1671);
#1156=LINE('',#9620,#1672);
#1157=LINE('',#9622,#1673);
#1158=LINE('',#9624,#1674);
#1159=LINE('',#9626,#1675);
#1160=LINE('',#9628,#1676);
#1161=LINE('',#9630,#1677);
#1162=LINE('',#9632,#1678);
#1163=LINE('',#9633,#1679);
#1164=LINE('',#9636,#1680);
#1165=LINE('',#9638,#1681);
#1166=LINE('',#9641,#1682);
#1167=LINE('',#9644,#1683);
#1168=LINE('',#9646,#1684);
#1169=LINE('',#9649,#1685);
#1170=LINE('',#9652,#1686);
#1171=LINE('',#9656,#1687);
#1172=LINE('',#9657,#1688);
#1173=LINE('',#9661,#1689);
#1174=LINE('',#9665,#1690);
#1175=LINE('',#9667,#1691);
#1176=LINE('',#9669,#1692);
#1177=LINE('',#9670,#1693);
#1178=LINE('',#9674,#1694);
#1179=LINE('',#9680,#1695);
#1180=LINE('',#9681,#1696);
#1181=LINE('',#9682,#1697);
#1182=LINE('',#9685,#1698);
#1183=LINE('',#9687,#1699);
#1184=LINE('',#9688,#1700);
#1185=LINE('',#9691,#1701);
#1186=LINE('',#9695,#1702);
#1187=LINE('',#9696,#1703);
#1188=LINE('',#9700,#1704);
#1189=LINE('',#9702,#1705);
#1190=LINE('',#9704,#1706);
#1191=LINE('',#9705,#1707);
#1192=LINE('',#9709,#1708);
#1193=LINE('',#9715,#1709);
#1194=LINE('',#9716,#1710);
#1195=LINE('',#9717,#1711);
#1196=LINE('',#9720,#1712);
#1197=LINE('',#9722,#1713);
#1198=LINE('',#9723,#1714);
#1199=LINE('',#9726,#1715);
#1200=LINE('',#9730,#1716);
#1201=LINE('',#9731,#1717);
#1202=LINE('',#9735,#1718);
#1203=LINE('',#9737,#1719);
#1204=LINE('',#9739,#1720);
#1205=LINE('',#9740,#1721);
#1206=LINE('',#9743,#1722);
#1207=LINE('',#9745,#1723);
#1208=LINE('',#9746,#1724);
#1209=LINE('',#9750,#1725);
#1210=LINE('',#9752,#1726);
#1211=LINE('',#9754,#1727);
#1212=LINE('',#9755,#1728);
#1213=LINE('',#9759,#1729);
#1214=LINE('',#9765,#1730);
#1215=LINE('',#9766,#1731);
#1216=LINE('',#9767,#1732);
#1217=LINE('',#9771,#1733);
#1218=LINE('',#9775,#1734);
#1219=LINE('',#9776,#1735);
#1220=LINE('',#9780,#1736);
#1221=LINE('',#9785,#1737);
#1222=LINE('',#9787,#1738);
#1223=LINE('',#9788,#1739);
#1224=LINE('',#9792,#1740);
#1225=LINE('',#9798,#1741);
#1226=LINE('',#9799,#1742);
#1227=LINE('',#9800,#1743);
#1228=LINE('',#9803,#1744);
#1229=LINE('',#9805,#1745);
#1230=LINE('',#9806,#1746);
#1231=LINE('',#9809,#1747);
#1232=LINE('',#9813,#1748);
#1233=LINE('',#9814,#1749);
#1234=LINE('',#9817,#1750);
#1235=LINE('',#9821,#1751);
#1236=LINE('',#9822,#1752);
#1237=LINE('',#9825,#1753);
#1238=LINE('',#9826,#1754);
#1239=LINE('',#9829,#1755);
#1240=LINE('',#9830,#1756);
#1241=LINE('',#9833,#1757);
#1242=LINE('',#9837,#1758);
#1243=LINE('',#9838,#1759);
#1244=LINE('',#9841,#1760);
#1245=LINE('',#9845,#1761);
#1246=LINE('',#9846,#1762);
#1247=LINE('',#9848,#1763);
#1248=LINE('',#9849,#1764);
#1249=LINE('',#9851,#1765);
#1250=LINE('',#9853,#1766);
#1251=LINE('',#9855,#1767);
#1252=LINE('',#9857,#1768);
#1253=LINE('',#9859,#1769);
#1254=LINE('',#9861,#1770);
#1255=LINE('',#9862,#1771);
#1256=LINE('',#9864,#1772);
#1257=LINE('',#9866,#1773);
#1258=LINE('',#9868,#1774);
#1259=LINE('',#9871,#1775);
#1260=LINE('',#9872,#1776);
#1261=LINE('',#9873,#1777);
#1262=LINE('',#9874,#1778);
#1263=LINE('',#9877,#1779);
#1264=LINE('',#9879,#1780);
#1265=LINE('',#9880,#1781);
#1266=LINE('',#9883,#1782);
#1267=LINE('',#9887,#1783);
#1268=LINE('',#9888,#1784);
#1269=LINE('',#9891,#1785);
#1270=LINE('',#9893,#1786);
#1271=LINE('',#9894,#1787);
#1272=LINE('',#9897,#1788);
#1273=LINE('',#9901,#1789);
#1274=LINE('',#9902,#1790);
#1275=LINE('',#9905,#1791);
#1276=LINE('',#9907,#1792);
#1277=LINE('',#9908,#1793);
#1278=LINE('',#9911,#1794);
#1279=LINE('',#9915,#1795);
#1280=LINE('',#9916,#1796);
#1281=LINE('',#9919,#1797);
#1282=LINE('',#9921,#1798);
#1283=LINE('',#9922,#1799);
#1284=LINE('',#9925,#1800);
#1285=LINE('',#9929,#1801);
#1286=LINE('',#9930,#1802);
#1287=LINE('',#9936,#1803);
#1288=LINE('',#9940,#1804);
#1289=LINE('',#9945,#1805);
#1290=LINE('',#9947,#1806);
#1291=LINE('',#9950,#1807);
#1292=LINE('',#9952,#1808);
#1293=LINE('',#9953,#1809);
#1294=LINE('',#9956,#1810);
#1295=LINE('',#9957,#1811);
#1296=LINE('',#9960,#1812);
#1297=LINE('',#9961,#1813);
#1298=LINE('',#9964,#1814);
#1299=LINE('',#9965,#1815);
#1300=LINE('',#9968,#1816);
#1301=LINE('',#9969,#1817);
#1302=LINE('',#9972,#1818);
#1303=LINE('',#9973,#1819);
#1304=LINE('',#9976,#1820);
#1305=LINE('',#9977,#1821);
#1306=LINE('',#9979,#1822);
#1307=LINE('',#9984,#1823);
#1308=LINE('',#9986,#1824);
#1309=LINE('',#9988,#1825);
#1310=LINE('',#9989,#1826);
#1311=LINE('',#9992,#1827);
#1312=LINE('',#9994,#1828);
#1313=LINE('',#9995,#1829);
#1314=LINE('',#9998,#1830);
#1315=LINE('',#10000,#1831);
#1316=LINE('',#10001,#1832);
#1317=LINE('',#10019,#1833);
#1318=LINE('',#10042,#1834);
#1319=LINE('',#10065,#1835);
#1320=LINE('',#10073,#1836);
#1321=LINE('',#10075,#1837);
#1322=LINE('',#10076,#1838);
#1323=LINE('',#10094,#1839);
#1324=LINE('',#10117,#1840);
#1325=LINE('',#10146,#1841);
#1326=LINE('',#10148,#1842);
#1327=LINE('',#10150,#1843);
#1328=LINE('',#10151,#1844);
#1329=LINE('',#10154,#1845);
#1330=LINE('',#10156,#1846);
#1331=LINE('',#10157,#1847);
#1332=LINE('',#10160,#1848);
#1333=LINE('',#10162,#1849);
#1334=LINE('',#10163,#1850);
#1335=LINE('',#10181,#1851);
#1336=LINE('',#10204,#1852);
#1337=LINE('',#10212,#1853);
#1338=LINE('',#10214,#1854);
#1339=LINE('',#10215,#1855);
#1340=LINE('',#10233,#1856);
#1341=LINE('',#10261,#1857);
#1342=LINE('',#10263,#1858);
#1343=LINE('',#10264,#1859);
#1344=LINE('',#10267,#1860);
#1345=LINE('',#10268,#1861);
#1346=LINE('',#10280,#1862);
#1347=LINE('',#10297,#1863);
#1348=LINE('',#10305,#1864);
#1349=LINE('',#10306,#1865);
#1350=LINE('',#10318,#1866);
#1351=LINE('',#10335,#1867);
#1352=LINE('',#10343,#1868);
#1353=LINE('',#10344,#1869);
#1354=LINE('',#10356,#1870);
#1355=LINE('',#10373,#1871);
#1356=LINE('',#10381,#1872);
#1357=LINE('',#10382,#1873);
#1358=LINE('',#10394,#1874);
#1359=LINE('',#10411,#1875);
#1360=LINE('',#10428,#1876);
#1361=LINE('',#10435,#1877);
#1362=LINE('',#10448,#1878);
#1363=LINE('',#10455,#1879);
#1364=LINE('',#10467,#1880);
#1365=LINE('',#10484,#1881);
#1366=LINE('',#10492,#1882);
#1367=LINE('',#10493,#1883);
#1368=LINE('',#10505,#1884);
#1369=LINE('',#10522,#1885);
#1370=LINE('',#10530,#1886);
#1371=LINE('',#10531,#1887);
#1372=LINE('',#10543,#1888);
#1373=LINE('',#10551,#1889);
#1374=LINE('',#10552,#1890);
#1375=LINE('',#10564,#1891);
#1376=LINE('',#10581,#1892);
#1377=LINE('',#10598,#1893);
#1378=LINE('',#10606,#1894);
#1379=LINE('',#10607,#1895);
#1380=LINE('',#10619,#1896);
#1381=LINE('',#10636,#1897);
#1382=LINE('',#10653,#1898);
#1383=LINE('',#10661,#1899);
#1384=LINE('',#10662,#1900);
#1385=LINE('',#10674,#1901);
#1386=LINE('',#10682,#1902);
#1387=LINE('',#10683,#1903);
#1388=LINE('',#10695,#1904);
#1389=LINE('',#10712,#1905);
#1390=LINE('',#10720,#1906);
#1391=LINE('',#10721,#1907);
#1392=LINE('',#10733,#1908);
#1393=LINE('',#10750,#1909);
#1394=LINE('',#10758,#1910);
#1395=LINE('',#10759,#1911);
#1396=LINE('',#10787,#1912);
#1397=LINE('',#10794,#1913);
#1398=LINE('',#10797,#1914);
#1399=LINE('',#10798,#1915);
#1400=LINE('',#10801,#1916);
#1401=LINE('',#10802,#1917);
#1402=LINE('',#10805,#1918);
#1403=LINE('',#10806,#1919);
#1404=LINE('',#10818,#1920);
#1405=LINE('',#10835,#1921);
#1406=LINE('',#10852,#1922);
#1407=LINE('',#10869,#1923);
#1408=LINE('',#10877,#1924);
#1409=LINE('',#10878,#1925);
#1410=LINE('',#10881,#1926);
#1411=LINE('',#10882,#1927);
#1412=LINE('',#10885,#1928);
#1413=LINE('',#10886,#1929);
#1414=LINE('',#10905,#1930);
#1415=LINE('',#10907,#1931);
#1416=LINE('',#10908,#1932);
#1417=LINE('',#10911,#1933);
#1418=LINE('',#10912,#1934);
#1419=LINE('',#10915,#1935);
#1420=LINE('',#10916,#1936);
#1421=LINE('',#10919,#1937);
#1422=LINE('',#10920,#1938);
#1423=LINE('',#10923,#1939);
#1424=LINE('',#10924,#1940);
#1425=LINE('',#10927,#1941);
#1426=LINE('',#10928,#1942);
#1427=LINE('',#10931,#1943);
#1428=LINE('',#10932,#1944);
#1429=LINE('',#10934,#1945);
#1430=LINE('',#10939,#1946);
#1431=LINE('',#10941,#1947);
#1432=LINE('',#10943,#1948);
#1433=LINE('',#10944,#1949);
#1434=LINE('',#10947,#1950);
#1435=LINE('',#10949,#1951);
#1436=LINE('',#10950,#1952);
#1437=LINE('',#10953,#1953);
#1438=LINE('',#10955,#1954);
#1439=LINE('',#10956,#1955);
#1440=LINE('',#10974,#1956);
#1441=LINE('',#10997,#1957);
#1442=LINE('',#11020,#1958);
#1443=LINE('',#11028,#1959);
#1444=LINE('',#11030,#1960);
#1445=LINE('',#11031,#1961);
#1446=LINE('',#11049,#1962);
#1447=LINE('',#11072,#1963);
#1448=LINE('',#11101,#1964);
#1449=LINE('',#11103,#1965);
#1450=LINE('',#11105,#1966);
#1451=LINE('',#11106,#1967);
#1452=LINE('',#11109,#1968);
#1453=LINE('',#11111,#1969);
#1454=LINE('',#11112,#1970);
#1455=LINE('',#11115,#1971);
#1456=LINE('',#11117,#1972);
#1457=LINE('',#11118,#1973);
#1458=LINE('',#11136,#1974);
#1459=LINE('',#11159,#1975);
#1460=LINE('',#11167,#1976);
#1461=LINE('',#11169,#1977);
#1462=LINE('',#11170,#1978);
#1463=LINE('',#11188,#1979);
#1464=LINE('',#11216,#1980);
#1465=LINE('',#11218,#1981);
#1466=LINE('',#11219,#1982);
#1467=LINE('',#11222,#1983);
#1468=LINE('',#11223,#1984);
#1469=LINE('',#11235,#1985);
#1470=LINE('',#11252,#1986);
#1471=LINE('',#11260,#1987);
#1472=LINE('',#11261,#1988);
#1473=LINE('',#11273,#1989);
#1474=LINE('',#11290,#1990);
#1475=LINE('',#11298,#1991);
#1476=LINE('',#11299,#1992);
#1477=LINE('',#11311,#1993);
#1478=LINE('',#11328,#1994);
#1479=LINE('',#11336,#1995);
#1480=LINE('',#11337,#1996);
#1481=LINE('',#11349,#1997);
#1482=LINE('',#11366,#1998);
#1483=LINE('',#11383,#1999);
#1484=LINE('',#11390,#2000);
#1485=LINE('',#11396,#2001);
#1486=LINE('',#11398,#2002);
#1487=LINE('',#11400,#2003);
#1488=LINE('',#11402,#2004);
#1489=LINE('',#11404,#2005);
#1490=LINE('',#11406,#2006);
#1491=VECTOR('',#6211,10.);
#1492=VECTOR('',#6212,10.);
#1493=VECTOR('',#6213,10.);
#1494=VECTOR('',#6214,10.);
#1495=VECTOR('',#6215,10.);
#1496=VECTOR('',#6216,10.);
#1497=VECTOR('',#6217,10.);
#1498=VECTOR('',#6218,10.);
#1499=VECTOR('',#6219,10.);
#1500=VECTOR('',#6222,10.);
#1501=VECTOR('',#6223,10.);
#1502=VECTOR('',#6224,10.);
#1503=VECTOR('',#6225,10.);
#1504=VECTOR('',#6226,10.);
#1505=VECTOR('',#6227,10.);
#1506=VECTOR('',#6228,10.);
#1507=VECTOR('',#6229,10.);
#1508=VECTOR('',#6230,10.);
#1509=VECTOR('',#6231,10.);
#1510=VECTOR('',#6232,10.);
#1511=VECTOR('',#6233,10.);
#1512=VECTOR('',#6234,10.);
#1513=VECTOR('',#6235,10.);
#1514=VECTOR('',#6236,10.);
#1515=VECTOR('',#6237,10.);
#1516=VECTOR('',#6238,10.);
#1517=VECTOR('',#6239,10.);
#1518=VECTOR('',#6240,10.);
#1519=VECTOR('',#6241,10.);
#1520=VECTOR('',#6242,10.);
#1521=VECTOR('',#6245,10.);
#1522=VECTOR('',#6246,10.);
#1523=VECTOR('',#6249,10.);
#1524=VECTOR('',#6250,10.);
#1525=VECTOR('',#6251,10.);
#1526=VECTOR('',#6252,10.);
#1527=VECTOR('',#6253,10.);
#1528=VECTOR('',#6256,10.);
#1529=VECTOR('',#6257,10.);
#1530=VECTOR('',#6260,10.);
#1531=VECTOR('',#6261,10.);
#1532=VECTOR('',#6264,10.);
#1533=VECTOR('',#6265,10.);
#1534=VECTOR('',#6266,10.);
#1535=VECTOR('',#6267,10.);
#1536=VECTOR('',#6268,10.);
#1537=VECTOR('',#6269,10.);
#1538=VECTOR('',#6270,10.);
#1539=VECTOR('',#6271,10.);
#1540=VECTOR('',#6272,10.);
#1541=VECTOR('',#6273,10.);
#1542=VECTOR('',#6274,10.);
#1543=VECTOR('',#6275,10.);
#1544=VECTOR('',#6276,10.);
#1545=VECTOR('',#6279,10.);
#1546=VECTOR('',#6280,10.);
#1547=VECTOR('',#6281,10.);
#1548=VECTOR('',#6282,10.);
#1549=VECTOR('',#6285,10.);
#1550=VECTOR('',#6286,10.);
#1551=VECTOR('',#6289,10.);
#1552=VECTOR('',#6290,10.);
#1553=VECTOR('',#6291,10.);
#1554=VECTOR('',#6292,10.);
#1555=VECTOR('',#6293,10.);
#1556=VECTOR('',#6294,10.);
#1557=VECTOR('',#6295,10.);
#1558=VECTOR('',#6296,10.);
#1559=VECTOR('',#6297,10.);
#1560=VECTOR('',#6298,10.);
#1561=VECTOR('',#6301,10.);
#1562=VECTOR('',#6302,10.);
#1563=VECTOR('',#6303,10.);
#1564=VECTOR('',#6304,10.);
#1565=VECTOR('',#6305,10.);
#1566=VECTOR('',#6306,10.);
#1567=VECTOR('',#6307,10.);
#1568=VECTOR('',#6308,10.);
#1569=VECTOR('',#6309,10.);
#1570=VECTOR('',#6310,10.);
#1571=VECTOR('',#6311,10.);
#1572=VECTOR('',#6312,10.);
#1573=VECTOR('',#6313,10.);
#1574=VECTOR('',#6314,10.);
#1575=VECTOR('',#6317,10.);
#1576=VECTOR('',#6318,10.);
#1577=VECTOR('',#6321,10.);
#1578=VECTOR('',#6322,10.);
#1579=VECTOR('',#6323,10.);
#1580=VECTOR('',#6324,10.);
#1581=VECTOR('',#6327,10.);
#1582=VECTOR('',#6328,10.);
#1583=VECTOR('',#6329,10.);
#1584=VECTOR('',#6330,10.);
#1585=VECTOR('',#6333,10.);
#1586=VECTOR('',#6334,10.);
#1587=VECTOR('',#6335,10.);
#1588=VECTOR('',#6344,10.);
#1589=VECTOR('',#6347,10.);
#1590=VECTOR('',#6350,10.);
#1591=VECTOR('',#6351,10.);
#1592=VECTOR('',#6354,10.);
#1593=VECTOR('',#6355,10.);
#1594=VECTOR('',#6356,10.);
#1595=VECTOR('',#6365,10.);
#1596=VECTOR('',#6372,1.55);
#1597=VECTOR('',#6383,1.45);
#1598=VECTOR('',#6388,3.);
#1599=VECTOR('',#6393,3.1);
#1600=VECTOR('',#6396,10.);
#1601=VECTOR('',#6399,10.);
#1602=VECTOR('',#6402,10.);
#1603=VECTOR('',#6411,1.55);
#1604=VECTOR('',#6422,1.45);
#1605=VECTOR('',#6427,3.);
#1606=VECTOR('',#6434,3.1);
#1607=VECTOR('',#6437,10.);
#1608=VECTOR('',#6440,10.);
#1609=VECTOR('',#6457,10.);
#1610=VECTOR('',#6458,10.);
#1611=VECTOR('',#6467,10.);
#1612=VECTOR('',#6476,10.);
#1613=VECTOR('',#6481,10.);
#1614=VECTOR('',#6482,10.);
#1615=VECTOR('',#6491,10.);
#1616=VECTOR('',#6492,10.);
#1617=VECTOR('',#6497,10.);
#1618=VECTOR('',#6498,10.);
#1619=VECTOR('',#6519,10.);
#1620=VECTOR('',#6524,10.);
#1621=VECTOR('',#6525,10.);
#1622=VECTOR('',#6532,10.);
#1623=VECTOR('',#6539,10.);
#1624=VECTOR('',#6542,10.);
#1625=VECTOR('',#6545,10.);
#1626=VECTOR('',#6548,10.);
#1627=VECTOR('',#6549,10.);
#1628=VECTOR('',#6552,10.);
#1629=VECTOR('',#6555,10.);
#1630=VECTOR('',#6556,10.);
#1631=VECTOR('',#6557,10.);
#1632=VECTOR('',#6560,10.);
#1633=VECTOR('',#6563,10.);
#1634=VECTOR('',#6564,10.);
#1635=VECTOR('',#6565,10.);
#1636=VECTOR('',#6566,10.);
#1637=VECTOR('',#6567,10.);
#1638=VECTOR('',#6568,10.);
#1639=VECTOR('',#6569,10.);
#1640=VECTOR('',#6570,10.);
#1641=VECTOR('',#6571,10.);
#1642=VECTOR('',#6572,10.);
#1643=VECTOR('',#6573,10.);
#1644=VECTOR('',#6574,10.);
#1645=VECTOR('',#6575,10.);
#1646=VECTOR('',#6576,10.);
#1647=VECTOR('',#6577,10.);
#1648=VECTOR('',#6578,10.);
#1649=VECTOR('',#6579,10.);
#1650=VECTOR('',#6580,10.);
#1651=VECTOR('',#6581,10.);
#1652=VECTOR('',#6582,10.);
#1653=VECTOR('',#6583,10.);
#1654=VECTOR('',#6584,10.);
#1655=VECTOR('',#6585,10.);
#1656=VECTOR('',#6586,10.);
#1657=VECTOR('',#6587,10.);
#1658=VECTOR('',#6588,10.);
#1659=VECTOR('',#6589,10.);
#1660=VECTOR('',#6590,10.);
#1661=VECTOR('',#6591,10.);
#1662=VECTOR('',#6592,10.);
#1663=VECTOR('',#6593,10.);
#1664=VECTOR('',#6594,10.);
#1665=VECTOR('',#6595,10.);
#1666=VECTOR('',#6596,10.);
#1667=VECTOR('',#6597,10.);
#1668=VECTOR('',#6598,10.);
#1669=VECTOR('',#6599,10.);
#1670=VECTOR('',#6600,10.);
#1671=VECTOR('',#6601,10.);
#1672=VECTOR('',#6602,10.);
#1673=VECTOR('',#6603,10.);
#1674=VECTOR('',#6604,10.);
#1675=VECTOR('',#6605,10.);
#1676=VECTOR('',#6606,10.);
#1677=VECTOR('',#6607,10.);
#1678=VECTOR('',#6608,10.);
#1679=VECTOR('',#6609,10.);
#1680=VECTOR('',#6610,10.);
#1681=VECTOR('',#6611,10.);
#1682=VECTOR('',#6614,10.);
#1683=VECTOR('',#6615,10.);
#1684=VECTOR('',#6616,10.);
#1685=VECTOR('',#6619,10.);
#1686=VECTOR('',#6622,10.);
#1687=VECTOR('',#6627,10.);
#1688=VECTOR('',#6628,10.);
#1689=VECTOR('',#6633,10.);
#1690=VECTOR('',#6636,10.);
#1691=VECTOR('',#6637,10.);
#1692=VECTOR('',#6638,10.);
#1693=VECTOR('',#6639,10.);
#1694=VECTOR('',#6642,10.);
#1695=VECTOR('',#6649,10.);
#1696=VECTOR('',#6650,10.);
#1697=VECTOR('',#6651,10.);
#1698=VECTOR('',#6654,10.);
#1699=VECTOR('',#6655,10.);
#1700=VECTOR('',#6656,10.);
#1701=VECTOR('',#6659,10.);
#1702=VECTOR('',#6664,10.);
#1703=VECTOR('',#6665,10.);
#1704=VECTOR('',#6668,10.);
#1705=VECTOR('',#6669,10.);
#1706=VECTOR('',#6670,10.);
#1707=VECTOR('',#6671,10.);
#1708=VECTOR('',#6674,10.);
#1709=VECTOR('',#6681,10.);
#1710=VECTOR('',#6682,10.);
#1711=VECTOR('',#6683,10.);
#1712=VECTOR('',#6686,10.);
#1713=VECTOR('',#6687,10.);
#1714=VECTOR('',#6688,10.);
#1715=VECTOR('',#6691,10.);
#1716=VECTOR('',#6696,10.);
#1717=VECTOR('',#6697,10.);
#1718=VECTOR('',#6700,10.);
#1719=VECTOR('',#6701,10.);
#1720=VECTOR('',#6702,10.);
#1721=VECTOR('',#6703,10.);
#1722=VECTOR('',#6706,10.);
#1723=VECTOR('',#6707,10.);
#1724=VECTOR('',#6708,10.);
#1725=VECTOR('',#6711,10.);
#1726=VECTOR('',#6712,10.);
#1727=VECTOR('',#6713,10.);
#1728=VECTOR('',#6714,10.);
#1729=VECTOR('',#6717,10.);
#1730=VECTOR('',#6724,10.);
#1731=VECTOR('',#6725,10.);
#1732=VECTOR('',#6726,10.);
#1733=VECTOR('',#6729,10.);
#1734=VECTOR('',#6736,10.);
#1735=VECTOR('',#6737,10.);
#1736=VECTOR('',#6740,10.);
#1737=VECTOR('',#6747,10.);
#1738=VECTOR('',#6748,10.);
#1739=VECTOR('',#6749,10.);
#1740=VECTOR('',#6752,10.);
#1741=VECTOR('',#6759,10.);
#1742=VECTOR('',#6760,10.);
#1743=VECTOR('',#6761,10.);
#1744=VECTOR('',#6764,10.);
#1745=VECTOR('',#6765,10.);
#1746=VECTOR('',#6766,10.);
#1747=VECTOR('',#6769,10.);
#1748=VECTOR('',#6774,10.);
#1749=VECTOR('',#6775,10.);
#1750=VECTOR('',#6778,10.);
#1751=VECTOR('',#6783,10.);
#1752=VECTOR('',#6784,10.);
#1753=VECTOR('',#6787,10.);
#1754=VECTOR('',#6788,10.);
#1755=VECTOR('',#6791,10.);
#1756=VECTOR('',#6792,10.);
#1757=VECTOR('',#6795,10.);
#1758=VECTOR('',#6800,10.);
#1759=VECTOR('',#6801,10.);
#1760=VECTOR('',#6804,10.);
#1761=VECTOR('',#6809,10.);
#1762=VECTOR('',#6810,10.);
#1763=VECTOR('',#6813,10.);
#1764=VECTOR('',#6814,10.);
#1765=VECTOR('',#6817,10.);
#1766=VECTOR('',#6820,10.);
#1767=VECTOR('',#6823,10.);
#1768=VECTOR('',#6826,10.);
#1769=VECTOR('',#6829,10.);
#1770=VECTOR('',#6832,10.);
#1771=VECTOR('',#6833,10.);
#1772=VECTOR('',#6836,10.);
#1773=VECTOR('',#6839,10.);
#1774=VECTOR('',#6842,10.);
#1775=VECTOR('',#6847,10.);
#1776=VECTOR('',#6848,10.);
#1777=VECTOR('',#6849,10.);
#1778=VECTOR('',#6850,10.);
#1779=VECTOR('',#6853,10.);
#1780=VECTOR('',#6854,10.);
#1781=VECTOR('',#6855,10.);
#1782=VECTOR('',#6858,10.);
#1783=VECTOR('',#6863,10.);
#1784=VECTOR('',#6864,10.);
#1785=VECTOR('',#6867,10.);
#1786=VECTOR('',#6868,10.);
#1787=VECTOR('',#6869,10.);
#1788=VECTOR('',#6872,10.);
#1789=VECTOR('',#6877,10.);
#1790=VECTOR('',#6878,10.);
#1791=VECTOR('',#6881,10.);
#1792=VECTOR('',#6882,10.);
#1793=VECTOR('',#6883,10.);
#1794=VECTOR('',#6886,10.);
#1795=VECTOR('',#6891,10.);
#1796=VECTOR('',#6892,10.);
#1797=VECTOR('',#6895,10.);
#1798=VECTOR('',#6896,10.);
#1799=VECTOR('',#6897,10.);
#1800=VECTOR('',#6900,10.);
#1801=VECTOR('',#6905,10.);
#1802=VECTOR('',#6906,10.);
#1803=VECTOR('',#6913,10.);
#1804=VECTOR('',#6918,10.);
#1805=VECTOR('',#6925,10.);
#1806=VECTOR('',#6928,10.);
#1807=VECTOR('',#6931,10.);
#1808=VECTOR('',#6932,10.);
#1809=VECTOR('',#6933,10.);
#1810=VECTOR('',#6936,10.);
#1811=VECTOR('',#6937,10.);
#1812=VECTOR('',#6940,10.);
#1813=VECTOR('',#6941,10.);
#1814=VECTOR('',#6944,10.);
#1815=VECTOR('',#6945,10.);
#1816=VECTOR('',#6948,10.);
#1817=VECTOR('',#6949,10.);
#1818=VECTOR('',#6952,10.);
#1819=VECTOR('',#6953,10.);
#1820=VECTOR('',#6956,10.);
#1821=VECTOR('',#6957,10.);
#1822=VECTOR('',#6960,10.);
#1823=VECTOR('',#6965,10.);
#1824=VECTOR('',#6966,10.);
#1825=VECTOR('',#6967,10.);
#1826=VECTOR('',#6968,10.);
#1827=VECTOR('',#6971,10.);
#1828=VECTOR('',#6972,10.);
#1829=VECTOR('',#6973,10.);
#1830=VECTOR('',#6976,10.);
#1831=VECTOR('',#6977,10.);
#1832=VECTOR('',#6978,10.);
#1833=VECTOR('',#6979,10.);
#1834=VECTOR('',#6980,10.);
#1835=VECTOR('',#6981,10.);
#1836=VECTOR('',#6984,10.);
#1837=VECTOR('',#6985,10.);
#1838=VECTOR('',#6986,10.);
#1839=VECTOR('',#6987,10.);
#1840=VECTOR('',#6988,10.);
#1841=VECTOR('',#6991,10.);
#1842=VECTOR('',#6992,10.);
#1843=VECTOR('',#6993,10.);
#1844=VECTOR('',#6994,10.);
#1845=VECTOR('',#6997,10.);
#1846=VECTOR('',#6998,10.);
#1847=VECTOR('',#6999,10.);
#1848=VECTOR('',#7002,10.);
#1849=VECTOR('',#7003,10.);
#1850=VECTOR('',#7004,10.);
#1851=VECTOR('',#7005,10.);
#1852=VECTOR('',#7006,10.);
#1853=VECTOR('',#7009,10.);
#1854=VECTOR('',#7010,10.);
#1855=VECTOR('',#7011,10.);
#1856=VECTOR('',#7012,10.);
#1857=VECTOR('',#7015,10.);
#1858=VECTOR('',#7016,10.);
#1859=VECTOR('',#7017,10.);
#1860=VECTOR('',#7020,10.);
#1861=VECTOR('',#7021,10.);
#1862=VECTOR('',#7022,10.);
#1863=VECTOR('',#7023,10.);
#1864=VECTOR('',#7026,10.);
#1865=VECTOR('',#7027,10.);
#1866=VECTOR('',#7028,10.);
#1867=VECTOR('',#7029,10.);
#1868=VECTOR('',#7032,10.);
#1869=VECTOR('',#7033,10.);
#1870=VECTOR('',#7034,10.);
#1871=VECTOR('',#7035,10.);
#1872=VECTOR('',#7038,10.);
#1873=VECTOR('',#7039,10.);
#1874=VECTOR('',#7040,10.);
#1875=VECTOR('',#7041,10.);
#1876=VECTOR('',#7042,10.);
#1877=VECTOR('',#7045,10.);
#1878=VECTOR('',#7048,10.);
#1879=VECTOR('',#7049,10.);
#1880=VECTOR('',#7050,10.);
#1881=VECTOR('',#7051,10.);
#1882=VECTOR('',#7054,10.);
#1883=VECTOR('',#7055,10.);
#1884=VECTOR('',#7056,10.);
#1885=VECTOR('',#7057,10.);
#1886=VECTOR('',#7060,10.);
#1887=VECTOR('',#7061,10.);
#1888=VECTOR('',#7062,10.);
#1889=VECTOR('',#7065,10.);
#1890=VECTOR('',#7066,10.);
#1891=VECTOR('',#7067,10.);
#1892=VECTOR('',#7068,10.);
#1893=VECTOR('',#7069,10.);
#1894=VECTOR('',#7072,10.);
#1895=VECTOR('',#7073,10.);
#1896=VECTOR('',#7074,10.);
#1897=VECTOR('',#7075,10.);
#1898=VECTOR('',#7076,10.);
#1899=VECTOR('',#7079,10.);
#1900=VECTOR('',#7080,10.);
#1901=VECTOR('',#7081,10.);
#1902=VECTOR('',#7084,10.);
#1903=VECTOR('',#7085,10.);
#1904=VECTOR('',#7086,10.);
#1905=VECTOR('',#7087,10.);
#1906=VECTOR('',#7090,10.);
#1907=VECTOR('',#7091,10.);
#1908=VECTOR('',#7092,10.);
#1909=VECTOR('',#7093,10.);
#1910=VECTOR('',#7096,10.);
#1911=VECTOR('',#7097,10.);
#1912=VECTOR('',#7100,10.);
#1913=VECTOR('',#7101,10.);
#1914=VECTOR('',#7104,10.);
#1915=VECTOR('',#7105,10.);
#1916=VECTOR('',#7108,10.);
#1917=VECTOR('',#7109,10.);
#1918=VECTOR('',#7112,10.);
#1919=VECTOR('',#7113,10.);
#1920=VECTOR('',#7114,10.);
#1921=VECTOR('',#7115,10.);
#1922=VECTOR('',#7116,10.);
#1923=VECTOR('',#7117,10.);
#1924=VECTOR('',#7120,10.);
#1925=VECTOR('',#7121,10.);
#1926=VECTOR('',#7124,10.);
#1927=VECTOR('',#7125,10.);
#1928=VECTOR('',#7128,10.);
#1929=VECTOR('',#7129,10.);
#1930=VECTOR('',#7134,10.);
#1931=VECTOR('',#7135,10.);
#1932=VECTOR('',#7136,10.);
#1933=VECTOR('',#7139,10.);
#1934=VECTOR('',#7140,10.);
#1935=VECTOR('',#7143,10.);
#1936=VECTOR('',#7144,10.);
#1937=VECTOR('',#7147,10.);
#1938=VECTOR('',#7148,10.);
#1939=VECTOR('',#7151,10.);
#1940=VECTOR('',#7152,10.);
#1941=VECTOR('',#7155,10.);
#1942=VECTOR('',#7156,10.);
#1943=VECTOR('',#7159,10.);
#1944=VECTOR('',#7160,10.);
#1945=VECTOR('',#7163,10.);
#1946=VECTOR('',#7168,10.);
#1947=VECTOR('',#7169,10.);
#1948=VECTOR('',#7170,10.);
#1949=VECTOR('',#7171,10.);
#1950=VECTOR('',#7174,10.);
#1951=VECTOR('',#7175,10.);
#1952=VECTOR('',#7176,10.);
#1953=VECTOR('',#7179,10.);
#1954=VECTOR('',#7180,10.);
#1955=VECTOR('',#7181,10.);
#1956=VECTOR('',#7182,10.);
#1957=VECTOR('',#7183,10.);
#1958=VECTOR('',#7184,10.);
#1959=VECTOR('',#7187,10.);
#1960=VECTOR('',#7188,10.);
#1961=VECTOR('',#7189,10.);
#1962=VECTOR('',#7190,10.);
#1963=VECTOR('',#7191,10.);
#1964=VECTOR('',#7194,10.);
#1965=VECTOR('',#7195,10.);
#1966=VECTOR('',#7196,10.);
#1967=VECTOR('',#7197,10.);
#1968=VECTOR('',#7200,10.);
#1969=VECTOR('',#7201,10.);
#1970=VECTOR('',#7202,10.);
#1971=VECTOR('',#7205,10.);
#1972=VECTOR('',#7206,10.);
#1973=VECTOR('',#7207,10.);
#1974=VECTOR('',#7208,10.);
#1975=VECTOR('',#7209,10.);
#1976=VECTOR('',#7212,10.);
#1977=VECTOR('',#7213,10.);
#1978=VECTOR('',#7214,10.);
#1979=VECTOR('',#7215,10.);
#1980=VECTOR('',#7218,10.);
#1981=VECTOR('',#7219,10.);
#1982=VECTOR('',#7220,10.);
#1983=VECTOR('',#7223,10.);
#1984=VECTOR('',#7224,10.);
#1985=VECTOR('',#7225,10.);
#1986=VECTOR('',#7226,10.);
#1987=VECTOR('',#7229,10.);
#1988=VECTOR('',#7230,10.);
#1989=VECTOR('',#7231,10.);
#1990=VECTOR('',#7232,10.);
#1991=VECTOR('',#7235,10.);
#1992=VECTOR('',#7236,10.);
#1993=VECTOR('',#7237,10.);
#1994=VECTOR('',#7238,10.);
#1995=VECTOR('',#7241,10.);
#1996=VECTOR('',#7242,10.);
#1997=VECTOR('',#7243,10.);
#1998=VECTOR('',#7244,10.);
#1999=VECTOR('',#7245,10.);
#2000=VECTOR('',#7248,10.);
#2001=VECTOR('',#7259,10.);
#2002=VECTOR('',#7262,10.);
#2003=VECTOR('',#7265,10.);
#2004=VECTOR('',#7268,10.);
#2005=VECTOR('',#7271,10.);
#2006=VECTOR('',#7274,10.);
#2007=B_SPLINE_CURVE_WITH_KNOTS('',3,(#7289,#7290,#7291,#7292,#7293),
 .UNSPECIFIED.,.F.,.F.,(4,1,4),(0.,0.00788827498521634,0.0154037970785295),
 .UNSPECIFIED.);
#2008=B_SPLINE_CURVE_WITH_KNOTS('',3,(#7295,#7296,#7297,#7298,#7299),
 .UNSPECIFIED.,.F.,.F.,(4,1,4),(0.,0.00753657323421842,0.0153000424368695),
 .UNSPECIFIED.);
#2009=B_SPLINE_CURVE_WITH_KNOTS('',3,(#7301,#7302,#7303,#7304,#7305),
 .UNSPECIFIED.,.F.,.F.,(4,1,4),(0.,0.00791325269996889,0.0154920855335145),
 .UNSPECIFIED.);
#2010=B_SPLINE_CURVE_WITH_KNOTS('',3,(#7309,#7310,#7311,#7312,#7313),
 .UNSPECIFIED.,.F.,.F.,(4,1,4),(0.,0.015377189988107,0.0276699762009042),
 .UNSPECIFIED.);
#2011=B_SPLINE_CURVE_WITH_KNOTS('',3,(#7315,#7316,#7317,#7318,#7319),
 .UNSPECIFIED.,.F.,.F.,(4,1,4),(0.,0.0130475748655863,0.0286735848659621),
 .UNSPECIFIED.);
#2012=B_SPLINE_CURVE_WITH_KNOTS('',3,(#7321,#7322,#7323,#7324,#7325),
 .UNSPECIFIED.,.F.,.F.,(4,1,4),(0.,0.0403046617629207,0.0690010057873302),
 .UNSPECIFIED.);
#2013=B_SPLINE_CURVE_WITH_KNOTS('',3,(#7327,#7328,#7329,#7330,#7331),
 .UNSPECIFIED.,.F.,.F.,(4,1,4),(0.,0.0288484378573215,0.0692036132493846),
 .UNSPECIFIED.);
#2014=B_SPLINE_CURVE_WITH_KNOTS('',3,(#7333,#7334,#7335,#7336,#7337),
 .UNSPECIFIED.,.F.,.F.,(4,1,4),(0.,0.0118861019831156,0.0203115260748102),
 .UNSPECIFIED.);
#2015=B_SPLINE_CURVE_WITH_KNOTS('',3,(#7339,#7340,#7341,#7342,#7343),
 .UNSPECIFIED.,.F.,.F.,(4,1,4),(0.,0.00842540919384457,0.0203114969587465),
 .UNSPECIFIED.);
#2016=B_SPLINE_CURVE_WITH_KNOTS('',3,(#7345,#7346,#7347,#7348,#7349),
 .UNSPECIFIED.,.F.,.F.,(4,1,4),(0.,0.00814509122096909,0.0139632937046224),
 .UNSPECIFIED.);
#2017=B_SPLINE_CURVE_WITH_KNOTS('',3,(#7351,#7352,#7353,#7354,#7355),
 .UNSPECIFIED.,.F.,.F.,(4,1,4),(0.,0.00581818760290824,0.0139632656877514),
 .UNSPECIFIED.);
#2018=B_SPLINE_CURVE_WITH_KNOTS('',3,(#7357,#7358,#7359,#7360,#7361),
 .UNSPECIFIED.,.F.,.F.,(4,1,4),(0.,0.010922395469515,0.0231274180074641),
 .UNSPECIFIED.);
#2019=B_SPLINE_CURVE_WITH_KNOTS('',3,(#7363,#7364,#7365,#7366,#7367),
 .UNSPECIFIED.,.F.,.F.,(4,1,4),(0.,0.0220970798587911,0.0393430416195645),
 .UNSPECIFIED.);
#2020=B_SPLINE_CURVE_WITH_KNOTS('',3,(#7369,#7370,#7371,#7372,#7373),
 .UNSPECIFIED.,.F.,.F.,(4,1,4),(0.,0.0166240607871832,0.0397280662849349),
 .UNSPECIFIED.);
#2021=B_SPLINE_CURVE_WITH_KNOTS('',3,(#7375,#7376,#7377,#7378,#7379),
 .UNSPECIFIED.,.F.,.F.,(4,1,4),(0.,0.0114214039105917,0.029581044836045),
 .UNSPECIFIED.);
#2022=B_SPLINE_CURVE_WITH_KNOTS('',3,(#7381,#7382,#7383,#7384,#7385),
 .UNSPECIFIED.,.F.,.F.,(4,1,4),(0.,0.00793839055878535,0.0155465148992898),
 .UNSPECIFIED.);
#2023=B_SPLINE_CURVE_WITH_KNOTS('',3,(#7387,#7388,#7389,#7390,#7391),
 .UNSPECIFIED.,.F.,.F.,(4,1,4),(0.,0.00773750222472855,0.0156984083875563),
 .UNSPECIFIED.);
#2024=B_SPLINE_CURVE_WITH_KNOTS('',3,(#7393,#7394,#7395,#7396,#7397),
 .UNSPECIFIED.,.F.,.F.,(4,1,4),(0.,0.0273296770495481,0.0408357518448303),
 .UNSPECIFIED.);
#2025=B_SPLINE_CURVE_WITH_KNOTS('',3,(#7399,#7400,#7401,#7402,#7403),
 .UNSPECIFIED.,.F.,.F.,(4,1,4),(0.,0.0456369432281176,0.0786855133844375),
 .UNSPECIFIED.);
#2026=B_SPLINE_CURVE_WITH_KNOTS('',3,(#7405,#7406,#7407,#7408,#7409),
 .UNSPECIFIED.,.F.,.F.,(4,1,4),(0.,0.0324972708795718,0.0785035091474209),
 .UNSPECIFIED.);
#2027=B_SPLINE_CURVE_WITH_KNOTS('',3,(#7411,#7412,#7413,#7414,#7415),
 .UNSPECIFIED.,.F.,.F.,(4,1,4),(0.,0.0167449148208902,0.0286776056223559),
 .UNSPECIFIED.);
#2028=B_SPLINE_CURVE_WITH_KNOTS('',3,(#7417,#7418,#7419,#7420,#7421),
 .UNSPECIFIED.,.F.,.F.,(4,1,4),(0.,0.0120848523503474,0.0288803703682994),
 .UNSPECIFIED.);
#2029=B_SPLINE_CURVE_WITH_KNOTS('',3,(#7427,#7428,#7429,#7430,#7431),
 .UNSPECIFIED.,.F.,.F.,(4,1,4),(0.,0.017316968569544,0.0417608480394175),
 .UNSPECIFIED.);
#2030=B_SPLINE_CURVE_WITH_KNOTS('',3,(#7433,#7434,#7435,#7436,#7437),
 .UNSPECIFIED.,.F.,.F.,(4,1,4),(0.,0.00962174353668994,0.0197025132674945),
 .UNSPECIFIED.);
#2031=B_SPLINE_CURVE_WITH_KNOTS('',3,(#7439,#7440,#7441,#7442,#7443),
 .UNSPECIFIED.,.F.,.F.,(4,1,4),(0.,0.0120857669111084,0.0200195719717399),
 .UNSPECIFIED.);
#2032=B_SPLINE_CURVE_WITH_KNOTS('',3,(#7448,#7449,#7450,#7451,#7452),
 .UNSPECIFIED.,.F.,.F.,(4,1,4),(0.,0.00753705546640754,0.0154458751396825),
 .UNSPECIFIED.);
#2033=B_SPLINE_CURVE_WITH_KNOTS('',3,(#7466,#7467,#7468,#7469,#7470),
 .UNSPECIFIED.,.F.,.F.,(4,1,4),(0.,0.00788827498521634,0.0154037970785295),
 .UNSPECIFIED.);
#2034=B_SPLINE_CURVE_WITH_KNOTS('',3,(#7483,#7484,#7485,#7486,#7487),
 .UNSPECIFIED.,.F.,.F.,(4,1,4),(0.,0.00753657323421842,0.0153000424368695),
 .UNSPECIFIED.);
#2035=B_SPLINE_CURVE_WITH_KNOTS('',3,(#7500,#7501,#7502,#7503,#7504),
 .UNSPECIFIED.,.F.,.F.,(4,1,4),(0.,0.00791325269996889,0.0154920855335145),
 .UNSPECIFIED.);
#2036=B_SPLINE_CURVE_WITH_KNOTS('',3,(#7521,#7522,#7523,#7524,#7525),
 .UNSPECIFIED.,.F.,.F.,(4,1,4),(0.,0.015377189988107,0.0276699762009042),
 .UNSPECIFIED.);
#2037=B_SPLINE_CURVE_WITH_KNOTS('',3,(#7538,#7539,#7540,#7541,#7542),
 .UNSPECIFIED.,.F.,.F.,(4,1,4),(0.,0.0130475748655863,0.0286735848659621),
 .UNSPECIFIED.);
#2038=B_SPLINE_CURVE_WITH_KNOTS('',3,(#7555,#7556,#7557,#7558,#7559),
 .UNSPECIFIED.,.F.,.F.,(4,1,4),(0.,0.0403046617629207,0.0690010057873302),
 .UNSPECIFIED.);
#2039=B_SPLINE_CURVE_WITH_KNOTS('',3,(#7572,#7573,#7574,#7575,#7576),
 .UNSPECIFIED.,.F.,.F.,(4,1,4),(0.,0.0288484378573215,0.0692036132493846),
 .UNSPECIFIED.);
#2040=B_SPLINE_CURVE_WITH_KNOTS('',3,(#7589,#7590,#7591,#7592,#7593),
 .UNSPECIFIED.,.F.,.F.,(4,1,4),(0.,0.0118861019831156,0.0203115260748102),
 .UNSPECIFIED.);
#2041=B_SPLINE_CURVE_WITH_KNOTS('',3,(#7606,#7607,#7608,#7609,#7610),
 .UNSPECIFIED.,.F.,.F.,(4,1,4),(0.,0.00842540919384457,0.0203114969587465),
 .UNSPECIFIED.);
#2042=B_SPLINE_CURVE_WITH_KNOTS('',3,(#7623,#7624,#7625,#7626,#7627),
 .UNSPECIFIED.,.F.,.F.,(4,1,4),(0.,0.00814509122096909,0.0139632937046224),
 .UNSPECIFIED.);
#2043=B_SPLINE_CURVE_WITH_KNOTS('',3,(#7640,#7641,#7642,#7643,#7644),
 .UNSPECIFIED.,.F.,.F.,(4,1,4),(0.,0.00581818760290824,0.0139632656877514),
 .UNSPECIFIED.);
#2044=B_SPLINE_CURVE_WITH_KNOTS('',3,(#7657,#7658,#7659,#7660,#7661),
 .UNSPECIFIED.,.F.,.F.,(4,1,4),(0.,0.010922395469515,0.0231274180074641),
 .UNSPECIFIED.);
#2045=B_SPLINE_CURVE_WITH_KNOTS('',3,(#7674,#7675,#7676,#7677,#7678),
 .UNSPECIFIED.,.F.,.F.,(4,1,4),(0.,0.0220970798587911,0.0393430416195645),
 .UNSPECIFIED.);
#2046=B_SPLINE_CURVE_WITH_KNOTS('',3,(#7691,#7692,#7693,#7694,#7695),
 .UNSPECIFIED.,.F.,.F.,(4,1,4),(0.,0.0166240607871832,0.0397280662849349),
 .UNSPECIFIED.);
#2047=B_SPLINE_CURVE_WITH_KNOTS('',3,(#7708,#7709,#7710,#7711,#7712),
 .UNSPECIFIED.,.F.,.F.,(4,1,4),(0.,0.0114214039105917,0.029581044836045),
 .UNSPECIFIED.);
#2048=B_SPLINE_CURVE_WITH_KNOTS('',3,(#7725,#7726,#7727,#7728,#7729),
 .UNSPECIFIED.,.F.,.F.,(4,1,4),(0.,0.00793839055878535,0.0155465148992898),
 .UNSPECIFIED.);
#2049=B_SPLINE_CURVE_WITH_KNOTS('',3,(#7742,#7743,#7744,#7745,#7746),
 .UNSPECIFIED.,.F.,.F.,(4,1,4),(0.,0.00773750222472855,0.0156984083875563),
 .UNSPECIFIED.);
#2050=B_SPLINE_CURVE_WITH_KNOTS('',3,(#7759,#7760,#7761,#7762,#7763),
 .UNSPECIFIED.,.F.,.F.,(4,1,4),(0.,0.0273296770495481,0.0408357518448303),
 .UNSPECIFIED.);
#2051=B_SPLINE_CURVE_WITH_KNOTS('',3,(#7776,#7777,#7778,#7779,#7780),
 .UNSPECIFIED.,.F.,.F.,(4,1,4),(0.,0.0456369432281176,0.0786855133844375),
 .UNSPECIFIED.);
#2052=B_SPLINE_CURVE_WITH_KNOTS('',3,(#7793,#7794,#7795,#7796,#7797),
 .UNSPECIFIED.,.F.,.F.,(4,1,4),(0.,0.0324972708795718,0.0785035091474209),
 .UNSPECIFIED.);
#2053=B_SPLINE_CURVE_WITH_KNOTS('',3,(#7810,#7811,#7812,#7813,#7814),
 .UNSPECIFIED.,.F.,.F.,(4,1,4),(0.,0.0167449148208902,0.0286776056223559),
 .UNSPECIFIED.);
#2054=B_SPLINE_CURVE_WITH_KNOTS('',3,(#7827,#7828,#7829,#7830,#7831),
 .UNSPECIFIED.,.F.,.F.,(4,1,4),(0.,0.0120848523503474,0.0288803703682994),
 .UNSPECIFIED.);
#2055=B_SPLINE_CURVE_WITH_KNOTS('',3,(#7852,#7853,#7854,#7855,#7856),
 .UNSPECIFIED.,.F.,.F.,(4,1,4),(0.,0.017316968569544,0.0417608480394175),
 .UNSPECIFIED.);
#2056=B_SPLINE_CURVE_WITH_KNOTS('',3,(#7869,#7870,#7871,#7872,#7873),
 .UNSPECIFIED.,.F.,.F.,(4,1,4),(0.,0.00962174353668994,0.0197025132674945),
 .UNSPECIFIED.);
#2057=B_SPLINE_CURVE_WITH_KNOTS('',3,(#7886,#7887,#7888,#7889,#7890),
 .UNSPECIFIED.,.F.,.F.,(4,1,4),(0.,0.0120857669111084,0.0200195719717399),
 .UNSPECIFIED.);
#2058=B_SPLINE_CURVE_WITH_KNOTS('',3,(#7910,#7911,#7912,#7913,#7914),
 .UNSPECIFIED.,.F.,.F.,(4,1,4),(0.,0.00753705546640754,0.0154458751396825),
 .UNSPECIFIED.);
#2059=B_SPLINE_CURVE_WITH_KNOTS('',3,(#7918,#7919,#7920,#7921,#7922),
 .UNSPECIFIED.,.F.,.F.,(4,1,4),(0.,0.00811576043485328,0.0163914662411363),
 .UNSPECIFIED.);
#2060=B_SPLINE_CURVE_WITH_KNOTS('',3,(#7924,#7925,#7926,#7927,#7928),
 .UNSPECIFIED.,.F.,.F.,(4,1,4),(0.,0.00778027602192949,0.0150059366369304),
 .UNSPECIFIED.);
#2061=B_SPLINE_CURVE_WITH_KNOTS('',3,(#7930,#7931,#7932,#7933,#7934),
 .UNSPECIFIED.,.F.,.F.,(4,1,4),(0.,0.065224917789454,0.118899114027169),
 .UNSPECIFIED.);
#2062=B_SPLINE_CURVE_WITH_KNOTS('',3,(#7936,#7937,#7938,#7939,#7940),
 .UNSPECIFIED.,.F.,.F.,(4,1,4),(0.,0.0303856525928922,0.0636207043850235),
 .UNSPECIFIED.);
#2063=B_SPLINE_CURVE_WITH_KNOTS('',3,(#7942,#7943,#7944,#7945,#7946),
 .UNSPECIFIED.,.F.,.F.,(4,1,4),(0.,0.0299078303884238,0.0629658842727706),
 .UNSPECIFIED.);
#2064=B_SPLINE_CURVE_WITH_KNOTS('',3,(#7948,#7949,#7950,#7951,#7952),
 .UNSPECIFIED.,.F.,.F.,(4,1,4),(0.,0.0784199810887435,0.140049695234072),
 .UNSPECIFIED.);
#2065=B_SPLINE_CURVE_WITH_KNOTS('',3,(#7954,#7955,#7956,#7957,#7958),
 .UNSPECIFIED.,.F.,.F.,(4,1,4),(0.,0.0261333381899326,0.0490217519073087),
 .UNSPECIFIED.);
#2066=B_SPLINE_CURVE_WITH_KNOTS('',3,(#7962,#7963,#7964,#7965,#7966),
 .UNSPECIFIED.,.F.,.F.,(4,1,4),(0.,0.0120593144311367,0.0243395264720666),
 .UNSPECIFIED.);
#2067=B_SPLINE_CURVE_WITH_KNOTS('',3,(#7968,#7969,#7970,#7971,#7972),
 .UNSPECIFIED.,.F.,.F.,(4,1,4),(0.,0.0109800017012257,0.021601450001024),
 .UNSPECIFIED.);
#2068=B_SPLINE_CURVE_WITH_KNOTS('',3,(#7974,#7975,#7976,#7977,#7978),
 .UNSPECIFIED.,.F.,.F.,(4,1,4),(0.,0.0178698560341476,0.0307172076417378),
 .UNSPECIFIED.);
#2069=B_SPLINE_CURVE_WITH_KNOTS('',3,(#7980,#7981,#7982,#7983,#7984),
 .UNSPECIFIED.,.F.,.F.,(4,1,4),(0.,0.012847336716923,0.0307171777480443),
 .UNSPECIFIED.);
#2070=B_SPLINE_CURVE_WITH_KNOTS('',3,(#7986,#7987,#7988,#7989,#7990),
 .UNSPECIFIED.,.F.,.F.,(4,1,4),(0.,0.0324671791791064,0.0555781075748068),
 .UNSPECIFIED.);
#2071=B_SPLINE_CURVE_WITH_KNOTS('',3,(#7992,#7993,#7994,#7995,#7996),
 .UNSPECIFIED.,.F.,.F.,(4,1,4),(0.,0.0232630127672535,0.0557806923226121),
 .UNSPECIFIED.);
#2072=B_SPLINE_CURVE_WITH_KNOTS('',3,(#7998,#7999,#8000,#8001,#8002),
 .UNSPECIFIED.,.F.,.F.,(4,1,4),(0.,0.0278566312511771,0.0478281118264109),
 .UNSPECIFIED.);
#2073=B_SPLINE_CURVE_WITH_KNOTS('',3,(#8004,#8005,#8006,#8007,#8008),
 .UNSPECIFIED.,.F.,.F.,(4,1,4),(0.,0.0199714806107289,0.047828111861906),
 .UNSPECIFIED.);
#2074=B_SPLINE_CURVE_WITH_KNOTS('',3,(#8010,#8011,#8012,#8013,#8014),
 .UNSPECIFIED.,.F.,.F.,(4,1,4),(0.,0.00800191879017809,0.016323739145695),
 .UNSPECIFIED.);
#2075=B_SPLINE_CURVE_WITH_KNOTS('',3,(#8016,#8017,#8018,#8019,#8020),
 .UNSPECIFIED.,.F.,.F.,(4,1,4),(0.,0.00813120461903419,0.0160486823537371),
 .UNSPECIFIED.);
#2076=B_SPLINE_CURVE_WITH_KNOTS('',3,(#8022,#8023,#8024,#8025,#8026),
 .UNSPECIFIED.,.F.,.F.,(4,1,4),(0.,0.00791749463884027,0.0160486937712615),
 .UNSPECIFIED.);
#2077=B_SPLINE_CURVE_WITH_KNOTS('',3,(#8028,#8029,#8030,#8031,#8032),
 .UNSPECIFIED.,.F.,.F.,(4,1,4),(0.,0.00832182003181641,0.0163237388219945),
 .UNSPECIFIED.);
#2078=B_SPLINE_CURVE_WITH_KNOTS('',3,(#8038,#8039,#8040,#8041,#8042),
 .UNSPECIFIED.,.F.,.F.,(4,1,4),(0.,0.0900798410405221,0.175500235264166),
 .UNSPECIFIED.);
#2079=B_SPLINE_CURVE_WITH_KNOTS('',3,(#8044,#8045,#8046,#8047,#8048),
 .UNSPECIFIED.,.F.,.F.,(4,1,4),(0.,0.007634111508792,0.0161229760064257),
 .UNSPECIFIED.);
#2080=B_SPLINE_CURVE_WITH_KNOTS('',3,(#8049,#8050,#8051,#8052,#8053),
 .UNSPECIFIED.,.F.,.F.,(4,1,4),(0.,0.00821450390301042,0.016161002978874),
 .UNSPECIFIED.);
#2081=B_SPLINE_CURVE_WITH_KNOTS('',3,(#8056,#8057,#8058,#8059,#8060),
 .UNSPECIFIED.,.F.,.F.,(4,1,4),(0.,0.0284046801769735,0.0633289867437882),
 .UNSPECIFIED.);
#2082=B_SPLINE_CURVE_WITH_KNOTS('',3,(#8062,#8063,#8064,#8065,#8066),
 .UNSPECIFIED.,.F.,.F.,(4,1,4),(0.,0.013245131220129,0.0224266089726491),
 .UNSPECIFIED.);
#2083=B_SPLINE_CURVE_WITH_KNOTS('',3,(#8068,#8069,#8070,#8071,#8072),
 .UNSPECIFIED.,.F.,.F.,(4,1,4),(0.,0.0131451062768669,0.0268329938301326),
 .UNSPECIFIED.);
#2084=B_SPLINE_CURVE_WITH_KNOTS('',3,(#8074,#8075,#8076,#8077,#8078),
 .UNSPECIFIED.,.F.,.F.,(4,1,4),(0.,0.0453952059575695,0.0792881081585668),
 .UNSPECIFIED.);
#2085=B_SPLINE_CURVE_WITH_KNOTS('',3,(#8080,#8081,#8082,#8083,#8084),
 .UNSPECIFIED.,.F.,.F.,(4,1,4),(0.,0.00525423175956369,0.00903501897851883),
 .UNSPECIFIED.);
#2086=B_SPLINE_CURVE_WITH_KNOTS('',3,(#8086,#8087,#8088,#8089,#8090),
 .UNSPECIFIED.,.F.,.F.,(4,1,4),(0.,0.00362857164847544,0.00883208733389905),
 .UNSPECIFIED.);
#2087=B_SPLINE_CURVE_WITH_KNOTS('',3,(#8094,#8095,#8096,#8097,#8098),
 .UNSPECIFIED.,.F.,.F.,(4,1,4),(0.,0.018229116242592,0.0404925021838388),
 .UNSPECIFIED.);
#2088=B_SPLINE_CURVE_WITH_KNOTS('',3,(#8100,#8101,#8102,#8103,#8104),
 .UNSPECIFIED.,.F.,.F.,(4,1,4),(0.,0.0136917405110115,0.0246075259804614),
 .UNSPECIFIED.);
#2089=B_SPLINE_CURVE_WITH_KNOTS('',3,(#8109,#8110,#8111,#8112,#8113),
 .UNSPECIFIED.,.F.,.F.,(4,1,4),(0.,0.0349083924435848,0.067511533178263),
 .UNSPECIFIED.);
#2090=B_SPLINE_CURVE_WITH_KNOTS('',3,(#8127,#8128,#8129,#8130,#8131),
 .UNSPECIFIED.,.F.,.F.,(4,1,4),(0.,0.0284046801769735,0.0633289867437882),
 .UNSPECIFIED.);
#2091=B_SPLINE_CURVE_WITH_KNOTS('',3,(#8144,#8145,#8146,#8147,#8148),
 .UNSPECIFIED.,.F.,.F.,(4,1,4),(0.,0.013245131220129,0.0224266089726491),
 .UNSPECIFIED.);
#2092=B_SPLINE_CURVE_WITH_KNOTS('',3,(#8161,#8162,#8163,#8164,#8165),
 .UNSPECIFIED.,.F.,.F.,(4,1,4),(0.,0.0131451062768669,0.0268329938301326),
 .UNSPECIFIED.);
#2093=B_SPLINE_CURVE_WITH_KNOTS('',3,(#8178,#8179,#8180,#8181,#8182),
 .UNSPECIFIED.,.F.,.F.,(4,1,4),(0.,0.0453952059575695,0.0792881081585668),
 .UNSPECIFIED.);
#2094=B_SPLINE_CURVE_WITH_KNOTS('',3,(#8195,#8196,#8197,#8198,#8199),
 .UNSPECIFIED.,.F.,.F.,(4,1,4),(0.,0.00525423175956369,0.00903501897851883),
 .UNSPECIFIED.);
#2095=B_SPLINE_CURVE_WITH_KNOTS('',3,(#8212,#8213,#8214,#8215,#8216),
 .UNSPECIFIED.,.F.,.F.,(4,1,4),(0.,0.00362857164847544,0.00883208733389905),
 .UNSPECIFIED.);
#2096=B_SPLINE_CURVE_WITH_KNOTS('',3,(#8233,#8234,#8235,#8236,#8237),
 .UNSPECIFIED.,.F.,.F.,(4,1,4),(0.,0.018229116242592,0.0404925021838388),
 .UNSPECIFIED.);
#2097=B_SPLINE_CURVE_WITH_KNOTS('',3,(#8250,#8251,#8252,#8253,#8254),
 .UNSPECIFIED.,.F.,.F.,(4,1,4),(0.,0.0136917405110115,0.0246075259804614),
 .UNSPECIFIED.);
#2098=B_SPLINE_CURVE_WITH_KNOTS('',3,(#8274,#8275,#8276,#8277,#8278),
 .UNSPECIFIED.,.F.,.F.,(4,1,4),(0.,0.0349083924435848,0.067511533178263),
 .UNSPECIFIED.);
#2099=B_SPLINE_CURVE_WITH_KNOTS('',3,(#8292,#8293,#8294,#8295,#8296),
 .UNSPECIFIED.,.F.,.F.,(4,1,4),(0.,0.00811576043485328,0.0163914662411363),
 .UNSPECIFIED.);
#2100=B_SPLINE_CURVE_WITH_KNOTS('',3,(#8309,#8310,#8311,#8312,#8313),
 .UNSPECIFIED.,.F.,.F.,(4,1,4),(0.,0.00778027602192949,0.0150059366369304),
 .UNSPECIFIED.);
#2101=B_SPLINE_CURVE_WITH_KNOTS('',3,(#8326,#8327,#8328,#8329,#8330),
 .UNSPECIFIED.,.F.,.F.,(4,1,4),(0.,0.065224917789454,0.118899114027169),
 .UNSPECIFIED.);
#2102=B_SPLINE_CURVE_WITH_KNOTS('',3,(#8343,#8344,#8345,#8346,#8347),
 .UNSPECIFIED.,.F.,.F.,(4,1,4),(0.,0.0303856525928922,0.0636207043850235),
 .UNSPECIFIED.);
#2103=B_SPLINE_CURVE_WITH_KNOTS('',3,(#8360,#8361,#8362,#8363,#8364),
 .UNSPECIFIED.,.F.,.F.,(4,1,4),(0.,0.0299078303884238,0.0629658842727706),
 .UNSPECIFIED.);
#2104=B_SPLINE_CURVE_WITH_KNOTS('',3,(#8377,#8378,#8379,#8380,#8381),
 .UNSPECIFIED.,.F.,.F.,(4,1,4),(0.,0.0784199810887435,0.140049695234072),
 .UNSPECIFIED.);
#2105=B_SPLINE_CURVE_WITH_KNOTS('',3,(#8394,#8395,#8396,#8397,#8398),
 .UNSPECIFIED.,.F.,.F.,(4,1,4),(0.,0.0261333381899326,0.0490217519073087),
 .UNSPECIFIED.);
#2106=B_SPLINE_CURVE_WITH_KNOTS('',3,(#8415,#8416,#8417,#8418,#8419),
 .UNSPECIFIED.,.F.,.F.,(4,1,4),(0.,0.0120593144311367,0.0243395264720666),
 .UNSPECIFIED.);
#2107=B_SPLINE_CURVE_WITH_KNOTS('',3,(#8432,#8433,#8434,#8435,#8436),
 .UNSPECIFIED.,.F.,.F.,(4,1,4),(0.,0.0109800017012257,0.021601450001024),
 .UNSPECIFIED.);
#2108=B_SPLINE_CURVE_WITH_KNOTS('',3,(#8449,#8450,#8451,#8452,#8453),
 .UNSPECIFIED.,.F.,.F.,(4,1,4),(0.,0.0178698560341476,0.0307172076417378),
 .UNSPECIFIED.);
#2109=B_SPLINE_CURVE_WITH_KNOTS('',3,(#8466,#8467,#8468,#8469,#8470),
 .UNSPECIFIED.,.F.,.F.,(4,1,4),(0.,0.012847336716923,0.0307171777480443),
 .UNSPECIFIED.);
#2110=B_SPLINE_CURVE_WITH_KNOTS('',3,(#8483,#8484,#8485,#8486,#8487),
 .UNSPECIFIED.,.F.,.F.,(4,1,4),(0.,0.0324671791791064,0.0555781075748068),
 .UNSPECIFIED.);
#2111=B_SPLINE_CURVE_WITH_KNOTS('',3,(#8500,#8501,#8502,#8503,#8504),
 .UNSPECIFIED.,.F.,.F.,(4,1,4),(0.,0.0232630127672535,0.0557806923226121),
 .UNSPECIFIED.);
#2112=B_SPLINE_CURVE_WITH_KNOTS('',3,(#8517,#8518,#8519,#8520,#8521),
 .UNSPECIFIED.,.F.,.F.,(4,1,4),(0.,0.0278566312511771,0.0478281118264109),
 .UNSPECIFIED.);
#2113=B_SPLINE_CURVE_WITH_KNOTS('',3,(#8534,#8535,#8536,#8537,#8538),
 .UNSPECIFIED.,.F.,.F.,(4,1,4),(0.,0.0199714806107289,0.047828111861906),
 .UNSPECIFIED.);
#2114=B_SPLINE_CURVE_WITH_KNOTS('',3,(#8551,#8552,#8553,#8554,#8555),
 .UNSPECIFIED.,.F.,.F.,(4,1,4),(0.,0.00800191879017809,0.016323739145695),
 .UNSPECIFIED.);
#2115=B_SPLINE_CURVE_WITH_KNOTS('',3,(#8568,#8569,#8570,#8571,#8572),
 .UNSPECIFIED.,.F.,.F.,(4,1,4),(0.,0.00813120461903419,0.0160486823537371),
 .UNSPECIFIED.);
#2116=B_SPLINE_CURVE_WITH_KNOTS('',3,(#8585,#8586,#8587,#8588,#8589),
 .UNSPECIFIED.,.F.,.F.,(4,1,4),(0.,0.00791749463884027,0.0160486937712615),
 .UNSPECIFIED.);
#2117=B_SPLINE_CURVE_WITH_KNOTS('',3,(#8602,#8603,#8604,#8605,#8606),
 .UNSPECIFIED.,.F.,.F.,(4,1,4),(0.,0.00832182003181641,0.0163237388219945),
 .UNSPECIFIED.);
#2118=B_SPLINE_CURVE_WITH_KNOTS('',3,(#8627,#8628,#8629,#8630,#8631),
 .UNSPECIFIED.,.F.,.F.,(4,1,4),(0.,0.0900798410405221,0.175500235264166),
 .UNSPECIFIED.);
#2119=B_SPLINE_CURVE_WITH_KNOTS('',3,(#8644,#8645,#8646,#8647,#8648),
 .UNSPECIFIED.,.F.,.F.,(4,1,4),(0.,0.007634111508792,0.0161229760064257),
 .UNSPECIFIED.);
#2120=B_SPLINE_CURVE_WITH_KNOTS('',3,(#8660,#8661,#8662,#8663,#8664),
 .UNSPECIFIED.,.F.,.F.,(4,1,4),(0.,0.00821450390301042,0.016161002978874),
 .UNSPECIFIED.);
#2121=B_SPLINE_CURVE_WITH_KNOTS('',3,(#8764,#8765,#8766,#8767,#8768),
 .UNSPECIFIED.,.F.,.F.,(4,1,4),(-0.0944352552070643,-0.0514275489382403,
-1.11762041794398E-16),.UNSPECIFIED.);
#2122=B_SPLINE_CURVE_WITH_KNOTS('',3,(#8770,#8771,#8772,#8773,#8774),
 .UNSPECIFIED.,.F.,.F.,(4,1,4),(-0.113221087074846,-0.10285509787648,-0.0944352552070643),
 .UNSPECIFIED.);
#2123=B_SPLINE_CURVE_WITH_KNOTS('',3,(#8776,#8777,#8778,#8779,#8780,#8781),
 .UNSPECIFIED.,.F.,.F.,(4,1,1,4),(-0.359992842567681,-0.257137744691201,
-0.154282646814721,-0.113221087074846),.UNSPECIFIED.);
#2124=B_SPLINE_CURVE_WITH_KNOTS('',3,(#8785,#8786,#8787,#8788,#8789,#8790),
 .UNSPECIFIED.,.F.,.F.,(4,1,1,4),(-0.246780331677637,-0.154286484935684,
-0.0771432424678418,0.),.UNSPECIFIED.);
#2125=B_SPLINE_CURVE_WITH_KNOTS('',3,(#8792,#8793,#8794,#8795,#8796),
 .UNSPECIFIED.,.F.,.F.,(4,1,4),(-0.26556576018838,-0.257144141559473,-0.246780331677637),
 .UNSPECIFIED.);
#2126=B_SPLINE_CURVE_WITH_KNOTS('',3,(#8798,#8799,#8800,#8801,#8802),
 .UNSPECIFIED.,.F.,.F.,(4,1,4),(-0.360001798183262,-0.308572969871367,-0.26556576018838),
 .UNSPECIFIED.);
#2127=B_SPLINE_CURVE_WITH_KNOTS('',3,(#8834,#8835,#8836,#8837,#8838),
 .UNSPECIFIED.,.F.,.F.,(4,1,4),(-0.246832493058276,-0.154286484935695,-1.95899842556211E-17),
 .UNSPECIFIED.);
#2128=B_SPLINE_CURVE_WITH_KNOTS('',3,(#8840,#8841,#8842,#8843,#8844),
 .UNSPECIFIED.,.F.,.F.,(4,1,4),(-0.265590707188289,-0.257144141559491,-0.246832493058276),
 .UNSPECIFIED.);
#2129=B_SPLINE_CURVE_WITH_KNOTS('',3,(#8846,#8847,#8848,#8849,#8850),
 .UNSPECIFIED.,.F.,.F.,(4,1,4),(-0.360001798183288,-0.308572969871389,-0.265565760188442),
 .UNSPECIFIED.);
#2130=B_SPLINE_CURVE_WITH_KNOTS('',3,(#8873,#8874,#8875,#8876,#8877,#8878),
 .UNSPECIFIED.,.F.,.F.,(4,2,4),(0.50553224003851,0.581995466601179,0.699558285734088),
 .UNSPECIFIED.);
#2131=B_SPLINE_CURVE_WITH_KNOTS('',3,(#8917,#8918,#8919,#8920,#8921),
 .UNSPECIFIED.,.F.,.F.,(4,1,4),(-1.4600300253988,-1.45347157047155,-1.32106386801638),
 .UNSPECIFIED.);
#2132=B_SPLINE_CURVE_WITH_KNOTS('',3,(#8923,#8924,#8925,#8926,#8927,#8928),
 .UNSPECIFIED.,.F.,.F.,(4,1,1,4),(1.32106386801638,1.45347157047155,1.54174337210834,
1.63001517374512),.UNSPECIFIED.);
#2133=B_SPLINE_CURVE_WITH_KNOTS('',3,(#8929,#8930,#8931,#8932,#8933,#8934,
#8935,#8936,#8937,#8938),.UNSPECIFIED.,.F.,.F.,(4,2,2,2,4),(-0.15588444616888,
-0.154881606876951,-0.0918620486954425,-0.0403042605174117,0.),
 .UNSPECIFIED.);
#2134=B_SPLINE_CURVE_WITH_KNOTS('',3,(#8982,#8983,#8984,#8985,#8986,#8987,
#8988,#8989),.UNSPECIFIED.,.F.,.F.,(4,1,1,1,1,4),(0.,0.0771432424678418,
0.154286484935684,0.257144141559473,0.308572969871367,0.360001798183262),
 .UNSPECIFIED.);
#2135=B_SPLINE_CURVE_WITH_KNOTS('',3,(#9038,#9039,#9040,#9041,#9042,#9043,
#9044,#9045),.UNSPECIFIED.,.F.,.F.,(4,1,1,1,1,4),(1.11762041794398E-16,
0.0514275489382403,0.10285509787648,0.154282646814721,0.257137744691201,
0.359992842567681),.UNSPECIFIED.);
#2136=B_SPLINE_CURVE_WITH_KNOTS('',3,(#9087,#9088,#9089,#9090,#9091,#9092),
 .UNSPECIFIED.,.F.,.F.,(4,1,1,4),(0.137577188575471,0.20378103980308,0.269984891030689,
0.446528494304314),.UNSPECIFIED.);
#2137=B_SPLINE_CURVE_WITH_KNOTS('',3,(#9093,#9094,#9095,#9096),
 .UNSPECIFIED.,.F.,.F.,(4,4),(-0.446528494304314,-0.307482310677432),
 .UNSPECIFIED.);
#2138=B_SPLINE_CURVE_WITH_KNOTS('',3,(#9126,#9127,#9128,#9129),
 .UNSPECIFIED.,.F.,.F.,(4,4),(-0.184903803885908,0.),.UNSPECIFIED.);
#2139=B_SPLINE_CURVE_WITH_KNOTS('',3,(#9132,#9133,#9134,#9135),
 .UNSPECIFIED.,.F.,.F.,(4,4),(0.,0.184903803885908),.UNSPECIFIED.);
#2140=B_SPLINE_CURVE_WITH_KNOTS('',3,(#9166,#9167,#9168,#9169,#9170,#9171),
 .UNSPECIFIED.,.F.,.F.,(4,2,4),(-0.171961594249551,0.,0.000642655342428886),
 .UNSPECIFIED.);
#2141=B_SPLINE_CURVE_WITH_KNOTS('',3,(#9172,#9173,#9174,#9175,#9176,#9177),
 .UNSPECIFIED.,.F.,.F.,(4,2,4),(-0.000642655342428886,0.,0.171961594249551),
 .UNSPECIFIED.);
#2142=B_SPLINE_CURVE_WITH_KNOTS('',3,(#9226,#9227,#9228,#9229,#9230,#9231,
#9232),.UNSPECIFIED.,.F.,.F.,(4,1,1,1,4),(1.95899842556211E-17,0.154286484935695,
0.257144141559491,0.308572969871389,0.360001798183288),.UNSPECIFIED.);
#2143=B_SPLINE_CURVE_WITH_KNOTS('',3,(#9252,#9253,#9254,#9255,#9256,#9257),
 .UNSPECIFIED.,.F.,.F.,(4,2,4),(0.,0.117562819132908,0.15373877548723),
 .UNSPECIFIED.);
#2144=B_SPLINE_CURVE_WITH_KNOTS('',3,(#9304,#9305,#9306,#9307,#9308),
 .UNSPECIFIED.,.F.,.F.,(4,1,4),(0.,0.0761089338575758,0.133104974366634),
 .UNSPECIFIED.);
#2145=B_SPLINE_CURVE_WITH_KNOTS('',3,(#9310,#9311,#9312,#9313,#9314),
 .UNSPECIFIED.,.F.,.F.,(4,1,4),(0.,0.0432622874756588,0.0787721200212629),
 .UNSPECIFIED.);
#2146=B_SPLINE_CURVE_WITH_KNOTS('',3,(#9316,#9317,#9318,#9319,#9320),
 .UNSPECIFIED.,.F.,.F.,(4,1,4),(0.,0.0354827285445238,0.0792044543151261),
 .UNSPECIFIED.);
#2147=B_SPLINE_CURVE_WITH_KNOTS('',3,(#9324,#9325,#9326,#9327,#9328),
 .UNSPECIFIED.,.F.,.F.,(4,1,4),(0.,0.0247950587996147,0.0522950324312039),
 .UNSPECIFIED.);
#2148=B_SPLINE_CURVE_WITH_KNOTS('',3,(#9330,#9331,#9332,#9333,#9334),
 .UNSPECIFIED.,.F.,.F.,(4,1,4),(0.,0.02833051088498,0.055935162647825),
 .UNSPECIFIED.);
#2149=B_SPLINE_CURVE_WITH_KNOTS('',3,(#9338,#9339,#9340,#9341,#9342),
 .UNSPECIFIED.,.F.,.F.,(4,1,4),(0.,0.0348270979078872,0.0716927766137858),
 .UNSPECIFIED.);
#2150=B_SPLINE_CURVE_WITH_KNOTS('',3,(#9344,#9345,#9346,#9347,#9348),
 .UNSPECIFIED.,.F.,.F.,(4,1,4),(0.,0.0353379771525206,0.0669547486207809),
 .UNSPECIFIED.);
#2151=B_SPLINE_CURVE_WITH_KNOTS('',3,(#9352,#9353,#9354,#9355,#9356),
 .UNSPECIFIED.,.F.,.F.,(4,1,4),(0.,0.0640799504642353,0.124085685459792),
 .UNSPECIFIED.);
#2152=B_SPLINE_CURVE_WITH_KNOTS('',3,(#9358,#9359,#9360,#9361,#9362),
 .UNSPECIFIED.,.F.,.F.,(4,1,4),(0.,0.0776393245836695,0.183999433372941),
 .UNSPECIFIED.);
#2153=B_SPLINE_CURVE_WITH_KNOTS('',3,(#9382,#9383,#9384,#9385,#9386),
 .UNSPECIFIED.,.F.,.F.,(4,1,4),(0.,0.14574065475775,0.346042030238732),
 .UNSPECIFIED.);
#2154=B_SPLINE_CURVE_WITH_KNOTS('',3,(#9388,#9389,#9390,#9391,#9392),
 .UNSPECIFIED.,.F.,.F.,(4,1,4),(0.,0.199624388240781,0.345261870906993),
 .UNSPECIFIED.);
#2155=B_SPLINE_CURVE_WITH_KNOTS('',3,(#9400,#9401,#9402,#9403,#9404),
 .UNSPECIFIED.,.F.,.F.,(4,1,4),(0.,0.0350404655217711,0.0643495259367194),
 .UNSPECIFIED.);
#2156=B_SPLINE_CURVE_WITH_KNOTS('',3,(#9406,#9407,#9408,#9409,#9410),
 .UNSPECIFIED.,.F.,.F.,(4,1,4),(0.,0.0379446050934162,0.0933072145245184),
 .UNSPECIFIED.);
#2157=B_SPLINE_CURVE_WITH_KNOTS('',3,(#9412,#9413,#9414,#9415,#9416),
 .UNSPECIFIED.,.F.,.F.,(4,1,4),(0.,0.0542093885658591,0.0906098725575344),
 .UNSPECIFIED.);
#2158=B_SPLINE_CURVE_WITH_KNOTS('',3,(#9418,#9419,#9420,#9421,#9422),
 .UNSPECIFIED.,.F.,.F.,(4,1,4),(0.,0.0293092183447995,0.0643496398337563),
 .UNSPECIFIED.);
#2159=B_SPLINE_CURVE_WITH_KNOTS('',3,(#9430,#9431,#9432,#9433,#9434),
 .UNSPECIFIED.,.F.,.F.,(4,1,4),(0.,0.0493941324957622,0.107674779471343),
 .UNSPECIFIED.);
#2160=B_SPLINE_CURVE_WITH_KNOTS('',3,(#9436,#9437,#9438,#9439,#9440),
 .UNSPECIFIED.,.F.,.F.,(4,1,4),(0.,0.0962377381163677,0.213391466362213),
 .UNSPECIFIED.);
#2161=B_SPLINE_CURVE_WITH_KNOTS('',3,(#9444,#9445,#9446,#9447,#9448),
 .UNSPECIFIED.,.F.,.F.,(4,1,4),(0.,0.133426841520103,0.215926388507388),
 .UNSPECIFIED.);
#2162=B_SPLINE_CURVE_WITH_KNOTS('',3,(#9450,#9451,#9452,#9453,#9454),
 .UNSPECIFIED.,.F.,.F.,(4,1,4),(0.,0.0914591518756166,0.146784956934857),
 .UNSPECIFIED.);
#2163=B_SPLINE_CURVE_WITH_KNOTS('',3,(#9458,#9459,#9460,#9461,#9462),
 .UNSPECIFIED.,.F.,.F.,(4,1,4),(0.,0.0264837096325865,0.0497551193390036),
 .UNSPECIFIED.);
#2164=B_SPLINE_CURVE_WITH_KNOTS('',3,(#9464,#9465,#9466,#9467,#9468),
 .UNSPECIFIED.,.F.,.F.,(4,1,4),(0.,0.0263572203105034,0.0640050163775172),
 .UNSPECIFIED.);
#2165=B_SPLINE_CURVE_WITH_KNOTS('',3,(#9472,#9473,#9474,#9475,#9476),
 .UNSPECIFIED.,.F.,.F.,(4,1,4),(0.,0.153496178144444,0.281326368685986),
 .UNSPECIFIED.);
#2166=B_SPLINE_CURVE_WITH_KNOTS('',3,(#9480,#9481,#9482,#9483,#9484),
 .UNSPECIFIED.,.F.,.F.,(4,1,4),(0.,0.070128822056619,0.138454880685465),
 .UNSPECIFIED.);
#2167=B_SPLINE_CURVE_WITH_KNOTS('',3,(#9486,#9487,#9488,#9489,#9490),
 .UNSPECIFIED.,.F.,.F.,(4,1,4),(0.,0.0892421040907949,0.212777969520668),
 .UNSPECIFIED.);
#2168=B_SPLINE_CURVE_WITH_KNOTS('',3,(#9492,#9493,#9494,#9495,#9496),
 .UNSPECIFIED.,.F.,.F.,(4,1,4),(0.,0.0839523282707551,0.188118090050079),
 .UNSPECIFIED.);
#2169=B_SPLINE_CURVE_WITH_KNOTS('',3,(#9500,#9501,#9502,#9503,#9504),
 .UNSPECIFIED.,.F.,.F.,(4,1,4),(0.,0.118532571605697,0.193071119108824),
 .UNSPECIFIED.);
#2170=B_SPLINE_CURVE_WITH_KNOTS('',3,(#9506,#9507,#9508,#9509,#9510),
 .UNSPECIFIED.,.F.,.F.,(4,1,4),(0.,0.061090731736647,0.0991535851761749),
 .UNSPECIFIED.);
#2171=B_SPLINE_CURVE_WITH_KNOTS('',3,(#9512,#9513,#9514,#9515,#9516),
 .UNSPECIFIED.,.F.,.F.,(4,1,4),(0.,0.0261006519984742,0.0510546164936802),
 .UNSPECIFIED.);
#2172=B_SPLINE_CURVE_WITH_KNOTS('',3,(#9520,#9521,#9522,#9523,#9524),
 .UNSPECIFIED.,.F.,.F.,(4,1,4),(0.,0.0405655492295348,0.101349581625402),
 .UNSPECIFIED.);
#2173=B_SPLINE_CURVE_WITH_KNOTS('',3,(#9528,#9529,#9530,#9531,#9532),
 .UNSPECIFIED.,.F.,.F.,(4,1,4),(0.,0.0890265288533496,0.1557130418032),
 .UNSPECIFIED.);
#2174=B_SPLINE_CURVE_WITH_KNOTS('',3,(#9534,#9535,#9536,#9537,#9538),
 .UNSPECIFIED.,.F.,.F.,(4,1,4),(0.,0.0590835658450143,0.127782080486543),
 .UNSPECIFIED.);
#2175=B_SPLINE_CURVE_WITH_KNOTS('',3,(#9542,#9543,#9544,#9545,#9546),
 .UNSPECIFIED.,.F.,.F.,(4,1,4),(0.,0.0919313120625916,0.171701947996885),
 .UNSPECIFIED.);
#2176=B_SPLINE_CURVE_WITH_KNOTS('',3,(#9547,#9548,#9549,#9550,#9551),
 .UNSPECIFIED.,.F.,.F.,(4,1,4),(0.,0.0423669444924173,0.0868212685925771),
 .UNSPECIFIED.);
#2177=B_SPLINE_CURVE_WITH_KNOTS('',3,(#9558,#9559,#9560,#9561,#9562),
 .UNSPECIFIED.,.F.,.F.,(4,1,4),(0.,0.0761088445314473,0.133104885040505),
 .UNSPECIFIED.);
#2178=B_SPLINE_CURVE_WITH_KNOTS('',3,(#9564,#9565,#9566,#9567,#9568),
 .UNSPECIFIED.,.F.,.F.,(4,1,4),(0.,0.0432623428828314,0.0787722638816084),
 .UNSPECIFIED.);
#2179=B_SPLINE_CURVE_WITH_KNOTS('',3,(#9570,#9571,#9572,#9573,#9574),
 .UNSPECIFIED.,.F.,.F.,(4,1,4),(0.,0.0354826551658761,0.0792043941702188),
 .UNSPECIFIED.);
#2180=B_SPLINE_CURVE_WITH_KNOTS('',3,(#9578,#9579,#9580,#9581,#9582),
 .UNSPECIFIED.,.F.,.F.,(4,1,4),(0.,0.0247950587996147,0.0522950654938674),
 .UNSPECIFIED.);
#2181=B_SPLINE_CURVE_WITH_KNOTS('',3,(#9584,#9585,#9586,#9587,#9588),
 .UNSPECIFIED.,.F.,.F.,(4,1,4),(0.,0.0283303766759556,0.0559352440286879),
 .UNSPECIFIED.);
#2182=B_SPLINE_CURVE_WITH_KNOTS('',3,(#9592,#9593,#9594,#9595,#9596),
 .UNSPECIFIED.,.F.,.F.,(4,1,4),(0.,0.0348270405520315,0.0716928171632549),
 .UNSPECIFIED.);
#2183=B_SPLINE_CURVE_WITH_KNOTS('',3,(#9598,#9599,#9600,#9601,#9602),
 .UNSPECIFIED.,.F.,.F.,(4,1,4),(0.,0.0353379397279888,0.0669547111962492),
 .UNSPECIFIED.);
#2184=B_SPLINE_CURVE_WITH_KNOTS('',3,(#9606,#9607,#9608,#9609,#9610),
 .UNSPECIFIED.,.F.,.F.,(4,1,4),(0.,0.0640799504642353,0.124085685459792),
 .UNSPECIFIED.);
#2185=B_SPLINE_CURVE_WITH_KNOTS('',3,(#9612,#9613,#9614,#9615,#9616),
 .UNSPECIFIED.,.F.,.F.,(4,1,4),(0.,0.0776391537116361,0.183999470580081),
 .UNSPECIFIED.);
#2186=B_SPLINE_CURVE_WITH_KNOTS('',3,(#10013,#10014,#10015,#10016,#10017),
 .UNSPECIFIED.,.F.,.F.,(4,1,4),(0.,0.0220005292146083,0.0539168562124014),
 .UNSPECIFIED.);
#2187=B_SPLINE_CURVE_WITH_KNOTS('',3,(#10020,#10021,#10022,#10023,#10024),
 .UNSPECIFIED.,.F.,.F.,(4,1,4),(0.,0.0220005292146083,0.0539168562124014),
 .UNSPECIFIED.);
#2188=B_SPLINE_CURVE_WITH_KNOTS('',3,(#10036,#10037,#10038,#10039,#10040),
 .UNSPECIFIED.,.F.,.F.,(4,1,4),(0.,0.0127642771436861,0.0286058730305824),
 .UNSPECIFIED.);
#2189=B_SPLINE_CURVE_WITH_KNOTS('',3,(#10043,#10044,#10045,#10046,#10047),
 .UNSPECIFIED.,.F.,.F.,(4,1,4),(0.,0.0127642771436861,0.0286058730305824),
 .UNSPECIFIED.);
#2190=B_SPLINE_CURVE_WITH_KNOTS('',3,(#10059,#10060,#10061,#10062,#10063),
 .UNSPECIFIED.,.F.,.F.,(4,1,4),(0.,0.0185419088531228,0.0321371360241772),
 .UNSPECIFIED.);
#2191=B_SPLINE_CURVE_WITH_KNOTS('',3,(#10066,#10067,#10068,#10069,#10070),
 .UNSPECIFIED.,.F.,.F.,(4,1,4),(0.,0.0185419088531228,0.0321371360241772),
 .UNSPECIFIED.);
#2192=B_SPLINE_CURVE_WITH_KNOTS('',3,(#10088,#10089,#10090,#10091,#10092),
 .UNSPECIFIED.,.F.,.F.,(4,1,4),(0.,0.0164489016671307,0.037773845218816),
 .UNSPECIFIED.);
#2193=B_SPLINE_CURVE_WITH_KNOTS('',3,(#10095,#10096,#10097,#10098,#10099),
 .UNSPECIFIED.,.F.,.F.,(4,1,4),(0.,0.0164489016671307,0.037773845218816),
 .UNSPECIFIED.);
#2194=B_SPLINE_CURVE_WITH_KNOTS('',3,(#10111,#10112,#10113,#10114,#10115),
 .UNSPECIFIED.,.F.,.F.,(4,1,4),(0.,0.0156089688041612,0.0289282865639161),
 .UNSPECIFIED.);
#2195=B_SPLINE_CURVE_WITH_KNOTS('',3,(#10118,#10119,#10120,#10121,#10122),
 .UNSPECIFIED.,.F.,.F.,(4,1,4),(0.,0.0156089688041612,0.0289282865639161),
 .UNSPECIFIED.);
#2196=B_SPLINE_CURVE_WITH_KNOTS('',3,(#10133,#10134,#10135,#10136,#10137),
 .UNSPECIFIED.,.F.,.F.,(4,1,4),(0.,0.0298474300321925,0.0512872534113448),
 .UNSPECIFIED.);
#2197=B_SPLINE_CURVE_WITH_KNOTS('',3,(#10138,#10139,#10140,#10141,#10142),
 .UNSPECIFIED.,.F.,.F.,(4,1,4),(0.,0.0298474300321925,0.0512872534113448),
 .UNSPECIFIED.);
#2198=B_SPLINE_CURVE_WITH_KNOTS('',3,(#10175,#10176,#10177,#10178,#10179),
 .UNSPECIFIED.,.F.,.F.,(4,1,4),(0.,0.0255559270813988,0.0624677425098597),
 .UNSPECIFIED.);
#2199=B_SPLINE_CURVE_WITH_KNOTS('',3,(#10182,#10183,#10184,#10185,#10186),
 .UNSPECIFIED.,.F.,.F.,(4,1,4),(0.,0.0255559270813988,0.0624677425098597),
 .UNSPECIFIED.);
#2200=B_SPLINE_CURVE_WITH_KNOTS('',3,(#10198,#10199,#10200,#10201,#10202),
 .UNSPECIFIED.,.F.,.F.,(4,1,4),(0.,0.0287655561298845,0.0516573778261877),
 .UNSPECIFIED.);
#2201=B_SPLINE_CURVE_WITH_KNOTS('',3,(#10205,#10206,#10207,#10208,#10209),
 .UNSPECIFIED.,.F.,.F.,(4,1,4),(0.,0.0287655561298845,0.0516573778261877),
 .UNSPECIFIED.);
#2202=B_SPLINE_CURVE_WITH_KNOTS('',3,(#10227,#10228,#10229,#10230,#10231),
 .UNSPECIFIED.,.F.,.F.,(4,1,4),(0.,0.0228894683470639,0.0466582770593051),
 .UNSPECIFIED.);
#2203=B_SPLINE_CURVE_WITH_KNOTS('',3,(#10234,#10235,#10236,#10237,#10238),
 .UNSPECIFIED.,.F.,.F.,(4,1,4),(0.,0.0228894683470639,0.0466582770593051),
 .UNSPECIFIED.);
#2204=B_SPLINE_CURVE_WITH_KNOTS('',3,(#10249,#10250,#10251,#10252,#10253),
 .UNSPECIFIED.,.F.,.F.,(4,1,4),(0.,0.0451692601992226,0.0763172329508773),
 .UNSPECIFIED.);
#2205=B_SPLINE_CURVE_WITH_KNOTS('',3,(#10254,#10255,#10256,#10257,#10258),
 .UNSPECIFIED.,.F.,.F.,(4,1,4),(0.,0.0451692601992226,0.0763172329508773),
 .UNSPECIFIED.);
#2206=B_SPLINE_CURVE_WITH_KNOTS('',3,(#10281,#10282,#10283,#10284,#10285),
 .UNSPECIFIED.,.F.,.F.,(4,1,4),(0.,0.0776391537116361,0.183999470580081),
 .UNSPECIFIED.);
#2207=B_SPLINE_CURVE_WITH_KNOTS('',3,(#10298,#10299,#10300,#10301,#10302),
 .UNSPECIFIED.,.F.,.F.,(4,1,4),(0.,0.0640799504642353,0.124085685459792),
 .UNSPECIFIED.);
#2208=B_SPLINE_CURVE_WITH_KNOTS('',3,(#10319,#10320,#10321,#10322,#10323),
 .UNSPECIFIED.,.F.,.F.,(4,1,4),(0.,0.0353379397279888,0.0669547111962492),
 .UNSPECIFIED.);
#2209=B_SPLINE_CURVE_WITH_KNOTS('',3,(#10336,#10337,#10338,#10339,#10340),
 .UNSPECIFIED.,.F.,.F.,(4,1,4),(0.,0.0348270405520315,0.0716928171632549),
 .UNSPECIFIED.);
#2210=B_SPLINE_CURVE_WITH_KNOTS('',3,(#10357,#10358,#10359,#10360,#10361),
 .UNSPECIFIED.,.F.,.F.,(4,1,4),(0.,0.0283303766759556,0.0559352440286879),
 .UNSPECIFIED.);
#2211=B_SPLINE_CURVE_WITH_KNOTS('',3,(#10374,#10375,#10376,#10377,#10378),
 .UNSPECIFIED.,.F.,.F.,(4,1,4),(0.,0.0247950587996147,0.0522950654938674),
 .UNSPECIFIED.);
#2212=B_SPLINE_CURVE_WITH_KNOTS('',3,(#10395,#10396,#10397,#10398,#10399),
 .UNSPECIFIED.,.F.,.F.,(4,1,4),(0.,0.0354826551658761,0.0792043941702188),
 .UNSPECIFIED.);
#2213=B_SPLINE_CURVE_WITH_KNOTS('',3,(#10412,#10413,#10414,#10415,#10416),
 .UNSPECIFIED.,.F.,.F.,(4,1,4),(0.,0.0432623428828314,0.0787722638816084),
 .UNSPECIFIED.);
#2214=B_SPLINE_CURVE_WITH_KNOTS('',3,(#10429,#10430,#10431,#10432,#10433),
 .UNSPECIFIED.,.F.,.F.,(4,1,4),(0.,0.0761088445314473,0.133104885040505),
 .UNSPECIFIED.);
#2215=B_SPLINE_CURVE_WITH_KNOTS('',3,(#10450,#10451,#10452,#10453,#10454),
 .UNSPECIFIED.,.F.,.F.,(4,1,4),(0.,0.0493941324957622,0.107674779471343),
 .UNSPECIFIED.);
#2216=B_SPLINE_CURVE_WITH_KNOTS('',3,(#10468,#10469,#10470,#10471,#10472),
 .UNSPECIFIED.,.F.,.F.,(4,1,4),(0.,0.0423669444924173,0.0868212685925771),
 .UNSPECIFIED.);
#2217=B_SPLINE_CURVE_WITH_KNOTS('',3,(#10485,#10486,#10487,#10488,#10489),
 .UNSPECIFIED.,.F.,.F.,(4,1,4),(0.,0.0919313120625916,0.171701947996885),
 .UNSPECIFIED.);
#2218=B_SPLINE_CURVE_WITH_KNOTS('',3,(#10506,#10507,#10508,#10509,#10510),
 .UNSPECIFIED.,.F.,.F.,(4,1,4),(0.,0.0590835658450143,0.127782080486543),
 .UNSPECIFIED.);
#2219=B_SPLINE_CURVE_WITH_KNOTS('',3,(#10523,#10524,#10525,#10526,#10527),
 .UNSPECIFIED.,.F.,.F.,(4,1,4),(0.,0.0890265288533496,0.1557130418032),
 .UNSPECIFIED.);
#2220=B_SPLINE_CURVE_WITH_KNOTS('',3,(#10544,#10545,#10546,#10547,#10548),
 .UNSPECIFIED.,.F.,.F.,(4,1,4),(0.,0.0405655492295348,0.101349581625402),
 .UNSPECIFIED.);
#2221=B_SPLINE_CURVE_WITH_KNOTS('',3,(#10565,#10566,#10567,#10568,#10569),
 .UNSPECIFIED.,.F.,.F.,(4,1,4),(0.,0.0261006519984742,0.0510546164936802),
 .UNSPECIFIED.);
#2222=B_SPLINE_CURVE_WITH_KNOTS('',3,(#10582,#10583,#10584,#10585,#10586),
 .UNSPECIFIED.,.F.,.F.,(4,1,4),(0.,0.061090731736647,0.0991535851761749),
 .UNSPECIFIED.);
#2223=B_SPLINE_CURVE_WITH_KNOTS('',3,(#10599,#10600,#10601,#10602,#10603),
 .UNSPECIFIED.,.F.,.F.,(4,1,4),(0.,0.118532571605697,0.193071119108824),
 .UNSPECIFIED.);
#2224=B_SPLINE_CURVE_WITH_KNOTS('',3,(#10620,#10621,#10622,#10623,#10624),
 .UNSPECIFIED.,.F.,.F.,(4,1,4),(0.,0.0839523282707551,0.188118090050079),
 .UNSPECIFIED.);
#2225=B_SPLINE_CURVE_WITH_KNOTS('',3,(#10637,#10638,#10639,#10640,#10641),
 .UNSPECIFIED.,.F.,.F.,(4,1,4),(0.,0.0892421040907949,0.212777969520668),
 .UNSPECIFIED.);
#2226=B_SPLINE_CURVE_WITH_KNOTS('',3,(#10654,#10655,#10656,#10657,#10658),
 .UNSPECIFIED.,.F.,.F.,(4,1,4),(0.,0.070128822056619,0.138454880685465),
 .UNSPECIFIED.);
#2227=B_SPLINE_CURVE_WITH_KNOTS('',3,(#10675,#10676,#10677,#10678,#10679),
 .UNSPECIFIED.,.F.,.F.,(4,1,4),(0.,0.153496178144444,0.281326368685986),
 .UNSPECIFIED.);
#2228=B_SPLINE_CURVE_WITH_KNOTS('',3,(#10696,#10697,#10698,#10699,#10700),
 .UNSPECIFIED.,.F.,.F.,(4,1,4),(0.,0.0263572203105034,0.0640050163775172),
 .UNSPECIFIED.);
#2229=B_SPLINE_CURVE_WITH_KNOTS('',3,(#10713,#10714,#10715,#10716,#10717),
 .UNSPECIFIED.,.F.,.F.,(4,1,4),(0.,0.0264837096325865,0.0497551193390036),
 .UNSPECIFIED.);
#2230=B_SPLINE_CURVE_WITH_KNOTS('',3,(#10734,#10735,#10736,#10737,#10738),
 .UNSPECIFIED.,.F.,.F.,(4,1,4),(0.,0.0914591518756166,0.146784956934857),
 .UNSPECIFIED.);
#2231=B_SPLINE_CURVE_WITH_KNOTS('',3,(#10751,#10752,#10753,#10754,#10755),
 .UNSPECIFIED.,.F.,.F.,(4,1,4),(0.,0.133426841520103,0.215926388507388),
 .UNSPECIFIED.);
#2232=B_SPLINE_CURVE_WITH_KNOTS('',3,(#10770,#10771,#10772,#10773,#10774),
 .UNSPECIFIED.,.F.,.F.,(4,1,4),(0.,0.0962377381163677,0.213391466362213),
 .UNSPECIFIED.);
#2233=B_SPLINE_CURVE_WITH_KNOTS('',3,(#10789,#10790,#10791,#10792,#10793),
 .UNSPECIFIED.,.F.,.F.,(4,1,4),(0.,0.14574065475775,0.346042030238732),
 .UNSPECIFIED.);
#2234=B_SPLINE_CURVE_WITH_KNOTS('',3,(#10819,#10820,#10821,#10822,#10823),
 .UNSPECIFIED.,.F.,.F.,(4,1,4),(0.,0.0293092183447995,0.0643496398337563),
 .UNSPECIFIED.);
#2235=B_SPLINE_CURVE_WITH_KNOTS('',3,(#10836,#10837,#10838,#10839,#10840),
 .UNSPECIFIED.,.F.,.F.,(4,1,4),(0.,0.0542093885658591,0.0906098725575344),
 .UNSPECIFIED.);
#2236=B_SPLINE_CURVE_WITH_KNOTS('',3,(#10853,#10854,#10855,#10856,#10857),
 .UNSPECIFIED.,.F.,.F.,(4,1,4),(0.,0.0379446050934162,0.0933072145245184),
 .UNSPECIFIED.);
#2237=B_SPLINE_CURVE_WITH_KNOTS('',3,(#10870,#10871,#10872,#10873,#10874),
 .UNSPECIFIED.,.F.,.F.,(4,1,4),(0.,0.0350404655217711,0.0643495259367194),
 .UNSPECIFIED.);
#2238=B_SPLINE_CURVE_WITH_KNOTS('',3,(#10897,#10898,#10899,#10900,#10901),
 .UNSPECIFIED.,.F.,.F.,(4,1,4),(0.,0.199624388240781,0.345261870906993),
 .UNSPECIFIED.);
#2239=B_SPLINE_CURVE_WITH_KNOTS('',3,(#10968,#10969,#10970,#10971,#10972),
 .UNSPECIFIED.,.F.,.F.,(4,1,4),(0.,0.022000646934505,0.0539167952356148),
 .UNSPECIFIED.);
#2240=B_SPLINE_CURVE_WITH_KNOTS('',3,(#10975,#10976,#10977,#10978,#10979),
 .UNSPECIFIED.,.F.,.F.,(4,1,4),(0.,0.022000646934505,0.0539167952356148),
 .UNSPECIFIED.);
#2241=B_SPLINE_CURVE_WITH_KNOTS('',3,(#10991,#10992,#10993,#10994,#10995),
 .UNSPECIFIED.,.F.,.F.,(4,1,4),(0.,0.0127642771436861,0.0286059826010924),
 .UNSPECIFIED.);
#2242=B_SPLINE_CURVE_WITH_KNOTS('',3,(#10998,#10999,#11000,#11001,#11002),
 .UNSPECIFIED.,.F.,.F.,(4,1,4),(0.,0.0127642771436861,0.0286059826010924),
 .UNSPECIFIED.);
#2243=B_SPLINE_CURVE_WITH_KNOTS('',3,(#11014,#11015,#11016,#11017,#11018),
 .UNSPECIFIED.,.F.,.F.,(4,1,4),(0.,0.0185419177684793,0.0321371084596438),
 .UNSPECIFIED.);
#2244=B_SPLINE_CURVE_WITH_KNOTS('',3,(#11021,#11022,#11023,#11024,#11025),
 .UNSPECIFIED.,.F.,.F.,(4,1,4),(0.,0.0185419177684793,0.0321371084596438),
 .UNSPECIFIED.);
#2245=B_SPLINE_CURVE_WITH_KNOTS('',3,(#11043,#11044,#11045,#11046,#11047),
 .UNSPECIFIED.,.F.,.F.,(4,1,4),(0.,0.016448936841955,0.0377738803936403),
 .UNSPECIFIED.);
#2246=B_SPLINE_CURVE_WITH_KNOTS('',3,(#11050,#11051,#11052,#11053,#11054),
 .UNSPECIFIED.,.F.,.F.,(4,1,4),(0.,0.016448936841955,0.0377738803936403),
 .UNSPECIFIED.);
#2247=B_SPLINE_CURVE_WITH_KNOTS('',3,(#11066,#11067,#11068,#11069,#11070),
 .UNSPECIFIED.,.F.,.F.,(4,1,4),(0.,0.0156090747126184,0.0289283180027253),
 .UNSPECIFIED.);
#2248=B_SPLINE_CURVE_WITH_KNOTS('',3,(#11073,#11074,#11075,#11076,#11077),
 .UNSPECIFIED.,.F.,.F.,(4,1,4),(0.,0.0156090747126184,0.0289283180027253),
 .UNSPECIFIED.);
#2249=B_SPLINE_CURVE_WITH_KNOTS('',3,(#11088,#11089,#11090,#11091,#11092),
 .UNSPECIFIED.,.F.,.F.,(4,1,4),(0.,0.0298473407217786,0.0512872225727198),
 .UNSPECIFIED.);
#2250=B_SPLINE_CURVE_WITH_KNOTS('',3,(#11093,#11094,#11095,#11096,#11097),
 .UNSPECIFIED.,.F.,.F.,(4,1,4),(0.,0.0298473407217786,0.0512872225727198),
 .UNSPECIFIED.);
#2251=B_SPLINE_CURVE_WITH_KNOTS('',3,(#11130,#11131,#11132,#11133,#11134),
 .UNSPECIFIED.,.F.,.F.,(4,1,4),(0.,0.025555763745734,0.0624677868682739),
 .UNSPECIFIED.);
#2252=B_SPLINE_CURVE_WITH_KNOTS('',3,(#11137,#11138,#11139,#11140,#11141),
 .UNSPECIFIED.,.F.,.F.,(4,1,4),(0.,0.025555763745734,0.0624677868682739),
 .UNSPECIFIED.);
#2253=B_SPLINE_CURVE_WITH_KNOTS('',3,(#11153,#11154,#11155,#11156,#11157),
 .UNSPECIFIED.,.F.,.F.,(4,1,4),(0.,0.0287655470305298,0.0516574030288727),
 .UNSPECIFIED.);
#2254=B_SPLINE_CURVE_WITH_KNOTS('',3,(#11160,#11161,#11162,#11163,#11164),
 .UNSPECIFIED.,.F.,.F.,(4,1,4),(0.,0.0287655470305298,0.0516574030288727),
 .UNSPECIFIED.);
#2255=B_SPLINE_CURVE_WITH_KNOTS('',3,(#11182,#11183,#11184,#11185,#11186),
 .UNSPECIFIED.,.F.,.F.,(4,1,4),(0.,0.0228895550137078,0.0466583498157834),
 .UNSPECIFIED.);
#2256=B_SPLINE_CURVE_WITH_KNOTS('',3,(#11189,#11190,#11191,#11192,#11193),
 .UNSPECIFIED.,.F.,.F.,(4,1,4),(0.,0.0228895550137078,0.0466583498157834),
 .UNSPECIFIED.);
#2257=B_SPLINE_CURVE_WITH_KNOTS('',3,(#11204,#11205,#11206,#11207,#11208),
 .UNSPECIFIED.,.F.,.F.,(4,1,4),(0.,0.0451693494081684,0.0763172651055778),
 .UNSPECIFIED.);
#2258=B_SPLINE_CURVE_WITH_KNOTS('',3,(#11209,#11210,#11211,#11212,#11213),
 .UNSPECIFIED.,.F.,.F.,(4,1,4),(0.,0.0451693494081684,0.0763172651055778),
 .UNSPECIFIED.);
#2259=B_SPLINE_CURVE_WITH_KNOTS('',3,(#11236,#11237,#11238,#11239,#11240),
 .UNSPECIFIED.,.F.,.F.,(4,1,4),(0.,0.0776393245836695,0.183999433372941),
 .UNSPECIFIED.);
#2260=B_SPLINE_CURVE_WITH_KNOTS('',3,(#11253,#11254,#11255,#11256,#11257),
 .UNSPECIFIED.,.F.,.F.,(4,1,4),(0.,0.0640799504642353,0.124085685459792),
 .UNSPECIFIED.);
#2261=B_SPLINE_CURVE_WITH_KNOTS('',3,(#11274,#11275,#11276,#11277,#11278),
 .UNSPECIFIED.,.F.,.F.,(4,1,4),(0.,0.0353379771525206,0.0669547486207809),
 .UNSPECIFIED.);
#2262=B_SPLINE_CURVE_WITH_KNOTS('',3,(#11291,#11292,#11293,#11294,#11295),
 .UNSPECIFIED.,.F.,.F.,(4,1,4),(0.,0.0348270979078872,0.0716927766137858),
 .UNSPECIFIED.);
#2263=B_SPLINE_CURVE_WITH_KNOTS('',3,(#11312,#11313,#11314,#11315,#11316),
 .UNSPECIFIED.,.F.,.F.,(4,1,4),(0.,0.02833051088498,0.055935162647825),
 .UNSPECIFIED.);
#2264=B_SPLINE_CURVE_WITH_KNOTS('',3,(#11329,#11330,#11331,#11332,#11333),
 .UNSPECIFIED.,.F.,.F.,(4,1,4),(0.,0.0247950587996147,0.0522950324312039),
 .UNSPECIFIED.);
#2265=B_SPLINE_CURVE_WITH_KNOTS('',3,(#11350,#11351,#11352,#11353,#11354),
 .UNSPECIFIED.,.F.,.F.,(4,1,4),(0.,0.0354827285445238,0.0792044543151261),
 .UNSPECIFIED.);
#2266=B_SPLINE_CURVE_WITH_KNOTS('',3,(#11367,#11368,#11369,#11370,#11371),
 .UNSPECIFIED.,.F.,.F.,(4,1,4),(0.,0.0432622874756588,0.0787721200212629),
 .UNSPECIFIED.);
#2267=B_SPLINE_CURVE_WITH_KNOTS('',3,(#11384,#11385,#11386,#11387,#11388),
 .UNSPECIFIED.,.F.,.F.,(4,1,4),(0.,0.0761089338575758,0.133104974366634),
 .UNSPECIFIED.);
#2268=VERTEX_POINT('',#7287);
#2269=VERTEX_POINT('',#7288);
#2270=VERTEX_POINT('',#7294);
#2271=VERTEX_POINT('',#7300);
#2272=VERTEX_POINT('',#7306);
#2273=VERTEX_POINT('',#7308);
#2274=VERTEX_POINT('',#7314);
#2275=VERTEX_POINT('',#7320);
#2276=VERTEX_POINT('',#7326);
#2277=VERTEX_POINT('',#7332);
#2278=VERTEX_POINT('',#7338);
#2279=VERTEX_POINT('',#7344);
#2280=VERTEX_POINT('',#7350);
#2281=VERTEX_POINT('',#7356);
#2282=VERTEX_POINT('',#7362);
#2283=VERTEX_POINT('',#7368);
#2284=VERTEX_POINT('',#7374);
#2285=VERTEX_POINT('',#7380);
#2286=VERTEX_POINT('',#7386);
#2287=VERTEX_POINT('',#7392);
#2288=VERTEX_POINT('',#7398);
#2289=VERTEX_POINT('',#7404);
#2290=VERTEX_POINT('',#7410);
#2291=VERTEX_POINT('',#7416);
#2292=VERTEX_POINT('',#7422);
#2293=VERTEX_POINT('',#7424);
#2294=VERTEX_POINT('',#7426);
#2295=VERTEX_POINT('',#7432);
#2296=VERTEX_POINT('',#7438);
#2297=VERTEX_POINT('',#7444);
#2298=VERTEX_POINT('',#7446);
#2299=VERTEX_POINT('',#7463);
#2300=VERTEX_POINT('',#7465);
#2301=VERTEX_POINT('',#7482);
#2302=VERTEX_POINT('',#7499);
#2303=VERTEX_POINT('',#7507);
#2304=VERTEX_POINT('',#7520);
#2305=VERTEX_POINT('',#7537);
#2306=VERTEX_POINT('',#7554);
#2307=VERTEX_POINT('',#7571);
#2308=VERTEX_POINT('',#7588);
#2309=VERTEX_POINT('',#7605);
#2310=VERTEX_POINT('',#7622);
#2311=VERTEX_POINT('',#7639);
#2312=VERTEX_POINT('',#7656);
#2313=VERTEX_POINT('',#7673);
#2314=VERTEX_POINT('',#7690);
#2315=VERTEX_POINT('',#7707);
#2316=VERTEX_POINT('',#7724);
#2317=VERTEX_POINT('',#7741);
#2318=VERTEX_POINT('',#7758);
#2319=VERTEX_POINT('',#7775);
#2320=VERTEX_POINT('',#7792);
#2321=VERTEX_POINT('',#7809);
#2322=VERTEX_POINT('',#7826);
#2323=VERTEX_POINT('',#7834);
#2324=VERTEX_POINT('',#7838);
#2325=VERTEX_POINT('',#7851);
#2326=VERTEX_POINT('',#7868);
#2327=VERTEX_POINT('',#7885);
#2328=VERTEX_POINT('',#7893);
#2329=VERTEX_POINT('',#7897);
#2330=VERTEX_POINT('',#7916);
#2331=VERTEX_POINT('',#7917);
#2332=VERTEX_POINT('',#7923);
#2333=VERTEX_POINT('',#7929);
#2334=VERTEX_POINT('',#7935);
#2335=VERTEX_POINT('',#7941);
#2336=VERTEX_POINT('',#7947);
#2337=VERTEX_POINT('',#7953);
#2338=VERTEX_POINT('',#7959);
#2339=VERTEX_POINT('',#7961);
#2340=VERTEX_POINT('',#7967);
#2341=VERTEX_POINT('',#7973);
#2342=VERTEX_POINT('',#7979);
#2343=VERTEX_POINT('',#7985);
#2344=VERTEX_POINT('',#7991);
#2345=VERTEX_POINT('',#7997);
#2346=VERTEX_POINT('',#8003);
#2347=VERTEX_POINT('',#8009);
#2348=VERTEX_POINT('',#8015);
#2349=VERTEX_POINT('',#8021);
#2350=VERTEX_POINT('',#8027);
#2351=VERTEX_POINT('',#8033);
#2352=VERTEX_POINT('',#8035);
#2353=VERTEX_POINT('',#8037);
#2354=VERTEX_POINT('',#8043);
#2355=VERTEX_POINT('',#8054);
#2356=VERTEX_POINT('',#8055);
#2357=VERTEX_POINT('',#8061);
#2358=VERTEX_POINT('',#8067);
#2359=VERTEX_POINT('',#8073);
#2360=VERTEX_POINT('',#8079);
#2361=VERTEX_POINT('',#8085);
#2362=VERTEX_POINT('',#8091);
#2363=VERTEX_POINT('',#8093);
#2364=VERTEX_POINT('',#8099);
#2365=VERTEX_POINT('',#8105);
#2366=VERTEX_POINT('',#8107);
#2367=VERTEX_POINT('',#8124);
#2368=VERTEX_POINT('',#8126);
#2369=VERTEX_POINT('',#8143);
#2370=VERTEX_POINT('',#8160);
#2371=VERTEX_POINT('',#8177);
#2372=VERTEX_POINT('',#8194);
#2373=VERTEX_POINT('',#8211);
#2374=VERTEX_POINT('',#8219);
#2375=VERTEX_POINT('',#8232);
#2376=VERTEX_POINT('',#8249);
#2377=VERTEX_POINT('',#8257);
#2378=VERTEX_POINT('',#8261);
#2379=VERTEX_POINT('',#8289);
#2380=VERTEX_POINT('',#8291);
#2381=VERTEX_POINT('',#8308);
#2382=VERTEX_POINT('',#8325);
#2383=VERTEX_POINT('',#8342);
#2384=VERTEX_POINT('',#8359);
#2385=VERTEX_POINT('',#8376);
#2386=VERTEX_POINT('',#8393);
#2387=VERTEX_POINT('',#8401);
#2388=VERTEX_POINT('',#8414);
#2389=VERTEX_POINT('',#8431);
#2390=VERTEX_POINT('',#8448);
#2391=VERTEX_POINT('',#8465);
#2392=VERTEX_POINT('',#8482);
#2393=VERTEX_POINT('',#8499);
#2394=VERTEX_POINT('',#8516);
#2395=VERTEX_POINT('',#8533);
#2396=VERTEX_POINT('',#8550);
#2397=VERTEX_POINT('',#8567);
#2398=VERTEX_POINT('',#8584);
#2399=VERTEX_POINT('',#8601);
#2400=VERTEX_POINT('',#8609);
#2401=VERTEX_POINT('',#8613);
#2402=VERTEX_POINT('',#8626);
#2403=VERTEX_POINT('',#8643);
#2404=VERTEX_POINT('',#8666);
#2405=VERTEX_POINT('',#8667);
#2406=VERTEX_POINT('',#8669);
#2407=VERTEX_POINT('',#8671);
#2408=VERTEX_POINT('',#8675);
#2409=VERTEX_POINT('',#8676);
#2410=VERTEX_POINT('',#8680);
#2411=VERTEX_POINT('',#8682);
#2412=VERTEX_POINT('',#8686);
#2413=VERTEX_POINT('',#8687);
#2414=VERTEX_POINT('',#8694);
#2415=VERTEX_POINT('',#8696);
#2416=VERTEX_POINT('',#8700);
#2417=VERTEX_POINT('',#8704);
#2418=VERTEX_POINT('',#8708);
#2419=VERTEX_POINT('',#8712);
#2420=VERTEX_POINT('',#8713);
#2421=VERTEX_POINT('',#8717);
#2422=VERTEX_POINT('',#8719);
#2423=VERTEX_POINT('',#8723);
#2424=VERTEX_POINT('',#8724);
#2425=VERTEX_POINT('',#8734);
#2426=VERTEX_POINT('',#8736);
#2427=VERTEX_POINT('',#8738);
#2428=VERTEX_POINT('',#8742);
#2429=VERTEX_POINT('',#8745);
#2430=VERTEX_POINT('',#8749);
#2431=VERTEX_POINT('',#8753);
#2432=VERTEX_POINT('',#8755);
#2433=VERTEX_POINT('',#8757);
#2434=VERTEX_POINT('',#8759);
#2435=VERTEX_POINT('',#8761);
#2436=VERTEX_POINT('',#8763);
#2437=VERTEX_POINT('',#8769);
#2438=VERTEX_POINT('',#8775);
#2439=VERTEX_POINT('',#8782);
#2440=VERTEX_POINT('',#8784);
#2441=VERTEX_POINT('',#8791);
#2442=VERTEX_POINT('',#8797);
#2443=VERTEX_POINT('',#8803);
#2444=VERTEX_POINT('',#8808);
#2445=VERTEX_POINT('',#8810);
#2446=VERTEX_POINT('',#8812);
#2447=VERTEX_POINT('',#8816);
#2448=VERTEX_POINT('',#8819);
#2449=VERTEX_POINT('',#8823);
#2450=VERTEX_POINT('',#8825);
#2451=VERTEX_POINT('',#8829);
#2452=VERTEX_POINT('',#8831);
#2453=VERTEX_POINT('',#8833);
#2454=VERTEX_POINT('',#8839);
#2455=VERTEX_POINT('',#8845);
#2456=VERTEX_POINT('',#8851);
#2457=VERTEX_POINT('',#8853);
#2458=VERTEX_POINT('',#8855);
#2459=VERTEX_POINT('',#8859);
#2460=VERTEX_POINT('',#8867);
#2461=VERTEX_POINT('',#8868);
#2462=VERTEX_POINT('',#8870);
#2463=VERTEX_POINT('',#8872);
#2464=VERTEX_POINT('',#8881);
#2465=VERTEX_POINT('',#8882);
#2466=VERTEX_POINT('',#8916);
#2467=VERTEX_POINT('',#8922);
#2468=VERTEX_POINT('',#8979);
#2469=VERTEX_POINT('',#8981);
#2470=VERTEX_POINT('',#8992);
#2471=VERTEX_POINT('',#9035);
#2472=VERTEX_POINT('',#9037);
#2473=VERTEX_POINT('',#9048);
#2474=VERTEX_POINT('',#9052);
#2475=VERTEX_POINT('',#9053);
#2476=VERTEX_POINT('',#9100);
#2477=VERTEX_POINT('',#9101);
#2478=VERTEX_POINT('',#9125);
#2479=VERTEX_POINT('',#9130);
#2480=VERTEX_POINT('',#9179);
#2481=VERTEX_POINT('',#9187);
#2482=VERTEX_POINT('',#9225);
#2483=VERTEX_POINT('',#9235);
#2484=VERTEX_POINT('',#9239);
#2485=VERTEX_POINT('',#9240);
#2486=VERTEX_POINT('',#9245);
#2487=VERTEX_POINT('',#9247);
#2488=VERTEX_POINT('',#9251);
#2489=VERTEX_POINT('',#9262);
#2490=VERTEX_POINT('',#9264);
#2491=VERTEX_POINT('',#9268);
#2492=VERTEX_POINT('',#9270);
#2493=VERTEX_POINT('',#9272);
#2494=VERTEX_POINT('',#9274);
#2495=VERTEX_POINT('',#9276);
#2496=VERTEX_POINT('',#9278);
#2497=VERTEX_POINT('',#9280);
#2498=VERTEX_POINT('',#9282);
#2499=VERTEX_POINT('',#9284);
#2500=VERTEX_POINT('',#9286);
#2501=VERTEX_POINT('',#9288);
#2502=VERTEX_POINT('',#9290);
#2503=VERTEX_POINT('',#9292);
#2504=VERTEX_POINT('',#9295);
#2505=VERTEX_POINT('',#9298);
#2506=VERTEX_POINT('',#9299);
#2507=VERTEX_POINT('',#9301);
#2508=VERTEX_POINT('',#9303);
#2509=VERTEX_POINT('',#9309);
#2510=VERTEX_POINT('',#9315);
#2511=VERTEX_POINT('',#9321);
#2512=VERTEX_POINT('',#9323);
#2513=VERTEX_POINT('',#9329);
#2514=VERTEX_POINT('',#9335);
#2515=VERTEX_POINT('',#9337);
#2516=VERTEX_POINT('',#9343);
#2517=VERTEX_POINT('',#9349);
#2518=VERTEX_POINT('',#9351);
#2519=VERTEX_POINT('',#9357);
#2520=VERTEX_POINT('',#9364);
#2521=VERTEX_POINT('',#9365);
#2522=VERTEX_POINT('',#9367);
#2523=VERTEX_POINT('',#9369);
#2524=VERTEX_POINT('',#9371);
#2525=VERTEX_POINT('',#9373);
#2526=VERTEX_POINT('',#9375);
#2527=VERTEX_POINT('',#9377);
#2528=VERTEX_POINT('',#9380);
#2529=VERTEX_POINT('',#9381);
#2530=VERTEX_POINT('',#9387);
#2531=VERTEX_POINT('',#9393);
#2532=VERTEX_POINT('',#9395);
#2533=VERTEX_POINT('',#9397);
#2534=VERTEX_POINT('',#9399);
#2535=VERTEX_POINT('',#9405);
#2536=VERTEX_POINT('',#9411);
#2537=VERTEX_POINT('',#9417);
#2538=VERTEX_POINT('',#9423);
#2539=VERTEX_POINT('',#9425);
#2540=VERTEX_POINT('',#9428);
#2541=VERTEX_POINT('',#9429);
#2542=VERTEX_POINT('',#9435);
#2543=VERTEX_POINT('',#9441);
#2544=VERTEX_POINT('',#9443);
#2545=VERTEX_POINT('',#9449);
#2546=VERTEX_POINT('',#9455);
#2547=VERTEX_POINT('',#9457);
#2548=VERTEX_POINT('',#9463);
#2549=VERTEX_POINT('',#9469);
#2550=VERTEX_POINT('',#9471);
#2551=VERTEX_POINT('',#9477);
#2552=VERTEX_POINT('',#9479);
#2553=VERTEX_POINT('',#9485);
#2554=VERTEX_POINT('',#9491);
#2555=VERTEX_POINT('',#9497);
#2556=VERTEX_POINT('',#9499);
#2557=VERTEX_POINT('',#9505);
#2558=VERTEX_POINT('',#9511);
#2559=VERTEX_POINT('',#9517);
#2560=VERTEX_POINT('',#9519);
#2561=VERTEX_POINT('',#9525);
#2562=VERTEX_POINT('',#9527);
#2563=VERTEX_POINT('',#9533);
#2564=VERTEX_POINT('',#9539);
#2565=VERTEX_POINT('',#9541);
#2566=VERTEX_POINT('',#9552);
#2567=VERTEX_POINT('',#9553);
#2568=VERTEX_POINT('',#9555);
#2569=VERTEX_POINT('',#9557);
#2570=VERTEX_POINT('',#9563);
#2571=VERTEX_POINT('',#9569);
#2572=VERTEX_POINT('',#9575);
#2573=VERTEX_POINT('',#9577);
#2574=VERTEX_POINT('',#9583);
#2575=VERTEX_POINT('',#9589);
#2576=VERTEX_POINT('',#9591);
#2577=VERTEX_POINT('',#9597);
#2578=VERTEX_POINT('',#9603);
#2579=VERTEX_POINT('',#9605);
#2580=VERTEX_POINT('',#9611);
#2581=VERTEX_POINT('',#9618);
#2582=VERTEX_POINT('',#9619);
#2583=VERTEX_POINT('',#9621);
#2584=VERTEX_POINT('',#9623);
#2585=VERTEX_POINT('',#9625);
#2586=VERTEX_POINT('',#9627);
#2587=VERTEX_POINT('',#9629);
#2588=VERTEX_POINT('',#9631);
#2589=VERTEX_POINT('',#9634);
#2590=VERTEX_POINT('',#9635);
#2591=VERTEX_POINT('',#9637);
#2592=VERTEX_POINT('',#9639);
#2593=VERTEX_POINT('',#9642);
#2594=VERTEX_POINT('',#9643);
#2595=VERTEX_POINT('',#9645);
#2596=VERTEX_POINT('',#9647);
#2597=VERTEX_POINT('',#9651);
#2598=VERTEX_POINT('',#9655);
#2599=VERTEX_POINT('',#9659);
#2600=VERTEX_POINT('',#9663);
#2601=VERTEX_POINT('',#9664);
#2602=VERTEX_POINT('',#9666);
#2603=VERTEX_POINT('',#9668);
#2604=VERTEX_POINT('',#9672);
#2605=VERTEX_POINT('',#9673);
#2606=VERTEX_POINT('',#9678);
#2607=VERTEX_POINT('',#9679);
#2608=VERTEX_POINT('',#9684);
#2609=VERTEX_POINT('',#9686);
#2610=VERTEX_POINT('',#9690);
#2611=VERTEX_POINT('',#9694);
#2612=VERTEX_POINT('',#9698);
#2613=VERTEX_POINT('',#9699);
#2614=VERTEX_POINT('',#9701);
#2615=VERTEX_POINT('',#9703);
#2616=VERTEX_POINT('',#9707);
#2617=VERTEX_POINT('',#9708);
#2618=VERTEX_POINT('',#9713);
#2619=VERTEX_POINT('',#9714);
#2620=VERTEX_POINT('',#9719);
#2621=VERTEX_POINT('',#9721);
#2622=VERTEX_POINT('',#9725);
#2623=VERTEX_POINT('',#9729);
#2624=VERTEX_POINT('',#9733);
#2625=VERTEX_POINT('',#9734);
#2626=VERTEX_POINT('',#9736);
#2627=VERTEX_POINT('',#9738);
#2628=VERTEX_POINT('',#9742);
#2629=VERTEX_POINT('',#9744);
#2630=VERTEX_POINT('',#9748);
#2631=VERTEX_POINT('',#9749);
#2632=VERTEX_POINT('',#9751);
#2633=VERTEX_POINT('',#9753);
#2634=VERTEX_POINT('',#9757);
#2635=VERTEX_POINT('',#9758);
#2636=VERTEX_POINT('',#9763);
#2637=VERTEX_POINT('',#9764);
#2638=VERTEX_POINT('',#9769);
#2639=VERTEX_POINT('',#9770);
#2640=VERTEX_POINT('',#9778);
#2641=VERTEX_POINT('',#9779);
#2642=VERTEX_POINT('',#9784);
#2643=VERTEX_POINT('',#9786);
#2644=VERTEX_POINT('',#9790);
#2645=VERTEX_POINT('',#9791);
#2646=VERTEX_POINT('',#9796);
#2647=VERTEX_POINT('',#9797);
#2648=VERTEX_POINT('',#9802);
#2649=VERTEX_POINT('',#9804);
#2650=VERTEX_POINT('',#9808);
#2651=VERTEX_POINT('',#9812);
#2652=VERTEX_POINT('',#9816);
#2653=VERTEX_POINT('',#9820);
#2654=VERTEX_POINT('',#9824);
#2655=VERTEX_POINT('',#9828);
#2656=VERTEX_POINT('',#9832);
#2657=VERTEX_POINT('',#9836);
#2658=VERTEX_POINT('',#9840);
#2659=VERTEX_POINT('',#9844);
#2660=VERTEX_POINT('',#9876);
#2661=VERTEX_POINT('',#9878);
#2662=VERTEX_POINT('',#9882);
#2663=VERTEX_POINT('',#9886);
#2664=VERTEX_POINT('',#9890);
#2665=VERTEX_POINT('',#9892);
#2666=VERTEX_POINT('',#9896);
#2667=VERTEX_POINT('',#9900);
#2668=VERTEX_POINT('',#9904);
#2669=VERTEX_POINT('',#9906);
#2670=VERTEX_POINT('',#9910);
#2671=VERTEX_POINT('',#9914);
#2672=VERTEX_POINT('',#9918);
#2673=VERTEX_POINT('',#9920);
#2674=VERTEX_POINT('',#9924);
#2675=VERTEX_POINT('',#9928);
#2676=VERTEX_POINT('',#9932);
#2677=VERTEX_POINT('',#9934);
#2678=VERTEX_POINT('',#9938);
#2679=VERTEX_POINT('',#9943);
#2680=VERTEX_POINT('',#9949);
#2681=VERTEX_POINT('',#9951);
#2682=VERTEX_POINT('',#9955);
#2683=VERTEX_POINT('',#9959);
#2684=VERTEX_POINT('',#9963);
#2685=VERTEX_POINT('',#9967);
#2686=VERTEX_POINT('',#9971);
#2687=VERTEX_POINT('',#9975);
#2688=VERTEX_POINT('',#9982);
#2689=VERTEX_POINT('',#9983);
#2690=VERTEX_POINT('',#9985);
#2691=VERTEX_POINT('',#9987);
#2692=VERTEX_POINT('',#9991);
#2693=VERTEX_POINT('',#9993);
#2694=VERTEX_POINT('',#9997);
#2695=VERTEX_POINT('',#9999);
#2696=VERTEX_POINT('',#10012);
#2697=VERTEX_POINT('',#10018);
#2698=VERTEX_POINT('',#10035);
#2699=VERTEX_POINT('',#10041);
#2700=VERTEX_POINT('',#10058);
#2701=VERTEX_POINT('',#10064);
#2702=VERTEX_POINT('',#10072);
#2703=VERTEX_POINT('',#10074);
#2704=VERTEX_POINT('',#10087);
#2705=VERTEX_POINT('',#10093);
#2706=VERTEX_POINT('',#10110);
#2707=VERTEX_POINT('',#10116);
#2708=VERTEX_POINT('',#10144);
#2709=VERTEX_POINT('',#10145);
#2710=VERTEX_POINT('',#10147);
#2711=VERTEX_POINT('',#10149);
#2712=VERTEX_POINT('',#10153);
#2713=VERTEX_POINT('',#10155);
#2714=VERTEX_POINT('',#10159);
#2715=VERTEX_POINT('',#10161);
#2716=VERTEX_POINT('',#10174);
#2717=VERTEX_POINT('',#10180);
#2718=VERTEX_POINT('',#10197);
#2719=VERTEX_POINT('',#10203);
#2720=VERTEX_POINT('',#10211);
#2721=VERTEX_POINT('',#10213);
#2722=VERTEX_POINT('',#10226);
#2723=VERTEX_POINT('',#10232);
#2724=VERTEX_POINT('',#10260);
#2725=VERTEX_POINT('',#10262);
#2726=VERTEX_POINT('',#10266);
#2727=VERTEX_POINT('',#10279);
#2728=VERTEX_POINT('',#10296);
#2729=VERTEX_POINT('',#10304);
#2730=VERTEX_POINT('',#10317);
#2731=VERTEX_POINT('',#10334);
#2732=VERTEX_POINT('',#10342);
#2733=VERTEX_POINT('',#10355);
#2734=VERTEX_POINT('',#10372);
#2735=VERTEX_POINT('',#10380);
#2736=VERTEX_POINT('',#10393);
#2737=VERTEX_POINT('',#10410);
#2738=VERTEX_POINT('',#10427);
#2739=VERTEX_POINT('',#10447);
#2740=VERTEX_POINT('',#10449);
#2741=VERTEX_POINT('',#10466);
#2742=VERTEX_POINT('',#10483);
#2743=VERTEX_POINT('',#10491);
#2744=VERTEX_POINT('',#10504);
#2745=VERTEX_POINT('',#10521);
#2746=VERTEX_POINT('',#10529);
#2747=VERTEX_POINT('',#10542);
#2748=VERTEX_POINT('',#10550);
#2749=VERTEX_POINT('',#10563);
#2750=VERTEX_POINT('',#10580);
#2751=VERTEX_POINT('',#10597);
#2752=VERTEX_POINT('',#10605);
#2753=VERTEX_POINT('',#10618);
#2754=VERTEX_POINT('',#10635);
#2755=VERTEX_POINT('',#10652);
#2756=VERTEX_POINT('',#10660);
#2757=VERTEX_POINT('',#10673);
#2758=VERTEX_POINT('',#10681);
#2759=VERTEX_POINT('',#10694);
#2760=VERTEX_POINT('',#10711);
#2761=VERTEX_POINT('',#10719);
#2762=VERTEX_POINT('',#10732);
#2763=VERTEX_POINT('',#10749);
#2764=VERTEX_POINT('',#10757);
#2765=VERTEX_POINT('',#10786);
#2766=VERTEX_POINT('',#10788);
#2767=VERTEX_POINT('',#10796);
#2768=VERTEX_POINT('',#10800);
#2769=VERTEX_POINT('',#10804);
#2770=VERTEX_POINT('',#10817);
#2771=VERTEX_POINT('',#10834);
#2772=VERTEX_POINT('',#10851);
#2773=VERTEX_POINT('',#10868);
#2774=VERTEX_POINT('',#10876);
#2775=VERTEX_POINT('',#10880);
#2776=VERTEX_POINT('',#10884);
#2777=VERTEX_POINT('',#10904);
#2778=VERTEX_POINT('',#10906);
#2779=VERTEX_POINT('',#10910);
#2780=VERTEX_POINT('',#10914);
#2781=VERTEX_POINT('',#10918);
#2782=VERTEX_POINT('',#10922);
#2783=VERTEX_POINT('',#10926);
#2784=VERTEX_POINT('',#10930);
#2785=VERTEX_POINT('',#10937);
#2786=VERTEX_POINT('',#10938);
#2787=VERTEX_POINT('',#10940);
#2788=VERTEX_POINT('',#10942);
#2789=VERTEX_POINT('',#10946);
#2790=VERTEX_POINT('',#10948);
#2791=VERTEX_POINT('',#10952);
#2792=VERTEX_POINT('',#10954);
#2793=VERTEX_POINT('',#10967);
#2794=VERTEX_POINT('',#10973);
#2795=VERTEX_POINT('',#10990);
#2796=VERTEX_POINT('',#10996);
#2797=VERTEX_POINT('',#11013);
#2798=VERTEX_POINT('',#11019);
#2799=VERTEX_POINT('',#11027);
#2800=VERTEX_POINT('',#11029);
#2801=VERTEX_POINT('',#11042);
#2802=VERTEX_POINT('',#11048);
#2803=VERTEX_POINT('',#11065);
#2804=VERTEX_POINT('',#11071);
#2805=VERTEX_POINT('',#11099);
#2806=VERTEX_POINT('',#11100);
#2807=VERTEX_POINT('',#11102);
#2808=VERTEX_POINT('',#11104);
#2809=VERTEX_POINT('',#11108);
#2810=VERTEX_POINT('',#11110);
#2811=VERTEX_POINT('',#11114);
#2812=VERTEX_POINT('',#11116);
#2813=VERTEX_POINT('',#11129);
#2814=VERTEX_POINT('',#11135);
#2815=VERTEX_POINT('',#11152);
#2816=VERTEX_POINT('',#11158);
#2817=VERTEX_POINT('',#11166);
#2818=VERTEX_POINT('',#11168);
#2819=VERTEX_POINT('',#11181);
#2820=VERTEX_POINT('',#11187);
#2821=VERTEX_POINT('',#11215);
#2822=VERTEX_POINT('',#11217);
#2823=VERTEX_POINT('',#11221);
#2824=VERTEX_POINT('',#11234);
#2825=VERTEX_POINT('',#11251);
#2826=VERTEX_POINT('',#11259);
#2827=VERTEX_POINT('',#11272);
#2828=VERTEX_POINT('',#11289);
#2829=VERTEX_POINT('',#11297);
#2830=VERTEX_POINT('',#11310);
#2831=VERTEX_POINT('',#11327);
#2832=VERTEX_POINT('',#11335);
#2833=VERTEX_POINT('',#11348);
#2834=VERTEX_POINT('',#11365);
#2835=VERTEX_POINT('',#11382);
#2836=EDGE_CURVE('',#2268,#2269,#2007,.T.);
#2837=EDGE_CURVE('',#2270,#2268,#2008,.T.);
#2838=EDGE_CURVE('',#2271,#2270,#2009,.T.);
#2839=EDGE_CURVE('',#2272,#2271,#975,.T.);
#2840=EDGE_CURVE('',#2273,#2272,#2010,.T.);
#2841=EDGE_CURVE('',#2274,#2273,#2011,.T.);
#2842=EDGE_CURVE('',#2275,#2274,#2012,.T.);
#2843=EDGE_CURVE('',#2276,#2275,#2013,.T.);
#2844=EDGE_CURVE('',#2277,#2276,#2014,.T.);
#2845=EDGE_CURVE('',#2278,#2277,#2015,.T.);
#2846=EDGE_CURVE('',#2279,#2278,#2016,.T.);
#2847=EDGE_CURVE('',#2280,#2279,#2017,.T.);
#2848=EDGE_CURVE('',#2281,#2280,#2018,.T.);
#2849=EDGE_CURVE('',#2282,#2281,#2019,.T.);
#2850=EDGE_CURVE('',#2283,#2282,#2020,.T.);
#2851=EDGE_CURVE('',#2284,#2283,#2021,.T.);
#2852=EDGE_CURVE('',#2285,#2284,#2022,.T.);
#2853=EDGE_CURVE('',#2286,#2285,#2023,.T.);
#2854=EDGE_CURVE('',#2287,#2286,#2024,.T.);
#2855=EDGE_CURVE('',#2288,#2287,#2025,.T.);
#2856=EDGE_CURVE('',#2289,#2288,#2026,.T.);
#2857=EDGE_CURVE('',#2290,#2289,#2027,.T.);
#2858=EDGE_CURVE('',#2291,#2290,#2028,.T.);
#2859=EDGE_CURVE('',#2292,#2291,#976,.T.);
#2860=EDGE_CURVE('',#2293,#2292,#977,.T.);
#2861=EDGE_CURVE('',#2294,#2293,#2029,.T.);
#2862=EDGE_CURVE('',#2295,#2294,#2030,.T.);
#2863=EDGE_CURVE('',#2296,#2295,#2031,.T.);
#2864=EDGE_CURVE('',#2297,#2296,#978,.T.);
#2865=EDGE_CURVE('',#2298,#2297,#979,.T.);
#2866=EDGE_CURVE('',#2269,#2298,#2032,.T.);
#2867=EDGE_CURVE('',#2269,#2299,#980,.T.);
#2868=EDGE_CURVE('',#2300,#2299,#2033,.T.);
#2869=EDGE_CURVE('',#2268,#2300,#981,.T.);
#2870=EDGE_CURVE('',#2301,#2300,#2034,.T.);
#2871=EDGE_CURVE('',#2270,#2301,#982,.T.);
#2872=EDGE_CURVE('',#2302,#2301,#2035,.T.);
#2873=EDGE_CURVE('',#2271,#2302,#983,.T.);
#2874=EDGE_CURVE('',#2303,#2302,#984,.T.);
#2875=EDGE_CURVE('',#2272,#2303,#985,.T.);
#2876=EDGE_CURVE('',#2304,#2303,#2036,.T.);
#2877=EDGE_CURVE('',#2273,#2304,#986,.T.);
#2878=EDGE_CURVE('',#2305,#2304,#2037,.T.);
#2879=EDGE_CURVE('',#2274,#2305,#987,.T.);
#2880=EDGE_CURVE('',#2306,#2305,#2038,.T.);
#2881=EDGE_CURVE('',#2275,#2306,#988,.T.);
#2882=EDGE_CURVE('',#2307,#2306,#2039,.T.);
#2883=EDGE_CURVE('',#2276,#2307,#989,.T.);
#2884=EDGE_CURVE('',#2308,#2307,#2040,.T.);
#2885=EDGE_CURVE('',#2277,#2308,#990,.T.);
#2886=EDGE_CURVE('',#2309,#2308,#2041,.T.);
#2887=EDGE_CURVE('',#2278,#2309,#991,.T.);
#2888=EDGE_CURVE('',#2310,#2309,#2042,.T.);
#2889=EDGE_CURVE('',#2279,#2310,#992,.T.);
#2890=EDGE_CURVE('',#2311,#2310,#2043,.T.);
#2891=EDGE_CURVE('',#2280,#2311,#993,.T.);
#2892=EDGE_CURVE('',#2312,#2311,#2044,.T.);
#2893=EDGE_CURVE('',#2281,#2312,#994,.T.);
#2894=EDGE_CURVE('',#2313,#2312,#2045,.T.);
#2895=EDGE_CURVE('',#2282,#2313,#995,.T.);
#2896=EDGE_CURVE('',#2314,#2313,#2046,.T.);
#2897=EDGE_CURVE('',#2283,#2314,#996,.T.);
#2898=EDGE_CURVE('',#2315,#2314,#2047,.T.);
#2899=EDGE_CURVE('',#2284,#2315,#997,.T.);
#2900=EDGE_CURVE('',#2316,#2315,#2048,.T.);
#2901=EDGE_CURVE('',#2285,#2316,#998,.T.);
#2902=EDGE_CURVE('',#2317,#2316,#2049,.T.);
#2903=EDGE_CURVE('',#2286,#2317,#999,.T.);
#2904=EDGE_CURVE('',#2318,#2317,#2050,.T.);
#2905=EDGE_CURVE('',#2287,#2318,#1000,.T.);
#2906=EDGE_CURVE('',#2319,#2318,#2051,.T.);
#2907=EDGE_CURVE('',#2288,#2319,#1001,.T.);
#2908=EDGE_CURVE('',#2320,#2319,#2052,.T.);
#2909=EDGE_CURVE('',#2289,#2320,#1002,.T.);
#2910=EDGE_CURVE('',#2321,#2320,#2053,.T.);
#2911=EDGE_CURVE('',#2290,#2321,#1003,.T.);
#2912=EDGE_CURVE('',#2322,#2321,#2054,.T.);
#2913=EDGE_CURVE('',#2291,#2322,#1004,.T.);
#2914=EDGE_CURVE('',#2323,#2322,#1005,.T.);
#2915=EDGE_CURVE('',#2292,#2323,#1006,.T.);
#2916=EDGE_CURVE('',#2324,#2323,#1007,.T.);
#2917=EDGE_CURVE('',#2293,#2324,#1008,.T.);
#2918=EDGE_CURVE('',#2325,#2324,#2055,.T.);
#2919=EDGE_CURVE('',#2294,#2325,#1009,.T.);
#2920=EDGE_CURVE('',#2326,#2325,#2056,.T.);
#2921=EDGE_CURVE('',#2295,#2326,#1010,.T.);
#2922=EDGE_CURVE('',#2327,#2326,#2057,.T.);
#2923=EDGE_CURVE('',#2296,#2327,#1011,.T.);
#2924=EDGE_CURVE('',#2328,#2327,#1012,.T.);
#2925=EDGE_CURVE('',#2297,#2328,#1013,.T.);
#2926=EDGE_CURVE('',#2329,#2328,#1014,.T.);
#2927=EDGE_CURVE('',#2298,#2329,#1015,.T.);
#2928=EDGE_CURVE('',#2299,#2329,#2058,.T.);
#2929=EDGE_CURVE('',#2330,#2331,#2059,.T.);
#2930=EDGE_CURVE('',#2332,#2330,#2060,.T.);
#2931=EDGE_CURVE('',#2333,#2332,#2061,.T.);
#2932=EDGE_CURVE('',#2334,#2333,#2062,.T.);
#2933=EDGE_CURVE('',#2335,#2334,#2063,.T.);
#2934=EDGE_CURVE('',#2336,#2335,#2064,.T.);
#2935=EDGE_CURVE('',#2337,#2336,#2065,.T.);
#2936=EDGE_CURVE('',#2338,#2337,#1016,.T.);
#2937=EDGE_CURVE('',#2339,#2338,#2066,.T.);
#2938=EDGE_CURVE('',#2340,#2339,#2067,.T.);
#2939=EDGE_CURVE('',#2341,#2340,#2068,.T.);
#2940=EDGE_CURVE('',#2342,#2341,#2069,.T.);
#2941=EDGE_CURVE('',#2343,#2342,#2070,.T.);
#2942=EDGE_CURVE('',#2344,#2343,#2071,.T.);
#2943=EDGE_CURVE('',#2345,#2344,#2072,.T.);
#2944=EDGE_CURVE('',#2346,#2345,#2073,.T.);
#2945=EDGE_CURVE('',#2347,#2346,#2074,.T.);
#2946=EDGE_CURVE('',#2348,#2347,#2075,.T.);
#2947=EDGE_CURVE('',#2349,#2348,#2076,.T.);
#2948=EDGE_CURVE('',#2350,#2349,#2077,.T.);
#2949=EDGE_CURVE('',#2351,#2350,#1017,.T.);
#2950=EDGE_CURVE('',#2352,#2351,#1018,.T.);
#2951=EDGE_CURVE('',#2353,#2352,#2078,.T.);
#2952=EDGE_CURVE('',#2354,#2353,#2079,.T.);
#2953=EDGE_CURVE('',#2331,#2354,#2080,.T.);
#2954=EDGE_CURVE('',#2355,#2356,#2081,.T.);
#2955=EDGE_CURVE('',#2357,#2355,#2082,.T.);
#2956=EDGE_CURVE('',#2358,#2357,#2083,.T.);
#2957=EDGE_CURVE('',#2359,#2358,#2084,.T.);
#2958=EDGE_CURVE('',#2360,#2359,#2085,.T.);
#2959=EDGE_CURVE('',#2361,#2360,#2086,.T.);
#2960=EDGE_CURVE('',#2362,#2361,#1019,.T.);
#2961=EDGE_CURVE('',#2363,#2362,#2087,.T.);
#2962=EDGE_CURVE('',#2364,#2363,#2088,.T.);
#2963=EDGE_CURVE('',#2365,#2364,#1020,.T.);
#2964=EDGE_CURVE('',#2366,#2365,#1021,.T.);
#2965=EDGE_CURVE('',#2356,#2366,#2089,.T.);
#2966=EDGE_CURVE('',#2356,#2367,#1022,.T.);
#2967=EDGE_CURVE('',#2368,#2367,#2090,.T.);
#2968=EDGE_CURVE('',#2355,#2368,#1023,.T.);
#2969=EDGE_CURVE('',#2369,#2368,#2091,.T.);
#2970=EDGE_CURVE('',#2357,#2369,#1024,.T.);
#2971=EDGE_CURVE('',#2370,#2369,#2092,.T.);
#2972=EDGE_CURVE('',#2358,#2370,#1025,.T.);
#2973=EDGE_CURVE('',#2371,#2370,#2093,.T.);
#2974=EDGE_CURVE('',#2359,#2371,#1026,.T.);
#2975=EDGE_CURVE('',#2372,#2371,#2094,.T.);
#2976=EDGE_CURVE('',#2360,#2372,#1027,.T.);
#2977=EDGE_CURVE('',#2373,#2372,#2095,.T.);
#2978=EDGE_CURVE('',#2361,#2373,#1028,.T.);
#2979=EDGE_CURVE('',#2374,#2373,#1029,.T.);
#2980=EDGE_CURVE('',#2362,#2374,#1030,.T.);
#2981=EDGE_CURVE('',#2375,#2374,#2096,.T.);
#2982=EDGE_CURVE('',#2363,#2375,#1031,.T.);
#2983=EDGE_CURVE('',#2376,#2375,#2097,.T.);
#2984=EDGE_CURVE('',#2364,#2376,#1032,.T.);
#2985=EDGE_CURVE('',#2377,#2376,#1033,.T.);
#2986=EDGE_CURVE('',#2365,#2377,#1034,.T.);
#2987=EDGE_CURVE('',#2378,#2377,#1035,.T.);
#2988=EDGE_CURVE('',#2366,#2378,#1036,.T.);
#2989=EDGE_CURVE('',#2367,#2378,#2098,.T.);
#2990=EDGE_CURVE('',#2331,#2379,#1037,.T.);
#2991=EDGE_CURVE('',#2380,#2379,#2099,.T.);
#2992=EDGE_CURVE('',#2330,#2380,#1038,.T.);
#2993=EDGE_CURVE('',#2381,#2380,#2100,.T.);
#2994=EDGE_CURVE('',#2332,#2381,#1039,.T.);
#2995=EDGE_CURVE('',#2382,#2381,#2101,.T.);
#2996=EDGE_CURVE('',#2333,#2382,#1040,.T.);
#2997=EDGE_CURVE('',#2383,#2382,#2102,.T.);
#2998=EDGE_CURVE('',#2334,#2383,#1041,.T.);
#2999=EDGE_CURVE('',#2384,#2383,#2103,.T.);
#3000=EDGE_CURVE('',#2335,#2384,#1042,.T.);
#3001=EDGE_CURVE('',#2385,#2384,#2104,.T.);
#3002=EDGE_CURVE('',#2336,#2385,#1043,.T.);
#3003=EDGE_CURVE('',#2386,#2385,#2105,.T.);
#3004=EDGE_CURVE('',#2337,#2386,#1044,.T.);
#3005=EDGE_CURVE('',#2387,#2386,#1045,.T.);
#3006=EDGE_CURVE('',#2338,#2387,#1046,.T.);
#3007=EDGE_CURVE('',#2388,#2387,#2106,.T.);
#3008=EDGE_CURVE('',#2339,#2388,#1047,.T.);
#3009=EDGE_CURVE('',#2389,#2388,#2107,.T.);
#3010=EDGE_CURVE('',#2340,#2389,#1048,.T.);
#3011=EDGE_CURVE('',#2390,#2389,#2108,.T.);
#3012=EDGE_CURVE('',#2341,#2390,#1049,.T.);
#3013=EDGE_CURVE('',#2391,#2390,#2109,.T.);
#3014=EDGE_CURVE('',#2342,#2391,#1050,.T.);
#3015=EDGE_CURVE('',#2392,#2391,#2110,.T.);
#3016=EDGE_CURVE('',#2343,#2392,#1051,.T.);
#3017=EDGE_CURVE('',#2393,#2392,#2111,.T.);
#3018=EDGE_CURVE('',#2344,#2393,#1052,.T.);
#3019=EDGE_CURVE('',#2394,#2393,#2112,.T.);
#3020=EDGE_CURVE('',#2345,#2394,#1053,.T.);
#3021=EDGE_CURVE('',#2395,#2394,#2113,.T.);
#3022=EDGE_CURVE('',#2346,#2395,#1054,.T.);
#3023=EDGE_CURVE('',#2396,#2395,#2114,.T.);
#3024=EDGE_CURVE('',#2347,#2396,#1055,.T.);
#3025=EDGE_CURVE('',#2397,#2396,#2115,.T.);
#3026=EDGE_CURVE('',#2348,#2397,#1056,.T.);
#3027=EDGE_CURVE('',#2398,#2397,#2116,.T.);
#3028=EDGE_CURVE('',#2349,#2398,#1057,.T.);
#3029=EDGE_CURVE('',#2399,#2398,#2117,.T.);
#3030=EDGE_CURVE('',#2350,#2399,#1058,.T.);
#3031=EDGE_CURVE('',#2400,#2399,#1059,.T.);
#3032=EDGE_CURVE('',#2351,#2400,#1060,.T.);
#3033=EDGE_CURVE('',#2401,#2400,#1061,.T.);
#3034=EDGE_CURVE('',#2352,#2401,#1062,.T.);
#3035=EDGE_CURVE('',#2402,#2401,#2118,.T.);
#3036=EDGE_CURVE('',#2353,#2402,#1063,.T.);
#3037=EDGE_CURVE('',#2403,#2402,#2119,.T.);
#3038=EDGE_CURVE('',#2354,#2403,#1064,.T.);
#3039=EDGE_CURVE('',#2379,#2403,#2120,.T.);
#3040=EDGE_CURVE('',#2404,#2405,#1065,.T.);
#3041=EDGE_CURVE('',#2404,#2406,#1066,.F.);
#3042=EDGE_CURVE('',#2407,#2406,#1067,.T.);
#3043=EDGE_CURVE('',#2407,#2405,#1068,.F.);
#3044=EDGE_CURVE('',#2408,#2409,#151,.F.);
#3045=EDGE_CURVE('',#2409,#2410,#1069,.T.);
#3046=EDGE_CURVE('',#2410,#2411,#1070,.T.);
#3047=EDGE_CURVE('',#2411,#2408,#1071,.T.);
#3048=EDGE_CURVE('',#2412,#2413,#152,.F.);
#3049=EDGE_CURVE('',#2413,#2411,#51,.T.);
#3050=EDGE_CURVE('',#2410,#2412,#52,.T.);
#3051=EDGE_CURVE('',#2410,#2414,#1072,.T.);
#3052=EDGE_CURVE('',#2414,#2415,#53,.T.);
#3053=EDGE_CURVE('',#2415,#2412,#1073,.T.);
#3054=EDGE_CURVE('',#2416,#2409,#153,.T.);
#3055=EDGE_CURVE('',#2417,#2416,#154,.T.);
#3056=EDGE_CURVE('',#2418,#2417,#1074,.T.);
#3057=EDGE_CURVE('',#2418,#2414,#1075,.T.);
#3058=EDGE_CURVE('',#2419,#2420,#155,.F.);
#3059=EDGE_CURVE('',#2420,#2421,#1076,.T.);
#3060=EDGE_CURVE('',#2421,#2422,#1077,.T.);
#3061=EDGE_CURVE('',#2422,#2419,#1078,.T.);
#3062=EDGE_CURVE('',#2423,#2424,#156,.F.);
#3063=EDGE_CURVE('',#2424,#2422,#54,.T.);
#3064=EDGE_CURVE('',#2421,#2423,#55,.T.);
#3065=EDGE_CURVE('',#2413,#2423,#1079,.T.);
#3066=EDGE_CURVE('',#2408,#2420,#56,.T.);
#3067=EDGE_CURVE('',#2425,#2425,#57,.T.);
#3068=EDGE_CURVE('',#2425,#2426,#1080,.T.);
#3069=EDGE_CURVE('',#2426,#2427,#58,.T.);
#3070=EDGE_CURVE('',#2427,#2426,#59,.T.);
#3071=EDGE_CURVE('',#2428,#2428,#60,.T.);
#3072=EDGE_CURVE('',#2427,#2429,#1081,.T.);
#3073=EDGE_CURVE('',#2429,#2429,#61,.T.);
#3074=EDGE_CURVE('',#2428,#2430,#1082,.T.);
#3075=EDGE_CURVE('',#2430,#2430,#62,.T.);
#3076=EDGE_CURVE('',#2430,#2431,#1083,.T.);
#3077=EDGE_CURVE('',#2432,#2431,#63,.T.);
#3078=EDGE_CURVE('',#2433,#2432,#1084,.T.);
#3079=EDGE_CURVE('',#2433,#2434,#64,.T.);
#3080=EDGE_CURVE('',#2435,#2434,#1085,.T.);
#3081=EDGE_CURVE('',#2436,#2435,#2121,.T.);
#3082=EDGE_CURVE('',#2437,#2436,#2122,.T.);
#3083=EDGE_CURVE('',#2438,#2437,#2123,.T.);
#3084=EDGE_CURVE('',#2439,#2438,#65,.T.);
#3085=EDGE_CURVE('',#2440,#2439,#2124,.T.);
#3086=EDGE_CURVE('',#2441,#2440,#2125,.T.);
#3087=EDGE_CURVE('',#2442,#2441,#2126,.T.);
#3088=EDGE_CURVE('',#2443,#2442,#1086,.T.);
#3089=EDGE_CURVE('',#2443,#2418,#66,.T.);
#3090=EDGE_CURVE('',#2431,#2417,#67,.T.);
#3091=EDGE_CURVE('',#2444,#2444,#68,.T.);
#3092=EDGE_CURVE('',#2444,#2445,#1087,.T.);
#3093=EDGE_CURVE('',#2445,#2446,#69,.T.);
#3094=EDGE_CURVE('',#2446,#2445,#70,.T.);
#3095=EDGE_CURVE('',#2447,#2447,#71,.T.);
#3096=EDGE_CURVE('',#2446,#2448,#1088,.T.);
#3097=EDGE_CURVE('',#2448,#2448,#72,.T.);
#3098=EDGE_CURVE('',#2447,#2449,#1089,.T.);
#3099=EDGE_CURVE('',#2449,#2450,#73,.T.);
#3100=EDGE_CURVE('',#2450,#2449,#74,.T.);
#3101=EDGE_CURVE('',#2450,#2451,#1090,.T.);
#3102=EDGE_CURVE('',#2452,#2451,#75,.T.);
#3103=EDGE_CURVE('',#2453,#2452,#2127,.T.);
#3104=EDGE_CURVE('',#2454,#2453,#2128,.T.);
#3105=EDGE_CURVE('',#2455,#2454,#2129,.T.);
#3106=EDGE_CURVE('',#2456,#2455,#1091,.T.);
#3107=EDGE_CURVE('',#2456,#2457,#76,.T.);
#3108=EDGE_CURVE('',#2458,#2457,#1092,.T.);
#3109=EDGE_CURVE('',#2451,#2458,#77,.T.);
#3110=EDGE_CURVE('',#2459,#2432,#157,.T.);
#3111=EDGE_CURVE('',#2419,#2459,#158,.T.);
#3112=EDGE_CURVE('',#2460,#2461,#78,.T.);
#3113=EDGE_CURVE('',#2461,#2462,#79,.T.);
#3114=EDGE_CURVE('',#2462,#2463,#2130,.F.);
#3115=EDGE_CURVE('',#2463,#2460,#80,.T.);
#3116=EDGE_CURVE('',#2464,#2465,#81,.T.);
#3117=EDGE_CURVE('',#2465,#2461,#1093,.T.);
#3118=EDGE_CURVE('',#2460,#2464,#1094,.T.);
#3119=EDGE_CURVE('',#2466,#2465,#2131,.T.);
#3120=EDGE_CURVE('',#2464,#2467,#2132,.T.);
#3121=EDGE_CURVE('',#2467,#2466,#2133,.T.);
#3122=EDGE_CURVE('',#2468,#2439,#82,.T.);
#3123=EDGE_CURVE('',#2469,#2468,#2134,.F.);
#3124=EDGE_CURVE('',#2442,#2469,#83,.T.);
#3125=EDGE_CURVE('',#2470,#2443,#84,.T.);
#3126=EDGE_CURVE('',#2469,#2470,#1095,.T.);
#3127=EDGE_CURVE('',#2471,#2435,#85,.T.);
#3128=EDGE_CURVE('',#2472,#2471,#2135,.F.);
#3129=EDGE_CURVE('',#2438,#2472,#86,.T.);
#3130=EDGE_CURVE('',#2434,#2473,#87,.T.);
#3131=EDGE_CURVE('',#2473,#2471,#1096,.T.);
#3132=EDGE_CURVE('',#2474,#2475,#88,.T.);
#3133=EDGE_CURVE('',#2475,#2472,#1097,.T.);
#3134=EDGE_CURVE('',#2471,#2474,#1098,.T.);
#3135=EDGE_CURVE('',#2467,#2475,#2136,.T.);
#3136=EDGE_CURVE('',#2474,#2466,#2137,.T.);
#3137=EDGE_CURVE('',#2472,#2468,#89,.T.);
#3138=EDGE_CURVE('',#2476,#2477,#90,.T.);
#3139=EDGE_CURVE('',#2477,#2469,#1099,.T.);
#3140=EDGE_CURVE('',#2468,#2476,#1100,.T.);
#3141=EDGE_CURVE('',#2476,#2478,#2138,.T.);
#3142=EDGE_CURVE('',#2478,#2479,#91,.T.);
#3143=EDGE_CURVE('',#2479,#2477,#2139,.T.);
#3144=EDGE_CURVE('',#2478,#2458,#2140,.T.);
#3145=EDGE_CURVE('',#2458,#2479,#2141,.T.);
#3146=EDGE_CURVE('',#2480,#2479,#1101,.T.);
#3147=EDGE_CURVE('',#2470,#2480,#1102,.T.);
#3148=EDGE_CURVE('',#2457,#2480,#92,.T.);
#3149=EDGE_CURVE('',#2476,#2475,#93,.T.);
#3150=EDGE_CURVE('',#2464,#2481,#94,.T.);
#3151=EDGE_CURVE('',#2481,#2452,#95,.T.);
#3152=EDGE_CURVE('',#2482,#2481,#2142,.F.);
#3153=EDGE_CURVE('',#2455,#2482,#96,.T.);
#3154=EDGE_CURVE('',#2483,#2456,#97,.T.);
#3155=EDGE_CURVE('',#2482,#2483,#1103,.T.);
#3156=EDGE_CURVE('',#2484,#2485,#98,.T.);
#3157=EDGE_CURVE('',#2485,#2482,#1104,.T.);
#3158=EDGE_CURVE('',#2481,#2484,#1105,.T.);
#3159=EDGE_CURVE('',#2486,#2484,#15,.T.);
#3160=EDGE_CURVE('',#2486,#2487,#99,.T.);
#3161=EDGE_CURVE('',#2487,#2485,#1106,.T.);
#3162=EDGE_CURVE('',#2488,#2486,#2143,.T.);
#3163=EDGE_CURVE('',#2488,#2487,#100,.T.);
#3164=EDGE_CURVE('',#2463,#2484,#1107,.T.);
#3165=EDGE_CURVE('',#2424,#2489,#1108,.T.);
#3166=EDGE_CURVE('',#2489,#2490,#101,.T.);
#3167=EDGE_CURVE('',#2490,#2422,#1109,.T.);
#3168=EDGE_CURVE('',#2491,#2415,#1110,.T.);
#3169=EDGE_CURVE('',#2492,#2491,#1111,.T.);
#3170=EDGE_CURVE('',#2493,#2492,#102,.T.);
#3171=EDGE_CURVE('',#2494,#2493,#1112,.T.);
#3172=EDGE_CURVE('',#2495,#2494,#103,.T.);
#3173=EDGE_CURVE('',#2496,#2495,#1113,.T.);
#3174=EDGE_CURVE('',#2497,#2496,#1114,.T.);
#3175=EDGE_CURVE('',#2498,#2497,#1115,.T.);
#3176=EDGE_CURVE('',#2499,#2498,#104,.T.);
#3177=EDGE_CURVE('',#2500,#2499,#1116,.T.);
#3178=EDGE_CURVE('',#2501,#2500,#105,.T.);
#3179=EDGE_CURVE('',#2502,#2501,#1117,.T.);
#3180=EDGE_CURVE('',#2503,#2502,#1118,.T.);
#3181=EDGE_CURVE('',#2488,#2503,#1119,.T.);
#3182=EDGE_CURVE('',#2504,#2462,#1120,.T.);
#3183=EDGE_CURVE('',#2504,#2489,#1121,.T.);
#3184=EDGE_CURVE('',#2505,#2506,#1122,.T.);
#3185=EDGE_CURVE('',#2506,#2507,#1123,.T.);
#3186=EDGE_CURVE('',#2507,#2508,#2144,.T.);
#3187=EDGE_CURVE('',#2508,#2509,#2145,.T.);
#3188=EDGE_CURVE('',#2509,#2510,#2146,.T.);
#3189=EDGE_CURVE('',#2510,#2511,#1124,.T.);
#3190=EDGE_CURVE('',#2511,#2512,#2147,.T.);
#3191=EDGE_CURVE('',#2512,#2513,#2148,.T.);
#3192=EDGE_CURVE('',#2513,#2514,#1125,.T.);
#3193=EDGE_CURVE('',#2514,#2515,#2149,.T.);
#3194=EDGE_CURVE('',#2515,#2516,#2150,.T.);
#3195=EDGE_CURVE('',#2516,#2517,#1126,.T.);
#3196=EDGE_CURVE('',#2517,#2518,#2151,.T.);
#3197=EDGE_CURVE('',#2518,#2519,#2152,.T.);
#3198=EDGE_CURVE('',#2519,#2505,#1127,.T.);
#3199=EDGE_CURVE('',#2520,#2521,#1128,.T.);
#3200=EDGE_CURVE('',#2521,#2522,#1129,.T.);
#3201=EDGE_CURVE('',#2522,#2523,#1130,.T.);
#3202=EDGE_CURVE('',#2523,#2524,#1131,.T.);
#3203=EDGE_CURVE('',#2524,#2525,#1132,.T.);
#3204=EDGE_CURVE('',#2525,#2526,#1133,.T.);
#3205=EDGE_CURVE('',#2526,#2527,#1134,.T.);
#3206=EDGE_CURVE('',#2527,#2520,#1135,.T.);
#3207=EDGE_CURVE('',#2528,#2529,#2153,.T.);
#3208=EDGE_CURVE('',#2529,#2530,#2154,.T.);
#3209=EDGE_CURVE('',#2530,#2531,#1136,.T.);
#3210=EDGE_CURVE('',#2531,#2532,#1137,.T.);
#3211=EDGE_CURVE('',#2532,#2533,#1138,.T.);
#3212=EDGE_CURVE('',#2533,#2534,#2155,.T.);
#3213=EDGE_CURVE('',#2534,#2535,#2156,.T.);
#3214=EDGE_CURVE('',#2535,#2536,#2157,.T.);
#3215=EDGE_CURVE('',#2536,#2537,#2158,.T.);
#3216=EDGE_CURVE('',#2537,#2538,#1139,.T.);
#3217=EDGE_CURVE('',#2538,#2539,#1140,.T.);
#3218=EDGE_CURVE('',#2539,#2528,#1141,.T.);
#3219=EDGE_CURVE('',#2540,#2541,#2159,.T.);
#3220=EDGE_CURVE('',#2541,#2542,#2160,.T.);
#3221=EDGE_CURVE('',#2542,#2543,#1142,.T.);
#3222=EDGE_CURVE('',#2543,#2544,#2161,.T.);
#3223=EDGE_CURVE('',#2544,#2545,#2162,.T.);
#3224=EDGE_CURVE('',#2545,#2546,#1143,.T.);
#3225=EDGE_CURVE('',#2546,#2547,#2163,.T.);
#3226=EDGE_CURVE('',#2547,#2548,#2164,.T.);
#3227=EDGE_CURVE('',#2548,#2549,#1144,.T.);
#3228=EDGE_CURVE('',#2549,#2550,#2165,.T.);
#3229=EDGE_CURVE('',#2550,#2551,#1145,.T.);
#3230=EDGE_CURVE('',#2551,#2552,#2166,.T.);
#3231=EDGE_CURVE('',#2552,#2553,#2167,.T.);
#3232=EDGE_CURVE('',#2553,#2554,#2168,.T.);
#3233=EDGE_CURVE('',#2554,#2555,#1146,.T.);
#3234=EDGE_CURVE('',#2555,#2556,#2169,.T.);
#3235=EDGE_CURVE('',#2556,#2557,#2170,.T.);
#3236=EDGE_CURVE('',#2557,#2558,#2171,.T.);
#3237=EDGE_CURVE('',#2558,#2559,#1147,.T.);
#3238=EDGE_CURVE('',#2559,#2560,#2172,.T.);
#3239=EDGE_CURVE('',#2560,#2561,#1148,.T.);
#3240=EDGE_CURVE('',#2561,#2562,#2173,.T.);
#3241=EDGE_CURVE('',#2562,#2563,#2174,.T.);
#3242=EDGE_CURVE('',#2563,#2564,#1149,.T.);
#3243=EDGE_CURVE('',#2564,#2565,#2175,.T.);
#3244=EDGE_CURVE('',#2565,#2540,#2176,.T.);
#3245=EDGE_CURVE('',#2566,#2567,#1150,.T.);
#3246=EDGE_CURVE('',#2567,#2568,#1151,.T.);
#3247=EDGE_CURVE('',#2568,#2569,#2177,.T.);
#3248=EDGE_CURVE('',#2569,#2570,#2178,.T.);
#3249=EDGE_CURVE('',#2570,#2571,#2179,.T.);
#3250=EDGE_CURVE('',#2571,#2572,#1152,.T.);
#3251=EDGE_CURVE('',#2572,#2573,#2180,.T.);
#3252=EDGE_CURVE('',#2573,#2574,#2181,.T.);
#3253=EDGE_CURVE('',#2574,#2575,#1153,.T.);
#3254=EDGE_CURVE('',#2575,#2576,#2182,.T.);
#3255=EDGE_CURVE('',#2576,#2577,#2183,.T.);
#3256=EDGE_CURVE('',#2577,#2578,#1154,.T.);
#3257=EDGE_CURVE('',#2578,#2579,#2184,.T.);
#3258=EDGE_CURVE('',#2579,#2580,#2185,.T.);
#3259=EDGE_CURVE('',#2580,#2566,#1155,.T.);
#3260=EDGE_CURVE('',#2581,#2582,#1156,.T.);
#3261=EDGE_CURVE('',#2582,#2583,#1157,.T.);
#3262=EDGE_CURVE('',#2583,#2584,#1158,.T.);
#3263=EDGE_CURVE('',#2584,#2585,#1159,.T.);
#3264=EDGE_CURVE('',#2585,#2586,#1160,.T.);
#3265=EDGE_CURVE('',#2586,#2587,#1161,.T.);
#3266=EDGE_CURVE('',#2587,#2588,#1162,.T.);
#3267=EDGE_CURVE('',#2588,#2581,#1163,.T.);
#3268=EDGE_CURVE('',#2589,#2590,#1164,.T.);
#3269=EDGE_CURVE('',#2591,#2590,#1165,.T.);
#3270=EDGE_CURVE('',#2592,#2591,#106,.T.);
#3271=EDGE_CURVE('',#2589,#2592,#1166,.T.);
#3272=EDGE_CURVE('',#2593,#2594,#1167,.T.);
#3273=EDGE_CURVE('',#2595,#2594,#1168,.T.);
#3274=EDGE_CURVE('',#2596,#2595,#107,.T.);
#3275=EDGE_CURVE('',#2593,#2596,#1169,.T.);
#3276=EDGE_CURVE('',#2461,#2597,#1170,.T.);
#3277=EDGE_CURVE('',#2597,#2504,#108,.T.);
#3278=EDGE_CURVE('',#2598,#2466,#1171,.T.);
#3279=EDGE_CURVE('',#2598,#2597,#1172,.T.);
#3280=EDGE_CURVE('',#2503,#2599,#109,.T.);
#3281=EDGE_CURVE('',#2599,#2487,#1173,.T.);
#3282=EDGE_CURVE('',#2600,#2601,#1174,.F.);
#3283=EDGE_CURVE('',#2601,#2602,#1175,.T.);
#3284=EDGE_CURVE('',#2602,#2603,#1176,.T.);
#3285=EDGE_CURVE('',#2603,#2600,#1177,.T.);
#3286=EDGE_CURVE('',#2604,#2605,#1178,.T.);
#3287=EDGE_CURVE('',#2605,#2603,#110,.T.);
#3288=EDGE_CURVE('',#2602,#2604,#111,.T.);
#3289=EDGE_CURVE('',#2606,#2607,#1179,.F.);
#3290=EDGE_CURVE('',#2607,#2605,#1180,.T.);
#3291=EDGE_CURVE('',#2604,#2606,#1181,.T.);
#3292=EDGE_CURVE('',#2604,#2608,#1182,.T.);
#3293=EDGE_CURVE('',#2608,#2609,#1183,.T.);
#3294=EDGE_CURVE('',#2606,#2609,#1184,.T.);
#3295=EDGE_CURVE('',#2602,#2610,#1185,.T.);
#3296=EDGE_CURVE('',#2610,#2608,#112,.T.);
#3297=EDGE_CURVE('',#2601,#2611,#1186,.T.);
#3298=EDGE_CURVE('',#2611,#2610,#1187,.T.);
#3299=EDGE_CURVE('',#2612,#2613,#1188,.F.);
#3300=EDGE_CURVE('',#2613,#2614,#1189,.T.);
#3301=EDGE_CURVE('',#2614,#2615,#1190,.T.);
#3302=EDGE_CURVE('',#2615,#2612,#1191,.T.);
#3303=EDGE_CURVE('',#2616,#2617,#1192,.T.);
#3304=EDGE_CURVE('',#2617,#2615,#113,.T.);
#3305=EDGE_CURVE('',#2614,#2616,#114,.T.);
#3306=EDGE_CURVE('',#2618,#2619,#1193,.F.);
#3307=EDGE_CURVE('',#2619,#2617,#1194,.T.);
#3308=EDGE_CURVE('',#2616,#2618,#1195,.T.);
#3309=EDGE_CURVE('',#2616,#2620,#1196,.T.);
#3310=EDGE_CURVE('',#2620,#2621,#1197,.T.);
#3311=EDGE_CURVE('',#2618,#2621,#1198,.T.);
#3312=EDGE_CURVE('',#2614,#2622,#1199,.T.);
#3313=EDGE_CURVE('',#2622,#2620,#115,.T.);
#3314=EDGE_CURVE('',#2613,#2623,#1200,.T.);
#3315=EDGE_CURVE('',#2623,#2622,#1201,.T.);
#3316=EDGE_CURVE('',#2624,#2625,#1202,.T.);
#3317=EDGE_CURVE('',#2625,#2626,#1203,.T.);
#3318=EDGE_CURVE('',#2626,#2627,#1204,.T.);
#3319=EDGE_CURVE('',#2627,#2624,#1205,.T.);
#3320=EDGE_CURVE('',#2627,#2628,#1206,.T.);
#3321=EDGE_CURVE('',#2628,#2629,#1207,.T.);
#3322=EDGE_CURVE('',#2629,#2624,#1208,.T.);
#3323=EDGE_CURVE('',#2630,#2631,#1209,.T.);
#3324=EDGE_CURVE('',#2631,#2632,#1210,.T.);
#3325=EDGE_CURVE('',#2632,#2633,#1211,.T.);
#3326=EDGE_CURVE('',#2633,#2630,#1212,.T.);
#3327=EDGE_CURVE('',#2634,#2635,#1213,.T.);
#3328=EDGE_CURVE('',#2635,#2633,#116,.T.);
#3329=EDGE_CURVE('',#2632,#2634,#117,.T.);
#3330=EDGE_CURVE('',#2636,#2637,#1214,.T.);
#3331=EDGE_CURVE('',#2637,#2635,#1215,.T.);
#3332=EDGE_CURVE('',#2634,#2636,#1216,.T.);
#3333=EDGE_CURVE('',#2638,#2639,#1217,.T.);
#3334=EDGE_CURVE('',#2639,#2637,#118,.T.);
#3335=EDGE_CURVE('',#2636,#2638,#119,.T.);
#3336=EDGE_CURVE('',#2628,#2639,#1218,.T.);
#3337=EDGE_CURVE('',#2638,#2629,#1219,.T.);
#3338=EDGE_CURVE('',#2640,#2641,#1220,.T.);
#3339=EDGE_CURVE('',#2641,#2626,#120,.T.);
#3340=EDGE_CURVE('',#2625,#2640,#121,.T.);
#3341=EDGE_CURVE('',#2640,#2642,#1221,.T.);
#3342=EDGE_CURVE('',#2642,#2643,#1222,.T.);
#3343=EDGE_CURVE('',#2643,#2641,#1223,.T.);
#3344=EDGE_CURVE('',#2644,#2645,#1224,.T.);
#3345=EDGE_CURVE('',#2645,#2643,#122,.T.);
#3346=EDGE_CURVE('',#2642,#2644,#123,.T.);
#3347=EDGE_CURVE('',#2646,#2647,#1225,.T.);
#3348=EDGE_CURVE('',#2647,#2645,#1226,.T.);
#3349=EDGE_CURVE('',#2644,#2646,#1227,.T.);
#3350=EDGE_CURVE('',#2648,#2633,#1228,.T.);
#3351=EDGE_CURVE('',#2649,#2648,#1229,.T.);
#3352=EDGE_CURVE('',#2649,#2630,#1230,.T.);
#3353=EDGE_CURVE('',#2635,#2650,#1231,.T.);
#3354=EDGE_CURVE('',#2648,#2650,#124,.T.);
#3355=EDGE_CURVE('',#2651,#2637,#1232,.T.);
#3356=EDGE_CURVE('',#2650,#2651,#1233,.T.);
#3357=EDGE_CURVE('',#2639,#2652,#1234,.T.);
#3358=EDGE_CURVE('',#2651,#2652,#125,.T.);
#3359=EDGE_CURVE('',#2628,#2653,#1235,.T.);
#3360=EDGE_CURVE('',#2652,#2653,#1236,.T.);
#3361=EDGE_CURVE('',#2654,#2627,#1237,.T.);
#3362=EDGE_CURVE('',#2653,#2654,#1238,.T.);
#3363=EDGE_CURVE('',#2655,#2626,#1239,.T.);
#3364=EDGE_CURVE('',#2654,#2655,#1240,.T.);
#3365=EDGE_CURVE('',#2641,#2656,#1241,.T.);
#3366=EDGE_CURVE('',#2655,#2656,#126,.T.);
#3367=EDGE_CURVE('',#2657,#2643,#1242,.T.);
#3368=EDGE_CURVE('',#2656,#2657,#1243,.T.);
#3369=EDGE_CURVE('',#2645,#2658,#1244,.T.);
#3370=EDGE_CURVE('',#2657,#2658,#127,.T.);
#3371=EDGE_CURVE('',#2647,#2659,#1245,.T.);
#3372=EDGE_CURVE('',#2658,#2659,#1246,.T.);
#3373=EDGE_CURVE('',#2495,#2652,#1247,.T.);
#3374=EDGE_CURVE('',#2653,#2496,#1248,.T.);
#3375=EDGE_CURVE('',#2494,#2651,#1249,.T.);
#3376=EDGE_CURVE('',#2493,#2650,#1250,.T.);
#3377=EDGE_CURVE('',#2492,#2648,#1251,.T.);
#3378=EDGE_CURVE('',#2491,#2649,#1252,.T.);
#3379=EDGE_CURVE('',#2654,#2497,#1253,.T.);
#3380=EDGE_CURVE('',#2659,#2502,#1254,.T.);
#3381=EDGE_CURVE('',#2501,#2658,#1255,.T.);
#3382=EDGE_CURVE('',#2500,#2657,#1256,.T.);
#3383=EDGE_CURVE('',#2499,#2656,#1257,.T.);
#3384=EDGE_CURVE('',#2498,#2655,#1258,.T.);
#3385=EDGE_CURVE('',#2483,#2599,#1259,.T.);
#3386=EDGE_CURVE('',#2646,#2631,#1260,.T.);
#3387=EDGE_CURVE('',#2473,#2598,#1261,.T.);
#3388=EDGE_CURVE('',#2490,#2433,#1262,.T.);
#3389=EDGE_CURVE('',#2594,#2660,#1263,.F.);
#3390=EDGE_CURVE('',#2660,#2661,#1264,.T.);
#3391=EDGE_CURVE('',#2661,#2595,#1265,.T.);
#3392=EDGE_CURVE('',#2662,#2596,#1266,.T.);
#3393=EDGE_CURVE('',#2661,#2662,#128,.T.);
#3394=EDGE_CURVE('',#2663,#2593,#1267,.F.);
#3395=EDGE_CURVE('',#2662,#2663,#1268,.T.);
#3396=EDGE_CURVE('',#2662,#2664,#1269,.T.);
#3397=EDGE_CURVE('',#2664,#2665,#1270,.T.);
#3398=EDGE_CURVE('',#2663,#2665,#1271,.T.);
#3399=EDGE_CURVE('',#2661,#2666,#1272,.T.);
#3400=EDGE_CURVE('',#2666,#2664,#129,.T.);
#3401=EDGE_CURVE('',#2660,#2667,#1273,.T.);
#3402=EDGE_CURVE('',#2667,#2666,#1274,.T.);
#3403=EDGE_CURVE('',#2590,#2668,#1275,.F.);
#3404=EDGE_CURVE('',#2668,#2669,#1276,.T.);
#3405=EDGE_CURVE('',#2669,#2591,#1277,.T.);
#3406=EDGE_CURVE('',#2670,#2592,#1278,.T.);
#3407=EDGE_CURVE('',#2669,#2670,#130,.T.);
#3408=EDGE_CURVE('',#2671,#2589,#1279,.F.);
#3409=EDGE_CURVE('',#2670,#2671,#1280,.T.);
#3410=EDGE_CURVE('',#2670,#2672,#1281,.T.);
#3411=EDGE_CURVE('',#2672,#2673,#1282,.T.);
#3412=EDGE_CURVE('',#2671,#2673,#1283,.T.);
#3413=EDGE_CURVE('',#2669,#2674,#1284,.T.);
#3414=EDGE_CURVE('',#2674,#2672,#131,.T.);
#3415=EDGE_CURVE('',#2668,#2675,#1285,.T.);
#3416=EDGE_CURVE('',#2675,#2674,#1286,.T.);
#3417=EDGE_CURVE('',#2676,#2404,#16,.F.);
#3418=EDGE_CURVE('',#2405,#2677,#17,.F.);
#3419=EDGE_CURVE('',#2676,#2677,#1287,.T.);
#3420=EDGE_CURVE('',#2678,#2407,#18,.F.);
#3421=EDGE_CURVE('',#2677,#2678,#1288,.T.);
#3422=EDGE_CURVE('',#2406,#2679,#19,.F.);
#3423=EDGE_CURVE('',#2678,#2679,#1289,.T.);
#3424=EDGE_CURVE('',#2679,#2676,#1290,.T.);
#3425=EDGE_CURVE('',#2581,#2680,#1291,.T.);
#3426=EDGE_CURVE('',#2680,#2681,#1292,.T.);
#3427=EDGE_CURVE('',#2582,#2681,#1293,.T.);
#3428=EDGE_CURVE('',#2588,#2682,#1294,.T.);
#3429=EDGE_CURVE('',#2682,#2680,#1295,.T.);
#3430=EDGE_CURVE('',#2587,#2683,#1296,.T.);
#3431=EDGE_CURVE('',#2683,#2682,#1297,.T.);
#3432=EDGE_CURVE('',#2586,#2684,#1298,.T.);
#3433=EDGE_CURVE('',#2684,#2683,#1299,.T.);
#3434=EDGE_CURVE('',#2585,#2685,#1300,.T.);
#3435=EDGE_CURVE('',#2685,#2684,#1301,.T.);
#3436=EDGE_CURVE('',#2584,#2686,#1302,.T.);
#3437=EDGE_CURVE('',#2686,#2685,#1303,.T.);
#3438=EDGE_CURVE('',#2583,#2687,#1304,.T.);
#3439=EDGE_CURVE('',#2687,#2686,#1305,.T.);
#3440=EDGE_CURVE('',#2681,#2687,#1306,.T.);
#3441=EDGE_CURVE('',#2688,#2689,#1307,.T.);
#3442=EDGE_CURVE('',#2688,#2690,#1308,.T.);
#3443=EDGE_CURVE('',#2690,#2691,#1309,.T.);
#3444=EDGE_CURVE('',#2689,#2691,#1310,.T.);
#3445=EDGE_CURVE('',#2692,#2688,#1311,.T.);
#3446=EDGE_CURVE('',#2692,#2693,#1312,.T.);
#3447=EDGE_CURVE('',#2693,#2690,#1313,.T.);
#3448=EDGE_CURVE('',#2694,#2692,#1314,.T.);
#3449=EDGE_CURVE('',#2694,#2695,#1315,.T.);
#3450=EDGE_CURVE('',#2695,#2693,#1316,.T.);
#3451=EDGE_CURVE('',#2696,#2694,#2186,.T.);
#3452=EDGE_CURVE('',#2696,#2697,#1317,.T.);
#3453=EDGE_CURVE('',#2697,#2695,#2187,.T.);
#3454=EDGE_CURVE('',#2698,#2696,#2188,.T.);
#3455=EDGE_CURVE('',#2698,#2699,#1318,.T.);
#3456=EDGE_CURVE('',#2699,#2697,#2189,.T.);
#3457=EDGE_CURVE('',#2700,#2698,#2190,.T.);
#3458=EDGE_CURVE('',#2700,#2701,#1319,.T.);
#3459=EDGE_CURVE('',#2701,#2699,#2191,.T.);
#3460=EDGE_CURVE('',#2702,#2700,#1320,.T.);
#3461=EDGE_CURVE('',#2702,#2703,#1321,.T.);
#3462=EDGE_CURVE('',#2703,#2701,#1322,.T.);
#3463=EDGE_CURVE('',#2704,#2702,#2192,.T.);
#3464=EDGE_CURVE('',#2704,#2705,#1323,.T.);
#3465=EDGE_CURVE('',#2705,#2703,#2193,.T.);
#3466=EDGE_CURVE('',#2706,#2704,#2194,.T.);
#3467=EDGE_CURVE('',#2706,#2707,#1324,.T.);
#3468=EDGE_CURVE('',#2707,#2705,#2195,.T.);
#3469=EDGE_CURVE('',#2689,#2706,#2196,.T.);
#3470=EDGE_CURVE('',#2691,#2707,#2197,.T.);
#3471=EDGE_CURVE('',#2708,#2709,#1325,.T.);
#3472=EDGE_CURVE('',#2708,#2710,#1326,.T.);
#3473=EDGE_CURVE('',#2710,#2711,#1327,.T.);
#3474=EDGE_CURVE('',#2709,#2711,#1328,.T.);
#3475=EDGE_CURVE('',#2712,#2708,#1329,.T.);
#3476=EDGE_CURVE('',#2712,#2713,#1330,.T.);
#3477=EDGE_CURVE('',#2713,#2710,#1331,.T.);
#3478=EDGE_CURVE('',#2714,#2712,#1332,.T.);
#3479=EDGE_CURVE('',#2714,#2715,#1333,.T.);
#3480=EDGE_CURVE('',#2715,#2713,#1334,.T.);
#3481=EDGE_CURVE('',#2716,#2714,#2198,.T.);
#3482=EDGE_CURVE('',#2716,#2717,#1335,.T.);
#3483=EDGE_CURVE('',#2717,#2715,#2199,.T.);
#3484=EDGE_CURVE('',#2718,#2716,#2200,.T.);
#3485=EDGE_CURVE('',#2718,#2719,#1336,.T.);
#3486=EDGE_CURVE('',#2719,#2717,#2201,.T.);
#3487=EDGE_CURVE('',#2720,#2718,#1337,.T.);
#3488=EDGE_CURVE('',#2720,#2721,#1338,.T.);
#3489=EDGE_CURVE('',#2721,#2719,#1339,.T.);
#3490=EDGE_CURVE('',#2722,#2720,#2202,.T.);
#3491=EDGE_CURVE('',#2722,#2723,#1340,.T.);
#3492=EDGE_CURVE('',#2723,#2721,#2203,.T.);
#3493=EDGE_CURVE('',#2709,#2722,#2204,.T.);
#3494=EDGE_CURVE('',#2711,#2723,#2205,.T.);
#3495=EDGE_CURVE('',#2566,#2724,#1341,.T.);
#3496=EDGE_CURVE('',#2724,#2725,#1342,.T.);
#3497=EDGE_CURVE('',#2567,#2725,#1343,.T.);
#3498=EDGE_CURVE('',#2580,#2726,#1344,.T.);
#3499=EDGE_CURVE('',#2726,#2724,#1345,.T.);
#3500=EDGE_CURVE('',#2579,#2727,#1346,.T.);
#3501=EDGE_CURVE('',#2727,#2726,#2206,.T.);
#3502=EDGE_CURVE('',#2578,#2728,#1347,.T.);
#3503=EDGE_CURVE('',#2728,#2727,#2207,.T.);
#3504=EDGE_CURVE('',#2577,#2729,#1348,.T.);
#3505=EDGE_CURVE('',#2729,#2728,#1349,.T.);
#3506=EDGE_CURVE('',#2576,#2730,#1350,.T.);
#3507=EDGE_CURVE('',#2730,#2729,#2208,.T.);
#3508=EDGE_CURVE('',#2575,#2731,#1351,.T.);
#3509=EDGE_CURVE('',#2731,#2730,#2209,.T.);
#3510=EDGE_CURVE('',#2574,#2732,#1352,.T.);
#3511=EDGE_CURVE('',#2732,#2731,#1353,.T.);
#3512=EDGE_CURVE('',#2573,#2733,#1354,.T.);
#3513=EDGE_CURVE('',#2733,#2732,#2210,.T.);
#3514=EDGE_CURVE('',#2572,#2734,#1355,.T.);
#3515=EDGE_CURVE('',#2734,#2733,#2211,.T.);
#3516=EDGE_CURVE('',#2571,#2735,#1356,.T.);
#3517=EDGE_CURVE('',#2735,#2734,#1357,.T.);
#3518=EDGE_CURVE('',#2570,#2736,#1358,.T.);
#3519=EDGE_CURVE('',#2736,#2735,#2212,.T.);
#3520=EDGE_CURVE('',#2569,#2737,#1359,.T.);
#3521=EDGE_CURVE('',#2737,#2736,#2213,.T.);
#3522=EDGE_CURVE('',#2568,#2738,#1360,.T.);
#3523=EDGE_CURVE('',#2738,#2737,#2214,.T.);
#3524=EDGE_CURVE('',#2725,#2738,#1361,.T.);
#3525=EDGE_CURVE('',#2540,#2739,#1362,.T.);
#3526=EDGE_CURVE('',#2739,#2740,#2215,.T.);
#3527=EDGE_CURVE('',#2541,#2740,#1363,.T.);
#3528=EDGE_CURVE('',#2565,#2741,#1364,.T.);
#3529=EDGE_CURVE('',#2741,#2739,#2216,.T.);
#3530=EDGE_CURVE('',#2564,#2742,#1365,.T.);
#3531=EDGE_CURVE('',#2742,#2741,#2217,.T.);
#3532=EDGE_CURVE('',#2563,#2743,#1366,.T.);
#3533=EDGE_CURVE('',#2743,#2742,#1367,.T.);
#3534=EDGE_CURVE('',#2562,#2744,#1368,.T.);
#3535=EDGE_CURVE('',#2744,#2743,#2218,.T.);
#3536=EDGE_CURVE('',#2561,#2745,#1369,.T.);
#3537=EDGE_CURVE('',#2745,#2744,#2219,.T.);
#3538=EDGE_CURVE('',#2560,#2746,#1370,.T.);
#3539=EDGE_CURVE('',#2746,#2745,#1371,.T.);
#3540=EDGE_CURVE('',#2559,#2747,#1372,.T.);
#3541=EDGE_CURVE('',#2747,#2746,#2220,.T.);
#3542=EDGE_CURVE('',#2558,#2748,#1373,.T.);
#3543=EDGE_CURVE('',#2748,#2747,#1374,.T.);
#3544=EDGE_CURVE('',#2557,#2749,#1375,.T.);
#3545=EDGE_CURVE('',#2749,#2748,#2221,.T.);
#3546=EDGE_CURVE('',#2556,#2750,#1376,.T.);
#3547=EDGE_CURVE('',#2750,#2749,#2222,.T.);
#3548=EDGE_CURVE('',#2555,#2751,#1377,.T.);
#3549=EDGE_CURVE('',#2751,#2750,#2223,.T.);
#3550=EDGE_CURVE('',#2554,#2752,#1378,.T.);
#3551=EDGE_CURVE('',#2752,#2751,#1379,.T.);
#3552=EDGE_CURVE('',#2553,#2753,#1380,.T.);
#3553=EDGE_CURVE('',#2753,#2752,#2224,.T.);
#3554=EDGE_CURVE('',#2552,#2754,#1381,.T.);
#3555=EDGE_CURVE('',#2754,#2753,#2225,.T.);
#3556=EDGE_CURVE('',#2551,#2755,#1382,.T.);
#3557=EDGE_CURVE('',#2755,#2754,#2226,.T.);
#3558=EDGE_CURVE('',#2550,#2756,#1383,.T.);
#3559=EDGE_CURVE('',#2756,#2755,#1384,.T.);
#3560=EDGE_CURVE('',#2549,#2757,#1385,.T.);
#3561=EDGE_CURVE('',#2757,#2756,#2227,.T.);
#3562=EDGE_CURVE('',#2548,#2758,#1386,.T.);
#3563=EDGE_CURVE('',#2758,#2757,#1387,.T.);
#3564=EDGE_CURVE('',#2547,#2759,#1388,.T.);
#3565=EDGE_CURVE('',#2759,#2758,#2228,.T.);
#3566=EDGE_CURVE('',#2546,#2760,#1389,.T.);
#3567=EDGE_CURVE('',#2760,#2759,#2229,.T.);
#3568=EDGE_CURVE('',#2545,#2761,#1390,.T.);
#3569=EDGE_CURVE('',#2761,#2760,#1391,.T.);
#3570=EDGE_CURVE('',#2544,#2762,#1392,.T.);
#3571=EDGE_CURVE('',#2762,#2761,#2230,.T.);
#3572=EDGE_CURVE('',#2543,#2763,#1393,.T.);
#3573=EDGE_CURVE('',#2763,#2762,#2231,.T.);
#3574=EDGE_CURVE('',#2542,#2764,#1394,.T.);
#3575=EDGE_CURVE('',#2764,#2763,#1395,.T.);
#3576=EDGE_CURVE('',#2740,#2764,#2232,.T.);
#3577=EDGE_CURVE('',#2528,#2765,#1396,.T.);
#3578=EDGE_CURVE('',#2765,#2766,#2233,.T.);
#3579=EDGE_CURVE('',#2529,#2766,#1397,.T.);
#3580=EDGE_CURVE('',#2539,#2767,#1398,.T.);
#3581=EDGE_CURVE('',#2767,#2765,#1399,.T.);
#3582=EDGE_CURVE('',#2538,#2768,#1400,.T.);
#3583=EDGE_CURVE('',#2768,#2767,#1401,.T.);
#3584=EDGE_CURVE('',#2537,#2769,#1402,.T.);
#3585=EDGE_CURVE('',#2769,#2768,#1403,.T.);
#3586=EDGE_CURVE('',#2536,#2770,#1404,.T.);
#3587=EDGE_CURVE('',#2770,#2769,#2234,.T.);
#3588=EDGE_CURVE('',#2535,#2771,#1405,.T.);
#3589=EDGE_CURVE('',#2771,#2770,#2235,.T.);
#3590=EDGE_CURVE('',#2534,#2772,#1406,.T.);
#3591=EDGE_CURVE('',#2772,#2771,#2236,.T.);
#3592=EDGE_CURVE('',#2533,#2773,#1407,.T.);
#3593=EDGE_CURVE('',#2773,#2772,#2237,.T.);
#3594=EDGE_CURVE('',#2532,#2774,#1408,.T.);
#3595=EDGE_CURVE('',#2774,#2773,#1409,.T.);
#3596=EDGE_CURVE('',#2531,#2775,#1410,.T.);
#3597=EDGE_CURVE('',#2775,#2774,#1411,.T.);
#3598=EDGE_CURVE('',#2530,#2776,#1412,.T.);
#3599=EDGE_CURVE('',#2776,#2775,#1413,.T.);
#3600=EDGE_CURVE('',#2766,#2776,#2238,.T.);
#3601=EDGE_CURVE('',#2520,#2777,#1414,.T.);
#3602=EDGE_CURVE('',#2777,#2778,#1415,.T.);
#3603=EDGE_CURVE('',#2521,#2778,#1416,.T.);
#3604=EDGE_CURVE('',#2527,#2779,#1417,.T.);
#3605=EDGE_CURVE('',#2779,#2777,#1418,.T.);
#3606=EDGE_CURVE('',#2526,#2780,#1419,.T.);
#3607=EDGE_CURVE('',#2780,#2779,#1420,.T.);
#3608=EDGE_CURVE('',#2525,#2781,#1421,.T.);
#3609=EDGE_CURVE('',#2781,#2780,#1422,.T.);
#3610=EDGE_CURVE('',#2524,#2782,#1423,.T.);
#3611=EDGE_CURVE('',#2782,#2781,#1424,.T.);
#3612=EDGE_CURVE('',#2523,#2783,#1425,.T.);
#3613=EDGE_CURVE('',#2783,#2782,#1426,.T.);
#3614=EDGE_CURVE('',#2522,#2784,#1427,.T.);
#3615=EDGE_CURVE('',#2784,#2783,#1428,.T.);
#3616=EDGE_CURVE('',#2778,#2784,#1429,.T.);
#3617=EDGE_CURVE('',#2785,#2786,#1430,.T.);
#3618=EDGE_CURVE('',#2785,#2787,#1431,.T.);
#3619=EDGE_CURVE('',#2787,#2788,#1432,.T.);
#3620=EDGE_CURVE('',#2786,#2788,#1433,.T.);
#3621=EDGE_CURVE('',#2789,#2785,#1434,.T.);
#3622=EDGE_CURVE('',#2789,#2790,#1435,.T.);
#3623=EDGE_CURVE('',#2790,#2787,#1436,.T.);
#3624=EDGE_CURVE('',#2791,#2789,#1437,.T.);
#3625=EDGE_CURVE('',#2791,#2792,#1438,.T.);
#3626=EDGE_CURVE('',#2792,#2790,#1439,.T.);
#3627=EDGE_CURVE('',#2793,#2791,#2239,.T.);
#3628=EDGE_CURVE('',#2793,#2794,#1440,.T.);
#3629=EDGE_CURVE('',#2794,#2792,#2240,.T.);
#3630=EDGE_CURVE('',#2795,#2793,#2241,.T.);
#3631=EDGE_CURVE('',#2795,#2796,#1441,.T.);
#3632=EDGE_CURVE('',#2796,#2794,#2242,.T.);
#3633=EDGE_CURVE('',#2797,#2795,#2243,.T.);
#3634=EDGE_CURVE('',#2797,#2798,#1442,.T.);
#3635=EDGE_CURVE('',#2798,#2796,#2244,.T.);
#3636=EDGE_CURVE('',#2799,#2797,#1443,.T.);
#3637=EDGE_CURVE('',#2799,#2800,#1444,.T.);
#3638=EDGE_CURVE('',#2800,#2798,#1445,.T.);
#3639=EDGE_CURVE('',#2801,#2799,#2245,.T.);
#3640=EDGE_CURVE('',#2801,#2802,#1446,.T.);
#3641=EDGE_CURVE('',#2802,#2800,#2246,.T.);
#3642=EDGE_CURVE('',#2803,#2801,#2247,.T.);
#3643=EDGE_CURVE('',#2803,#2804,#1447,.T.);
#3644=EDGE_CURVE('',#2804,#2802,#2248,.T.);
#3645=EDGE_CURVE('',#2786,#2803,#2249,.T.);
#3646=EDGE_CURVE('',#2788,#2804,#2250,.T.);
#3647=EDGE_CURVE('',#2805,#2806,#1448,.T.);
#3648=EDGE_CURVE('',#2805,#2807,#1449,.T.);
#3649=EDGE_CURVE('',#2807,#2808,#1450,.T.);
#3650=EDGE_CURVE('',#2806,#2808,#1451,.T.);
#3651=EDGE_CURVE('',#2809,#2805,#1452,.T.);
#3652=EDGE_CURVE('',#2809,#2810,#1453,.T.);
#3653=EDGE_CURVE('',#2810,#2807,#1454,.T.);
#3654=EDGE_CURVE('',#2811,#2809,#1455,.T.);
#3655=EDGE_CURVE('',#2811,#2812,#1456,.T.);
#3656=EDGE_CURVE('',#2812,#2810,#1457,.T.);
#3657=EDGE_CURVE('',#2813,#2811,#2251,.T.);
#3658=EDGE_CURVE('',#2813,#2814,#1458,.T.);
#3659=EDGE_CURVE('',#2814,#2812,#2252,.T.);
#3660=EDGE_CURVE('',#2815,#2813,#2253,.T.);
#3661=EDGE_CURVE('',#2815,#2816,#1459,.T.);
#3662=EDGE_CURVE('',#2816,#2814,#2254,.T.);
#3663=EDGE_CURVE('',#2817,#2815,#1460,.T.);
#3664=EDGE_CURVE('',#2817,#2818,#1461,.T.);
#3665=EDGE_CURVE('',#2818,#2816,#1462,.T.);
#3666=EDGE_CURVE('',#2819,#2817,#2255,.T.);
#3667=EDGE_CURVE('',#2819,#2820,#1463,.T.);
#3668=EDGE_CURVE('',#2820,#2818,#2256,.T.);
#3669=EDGE_CURVE('',#2806,#2819,#2257,.T.);
#3670=EDGE_CURVE('',#2808,#2820,#2258,.T.);
#3671=EDGE_CURVE('',#2505,#2821,#1464,.T.);
#3672=EDGE_CURVE('',#2821,#2822,#1465,.T.);
#3673=EDGE_CURVE('',#2506,#2822,#1466,.T.);
#3674=EDGE_CURVE('',#2519,#2823,#1467,.T.);
#3675=EDGE_CURVE('',#2823,#2821,#1468,.T.);
#3676=EDGE_CURVE('',#2518,#2824,#1469,.T.);
#3677=EDGE_CURVE('',#2824,#2823,#2259,.T.);
#3678=EDGE_CURVE('',#2517,#2825,#1470,.T.);
#3679=EDGE_CURVE('',#2825,#2824,#2260,.T.);
#3680=EDGE_CURVE('',#2516,#2826,#1471,.T.);
#3681=EDGE_CURVE('',#2826,#2825,#1472,.T.);
#3682=EDGE_CURVE('',#2515,#2827,#1473,.T.);
#3683=EDGE_CURVE('',#2827,#2826,#2261,.T.);
#3684=EDGE_CURVE('',#2514,#2828,#1474,.T.);
#3685=EDGE_CURVE('',#2828,#2827,#2262,.T.);
#3686=EDGE_CURVE('',#2513,#2829,#1475,.T.);
#3687=EDGE_CURVE('',#2829,#2828,#1476,.T.);
#3688=EDGE_CURVE('',#2512,#2830,#1477,.T.);
#3689=EDGE_CURVE('',#2830,#2829,#2263,.T.);
#3690=EDGE_CURVE('',#2511,#2831,#1478,.T.);
#3691=EDGE_CURVE('',#2831,#2830,#2264,.T.);
#3692=EDGE_CURVE('',#2510,#2832,#1479,.T.);
#3693=EDGE_CURVE('',#2832,#2831,#1480,.T.);
#3694=EDGE_CURVE('',#2509,#2833,#1481,.T.);
#3695=EDGE_CURVE('',#2833,#2832,#2265,.T.);
#3696=EDGE_CURVE('',#2508,#2834,#1482,.T.);
#3697=EDGE_CURVE('',#2834,#2833,#2266,.T.);
#3698=EDGE_CURVE('',#2507,#2835,#1483,.T.);
#3699=EDGE_CURVE('',#2835,#2834,#2267,.T.);
#3700=EDGE_CURVE('',#2822,#2835,#1484,.T.);
#3701=EDGE_CURVE('',#2673,#2675,#1485,.T.);
#3702=EDGE_CURVE('',#2621,#2623,#1486,.T.);
#3703=EDGE_CURVE('',#2665,#2667,#1487,.T.);
#3704=EDGE_CURVE('',#2609,#2611,#1488,.T.);
#3705=EDGE_CURVE('',#2619,#2612,#1489,.T.);
#3706=EDGE_CURVE('',#2607,#2600,#1490,.T.);
#3707=ORIENTED_EDGE('',*,*,#2836,.F.);
#3708=ORIENTED_EDGE('',*,*,#2837,.F.);
#3709=ORIENTED_EDGE('',*,*,#2838,.F.);
#3710=ORIENTED_EDGE('',*,*,#2839,.F.);
#3711=ORIENTED_EDGE('',*,*,#2840,.F.);
#3712=ORIENTED_EDGE('',*,*,#2841,.F.);
#3713=ORIENTED_EDGE('',*,*,#2842,.F.);
#3714=ORIENTED_EDGE('',*,*,#2843,.F.);
#3715=ORIENTED_EDGE('',*,*,#2844,.F.);
#3716=ORIENTED_EDGE('',*,*,#2845,.F.);
#3717=ORIENTED_EDGE('',*,*,#2846,.F.);
#3718=ORIENTED_EDGE('',*,*,#2847,.F.);
#3719=ORIENTED_EDGE('',*,*,#2848,.F.);
#3720=ORIENTED_EDGE('',*,*,#2849,.F.);
#3721=ORIENTED_EDGE('',*,*,#2850,.F.);
#3722=ORIENTED_EDGE('',*,*,#2851,.F.);
#3723=ORIENTED_EDGE('',*,*,#2852,.F.);
#3724=ORIENTED_EDGE('',*,*,#2853,.F.);
#3725=ORIENTED_EDGE('',*,*,#2854,.F.);
#3726=ORIENTED_EDGE('',*,*,#2855,.F.);
#3727=ORIENTED_EDGE('',*,*,#2856,.F.);
#3728=ORIENTED_EDGE('',*,*,#2857,.F.);
#3729=ORIENTED_EDGE('',*,*,#2858,.F.);
#3730=ORIENTED_EDGE('',*,*,#2859,.F.);
#3731=ORIENTED_EDGE('',*,*,#2860,.F.);
#3732=ORIENTED_EDGE('',*,*,#2861,.F.);
#3733=ORIENTED_EDGE('',*,*,#2862,.F.);
#3734=ORIENTED_EDGE('',*,*,#2863,.F.);
#3735=ORIENTED_EDGE('',*,*,#2864,.F.);
#3736=ORIENTED_EDGE('',*,*,#2865,.F.);
#3737=ORIENTED_EDGE('',*,*,#2866,.F.);
#3738=ORIENTED_EDGE('',*,*,#2836,.T.);
#3739=ORIENTED_EDGE('',*,*,#2867,.T.);
#3740=ORIENTED_EDGE('',*,*,#2868,.F.);
#3741=ORIENTED_EDGE('',*,*,#2869,.F.);
#3742=ORIENTED_EDGE('',*,*,#2837,.T.);
#3743=ORIENTED_EDGE('',*,*,#2869,.T.);
#3744=ORIENTED_EDGE('',*,*,#2870,.F.);
#3745=ORIENTED_EDGE('',*,*,#2871,.F.);
#3746=ORIENTED_EDGE('',*,*,#2838,.T.);
#3747=ORIENTED_EDGE('',*,*,#2871,.T.);
#3748=ORIENTED_EDGE('',*,*,#2872,.F.);
#3749=ORIENTED_EDGE('',*,*,#2873,.F.);
#3750=ORIENTED_EDGE('',*,*,#2839,.T.);
#3751=ORIENTED_EDGE('',*,*,#2873,.T.);
#3752=ORIENTED_EDGE('',*,*,#2874,.F.);
#3753=ORIENTED_EDGE('',*,*,#2875,.F.);
#3754=ORIENTED_EDGE('',*,*,#2840,.T.);
#3755=ORIENTED_EDGE('',*,*,#2875,.T.);
#3756=ORIENTED_EDGE('',*,*,#2876,.F.);
#3757=ORIENTED_EDGE('',*,*,#2877,.F.);
#3758=ORIENTED_EDGE('',*,*,#2841,.T.);
#3759=ORIENTED_EDGE('',*,*,#2877,.T.);
#3760=ORIENTED_EDGE('',*,*,#2878,.F.);
#3761=ORIENTED_EDGE('',*,*,#2879,.F.);
#3762=ORIENTED_EDGE('',*,*,#2842,.T.);
#3763=ORIENTED_EDGE('',*,*,#2879,.T.);
#3764=ORIENTED_EDGE('',*,*,#2880,.F.);
#3765=ORIENTED_EDGE('',*,*,#2881,.F.);
#3766=ORIENTED_EDGE('',*,*,#2843,.T.);
#3767=ORIENTED_EDGE('',*,*,#2881,.T.);
#3768=ORIENTED_EDGE('',*,*,#2882,.F.);
#3769=ORIENTED_EDGE('',*,*,#2883,.F.);
#3770=ORIENTED_EDGE('',*,*,#2844,.T.);
#3771=ORIENTED_EDGE('',*,*,#2883,.T.);
#3772=ORIENTED_EDGE('',*,*,#2884,.F.);
#3773=ORIENTED_EDGE('',*,*,#2885,.F.);
#3774=ORIENTED_EDGE('',*,*,#2845,.T.);
#3775=ORIENTED_EDGE('',*,*,#2885,.T.);
#3776=ORIENTED_EDGE('',*,*,#2886,.F.);
#3777=ORIENTED_EDGE('',*,*,#2887,.F.);
#3778=ORIENTED_EDGE('',*,*,#2846,.T.);
#3779=ORIENTED_EDGE('',*,*,#2887,.T.);
#3780=ORIENTED_EDGE('',*,*,#2888,.F.);
#3781=ORIENTED_EDGE('',*,*,#2889,.F.);
#3782=ORIENTED_EDGE('',*,*,#2847,.T.);
#3783=ORIENTED_EDGE('',*,*,#2889,.T.);
#3784=ORIENTED_EDGE('',*,*,#2890,.F.);
#3785=ORIENTED_EDGE('',*,*,#2891,.F.);
#3786=ORIENTED_EDGE('',*,*,#2848,.T.);
#3787=ORIENTED_EDGE('',*,*,#2891,.T.);
#3788=ORIENTED_EDGE('',*,*,#2892,.F.);
#3789=ORIENTED_EDGE('',*,*,#2893,.F.);
#3790=ORIENTED_EDGE('',*,*,#2849,.T.);
#3791=ORIENTED_EDGE('',*,*,#2893,.T.);
#3792=ORIENTED_EDGE('',*,*,#2894,.F.);
#3793=ORIENTED_EDGE('',*,*,#2895,.F.);
#3794=ORIENTED_EDGE('',*,*,#2850,.T.);
#3795=ORIENTED_EDGE('',*,*,#2895,.T.);
#3796=ORIENTED_EDGE('',*,*,#2896,.F.);
#3797=ORIENTED_EDGE('',*,*,#2897,.F.);
#3798=ORIENTED_EDGE('',*,*,#2851,.T.);
#3799=ORIENTED_EDGE('',*,*,#2897,.T.);
#3800=ORIENTED_EDGE('',*,*,#2898,.F.);
#3801=ORIENTED_EDGE('',*,*,#2899,.F.);
#3802=ORIENTED_EDGE('',*,*,#2852,.T.);
#3803=ORIENTED_EDGE('',*,*,#2899,.T.);
#3804=ORIENTED_EDGE('',*,*,#2900,.F.);
#3805=ORIENTED_EDGE('',*,*,#2901,.F.);
#3806=ORIENTED_EDGE('',*,*,#2853,.T.);
#3807=ORIENTED_EDGE('',*,*,#2901,.T.);
#3808=ORIENTED_EDGE('',*,*,#2902,.F.);
#3809=ORIENTED_EDGE('',*,*,#2903,.F.);
#3810=ORIENTED_EDGE('',*,*,#2854,.T.);
#3811=ORIENTED_EDGE('',*,*,#2903,.T.);
#3812=ORIENTED_EDGE('',*,*,#2904,.F.);
#3813=ORIENTED_EDGE('',*,*,#2905,.F.);
#3814=ORIENTED_EDGE('',*,*,#2855,.T.);
#3815=ORIENTED_EDGE('',*,*,#2905,.T.);
#3816=ORIENTED_EDGE('',*,*,#2906,.F.);
#3817=ORIENTED_EDGE('',*,*,#2907,.F.);
#3818=ORIENTED_EDGE('',*,*,#2856,.T.);
#3819=ORIENTED_EDGE('',*,*,#2907,.T.);
#3820=ORIENTED_EDGE('',*,*,#2908,.F.);
#3821=ORIENTED_EDGE('',*,*,#2909,.F.);
#3822=ORIENTED_EDGE('',*,*,#2857,.T.);
#3823=ORIENTED_EDGE('',*,*,#2909,.T.);
#3824=ORIENTED_EDGE('',*,*,#2910,.F.);
#3825=ORIENTED_EDGE('',*,*,#2911,.F.);
#3826=ORIENTED_EDGE('',*,*,#2858,.T.);
#3827=ORIENTED_EDGE('',*,*,#2911,.T.);
#3828=ORIENTED_EDGE('',*,*,#2912,.F.);
#3829=ORIENTED_EDGE('',*,*,#2913,.F.);
#3830=ORIENTED_EDGE('',*,*,#2859,.T.);
#3831=ORIENTED_EDGE('',*,*,#2913,.T.);
#3832=ORIENTED_EDGE('',*,*,#2914,.F.);
#3833=ORIENTED_EDGE('',*,*,#2915,.F.);
#3834=ORIENTED_EDGE('',*,*,#2860,.T.);
#3835=ORIENTED_EDGE('',*,*,#2915,.T.);
#3836=ORIENTED_EDGE('',*,*,#2916,.F.);
#3837=ORIENTED_EDGE('',*,*,#2917,.F.);
#3838=ORIENTED_EDGE('',*,*,#2861,.T.);
#3839=ORIENTED_EDGE('',*,*,#2917,.T.);
#3840=ORIENTED_EDGE('',*,*,#2918,.F.);
#3841=ORIENTED_EDGE('',*,*,#2919,.F.);
#3842=ORIENTED_EDGE('',*,*,#2862,.T.);
#3843=ORIENTED_EDGE('',*,*,#2919,.T.);
#3844=ORIENTED_EDGE('',*,*,#2920,.F.);
#3845=ORIENTED_EDGE('',*,*,#2921,.F.);
#3846=ORIENTED_EDGE('',*,*,#2863,.T.);
#3847=ORIENTED_EDGE('',*,*,#2921,.T.);
#3848=ORIENTED_EDGE('',*,*,#2922,.F.);
#3849=ORIENTED_EDGE('',*,*,#2923,.F.);
#3850=ORIENTED_EDGE('',*,*,#2864,.T.);
#3851=ORIENTED_EDGE('',*,*,#2923,.T.);
#3852=ORIENTED_EDGE('',*,*,#2924,.F.);
#3853=ORIENTED_EDGE('',*,*,#2925,.F.);
#3854=ORIENTED_EDGE('',*,*,#2865,.T.);
#3855=ORIENTED_EDGE('',*,*,#2925,.T.);
#3856=ORIENTED_EDGE('',*,*,#2926,.F.);
#3857=ORIENTED_EDGE('',*,*,#2927,.F.);
#3858=ORIENTED_EDGE('',*,*,#2866,.T.);
#3859=ORIENTED_EDGE('',*,*,#2927,.T.);
#3860=ORIENTED_EDGE('',*,*,#2928,.F.);
#3861=ORIENTED_EDGE('',*,*,#2867,.F.);
#3862=ORIENTED_EDGE('',*,*,#2929,.F.);
#3863=ORIENTED_EDGE('',*,*,#2930,.F.);
#3864=ORIENTED_EDGE('',*,*,#2931,.F.);
#3865=ORIENTED_EDGE('',*,*,#2932,.F.);
#3866=ORIENTED_EDGE('',*,*,#2933,.F.);
#3867=ORIENTED_EDGE('',*,*,#2934,.F.);
#3868=ORIENTED_EDGE('',*,*,#2935,.F.);
#3869=ORIENTED_EDGE('',*,*,#2936,.F.);
#3870=ORIENTED_EDGE('',*,*,#2937,.F.);
#3871=ORIENTED_EDGE('',*,*,#2938,.F.);
#3872=ORIENTED_EDGE('',*,*,#2939,.F.);
#3873=ORIENTED_EDGE('',*,*,#2940,.F.);
#3874=ORIENTED_EDGE('',*,*,#2941,.F.);
#3875=ORIENTED_EDGE('',*,*,#2942,.F.);
#3876=ORIENTED_EDGE('',*,*,#2943,.F.);
#3877=ORIENTED_EDGE('',*,*,#2944,.F.);
#3878=ORIENTED_EDGE('',*,*,#2945,.F.);
#3879=ORIENTED_EDGE('',*,*,#2946,.F.);
#3880=ORIENTED_EDGE('',*,*,#2947,.F.);
#3881=ORIENTED_EDGE('',*,*,#2948,.F.);
#3882=ORIENTED_EDGE('',*,*,#2949,.F.);
#3883=ORIENTED_EDGE('',*,*,#2950,.F.);
#3884=ORIENTED_EDGE('',*,*,#2951,.F.);
#3885=ORIENTED_EDGE('',*,*,#2952,.F.);
#3886=ORIENTED_EDGE('',*,*,#2953,.F.);
#3887=ORIENTED_EDGE('',*,*,#2954,.F.);
#3888=ORIENTED_EDGE('',*,*,#2955,.F.);
#3889=ORIENTED_EDGE('',*,*,#2956,.F.);
#3890=ORIENTED_EDGE('',*,*,#2957,.F.);
#3891=ORIENTED_EDGE('',*,*,#2958,.F.);
#3892=ORIENTED_EDGE('',*,*,#2959,.F.);
#3893=ORIENTED_EDGE('',*,*,#2960,.F.);
#3894=ORIENTED_EDGE('',*,*,#2961,.F.);
#3895=ORIENTED_EDGE('',*,*,#2962,.F.);
#3896=ORIENTED_EDGE('',*,*,#2963,.F.);
#3897=ORIENTED_EDGE('',*,*,#2964,.F.);
#3898=ORIENTED_EDGE('',*,*,#2965,.F.);
#3899=ORIENTED_EDGE('',*,*,#2954,.T.);
#3900=ORIENTED_EDGE('',*,*,#2966,.T.);
#3901=ORIENTED_EDGE('',*,*,#2967,.F.);
#3902=ORIENTED_EDGE('',*,*,#2968,.F.);
#3903=ORIENTED_EDGE('',*,*,#2955,.T.);
#3904=ORIENTED_EDGE('',*,*,#2968,.T.);
#3905=ORIENTED_EDGE('',*,*,#2969,.F.);
#3906=ORIENTED_EDGE('',*,*,#2970,.F.);
#3907=ORIENTED_EDGE('',*,*,#2956,.T.);
#3908=ORIENTED_EDGE('',*,*,#2970,.T.);
#3909=ORIENTED_EDGE('',*,*,#2971,.F.);
#3910=ORIENTED_EDGE('',*,*,#2972,.F.);
#3911=ORIENTED_EDGE('',*,*,#2957,.T.);
#3912=ORIENTED_EDGE('',*,*,#2972,.T.);
#3913=ORIENTED_EDGE('',*,*,#2973,.F.);
#3914=ORIENTED_EDGE('',*,*,#2974,.F.);
#3915=ORIENTED_EDGE('',*,*,#2958,.T.);
#3916=ORIENTED_EDGE('',*,*,#2974,.T.);
#3917=ORIENTED_EDGE('',*,*,#2975,.F.);
#3918=ORIENTED_EDGE('',*,*,#2976,.F.);
#3919=ORIENTED_EDGE('',*,*,#2959,.T.);
#3920=ORIENTED_EDGE('',*,*,#2976,.T.);
#3921=ORIENTED_EDGE('',*,*,#2977,.F.);
#3922=ORIENTED_EDGE('',*,*,#2978,.F.);
#3923=ORIENTED_EDGE('',*,*,#2960,.T.);
#3924=ORIENTED_EDGE('',*,*,#2978,.T.);
#3925=ORIENTED_EDGE('',*,*,#2979,.F.);
#3926=ORIENTED_EDGE('',*,*,#2980,.F.);
#3927=ORIENTED_EDGE('',*,*,#2961,.T.);
#3928=ORIENTED_EDGE('',*,*,#2980,.T.);
#3929=ORIENTED_EDGE('',*,*,#2981,.F.);
#3930=ORIENTED_EDGE('',*,*,#2982,.F.);
#3931=ORIENTED_EDGE('',*,*,#2962,.T.);
#3932=ORIENTED_EDGE('',*,*,#2982,.T.);
#3933=ORIENTED_EDGE('',*,*,#2983,.F.);
#3934=ORIENTED_EDGE('',*,*,#2984,.F.);
#3935=ORIENTED_EDGE('',*,*,#2963,.T.);
#3936=ORIENTED_EDGE('',*,*,#2984,.T.);
#3937=ORIENTED_EDGE('',*,*,#2985,.F.);
#3938=ORIENTED_EDGE('',*,*,#2986,.F.);
#3939=ORIENTED_EDGE('',*,*,#2964,.T.);
#3940=ORIENTED_EDGE('',*,*,#2986,.T.);
#3941=ORIENTED_EDGE('',*,*,#2987,.F.);
#3942=ORIENTED_EDGE('',*,*,#2988,.F.);
#3943=ORIENTED_EDGE('',*,*,#2965,.T.);
#3944=ORIENTED_EDGE('',*,*,#2988,.T.);
#3945=ORIENTED_EDGE('',*,*,#2989,.F.);
#3946=ORIENTED_EDGE('',*,*,#2966,.F.);
#3947=ORIENTED_EDGE('',*,*,#2929,.T.);
#3948=ORIENTED_EDGE('',*,*,#2990,.T.);
#3949=ORIENTED_EDGE('',*,*,#2991,.F.);
#3950=ORIENTED_EDGE('',*,*,#2992,.F.);
#3951=ORIENTED_EDGE('',*,*,#2930,.T.);
#3952=ORIENTED_EDGE('',*,*,#2992,.T.);
#3953=ORIENTED_EDGE('',*,*,#2993,.F.);
#3954=ORIENTED_EDGE('',*,*,#2994,.F.);
#3955=ORIENTED_EDGE('',*,*,#2931,.T.);
#3956=ORIENTED_EDGE('',*,*,#2994,.T.);
#3957=ORIENTED_EDGE('',*,*,#2995,.F.);
#3958=ORIENTED_EDGE('',*,*,#2996,.F.);
#3959=ORIENTED_EDGE('',*,*,#2932,.T.);
#3960=ORIENTED_EDGE('',*,*,#2996,.T.);
#3961=ORIENTED_EDGE('',*,*,#2997,.F.);
#3962=ORIENTED_EDGE('',*,*,#2998,.F.);
#3963=ORIENTED_EDGE('',*,*,#2933,.T.);
#3964=ORIENTED_EDGE('',*,*,#2998,.T.);
#3965=ORIENTED_EDGE('',*,*,#2999,.F.);
#3966=ORIENTED_EDGE('',*,*,#3000,.F.);
#3967=ORIENTED_EDGE('',*,*,#2934,.T.);
#3968=ORIENTED_EDGE('',*,*,#3000,.T.);
#3969=ORIENTED_EDGE('',*,*,#3001,.F.);
#3970=ORIENTED_EDGE('',*,*,#3002,.F.);
#3971=ORIENTED_EDGE('',*,*,#2935,.T.);
#3972=ORIENTED_EDGE('',*,*,#3002,.T.);
#3973=ORIENTED_EDGE('',*,*,#3003,.F.);
#3974=ORIENTED_EDGE('',*,*,#3004,.F.);
#3975=ORIENTED_EDGE('',*,*,#2936,.T.);
#3976=ORIENTED_EDGE('',*,*,#3004,.T.);
#3977=ORIENTED_EDGE('',*,*,#3005,.F.);
#3978=ORIENTED_EDGE('',*,*,#3006,.F.);
#3979=ORIENTED_EDGE('',*,*,#2937,.T.);
#3980=ORIENTED_EDGE('',*,*,#3006,.T.);
#3981=ORIENTED_EDGE('',*,*,#3007,.F.);
#3982=ORIENTED_EDGE('',*,*,#3008,.F.);
#3983=ORIENTED_EDGE('',*,*,#2938,.T.);
#3984=ORIENTED_EDGE('',*,*,#3008,.T.);
#3985=ORIENTED_EDGE('',*,*,#3009,.F.);
#3986=ORIENTED_EDGE('',*,*,#3010,.F.);
#3987=ORIENTED_EDGE('',*,*,#2939,.T.);
#3988=ORIENTED_EDGE('',*,*,#3010,.T.);
#3989=ORIENTED_EDGE('',*,*,#3011,.F.);
#3990=ORIENTED_EDGE('',*,*,#3012,.F.);
#3991=ORIENTED_EDGE('',*,*,#2940,.T.);
#3992=ORIENTED_EDGE('',*,*,#3012,.T.);
#3993=ORIENTED_EDGE('',*,*,#3013,.F.);
#3994=ORIENTED_EDGE('',*,*,#3014,.F.);
#3995=ORIENTED_EDGE('',*,*,#2941,.T.);
#3996=ORIENTED_EDGE('',*,*,#3014,.T.);
#3997=ORIENTED_EDGE('',*,*,#3015,.F.);
#3998=ORIENTED_EDGE('',*,*,#3016,.F.);
#3999=ORIENTED_EDGE('',*,*,#2942,.T.);
#4000=ORIENTED_EDGE('',*,*,#3016,.T.);
#4001=ORIENTED_EDGE('',*,*,#3017,.F.);
#4002=ORIENTED_EDGE('',*,*,#3018,.F.);
#4003=ORIENTED_EDGE('',*,*,#2943,.T.);
#4004=ORIENTED_EDGE('',*,*,#3018,.T.);
#4005=ORIENTED_EDGE('',*,*,#3019,.F.);
#4006=ORIENTED_EDGE('',*,*,#3020,.F.);
#4007=ORIENTED_EDGE('',*,*,#2944,.T.);
#4008=ORIENTED_EDGE('',*,*,#3020,.T.);
#4009=ORIENTED_EDGE('',*,*,#3021,.F.);
#4010=ORIENTED_EDGE('',*,*,#3022,.F.);
#4011=ORIENTED_EDGE('',*,*,#2945,.T.);
#4012=ORIENTED_EDGE('',*,*,#3022,.T.);
#4013=ORIENTED_EDGE('',*,*,#3023,.F.);
#4014=ORIENTED_EDGE('',*,*,#3024,.F.);
#4015=ORIENTED_EDGE('',*,*,#2946,.T.);
#4016=ORIENTED_EDGE('',*,*,#3024,.T.);
#4017=ORIENTED_EDGE('',*,*,#3025,.F.);
#4018=ORIENTED_EDGE('',*,*,#3026,.F.);
#4019=ORIENTED_EDGE('',*,*,#2947,.T.);
#4020=ORIENTED_EDGE('',*,*,#3026,.T.);
#4021=ORIENTED_EDGE('',*,*,#3027,.F.);
#4022=ORIENTED_EDGE('',*,*,#3028,.F.);
#4023=ORIENTED_EDGE('',*,*,#2948,.T.);
#4024=ORIENTED_EDGE('',*,*,#3028,.T.);
#4025=ORIENTED_EDGE('',*,*,#3029,.F.);
#4026=ORIENTED_EDGE('',*,*,#3030,.F.);
#4027=ORIENTED_EDGE('',*,*,#2949,.T.);
#4028=ORIENTED_EDGE('',*,*,#3030,.T.);
#4029=ORIENTED_EDGE('',*,*,#3031,.F.);
#4030=ORIENTED_EDGE('',*,*,#3032,.F.);
#4031=ORIENTED_EDGE('',*,*,#2950,.T.);
#4032=ORIENTED_EDGE('',*,*,#3032,.T.);
#4033=ORIENTED_EDGE('',*,*,#3033,.F.);
#4034=ORIENTED_EDGE('',*,*,#3034,.F.);
#4035=ORIENTED_EDGE('',*,*,#2951,.T.);
#4036=ORIENTED_EDGE('',*,*,#3034,.T.);
#4037=ORIENTED_EDGE('',*,*,#3035,.F.);
#4038=ORIENTED_EDGE('',*,*,#3036,.F.);
#4039=ORIENTED_EDGE('',*,*,#2952,.T.);
#4040=ORIENTED_EDGE('',*,*,#3036,.T.);
#4041=ORIENTED_EDGE('',*,*,#3037,.F.);
#4042=ORIENTED_EDGE('',*,*,#3038,.F.);
#4043=ORIENTED_EDGE('',*,*,#2953,.T.);
#4044=ORIENTED_EDGE('',*,*,#3038,.T.);
#4045=ORIENTED_EDGE('',*,*,#3039,.F.);
#4046=ORIENTED_EDGE('',*,*,#2990,.F.);
#4047=ORIENTED_EDGE('',*,*,#3040,.F.);
#4048=ORIENTED_EDGE('',*,*,#3041,.T.);
#4049=ORIENTED_EDGE('',*,*,#3042,.F.);
#4050=ORIENTED_EDGE('',*,*,#3043,.T.);
#4051=ORIENTED_EDGE('',*,*,#2991,.T.);
#4052=ORIENTED_EDGE('',*,*,#3039,.T.);
#4053=ORIENTED_EDGE('',*,*,#3037,.T.);
#4054=ORIENTED_EDGE('',*,*,#3035,.T.);
#4055=ORIENTED_EDGE('',*,*,#3033,.T.);
#4056=ORIENTED_EDGE('',*,*,#3031,.T.);
#4057=ORIENTED_EDGE('',*,*,#3029,.T.);
#4058=ORIENTED_EDGE('',*,*,#3027,.T.);
#4059=ORIENTED_EDGE('',*,*,#3025,.T.);
#4060=ORIENTED_EDGE('',*,*,#3023,.T.);
#4061=ORIENTED_EDGE('',*,*,#3021,.T.);
#4062=ORIENTED_EDGE('',*,*,#3019,.T.);
#4063=ORIENTED_EDGE('',*,*,#3017,.T.);
#4064=ORIENTED_EDGE('',*,*,#3015,.T.);
#4065=ORIENTED_EDGE('',*,*,#3013,.T.);
#4066=ORIENTED_EDGE('',*,*,#3011,.T.);
#4067=ORIENTED_EDGE('',*,*,#3009,.T.);
#4068=ORIENTED_EDGE('',*,*,#3007,.T.);
#4069=ORIENTED_EDGE('',*,*,#3005,.T.);
#4070=ORIENTED_EDGE('',*,*,#3003,.T.);
#4071=ORIENTED_EDGE('',*,*,#3001,.T.);
#4072=ORIENTED_EDGE('',*,*,#2999,.T.);
#4073=ORIENTED_EDGE('',*,*,#2997,.T.);
#4074=ORIENTED_EDGE('',*,*,#2995,.T.);
#4075=ORIENTED_EDGE('',*,*,#2993,.T.);
#4076=ORIENTED_EDGE('',*,*,#2868,.T.);
#4077=ORIENTED_EDGE('',*,*,#2928,.T.);
#4078=ORIENTED_EDGE('',*,*,#2926,.T.);
#4079=ORIENTED_EDGE('',*,*,#2924,.T.);
#4080=ORIENTED_EDGE('',*,*,#2922,.T.);
#4081=ORIENTED_EDGE('',*,*,#2920,.T.);
#4082=ORIENTED_EDGE('',*,*,#2918,.T.);
#4083=ORIENTED_EDGE('',*,*,#2916,.T.);
#4084=ORIENTED_EDGE('',*,*,#2914,.T.);
#4085=ORIENTED_EDGE('',*,*,#2912,.T.);
#4086=ORIENTED_EDGE('',*,*,#2910,.T.);
#4087=ORIENTED_EDGE('',*,*,#2908,.T.);
#4088=ORIENTED_EDGE('',*,*,#2906,.T.);
#4089=ORIENTED_EDGE('',*,*,#2904,.T.);
#4090=ORIENTED_EDGE('',*,*,#2902,.T.);
#4091=ORIENTED_EDGE('',*,*,#2900,.T.);
#4092=ORIENTED_EDGE('',*,*,#2898,.T.);
#4093=ORIENTED_EDGE('',*,*,#2896,.T.);
#4094=ORIENTED_EDGE('',*,*,#2894,.T.);
#4095=ORIENTED_EDGE('',*,*,#2892,.T.);
#4096=ORIENTED_EDGE('',*,*,#2890,.T.);
#4097=ORIENTED_EDGE('',*,*,#2888,.T.);
#4098=ORIENTED_EDGE('',*,*,#2886,.T.);
#4099=ORIENTED_EDGE('',*,*,#2884,.T.);
#4100=ORIENTED_EDGE('',*,*,#2882,.T.);
#4101=ORIENTED_EDGE('',*,*,#2880,.T.);
#4102=ORIENTED_EDGE('',*,*,#2878,.T.);
#4103=ORIENTED_EDGE('',*,*,#2876,.T.);
#4104=ORIENTED_EDGE('',*,*,#2874,.T.);
#4105=ORIENTED_EDGE('',*,*,#2872,.T.);
#4106=ORIENTED_EDGE('',*,*,#2870,.T.);
#4107=ORIENTED_EDGE('',*,*,#3044,.T.);
#4108=ORIENTED_EDGE('',*,*,#3045,.T.);
#4109=ORIENTED_EDGE('',*,*,#3046,.T.);
#4110=ORIENTED_EDGE('',*,*,#3047,.T.);
#4111=ORIENTED_EDGE('',*,*,#3048,.T.);
#4112=ORIENTED_EDGE('',*,*,#3049,.T.);
#4113=ORIENTED_EDGE('',*,*,#3046,.F.);
#4114=ORIENTED_EDGE('',*,*,#3050,.T.);
#4115=ORIENTED_EDGE('',*,*,#3050,.F.);
#4116=ORIENTED_EDGE('',*,*,#3051,.T.);
#4117=ORIENTED_EDGE('',*,*,#3052,.T.);
#4118=ORIENTED_EDGE('',*,*,#3053,.T.);
#4119=ORIENTED_EDGE('',*,*,#3045,.F.);
#4120=ORIENTED_EDGE('',*,*,#3054,.F.);
#4121=ORIENTED_EDGE('',*,*,#3055,.F.);
#4122=ORIENTED_EDGE('',*,*,#3056,.F.);
#4123=ORIENTED_EDGE('',*,*,#3057,.T.);
#4124=ORIENTED_EDGE('',*,*,#3051,.F.);
#4125=ORIENTED_EDGE('',*,*,#3058,.T.);
#4126=ORIENTED_EDGE('',*,*,#3059,.T.);
#4127=ORIENTED_EDGE('',*,*,#3060,.T.);
#4128=ORIENTED_EDGE('',*,*,#3061,.T.);
#4129=ORIENTED_EDGE('',*,*,#3062,.T.);
#4130=ORIENTED_EDGE('',*,*,#3063,.T.);
#4131=ORIENTED_EDGE('',*,*,#3060,.F.);
#4132=ORIENTED_EDGE('',*,*,#3064,.T.);
#4133=ORIENTED_EDGE('',*,*,#3049,.F.);
#4134=ORIENTED_EDGE('',*,*,#3065,.T.);
#4135=ORIENTED_EDGE('',*,*,#3064,.F.);
#4136=ORIENTED_EDGE('',*,*,#3059,.F.);
#4137=ORIENTED_EDGE('',*,*,#3066,.F.);
#4138=ORIENTED_EDGE('',*,*,#3047,.F.);
#4139=ORIENTED_EDGE('',*,*,#3067,.T.);
#4140=ORIENTED_EDGE('',*,*,#3068,.T.);
#4141=ORIENTED_EDGE('',*,*,#3069,.T.);
#4142=ORIENTED_EDGE('',*,*,#3070,.T.);
#4143=ORIENTED_EDGE('',*,*,#3068,.F.);
#4144=ORIENTED_EDGE('',*,*,#3071,.F.);
#4145=ORIENTED_EDGE('',*,*,#3067,.F.);
#4146=ORIENTED_EDGE('',*,*,#3069,.F.);
#4147=ORIENTED_EDGE('',*,*,#3070,.F.);
#4148=ORIENTED_EDGE('',*,*,#3072,.T.);
#4149=ORIENTED_EDGE('',*,*,#3073,.T.);
#4150=ORIENTED_EDGE('',*,*,#3072,.F.);
#4151=ORIENTED_EDGE('',*,*,#3071,.T.);
#4152=ORIENTED_EDGE('',*,*,#3074,.T.);
#4153=ORIENTED_EDGE('',*,*,#3075,.T.);
#4154=ORIENTED_EDGE('',*,*,#3074,.F.);
#4155=ORIENTED_EDGE('',*,*,#3075,.F.);
#4156=ORIENTED_EDGE('',*,*,#3076,.T.);
#4157=ORIENTED_EDGE('',*,*,#3077,.F.);
#4158=ORIENTED_EDGE('',*,*,#3078,.F.);
#4159=ORIENTED_EDGE('',*,*,#3079,.T.);
#4160=ORIENTED_EDGE('',*,*,#3080,.F.);
#4161=ORIENTED_EDGE('',*,*,#3081,.F.);
#4162=ORIENTED_EDGE('',*,*,#3082,.F.);
#4163=ORIENTED_EDGE('',*,*,#3083,.F.);
#4164=ORIENTED_EDGE('',*,*,#3084,.F.);
#4165=ORIENTED_EDGE('',*,*,#3085,.F.);
#4166=ORIENTED_EDGE('',*,*,#3086,.F.);
#4167=ORIENTED_EDGE('',*,*,#3087,.F.);
#4168=ORIENTED_EDGE('',*,*,#3088,.F.);
#4169=ORIENTED_EDGE('',*,*,#3089,.T.);
#4170=ORIENTED_EDGE('',*,*,#3056,.T.);
#4171=ORIENTED_EDGE('',*,*,#3090,.F.);
#4172=ORIENTED_EDGE('',*,*,#3076,.F.);
#4173=ORIENTED_EDGE('',*,*,#3091,.T.);
#4174=ORIENTED_EDGE('',*,*,#3092,.T.);
#4175=ORIENTED_EDGE('',*,*,#3093,.T.);
#4176=ORIENTED_EDGE('',*,*,#3094,.T.);
#4177=ORIENTED_EDGE('',*,*,#3092,.F.);
#4178=ORIENTED_EDGE('',*,*,#3095,.F.);
#4179=ORIENTED_EDGE('',*,*,#3091,.F.);
#4180=ORIENTED_EDGE('',*,*,#3093,.F.);
#4181=ORIENTED_EDGE('',*,*,#3094,.F.);
#4182=ORIENTED_EDGE('',*,*,#3096,.T.);
#4183=ORIENTED_EDGE('',*,*,#3097,.T.);
#4184=ORIENTED_EDGE('',*,*,#3096,.F.);
#4185=ORIENTED_EDGE('',*,*,#3095,.T.);
#4186=ORIENTED_EDGE('',*,*,#3098,.T.);
#4187=ORIENTED_EDGE('',*,*,#3099,.T.);
#4188=ORIENTED_EDGE('',*,*,#3100,.T.);
#4189=ORIENTED_EDGE('',*,*,#3098,.F.);
#4190=ORIENTED_EDGE('',*,*,#3099,.F.);
#4191=ORIENTED_EDGE('',*,*,#3100,.F.);
#4192=ORIENTED_EDGE('',*,*,#3101,.T.);
#4193=ORIENTED_EDGE('',*,*,#3102,.F.);
#4194=ORIENTED_EDGE('',*,*,#3103,.F.);
#4195=ORIENTED_EDGE('',*,*,#3104,.F.);
#4196=ORIENTED_EDGE('',*,*,#3105,.F.);
#4197=ORIENTED_EDGE('',*,*,#3106,.F.);
#4198=ORIENTED_EDGE('',*,*,#3107,.T.);
#4199=ORIENTED_EDGE('',*,*,#3108,.F.);
#4200=ORIENTED_EDGE('',*,*,#3109,.F.);
#4201=ORIENTED_EDGE('',*,*,#3101,.F.);
#4202=ORIENTED_EDGE('',*,*,#3110,.T.);
#4203=ORIENTED_EDGE('',*,*,#3077,.T.);
#4204=ORIENTED_EDGE('',*,*,#3090,.T.);
#4205=ORIENTED_EDGE('',*,*,#3055,.T.);
#4206=ORIENTED_EDGE('',*,*,#3054,.T.);
#4207=ORIENTED_EDGE('',*,*,#3044,.F.);
#4208=ORIENTED_EDGE('',*,*,#3066,.T.);
#4209=ORIENTED_EDGE('',*,*,#3058,.F.);
#4210=ORIENTED_EDGE('',*,*,#3111,.T.);
#4211=ORIENTED_EDGE('',*,*,#3112,.T.);
#4212=ORIENTED_EDGE('',*,*,#3113,.T.);
#4213=ORIENTED_EDGE('',*,*,#3114,.T.);
#4214=ORIENTED_EDGE('',*,*,#3115,.T.);
#4215=ORIENTED_EDGE('',*,*,#3116,.T.);
#4216=ORIENTED_EDGE('',*,*,#3117,.T.);
#4217=ORIENTED_EDGE('',*,*,#3112,.F.);
#4218=ORIENTED_EDGE('',*,*,#3118,.T.);
#4219=ORIENTED_EDGE('',*,*,#3119,.T.);
#4220=ORIENTED_EDGE('',*,*,#3116,.F.);
#4221=ORIENTED_EDGE('',*,*,#3120,.T.);
#4222=ORIENTED_EDGE('',*,*,#3121,.T.);
#4223=ORIENTED_EDGE('',*,*,#3086,.T.);
#4224=ORIENTED_EDGE('',*,*,#3085,.T.);
#4225=ORIENTED_EDGE('',*,*,#3122,.F.);
#4226=ORIENTED_EDGE('',*,*,#3123,.F.);
#4227=ORIENTED_EDGE('',*,*,#3124,.F.);
#4228=ORIENTED_EDGE('',*,*,#3087,.T.);
#4229=ORIENTED_EDGE('',*,*,#3125,.T.);
#4230=ORIENTED_EDGE('',*,*,#3088,.T.);
#4231=ORIENTED_EDGE('',*,*,#3124,.T.);
#4232=ORIENTED_EDGE('',*,*,#3126,.T.);
#4233=ORIENTED_EDGE('',*,*,#3082,.T.);
#4234=ORIENTED_EDGE('',*,*,#3081,.T.);
#4235=ORIENTED_EDGE('',*,*,#3127,.F.);
#4236=ORIENTED_EDGE('',*,*,#3128,.F.);
#4237=ORIENTED_EDGE('',*,*,#3129,.F.);
#4238=ORIENTED_EDGE('',*,*,#3083,.T.);
#4239=ORIENTED_EDGE('',*,*,#3130,.T.);
#4240=ORIENTED_EDGE('',*,*,#3131,.T.);
#4241=ORIENTED_EDGE('',*,*,#3127,.T.);
#4242=ORIENTED_EDGE('',*,*,#3080,.T.);
#4243=ORIENTED_EDGE('',*,*,#3132,.T.);
#4244=ORIENTED_EDGE('',*,*,#3133,.T.);
#4245=ORIENTED_EDGE('',*,*,#3128,.T.);
#4246=ORIENTED_EDGE('',*,*,#3134,.T.);
#4247=ORIENTED_EDGE('',*,*,#3135,.T.);
#4248=ORIENTED_EDGE('',*,*,#3132,.F.);
#4249=ORIENTED_EDGE('',*,*,#3136,.T.);
#4250=ORIENTED_EDGE('',*,*,#3121,.F.);
#4251=ORIENTED_EDGE('',*,*,#3129,.T.);
#4252=ORIENTED_EDGE('',*,*,#3137,.T.);
#4253=ORIENTED_EDGE('',*,*,#3122,.T.);
#4254=ORIENTED_EDGE('',*,*,#3084,.T.);
#4255=ORIENTED_EDGE('',*,*,#3138,.T.);
#4256=ORIENTED_EDGE('',*,*,#3139,.T.);
#4257=ORIENTED_EDGE('',*,*,#3123,.T.);
#4258=ORIENTED_EDGE('',*,*,#3140,.T.);
#4259=ORIENTED_EDGE('',*,*,#3138,.F.);
#4260=ORIENTED_EDGE('',*,*,#3141,.T.);
#4261=ORIENTED_EDGE('',*,*,#3142,.T.);
#4262=ORIENTED_EDGE('',*,*,#3143,.T.);
#4263=ORIENTED_EDGE('',*,*,#3144,.T.);
#4264=ORIENTED_EDGE('',*,*,#3145,.T.);
#4265=ORIENTED_EDGE('',*,*,#3142,.F.);
#4266=ORIENTED_EDGE('',*,*,#3126,.F.);
#4267=ORIENTED_EDGE('',*,*,#3139,.F.);
#4268=ORIENTED_EDGE('',*,*,#3143,.F.);
#4269=ORIENTED_EDGE('',*,*,#3146,.F.);
#4270=ORIENTED_EDGE('',*,*,#3147,.F.);
#4271=ORIENTED_EDGE('',*,*,#3145,.F.);
#4272=ORIENTED_EDGE('',*,*,#3108,.T.);
#4273=ORIENTED_EDGE('',*,*,#3148,.T.);
#4274=ORIENTED_EDGE('',*,*,#3146,.T.);
#4275=ORIENTED_EDGE('',*,*,#3140,.F.);
#4276=ORIENTED_EDGE('',*,*,#3137,.F.);
#4277=ORIENTED_EDGE('',*,*,#3133,.F.);
#4278=ORIENTED_EDGE('',*,*,#3149,.F.);
#4279=ORIENTED_EDGE('',*,*,#3144,.F.);
#4280=ORIENTED_EDGE('',*,*,#3141,.F.);
#4281=ORIENTED_EDGE('',*,*,#3149,.T.);
#4282=ORIENTED_EDGE('',*,*,#3135,.F.);
#4283=ORIENTED_EDGE('',*,*,#3120,.F.);
#4284=ORIENTED_EDGE('',*,*,#3150,.T.);
#4285=ORIENTED_EDGE('',*,*,#3151,.T.);
#4286=ORIENTED_EDGE('',*,*,#3102,.T.);
#4287=ORIENTED_EDGE('',*,*,#3109,.T.);
#4288=ORIENTED_EDGE('',*,*,#3104,.T.);
#4289=ORIENTED_EDGE('',*,*,#3103,.T.);
#4290=ORIENTED_EDGE('',*,*,#3151,.F.);
#4291=ORIENTED_EDGE('',*,*,#3152,.F.);
#4292=ORIENTED_EDGE('',*,*,#3153,.F.);
#4293=ORIENTED_EDGE('',*,*,#3105,.T.);
#4294=ORIENTED_EDGE('',*,*,#3154,.T.);
#4295=ORIENTED_EDGE('',*,*,#3106,.T.);
#4296=ORIENTED_EDGE('',*,*,#3153,.T.);
#4297=ORIENTED_EDGE('',*,*,#3155,.T.);
#4298=ORIENTED_EDGE('',*,*,#3156,.T.);
#4299=ORIENTED_EDGE('',*,*,#3157,.T.);
#4300=ORIENTED_EDGE('',*,*,#3152,.T.);
#4301=ORIENTED_EDGE('',*,*,#3158,.T.);
#4302=ORIENTED_EDGE('',*,*,#3159,.F.);
#4303=ORIENTED_EDGE('',*,*,#3160,.T.);
#4304=ORIENTED_EDGE('',*,*,#3161,.T.);
#4305=ORIENTED_EDGE('',*,*,#3156,.F.);
#4306=ORIENTED_EDGE('',*,*,#3162,.F.);
#4307=ORIENTED_EDGE('',*,*,#3163,.T.);
#4308=ORIENTED_EDGE('',*,*,#3160,.F.);
#4309=ORIENTED_EDGE('',*,*,#3115,.F.);
#4310=ORIENTED_EDGE('',*,*,#3164,.T.);
#4311=ORIENTED_EDGE('',*,*,#3158,.F.);
#4312=ORIENTED_EDGE('',*,*,#3150,.F.);
#4313=ORIENTED_EDGE('',*,*,#3118,.F.);
#4314=ORIENTED_EDGE('',*,*,#3063,.F.);
#4315=ORIENTED_EDGE('',*,*,#3165,.T.);
#4316=ORIENTED_EDGE('',*,*,#3166,.T.);
#4317=ORIENTED_EDGE('',*,*,#3167,.T.);
#4318=ORIENTED_EDGE('',*,*,#3062,.F.);
#4319=ORIENTED_EDGE('',*,*,#3065,.F.);
#4320=ORIENTED_EDGE('',*,*,#3048,.F.);
#4321=ORIENTED_EDGE('',*,*,#3053,.F.);
#4322=ORIENTED_EDGE('',*,*,#3168,.F.);
#4323=ORIENTED_EDGE('',*,*,#3169,.F.);
#4324=ORIENTED_EDGE('',*,*,#3170,.F.);
#4325=ORIENTED_EDGE('',*,*,#3171,.F.);
#4326=ORIENTED_EDGE('',*,*,#3172,.F.);
#4327=ORIENTED_EDGE('',*,*,#3173,.F.);
#4328=ORIENTED_EDGE('',*,*,#3174,.F.);
#4329=ORIENTED_EDGE('',*,*,#3175,.F.);
#4330=ORIENTED_EDGE('',*,*,#3176,.F.);
#4331=ORIENTED_EDGE('',*,*,#3177,.F.);
#4332=ORIENTED_EDGE('',*,*,#3178,.F.);
#4333=ORIENTED_EDGE('',*,*,#3179,.F.);
#4334=ORIENTED_EDGE('',*,*,#3180,.F.);
#4335=ORIENTED_EDGE('',*,*,#3181,.F.);
#4336=ORIENTED_EDGE('',*,*,#3162,.T.);
#4337=ORIENTED_EDGE('',*,*,#3159,.T.);
#4338=ORIENTED_EDGE('',*,*,#3164,.F.);
#4339=ORIENTED_EDGE('',*,*,#3114,.F.);
#4340=ORIENTED_EDGE('',*,*,#3182,.F.);
#4341=ORIENTED_EDGE('',*,*,#3183,.T.);
#4342=ORIENTED_EDGE('',*,*,#3165,.F.);
#4343=ORIENTED_EDGE('',*,*,#3184,.T.);
#4344=ORIENTED_EDGE('',*,*,#3185,.T.);
#4345=ORIENTED_EDGE('',*,*,#3186,.T.);
#4346=ORIENTED_EDGE('',*,*,#3187,.T.);
#4347=ORIENTED_EDGE('',*,*,#3188,.T.);
#4348=ORIENTED_EDGE('',*,*,#3189,.T.);
#4349=ORIENTED_EDGE('',*,*,#3190,.T.);
#4350=ORIENTED_EDGE('',*,*,#3191,.T.);
#4351=ORIENTED_EDGE('',*,*,#3192,.T.);
#4352=ORIENTED_EDGE('',*,*,#3193,.T.);
#4353=ORIENTED_EDGE('',*,*,#3194,.T.);
#4354=ORIENTED_EDGE('',*,*,#3195,.T.);
#4355=ORIENTED_EDGE('',*,*,#3196,.T.);
#4356=ORIENTED_EDGE('',*,*,#3197,.T.);
#4357=ORIENTED_EDGE('',*,*,#3198,.T.);
#4358=ORIENTED_EDGE('',*,*,#3199,.T.);
#4359=ORIENTED_EDGE('',*,*,#3200,.T.);
#4360=ORIENTED_EDGE('',*,*,#3201,.T.);
#4361=ORIENTED_EDGE('',*,*,#3202,.T.);
#4362=ORIENTED_EDGE('',*,*,#3203,.T.);
#4363=ORIENTED_EDGE('',*,*,#3204,.T.);
#4364=ORIENTED_EDGE('',*,*,#3205,.T.);
#4365=ORIENTED_EDGE('',*,*,#3206,.T.);
#4366=ORIENTED_EDGE('',*,*,#3207,.T.);
#4367=ORIENTED_EDGE('',*,*,#3208,.T.);
#4368=ORIENTED_EDGE('',*,*,#3209,.T.);
#4369=ORIENTED_EDGE('',*,*,#3210,.T.);
#4370=ORIENTED_EDGE('',*,*,#3211,.T.);
#4371=ORIENTED_EDGE('',*,*,#3212,.T.);
#4372=ORIENTED_EDGE('',*,*,#3213,.T.);
#4373=ORIENTED_EDGE('',*,*,#3214,.T.);
#4374=ORIENTED_EDGE('',*,*,#3215,.T.);
#4375=ORIENTED_EDGE('',*,*,#3216,.T.);
#4376=ORIENTED_EDGE('',*,*,#3217,.T.);
#4377=ORIENTED_EDGE('',*,*,#3218,.T.);
#4378=ORIENTED_EDGE('',*,*,#3219,.T.);
#4379=ORIENTED_EDGE('',*,*,#3220,.T.);
#4380=ORIENTED_EDGE('',*,*,#3221,.T.);
#4381=ORIENTED_EDGE('',*,*,#3222,.T.);
#4382=ORIENTED_EDGE('',*,*,#3223,.T.);
#4383=ORIENTED_EDGE('',*,*,#3224,.T.);
#4384=ORIENTED_EDGE('',*,*,#3225,.T.);
#4385=ORIENTED_EDGE('',*,*,#3226,.T.);
#4386=ORIENTED_EDGE('',*,*,#3227,.T.);
#4387=ORIENTED_EDGE('',*,*,#3228,.T.);
#4388=ORIENTED_EDGE('',*,*,#3229,.T.);
#4389=ORIENTED_EDGE('',*,*,#3230,.T.);
#4390=ORIENTED_EDGE('',*,*,#3231,.T.);
#4391=ORIENTED_EDGE('',*,*,#3232,.T.);
#4392=ORIENTED_EDGE('',*,*,#3233,.T.);
#4393=ORIENTED_EDGE('',*,*,#3234,.T.);
#4394=ORIENTED_EDGE('',*,*,#3235,.T.);
#4395=ORIENTED_EDGE('',*,*,#3236,.T.);
#4396=ORIENTED_EDGE('',*,*,#3237,.T.);
#4397=ORIENTED_EDGE('',*,*,#3238,.T.);
#4398=ORIENTED_EDGE('',*,*,#3239,.T.);
#4399=ORIENTED_EDGE('',*,*,#3240,.T.);
#4400=ORIENTED_EDGE('',*,*,#3241,.T.);
#4401=ORIENTED_EDGE('',*,*,#3242,.T.);
#4402=ORIENTED_EDGE('',*,*,#3243,.T.);
#4403=ORIENTED_EDGE('',*,*,#3244,.T.);
#4404=ORIENTED_EDGE('',*,*,#3245,.T.);
#4405=ORIENTED_EDGE('',*,*,#3246,.T.);
#4406=ORIENTED_EDGE('',*,*,#3247,.T.);
#4407=ORIENTED_EDGE('',*,*,#3248,.T.);
#4408=ORIENTED_EDGE('',*,*,#3249,.T.);
#4409=ORIENTED_EDGE('',*,*,#3250,.T.);
#4410=ORIENTED_EDGE('',*,*,#3251,.T.);
#4411=ORIENTED_EDGE('',*,*,#3252,.T.);
#4412=ORIENTED_EDGE('',*,*,#3253,.T.);
#4413=ORIENTED_EDGE('',*,*,#3254,.T.);
#4414=ORIENTED_EDGE('',*,*,#3255,.T.);
#4415=ORIENTED_EDGE('',*,*,#3256,.T.);
#4416=ORIENTED_EDGE('',*,*,#3257,.T.);
#4417=ORIENTED_EDGE('',*,*,#3258,.T.);
#4418=ORIENTED_EDGE('',*,*,#3259,.T.);
#4419=ORIENTED_EDGE('',*,*,#3260,.T.);
#4420=ORIENTED_EDGE('',*,*,#3261,.T.);
#4421=ORIENTED_EDGE('',*,*,#3262,.T.);
#4422=ORIENTED_EDGE('',*,*,#3263,.T.);
#4423=ORIENTED_EDGE('',*,*,#3264,.T.);
#4424=ORIENTED_EDGE('',*,*,#3265,.T.);
#4425=ORIENTED_EDGE('',*,*,#3266,.T.);
#4426=ORIENTED_EDGE('',*,*,#3267,.T.);
#4427=ORIENTED_EDGE('',*,*,#3268,.T.);
#4428=ORIENTED_EDGE('',*,*,#3269,.F.);
#4429=ORIENTED_EDGE('',*,*,#3270,.F.);
#4430=ORIENTED_EDGE('',*,*,#3271,.F.);
#4431=ORIENTED_EDGE('',*,*,#3272,.T.);
#4432=ORIENTED_EDGE('',*,*,#3273,.F.);
#4433=ORIENTED_EDGE('',*,*,#3274,.F.);
#4434=ORIENTED_EDGE('',*,*,#3275,.F.);
#4435=ORIENTED_EDGE('',*,*,#3113,.F.);
#4436=ORIENTED_EDGE('',*,*,#3276,.T.);
#4437=ORIENTED_EDGE('',*,*,#3277,.T.);
#4438=ORIENTED_EDGE('',*,*,#3182,.T.);
#4439=ORIENTED_EDGE('',*,*,#3119,.F.);
#4440=ORIENTED_EDGE('',*,*,#3278,.F.);
#4441=ORIENTED_EDGE('',*,*,#3279,.T.);
#4442=ORIENTED_EDGE('',*,*,#3276,.F.);
#4443=ORIENTED_EDGE('',*,*,#3117,.F.);
#4444=ORIENTED_EDGE('',*,*,#3163,.F.);
#4445=ORIENTED_EDGE('',*,*,#3181,.T.);
#4446=ORIENTED_EDGE('',*,*,#3280,.T.);
#4447=ORIENTED_EDGE('',*,*,#3281,.T.);
#4448=ORIENTED_EDGE('',*,*,#3282,.T.);
#4449=ORIENTED_EDGE('',*,*,#3283,.T.);
#4450=ORIENTED_EDGE('',*,*,#3284,.T.);
#4451=ORIENTED_EDGE('',*,*,#3285,.T.);
#4452=ORIENTED_EDGE('',*,*,#3286,.T.);
#4453=ORIENTED_EDGE('',*,*,#3287,.T.);
#4454=ORIENTED_EDGE('',*,*,#3284,.F.);
#4455=ORIENTED_EDGE('',*,*,#3288,.T.);
#4456=ORIENTED_EDGE('',*,*,#3289,.T.);
#4457=ORIENTED_EDGE('',*,*,#3290,.T.);
#4458=ORIENTED_EDGE('',*,*,#3286,.F.);
#4459=ORIENTED_EDGE('',*,*,#3291,.T.);
#4460=ORIENTED_EDGE('',*,*,#3291,.F.);
#4461=ORIENTED_EDGE('',*,*,#3292,.T.);
#4462=ORIENTED_EDGE('',*,*,#3293,.T.);
#4463=ORIENTED_EDGE('',*,*,#3294,.F.);
#4464=ORIENTED_EDGE('',*,*,#3288,.F.);
#4465=ORIENTED_EDGE('',*,*,#3295,.T.);
#4466=ORIENTED_EDGE('',*,*,#3296,.T.);
#4467=ORIENTED_EDGE('',*,*,#3292,.F.);
#4468=ORIENTED_EDGE('',*,*,#3283,.F.);
#4469=ORIENTED_EDGE('',*,*,#3297,.T.);
#4470=ORIENTED_EDGE('',*,*,#3298,.T.);
#4471=ORIENTED_EDGE('',*,*,#3295,.F.);
#4472=ORIENTED_EDGE('',*,*,#3299,.T.);
#4473=ORIENTED_EDGE('',*,*,#3300,.T.);
#4474=ORIENTED_EDGE('',*,*,#3301,.T.);
#4475=ORIENTED_EDGE('',*,*,#3302,.T.);
#4476=ORIENTED_EDGE('',*,*,#3303,.T.);
#4477=ORIENTED_EDGE('',*,*,#3304,.T.);
#4478=ORIENTED_EDGE('',*,*,#3301,.F.);
#4479=ORIENTED_EDGE('',*,*,#3305,.T.);
#4480=ORIENTED_EDGE('',*,*,#3306,.T.);
#4481=ORIENTED_EDGE('',*,*,#3307,.T.);
#4482=ORIENTED_EDGE('',*,*,#3303,.F.);
#4483=ORIENTED_EDGE('',*,*,#3308,.T.);
#4484=ORIENTED_EDGE('',*,*,#3308,.F.);
#4485=ORIENTED_EDGE('',*,*,#3309,.T.);
#4486=ORIENTED_EDGE('',*,*,#3310,.T.);
#4487=ORIENTED_EDGE('',*,*,#3311,.F.);
#4488=ORIENTED_EDGE('',*,*,#3305,.F.);
#4489=ORIENTED_EDGE('',*,*,#3312,.T.);
#4490=ORIENTED_EDGE('',*,*,#3313,.T.);
#4491=ORIENTED_EDGE('',*,*,#3309,.F.);
#4492=ORIENTED_EDGE('',*,*,#3300,.F.);
#4493=ORIENTED_EDGE('',*,*,#3314,.T.);
#4494=ORIENTED_EDGE('',*,*,#3315,.T.);
#4495=ORIENTED_EDGE('',*,*,#3312,.F.);
#4496=ORIENTED_EDGE('',*,*,#3316,.T.);
#4497=ORIENTED_EDGE('',*,*,#3317,.T.);
#4498=ORIENTED_EDGE('',*,*,#3318,.T.);
#4499=ORIENTED_EDGE('',*,*,#3319,.T.);
#4500=ORIENTED_EDGE('',*,*,#3320,.T.);
#4501=ORIENTED_EDGE('',*,*,#3321,.T.);
#4502=ORIENTED_EDGE('',*,*,#3322,.T.);
#4503=ORIENTED_EDGE('',*,*,#3319,.F.);
#4504=ORIENTED_EDGE('',*,*,#3323,.T.);
#4505=ORIENTED_EDGE('',*,*,#3324,.T.);
#4506=ORIENTED_EDGE('',*,*,#3325,.T.);
#4507=ORIENTED_EDGE('',*,*,#3326,.T.);
#4508=ORIENTED_EDGE('',*,*,#3327,.T.);
#4509=ORIENTED_EDGE('',*,*,#3328,.T.);
#4510=ORIENTED_EDGE('',*,*,#3325,.F.);
#4511=ORIENTED_EDGE('',*,*,#3329,.T.);
#4512=ORIENTED_EDGE('',*,*,#3330,.T.);
#4513=ORIENTED_EDGE('',*,*,#3331,.T.);
#4514=ORIENTED_EDGE('',*,*,#3327,.F.);
#4515=ORIENTED_EDGE('',*,*,#3332,.T.);
#4516=ORIENTED_EDGE('',*,*,#3333,.T.);
#4517=ORIENTED_EDGE('',*,*,#3334,.T.);
#4518=ORIENTED_EDGE('',*,*,#3330,.F.);
#4519=ORIENTED_EDGE('',*,*,#3335,.T.);
#4520=ORIENTED_EDGE('',*,*,#3336,.T.);
#4521=ORIENTED_EDGE('',*,*,#3333,.F.);
#4522=ORIENTED_EDGE('',*,*,#3337,.T.);
#4523=ORIENTED_EDGE('',*,*,#3321,.F.);
#4524=ORIENTED_EDGE('',*,*,#3338,.T.);
#4525=ORIENTED_EDGE('',*,*,#3339,.T.);
#4526=ORIENTED_EDGE('',*,*,#3317,.F.);
#4527=ORIENTED_EDGE('',*,*,#3340,.T.);
#4528=ORIENTED_EDGE('',*,*,#3338,.F.);
#4529=ORIENTED_EDGE('',*,*,#3341,.T.);
#4530=ORIENTED_EDGE('',*,*,#3342,.T.);
#4531=ORIENTED_EDGE('',*,*,#3343,.T.);
#4532=ORIENTED_EDGE('',*,*,#3344,.T.);
#4533=ORIENTED_EDGE('',*,*,#3345,.T.);
#4534=ORIENTED_EDGE('',*,*,#3342,.F.);
#4535=ORIENTED_EDGE('',*,*,#3346,.T.);
#4536=ORIENTED_EDGE('',*,*,#3347,.T.);
#4537=ORIENTED_EDGE('',*,*,#3348,.T.);
#4538=ORIENTED_EDGE('',*,*,#3344,.F.);
#4539=ORIENTED_EDGE('',*,*,#3349,.T.);
#4540=ORIENTED_EDGE('',*,*,#3326,.F.);
#4541=ORIENTED_EDGE('',*,*,#3350,.F.);
#4542=ORIENTED_EDGE('',*,*,#3351,.F.);
#4543=ORIENTED_EDGE('',*,*,#3352,.T.);
#4544=ORIENTED_EDGE('',*,*,#3328,.F.);
#4545=ORIENTED_EDGE('',*,*,#3353,.T.);
#4546=ORIENTED_EDGE('',*,*,#3354,.F.);
#4547=ORIENTED_EDGE('',*,*,#3350,.T.);
#4548=ORIENTED_EDGE('',*,*,#3331,.F.);
#4549=ORIENTED_EDGE('',*,*,#3355,.F.);
#4550=ORIENTED_EDGE('',*,*,#3356,.F.);
#4551=ORIENTED_EDGE('',*,*,#3353,.F.);
#4552=ORIENTED_EDGE('',*,*,#3334,.F.);
#4553=ORIENTED_EDGE('',*,*,#3357,.T.);
#4554=ORIENTED_EDGE('',*,*,#3358,.F.);
#4555=ORIENTED_EDGE('',*,*,#3355,.T.);
#4556=ORIENTED_EDGE('',*,*,#3336,.F.);
#4557=ORIENTED_EDGE('',*,*,#3359,.T.);
#4558=ORIENTED_EDGE('',*,*,#3360,.F.);
#4559=ORIENTED_EDGE('',*,*,#3357,.F.);
#4560=ORIENTED_EDGE('',*,*,#3320,.F.);
#4561=ORIENTED_EDGE('',*,*,#3361,.F.);
#4562=ORIENTED_EDGE('',*,*,#3362,.F.);
#4563=ORIENTED_EDGE('',*,*,#3359,.F.);
#4564=ORIENTED_EDGE('',*,*,#3318,.F.);
#4565=ORIENTED_EDGE('',*,*,#3363,.F.);
#4566=ORIENTED_EDGE('',*,*,#3364,.F.);
#4567=ORIENTED_EDGE('',*,*,#3361,.T.);
#4568=ORIENTED_EDGE('',*,*,#3339,.F.);
#4569=ORIENTED_EDGE('',*,*,#3365,.T.);
#4570=ORIENTED_EDGE('',*,*,#3366,.F.);
#4571=ORIENTED_EDGE('',*,*,#3363,.T.);
#4572=ORIENTED_EDGE('',*,*,#3343,.F.);
#4573=ORIENTED_EDGE('',*,*,#3367,.F.);
#4574=ORIENTED_EDGE('',*,*,#3368,.F.);
#4575=ORIENTED_EDGE('',*,*,#3365,.F.);
#4576=ORIENTED_EDGE('',*,*,#3345,.F.);
#4577=ORIENTED_EDGE('',*,*,#3369,.T.);
#4578=ORIENTED_EDGE('',*,*,#3370,.F.);
#4579=ORIENTED_EDGE('',*,*,#3367,.T.);
#4580=ORIENTED_EDGE('',*,*,#3348,.F.);
#4581=ORIENTED_EDGE('',*,*,#3371,.T.);
#4582=ORIENTED_EDGE('',*,*,#3372,.F.);
#4583=ORIENTED_EDGE('',*,*,#3369,.F.);
#4584=ORIENTED_EDGE('',*,*,#3173,.T.);
#4585=ORIENTED_EDGE('',*,*,#3373,.T.);
#4586=ORIENTED_EDGE('',*,*,#3360,.T.);
#4587=ORIENTED_EDGE('',*,*,#3374,.T.);
#4588=ORIENTED_EDGE('',*,*,#3375,.T.);
#4589=ORIENTED_EDGE('',*,*,#3358,.T.);
#4590=ORIENTED_EDGE('',*,*,#3373,.F.);
#4591=ORIENTED_EDGE('',*,*,#3172,.T.);
#4592=ORIENTED_EDGE('',*,*,#3375,.F.);
#4593=ORIENTED_EDGE('',*,*,#3171,.T.);
#4594=ORIENTED_EDGE('',*,*,#3376,.T.);
#4595=ORIENTED_EDGE('',*,*,#3356,.T.);
#4596=ORIENTED_EDGE('',*,*,#3377,.T.);
#4597=ORIENTED_EDGE('',*,*,#3354,.T.);
#4598=ORIENTED_EDGE('',*,*,#3376,.F.);
#4599=ORIENTED_EDGE('',*,*,#3170,.T.);
#4600=ORIENTED_EDGE('',*,*,#3378,.T.);
#4601=ORIENTED_EDGE('',*,*,#3351,.T.);
#4602=ORIENTED_EDGE('',*,*,#3377,.F.);
#4603=ORIENTED_EDGE('',*,*,#3169,.T.);
#4604=ORIENTED_EDGE('',*,*,#3174,.T.);
#4605=ORIENTED_EDGE('',*,*,#3374,.F.);
#4606=ORIENTED_EDGE('',*,*,#3362,.T.);
#4607=ORIENTED_EDGE('',*,*,#3379,.T.);
#4608=ORIENTED_EDGE('',*,*,#3380,.T.);
#4609=ORIENTED_EDGE('',*,*,#3179,.T.);
#4610=ORIENTED_EDGE('',*,*,#3381,.T.);
#4611=ORIENTED_EDGE('',*,*,#3372,.T.);
#4612=ORIENTED_EDGE('',*,*,#3382,.T.);
#4613=ORIENTED_EDGE('',*,*,#3370,.T.);
#4614=ORIENTED_EDGE('',*,*,#3381,.F.);
#4615=ORIENTED_EDGE('',*,*,#3178,.T.);
#4616=ORIENTED_EDGE('',*,*,#3383,.T.);
#4617=ORIENTED_EDGE('',*,*,#3368,.T.);
#4618=ORIENTED_EDGE('',*,*,#3382,.F.);
#4619=ORIENTED_EDGE('',*,*,#3177,.T.);
#4620=ORIENTED_EDGE('',*,*,#3384,.T.);
#4621=ORIENTED_EDGE('',*,*,#3366,.T.);
#4622=ORIENTED_EDGE('',*,*,#3383,.F.);
#4623=ORIENTED_EDGE('',*,*,#3176,.T.);
#4624=ORIENTED_EDGE('',*,*,#3364,.T.);
#4625=ORIENTED_EDGE('',*,*,#3384,.F.);
#4626=ORIENTED_EDGE('',*,*,#3175,.T.);
#4627=ORIENTED_EDGE('',*,*,#3379,.F.);
#4628=ORIENTED_EDGE('',*,*,#3323,.F.);
#4629=ORIENTED_EDGE('',*,*,#3352,.F.);
#4630=ORIENTED_EDGE('',*,*,#3378,.F.);
#4631=ORIENTED_EDGE('',*,*,#3168,.T.);
#4632=ORIENTED_EDGE('',*,*,#3052,.F.);
#4633=ORIENTED_EDGE('',*,*,#3057,.F.);
#4634=ORIENTED_EDGE('',*,*,#3089,.F.);
#4635=ORIENTED_EDGE('',*,*,#3125,.F.);
#4636=ORIENTED_EDGE('',*,*,#3147,.T.);
#4637=ORIENTED_EDGE('',*,*,#3148,.F.);
#4638=ORIENTED_EDGE('',*,*,#3107,.F.);
#4639=ORIENTED_EDGE('',*,*,#3154,.F.);
#4640=ORIENTED_EDGE('',*,*,#3385,.T.);
#4641=ORIENTED_EDGE('',*,*,#3280,.F.);
#4642=ORIENTED_EDGE('',*,*,#3180,.T.);
#4643=ORIENTED_EDGE('',*,*,#3380,.F.);
#4644=ORIENTED_EDGE('',*,*,#3371,.F.);
#4645=ORIENTED_EDGE('',*,*,#3347,.F.);
#4646=ORIENTED_EDGE('',*,*,#3386,.T.);
#4647=ORIENTED_EDGE('',*,*,#3279,.F.);
#4648=ORIENTED_EDGE('',*,*,#3387,.F.);
#4649=ORIENTED_EDGE('',*,*,#3130,.F.);
#4650=ORIENTED_EDGE('',*,*,#3079,.F.);
#4651=ORIENTED_EDGE('',*,*,#3388,.F.);
#4652=ORIENTED_EDGE('',*,*,#3166,.F.);
#4653=ORIENTED_EDGE('',*,*,#3183,.F.);
#4654=ORIENTED_EDGE('',*,*,#3277,.F.);
#4655=ORIENTED_EDGE('',*,*,#3097,.F.);
#4656=ORIENTED_EDGE('',*,*,#3073,.F.);
#4657=ORIENTED_EDGE('',*,*,#3389,.T.);
#4658=ORIENTED_EDGE('',*,*,#3390,.T.);
#4659=ORIENTED_EDGE('',*,*,#3391,.T.);
#4660=ORIENTED_EDGE('',*,*,#3273,.T.);
#4661=ORIENTED_EDGE('',*,*,#3392,.T.);
#4662=ORIENTED_EDGE('',*,*,#3274,.T.);
#4663=ORIENTED_EDGE('',*,*,#3391,.F.);
#4664=ORIENTED_EDGE('',*,*,#3393,.T.);
#4665=ORIENTED_EDGE('',*,*,#3394,.T.);
#4666=ORIENTED_EDGE('',*,*,#3275,.T.);
#4667=ORIENTED_EDGE('',*,*,#3392,.F.);
#4668=ORIENTED_EDGE('',*,*,#3395,.T.);
#4669=ORIENTED_EDGE('',*,*,#3395,.F.);
#4670=ORIENTED_EDGE('',*,*,#3396,.T.);
#4671=ORIENTED_EDGE('',*,*,#3397,.T.);
#4672=ORIENTED_EDGE('',*,*,#3398,.F.);
#4673=ORIENTED_EDGE('',*,*,#3393,.F.);
#4674=ORIENTED_EDGE('',*,*,#3399,.T.);
#4675=ORIENTED_EDGE('',*,*,#3400,.T.);
#4676=ORIENTED_EDGE('',*,*,#3396,.F.);
#4677=ORIENTED_EDGE('',*,*,#3390,.F.);
#4678=ORIENTED_EDGE('',*,*,#3401,.T.);
#4679=ORIENTED_EDGE('',*,*,#3402,.T.);
#4680=ORIENTED_EDGE('',*,*,#3399,.F.);
#4681=ORIENTED_EDGE('',*,*,#3403,.T.);
#4682=ORIENTED_EDGE('',*,*,#3404,.T.);
#4683=ORIENTED_EDGE('',*,*,#3405,.T.);
#4684=ORIENTED_EDGE('',*,*,#3269,.T.);
#4685=ORIENTED_EDGE('',*,*,#3406,.T.);
#4686=ORIENTED_EDGE('',*,*,#3270,.T.);
#4687=ORIENTED_EDGE('',*,*,#3405,.F.);
#4688=ORIENTED_EDGE('',*,*,#3407,.T.);
#4689=ORIENTED_EDGE('',*,*,#3408,.T.);
#4690=ORIENTED_EDGE('',*,*,#3271,.T.);
#4691=ORIENTED_EDGE('',*,*,#3406,.F.);
#4692=ORIENTED_EDGE('',*,*,#3409,.T.);
#4693=ORIENTED_EDGE('',*,*,#3409,.F.);
#4694=ORIENTED_EDGE('',*,*,#3410,.T.);
#4695=ORIENTED_EDGE('',*,*,#3411,.T.);
#4696=ORIENTED_EDGE('',*,*,#3412,.F.);
#4697=ORIENTED_EDGE('',*,*,#3407,.F.);
#4698=ORIENTED_EDGE('',*,*,#3413,.T.);
#4699=ORIENTED_EDGE('',*,*,#3414,.T.);
#4700=ORIENTED_EDGE('',*,*,#3410,.F.);
#4701=ORIENTED_EDGE('',*,*,#3404,.F.);
#4702=ORIENTED_EDGE('',*,*,#3415,.T.);
#4703=ORIENTED_EDGE('',*,*,#3416,.T.);
#4704=ORIENTED_EDGE('',*,*,#3413,.F.);
#4705=ORIENTED_EDGE('',*,*,#3417,.T.);
#4706=ORIENTED_EDGE('',*,*,#3040,.T.);
#4707=ORIENTED_EDGE('',*,*,#3418,.T.);
#4708=ORIENTED_EDGE('',*,*,#3419,.F.);
#4709=ORIENTED_EDGE('',*,*,#3418,.F.);
#4710=ORIENTED_EDGE('',*,*,#3043,.F.);
#4711=ORIENTED_EDGE('',*,*,#3420,.F.);
#4712=ORIENTED_EDGE('',*,*,#3421,.F.);
#4713=ORIENTED_EDGE('',*,*,#2967,.T.);
#4714=ORIENTED_EDGE('',*,*,#2989,.T.);
#4715=ORIENTED_EDGE('',*,*,#2987,.T.);
#4716=ORIENTED_EDGE('',*,*,#2985,.T.);
#4717=ORIENTED_EDGE('',*,*,#2983,.T.);
#4718=ORIENTED_EDGE('',*,*,#2981,.T.);
#4719=ORIENTED_EDGE('',*,*,#2979,.T.);
#4720=ORIENTED_EDGE('',*,*,#2977,.T.);
#4721=ORIENTED_EDGE('',*,*,#2975,.T.);
#4722=ORIENTED_EDGE('',*,*,#2973,.T.);
#4723=ORIENTED_EDGE('',*,*,#2971,.T.);
#4724=ORIENTED_EDGE('',*,*,#2969,.T.);
#4725=ORIENTED_EDGE('',*,*,#3420,.T.);
#4726=ORIENTED_EDGE('',*,*,#3042,.T.);
#4727=ORIENTED_EDGE('',*,*,#3422,.T.);
#4728=ORIENTED_EDGE('',*,*,#3423,.F.);
#4729=ORIENTED_EDGE('',*,*,#3417,.F.);
#4730=ORIENTED_EDGE('',*,*,#3424,.F.);
#4731=ORIENTED_EDGE('',*,*,#3422,.F.);
#4732=ORIENTED_EDGE('',*,*,#3041,.F.);
#4733=ORIENTED_EDGE('',*,*,#3260,.F.);
#4734=ORIENTED_EDGE('',*,*,#3425,.T.);
#4735=ORIENTED_EDGE('',*,*,#3426,.T.);
#4736=ORIENTED_EDGE('',*,*,#3427,.F.);
#4737=ORIENTED_EDGE('',*,*,#3267,.F.);
#4738=ORIENTED_EDGE('',*,*,#3428,.T.);
#4739=ORIENTED_EDGE('',*,*,#3429,.T.);
#4740=ORIENTED_EDGE('',*,*,#3425,.F.);
#4741=ORIENTED_EDGE('',*,*,#3266,.F.);
#4742=ORIENTED_EDGE('',*,*,#3430,.T.);
#4743=ORIENTED_EDGE('',*,*,#3431,.T.);
#4744=ORIENTED_EDGE('',*,*,#3428,.F.);
#4745=ORIENTED_EDGE('',*,*,#3265,.F.);
#4746=ORIENTED_EDGE('',*,*,#3432,.T.);
#4747=ORIENTED_EDGE('',*,*,#3433,.T.);
#4748=ORIENTED_EDGE('',*,*,#3430,.F.);
#4749=ORIENTED_EDGE('',*,*,#3264,.F.);
#4750=ORIENTED_EDGE('',*,*,#3434,.T.);
#4751=ORIENTED_EDGE('',*,*,#3435,.T.);
#4752=ORIENTED_EDGE('',*,*,#3432,.F.);
#4753=ORIENTED_EDGE('',*,*,#3263,.F.);
#4754=ORIENTED_EDGE('',*,*,#3436,.T.);
#4755=ORIENTED_EDGE('',*,*,#3437,.T.);
#4756=ORIENTED_EDGE('',*,*,#3434,.F.);
#4757=ORIENTED_EDGE('',*,*,#3262,.F.);
#4758=ORIENTED_EDGE('',*,*,#3438,.T.);
#4759=ORIENTED_EDGE('',*,*,#3439,.T.);
#4760=ORIENTED_EDGE('',*,*,#3436,.F.);
#4761=ORIENTED_EDGE('',*,*,#3261,.F.);
#4762=ORIENTED_EDGE('',*,*,#3427,.T.);
#4763=ORIENTED_EDGE('',*,*,#3440,.T.);
#4764=ORIENTED_EDGE('',*,*,#3438,.F.);
#4765=ORIENTED_EDGE('',*,*,#3440,.F.);
#4766=ORIENTED_EDGE('',*,*,#3426,.F.);
#4767=ORIENTED_EDGE('',*,*,#3429,.F.);
#4768=ORIENTED_EDGE('',*,*,#3431,.F.);
#4769=ORIENTED_EDGE('',*,*,#3433,.F.);
#4770=ORIENTED_EDGE('',*,*,#3435,.F.);
#4771=ORIENTED_EDGE('',*,*,#3437,.F.);
#4772=ORIENTED_EDGE('',*,*,#3439,.F.);
#4773=ORIENTED_EDGE('',*,*,#3441,.F.);
#4774=ORIENTED_EDGE('',*,*,#3442,.T.);
#4775=ORIENTED_EDGE('',*,*,#3443,.T.);
#4776=ORIENTED_EDGE('',*,*,#3444,.F.);
#4777=ORIENTED_EDGE('',*,*,#3445,.F.);
#4778=ORIENTED_EDGE('',*,*,#3446,.T.);
#4779=ORIENTED_EDGE('',*,*,#3447,.T.);
#4780=ORIENTED_EDGE('',*,*,#3442,.F.);
#4781=ORIENTED_EDGE('',*,*,#3448,.F.);
#4782=ORIENTED_EDGE('',*,*,#3449,.T.);
#4783=ORIENTED_EDGE('',*,*,#3450,.T.);
#4784=ORIENTED_EDGE('',*,*,#3446,.F.);
#4785=ORIENTED_EDGE('',*,*,#3451,.F.);
#4786=ORIENTED_EDGE('',*,*,#3452,.T.);
#4787=ORIENTED_EDGE('',*,*,#3453,.T.);
#4788=ORIENTED_EDGE('',*,*,#3449,.F.);
#4789=ORIENTED_EDGE('',*,*,#3454,.F.);
#4790=ORIENTED_EDGE('',*,*,#3455,.T.);
#4791=ORIENTED_EDGE('',*,*,#3456,.T.);
#4792=ORIENTED_EDGE('',*,*,#3452,.F.);
#4793=ORIENTED_EDGE('',*,*,#3457,.F.);
#4794=ORIENTED_EDGE('',*,*,#3458,.T.);
#4795=ORIENTED_EDGE('',*,*,#3459,.T.);
#4796=ORIENTED_EDGE('',*,*,#3455,.F.);
#4797=ORIENTED_EDGE('',*,*,#3460,.F.);
#4798=ORIENTED_EDGE('',*,*,#3461,.T.);
#4799=ORIENTED_EDGE('',*,*,#3462,.T.);
#4800=ORIENTED_EDGE('',*,*,#3458,.F.);
#4801=ORIENTED_EDGE('',*,*,#3463,.F.);
#4802=ORIENTED_EDGE('',*,*,#3464,.T.);
#4803=ORIENTED_EDGE('',*,*,#3465,.T.);
#4804=ORIENTED_EDGE('',*,*,#3461,.F.);
#4805=ORIENTED_EDGE('',*,*,#3466,.F.);
#4806=ORIENTED_EDGE('',*,*,#3467,.T.);
#4807=ORIENTED_EDGE('',*,*,#3468,.T.);
#4808=ORIENTED_EDGE('',*,*,#3464,.F.);
#4809=ORIENTED_EDGE('',*,*,#3469,.F.);
#4810=ORIENTED_EDGE('',*,*,#3444,.T.);
#4811=ORIENTED_EDGE('',*,*,#3470,.T.);
#4812=ORIENTED_EDGE('',*,*,#3467,.F.);
#4813=ORIENTED_EDGE('',*,*,#3471,.F.);
#4814=ORIENTED_EDGE('',*,*,#3472,.T.);
#4815=ORIENTED_EDGE('',*,*,#3473,.T.);
#4816=ORIENTED_EDGE('',*,*,#3474,.F.);
#4817=ORIENTED_EDGE('',*,*,#3475,.F.);
#4818=ORIENTED_EDGE('',*,*,#3476,.T.);
#4819=ORIENTED_EDGE('',*,*,#3477,.T.);
#4820=ORIENTED_EDGE('',*,*,#3472,.F.);
#4821=ORIENTED_EDGE('',*,*,#3478,.F.);
#4822=ORIENTED_EDGE('',*,*,#3479,.T.);
#4823=ORIENTED_EDGE('',*,*,#3480,.T.);
#4824=ORIENTED_EDGE('',*,*,#3476,.F.);
#4825=ORIENTED_EDGE('',*,*,#3481,.F.);
#4826=ORIENTED_EDGE('',*,*,#3482,.T.);
#4827=ORIENTED_EDGE('',*,*,#3483,.T.);
#4828=ORIENTED_EDGE('',*,*,#3479,.F.);
#4829=ORIENTED_EDGE('',*,*,#3484,.F.);
#4830=ORIENTED_EDGE('',*,*,#3485,.T.);
#4831=ORIENTED_EDGE('',*,*,#3486,.T.);
#4832=ORIENTED_EDGE('',*,*,#3482,.F.);
#4833=ORIENTED_EDGE('',*,*,#3487,.F.);
#4834=ORIENTED_EDGE('',*,*,#3488,.T.);
#4835=ORIENTED_EDGE('',*,*,#3489,.T.);
#4836=ORIENTED_EDGE('',*,*,#3485,.F.);
#4837=ORIENTED_EDGE('',*,*,#3490,.F.);
#4838=ORIENTED_EDGE('',*,*,#3491,.T.);
#4839=ORIENTED_EDGE('',*,*,#3492,.T.);
#4840=ORIENTED_EDGE('',*,*,#3488,.F.);
#4841=ORIENTED_EDGE('',*,*,#3493,.F.);
#4842=ORIENTED_EDGE('',*,*,#3474,.T.);
#4843=ORIENTED_EDGE('',*,*,#3494,.T.);
#4844=ORIENTED_EDGE('',*,*,#3491,.F.);
#4845=ORIENTED_EDGE('',*,*,#3245,.F.);
#4846=ORIENTED_EDGE('',*,*,#3495,.T.);
#4847=ORIENTED_EDGE('',*,*,#3496,.T.);
#4848=ORIENTED_EDGE('',*,*,#3497,.F.);
#4849=ORIENTED_EDGE('',*,*,#3259,.F.);
#4850=ORIENTED_EDGE('',*,*,#3498,.T.);
#4851=ORIENTED_EDGE('',*,*,#3499,.T.);
#4852=ORIENTED_EDGE('',*,*,#3495,.F.);
#4853=ORIENTED_EDGE('',*,*,#3258,.F.);
#4854=ORIENTED_EDGE('',*,*,#3500,.T.);
#4855=ORIENTED_EDGE('',*,*,#3501,.T.);
#4856=ORIENTED_EDGE('',*,*,#3498,.F.);
#4857=ORIENTED_EDGE('',*,*,#3257,.F.);
#4858=ORIENTED_EDGE('',*,*,#3502,.T.);
#4859=ORIENTED_EDGE('',*,*,#3503,.T.);
#4860=ORIENTED_EDGE('',*,*,#3500,.F.);
#4861=ORIENTED_EDGE('',*,*,#3256,.F.);
#4862=ORIENTED_EDGE('',*,*,#3504,.T.);
#4863=ORIENTED_EDGE('',*,*,#3505,.T.);
#4864=ORIENTED_EDGE('',*,*,#3502,.F.);
#4865=ORIENTED_EDGE('',*,*,#3255,.F.);
#4866=ORIENTED_EDGE('',*,*,#3506,.T.);
#4867=ORIENTED_EDGE('',*,*,#3507,.T.);
#4868=ORIENTED_EDGE('',*,*,#3504,.F.);
#4869=ORIENTED_EDGE('',*,*,#3254,.F.);
#4870=ORIENTED_EDGE('',*,*,#3508,.T.);
#4871=ORIENTED_EDGE('',*,*,#3509,.T.);
#4872=ORIENTED_EDGE('',*,*,#3506,.F.);
#4873=ORIENTED_EDGE('',*,*,#3253,.F.);
#4874=ORIENTED_EDGE('',*,*,#3510,.T.);
#4875=ORIENTED_EDGE('',*,*,#3511,.T.);
#4876=ORIENTED_EDGE('',*,*,#3508,.F.);
#4877=ORIENTED_EDGE('',*,*,#3252,.F.);
#4878=ORIENTED_EDGE('',*,*,#3512,.T.);
#4879=ORIENTED_EDGE('',*,*,#3513,.T.);
#4880=ORIENTED_EDGE('',*,*,#3510,.F.);
#4881=ORIENTED_EDGE('',*,*,#3251,.F.);
#4882=ORIENTED_EDGE('',*,*,#3514,.T.);
#4883=ORIENTED_EDGE('',*,*,#3515,.T.);
#4884=ORIENTED_EDGE('',*,*,#3512,.F.);
#4885=ORIENTED_EDGE('',*,*,#3250,.F.);
#4886=ORIENTED_EDGE('',*,*,#3516,.T.);
#4887=ORIENTED_EDGE('',*,*,#3517,.T.);
#4888=ORIENTED_EDGE('',*,*,#3514,.F.);
#4889=ORIENTED_EDGE('',*,*,#3249,.F.);
#4890=ORIENTED_EDGE('',*,*,#3518,.T.);
#4891=ORIENTED_EDGE('',*,*,#3519,.T.);
#4892=ORIENTED_EDGE('',*,*,#3516,.F.);
#4893=ORIENTED_EDGE('',*,*,#3248,.F.);
#4894=ORIENTED_EDGE('',*,*,#3520,.T.);
#4895=ORIENTED_EDGE('',*,*,#3521,.T.);
#4896=ORIENTED_EDGE('',*,*,#3518,.F.);
#4897=ORIENTED_EDGE('',*,*,#3247,.F.);
#4898=ORIENTED_EDGE('',*,*,#3522,.T.);
#4899=ORIENTED_EDGE('',*,*,#3523,.T.);
#4900=ORIENTED_EDGE('',*,*,#3520,.F.);
#4901=ORIENTED_EDGE('',*,*,#3246,.F.);
#4902=ORIENTED_EDGE('',*,*,#3497,.T.);
#4903=ORIENTED_EDGE('',*,*,#3524,.T.);
#4904=ORIENTED_EDGE('',*,*,#3522,.F.);
#4905=ORIENTED_EDGE('',*,*,#3524,.F.);
#4906=ORIENTED_EDGE('',*,*,#3496,.F.);
#4907=ORIENTED_EDGE('',*,*,#3499,.F.);
#4908=ORIENTED_EDGE('',*,*,#3501,.F.);
#4909=ORIENTED_EDGE('',*,*,#3503,.F.);
#4910=ORIENTED_EDGE('',*,*,#3505,.F.);
#4911=ORIENTED_EDGE('',*,*,#3507,.F.);
#4912=ORIENTED_EDGE('',*,*,#3509,.F.);
#4913=ORIENTED_EDGE('',*,*,#3511,.F.);
#4914=ORIENTED_EDGE('',*,*,#3513,.F.);
#4915=ORIENTED_EDGE('',*,*,#3515,.F.);
#4916=ORIENTED_EDGE('',*,*,#3517,.F.);
#4917=ORIENTED_EDGE('',*,*,#3519,.F.);
#4918=ORIENTED_EDGE('',*,*,#3521,.F.);
#4919=ORIENTED_EDGE('',*,*,#3523,.F.);
#4920=ORIENTED_EDGE('',*,*,#3494,.F.);
#4921=ORIENTED_EDGE('',*,*,#3473,.F.);
#4922=ORIENTED_EDGE('',*,*,#3477,.F.);
#4923=ORIENTED_EDGE('',*,*,#3480,.F.);
#4924=ORIENTED_EDGE('',*,*,#3483,.F.);
#4925=ORIENTED_EDGE('',*,*,#3486,.F.);
#4926=ORIENTED_EDGE('',*,*,#3489,.F.);
#4927=ORIENTED_EDGE('',*,*,#3492,.F.);
#4928=ORIENTED_EDGE('',*,*,#3470,.F.);
#4929=ORIENTED_EDGE('',*,*,#3443,.F.);
#4930=ORIENTED_EDGE('',*,*,#3447,.F.);
#4931=ORIENTED_EDGE('',*,*,#3450,.F.);
#4932=ORIENTED_EDGE('',*,*,#3453,.F.);
#4933=ORIENTED_EDGE('',*,*,#3456,.F.);
#4934=ORIENTED_EDGE('',*,*,#3459,.F.);
#4935=ORIENTED_EDGE('',*,*,#3462,.F.);
#4936=ORIENTED_EDGE('',*,*,#3465,.F.);
#4937=ORIENTED_EDGE('',*,*,#3468,.F.);
#4938=ORIENTED_EDGE('',*,*,#3219,.F.);
#4939=ORIENTED_EDGE('',*,*,#3525,.T.);
#4940=ORIENTED_EDGE('',*,*,#3526,.T.);
#4941=ORIENTED_EDGE('',*,*,#3527,.F.);
#4942=ORIENTED_EDGE('',*,*,#3244,.F.);
#4943=ORIENTED_EDGE('',*,*,#3528,.T.);
#4944=ORIENTED_EDGE('',*,*,#3529,.T.);
#4945=ORIENTED_EDGE('',*,*,#3525,.F.);
#4946=ORIENTED_EDGE('',*,*,#3243,.F.);
#4947=ORIENTED_EDGE('',*,*,#3530,.T.);
#4948=ORIENTED_EDGE('',*,*,#3531,.T.);
#4949=ORIENTED_EDGE('',*,*,#3528,.F.);
#4950=ORIENTED_EDGE('',*,*,#3242,.F.);
#4951=ORIENTED_EDGE('',*,*,#3532,.T.);
#4952=ORIENTED_EDGE('',*,*,#3533,.T.);
#4953=ORIENTED_EDGE('',*,*,#3530,.F.);
#4954=ORIENTED_EDGE('',*,*,#3241,.F.);
#4955=ORIENTED_EDGE('',*,*,#3534,.T.);
#4956=ORIENTED_EDGE('',*,*,#3535,.T.);
#4957=ORIENTED_EDGE('',*,*,#3532,.F.);
#4958=ORIENTED_EDGE('',*,*,#3240,.F.);
#4959=ORIENTED_EDGE('',*,*,#3536,.T.);
#4960=ORIENTED_EDGE('',*,*,#3537,.T.);
#4961=ORIENTED_EDGE('',*,*,#3534,.F.);
#4962=ORIENTED_EDGE('',*,*,#3239,.F.);
#4963=ORIENTED_EDGE('',*,*,#3538,.T.);
#4964=ORIENTED_EDGE('',*,*,#3539,.T.);
#4965=ORIENTED_EDGE('',*,*,#3536,.F.);
#4966=ORIENTED_EDGE('',*,*,#3238,.F.);
#4967=ORIENTED_EDGE('',*,*,#3540,.T.);
#4968=ORIENTED_EDGE('',*,*,#3541,.T.);
#4969=ORIENTED_EDGE('',*,*,#3538,.F.);
#4970=ORIENTED_EDGE('',*,*,#3237,.F.);
#4971=ORIENTED_EDGE('',*,*,#3542,.T.);
#4972=ORIENTED_EDGE('',*,*,#3543,.T.);
#4973=ORIENTED_EDGE('',*,*,#3540,.F.);
#4974=ORIENTED_EDGE('',*,*,#3236,.F.);
#4975=ORIENTED_EDGE('',*,*,#3544,.T.);
#4976=ORIENTED_EDGE('',*,*,#3545,.T.);
#4977=ORIENTED_EDGE('',*,*,#3542,.F.);
#4978=ORIENTED_EDGE('',*,*,#3235,.F.);
#4979=ORIENTED_EDGE('',*,*,#3546,.T.);
#4980=ORIENTED_EDGE('',*,*,#3547,.T.);
#4981=ORIENTED_EDGE('',*,*,#3544,.F.);
#4982=ORIENTED_EDGE('',*,*,#3234,.F.);
#4983=ORIENTED_EDGE('',*,*,#3548,.T.);
#4984=ORIENTED_EDGE('',*,*,#3549,.T.);
#4985=ORIENTED_EDGE('',*,*,#3546,.F.);
#4986=ORIENTED_EDGE('',*,*,#3233,.F.);
#4987=ORIENTED_EDGE('',*,*,#3550,.T.);
#4988=ORIENTED_EDGE('',*,*,#3551,.T.);
#4989=ORIENTED_EDGE('',*,*,#3548,.F.);
#4990=ORIENTED_EDGE('',*,*,#3232,.F.);
#4991=ORIENTED_EDGE('',*,*,#3552,.T.);
#4992=ORIENTED_EDGE('',*,*,#3553,.T.);
#4993=ORIENTED_EDGE('',*,*,#3550,.F.);
#4994=ORIENTED_EDGE('',*,*,#3231,.F.);
#4995=ORIENTED_EDGE('',*,*,#3554,.T.);
#4996=ORIENTED_EDGE('',*,*,#3555,.T.);
#4997=ORIENTED_EDGE('',*,*,#3552,.F.);
#4998=ORIENTED_EDGE('',*,*,#3230,.F.);
#4999=ORIENTED_EDGE('',*,*,#3556,.T.);
#5000=ORIENTED_EDGE('',*,*,#3557,.T.);
#5001=ORIENTED_EDGE('',*,*,#3554,.F.);
#5002=ORIENTED_EDGE('',*,*,#3229,.F.);
#5003=ORIENTED_EDGE('',*,*,#3558,.T.);
#5004=ORIENTED_EDGE('',*,*,#3559,.T.);
#5005=ORIENTED_EDGE('',*,*,#3556,.F.);
#5006=ORIENTED_EDGE('',*,*,#3228,.F.);
#5007=ORIENTED_EDGE('',*,*,#3560,.T.);
#5008=ORIENTED_EDGE('',*,*,#3561,.T.);
#5009=ORIENTED_EDGE('',*,*,#3558,.F.);
#5010=ORIENTED_EDGE('',*,*,#3227,.F.);
#5011=ORIENTED_EDGE('',*,*,#3562,.T.);
#5012=ORIENTED_EDGE('',*,*,#3563,.T.);
#5013=ORIENTED_EDGE('',*,*,#3560,.F.);
#5014=ORIENTED_EDGE('',*,*,#3226,.F.);
#5015=ORIENTED_EDGE('',*,*,#3564,.T.);
#5016=ORIENTED_EDGE('',*,*,#3565,.T.);
#5017=ORIENTED_EDGE('',*,*,#3562,.F.);
#5018=ORIENTED_EDGE('',*,*,#3225,.F.);
#5019=ORIENTED_EDGE('',*,*,#3566,.T.);
#5020=ORIENTED_EDGE('',*,*,#3567,.T.);
#5021=ORIENTED_EDGE('',*,*,#3564,.F.);
#5022=ORIENTED_EDGE('',*,*,#3224,.F.);
#5023=ORIENTED_EDGE('',*,*,#3568,.T.);
#5024=ORIENTED_EDGE('',*,*,#3569,.T.);
#5025=ORIENTED_EDGE('',*,*,#3566,.F.);
#5026=ORIENTED_EDGE('',*,*,#3223,.F.);
#5027=ORIENTED_EDGE('',*,*,#3570,.T.);
#5028=ORIENTED_EDGE('',*,*,#3571,.T.);
#5029=ORIENTED_EDGE('',*,*,#3568,.F.);
#5030=ORIENTED_EDGE('',*,*,#3222,.F.);
#5031=ORIENTED_EDGE('',*,*,#3572,.T.);
#5032=ORIENTED_EDGE('',*,*,#3573,.T.);
#5033=ORIENTED_EDGE('',*,*,#3570,.F.);
#5034=ORIENTED_EDGE('',*,*,#3221,.F.);
#5035=ORIENTED_EDGE('',*,*,#3574,.T.);
#5036=ORIENTED_EDGE('',*,*,#3575,.T.);
#5037=ORIENTED_EDGE('',*,*,#3572,.F.);
#5038=ORIENTED_EDGE('',*,*,#3220,.F.);
#5039=ORIENTED_EDGE('',*,*,#3527,.T.);
#5040=ORIENTED_EDGE('',*,*,#3576,.T.);
#5041=ORIENTED_EDGE('',*,*,#3574,.F.);
#5042=ORIENTED_EDGE('',*,*,#3576,.F.);
#5043=ORIENTED_EDGE('',*,*,#3526,.F.);
#5044=ORIENTED_EDGE('',*,*,#3529,.F.);
#5045=ORIENTED_EDGE('',*,*,#3531,.F.);
#5046=ORIENTED_EDGE('',*,*,#3533,.F.);
#5047=ORIENTED_EDGE('',*,*,#3535,.F.);
#5048=ORIENTED_EDGE('',*,*,#3537,.F.);
#5049=ORIENTED_EDGE('',*,*,#3539,.F.);
#5050=ORIENTED_EDGE('',*,*,#3541,.F.);
#5051=ORIENTED_EDGE('',*,*,#3543,.F.);
#5052=ORIENTED_EDGE('',*,*,#3545,.F.);
#5053=ORIENTED_EDGE('',*,*,#3547,.F.);
#5054=ORIENTED_EDGE('',*,*,#3549,.F.);
#5055=ORIENTED_EDGE('',*,*,#3551,.F.);
#5056=ORIENTED_EDGE('',*,*,#3553,.F.);
#5057=ORIENTED_EDGE('',*,*,#3555,.F.);
#5058=ORIENTED_EDGE('',*,*,#3557,.F.);
#5059=ORIENTED_EDGE('',*,*,#3559,.F.);
#5060=ORIENTED_EDGE('',*,*,#3561,.F.);
#5061=ORIENTED_EDGE('',*,*,#3563,.F.);
#5062=ORIENTED_EDGE('',*,*,#3565,.F.);
#5063=ORIENTED_EDGE('',*,*,#3567,.F.);
#5064=ORIENTED_EDGE('',*,*,#3569,.F.);
#5065=ORIENTED_EDGE('',*,*,#3571,.F.);
#5066=ORIENTED_EDGE('',*,*,#3573,.F.);
#5067=ORIENTED_EDGE('',*,*,#3575,.F.);
#5068=ORIENTED_EDGE('',*,*,#3207,.F.);
#5069=ORIENTED_EDGE('',*,*,#3577,.T.);
#5070=ORIENTED_EDGE('',*,*,#3578,.T.);
#5071=ORIENTED_EDGE('',*,*,#3579,.F.);
#5072=ORIENTED_EDGE('',*,*,#3218,.F.);
#5073=ORIENTED_EDGE('',*,*,#3580,.T.);
#5074=ORIENTED_EDGE('',*,*,#3581,.T.);
#5075=ORIENTED_EDGE('',*,*,#3577,.F.);
#5076=ORIENTED_EDGE('',*,*,#3217,.F.);
#5077=ORIENTED_EDGE('',*,*,#3582,.T.);
#5078=ORIENTED_EDGE('',*,*,#3583,.T.);
#5079=ORIENTED_EDGE('',*,*,#3580,.F.);
#5080=ORIENTED_EDGE('',*,*,#3216,.F.);
#5081=ORIENTED_EDGE('',*,*,#3584,.T.);
#5082=ORIENTED_EDGE('',*,*,#3585,.T.);
#5083=ORIENTED_EDGE('',*,*,#3582,.F.);
#5084=ORIENTED_EDGE('',*,*,#3215,.F.);
#5085=ORIENTED_EDGE('',*,*,#3586,.T.);
#5086=ORIENTED_EDGE('',*,*,#3587,.T.);
#5087=ORIENTED_EDGE('',*,*,#3584,.F.);
#5088=ORIENTED_EDGE('',*,*,#3214,.F.);
#5089=ORIENTED_EDGE('',*,*,#3588,.T.);
#5090=ORIENTED_EDGE('',*,*,#3589,.T.);
#5091=ORIENTED_EDGE('',*,*,#3586,.F.);
#5092=ORIENTED_EDGE('',*,*,#3213,.F.);
#5093=ORIENTED_EDGE('',*,*,#3590,.T.);
#5094=ORIENTED_EDGE('',*,*,#3591,.T.);
#5095=ORIENTED_EDGE('',*,*,#3588,.F.);
#5096=ORIENTED_EDGE('',*,*,#3212,.F.);
#5097=ORIENTED_EDGE('',*,*,#3592,.T.);
#5098=ORIENTED_EDGE('',*,*,#3593,.T.);
#5099=ORIENTED_EDGE('',*,*,#3590,.F.);
#5100=ORIENTED_EDGE('',*,*,#3211,.F.);
#5101=ORIENTED_EDGE('',*,*,#3594,.T.);
#5102=ORIENTED_EDGE('',*,*,#3595,.T.);
#5103=ORIENTED_EDGE('',*,*,#3592,.F.);
#5104=ORIENTED_EDGE('',*,*,#3210,.F.);
#5105=ORIENTED_EDGE('',*,*,#3596,.T.);
#5106=ORIENTED_EDGE('',*,*,#3597,.T.);
#5107=ORIENTED_EDGE('',*,*,#3594,.F.);
#5108=ORIENTED_EDGE('',*,*,#3209,.F.);
#5109=ORIENTED_EDGE('',*,*,#3598,.T.);
#5110=ORIENTED_EDGE('',*,*,#3599,.T.);
#5111=ORIENTED_EDGE('',*,*,#3596,.F.);
#5112=ORIENTED_EDGE('',*,*,#3208,.F.);
#5113=ORIENTED_EDGE('',*,*,#3579,.T.);
#5114=ORIENTED_EDGE('',*,*,#3600,.T.);
#5115=ORIENTED_EDGE('',*,*,#3598,.F.);
#5116=ORIENTED_EDGE('',*,*,#3600,.F.);
#5117=ORIENTED_EDGE('',*,*,#3578,.F.);
#5118=ORIENTED_EDGE('',*,*,#3581,.F.);
#5119=ORIENTED_EDGE('',*,*,#3583,.F.);
#5120=ORIENTED_EDGE('',*,*,#3585,.F.);
#5121=ORIENTED_EDGE('',*,*,#3587,.F.);
#5122=ORIENTED_EDGE('',*,*,#3589,.F.);
#5123=ORIENTED_EDGE('',*,*,#3591,.F.);
#5124=ORIENTED_EDGE('',*,*,#3593,.F.);
#5125=ORIENTED_EDGE('',*,*,#3595,.F.);
#5126=ORIENTED_EDGE('',*,*,#3597,.F.);
#5127=ORIENTED_EDGE('',*,*,#3599,.F.);
#5128=ORIENTED_EDGE('',*,*,#3199,.F.);
#5129=ORIENTED_EDGE('',*,*,#3601,.T.);
#5130=ORIENTED_EDGE('',*,*,#3602,.T.);
#5131=ORIENTED_EDGE('',*,*,#3603,.F.);
#5132=ORIENTED_EDGE('',*,*,#3206,.F.);
#5133=ORIENTED_EDGE('',*,*,#3604,.T.);
#5134=ORIENTED_EDGE('',*,*,#3605,.T.);
#5135=ORIENTED_EDGE('',*,*,#3601,.F.);
#5136=ORIENTED_EDGE('',*,*,#3205,.F.);
#5137=ORIENTED_EDGE('',*,*,#3606,.T.);
#5138=ORIENTED_EDGE('',*,*,#3607,.T.);
#5139=ORIENTED_EDGE('',*,*,#3604,.F.);
#5140=ORIENTED_EDGE('',*,*,#3204,.F.);
#5141=ORIENTED_EDGE('',*,*,#3608,.T.);
#5142=ORIENTED_EDGE('',*,*,#3609,.T.);
#5143=ORIENTED_EDGE('',*,*,#3606,.F.);
#5144=ORIENTED_EDGE('',*,*,#3203,.F.);
#5145=ORIENTED_EDGE('',*,*,#3610,.T.);
#5146=ORIENTED_EDGE('',*,*,#3611,.T.);
#5147=ORIENTED_EDGE('',*,*,#3608,.F.);
#5148=ORIENTED_EDGE('',*,*,#3202,.F.);
#5149=ORIENTED_EDGE('',*,*,#3612,.T.);
#5150=ORIENTED_EDGE('',*,*,#3613,.T.);
#5151=ORIENTED_EDGE('',*,*,#3610,.F.);
#5152=ORIENTED_EDGE('',*,*,#3201,.F.);
#5153=ORIENTED_EDGE('',*,*,#3614,.T.);
#5154=ORIENTED_EDGE('',*,*,#3615,.T.);
#5155=ORIENTED_EDGE('',*,*,#3612,.F.);
#5156=ORIENTED_EDGE('',*,*,#3200,.F.);
#5157=ORIENTED_EDGE('',*,*,#3603,.T.);
#5158=ORIENTED_EDGE('',*,*,#3616,.T.);
#5159=ORIENTED_EDGE('',*,*,#3614,.F.);
#5160=ORIENTED_EDGE('',*,*,#3616,.F.);
#5161=ORIENTED_EDGE('',*,*,#3602,.F.);
#5162=ORIENTED_EDGE('',*,*,#3605,.F.);
#5163=ORIENTED_EDGE('',*,*,#3607,.F.);
#5164=ORIENTED_EDGE('',*,*,#3609,.F.);
#5165=ORIENTED_EDGE('',*,*,#3611,.F.);
#5166=ORIENTED_EDGE('',*,*,#3613,.F.);
#5167=ORIENTED_EDGE('',*,*,#3615,.F.);
#5168=ORIENTED_EDGE('',*,*,#3617,.F.);
#5169=ORIENTED_EDGE('',*,*,#3618,.T.);
#5170=ORIENTED_EDGE('',*,*,#3619,.T.);
#5171=ORIENTED_EDGE('',*,*,#3620,.F.);
#5172=ORIENTED_EDGE('',*,*,#3621,.F.);
#5173=ORIENTED_EDGE('',*,*,#3622,.T.);
#5174=ORIENTED_EDGE('',*,*,#3623,.T.);
#5175=ORIENTED_EDGE('',*,*,#3618,.F.);
#5176=ORIENTED_EDGE('',*,*,#3624,.F.);
#5177=ORIENTED_EDGE('',*,*,#3625,.T.);
#5178=ORIENTED_EDGE('',*,*,#3626,.T.);
#5179=ORIENTED_EDGE('',*,*,#3622,.F.);
#5180=ORIENTED_EDGE('',*,*,#3627,.F.);
#5181=ORIENTED_EDGE('',*,*,#3628,.T.);
#5182=ORIENTED_EDGE('',*,*,#3629,.T.);
#5183=ORIENTED_EDGE('',*,*,#3625,.F.);
#5184=ORIENTED_EDGE('',*,*,#3630,.F.);
#5185=ORIENTED_EDGE('',*,*,#3631,.T.);
#5186=ORIENTED_EDGE('',*,*,#3632,.T.);
#5187=ORIENTED_EDGE('',*,*,#3628,.F.);
#5188=ORIENTED_EDGE('',*,*,#3633,.F.);
#5189=ORIENTED_EDGE('',*,*,#3634,.T.);
#5190=ORIENTED_EDGE('',*,*,#3635,.T.);
#5191=ORIENTED_EDGE('',*,*,#3631,.F.);
#5192=ORIENTED_EDGE('',*,*,#3636,.F.);
#5193=ORIENTED_EDGE('',*,*,#3637,.T.);
#5194=ORIENTED_EDGE('',*,*,#3638,.T.);
#5195=ORIENTED_EDGE('',*,*,#3634,.F.);
#5196=ORIENTED_EDGE('',*,*,#3639,.F.);
#5197=ORIENTED_EDGE('',*,*,#3640,.T.);
#5198=ORIENTED_EDGE('',*,*,#3641,.T.);
#5199=ORIENTED_EDGE('',*,*,#3637,.F.);
#5200=ORIENTED_EDGE('',*,*,#3642,.F.);
#5201=ORIENTED_EDGE('',*,*,#3643,.T.);
#5202=ORIENTED_EDGE('',*,*,#3644,.T.);
#5203=ORIENTED_EDGE('',*,*,#3640,.F.);
#5204=ORIENTED_EDGE('',*,*,#3645,.F.);
#5205=ORIENTED_EDGE('',*,*,#3620,.T.);
#5206=ORIENTED_EDGE('',*,*,#3646,.T.);
#5207=ORIENTED_EDGE('',*,*,#3643,.F.);
#5208=ORIENTED_EDGE('',*,*,#3647,.F.);
#5209=ORIENTED_EDGE('',*,*,#3648,.T.);
#5210=ORIENTED_EDGE('',*,*,#3649,.T.);
#5211=ORIENTED_EDGE('',*,*,#3650,.F.);
#5212=ORIENTED_EDGE('',*,*,#3651,.F.);
#5213=ORIENTED_EDGE('',*,*,#3652,.T.);
#5214=ORIENTED_EDGE('',*,*,#3653,.T.);
#5215=ORIENTED_EDGE('',*,*,#3648,.F.);
#5216=ORIENTED_EDGE('',*,*,#3654,.F.);
#5217=ORIENTED_EDGE('',*,*,#3655,.T.);
#5218=ORIENTED_EDGE('',*,*,#3656,.T.);
#5219=ORIENTED_EDGE('',*,*,#3652,.F.);
#5220=ORIENTED_EDGE('',*,*,#3657,.F.);
#5221=ORIENTED_EDGE('',*,*,#3658,.T.);
#5222=ORIENTED_EDGE('',*,*,#3659,.T.);
#5223=ORIENTED_EDGE('',*,*,#3655,.F.);
#5224=ORIENTED_EDGE('',*,*,#3660,.F.);
#5225=ORIENTED_EDGE('',*,*,#3661,.T.);
#5226=ORIENTED_EDGE('',*,*,#3662,.T.);
#5227=ORIENTED_EDGE('',*,*,#3658,.F.);
#5228=ORIENTED_EDGE('',*,*,#3663,.F.);
#5229=ORIENTED_EDGE('',*,*,#3664,.T.);
#5230=ORIENTED_EDGE('',*,*,#3665,.T.);
#5231=ORIENTED_EDGE('',*,*,#3661,.F.);
#5232=ORIENTED_EDGE('',*,*,#3666,.F.);
#5233=ORIENTED_EDGE('',*,*,#3667,.T.);
#5234=ORIENTED_EDGE('',*,*,#3668,.T.);
#5235=ORIENTED_EDGE('',*,*,#3664,.F.);
#5236=ORIENTED_EDGE('',*,*,#3669,.F.);
#5237=ORIENTED_EDGE('',*,*,#3650,.T.);
#5238=ORIENTED_EDGE('',*,*,#3670,.T.);
#5239=ORIENTED_EDGE('',*,*,#3667,.F.);
#5240=ORIENTED_EDGE('',*,*,#3184,.F.);
#5241=ORIENTED_EDGE('',*,*,#3671,.T.);
#5242=ORIENTED_EDGE('',*,*,#3672,.T.);
#5243=ORIENTED_EDGE('',*,*,#3673,.F.);
#5244=ORIENTED_EDGE('',*,*,#3198,.F.);
#5245=ORIENTED_EDGE('',*,*,#3674,.T.);
#5246=ORIENTED_EDGE('',*,*,#3675,.T.);
#5247=ORIENTED_EDGE('',*,*,#3671,.F.);
#5248=ORIENTED_EDGE('',*,*,#3197,.F.);
#5249=ORIENTED_EDGE('',*,*,#3676,.T.);
#5250=ORIENTED_EDGE('',*,*,#3677,.T.);
#5251=ORIENTED_EDGE('',*,*,#3674,.F.);
#5252=ORIENTED_EDGE('',*,*,#3196,.F.);
#5253=ORIENTED_EDGE('',*,*,#3678,.T.);
#5254=ORIENTED_EDGE('',*,*,#3679,.T.);
#5255=ORIENTED_EDGE('',*,*,#3676,.F.);
#5256=ORIENTED_EDGE('',*,*,#3195,.F.);
#5257=ORIENTED_EDGE('',*,*,#3680,.T.);
#5258=ORIENTED_EDGE('',*,*,#3681,.T.);
#5259=ORIENTED_EDGE('',*,*,#3678,.F.);
#5260=ORIENTED_EDGE('',*,*,#3194,.F.);
#5261=ORIENTED_EDGE('',*,*,#3682,.T.);
#5262=ORIENTED_EDGE('',*,*,#3683,.T.);
#5263=ORIENTED_EDGE('',*,*,#3680,.F.);
#5264=ORIENTED_EDGE('',*,*,#3193,.F.);
#5265=ORIENTED_EDGE('',*,*,#3684,.T.);
#5266=ORIENTED_EDGE('',*,*,#3685,.T.);
#5267=ORIENTED_EDGE('',*,*,#3682,.F.);
#5268=ORIENTED_EDGE('',*,*,#3192,.F.);
#5269=ORIENTED_EDGE('',*,*,#3686,.T.);
#5270=ORIENTED_EDGE('',*,*,#3687,.T.);
#5271=ORIENTED_EDGE('',*,*,#3684,.F.);
#5272=ORIENTED_EDGE('',*,*,#3191,.F.);
#5273=ORIENTED_EDGE('',*,*,#3688,.T.);
#5274=ORIENTED_EDGE('',*,*,#3689,.T.);
#5275=ORIENTED_EDGE('',*,*,#3686,.F.);
#5276=ORIENTED_EDGE('',*,*,#3190,.F.);
#5277=ORIENTED_EDGE('',*,*,#3690,.T.);
#5278=ORIENTED_EDGE('',*,*,#3691,.T.);
#5279=ORIENTED_EDGE('',*,*,#3688,.F.);
#5280=ORIENTED_EDGE('',*,*,#3189,.F.);
#5281=ORIENTED_EDGE('',*,*,#3692,.T.);
#5282=ORIENTED_EDGE('',*,*,#3693,.T.);
#5283=ORIENTED_EDGE('',*,*,#3690,.F.);
#5284=ORIENTED_EDGE('',*,*,#3188,.F.);
#5285=ORIENTED_EDGE('',*,*,#3694,.T.);
#5286=ORIENTED_EDGE('',*,*,#3695,.T.);
#5287=ORIENTED_EDGE('',*,*,#3692,.F.);
#5288=ORIENTED_EDGE('',*,*,#3187,.F.);
#5289=ORIENTED_EDGE('',*,*,#3696,.T.);
#5290=ORIENTED_EDGE('',*,*,#3697,.T.);
#5291=ORIENTED_EDGE('',*,*,#3694,.F.);
#5292=ORIENTED_EDGE('',*,*,#3186,.F.);
#5293=ORIENTED_EDGE('',*,*,#3698,.T.);
#5294=ORIENTED_EDGE('',*,*,#3699,.T.);
#5295=ORIENTED_EDGE('',*,*,#3696,.F.);
#5296=ORIENTED_EDGE('',*,*,#3185,.F.);
#5297=ORIENTED_EDGE('',*,*,#3673,.T.);
#5298=ORIENTED_EDGE('',*,*,#3700,.T.);
#5299=ORIENTED_EDGE('',*,*,#3698,.F.);
#5300=ORIENTED_EDGE('',*,*,#3700,.F.);
#5301=ORIENTED_EDGE('',*,*,#3672,.F.);
#5302=ORIENTED_EDGE('',*,*,#3675,.F.);
#5303=ORIENTED_EDGE('',*,*,#3677,.F.);
#5304=ORIENTED_EDGE('',*,*,#3679,.F.);
#5305=ORIENTED_EDGE('',*,*,#3681,.F.);
#5306=ORIENTED_EDGE('',*,*,#3683,.F.);
#5307=ORIENTED_EDGE('',*,*,#3685,.F.);
#5308=ORIENTED_EDGE('',*,*,#3687,.F.);
#5309=ORIENTED_EDGE('',*,*,#3689,.F.);
#5310=ORIENTED_EDGE('',*,*,#3691,.F.);
#5311=ORIENTED_EDGE('',*,*,#3693,.F.);
#5312=ORIENTED_EDGE('',*,*,#3695,.F.);
#5313=ORIENTED_EDGE('',*,*,#3697,.F.);
#5314=ORIENTED_EDGE('',*,*,#3699,.F.);
#5315=ORIENTED_EDGE('',*,*,#3670,.F.);
#5316=ORIENTED_EDGE('',*,*,#3649,.F.);
#5317=ORIENTED_EDGE('',*,*,#3653,.F.);
#5318=ORIENTED_EDGE('',*,*,#3656,.F.);
#5319=ORIENTED_EDGE('',*,*,#3659,.F.);
#5320=ORIENTED_EDGE('',*,*,#3662,.F.);
#5321=ORIENTED_EDGE('',*,*,#3665,.F.);
#5322=ORIENTED_EDGE('',*,*,#3668,.F.);
#5323=ORIENTED_EDGE('',*,*,#3646,.F.);
#5324=ORIENTED_EDGE('',*,*,#3619,.F.);
#5325=ORIENTED_EDGE('',*,*,#3623,.F.);
#5326=ORIENTED_EDGE('',*,*,#3626,.F.);
#5327=ORIENTED_EDGE('',*,*,#3629,.F.);
#5328=ORIENTED_EDGE('',*,*,#3632,.F.);
#5329=ORIENTED_EDGE('',*,*,#3635,.F.);
#5330=ORIENTED_EDGE('',*,*,#3638,.F.);
#5331=ORIENTED_EDGE('',*,*,#3641,.F.);
#5332=ORIENTED_EDGE('',*,*,#3644,.F.);
#5333=ORIENTED_EDGE('',*,*,#3647,.T.);
#5334=ORIENTED_EDGE('',*,*,#3669,.T.);
#5335=ORIENTED_EDGE('',*,*,#3666,.T.);
#5336=ORIENTED_EDGE('',*,*,#3663,.T.);
#5337=ORIENTED_EDGE('',*,*,#3660,.T.);
#5338=ORIENTED_EDGE('',*,*,#3657,.T.);
#5339=ORIENTED_EDGE('',*,*,#3654,.T.);
#5340=ORIENTED_EDGE('',*,*,#3651,.T.);
#5341=ORIENTED_EDGE('',*,*,#3617,.T.);
#5342=ORIENTED_EDGE('',*,*,#3645,.T.);
#5343=ORIENTED_EDGE('',*,*,#3642,.T.);
#5344=ORIENTED_EDGE('',*,*,#3639,.T.);
#5345=ORIENTED_EDGE('',*,*,#3636,.T.);
#5346=ORIENTED_EDGE('',*,*,#3633,.T.);
#5347=ORIENTED_EDGE('',*,*,#3630,.T.);
#5348=ORIENTED_EDGE('',*,*,#3627,.T.);
#5349=ORIENTED_EDGE('',*,*,#3624,.T.);
#5350=ORIENTED_EDGE('',*,*,#3621,.T.);
#5351=ORIENTED_EDGE('',*,*,#3471,.T.);
#5352=ORIENTED_EDGE('',*,*,#3493,.T.);
#5353=ORIENTED_EDGE('',*,*,#3490,.T.);
#5354=ORIENTED_EDGE('',*,*,#3487,.T.);
#5355=ORIENTED_EDGE('',*,*,#3484,.T.);
#5356=ORIENTED_EDGE('',*,*,#3481,.T.);
#5357=ORIENTED_EDGE('',*,*,#3478,.T.);
#5358=ORIENTED_EDGE('',*,*,#3475,.T.);
#5359=ORIENTED_EDGE('',*,*,#3268,.F.);
#5360=ORIENTED_EDGE('',*,*,#3408,.F.);
#5361=ORIENTED_EDGE('',*,*,#3412,.T.);
#5362=ORIENTED_EDGE('',*,*,#3701,.T.);
#5363=ORIENTED_EDGE('',*,*,#3415,.F.);
#5364=ORIENTED_EDGE('',*,*,#3403,.F.);
#5365=ORIENTED_EDGE('',*,*,#3411,.F.);
#5366=ORIENTED_EDGE('',*,*,#3414,.F.);
#5367=ORIENTED_EDGE('',*,*,#3416,.F.);
#5368=ORIENTED_EDGE('',*,*,#3701,.F.);
#5369=ORIENTED_EDGE('',*,*,#3315,.F.);
#5370=ORIENTED_EDGE('',*,*,#3702,.F.);
#5371=ORIENTED_EDGE('',*,*,#3310,.F.);
#5372=ORIENTED_EDGE('',*,*,#3313,.F.);
#5373=ORIENTED_EDGE('',*,*,#3272,.F.);
#5374=ORIENTED_EDGE('',*,*,#3394,.F.);
#5375=ORIENTED_EDGE('',*,*,#3398,.T.);
#5376=ORIENTED_EDGE('',*,*,#3703,.T.);
#5377=ORIENTED_EDGE('',*,*,#3401,.F.);
#5378=ORIENTED_EDGE('',*,*,#3389,.F.);
#5379=ORIENTED_EDGE('',*,*,#3400,.F.);
#5380=ORIENTED_EDGE('',*,*,#3402,.F.);
#5381=ORIENTED_EDGE('',*,*,#3703,.F.);
#5382=ORIENTED_EDGE('',*,*,#3397,.F.);
#5383=ORIENTED_EDGE('',*,*,#3296,.F.);
#5384=ORIENTED_EDGE('',*,*,#3298,.F.);
#5385=ORIENTED_EDGE('',*,*,#3704,.F.);
#5386=ORIENTED_EDGE('',*,*,#3293,.F.);
#5387=ORIENTED_EDGE('',*,*,#3702,.T.);
#5388=ORIENTED_EDGE('',*,*,#3314,.F.);
#5389=ORIENTED_EDGE('',*,*,#3299,.F.);
#5390=ORIENTED_EDGE('',*,*,#3705,.F.);
#5391=ORIENTED_EDGE('',*,*,#3306,.F.);
#5392=ORIENTED_EDGE('',*,*,#3311,.T.);
#5393=ORIENTED_EDGE('',*,*,#3704,.T.);
#5394=ORIENTED_EDGE('',*,*,#3297,.F.);
#5395=ORIENTED_EDGE('',*,*,#3282,.F.);
#5396=ORIENTED_EDGE('',*,*,#3706,.F.);
#5397=ORIENTED_EDGE('',*,*,#3289,.F.);
#5398=ORIENTED_EDGE('',*,*,#3294,.T.);
#5399=ORIENTED_EDGE('',*,*,#3131,.F.);
#5400=ORIENTED_EDGE('',*,*,#3387,.T.);
#5401=ORIENTED_EDGE('',*,*,#3278,.T.);
#5402=ORIENTED_EDGE('',*,*,#3136,.F.);
#5403=ORIENTED_EDGE('',*,*,#3134,.F.);
#5404=ORIENTED_EDGE('',*,*,#3061,.F.);
#5405=ORIENTED_EDGE('',*,*,#3167,.F.);
#5406=ORIENTED_EDGE('',*,*,#3388,.T.);
#5407=ORIENTED_EDGE('',*,*,#3078,.T.);
#5408=ORIENTED_EDGE('',*,*,#3110,.F.);
#5409=ORIENTED_EDGE('',*,*,#3111,.F.);
#5410=ORIENTED_EDGE('',*,*,#3161,.F.);
#5411=ORIENTED_EDGE('',*,*,#3281,.F.);
#5412=ORIENTED_EDGE('',*,*,#3385,.F.);
#5413=ORIENTED_EDGE('',*,*,#3155,.F.);
#5414=ORIENTED_EDGE('',*,*,#3157,.F.);
#5415=ORIENTED_EDGE('',*,*,#3441,.T.);
#5416=ORIENTED_EDGE('',*,*,#3469,.T.);
#5417=ORIENTED_EDGE('',*,*,#3466,.T.);
#5418=ORIENTED_EDGE('',*,*,#3463,.T.);
#5419=ORIENTED_EDGE('',*,*,#3460,.T.);
#5420=ORIENTED_EDGE('',*,*,#3457,.T.);
#5421=ORIENTED_EDGE('',*,*,#3454,.T.);
#5422=ORIENTED_EDGE('',*,*,#3451,.T.);
#5423=ORIENTED_EDGE('',*,*,#3448,.T.);
#5424=ORIENTED_EDGE('',*,*,#3445,.T.);
#5425=ORIENTED_EDGE('',*,*,#3324,.F.);
#5426=ORIENTED_EDGE('',*,*,#3386,.F.);
#5427=ORIENTED_EDGE('',*,*,#3349,.F.);
#5428=ORIENTED_EDGE('',*,*,#3346,.F.);
#5429=ORIENTED_EDGE('',*,*,#3341,.F.);
#5430=ORIENTED_EDGE('',*,*,#3340,.F.);
#5431=ORIENTED_EDGE('',*,*,#3316,.F.);
#5432=ORIENTED_EDGE('',*,*,#3322,.F.);
#5433=ORIENTED_EDGE('',*,*,#3337,.F.);
#5434=ORIENTED_EDGE('',*,*,#3335,.F.);
#5435=ORIENTED_EDGE('',*,*,#3332,.F.);
#5436=ORIENTED_EDGE('',*,*,#3329,.F.);
#5437=ORIENTED_EDGE('',*,*,#3706,.T.);
#5438=ORIENTED_EDGE('',*,*,#3285,.F.);
#5439=ORIENTED_EDGE('',*,*,#3287,.F.);
#5440=ORIENTED_EDGE('',*,*,#3290,.F.);
#5441=ORIENTED_EDGE('',*,*,#3705,.T.);
#5442=ORIENTED_EDGE('',*,*,#3302,.F.);
#5443=ORIENTED_EDGE('',*,*,#3304,.F.);
#5444=ORIENTED_EDGE('',*,*,#3307,.F.);
#5445=ORIENTED_EDGE('',*,*,#3419,.T.);
#5446=ORIENTED_EDGE('',*,*,#3421,.T.);
#5447=ORIENTED_EDGE('',*,*,#3423,.T.);
#5448=ORIENTED_EDGE('',*,*,#3424,.T.);
#5449=PLANE('',#5927);
#5450=PLANE('',#5928);
#5451=PLANE('',#5929);
#5452=PLANE('',#5930);
#5453=PLANE('',#5931);
#5454=PLANE('',#5932);
#5455=PLANE('',#5933);
#5456=PLANE('',#5934);
#5457=PLANE('',#5935);
#5458=PLANE('',#5936);
#5459=PLANE('',#5937);
#5460=PLANE('',#5938);
#5461=PLANE('',#5939);
#5462=PLANE('',#5940);
#5463=PLANE('',#5941);
#5464=PLANE('',#5947);
#5465=PLANE('',#5948);
#5466=PLANE('',#5952);
#5467=PLANE('',#5958);
#5468=PLANE('',#5974);
#5469=PLANE('',#6007);
#5470=PLANE('',#6010);
#5471=PLANE('',#6025);
#5472=PLANE('',#6028);
#5473=PLANE('',#6037);
#5474=PLANE('',#6040);
#5475=PLANE('',#6044);
#5476=PLANE('',#6045);
#5477=PLANE('',#6048);
#5478=PLANE('',#6049);
#5479=PLANE('',#6053);
#5480=PLANE('',#6054);
#5481=PLANE('',#6057);
#5482=PLANE('',#6058);
#5483=PLANE('',#6059);
#5484=PLANE('',#6060);
#5485=PLANE('',#6064);
#5486=PLANE('',#6068);
#5487=PLANE('',#6072);
#5488=PLANE('',#6076);
#5489=PLANE('',#6077);
#5490=PLANE('',#6080);
#5491=PLANE('',#6083);
#5492=PLANE('',#6084);
#5493=PLANE('',#6085);
#5494=PLANE('',#6088);
#5495=PLANE('',#6091);
#5496=PLANE('',#6092);
#5497=PLANE('',#6094);
#5498=PLANE('',#6096);
#5499=PLANE('',#6097);
#5500=PLANE('',#6098);
#5501=PLANE('',#6100);
#5502=PLANE('',#6102);
#5503=PLANE('',#6103);
#5504=PLANE('',#6104);
#5505=PLANE('',#6107);
#5506=PLANE('',#6108);
#5507=PLANE('',#6111);
#5508=PLANE('',#6112);
#5509=PLANE('',#6115);
#5510=PLANE('',#6116);
#5511=PLANE('',#6119);
#5512=PLANE('',#6123);
#5513=PLANE('',#6125);
#5514=PLANE('',#6128);
#5515=PLANE('',#6129);
#5516=PLANE('',#6130);
#5517=PLANE('',#6131);
#5518=PLANE('',#6132);
#5519=PLANE('',#6133);
#5520=PLANE('',#6134);
#5521=PLANE('',#6135);
#5522=PLANE('',#6136);
#5523=PLANE('',#6137);
#5524=PLANE('',#6138);
#5525=PLANE('',#6139);
#5526=PLANE('',#6140);
#5527=PLANE('',#6141);
#5528=PLANE('',#6142);
#5529=PLANE('',#6143);
#5530=PLANE('',#6144);
#5531=PLANE('',#6145);
#5532=PLANE('',#6146);
#5533=PLANE('',#6147);
#5534=PLANE('',#6148);
#5535=PLANE('',#6149);
#5536=PLANE('',#6150);
#5537=PLANE('',#6151);
#5538=PLANE('',#6152);
#5539=PLANE('',#6153);
#5540=PLANE('',#6154);
#5541=PLANE('',#6155);
#5542=PLANE('',#6156);
#5543=PLANE('',#6157);
#5544=PLANE('',#6158);
#5545=PLANE('',#6159);
#5546=PLANE('',#6160);
#5547=PLANE('',#6161);
#5548=PLANE('',#6162);
#5549=PLANE('',#6163);
#5550=PLANE('',#6164);
#5551=PLANE('',#6165);
#5552=PLANE('',#6166);
#5553=PLANE('',#6167);
#5554=PLANE('',#6168);
#5555=PLANE('',#6169);
#5556=PLANE('',#6170);
#5557=PLANE('',#6171);
#5558=PLANE('',#6172);
#5559=PLANE('',#6173);
#5560=PLANE('',#6174);
#5561=PLANE('',#6175);
#5562=PLANE('',#6176);
#5563=PLANE('',#6177);
#5564=PLANE('',#6178);
#5565=PLANE('',#6179);
#5566=PLANE('',#6180);
#5567=PLANE('',#6181);
#5568=PLANE('',#6182);
#5569=PLANE('',#6183);
#5570=PLANE('',#6184);
#5571=PLANE('',#6185);
#5572=PLANE('',#6186);
#5573=PLANE('',#6187);
#5574=PLANE('',#6188);
#5575=PLANE('',#6189);
#5576=PLANE('',#6190);
#5577=PLANE('',#6191);
#5578=PLANE('',#6192);
#5579=PLANE('',#6193);
#5580=PLANE('',#6194);
#5581=PLANE('',#6195);
#5582=PLANE('',#6196);
#5583=PLANE('',#6197);
#5584=PLANE('',#6198);
#5585=PLANE('',#6199);
#5586=PLANE('',#6200);
#5587=PLANE('',#6201);
#5588=PLANE('',#6202);
#5589=PLANE('',#6203);
#5590=PLANE('',#6204);
#5591=PLANE('',#6205);
#5592=PLANE('',#6206);
#5593=ADVANCED_FACE('',(#310),#5449,.T.);
#5594=ADVANCED_FACE('',(#311),#184,.T.);
#5595=ADVANCED_FACE('',(#312),#185,.T.);
#5596=ADVANCED_FACE('',(#313),#186,.T.);
#5597=ADVANCED_FACE('',(#314),#5450,.T.);
#5598=ADVANCED_FACE('',(#315),#187,.T.);
#5599=ADVANCED_FACE('',(#316),#188,.T.);
#5600=ADVANCED_FACE('',(#317),#189,.T.);
#5601=ADVANCED_FACE('',(#318),#190,.T.);
#5602=ADVANCED_FACE('',(#319),#191,.T.);
#5603=ADVANCED_FACE('',(#320),#192,.T.);
#5604=ADVANCED_FACE('',(#321),#193,.T.);
#5605=ADVANCED_FACE('',(#322),#194,.T.);
#5606=ADVANCED_FACE('',(#323),#195,.T.);
#5607=ADVANCED_FACE('',(#324),#196,.T.);
#5608=ADVANCED_FACE('',(#325),#197,.T.);
#5609=ADVANCED_FACE('',(#326),#198,.T.);
#5610=ADVANCED_FACE('',(#327),#199,.T.);
#5611=ADVANCED_FACE('',(#328),#200,.T.);
#5612=ADVANCED_FACE('',(#329),#201,.T.);
#5613=ADVANCED_FACE('',(#330),#202,.T.);
#5614=ADVANCED_FACE('',(#331),#203,.T.);
#5615=ADVANCED_FACE('',(#332),#204,.T.);
#5616=ADVANCED_FACE('',(#333),#205,.T.);
#5617=ADVANCED_FACE('',(#334),#5451,.T.);
#5618=ADVANCED_FACE('',(#335),#5452,.T.);
#5619=ADVANCED_FACE('',(#336),#206,.T.);
#5620=ADVANCED_FACE('',(#337),#207,.T.);
#5621=ADVANCED_FACE('',(#338),#208,.T.);
#5622=ADVANCED_FACE('',(#339),#5453,.T.);
#5623=ADVANCED_FACE('',(#340),#5454,.T.);
#5624=ADVANCED_FACE('',(#341),#209,.T.);
#5625=ADVANCED_FACE('',(#342,#159),#5455,.T.);
#5626=ADVANCED_FACE('',(#343),#210,.T.);
#5627=ADVANCED_FACE('',(#344),#211,.T.);
#5628=ADVANCED_FACE('',(#345),#212,.T.);
#5629=ADVANCED_FACE('',(#346),#213,.T.);
#5630=ADVANCED_FACE('',(#347),#214,.T.);
#5631=ADVANCED_FACE('',(#348),#215,.T.);
#5632=ADVANCED_FACE('',(#349),#5456,.T.);
#5633=ADVANCED_FACE('',(#350),#216,.T.);
#5634=ADVANCED_FACE('',(#351),#217,.T.);
#5635=ADVANCED_FACE('',(#352),#5457,.T.);
#5636=ADVANCED_FACE('',(#353),#5458,.T.);
#5637=ADVANCED_FACE('',(#354),#218,.T.);
#5638=ADVANCED_FACE('',(#355),#219,.T.);
#5639=ADVANCED_FACE('',(#356),#220,.T.);
#5640=ADVANCED_FACE('',(#357),#221,.T.);
#5641=ADVANCED_FACE('',(#358),#222,.T.);
#5642=ADVANCED_FACE('',(#359),#223,.T.);
#5643=ADVANCED_FACE('',(#360),#224,.T.);
#5644=ADVANCED_FACE('',(#361),#225,.T.);
#5645=ADVANCED_FACE('',(#362),#5459,.T.);
#5646=ADVANCED_FACE('',(#363),#226,.T.);
#5647=ADVANCED_FACE('',(#364),#227,.T.);
#5648=ADVANCED_FACE('',(#365),#228,.T.);
#5649=ADVANCED_FACE('',(#366),#229,.T.);
#5650=ADVANCED_FACE('',(#367),#230,.T.);
#5651=ADVANCED_FACE('',(#368),#231,.T.);
#5652=ADVANCED_FACE('',(#369),#232,.T.);
#5653=ADVANCED_FACE('',(#370),#233,.T.);
#5654=ADVANCED_FACE('',(#371),#234,.T.);
#5655=ADVANCED_FACE('',(#372),#235,.T.);
#5656=ADVANCED_FACE('',(#373),#236,.T.);
#5657=ADVANCED_FACE('',(#374),#237,.T.);
#5658=ADVANCED_FACE('',(#375),#5460,.T.);
#5659=ADVANCED_FACE('',(#376),#5461,.T.);
#5660=ADVANCED_FACE('',(#377),#238,.T.);
#5661=ADVANCED_FACE('',(#378),#239,.T.);
#5662=ADVANCED_FACE('',(#379),#240,.T.);
#5663=ADVANCED_FACE('',(#380,#160,#161),#5462,.T.);
#5664=ADVANCED_FACE('',(#381),#5463,.T.);
#5665=ADVANCED_FACE('',(#382),#132,.F.);
#5666=ADVANCED_FACE('',(#383),#24,.F.);
#5667=ADVANCED_FACE('',(#384),#5464,.T.);
#5668=ADVANCED_FACE('',(#385),#5465,.T.);
#5669=ADVANCED_FACE('',(#386),#133,.F.);
#5670=ADVANCED_FACE('',(#387),#5466,.T.);
#5671=ADVANCED_FACE('',(#388),#134,.F.);
#5672=ADVANCED_FACE('',(#389,#162),#5467,.T.);
#5673=ADVANCED_FACE('',(#390),#25,.F.);
#5674=ADVANCED_FACE('',(#391),#135,.T.);
#5675=ADVANCED_FACE('',(#392),#26,.T.);
#5676=ADVANCED_FACE('',(#393),#136,.F.);
#5677=ADVANCED_FACE('',(#394,#163),#5468,.T.);
#5678=ADVANCED_FACE('',(#395),#27,.F.);
#5679=ADVANCED_FACE('',(#396),#137,.T.);
#5680=ADVANCED_FACE('',(#397),#28,.T.);
#5681=ADVANCED_FACE('',(#398),#138,.T.);
#5682=ADVANCED_FACE('',(#399),#20,.T.);
#5683=ADVANCED_FACE('',(#400),#29,.T.);
#5684=ADVANCED_FACE('',(#401),#241,.F.);
#5685=ADVANCED_FACE('',(#402),#242,.T.);
#5686=ADVANCED_FACE('',(#403),#30,.F.);
#5687=ADVANCED_FACE('',(#404),#243,.T.);
#5688=ADVANCED_FACE('',(#405),#31,.F.);
#5689=ADVANCED_FACE('',(#406),#32,.T.);
#5690=ADVANCED_FACE('',(#407),#244,.F.);
#5691=ADVANCED_FACE('',(#408),#21,.F.);
#5692=ADVANCED_FACE('',(#409),#33,.T.);
#5693=ADVANCED_FACE('',(#410),#245,.F.);
#5694=ADVANCED_FACE('',(#411),#246,.F.);
#5695=ADVANCED_FACE('',(#412),#5469,.T.);
#5696=ADVANCED_FACE('',(#413),#34,.F.);
#5697=ADVANCED_FACE('',(#414),#5470,.T.);
#5698=ADVANCED_FACE('',(#415),#22,.F.);
#5699=ADVANCED_FACE('',(#416),#247,.T.);
#5700=ADVANCED_FACE('',(#417),#35,.F.);
#5701=ADVANCED_FACE('',(#418),#36,.T.);
#5702=ADVANCED_FACE('',(#419),#37,.T.);
#5703=ADVANCED_FACE('',(#420),#23,.T.);
#5704=ADVANCED_FACE('',(#421),#5471,.T.);
#5705=ADVANCED_FACE('',(#422),#38,.F.);
#5706=ADVANCED_FACE('',(#423,#164,#165,#166,#167,#168,#169,#170,#171),#5472,
 .T.);
#5707=ADVANCED_FACE('',(#424),#39,.F.);
#5708=ADVANCED_FACE('',(#425),#5473,.T.);
#5709=ADVANCED_FACE('',(#426),#40,.F.);
#5710=ADVANCED_FACE('',(#427),#5474,.T.);
#5711=ADVANCED_FACE('',(#428),#139,.F.);
#5712=ADVANCED_FACE('',(#429),#5475,.T.);
#5713=ADVANCED_FACE('',(#430),#5476,.F.);
#5714=ADVANCED_FACE('',(#431),#41,.F.);
#5715=ADVANCED_FACE('',(#432),#5477,.F.);
#5716=ADVANCED_FACE('',(#433),#5478,.T.);
#5717=ADVANCED_FACE('',(#434),#140,.F.);
#5718=ADVANCED_FACE('',(#435),#5479,.T.);
#5719=ADVANCED_FACE('',(#436),#5480,.F.);
#5720=ADVANCED_FACE('',(#437),#42,.F.);
#5721=ADVANCED_FACE('',(#438),#5481,.F.);
#5722=ADVANCED_FACE('',(#439),#5482,.T.);
#5723=ADVANCED_FACE('',(#440),#5483,.T.);
#5724=ADVANCED_FACE('',(#441),#5484,.T.);
#5725=ADVANCED_FACE('',(#442),#141,.T.);
#5726=ADVANCED_FACE('',(#443),#5485,.T.);
#5727=ADVANCED_FACE('',(#444),#142,.T.);
#5728=ADVANCED_FACE('',(#445),#5486,.T.);
#5729=ADVANCED_FACE('',(#446),#143,.T.);
#5730=ADVANCED_FACE('',(#447),#5487,.T.);
#5731=ADVANCED_FACE('',(#448),#144,.T.);
#5732=ADVANCED_FACE('',(#449),#5488,.T.);
#5733=ADVANCED_FACE('',(#450),#5489,.T.);
#5734=ADVANCED_FACE('',(#451),#43,.T.);
#5735=ADVANCED_FACE('',(#452),#5490,.T.);
#5736=ADVANCED_FACE('',(#453),#44,.T.);
#5737=ADVANCED_FACE('',(#454),#5491,.T.);
#5738=ADVANCED_FACE('',(#455),#5492,.T.);
#5739=ADVANCED_FACE('',(#456),#5493,.T.);
#5740=ADVANCED_FACE('',(#457),#45,.T.);
#5741=ADVANCED_FACE('',(#458),#5494,.T.);
#5742=ADVANCED_FACE('',(#459),#46,.T.);
#5743=ADVANCED_FACE('',(#460),#5495,.T.);
#5744=ADVANCED_FACE('',(#461),#5496,.T.);
#5745=ADVANCED_FACE('',(#462),#145,.T.);
#5746=ADVANCED_FACE('',(#463),#5497,.T.);
#5747=ADVANCED_FACE('',(#464),#146,.T.);
#5748=ADVANCED_FACE('',(#465),#5498,.T.);
#5749=ADVANCED_FACE('',(#466),#5499,.T.);
#5750=ADVANCED_FACE('',(#467),#5500,.T.);
#5751=ADVANCED_FACE('',(#468),#147,.T.);
#5752=ADVANCED_FACE('',(#469),#5501,.T.);
#5753=ADVANCED_FACE('',(#470),#148,.T.);
#5754=ADVANCED_FACE('',(#471),#5502,.T.);
#5755=ADVANCED_FACE('',(#472,#172,#173,#174),#5503,.F.);
#5756=ADVANCED_FACE('',(#473),#5504,.T.);
#5757=ADVANCED_FACE('',(#474),#149,.F.);
#5758=ADVANCED_FACE('',(#475),#5505,.T.);
#5759=ADVANCED_FACE('',(#476),#5506,.F.);
#5760=ADVANCED_FACE('',(#477),#47,.F.);
#5761=ADVANCED_FACE('',(#478),#5507,.F.);
#5762=ADVANCED_FACE('',(#479),#5508,.T.);
#5763=ADVANCED_FACE('',(#480),#150,.F.);
#5764=ADVANCED_FACE('',(#481),#5509,.T.);
#5765=ADVANCED_FACE('',(#482),#5510,.F.);
#5766=ADVANCED_FACE('',(#483),#48,.F.);
#5767=ADVANCED_FACE('',(#484),#5511,.F.);
#5768=ADVANCED_FACE('',(#485),#49,.T.);
#5769=ADVANCED_FACE('',(#486),#5512,.T.);
#5770=ADVANCED_FACE('',(#487),#5513,.T.);
#5771=ADVANCED_FACE('',(#488),#50,.T.);
#5772=ADVANCED_FACE('',(#489),#5514,.T.);
#5773=ADVANCED_FACE('',(#490),#5515,.F.);
#5774=ADVANCED_FACE('',(#491),#5516,.F.);
#5775=ADVANCED_FACE('',(#492),#5517,.F.);
#5776=ADVANCED_FACE('',(#493),#5518,.F.);
#5777=ADVANCED_FACE('',(#494),#5519,.F.);
#5778=ADVANCED_FACE('',(#495),#5520,.F.);
#5779=ADVANCED_FACE('',(#496),#5521,.F.);
#5780=ADVANCED_FACE('',(#497),#5522,.F.);
#5781=ADVANCED_FACE('',(#498),#5523,.F.);
#5782=ADVANCED_FACE('',(#499),#5524,.F.);
#5783=ADVANCED_FACE('',(#500),#5525,.F.);
#5784=ADVANCED_FACE('',(#501),#5526,.F.);
#5785=ADVANCED_FACE('',(#502),#248,.F.);
#5786=ADVANCED_FACE('',(#503),#249,.F.);
#5787=ADVANCED_FACE('',(#504),#250,.F.);
#5788=ADVANCED_FACE('',(#505),#5527,.F.);
#5789=ADVANCED_FACE('',(#506),#251,.F.);
#5790=ADVANCED_FACE('',(#507),#252,.F.);
#5791=ADVANCED_FACE('',(#508),#253,.F.);
#5792=ADVANCED_FACE('',(#509),#5528,.F.);
#5793=ADVANCED_FACE('',(#510),#5529,.F.);
#5794=ADVANCED_FACE('',(#511),#5530,.F.);
#5795=ADVANCED_FACE('',(#512),#254,.F.);
#5796=ADVANCED_FACE('',(#513),#255,.F.);
#5797=ADVANCED_FACE('',(#514),#5531,.F.);
#5798=ADVANCED_FACE('',(#515),#256,.F.);
#5799=ADVANCED_FACE('',(#516),#257,.F.);
#5800=ADVANCED_FACE('',(#517),#5532,.F.);
#5801=ADVANCED_FACE('',(#518),#5533,.F.);
#5802=ADVANCED_FACE('',(#519),#258,.F.);
#5803=ADVANCED_FACE('',(#520),#259,.F.);
#5804=ADVANCED_FACE('',(#521),#5534,.F.);
#5805=ADVANCED_FACE('',(#522),#260,.F.);
#5806=ADVANCED_FACE('',(#523),#261,.F.);
#5807=ADVANCED_FACE('',(#524),#5535,.F.);
#5808=ADVANCED_FACE('',(#525),#262,.F.);
#5809=ADVANCED_FACE('',(#526),#263,.F.);
#5810=ADVANCED_FACE('',(#527),#5536,.F.);
#5811=ADVANCED_FACE('',(#528),#264,.F.);
#5812=ADVANCED_FACE('',(#529),#265,.F.);
#5813=ADVANCED_FACE('',(#530),#266,.F.);
#5814=ADVANCED_FACE('',(#531),#5537,.F.);
#5815=ADVANCED_FACE('',(#532,#175,#176),#5538,.F.);
#5816=ADVANCED_FACE('',(#533),#267,.F.);
#5817=ADVANCED_FACE('',(#534),#268,.F.);
#5818=ADVANCED_FACE('',(#535),#269,.F.);
#5819=ADVANCED_FACE('',(#536),#5539,.F.);
#5820=ADVANCED_FACE('',(#537),#270,.F.);
#5821=ADVANCED_FACE('',(#538),#271,.F.);
#5822=ADVANCED_FACE('',(#539),#5540,.F.);
#5823=ADVANCED_FACE('',(#540),#272,.F.);
#5824=ADVANCED_FACE('',(#541),#5541,.F.);
#5825=ADVANCED_FACE('',(#542),#273,.F.);
#5826=ADVANCED_FACE('',(#543),#274,.F.);
#5827=ADVANCED_FACE('',(#544),#275,.F.);
#5828=ADVANCED_FACE('',(#545),#5542,.F.);
#5829=ADVANCED_FACE('',(#546),#276,.F.);
#5830=ADVANCED_FACE('',(#547),#277,.F.);
#5831=ADVANCED_FACE('',(#548),#278,.F.);
#5832=ADVANCED_FACE('',(#549),#5543,.F.);
#5833=ADVANCED_FACE('',(#550),#279,.F.);
#5834=ADVANCED_FACE('',(#551),#5544,.F.);
#5835=ADVANCED_FACE('',(#552),#280,.F.);
#5836=ADVANCED_FACE('',(#553),#281,.F.);
#5837=ADVANCED_FACE('',(#554),#5545,.F.);
#5838=ADVANCED_FACE('',(#555),#282,.F.);
#5839=ADVANCED_FACE('',(#556),#283,.F.);
#5840=ADVANCED_FACE('',(#557),#5546,.F.);
#5841=ADVANCED_FACE('',(#558),#284,.F.);
#5842=ADVANCED_FACE('',(#559),#5547,.F.);
#5843=ADVANCED_FACE('',(#560),#285,.F.);
#5844=ADVANCED_FACE('',(#561),#5548,.F.);
#5845=ADVANCED_FACE('',(#562),#5549,.F.);
#5846=ADVANCED_FACE('',(#563),#5550,.F.);
#5847=ADVANCED_FACE('',(#564),#286,.F.);
#5848=ADVANCED_FACE('',(#565),#287,.F.);
#5849=ADVANCED_FACE('',(#566),#288,.F.);
#5850=ADVANCED_FACE('',(#567),#289,.F.);
#5851=ADVANCED_FACE('',(#568),#5551,.F.);
#5852=ADVANCED_FACE('',(#569),#5552,.F.);
#5853=ADVANCED_FACE('',(#570),#5553,.F.);
#5854=ADVANCED_FACE('',(#571),#290,.F.);
#5855=ADVANCED_FACE('',(#572),#5554,.F.);
#5856=ADVANCED_FACE('',(#573),#5555,.F.);
#5857=ADVANCED_FACE('',(#574),#5556,.F.);
#5858=ADVANCED_FACE('',(#575),#5557,.F.);
#5859=ADVANCED_FACE('',(#576),#5558,.F.);
#5860=ADVANCED_FACE('',(#577),#5559,.F.);
#5861=ADVANCED_FACE('',(#578),#5560,.F.);
#5862=ADVANCED_FACE('',(#579),#5561,.F.);
#5863=ADVANCED_FACE('',(#580),#5562,.F.);
#5864=ADVANCED_FACE('',(#581),#5563,.F.);
#5865=ADVANCED_FACE('',(#582),#5564,.F.);
#5866=ADVANCED_FACE('',(#583),#5565,.F.);
#5867=ADVANCED_FACE('',(#584),#5566,.F.);
#5868=ADVANCED_FACE('',(#585),#291,.F.);
#5869=ADVANCED_FACE('',(#586),#292,.F.);
#5870=ADVANCED_FACE('',(#587),#293,.F.);
#5871=ADVANCED_FACE('',(#588),#5567,.F.);
#5872=ADVANCED_FACE('',(#589),#294,.F.);
#5873=ADVANCED_FACE('',(#590),#295,.F.);
#5874=ADVANCED_FACE('',(#591),#296,.F.);
#5875=ADVANCED_FACE('',(#592),#5568,.F.);
#5876=ADVANCED_FACE('',(#593),#5569,.F.);
#5877=ADVANCED_FACE('',(#594),#5570,.F.);
#5878=ADVANCED_FACE('',(#595),#297,.F.);
#5879=ADVANCED_FACE('',(#596),#298,.F.);
#5880=ADVANCED_FACE('',(#597),#5571,.F.);
#5881=ADVANCED_FACE('',(#598),#299,.F.);
#5882=ADVANCED_FACE('',(#599),#300,.F.);
#5883=ADVANCED_FACE('',(#600),#5572,.F.);
#5884=ADVANCED_FACE('',(#601),#5573,.F.);
#5885=ADVANCED_FACE('',(#602),#301,.F.);
#5886=ADVANCED_FACE('',(#603),#302,.F.);
#5887=ADVANCED_FACE('',(#604),#5574,.F.);
#5888=ADVANCED_FACE('',(#605),#303,.F.);
#5889=ADVANCED_FACE('',(#606),#304,.F.);
#5890=ADVANCED_FACE('',(#607),#5575,.F.);
#5891=ADVANCED_FACE('',(#608),#305,.F.);
#5892=ADVANCED_FACE('',(#609),#306,.F.);
#5893=ADVANCED_FACE('',(#610),#5576,.F.);
#5894=ADVANCED_FACE('',(#611),#307,.F.);
#5895=ADVANCED_FACE('',(#612),#308,.F.);
#5896=ADVANCED_FACE('',(#613),#309,.F.);
#5897=ADVANCED_FACE('',(#614),#5577,.F.);
#5898=ADVANCED_FACE('',(#615,#177,#178),#5578,.F.);
#5899=ADVANCED_FACE('',(#616),#5579,.T.);
#5900=ADVANCED_FACE('',(#617),#5580,.T.);
#5901=ADVANCED_FACE('',(#618),#5581,.T.);
#5902=ADVANCED_FACE('',(#619),#5582,.F.);
#5903=ADVANCED_FACE('',(#620,#179),#5583,.F.);
#5904=ADVANCED_FACE('',(#621),#5584,.F.);
#5905=ADVANCED_FACE('',(#622,#180),#5585,.F.);
#5906=ADVANCED_FACE('',(#623),#5586,.F.);
#5907=ADVANCED_FACE('',(#624),#5587,.F.);
#5908=ADVANCED_FACE('',(#625),#5588,.T.);
#5909=ADVANCED_FACE('',(#626),#5589,.T.);
#5910=ADVANCED_FACE('',(#627),#5590,.T.);
#5911=ADVANCED_FACE('',(#628),#5591,.T.);
#5912=ADVANCED_FACE('',(#629,#181,#182,#183),#5592,.T.);
#5913=CLOSED_SHELL('',(#5593,#5594,#5595,#5596,#5597,#5598,#5599,#5600,
#5601,#5602,#5603,#5604,#5605,#5606,#5607,#5608,#5609,#5610,#5611,#5612,
#5613,#5614,#5615,#5616,#5617,#5618,#5619,#5620,#5621,#5622,#5623,#5624,
#5625,#5626,#5627,#5628,#5629,#5630,#5631,#5632,#5633,#5634,#5635,#5636,
#5637,#5638,#5639,#5640,#5641,#5642,#5643,#5644,#5645,#5646,#5647,#5648,
#5649,#5650,#5651,#5652,#5653,#5654,#5655,#5656,#5657,#5658,#5659,#5660,
#5661,#5662,#5663,#5664,#5665,#5666,#5667,#5668,#5669,#5670,#5671,#5672,
#5673,#5674,#5675,#5676,#5677,#5678,#5679,#5680,#5681,#5682,#5683,#5684,
#5685,#5686,#5687,#5688,#5689,#5690,#5691,#5692,#5693,#5694,#5695,#5696,
#5697,#5698,#5699,#5700,#5701,#5702,#5703,#5704,#5705,#5706,#5707,#5708,
#5709,#5710,#5711,#5712,#5713,#5714,#5715,#5716,#5717,#5718,#5719,#5720,
#5721,#5722,#5723,#5724,#5725,#5726,#5727,#5728,#5729,#5730,#5731,#5732,
#5733,#5734,#5735,#5736,#5737,#5738,#5739,#5740,#5741,#5742,#5743,#5744,
#5745,#5746,#5747,#5748,#5749,#5750,#5751,#5752,#5753,#5754,#5755,#5756,
#5757,#5758,#5759,#5760,#5761,#5762,#5763,#5764,#5765,#5766,#5767,#5768,
#5769,#5770,#5771,#5772,#5773,#5774,#5775,#5776,#5777,#5778,#5779,#5780,
#5781,#5782,#5783,#5784,#5785,#5786,#5787,#5788,#5789,#5790,#5791,#5792,
#5793,#5794,#5795,#5796,#5797,#5798,#5799,#5800,#5801,#5802,#5803,#5804,
#5805,#5806,#5807,#5808,#5809,#5810,#5811,#5812,#5813,#5814,#5815,#5816,
#5817,#5818,#5819,#5820,#5821,#5822,#5823,#5824,#5825,#5826,#5827,#5828,
#5829,#5830,#5831,#5832,#5833,#5834,#5835,#5836,#5837,#5838,#5839,#5840,
#5841,#5842,#5843,#5844,#5845,#5846,#5847,#5848,#5849,#5850,#5851,#5852,
#5853,#5854,#5855,#5856,#5857,#5858,#5859,#5860,#5861,#5862,#5863,#5864,
#5865,#5866,#5867,#5868,#5869,#5870,#5871,#5872,#5873,#5874,#5875,#5876,
#5877,#5878,#5879,#5880,#5881,#5882,#5883,#5884,#5885,#5886,#5887,#5888,
#5889,#5890,#5891,#5892,#5893,#5894,#5895,#5896,#5897,#5898,#5899,#5900,
#5901,#5902,#5903,#5904,#5905,#5906,#5907,#5908,#5909,#5910,#5911,#5912));
#5914=DERIVED_UNIT_ELEMENT(#5916,1.);
#5915=DERIVED_UNIT_ELEMENT(#11417,-3.);
#5916=(
MASS_UNIT()
NAMED_UNIT(*)
SI_UNIT(.KILO.,.GRAM.)
);
#5917=DERIVED_UNIT((#5914,#5915));
#5918=MEASURE_REPRESENTATION_ITEM('density measure',
POSITIVE_RATIO_MEASURE(7850.),#5917);
#5919=PROPERTY_DEFINITION_REPRESENTATION(#5924,#5921);
#5920=PROPERTY_DEFINITION_REPRESENTATION(#5925,#5922);
#5921=REPRESENTATION('material name',(#5923),#11414);
#5922=REPRESENTATION('density',(#5918),#11414);
#5923=DESCRIPTIVE_REPRESENTATION_ITEM('Steel','Steel');
#5924=PROPERTY_DEFINITION('material property','material name',#11424);
#5925=PROPERTY_DEFINITION('material property','density of part',#11424);
#5926=AXIS2_PLACEMENT_3D('',#7285,#6207,#6208);
#5927=AXIS2_PLACEMENT_3D('',#7286,#6209,#6210);
#5928=AXIS2_PLACEMENT_3D('',#7506,#6220,#6221);
#5929=AXIS2_PLACEMENT_3D('',#7833,#6243,#6244);
#5930=AXIS2_PLACEMENT_3D('',#7837,#6247,#6248);
#5931=AXIS2_PLACEMENT_3D('',#7892,#6254,#6255);
#5932=AXIS2_PLACEMENT_3D('',#7896,#6258,#6259);
#5933=AXIS2_PLACEMENT_3D('',#7915,#6262,#6263);
#5934=AXIS2_PLACEMENT_3D('',#8218,#6277,#6278);
#5935=AXIS2_PLACEMENT_3D('',#8256,#6283,#6284);
#5936=AXIS2_PLACEMENT_3D('',#8260,#6287,#6288);
#5937=AXIS2_PLACEMENT_3D('',#8400,#6299,#6300);
#5938=AXIS2_PLACEMENT_3D('',#8608,#6315,#6316);
#5939=AXIS2_PLACEMENT_3D('',#8612,#6319,#6320);
#5940=AXIS2_PLACEMENT_3D('',#8665,#6325,#6326);
#5941=AXIS2_PLACEMENT_3D('',#8674,#6331,#6332);
#5942=AXIS2_PLACEMENT_3D('',#8685,#6336,#6337);
#5943=AXIS2_PLACEMENT_3D('',#8691,#6338,#6339);
#5944=AXIS2_PLACEMENT_3D('',#8692,#6340,#6341);
#5945=AXIS2_PLACEMENT_3D('',#8693,#6342,#6343);
#5946=AXIS2_PLACEMENT_3D('',#8697,#6345,#6346);
#5947=AXIS2_PLACEMENT_3D('',#8699,#6348,#6349);
#5948=AXIS2_PLACEMENT_3D('',#8711,#6352,#6353);
#5949=AXIS2_PLACEMENT_3D('',#8722,#6357,#6358);
#5950=AXIS2_PLACEMENT_3D('',#8728,#6359,#6360);
#5951=AXIS2_PLACEMENT_3D('',#8729,#6361,#6362);
#5952=AXIS2_PLACEMENT_3D('',#8730,#6363,#6364);
#5953=AXIS2_PLACEMENT_3D('',#8732,#6366,#6367);
#5954=AXIS2_PLACEMENT_3D('',#8733,#6368,#6369);
#5955=AXIS2_PLACEMENT_3D('',#8735,#6370,#6371);
#5956=AXIS2_PLACEMENT_3D('',#8739,#6373,#6374);
#5957=AXIS2_PLACEMENT_3D('',#8740,#6375,#6376);
#5958=AXIS2_PLACEMENT_3D('',#8741,#6377,#6378);
#5959=AXIS2_PLACEMENT_3D('',#8743,#6379,#6380);
#5960=AXIS2_PLACEMENT_3D('',#8744,#6381,#6382);
#5961=AXIS2_PLACEMENT_3D('',#8747,#6384,#6385);
#5962=AXIS2_PLACEMENT_3D('',#8748,#6386,#6387);
#5963=AXIS2_PLACEMENT_3D('',#8751,#6389,#6390);
#5964=AXIS2_PLACEMENT_3D('',#8752,#6391,#6392);
#5965=AXIS2_PLACEMENT_3D('',#8756,#6394,#6395);
#5966=AXIS2_PLACEMENT_3D('',#8760,#6397,#6398);
#5967=AXIS2_PLACEMENT_3D('',#8783,#6400,#6401);
#5968=AXIS2_PLACEMENT_3D('',#8805,#6403,#6404);
#5969=AXIS2_PLACEMENT_3D('',#8806,#6405,#6406);
#5970=AXIS2_PLACEMENT_3D('',#8807,#6407,#6408);
#5971=AXIS2_PLACEMENT_3D('',#8809,#6409,#6410);
#5972=AXIS2_PLACEMENT_3D('',#8813,#6412,#6413);
#5973=AXIS2_PLACEMENT_3D('',#8814,#6414,#6415);
#5974=AXIS2_PLACEMENT_3D('',#8815,#6416,#6417);
#5975=AXIS2_PLACEMENT_3D('',#8817,#6418,#6419);
#5976=AXIS2_PLACEMENT_3D('',#8818,#6420,#6421);
#5977=AXIS2_PLACEMENT_3D('',#8821,#6423,#6424);
#5978=AXIS2_PLACEMENT_3D('',#8822,#6425,#6426);
#5979=AXIS2_PLACEMENT_3D('',#8826,#6428,#6429);
#5980=AXIS2_PLACEMENT_3D('',#8827,#6430,#6431);
#5981=AXIS2_PLACEMENT_3D('',#8828,#6432,#6433);
#5982=AXIS2_PLACEMENT_3D('',#8832,#6435,#6436);
#5983=AXIS2_PLACEMENT_3D('',#8854,#6438,#6439);
#5984=AXIS2_PLACEMENT_3D('',#8857,#6441,#6442);
#5985=AXIS2_PLACEMENT_3D('',#8858,#6443,#6444);
#5986=AXIS2_PLACEMENT_3D('',#8866,#6445,#6446);
#5987=AXIS2_PLACEMENT_3D('',#8869,#6447,#6448);
#5988=AXIS2_PLACEMENT_3D('',#8871,#6449,#6450);
#5989=AXIS2_PLACEMENT_3D('',#8879,#6451,#6452);
#5990=AXIS2_PLACEMENT_3D('',#8880,#6453,#6454);
#5991=AXIS2_PLACEMENT_3D('',#8883,#6455,#6456);
#5992=AXIS2_PLACEMENT_3D('',#8980,#6459,#6460);
#5993=AXIS2_PLACEMENT_3D('',#8990,#6461,#6462);
#5994=AXIS2_PLACEMENT_3D('',#8991,#6463,#6464);
#5995=AXIS2_PLACEMENT_3D('',#8993,#6465,#6466);
#5996=AXIS2_PLACEMENT_3D('',#9036,#6468,#6469);
#5997=AXIS2_PLACEMENT_3D('',#9046,#6470,#6471);
#5998=AXIS2_PLACEMENT_3D('',#9047,#6472,#6473);
#5999=AXIS2_PLACEMENT_3D('',#9049,#6474,#6475);
#6000=AXIS2_PLACEMENT_3D('',#9051,#6477,#6478);
#6001=AXIS2_PLACEMENT_3D('',#9054,#6479,#6480);
#6002=AXIS2_PLACEMENT_3D('',#9097,#6483,#6484);
#6003=AXIS2_PLACEMENT_3D('',#9098,#6485,#6486);
#6004=AXIS2_PLACEMENT_3D('',#9099,#6487,#6488);
#6005=AXIS2_PLACEMENT_3D('',#9102,#6489,#6490);
#6006=AXIS2_PLACEMENT_3D('',#9131,#6493,#6494);
#6007=AXIS2_PLACEMENT_3D('',#9178,#6495,#6496);
#6008=AXIS2_PLACEMENT_3D('',#9182,#6499,#6500);
#6009=AXIS2_PLACEMENT_3D('',#9183,#6501,#6502);
#6010=AXIS2_PLACEMENT_3D('',#9184,#6503,#6504);
#6011=AXIS2_PLACEMENT_3D('',#9185,#6505,#6506);
#6012=AXIS2_PLACEMENT_3D('',#9186,#6507,#6508);
#6013=AXIS2_PLACEMENT_3D('',#9188,#6509,#6510);
#6014=AXIS2_PLACEMENT_3D('',#9189,#6511,#6512);
#6015=AXIS2_PLACEMENT_3D('',#9233,#6513,#6514);
#6016=AXIS2_PLACEMENT_3D('',#9234,#6515,#6516);
#6017=AXIS2_PLACEMENT_3D('',#9236,#6517,#6518);
#6018=AXIS2_PLACEMENT_3D('',#9238,#6520,#6521);
#6019=AXIS2_PLACEMENT_3D('',#9241,#6522,#6523);
#6020=AXIS2_PLACEMENT_3D('',#9244,#6526,#6527);
#6021=AXIS2_PLACEMENT_3D('',#9246,#6528,#6529);
#6022=AXIS2_PLACEMENT_3D('',#9248,#6530,#6531);
#6023=AXIS2_PLACEMENT_3D('',#9250,#6533,#6534);
#6024=AXIS2_PLACEMENT_3D('',#9258,#6535,#6536);
#6025=AXIS2_PLACEMENT_3D('',#9259,#6537,#6538);
#6026=AXIS2_PLACEMENT_3D('',#9261,#6540,#6541);
#6027=AXIS2_PLACEMENT_3D('',#9265,#6543,#6544);
#6028=AXIS2_PLACEMENT_3D('',#9267,#6546,#6547);
#6029=AXIS2_PLACEMENT_3D('',#9273,#6550,#6551);
#6030=AXIS2_PLACEMENT_3D('',#9277,#6553,#6554);
#6031=AXIS2_PLACEMENT_3D('',#9285,#6558,#6559);
#6032=AXIS2_PLACEMENT_3D('',#9289,#6561,#6562);
#6033=AXIS2_PLACEMENT_3D('',#9640,#6612,#6613);
#6034=AXIS2_PLACEMENT_3D('',#9648,#6617,#6618);
#6035=AXIS2_PLACEMENT_3D('',#9650,#6620,#6621);
#6036=AXIS2_PLACEMENT_3D('',#9653,#6623,#6624);
#6037=AXIS2_PLACEMENT_3D('',#9654,#6625,#6626);
#6038=AXIS2_PLACEMENT_3D('',#9658,#6629,#6630);
#6039=AXIS2_PLACEMENT_3D('',#9660,#6631,#6632);
#6040=AXIS2_PLACEMENT_3D('',#9662,#6634,#6635);
#6041=AXIS2_PLACEMENT_3D('',#9671,#6640,#6641);
#6042=AXIS2_PLACEMENT_3D('',#9675,#6643,#6644);
#6043=AXIS2_PLACEMENT_3D('',#9676,#6645,#6646);
#6044=AXIS2_PLACEMENT_3D('',#9677,#6647,#6648);
#6045=AXIS2_PLACEMENT_3D('',#9683,#6652,#6653);
#6046=AXIS2_PLACEMENT_3D('',#9689,#6657,#6658);
#6047=AXIS2_PLACEMENT_3D('',#9692,#6660,#6661);
#6048=AXIS2_PLACEMENT_3D('',#9693,#6662,#6663);
#6049=AXIS2_PLACEMENT_3D('',#9697,#6666,#6667);
#6050=AXIS2_PLACEMENT_3D('',#9706,#6672,#6673);
#6051=AXIS2_PLACEMENT_3D('',#9710,#6675,#6676);
#6052=AXIS2_PLACEMENT_3D('',#9711,#6677,#6678);
#6053=AXIS2_PLACEMENT_3D('',#9712,#6679,#6680);
#6054=AXIS2_PLACEMENT_3D('',#9718,#6684,#6685);
#6055=AXIS2_PLACEMENT_3D('',#9724,#6689,#6690);
#6056=AXIS2_PLACEMENT_3D('',#9727,#6692,#6693);
#6057=AXIS2_PLACEMENT_3D('',#9728,#6694,#6695);
#6058=AXIS2_PLACEMENT_3D('',#9732,#6698,#6699);
#6059=AXIS2_PLACEMENT_3D('',#9741,#6704,#6705);
#6060=AXIS2_PLACEMENT_3D('',#9747,#6709,#6710);
#6061=AXIS2_PLACEMENT_3D('',#9756,#6715,#6716);
#6062=AXIS2_PLACEMENT_3D('',#9760,#6718,#6719);
#6063=AXIS2_PLACEMENT_3D('',#9761,#6720,#6721);
#6064=AXIS2_PLACEMENT_3D('',#9762,#6722,#6723);
#6065=AXIS2_PLACEMENT_3D('',#9768,#6727,#6728);
#6066=AXIS2_PLACEMENT_3D('',#9772,#6730,#6731);
#6067=AXIS2_PLACEMENT_3D('',#9773,#6732,#6733);
#6068=AXIS2_PLACEMENT_3D('',#9774,#6734,#6735);
#6069=AXIS2_PLACEMENT_3D('',#9777,#6738,#6739);
#6070=AXIS2_PLACEMENT_3D('',#9781,#6741,#6742);
#6071=AXIS2_PLACEMENT_3D('',#9782,#6743,#6744);
#6072=AXIS2_PLACEMENT_3D('',#9783,#6745,#6746);
#6073=AXIS2_PLACEMENT_3D('',#9789,#6750,#6751);
#6074=AXIS2_PLACEMENT_3D('',#9793,#6753,#6754);
#6075=AXIS2_PLACEMENT_3D('',#9794,#6755,#6756);
#6076=AXIS2_PLACEMENT_3D('',#9795,#6757,#6758);
#6077=AXIS2_PLACEMENT_3D('',#9801,#6762,#6763);
#6078=AXIS2_PLACEMENT_3D('',#9807,#6767,#6768);
#6079=AXIS2_PLACEMENT_3D('',#9810,#6770,#6771);
#6080=AXIS2_PLACEMENT_3D('',#9811,#6772,#6773);
#6081=AXIS2_PLACEMENT_3D('',#9815,#6776,#6777);
#6082=AXIS2_PLACEMENT_3D('',#9818,#6779,#6780);
#6083=AXIS2_PLACEMENT_3D('',#9819,#6781,#6782);
#6084=AXIS2_PLACEMENT_3D('',#9823,#6785,#6786);
#6085=AXIS2_PLACEMENT_3D('',#9827,#6789,#6790);
#6086=AXIS2_PLACEMENT_3D('',#9831,#6793,#6794);
#6087=AXIS2_PLACEMENT_3D('',#9834,#6796,#6797);
#6088=AXIS2_PLACEMENT_3D('',#9835,#6798,#6799);
#6089=AXIS2_PLACEMENT_3D('',#9839,#6802,#6803);
#6090=AXIS2_PLACEMENT_3D('',#9842,#6805,#6806);
#6091=AXIS2_PLACEMENT_3D('',#9843,#6807,#6808);
#6092=AXIS2_PLACEMENT_3D('',#9847,#6811,#6812);
#6093=AXIS2_PLACEMENT_3D('',#9850,#6815,#6816);
#6094=AXIS2_PLACEMENT_3D('',#9852,#6818,#6819);
#6095=AXIS2_PLACEMENT_3D('',#9854,#6821,#6822);
#6096=AXIS2_PLACEMENT_3D('',#9856,#6824,#6825);
#6097=AXIS2_PLACEMENT_3D('',#9858,#6827,#6828);
#6098=AXIS2_PLACEMENT_3D('',#9860,#6830,#6831);
#6099=AXIS2_PLACEMENT_3D('',#9863,#6834,#6835);
#6100=AXIS2_PLACEMENT_3D('',#9865,#6837,#6838);
#6101=AXIS2_PLACEMENT_3D('',#9867,#6840,#6841);
#6102=AXIS2_PLACEMENT_3D('',#9869,#6843,#6844);
#6103=AXIS2_PLACEMENT_3D('',#9870,#6845,#6846);
#6104=AXIS2_PLACEMENT_3D('',#9875,#6851,#6852);
#6105=AXIS2_PLACEMENT_3D('',#9881,#6856,#6857);
#6106=AXIS2_PLACEMENT_3D('',#9884,#6859,#6860);
#6107=AXIS2_PLACEMENT_3D('',#9885,#6861,#6862);
#6108=AXIS2_PLACEMENT_3D('',#9889,#6865,#6866);
#6109=AXIS2_PLACEMENT_3D('',#9895,#6870,#6871);
#6110=AXIS2_PLACEMENT_3D('',#9898,#6873,#6874);
#6111=AXIS2_PLACEMENT_3D('',#9899,#6875,#6876);
#6112=AXIS2_PLACEMENT_3D('',#9903,#6879,#6880);
#6113=AXIS2_PLACEMENT_3D('',#9909,#6884,#6885);
#6114=AXIS2_PLACEMENT_3D('',#9912,#6887,#6888);
#6115=AXIS2_PLACEMENT_3D('',#9913,#6889,#6890);
#6116=AXIS2_PLACEMENT_3D('',#9917,#6893,#6894);
#6117=AXIS2_PLACEMENT_3D('',#9923,#6898,#6899);
#6118=AXIS2_PLACEMENT_3D('',#9926,#6901,#6902);
#6119=AXIS2_PLACEMENT_3D('',#9927,#6903,#6904);
#6120=AXIS2_PLACEMENT_3D('',#9931,#6907,#6908);
#6121=AXIS2_PLACEMENT_3D('',#9933,#6909,#6910);
#6122=AXIS2_PLACEMENT_3D('',#9935,#6911,#6912);
#6123=AXIS2_PLACEMENT_3D('',#9937,#6914,#6915);
#6124=AXIS2_PLACEMENT_3D('',#9939,#6916,#6917);
#6125=AXIS2_PLACEMENT_3D('',#9941,#6919,#6920);
#6126=AXIS2_PLACEMENT_3D('',#9942,#6921,#6922);
#6127=AXIS2_PLACEMENT_3D('',#9944,#6923,#6924);
#6128=AXIS2_PLACEMENT_3D('',#9946,#6926,#6927);
#6129=AXIS2_PLACEMENT_3D('',#9948,#6929,#6930);
#6130=AXIS2_PLACEMENT_3D('',#9954,#6934,#6935);
#6131=AXIS2_PLACEMENT_3D('',#9958,#6938,#6939);
#6132=AXIS2_PLACEMENT_3D('',#9962,#6942,#6943);
#6133=AXIS2_PLACEMENT_3D('',#9966,#6946,#6947);
#6134=AXIS2_PLACEMENT_3D('',#9970,#6950,#6951);
#6135=AXIS2_PLACEMENT_3D('',#9974,#6954,#6955);
#6136=AXIS2_PLACEMENT_3D('',#9978,#6958,#6959);
#6137=AXIS2_PLACEMENT_3D('',#9980,#6961,#6962);
#6138=AXIS2_PLACEMENT_3D('',#9981,#6963,#6964);
#6139=AXIS2_PLACEMENT_3D('',#9990,#6969,#6970);
#6140=AXIS2_PLACEMENT_3D('',#9996,#6974,#6975);
#6141=AXIS2_PLACEMENT_3D('',#10071,#6982,#6983);
#6142=AXIS2_PLACEMENT_3D('',#10143,#6989,#6990);
#6143=AXIS2_PLACEMENT_3D('',#10152,#6995,#6996);
#6144=AXIS2_PLACEMENT_3D('',#10158,#7000,#7001);
#6145=AXIS2_PLACEMENT_3D('',#10210,#7007,#7008);
#6146=AXIS2_PLACEMENT_3D('',#10259,#7013,#7014);
#6147=AXIS2_PLACEMENT_3D('',#10265,#7018,#7019);
#6148=AXIS2_PLACEMENT_3D('',#10303,#7024,#7025);
#6149=AXIS2_PLACEMENT_3D('',#10341,#7030,#7031);
#6150=AXIS2_PLACEMENT_3D('',#10379,#7036,#7037);
#6151=AXIS2_PLACEMENT_3D('',#10434,#7043,#7044);
#6152=AXIS2_PLACEMENT_3D('',#10436,#7046,#7047);
#6153=AXIS2_PLACEMENT_3D('',#10490,#7052,#7053);
#6154=AXIS2_PLACEMENT_3D('',#10528,#7058,#7059);
#6155=AXIS2_PLACEMENT_3D('',#10549,#7063,#7064);
#6156=AXIS2_PLACEMENT_3D('',#10604,#7070,#7071);
#6157=AXIS2_PLACEMENT_3D('',#10659,#7077,#7078);
#6158=AXIS2_PLACEMENT_3D('',#10680,#7082,#7083);
#6159=AXIS2_PLACEMENT_3D('',#10718,#7088,#7089);
#6160=AXIS2_PLACEMENT_3D('',#10756,#7094,#7095);
#6161=AXIS2_PLACEMENT_3D('',#10775,#7098,#7099);
#6162=AXIS2_PLACEMENT_3D('',#10795,#7102,#7103);
#6163=AXIS2_PLACEMENT_3D('',#10799,#7106,#7107);
#6164=AXIS2_PLACEMENT_3D('',#10803,#7110,#7111);
#6165=AXIS2_PLACEMENT_3D('',#10875,#7118,#7119);
#6166=AXIS2_PLACEMENT_3D('',#10879,#7122,#7123);
#6167=AXIS2_PLACEMENT_3D('',#10883,#7126,#7127);
#6168=AXIS2_PLACEMENT_3D('',#10902,#7130,#7131);
#6169=AXIS2_PLACEMENT_3D('',#10903,#7132,#7133);
#6170=AXIS2_PLACEMENT_3D('',#10909,#7137,#7138);
#6171=AXIS2_PLACEMENT_3D('',#10913,#7141,#7142);
#6172=AXIS2_PLACEMENT_3D('',#10917,#7145,#7146);
#6173=AXIS2_PLACEMENT_3D('',#10921,#7149,#7150);
#6174=AXIS2_PLACEMENT_3D('',#10925,#7153,#7154);
#6175=AXIS2_PLACEMENT_3D('',#10929,#7157,#7158);
#6176=AXIS2_PLACEMENT_3D('',#10933,#7161,#7162);
#6177=AXIS2_PLACEMENT_3D('',#10935,#7164,#7165);
#6178=AXIS2_PLACEMENT_3D('',#10936,#7166,#7167);
#6179=AXIS2_PLACEMENT_3D('',#10945,#7172,#7173);
#6180=AXIS2_PLACEMENT_3D('',#10951,#7177,#7178);
#6181=AXIS2_PLACEMENT_3D('',#11026,#7185,#7186);
#6182=AXIS2_PLACEMENT_3D('',#11098,#7192,#7193);
#6183=AXIS2_PLACEMENT_3D('',#11107,#7198,#7199);
#6184=AXIS2_PLACEMENT_3D('',#11113,#7203,#7204);
#6185=AXIS2_PLACEMENT_3D('',#11165,#7210,#7211);
#6186=AXIS2_PLACEMENT_3D('',#11214,#7216,#7217);
#6187=AXIS2_PLACEMENT_3D('',#11220,#7221,#7222);
#6188=AXIS2_PLACEMENT_3D('',#11258,#7227,#7228);
#6189=AXIS2_PLACEMENT_3D('',#11296,#7233,#7234);
#6190=AXIS2_PLACEMENT_3D('',#11334,#7239,#7240);
#6191=AXIS2_PLACEMENT_3D('',#11389,#7246,#7247);
#6192=AXIS2_PLACEMENT_3D('',#11391,#7249,#7250);
#6193=AXIS2_PLACEMENT_3D('',#11392,#7251,#7252);
#6194=AXIS2_PLACEMENT_3D('',#11393,#7253,#7254);
#6195=AXIS2_PLACEMENT_3D('',#11394,#7255,#7256);
#6196=AXIS2_PLACEMENT_3D('',#11395,#7257,#7258);
#6197=AXIS2_PLACEMENT_3D('',#11397,#7260,#7261);
#6198=AXIS2_PLACEMENT_3D('',#11399,#7263,#7264);
#6199=AXIS2_PLACEMENT_3D('',#11401,#7266,#7267);
#6200=AXIS2_PLACEMENT_3D('',#11403,#7269,#7270);
#6201=AXIS2_PLACEMENT_3D('',#11405,#7272,#7273);
#6202=AXIS2_PLACEMENT_3D('',#11407,#7275,#7276);
#6203=AXIS2_PLACEMENT_3D('',#11408,#7277,#7278);
#6204=AXIS2_PLACEMENT_3D('',#11409,#7279,#7280);
#6205=AXIS2_PLACEMENT_3D('',#11410,#7281,#7282);
#6206=AXIS2_PLACEMENT_3D('',#11411,#7283,#7284);
#6207=DIRECTION('axis',(0.,0.,1.));
#6208=DIRECTION('refdir',(1.,0.,0.));
#6209=DIRECTION('center_axis',(-1.,0.,0.));
#6210=DIRECTION('ref_axis',(0.,0.,1.));
#6211=DIRECTION('',(0.,-0.999818658155972,0.0190433926386786));
#6212=DIRECTION('',(0.,-0.99881227258099,-0.0487241638368307));
#6213=DIRECTION('',(0.,-0.999783042796772,-0.0208294823754203));
#6214=DIRECTION('',(0.,0.999987245615836,0.00505060448394251));
#6215=DIRECTION('',(0.,1.,-6.59662301083495E-14));
#6216=DIRECTION('',(-1.,0.,0.));
#6217=DIRECTION('',(-1.,0.,0.));
#6218=DIRECTION('',(-1.,0.,0.));
#6219=DIRECTION('',(-1.,0.,0.));
#6220=DIRECTION('center_axis',(0.,-0.0190433926386786,-0.999818658155972));
#6221=DIRECTION('ref_axis',(-1.,0.,0.));
#6222=DIRECTION('',(0.,-0.999818658155972,0.0190433926386786));
#6223=DIRECTION('',(-1.,0.,0.));
#6224=DIRECTION('',(-1.,0.,0.));
#6225=DIRECTION('',(-1.,0.,0.));
#6226=DIRECTION('',(-1.,0.,0.));
#6227=DIRECTION('',(-1.,0.,0.));
#6228=DIRECTION('',(-1.,0.,0.));
#6229=DIRECTION('',(-1.,0.,0.));
#6230=DIRECTION('',(-1.,0.,0.));
#6231=DIRECTION('',(-1.,0.,0.));
#6232=DIRECTION('',(-1.,0.,0.));
#6233=DIRECTION('',(-1.,0.,0.));
#6234=DIRECTION('',(-1.,0.,0.));
#6235=DIRECTION('',(-1.,0.,0.));
#6236=DIRECTION('',(-1.,0.,0.));
#6237=DIRECTION('',(-1.,0.,0.));
#6238=DIRECTION('',(-1.,0.,0.));
#6239=DIRECTION('',(-1.,0.,0.));
#6240=DIRECTION('',(-1.,0.,0.));
#6241=DIRECTION('',(-1.,0.,0.));
#6242=DIRECTION('',(-1.,0.,0.));
#6243=DIRECTION('center_axis',(0.,0.0487241638368307,-0.99881227258099));
#6244=DIRECTION('ref_axis',(-1.,0.,0.));
#6245=DIRECTION('',(0.,-0.99881227258099,-0.0487241638368307));
#6246=DIRECTION('',(-1.,0.,0.));
#6247=DIRECTION('center_axis',(0.,0.0208294823754203,-0.999783042796772));
#6248=DIRECTION('ref_axis',(-1.,0.,0.));
#6249=DIRECTION('',(0.,-0.999783042796772,-0.0208294823754203));
#6250=DIRECTION('',(-1.,0.,0.));
#6251=DIRECTION('',(-1.,0.,0.));
#6252=DIRECTION('',(-1.,0.,0.));
#6253=DIRECTION('',(-1.,0.,0.));
#6254=DIRECTION('center_axis',(0.,-0.00505060448394251,0.999987245615836));
#6255=DIRECTION('ref_axis',(1.,0.,0.));
#6256=DIRECTION('',(0.,0.999987245615836,0.00505060448394251));
#6257=DIRECTION('',(-1.,0.,0.));
#6258=DIRECTION('center_axis',(0.,6.59662301083495E-14,1.));
#6259=DIRECTION('ref_axis',(1.,0.,0.));
#6260=DIRECTION('',(0.,1.,-6.59662301083495E-14));
#6261=DIRECTION('',(-1.,0.,0.));
#6262=DIRECTION('center_axis',(-1.,0.,0.));
#6263=DIRECTION('ref_axis',(0.,0.,1.));
#6264=DIRECTION('',(0.,-0.996906672641087,-0.0785944402847697));
#6265=DIRECTION('',(0.,-0.0253724405125404,-0.999678067811052));
#6266=DIRECTION('',(0.,-0.0407825906378732,-0.999168044075101));
#6267=DIRECTION('',(0.,0.104945098877476,-0.994478016962465));
#6268=DIRECTION('',(0.,-0.0823638064065888,-0.996602329615087));
#6269=DIRECTION('',(0.,0.996729073947463,0.0808155501610474));
#6270=DIRECTION('',(-1.,0.,0.));
#6271=DIRECTION('',(-1.,0.,0.));
#6272=DIRECTION('',(-1.,0.,0.));
#6273=DIRECTION('',(-1.,0.,0.));
#6274=DIRECTION('',(-1.,0.,0.));
#6275=DIRECTION('',(-1.,0.,0.));
#6276=DIRECTION('',(-1.,0.,0.));
#6277=DIRECTION('center_axis',(0.,0.994478016962465,0.104945098877476));
#6278=DIRECTION('ref_axis',(0.,-0.104945098877476,0.994478016962465));
#6279=DIRECTION('',(0.,0.104945098877476,-0.994478016962465));
#6280=DIRECTION('',(-1.,0.,0.));
#6281=DIRECTION('',(-1.,0.,0.));
#6282=DIRECTION('',(-1.,0.,0.));
#6283=DIRECTION('center_axis',(0.,0.996602329615087,-0.0823638064065888));
#6284=DIRECTION('ref_axis',(0.,0.0823638064065888,0.996602329615087));
#6285=DIRECTION('',(0.,-0.0823638064065888,-0.996602329615087));
#6286=DIRECTION('',(-1.,0.,0.));
#6287=DIRECTION('center_axis',(0.,-0.0808155501610474,0.996729073947463));
#6288=DIRECTION('ref_axis',(1.,0.,0.));
#6289=DIRECTION('',(0.,0.996729073947463,0.0808155501610474));
#6290=DIRECTION('',(-1.,0.,0.));
#6291=DIRECTION('',(-1.,0.,0.));
#6292=DIRECTION('',(-1.,0.,0.));
#6293=DIRECTION('',(-1.,0.,0.));
#6294=DIRECTION('',(-1.,0.,0.));
#6295=DIRECTION('',(-1.,0.,0.));
#6296=DIRECTION('',(-1.,0.,0.));
#6297=DIRECTION('',(-1.,0.,0.));
#6298=DIRECTION('',(-1.,0.,0.));
#6299=DIRECTION('center_axis',(0.,0.0785944402847697,-0.996906672641087));
#6300=DIRECTION('ref_axis',(-1.,0.,0.));
#6301=DIRECTION('',(0.,-0.996906672641087,-0.0785944402847697));
#6302=DIRECTION('',(-1.,0.,0.));
#6303=DIRECTION('',(-1.,0.,0.));
#6304=DIRECTION('',(-1.,0.,0.));
#6305=DIRECTION('',(-1.,0.,0.));
#6306=DIRECTION('',(-1.,0.,0.));
#6307=DIRECTION('',(-1.,0.,0.));
#6308=DIRECTION('',(-1.,0.,0.));
#6309=DIRECTION('',(-1.,0.,0.));
#6310=DIRECTION('',(-1.,0.,0.));
#6311=DIRECTION('',(-1.,0.,0.));
#6312=DIRECTION('',(-1.,0.,0.));
#6313=DIRECTION('',(-1.,0.,0.));
#6314=DIRECTION('',(-1.,0.,0.));
#6315=DIRECTION('center_axis',(0.,0.999678067811052,-0.0253724405125404));
#6316=DIRECTION('ref_axis',(0.,0.0253724405125404,0.999678067811052));
#6317=DIRECTION('',(0.,-0.0253724405125404,-0.999678067811052));
#6318=DIRECTION('',(-1.,0.,0.));
#6319=DIRECTION('center_axis',(0.,0.999168044075101,-0.0407825906378732));
#6320=DIRECTION('ref_axis',(0.,0.0407825906378732,0.999168044075101));
#6321=DIRECTION('',(0.,-0.0407825906378732,-0.999168044075101));
#6322=DIRECTION('',(-1.,0.,0.));
#6323=DIRECTION('',(-1.,0.,0.));
#6324=DIRECTION('',(-1.,0.,0.));
#6325=DIRECTION('center_axis',(-1.,0.,0.));
#6326=DIRECTION('ref_axis',(0.,0.,1.));
#6327=DIRECTION('',(0.,0.,-1.));
#6328=DIRECTION('',(0.,-1.,-6.48241342770058E-14));
#6329=DIRECTION('',(0.,0.,1.));
#6330=DIRECTION('',(0.,1.,-6.48241342770058E-14));
#6331=DIRECTION('center_axis',(-2.09907533104981E-15,0.707106781186548,
0.707106781186548));
#6332=DIRECTION('ref_axis',(1.,0.,2.96854080161343E-15));
#6333=DIRECTION('',(-1.,-2.96854080161343E-15,0.));
#6334=DIRECTION('',(7.85046229341891E-15,-0.707106781186544,0.707106781186551));
#6335=DIRECTION('',(1.,2.96854080161343E-15,0.));
#6336=DIRECTION('center_axis',(0.,0.,1.));
#6337=DIRECTION('ref_axis',(-0.707106781186535,-0.70710678118656,0.));
#6338=DIRECTION('center_axis',(0.,0.,1.));
#6339=DIRECTION('ref_axis',(-0.707106781186535,-0.70710678118656,0.));
#6340=DIRECTION('center_axis',(0.,0.,-1.));
#6341=DIRECTION('ref_axis',(-0.707106781186535,-0.70710678118656,0.));
#6342=DIRECTION('center_axis',(0.,0.,1.));
#6343=DIRECTION('ref_axis',(-0.707106781186535,-0.70710678118656,0.));
#6344=DIRECTION('',(0.,0.,-1.));
#6345=DIRECTION('center_axis',(0.,0.,-1.));
#6346=DIRECTION('ref_axis',(-0.707106781186535,-0.70710678118656,0.));
#6347=DIRECTION('',(0.,0.,1.));
#6348=DIRECTION('center_axis',(-2.96854080161343E-15,1.,0.));
#6349=DIRECTION('ref_axis',(-1.,-2.96854080161343E-15,0.));
#6350=DIRECTION('',(0.,0.,1.));
#6351=DIRECTION('',(-1.,-2.96854080161343E-15,0.));
#6352=DIRECTION('center_axis',(-2.09907533104981E-15,-0.707106781186548,
0.707106781186548));
#6353=DIRECTION('ref_axis',(1.,0.,2.96854080161344E-15));
#6354=DIRECTION('',(-1.,2.96854080161344E-15,0.));
#6355=DIRECTION('',(0.,-0.707106781186549,-0.707106781186546));
#6356=DIRECTION('',(1.,-2.96854080161344E-15,0.));
#6357=DIRECTION('center_axis',(0.,0.,1.));
#6358=DIRECTION('ref_axis',(-0.707106781186558,0.707106781186537,0.));
#6359=DIRECTION('center_axis',(0.,0.,-1.));
#6360=DIRECTION('ref_axis',(-0.707106781186558,0.707106781186537,0.));
#6361=DIRECTION('center_axis',(0.,0.,1.));
#6362=DIRECTION('ref_axis',(-0.707106781186558,0.707106781186537,0.));
#6363=DIRECTION('center_axis',(0.,0.,1.));
#6364=DIRECTION('ref_axis',(1.,0.,0.));
#6365=DIRECTION('',(3.23427365136077E-14,-1.,0.));
#6366=DIRECTION('center_axis',(0.,0.,1.));
#6367=DIRECTION('ref_axis',(-1.,0.,0.));
#6368=DIRECTION('center_axis',(0.,0.,1.));
#6369=DIRECTION('ref_axis',(-1.,-1.04792659619973E-67,1.09942231099535E-45));
#6370=DIRECTION('center_axis',(2.06558131156702E-45,-9.53161115359753E-23,
1.));
#6371=DIRECTION('ref_axis',(-1.,-1.96883178679949E-67,2.06558131156702E-45));
#6372=DIRECTION('',(-0.707106781186547,-8.65956056235493E-17,-0.707106781186547));
#6373=DIRECTION('center_axis',(-2.06558131156702E-45,9.53161115359753E-23,
-1.));
#6374=DIRECTION('ref_axis',(-1.,0.,0.));
#6375=DIRECTION('center_axis',(-2.06558131156702E-45,9.53161115359753E-23,
-1.));
#6376=DIRECTION('ref_axis',(-1.,0.,0.));
#6377=DIRECTION('center_axis',(2.06558131156702E-45,-9.53161115359753E-23,
1.));
#6378=DIRECTION('ref_axis',(-1.,-2.08657289496388E-38,2.06558131156702E-45));
#6379=DIRECTION('center_axis',(-2.06558131156702E-45,9.53161115359753E-23,
-1.));
#6380=DIRECTION('ref_axis',(1.,1.96883178679949E-67,-2.06558131156702E-45));
#6381=DIRECTION('center_axis',(0.,0.,1.));
#6382=DIRECTION('ref_axis',(1.,0.,0.));
#6383=DIRECTION('',(0.,0.,-1.));
#6384=DIRECTION('center_axis',(0.,0.,-1.));
#6385=DIRECTION('ref_axis',(1.,0.,0.));
#6386=DIRECTION('center_axis',(0.,0.,-1.));
#6387=DIRECTION('ref_axis',(1.,9.51602030286419E-68,-9.98364300590728E-46));
#6388=DIRECTION('',(-0.707106781186547,-8.65956056235492E-17,-0.707106781186548));
#6389=DIRECTION('center_axis',(2.06558131156702E-45,-9.53161115359753E-23,
1.));
#6390=DIRECTION('ref_axis',(1.,0.,0.));
#6391=DIRECTION('center_axis',(0.,0.,1.));
#6392=DIRECTION('ref_axis',(1.,0.,0.));
#6393=DIRECTION('',(0.,0.,-1.));
#6394=DIRECTION('center_axis',(0.,0.,-1.));
#6395=DIRECTION('ref_axis',(-1.,0.,0.));
#6396=DIRECTION('',(0.,0.,1.));
#6397=DIRECTION('center_axis',(0.,0.,1.));
#6398=DIRECTION('ref_axis',(1.,0.,0.));
#6399=DIRECTION('',(0.,0.,-1.));
#6400=DIRECTION('center_axis',(0.,0.,-1.));
#6401=DIRECTION('ref_axis',(0.606043215262857,-0.795431720032498,0.));
#6402=DIRECTION('',(0.,0.,1.));
#6403=DIRECTION('center_axis',(0.,0.,1.));
#6404=DIRECTION('ref_axis',(1.,0.,0.));
#6405=DIRECTION('center_axis',(0.,0.,-1.));
#6406=DIRECTION('ref_axis',(-1.,0.,0.));
#6407=DIRECTION('center_axis',(2.06558131156702E-45,-9.53161115359754E-23,
1.));
#6408=DIRECTION('ref_axis',(-1.,-1.04792659619973E-67,1.09942231099535E-45));
#6409=DIRECTION('center_axis',(2.06558131156702E-45,-9.53161115359754E-23,
1.));
#6410=DIRECTION('ref_axis',(-1.,-1.96883178679949E-67,2.06558131156702E-45));
#6411=DIRECTION('',(-0.707106781186547,-8.65955382248804E-17,-0.707106781186548));
#6412=DIRECTION('center_axis',(-2.06558131156702E-45,9.53161115359754E-23,
-1.));
#6413=DIRECTION('ref_axis',(-1.,0.,0.));
#6414=DIRECTION('center_axis',(-2.06558131156702E-45,9.53161115359754E-23,
-1.));
#6415=DIRECTION('ref_axis',(-1.,0.,0.));
#6416=DIRECTION('center_axis',(2.06558131156702E-45,-9.53161115359754E-23,
1.));
#6417=DIRECTION('ref_axis',(-1.,-2.08657289496388E-38,2.06558131156702E-45));
#6418=DIRECTION('center_axis',(-2.06558131156702E-45,9.53161115359754E-23,
-1.));
#6419=DIRECTION('ref_axis',(-1.,-1.96883178679949E-67,2.06558131156702E-45));
#6420=DIRECTION('center_axis',(0.,0.,1.));
#6421=DIRECTION('ref_axis',(1.,0.,0.));
#6422=DIRECTION('',(0.,0.,-1.));
#6423=DIRECTION('center_axis',(0.,0.,-1.));
#6424=DIRECTION('ref_axis',(1.,0.,0.));
#6425=DIRECTION('center_axis',(-2.06558131156702E-45,9.53161115359754E-23,
-1.));
#6426=DIRECTION('ref_axis',(-1.,-9.51602030286419E-68,9.98364300590728E-46));
#6427=DIRECTION('',(0.707106781186548,8.65956730222182E-17,-0.707106781186548));
#6428=DIRECTION('center_axis',(2.06558131156702E-45,-9.53161115359754E-23,
1.));
#6429=DIRECTION('ref_axis',(-1.,0.,0.));
#6430=DIRECTION('center_axis',(2.06558131156702E-45,-9.53161115359754E-23,
1.));
#6431=DIRECTION('ref_axis',(-1.,0.,0.));
#6432=DIRECTION('center_axis',(0.,0.,1.));
#6433=DIRECTION('ref_axis',(1.,0.,0.));
#6434=DIRECTION('',(0.,0.,-1.));
#6435=DIRECTION('center_axis',(0.,0.,-1.));
#6436=DIRECTION('ref_axis',(-0.990992430410246,0.133917896001967,0.));
#6437=DIRECTION('',(0.,0.,1.));
#6438=DIRECTION('center_axis',(0.,0.,1.));
#6439=DIRECTION('ref_axis',(1.,0.,0.));
#6440=DIRECTION('',(0.,0.,-1.));
#6441=DIRECTION('center_axis',(0.,0.,-1.));
#6442=DIRECTION('ref_axis',(-0.990992430410246,0.133917896001967,0.));
#6443=DIRECTION('center_axis',(0.,0.,-1.));
#6444=DIRECTION('ref_axis',(-1.,0.,0.));
#6445=DIRECTION('center_axis',(0.,0.,1.));
#6446=DIRECTION('ref_axis',(1.,0.,0.));
#6447=DIRECTION('center_axis',(-0.795431720032499,-0.606043215262856,0.));
#6448=DIRECTION('ref_axis',(0.,0.,1.));
#6449=DIRECTION('center_axis',(0.,0.,-1.));
#6450=DIRECTION('ref_axis',(-0.443822478439926,-0.896114729056186,0.));
#6451=DIRECTION('center_axis',(0.,0.,1.));
#6452=DIRECTION('ref_axis',(-0.443822478439926,-0.896114729056186,0.));
#6453=DIRECTION('center_axis',(-0.795431720032498,-0.606043215262857,0.));
#6454=DIRECTION('ref_axis',(-0.428537267204465,0.562455163205859,0.707106781186547));
#6455=DIRECTION('center_axis',(-0.795431720032498,-0.606043215262857,-8.41053914378355E-17));
#6456=DIRECTION('ref_axis',(0.,-1.38777878078145E-16,1.));
#6457=DIRECTION('',(-0.795431720032498,-0.606043215262857,0.));
#6458=DIRECTION('',(0.795431720032498,0.606043215262857,0.));
#6459=DIRECTION('center_axis',(0.518563213722768,0.855039293467566,0.));
#6460=DIRECTION('ref_axis',(0.,0.,-1.));
#6461=DIRECTION('center_axis',(0.,0.,1.));
#6462=DIRECTION('ref_axis',(-0.994674435806968,-0.103066807227596,0.));
#6463=DIRECTION('center_axis',(0.,0.,1.));
#6464=DIRECTION('ref_axis',(-0.929713035862961,-0.368284768822275,0.));
#6465=DIRECTION('center_axis',(0.,0.,-1.));
#6466=DIRECTION('ref_axis',(-0.929713035862961,-0.368284768822275,0.));
#6467=DIRECTION('',(0.,0.,-1.));
#6468=DIRECTION('center_axis',(0.,0.,1.));
#6469=DIRECTION('ref_axis',(0.795431720032634,0.606043215262679,0.));
#6470=DIRECTION('center_axis',(-0.96200946879328,-0.27301608368752,1.06804506216172E-15));
#6471=DIRECTION('ref_axis',(-0.27301608368752,0.96200946879328,0.));
#6472=DIRECTION('center_axis',(0.,0.,1.));
#6473=DIRECTION('ref_axis',(0.601842577163867,0.798614745864835,0.));
#6474=DIRECTION('center_axis',(0.,0.,-1.));
#6475=DIRECTION('ref_axis',(0.601842577163867,0.798614745864835,0.));
#6476=DIRECTION('',(0.,0.,1.));
#6477=DIRECTION('center_axis',(0.606043215262679,-0.795431720032634,0.));
#6478=DIRECTION('ref_axis',(-0.562455163205954,-0.428537267204339,0.707106781186547));
#6479=DIRECTION('center_axis',(-0.606043215262679,0.795431720032634,-3.36421565751243E-16));
#6480=DIRECTION('ref_axis',(-0.795431720032634,-0.606043215262679,0.));
#6481=DIRECTION('',(-0.606043215262679,0.795431720032634,0.));
#6482=DIRECTION('',(0.606043215262679,-0.795431720032634,0.));
#6483=DIRECTION('center_axis',(0.,0.,-1.));
#6484=DIRECTION('ref_axis',(-1.,0.,0.));
#6485=DIRECTION('center_axis',(0.,0.,1.));
#6486=DIRECTION('ref_axis',(0.606043215262857,-0.795431720032498,0.));
#6487=DIRECTION('center_axis',(-0.606043215263034,0.795431720032363,0.));
#6488=DIRECTION('ref_axis',(0.562455163205763,0.42853726720459,0.707106781186547));
#6489=DIRECTION('center_axis',(-0.606043215263034,0.795431720032363,-8.41053914378601E-17));
#6490=DIRECTION('ref_axis',(-1.38777878078145E-16,0.,1.));
#6491=DIRECTION('',(-0.606043215263034,0.795431720032363,0.));
#6492=DIRECTION('',(0.606043215263034,-0.795431720032363,0.));
#6493=DIRECTION('center_axis',(-0.447240311503011,0.58700290884778,-0.674836045844422));
#6494=DIRECTION('ref_axis',(-0.0288436132868182,0.744642748025323,0.666839728709873));
#6495=DIRECTION('center_axis',(0.795431720032363,0.606043215263034,0.));
#6496=DIRECTION('ref_axis',(-0.606043215263034,0.795431720032363,0.));
#6497=DIRECTION('',(0.,0.,1.));
#6498=DIRECTION('',(0.606043215263034,-0.795431720032363,0.));
#6499=DIRECTION('center_axis',(0.,0.,1.));
#6500=DIRECTION('ref_axis',(-0.601842577164062,-0.798614745864688,0.));
#6501=DIRECTION('center_axis',(0.,0.,-1.));
#6502=DIRECTION('ref_axis',(-0.601842577164062,-0.798614745864688,0.));
#6503=DIRECTION('center_axis',(0.,0.,1.));
#6504=DIRECTION('ref_axis',(1.,0.,0.));
#6505=DIRECTION('center_axis',(0.,0.,1.));
#6506=DIRECTION('ref_axis',(-0.990992430410246,0.133917896001967,0.));
#6507=DIRECTION('center_axis',(0.,0.,-1.));
#6508=DIRECTION('ref_axis',(-1.,0.,0.));
#6509=DIRECTION('center_axis',(0.,0.,1.));
#6510=DIRECTION('ref_axis',(-0.990992430410246,0.133917896001967,0.));
#6511=DIRECTION('center_axis',(0.855039293467505,-0.518563213722869,0.));
#6512=DIRECTION('ref_axis',(0.,0.,-1.));
#6513=DIRECTION('center_axis',(0.,0.,1.));
#6514=DIRECTION('ref_axis',(-0.103066807227561,0.994674435806971,0.));
#6515=DIRECTION('center_axis',(0.,0.,1.));
#6516=DIRECTION('ref_axis',(-0.368284768822153,0.929713035863009,0.));
#6517=DIRECTION('center_axis',(0.,0.,-1.));
#6518=DIRECTION('ref_axis',(-0.368284768822153,0.929713035863009,0.));
#6519=DIRECTION('',(0.,0.,-1.));
#6520=DIRECTION('center_axis',(0.795431720032498,0.606043215262857,0.));
#6521=DIRECTION('ref_axis',(0.428537267204465,-0.562455163205859,0.707106781186547));
#6522=DIRECTION('center_axis',(0.795431720032498,0.606043215262857,0.));
#6523=DIRECTION('ref_axis',(0.,0.,1.));
#6524=DIRECTION('',(0.795431720032498,0.606043215262857,0.));
#6525=DIRECTION('',(-0.795431720032498,-0.606043215262857,0.));
#6526=DIRECTION('center_axis',(0.795431720032498,0.606043215262857,0.));
#6527=DIRECTION('ref_axis',(0.428537267204465,-0.562455163205859,0.707106781186547));
#6528=DIRECTION('center_axis',(-1.,-3.23427365136077E-14,0.));
#6529=DIRECTION('ref_axis',(3.23933786364801E-14,-1.,-5.51941631310808E-17));
#6530=DIRECTION('center_axis',(0.795431720032497,0.606043215262859,0.));
#6531=DIRECTION('ref_axis',(0.,0.,1.));
#6532=DIRECTION('',(0.795431720032498,0.606043215262857,0.));
#6533=DIRECTION('center_axis',(0.,0.,1.));
#6534=DIRECTION('ref_axis',(1.,0.,0.));
#6535=DIRECTION('center_axis',(0.,0.,-1.));
#6536=DIRECTION('ref_axis',(-0.896114729056186,0.443822478439926,0.));
#6537=DIRECTION('center_axis',(0.,0.,1.));
#6538=DIRECTION('ref_axis',(1.,0.,0.));
#6539=DIRECTION('',(3.23427365136077E-14,-1.,0.));
#6540=DIRECTION('center_axis',(0.,0.,1.));
#6541=DIRECTION('ref_axis',(-0.707106781186558,0.707106781186537,0.));
#6542=DIRECTION('',(0.,0.,-1.));
#6543=DIRECTION('center_axis',(0.,0.,-1.));
#6544=DIRECTION('ref_axis',(-0.707106781186558,0.707106781186537,0.));
#6545=DIRECTION('',(0.,0.,1.));
#6546=DIRECTION('center_axis',(1.,3.23427365136077E-14,0.));
#6547=DIRECTION('ref_axis',(-3.23427365136077E-14,1.,0.));
#6548=DIRECTION('',(3.23427365136077E-14,-1.,0.));
#6549=DIRECTION('',(2.28697683109018E-14,-0.707106781186548,-0.707106781186547));
#6550=DIRECTION('center_axis',(-1.,-3.23427365136077E-14,0.));
#6551=DIRECTION('ref_axis',(-2.98807922903276E-14,0.923879532511287,-0.38268343236509));
#6552=DIRECTION('',(0.,0.,-1.));
#6553=DIRECTION('center_axis',(-1.,-3.23427365136077E-14,0.));
#6554=DIRECTION('ref_axis',(-2.98807922903276E-14,0.923879532511287,0.38268343236509));
#6555=DIRECTION('',(-2.28697683109018E-14,0.707106781186548,-0.707106781186548));
#6556=DIRECTION('',(-3.23427365136077E-14,1.,0.));
#6557=DIRECTION('',(-2.28697683109018E-14,0.707106781186548,0.707106781186548));
#6558=DIRECTION('center_axis',(-1.,-3.23427365136077E-14,0.));
#6559=DIRECTION('ref_axis',(2.98807922903276E-14,-0.923879532511287,0.38268343236509));
#6560=DIRECTION('',(0.,0.,1.));
#6561=DIRECTION('center_axis',(-1.,-3.23427365136077E-14,0.));
#6562=DIRECTION('ref_axis',(2.98807922903276E-14,-0.923879532511287,-0.38268343236509));
#6563=DIRECTION('',(2.28697683109018E-14,-0.707106781186548,0.707106781186547));
#6564=DIRECTION('',(3.23427365136077E-14,-1.,0.));
#6565=DIRECTION('',(0.,0.,-1.));
#6566=DIRECTION('',(0.,0.,1.));
#6567=DIRECTION('',(-3.23427365136077E-14,1.,0.));
#6568=DIRECTION('',(0.,0.,1.));
#6569=DIRECTION('',(-3.23427365136077E-14,1.,-1.80218069320684E-28));
#6570=DIRECTION('',(0.,0.,-1.));
#6571=DIRECTION('',(0.,0.,-1.));
#6572=DIRECTION('',(0.,0.,-1.));
#6573=DIRECTION('',(3.23427365136077E-14,-1.,1.80218069320684E-28));
#6574=DIRECTION('',(0.,0.,1.));
#6575=DIRECTION('',(3.23427365136077E-14,-1.,1.80218069320684E-28));
#6576=DIRECTION('',(0.,0.,1.));
#6577=DIRECTION('',(-3.23427365136077E-14,1.,-1.80218069320684E-28));
#6578=DIRECTION('',(0.,0.,-1.));
#6579=DIRECTION('',(3.23427365136077E-14,-1.,1.80218069320684E-28));
#6580=DIRECTION('',(0.,0.,-1.));
#6581=DIRECTION('',(3.23427365136077E-14,-1.,1.80218069320684E-28));
#6582=DIRECTION('',(0.,0.,1.));
#6583=DIRECTION('',(-3.23427365136077E-14,1.,-1.80218069320684E-28));
#6584=DIRECTION('',(0.,0.,-1.));
#6585=DIRECTION('',(0.,0.,1.));
#6586=DIRECTION('',(-3.23427365136077E-14,1.,-1.80218069320684E-28));
#6587=DIRECTION('',(0.,0.,-1.));
#6588=DIRECTION('',(0.,0.,1.));
#6589=DIRECTION('',(0.,0.,1.));
#6590=DIRECTION('',(3.23427365136077E-14,-1.,1.80218069320684E-28));
#6591=DIRECTION('',(0.,0.,1.));
#6592=DIRECTION('',(0.,0.,-1.));
#6593=DIRECTION('',(0.,0.,-1.));
#6594=DIRECTION('',(-3.23427365136077E-14,1.,-1.80218069320684E-28));
#6595=DIRECTION('',(0.,0.,-1.));
#6596=DIRECTION('',(0.,0.,1.));
#6597=DIRECTION('',(-3.23427365136077E-14,1.,-1.80218069320684E-28));
#6598=DIRECTION('',(0.,0.,-1.));
#6599=DIRECTION('',(0.,0.,-1.));
#6600=DIRECTION('',(0.,0.,-1.));
#6601=DIRECTION('',(3.23427365136077E-14,-1.,1.80218069320684E-28));
#6602=DIRECTION('',(0.,0.,1.));
#6603=DIRECTION('',(3.23427365136077E-14,-1.,1.80218069320684E-28));
#6604=DIRECTION('',(0.,0.,1.));
#6605=DIRECTION('',(-3.23427365136077E-14,1.,-1.80218069320684E-28));
#6606=DIRECTION('',(0.,0.,-1.));
#6607=DIRECTION('',(3.23427365136077E-14,-1.,1.80218069320684E-28));
#6608=DIRECTION('',(0.,0.,-1.));
#6609=DIRECTION('',(3.23427365136077E-14,-1.,1.80218069320684E-28));
#6610=DIRECTION('',(-3.23427365136077E-14,1.,1.78687698887278E-15));
#6611=DIRECTION('',(2.28697683109018E-14,-0.707106781186547,0.707106781186548));
#6612=DIRECTION('center_axis',(1.,3.23427365136077E-14,0.));
#6613=DIRECTION('ref_axis',(3.23427365136077E-14,-1.,0.));
#6614=DIRECTION('',(2.28697683109048E-14,-0.70710678118664,-0.707106781186456));
#6615=DIRECTION('',(-3.23427365136077E-14,1.,-1.78687698887278E-15));
#6616=DIRECTION('',(2.28697683109048E-14,-0.70710678118664,0.707106781186456));
#6617=DIRECTION('center_axis',(1.,3.23427365136077E-14,0.));
#6618=DIRECTION('ref_axis',(3.23427365136077E-14,-1.,0.));
#6619=DIRECTION('',(2.28697683109018E-14,-0.707106781186547,-0.707106781186548));
#6620=DIRECTION('center_axis',(0.,0.,1.));
#6621=DIRECTION('ref_axis',(-0.443822478439926,-0.896114729056186,0.));
#6622=DIRECTION('',(0.,0.,-1.));
#6623=DIRECTION('center_axis',(0.,0.,-1.));
#6624=DIRECTION('ref_axis',(-0.443822478439926,-0.896114729056186,0.));
#6625=DIRECTION('center_axis',(-0.606043215262857,0.795431720032498,0.));
#6626=DIRECTION('ref_axis',(-0.795431720032498,-0.606043215262857,0.));
#6627=DIRECTION('',(0.,0.,1.));
#6628=DIRECTION('',(-0.795431720032498,-0.606043215262857,0.));
#6629=DIRECTION('center_axis',(0.,0.,1.));
#6630=DIRECTION('ref_axis',(-0.896114729056186,0.443822478439925,0.));
#6631=DIRECTION('center_axis',(0.,0.,-1.));
#6632=DIRECTION('ref_axis',(-0.896114729056186,0.443822478439925,0.));
#6633=DIRECTION('',(0.,0.,1.));
#6634=DIRECTION('center_axis',(-0.707106781186562,0.499999999999972,-0.500000000000009));
#6635=DIRECTION('ref_axis',(-0.577350269189625,0.,0.816496580927727));
#6636=DIRECTION('',(-0.577350269189597,-0.816496580927746,1.28733436937026E-15));
#6637=DIRECTION('',(4.58375849318177E-14,-0.707106781186541,-0.707106781186554));
#6638=DIRECTION('',(-0.707106781186533,-0.500000000000038,0.499999999999983));
#6639=DIRECTION('',(-4.58375849318177E-14,0.707106781186541,0.707106781186554));
#6640=DIRECTION('center_axis',(-1.,-6.66133814777031E-14,0.));
#6641=DIRECTION('ref_axis',(-3.07895177983051E-14,1.83697019870052E-16,
-1.));
#6642=DIRECTION('',(-0.70710678118555,0.500000000000682,0.500000000000729));
#6643=DIRECTION('center_axis',(-1.,-6.48241342770058E-14,0.));
#6644=DIRECTION('ref_axis',(6.48241342770058E-14,-1.,0.));
#6645=DIRECTION('center_axis',(1.,6.48241342770058E-14,0.));
#6646=DIRECTION('ref_axis',(0.,-1.,0.));
#6647=DIRECTION('center_axis',(-0.707106781186535,-0.499999999999981,-0.500000000000037));
#6648=DIRECTION('ref_axis',(-0.577350269189661,0.,0.816496580927701));
#6649=DIRECTION('',(0.577350269189617,-0.816496580927732,1.28733436937023E-15));
#6650=DIRECTION('',(-4.58375849318228E-14,0.70710678118662,-0.707106781186475));
#6651=DIRECTION('',(4.58375849318228E-14,-0.70710678118662,0.707106781186475));
#6652=DIRECTION('center_axis',(0.,0.707106781186475,0.70710678118662));
#6653=DIRECTION('ref_axis',(0.,-0.70710678118662,0.707106781186475));
#6654=DIRECTION('',(1.,0.,0.));
#6655=DIRECTION('',(0.,-0.70710678118662,0.707106781186475));
#6656=DIRECTION('',(1.,0.,0.));
#6657=DIRECTION('center_axis',(1.,0.,0.));
#6658=DIRECTION('ref_axis',(0.,-6.12323399573677E-17,-1.));
#6659=DIRECTION('',(1.,0.,0.));
#6660=DIRECTION('center_axis',(1.,0.,0.));
#6661=DIRECTION('ref_axis',(0.,-1.,0.));
#6662=DIRECTION('center_axis',(0.,-0.707106781186554,0.707106781186541));
#6663=DIRECTION('ref_axis',(0.,-0.707106781186541,-0.707106781186554));
#6664=DIRECTION('',(1.,0.,0.));
#6665=DIRECTION('',(0.,-0.707106781186541,-0.707106781186554));
#6666=DIRECTION('center_axis',(-0.707106781186565,0.499999999999914,-0.500000000000062));
#6667=DIRECTION('ref_axis',(-0.577350269189664,0.,0.816496580927699));
#6668=DIRECTION('',(-0.577350269189549,-0.81649658092778,-1.28733436937031E-15));
#6669=DIRECTION('',(4.58375849318228E-14,-0.70710678118662,-0.707106781186475));
#6670=DIRECTION('',(-0.70710678118653,-0.499999999999991,0.500000000000034));
#6671=DIRECTION('',(-4.58375849318228E-14,0.70710678118662,0.707106781186475));
#6672=DIRECTION('center_axis',(-1.,-6.66133814786764E-14,0.));
#6673=DIRECTION('ref_axis',(-3.07895177992812E-14,4.28162611654761E-14,
-1.));
#6674=DIRECTION('',(-0.707106781180385,0.500000000004334,0.500000000004381));
#6675=DIRECTION('center_axis',(-1.,-6.48241342770058E-14,0.));
#6676=DIRECTION('ref_axis',(6.48241342770058E-14,-1.,0.));
#6677=DIRECTION('center_axis',(1.,6.48241342770058E-14,0.));
#6678=DIRECTION('ref_axis',(0.,-1.,0.));
#6679=DIRECTION('center_axis',(-0.70710678118653,-0.50000000000004,-0.499999999999985));
#6680=DIRECTION('ref_axis',(-0.577350269189624,0.,0.816496580927727));
#6681=DIRECTION('',(0.577350269189667,-0.816496580927697,-1.28733436937018E-15));
#6682=DIRECTION('',(-4.58375849318177E-14,0.707106781186541,-0.707106781186554));
#6683=DIRECTION('',(4.58375849318177E-14,-0.707106781186541,0.707106781186554));
#6684=DIRECTION('center_axis',(0.,0.707106781186554,0.707106781186541));
#6685=DIRECTION('ref_axis',(0.,-0.707106781186541,0.707106781186554));
#6686=DIRECTION('',(1.,0.,0.));
#6687=DIRECTION('',(0.,-0.707106781186541,0.707106781186554));
#6688=DIRECTION('',(1.,0.,0.));
#6689=DIRECTION('center_axis',(1.,0.,0.));
#6690=DIRECTION('ref_axis',(0.,6.21112570390514E-14,-1.));
#6691=DIRECTION('',(1.,0.,0.));
#6692=DIRECTION('center_axis',(1.,0.,0.));
#6693=DIRECTION('ref_axis',(0.,-1.,0.));
#6694=DIRECTION('center_axis',(0.,-0.707106781186475,0.70710678118662));
#6695=DIRECTION('ref_axis',(0.,-0.70710678118662,-0.707106781186475));
#6696=DIRECTION('',(1.,0.,0.));
#6697=DIRECTION('',(0.,-0.70710678118662,-0.707106781186475));
#6698=DIRECTION('center_axis',(-0.707106781186522,-0.500000000000041,0.499999999999995));
#6699=DIRECTION('ref_axis',(0.577350269189636,0.,0.816496580927719));
#6700=DIRECTION('',(4.58375849318181E-14,-0.707106781186548,-0.707106781186548));
#6701=DIRECTION('',(0.70710678118657,-0.499999999999956,0.500000000000011));
#6702=DIRECTION('',(-4.58375849318181E-14,0.707106781186548,0.707106781186548));
#6703=DIRECTION('',(-0.678598344545855,0.281084637714801,-0.678598344545847));
#6704=DIRECTION('center_axis',(-0.707106781186544,-4.58375849318179E-14,
0.707106781186551));
#6705=DIRECTION('ref_axis',(0.707106781186551,0.,0.707106781186544));
#6706=DIRECTION('',(-6.48241342770058E-14,1.,0.));
#6707=DIRECTION('',(-0.678598344545838,-0.281084637714826,-0.678598344545853));
#6708=DIRECTION('',(6.48241342770058E-14,-1.,0.));
#6709=DIRECTION('center_axis',(-0.707106781186561,0.499999999999967,-0.500000000000014));
#6710=DIRECTION('ref_axis',(-0.577350269189629,0.,0.816496580927724));
#6711=DIRECTION('',(-0.577350269189593,-0.816496580927749,0.));
#6712=DIRECTION('',(-4.58375849318182E-14,0.707106781186548,0.707106781186547));
#6713=DIRECTION('',(0.70710678118653,0.500000000000037,-0.499999999999988));
#6714=DIRECTION('',(4.58375849318182E-14,-0.707106781186548,-0.707106781186547));
#6715=DIRECTION('center_axis',(1.,6.661338147757E-14,0.));
#6716=DIRECTION('ref_axis',(-2.94482040065173E-14,0.923879532511287,-0.38268343236509));
#6717=DIRECTION('',(0.707106781186198,0.707106781186897,0.));
#6718=DIRECTION('center_axis',(-1.,-6.48241342770058E-14,0.));
#6719=DIRECTION('ref_axis',(-1.44203609092716E-15,0.923879532511287,-0.38268343236509));
#6720=DIRECTION('center_axis',(1.,6.48241342770058E-14,0.));
#6721=DIRECTION('ref_axis',(-5.9889690871289E-14,0.923879532511287,-0.38268343236509));
#6722=DIRECTION('center_axis',(-0.707106781186563,0.707106781186532,0.));
#6723=DIRECTION('ref_axis',(0.,0.,1.));
#6724=DIRECTION('',(0.707106781186528,0.707106781186567,0.));
#6725=DIRECTION('',(0.,0.,-1.));
#6726=DIRECTION('',(0.,0.,1.));
#6727=DIRECTION('center_axis',(1.,6.661338147757E-14,0.));
#6728=DIRECTION('ref_axis',(-2.94482040065173E-14,0.923879532511287,0.38268343236509));
#6729=DIRECTION('',(0.707106781186212,0.500000000000265,0.50000000000021));
#6730=DIRECTION('center_axis',(-1.,-6.48241342770058E-14,0.));
#6731=DIRECTION('ref_axis',(-1.44203609092716E-15,0.923879532511287,0.38268343236509));
#6732=DIRECTION('center_axis',(1.,6.48241342770058E-14,0.));
#6733=DIRECTION('ref_axis',(-5.9889690871289E-14,0.923879532511287,0.38268343236509));
#6734=DIRECTION('center_axis',(-0.70710678118656,0.499999999999968,0.500000000000014));
#6735=DIRECTION('ref_axis',(0.577350269189629,0.,0.816496580927723));
#6736=DIRECTION('',(-4.58375849318181E-14,0.707106781186548,-0.707106781186548));
#6737=DIRECTION('',(4.58375849318181E-14,-0.707106781186548,0.707106781186548));
#6738=DIRECTION('center_axis',(1.,6.66133814788413E-14,0.));
#6739=DIRECTION('ref_axis',(2.84467900544844E-14,-0.923879532511287,0.38268343236509));
#6740=DIRECTION('',(0.707106781179506,-0.707106781193589,0.));
#6741=DIRECTION('center_axis',(-1.,-6.48241342770058E-14,0.));
#6742=DIRECTION('ref_axis',(-4.8067869697572E-16,-0.923879532511287,0.38268343236509));
#6743=DIRECTION('center_axis',(1.,6.48241342770058E-14,0.));
#6744=DIRECTION('ref_axis',(5.9889690871289E-14,-0.923879532511287,0.38268343236509));
#6745=DIRECTION('center_axis',(-0.70710678118652,-0.707106781186575,0.));
#6746=DIRECTION('ref_axis',(0.,0.,1.));
#6747=DIRECTION('',(0.,0.,-1.));
#6748=DIRECTION('',(0.707106781186575,-0.70710678118652,0.));
#6749=DIRECTION('',(0.,0.,1.));
#6750=DIRECTION('center_axis',(1.,6.66133814788413E-14,0.));
#6751=DIRECTION('ref_axis',(2.84467900544844E-14,-0.923879532511287,-0.38268343236509));
#6752=DIRECTION('',(0.707106781179494,-0.50000000000496,-0.500000000005015));
#6753=DIRECTION('center_axis',(-1.,-6.48241342770058E-14,0.));
#6754=DIRECTION('ref_axis',(-4.8067869697572E-16,-0.923879532511287,-0.38268343236509));
#6755=DIRECTION('center_axis',(1.,6.48241342770058E-14,0.));
#6756=DIRECTION('ref_axis',(5.9889690871289E-14,-0.923879532511287,-0.38268343236509));
#6757=DIRECTION('center_axis',(-0.707106781186526,-0.500000000000038,-0.499999999999993));
#6758=DIRECTION('ref_axis',(-0.577350269189632,0.,0.816496580927722));
#6759=DIRECTION('',(0.577350269189667,-0.816496580927697,0.));
#6760=DIRECTION('',(4.58375849318182E-14,-0.707106781186548,0.707106781186547));
#6761=DIRECTION('',(-4.58375849318182E-14,0.707106781186548,-0.707106781186547));
#6762=DIRECTION('center_axis',(-1.17756934401252E-15,0.707106781186547,
-0.707106781186548));
#6763=DIRECTION('ref_axis',(-1.,0.,1.6653345369373E-15));
#6764=DIRECTION('',(-1.,-1.6653345369373E-15,2.78904447747368E-31));
#6765=DIRECTION('',(-2.28697683109018E-14,0.707106781186548,0.707106781186547));
#6766=DIRECTION('',(-1.,-1.6653345369373E-15,0.));
#6767=DIRECTION('center_axis',(1.,1.6653345369373E-15,-2.78904447747368E-31));
#6768=DIRECTION('ref_axis',(-1.44203609092716E-15,0.923879532511287,-0.38268343236509));
#6769=DIRECTION('',(1.,1.6653345369373E-15,-2.78904447747368E-31));
#6770=DIRECTION('center_axis',(1.,3.23427365136077E-14,0.));
#6771=DIRECTION('ref_axis',(-1.44203609092716E-15,0.923879532511287,-0.38268343236509));
#6772=DIRECTION('center_axis',(-1.6653345369373E-15,1.,0.));
#6773=DIRECTION('ref_axis',(-1.,-1.6653345369373E-15,0.));
#6774=DIRECTION('',(-1.,-1.6653345369373E-15,-2.78904447747368E-31));
#6775=DIRECTION('',(0.,0.,1.));
#6776=DIRECTION('center_axis',(-1.,-1.6653345369373E-15,-2.78904447747368E-31));
#6777=DIRECTION('ref_axis',(-1.44203609092716E-15,0.923879532511287,0.38268343236509));
#6778=DIRECTION('',(1.,1.6653345369373E-15,2.78904447747368E-31));
#6779=DIRECTION('center_axis',(1.,3.23427365136077E-14,0.));
#6780=DIRECTION('ref_axis',(-1.44203609092716E-15,0.923879532511287,0.38268343236509));
#6781=DIRECTION('center_axis',(-1.17756934401252E-15,0.707106781186548,
0.707106781186548));
#6782=DIRECTION('ref_axis',(1.,0.,1.6653345369373E-15));
#6783=DIRECTION('',(1.,1.6653345369373E-15,0.));
#6784=DIRECTION('',(2.28697683109018E-14,-0.707106781186548,0.707106781186548));
#6785=DIRECTION('center_axis',(0.,0.,1.));
#6786=DIRECTION('ref_axis',(1.,0.,0.));
#6787=DIRECTION('',(-1.,5.55111512312578E-16,0.));
#6788=DIRECTION('',(3.23427365136077E-14,-1.,0.));
#6789=DIRECTION('center_axis',(-3.92523114670944E-16,-0.707106781186548,
0.707106781186548));
#6790=DIRECTION('ref_axis',(1.,0.,5.55111512312578E-16));
#6791=DIRECTION('',(-1.,5.55111512312578E-16,0.));
#6792=DIRECTION('',(2.28697683109018E-14,-0.707106781186548,-0.707106781186548));
#6793=DIRECTION('center_axis',(1.,-5.55111512312578E-16,0.));
#6794=DIRECTION('ref_axis',(-4.8067869697572E-16,-0.923879532511287,0.38268343236509));
#6795=DIRECTION('',(1.,-5.55111512312578E-16,0.));
#6796=DIRECTION('center_axis',(1.,3.23427365136077E-14,0.));
#6797=DIRECTION('ref_axis',(-4.8067869697572E-16,-0.923879532511287,0.38268343236509));
#6798=DIRECTION('center_axis',(-5.55111512312578E-16,-1.,0.));
#6799=DIRECTION('ref_axis',(1.,-5.55111512312578E-16,0.));
#6800=DIRECTION('',(-1.,5.55111512312578E-16,0.));
#6801=DIRECTION('',(0.,0.,-1.));
#6802=DIRECTION('center_axis',(-1.,5.55111512312578E-16,0.));
#6803=DIRECTION('ref_axis',(-4.8067869697572E-16,-0.923879532511287,-0.38268343236509));
#6804=DIRECTION('',(1.,-5.55111512312578E-16,0.));
#6805=DIRECTION('center_axis',(1.,3.23427365136077E-14,0.));
#6806=DIRECTION('ref_axis',(-4.8067869697572E-16,-0.923879532511287,-0.38268343236509));
#6807=DIRECTION('center_axis',(-3.92523114670943E-16,-0.707106781186547,
-0.707106781186548));
#6808=DIRECTION('ref_axis',(-1.,0.,5.55111512312578E-16));
#6809=DIRECTION('',(1.,-5.55111512312578E-16,0.));
#6810=DIRECTION('',(-2.28697683109018E-14,0.707106781186548,-0.707106781186547));
#6811=DIRECTION('center_axis',(0.707106781186544,0.500000000000014,0.499999999999991));
#6812=DIRECTION('ref_axis',(0.577350269189621,0.,-0.816496580927729));
#6813=DIRECTION('',(-0.707106781186551,0.499999999999986,0.500000000000009));
#6814=DIRECTION('',(0.678598344545851,-0.281084637714828,-0.67859834454584));
#6815=DIRECTION('center_axis',(-1.,-3.33066907390673E-14,0.));
#6816=DIRECTION('ref_axis',(-1.50689401031399E-14,0.923879532511287,0.38268343236509));
#6817=DIRECTION('',(-0.707106781183244,0.707106781189851,0.));
#6818=DIRECTION('center_axis',(0.707106781186534,0.707106781186561,0.));
#6819=DIRECTION('ref_axis',(0.,0.,-1.));
#6820=DIRECTION('',(-0.707106781186565,0.70710678118653,0.));
#6821=DIRECTION('center_axis',(-1.,-3.33066907390673E-14,0.));
#6822=DIRECTION('ref_axis',(-1.50689401031399E-14,0.923879532511287,-0.38268343236509));
#6823=DIRECTION('',(-0.707106781183239,0.500000000002329,-0.500000000002351));
#6824=DIRECTION('center_axis',(0.707106781186535,0.50000000000002,-0.499999999999998));
#6825=DIRECTION('ref_axis',(-0.577350269189631,0.,-0.816496580927723));
#6826=DIRECTION('',(-0.577350269189648,0.816496580927711,0.));
#6827=DIRECTION('center_axis',(0.707106781186548,2.28697683109018E-14,0.707106781186548));
#6828=DIRECTION('ref_axis',(0.707106781186548,0.,-0.707106781186548));
#6829=DIRECTION('',(0.678598344545839,0.281084637714832,-0.67859834454585));
#6830=DIRECTION('center_axis',(0.707106781186558,-0.499999999999981,-0.500000000000004));
#6831=DIRECTION('ref_axis',(-0.577350269189623,0.,-0.816496580927728));
#6832=DIRECTION('',(0.577350269189605,0.81649658092774,0.));
#6833=DIRECTION('',(-0.707106781186532,-0.500000000000023,-0.499999999999998));
#6834=DIRECTION('center_axis',(-1.,-3.33066907387706E-14,0.));
#6835=DIRECTION('ref_axis',(1.40675261511072E-14,-0.923879532511287,-0.38268343236509));
#6836=DIRECTION('',(-0.707106781186367,-0.707106781186728,0.));
#6837=DIRECTION('center_axis',(0.707106781186563,-0.707106781186532,0.));
#6838=DIRECTION('ref_axis',(0.,0.,-1.));
#6839=DIRECTION('',(-0.707106781186532,-0.707106781186563,0.));
#6840=DIRECTION('center_axis',(-1.,-3.33066907387708E-14,0.));
#6841=DIRECTION('ref_axis',(1.40675261511072E-14,-0.923879532511287,0.38268343236509));
#6842=DIRECTION('',(-0.707106781186369,-0.500000000000138,0.500000000000115));
#6843=DIRECTION('center_axis',(0.707106781186559,-0.49999999999998,0.500000000000003));
#6844=DIRECTION('ref_axis',(0.577350269189622,0.,-0.816496580927729));
#6845=DIRECTION('center_axis',(0.,0.,1.));
#6846=DIRECTION('ref_axis',(1.,0.,0.));
#6847=DIRECTION('',(-0.795431720032498,-0.606043215262857,0.));
#6848=DIRECTION('',(-6.48241342770058E-14,1.,0.));
#6849=DIRECTION('',(0.606043215262679,-0.795431720032634,0.));
#6850=DIRECTION('',(1.,-2.96854080161344E-15,0.));
#6851=DIRECTION('center_axis',(0.707106781186556,-0.499999999999918,-0.500000000000071));
#6852=DIRECTION('ref_axis',(-0.577350269189675,0.,-0.816496580927691));
#6853=DIRECTION('',(0.577350269189557,0.816496580927775,-1.45897895195314E-15));
#6854=DIRECTION('',(-2.28697683109048E-14,0.70710678118664,-0.707106781186456));
#6855=DIRECTION('',(0.707106781186467,0.500000000000008,0.500000000000106));
#6856=DIRECTION('center_axis',(1.,3.33066907390516E-14,0.));
#6857=DIRECTION('ref_axis',(-1.61246119661987E-14,3.4799770633272E-14,-1.));
#6858=DIRECTION('',(0.707106781183409,-0.500000000002198,0.500000000002241));
#6859=DIRECTION('center_axis',(-1.,-3.23427365136077E-14,0.));
#6860=DIRECTION('ref_axis',(0.,-1.,0.));
#6861=DIRECTION('center_axis',(0.707106781186544,0.500000000000015,-0.499999999999991));
#6862=DIRECTION('ref_axis',(-0.577350269189621,0.,-0.816496580927729));
#6863=DIRECTION('',(-0.57735026918964,0.816496580927716,-1.45897895195304E-15));
#6864=DIRECTION('',(-2.28697683109018E-14,0.707106781186547,0.707106781186548));
#6865=DIRECTION('center_axis',(0.,-0.707106781186548,0.707106781186547));
#6866=DIRECTION('ref_axis',(0.,0.707106781186547,0.707106781186548));
#6867=DIRECTION('',(-1.,0.,0.));
#6868=DIRECTION('',(0.,0.707106781186547,0.707106781186548));
#6869=DIRECTION('',(-1.,0.,0.));
#6870=DIRECTION('center_axis',(-1.,0.,0.));
#6871=DIRECTION('ref_axis',(0.,3.39344769684769E-14,-1.));
#6872=DIRECTION('',(-1.,0.,0.));
#6873=DIRECTION('center_axis',(-1.,0.,0.));
#6874=DIRECTION('ref_axis',(0.,-1.,0.));
#6875=DIRECTION('center_axis',(0.,0.707106781186456,0.70710678118664));
#6876=DIRECTION('ref_axis',(0.,0.70710678118664,-0.707106781186456));
#6877=DIRECTION('',(-1.,0.,0.));
#6878=DIRECTION('',(0.,0.70710678118664,-0.707106781186456));
#6879=DIRECTION('center_axis',(0.707106781186558,-0.499999999999982,-0.500000000000003));
#6880=DIRECTION('ref_axis',(-0.577350269189623,0.,-0.816496580927728));
#6881=DIRECTION('',(0.577350269189607,0.816496580927739,1.45897895195308E-15));
#6882=DIRECTION('',(-2.28697683109018E-14,0.707106781186547,-0.707106781186548));
#6883=DIRECTION('',(0.707106781186537,0.500000000000021,0.499999999999994));
#6884=DIRECTION('center_axis',(1.,3.33066907388087E-14,0.));
#6885=DIRECTION('ref_axis',(-1.61246119659534E-14,-3.47001907082628E-14,
-1.));
#6886=DIRECTION('',(0.707106781186062,-0.500000000000285,0.500000000000403));
#6887=DIRECTION('center_axis',(-1.,-3.23427365136077E-14,0.));
#6888=DIRECTION('ref_axis',(0.,-1.,0.));
#6889=DIRECTION('center_axis',(0.707106781186538,0.499999999999953,-0.50000000000006));
#6890=DIRECTION('ref_axis',(-0.577350269189677,0.,-0.81649658092769));
#6891=DIRECTION('',(-0.577350269189594,0.816496580927749,1.45897895195309E-15));
#6892=DIRECTION('',(-2.28697683109048E-14,0.70710678118664,0.707106781186456));
#6893=DIRECTION('center_axis',(0.,-0.707106781186456,0.70710678118664));
#6894=DIRECTION('ref_axis',(0.,0.70710678118664,0.707106781186456));
#6895=DIRECTION('',(-1.,0.,0.));
#6896=DIRECTION('',(0.,0.70710678118664,0.707106781186456));
#6897=DIRECTION('',(-1.,0.,0.));
#6898=DIRECTION('center_axis',(-1.,0.,0.));
#6899=DIRECTION('ref_axis',(0.,-3.35670829287327E-14,-1.));
#6900=DIRECTION('',(-1.,0.,0.));
#6901=DIRECTION('center_axis',(-1.,0.,0.));
#6902=DIRECTION('ref_axis',(0.,-1.,0.));
#6903=DIRECTION('center_axis',(0.,0.707106781186548,0.707106781186547));
#6904=DIRECTION('ref_axis',(0.,0.707106781186547,-0.707106781186548));
#6905=DIRECTION('',(-1.,0.,0.));
#6906=DIRECTION('',(0.,0.707106781186547,-0.707106781186548));
#6907=DIRECTION('center_axis',(0.,0.,1.));
#6908=DIRECTION('ref_axis',(-0.707106781186547,-0.707106781186547,0.));
#6909=DIRECTION('center_axis',(-0.707106781186548,-4.58375849318181E-14,
0.707106781186548));
#6910=DIRECTION('ref_axis',(-0.707106781186548,-4.57943633782768E-14,-0.707106781186547));
#6911=DIRECTION('center_axis',(-0.707106781186548,-4.58375849318181E-14,
-0.707106781186548));
#6912=DIRECTION('ref_axis',(-0.707106781186548,-4.57943633782768E-14,0.707106781186547));
#6913=DIRECTION('',(0.,0.,-1.));
#6914=DIRECTION('center_axis',(-0.707106781186548,-4.58375849318181E-14,
-0.707106781186548));
#6915=DIRECTION('ref_axis',(1.89865493451877E-14,-1.,4.58375849318181E-14));
#6916=DIRECTION('center_axis',(-0.707106781186548,-4.58375849318181E-14,
-0.707106781186548));
#6917=DIRECTION('ref_axis',(-0.707106781186548,-4.57943633782768E-14,0.707106781186547));
#6918=DIRECTION('',(-6.48241342770058E-14,1.,0.));
#6919=DIRECTION('center_axis',(-1.,0.,0.));
#6920=DIRECTION('ref_axis',(0.,0.,1.));
#6921=DIRECTION('center_axis',(0.,0.,-1.));
#6922=DIRECTION('ref_axis',(-0.707106781186547,0.707106781186547,0.));
#6923=DIRECTION('center_axis',(-0.707106781186548,-4.58375849318181E-14,
0.707106781186548));
#6924=DIRECTION('ref_axis',(-0.707106781186548,-4.57943633782768E-14,-0.707106781186547));
#6925=DIRECTION('',(0.,0.,1.));
#6926=DIRECTION('center_axis',(-0.707106781186548,-4.58375849318181E-14,
0.707106781186548));
#6927=DIRECTION('ref_axis',(-1.89865493451877E-14,1.,4.58375849318181E-14));
#6928=DIRECTION('',(6.48241342770058E-14,-1.,0.));
#6929=DIRECTION('center_axis',(0.,-1.,0.));
#6930=DIRECTION('ref_axis',(0.,0.,1.));
#6931=DIRECTION('',(-1.,0.,-5.55111512312578E-15));
#6932=DIRECTION('',(0.,0.,1.));
#6933=DIRECTION('',(-1.,0.,-5.55111512312578E-15));
#6934=DIRECTION('center_axis',(5.55111512312578E-15,-6.79815536723445E-31,
-1.));
#6935=DIRECTION('ref_axis',(-1.22464679914735E-16,-1.,0.));
#6936=DIRECTION('',(-1.,0.,-5.55111512312578E-15));
#6937=DIRECTION('',(-1.22464679914735E-16,-1.,0.));
#6938=DIRECTION('center_axis',(0.,1.,0.));
#6939=DIRECTION('ref_axis',(0.,0.,-1.));
#6940=DIRECTION('',(-1.,0.,-5.55111512312578E-15));
#6941=DIRECTION('',(0.,0.,-1.));
#6942=DIRECTION('center_axis',(5.55111512312578E-15,-6.79815536723445E-31,
-1.));
#6943=DIRECTION('ref_axis',(-1.22464679914735E-16,-1.,0.));
#6944=DIRECTION('',(-1.,0.,-5.55111512312578E-15));
#6945=DIRECTION('',(-1.22464679914735E-16,-1.,0.));
#6946=DIRECTION('center_axis',(0.,1.,0.));
#6947=DIRECTION('ref_axis',(0.,0.,-1.));
#6948=DIRECTION('',(-1.,0.,-5.55111512312578E-15));
#6949=DIRECTION('',(0.,0.,-1.));
#6950=DIRECTION('center_axis',(-5.55111512312578E-15,6.79815536723445E-31,
1.));
#6951=DIRECTION('ref_axis',(1.22464679914735E-16,1.,0.));
#6952=DIRECTION('',(-1.,0.,-5.55111512312578E-15));
#6953=DIRECTION('',(1.22464679914735E-16,1.,0.));
#6954=DIRECTION('center_axis',(0.,-1.,0.));
#6955=DIRECTION('ref_axis',(0.,0.,1.));
#6956=DIRECTION('',(-1.,0.,-5.55111512312578E-15));
#6957=DIRECTION('',(0.,0.,1.));
#6958=DIRECTION('center_axis',(5.55111512312578E-15,-6.79815536723445E-31,
-1.));
#6959=DIRECTION('ref_axis',(-1.22464679914735E-16,-1.,0.));
#6960=DIRECTION('',(-1.22464679914735E-16,-1.,0.));
#6961=DIRECTION('center_axis',(-1.,0.,-5.55111512312578E-15));
#6962=DIRECTION('ref_axis',(-5.55111512312578E-15,0.,1.));
#6963=DIRECTION('center_axis',(-5.55111512312578E-15,6.79815536723445E-31,
1.));
#6964=DIRECTION('ref_axis',(1.22464679914735E-16,1.,0.));
#6965=DIRECTION('',(-3.23427365136077E-14,1.,-1.80218069320684E-28));
#6966=DIRECTION('',(-1.,0.,-5.55111512312578E-15));
#6967=DIRECTION('',(1.22464679914735E-16,1.,0.));
#6968=DIRECTION('',(-1.,0.,-5.55111512312578E-15));
#6969=DIRECTION('center_axis',(0.,1.,0.));
#6970=DIRECTION('ref_axis',(0.,0.,-1.));
#6971=DIRECTION('',(0.,0.,-1.));
#6972=DIRECTION('',(-1.,0.,-5.55111512312578E-15));
#6973=DIRECTION('',(0.,0.,-1.));
#6974=DIRECTION('center_axis',(5.55111512312578E-15,-6.79815536723445E-31,
-1.));
#6975=DIRECTION('ref_axis',(-1.22464679914735E-16,-1.,0.));
#6976=DIRECTION('',(3.23427365136077E-14,-1.,1.80218069320684E-28));
#6977=DIRECTION('',(-1.,0.,-5.55111512312578E-15));
#6978=DIRECTION('',(-1.22464679914735E-16,-1.,0.));
#6979=DIRECTION('',(-1.,0.,-5.55111512312578E-15));
#6980=DIRECTION('',(-1.,0.,-5.55111512312578E-15));
#6981=DIRECTION('',(-1.,0.,-5.55111512312578E-15));
#6982=DIRECTION('center_axis',(0.,-1.,0.));
#6983=DIRECTION('ref_axis',(0.,0.,1.));
#6984=DIRECTION('',(0.,0.,1.));
#6985=DIRECTION('',(-1.,0.,-5.55111512312578E-15));
#6986=DIRECTION('',(0.,0.,1.));
#6987=DIRECTION('',(-1.,0.,-5.55111512312578E-15));
#6988=DIRECTION('',(-1.,0.,-5.55111512312578E-15));
#6989=DIRECTION('center_axis',(-5.55111512312578E-15,6.79815536723445E-31,
1.));
#6990=DIRECTION('ref_axis',(1.22464679914735E-16,1.,0.));
#6991=DIRECTION('',(-3.23427365136077E-14,1.,-1.80218069320684E-28));
#6992=DIRECTION('',(-1.,0.,-5.55111512312578E-15));
#6993=DIRECTION('',(1.22464679914735E-16,1.,0.));
#6994=DIRECTION('',(-1.,0.,-5.55111512312578E-15));
#6995=DIRECTION('center_axis',(0.,1.,0.));
#6996=DIRECTION('ref_axis',(0.,0.,-1.));
#6997=DIRECTION('',(0.,0.,-1.));
#6998=DIRECTION('',(-1.,0.,-5.55111512312578E-15));
#6999=DIRECTION('',(0.,0.,-1.));
#7000=DIRECTION('center_axis',(5.55111512312578E-15,-6.79815536723446E-31,
-1.));
#7001=DIRECTION('ref_axis',(-1.22464679914735E-16,-1.,0.));
#7002=DIRECTION('',(3.23427365136077E-14,-1.,1.80218069320684E-28));
#7003=DIRECTION('',(-1.,0.,-5.55111512312578E-15));
#7004=DIRECTION('',(-1.22464679914735E-16,-1.,0.));
#7005=DIRECTION('',(-1.,0.,-5.55111512312578E-15));
#7006=DIRECTION('',(-1.,0.,-5.55111512312578E-15));
#7007=DIRECTION('center_axis',(0.,-1.,0.));
#7008=DIRECTION('ref_axis',(0.,0.,1.));
#7009=DIRECTION('',(0.,0.,1.));
#7010=DIRECTION('',(-1.,0.,-5.55111512312578E-15));
#7011=DIRECTION('',(0.,0.,1.));
#7012=DIRECTION('',(-1.,0.,-5.55111512312578E-15));
#7013=DIRECTION('center_axis',(0.,-1.,0.));
#7014=DIRECTION('ref_axis',(0.,0.,1.));
#7015=DIRECTION('',(-1.,0.,-5.55111512312578E-15));
#7016=DIRECTION('',(0.,0.,1.));
#7017=DIRECTION('',(-1.,0.,-5.55111512312578E-15));
#7018=DIRECTION('center_axis',(5.55111512312578E-15,-6.79815536723445E-31,
-1.));
#7019=DIRECTION('ref_axis',(-1.22464679914735E-16,-1.,0.));
#7020=DIRECTION('',(-1.,0.,-5.55111512312578E-15));
#7021=DIRECTION('',(-1.22464679914735E-16,-1.,0.));
#7022=DIRECTION('',(-1.,0.,-5.55111512312578E-15));
#7023=DIRECTION('',(-1.,0.,-5.55111512312578E-15));
#7024=DIRECTION('center_axis',(0.,1.,0.));
#7025=DIRECTION('ref_axis',(0.,0.,-1.));
#7026=DIRECTION('',(-1.,0.,-5.55111512312578E-15));
#7027=DIRECTION('',(0.,0.,-1.));
#7028=DIRECTION('',(-1.,0.,-5.55111512312578E-15));
#7029=DIRECTION('',(-1.,0.,-5.55111512312578E-15));
#7030=DIRECTION('center_axis',(0.,1.,0.));
#7031=DIRECTION('ref_axis',(0.,0.,-1.));
#7032=DIRECTION('',(-1.,0.,-5.55111512312578E-15));
#7033=DIRECTION('',(0.,0.,-1.));
#7034=DIRECTION('',(-1.,0.,-5.55111512312578E-15));
#7035=DIRECTION('',(-1.,0.,-5.55111512312578E-15));
#7036=DIRECTION('center_axis',(0.,1.,0.));
#7037=DIRECTION('ref_axis',(0.,0.,-1.));
#7038=DIRECTION('',(-1.,0.,-5.55111512312578E-15));
#7039=DIRECTION('',(0.,0.,-1.));
#7040=DIRECTION('',(-1.,0.,-5.55111512312578E-15));
#7041=DIRECTION('',(-1.,0.,-5.55111512312578E-15));
#7042=DIRECTION('',(-1.,0.,-5.55111512312578E-15));
#7043=DIRECTION('center_axis',(-5.55111512312578E-15,6.79815536723445E-31,
1.));
#7044=DIRECTION('ref_axis',(1.22464679914735E-16,1.,0.));
#7045=DIRECTION('',(1.22464679914735E-16,1.,0.));
#7046=DIRECTION('center_axis',(-1.,-5.37616547607782E-16,-5.48402612334643E-15));
#7047=DIRECTION('ref_axis',(5.37616547607782E-16,-1.,0.));
#7048=DIRECTION('',(-1.,0.,-5.55111512312578E-15));
#7049=DIRECTION('',(-1.,0.,-5.55111512312578E-15));
#7050=DIRECTION('',(-1.,0.,-5.55111512312578E-15));
#7051=DIRECTION('',(-1.,0.,-5.55111512312578E-15));
#7052=DIRECTION('center_axis',(0.,1.,0.));
#7053=DIRECTION('ref_axis',(0.,0.,-1.));
#7054=DIRECTION('',(-1.,0.,-5.55111512312578E-15));
#7055=DIRECTION('',(0.,0.,-1.));
#7056=DIRECTION('',(-1.,0.,-5.55111512312578E-15));
#7057=DIRECTION('',(-1.,0.,-5.55111512312578E-15));
#7058=DIRECTION('center_axis',(-5.55111512312578E-15,6.79815536723444E-31,
1.));
#7059=DIRECTION('ref_axis',(1.22464679914735E-16,1.,0.));
#7060=DIRECTION('',(-1.,0.,-5.55111512312578E-15));
#7061=DIRECTION('',(1.22464679914735E-16,1.,0.));
#7062=DIRECTION('',(-1.,0.,-5.55111512312578E-15));
#7063=DIRECTION('center_axis',(0.,1.,0.));
#7064=DIRECTION('ref_axis',(0.,0.,-1.));
#7065=DIRECTION('',(-1.,0.,-5.55111512312578E-15));
#7066=DIRECTION('',(0.,0.,-1.));
#7067=DIRECTION('',(-1.,0.,-5.55111512312578E-15));
#7068=DIRECTION('',(-1.,0.,-5.55111512312578E-15));
#7069=DIRECTION('',(-1.,0.,-5.55111512312578E-15));
#7070=DIRECTION('center_axis',(0.,1.,0.));
#7071=DIRECTION('ref_axis',(0.,0.,-1.));
#7072=DIRECTION('',(-1.,0.,-5.55111512312578E-15));
#7073=DIRECTION('',(0.,0.,-1.));
#7074=DIRECTION('',(-1.,0.,-5.55111512312578E-15));
#7075=DIRECTION('',(-1.,0.,-5.55111512312578E-15));
#7076=DIRECTION('',(-1.,0.,-5.55111512312578E-15));
#7077=DIRECTION('center_axis',(0.,-1.,0.));
#7078=DIRECTION('ref_axis',(0.,0.,1.));
#7079=DIRECTION('',(-1.,0.,-5.55111512312578E-15));
#7080=DIRECTION('',(0.,0.,1.));
#7081=DIRECTION('',(-1.,0.,-5.55111512312578E-15));
#7082=DIRECTION('center_axis',(5.55111512312578E-15,-6.79815536723445E-31,
-1.));
#7083=DIRECTION('ref_axis',(-1.22464679914735E-16,-1.,0.));
#7084=DIRECTION('',(-1.,0.,-5.55111512312578E-15));
#7085=DIRECTION('',(-1.22464679914735E-16,-1.,0.));
#7086=DIRECTION('',(-1.,0.,-5.55111512312578E-15));
#7087=DIRECTION('',(-1.,0.,-5.55111512312578E-15));
#7088=DIRECTION('center_axis',(0.,-1.,0.));
#7089=DIRECTION('ref_axis',(0.,0.,1.));
#7090=DIRECTION('',(-1.,0.,-5.55111512312578E-15));
#7091=DIRECTION('',(0.,0.,1.));
#7092=DIRECTION('',(-1.,0.,-5.55111512312578E-15));
#7093=DIRECTION('',(-1.,0.,-5.55111512312578E-15));
#7094=DIRECTION('center_axis',(0.,-1.,0.));
#7095=DIRECTION('ref_axis',(0.,0.,1.));
#7096=DIRECTION('',(-1.,0.,-5.55111512312578E-15));
#7097=DIRECTION('',(0.,0.,1.));
#7098=DIRECTION('center_axis',(-1.,-5.37616547607782E-16,-5.48402612334643E-15));
#7099=DIRECTION('ref_axis',(5.37616547607782E-16,-1.,0.));
#7100=DIRECTION('',(-1.,-6.93889390390722E-16,-5.55111512312578E-15));
#7101=DIRECTION('',(-1.,-6.93889390390722E-16,-5.55111512312578E-15));
#7102=DIRECTION('center_axis',(-6.93889390390722E-16,1.,0.));
#7103=DIRECTION('ref_axis',(0.,0.,-1.));
#7104=DIRECTION('',(-1.,-6.93889390390722E-16,-5.55111512312578E-15));
#7105=DIRECTION('',(0.,0.,-1.));
#7106=DIRECTION('center_axis',(-5.55111512312578E-15,6.79815536723445E-31,
1.));
#7107=DIRECTION('ref_axis',(1.22464679914735E-16,1.,0.));
#7108=DIRECTION('',(-1.,-6.93889390390722E-16,-5.55111512312578E-15));
#7109=DIRECTION('',(1.22464679914735E-16,1.,0.));
#7110=DIRECTION('center_axis',(6.93889390390722E-16,-1.,0.));
#7111=DIRECTION('ref_axis',(0.,0.,1.));
#7112=DIRECTION('',(-1.,-6.93889390390722E-16,-5.55111512312578E-15));
#7113=DIRECTION('',(0.,0.,1.));
#7114=DIRECTION('',(-1.,-6.93889390390722E-16,-5.55111512312578E-15));
#7115=DIRECTION('',(-1.,-6.93889390390722E-16,-5.55111512312578E-15));
#7116=DIRECTION('',(-1.,-6.93889390390722E-16,-5.55111512312578E-15));
#7117=DIRECTION('',(-1.,-6.93889390390722E-16,-5.55111512312578E-15));
#7118=DIRECTION('center_axis',(-6.93889390390722E-16,1.,0.));
#7119=DIRECTION('ref_axis',(0.,0.,-1.));
#7120=DIRECTION('',(-1.,-6.93889390390722E-16,-5.55111512312578E-15));
#7121=DIRECTION('',(0.,0.,-1.));
#7122=DIRECTION('center_axis',(-5.55111512312578E-15,6.79815536723445E-31,
1.));
#7123=DIRECTION('ref_axis',(1.22464679914735E-16,1.,0.));
#7124=DIRECTION('',(-1.,-6.93889390390722E-16,-5.55111512312578E-15));
#7125=DIRECTION('',(1.22464679914735E-16,1.,0.));
#7126=DIRECTION('center_axis',(6.93889390390722E-16,-1.,0.));
#7127=DIRECTION('ref_axis',(0.,0.,1.));
#7128=DIRECTION('',(-1.,-6.93889390390722E-16,-5.55111512312578E-15));
#7129=DIRECTION('',(0.,0.,1.));
#7130=DIRECTION('center_axis',(-1.,-5.37616547607782E-16,-5.48402612334643E-15));
#7131=DIRECTION('ref_axis',(5.37616547607782E-16,-1.,0.));
#7132=DIRECTION('center_axis',(0.,-1.,0.));
#7133=DIRECTION('ref_axis',(0.,0.,1.));
#7134=DIRECTION('',(-1.,0.,-5.55111512312578E-15));
#7135=DIRECTION('',(0.,0.,1.));
#7136=DIRECTION('',(-1.,0.,-5.55111512312578E-15));
#7137=DIRECTION('center_axis',(5.55111512312578E-15,-6.79815536723445E-31,
-1.));
#7138=DIRECTION('ref_axis',(-1.22464679914735E-16,-1.,0.));
#7139=DIRECTION('',(-1.,0.,-5.55111512312578E-15));
#7140=DIRECTION('',(-1.22464679914735E-16,-1.,0.));
#7141=DIRECTION('center_axis',(0.,1.,0.));
#7142=DIRECTION('ref_axis',(0.,0.,-1.));
#7143=DIRECTION('',(-1.,0.,-5.55111512312578E-15));
#7144=DIRECTION('',(0.,0.,-1.));
#7145=DIRECTION('center_axis',(5.55111512312578E-15,-6.79815536723445E-31,
-1.));
#7146=DIRECTION('ref_axis',(-1.22464679914735E-16,-1.,0.));
#7147=DIRECTION('',(-1.,0.,-5.55111512312578E-15));
#7148=DIRECTION('',(-1.22464679914735E-16,-1.,0.));
#7149=DIRECTION('center_axis',(0.,1.,0.));
#7150=DIRECTION('ref_axis',(0.,0.,-1.));
#7151=DIRECTION('',(-1.,0.,-5.55111512312578E-15));
#7152=DIRECTION('',(0.,0.,-1.));
#7153=DIRECTION('center_axis',(-5.55111512312578E-15,6.79815536723445E-31,
1.));
#7154=DIRECTION('ref_axis',(1.22464679914735E-16,1.,0.));
#7155=DIRECTION('',(-1.,0.,-5.55111512312578E-15));
#7156=DIRECTION('',(1.22464679914735E-16,1.,0.));
#7157=DIRECTION('center_axis',(0.,-1.,0.));
#7158=DIRECTION('ref_axis',(0.,0.,1.));
#7159=DIRECTION('',(-1.,0.,-5.55111512312578E-15));
#7160=DIRECTION('',(0.,0.,1.));
#7161=DIRECTION('center_axis',(5.55111512312578E-15,-6.79815536723445E-31,
-1.));
#7162=DIRECTION('ref_axis',(-1.22464679914735E-16,-1.,0.));
#7163=DIRECTION('',(-1.22464679914735E-16,-1.,0.));
#7164=DIRECTION('center_axis',(-1.,0.,-5.55111512312578E-15));
#7165=DIRECTION('ref_axis',(-5.55111512312578E-15,0.,1.));
#7166=DIRECTION('center_axis',(-5.55111512312578E-15,6.79815536723445E-31,
1.));
#7167=DIRECTION('ref_axis',(1.22464679914735E-16,1.,0.));
#7168=DIRECTION('',(-3.23427365136077E-14,1.,-1.80218069320684E-28));
#7169=DIRECTION('',(-1.,0.,-5.55111512312578E-15));
#7170=DIRECTION('',(1.22464679914735E-16,1.,0.));
#7171=DIRECTION('',(-1.,0.,-5.55111512312578E-15));
#7172=DIRECTION('center_axis',(0.,1.,0.));
#7173=DIRECTION('ref_axis',(0.,0.,-1.));
#7174=DIRECTION('',(0.,0.,-1.));
#7175=DIRECTION('',(-1.,0.,-5.55111512312578E-15));
#7176=DIRECTION('',(0.,0.,-1.));
#7177=DIRECTION('center_axis',(5.55111512312578E-15,-6.79815536723446E-31,
-1.));
#7178=DIRECTION('ref_axis',(-1.22464679914735E-16,-1.,0.));
#7179=DIRECTION('',(3.23427365136077E-14,-1.,1.80218069320684E-28));
#7180=DIRECTION('',(-1.,0.,-5.55111512312578E-15));
#7181=DIRECTION('',(-1.22464679914735E-16,-1.,0.));
#7182=DIRECTION('',(-1.,0.,-5.55111512312578E-15));
#7183=DIRECTION('',(-1.,0.,-5.55111512312578E-15));
#7184=DIRECTION('',(-1.,0.,-5.55111512312578E-15));
#7185=DIRECTION('center_axis',(0.,-1.,0.));
#7186=DIRECTION('ref_axis',(0.,0.,1.));
#7187=DIRECTION('',(0.,0.,1.));
#7188=DIRECTION('',(-1.,0.,-5.55111512312578E-15));
#7189=DIRECTION('',(0.,0.,1.));
#7190=DIRECTION('',(-1.,0.,-5.55111512312578E-15));
#7191=DIRECTION('',(-1.,0.,-5.55111512312578E-15));
#7192=DIRECTION('center_axis',(-5.55111512312578E-15,6.79815536723445E-31,
1.));
#7193=DIRECTION('ref_axis',(1.22464679914735E-16,1.,0.));
#7194=DIRECTION('',(-3.23427365136077E-14,1.,-1.80218069320684E-28));
#7195=DIRECTION('',(-1.,0.,-5.55111512312578E-15));
#7196=DIRECTION('',(1.22464679914735E-16,1.,0.));
#7197=DIRECTION('',(-1.,0.,-5.55111512312578E-15));
#7198=DIRECTION('center_axis',(0.,1.,0.));
#7199=DIRECTION('ref_axis',(0.,0.,-1.));
#7200=DIRECTION('',(0.,0.,-1.));
#7201=DIRECTION('',(-1.,0.,-5.55111512312578E-15));
#7202=DIRECTION('',(0.,0.,-1.));
#7203=DIRECTION('center_axis',(5.55111512312578E-15,-6.79815536723445E-31,
-1.));
#7204=DIRECTION('ref_axis',(-1.22464679914735E-16,-1.,0.));
#7205=DIRECTION('',(3.23427365136077E-14,-1.,1.80218069320684E-28));
#7206=DIRECTION('',(-1.,0.,-5.55111512312578E-15));
#7207=DIRECTION('',(-1.22464679914735E-16,-1.,0.));
#7208=DIRECTION('',(-1.,0.,-5.55111512312578E-15));
#7209=DIRECTION('',(-1.,0.,-5.55111512312578E-15));
#7210=DIRECTION('center_axis',(0.,-1.,0.));
#7211=DIRECTION('ref_axis',(0.,0.,1.));
#7212=DIRECTION('',(0.,0.,1.));
#7213=DIRECTION('',(-1.,0.,-5.55111512312578E-15));
#7214=DIRECTION('',(0.,0.,1.));
#7215=DIRECTION('',(-1.,0.,-5.55111512312578E-15));
#7216=DIRECTION('center_axis',(0.,-1.,0.));
#7217=DIRECTION('ref_axis',(0.,0.,1.));
#7218=DIRECTION('',(-1.,0.,-5.55111512312578E-15));
#7219=DIRECTION('',(0.,0.,1.));
#7220=DIRECTION('',(-1.,0.,-5.55111512312578E-15));
#7221=DIRECTION('center_axis',(5.55111512312578E-15,-6.79815536723445E-31,
-1.));
#7222=DIRECTION('ref_axis',(-1.22464679914735E-16,-1.,0.));
#7223=DIRECTION('',(-1.,0.,-5.55111512312578E-15));
#7224=DIRECTION('',(-1.22464679914735E-16,-1.,0.));
#7225=DIRECTION('',(-1.,0.,-5.55111512312578E-15));
#7226=DIRECTION('',(-1.,0.,-5.55111512312578E-15));
#7227=DIRECTION('center_axis',(0.,1.,0.));
#7228=DIRECTION('ref_axis',(0.,0.,-1.));
#7229=DIRECTION('',(-1.,0.,-5.55111512312578E-15));
#7230=DIRECTION('',(0.,0.,-1.));
#7231=DIRECTION('',(-1.,0.,-5.55111512312578E-15));
#7232=DIRECTION('',(-1.,0.,-5.55111512312578E-15));
#7233=DIRECTION('center_axis',(0.,1.,0.));
#7234=DIRECTION('ref_axis',(0.,0.,-1.));
#7235=DIRECTION('',(-1.,0.,-5.55111512312578E-15));
#7236=DIRECTION('',(0.,0.,-1.));
#7237=DIRECTION('',(-1.,0.,-5.55111512312578E-15));
#7238=DIRECTION('',(-1.,0.,-5.55111512312578E-15));
#7239=DIRECTION('center_axis',(0.,1.,0.));
#7240=DIRECTION('ref_axis',(0.,0.,-1.));
#7241=DIRECTION('',(-1.,0.,-5.55111512312578E-15));
#7242=DIRECTION('',(0.,0.,-1.));
#7243=DIRECTION('',(-1.,0.,-5.55111512312578E-15));
#7244=DIRECTION('',(-1.,0.,-5.55111512312578E-15));
#7245=DIRECTION('',(-1.,0.,-5.55111512312578E-15));
#7246=DIRECTION('center_axis',(-5.55111512312578E-15,6.79815536723445E-31,
1.));
#7247=DIRECTION('ref_axis',(1.22464679914735E-16,1.,0.));
#7248=DIRECTION('',(1.22464679914735E-16,1.,0.));
#7249=DIRECTION('center_axis',(-1.,-5.37616547607782E-16,-5.48402612334643E-15));
#7250=DIRECTION('ref_axis',(5.37616547607782E-16,-1.,0.));
#7251=DIRECTION('center_axis',(1.,3.23427365136077E-14,0.));
#7252=DIRECTION('ref_axis',(-3.23427365136077E-14,1.,0.));
#7253=DIRECTION('center_axis',(1.,3.23427365136077E-14,0.));
#7254=DIRECTION('ref_axis',(-3.23427365136077E-14,1.,0.));
#7255=DIRECTION('center_axis',(1.,3.23427365136077E-14,0.));
#7256=DIRECTION('ref_axis',(-3.23427365136077E-14,1.,0.));
#7257=DIRECTION('center_axis',(0.,-1.78687698887278E-15,1.));
#7258=DIRECTION('ref_axis',(0.,1.,1.78687698887278E-15));
#7259=DIRECTION('',(0.,1.,1.78687698887278E-15));
#7260=DIRECTION('center_axis',(-1.,0.,0.));
#7261=DIRECTION('ref_axis',(0.,-1.,0.));
#7262=DIRECTION('',(0.,-1.,-1.57665616665231E-15));
#7263=DIRECTION('center_axis',(0.,1.78687698887278E-15,1.));
#7264=DIRECTION('ref_axis',(0.,1.,-1.78687698887278E-15));
#7265=DIRECTION('',(0.,1.,-1.78687698887278E-15));
#7266=DIRECTION('center_axis',(-1.,0.,0.));
#7267=DIRECTION('ref_axis',(0.,-1.,0.));
#7268=DIRECTION('',(0.,-1.,1.57665616665231E-15));
#7269=DIRECTION('center_axis',(0.,-1.57665616665231E-15,1.));
#7270=DIRECTION('ref_axis',(0.,-1.,-1.57665616665231E-15));
#7271=DIRECTION('',(6.48241342770058E-14,-1.,-1.57665616665231E-15));
#7272=DIRECTION('center_axis',(0.,1.57665616665231E-15,1.));
#7273=DIRECTION('ref_axis',(0.,-1.,1.57665616665231E-15));
#7274=DIRECTION('',(6.48241342770058E-14,-1.,1.57665616665231E-15));
#7275=DIRECTION('center_axis',(-0.795431720032634,-0.606043215262679,0.));
#7276=DIRECTION('ref_axis',(0.606043215262679,-0.795431720032634,0.));
#7277=DIRECTION('center_axis',(-2.96854080161344E-15,-1.,0.));
#7278=DIRECTION('ref_axis',(1.,-2.96854080161344E-15,0.));
#7279=DIRECTION('center_axis',(0.606043215262857,-0.795431720032498,0.));
#7280=DIRECTION('ref_axis',(0.795431720032498,0.606043215262857,0.));
#7281=DIRECTION('center_axis',(1.,3.23427365136077E-14,0.));
#7282=DIRECTION('ref_axis',(-3.23427365136077E-14,1.,0.));
#7283=DIRECTION('center_axis',(-1.,-6.48241342770058E-14,0.));
#7284=DIRECTION('ref_axis',(6.48241342770058E-14,-1.,0.));
#7285=CARTESIAN_POINT('',(0.,0.,0.));
#7286=CARTESIAN_POINT('Origin',(-21.7249999999917,4.44089209850063E-15,
13.));
#7287=CARTESIAN_POINT('',(-21.7249999999917,-1.9962787628173,11.4428281784069));
#7288=CARTESIAN_POINT('',(-21.7249999999917,-1.94046005606644,11.3027739524853));
#7289=CARTESIAN_POINT('Ctrl Pts',(-21.7249999999917,-1.9962787628173,11.4428281784069));
#7290=CARTESIAN_POINT('Ctrl Pts',(-21.7249999999917,-1.99418650051078,11.4159135679787));
#7291=CARTESIAN_POINT('Ctrl Pts',(-21.7249999999917,-1.99010084375246,11.3633561713031));
#7292=CARTESIAN_POINT('Ctrl Pts',(-21.7249999999917,-1.9567378710306,11.3226395951152));
#7293=CARTESIAN_POINT('Ctrl Pts',(-21.7249999999917,-1.94046005606644,11.3027739524853));
#7294=CARTESIAN_POINT('',(-21.7249999999917,-1.94046005606643,11.581867337228));
#7295=CARTESIAN_POINT('Ctrl Pts',(-21.7249999999917,-1.94046005606643,11.581867337228));
#7296=CARTESIAN_POINT('Ctrl Pts',(-21.7249999999917,-1.95673952261672,11.5619192996938));
#7297=CARTESIAN_POINT('Ctrl Pts',(-21.7249999999917,-1.98978856510969,11.5214226692862));
#7298=CARTESIAN_POINT('Ctrl Pts',(-21.7249999999917,-1.99409408032794,11.4692840763194));
#7299=CARTESIAN_POINT('Ctrl Pts',(-21.7249999999917,-1.9962787628173,11.4428281784069));
#7300=CARTESIAN_POINT('',(-21.7249999999917,-1.79939106106749,11.6376858949673));
#7301=CARTESIAN_POINT('Ctrl Pts',(-21.7249999999917,-1.79939106106749,11.6376858949673));
#7302=CARTESIAN_POINT('Ctrl Pts',(-21.7249999999917,-1.82637065674585,11.6355675889247));
#7303=CARTESIAN_POINT('Ctrl Pts',(-21.7249999999917,-1.87918967058961,11.6314204980075));
#7304=CARTESIAN_POINT('Ctrl Pts',(-21.7249999999917,-1.92033263843234,11.5981456281892));
#7305=CARTESIAN_POINT('Ctrl Pts',(-21.7249999999917,-1.94046005606643,11.581867337228));
#7306=CARTESIAN_POINT('',(-21.7249999999917,-1.58626526594153,11.6336265206348));
#7307=CARTESIAN_POINT('',(-21.7249999999917,-1.58626526594153,11.6336265206348));
#7308=CARTESIAN_POINT('',(-21.7249999999917,-1.56799733638753,11.9096753001224));
#7309=CARTESIAN_POINT('Ctrl Pts',(-21.7249999999917,-1.56799733638753,11.9096753001224));
#7310=CARTESIAN_POINT('Ctrl Pts',(-21.7249999999917,-1.57275429169193,11.8586265892231));
#7311=CARTESIAN_POINT('Ctrl Pts',(-21.7249999999917,-1.58131403766395,11.7667686739106));
#7312=CARTESIAN_POINT('Ctrl Pts',(-21.7249999999917,-1.58474223832705,11.6745818482267));
#7313=CARTESIAN_POINT('Ctrl Pts',(-21.7249999999917,-1.58626526594153,11.6336265206348));
#7314=CARTESIAN_POINT('',(-21.7249999999917,-1.55175909399973,12.1958726644527));
#7315=CARTESIAN_POINT('Ctrl Pts',(-21.7249999999917,-1.55175909399973,12.1958726644527));
#7316=CARTESIAN_POINT('Ctrl Pts',(-21.7249999999917,-1.55264895383856,12.152376496237));
#7317=CARTESIAN_POINT('Ctrl Pts',(-21.7249999999917,-1.55460452580272,12.0567885357518));
#7318=CARTESIAN_POINT('Ctrl Pts',(-21.7249999999917,-1.56327322564198,11.9615672620708));
#7319=CARTESIAN_POINT('Ctrl Pts',(-21.7249999999917,-1.56799733638753,11.9096753001224));
#7320=CARTESIAN_POINT('',(-21.7249999999917,-1.60047367215139,12.8839647769939));
#7321=CARTESIAN_POINT('Ctrl Pts',(-21.7249999999917,-1.60047367215139,12.8839647769939));
#7322=CARTESIAN_POINT('Ctrl Pts',(-21.7249999999917,-1.58640334642416,12.7502952347627));
#7323=CARTESIAN_POINT('Ctrl Pts',(-21.7249999999917,-1.56231514956383,12.521454885938));
#7324=CARTESIAN_POINT('Ctrl Pts',(-21.7249999999917,-1.55485969194422,12.2915049354813));
#7325=CARTESIAN_POINT('Ctrl Pts',(-21.7249999999917,-1.55175909399973,12.1958726644527));
#7326=CARTESIAN_POINT('',(-21.7249999999917,-1.64918810129144,13.5740864276897));
#7327=CARTESIAN_POINT('Ctrl Pts',(-21.7249999999917,-1.64918810129144,13.5740864276897));
#7328=CARTESIAN_POINT('Ctrl Pts',(-21.7249999999917,-1.64609706076319,13.4779462493834));
#7329=CARTESIAN_POINT('Ctrl Pts',(-21.7249999999917,-1.63868206053639,13.2473185893991));
#7330=CARTESIAN_POINT('Ctrl Pts',(-21.7249999999917,-1.61454745147886,13.0178034859721));
#7331=CARTESIAN_POINT('Ctrl Pts',(-21.7249999999917,-1.60047367215139,12.8839647769939));
#7332=CARTESIAN_POINT('',(-21.7249999999917,-1.64208397269226,13.7770634889614));
#7333=CARTESIAN_POINT('Ctrl Pts',(-21.7249999999917,-1.64208397269226,13.7770634889614));
#7334=CARTESIAN_POINT('Ctrl Pts',(-21.7249999999917,-1.64413527389646,13.7374920518266));
#7335=CARTESIAN_POINT('Ctrl Pts',(-21.7249999999917,-1.64764063317703,13.6698705323139));
#7336=CARTESIAN_POINT('Ctrl Pts',(-21.7249999999917,-1.64873439708634,13.6021694948916));
#7337=CARTESIAN_POINT('Ctrl Pts',(-21.7249999999917,-1.64918810129144,13.5740864276897));
#7338=CARTESIAN_POINT('',(-21.7249999999917,-1.63497969508147,13.9800402522099));
#7339=CARTESIAN_POINT('Ctrl Pts',(-21.7249999999917,-1.63497969508147,13.9800402522099));
#7340=CARTESIAN_POINT('Ctrl Pts',(-21.7249999999917,-1.63543339217974,13.951957234351));
#7341=CARTESIAN_POINT('Ctrl Pts',(-21.7249999999917,-1.63652713932244,13.8842562932206));
#7342=CARTESIAN_POINT('Ctrl Pts',(-21.7249999999917,-1.64003260735863,13.8166348757635));
#7343=CARTESIAN_POINT('Ctrl Pts',(-21.7249999999917,-1.64208397269226,13.7770634889614));
#7344=CARTESIAN_POINT('',(-21.7249999999917,-1.64715826511358,14.1190797090542));
#7345=CARTESIAN_POINT('Ctrl Pts',(-21.7249999999917,-1.64715826511358,14.1190797090542));
#7346=CARTESIAN_POINT('Ctrl Pts',(-21.7249999999917,-1.64363997998649,14.0921397590117));
#7347=CARTESIAN_POINT('Ctrl Pts',(-21.7249999999917,-1.63760851302885,14.0459560608031));
#7348=CARTESIAN_POINT('Ctrl Pts',(-21.7249999999917,-1.63575289216247,13.9994276391708));
#7349=CARTESIAN_POINT('Ctrl Pts',(-21.7249999999917,-1.63497969508147,13.9800402522099));
#7350=CARTESIAN_POINT('',(-21.7249999999917,-1.6593369841573,14.2581188678753));
#7351=CARTESIAN_POINT('Ctrl Pts',(-21.7249999999917,-1.6593369841573,14.2581188678753));
#7352=CARTESIAN_POINT('Ctrl Pts',(-21.7249999999917,-1.65856379390698,14.2387315297585));
#7353=CARTESIAN_POINT('Ctrl Pts',(-21.7249999999917,-1.65670818841105,14.1922031997047));
#7354=CARTESIAN_POINT('Ctrl Pts',(-21.7249999999917,-1.6506766141931,14.1460196077328));
#7355=CARTESIAN_POINT('Ctrl Pts',(-21.7249999999917,-1.64715826511358,14.1190797090542));
#7356=CARTESIAN_POINT('',(-21.7249999999917,-1.52334243059131,14.4144111871731));
#7357=CARTESIAN_POINT('Ctrl Pts',(-21.7249999999917,-1.52334243059131,14.4144111871731));
#7358=CARTESIAN_POINT('Ctrl Pts',(-21.7249999999917,-1.56297448352355,14.4065682302237));
#7359=CARTESIAN_POINT('Ctrl Pts',(-21.7249999999917,-1.64689261826021,14.3899613105889));
#7360=CARTESIAN_POINT('Ctrl Pts',(-21.7249999999917,-1.65503827838153,14.3036617163154));
#7361=CARTESIAN_POINT('Ctrl Pts',(-21.7249999999917,-1.6593369841573,14.2581188678753));
#7362=CARTESIAN_POINT('',(-21.7249999999917,-1.18234097957585,14.2337614297878));
#7363=CARTESIAN_POINT('Ctrl Pts',(-21.7249999999917,-1.18234097957585,14.2337614297878));
#7364=CARTESIAN_POINT('Ctrl Pts',(-21.7249999999917,-1.23690515037513,14.286189873852));
#7365=CARTESIAN_POINT('Ctrl Pts',(-21.7249999999917,-1.33405465865458,14.3795367988778));
#7366=CARTESIAN_POINT('Ctrl Pts',(-21.7249999999917,-1.46565543344343,14.4037829320167));
#7367=CARTESIAN_POINT('Ctrl Pts',(-21.7249999999917,-1.52334243059131,14.4144111871731));
#7368=CARTESIAN_POINT('',(-21.7249999999917,-0.871786214411015,13.9861297607433));
#7369=CARTESIAN_POINT('Ctrl Pts',(-21.7249999999917,-0.871786214411015,
13.9861297607433));
#7370=CARTESIAN_POINT('Ctrl Pts',(-21.7249999999917,-0.916232574232618,
14.0192435110729));
#7371=CARTESIAN_POINT('Ctrl Pts',(-21.7249999999917,-1.02245017964935,14.0983785241649));
#7372=CARTESIAN_POINT('Ctrl Pts',(-21.7249999999917,-1.12354747148784,14.1839797290247));
#7373=CARTESIAN_POINT('Ctrl Pts',(-21.7249999999917,-1.18234097957585,14.2337614297878));
#7374=CARTESIAN_POINT('',(-21.7249999999917,-0.697226002812157,13.7547358870517));
#7375=CARTESIAN_POINT('Ctrl Pts',(-21.7249999999917,-0.697226002812157,
13.7547358870517));
#7376=CARTESIAN_POINT('Ctrl Pts',(-21.7249999999917,-0.709282217853478,
13.7916173093852));
#7377=CARTESIAN_POINT('Ctrl Pts',(-21.7249999999917,-0.740507401769758,
13.8871389296872));
#7378=CARTESIAN_POINT('Ctrl Pts',(-21.7249999999917,-0.821850272757497,
13.9484755478174));
#7379=CARTESIAN_POINT('Ctrl Pts',(-21.7249999999917,-0.871786214411015,
13.9861297607433));
#7380=CARTESIAN_POINT('',(-21.7249999999917,-0.757104195654172,13.6146818101417));
#7381=CARTESIAN_POINT('Ctrl Pts',(-21.7249999999917,-0.757104195654172,
13.6146818101417));
#7382=CARTESIAN_POINT('Ctrl Pts',(-21.7249999999917,-0.739642028245952,
13.6354489208169));
#7383=CARTESIAN_POINT('Ctrl Pts',(-21.7249999999917,-0.705444183761549,
13.6761191540507));
#7384=CARTESIAN_POINT('Ctrl Pts',(-21.7249999999917,-0.699926323118089,
13.7289040926661));
#7385=CARTESIAN_POINT('Ctrl Pts',(-21.7249999999917,-0.697226002812157,
13.7547358870517));
#7386=CARTESIAN_POINT('',(-21.7249999999917,-0.898173227906011,13.5537886619579));
#7387=CARTESIAN_POINT('Ctrl Pts',(-21.7249999999917,-0.898173227906011,
13.5537886619579));
#7388=CARTESIAN_POINT('Ctrl Pts',(-21.7249999999917,-0.871859965424582,
13.5564672834655));
#7389=CARTESIAN_POINT('Ctrl Pts',(-21.7249999999917,-0.818473700911175,
13.561901865986));
#7390=CARTESIAN_POINT('Ctrl Pts',(-21.7249999999917,-0.777753858668278,
13.5969223699091));
#7391=CARTESIAN_POINT('Ctrl Pts',(-21.7249999999917,-0.757104195654172,
13.6146818101417));
#7392=CARTESIAN_POINT('',(-21.7249999999917,-1.24526388943172,13.7648847699177));
#7393=CARTESIAN_POINT('Ctrl Pts',(-21.7249999999917,-1.24526388943172,13.7648847699177));
#7394=CARTESIAN_POINT('Ctrl Pts',(-21.7249999999917,-1.17422082061801,13.7063626078487));
#7395=CARTESIAN_POINT('Ctrl Pts',(-21.7249999999917,-1.06806892123359,13.6189193320523));
#7396=CARTESIAN_POINT('Ctrl Pts',(-21.7249999999917,-0.940398969721338,
13.5699761874084));
#7397=CARTESIAN_POINT('Ctrl Pts',(-21.7249999999917,-0.898173227906011,
13.5537886619579));
#7398=CARTESIAN_POINT('',(-21.7249999999917,-1.20263874530774,12.9793637990963));
#7399=CARTESIAN_POINT('Ctrl Pts',(-21.7249999999917,-1.20263874530774,12.9793637990963));
#7400=CARTESIAN_POINT('Ctrl Pts',(-21.7249999999917,-1.21553470815575,13.130992518552));
#7401=CARTESIAN_POINT('Ctrl Pts',(-21.7249999999917,-1.23776944575004,13.3924250946683));
#7402=CARTESIAN_POINT('Ctrl Pts',(-21.7249999999917,-1.2430471920736,13.6547191040992));
#7403=CARTESIAN_POINT('Ctrl Pts',(-21.7249999999917,-1.24526388943172,13.7648847699177));
#7404=CARTESIAN_POINT('',(-21.7249999999917,-1.15595400333392,12.1958726644527));
#7405=CARTESIAN_POINT('Ctrl Pts',(-21.7249999999917,-1.15595400333392,12.1958726644527));
#7406=CARTESIAN_POINT('Ctrl Pts',(-21.7249999999917,-1.15894326241742,12.3041775801303));
#7407=CARTESIAN_POINT('Ctrl Pts',(-21.7249999999917,-1.16616440196096,12.5658092712994));
#7408=CARTESIAN_POINT('Ctrl Pts',(-21.7249999999917,-1.18916150866153,12.8265557777362));
#7409=CARTESIAN_POINT('Ctrl Pts',(-21.7249999999917,-1.20263874530774,12.9793637990963));
#7410=CARTESIAN_POINT('',(-21.7249999999917,-1.17320701479901,11.9096753001224));
#7411=CARTESIAN_POINT('Ctrl Pts',(-21.7249999999917,-1.17320701479901,11.9096753001224));
#7412=CARTESIAN_POINT('Ctrl Pts',(-21.7249999999917,-1.16822355548192,11.965286701075));
#7413=CARTESIAN_POINT('Ctrl Pts',(-21.7249999999917,-1.15968880433751,12.0605276647756));
#7414=CARTESIAN_POINT('Ctrl Pts',(-21.7249999999917,-1.15705141530835,12.1561036852801));
#7415=CARTESIAN_POINT('Ctrl Pts',(-21.7249999999917,-1.15595400333392,12.1958726644527));
#7416=CARTESIAN_POINT('',(-21.7249999999917,-1.19046010076991,11.6214478015911));
#7417=CARTESIAN_POINT('Ctrl Pts',(-21.7249999999917,-1.19046010076991,11.6214478015911));
#7418=CARTESIAN_POINT('Ctrl Pts',(-21.7249999999917,-1.18937088445182,11.6617246581434));
#7419=CARTESIAN_POINT('Ctrl Pts',(-21.7249999999917,-1.18676787617622,11.7579782573418));
#7420=CARTESIAN_POINT('Ctrl Pts',(-21.7249999999917,-1.1781934901506,11.8538946573083));
#7421=CARTESIAN_POINT('Ctrl Pts',(-21.7249999999917,-1.17320701479901,11.9096753001224));
#7422=CARTESIAN_POINT('',(-21.7249999999917,-1.10723957419386,11.6255074739467));
#7423=CARTESIAN_POINT('',(-21.7249999999917,-1.10723957419386,11.6255074739467));
#7424=CARTESIAN_POINT('',(-21.7249999999917,-1.00981056690207,11.6275373101245));
#7425=CARTESIAN_POINT('',(-21.7249999999917,-1.00981056690207,11.6275373101245));
#7426=CARTESIAN_POINT('',(-21.7249999999917,-0.691136680543345,11.422530412675));
#7427=CARTESIAN_POINT('Ctrl Pts',(-21.7249999999917,-0.691136680543345,
11.422530412675));
#7428=CARTESIAN_POINT('Ctrl Pts',(-21.7249999999917,-0.711496835055268,
11.4818990938865));
#7429=CARTESIAN_POINT('Ctrl Pts',(-21.7249999999917,-0.760596497921601,
11.625070022702));
#7430=CARTESIAN_POINT('Ctrl Pts',(-21.7249999999917,-0.91779661422021,11.6266263468347));
#7431=CARTESIAN_POINT('Ctrl Pts',(-21.7249999999917,-1.00981056690207,11.6275373101245));
#7432=CARTESIAN_POINT('',(-21.7249999999917,-0.794654935598306,11.2682679295551));
#7433=CARTESIAN_POINT('Ctrl Pts',(-21.7249999999917,-0.794654935598306,
11.2682679295551));
#7434=CARTESIAN_POINT('Ctrl Pts',(-21.7249999999917,-0.764466682403243,
11.2842692907956));
#7435=CARTESIAN_POINT('Ctrl Pts',(-21.7249999999917,-0.702649979761965,
11.3170353930032));
#7436=CARTESIAN_POINT('Ctrl Pts',(-21.7249999999917,-0.695033595409023,
11.3868234356732));
#7437=CARTESIAN_POINT('Ctrl Pts',(-21.7249999999917,-0.691136680543345,
11.422530412675));
#7438=CARTESIAN_POINT('',(-21.7249999999917,-0.993572399020129,11.2500000000011));
#7439=CARTESIAN_POINT('Ctrl Pts',(-21.7249999999917,-0.993572399020128,
11.2500000000011));
#7440=CARTESIAN_POINT('Ctrl Pts',(-21.7249999999917,-0.953141282957776,
11.2498820093138));
#7441=CARTESIAN_POINT('Ctrl Pts',(-21.7249999999917,-0.886168814941363,
11.2496865626305));
#7442=CARTESIAN_POINT('Ctrl Pts',(-21.7249999999917,-0.820628658852178,
11.2629941144175));
#7443=CARTESIAN_POINT('Ctrl Pts',(-21.7249999999917,-0.794654935598306,
11.2682679295551));
#7444=CARTESIAN_POINT('',(-21.7249999999917,-1.39546692371362,11.2479701638233));
#7445=CARTESIAN_POINT('',(-21.7249999999917,-1.39546692371362,11.2479701638233));
#7446=CARTESIAN_POINT('',(-21.7249999999917,-1.79939106106751,11.2479701638233));
#7447=CARTESIAN_POINT('',(-21.7249999999917,-1.79939106106751,11.2479701638233));
#7448=CARTESIAN_POINT('Ctrl Pts',(-21.7249999999917,-1.94046005606644,11.3027739524853));
#7449=CARTESIAN_POINT('Ctrl Pts',(-21.7249999999917,-1.92030021314477,11.2867921343056));
#7450=CARTESIAN_POINT('Ctrl Pts',(-21.7249999999917,-1.87898614586854,11.2540401969996));
#7451=CARTESIAN_POINT('Ctrl Pts',(-21.7249999999917,-1.82634509226389,11.2500257161731));
#7452=CARTESIAN_POINT('Ctrl Pts',(-21.7249999999917,-1.79939106106751,11.2479701638233));
#7453=CARTESIAN_POINT('Ctrl Pts',(-21.7249999999917,-1.9962787628173,11.4428281784069));
#7454=CARTESIAN_POINT('Ctrl Pts',(-22.0249999999917,-1.9962787628173,11.4428281784069));
#7455=CARTESIAN_POINT('Ctrl Pts',(-21.7249999999917,-1.99418650051078,11.4159135679787));
#7456=CARTESIAN_POINT('Ctrl Pts',(-22.0249999999917,-1.99418650051078,11.4159135679787));
#7457=CARTESIAN_POINT('Ctrl Pts',(-21.7249999999917,-1.99010084375246,11.3633561713031));
#7458=CARTESIAN_POINT('Ctrl Pts',(-22.0249999999917,-1.99010084375246,11.3633561713031));
#7459=CARTESIAN_POINT('Ctrl Pts',(-21.7249999999917,-1.9567378710306,11.3226395951152));
#7460=CARTESIAN_POINT('Ctrl Pts',(-22.0249999999917,-1.9567378710306,11.3226395951152));
#7461=CARTESIAN_POINT('Ctrl Pts',(-21.7249999999917,-1.94046005606644,11.3027739524853));
#7462=CARTESIAN_POINT('Ctrl Pts',(-22.0249999999917,-1.94046005606644,11.3027739524853));
#7463=CARTESIAN_POINT('',(-22.0249999999917,-1.94046005606644,11.3027739524853));
#7464=CARTESIAN_POINT('',(-22.0249999999917,-1.94046005606644,11.3027739524853));
#7465=CARTESIAN_POINT('',(-22.0249999999917,-1.9962787628173,11.4428281784069));
#7466=CARTESIAN_POINT('Ctrl Pts',(-22.0249999999917,-1.9962787628173,11.4428281784069));
#7467=CARTESIAN_POINT('Ctrl Pts',(-22.0249999999917,-1.99418650051078,11.4159135679787));
#7468=CARTESIAN_POINT('Ctrl Pts',(-22.0249999999917,-1.99010084375246,11.3633561713031));
#7469=CARTESIAN_POINT('Ctrl Pts',(-22.0249999999917,-1.9567378710306,11.3226395951152));
#7470=CARTESIAN_POINT('Ctrl Pts',(-22.0249999999917,-1.94046005606644,11.3027739524853));
#7471=CARTESIAN_POINT('',(-22.0249999999917,-1.9962787628173,11.4428281784069));
#7472=CARTESIAN_POINT('Ctrl Pts',(-21.7249999999917,-1.94046005606643,11.581867337228));
#7473=CARTESIAN_POINT('Ctrl Pts',(-22.0249999999917,-1.94046005606643,11.581867337228));
#7474=CARTESIAN_POINT('Ctrl Pts',(-21.7249999999917,-1.95673952261672,11.5619192996938));
#7475=CARTESIAN_POINT('Ctrl Pts',(-22.0249999999917,-1.95673952261672,11.5619192996938));
#7476=CARTESIAN_POINT('Ctrl Pts',(-21.7249999999917,-1.98978856510969,11.5214226692862));
#7477=CARTESIAN_POINT('Ctrl Pts',(-22.0249999999917,-1.98978856510969,11.5214226692862));
#7478=CARTESIAN_POINT('Ctrl Pts',(-21.7249999999917,-1.99409408032794,11.4692840763194));
#7479=CARTESIAN_POINT('Ctrl Pts',(-22.0249999999917,-1.99409408032794,11.4692840763194));
#7480=CARTESIAN_POINT('Ctrl Pts',(-21.7249999999917,-1.9962787628173,11.4428281784069));
#7481=CARTESIAN_POINT('Ctrl Pts',(-22.0249999999917,-1.9962787628173,11.4428281784069));
#7482=CARTESIAN_POINT('',(-22.0249999999917,-1.94046005606643,11.581867337228));
#7483=CARTESIAN_POINT('Ctrl Pts',(-22.0249999999917,-1.94046005606643,11.581867337228));
#7484=CARTESIAN_POINT('Ctrl Pts',(-22.0249999999917,-1.95673952261672,11.5619192996938));
#7485=CARTESIAN_POINT('Ctrl Pts',(-22.0249999999917,-1.98978856510969,11.5214226692862));
#7486=CARTESIAN_POINT('Ctrl Pts',(-22.0249999999917,-1.99409408032794,11.4692840763194));
#7487=CARTESIAN_POINT('Ctrl Pts',(-22.0249999999917,-1.9962787628173,11.4428281784069));
#7488=CARTESIAN_POINT('',(-22.0249999999917,-1.94046005606643,11.581867337228));
#7489=CARTESIAN_POINT('Ctrl Pts',(-21.7249999999917,-1.79939106106749,11.6376858949673));
#7490=CARTESIAN_POINT('Ctrl Pts',(-22.0249999999917,-1.79939106106749,11.6376858949673));
#7491=CARTESIAN_POINT('Ctrl Pts',(-21.7249999999917,-1.82637065674585,11.6355675889247));
#7492=CARTESIAN_POINT('Ctrl Pts',(-22.0249999999917,-1.82637065674585,11.6355675889247));
#7493=CARTESIAN_POINT('Ctrl Pts',(-21.7249999999917,-1.87918967058961,11.6314204980075));
#7494=CARTESIAN_POINT('Ctrl Pts',(-22.0249999999917,-1.87918967058961,11.6314204980075));
#7495=CARTESIAN_POINT('Ctrl Pts',(-21.7249999999917,-1.92033263843234,11.5981456281892));
#7496=CARTESIAN_POINT('Ctrl Pts',(-22.0249999999917,-1.92033263843234,11.5981456281892));
#7497=CARTESIAN_POINT('Ctrl Pts',(-21.7249999999917,-1.94046005606643,11.581867337228));
#7498=CARTESIAN_POINT('Ctrl Pts',(-22.0249999999917,-1.94046005606643,11.581867337228));
#7499=CARTESIAN_POINT('',(-22.0249999999917,-1.79939106106749,11.6376858949673));
#7500=CARTESIAN_POINT('Ctrl Pts',(-22.0249999999917,-1.79939106106749,11.6376858949673));
#7501=CARTESIAN_POINT('Ctrl Pts',(-22.0249999999917,-1.82637065674585,11.6355675889247));
#7502=CARTESIAN_POINT('Ctrl Pts',(-22.0249999999917,-1.87918967058961,11.6314204980075));
#7503=CARTESIAN_POINT('Ctrl Pts',(-22.0249999999917,-1.92033263843234,11.5981456281892));
#7504=CARTESIAN_POINT('Ctrl Pts',(-22.0249999999917,-1.94046005606643,11.581867337228));
#7505=CARTESIAN_POINT('',(-22.0249999999917,-1.79939106106749,11.6376858949673));
#7506=CARTESIAN_POINT('Origin',(-22.0249999999917,-1.69282816350451,11.6356562078011));
#7507=CARTESIAN_POINT('',(-22.0249999999917,-1.58626526594153,11.6336265206348));
#7508=CARTESIAN_POINT('',(-22.0249999999917,-0.859709545975501,11.6197879252692));
#7509=CARTESIAN_POINT('',(-22.0249999999917,-1.58626526594153,11.6336265206348));
#7510=CARTESIAN_POINT('Ctrl Pts',(-21.7249999999917,-1.56799733638753,11.9096753001224));
#7511=CARTESIAN_POINT('Ctrl Pts',(-22.0249999999917,-1.56799733638753,11.9096753001224));
#7512=CARTESIAN_POINT('Ctrl Pts',(-21.7249999999917,-1.57275429169193,11.8586265892231));
#7513=CARTESIAN_POINT('Ctrl Pts',(-22.0249999999917,-1.57275429169193,11.8586265892231));
#7514=CARTESIAN_POINT('Ctrl Pts',(-21.7249999999917,-1.58131403766395,11.7667686739106));
#7515=CARTESIAN_POINT('Ctrl Pts',(-22.0249999999917,-1.58131403766395,11.7667686739106));
#7516=CARTESIAN_POINT('Ctrl Pts',(-21.7249999999917,-1.58474223832705,11.6745818482267));
#7517=CARTESIAN_POINT('Ctrl Pts',(-22.0249999999917,-1.58474223832705,11.6745818482267));
#7518=CARTESIAN_POINT('Ctrl Pts',(-21.7249999999917,-1.58626526594153,11.6336265206348));
#7519=CARTESIAN_POINT('Ctrl Pts',(-22.0249999999917,-1.58626526594153,11.6336265206348));
#7520=CARTESIAN_POINT('',(-22.0249999999917,-1.56799733638753,11.9096753001224));
#7521=CARTESIAN_POINT('Ctrl Pts',(-22.0249999999917,-1.56799733638753,11.9096753001224));
#7522=CARTESIAN_POINT('Ctrl Pts',(-22.0249999999917,-1.57275429169193,11.8586265892231));
#7523=CARTESIAN_POINT('Ctrl Pts',(-22.0249999999917,-1.58131403766395,11.7667686739106));
#7524=CARTESIAN_POINT('Ctrl Pts',(-22.0249999999917,-1.58474223832705,11.6745818482267));
#7525=CARTESIAN_POINT('Ctrl Pts',(-22.0249999999917,-1.58626526594153,11.6336265206348));
#7526=CARTESIAN_POINT('',(-22.0249999999917,-1.56799733638753,11.9096753001224));
#7527=CARTESIAN_POINT('Ctrl Pts',(-21.7249999999917,-1.55175909399973,12.1958726644527));
#7528=CARTESIAN_POINT('Ctrl Pts',(-22.0249999999917,-1.55175909399973,12.1958726644527));
#7529=CARTESIAN_POINT('Ctrl Pts',(-21.7249999999917,-1.55264895383856,12.152376496237));
#7530=CARTESIAN_POINT('Ctrl Pts',(-22.0249999999917,-1.55264895383856,12.152376496237));
#7531=CARTESIAN_POINT('Ctrl Pts',(-21.7249999999917,-1.55460452580272,12.0567885357518));
#7532=CARTESIAN_POINT('Ctrl Pts',(-22.0249999999917,-1.55460452580272,12.0567885357518));
#7533=CARTESIAN_POINT('Ctrl Pts',(-21.7249999999917,-1.56327322564198,11.9615672620708));
#7534=CARTESIAN_POINT('Ctrl Pts',(-22.0249999999917,-1.56327322564198,11.9615672620708));
#7535=CARTESIAN_POINT('Ctrl Pts',(-21.7249999999917,-1.56799733638753,11.9096753001224));
#7536=CARTESIAN_POINT('Ctrl Pts',(-22.0249999999917,-1.56799733638753,11.9096753001224));
#7537=CARTESIAN_POINT('',(-22.0249999999917,-1.55175909399973,12.1958726644527));
#7538=CARTESIAN_POINT('Ctrl Pts',(-22.0249999999917,-1.55175909399973,12.1958726644527));
#7539=CARTESIAN_POINT('Ctrl Pts',(-22.0249999999917,-1.55264895383856,12.152376496237));
#7540=CARTESIAN_POINT('Ctrl Pts',(-22.0249999999917,-1.55460452580272,12.0567885357518));
#7541=CARTESIAN_POINT('Ctrl Pts',(-22.0249999999917,-1.56327322564198,11.9615672620708));
#7542=CARTESIAN_POINT('Ctrl Pts',(-22.0249999999917,-1.56799733638753,11.9096753001224));
#7543=CARTESIAN_POINT('',(-22.0249999999917,-1.55175909399973,12.1958726644527));
#7544=CARTESIAN_POINT('Ctrl Pts',(-21.7249999999917,-1.60047367215139,12.8839647769939));
#7545=CARTESIAN_POINT('Ctrl Pts',(-22.0249999999917,-1.60047367215139,12.8839647769939));
#7546=CARTESIAN_POINT('Ctrl Pts',(-21.7249999999917,-1.58640334642416,12.7502952347627));
#7547=CARTESIAN_POINT('Ctrl Pts',(-22.0249999999917,-1.58640334642416,12.7502952347627));
#7548=CARTESIAN_POINT('Ctrl Pts',(-21.7249999999917,-1.56231514956383,12.521454885938));
#7549=CARTESIAN_POINT('Ctrl Pts',(-22.0249999999917,-1.56231514956383,12.521454885938));
#7550=CARTESIAN_POINT('Ctrl Pts',(-21.7249999999917,-1.55485969194422,12.2915049354813));
#7551=CARTESIAN_POINT('Ctrl Pts',(-22.0249999999917,-1.55485969194422,12.2915049354813));
#7552=CARTESIAN_POINT('Ctrl Pts',(-21.7249999999917,-1.55175909399973,12.1958726644527));
#7553=CARTESIAN_POINT('Ctrl Pts',(-22.0249999999917,-1.55175909399973,12.1958726644527));
#7554=CARTESIAN_POINT('',(-22.0249999999917,-1.60047367215139,12.8839647769939));
#7555=CARTESIAN_POINT('Ctrl Pts',(-22.0249999999917,-1.60047367215139,12.8839647769939));
#7556=CARTESIAN_POINT('Ctrl Pts',(-22.0249999999917,-1.58640334642416,12.7502952347627));
#7557=CARTESIAN_POINT('Ctrl Pts',(-22.0249999999917,-1.56231514956383,12.521454885938));
#7558=CARTESIAN_POINT('Ctrl Pts',(-22.0249999999917,-1.55485969194422,12.2915049354813));
#7559=CARTESIAN_POINT('Ctrl Pts',(-22.0249999999917,-1.55175909399973,12.1958726644527));
#7560=CARTESIAN_POINT('',(-22.0249999999917,-1.60047367215139,12.8839647769939));
#7561=CARTESIAN_POINT('Ctrl Pts',(-21.7249999999917,-1.64918810129144,13.5740864276897));
#7562=CARTESIAN_POINT('Ctrl Pts',(-22.0249999999917,-1.64918810129144,13.5740864276897));
#7563=CARTESIAN_POINT('Ctrl Pts',(-21.7249999999917,-1.64609706076319,13.4779462493834));
#7564=CARTESIAN_POINT('Ctrl Pts',(-22.0249999999917,-1.64609706076319,13.4779462493834));
#7565=CARTESIAN_POINT('Ctrl Pts',(-21.7249999999917,-1.63868206053639,13.2473185893991));
#7566=CARTESIAN_POINT('Ctrl Pts',(-22.0249999999917,-1.63868206053639,13.2473185893991));
#7567=CARTESIAN_POINT('Ctrl Pts',(-21.7249999999917,-1.61454745147886,13.0178034859721));
#7568=CARTESIAN_POINT('Ctrl Pts',(-22.0249999999917,-1.61454745147886,13.0178034859721));
#7569=CARTESIAN_POINT('Ctrl Pts',(-21.7249999999917,-1.60047367215139,12.8839647769939));
#7570=CARTESIAN_POINT('Ctrl Pts',(-22.0249999999917,-1.60047367215139,12.8839647769939));
#7571=CARTESIAN_POINT('',(-22.0249999999917,-1.64918810129144,13.5740864276897));
#7572=CARTESIAN_POINT('Ctrl Pts',(-22.0249999999917,-1.64918810129144,13.5740864276897));
#7573=CARTESIAN_POINT('Ctrl Pts',(-22.0249999999917,-1.64609706076319,13.4779462493834));
#7574=CARTESIAN_POINT('Ctrl Pts',(-22.0249999999917,-1.63868206053639,13.2473185893991));
#7575=CARTESIAN_POINT('Ctrl Pts',(-22.0249999999917,-1.61454745147886,13.0178034859721));
#7576=CARTESIAN_POINT('Ctrl Pts',(-22.0249999999917,-1.60047367215139,12.8839647769939));
#7577=CARTESIAN_POINT('',(-22.0249999999917,-1.64918810129144,13.5740864276897));
#7578=CARTESIAN_POINT('Ctrl Pts',(-21.7249999999917,-1.64208397269226,13.7770634889614));
#7579=CARTESIAN_POINT('Ctrl Pts',(-22.0249999999917,-1.64208397269226,13.7770634889614));
#7580=CARTESIAN_POINT('Ctrl Pts',(-21.7249999999917,-1.64413527389646,13.7374920518266));
#7581=CARTESIAN_POINT('Ctrl Pts',(-22.0249999999917,-1.64413527389646,13.7374920518266));
#7582=CARTESIAN_POINT('Ctrl Pts',(-21.7249999999917,-1.64764063317703,13.6698705323139));
#7583=CARTESIAN_POINT('Ctrl Pts',(-22.0249999999917,-1.64764063317703,13.6698705323139));
#7584=CARTESIAN_POINT('Ctrl Pts',(-21.7249999999917,-1.64873439708634,13.6021694948916));
#7585=CARTESIAN_POINT('Ctrl Pts',(-22.0249999999917,-1.64873439708634,13.6021694948916));
#7586=CARTESIAN_POINT('Ctrl Pts',(-21.7249999999917,-1.64918810129144,13.5740864276897));
#7587=CARTESIAN_POINT('Ctrl Pts',(-22.0249999999917,-1.64918810129144,13.5740864276897));
#7588=CARTESIAN_POINT('',(-22.0249999999917,-1.64208397269226,13.7770634889614));
#7589=CARTESIAN_POINT('Ctrl Pts',(-22.0249999999917,-1.64208397269226,13.7770634889614));
#7590=CARTESIAN_POINT('Ctrl Pts',(-22.0249999999917,-1.64413527389646,13.7374920518266));
#7591=CARTESIAN_POINT('Ctrl Pts',(-22.0249999999917,-1.64764063317703,13.6698705323139));
#7592=CARTESIAN_POINT('Ctrl Pts',(-22.0249999999917,-1.64873439708634,13.6021694948916));
#7593=CARTESIAN_POINT('Ctrl Pts',(-22.0249999999917,-1.64918810129144,13.5740864276897));
#7594=CARTESIAN_POINT('',(-22.0249999999917,-1.64208397269226,13.7770634889614));
#7595=CARTESIAN_POINT('Ctrl Pts',(-21.7249999999917,-1.63497969508147,13.9800402522099));
#7596=CARTESIAN_POINT('Ctrl Pts',(-22.0249999999917,-1.63497969508147,13.9800402522099));
#7597=CARTESIAN_POINT('Ctrl Pts',(-21.7249999999917,-1.63543339217974,13.951957234351));
#7598=CARTESIAN_POINT('Ctrl Pts',(-22.0249999999917,-1.63543339217974,13.951957234351));
#7599=CARTESIAN_POINT('Ctrl Pts',(-21.7249999999917,-1.63652713932244,13.8842562932206));
#7600=CARTESIAN_POINT('Ctrl Pts',(-22.0249999999917,-1.63652713932244,13.8842562932206));
#7601=CARTESIAN_POINT('Ctrl Pts',(-21.7249999999917,-1.64003260735863,13.8166348757635));
#7602=CARTESIAN_POINT('Ctrl Pts',(-22.0249999999917,-1.64003260735863,13.8166348757635));
#7603=CARTESIAN_POINT('Ctrl Pts',(-21.7249999999917,-1.64208397269226,13.7770634889614));
#7604=CARTESIAN_POINT('Ctrl Pts',(-22.0249999999917,-1.64208397269226,13.7770634889614));
#7605=CARTESIAN_POINT('',(-22.0249999999917,-1.63497969508147,13.9800402522099));
#7606=CARTESIAN_POINT('Ctrl Pts',(-22.0249999999917,-1.63497969508147,13.9800402522099));
#7607=CARTESIAN_POINT('Ctrl Pts',(-22.0249999999917,-1.63543339217974,13.951957234351));
#7608=CARTESIAN_POINT('Ctrl Pts',(-22.0249999999917,-1.63652713932244,13.8842562932206));
#7609=CARTESIAN_POINT('Ctrl Pts',(-22.0249999999917,-1.64003260735863,13.8166348757635));
#7610=CARTESIAN_POINT('Ctrl Pts',(-22.0249999999917,-1.64208397269226,13.7770634889614));
#7611=CARTESIAN_POINT('',(-22.0249999999917,-1.63497969508147,13.9800402522099));
#7612=CARTESIAN_POINT('Ctrl Pts',(-21.7249999999917,-1.64715826511358,14.1190797090542));
#7613=CARTESIAN_POINT('Ctrl Pts',(-22.0249999999917,-1.64715826511358,14.1190797090542));
#7614=CARTESIAN_POINT('Ctrl Pts',(-21.7249999999917,-1.64363997998649,14.0921397590117));
#7615=CARTESIAN_POINT('Ctrl Pts',(-22.0249999999917,-1.64363997998649,14.0921397590117));
#7616=CARTESIAN_POINT('Ctrl Pts',(-21.7249999999917,-1.63760851302885,14.0459560608031));
#7617=CARTESIAN_POINT('Ctrl Pts',(-22.0249999999917,-1.63760851302885,14.0459560608031));
#7618=CARTESIAN_POINT('Ctrl Pts',(-21.7249999999917,-1.63575289216247,13.9994276391708));
#7619=CARTESIAN_POINT('Ctrl Pts',(-22.0249999999917,-1.63575289216247,13.9994276391708));
#7620=CARTESIAN_POINT('Ctrl Pts',(-21.7249999999917,-1.63497969508147,13.9800402522099));
#7621=CARTESIAN_POINT('Ctrl Pts',(-22.0249999999917,-1.63497969508147,13.9800402522099));
#7622=CARTESIAN_POINT('',(-22.0249999999917,-1.64715826511358,14.1190797090542));
#7623=CARTESIAN_POINT('Ctrl Pts',(-22.0249999999917,-1.64715826511358,14.1190797090542));
#7624=CARTESIAN_POINT('Ctrl Pts',(-22.0249999999917,-1.64363997998649,14.0921397590117));
#7625=CARTESIAN_POINT('Ctrl Pts',(-22.0249999999917,-1.63760851302885,14.0459560608031));
#7626=CARTESIAN_POINT('Ctrl Pts',(-22.0249999999917,-1.63575289216247,13.9994276391708));
#7627=CARTESIAN_POINT('Ctrl Pts',(-22.0249999999917,-1.63497969508147,13.9800402522099));
#7628=CARTESIAN_POINT('',(-22.0249999999917,-1.64715826511358,14.1190797090542));
#7629=CARTESIAN_POINT('Ctrl Pts',(-21.7249999999917,-1.6593369841573,14.2581188678753));
#7630=CARTESIAN_POINT('Ctrl Pts',(-22.0249999999917,-1.6593369841573,14.2581188678753));
#7631=CARTESIAN_POINT('Ctrl Pts',(-21.7249999999917,-1.65856379390698,14.2387315297585));
#7632=CARTESIAN_POINT('Ctrl Pts',(-22.0249999999917,-1.65856379390698,14.2387315297585));
#7633=CARTESIAN_POINT('Ctrl Pts',(-21.7249999999917,-1.65670818841105,14.1922031997047));
#7634=CARTESIAN_POINT('Ctrl Pts',(-22.0249999999917,-1.65670818841105,14.1922031997047));
#7635=CARTESIAN_POINT('Ctrl Pts',(-21.7249999999917,-1.6506766141931,14.1460196077328));
#7636=CARTESIAN_POINT('Ctrl Pts',(-22.0249999999917,-1.6506766141931,14.1460196077328));
#7637=CARTESIAN_POINT('Ctrl Pts',(-21.7249999999917,-1.64715826511358,14.1190797090542));
#7638=CARTESIAN_POINT('Ctrl Pts',(-22.0249999999917,-1.64715826511358,14.1190797090542));
#7639=CARTESIAN_POINT('',(-22.0249999999917,-1.6593369841573,14.2581188678753));
#7640=CARTESIAN_POINT('Ctrl Pts',(-22.0249999999917,-1.6593369841573,14.2581188678753));
#7641=CARTESIAN_POINT('Ctrl Pts',(-22.0249999999917,-1.65856379390698,14.2387315297585));
#7642=CARTESIAN_POINT('Ctrl Pts',(-22.0249999999917,-1.65670818841105,14.1922031997047));
#7643=CARTESIAN_POINT('Ctrl Pts',(-22.0249999999917,-1.6506766141931,14.1460196077328));
#7644=CARTESIAN_POINT('Ctrl Pts',(-22.0249999999917,-1.64715826511358,14.1190797090542));
#7645=CARTESIAN_POINT('',(-22.0249999999917,-1.6593369841573,14.2581188678753));
#7646=CARTESIAN_POINT('Ctrl Pts',(-21.7249999999917,-1.52334243059131,14.4144111871731));
#7647=CARTESIAN_POINT('Ctrl Pts',(-22.0249999999917,-1.52334243059131,14.4144111871731));
#7648=CARTESIAN_POINT('Ctrl Pts',(-21.7249999999917,-1.56297448352355,14.4065682302237));
#7649=CARTESIAN_POINT('Ctrl Pts',(-22.0249999999917,-1.56297448352355,14.4065682302237));
#7650=CARTESIAN_POINT('Ctrl Pts',(-21.7249999999917,-1.64689261826021,14.3899613105889));
#7651=CARTESIAN_POINT('Ctrl Pts',(-22.0249999999917,-1.64689261826021,14.3899613105889));
#7652=CARTESIAN_POINT('Ctrl Pts',(-21.7249999999917,-1.65503827838153,14.3036617163154));
#7653=CARTESIAN_POINT('Ctrl Pts',(-22.0249999999917,-1.65503827838153,14.3036617163154));
#7654=CARTESIAN_POINT('Ctrl Pts',(-21.7249999999917,-1.6593369841573,14.2581188678753));
#7655=CARTESIAN_POINT('Ctrl Pts',(-22.0249999999917,-1.6593369841573,14.2581188678753));
#7656=CARTESIAN_POINT('',(-22.0249999999917,-1.52334243059131,14.4144111871731));
#7657=CARTESIAN_POINT('Ctrl Pts',(-22.0249999999917,-1.52334243059131,14.4144111871731));
#7658=CARTESIAN_POINT('Ctrl Pts',(-22.0249999999917,-1.56297448352355,14.4065682302237));
#7659=CARTESIAN_POINT('Ctrl Pts',(-22.0249999999917,-1.64689261826021,14.3899613105889));
#7660=CARTESIAN_POINT('Ctrl Pts',(-22.0249999999917,-1.65503827838153,14.3036617163154));
#7661=CARTESIAN_POINT('Ctrl Pts',(-22.0249999999917,-1.6593369841573,14.2581188678753));
#7662=CARTESIAN_POINT('',(-22.0249999999917,-1.52334243059131,14.4144111871731));
#7663=CARTESIAN_POINT('Ctrl Pts',(-21.7249999999917,-1.18234097957585,14.2337614297878));
#7664=CARTESIAN_POINT('Ctrl Pts',(-22.0249999999917,-1.18234097957585,14.2337614297878));
#7665=CARTESIAN_POINT('Ctrl Pts',(-21.7249999999917,-1.23690515037513,14.286189873852));
#7666=CARTESIAN_POINT('Ctrl Pts',(-22.0249999999917,-1.23690515037513,14.286189873852));
#7667=CARTESIAN_POINT('Ctrl Pts',(-21.7249999999917,-1.33405465865458,14.3795367988778));
#7668=CARTESIAN_POINT('Ctrl Pts',(-22.0249999999917,-1.33405465865458,14.3795367988778));
#7669=CARTESIAN_POINT('Ctrl Pts',(-21.7249999999917,-1.46565543344343,14.4037829320167));
#7670=CARTESIAN_POINT('Ctrl Pts',(-22.0249999999917,-1.46565543344343,14.4037829320167));
#7671=CARTESIAN_POINT('Ctrl Pts',(-21.7249999999917,-1.52334243059131,14.4144111871731));
#7672=CARTESIAN_POINT('Ctrl Pts',(-22.0249999999917,-1.52334243059131,14.4144111871731));
#7673=CARTESIAN_POINT('',(-22.0249999999917,-1.18234097957585,14.2337614297878));
#7674=CARTESIAN_POINT('Ctrl Pts',(-22.0249999999917,-1.18234097957585,14.2337614297878));
#7675=CARTESIAN_POINT('Ctrl Pts',(-22.0249999999917,-1.23690515037513,14.286189873852));
#7676=CARTESIAN_POINT('Ctrl Pts',(-22.0249999999917,-1.33405465865458,14.3795367988778));
#7677=CARTESIAN_POINT('Ctrl Pts',(-22.0249999999917,-1.46565543344343,14.4037829320167));
#7678=CARTESIAN_POINT('Ctrl Pts',(-22.0249999999917,-1.52334243059131,14.4144111871731));
#7679=CARTESIAN_POINT('',(-22.0249999999917,-1.18234097957585,14.2337614297878));
#7680=CARTESIAN_POINT('Ctrl Pts',(-21.7249999999917,-0.871786214411015,
13.9861297607433));
#7681=CARTESIAN_POINT('Ctrl Pts',(-22.0249999999917,-0.871786214411015,
13.9861297607433));
#7682=CARTESIAN_POINT('Ctrl Pts',(-21.7249999999917,-0.916232574232618,
14.0192435110729));
#7683=CARTESIAN_POINT('Ctrl Pts',(-22.0249999999917,-0.916232574232618,
14.0192435110729));
#7684=CARTESIAN_POINT('Ctrl Pts',(-21.7249999999917,-1.02245017964935,14.0983785241649));
#7685=CARTESIAN_POINT('Ctrl Pts',(-22.0249999999917,-1.02245017964935,14.0983785241649));
#7686=CARTESIAN_POINT('Ctrl Pts',(-21.7249999999917,-1.12354747148784,14.1839797290247));
#7687=CARTESIAN_POINT('Ctrl Pts',(-22.0249999999917,-1.12354747148784,14.1839797290247));
#7688=CARTESIAN_POINT('Ctrl Pts',(-21.7249999999917,-1.18234097957585,14.2337614297878));
#7689=CARTESIAN_POINT('Ctrl Pts',(-22.0249999999917,-1.18234097957585,14.2337614297878));
#7690=CARTESIAN_POINT('',(-22.0249999999917,-0.871786214411015,13.9861297607433));
#7691=CARTESIAN_POINT('Ctrl Pts',(-22.0249999999917,-0.871786214411015,
13.9861297607433));
#7692=CARTESIAN_POINT('Ctrl Pts',(-22.0249999999917,-0.916232574232618,
14.0192435110729));
#7693=CARTESIAN_POINT('Ctrl Pts',(-22.0249999999917,-1.02245017964935,14.0983785241649));
#7694=CARTESIAN_POINT('Ctrl Pts',(-22.0249999999917,-1.12354747148784,14.1839797290247));
#7695=CARTESIAN_POINT('Ctrl Pts',(-22.0249999999917,-1.18234097957585,14.2337614297878));
#7696=CARTESIAN_POINT('',(-22.0249999999917,-0.871786214411015,13.9861297607433));
#7697=CARTESIAN_POINT('Ctrl Pts',(-21.7249999999917,-0.697226002812157,
13.7547358870517));
#7698=CARTESIAN_POINT('Ctrl Pts',(-22.0249999999917,-0.697226002812157,
13.7547358870517));
#7699=CARTESIAN_POINT('Ctrl Pts',(-21.7249999999917,-0.709282217853478,
13.7916173093852));
#7700=CARTESIAN_POINT('Ctrl Pts',(-22.0249999999917,-0.709282217853478,
13.7916173093852));
#7701=CARTESIAN_POINT('Ctrl Pts',(-21.7249999999917,-0.740507401769758,
13.8871389296872));
#7702=CARTESIAN_POINT('Ctrl Pts',(-22.0249999999917,-0.740507401769758,
13.8871389296872));
#7703=CARTESIAN_POINT('Ctrl Pts',(-21.7249999999917,-0.821850272757497,
13.9484755478174));
#7704=CARTESIAN_POINT('Ctrl Pts',(-22.0249999999917,-0.821850272757497,
13.9484755478174));
#7705=CARTESIAN_POINT('Ctrl Pts',(-21.7249999999917,-0.871786214411015,
13.9861297607433));
#7706=CARTESIAN_POINT('Ctrl Pts',(-22.0249999999917,-0.871786214411015,
13.9861297607433));
#7707=CARTESIAN_POINT('',(-22.0249999999917,-0.697226002812157,13.7547358870517));
#7708=CARTESIAN_POINT('Ctrl Pts',(-22.0249999999917,-0.697226002812157,
13.7547358870517));
#7709=CARTESIAN_POINT('Ctrl Pts',(-22.0249999999917,-0.709282217853478,
13.7916173093852));
#7710=CARTESIAN_POINT('Ctrl Pts',(-22.0249999999917,-0.740507401769758,
13.8871389296872));
#7711=CARTESIAN_POINT('Ctrl Pts',(-22.0249999999917,-0.821850272757497,
13.9484755478174));
#7712=CARTESIAN_POINT('Ctrl Pts',(-22.0249999999917,-0.871786214411015,
13.9861297607433));
#7713=CARTESIAN_POINT('',(-22.0249999999917,-0.697226002812157,13.7547358870517));
#7714=CARTESIAN_POINT('Ctrl Pts',(-21.7249999999917,-0.757104195654172,
13.6146818101417));
#7715=CARTESIAN_POINT('Ctrl Pts',(-22.0249999999917,-0.757104195654172,
13.6146818101417));
#7716=CARTESIAN_POINT('Ctrl Pts',(-21.7249999999917,-0.739642028245952,
13.6354489208169));
#7717=CARTESIAN_POINT('Ctrl Pts',(-22.0249999999917,-0.739642028245952,
13.6354489208169));
#7718=CARTESIAN_POINT('Ctrl Pts',(-21.7249999999917,-0.705444183761549,
13.6761191540507));
#7719=CARTESIAN_POINT('Ctrl Pts',(-22.0249999999917,-0.705444183761549,
13.6761191540507));
#7720=CARTESIAN_POINT('Ctrl Pts',(-21.7249999999917,-0.699926323118089,
13.7289040926661));
#7721=CARTESIAN_POINT('Ctrl Pts',(-22.0249999999917,-0.699926323118089,
13.7289040926661));
#7722=CARTESIAN_POINT('Ctrl Pts',(-21.7249999999917,-0.697226002812157,
13.7547358870517));
#7723=CARTESIAN_POINT('Ctrl Pts',(-22.0249999999917,-0.697226002812157,
13.7547358870517));
#7724=CARTESIAN_POINT('',(-22.0249999999917,-0.757104195654172,13.6146818101417));
#7725=CARTESIAN_POINT('Ctrl Pts',(-22.0249999999917,-0.757104195654172,
13.6146818101417));
#7726=CARTESIAN_POINT('Ctrl Pts',(-22.0249999999917,-0.739642028245952,
13.6354489208169));
#7727=CARTESIAN_POINT('Ctrl Pts',(-22.0249999999917,-0.705444183761549,
13.6761191540507));
#7728=CARTESIAN_POINT('Ctrl Pts',(-22.0249999999917,-0.699926323118089,
13.7289040926661));
#7729=CARTESIAN_POINT('Ctrl Pts',(-22.0249999999917,-0.697226002812157,
13.7547358870517));
#7730=CARTESIAN_POINT('',(-22.0249999999917,-0.757104195654172,13.6146818101417));
#7731=CARTESIAN_POINT('Ctrl Pts',(-21.7249999999917,-0.898173227906011,
13.5537886619579));
#7732=CARTESIAN_POINT('Ctrl Pts',(-22.0249999999917,-0.898173227906011,
13.5537886619579));
#7733=CARTESIAN_POINT('Ctrl Pts',(-21.7249999999917,-0.871859965424582,
13.5564672834655));
#7734=CARTESIAN_POINT('Ctrl Pts',(-22.0249999999917,-0.871859965424582,
13.5564672834655));
#7735=CARTESIAN_POINT('Ctrl Pts',(-21.7249999999917,-0.818473700911175,
13.561901865986));
#7736=CARTESIAN_POINT('Ctrl Pts',(-22.0249999999917,-0.818473700911175,
13.561901865986));
#7737=CARTESIAN_POINT('Ctrl Pts',(-21.7249999999917,-0.777753858668278,
13.5969223699091));
#7738=CARTESIAN_POINT('Ctrl Pts',(-22.0249999999917,-0.777753858668278,
13.5969223699091));
#7739=CARTESIAN_POINT('Ctrl Pts',(-21.7249999999917,-0.757104195654172,
13.6146818101417));
#7740=CARTESIAN_POINT('Ctrl Pts',(-22.0249999999917,-0.757104195654172,
13.6146818101417));
#7741=CARTESIAN_POINT('',(-22.0249999999917,-0.898173227906011,13.5537886619579));
#7742=CARTESIAN_POINT('Ctrl Pts',(-22.0249999999917,-0.898173227906011,
13.5537886619579));
#7743=CARTESIAN_POINT('Ctrl Pts',(-22.0249999999917,-0.871859965424582,
13.5564672834655));
#7744=CARTESIAN_POINT('Ctrl Pts',(-22.0249999999917,-0.818473700911175,
13.561901865986));
#7745=CARTESIAN_POINT('Ctrl Pts',(-22.0249999999917,-0.777753858668278,
13.5969223699091));
#7746=CARTESIAN_POINT('Ctrl Pts',(-22.0249999999917,-0.757104195654172,
13.6146818101417));
#7747=CARTESIAN_POINT('',(-22.0249999999917,-0.898173227906011,13.5537886619579));
#7748=CARTESIAN_POINT('Ctrl Pts',(-21.7249999999917,-1.24526388943172,13.7648847699177));
#7749=CARTESIAN_POINT('Ctrl Pts',(-22.0249999999917,-1.24526388943172,13.7648847699177));
#7750=CARTESIAN_POINT('Ctrl Pts',(-21.7249999999917,-1.17422082061801,13.7063626078487));
#7751=CARTESIAN_POINT('Ctrl Pts',(-22.0249999999917,-1.17422082061801,13.7063626078487));
#7752=CARTESIAN_POINT('Ctrl Pts',(-21.7249999999917,-1.06806892123359,13.6189193320523));
#7753=CARTESIAN_POINT('Ctrl Pts',(-22.0249999999917,-1.06806892123359,13.6189193320523));
#7754=CARTESIAN_POINT('Ctrl Pts',(-21.7249999999917,-0.940398969721338,
13.5699761874084));
#7755=CARTESIAN_POINT('Ctrl Pts',(-22.0249999999917,-0.940398969721338,
13.5699761874084));
#7756=CARTESIAN_POINT('Ctrl Pts',(-21.7249999999917,-0.898173227906011,
13.5537886619579));
#7757=CARTESIAN_POINT('Ctrl Pts',(-22.0249999999917,-0.898173227906011,
13.5537886619579));
#7758=CARTESIAN_POINT('',(-22.0249999999917,-1.24526388943172,13.7648847699177));
#7759=CARTESIAN_POINT('Ctrl Pts',(-22.0249999999917,-1.24526388943172,13.7648847699177));
#7760=CARTESIAN_POINT('Ctrl Pts',(-22.0249999999917,-1.17422082061801,13.7063626078487));
#7761=CARTESIAN_POINT('Ctrl Pts',(-22.0249999999917,-1.06806892123359,13.6189193320523));
#7762=CARTESIAN_POINT('Ctrl Pts',(-22.0249999999917,-0.940398969721338,
13.5699761874084));
#7763=CARTESIAN_POINT('Ctrl Pts',(-22.0249999999917,-0.898173227906011,
13.5537886619579));
#7764=CARTESIAN_POINT('',(-22.0249999999917,-1.24526388943172,13.7648847699177));
#7765=CARTESIAN_POINT('Ctrl Pts',(-21.7249999999917,-1.20263874530774,12.9793637990963));
#7766=CARTESIAN_POINT('Ctrl Pts',(-22.0249999999917,-1.20263874530774,12.9793637990963));
#7767=CARTESIAN_POINT('Ctrl Pts',(-21.7249999999917,-1.21553470815575,13.130992518552));
#7768=CARTESIAN_POINT('Ctrl Pts',(-22.0249999999917,-1.21553470815575,13.130992518552));
#7769=CARTESIAN_POINT('Ctrl Pts',(-21.7249999999917,-1.23776944575004,13.3924250946683));
#7770=CARTESIAN_POINT('Ctrl Pts',(-22.0249999999917,-1.23776944575004,13.3924250946683));
#7771=CARTESIAN_POINT('Ctrl Pts',(-21.7249999999917,-1.2430471920736,13.6547191040992));
#7772=CARTESIAN_POINT('Ctrl Pts',(-22.0249999999917,-1.2430471920736,13.6547191040992));
#7773=CARTESIAN_POINT('Ctrl Pts',(-21.7249999999917,-1.24526388943172,13.7648847699177));
#7774=CARTESIAN_POINT('Ctrl Pts',(-22.0249999999917,-1.24526388943172,13.7648847699177));
#7775=CARTESIAN_POINT('',(-22.0249999999917,-1.20263874530774,12.9793637990963));
#7776=CARTESIAN_POINT('Ctrl Pts',(-22.0249999999917,-1.20263874530774,12.9793637990963));
#7777=CARTESIAN_POINT('Ctrl Pts',(-22.0249999999917,-1.21553470815575,13.130992518552));
#7778=CARTESIAN_POINT('Ctrl Pts',(-22.0249999999917,-1.23776944575004,13.3924250946683));
#7779=CARTESIAN_POINT('Ctrl Pts',(-22.0249999999917,-1.2430471920736,13.6547191040992));
#7780=CARTESIAN_POINT('Ctrl Pts',(-22.0249999999917,-1.24526388943172,13.7648847699177));
#7781=CARTESIAN_POINT('',(-22.0249999999917,-1.20263874530774,12.9793637990963));
#7782=CARTESIAN_POINT('Ctrl Pts',(-21.7249999999917,-1.15595400333392,12.1958726644527));
#7783=CARTESIAN_POINT('Ctrl Pts',(-22.0249999999917,-1.15595400333392,12.1958726644527));
#7784=CARTESIAN_POINT('Ctrl Pts',(-21.7249999999917,-1.15894326241742,12.3041775801303));
#7785=CARTESIAN_POINT('Ctrl Pts',(-22.0249999999917,-1.15894326241742,12.3041775801303));
#7786=CARTESIAN_POINT('Ctrl Pts',(-21.7249999999917,-1.16616440196096,12.5658092712994));
#7787=CARTESIAN_POINT('Ctrl Pts',(-22.0249999999917,-1.16616440196096,12.5658092712994));
#7788=CARTESIAN_POINT('Ctrl Pts',(-21.7249999999917,-1.18916150866153,12.8265557777362));
#7789=CARTESIAN_POINT('Ctrl Pts',(-22.0249999999917,-1.18916150866153,12.8265557777362));
#7790=CARTESIAN_POINT('Ctrl Pts',(-21.7249999999917,-1.20263874530774,12.9793637990963));
#7791=CARTESIAN_POINT('Ctrl Pts',(-22.0249999999917,-1.20263874530774,12.9793637990963));
#7792=CARTESIAN_POINT('',(-22.0249999999917,-1.15595400333392,12.1958726644527));
#7793=CARTESIAN_POINT('Ctrl Pts',(-22.0249999999917,-1.15595400333392,12.1958726644527));
#7794=CARTESIAN_POINT('Ctrl Pts',(-22.0249999999917,-1.15894326241742,12.3041775801303));
#7795=CARTESIAN_POINT('Ctrl Pts',(-22.0249999999917,-1.16616440196096,12.5658092712994));
#7796=CARTESIAN_POINT('Ctrl Pts',(-22.0249999999917,-1.18916150866153,12.8265557777362));
#7797=CARTESIAN_POINT('Ctrl Pts',(-22.0249999999917,-1.20263874530774,12.9793637990963));
#7798=CARTESIAN_POINT('',(-22.0249999999917,-1.15595400333392,12.1958726644527));
#7799=CARTESIAN_POINT('Ctrl Pts',(-21.7249999999917,-1.17320701479901,11.9096753001224));
#7800=CARTESIAN_POINT('Ctrl Pts',(-22.0249999999917,-1.17320701479901,11.9096753001224));
#7801=CARTESIAN_POINT('Ctrl Pts',(-21.7249999999917,-1.16822355548192,11.965286701075));
#7802=CARTESIAN_POINT('Ctrl Pts',(-22.0249999999917,-1.16822355548192,11.965286701075));
#7803=CARTESIAN_POINT('Ctrl Pts',(-21.7249999999917,-1.15968880433751,12.0605276647756));
#7804=CARTESIAN_POINT('Ctrl Pts',(-22.0249999999917,-1.15968880433751,12.0605276647756));
#7805=CARTESIAN_POINT('Ctrl Pts',(-21.7249999999917,-1.15705141530835,12.1561036852801));
#7806=CARTESIAN_POINT('Ctrl Pts',(-22.0249999999917,-1.15705141530835,12.1561036852801));
#7807=CARTESIAN_POINT('Ctrl Pts',(-21.7249999999917,-1.15595400333392,12.1958726644527));
#7808=CARTESIAN_POINT('Ctrl Pts',(-22.0249999999917,-1.15595400333392,12.1958726644527));
#7809=CARTESIAN_POINT('',(-22.0249999999917,-1.17320701479901,11.9096753001224));
#7810=CARTESIAN_POINT('Ctrl Pts',(-22.0249999999917,-1.17320701479901,11.9096753001224));
#7811=CARTESIAN_POINT('Ctrl Pts',(-22.0249999999917,-1.16822355548192,11.965286701075));
#7812=CARTESIAN_POINT('Ctrl Pts',(-22.0249999999917,-1.15968880433751,12.0605276647756));
#7813=CARTESIAN_POINT('Ctrl Pts',(-22.0249999999917,-1.15705141530835,12.1561036852801));
#7814=CARTESIAN_POINT('Ctrl Pts',(-22.0249999999917,-1.15595400333392,12.1958726644527));
#7815=CARTESIAN_POINT('',(-22.0249999999917,-1.17320701479901,11.9096753001224));
#7816=CARTESIAN_POINT('Ctrl Pts',(-21.7249999999917,-1.19046010076991,11.6214478015911));
#7817=CARTESIAN_POINT('Ctrl Pts',(-22.0249999999917,-1.19046010076991,11.6214478015911));
#7818=CARTESIAN_POINT('Ctrl Pts',(-21.7249999999917,-1.18937088445182,11.6617246581434));
#7819=CARTESIAN_POINT('Ctrl Pts',(-22.0249999999917,-1.18937088445182,11.6617246581434));
#7820=CARTESIAN_POINT('Ctrl Pts',(-21.7249999999917,-1.18676787617622,11.7579782573418));
#7821=CARTESIAN_POINT('Ctrl Pts',(-22.0249999999917,-1.18676787617622,11.7579782573418));
#7822=CARTESIAN_POINT('Ctrl Pts',(-21.7249999999917,-1.1781934901506,11.8538946573083));
#7823=CARTESIAN_POINT('Ctrl Pts',(-22.0249999999917,-1.1781934901506,11.8538946573083));
#7824=CARTESIAN_POINT('Ctrl Pts',(-21.7249999999917,-1.17320701479901,11.9096753001224));
#7825=CARTESIAN_POINT('Ctrl Pts',(-22.0249999999917,-1.17320701479901,11.9096753001224));
#7826=CARTESIAN_POINT('',(-22.0249999999917,-1.19046010076991,11.6214478015911));
#7827=CARTESIAN_POINT('Ctrl Pts',(-22.0249999999917,-1.19046010076991,11.6214478015911));
#7828=CARTESIAN_POINT('Ctrl Pts',(-22.0249999999917,-1.18937088445182,11.6617246581434));
#7829=CARTESIAN_POINT('Ctrl Pts',(-22.0249999999917,-1.18676787617622,11.7579782573418));
#7830=CARTESIAN_POINT('Ctrl Pts',(-22.0249999999917,-1.1781934901506,11.8538946573083));
#7831=CARTESIAN_POINT('Ctrl Pts',(-22.0249999999917,-1.17320701479901,11.9096753001224));
#7832=CARTESIAN_POINT('',(-22.0249999999917,-1.19046010076991,11.6214478015911));
#7833=CARTESIAN_POINT('Origin',(-22.0249999999917,-1.14884983748188,11.6234776377689));
#7834=CARTESIAN_POINT('',(-22.0249999999917,-1.10723957419386,11.6255074739467));
#7835=CARTESIAN_POINT('',(-22.0249999999917,-0.542293508683126,11.6530667314875));
#7836=CARTESIAN_POINT('',(-22.0249999999917,-1.10723957419386,11.6255074739467));
#7837=CARTESIAN_POINT('Origin',(-22.0249999999917,-1.05852507054797,11.6265223920356));
#7838=CARTESIAN_POINT('',(-22.0249999999917,-1.00981056690207,11.6275373101245));
#7839=CARTESIAN_POINT('',(-22.0249999999917,-0.515190854631771,11.6378422184279));
#7840=CARTESIAN_POINT('',(-22.0249999999917,-1.00981056690207,11.6275373101245));
#7841=CARTESIAN_POINT('Ctrl Pts',(-21.7249999999917,-0.691136680543345,
11.422530412675));
#7842=CARTESIAN_POINT('Ctrl Pts',(-22.0249999999917,-0.691136680543345,
11.422530412675));
#7843=CARTESIAN_POINT('Ctrl Pts',(-21.7249999999917,-0.711496835055268,
11.4818990938865));
#7844=CARTESIAN_POINT('Ctrl Pts',(-22.0249999999917,-0.711496835055268,
11.4818990938865));
#7845=CARTESIAN_POINT('Ctrl Pts',(-21.7249999999917,-0.760596497921601,
11.625070022702));
#7846=CARTESIAN_POINT('Ctrl Pts',(-22.0249999999917,-0.760596497921601,
11.625070022702));
#7847=CARTESIAN_POINT('Ctrl Pts',(-21.7249999999917,-0.91779661422021,11.6266263468347));
#7848=CARTESIAN_POINT('Ctrl Pts',(-22.0249999999917,-0.91779661422021,11.6266263468347));
#7849=CARTESIAN_POINT('Ctrl Pts',(-21.7249999999917,-1.00981056690207,11.6275373101245));
#7850=CARTESIAN_POINT('Ctrl Pts',(-22.0249999999917,-1.00981056690207,11.6275373101245));
#7851=CARTESIAN_POINT('',(-22.0249999999917,-0.691136680543345,11.422530412675));
#7852=CARTESIAN_POINT('Ctrl Pts',(-22.0249999999917,-0.691136680543345,
11.422530412675));
#7853=CARTESIAN_POINT('Ctrl Pts',(-22.0249999999917,-0.711496835055268,
11.4818990938865));
#7854=CARTESIAN_POINT('Ctrl Pts',(-22.0249999999917,-0.760596497921601,
11.625070022702));
#7855=CARTESIAN_POINT('Ctrl Pts',(-22.0249999999917,-0.91779661422021,11.6266263468347));
#7856=CARTESIAN_POINT('Ctrl Pts',(-22.0249999999917,-1.00981056690207,11.6275373101245));
#7857=CARTESIAN_POINT('',(-22.0249999999917,-0.691136680543345,11.422530412675));
#7858=CARTESIAN_POINT('Ctrl Pts',(-21.7249999999917,-0.794654935598306,
11.2682679295551));
#7859=CARTESIAN_POINT('Ctrl Pts',(-22.0249999999917,-0.794654935598306,
11.2682679295551));
#7860=CARTESIAN_POINT('Ctrl Pts',(-21.7249999999917,-0.764466682403243,
11.2842692907956));
#7861=CARTESIAN_POINT('Ctrl Pts',(-22.0249999999917,-0.764466682403243,
11.2842692907956));
#7862=CARTESIAN_POINT('Ctrl Pts',(-21.7249999999917,-0.702649979761965,
11.3170353930032));
#7863=CARTESIAN_POINT('Ctrl Pts',(-22.0249999999917,-0.702649979761965,
11.3170353930032));
#7864=CARTESIAN_POINT('Ctrl Pts',(-21.7249999999917,-0.695033595409023,
11.3868234356732));
#7865=CARTESIAN_POINT('Ctrl Pts',(-22.0249999999917,-0.695033595409023,
11.3868234356732));
#7866=CARTESIAN_POINT('Ctrl Pts',(-21.7249999999917,-0.691136680543345,
11.422530412675));
#7867=CARTESIAN_POINT('Ctrl Pts',(-22.0249999999917,-0.691136680543345,
11.422530412675));
#7868=CARTESIAN_POINT('',(-22.0249999999917,-0.794654935598306,11.2682679295551));
#7869=CARTESIAN_POINT('Ctrl Pts',(-22.0249999999917,-0.794654935598306,
11.2682679295551));
#7870=CARTESIAN_POINT('Ctrl Pts',(-22.0249999999917,-0.764466682403243,
11.2842692907956));
#7871=CARTESIAN_POINT('Ctrl Pts',(-22.0249999999917,-0.702649979761965,
11.3170353930032));
#7872=CARTESIAN_POINT('Ctrl Pts',(-22.0249999999917,-0.695033595409023,
11.3868234356732));
#7873=CARTESIAN_POINT('Ctrl Pts',(-22.0249999999917,-0.691136680543345,
11.422530412675));
#7874=CARTESIAN_POINT('',(-22.0249999999917,-0.794654935598306,11.2682679295551));
#7875=CARTESIAN_POINT('Ctrl Pts',(-21.7249999999917,-0.993572399020128,
11.2500000000011));
#7876=CARTESIAN_POINT('Ctrl Pts',(-22.0249999999917,-0.993572399020128,
11.2500000000011));
#7877=CARTESIAN_POINT('Ctrl Pts',(-21.7249999999917,-0.953141282957776,
11.2498820093138));
#7878=CARTESIAN_POINT('Ctrl Pts',(-22.0249999999917,-0.953141282957776,
11.2498820093138));
#7879=CARTESIAN_POINT('Ctrl Pts',(-21.7249999999917,-0.886168814941363,
11.2496865626305));
#7880=CARTESIAN_POINT('Ctrl Pts',(-22.0249999999917,-0.886168814941363,
11.2496865626305));
#7881=CARTESIAN_POINT('Ctrl Pts',(-21.7249999999917,-0.820628658852178,
11.2629941144175));
#7882=CARTESIAN_POINT('Ctrl Pts',(-22.0249999999917,-0.820628658852178,
11.2629941144175));
#7883=CARTESIAN_POINT('Ctrl Pts',(-21.7249999999917,-0.794654935598306,
11.2682679295551));
#7884=CARTESIAN_POINT('Ctrl Pts',(-22.0249999999917,-0.794654935598306,
11.2682679295551));
#7885=CARTESIAN_POINT('',(-22.0249999999917,-0.993572399020129,11.2500000000011));
#7886=CARTESIAN_POINT('Ctrl Pts',(-22.0249999999917,-0.993572399020128,
11.2500000000011));
#7887=CARTESIAN_POINT('Ctrl Pts',(-22.0249999999917,-0.953141282957776,
11.2498820093138));
#7888=CARTESIAN_POINT('Ctrl Pts',(-22.0249999999917,-0.886168814941363,
11.2496865626305));
#7889=CARTESIAN_POINT('Ctrl Pts',(-22.0249999999917,-0.820628658852178,
11.2629941144175));
#7890=CARTESIAN_POINT('Ctrl Pts',(-22.0249999999917,-0.794654935598306,
11.2682679295551));
#7891=CARTESIAN_POINT('',(-22.0249999999917,-0.993572399020129,11.2500000000011));
#7892=CARTESIAN_POINT('Origin',(-22.0249999999917,-1.19451966136687,11.2489850819122));
#7893=CARTESIAN_POINT('',(-22.0249999999917,-1.39546692371362,11.2479701638233));
#7894=CARTESIAN_POINT('',(-22.0249999999917,-0.592853280448426,11.2520238995918));
#7895=CARTESIAN_POINT('',(-22.0249999999917,-1.39546692371362,11.2479701638233));
#7896=CARTESIAN_POINT('Origin',(-22.0249999999917,-1.59742899239057,11.2479701638233));
#7897=CARTESIAN_POINT('',(-22.0249999999917,-1.79939106106751,11.2479701638233));
#7898=CARTESIAN_POINT('',(-22.0249999999917,-0.798714496195339,11.2479701638233));
#7899=CARTESIAN_POINT('',(-22.0249999999917,-1.79939106106751,11.2479701638233));
#7900=CARTESIAN_POINT('Ctrl Pts',(-21.7249999999917,-1.94046005606644,11.3027739524853));
#7901=CARTESIAN_POINT('Ctrl Pts',(-22.0249999999917,-1.94046005606644,11.3027739524853));
#7902=CARTESIAN_POINT('Ctrl Pts',(-21.7249999999917,-1.92030021314477,11.2867921343056));
#7903=CARTESIAN_POINT('Ctrl Pts',(-22.0249999999917,-1.92030021314477,11.2867921343056));
#7904=CARTESIAN_POINT('Ctrl Pts',(-21.7249999999917,-1.87898614586854,11.2540401969996));
#7905=CARTESIAN_POINT('Ctrl Pts',(-22.0249999999917,-1.87898614586854,11.2540401969996));
#7906=CARTESIAN_POINT('Ctrl Pts',(-21.7249999999917,-1.82634509226389,11.2500257161731));
#7907=CARTESIAN_POINT('Ctrl Pts',(-22.0249999999917,-1.82634509226389,11.2500257161731));
#7908=CARTESIAN_POINT('Ctrl Pts',(-21.7249999999917,-1.79939106106751,11.2479701638233));
#7909=CARTESIAN_POINT('Ctrl Pts',(-22.0249999999917,-1.79939106106751,11.2479701638233));
#7910=CARTESIAN_POINT('Ctrl Pts',(-22.0249999999917,-1.94046005606644,11.3027739524853));
#7911=CARTESIAN_POINT('Ctrl Pts',(-22.0249999999917,-1.92030021314477,11.2867921343056));
#7912=CARTESIAN_POINT('Ctrl Pts',(-22.0249999999917,-1.87898614586854,11.2540401969996));
#7913=CARTESIAN_POINT('Ctrl Pts',(-22.0249999999917,-1.82634509226389,11.2500257161731));
#7914=CARTESIAN_POINT('Ctrl Pts',(-22.0249999999917,-1.79939106106751,11.2479701638233));
#7915=CARTESIAN_POINT('Origin',(-21.7249999999917,4.44089209850063E-15,
13.));
#7916=CARTESIAN_POINT('',(-21.7249999999917,-0.250676572322767,11.4387685060512));
#7917=CARTESIAN_POINT('',(-21.7249999999917,-0.188768655061653,11.2905955314647));
#7918=CARTESIAN_POINT('Ctrl Pts',(-21.7249999999917,-0.250676572322767,
11.4387685060512));
#7919=CARTESIAN_POINT('Ctrl Pts',(-21.7249999999917,-0.24799779835842,11.4111819926824));
#7920=CARTESIAN_POINT('Ctrl Pts',(-21.7249999999917,-0.242587457164061,
11.3554652910592));
#7921=CARTESIAN_POINT('Ctrl Pts',(-21.7249999999917,-0.206824578626377,
11.3123589928415));
#7922=CARTESIAN_POINT('Ctrl Pts',(-21.7249999999917,-0.188768655061653,
11.2905955314647));
#7923=CARTESIAN_POINT('',(-21.7249999999917,-0.197902619838627,11.576792895795));
#7924=CARTESIAN_POINT('Ctrl Pts',(-21.7249999999917,-0.197902619838627,
11.576792895795));
#7925=CARTESIAN_POINT('Ctrl Pts',(-21.7249999999917,-0.213288784557418,
11.5552873817529));
#7926=CARTESIAN_POINT('Ctrl Pts',(-21.7249999999917,-0.242964314346436,
11.5138093698997));
#7927=CARTESIAN_POINT('Ctrl Pts',(-21.7249999999917,-0.248169952664233,
11.4631581083043));
#7928=CARTESIAN_POINT('Ctrl Pts',(-21.7249999999917,-0.250676572322767,
11.4387685060512));
#7929=CARTESIAN_POINT('',(-21.7249999999917,0.745940357446805,12.2912719845782));
#7930=CARTESIAN_POINT('Ctrl Pts',(-21.7249999999917,0.745940357446805,12.2912719845782));
#7931=CARTESIAN_POINT('Ctrl Pts',(-21.7249999999917,0.555226875073073,12.1841155351016));
#7932=CARTESIAN_POINT('Ctrl Pts',(-21.7249999999917,0.207573480392382,11.9887790389149));
#7933=CARTESIAN_POINT('Ctrl Pts',(-21.7249999999917,-0.0717903969224798,
11.7049298890478));
#7934=CARTESIAN_POINT('Ctrl Pts',(-21.7249999999917,-0.197902619838627,
11.576792895795));
#7935=CARTESIAN_POINT('',(-21.7249999999917,0.183694213628922,12.5815290212641));
#7936=CARTESIAN_POINT('Ctrl Pts',(-21.7249999999917,0.183694213628922,12.5815290212641));
#7937=CARTESIAN_POINT('Ctrl Pts',(-21.7249999999917,0.265764537923334,12.5210713511774));
#7938=CARTESIAN_POINT('Ctrl Pts',(-21.7249999999917,0.437601289651983,12.3944866235781));
#7939=CARTESIAN_POINT('Ctrl Pts',(-21.7249999999917,0.640136992812959,12.3266890212961));
#7940=CARTESIAN_POINT('Ctrl Pts',(-21.7249999999917,0.745940357446805,12.2912719845782));
#7941=CARTESIAN_POINT('',(-21.7249999999917,-0.0964140892026927,13.1275373697291));
#7942=CARTESIAN_POINT('Ctrl Pts',(-21.7249999999917,-0.0964140892026927,
13.1275373697291));
#7943=CARTESIAN_POINT('Ctrl Pts',(-21.7249999999917,-0.0825741562714802,
13.025878356239));
#7944=CARTESIAN_POINT('Ctrl Pts',(-21.7249999999917,-0.0534365155943778,
12.8118524775454));
#7945=CARTESIAN_POINT('Ctrl Pts',(-21.7249999999917,0.102057482468492,12.6608222201758));
#7946=CARTESIAN_POINT('Ctrl Pts',(-21.7249999999917,0.183694213628922,12.5815290212641));
#7947=CARTESIAN_POINT('',(-21.7249999999917,0.725642740726728,14.1931664943705));
#7948=CARTESIAN_POINT('Ctrl Pts',(-21.7249999999917,0.725642740726728,14.1931664943705));
#7949=CARTESIAN_POINT('Ctrl Pts',(-21.7249999999917,0.486994875808331,14.0554008705426));
#7950=CARTESIAN_POINT('Ctrl Pts',(-21.7249999999917,0.0607953245452272,
13.8093662073999));
#7951=CARTESIAN_POINT('Ctrl Pts',(-21.7249999999917,-0.0483736310317132,
13.3358923847056));
#7952=CARTESIAN_POINT('Ctrl Pts',(-21.7249999999917,-0.0964140892026927,
13.1275373697291));
#7953=CARTESIAN_POINT('',(-21.7249999999917,1.1945196241143,14.3291610479364));
#7954=CARTESIAN_POINT('Ctrl Pts',(-21.7249999999917,1.1945196241143,14.3291610479364));
#7955=CARTESIAN_POINT('Ctrl Pts',(-21.7249999999917,1.10790094674097,14.3161202933837));
#7956=CARTESIAN_POINT('Ctrl Pts',(-21.7249999999917,0.945418860377784,14.2916580287575));
#7957=CARTESIAN_POINT('Ctrl Pts',(-21.7249999999917,0.795595670303157,14.2245155389336));
#7958=CARTESIAN_POINT('Ctrl Pts',(-21.7249999999917,0.725642740726728,14.1931664943705));
#7959=CARTESIAN_POINT('',(-21.7249999999917,1.68369416147497,14.3677267432222));
#7960=CARTESIAN_POINT('',(-21.7249999999917,1.68369416147497,14.3677267432222));
#7961=CARTESIAN_POINT('',(-21.7249999999917,1.89681999385383,14.270297884942));
#7962=CARTESIAN_POINT('Ctrl Pts',(-21.7249999999917,1.89681999385383,14.270297884942));
#7963=CARTESIAN_POINT('Ctrl Pts',(-21.7249999999917,1.86845453785455,14.301236017029));
#7964=CARTESIAN_POINT('Ctrl Pts',(-21.7249999999917,1.81120403898671,14.3636789933048));
#7965=CARTESIAN_POINT('Ctrl Pts',(-21.7249999999917,1.72645384236678,14.3663693543032));
#7966=CARTESIAN_POINT('Ctrl Pts',(-21.7249999999917,1.68369416147497,14.3677267432222));
#7967=CARTESIAN_POINT('',(-21.7249999999917,1.96177264675523,14.0673208236703));
#7968=CARTESIAN_POINT('Ctrl Pts',(-21.7249999999917,1.96177264675523,14.0673208236703));
#7969=CARTESIAN_POINT('Ctrl Pts',(-21.7249999999917,1.95925052016888,14.1044521290667));
#7970=CARTESIAN_POINT('Ctrl Pts',(-21.7249999999917,1.95428862737197,14.1775022121921));
#7971=CARTESIAN_POINT('Ctrl Pts',(-21.7249999999917,1.91576304838836,14.2397101820186));
#7972=CARTESIAN_POINT('Ctrl Pts',(-21.7249999999917,1.89681999385383,14.270297884942));
#7973=CARTESIAN_POINT('',(-21.7249999999917,1.94248981773876,13.760825395585));
#7974=CARTESIAN_POINT('Ctrl Pts',(-21.7249999999917,1.94248981773876,13.760825395585));
#7975=CARTESIAN_POINT('Ctrl Pts',(-21.7249999999917,1.94806261595824,13.8201515586541));
#7976=CARTESIAN_POINT('Ctrl Pts',(-21.7249999999917,1.95764192089088,13.9221296644708));
#7977=CARTESIAN_POINT('Ctrl Pts',(-21.7249999999917,1.96055448023436,14.0245034072958));
#7978=CARTESIAN_POINT('Ctrl Pts',(-21.7249999999917,1.96177264675523,14.0673208236703));
#7979=CARTESIAN_POINT('',(-21.7249999999917,1.92320700734875,13.4543302655229));
#7980=CARTESIAN_POINT('Ctrl Pts',(-21.7249999999917,1.92320700734875,13.4543302655229));
#7981=CARTESIAN_POINT('Ctrl Pts',(-21.7249999999917,1.92442517510689,13.4971476321548));
#7982=CARTESIAN_POINT('Ctrl Pts',(-21.7249999999917,1.92733773794993,13.5995212750752));
#7983=CARTESIAN_POINT('Ctrl Pts',(-21.7249999999917,1.93691702764131,13.7014992820756));
#7984=CARTESIAN_POINT('Ctrl Pts',(-21.7249999999917,1.94248981773876,13.760825395585));
#7985=CARTESIAN_POINT('',(-21.7249999999917,1.96380240842717,12.9002028703699));
#7986=CARTESIAN_POINT('Ctrl Pts',(-21.7249999999917,1.96380240842717,12.9002028703699));
#7987=CARTESIAN_POINT('Ctrl Pts',(-21.7249999999917,1.95207735892741,13.0078410831339));
#7988=CARTESIAN_POINT('Ctrl Pts',(-21.7249999999917,1.93200613380425,13.1920987956735));
#7989=CARTESIAN_POINT('Ctrl Pts',(-21.7249999999917,1.92579130615162,13.3773130210232));
#7990=CARTESIAN_POINT('Ctrl Pts',(-21.7249999999917,1.92320700734875,13.4543302655229));
#7991=CARTESIAN_POINT('',(-21.7249999999917,2.0043978095056,12.3440459370622));
#7992=CARTESIAN_POINT('Ctrl Pts',(-21.7249999999917,2.0043978095056,12.3440459370622));
#7993=CARTESIAN_POINT('Ctrl Pts',(-21.7249999999917,2.00182340491522,12.4215711226295));
#7994=CARTESIAN_POINT('Ctrl Pts',(-21.7249999999917,1.99565042672848,12.6074631464463));
#7995=CARTESIAN_POINT('Ctrl Pts',(-21.7249999999917,1.97553109188496,12.7923954857804));
#7996=CARTESIAN_POINT('Ctrl Pts',(-21.7249999999917,1.96380240842717,12.9002028703699));
#7997=CARTESIAN_POINT('',(-21.7249999999917,1.98917454108607,11.8660351634035));
#7998=CARTESIAN_POINT('Ctrl Pts',(-21.7249999999917,1.98917454108607,11.8660351634035));
#7999=CARTESIAN_POINT('Ctrl Pts',(-21.7249999999917,1.99357337574188,11.9587947622963));
#8000=CARTESIAN_POINT('Ctrl Pts',(-21.7249999999917,2.00112590260441,12.1180572527537));
#8001=CARTESIAN_POINT('Ctrl Pts',(-21.7249999999917,2.00343401573035,12.2774772681512));
#8002=CARTESIAN_POINT('Ctrl Pts',(-21.7249999999917,2.0043978095056,12.3440459370622));
#8003=CARTESIAN_POINT('',(-21.7249999999917,1.97395125404008,11.3880243897447));
#8004=CARTESIAN_POINT('Ctrl Pts',(-21.7249999999917,1.97395125404008,11.3880243897447));
#8005=CARTESIAN_POINT('Ctrl Pts',(-21.7249999999917,1.97491505531912,11.4545930586311));
#8006=CARTESIAN_POINT('Ctrl Pts',(-21.7249999999917,1.9772231864129,11.6140130738045));
#8007=CARTESIAN_POINT('Ctrl Pts',(-21.7249999999917,1.98477570895176,11.7732755644626));
#8008=CARTESIAN_POINT('Ctrl Pts',(-21.7249999999917,1.98917454108607,11.8660351634035));
#8009=CARTESIAN_POINT('',(-21.7249999999917,1.91610280424363,11.2388363480577));
#8010=CARTESIAN_POINT('Ctrl Pts',(-21.7249999999917,1.91610280424363,11.2388363480577));
#8011=CARTESIAN_POINT('Ctrl Pts',(-21.7249999999917,1.93297345063893,11.2603034898037));
#8012=CARTESIAN_POINT('Ctrl Pts',(-21.7249999999917,1.96738919993574,11.3040959889848));
#8013=CARTESIAN_POINT('Ctrl Pts',(-21.7249999999917,1.97173551065569,11.3596851234434));
#8014=CARTESIAN_POINT('Ctrl Pts',(-21.7249999999917,1.97395125404008,11.3880243897447));
#8015=CARTESIAN_POINT('',(-21.7249999999917,1.77097424864775,11.1789581179628));
#8016=CARTESIAN_POINT('Ctrl Pts',(-21.7249999999917,1.77097424864775,11.1789581179628));
#8017=CARTESIAN_POINT('Ctrl Pts',(-21.7249999999917,1.79870899277262,11.181317524833));
#8018=CARTESIAN_POINT('Ctrl Pts',(-21.7249999999917,1.85344947951185,11.1859743220944));
#8019=CARTESIAN_POINT('Ctrl Pts',(-21.7249999999917,1.89540460721338,11.2213728114698));
#8020=CARTESIAN_POINT('Ctrl Pts',(-21.7249999999917,1.91610280424363,11.2388363480577));
#8021=CARTESIAN_POINT('',(-21.7249999999917,1.62584569305188,11.2388363480577));
#8022=CARTESIAN_POINT('Ctrl Pts',(-21.7249999999917,1.62584569305188,11.2388363480577));
#8023=CARTESIAN_POINT('Ctrl Pts',(-21.7249999999917,1.64654387062621,11.2213726635807));
#8024=CARTESIAN_POINT('Ctrl Pts',(-21.7249999999917,1.68849889916314,11.1859739248289));
#8025=CARTESIAN_POINT('Ctrl Pts',(-21.7249999999917,1.7432394901504,11.18131738907));
#8026=CARTESIAN_POINT('Ctrl Pts',(-21.7249999999917,1.77097424864775,11.1789581179628));
#8027=CARTESIAN_POINT('',(-21.7249999999917,1.5679972618819,11.3880243897447));
#8028=CARTESIAN_POINT('Ctrl Pts',(-21.7249999999917,1.5679972618819,11.3880243897447));
#8029=CARTESIAN_POINT('Ctrl Pts',(-21.7249999999917,1.57021299767365,11.3596851232318));
#8030=CARTESIAN_POINT('Ctrl Pts',(-21.7249999999917,1.57455929358304,11.3040959872982));
#8031=CARTESIAN_POINT('Ctrl Pts',(-21.7249999999917,1.60897504518973,11.2603034895346));
#8032=CARTESIAN_POINT('Ctrl Pts',(-21.7249999999917,1.62584569305188,11.2388363480577));
#8033=CARTESIAN_POINT('',(-21.7249999999917,1.57814607024203,11.7878890037546));
#8034=CARTESIAN_POINT('',(-21.7249999999917,1.57814607024203,11.7878890037546));
#8035=CARTESIAN_POINT('',(-21.7249999999917,1.59438431262983,12.1857237815866));
#8036=CARTESIAN_POINT('',(-21.7249999999917,1.59438431262983,12.1857237815866));
#8037=CARTESIAN_POINT('',(-21.7249999999917,0.10047361254699,11.2926250696193));
#8038=CARTESIAN_POINT('Ctrl Pts',(-21.7249999999917,0.10047361254699,11.2926250696193));
#8039=CARTESIAN_POINT('Ctrl Pts',(-21.7249999999917,0.326856488647912,11.494674771299));
#8040=CARTESIAN_POINT('Ctrl Pts',(-21.7249999999917,0.767912418105179,11.88832300347));
#8041=CARTESIAN_POINT('Ctrl Pts',(-21.7249999999917,1.32381331491439,12.0883604885461));
#8042=CARTESIAN_POINT('Ctrl Pts',(-21.7249999999917,1.59438431262983,12.1857237815866));
#8043=CARTESIAN_POINT('',(-21.7249999999917,-0.0436401367186851,11.2276723980914));
#8044=CARTESIAN_POINT('Ctrl Pts',(-21.7249999999917,-0.0436401367186851,
11.2276723980914));
#8045=CARTESIAN_POINT('Ctrl Pts',(-21.7249999999917,-0.0178225415305391,
11.2309092895057));
#8046=CARTESIAN_POINT('Ctrl Pts',(-21.7249999999917,0.0367033148553272,
11.2377454907515));
#8047=CARTESIAN_POINT('Ctrl Pts',(-21.7249999999917,0.0784786131893025,
11.2736965661366));
#8048=CARTESIAN_POINT('Ctrl Pts',(-21.7249999999917,0.10047361254699,11.2926250696193));
#8049=CARTESIAN_POINT('Ctrl Pts',(-21.7249999999917,-0.188768655061653,
11.2905955314647));
#8050=CARTESIAN_POINT('Ctrl Pts',(-21.7249999999917,-0.167481909929001,
11.2722444549278));
#8051=CARTESIAN_POINT('Ctrl Pts',(-21.7249999999917,-0.125602916923321,
11.2361410205536));
#8052=CARTESIAN_POINT('Ctrl Pts',(-21.7249999999917,-0.0706573347540718,
11.2304638901513));
#8053=CARTESIAN_POINT('Ctrl Pts',(-21.7249999999917,-0.0436401367186851,
11.2276723980914));
#8054=CARTESIAN_POINT('',(-21.7249999999917,0.311569720506856,13.1275373697291));
#8055=CARTESIAN_POINT('',(-21.7249999999917,0.632273256778939,13.653247654439));
#8056=CARTESIAN_POINT('Ctrl Pts',(-21.7249999999917,0.311569720506856,13.1275373697291));
#8057=CARTESIAN_POINT('Ctrl Pts',(-21.7249999999917,0.329664587933764,13.2233446760769));
#8058=CARTESIAN_POINT('Ctrl Pts',(-21.7249999999917,0.370007574099059,13.4369496030065));
#8059=CARTESIAN_POINT('Ctrl Pts',(-21.7249999999917,0.539050456858007,13.5763641301977));
#8060=CARTESIAN_POINT('Ctrl Pts',(-21.7249999999917,0.632273256778939,13.653247654439));
#8061=CARTESIAN_POINT('',(-21.7249999999917,0.419147461652931,12.9347091913233));
#8062=CARTESIAN_POINT('Ctrl Pts',(-21.7249999999917,0.419147461652931,12.9347091913233));
#8063=CARTESIAN_POINT('Ctrl Pts',(-21.7249999999917,0.388130052423344,12.9675964996061));
#8064=CARTESIAN_POINT('Ctrl Pts',(-21.7249999999917,0.335611485670343,13.0232811727712));
#8065=CARTESIAN_POINT('Ctrl Pts',(-21.7249999999917,0.318553342574816,13.0972531591961));
#8066=CARTESIAN_POINT('Ctrl Pts',(-21.7249999999917,0.311569720506856,13.1275373697291));
#8067=CARTESIAN_POINT('',(-21.7249999999917,0.630243569612668,12.7702978253375));
#8068=CARTESIAN_POINT('Ctrl Pts',(-21.7249999999917,0.630243569612668,12.7702978253375));
#8069=CARTESIAN_POINT('Ctrl Pts',(-21.7249999999917,0.592716223330195,12.7932088459859));
#8070=CARTESIAN_POINT('Ctrl Pts',(-21.7249999999917,0.516111970002022,12.8399769179019));
#8071=CARTESIAN_POINT('Ctrl Pts',(-21.7249999999917,0.451901914212392,12.9027087840768));
#8072=CARTESIAN_POINT('Ctrl Pts',(-21.7249999999917,0.419147461652931,12.9347091913233));
#8073=CARTESIAN_POINT('',(-21.7249999999917,1.40561565756813,12.6322734355936));
#8074=CARTESIAN_POINT('Ctrl Pts',(-21.7249999999917,1.40561565756813,12.6322734355936));
#8075=CARTESIAN_POINT('Ctrl Pts',(-21.7249999999917,1.25279150387449,12.6338378044717));
#8076=CARTESIAN_POINT('Ctrl Pts',(-21.7249999999917,0.985866004326619,12.6365701601508));
#8077=CARTESIAN_POINT('Ctrl Pts',(-21.7249999999917,0.736737374200108,12.7302520732865));
#8078=CARTESIAN_POINT('Ctrl Pts',(-21.7249999999917,0.630243569612668,12.7702978253375));
#8079=CARTESIAN_POINT('',(-21.7249999999917,1.49594038724915,12.6343029737482));
#8080=CARTESIAN_POINT('Ctrl Pts',(-21.7249999999917,1.49594038724915,12.6343029737482));
#8081=CARTESIAN_POINT('Ctrl Pts',(-21.7249999999917,1.47843531338738,12.6337163154871));
#8082=CARTESIAN_POINT('Ctrl Pts',(-21.7249999999917,1.44833411462058,12.6327075155777));
#8083=CARTESIAN_POINT('Ctrl Pts',(-21.7249999999917,1.41821801702557,12.6324014934021));
#8084=CARTESIAN_POINT('Ctrl Pts',(-21.7249999999917,1.40561565756813,12.6322734355936));
#8085=CARTESIAN_POINT('',(-21.7249999999917,1.58423542976395,12.6363331079492));
#8086=CARTESIAN_POINT('Ctrl Pts',(-21.7249999999917,1.58423542976395,12.6363331079492));
#8087=CARTESIAN_POINT('Ctrl Pts',(-21.7249999999917,1.57214055331364,12.6362018795456));
#8088=CARTESIAN_POINT('Ctrl Pts',(-21.7249999999917,1.54270114424293,12.6358824644054));
#8089=CARTESIAN_POINT('Ctrl Pts',(-21.7249999999917,1.51327632444718,12.6348885491879));
#8090=CARTESIAN_POINT('Ctrl Pts',(-21.7249999999917,1.49594038724915,12.6343029737482));
#8091=CARTESIAN_POINT('',(-21.7249999999917,1.54161021113414,13.0402570962915));
#8092=CARTESIAN_POINT('',(-21.7249999999917,1.54161021113414,13.0402570962915));
#8093=CARTESIAN_POINT('',(-21.7249999999917,1.5152232348921,13.444181382657));
#8094=CARTESIAN_POINT('Ctrl Pts',(-21.7249999999917,1.5152232348921,13.444181382657));
#8095=CARTESIAN_POINT('Ctrl Pts',(-21.7249999999917,1.51670130064304,13.3834122761033));
#8096=CARTESIAN_POINT('Ctrl Pts',(-21.7249999999917,1.51998454157757,13.2484253054192));
#8097=CARTESIAN_POINT('Ctrl Pts',(-21.7249999999917,1.53393825170595,13.1141072053246));
#8098=CARTESIAN_POINT('Ctrl Pts',(-21.7249999999917,1.54161021113414,13.0402570962915));
#8099=CARTESIAN_POINT('',(-21.7249999999917,1.52943164110206,13.6897835135469));
#8100=CARTESIAN_POINT('Ctrl Pts',(-21.7249999999917,1.52943164110206,13.6897835135469));
#8101=CARTESIAN_POINT('Ctrl Pts',(-21.7249999999917,1.52530452667524,13.6443146075897));
#8102=CARTESIAN_POINT('Ctrl Pts',(-21.7249999999917,1.51788705660264,13.562595465765));
#8103=CARTESIAN_POINT('Ctrl Pts',(-21.7249999999917,1.51604178769966,13.4805682698871));
#8104=CARTESIAN_POINT('Ctrl Pts',(-21.7249999999917,1.5152232348921,13.444181382657));
#8105=CARTESIAN_POINT('',(-21.7249999999917,1.54972933232808,13.9353856444368));
#8106=CARTESIAN_POINT('',(-21.7249999999917,1.54972933232808,13.9353856444368));
#8107=CARTESIAN_POINT('',(-21.7249999999917,1.24932341277623,13.9110285043726));
#8108=CARTESIAN_POINT('',(-21.7249999999917,1.24932341277623,13.9110285043726));
#8109=CARTESIAN_POINT('Ctrl Pts',(-21.7249999999917,0.632273256778939,13.653247654439));
#8110=CARTESIAN_POINT('Ctrl Pts',(-21.7249999999917,0.72959914394074,13.719577943169));
#8111=CARTESIAN_POINT('Ctrl Pts',(-21.7249999999917,0.917823791376068,13.8478582555769));
#8112=CARTESIAN_POINT('Ctrl Pts',(-21.7249999999917,1.14136792146234,13.8904566098517));
#8113=CARTESIAN_POINT('Ctrl Pts',(-21.7249999999917,1.24932341277623,13.9110285043726));
#8114=CARTESIAN_POINT('Ctrl Pts',(-21.7249999999917,0.311569720506856,13.1275373697291));
#8115=CARTESIAN_POINT('Ctrl Pts',(-22.0249999999917,0.311569720506856,13.1275373697291));
#8116=CARTESIAN_POINT('Ctrl Pts',(-21.7249999999917,0.329664587933764,13.2233446760769));
#8117=CARTESIAN_POINT('Ctrl Pts',(-22.0249999999917,0.329664587933764,13.2233446760769));
#8118=CARTESIAN_POINT('Ctrl Pts',(-21.7249999999917,0.370007574099059,13.4369496030065));
#8119=CARTESIAN_POINT('Ctrl Pts',(-22.0249999999917,0.370007574099059,13.4369496030065));
#8120=CARTESIAN_POINT('Ctrl Pts',(-21.7249999999917,0.539050456858007,13.5763641301977));
#8121=CARTESIAN_POINT('Ctrl Pts',(-22.0249999999917,0.539050456858007,13.5763641301977));
#8122=CARTESIAN_POINT('Ctrl Pts',(-21.7249999999917,0.632273256778939,13.653247654439));
#8123=CARTESIAN_POINT('Ctrl Pts',(-22.0249999999917,0.632273256778939,13.653247654439));
#8124=CARTESIAN_POINT('',(-22.0249999999917,0.632273256778939,13.653247654439));
#8125=CARTESIAN_POINT('',(-22.0249999999917,0.632273256778939,13.653247654439));
#8126=CARTESIAN_POINT('',(-22.0249999999917,0.311569720506856,13.1275373697291));
#8127=CARTESIAN_POINT('Ctrl Pts',(-22.0249999999917,0.311569720506856,13.1275373697291));
#8128=CARTESIAN_POINT('Ctrl Pts',(-22.0249999999917,0.329664587933764,13.2233446760769));
#8129=CARTESIAN_POINT('Ctrl Pts',(-22.0249999999917,0.370007574099059,13.4369496030065));
#8130=CARTESIAN_POINT('Ctrl Pts',(-22.0249999999917,0.539050456858007,13.5763641301977));
#8131=CARTESIAN_POINT('Ctrl Pts',(-22.0249999999917,0.632273256778939,13.653247654439));
#8132=CARTESIAN_POINT('',(-22.0249999999917,0.311569720506856,13.1275373697291));
#8133=CARTESIAN_POINT('Ctrl Pts',(-21.7249999999917,0.419147461652931,12.9347091913233));
#8134=CARTESIAN_POINT('Ctrl Pts',(-22.0249999999917,0.419147461652931,12.9347091913233));
#8135=CARTESIAN_POINT('Ctrl Pts',(-21.7249999999917,0.388130052423344,12.9675964996061));
#8136=CARTESIAN_POINT('Ctrl Pts',(-22.0249999999917,0.388130052423344,12.9675964996061));
#8137=CARTESIAN_POINT('Ctrl Pts',(-21.7249999999917,0.335611485670343,13.0232811727712));
#8138=CARTESIAN_POINT('Ctrl Pts',(-22.0249999999917,0.335611485670343,13.0232811727712));
#8139=CARTESIAN_POINT('Ctrl Pts',(-21.7249999999917,0.318553342574816,13.0972531591961));
#8140=CARTESIAN_POINT('Ctrl Pts',(-22.0249999999917,0.318553342574816,13.0972531591961));
#8141=CARTESIAN_POINT('Ctrl Pts',(-21.7249999999917,0.311569720506856,13.1275373697291));
#8142=CARTESIAN_POINT('Ctrl Pts',(-22.0249999999917,0.311569720506856,13.1275373697291));
#8143=CARTESIAN_POINT('',(-22.0249999999917,0.419147461652931,12.9347091913233));
#8144=CARTESIAN_POINT('Ctrl Pts',(-22.0249999999917,0.419147461652931,12.9347091913233));
#8145=CARTESIAN_POINT('Ctrl Pts',(-22.0249999999917,0.388130052423344,12.9675964996061));
#8146=CARTESIAN_POINT('Ctrl Pts',(-22.0249999999917,0.335611485670343,13.0232811727712));
#8147=CARTESIAN_POINT('Ctrl Pts',(-22.0249999999917,0.318553342574816,13.0972531591961));
#8148=CARTESIAN_POINT('Ctrl Pts',(-22.0249999999917,0.311569720506856,13.1275373697291));
#8149=CARTESIAN_POINT('',(-22.0249999999917,0.419147461652931,12.9347091913233));
#8150=CARTESIAN_POINT('Ctrl Pts',(-21.7249999999917,0.630243569612668,12.7702978253375));
#8151=CARTESIAN_POINT('Ctrl Pts',(-22.0249999999917,0.630243569612668,12.7702978253375));
#8152=CARTESIAN_POINT('Ctrl Pts',(-21.7249999999917,0.592716223330195,12.7932088459859));
#8153=CARTESIAN_POINT('Ctrl Pts',(-22.0249999999917,0.592716223330195,12.7932088459859));
#8154=CARTESIAN_POINT('Ctrl Pts',(-21.7249999999917,0.516111970002022,12.8399769179019));
#8155=CARTESIAN_POINT('Ctrl Pts',(-22.0249999999917,0.516111970002022,12.8399769179019));
#8156=CARTESIAN_POINT('Ctrl Pts',(-21.7249999999917,0.451901914212392,12.9027087840768));
#8157=CARTESIAN_POINT('Ctrl Pts',(-22.0249999999917,0.451901914212392,12.9027087840768));
#8158=CARTESIAN_POINT('Ctrl Pts',(-21.7249999999917,0.419147461652931,12.9347091913233));
#8159=CARTESIAN_POINT('Ctrl Pts',(-22.0249999999917,0.419147461652931,12.9347091913233));
#8160=CARTESIAN_POINT('',(-22.0249999999917,0.630243569612668,12.7702978253375));
#8161=CARTESIAN_POINT('Ctrl Pts',(-22.0249999999917,0.630243569612668,12.7702978253375));
#8162=CARTESIAN_POINT('Ctrl Pts',(-22.0249999999917,0.592716223330195,12.7932088459859));
#8163=CARTESIAN_POINT('Ctrl Pts',(-22.0249999999917,0.516111970002022,12.8399769179019));
#8164=CARTESIAN_POINT('Ctrl Pts',(-22.0249999999917,0.451901914212392,12.9027087840768));
#8165=CARTESIAN_POINT('Ctrl Pts',(-22.0249999999917,0.419147461652931,12.9347091913233));
#8166=CARTESIAN_POINT('',(-22.0249999999917,0.630243569612668,12.7702978253375));
#8167=CARTESIAN_POINT('Ctrl Pts',(-21.7249999999917,1.40561565756813,12.6322734355936));
#8168=CARTESIAN_POINT('Ctrl Pts',(-22.0249999999917,1.40561565756813,12.6322734355936));
#8169=CARTESIAN_POINT('Ctrl Pts',(-21.7249999999917,1.25279150387449,12.6338378044717));
#8170=CARTESIAN_POINT('Ctrl Pts',(-22.0249999999917,1.25279150387449,12.6338378044717));
#8171=CARTESIAN_POINT('Ctrl Pts',(-21.7249999999917,0.985866004326619,12.6365701601508));
#8172=CARTESIAN_POINT('Ctrl Pts',(-22.0249999999917,0.985866004326619,12.6365701601508));
#8173=CARTESIAN_POINT('Ctrl Pts',(-21.7249999999917,0.736737374200108,12.7302520732865));
#8174=CARTESIAN_POINT('Ctrl Pts',(-22.0249999999917,0.736737374200108,12.7302520732865));
#8175=CARTESIAN_POINT('Ctrl Pts',(-21.7249999999917,0.630243569612668,12.7702978253375));
#8176=CARTESIAN_POINT('Ctrl Pts',(-22.0249999999917,0.630243569612668,12.7702978253375));
#8177=CARTESIAN_POINT('',(-22.0249999999917,1.40561565756813,12.6322734355936));
#8178=CARTESIAN_POINT('Ctrl Pts',(-22.0249999999917,1.40561565756813,12.6322734355936));
#8179=CARTESIAN_POINT('Ctrl Pts',(-22.0249999999917,1.25279150387449,12.6338378044717));
#8180=CARTESIAN_POINT('Ctrl Pts',(-22.0249999999917,0.985866004326619,12.6365701601508));
#8181=CARTESIAN_POINT('Ctrl Pts',(-22.0249999999917,0.736737374200108,12.7302520732865));
#8182=CARTESIAN_POINT('Ctrl Pts',(-22.0249999999917,0.630243569612668,12.7702978253375));
#8183=CARTESIAN_POINT('',(-22.0249999999917,1.40561565756813,12.6322734355936));
#8184=CARTESIAN_POINT('Ctrl Pts',(-21.7249999999917,1.49594038724915,12.6343029737482));
#8185=CARTESIAN_POINT('Ctrl Pts',(-22.0249999999917,1.49594038724915,12.6343029737482));
#8186=CARTESIAN_POINT('Ctrl Pts',(-21.7249999999917,1.47843531338738,12.6337163154871));
#8187=CARTESIAN_POINT('Ctrl Pts',(-22.0249999999917,1.47843531338738,12.6337163154871));
#8188=CARTESIAN_POINT('Ctrl Pts',(-21.7249999999917,1.44833411462058,12.6327075155777));
#8189=CARTESIAN_POINT('Ctrl Pts',(-22.0249999999917,1.44833411462058,12.6327075155777));
#8190=CARTESIAN_POINT('Ctrl Pts',(-21.7249999999917,1.41821801702557,12.6324014934021));
#8191=CARTESIAN_POINT('Ctrl Pts',(-22.0249999999917,1.41821801702557,12.6324014934021));
#8192=CARTESIAN_POINT('Ctrl Pts',(-21.7249999999917,1.40561565756813,12.6322734355936));
#8193=CARTESIAN_POINT('Ctrl Pts',(-22.0249999999917,1.40561565756813,12.6322734355936));
#8194=CARTESIAN_POINT('',(-22.0249999999917,1.49594038724915,12.6343029737482));
#8195=CARTESIAN_POINT('Ctrl Pts',(-22.0249999999917,1.49594038724915,12.6343029737482));
#8196=CARTESIAN_POINT('Ctrl Pts',(-22.0249999999917,1.47843531338738,12.6337163154871));
#8197=CARTESIAN_POINT('Ctrl Pts',(-22.0249999999917,1.44833411462058,12.6327075155777));
#8198=CARTESIAN_POINT('Ctrl Pts',(-22.0249999999917,1.41821801702557,12.6324014934021));
#8199=CARTESIAN_POINT('Ctrl Pts',(-22.0249999999917,1.40561565756813,12.6322734355936));
#8200=CARTESIAN_POINT('',(-22.0249999999917,1.49594038724915,12.6343029737482));
#8201=CARTESIAN_POINT('Ctrl Pts',(-21.7249999999917,1.58423542976395,12.6363331079492));
#8202=CARTESIAN_POINT('Ctrl Pts',(-22.0249999999917,1.58423542976395,12.6363331079492));
#8203=CARTESIAN_POINT('Ctrl Pts',(-21.7249999999917,1.57214055331364,12.6362018795456));
#8204=CARTESIAN_POINT('Ctrl Pts',(-22.0249999999917,1.57214055331364,12.6362018795456));
#8205=CARTESIAN_POINT('Ctrl Pts',(-21.7249999999917,1.54270114424293,12.6358824644054));
#8206=CARTESIAN_POINT('Ctrl Pts',(-22.0249999999917,1.54270114424293,12.6358824644054));
#8207=CARTESIAN_POINT('Ctrl Pts',(-21.7249999999917,1.51327632444718,12.6348885491879));
#8208=CARTESIAN_POINT('Ctrl Pts',(-22.0249999999917,1.51327632444718,12.6348885491879));
#8209=CARTESIAN_POINT('Ctrl Pts',(-21.7249999999917,1.49594038724915,12.6343029737482));
#8210=CARTESIAN_POINT('Ctrl Pts',(-22.0249999999917,1.49594038724915,12.6343029737482));
#8211=CARTESIAN_POINT('',(-22.0249999999917,1.58423542976395,12.6363331079492));
#8212=CARTESIAN_POINT('Ctrl Pts',(-22.0249999999917,1.58423542976395,12.6363331079492));
#8213=CARTESIAN_POINT('Ctrl Pts',(-22.0249999999917,1.57214055331364,12.6362018795456));
#8214=CARTESIAN_POINT('Ctrl Pts',(-22.0249999999917,1.54270114424293,12.6358824644054));
#8215=CARTESIAN_POINT('Ctrl Pts',(-22.0249999999917,1.51327632444718,12.6348885491879));
#8216=CARTESIAN_POINT('Ctrl Pts',(-22.0249999999917,1.49594038724915,12.6343029737482));
#8217=CARTESIAN_POINT('',(-22.0249999999917,1.58423542976395,12.6363331079492));
#8218=CARTESIAN_POINT('Origin',(-22.0249999999917,1.56292282044905,12.8382951021204));
#8219=CARTESIAN_POINT('',(-22.0249999999917,1.54161021113414,13.0402570962915));
#8220=CARTESIAN_POINT('',(-22.0249999999917,1.54587800185317,12.9998147688606));
#8221=CARTESIAN_POINT('',(-22.0249999999917,1.54161021113414,13.0402570962915));
#8222=CARTESIAN_POINT('Ctrl Pts',(-21.7249999999917,1.5152232348921,13.444181382657));
#8223=CARTESIAN_POINT('Ctrl Pts',(-22.0249999999917,1.5152232348921,13.444181382657));
#8224=CARTESIAN_POINT('Ctrl Pts',(-21.7249999999917,1.51670130064304,13.3834122761033));
#8225=CARTESIAN_POINT('Ctrl Pts',(-22.0249999999917,1.51670130064304,13.3834122761033));
#8226=CARTESIAN_POINT('Ctrl Pts',(-21.7249999999917,1.51998454157757,13.2484253054192));
#8227=CARTESIAN_POINT('Ctrl Pts',(-22.0249999999917,1.51998454157757,13.2484253054192));
#8228=CARTESIAN_POINT('Ctrl Pts',(-21.7249999999917,1.53393825170595,13.1141072053246));
#8229=CARTESIAN_POINT('Ctrl Pts',(-22.0249999999917,1.53393825170595,13.1141072053246));
#8230=CARTESIAN_POINT('Ctrl Pts',(-21.7249999999917,1.54161021113414,13.0402570962915));
#8231=CARTESIAN_POINT('Ctrl Pts',(-22.0249999999917,1.54161021113414,13.0402570962915));
#8232=CARTESIAN_POINT('',(-22.0249999999917,1.5152232348921,13.444181382657));
#8233=CARTESIAN_POINT('Ctrl Pts',(-22.0249999999917,1.5152232348921,13.444181382657));
#8234=CARTESIAN_POINT('Ctrl Pts',(-22.0249999999917,1.51670130064304,13.3834122761033));
#8235=CARTESIAN_POINT('Ctrl Pts',(-22.0249999999917,1.51998454157757,13.2484253054192));
#8236=CARTESIAN_POINT('Ctrl Pts',(-22.0249999999917,1.53393825170595,13.1141072053246));
#8237=CARTESIAN_POINT('Ctrl Pts',(-22.0249999999917,1.54161021113414,13.0402570962915));
#8238=CARTESIAN_POINT('',(-22.0249999999917,1.5152232348921,13.444181382657));
#8239=CARTESIAN_POINT('Ctrl Pts',(-21.7249999999917,1.52943164110206,13.6897835135469));
#8240=CARTESIAN_POINT('Ctrl Pts',(-22.0249999999917,1.52943164110206,13.6897835135469));
#8241=CARTESIAN_POINT('Ctrl Pts',(-21.7249999999917,1.52530452667524,13.6443146075897));
#8242=CARTESIAN_POINT('Ctrl Pts',(-22.0249999999917,1.52530452667524,13.6443146075897));
#8243=CARTESIAN_POINT('Ctrl Pts',(-21.7249999999917,1.51788705660264,13.562595465765));
#8244=CARTESIAN_POINT('Ctrl Pts',(-22.0249999999917,1.51788705660264,13.562595465765));
#8245=CARTESIAN_POINT('Ctrl Pts',(-21.7249999999917,1.51604178769966,13.4805682698871));
#8246=CARTESIAN_POINT('Ctrl Pts',(-22.0249999999917,1.51604178769966,13.4805682698871));
#8247=CARTESIAN_POINT('Ctrl Pts',(-21.7249999999917,1.5152232348921,13.444181382657));
#8248=CARTESIAN_POINT('Ctrl Pts',(-22.0249999999917,1.5152232348921,13.444181382657));
#8249=CARTESIAN_POINT('',(-22.0249999999917,1.52943164110206,13.6897835135469));
#8250=CARTESIAN_POINT('Ctrl Pts',(-22.0249999999917,1.52943164110206,13.6897835135469));
#8251=CARTESIAN_POINT('Ctrl Pts',(-22.0249999999917,1.52530452667524,13.6443146075897));
#8252=CARTESIAN_POINT('Ctrl Pts',(-22.0249999999917,1.51788705660264,13.562595465765));
#8253=CARTESIAN_POINT('Ctrl Pts',(-22.0249999999917,1.51604178769966,13.4805682698871));
#8254=CARTESIAN_POINT('Ctrl Pts',(-22.0249999999917,1.5152232348921,13.444181382657));
#8255=CARTESIAN_POINT('',(-22.0249999999917,1.52943164110206,13.6897835135469));
#8256=CARTESIAN_POINT('Origin',(-22.0249999999917,1.53958048671507,13.8125845789919));
#8257=CARTESIAN_POINT('',(-22.0249999999917,1.54972933232808,13.9353856444368));
#8258=CARTESIAN_POINT('',(-22.0249999999917,1.50100830569098,13.3458610611741));
#8259=CARTESIAN_POINT('',(-22.0249999999917,1.54972933232808,13.9353856444368));
#8260=CARTESIAN_POINT('Origin',(-22.0249999999917,1.39952637255216,13.9232070744047));
#8261=CARTESIAN_POINT('',(-22.0249999999917,1.24932341277623,13.9110285043726));
#8262=CARTESIAN_POINT('',(-22.0249999999917,0.667150724056,13.8638255007105));
#8263=CARTESIAN_POINT('',(-22.0249999999917,1.24932341277623,13.9110285043726));
#8264=CARTESIAN_POINT('Ctrl Pts',(-21.7249999999917,0.632273256778939,13.653247654439));
#8265=CARTESIAN_POINT('Ctrl Pts',(-22.0249999999917,0.632273256778939,13.653247654439));
#8266=CARTESIAN_POINT('Ctrl Pts',(-21.7249999999917,0.72959914394074,13.719577943169));
#8267=CARTESIAN_POINT('Ctrl Pts',(-22.0249999999917,0.72959914394074,13.719577943169));
#8268=CARTESIAN_POINT('Ctrl Pts',(-21.7249999999917,0.917823791376068,13.8478582555769));
#8269=CARTESIAN_POINT('Ctrl Pts',(-22.0249999999917,0.917823791376068,13.8478582555769));
#8270=CARTESIAN_POINT('Ctrl Pts',(-21.7249999999917,1.14136792146234,13.8904566098517));
#8271=CARTESIAN_POINT('Ctrl Pts',(-22.0249999999917,1.14136792146234,13.8904566098517));
#8272=CARTESIAN_POINT('Ctrl Pts',(-21.7249999999917,1.24932341277623,13.9110285043726));
#8273=CARTESIAN_POINT('Ctrl Pts',(-22.0249999999917,1.24932341277623,13.9110285043726));
#8274=CARTESIAN_POINT('Ctrl Pts',(-22.0249999999917,0.632273256778939,13.653247654439));
#8275=CARTESIAN_POINT('Ctrl Pts',(-22.0249999999917,0.72959914394074,13.719577943169));
#8276=CARTESIAN_POINT('Ctrl Pts',(-22.0249999999917,0.917823791376068,13.8478582555769));
#8277=CARTESIAN_POINT('Ctrl Pts',(-22.0249999999917,1.14136792146234,13.8904566098517));
#8278=CARTESIAN_POINT('Ctrl Pts',(-22.0249999999917,1.24932341277623,13.9110285043726));
#8279=CARTESIAN_POINT('Ctrl Pts',(-21.7249999999917,-0.250676572322767,
11.4387685060512));
#8280=CARTESIAN_POINT('Ctrl Pts',(-22.0249999999917,-0.250676572322767,
11.4387685060512));
#8281=CARTESIAN_POINT('Ctrl Pts',(-21.7249999999917,-0.24799779835842,11.4111819926824));
#8282=CARTESIAN_POINT('Ctrl Pts',(-22.0249999999917,-0.24799779835842,11.4111819926824));
#8283=CARTESIAN_POINT('Ctrl Pts',(-21.7249999999917,-0.242587457164061,
11.3554652910592));
#8284=CARTESIAN_POINT('Ctrl Pts',(-22.0249999999917,-0.242587457164061,
11.3554652910592));
#8285=CARTESIAN_POINT('Ctrl Pts',(-21.7249999999917,-0.206824578626377,
11.3123589928415));
#8286=CARTESIAN_POINT('Ctrl Pts',(-22.0249999999917,-0.206824578626377,
11.3123589928415));
#8287=CARTESIAN_POINT('Ctrl Pts',(-21.7249999999917,-0.188768655061653,
11.2905955314647));
#8288=CARTESIAN_POINT('Ctrl Pts',(-22.0249999999917,-0.188768655061653,
11.2905955314647));
#8289=CARTESIAN_POINT('',(-22.0249999999917,-0.188768655061653,11.2905955314647));
#8290=CARTESIAN_POINT('',(-22.0249999999917,-0.188768655061653,11.2905955314647));
#8291=CARTESIAN_POINT('',(-22.0249999999917,-0.250676572322767,11.4387685060512));
#8292=CARTESIAN_POINT('Ctrl Pts',(-22.0249999999917,-0.250676572322767,
11.4387685060512));
#8293=CARTESIAN_POINT('Ctrl Pts',(-22.0249999999917,-0.24799779835842,11.4111819926824));
#8294=CARTESIAN_POINT('Ctrl Pts',(-22.0249999999917,-0.242587457164061,
11.3554652910592));
#8295=CARTESIAN_POINT('Ctrl Pts',(-22.0249999999917,-0.206824578626377,
11.3123589928415));
#8296=CARTESIAN_POINT('Ctrl Pts',(-22.0249999999917,-0.188768655061653,
11.2905955314647));
#8297=CARTESIAN_POINT('',(-22.0249999999917,-0.250676572322767,11.4387685060512));
#8298=CARTESIAN_POINT('Ctrl Pts',(-21.7249999999917,-0.197902619838627,
11.576792895795));
#8299=CARTESIAN_POINT('Ctrl Pts',(-22.0249999999917,-0.197902619838627,
11.576792895795));
#8300=CARTESIAN_POINT('Ctrl Pts',(-21.7249999999917,-0.213288784557418,
11.5552873817529));
#8301=CARTESIAN_POINT('Ctrl Pts',(-22.0249999999917,-0.213288784557418,
11.5552873817529));
#8302=CARTESIAN_POINT('Ctrl Pts',(-21.7249999999917,-0.242964314346436,
11.5138093698997));
#8303=CARTESIAN_POINT('Ctrl Pts',(-22.0249999999917,-0.242964314346436,
11.5138093698997));
#8304=CARTESIAN_POINT('Ctrl Pts',(-21.7249999999917,-0.248169952664233,
11.4631581083043));
#8305=CARTESIAN_POINT('Ctrl Pts',(-22.0249999999917,-0.248169952664233,
11.4631581083043));
#8306=CARTESIAN_POINT('Ctrl Pts',(-21.7249999999917,-0.250676572322767,
11.4387685060512));
#8307=CARTESIAN_POINT('Ctrl Pts',(-22.0249999999917,-0.250676572322767,
11.4387685060512));
#8308=CARTESIAN_POINT('',(-22.0249999999917,-0.197902619838627,11.576792895795));
#8309=CARTESIAN_POINT('Ctrl Pts',(-22.0249999999917,-0.197902619838627,
11.576792895795));
#8310=CARTESIAN_POINT('Ctrl Pts',(-22.0249999999917,-0.213288784557418,
11.5552873817529));
#8311=CARTESIAN_POINT('Ctrl Pts',(-22.0249999999917,-0.242964314346436,
11.5138093698997));
#8312=CARTESIAN_POINT('Ctrl Pts',(-22.0249999999917,-0.248169952664233,
11.4631581083043));
#8313=CARTESIAN_POINT('Ctrl Pts',(-22.0249999999917,-0.250676572322767,
11.4387685060512));
#8314=CARTESIAN_POINT('',(-22.0249999999917,-0.197902619838627,11.576792895795));
#8315=CARTESIAN_POINT('Ctrl Pts',(-21.7249999999917,0.745940357446805,12.2912719845782));
#8316=CARTESIAN_POINT('Ctrl Pts',(-22.0249999999917,0.745940357446805,12.2912719845782));
#8317=CARTESIAN_POINT('Ctrl Pts',(-21.7249999999917,0.555226875073073,12.1841155351016));
#8318=CARTESIAN_POINT('Ctrl Pts',(-22.0249999999917,0.555226875073073,12.1841155351016));
#8319=CARTESIAN_POINT('Ctrl Pts',(-21.7249999999917,0.207573480392382,11.9887790389149));
#8320=CARTESIAN_POINT('Ctrl Pts',(-22.0249999999917,0.207573480392382,11.9887790389149));
#8321=CARTESIAN_POINT('Ctrl Pts',(-21.7249999999917,-0.0717903969224798,
11.7049298890478));
#8322=CARTESIAN_POINT('Ctrl Pts',(-22.0249999999917,-0.0717903969224798,
11.7049298890478));
#8323=CARTESIAN_POINT('Ctrl Pts',(-21.7249999999917,-0.197902619838627,
11.576792895795));
#8324=CARTESIAN_POINT('Ctrl Pts',(-22.0249999999917,-0.197902619838627,
11.576792895795));
#8325=CARTESIAN_POINT('',(-22.0249999999917,0.745940357446805,12.2912719845782));
#8326=CARTESIAN_POINT('Ctrl Pts',(-22.0249999999917,0.745940357446805,12.2912719845782));
#8327=CARTESIAN_POINT('Ctrl Pts',(-22.0249999999917,0.555226875073073,12.1841155351016));
#8328=CARTESIAN_POINT('Ctrl Pts',(-22.0249999999917,0.207573480392382,11.9887790389149));
#8329=CARTESIAN_POINT('Ctrl Pts',(-22.0249999999917,-0.0717903969224798,
11.7049298890478));
#8330=CARTESIAN_POINT('Ctrl Pts',(-22.0249999999917,-0.197902619838627,
11.576792895795));
#8331=CARTESIAN_POINT('',(-22.0249999999917,0.745940357446805,12.2912719845782));
#8332=CARTESIAN_POINT('Ctrl Pts',(-21.7249999999917,0.183694213628922,12.5815290212641));
#8333=CARTESIAN_POINT('Ctrl Pts',(-22.0249999999917,0.183694213628922,12.5815290212641));
#8334=CARTESIAN_POINT('Ctrl Pts',(-21.7249999999917,0.265764537923334,12.5210713511774));
#8335=CARTESIAN_POINT('Ctrl Pts',(-22.0249999999917,0.265764537923334,12.5210713511774));
#8336=CARTESIAN_POINT('Ctrl Pts',(-21.7249999999917,0.437601289651983,12.3944866235781));
#8337=CARTESIAN_POINT('Ctrl Pts',(-22.0249999999917,0.437601289651983,12.3944866235781));
#8338=CARTESIAN_POINT('Ctrl Pts',(-21.7249999999917,0.640136992812959,12.3266890212961));
#8339=CARTESIAN_POINT('Ctrl Pts',(-22.0249999999917,0.640136992812959,12.3266890212961));
#8340=CARTESIAN_POINT('Ctrl Pts',(-21.7249999999917,0.745940357446805,12.2912719845782));
#8341=CARTESIAN_POINT('Ctrl Pts',(-22.0249999999917,0.745940357446805,12.2912719845782));
#8342=CARTESIAN_POINT('',(-22.0249999999917,0.183694213628922,12.5815290212641));
#8343=CARTESIAN_POINT('Ctrl Pts',(-22.0249999999917,0.183694213628922,12.5815290212641));
#8344=CARTESIAN_POINT('Ctrl Pts',(-22.0249999999917,0.265764537923334,12.5210713511774));
#8345=CARTESIAN_POINT('Ctrl Pts',(-22.0249999999917,0.437601289651983,12.3944866235781));
#8346=CARTESIAN_POINT('Ctrl Pts',(-22.0249999999917,0.640136992812959,12.3266890212961));
#8347=CARTESIAN_POINT('Ctrl Pts',(-22.0249999999917,0.745940357446805,12.2912719845782));
#8348=CARTESIAN_POINT('',(-22.0249999999917,0.183694213628922,12.5815290212641));
#8349=CARTESIAN_POINT('Ctrl Pts',(-21.7249999999917,-0.0964140892026927,
13.1275373697291));
#8350=CARTESIAN_POINT('Ctrl Pts',(-22.0249999999917,-0.0964140892026927,
13.1275373697291));
#8351=CARTESIAN_POINT('Ctrl Pts',(-21.7249999999917,-0.0825741562714802,
13.025878356239));
#8352=CARTESIAN_POINT('Ctrl Pts',(-22.0249999999917,-0.0825741562714802,
13.025878356239));
#8353=CARTESIAN_POINT('Ctrl Pts',(-21.7249999999917,-0.0534365155943778,
12.8118524775454));
#8354=CARTESIAN_POINT('Ctrl Pts',(-22.0249999999917,-0.0534365155943778,
12.8118524775454));
#8355=CARTESIAN_POINT('Ctrl Pts',(-21.7249999999917,0.102057482468492,12.6608222201758));
#8356=CARTESIAN_POINT('Ctrl Pts',(-22.0249999999917,0.102057482468492,12.6608222201758));
#8357=CARTESIAN_POINT('Ctrl Pts',(-21.7249999999917,0.183694213628922,12.5815290212641));
#8358=CARTESIAN_POINT('Ctrl Pts',(-22.0249999999917,0.183694213628922,12.5815290212641));
#8359=CARTESIAN_POINT('',(-22.0249999999917,-0.0964140892026927,13.1275373697291));
#8360=CARTESIAN_POINT('Ctrl Pts',(-22.0249999999917,-0.0964140892026927,
13.1275373697291));
#8361=CARTESIAN_POINT('Ctrl Pts',(-22.0249999999917,-0.0825741562714802,
13.025878356239));
#8362=CARTESIAN_POINT('Ctrl Pts',(-22.0249999999917,-0.0534365155943778,
12.8118524775454));
#8363=CARTESIAN_POINT('Ctrl Pts',(-22.0249999999917,0.102057482468492,12.6608222201758));
#8364=CARTESIAN_POINT('Ctrl Pts',(-22.0249999999917,0.183694213628922,12.5815290212641));
#8365=CARTESIAN_POINT('',(-22.0249999999917,-0.0964140892026927,13.1275373697291));
#8366=CARTESIAN_POINT('Ctrl Pts',(-21.7249999999917,0.725642740726728,14.1931664943705));
#8367=CARTESIAN_POINT('Ctrl Pts',(-22.0249999999917,0.725642740726728,14.1931664943705));
#8368=CARTESIAN_POINT('Ctrl Pts',(-21.7249999999917,0.486994875808331,14.0554008705426));
#8369=CARTESIAN_POINT('Ctrl Pts',(-22.0249999999917,0.486994875808331,14.0554008705426));
#8370=CARTESIAN_POINT('Ctrl Pts',(-21.7249999999917,0.0607953245452272,
13.8093662073999));
#8371=CARTESIAN_POINT('Ctrl Pts',(-22.0249999999917,0.0607953245452272,
13.8093662073999));
#8372=CARTESIAN_POINT('Ctrl Pts',(-21.7249999999917,-0.0483736310317132,
13.3358923847056));
#8373=CARTESIAN_POINT('Ctrl Pts',(-22.0249999999917,-0.0483736310317132,
13.3358923847056));
#8374=CARTESIAN_POINT('Ctrl Pts',(-21.7249999999917,-0.0964140892026927,
13.1275373697291));
#8375=CARTESIAN_POINT('Ctrl Pts',(-22.0249999999917,-0.0964140892026927,
13.1275373697291));
#8376=CARTESIAN_POINT('',(-22.0249999999917,0.725642740726728,14.1931664943705));
#8377=CARTESIAN_POINT('Ctrl Pts',(-22.0249999999917,0.725642740726728,14.1931664943705));
#8378=CARTESIAN_POINT('Ctrl Pts',(-22.0249999999917,0.486994875808331,14.0554008705426));
#8379=CARTESIAN_POINT('Ctrl Pts',(-22.0249999999917,0.0607953245452272,
13.8093662073999));
#8380=CARTESIAN_POINT('Ctrl Pts',(-22.0249999999917,-0.0483736310317132,
13.3358923847056));
#8381=CARTESIAN_POINT('Ctrl Pts',(-22.0249999999917,-0.0964140892026927,
13.1275373697291));
#8382=CARTESIAN_POINT('',(-22.0249999999917,0.725642740726728,14.1931664943705));
#8383=CARTESIAN_POINT('Ctrl Pts',(-21.7249999999917,1.1945196241143,14.3291610479364));
#8384=CARTESIAN_POINT('Ctrl Pts',(-22.0249999999917,1.1945196241143,14.3291610479364));
#8385=CARTESIAN_POINT('Ctrl Pts',(-21.7249999999917,1.10790094674097,14.3161202933837));
#8386=CARTESIAN_POINT('Ctrl Pts',(-22.0249999999917,1.10790094674097,14.3161202933837));
#8387=CARTESIAN_POINT('Ctrl Pts',(-21.7249999999917,0.945418860377784,14.2916580287575));
#8388=CARTESIAN_POINT('Ctrl Pts',(-22.0249999999917,0.945418860377784,14.2916580287575));
#8389=CARTESIAN_POINT('Ctrl Pts',(-21.7249999999917,0.795595670303157,14.2245155389336));
#8390=CARTESIAN_POINT('Ctrl Pts',(-22.0249999999917,0.795595670303157,14.2245155389336));
#8391=CARTESIAN_POINT('Ctrl Pts',(-21.7249999999917,0.725642740726728,14.1931664943705));
#8392=CARTESIAN_POINT('Ctrl Pts',(-22.0249999999917,0.725642740726728,14.1931664943705));
#8393=CARTESIAN_POINT('',(-22.0249999999917,1.1945196241143,14.3291610479364));
#8394=CARTESIAN_POINT('Ctrl Pts',(-22.0249999999917,1.1945196241143,14.3291610479364));
#8395=CARTESIAN_POINT('Ctrl Pts',(-22.0249999999917,1.10790094674097,14.3161202933837));
#8396=CARTESIAN_POINT('Ctrl Pts',(-22.0249999999917,0.945418860377784,14.2916580287575));
#8397=CARTESIAN_POINT('Ctrl Pts',(-22.0249999999917,0.795595670303157,14.2245155389336));
#8398=CARTESIAN_POINT('Ctrl Pts',(-22.0249999999917,0.725642740726728,14.1931664943705));
#8399=CARTESIAN_POINT('',(-22.0249999999917,1.1945196241143,14.3291610479364));
#8400=CARTESIAN_POINT('Origin',(-22.0249999999917,1.43910689279464,14.3484438955793));
#8401=CARTESIAN_POINT('',(-22.0249999999917,1.68369416147497,14.3677267432222));
#8402=CARTESIAN_POINT('',(-22.0249999999917,0.671172009050114,14.2879012048547));
#8403=CARTESIAN_POINT('',(-22.0249999999917,1.68369416147497,14.3677267432222));
#8404=CARTESIAN_POINT('Ctrl Pts',(-21.7249999999917,1.89681999385383,14.270297884942));
#8405=CARTESIAN_POINT('Ctrl Pts',(-22.0249999999917,1.89681999385383,14.270297884942));
#8406=CARTESIAN_POINT('Ctrl Pts',(-21.7249999999917,1.86845453785455,14.301236017029));
#8407=CARTESIAN_POINT('Ctrl Pts',(-22.0249999999917,1.86845453785455,14.301236017029));
#8408=CARTESIAN_POINT('Ctrl Pts',(-21.7249999999917,1.81120403898671,14.3636789933048));
#8409=CARTESIAN_POINT('Ctrl Pts',(-22.0249999999917,1.81120403898671,14.3636789933048));
#8410=CARTESIAN_POINT('Ctrl Pts',(-21.7249999999917,1.72645384236678,14.3663693543032));
#8411=CARTESIAN_POINT('Ctrl Pts',(-22.0249999999917,1.72645384236678,14.3663693543032));
#8412=CARTESIAN_POINT('Ctrl Pts',(-21.7249999999917,1.68369416147497,14.3677267432222));
#8413=CARTESIAN_POINT('Ctrl Pts',(-22.0249999999917,1.68369416147497,14.3677267432222));
#8414=CARTESIAN_POINT('',(-22.0249999999917,1.89681999385383,14.270297884942));
#8415=CARTESIAN_POINT('Ctrl Pts',(-22.0249999999917,1.89681999385383,14.270297884942));
#8416=CARTESIAN_POINT('Ctrl Pts',(-22.0249999999917,1.86845453785455,14.301236017029));
#8417=CARTESIAN_POINT('Ctrl Pts',(-22.0249999999917,1.81120403898671,14.3636789933048));
#8418=CARTESIAN_POINT('Ctrl Pts',(-22.0249999999917,1.72645384236678,14.3663693543032));
#8419=CARTESIAN_POINT('Ctrl Pts',(-22.0249999999917,1.68369416147497,14.3677267432222));
#8420=CARTESIAN_POINT('',(-22.0249999999917,1.89681999385383,14.270297884942));
#8421=CARTESIAN_POINT('Ctrl Pts',(-21.7249999999917,1.96177264675523,14.0673208236703));
#8422=CARTESIAN_POINT('Ctrl Pts',(-22.0249999999917,1.96177264675523,14.0673208236703));
#8423=CARTESIAN_POINT('Ctrl Pts',(-21.7249999999917,1.95925052016888,14.1044521290667));
#8424=CARTESIAN_POINT('Ctrl Pts',(-22.0249999999917,1.95925052016888,14.1044521290667));
#8425=CARTESIAN_POINT('Ctrl Pts',(-21.7249999999917,1.95428862737197,14.1775022121921));
#8426=CARTESIAN_POINT('Ctrl Pts',(-22.0249999999917,1.95428862737197,14.1775022121921));
#8427=CARTESIAN_POINT('Ctrl Pts',(-21.7249999999917,1.91576304838836,14.2397101820186));
#8428=CARTESIAN_POINT('Ctrl Pts',(-22.0249999999917,1.91576304838836,14.2397101820186));
#8429=CARTESIAN_POINT('Ctrl Pts',(-21.7249999999917,1.89681999385383,14.270297884942));
#8430=CARTESIAN_POINT('Ctrl Pts',(-22.0249999999917,1.89681999385383,14.270297884942));
#8431=CARTESIAN_POINT('',(-22.0249999999917,1.96177264675523,14.0673208236703));
#8432=CARTESIAN_POINT('Ctrl Pts',(-22.0249999999917,1.96177264675523,14.0673208236703));
#8433=CARTESIAN_POINT('Ctrl Pts',(-22.0249999999917,1.95925052016888,14.1044521290667));
#8434=CARTESIAN_POINT('Ctrl Pts',(-22.0249999999917,1.95428862737197,14.1775022121921));
#8435=CARTESIAN_POINT('Ctrl Pts',(-22.0249999999917,1.91576304838836,14.2397101820186));
#8436=CARTESIAN_POINT('Ctrl Pts',(-22.0249999999917,1.89681999385383,14.270297884942));
#8437=CARTESIAN_POINT('',(-22.0249999999917,1.96177264675523,14.0673208236703));
#8438=CARTESIAN_POINT('Ctrl Pts',(-21.7249999999917,1.94248981773876,13.760825395585));
#8439=CARTESIAN_POINT('Ctrl Pts',(-22.0249999999917,1.94248981773876,13.760825395585));
#8440=CARTESIAN_POINT('Ctrl Pts',(-21.7249999999917,1.94806261595824,13.8201515586541));
#8441=CARTESIAN_POINT('Ctrl Pts',(-22.0249999999917,1.94806261595824,13.8201515586541));
#8442=CARTESIAN_POINT('Ctrl Pts',(-21.7249999999917,1.95764192089088,13.9221296644708));
#8443=CARTESIAN_POINT('Ctrl Pts',(-22.0249999999917,1.95764192089088,13.9221296644708));
#8444=CARTESIAN_POINT('Ctrl Pts',(-21.7249999999917,1.96055448023436,14.0245034072958));
#8445=CARTESIAN_POINT('Ctrl Pts',(-22.0249999999917,1.96055448023436,14.0245034072958));
#8446=CARTESIAN_POINT('Ctrl Pts',(-21.7249999999917,1.96177264675523,14.0673208236703));
#8447=CARTESIAN_POINT('Ctrl Pts',(-22.0249999999917,1.96177264675523,14.0673208236703));
#8448=CARTESIAN_POINT('',(-22.0249999999917,1.94248981773876,13.760825395585));
#8449=CARTESIAN_POINT('Ctrl Pts',(-22.0249999999917,1.94248981773876,13.760825395585));
#8450=CARTESIAN_POINT('Ctrl Pts',(-22.0249999999917,1.94806261595824,13.8201515586541));
#8451=CARTESIAN_POINT('Ctrl Pts',(-22.0249999999917,1.95764192089088,13.9221296644708));
#8452=CARTESIAN_POINT('Ctrl Pts',(-22.0249999999917,1.96055448023436,14.0245034072958));
#8453=CARTESIAN_POINT('Ctrl Pts',(-22.0249999999917,1.96177264675523,14.0673208236703));
#8454=CARTESIAN_POINT('',(-22.0249999999917,1.94248981773876,13.760825395585));
#8455=CARTESIAN_POINT('Ctrl Pts',(-21.7249999999917,1.92320700734875,13.4543302655229));
#8456=CARTESIAN_POINT('Ctrl Pts',(-22.0249999999917,1.92320700734875,13.4543302655229));
#8457=CARTESIAN_POINT('Ctrl Pts',(-21.7249999999917,1.92442517510689,13.4971476321548));
#8458=CARTESIAN_POINT('Ctrl Pts',(-22.0249999999917,1.92442517510689,13.4971476321548));
#8459=CARTESIAN_POINT('Ctrl Pts',(-21.7249999999917,1.92733773794993,13.5995212750752));
#8460=CARTESIAN_POINT('Ctrl Pts',(-22.0249999999917,1.92733773794993,13.5995212750752));
#8461=CARTESIAN_POINT('Ctrl Pts',(-21.7249999999917,1.93691702764131,13.7014992820756));
#8462=CARTESIAN_POINT('Ctrl Pts',(-22.0249999999917,1.93691702764131,13.7014992820756));
#8463=CARTESIAN_POINT('Ctrl Pts',(-21.7249999999917,1.94248981773876,13.760825395585));
#8464=CARTESIAN_POINT('Ctrl Pts',(-22.0249999999917,1.94248981773876,13.760825395585));
#8465=CARTESIAN_POINT('',(-22.0249999999917,1.92320700734875,13.4543302655229));
#8466=CARTESIAN_POINT('Ctrl Pts',(-22.0249999999917,1.92320700734875,13.4543302655229));
#8467=CARTESIAN_POINT('Ctrl Pts',(-22.0249999999917,1.92442517510689,13.4971476321548));
#8468=CARTESIAN_POINT('Ctrl Pts',(-22.0249999999917,1.92733773794993,13.5995212750752));
#8469=CARTESIAN_POINT('Ctrl Pts',(-22.0249999999917,1.93691702764131,13.7014992820756));
#8470=CARTESIAN_POINT('Ctrl Pts',(-22.0249999999917,1.94248981773876,13.760825395585));
#8471=CARTESIAN_POINT('',(-22.0249999999917,1.92320700734875,13.4543302655229));
#8472=CARTESIAN_POINT('Ctrl Pts',(-21.7249999999917,1.96380240842717,12.9002028703699));
#8473=CARTESIAN_POINT('Ctrl Pts',(-22.0249999999917,1.96380240842717,12.9002028703699));
#8474=CARTESIAN_POINT('Ctrl Pts',(-21.7249999999917,1.95207735892741,13.0078410831339));
#8475=CARTESIAN_POINT('Ctrl Pts',(-22.0249999999917,1.95207735892741,13.0078410831339));
#8476=CARTESIAN_POINT('Ctrl Pts',(-21.7249999999917,1.93200613380425,13.1920987956735));
#8477=CARTESIAN_POINT('Ctrl Pts',(-22.0249999999917,1.93200613380425,13.1920987956735));
#8478=CARTESIAN_POINT('Ctrl Pts',(-21.7249999999917,1.92579130615162,13.3773130210232));
#8479=CARTESIAN_POINT('Ctrl Pts',(-22.0249999999917,1.92579130615162,13.3773130210232));
#8480=CARTESIAN_POINT('Ctrl Pts',(-21.7249999999917,1.92320700734875,13.4543302655229));
#8481=CARTESIAN_POINT('Ctrl Pts',(-22.0249999999917,1.92320700734875,13.4543302655229));
#8482=CARTESIAN_POINT('',(-22.0249999999917,1.96380240842717,12.9002028703699));
#8483=CARTESIAN_POINT('Ctrl Pts',(-22.0249999999917,1.96380240842717,12.9002028703699));
#8484=CARTESIAN_POINT('Ctrl Pts',(-22.0249999999917,1.95207735892741,13.0078410831339));
#8485=CARTESIAN_POINT('Ctrl Pts',(-22.0249999999917,1.93200613380425,13.1920987956735));
#8486=CARTESIAN_POINT('Ctrl Pts',(-22.0249999999917,1.92579130615162,13.3773130210232));
#8487=CARTESIAN_POINT('Ctrl Pts',(-22.0249999999917,1.92320700734875,13.4543302655229));
#8488=CARTESIAN_POINT('',(-22.0249999999917,1.96380240842717,12.9002028703699));
#8489=CARTESIAN_POINT('Ctrl Pts',(-21.7249999999917,2.0043978095056,12.3440459370622));
#8490=CARTESIAN_POINT('Ctrl Pts',(-22.0249999999917,2.0043978095056,12.3440459370622));
#8491=CARTESIAN_POINT('Ctrl Pts',(-21.7249999999917,2.00182340491522,12.4215711226295));
#8492=CARTESIAN_POINT('Ctrl Pts',(-22.0249999999917,2.00182340491522,12.4215711226295));
#8493=CARTESIAN_POINT('Ctrl Pts',(-21.7249999999917,1.99565042672848,12.6074631464463));
#8494=CARTESIAN_POINT('Ctrl Pts',(-22.0249999999917,1.99565042672848,12.6074631464463));
#8495=CARTESIAN_POINT('Ctrl Pts',(-21.7249999999917,1.97553109188496,12.7923954857804));
#8496=CARTESIAN_POINT('Ctrl Pts',(-22.0249999999917,1.97553109188496,12.7923954857804));
#8497=CARTESIAN_POINT('Ctrl Pts',(-21.7249999999917,1.96380240842717,12.9002028703699));
#8498=CARTESIAN_POINT('Ctrl Pts',(-22.0249999999917,1.96380240842717,12.9002028703699));
#8499=CARTESIAN_POINT('',(-22.0249999999917,2.0043978095056,12.3440459370622));
#8500=CARTESIAN_POINT('Ctrl Pts',(-22.0249999999917,2.0043978095056,12.3440459370622));
#8501=CARTESIAN_POINT('Ctrl Pts',(-22.0249999999917,2.00182340491522,12.4215711226295));
#8502=CARTESIAN_POINT('Ctrl Pts',(-22.0249999999917,1.99565042672848,12.6074631464463));
#8503=CARTESIAN_POINT('Ctrl Pts',(-22.0249999999917,1.97553109188496,12.7923954857804));
#8504=CARTESIAN_POINT('Ctrl Pts',(-22.0249999999917,1.96380240842717,12.9002028703699));
#8505=CARTESIAN_POINT('',(-22.0249999999917,2.0043978095056,12.3440459370622));
#8506=CARTESIAN_POINT('Ctrl Pts',(-21.7249999999917,1.98917454108607,11.8660351634035));
#8507=CARTESIAN_POINT('Ctrl Pts',(-22.0249999999917,1.98917454108607,11.8660351634035));
#8508=CARTESIAN_POINT('Ctrl Pts',(-21.7249999999917,1.99357337574188,11.9587947622963));
#8509=CARTESIAN_POINT('Ctrl Pts',(-22.0249999999917,1.99357337574188,11.9587947622963));
#8510=CARTESIAN_POINT('Ctrl Pts',(-21.7249999999917,2.00112590260441,12.1180572527537));
#8511=CARTESIAN_POINT('Ctrl Pts',(-22.0249999999917,2.00112590260441,12.1180572527537));
#8512=CARTESIAN_POINT('Ctrl Pts',(-21.7249999999917,2.00343401573035,12.2774772681512));
#8513=CARTESIAN_POINT('Ctrl Pts',(-22.0249999999917,2.00343401573035,12.2774772681512));
#8514=CARTESIAN_POINT('Ctrl Pts',(-21.7249999999917,2.0043978095056,12.3440459370622));
#8515=CARTESIAN_POINT('Ctrl Pts',(-22.0249999999917,2.0043978095056,12.3440459370622));
#8516=CARTESIAN_POINT('',(-22.0249999999917,1.98917454108607,11.8660351634035));
#8517=CARTESIAN_POINT('Ctrl Pts',(-22.0249999999917,1.98917454108607,11.8660351634035));
#8518=CARTESIAN_POINT('Ctrl Pts',(-22.0249999999917,1.99357337574188,11.9587947622963));
#8519=CARTESIAN_POINT('Ctrl Pts',(-22.0249999999917,2.00112590260441,12.1180572527537));
#8520=CARTESIAN_POINT('Ctrl Pts',(-22.0249999999917,2.00343401573035,12.2774772681512));
#8521=CARTESIAN_POINT('Ctrl Pts',(-22.0249999999917,2.0043978095056,12.3440459370622));
#8522=CARTESIAN_POINT('',(-22.0249999999917,1.98917454108607,11.8660351634035));
#8523=CARTESIAN_POINT('Ctrl Pts',(-21.7249999999917,1.97395125404008,11.3880243897447));
#8524=CARTESIAN_POINT('Ctrl Pts',(-22.0249999999917,1.97395125404008,11.3880243897447));
#8525=CARTESIAN_POINT('Ctrl Pts',(-21.7249999999917,1.97491505531912,11.4545930586311));
#8526=CARTESIAN_POINT('Ctrl Pts',(-22.0249999999917,1.97491505531912,11.4545930586311));
#8527=CARTESIAN_POINT('Ctrl Pts',(-21.7249999999917,1.9772231864129,11.6140130738045));
#8528=CARTESIAN_POINT('Ctrl Pts',(-22.0249999999917,1.9772231864129,11.6140130738045));
#8529=CARTESIAN_POINT('Ctrl Pts',(-21.7249999999917,1.98477570895176,11.7732755644626));
#8530=CARTESIAN_POINT('Ctrl Pts',(-22.0249999999917,1.98477570895176,11.7732755644626));
#8531=CARTESIAN_POINT('Ctrl Pts',(-21.7249999999917,1.98917454108607,11.8660351634035));
#8532=CARTESIAN_POINT('Ctrl Pts',(-22.0249999999917,1.98917454108607,11.8660351634035));
#8533=CARTESIAN_POINT('',(-22.0249999999917,1.97395125404008,11.3880243897447));
#8534=CARTESIAN_POINT('Ctrl Pts',(-22.0249999999917,1.97395125404008,11.3880243897447));
#8535=CARTESIAN_POINT('Ctrl Pts',(-22.0249999999917,1.97491505531912,11.4545930586311));
#8536=CARTESIAN_POINT('Ctrl Pts',(-22.0249999999917,1.9772231864129,11.6140130738045));
#8537=CARTESIAN_POINT('Ctrl Pts',(-22.0249999999917,1.98477570895176,11.7732755644626));
#8538=CARTESIAN_POINT('Ctrl Pts',(-22.0249999999917,1.98917454108607,11.8660351634035));
#8539=CARTESIAN_POINT('',(-22.0249999999917,1.97395125404008,11.3880243897447));
#8540=CARTESIAN_POINT('Ctrl Pts',(-21.7249999999917,1.91610280424363,11.2388363480577));
#8541=CARTESIAN_POINT('Ctrl Pts',(-22.0249999999917,1.91610280424363,11.2388363480577));
#8542=CARTESIAN_POINT('Ctrl Pts',(-21.7249999999917,1.93297345063893,11.2603034898037));
#8543=CARTESIAN_POINT('Ctrl Pts',(-22.0249999999917,1.93297345063893,11.2603034898037));
#8544=CARTESIAN_POINT('Ctrl Pts',(-21.7249999999917,1.96738919993574,11.3040959889848));
#8545=CARTESIAN_POINT('Ctrl Pts',(-22.0249999999917,1.96738919993574,11.3040959889848));
#8546=CARTESIAN_POINT('Ctrl Pts',(-21.7249999999917,1.97173551065569,11.3596851234434));
#8547=CARTESIAN_POINT('Ctrl Pts',(-22.0249999999917,1.97173551065569,11.3596851234434));
#8548=CARTESIAN_POINT('Ctrl Pts',(-21.7249999999917,1.97395125404008,11.3880243897447));
#8549=CARTESIAN_POINT('Ctrl Pts',(-22.0249999999917,1.97395125404008,11.3880243897447));
#8550=CARTESIAN_POINT('',(-22.0249999999917,1.91610280424363,11.2388363480577));
#8551=CARTESIAN_POINT('Ctrl Pts',(-22.0249999999917,1.91610280424363,11.2388363480577));
#8552=CARTESIAN_POINT('Ctrl Pts',(-22.0249999999917,1.93297345063893,11.2603034898037));
#8553=CARTESIAN_POINT('Ctrl Pts',(-22.0249999999917,1.96738919993574,11.3040959889848));
#8554=CARTESIAN_POINT('Ctrl Pts',(-22.0249999999917,1.97173551065569,11.3596851234434));
#8555=CARTESIAN_POINT('Ctrl Pts',(-22.0249999999917,1.97395125404008,11.3880243897447));
#8556=CARTESIAN_POINT('',(-22.0249999999917,1.91610280424363,11.2388363480577));
#8557=CARTESIAN_POINT('Ctrl Pts',(-21.7249999999917,1.77097424864775,11.1789581179628));
#8558=CARTESIAN_POINT('Ctrl Pts',(-22.0249999999917,1.77097424864775,11.1789581179628));
#8559=CARTESIAN_POINT('Ctrl Pts',(-21.7249999999917,1.79870899277262,11.181317524833));
#8560=CARTESIAN_POINT('Ctrl Pts',(-22.0249999999917,1.79870899277262,11.181317524833));
#8561=CARTESIAN_POINT('Ctrl Pts',(-21.7249999999917,1.85344947951185,11.1859743220944));
#8562=CARTESIAN_POINT('Ctrl Pts',(-22.0249999999917,1.85344947951185,11.1859743220944));
#8563=CARTESIAN_POINT('Ctrl Pts',(-21.7249999999917,1.89540460721338,11.2213728114698));
#8564=CARTESIAN_POINT('Ctrl Pts',(-22.0249999999917,1.89540460721338,11.2213728114698));
#8565=CARTESIAN_POINT('Ctrl Pts',(-21.7249999999917,1.91610280424363,11.2388363480577));
#8566=CARTESIAN_POINT('Ctrl Pts',(-22.0249999999917,1.91610280424363,11.2388363480577));
#8567=CARTESIAN_POINT('',(-22.0249999999917,1.77097424864775,11.1789581179628));
#8568=CARTESIAN_POINT('Ctrl Pts',(-22.0249999999917,1.77097424864775,11.1789581179628));
#8569=CARTESIAN_POINT('Ctrl Pts',(-22.0249999999917,1.79870899277262,11.181317524833));
#8570=CARTESIAN_POINT('Ctrl Pts',(-22.0249999999917,1.85344947951185,11.1859743220944));
#8571=CARTESIAN_POINT('Ctrl Pts',(-22.0249999999917,1.89540460721338,11.2213728114698));
#8572=CARTESIAN_POINT('Ctrl Pts',(-22.0249999999917,1.91610280424363,11.2388363480577));
#8573=CARTESIAN_POINT('',(-22.0249999999917,1.77097424864775,11.1789581179628));
#8574=CARTESIAN_POINT('Ctrl Pts',(-21.7249999999917,1.62584569305188,11.2388363480577));
#8575=CARTESIAN_POINT('Ctrl Pts',(-22.0249999999917,1.62584569305188,11.2388363480577));
#8576=CARTESIAN_POINT('Ctrl Pts',(-21.7249999999917,1.64654387062621,11.2213726635807));
#8577=CARTESIAN_POINT('Ctrl Pts',(-22.0249999999917,1.64654387062621,11.2213726635807));
#8578=CARTESIAN_POINT('Ctrl Pts',(-21.7249999999917,1.68849889916314,11.1859739248289));
#8579=CARTESIAN_POINT('Ctrl Pts',(-22.0249999999917,1.68849889916314,11.1859739248289));
#8580=CARTESIAN_POINT('Ctrl Pts',(-21.7249999999917,1.7432394901504,11.18131738907));
#8581=CARTESIAN_POINT('Ctrl Pts',(-22.0249999999917,1.7432394901504,11.18131738907));
#8582=CARTESIAN_POINT('Ctrl Pts',(-21.7249999999917,1.77097424864775,11.1789581179628));
#8583=CARTESIAN_POINT('Ctrl Pts',(-22.0249999999917,1.77097424864775,11.1789581179628));
#8584=CARTESIAN_POINT('',(-22.0249999999917,1.62584569305188,11.2388363480577));
#8585=CARTESIAN_POINT('Ctrl Pts',(-22.0249999999917,1.62584569305188,11.2388363480577));
#8586=CARTESIAN_POINT('Ctrl Pts',(-22.0249999999917,1.64654387062621,11.2213726635807));
#8587=CARTESIAN_POINT('Ctrl Pts',(-22.0249999999917,1.68849889916314,11.1859739248289));
#8588=CARTESIAN_POINT('Ctrl Pts',(-22.0249999999917,1.7432394901504,11.18131738907));
#8589=CARTESIAN_POINT('Ctrl Pts',(-22.0249999999917,1.77097424864775,11.1789581179628));
#8590=CARTESIAN_POINT('',(-22.0249999999917,1.62584569305188,11.2388363480577));
#8591=CARTESIAN_POINT('Ctrl Pts',(-21.7249999999917,1.5679972618819,11.3880243897447));
#8592=CARTESIAN_POINT('Ctrl Pts',(-22.0249999999917,1.5679972618819,11.3880243897447));
#8593=CARTESIAN_POINT('Ctrl Pts',(-21.7249999999917,1.57021299767365,11.3596851232318));
#8594=CARTESIAN_POINT('Ctrl Pts',(-22.0249999999917,1.57021299767365,11.3596851232318));
#8595=CARTESIAN_POINT('Ctrl Pts',(-21.7249999999917,1.57455929358304,11.3040959872982));
#8596=CARTESIAN_POINT('Ctrl Pts',(-22.0249999999917,1.57455929358304,11.3040959872982));
#8597=CARTESIAN_POINT('Ctrl Pts',(-21.7249999999917,1.60897504518973,11.2603034895346));
#8598=CARTESIAN_POINT('Ctrl Pts',(-22.0249999999917,1.60897504518973,11.2603034895346));
#8599=CARTESIAN_POINT('Ctrl Pts',(-21.7249999999917,1.62584569305188,11.2388363480577));
#8600=CARTESIAN_POINT('Ctrl Pts',(-22.0249999999917,1.62584569305188,11.2388363480577));
#8601=CARTESIAN_POINT('',(-22.0249999999917,1.5679972618819,11.3880243897447));
#8602=CARTESIAN_POINT('Ctrl Pts',(-22.0249999999917,1.5679972618819,11.3880243897447));
#8603=CARTESIAN_POINT('Ctrl Pts',(-22.0249999999917,1.57021299767365,11.3596851232318));
#8604=CARTESIAN_POINT('Ctrl Pts',(-22.0249999999917,1.57455929358304,11.3040959872982));
#8605=CARTESIAN_POINT('Ctrl Pts',(-22.0249999999917,1.60897504518973,11.2603034895346));
#8606=CARTESIAN_POINT('Ctrl Pts',(-22.0249999999917,1.62584569305188,11.2388363480577));
#8607=CARTESIAN_POINT('',(-22.0249999999917,1.5679972618819,11.3880243897447));
#8608=CARTESIAN_POINT('Origin',(-22.0249999999917,1.57307166606197,11.5879566967497));
#8609=CARTESIAN_POINT('',(-22.0249999999917,1.57814607024203,11.7878890037546));
#8610=CARTESIAN_POINT('',(-22.0249999999917,1.59047305060059,12.2735739303073));
#8611=CARTESIAN_POINT('',(-22.0249999999917,1.57814607024203,11.7878890037546));
#8612=CARTESIAN_POINT('Origin',(-22.0249999999917,1.58626519143593,11.9868063926706));
#8613=CARTESIAN_POINT('',(-22.0249999999917,1.59438431262983,12.1857237815866));
#8614=CARTESIAN_POINT('',(-22.0249999999917,1.60558917925701,12.4602415230272));
#8615=CARTESIAN_POINT('',(-22.0249999999917,1.59438431262983,12.1857237815866));
#8616=CARTESIAN_POINT('Ctrl Pts',(-21.7249999999917,0.10047361254699,11.2926250696193));
#8617=CARTESIAN_POINT('Ctrl Pts',(-22.0249999999917,0.10047361254699,11.2926250696193));
#8618=CARTESIAN_POINT('Ctrl Pts',(-21.7249999999917,0.326856488647912,11.494674771299));
#8619=CARTESIAN_POINT('Ctrl Pts',(-22.0249999999917,0.326856488647912,11.494674771299));
#8620=CARTESIAN_POINT('Ctrl Pts',(-21.7249999999917,0.767912418105179,11.88832300347));
#8621=CARTESIAN_POINT('Ctrl Pts',(-22.0249999999917,0.767912418105179,11.88832300347));
#8622=CARTESIAN_POINT('Ctrl Pts',(-21.7249999999917,1.32381331491439,12.0883604885461));
#8623=CARTESIAN_POINT('Ctrl Pts',(-22.0249999999917,1.32381331491439,12.0883604885461));
#8624=CARTESIAN_POINT('Ctrl Pts',(-21.7249999999917,1.59438431262983,12.1857237815866));
#8625=CARTESIAN_POINT('Ctrl Pts',(-22.0249999999917,1.59438431262983,12.1857237815866));
#8626=CARTESIAN_POINT('',(-22.0249999999917,0.10047361254699,11.2926250696193));
#8627=CARTESIAN_POINT('Ctrl Pts',(-22.0249999999917,0.10047361254699,11.2926250696193));
#8628=CARTESIAN_POINT('Ctrl Pts',(-22.0249999999917,0.326856488647912,11.494674771299));
#8629=CARTESIAN_POINT('Ctrl Pts',(-22.0249999999917,0.767912418105179,11.88832300347));
#8630=CARTESIAN_POINT('Ctrl Pts',(-22.0249999999917,1.32381331491439,12.0883604885461));
#8631=CARTESIAN_POINT('Ctrl Pts',(-22.0249999999917,1.59438431262983,12.1857237815866));
#8632=CARTESIAN_POINT('',(-22.0249999999917,0.10047361254699,11.2926250696193));
#8633=CARTESIAN_POINT('Ctrl Pts',(-21.7249999999917,-0.0436401367186851,
11.2276723980914));
#8634=CARTESIAN_POINT('Ctrl Pts',(-22.0249999999917,-0.0436401367186851,
11.2276723980914));
#8635=CARTESIAN_POINT('Ctrl Pts',(-21.7249999999917,-0.0178225415305391,
11.2309092895057));
#8636=CARTESIAN_POINT('Ctrl Pts',(-22.0249999999917,-0.0178225415305391,
11.2309092895057));
#8637=CARTESIAN_POINT('Ctrl Pts',(-21.7249999999917,0.0367033148553272,
11.2377454907515));
#8638=CARTESIAN_POINT('Ctrl Pts',(-22.0249999999917,0.0367033148553272,
11.2377454907515));
#8639=CARTESIAN_POINT('Ctrl Pts',(-21.7249999999917,0.0784786131893025,
11.2736965661366));
#8640=CARTESIAN_POINT('Ctrl Pts',(-22.0249999999917,0.0784786131893025,
11.2736965661366));
#8641=CARTESIAN_POINT('Ctrl Pts',(-21.7249999999917,0.10047361254699,11.2926250696193));
#8642=CARTESIAN_POINT('Ctrl Pts',(-22.0249999999917,0.10047361254699,11.2926250696193));
#8643=CARTESIAN_POINT('',(-22.0249999999917,-0.0436401367186851,11.2276723980914));
#8644=CARTESIAN_POINT('Ctrl Pts',(-22.0249999999917,-0.0436401367186851,
11.2276723980914));
#8645=CARTESIAN_POINT('Ctrl Pts',(-22.0249999999917,-0.0178225415305391,
11.2309092895057));
#8646=CARTESIAN_POINT('Ctrl Pts',(-22.0249999999917,0.0367033148553272,
11.2377454907515));
#8647=CARTESIAN_POINT('Ctrl Pts',(-22.0249999999917,0.0784786131893025,
11.2736965661366));
#8648=CARTESIAN_POINT('Ctrl Pts',(-22.0249999999917,0.10047361254699,11.2926250696193));
#8649=CARTESIAN_POINT('',(-22.0249999999917,-0.0436401367186851,11.2276723980914));
#8650=CARTESIAN_POINT('Ctrl Pts',(-21.7249999999917,-0.188768655061653,
11.2905955314647));
#8651=CARTESIAN_POINT('Ctrl Pts',(-22.0249999999917,-0.188768655061653,
11.2905955314647));
#8652=CARTESIAN_POINT('Ctrl Pts',(-21.7249999999917,-0.167481909929001,
11.2722444549278));
#8653=CARTESIAN_POINT('Ctrl Pts',(-22.0249999999917,-0.167481909929001,
11.2722444549278));
#8654=CARTESIAN_POINT('Ctrl Pts',(-21.7249999999917,-0.125602916923321,
11.2361410205536));
#8655=CARTESIAN_POINT('Ctrl Pts',(-22.0249999999917,-0.125602916923321,
11.2361410205536));
#8656=CARTESIAN_POINT('Ctrl Pts',(-21.7249999999917,-0.0706573347540718,
11.2304638901513));
#8657=CARTESIAN_POINT('Ctrl Pts',(-22.0249999999917,-0.0706573347540718,
11.2304638901513));
#8658=CARTESIAN_POINT('Ctrl Pts',(-21.7249999999917,-0.0436401367186851,
11.2276723980914));
#8659=CARTESIAN_POINT('Ctrl Pts',(-22.0249999999917,-0.0436401367186851,
11.2276723980914));
#8660=CARTESIAN_POINT('Ctrl Pts',(-22.0249999999917,-0.188768655061653,
11.2905955314647));
#8661=CARTESIAN_POINT('Ctrl Pts',(-22.0249999999917,-0.167481909929001,
11.2722444549278));
#8662=CARTESIAN_POINT('Ctrl Pts',(-22.0249999999917,-0.125602916923321,
11.2361410205536));
#8663=CARTESIAN_POINT('Ctrl Pts',(-22.0249999999917,-0.0706573347540718,
11.2304638901513));
#8664=CARTESIAN_POINT('Ctrl Pts',(-22.0249999999917,-0.0436401367186851,
11.2276723980914));
#8665=CARTESIAN_POINT('Origin',(-22.0249999999917,4.44089209850063E-15,
13.));
#8666=CARTESIAN_POINT('',(-22.0249999999917,-13.3538305433392,15.7499999999981));
#8667=CARTESIAN_POINT('',(-22.0249999999917,-13.3538305433392,10.2500000000019));
#8668=CARTESIAN_POINT('',(-22.0249999999917,-13.3538305433392,11.025));
#8669=CARTESIAN_POINT('',(-22.0249999999917,13.3538305433392,15.7499999999998));
#8670=CARTESIAN_POINT('',(-22.0249999999917,-9.77691527166965,15.7499999999983));
#8671=CARTESIAN_POINT('',(-22.0249999999917,13.3538305433392,10.2500000000002));
#8672=CARTESIAN_POINT('',(-22.0249999999917,13.3538305433392,14.975));
#8673=CARTESIAN_POINT('',(-22.0249999999917,9.77691527166956,10.2500000000004));
#8674=CARTESIAN_POINT('Origin',(-9.34776513899116,12.9,6.9));
#8675=CARTESIAN_POINT('',(-10.3664319132399,12.8,7.));
#8676=CARTESIAN_POINT('',(-10.4494897427832,13.,6.8));
#8677=CARTESIAN_POINT('Ctrl Pts',(-10.4494897427832,13.,6.8));
#8678=CARTESIAN_POINT('Ctrl Pts',(-10.4079608280114,12.8982753492375,6.90172465076253));
#8679=CARTESIAN_POINT('Ctrl Pts',(-10.3664319132399,12.8,7.));
#8680=CARTESIAN_POINT('',(-11.82499999999,13.,6.8));
#8681=CARTESIAN_POINT('',(-9.34776513899116,13.,6.8));
#8682=CARTESIAN_POINT('',(-11.82499999999,12.8,7.));
#8683=CARTESIAN_POINT('',(-11.82499999999,13.,6.8));
#8684=CARTESIAN_POINT('',(-9.34776513899116,12.8,7.));
#8685=CARTESIAN_POINT('Origin',(-11.82499999999,14.,6.9));
#8686=CARTESIAN_POINT('',(-12.82499999999,14.,6.8));
#8687=CARTESIAN_POINT('',(-12.82499999999,13.3366750419289,7.));
#8688=CARTESIAN_POINT('Ctrl Pts',(-12.82499999999,13.3366750419289,7.));
#8689=CARTESIAN_POINT('Ctrl Pts',(-12.82499999999,13.6984886554222,6.8));
#8690=CARTESIAN_POINT('Ctrl Pts',(-12.82499999999,14.,6.8));
#8691=CARTESIAN_POINT('Origin',(-11.82499999999,14.,7.));
#8692=CARTESIAN_POINT('Origin',(-11.82499999999,14.,6.8));
#8693=CARTESIAN_POINT('Origin',(-11.82499999999,14.,0.));
#8694=CARTESIAN_POINT('',(-11.82499999999,13.,0.));
#8695=CARTESIAN_POINT('',(-11.82499999999,13.,0.));
#8696=CARTESIAN_POINT('',(-12.82499999999,14.,0.));
#8697=CARTESIAN_POINT('Origin',(-11.82499999999,14.,0.));
#8698=CARTESIAN_POINT('',(-12.82499999999,14.,0.));
#8699=CARTESIAN_POINT('Origin',(-9.83303027798234,13.,0.));
#8700=CARTESIAN_POINT('',(-10.1540659228538,13.,7.));
#8701=CARTESIAN_POINT('Ctrl Pts',(-10.1540659228538,13.,7.));
#8702=CARTESIAN_POINT('Ctrl Pts',(-10.2974333648784,13.,6.90641729657218));
#8703=CARTESIAN_POINT('Ctrl Pts',(-10.4494897427832,13.,6.8));
#8704=CARTESIAN_POINT('',(-9.83303027798235,13.,7.2));
#8705=CARTESIAN_POINT('Ctrl Pts',(-9.83303027798235,13.,7.2));
#8706=CARTESIAN_POINT('Ctrl Pts',(-9.98853191846697,13.,7.10805186603734));
#8707=CARTESIAN_POINT('Ctrl Pts',(-10.1540659228538,13.,7.));
#8708=CARTESIAN_POINT('',(-9.83303027798234,13.,0.));
#8709=CARTESIAN_POINT('',(-9.83303027798234,13.,0.));
#8710=CARTESIAN_POINT('',(-9.83303027798234,13.,0.));
#8711=CARTESIAN_POINT('Origin',(-10.84375,8.1,6.9));
#8712=CARTESIAN_POINT('',(-10.4494897427832,8.,6.8));
#8713=CARTESIAN_POINT('',(-10.3664319132398,8.2,7.));
#8714=CARTESIAN_POINT('Ctrl Pts',(-10.3664319132399,8.2,7.));
#8715=CARTESIAN_POINT('Ctrl Pts',(-10.4079608280113,8.10172465076266,6.90172465076266));
#8716=CARTESIAN_POINT('Ctrl Pts',(-10.4494897427832,8.,6.8));
#8717=CARTESIAN_POINT('',(-11.8249999999898,8.2,7.));
#8718=CARTESIAN_POINT('',(-10.84375,8.2,7.));
#8719=CARTESIAN_POINT('',(-11.8249999999898,8.,6.8));
#8720=CARTESIAN_POINT('',(-11.8249999999898,8.2,7.));
#8721=CARTESIAN_POINT('',(-10.84375,8.,6.8));
#8722=CARTESIAN_POINT('Origin',(-11.8249999999898,7.,6.9));
#8723=CARTESIAN_POINT('',(-12.8249999999898,7.66332495807105,7.));
#8724=CARTESIAN_POINT('',(-12.8249999999898,6.99999999999997,6.8));
#8725=CARTESIAN_POINT('Ctrl Pts',(-12.8249999999898,6.99999999999997,6.8));
#8726=CARTESIAN_POINT('Ctrl Pts',(-12.8249999999898,7.30151134457773,6.8));
#8727=CARTESIAN_POINT('Ctrl Pts',(-12.8249999999898,7.66332495807105,7.));
#8728=CARTESIAN_POINT('Origin',(-11.8249999999898,7.,6.8));
#8729=CARTESIAN_POINT('Origin',(-11.8249999999898,7.,7.));
#8730=CARTESIAN_POINT('Origin',(-8.86249999999997,10.5,7.));
#8731=CARTESIAN_POINT('',(-12.8249999999906,31.5,7.));
#8732=CARTESIAN_POINT('Origin',(-8.00000000000001,10.5,7.));
#8733=CARTESIAN_POINT('Origin',(-8.,10.5,9.90000000000035));
#8734=CARTESIAN_POINT('',(-6.35,10.5,10.0000000000004));
#8735=CARTESIAN_POINT('Origin',(-8.,10.5,10.0000000000004));
#8736=CARTESIAN_POINT('',(-6.55,10.5,9.80000000000035));
#8737=CARTESIAN_POINT('',(-6.45,10.5,9.90000000000035));
#8738=CARTESIAN_POINT('',(-9.45,10.5,9.80000000000035));
#8739=CARTESIAN_POINT('Origin',(-8.,10.5,9.80000000000035));
#8740=CARTESIAN_POINT('Origin',(-8.,10.5,9.80000000000035));
#8741=CARTESIAN_POINT('Origin',(-8.00000000000001,10.5,10.0000000000004));
#8742=CARTESIAN_POINT('',(-10.9,10.5,10.0000000000004));
#8743=CARTESIAN_POINT('Origin',(-8.00000000000001,10.5,10.0000000000004));
#8744=CARTESIAN_POINT('Origin',(-8.,10.5,0.));
#8745=CARTESIAN_POINT('',(-9.45,10.5,0.));
#8746=CARTESIAN_POINT('',(-9.45,10.5,0.));
#8747=CARTESIAN_POINT('Origin',(-8.,10.5,0.));
#8748=CARTESIAN_POINT('Origin',(-8.00000000000001,10.5,9.90000000000035));
#8749=CARTESIAN_POINT('',(-11.1,10.5,9.80000000000035));
#8750=CARTESIAN_POINT('',(-11.,10.5,9.90000000000035));
#8751=CARTESIAN_POINT('Origin',(-8.00000000000001,10.5,9.80000000000035));
#8752=CARTESIAN_POINT('Origin',(-8.00000000000001,10.5,0.));
#8753=CARTESIAN_POINT('',(-11.1,10.5,7.2));
#8754=CARTESIAN_POINT('',(-11.1,10.5,0.));
#8755=CARTESIAN_POINT('',(-9.83303027798233,8.,7.2));
#8756=CARTESIAN_POINT('Origin',(-8.00000000000001,10.5,7.2));
#8757=CARTESIAN_POINT('',(-9.83303027798234,8.,0.));
#8758=CARTESIAN_POINT('',(-9.83303027798234,8.,0.));
#8759=CARTESIAN_POINT('',(-9.12647713307292,7.61191252406306,0.));
#8760=CARTESIAN_POINT('Origin',(-8.00000000000001,10.5,0.));
#8761=CARTESIAN_POINT('',(-9.12647713307292,7.61191252406306,4.));
#8762=CARTESIAN_POINT('',(-9.12647713307292,7.61191252406306,0.));
#8763=CARTESIAN_POINT('',(-8.87717347566542,7.52664670295726,4.85788380479487));
#8764=CARTESIAN_POINT('Ctrl Pts',(-8.87717347566542,7.52664670295726,4.85788380479487));
#8765=CARTESIAN_POINT('Ctrl Pts',(-8.94249320855294,7.54596971197662,4.74612945903801));
#8766=CARTESIAN_POINT('Ctrl Pts',(-9.06769502406187,7.58818405872662,4.48195327231601));
#8767=CARTESIAN_POINT('Ctrl Pts',(-9.12647713307292,7.61191252406306,4.17142516312747));
#8768=CARTESIAN_POINT('Ctrl Pts',(-9.12647713307292,7.61191252406306,4.));
#8769=CARTESIAN_POINT('',(-8.78723436817398,7.50155215515541,4.99951928943488));
#8770=CARTESIAN_POINT('Ctrl Pts',(-8.78723436817398,7.50155215515541,4.99951928943488));
#8771=CARTESIAN_POINT('Ctrl Pts',(-8.80452323775183,7.50608729291832,4.97433489354979));
#8772=CARTESIAN_POINT('Ctrl Pts',(-8.8351439310797,7.51441505784738,4.92784527202771));
#8773=CARTESIAN_POINT('Ctrl Pts',(-8.86438549132876,7.52286373683426,4.87976253515577));
#8774=CARTESIAN_POINT('Ctrl Pts',(-8.87717347566542,7.52664670295726,4.85788380479487));
#8775=CARTESIAN_POINT('',(-7.1536501405687,7.51777064674083,6.));
#8776=CARTESIAN_POINT('Ctrl Pts',(-7.1536501405687,7.51777064674083,6.));
#8777=CARTESIAN_POINT('Ctrl Pts',(-7.40303021538137,7.44699715273307,6.));
#8778=CARTESIAN_POINT('Ctrl Pts',(-7.91485255020095,7.37199565583433,5.8453823299331));
#8779=CARTESIAN_POINT('Ctrl Pts',(-8.45713778544856,7.42392954662961,5.42316283983916));
#8780=CARTESIAN_POINT('Ctrl Pts',(-8.71875002602187,7.48358765349363,5.0992792405943));
#8781=CARTESIAN_POINT('Ctrl Pts',(-8.78723436817398,7.50155215515541,4.99951928943487));
#8782=CARTESIAN_POINT('',(-5.34937819025055,8.89245403745942,6.));
#8783=CARTESIAN_POINT('Origin',(-8.00000000000001,10.5,6.));
#8784=CARTESIAN_POINT('',(-4.90012197582955,10.4632191523853,4.99958308304228));
#8785=CARTESIAN_POINT('Ctrl Pts',(-4.90012197582955,10.4632191523853,4.99958308304228));
#8786=CARTESIAN_POINT('Ctrl Pts',(-4.90213786856485,10.3042146266035,5.22493465714357));
#8787=CARTESIAN_POINT('Ctrl Pts',(-4.92979491043849,9.96120499478877,5.57178204854477));
#8788=CARTESIAN_POINT('Ctrl Pts',(-5.08032063485557,9.40974659708212,5.9137581554412));
#8789=CARTESIAN_POINT('Ctrl Pts',(-5.24855598865179,9.05869595693914,6.));
#8790=CARTESIAN_POINT('Ctrl Pts',(-5.34937819025055,8.89245403745942,6.));
#8791=CARTESIAN_POINT('',(-4.90042131063163,10.5564505002914,4.85775751444445));
#8792=CARTESIAN_POINT('Ctrl Pts',(-4.90042131063163,10.5564505002914,4.85775751444445));
#8793=CARTESIAN_POINT('Ctrl Pts',(-4.90016692600159,10.5431117337988,4.87963756005798));
#8794=CARTESIAN_POINT('Ctrl Pts',(-4.89978396849093,10.5126914405301,4.92773942444467));
#8795=CARTESIAN_POINT('Ctrl Pts',(-4.89989609778699,10.4810353935041,4.97433274528658));
#8796=CARTESIAN_POINT('Ctrl Pts',(-4.90012197582955,10.4632191523853,4.99958308304228));
#8797=CARTESIAN_POINT('',(-4.9165092489984,10.8195071024056,4.));
#8798=CARTESIAN_POINT('Ctrl Pts',(-4.91650924899841,10.8195071024056,4.));
#8799=CARTESIAN_POINT('Ctrl Pts',(-4.91650924899841,10.8195071024055,4.17142942770632));
#8800=CARTESIAN_POINT('Ctrl Pts',(-4.90930888567655,10.7570305311143,4.48259060639061));
#8801=CARTESIAN_POINT('Ctrl Pts',(-4.90172039262596,10.6245684183232,4.74602130896672));
#8802=CARTESIAN_POINT('Ctrl Pts',(-4.90042131063163,10.5564505002914,4.85775751444445));
#8803=CARTESIAN_POINT('',(-4.91650924899841,10.8195071024056,0.));
#8804=CARTESIAN_POINT('',(-4.9165092489984,10.8195071024056,0.));
#8805=CARTESIAN_POINT('Origin',(-8.00000000000001,10.5,0.));
#8806=CARTESIAN_POINT('Origin',(-8.00000000000001,10.5,7.2));
#8807=CARTESIAN_POINT('Origin',(2.06558131156703E-46,-9.53161115359754E-24,
9.90000000000035));
#8808=CARTESIAN_POINT('',(1.65,2.02066702796091E-16,10.0000000000004));
#8809=CARTESIAN_POINT('Origin',(4.13116262313405E-46,-1.90632223071951E-23,
10.0000000000004));
#8810=CARTESIAN_POINT('',(1.45,-1.77573785876366E-16,9.80000000000035));
#8811=CARTESIAN_POINT('',(1.55,1.89820244336229E-16,9.90000000000035));
#8812=CARTESIAN_POINT('',(-1.45,-1.77573785876366E-16,9.80000000000035));
#8813=CARTESIAN_POINT('Origin',(0.,0.,9.80000000000035));
#8814=CARTESIAN_POINT('Origin',(0.,0.,9.80000000000035));
#8815=CARTESIAN_POINT('Origin',(0.,-2.85948334614089E-22,10.0000000000004));
#8816=CARTESIAN_POINT('',(2.9,-3.55147590815955E-16,10.0000000000004));
#8817=CARTESIAN_POINT('Origin',(4.13116262313405E-46,-1.90632223071951E-23,
10.0000000000004));
#8818=CARTESIAN_POINT('Origin',(0.,0.,0.));
#8819=CARTESIAN_POINT('',(-1.45,-1.77573785876366E-16,0.));
#8820=CARTESIAN_POINT('',(-1.45,-1.77573785876366E-16,0.));
#8821=CARTESIAN_POINT('Origin',(0.,0.,0.));
#8822=CARTESIAN_POINT('Origin',(2.06558131156703E-46,-9.53161115359754E-24,
9.90000000000035));
#8823=CARTESIAN_POINT('',(3.1,3.79640507735679E-16,9.80000000000035));
#8824=CARTESIAN_POINT('',(3.,3.67394030212595E-16,9.90000000000035));
#8825=CARTESIAN_POINT('',(-3.1,-3.79640507735679E-16,9.80000000000035));
#8826=CARTESIAN_POINT('Origin',(0.,0.,9.80000000000035));
#8827=CARTESIAN_POINT('Origin',(0.,0.,9.80000000000035));
#8828=CARTESIAN_POINT('Origin',(0.,0.,0.));
#8829=CARTESIAN_POINT('',(-3.1,-3.79640507735679E-16,6.));
#8830=CARTESIAN_POINT('',(-3.1,-3.79640507735679E-16,0.));
#8831=CARTESIAN_POINT('',(-1.60754596254089,-2.65062180974926,6.));
#8832=CARTESIAN_POINT('Origin',(0.,0.,6.));
#8833=CARTESIAN_POINT('',(-0.0369603560486775,-3.09948452584929,4.99944493125515));
#8834=CARTESIAN_POINT('Ctrl Pts',(-0.0369603560486774,-3.0994845258493,
4.99944493125515));
#8835=CARTESIAN_POINT('Ctrl Pts',(-0.195943012007486,-3.09754314075032,
5.22495057298004));
#8836=CARTESIAN_POINT('Ctrl Pts',(-0.693411635340743,-3.05877758349474,
5.72898337175679));
#8837=CARTESIAN_POINT('Ctrl Pts',(-1.27506212358146,-2.85226621294683,6.));
#8838=CARTESIAN_POINT('Ctrl Pts',(-1.60754596254089,-2.65062180974927,6.));
#8839=CARTESIAN_POINT('',(0.0560909606229392,-3.09914762504643,4.85786969320521));
#8840=CARTESIAN_POINT('Ctrl Pts',(0.0561474503138767,-3.09921147864085,
4.85777901180001));
#8841=CARTESIAN_POINT('Ctrl Pts',(0.0427555341064788,-3.09945195460559,
4.87973516003797));
#8842=CARTESIAN_POINT('Ctrl Pts',(0.0123562255138442,-3.09980993319794,
4.92778586101836));
#8843=CARTESIAN_POINT('Ctrl Pts',(-0.0192462125724352,-3.09970083859095,
4.97431867287102));
#8844=CARTESIAN_POINT('Ctrl Pts',(-0.0369603560486773,-3.0994845258493,
4.99944493125515));
#8845=CARTESIAN_POINT('',(0.319507102405438,-3.08349075100161,4.));
#8846=CARTESIAN_POINT('Ctrl Pts',(0.319507102405438,-3.08349075100161,4.));
#8847=CARTESIAN_POINT('Ctrl Pts',(0.319507102405438,-3.08349075100161,4.17142942770633));
#8848=CARTESIAN_POINT('Ctrl Pts',(0.257103132865548,-3.09079223679452,4.48254121367989));
#8849=CARTESIAN_POINT('Ctrl Pts',(0.12422505031909,-3.09799156589192,4.74618947585106));
#8850=CARTESIAN_POINT('Ctrl Pts',(0.0560287831583702,-3.09921360730875,
4.85797354642084));
#8851=CARTESIAN_POINT('',(0.319507102405438,-3.08349075100161,0.));
#8852=CARTESIAN_POINT('',(0.319507102405438,-3.08349075100161,0.));
#8853=CARTESIAN_POINT('',(1.12647713307562,2.88808747593589,0.));
#8854=CARTESIAN_POINT('Origin',(0.,0.,0.));
#8855=CARTESIAN_POINT('',(1.12647713307562,2.88808747593589,6.));
#8856=CARTESIAN_POINT('',(1.12647713307562,2.88808747593589,0.));
#8857=CARTESIAN_POINT('Origin',(0.,0.,6.));
#8858=CARTESIAN_POINT('Origin',(-8.00000000000001,10.5,7.1));
#8859=CARTESIAN_POINT('',(-10.1540659228538,8.,7.));
#8860=CARTESIAN_POINT('Ctrl Pts',(-10.1540659228538,8.,7.));
#8861=CARTESIAN_POINT('Ctrl Pts',(-9.98853191846694,8.,7.10805186603736));
#8862=CARTESIAN_POINT('Ctrl Pts',(-9.83303027798233,8.,7.2));
#8863=CARTESIAN_POINT('Ctrl Pts',(-10.4494897427832,8.,6.8));
#8864=CARTESIAN_POINT('Ctrl Pts',(-10.2974333648796,8.,6.90641729657144));
#8865=CARTESIAN_POINT('Ctrl Pts',(-10.1540659228538,8.,7.));
#8866=CARTESIAN_POINT('Origin',(-11.8249999999894,-4.60939754870105,4.));
#8867=CARTESIAN_POINT('',(-10.6129135694637,-6.20026098876605,5.));
#8868=CARTESIAN_POINT('',(-11.2189567847266,-5.40482926873355,4.));
#8869=CARTESIAN_POINT('Origin',(-10.6129135694637,-6.20026098876605,4.));
#8870=CARTESIAN_POINT('',(-12.8249999999894,-4.60939754870108,4.));
#8871=CARTESIAN_POINT('Origin',(-11.8249999999894,-4.60939754870105,4.));
#8872=CARTESIAN_POINT('',(-12.8249999999894,-6.34144835626996,5.));
#8873=CARTESIAN_POINT('Ctrl Pts',(-12.8249999999894,-6.34144835626996,5.));
#8874=CARTESIAN_POINT('Ctrl Pts',(-12.8249999999894,-6.08657093439439,5.));
#8875=CARTESIAN_POINT('Ctrl Pts',(-12.8249999999894,-5.79412802185196,4.91042800010223));
#8876=CARTESIAN_POINT('Ctrl Pts',(-12.8249999999894,-5.22462082090509,4.60391271618872));
#8877=CARTESIAN_POINT('Ctrl Pts',(-12.8249999999894,-4.88649577078204,4.27709822208096));
#8878=CARTESIAN_POINT('Ctrl Pts',(-12.8249999999894,-4.60939754870108,4.));
#8879=CARTESIAN_POINT('Origin',(-11.8249999999894,-4.60939754870105,5.));
#8880=CARTESIAN_POINT('Origin',(-4.8340618124476,-1.79732631675378,4.));
#8881=CARTESIAN_POINT('',(-3.94423882205232,-1.11936594311928,5.));
#8882=CARTESIAN_POINT('',(-4.55028203731518,-0.323934223086781,4.));
#8883=CARTESIAN_POINT('Origin',(-3.94423882205232,-1.11936594311928,4.));
#8884=CARTESIAN_POINT('',(-5.44010502771045,-1.00189459672128,4.));
#8885=CARTESIAN_POINT('',(-4.8340618124476,-1.79732631675378,5.));
#8886=CARTESIAN_POINT('Ctrl Pts',(-3.94423882205232,-1.11936594311928,5.));
#8887=CARTESIAN_POINT('Ctrl Pts',(-3.79074568135019,-0.907955441853954,
5.));
#8888=CARTESIAN_POINT('Ctrl Pts',(-3.5424122346703,-0.513924518536696,5.1077940948839));
#8889=CARTESIAN_POINT('Ctrl Pts',(-3.24750639437192,0.0798345517135808,
5.4455813005818));
#8890=CARTESIAN_POINT('Ctrl Pts',(-3.11197931948671,0.357791031983441,5.71033119736244));
#8891=CARTESIAN_POINT('Ctrl Pts',(-3.08264068381375,0.416573065377943,5.85437478137766));
#8892=CARTESIAN_POINT('Ctrl Pts',(-4.12556652803592,-0.881373329015815,
5.));
#8893=CARTESIAN_POINT('Ctrl Pts',(-3.96384299635689,-0.681773162439897,
4.97683124049789));
#8894=CARTESIAN_POINT('Ctrl Pts',(-3.67439406590302,-0.300426741207235,
5.04289061038453));
#8895=CARTESIAN_POINT('Ctrl Pts',(-3.28141233156212,0.26095546607474,5.37188687972356));
#8896=CARTESIAN_POINT('Ctrl Pts',(-3.10364443201028,0.512735652449044,5.66801704571375));
#8897=CARTESIAN_POINT('Ctrl Pts',(-3.06570118139462,0.565684635043175,5.83275853510487));
#8898=CARTESIAN_POINT('Ctrl Pts',(-4.4396947360996,-0.469080055932222,4.74914234137225));
#8899=CARTESIAN_POINT('Ctrl Pts',(-4.21343228262037,-0.273682085651203,
4.71341680447419));
#8900=CARTESIAN_POINT('Ctrl Pts',(-3.79811514450919,0.0886315241124314,
4.78308989282221));
#8901=CARTESIAN_POINT('Ctrl Pts',(-3.25104647133637,0.574511276375092,5.19821802006627));
#8902=CARTESIAN_POINT('Ctrl Pts',(-3.0236003513142,0.776032539968181,5.57520273728194));
#8903=CARTESIAN_POINT('Ctrl Pts',(-2.97585182706812,0.818319856609865,5.78600966103813));
#8904=CARTESIAN_POINT('Ctrl Pts',(-4.55028203731518,-0.323934223086782,
4.22439947525641));
#8905=CARTESIAN_POINT('Ctrl Pts',(-4.23314162233846,-0.0825470101816691,
4.21375831708987));
#8906=CARTESIAN_POINT('Ctrl Pts',(-3.6953393499638,0.32742912187912,4.38570160066203));
#8907=CARTESIAN_POINT('Ctrl Pts',(-3.07817311687895,0.797399218846365,4.98328485935926));
#8908=CARTESIAN_POINT('Ctrl Pts',(-2.84538047990388,0.975047663504114,5.4670154783865));
#8909=CARTESIAN_POINT('Ctrl Pts',(-2.79680955197728,1.01204481336114,5.73192409877516));
#8910=CARTESIAN_POINT('Ctrl Pts',(-4.55028203731518,-0.323934223086782,
4.));
#8911=CARTESIAN_POINT('Ctrl Pts',(-4.19921108228361,-0.056451590681777,
4.));
#8912=CARTESIAN_POINT('Ctrl Pts',(-3.61827937443831,0.386163043867024,4.21558818976779));
#8913=CARTESIAN_POINT('Ctrl Pts',(-2.98542977848301,0.868334164594873,4.89116260116359));
#8914=CARTESIAN_POINT('Ctrl Pts',(-2.75595721479728,1.04317040359353,5.42066239472488));
#8915=CARTESIAN_POINT('Ctrl Pts',(-2.70825561820764,1.07951447718563,5.70874956275531));
#8916=CARTESIAN_POINT('',(-3.50368733832534,0.473471261857858,4.38850914699901));
#8917=CARTESIAN_POINT('Ctrl Pts',(-3.50394284840058,0.473276587514821,4.38902047293276));
#8918=CARTESIAN_POINT('Ctrl Pts',(-3.51867655584897,0.462050905649378,4.37738413190958));
#8919=CARTESIAN_POINT('Ctrl Pts',(-3.83338713559201,0.22227141632135,4.13576005815464));
#8920=CARTESIAN_POINT('Ctrl Pts',(-4.19921108228361,-0.056451590681777,
4.));
#8921=CARTESIAN_POINT('Ctrl Pts',(-4.55028203731518,-0.323934223086782,
4.));
#8922=CARTESIAN_POINT('',(-3.08264068381375,0.41657306537794,5.85437478137766));
#8923=CARTESIAN_POINT('Ctrl Pts',(-3.94423882205232,-1.11936594311928,5.));
#8924=CARTESIAN_POINT('Ctrl Pts',(-3.79074568135019,-0.907955441853954,
5.));
#8925=CARTESIAN_POINT('Ctrl Pts',(-3.5424122346703,-0.513924518536696,5.1077940948839));
#8926=CARTESIAN_POINT('Ctrl Pts',(-3.24750639437192,0.0798345517135808,
5.4455813005818));
#8927=CARTESIAN_POINT('Ctrl Pts',(-3.11197931948671,0.357791031983441,5.71033119736244));
#8928=CARTESIAN_POINT('Ctrl Pts',(-3.08264068381375,0.416573065377943,5.85437478137766));
#8929=CARTESIAN_POINT('Ctrl Pts',(-3.08264068381375,0.41657306537794,5.85437478137766));
#8930=CARTESIAN_POINT('Ctrl Pts',(-3.08305431257353,0.41662896115629,5.85153915313501));
#8931=CARTESIAN_POINT('Ctrl Pts',(-3.08347859887518,0.416686297143015,5.84870517100303));
#8932=CARTESIAN_POINT('Ctrl Pts',(-3.11123265204921,0.420436844869136,5.66788082292887));
#8933=CARTESIAN_POINT('Ctrl Pts',(-3.18223797986618,0.430032159439383,5.48022812673446));
#8934=CARTESIAN_POINT('Ctrl Pts',(-3.32487223939273,0.449307059375661,5.11795772435442));
#8935=CARTESIAN_POINT('Ctrl Pts',(-3.39198988917527,0.458377012049073,4.95246156840601));
#8936=CARTESIAN_POINT('Ctrl Pts',(-3.47648792572737,0.469795665637332,4.65879774986923));
#8937=CARTESIAN_POINT('Ctrl Pts',(-3.50368733824001,0.473471261922875,4.52285668219236));
#8938=CARTESIAN_POINT('Ctrl Pts',(-3.50368733823996,0.473471261922912,4.38850914713433));
#8939=CARTESIAN_POINT('Ctrl Pts',(-5.34937819025055,8.89245403745942,6.));
#8940=CARTESIAN_POINT('Ctrl Pts',(-5.24855598865179,9.05869595693914,6.));
#8941=CARTESIAN_POINT('Ctrl Pts',(-5.08032063485557,9.40974659708212,5.9137581554412));
#8942=CARTESIAN_POINT('Ctrl Pts',(-4.92347341804249,9.9843640932174,5.55742038798653));
#8943=CARTESIAN_POINT('Ctrl Pts',(-4.89206093326919,10.4493138572903,5.07491301145855));
#8944=CARTESIAN_POINT('Ctrl Pts',(-4.90866677155176,10.7514589943596,4.51033934336264));
#8945=CARTESIAN_POINT('Ctrl Pts',(-4.91650924899841,10.8195071024055,4.17142942770632));
#8946=CARTESIAN_POINT('Ctrl Pts',(-4.91650924899841,10.8195071024056,4.));
#8947=CARTESIAN_POINT('Ctrl Pts',(-5.34937819025055,8.89245403745942,5.70080069965812));
#8948=CARTESIAN_POINT('Ctrl Pts',(-5.26571935124358,9.02973331179993,5.7093199994958));
#8949=CARTESIAN_POINT('Ctrl Pts',(-5.11336614442667,9.33024196830822,5.65802489396251));
#8950=CARTESIAN_POINT('Ctrl Pts',(-4.94319576704632,9.86634277915312,5.37771156041871));
#8951=CARTESIAN_POINT('Ctrl Pts',(-4.89294269942879,10.333180336478,4.96187392887584));
#8952=CARTESIAN_POINT('Ctrl Pts',(-4.89959236766554,10.644587145924,4.45926027364002));
#8953=CARTESIAN_POINT('Ctrl Pts',(-4.90575444242388,10.7157148976262,4.15425555143179));
#8954=CARTESIAN_POINT('Ctrl Pts',(-4.90575444242388,10.7157148976262,4.));
#8955=CARTESIAN_POINT('Ctrl Pts',(-5.13474529929241,8.76228373703442,5.18267037138206));
#8956=CARTESIAN_POINT('Ctrl Pts',(-5.08565794838337,8.87202640263266,5.20475095239959));
#8957=CARTESIAN_POINT('Ctrl Pts',(-4.98497212987613,9.12890030810342,5.21280415232253));
#8958=CARTESIAN_POINT('Ctrl Pts',(-4.85992589653513,9.6476399846077,5.06216112886843));
#8959=CARTESIAN_POINT('Ctrl Pts',(-4.82998021650704,10.1316660244995,4.76346341474963));
#8960=CARTESIAN_POINT('Ctrl Pts',(-4.84964701830501,10.4613380878555,4.3693761651293));
#8961=CARTESIAN_POINT('Ctrl Pts',(-4.85825961935918,10.5370779449348,4.1242095575855));
#8962=CARTESIAN_POINT('Ctrl Pts',(-4.85825961935918,10.5370779449348,4.));
#8963=CARTESIAN_POINT('Ctrl Pts',(-4.68620926556072,8.49025613678332,5.));
#8964=CARTESIAN_POINT('Ctrl Pts',(-4.65010353648481,8.62232325175542,5.0099164340717));
#8965=CARTESIAN_POINT('Ctrl Pts',(-4.59971449986094,8.92118939583993,4.99332812661012));
#8966=CARTESIAN_POINT('Ctrl Pts',(-4.59341829724562,9.47456245013604,4.84468634592414));
#8967=CARTESIAN_POINT('Ctrl Pts',(-4.66342258987598,9.96789710028845,4.59850534991911));
#8968=CARTESIAN_POINT('Ctrl Pts',(-4.74301900210773,10.3020954872035,4.287823265569));
#8969=CARTESIAN_POINT('Ctrl Pts',(-4.76469604325191,10.378781926282,4.09670849487935));
#8970=CARTESIAN_POINT('Ctrl Pts',(-4.76469604325191,10.378781926282,4.));
#8971=CARTESIAN_POINT('Ctrl Pts',(-4.49433889678299,8.37389082373666,5.));
#8972=CARTESIAN_POINT('Ctrl Pts',(-4.45617355221141,8.52124096095745,5.));
#8973=CARTESIAN_POINT('Ctrl Pts',(-4.41596930450764,8.84663806684655,4.95687907772059));
#8974=CARTESIAN_POINT('Ctrl Pts',(-4.4573318102748,9.41704987496104,4.77871019399325));
#8975=CARTESIAN_POINT('Ctrl Pts',(-4.5771487198949,9.90904061180268,4.53745650572927));
#8976=CARTESIAN_POINT('Ctrl Pts',(-4.68848280902067,10.240559328736,4.2551696716813));
#8977=CARTESIAN_POINT('Ctrl Pts',(-4.7172665332238,10.3165306943701,4.08571471385311));
#8978=CARTESIAN_POINT('Ctrl Pts',(-4.7172665332238,10.3165306943701,4.));
#8979=CARTESIAN_POINT('',(-4.49433889678299,8.37389082373665,5.));
#8980=CARTESIAN_POINT('Origin',(-4.49433889678298,8.37389082373665,6.));
#8981=CARTESIAN_POINT('',(-4.7172665332238,10.3165306943701,4.));
#8982=CARTESIAN_POINT('Ctrl Pts',(-4.49433889678299,8.37389082373666,5.));
#8983=CARTESIAN_POINT('Ctrl Pts',(-4.45617355221141,8.52124096095745,5.));
#8984=CARTESIAN_POINT('Ctrl Pts',(-4.41596930450764,8.84663806684655,4.95687907772059));
#8985=CARTESIAN_POINT('Ctrl Pts',(-4.4573318102748,9.41704987496104,4.77871019399325));
#8986=CARTESIAN_POINT('Ctrl Pts',(-4.5771487198949,9.90904061180268,4.53745650572927));
#8987=CARTESIAN_POINT('Ctrl Pts',(-4.68848280902067,10.240559328736,4.2551696716813));
#8988=CARTESIAN_POINT('Ctrl Pts',(-4.7172665332238,10.3165306943701,4.08571471385311));
#8989=CARTESIAN_POINT('Ctrl Pts',(-4.7172665332238,10.3165306943701,4.));
#8990=CARTESIAN_POINT('Origin',(-3.92183481319144,10.9225739096331,4.));
#8991=CARTESIAN_POINT('Origin',(-3.92183481319144,10.9225739096331,0.));
#8992=CARTESIAN_POINT('',(-4.7172665332238,10.3165306943701,0.));
#8993=CARTESIAN_POINT('Origin',(-3.92183481319144,10.9225739096331,0.));
#8994=CARTESIAN_POINT('',(-4.7172665332238,10.3165306943701,0.));
#8995=CARTESIAN_POINT('Ctrl Pts',(-9.12647713307292,7.61191252406306,4.));
#8996=CARTESIAN_POINT('Ctrl Pts',(-9.12647713307292,7.61191252406306,4.17142516312747));
#8997=CARTESIAN_POINT('Ctrl Pts',(-9.06245401413857,7.58606842993437,4.50963994312625));
#8998=CARTESIAN_POINT('Ctrl Pts',(-8.84823183791947,7.51440843563028,4.93448331241591));
#8999=CARTESIAN_POINT('Ctrl Pts',(-8.47991722744663,7.42611110160513,5.40542692567462));
#9000=CARTESIAN_POINT('Ctrl Pts',(-7.91485255020095,7.37199565583433,5.8453823299331));
#9001=CARTESIAN_POINT('Ctrl Pts',(-7.40303021538137,7.44699715273307,6.));
#9002=CARTESIAN_POINT('Ctrl Pts',(-7.1536501405687,7.51777064674083,6.));
#9003=CARTESIAN_POINT('Ctrl Pts',(-9.02926232332332,7.57399460741705,4.));
#9004=CARTESIAN_POINT('Ctrl Pts',(-9.02926232332332,7.57399460741705,4.15425171408034));
#9005=CARTESIAN_POINT('Ctrl Pts',(-8.96195105892973,7.54878086088368,4.45866390419627));
#9006=CARTESIAN_POINT('Ctrl Pts',(-8.73886882736228,7.48282925741734,4.83678323920166));
#9007=CARTESIAN_POINT('Ctrl Pts',(-8.36314188739208,7.4066987908113,5.24807210114244));
#9008=CARTESIAN_POINT('Ctrl Pts',(-7.80822179931557,7.3781445233779,5.61161465796104));
#9009=CARTESIAN_POINT('Ctrl Pts',(-7.35972546845852,7.45881070927222,5.71215948353357));
#9010=CARTESIAN_POINT('Ctrl Pts',(-7.1536501405687,7.51777064674083,5.70080069965812));
#9011=CARTESIAN_POINT('Ctrl Pts',(-8.86963909062626,7.48078875659644,4.));
#9012=CARTESIAN_POINT('Ctrl Pts',(-8.86963909062626,7.48078875659644,4.12420646767578));
#9013=CARTESIAN_POINT('Ctrl Pts',(-8.79871737875923,7.45186433146726,4.36894035497129));
#9014=CARTESIAN_POINT('Ctrl Pts',(-8.56472925346592,7.37310230347649,4.66527103678958));
#9015=CARTESIAN_POINT('Ctrl Pts',(-8.17835278760354,7.27613328291453,4.97191467938527));
#9016=CARTESIAN_POINT('Ctrl Pts',(-7.62747911993803,7.21648370650204,5.20325453541827));
#9017=CARTESIAN_POINT('Ctrl Pts',(-7.24355812237838,7.25201355244095,5.21212096826851));
#9018=CARTESIAN_POINT('Ctrl Pts',(-7.0851149454935,7.27627752400087,5.18268092596442));
#9019=CARTESIAN_POINT('Ctrl Pts',(-8.74185464341447,7.34856584996764,4.));
#9020=CARTESIAN_POINT('Ctrl Pts',(-8.74185464341447,7.34856584996764,4.09670608910217));
#9021=CARTESIAN_POINT('Ctrl Pts',(-8.67327691162111,7.3068619758458,4.28749491742398));
#9022=CARTESIAN_POINT('Ctrl Pts',(-8.44828696536761,7.18371385842523,4.52112477753221));
#9023=CARTESIAN_POINT('Ctrl Pts',(-8.0753229944019,7.00891655617611,4.76913646457807));
#9024=CARTESIAN_POINT('Ctrl Pts',(-7.53791304891568,6.82576588985412,4.97354900093263));
#9025=CARTESIAN_POINT('Ctrl Pts',(-7.12444542236869,6.77195958094475,5.01322158317956));
#9026=CARTESIAN_POINT('Ctrl Pts',(-6.94189872279722,6.77163559793647,5.));
#9027=CARTESIAN_POINT('Ctrl Pts',(-8.69442513338639,7.28631461805576,4.));
#9028=CARTESIAN_POINT('Ctrl Pts',(-8.69442513338639,7.28631461805576,4.08571258156366));
#9029=CARTESIAN_POINT('Ctrl Pts',(-8.62829833265425,7.23800119577834,4.2548199715631));
#9030=CARTESIAN_POINT('Ctrl Pts',(-8.41175991517518,7.09233921785835,4.46724165620791));
#9031=CARTESIAN_POINT('Ctrl Pts',(-8.05059129277194,6.87959151839014,4.70271346283729));
#9032=CARTESIAN_POINT('Ctrl Pts',(-7.52242295577573,6.64102879652894,4.92269116496653));
#9033=CARTESIAN_POINT('Ctrl Pts',(-7.08355561030601,6.55884606310525,5.));
#9034=CARTESIAN_POINT('Ctrl Pts',(-6.88063405688118,6.55576117794755,5.));
#9035=CARTESIAN_POINT('',(-8.69442513338639,7.28631461805576,4.));
#9036=CARTESIAN_POINT('Origin',(-9.48985685341903,6.68027140279308,4.));
#9037=CARTESIAN_POINT('',(-6.88063405688118,6.55576117794755,5.));
#9038=CARTESIAN_POINT('Ctrl Pts',(-8.69442513338639,7.28631461805576,4.));
#9039=CARTESIAN_POINT('Ctrl Pts',(-8.69442513338639,7.28631461805576,4.08571258156366));
#9040=CARTESIAN_POINT('Ctrl Pts',(-8.62829833265425,7.23800119577834,4.2548199715631));
#9041=CARTESIAN_POINT('Ctrl Pts',(-8.41175991517518,7.09233921785835,4.46724165620791));
#9042=CARTESIAN_POINT('Ctrl Pts',(-8.05059129277194,6.87959151839014,4.70271346283729));
#9043=CARTESIAN_POINT('Ctrl Pts',(-7.52242295577573,6.64102879652894,4.92269116496653));
#9044=CARTESIAN_POINT('Ctrl Pts',(-7.08355561030601,6.55884606310525,5.));
#9045=CARTESIAN_POINT('Ctrl Pts',(-6.88063405688118,6.55576117794755,5.));
#9046=CARTESIAN_POINT('Origin',(-6.88063405688118,6.55576117794755,6.));
#9047=CARTESIAN_POINT('Origin',(-9.48985685341903,6.68027140279308,0.));
#9048=CARTESIAN_POINT('',(-8.69442513338639,7.28631461805576,0.));
#9049=CARTESIAN_POINT('Origin',(-9.48985685341903,6.68027140279308,0.));
#9050=CARTESIAN_POINT('',(-8.69442513338639,7.28631461805576,0.));
#9051=CARTESIAN_POINT('Origin',(-6.13824245886382,5.58137220554932,4.));
#9052=CARTESIAN_POINT('',(-4.30109282325035,1.52006596099953,4.));
#9053=CARTESIAN_POINT('',(-3.50566110321771,2.12610917626221,5.));
#9054=CARTESIAN_POINT('Origin',(-3.50566110321771,2.12610917626221,4.));
#9055=CARTESIAN_POINT('',(-6.13824245886382,5.58137220554932,5.));
#9056=CARTESIAN_POINT('',(-6.93367417889645,4.97532899028664,4.));
#9057=CARTESIAN_POINT('Ctrl Pts',(-3.08264068381375,0.41657306537794,5.85437478137766));
#9058=CARTESIAN_POINT('Ctrl Pts',(-3.0921538333772,0.464918661548042,5.74634209336621));
#9059=CARTESIAN_POINT('Ctrl Pts',(-3.13071635339284,0.662071095914275,5.54239585899368));
#9060=CARTESIAN_POINT('Ctrl Pts',(-3.24550420532511,1.28880093562863,5.15731986937476));
#9061=CARTESIAN_POINT('Ctrl Pts',(-3.38316192040047,1.80001814253601,5.));
#9062=CARTESIAN_POINT('Ctrl Pts',(-3.50566110321771,2.12610917626221,5.));
#9063=CARTESIAN_POINT('Ctrl Pts',(-3.10588644387435,0.268313692691604,5.83275853510485));
#9064=CARTESIAN_POINT('Ctrl Pts',(-3.1227827523039,0.314154314284804,5.70920241806145));
#9065=CARTESIAN_POINT('Ctrl Pts',(-3.19136353685032,0.501572423282338,5.47947121394788));
#9066=CARTESIAN_POINT('Ctrl Pts',(-3.40851870337854,1.11551613087155,5.0803798772834));
#9067=CARTESIAN_POINT('Ctrl Pts',(-3.60639464037863,1.63096001585533,4.96910832066379));
#9068=CARTESIAN_POINT('Ctrl Pts',(-3.74365371732122,1.94478147027867,5.));
#9069=CARTESIAN_POINT('Ctrl Pts',(-3.08631365479017,0.000892328365054837,
5.78600955624704));
#9070=CARTESIAN_POINT('Ctrl Pts',(-3.11242253719482,0.0409754206557706,
5.62790436342983));
#9071=CARTESIAN_POINT('Ctrl Pts',(-3.21970133298911,0.205465065737181,5.33512592791076));
#9072=CARTESIAN_POINT('Ctrl Pts',(-3.58712294997736,0.77236278331521,4.82690767537109));
#9073=CARTESIAN_POINT('Ctrl Pts',(-3.93422262476999,1.29940331555183,4.70149492739214));
#9074=CARTESIAN_POINT('Ctrl Pts',(-4.15593423497769,1.63066298063579,4.74912897658964));
#9075=CARTESIAN_POINT('Ctrl Pts',(-2.96511378680174,-0.233406524340074,
5.73192409877515));
#9076=CARTESIAN_POINT('Ctrl Pts',(-2.99287044839769,-0.196985032549805,
5.53324263348358));
#9077=CARTESIAN_POINT('Ctrl Pts',(-3.10765185872916,-0.0461448858740604,
5.15988908405321));
#9078=CARTESIAN_POINT('Ctrl Pts',(-3.52560656000449,0.502057812465998,4.46821368637477));
#9079=CARTESIAN_POINT('Ctrl Pts',(-3.97883223123328,1.09752519802861,4.21021126436766));
#9080=CARTESIAN_POINT('Ctrl Pts',(-4.30109282325035,1.52006596099953,4.22439947525641));
#9081=CARTESIAN_POINT('Ctrl Pts',(-2.89764412297741,-0.321960458109545,
5.70874956275531));
#9082=CARTESIAN_POINT('Ctrl Pts',(-2.92490217817154,-0.286184260667236,
5.49268418673241));
#9083=CARTESIAN_POINT('Ctrl Pts',(-3.03814622868664,-0.137551444366105,
5.08479171798737));
#9084=CARTESIAN_POINT('Ctrl Pts',(-3.46007910600231,0.416235457110975,4.31463973874952));
#9085=CARTESIAN_POINT('Ctrl Pts',(-3.944449313377,1.05197135429054,4.));
#9086=CARTESIAN_POINT('Ctrl Pts',(-4.30109282325035,1.52006596099953,4.));
#9087=CARTESIAN_POINT('Ctrl Pts',(-3.08264068381375,0.41657306537794,5.85437478137766));
#9088=CARTESIAN_POINT('Ctrl Pts',(-3.0921538333772,0.464918661548042,5.74634209336621));
#9089=CARTESIAN_POINT('Ctrl Pts',(-3.13071635339284,0.662071095914275,5.54239585899368));
#9090=CARTESIAN_POINT('Ctrl Pts',(-3.24550420532511,1.28880093562863,5.15731986937476));
#9091=CARTESIAN_POINT('Ctrl Pts',(-3.38316192040047,1.80001814253601,5.));
#9092=CARTESIAN_POINT('Ctrl Pts',(-3.50566110321771,2.12610917626221,5.));
#9093=CARTESIAN_POINT('Ctrl Pts',(-4.30109282325035,1.52006596099953,4.));
#9094=CARTESIAN_POINT('Ctrl Pts',(-4.02019950259955,1.15139347764519,4.));
#9095=CARTESIAN_POINT('Ctrl Pts',(-3.74201961790859,0.786282378988138,4.14194661772189));
#9096=CARTESIAN_POINT('Ctrl Pts',(-3.50391501660538,0.473770089777526,4.38910632622453));
#9097=CARTESIAN_POINT('Origin',(-8.00000000000001,10.5,6.));
#9098=CARTESIAN_POINT('Origin',(-8.00000000000001,10.5,5.));
#9099=CARTESIAN_POINT('Origin',(-0.862842862107046,3.60755227822669,4.));
#9100=CARTESIAN_POINT('',(-1.11936594311754,3.94423882205282,5.));
#9101=CARTESIAN_POINT('',(-0.323934223085179,4.55028203731585,4.));
#9102=CARTESIAN_POINT('Origin',(-1.11936594311754,3.94423882205282,4.));
#9103=CARTESIAN_POINT('',(-0.0674111420746826,4.21359549348973,4.));
#9104=CARTESIAN_POINT('',(-0.862842862107046,3.60755227822669,5.));
#9105=CARTESIAN_POINT('Ctrl Pts',(0.69442513338988,3.21368538194295,4.66632054258026));
#9106=CARTESIAN_POINT('Ctrl Pts',(0.418770350563,3.57548228440307,4.25038803632711));
#9107=CARTESIAN_POINT('Ctrl Pts',(0.049598096319427,4.06002086809753,4.));
#9108=CARTESIAN_POINT('Ctrl Pts',(-0.323934223085179,4.55028203731585,4.));
#9109=CARTESIAN_POINT('Ctrl Pts',(0.606542105198691,3.32903185644384,4.82489765122822));
#9110=CARTESIAN_POINT('Ctrl Pts',(0.340305762730878,3.67940720006337,4.47077442544406));
#9111=CARTESIAN_POINT('Ctrl Pts',(0.00033247990541857,4.12332300720208,
4.27877948266192));
#9112=CARTESIAN_POINT('Ctrl Pts',(-0.323934223085179,4.55028203731585,4.29919930034189));
#9113=CARTESIAN_POINT('Ctrl Pts',(0.353308056230009,3.45427572550924,5.1016685669949));
#9114=CARTESIAN_POINT('Ctrl Pts',(0.0685225211873891,3.75709526044967,4.85427362769712));
#9115=CARTESIAN_POINT('Ctrl Pts',(-0.253572951240968,4.10308098645343,4.76460101099747));
#9116=CARTESIAN_POINT('Ctrl Pts',(-0.523474361970738,4.39825145530774,4.81752571692828));
#9117=CARTESIAN_POINT('Ctrl Pts',(0.0142209335529863,3.40348666345636,5.28221627774688));
#9118=CARTESIAN_POINT('Ctrl Pts',(-0.313579507961392,3.61712782580836,5.07458088171852));
#9119=CARTESIAN_POINT('Ctrl Pts',(-0.657526218771652,3.85710393708813,4.97623140637875));
#9120=CARTESIAN_POINT('Ctrl Pts',(-0.940871482539973,4.08023460154055,5.));
#9121=CARTESIAN_POINT('Ctrl Pts',(-0.129850199929301,3.35228491470524,5.33316027129013));
#9122=CARTESIAN_POINT('Ctrl Pts',(-0.472904539043985,3.52523393416927,5.1251940181635));
#9123=CARTESIAN_POINT('Ctrl Pts',(-0.824136850394083,3.72988976939217,5.));
#9124=CARTESIAN_POINT('Ctrl Pts',(-1.11936594311754,3.94423882205282,5.));
#9125=CARTESIAN_POINT('',(-0.129850199929301,3.35228491470524,5.33316027129013));
#9126=CARTESIAN_POINT('Ctrl Pts',(-1.11936594311754,3.94423882205282,5.));
#9127=CARTESIAN_POINT('Ctrl Pts',(-0.824136850394083,3.72988976939217,5.));
#9128=CARTESIAN_POINT('Ctrl Pts',(-0.472904539043985,3.52523393416927,5.1251940181635));
#9129=CARTESIAN_POINT('Ctrl Pts',(-0.129850199929301,3.35228491470524,5.33316027129013));
#9130=CARTESIAN_POINT('',(0.694425133390054,3.21368538194273,4.66632054258026));
#9131=CARTESIAN_POINT('Origin',(-0.101006586642483,2.60764216667992,4.66632054258025));
#9132=CARTESIAN_POINT('Ctrl Pts',(0.69442513338988,3.21368538194295,4.66632054258026));
#9133=CARTESIAN_POINT('Ctrl Pts',(0.418770350563,3.57548228440307,4.25038803632711));
#9134=CARTESIAN_POINT('Ctrl Pts',(0.049598096319427,4.06002086809753,4.));
#9135=CARTESIAN_POINT('Ctrl Pts',(-0.323934223085179,4.55028203731585,4.));
#9136=CARTESIAN_POINT('Ctrl Pts',(-0.129850199929301,3.35228491470524,5.33316027129013));
#9137=CARTESIAN_POINT('Ctrl Pts',(0.189192295836513,3.19144133828386,5.52657007512424));
#9138=CARTESIAN_POINT('Ctrl Pts',(0.662397669656769,3.0707036161343,5.76478573458852));
#9139=CARTESIAN_POINT('Ctrl Pts',(1.12304788858256,2.88941952619342,5.99825676575166));
#9140=CARTESIAN_POINT('Ctrl Pts',(1.12476253956452,2.88875624043796,5.99912899146098));
#9141=CARTESIAN_POINT('Ctrl Pts',(1.12647713307562,2.88808747593589,6.));
#9142=CARTESIAN_POINT('Ctrl Pts',(0.0382327891334155,3.4120202882482,5.27372561215636));
#9143=CARTESIAN_POINT('Ctrl Pts',(0.304800199781969,3.21814771783432,5.45203528844171));
#9144=CARTESIAN_POINT('Ctrl Pts',(0.714304153915495,3.04953243820157,5.72502943488162));
#9145=CARTESIAN_POINT('Ctrl Pts',(1.12342445366579,2.88927698690819,5.997967679405));
#9146=CARTESIAN_POINT('Ctrl Pts',(1.12495151358054,2.8886825325224,5.99898382337117));
#9147=CARTESIAN_POINT('Ctrl Pts',(1.12647713307562,2.88808747593589,6.));
#9148=CARTESIAN_POINT('Ctrl Pts',(0.377227133150841,3.45026360420527,5.08232653218619));
#9149=CARTESIAN_POINT('Ctrl Pts',(0.531065252454575,3.21955045958556,5.29488428233481));
#9150=CARTESIAN_POINT('Ctrl Pts',(0.816995329935806,3.00847564221508,5.6466462431656));
#9151=CARTESIAN_POINT('Ctrl Pts',(1.12418004317598,2.88898730168508,5.99738655386212));
#9152=CARTESIAN_POINT('Ctrl Pts',(1.12532946161259,2.88853511669129,5.99869348719154));
#9153=CARTESIAN_POINT('Ctrl Pts',(1.12647713307562,2.88808747593589,6.));
#9154=CARTESIAN_POINT('Ctrl Pts',(0.61752748372277,3.31461354713105,4.80507551264723));
#9155=CARTESIAN_POINT('Ctrl Pts',(0.732441889435321,3.11847371077278,5.133499628882));
#9156=CARTESIAN_POINT('Ctrl Pts',(0.918786947084037,2.96926374429845,5.56859570049168));
#9157=CARTESIAN_POINT('Ctrl Pts',(1.12493699807397,2.88869023923484,5.99680453934851));
#9158=CARTESIAN_POINT('Ctrl Pts',(1.12570740964464,2.88838770086017,5.99840315101192));
#9159=CARTESIAN_POINT('Ctrl Pts',(1.12647713307562,2.88808747593589,6.));
#9160=CARTESIAN_POINT('Ctrl Pts',(0.694425133390054,3.21368538194273,4.66632054258026));
#9161=CARTESIAN_POINT('Ctrl Pts',(0.822605395021253,3.04544878855175,5.05314015024848));
#9162=CARTESIAN_POINT('Ctrl Pts',(0.970105878825554,2.95001091961159,5.52957146917738));
#9163=CARTESIAN_POINT('Ctrl Pts',(1.12531412741754,2.88854016281749,5.99651353150331));
#9164=CARTESIAN_POINT('Ctrl Pts',(1.12589638366067,2.88831399294462,5.99825798292211));
#9165=CARTESIAN_POINT('Ctrl Pts',(1.12647713307562,2.88808747593589,6.));
#9166=CARTESIAN_POINT('Ctrl Pts',(-0.129850199929301,3.35228491470524,5.33316027129013));
#9167=CARTESIAN_POINT('Ctrl Pts',(0.189192295836513,3.19144133828386,5.52657007512424));
#9168=CARTESIAN_POINT('Ctrl Pts',(0.662397669656769,3.0707036161343,5.76478573458852));
#9169=CARTESIAN_POINT('Ctrl Pts',(1.12304788858256,2.88941952619342,5.99825676575166));
#9170=CARTESIAN_POINT('Ctrl Pts',(1.12476253956452,2.88875624043796,5.99912899146098));
#9171=CARTESIAN_POINT('Ctrl Pts',(1.12647713307562,2.88808747593589,6.));
#9172=CARTESIAN_POINT('Ctrl Pts',(1.12647713307562,2.88808747593589,6.));
#9173=CARTESIAN_POINT('Ctrl Pts',(1.12589638366067,2.88831399294462,5.99825798292211));
#9174=CARTESIAN_POINT('Ctrl Pts',(1.12531412741754,2.88854016281749,5.99651353150331));
#9175=CARTESIAN_POINT('Ctrl Pts',(0.970105878825554,2.95001091961159,5.52957146917738));
#9176=CARTESIAN_POINT('Ctrl Pts',(0.822605395021253,3.04544878855175,5.05314015024848));
#9177=CARTESIAN_POINT('Ctrl Pts',(0.694425133390054,3.21368538194273,4.66632054258026));
#9178=CARTESIAN_POINT('Origin',(0.87768373674211,2.97315846504326,0.));
#9179=CARTESIAN_POINT('',(0.694425133390227,3.2136853819425,0.));
#9180=CARTESIAN_POINT('',(0.694425133390227,3.2136853819425,0.));
#9181=CARTESIAN_POINT('',(-4.90052513657618,10.55705761127,0.));
#9182=CARTESIAN_POINT('Origin',(1.48985685342259,3.81972859720553,0.));
#9183=CARTESIAN_POINT('Origin',(1.48985685342259,3.81972859720553,0.));
#9184=CARTESIAN_POINT('Origin',(-8.86249999999633,-0.526915271670281,5.));
#9185=CARTESIAN_POINT('Origin',(0.,0.,5.));
#9186=CARTESIAN_POINT('Origin',(0.,0.,6.));
#9187=CARTESIAN_POINT('',(-2.12610917626376,-3.50566110321677,5.));
#9188=CARTESIAN_POINT('Origin',(0.,0.,5.));
#9189=CARTESIAN_POINT('Origin',(-2.12610917626376,-3.50566110321677,6.));
#9190=CARTESIAN_POINT('Ctrl Pts',(-1.60754596254089,-2.65062180974927,6.));
#9191=CARTESIAN_POINT('Ctrl Pts',(-1.27506212358146,-2.85226621294683,6.));
#9192=CARTESIAN_POINT('Ctrl Pts',(-0.669112665172815,-3.06740478098487,
5.71766140934494));
#9193=CARTESIAN_POINT('Ctrl Pts',(-0.0516081073254364,-3.10710622569498,
5.07538499480883));
#9194=CARTESIAN_POINT('Ctrl Pts',(0.251538070591056,-3.09144336882079,4.51028554590807));
#9195=CARTESIAN_POINT('Ctrl Pts',(0.319507102405438,-3.08349075100161,4.17142942770633));
#9196=CARTESIAN_POINT('Ctrl Pts',(0.319507102405438,-3.08349075100161,4.));
#9197=CARTESIAN_POINT('Ctrl Pts',(-1.60754596254089,-2.65062180974927,5.70080069965812));
#9198=CARTESIAN_POINT('Ctrl Pts',(-1.33298741385988,-2.81793948776324,5.71783929933348));
#9199=CARTESIAN_POINT('Ctrl Pts',(-0.788976745829985,-3.04068556236199,
5.51655197361405));
#9200=CARTESIAN_POINT('Ctrl Pts',(-0.166788430661711,-3.10636718639843,
4.96164806507873));
#9201=CARTESIAN_POINT('Ctrl Pts',(0.144629033880598,-3.10038217473606,4.4592226581604));
#9202=CARTESIAN_POINT('Ctrl Pts',(0.215714897626075,-3.09424555757613,4.15425555143182));
#9203=CARTESIAN_POINT('Ctrl Pts',(0.215714897626075,-3.09424555757613,4.));
#9204=CARTESIAN_POINT('Ctrl Pts',(-1.73763824980254,-2.86512606774937,5.18248986341013));
#9205=CARTESIAN_POINT('Ctrl Pts',(-1.51815291860605,-2.96330076956748,5.22665102544521));
#9206=CARTESIAN_POINT('Ctrl Pts',(-1.01547128394719,-3.13060043579088,5.16399173927499));
#9207=CARTESIAN_POINT('Ctrl Pts',(-0.367301193480436,-3.16958306958383,
4.7620174449789));
#9208=CARTESIAN_POINT('Ctrl Pts',(-0.0388426640120016,-3.15040112931715,
4.36952877034936));
#9209=CARTESIAN_POINT('Ctrl Pts',(0.0370764420005694,-3.14173689573041,
4.12420955758556));
#9210=CARTESIAN_POINT('Ctrl Pts',(0.0370764420005694,-3.14173689573041,
4.));
#9211=CARTESIAN_POINT('Ctrl Pts',(-2.00974386321707,-3.31379073443905,5.));
#9212=CARTESIAN_POINT('Ctrl Pts',(-1.74560963327286,-3.3860021925909,5.0198328681434));
#9213=CARTESIAN_POINT('Ctrl Pts',(-1.18979876712623,-3.43035749628322,4.92729714843207));
#9214=CARTESIAN_POINT('Ctrl Pts',(-0.532172025859657,-3.33631332289639,
4.59809061110065));
#9215=CARTESIAN_POINT('Ctrl Pts',(-0.197941502689862,-3.25703910274564,
4.28782717672878));
#9216=CARTESIAN_POINT('Ctrl Pts',(-0.121218073718004,-3.23530395674801,
4.09670849487943));
#9217=CARTESIAN_POINT('Ctrl Pts',(-0.121218073718004,-3.23530395674801,
4.));
#9218=CARTESIAN_POINT('Ctrl Pts',(-2.12610917626376,-3.50566110321677,5.));
#9219=CARTESIAN_POINT('Ctrl Pts',(-1.83140890182215,-3.58199179235995,5.));
#9220=CARTESIAN_POINT('Ctrl Pts',(-1.2457505291388,-3.5833466664728,4.85883070467247));
#9221=CARTESIAN_POINT('Ctrl Pts',(-0.591689332357276,-3.42239215544056,
4.53769249740443));
#9222=CARTESIAN_POINT('Ctrl Pts',(-0.259390404104245,-3.31159156874127,
4.25514277295404));
#9223=CARTESIAN_POINT('Ctrl Pts',(-0.183469305629857,-3.28273346677608,
4.08571471385321));
#9224=CARTESIAN_POINT('Ctrl Pts',(-0.183469305629857,-3.28273346677608,
4.));
#9225=CARTESIAN_POINT('',(-0.183469305629858,-3.28273346677609,4.));
#9226=CARTESIAN_POINT('Ctrl Pts',(-2.12610917626376,-3.50566110321677,5.));
#9227=CARTESIAN_POINT('Ctrl Pts',(-1.83140890182215,-3.58199179235995,5.));
#9228=CARTESIAN_POINT('Ctrl Pts',(-1.2457505291388,-3.5833466664728,4.85883070467247));
#9229=CARTESIAN_POINT('Ctrl Pts',(-0.591689332357276,-3.42239215544056,
4.53769249740443));
#9230=CARTESIAN_POINT('Ctrl Pts',(-0.259390404104245,-3.31159156874127,
4.25514277295404));
#9231=CARTESIAN_POINT('Ctrl Pts',(-0.183469305629857,-3.28273346677608,
4.08571471385321));
#9232=CARTESIAN_POINT('Ctrl Pts',(-0.183469305629857,-3.28273346677608,
4.));
#9233=CARTESIAN_POINT('Origin',(0.422573909632998,-4.07816518680858,4.));
#9234=CARTESIAN_POINT('Origin',(0.422573909632998,-4.07816518680858,0.));
#9235=CARTESIAN_POINT('',(-0.183469305629859,-3.28273346677609,0.));
#9236=CARTESIAN_POINT('Origin',(0.422573909632998,-4.07816518680858,0.));
#9237=CARTESIAN_POINT('',(-0.183469305629858,-3.28273346677609,0.));
#9238=CARTESIAN_POINT('Origin',(-9.19169653569064,-8.88896575801821,4.));
#9239=CARTESIAN_POINT('',(-12.8249999999892,-11.6571969689123,5.));
#9240=CARTESIAN_POINT('',(-12.2189567847263,-12.4526286889448,4.));
#9241=CARTESIAN_POINT('Origin',(-12.8249999999892,-11.6571969689123,4.));
#9242=CARTESIAN_POINT('',(-8.58565332042778,-9.68439747805071,4.));
#9243=CARTESIAN_POINT('',(-9.19169653569064,-8.88896575801821,5.));
#9244=CARTESIAN_POINT('Origin',(-9.19169653569064,-8.88896575801821,4.));
#9245=CARTESIAN_POINT('',(-12.8249999999892,-12.0971500703302,4.93676738906843));
#9246=CARTESIAN_POINT('Origin',(-12.8249999999892,-11.6571969689123,4.));
#9247=CARTESIAN_POINT('',(-12.431043215252,-12.6142183502977,4.));
#9248=CARTESIAN_POINT('Origin',(-13.0370864305148,-11.8187866302652,4.));
#9249=CARTESIAN_POINT('',(-8.58565332042778,-9.68439747805071,4.));
#9250=CARTESIAN_POINT('Origin',(-11.8249999999891,-13.4096500703302,4.));
#9251=CARTESIAN_POINT('',(-12.8249999999891,-13.4096500703303,4.));
#9252=CARTESIAN_POINT('Ctrl Pts',(-12.8249999999891,-13.4096500703303,4.));
#9253=CARTESIAN_POINT('Ctrl Pts',(-12.8249999999891,-13.1325518482493,4.27709822208096));
#9254=CARTESIAN_POINT('Ctrl Pts',(-12.8249999999891,-12.7944267981262,4.60391271618872));
#9255=CARTESIAN_POINT('Ctrl Pts',(-12.8249999999892,-12.3431711979266,4.84678363719341));
#9256=CARTESIAN_POINT('Ctrl Pts',(-12.8249999999892,-12.2225215957267,4.89951283740191));
#9257=CARTESIAN_POINT('Ctrl Pts',(-12.8249999999892,-12.0971500703302,4.93676738906843));
#9258=CARTESIAN_POINT('Origin',(-11.8249999999891,-13.4096500703302,4.));
#9259=CARTESIAN_POINT('Origin',(-8.86249999999633,-0.526915271670281,5.));
#9260=CARTESIAN_POINT('',(-12.824999999989,-16.5403729075055,5.));
#9261=CARTESIAN_POINT('Origin',(-11.8249999999898,7.,0.));
#9262=CARTESIAN_POINT('',(-12.8249999999898,6.99999999999997,0.));
#9263=CARTESIAN_POINT('',(-12.8249999999898,6.99999999999997,0.));
#9264=CARTESIAN_POINT('',(-11.8249999999898,8.,0.));
#9265=CARTESIAN_POINT('Origin',(-11.8249999999898,7.,0.));
#9266=CARTESIAN_POINT('',(-11.8249999999898,8.,0.));
#9267=CARTESIAN_POINT('Origin',(-12.8249999999885,-32.5538305433406,0.));
#9268=CARTESIAN_POINT('',(-12.8249999999905,28.9343145750508,0.));
#9269=CARTESIAN_POINT('',(-12.8249999999906,31.5,0.));
#9270=CARTESIAN_POINT('',(-12.8249999999905,29.7526911934581,0.818376618407359));
#9271=CARTESIAN_POINT('',(-12.82499999999,14.2036996516902,-14.7306149233605));
#9272=CARTESIAN_POINT('',(-12.8249999999906,31.1,4.07106781186548));
#9273=CARTESIAN_POINT('Origin',(-12.8249999999904,26.5,4.07106781186548));
#9274=CARTESIAN_POINT('',(-12.8249999999906,31.1,21.9289321881345));
#9275=CARTESIAN_POINT('',(-12.8249999999906,31.1,0.));
#9276=CARTESIAN_POINT('',(-12.8249999999905,29.7526911934581,25.1816233815926));
#9277=CARTESIAN_POINT('Origin',(-12.8249999999904,26.5,21.9289321881345));
#9278=CARTESIAN_POINT('',(-12.8249999999905,29.3343145750508,25.6));
#9279=CARTESIAN_POINT('',(-12.8249999999902,20.7036996516903,34.2306149233605));
#9280=CARTESIAN_POINT('',(-12.8249999999886,-30.3881451183913,25.6));
#9281=CARTESIAN_POINT('',(-12.824999999989,-16.5403729075054,25.6));
#9282=CARTESIAN_POINT('',(-12.8249999999886,-30.8065217367987,25.1816233815927));
#9283=CARTESIAN_POINT('',(-12.8249999999883,-37.7709878308659,18.2171572875254));
#9284=CARTESIAN_POINT('',(-12.8249999999885,-32.1538305433406,21.9289321881345));
#9285=CARTESIAN_POINT('Origin',(-12.8249999999887,-27.5538305433405,21.9289321881345));
#9286=CARTESIAN_POINT('',(-12.8249999999885,-32.1538305433406,4.07106781186548));
#9287=CARTESIAN_POINT('',(-12.8249999999885,-32.1538305433406,0.));
#9288=CARTESIAN_POINT('',(-12.8249999999886,-30.8065217367987,0.818376618407355));
#9289=CARTESIAN_POINT('Origin',(-12.8249999999887,-27.5538305433405,4.07106781186548));
#9290=CARTESIAN_POINT('',(-12.8249999999886,-29.9881451183913,0.));
#9291=CARTESIAN_POINT('',(-12.8249999999885,-31.2709878308659,1.28284271247461));
#9292=CARTESIAN_POINT('',(-12.8249999999891,-13.4096500703303,0.));
#9293=CARTESIAN_POINT('',(-12.8249999999906,31.5,0.));
#9294=CARTESIAN_POINT('',(-12.8249999999891,-13.4096500703303,0.));
#9295=CARTESIAN_POINT('',(-12.8249999999894,-4.60939754870108,0.));
#9296=CARTESIAN_POINT('',(-12.8249999999894,-4.60939754870108,0.));
#9297=CARTESIAN_POINT('',(-12.8249999999906,31.5,0.));
#9298=CARTESIAN_POINT('',(-12.8249999999917,-17.9722665937542,10.0000000715256));
#9299=CARTESIAN_POINT('',(-12.8249999999917,-17.9722665937542,16.0000003099442));
#9300=CARTESIAN_POINT('',(-12.824999999989,-17.9722665937542,5.00000003576281));
#9301=CARTESIAN_POINT('',(-12.8249999999917,-15.5408335419297,16.0000003099442));
#9302=CARTESIAN_POINT('',(-12.8249999999887,-25.2630485685474,16.0000003099442));
#9303=CARTESIAN_POINT('',(-12.8249999999917,-14.218799242556,15.8705700159073));
#9304=CARTESIAN_POINT('Ctrl Pts',(-12.8249999999917,-15.5408335419297,16.0000003099442));
#9305=CARTESIAN_POINT('Ctrl Pts',(-12.8249999999917,-15.2863723539661,15.9984839605835));
#9306=CARTESIAN_POINT('Ctrl Pts',(-12.8249999999917,-14.8413516686865,15.9958320558391));
#9307=CARTESIAN_POINT('Ctrl Pts',(-12.8249999999917,-14.4054527610654,15.9081260505601));
#9308=CARTESIAN_POINT('Ctrl Pts',(-12.8249999999917,-14.218799242556,15.8705700159073));
#9309=CARTESIAN_POINT('',(-12.8249999999917,-13.5531601997017,15.473035645485));
#9310=CARTESIAN_POINT('Ctrl Pts',(-12.8249999999917,-14.218799242556,15.8705700159073));
#9311=CARTESIAN_POINT('Ctrl Pts',(-12.8249999999917,-14.077318847006,15.82936175893));
#9312=CARTESIAN_POINT('Ctrl Pts',(-12.8249999999917,-13.8197108621023,15.7543296246187));
#9313=CARTESIAN_POINT('Ctrl Pts',(-12.8249999999917,-13.6359831579569,15.5604396657241));
#9314=CARTESIAN_POINT('Ctrl Pts',(-12.8249999999917,-13.5531601997017,15.473035645485));
#9315=CARTESIAN_POINT('',(-12.8249999999917,-13.3590153546929,14.7149462223053));
#9316=CARTESIAN_POINT('Ctrl Pts',(-12.8249999999917,-13.5531601997017,15.473035645485));
#9317=CARTESIAN_POINT('Ctrl Pts',(-12.8249999999917,-13.4966931184046,15.3673471953539));
#9318=CARTESIAN_POINT('Ctrl Pts',(-12.8249999999917,-13.3706474464857,15.13142971202));
#9319=CARTESIAN_POINT('Ctrl Pts',(-12.8249999999917,-13.363152594841,14.8630788406995));
#9320=CARTESIAN_POINT('Ctrl Pts',(-12.8249999999917,-13.3590153546929,14.7149462223053));
#9321=CARTESIAN_POINT('',(-12.8249999999917,-13.3590153546929,13.9753467559815));
#9322=CARTESIAN_POINT('',(-12.8249999999891,-13.3590153546929,7.35747311115267));
#9323=CARTESIAN_POINT('',(-12.8249999999917,-13.5624048801064,13.5038519620896));
#9324=CARTESIAN_POINT('Ctrl Pts',(-12.8249999999917,-13.3590153546929,13.9753467559815));
#9325=CARTESIAN_POINT('Ctrl Pts',(-12.8249999999917,-13.3691140018578,13.8915787933674));
#9326=CARTESIAN_POINT('Ctrl Pts',(-12.8249999999917,-13.3904129665131,13.7149045472201));
#9327=CARTESIAN_POINT('Ctrl Pts',(-12.8249999999917,-13.50313083124,13.5765875982195));
#9328=CARTESIAN_POINT('Ctrl Pts',(-12.8249999999917,-13.5624048801064,13.5038519620896));
#9329=CARTESIAN_POINT('',(-12.8249999999917,-14.0246549935936,13.1987673759461));
#9330=CARTESIAN_POINT('Ctrl Pts',(-12.8249999999917,-13.5624048801064,13.5038519620896));
#9331=CARTESIAN_POINT('Ctrl Pts',(-12.8249999999917,-13.6296076846796,13.4358568180565));
#9332=CARTESIAN_POINT('Ctrl Pts',(-12.8249999999917,-13.76229148341,13.3016086410223));
#9333=CARTESIAN_POINT('Ctrl Pts',(-12.8249999999917,-13.9379603631951,13.2327499425738));
#9334=CARTESIAN_POINT('Ctrl Pts',(-12.8249999999917,-14.0246549935936,13.1987673759461));
#9335=CARTESIAN_POINT('',(-12.8249999999917,-14.0246549935936,13.1525421857834));
#9336=CARTESIAN_POINT('',(-12.8249999999891,-14.0246549935936,6.59938368797304));
#9337=CARTESIAN_POINT('',(-12.8249999999917,-13.3867499919533,12.8474575996399));
#9338=CARTESIAN_POINT('Ctrl Pts',(-12.8249999999917,-14.0246549935936,13.1525421857834));
#9339=CARTESIAN_POINT('Ctrl Pts',(-12.8249999999917,-13.9089692270375,13.1293698039637));
#9340=CARTESIAN_POINT('Ctrl Pts',(-12.8249999999917,-13.6708261052352,13.081668660509));
#9341=CARTESIAN_POINT('Ctrl Pts',(-12.8249999999917,-13.4832202179659,12.9269940087933));
#9342=CARTESIAN_POINT('Ctrl Pts',(-12.8249999999917,-13.3867499919533,12.8474575996399));
#9343=CARTESIAN_POINT('',(-12.8249999999917,-13.0909100862145,12.2650230646134));
#9344=CARTESIAN_POINT('Ctrl Pts',(-12.8249999999917,-13.3867499919533,12.8474575996399));
#9345=CARTESIAN_POINT('Ctrl Pts',(-12.8249999999917,-13.3005439085628,12.7618066619346));
#9346=CARTESIAN_POINT('Ctrl Pts',(-12.8249999999917,-13.1372095270254,12.5995241130936));
#9347=CARTESIAN_POINT('Ctrl Pts',(-12.8249999999917,-13.1057606113753,12.3723141279564));
#9348=CARTESIAN_POINT('Ctrl Pts',(-12.8249999999917,-13.0909100862145,12.2650230646134));
#9349=CARTESIAN_POINT('',(-12.8249999999917,-13.0909100862145,11.3405240297318));
#9350=CARTESIAN_POINT('',(-12.8249999999891,-13.0909100862145,6.13251153230669));
#9351=CARTESIAN_POINT('',(-12.8249999999917,-13.6733452172875,10.3050846576691));
#9352=CARTESIAN_POINT('Ctrl Pts',(-12.8249999999917,-13.0909100862145,11.3405240297318));
#9353=CARTESIAN_POINT('Ctrl Pts',(-12.8249999999917,-13.1118289484491,11.1166146317348));
#9354=CARTESIAN_POINT('Ctrl Pts',(-12.8249999999917,-13.1523366476689,10.6830320379584));
#9355=CARTESIAN_POINT('Ctrl Pts',(-12.8249999999917,-13.5035192575463,10.4282789395526));
#9356=CARTESIAN_POINT('Ctrl Pts',(-12.8249999999917,-13.6733452172875,10.3050846576691));
#9357=CARTESIAN_POINT('',(-12.8249999999917,-15.4761183949112,10.0000000715256));
#9358=CARTESIAN_POINT('Ctrl Pts',(-12.8249999999917,-13.6733452172875,10.3050846576691));
#9359=CARTESIAN_POINT('Ctrl Pts',(-12.8249999999917,-13.9183641982062,10.2166375256732));
#9360=CARTESIAN_POINT('Ctrl Pts',(-12.8249999999917,-14.4990409866302,10.0070243913758));
#9361=CARTESIAN_POINT('Ctrl Pts',(-12.8249999999917,-15.1182102005862,10.0025731139608));
#9362=CARTESIAN_POINT('Ctrl Pts',(-12.8249999999917,-15.4761183949112,10.0000000715256));
#9363=CARTESIAN_POINT('',(-12.8249999999888,-24.0149744691259,10.0000000715256));
#9364=CARTESIAN_POINT('',(-12.8249999999917,-5.21417535263294,10.0000000715256));
#9365=CARTESIAN_POINT('',(-12.8249999999917,-5.21417535263294,14.9738059163094));
#9366=CARTESIAN_POINT('',(-12.8249999999894,-5.21417535263294,5.00000003576281));
#9367=CARTESIAN_POINT('',(-12.8249999999917,-7.06317342239613,14.9738059163094));
#9368=CARTESIAN_POINT('',(-12.8249999999889,-18.8840029479868,14.9738059163094));
#9369=CARTESIAN_POINT('',(-12.8249999999917,-7.06317342239613,16.0000003099442));
#9370=CARTESIAN_POINT('',(-12.8249999999893,-7.06317342239613,7.4869029581547));
#9371=CARTESIAN_POINT('',(-12.8249999999917,-1.93220294433826,16.0000003099442));
#9372=CARTESIAN_POINT('',(-12.8249999999889,-19.8085019828683,16.0000003099442));
#9373=CARTESIAN_POINT('',(-12.8249999999917,-1.93220294433826,14.9738059163094));
#9374=CARTESIAN_POINT('',(-12.8249999999895,-1.93220294433826,8.0000001549721));
#9375=CARTESIAN_POINT('',(-12.8249999999917,-3.77195633369678,14.9738059163094));
#9376=CARTESIAN_POINT('',(-12.824999999989,-17.2430167438394,14.9738059163094));
#9377=CARTESIAN_POINT('',(-12.8249999999917,-3.77195633369678,10.0000000715256));
#9378=CARTESIAN_POINT('',(-12.8249999999894,-3.77195633369678,7.4869029581547));
#9379=CARTESIAN_POINT('',(-12.824999999989,-18.1628934385187,10.0000000715256));
#9380=CARTESIAN_POINT('',(-12.8249999999917,6.21263467353588,11.6456092119217));
#9381=CARTESIAN_POINT('',(-12.8249999999917,3.60554658454662,9.90755028724675));
#9382=CARTESIAN_POINT('Ctrl Pts',(-12.8249999999917,6.21263467353588,11.6456092119217));
#9383=CARTESIAN_POINT('Ctrl Pts',(-12.8249999999917,6.04949202595778,11.141785715088));
#9384=CARTESIAN_POINT('Ctrl Pts',(-12.8249999999917,5.66213125088588,9.94552303864999));
#9385=CARTESIAN_POINT('Ctrl Pts',(-12.8249999999917,4.35953525384921,9.92147192381679));
#9386=CARTESIAN_POINT('Ctrl Pts',(-12.8249999999917,3.60554658454662,9.90755028724675));
#9387=CARTESIAN_POINT('',(-12.8249999999917,1.00770436805492,11.6456092119217));
#9388=CARTESIAN_POINT('Ctrl Pts',(-12.8249999999917,3.60554658454662,9.90755028724675));
#9389=CARTESIAN_POINT('Ctrl Pts',(-12.8249999999917,2.85411744925723,9.92208118966603));
#9390=CARTESIAN_POINT('Ctrl Pts',(-12.8249999999917,1.55447750350515,9.94721322187643));
#9391=CARTESIAN_POINT('Ctrl Pts',(-12.8249999999917,1.16991819550623,11.1417378689262));
#9392=CARTESIAN_POINT('Ctrl Pts',(-12.8249999999917,1.00770436805492,11.6456092119217));
#9393=CARTESIAN_POINT('',(-12.8249999999917,1.00770436805492,16.0000009059906));
#9394=CARTESIAN_POINT('',(-12.8249999999896,1.00770436805492,5.82280460596087));
#9395=CARTESIAN_POINT('',(-12.8249999999917,2.44992219489819,16.0000009059906));
#9396=CARTESIAN_POINT('',(-12.824999999989,-15.7730630876428,16.0000009059906));
#9397=CARTESIAN_POINT('',(-12.8249999999917,2.44992219489819,11.6456092119217));
#9398=CARTESIAN_POINT('',(-12.8249999999896,2.44992219489819,8.00000045299532));
#9399=CARTESIAN_POINT('',(-12.8249999999917,2.70878278297192,11.081664633751));
#9400=CARTESIAN_POINT('Ctrl Pts',(-12.8249999999917,2.44992219489819,11.6456092119217));
#9401=CARTESIAN_POINT('Ctrl Pts',(-12.8249999999917,2.45630246714967,11.5233866945195));
#9402=CARTESIAN_POINT('Ctrl Pts',(-12.8249999999917,2.46801942035269,11.2989330254112));
#9403=CARTESIAN_POINT('Ctrl Pts',(-12.8249999999917,2.6334394725976,11.1496555427053));
#9404=CARTESIAN_POINT('Ctrl Pts',(-12.8249999999917,2.70878278297192,11.081664633751));
#9405=CARTESIAN_POINT('',(-12.8249999999917,3.62403832954174,10.9337443828583));
#9406=CARTESIAN_POINT('Ctrl Pts',(-12.8249999999917,2.70878278297192,11.081664633751));
#9407=CARTESIAN_POINT('Ctrl Pts',(-12.8249999999917,2.82867177518062,11.0388834046748));
#9408=CARTESIAN_POINT('Ctrl Pts',(-12.8249999999917,3.12348332711548,10.9336827494247));
#9409=CARTESIAN_POINT('Ctrl Pts',(-12.8249999999917,3.43763849155994,10.9337214314105));
#9410=CARTESIAN_POINT('Ctrl Pts',(-12.8249999999917,3.62403832954174,10.9337443828583));
#9411=CARTESIAN_POINT('',(-12.8249999999917,4.51155625861889,11.081664633751));
#9412=CARTESIAN_POINT('Ctrl Pts',(-12.8249999999917,3.62403832954174,10.9337443828583));
#9413=CARTESIAN_POINT('Ctrl Pts',(-12.8249999999917,3.80676109883239,10.9332841555755));
#9414=CARTESIAN_POINT('Ctrl Pts',(-12.8249999999917,4.11217843108419,10.9325148951845));
#9415=CARTESIAN_POINT('Ctrl Pts',(-12.8249999999917,4.39709672466605,11.0389191221363));
#9416=CARTESIAN_POINT('Ctrl Pts',(-12.8249999999917,4.51155625861889,11.081664633751));
#9417=CARTESIAN_POINT('',(-12.8249999999917,4.77041684669262,11.6456092119217));
#9418=CARTESIAN_POINT('Ctrl Pts',(-12.8249999999917,4.51155625861889,11.081664633751));
#9419=CARTESIAN_POINT('Ctrl Pts',(-12.8249999999917,4.58690070724657,11.149655378593));
#9420=CARTESIAN_POINT('Ctrl Pts',(-12.8249999999917,4.75232266001333,11.2989319608321));
#9421=CARTESIAN_POINT('Ctrl Pts',(-12.8249999999917,4.76403765827777,11.5233865586992));
#9422=CARTESIAN_POINT('Ctrl Pts',(-12.8249999999917,4.77041684669262,11.6456092119217));
#9423=CARTESIAN_POINT('',(-12.8249999999917,4.77041684669262,16.0000009059906));
#9424=CARTESIAN_POINT('',(-12.8249999999897,4.77041684669262,5.82280460596087));
#9425=CARTESIAN_POINT('',(-12.8249999999917,6.21263467353588,16.0000009059906));
#9426=CARTESIAN_POINT('',(-12.8249999999891,-13.891706848324,16.0000009059906));
#9427=CARTESIAN_POINT('',(-12.8249999999898,6.21263467353588,8.00000045299532));
#9428=CARTESIAN_POINT('',(-12.8249999999917,10.5023118166328,9.9907547950745));
#9429=CARTESIAN_POINT('',(-12.8249999999917,9.42989312690502,9.90755028724675));
#9430=CARTESIAN_POINT('Ctrl Pts',(-12.8249999999917,10.5023118166328,9.9907547950745));
#9431=CARTESIAN_POINT('Ctrl Pts',(-12.8249999999917,10.3392624957394,9.96653058254638));
#9432=CARTESIAN_POINT('Ctrl Pts',(-12.8249999999917,9.98382959747659,9.91372397151709));
#9433=CARTESIAN_POINT('Ctrl Pts',(-12.8249999999917,9.62442593959738,9.90971837732492));
#9434=CARTESIAN_POINT('Ctrl Pts',(-12.8249999999917,9.42989312690502,9.90755028724675));
#9435=CARTESIAN_POINT('',(-12.8249999999917,7.30354510825878,10.0739598989487));
#9436=CARTESIAN_POINT('Ctrl Pts',(-12.8249999999917,9.42989312690502,9.90755028724675));
#9437=CARTESIAN_POINT('Ctrl Pts',(-12.8249999999917,9.10905650238174,9.91683843699333));
#9438=CARTESIAN_POINT('Ctrl Pts',(-12.8249999999917,8.39765368775051,9.9374333920807));
#9439=CARTESIAN_POINT('Ctrl Pts',(-12.8249999999917,7.69132536125931,10.0255713894654));
#9440=CARTESIAN_POINT('Ctrl Pts',(-12.8249999999917,7.30354510825878,10.0739598989487));
#9441=CARTESIAN_POINT('',(-12.8249999999917,7.30354510825878,11.1741144180298));
#9442=CARTESIAN_POINT('',(-12.8249999999898,7.30354510825878,5.03697994947436));
#9443=CARTESIAN_POINT('',(-12.8249999999917,9.44838248771435,10.9337443828583));
#9444=CARTESIAN_POINT('Ctrl Pts',(-12.8249999999917,7.30354510825878,11.1741144180298));
#9445=CARTESIAN_POINT('Ctrl Pts',(-12.8249999999917,7.74332787350791,11.1054648570696));
#9446=CARTESIAN_POINT('Ctrl Pts',(-12.8249999999917,8.45503402757834,10.9943683820136));
#9447=CARTESIAN_POINT('Ctrl Pts',(-12.8249999999917,9.17377231408485,10.9505038258959));
#9448=CARTESIAN_POINT('Ctrl Pts',(-12.8249999999917,9.44838248771435,10.9337443828583));
#9449=CARTESIAN_POINT('',(-12.8249999999917,10.650231471479,11.5531588315964));
#9450=CARTESIAN_POINT('Ctrl Pts',(-12.8249999999917,9.44838248771435,10.9337443828583));
#9451=CARTESIAN_POINT('Ctrl Pts',(-12.8249999999917,9.7908708502924,10.9216922144828));
#9452=CARTESIAN_POINT('Ctrl Pts',(-12.8249999999917,10.3405385272908,10.9023494042807));
#9453=CARTESIAN_POINT('Ctrl Pts',(-12.8249999999917,10.5654561171667,11.3750062426342));
#9454=CARTESIAN_POINT('Ctrl Pts',(-12.8249999999917,10.650231471479,11.5531588315964));
#9455=CARTESIAN_POINT('',(-12.8249999999917,10.650231471479,11.9414485216141));
#9456=CARTESIAN_POINT('',(-12.8249999999899,10.650231471479,5.77657941579821));
#9457=CARTESIAN_POINT('',(-12.8249999999917,10.4745765833259,12.3944533586502));
#9458=CARTESIAN_POINT('Ctrl Pts',(-12.8249999999917,10.650231471479,11.9414485216141));
#9459=CARTESIAN_POINT('Ctrl Pts',(-12.8249999999917,10.6449979950334,12.0323074567798));
#9460=CARTESIAN_POINT('Ctrl Pts',(-12.8249999999917,10.6351658284404,12.2030047354049));
#9461=CARTESIAN_POINT('Ctrl Pts',(-12.8249999999917,10.5257516585534,12.3334443060839));
#9462=CARTESIAN_POINT('Ctrl Pts',(-12.8249999999917,10.4745765833259,12.3944533586502));
#9463=CARTESIAN_POINT('',(-12.8249999999917,9.86440860313183,12.5516176939011));
#9464=CARTESIAN_POINT('Ctrl Pts',(-12.8249999999917,10.4745765833259,12.3944533586502));
#9465=CARTESIAN_POINT('Ctrl Pts',(-12.8249999999917,10.3978056369456,12.4399466558629));
#9466=CARTESIAN_POINT('Ctrl Pts',(-12.8249999999917,10.2113775681848,12.5504210988756));
#9467=CARTESIAN_POINT('Ctrl Pts',(-12.8249999999917,9.99291087005165,12.5511745269644));
#9468=CARTESIAN_POINT('Ctrl Pts',(-12.8249999999917,9.86440860313183,12.5516176939011));
#9469=CARTESIAN_POINT('',(-12.8249999999917,9.16178905051952,12.5516176939011));
#9470=CARTESIAN_POINT('',(-12.8249999999892,-11.3447109701044,12.5516176939011));
#9471=CARTESIAN_POINT('',(-12.8249999999917,7.18336068671948,14.1232670068741));
#9472=CARTESIAN_POINT('Ctrl Pts',(-12.8249999999917,9.16178905051952,12.5516176939011));
#9473=CARTESIAN_POINT('Ctrl Pts',(-12.8249999999917,8.58625714112953,12.5896071357689));
#9474=CARTESIAN_POINT('Ctrl Pts',(-12.8249999999917,7.53142760668185,12.6592338317444));
#9475=CARTESIAN_POINT('Ctrl Pts',(-12.8249999999917,7.29210502845507,13.6658684010952));
#9476=CARTESIAN_POINT('Ctrl Pts',(-12.8249999999917,7.18336068671948,14.1232670068741));
#9477=CARTESIAN_POINT('',(-12.8249999999917,7.18336068671948,14.5670265674591));
#9478=CARTESIAN_POINT('',(-12.8249999999898,7.18336068671948,7.06163350343706));
#9479=CARTESIAN_POINT('',(-12.8249999999917,7.83975326102978,15.7226509571076));
#9480=CARTESIAN_POINT('Ctrl Pts',(-12.8249999999917,7.18336068671948,14.5670265674591));
#9481=CARTESIAN_POINT('Ctrl Pts',(-12.8249999999917,7.20925805466937,14.8108042678175));
#9482=CARTESIAN_POINT('Ctrl Pts',(-12.8249999999917,7.26038706103819,15.2920930079827));
#9483=CARTESIAN_POINT('Ctrl Pts',(-12.8249999999917,7.64831487662421,15.5803828748918));
#9484=CARTESIAN_POINT('Ctrl Pts',(-12.8249999999917,7.83975326102978,15.7226509571076));
#9485=CARTESIAN_POINT('',(-12.8249999999917,9.91987668555981,16.0924506902695));
#9486=CARTESIAN_POINT('Ctrl Pts',(-12.8249999999917,7.83975326102978,15.7226509571076));
#9487=CARTESIAN_POINT('Ctrl Pts',(-12.8249999999917,8.11958203603161,15.8298198888082));
#9488=CARTESIAN_POINT('Ctrl Pts',(-12.8249999999917,8.78677157806401,16.0853403958073));
#9489=CARTESIAN_POINT('Ctrl Pts',(-12.8249999999917,9.50366092060893,16.0898389143371));
#9490=CARTESIAN_POINT('Ctrl Pts',(-12.8249999999917,9.91987668555981,16.0924506902695));
#9491=CARTESIAN_POINT('',(-12.8249999999917,11.7966123728157,15.9722656726838));
#9492=CARTESIAN_POINT('Ctrl Pts',(-12.8249999999917,9.91987668555981,16.0924506902695));
#9493=CARTESIAN_POINT('Ctrl Pts',(-12.8249999999917,10.199732726504,16.0856039677153));
#9494=CARTESIAN_POINT('Ctrl Pts',(-12.8249999999917,10.8268265188479,16.0702620183431));
#9495=CARTESIAN_POINT('Ctrl Pts',(-12.8249999999917,11.4509946398855,16.0071901610991));
#9496=CARTESIAN_POINT('Ctrl Pts',(-12.8249999999917,11.7966123728157,15.9722656726838));
#9497=CARTESIAN_POINT('',(-12.8249999999917,11.7966123728157,14.8998463869095));
#9498=CARTESIAN_POINT('',(-12.8249999999899,11.7966123728157,7.98613283634188));
#9499=CARTESIAN_POINT('',(-12.8249999999917,9.8736520914436,15.0662559986115));
#9500=CARTESIAN_POINT('Ctrl Pts',(-12.8249999999917,11.7966123728157,14.8998463869095));
#9501=CARTESIAN_POINT('Ctrl Pts',(-12.8249999999917,11.4041852921261,14.947450096797));
#9502=CARTESIAN_POINT('Ctrl Pts',(-12.8249999999917,10.7649826273145,15.0249891345249));
#9503=CARTESIAN_POINT('Ctrl Pts',(-12.8249999999917,10.121918472588,15.0547617497379));
#9504=CARTESIAN_POINT('Ctrl Pts',(-12.8249999999917,9.8736520914436,15.0662559986115));
#9505=CARTESIAN_POINT('',(-12.8249999999917,8.89368258994823,14.946071279049));
#9506=CARTESIAN_POINT('Ctrl Pts',(-12.8249999999917,9.8736520914436,15.0662559986115));
#9507=CARTESIAN_POINT('Ctrl Pts',(-12.8249999999917,9.66855426005326,15.0680110582952));
#9508=CARTESIAN_POINT('Ctrl Pts',(-12.8249999999917,9.33566930817745,15.0708596157586));
#9509=CARTESIAN_POINT('Ctrl Pts',(-12.8249999999917,9.01628652755146,14.980686666382));
#9510=CARTESIAN_POINT('Ctrl Pts',(-12.8249999999917,8.89368258994823,14.946071279049));
#9511=CARTESIAN_POINT('',(-12.8249999999917,8.62557851356274,14.5392919301987));
#9512=CARTESIAN_POINT('Ctrl Pts',(-12.8249999999917,8.89368258994823,14.946071279049));
#9513=CARTESIAN_POINT('Ctrl Pts',(-12.8249999999917,8.81549739968534,14.8978441614768));
#9514=CARTESIAN_POINT('Ctrl Pts',(-12.8249999999917,8.66256195176662,14.8035087022558));
#9515=CARTESIAN_POINT('Ctrl Pts',(-12.8249999999917,8.63772034533809,14.6260355039264));
#9516=CARTESIAN_POINT('Ctrl Pts',(-12.8249999999917,8.62557851356274,14.5392919301987));
#9517=CARTESIAN_POINT('',(-12.8249999999917,8.62557851356274,14.1140223264695));
#9518=CARTESIAN_POINT('',(-12.8249999999898,8.62557851356274,7.26964596509936));
#9519=CARTESIAN_POINT('',(-12.8249999999917,9.42064725440746,13.6425269365311));
#9520=CARTESIAN_POINT('Ctrl Pts',(-12.8249999999917,8.62557851356274,14.1140223264695));
#9521=CARTESIAN_POINT('Ctrl Pts',(-12.8249999999917,8.67854664104401,13.9778065928325));
#9522=CARTESIAN_POINT('Ctrl Pts',(-12.8249999999917,8.81088301172476,13.6374831440661));
#9523=CARTESIAN_POINT('Ctrl Pts',(-12.8249999999917,9.19204611142545,13.6406360143652));
#9524=CARTESIAN_POINT('Ctrl Pts',(-12.8249999999917,9.42064725440746,13.6425269365311));
#9525=CARTESIAN_POINT('',(-12.8249999999917,10.1417585520149,13.6425269365311));
#9526=CARTESIAN_POINT('',(-12.8249999999892,-11.5665916444665,13.6425269365311));
#9527=CARTESIAN_POINT('',(-12.8249999999917,11.6302009729744,13.2634825229645));
#9528=CARTESIAN_POINT('Ctrl Pts',(-12.8249999999917,10.1417585520149,13.6425269365311));
#9529=CARTESIAN_POINT('Ctrl Pts',(-12.8249999999917,10.444440313499,13.6380740808842));
#9530=CARTESIAN_POINT('Ctrl Pts',(-12.8249999999917,10.9738498994515,13.630285754119));
#9531=CARTESIAN_POINT('Ctrl Pts',(-12.8249999999917,11.433394084522,13.3734684824759));
#9532=CARTESIAN_POINT('Ctrl Pts',(-12.8249999999917,11.6302009729744,13.2634825229645));
#9533=CARTESIAN_POINT('',(-12.8249999999917,12.092451682508,12.1078587293625));
#9534=CARTESIAN_POINT('Ctrl Pts',(-12.8249999999917,11.6302009729744,13.2634825229645));
#9535=CARTESIAN_POINT('Ctrl Pts',(-12.8249999999917,11.7648218297818,13.1120201711261));
#9536=CARTESIAN_POINT('Ctrl Pts',(-12.8249999999917,12.0559710336882,12.7844472808225));
#9537=CARTESIAN_POINT('Ctrl Pts',(-12.8249999999917,12.079696395476,12.3444247295747));
#9538=CARTESIAN_POINT('Ctrl Pts',(-12.8249999999917,12.092451682508,12.1078587293625));
#9539=CARTESIAN_POINT('',(-12.8249999999917,12.092451682508,11.7103237628937));
#9540=CARTESIAN_POINT('',(-12.8249999999899,12.092451682508,6.05392936468126));
#9541=CARTESIAN_POINT('',(-12.8249999999917,11.3251157907844,10.2588600635529));
#9542=CARTESIAN_POINT('Ctrl Pts',(-12.8249999999917,12.092451682508,11.7103237628937));
#9543=CARTESIAN_POINT('Ctrl Pts',(-12.8249999999917,12.070572630832,11.3872097141199));
#9544=CARTESIAN_POINT('Ctrl Pts',(-12.8249999999917,12.0297086889517,10.7837231505664));
#9545=CARTESIAN_POINT('Ctrl Pts',(-12.8249999999917,11.5486225551519,10.4253540072464));
#9546=CARTESIAN_POINT('Ctrl Pts',(-12.8249999999917,11.3251157907844,10.2588600635529));
#9547=CARTESIAN_POINT('Ctrl Pts',(-12.8249999999917,11.3251157907844,10.2588600635529));
#9548=CARTESIAN_POINT('Ctrl Pts',(-12.8249999999917,11.1966494979954,10.1988760059678));
#9549=CARTESIAN_POINT('Ctrl Pts',(-12.8249999999917,10.9333874986948,10.0759525325555));
#9550=CARTESIAN_POINT('Ctrl Pts',(-12.8249999999917,10.6482885186915,10.0196056100424));
#9551=CARTESIAN_POINT('Ctrl Pts',(-12.8249999999917,10.5023118166328,9.9907547950745));
#9552=CARTESIAN_POINT('',(-12.8249999999917,13.0909105448127,10.0000000715256));
#9553=CARTESIAN_POINT('',(-12.8249999999917,13.0909105448127,16.0000003099442));
#9554=CARTESIAN_POINT('',(-12.82499999999,13.0909105448127,5.00000003576281));
#9555=CARTESIAN_POINT('',(-12.8249999999917,15.5223437456489,16.0000003099442));
#9556=CARTESIAN_POINT('',(-12.8249999999892,-9.73145999926391,16.0000003099442));
#9557=CARTESIAN_POINT('',(-12.8249999999917,16.8443771509529,15.8705700159073));
#9558=CARTESIAN_POINT('Ctrl Pts',(-12.8249999999917,15.5223437456489,16.0000003099442));
#9559=CARTESIAN_POINT('Ctrl Pts',(-12.8249999999917,15.7768046337689,15.9984839414265));
#9560=CARTESIAN_POINT('Ctrl Pts',(-12.8249999999917,16.2218250183119,15.9958320018463));
#9561=CARTESIAN_POINT('Ctrl Pts',(-12.8249999999917,16.6577236327313,15.9081260520191));
#9562=CARTESIAN_POINT('Ctrl Pts',(-12.8249999999917,16.8443771509529,15.8705700159073));
#9563=CARTESIAN_POINT('',(-12.8249999999917,17.5100179819465,15.473035645485));
#9564=CARTESIAN_POINT('Ctrl Pts',(-12.8249999999917,16.8443771509529,15.8705700159073));
#9565=CARTESIAN_POINT('Ctrl Pts',(-12.8249999999917,16.9858576983114,15.8293617202816));
#9566=CARTESIAN_POINT('Ctrl Pts',(-12.8249999999917,17.2434661001686,15.7543294746649));
#9567=CARTESIAN_POINT('Ctrl Pts',(-12.8249999999917,17.4271946068604,15.5604396591733));
#9568=CARTESIAN_POINT('Ctrl Pts',(-12.8249999999917,17.5100179819465,15.473035645485));
#9569=CARTESIAN_POINT('',(-12.8249999999917,17.7041622309089,14.7149462223053));
#9570=CARTESIAN_POINT('Ctrl Pts',(-12.8249999999917,17.5100179819465,15.473035645485));
#9571=CARTESIAN_POINT('Ctrl Pts',(-12.8249999999917,17.5664842580454,15.3673471300957));
#9572=CARTESIAN_POINT('Ctrl Pts',(-12.8249999999917,17.6925282975502,15.1314291923591));
#9573=CARTESIAN_POINT('Ctrl Pts',(-12.8249999999917,17.7000243329309,14.8630787572366));
#9574=CARTESIAN_POINT('Ctrl Pts',(-12.8249999999917,17.7041622309089,14.7149462223053));
#9575=CARTESIAN_POINT('',(-12.8249999999917,17.7041622309089,13.9753467559815));
#9576=CARTESIAN_POINT('',(-12.8249999999901,17.7041622309089,7.35747311115267));
#9577=CARTESIAN_POINT('',(-12.8249999999917,17.500772109449,13.5038519620896));
#9578=CARTESIAN_POINT('Ctrl Pts',(-12.8249999999917,17.7041622309089,13.9753467559815));
#9579=CARTESIAN_POINT('Ctrl Pts',(-12.8249999999917,17.6940636088142,13.8915787755839));
#9580=CARTESIAN_POINT('Ctrl Pts',(-12.8249999999917,17.6727646835681,13.7149043802301));
#9581=CARTESIAN_POINT('Ctrl Pts',(-12.8249999999917,17.5600464080985,13.5765875678425));
#9582=CARTESIAN_POINT('Ctrl Pts',(-12.8249999999917,17.500772109449,13.5038519620896));
#9583=CARTESIAN_POINT('',(-12.8249999999917,17.0385213999153,13.1987673759461));
#9584=CARTESIAN_POINT('Ctrl Pts',(-12.8249999999917,17.500772109449,13.5038519620896));
#9585=CARTESIAN_POINT('Ctrl Pts',(-12.8249999999917,17.4335699643233,13.435856724551));
#9586=CARTESIAN_POINT('Ctrl Pts',(-12.8249999999917,17.3008866459951,13.3016075316083));
#9587=CARTESIAN_POINT('Ctrl Pts',(-12.8249999999917,17.1252169728112,13.2327497205785));
#9588=CARTESIAN_POINT('Ctrl Pts',(-12.8249999999917,17.0385213999153,13.1987673759461));
#9589=CARTESIAN_POINT('',(-12.8249999999917,17.0385213999153,13.1525421857834));
#9590=CARTESIAN_POINT('',(-12.8249999999901,17.0385213999153,6.59938368797304));
#9591=CARTESIAN_POINT('',(-12.8249999999917,17.676426997602,12.8474575996399));
#9592=CARTESIAN_POINT('Ctrl Pts',(-12.8249999999917,17.0385213999153,13.1525421857834));
#9593=CARTESIAN_POINT('Ctrl Pts',(-12.8249999999917,17.1542069191971,13.129369716131));
#9594=CARTESIAN_POINT('Ctrl Pts',(-12.8249999999917,17.3923500588624,13.0816682863316));
#9595=CARTESIAN_POINT('Ctrl Pts',(-12.8249999999917,17.5799563581082,12.9269939915121));
#9596=CARTESIAN_POINT('Ctrl Pts',(-12.8249999999917,17.676426997602,12.8474575996399));
#9597=CARTESIAN_POINT('',(-12.8249999999917,17.9722663072944,12.2650230646134));
#9598=CARTESIAN_POINT('Ctrl Pts',(-12.8249999999917,17.676426997602,12.8474575996399));
#9599=CARTESIAN_POINT('Ctrl Pts',(-12.8249999999917,17.762632831456,12.7618066269127));
#9600=CARTESIAN_POINT('Ctrl Pts',(-12.8249999999917,17.9259668218798,12.5995239305592));
#9601=CARTESIAN_POINT('Ctrl Pts',(-12.8249999999917,17.9574157621887,12.3723141101437));
#9602=CARTESIAN_POINT('Ctrl Pts',(-12.8249999999917,17.9722663072944,12.2650230646134));
#9603=CARTESIAN_POINT('',(-12.8249999999917,17.9722663072944,11.3405240297318));
#9604=CARTESIAN_POINT('',(-12.8249999999901,17.9722663072944,6.13251153230669));
#9605=CARTESIAN_POINT('',(-12.8249999999917,17.3898311762214,10.3050846576691));
#9606=CARTESIAN_POINT('Ctrl Pts',(-12.8249999999917,17.9722663072944,11.3405240297318));
#9607=CARTESIAN_POINT('Ctrl Pts',(-12.8249999999917,17.9513474450598,11.1166146317348));
#9608=CARTESIAN_POINT('Ctrl Pts',(-12.8249999999917,17.91083974584,10.6830320379584));
#9609=CARTESIAN_POINT('Ctrl Pts',(-12.8249999999917,17.5596571359626,10.4282789395526));
#9610=CARTESIAN_POINT('Ctrl Pts',(-12.8249999999917,17.3898311762214,10.3050846576691));
#9611=CARTESIAN_POINT('',(-12.8249999999917,15.5870577005745,10.0000000715256));
#9612=CARTESIAN_POINT('Ctrl Pts',(-12.8249999999917,17.3898311762214,10.3050846576691));
#9613=CARTESIAN_POINT('Ctrl Pts',(-12.8249999999917,17.1448127923047,10.2166375386557));
#9614=CARTESIAN_POINT('Ctrl Pts',(-12.8249999999917,16.5641360233319,10.0070239314127));
#9615=CARTESIAN_POINT('Ctrl Pts',(-12.8249999999917,15.9449666277264,10.002572948334));
#9616=CARTESIAN_POINT('Ctrl Pts',(-12.8249999999917,15.5870577005745,10.0000000715256));
#9617=CARTESIAN_POINT('',(-12.8249999999893,-8.48338642138305,10.0000000715256));
#9618=CARTESIAN_POINT('',(-12.8249999999917,-10.7149473519921,10.0000000715256));
#9619=CARTESIAN_POINT('',(-12.8249999999917,-10.7149473519921,14.9738059163094));
#9620=CARTESIAN_POINT('',(-12.8249999999892,-10.7149473519921,5.00000003576281));
#9621=CARTESIAN_POINT('',(-12.8249999999917,-12.5639460178017,14.9738059163094));
#9622=CARTESIAN_POINT('',(-12.8249999999889,-21.6343889476663,14.9738059163094));
#9623=CARTESIAN_POINT('',(-12.8249999999917,-12.5639460178017,16.0000003099442));
#9624=CARTESIAN_POINT('',(-12.8249999999892,-12.5639460178017,7.4869029581547));
#9625=CARTESIAN_POINT('',(-12.8249999999917,-7.43297494369739,16.0000003099442));
#9626=CARTESIAN_POINT('',(-12.8249999999888,-22.5588882805711,16.0000003099442));
#9627=CARTESIAN_POINT('',(-12.8249999999917,-7.43297494369739,14.9738059163094));
#9628=CARTESIAN_POINT('',(-12.8249999999893,-7.43297494369739,8.0000001549721));
#9629=CARTESIAN_POINT('',(-12.8249999999917,-9.27272833305592,14.9738059163094));
#9630=CARTESIAN_POINT('',(-12.8249999999889,-19.993402743519,14.9738059163094));
#9631=CARTESIAN_POINT('',(-12.8249999999917,-9.27272833305592,10.0000000715256));
#9632=CARTESIAN_POINT('',(-12.8249999999893,-9.27272833305592,7.4869029581547));
#9633=CARTESIAN_POINT('',(-12.8249999999889,-20.9132794381982,10.0000000715256));
#9634=CARTESIAN_POINT('',(-12.8249999999888,-24.3621566554077,16.));
#9635=CARTESIAN_POINT('',(-12.8249999999889,-20.7455044312708,16.));
#9636=CARTESIAN_POINT('',(-12.8249999999886,-28.1751508868995,16.));
#9637=CARTESIAN_POINT('',(-12.8249999999889,-20.149667487305,15.4041630560343));
#9638=CARTESIAN_POINT('',(-12.8249999999889,-19.8390073155255,15.0935028842547));
#9639=CARTESIAN_POINT('',(-12.8249999999888,-24.9579935993732,15.4041630560345));
#9640=CARTESIAN_POINT('Origin',(-12.8249999999888,-22.5538305433392,13.));
#9641=CARTESIAN_POINT('',(-12.8249999999886,-30.7079935993742,9.6541630560351));
#9642=CARTESIAN_POINT('',(-12.8249999999902,20.7455044312708,16.));
#9643=CARTESIAN_POINT('',(-12.8249999999903,24.3621566554077,16.));
#9644=CARTESIAN_POINT('',(-12.8249999999894,-5.62132034356025,16.));
#9645=CARTESIAN_POINT('',(-12.8249999999904,24.9579935993733,15.4041630560346));
#9646=CARTESIAN_POINT('',(-12.82499999999,13.9917384994796,26.3704181559254));
#9647=CARTESIAN_POINT('',(-12.8249999999902,20.149667487305,15.4041630560343));
#9648=CARTESIAN_POINT('Origin',(-12.8249999999903,22.5538305433392,13.));
#9649=CARTESIAN_POINT('',(-12.8249999999897,3.12275221563511,-1.62275221563571));
#9650=CARTESIAN_POINT('Origin',(-11.8249999999894,-4.60939754870105,0.));
#9651=CARTESIAN_POINT('',(-11.2189567847265,-5.40482926873355,0.));
#9652=CARTESIAN_POINT('',(-11.2189567847266,-5.40482926873355,0.));
#9653=CARTESIAN_POINT('Origin',(-11.8249999999894,-4.60939754870105,0.));
#9654=CARTESIAN_POINT('Origin',(-3.50368733823996,0.473471261922911,0.));
#9655=CARTESIAN_POINT('',(-3.50368733823996,0.473471261922912,0.));
#9656=CARTESIAN_POINT('',(-3.50368733823996,0.473471261922912,0.));
#9657=CARTESIAN_POINT('',(-2.97315846504428,0.87768373673867,0.));
#9658=CARTESIAN_POINT('Origin',(-11.8249999999891,-13.4096500703302,0.));
#9659=CARTESIAN_POINT('',(-12.431043215252,-12.6142183502977,0.));
#9660=CARTESIAN_POINT('Origin',(-11.8249999999891,-13.4096500703302,0.));
#9661=CARTESIAN_POINT('',(-12.431043215252,-12.6142183502977,0.));
#9662=CARTESIAN_POINT('Origin',(-20.6249999999919,20.4458292592413,13.579004484411));
#9663=CARTESIAN_POINT('',(-20.824999999992,21.2839820623557,14.7));
#9664=CARTESIAN_POINT('',(-20.424999999992,21.8496674873049,14.7));
#9665=CARTESIAN_POINT('',(-20.5239421955876,21.7097420924027,14.7));
#9666=CARTESIAN_POINT('',(-20.424999999992,21.3517490153221,14.2020815280171));
#9667=CARTESIAN_POINT('',(-20.424999999992,20.5872506154787,13.4375831281737));
#9668=CARTESIAN_POINT('',(-20.824999999992,21.0689063028474,14.4849242404917));
#9669=CARTESIAN_POINT('',(-20.424999999992,21.3517490153221,14.2020815280171));
#9670=CARTESIAN_POINT('',(-20.8249999999919,20.304407903004,13.7204258406483));
#9671=CARTESIAN_POINT('Origin',(-20.6249999999927,22.5538305433392,13.));
#9672=CARTESIAN_POINT('',(-20.4249999999933,23.7559120713563,14.2020815280171));
#9673=CARTESIAN_POINT('',(-20.8249999999922,24.0387547838309,14.4849242404918));
#9674=CARTESIAN_POINT('',(-20.4249999999933,23.7559120713563,14.2020815280171));
#9675=CARTESIAN_POINT('Origin',(-20.8249999999921,22.5538305433392,13.));
#9676=CARTESIAN_POINT('Origin',(-20.4249999999932,22.5538305433392,13.));
#9677=CARTESIAN_POINT('Origin',(-20.6249999999925,29.3838757917593,8.85696052009003));
#9678=CARTESIAN_POINT('',(-20.4249999999921,23.2579935993735,14.7));
#9679=CARTESIAN_POINT('',(-20.8249999999922,23.8236790243228,14.7));
#9680=CARTESIAN_POINT('',(-21.9688842796541,25.4413756864061,14.7));
#9681=CARTESIAN_POINT('',(-20.8249999999925,29.5252971479966,8.99838187632736));
#9682=CARTESIAN_POINT('',(-20.4249999999925,29.242454435522,8.7155391638527));
#9683=CARTESIAN_POINT('Origin',(-20.8249999999917,23.7559120713564,14.2020815280172));
#9684=CARTESIAN_POINT('',(-15.8249999999917,23.7559120713563,14.2020815280171));
#9685=CARTESIAN_POINT('',(-20.8249999999917,23.7559120713563,14.2020815280171));
#9686=CARTESIAN_POINT('',(-15.8249999999917,23.2579935993735,14.7));
#9687=CARTESIAN_POINT('',(-15.8249999999917,23.7559120713563,14.2020815280172));
#9688=CARTESIAN_POINT('',(-20.8249999999917,23.2579935993735,14.7));
#9689=CARTESIAN_POINT('Origin',(-20.8249999999917,22.5538305433392,13.));
#9690=CARTESIAN_POINT('',(-15.8249999999917,21.3517490153221,14.2020815280171));
#9691=CARTESIAN_POINT('',(-20.8249999999917,21.3517490153221,14.2020815280171));
#9692=CARTESIAN_POINT('Origin',(-15.8249999999917,22.5538305433392,13.));
#9693=CARTESIAN_POINT('Origin',(-20.8249999999917,21.8496674873049,14.7));
#9694=CARTESIAN_POINT('',(-15.8249999999917,21.8496674873049,14.7));
#9695=CARTESIAN_POINT('',(-20.8249999999917,21.8496674873049,14.7));
#9696=CARTESIAN_POINT('',(-15.8249999999917,21.6007082513135,14.4510407640086));
#9697=CARTESIAN_POINT('Origin',(-20.6249999999898,-13.3849165557646,24.8559197560815));
#9698=CARTESIAN_POINT('',(-20.8249999999891,-23.8236790243228,14.7));
#9699=CARTESIAN_POINT('',(-20.4249999999891,-23.2579935993735,14.7));
#9700=CARTESIAN_POINT('',(-17.8659477757635,-19.6389472370519,14.7));
#9701=CARTESIAN_POINT('',(-20.4249999999891,-23.7559120713565,14.202081528017));
#9702=CARTESIAN_POINT('',(-20.4249999999898,-13.2434951995273,24.7144983998441));
#9703=CARTESIAN_POINT('',(-20.8249999999891,-24.0387547838311,14.4849242404917));
#9704=CARTESIAN_POINT('',(-20.4249999999891,-23.7559120713565,14.202081528017));
#9705=CARTESIAN_POINT('',(-20.8249999999897,-13.5263379120019,24.9973411123188));
#9706=CARTESIAN_POINT('Origin',(-20.6249999999927,-22.5538305433392,13.));
#9707=CARTESIAN_POINT('',(-20.4249999999962,-21.3517490153221,14.2020815280171));
#9708=CARTESIAN_POINT('',(-20.8249999999893,-21.0689063028475,14.4849242404918));
#9709=CARTESIAN_POINT('',(-20.4249999999962,-21.3517490153221,14.2020815280171));
#9710=CARTESIAN_POINT('Origin',(-20.8249999999892,-22.5538305433392,13.));
#9711=CARTESIAN_POINT('Origin',(-20.4249999999962,-22.5538305433392,13.));
#9712=CARTESIAN_POINT('Origin',(-20.6249999999903,-4.44687002325019,-2.41995475158043));
#9713=CARTESIAN_POINT('',(-20.4249999999892,-21.8496674873049,14.7));
#9714=CARTESIAN_POINT('',(-20.8249999999892,-21.2839820623557,14.7));
#9715=CARTESIAN_POINT('',(-24.626878699473,-15.9073136430489,14.7));
#9716=CARTESIAN_POINT('',(-20.8249999999903,-4.30544866701289,-2.27853339534311));
#9717=CARTESIAN_POINT('',(-20.4249999999903,-4.58829137948749,-2.56137610781774));
#9718=CARTESIAN_POINT('Origin',(-20.8249999999917,-21.3517490153221,14.2020815280171));
#9719=CARTESIAN_POINT('',(-15.8249999999917,-21.3517490153221,14.2020815280171));
#9720=CARTESIAN_POINT('',(-20.8249999999917,-21.3517490153221,14.2020815280171));
#9721=CARTESIAN_POINT('',(-15.8249999999917,-21.8496674873049,14.7));
#9722=CARTESIAN_POINT('',(-15.8249999999917,-21.3517490153221,14.2020815280171));
#9723=CARTESIAN_POINT('',(-20.8249999999917,-21.8496674873049,14.7));
#9724=CARTESIAN_POINT('Origin',(-20.8249999999917,-22.5538305433392,13.));
#9725=CARTESIAN_POINT('',(-15.8249999999917,-23.7559120713565,14.202081528017));
#9726=CARTESIAN_POINT('',(-20.8249999999917,-23.7559120713565,14.202081528017));
#9727=CARTESIAN_POINT('Origin',(-15.8249999999917,-22.5538305433392,13.));
#9728=CARTESIAN_POINT('Origin',(-20.8249999999917,-23.2579935993735,14.7));
#9729=CARTESIAN_POINT('',(-15.8249999999917,-23.2579935993735,14.7));
#9730=CARTESIAN_POINT('',(-20.8249999999917,-23.2579935993735,14.7));
#9731=CARTESIAN_POINT('',(-15.8249999999917,-23.5069528353649,14.4510407640087));
#9732=CARTESIAN_POINT('Origin',(-20.6249999999892,-21.8989515512681,34.3720362795978));
#9733=CARTESIAN_POINT('',(-20.8249999999886,-30.3881451183913,25.6));
#9734=CARTESIAN_POINT('',(-20.8249999999886,-30.8065217367987,25.1816233815926));
#9735=CARTESIAN_POINT('',(-20.8249999999892,-21.7575301950308,34.2306149233605));
#9736=CARTESIAN_POINT('',(-20.4249999999886,-31.0893644492733,25.4644660940673));
#9737=CARTESIAN_POINT('',(-20.8249999999886,-30.8065217367987,25.1816233815926));
#9738=CARTESIAN_POINT('',(-20.4249999999886,-30.5538305433405,26.));
#9739=CARTESIAN_POINT('',(-20.4249999999892,-22.0403729075054,34.5134576358351));
#9740=CARTESIAN_POINT('',(-20.4249999999886,-30.5538305433405,26.));
#9741=CARTESIAN_POINT('Origin',(-20.6249999999916,15.4865423641647,25.8));
#9742=CARTESIAN_POINT('',(-20.4249999999925,29.5,26.));
#9743=CARTESIAN_POINT('',(-20.4249999999916,15.4865423641647,26.));
#9744=CARTESIAN_POINT('',(-20.8249999999925,29.3343145750507,25.6));
#9745=CARTESIAN_POINT('',(-20.4249999999925,29.5,26.));
#9746=CARTESIAN_POINT('',(-20.8249999999916,15.4865423641647,25.6));
#9747=CARTESIAN_POINT('Origin',(-20.6249999999926,30.3585786437625,1.14142135623716));
#9748=CARTESIAN_POINT('',(-20.4249999999925,29.5,0.));
#9749=CARTESIAN_POINT('',(-20.8249999999925,28.9343145750507,0.));
#9750=CARTESIAN_POINT('',(-25.4062928751684,22.4553880577733,0.));
#9751=CARTESIAN_POINT('',(-20.8249999999925,29.7526911934581,0.818376618407345));
#9752=CARTESIAN_POINT('',(-20.8249999999926,30.2171572875252,1.28284271247446));
#9753=CARTESIAN_POINT('',(-20.4249999999926,30.0355339059327,0.535533905932735));
#9754=CARTESIAN_POINT('',(-20.8249999999925,29.7526911934581,0.818376618407345));
#9755=CARTESIAN_POINT('',(-20.4249999999926,30.4999999999998,0.999999999999857));
#9756=CARTESIAN_POINT('Origin',(-20.6249999999925,26.5,4.07106781186548));
#9757=CARTESIAN_POINT('',(-20.8249999999926,31.1,4.07106781186548));
#9758=CARTESIAN_POINT('',(-20.424999999993,31.5,4.07106781186548));
#9759=CARTESIAN_POINT('',(-20.8249999999926,31.1,4.07106781186548));
#9760=CARTESIAN_POINT('Origin',(-20.4249999999927,26.5,4.07106781186548));
#9761=CARTESIAN_POINT('Origin',(-20.8249999999923,26.5,4.07106781186548));
#9762=CARTESIAN_POINT('Origin',(-20.6249999999926,31.3,0.));
#9763=CARTESIAN_POINT('',(-20.8249999999926,31.1,21.9289321881345));
#9764=CARTESIAN_POINT('',(-20.4249999999927,31.5,21.9289321881345));
#9765=CARTESIAN_POINT('',(-20.8249999999926,31.1,21.9289321881345));
#9766=CARTESIAN_POINT('',(-20.4249999999927,31.5,0.));
#9767=CARTESIAN_POINT('',(-20.8249999999926,31.1,0.));
#9768=CARTESIAN_POINT('Origin',(-20.6249999999925,26.5,21.9289321881345));
#9769=CARTESIAN_POINT('',(-20.8249999999925,29.7526911934581,25.1816233815927));
#9770=CARTESIAN_POINT('',(-20.4249999999929,30.0355339059327,25.4644660940673));
#9771=CARTESIAN_POINT('',(-20.8249999999925,29.7526911934581,25.1816233815927));
#9772=CARTESIAN_POINT('Origin',(-20.4249999999927,26.5,21.9289321881345));
#9773=CARTESIAN_POINT('Origin',(-20.8249999999923,26.5,21.9289321881345));
#9774=CARTESIAN_POINT('Origin',(-20.624999999993,36.8585786437626,18.3585786437628));
#9775=CARTESIAN_POINT('',(-20.424999999993,36.9999999999999,18.5000000000001));
#9776=CARTESIAN_POINT('',(-20.824999999993,36.7171572875253,18.2171572875255));
#9777=CARTESIAN_POINT('Origin',(-20.6249999999928,-27.5538305433406,21.9289321881345));
#9778=CARTESIAN_POINT('',(-20.8249999999885,-32.1538305433406,21.9289321881345));
#9779=CARTESIAN_POINT('',(-20.4249999999965,-32.5538305433406,21.9289321881345));
#9780=CARTESIAN_POINT('',(-20.8249999999885,-32.1538305433406,21.9289321881345));
#9781=CARTESIAN_POINT('Origin',(-20.4249999999968,-27.5538305433406,21.9289321881345));
#9782=CARTESIAN_POINT('Origin',(-20.8249999999888,-27.5538305433406,21.9289321881345));
#9783=CARTESIAN_POINT('Origin',(-20.6249999999885,-32.3538305433405,0.));
#9784=CARTESIAN_POINT('',(-20.8249999999885,-32.1538305433406,4.07106781186548));
#9785=CARTESIAN_POINT('',(-20.8249999999885,-32.1538305433406,0.));
#9786=CARTESIAN_POINT('',(-20.4249999999885,-32.5538305433406,4.07106781186548));
#9787=CARTESIAN_POINT('',(-20.8249999999885,-32.1538305433406,4.07106781186548));
#9788=CARTESIAN_POINT('',(-20.4249999999885,-32.5538305433406,0.));
#9789=CARTESIAN_POINT('Origin',(-20.6249999999928,-27.5538305433406,4.07106781186548));
#9790=CARTESIAN_POINT('',(-20.8249999999886,-30.8065217367987,0.818376618407373));
#9791=CARTESIAN_POINT('',(-20.4249999999966,-31.0893644492733,0.535533905932735));
#9792=CARTESIAN_POINT('',(-20.8249999999886,-30.8065217367987,0.818376618407373));
#9793=CARTESIAN_POINT('Origin',(-20.4249999999968,-27.5538305433406,4.07106781186548));
#9794=CARTESIAN_POINT('Origin',(-20.8249999999888,-27.5538305433406,4.07106781186548));
#9795=CARTESIAN_POINT('Origin',(-20.6249999999896,-15.3989515512682,-14.8720362795977));
#9796=CARTESIAN_POINT('',(-20.8249999999887,-29.9881451183913,0.));
#9797=CARTESIAN_POINT('',(-20.4249999999886,-30.5538305433405,0.));
#9798=CARTESIAN_POINT('',(-29.1807010366795,-18.1713993891695,0.));
#9799=CARTESIAN_POINT('',(-20.4249999999896,-15.5403729075055,-15.0134576358351));
#9800=CARTESIAN_POINT('',(-20.8249999999896,-15.2575301950309,-14.7306149233604));
#9801=CARTESIAN_POINT('Origin',(-10.8437499999935,30.5,1.));
#9802=CARTESIAN_POINT('',(-13.2249999999868,30.0355339059327,0.535533905932735));
#9803=CARTESIAN_POINT('',(-11.834374999992,30.0355339059327,0.535533905932735));
#9804=CARTESIAN_POINT('',(-13.2249999999905,29.5,0.));
#9805=CARTESIAN_POINT('',(-13.22499999999,14.4865423641648,-15.0134576358352));
#9806=CARTESIAN_POINT('',(-10.8437499999935,29.5,0.));
#9807=CARTESIAN_POINT('Origin',(-11.834374999992,26.5,4.07106781186548));
#9808=CARTESIAN_POINT('',(-13.2249999999906,31.5,4.07106781186548));
#9809=CARTESIAN_POINT('',(-11.834374999992,31.5,4.07106781186548));
#9810=CARTESIAN_POINT('Origin',(-13.2249999999867,26.5,4.07106781186548));
#9811=CARTESIAN_POINT('Origin',(-12.8249999999906,31.5,0.));
#9812=CARTESIAN_POINT('',(-13.2249999999868,31.5,21.9289321881345));
#9813=CARTESIAN_POINT('',(-13.8249999999906,31.5,21.9289321881345));
#9814=CARTESIAN_POINT('',(-13.2249999999906,31.5,0.));
#9815=CARTESIAN_POINT('Origin',(-13.8249999999906,26.5,21.9289321881345));
#9816=CARTESIAN_POINT('',(-13.2249999999905,30.0355339059327,25.4644660940673));
#9817=CARTESIAN_POINT('',(-13.8249999999906,30.0355339059327,25.4644660940673));
#9818=CARTESIAN_POINT('Origin',(-13.2249999999867,26.5,21.9289321881345));
#9819=CARTESIAN_POINT('Origin',(-14.8249999999906,30.5,25.));
#9820=CARTESIAN_POINT('',(-13.2249999999905,29.5,26.));
#9821=CARTESIAN_POINT('',(-14.8249999999906,29.5,26.));
#9822=CARTESIAN_POINT('',(-13.2249999999902,20.9865423641649,34.5134576358351));
#9823=CARTESIAN_POINT('Origin',(-16.8249999999906,-0.526915271670281,26.));
#9824=CARTESIAN_POINT('',(-13.2249999999886,-30.5538305433406,26.));
#9825=CARTESIAN_POINT('',(-18.8249999999896,-30.5538305433405,26.));
#9826=CARTESIAN_POINT('',(-13.224999999989,-16.5403729075054,26.));
#9827=CARTESIAN_POINT('Origin',(-18.8249999999896,-31.5538305433406,25.));
#9828=CARTESIAN_POINT('',(-13.2249999999884,-31.0893644492733,25.4644660940673));
#9829=CARTESIAN_POINT('',(-19.824999999989,-31.0893644492733,25.4644660940673));
#9830=CARTESIAN_POINT('',(-13.2249999999883,-38.0538305433405,18.5));
#9831=CARTESIAN_POINT('Origin',(-19.824999999989,-27.5538305433406,21.9289321881345));
#9832=CARTESIAN_POINT('',(-13.2249999999885,-32.5538305433406,21.9289321881345));
#9833=CARTESIAN_POINT('',(-19.824999999989,-32.5538305433406,21.9289321881345));
#9834=CARTESIAN_POINT('Origin',(-13.2249999999885,-27.5538305433406,21.9289321881345));
#9835=CARTESIAN_POINT('Origin',(-20.8249999999885,-32.5538305433406,0.));
#9836=CARTESIAN_POINT('',(-13.2249999999883,-32.5538305433406,4.07106781186548));
#9837=CARTESIAN_POINT('',(-17.8343749999905,-32.5538305433406,4.07106781186548));
#9838=CARTESIAN_POINT('',(-13.2249999999885,-32.5538305433406,0.));
#9839=CARTESIAN_POINT('Origin',(-17.8343749999905,-27.5538305433406,4.07106781186548));
#9840=CARTESIAN_POINT('',(-13.2249999999886,-31.0893644492733,0.535533905932735));
#9841=CARTESIAN_POINT('',(-17.8343749999905,-31.0893644492733,0.535533905932735));
#9842=CARTESIAN_POINT('Origin',(-13.2249999999885,-27.5538305433406,4.07106781186548));
#9843=CARTESIAN_POINT('Origin',(-14.8437499999924,-31.5538305433406,1.));
#9844=CARTESIAN_POINT('',(-13.2249999999886,-30.5538305433406,0.));
#9845=CARTESIAN_POINT('',(-14.8437499999924,-30.5538305433406,0.));
#9846=CARTESIAN_POINT('',(-13.2249999999885,-31.5538305433405,0.999999999999991));
#9847=CARTESIAN_POINT('Origin',(-13.0249999999902,20.8451210079276,34.3720362795978));
#9848=CARTESIAN_POINT('',(-12.8249999999905,29.7526911934581,25.1816233815926));
#9849=CARTESIAN_POINT('',(-13.2249999999905,29.5,26.));
#9850=CARTESIAN_POINT('Origin',(-13.0249999999885,26.5,21.9289321881345));
#9851=CARTESIAN_POINT('',(-12.8249999999906,31.1,21.9289321881345));
#9852=CARTESIAN_POINT('Origin',(-13.0249999999906,31.3,0.));
#9853=CARTESIAN_POINT('',(-12.8249999999906,31.1,4.07106781186548));
#9854=CARTESIAN_POINT('Origin',(-13.0249999999885,26.5,4.07106781186548));
#9855=CARTESIAN_POINT('',(-12.8249999999905,29.7526911934581,0.818376618407359));
#9856=CARTESIAN_POINT('Origin',(-13.02499999999,14.3451210079275,-14.8720362795979));
#9857=CARTESIAN_POINT('',(-1.81513229663515,13.364010349033,0.));
#9858=CARTESIAN_POINT('Origin',(-13.024999999989,-16.5403729075054,25.8));
#9859=CARTESIAN_POINT('',(-13.2249999999886,-30.5538305433406,26.));
#9860=CARTESIAN_POINT('Origin',(-13.0249999999885,-31.4124091871032,1.1414213562373));
#9861=CARTESIAN_POINT('',(-5.58954045814823,-19.7556601043183,0.));
#9862=CARTESIAN_POINT('',(-12.8249999999886,-30.8065217367987,0.818376618407355));
#9863=CARTESIAN_POINT('Origin',(-13.0249999999886,-27.5538305433405,4.07106781186548));
#9864=CARTESIAN_POINT('',(-12.8249999999885,-32.1538305433406,4.07106781186548));
#9865=CARTESIAN_POINT('Origin',(-13.0249999999885,-32.3538305433405,0.));
#9866=CARTESIAN_POINT('',(-12.8249999999885,-32.1538305433406,21.9289321881345));
#9867=CARTESIAN_POINT('Origin',(-13.0249999999886,-27.5538305433405,21.9289321881345));
#9868=CARTESIAN_POINT('',(-12.8249999999886,-30.8065217367987,25.1816233815927));
#9869=CARTESIAN_POINT('Origin',(-13.0249999999883,-37.9124091871032,18.3585786437627));
#9870=CARTESIAN_POINT('Origin',(-8.86249999999633,-0.526915271670281,0.));
#9871=CARTESIAN_POINT('',(-9.79478392367504,-10.6056398424296,0.));
#9872=CARTESIAN_POINT('',(-20.8249999999885,-32.5538305433406,0.));
#9873=CARTESIAN_POINT('',(-8.87768373673866,7.52684153495572,0.));
#9874=CARTESIAN_POINT('',(-9.83303027798234,8.,0.));
#9875=CARTESIAN_POINT('Origin',(-13.02499999999,13.8503171432423,26.2289967996881));
#9876=CARTESIAN_POINT('',(-13.2249999999903,23.7964712304584,16.));
#9877=CARTESIAN_POINT('',(-16.0551174382161,19.7940807662101,16.));
#9878=CARTESIAN_POINT('',(-13.2249999999904,24.6751508868986,15.1213203435598));
#9879=CARTESIAN_POINT('',(-13.22499999999,13.708895787005,26.0875754434508));
#9880=CARTESIAN_POINT('',(-13.2249999999904,24.6751508868986,15.1213203435598));
#9881=CARTESIAN_POINT('Origin',(-13.0249999999885,22.5538305433392,13.));
#9882=CARTESIAN_POINT('',(-13.2249999999867,20.4325101997796,15.1213203435597));
#9883=CARTESIAN_POINT('',(-13.2249999999867,20.4325101997796,15.1213203435597));
#9884=CARTESIAN_POINT('Origin',(-13.2249999999867,22.5538305433392,13.));
#9885=CARTESIAN_POINT('Origin',(-13.0249999999897,3.26417357187242,-1.76417357187303));
#9886=CARTESIAN_POINT('',(-13.2249999999902,21.31118985622,16.));
#9887=CARTESIAN_POINT('',(-8.87127746837492,15.1540964052005,16.));
#9888=CARTESIAN_POINT('',(-13.2249999999897,3.40559492810973,-1.90559492811034));
#9889=CARTESIAN_POINT('Origin',(-12.8249999999917,20.4325101997797,15.1213203435596));
#9890=CARTESIAN_POINT('',(-15.8249999999917,20.4325101997796,15.1213203435597));
#9891=CARTESIAN_POINT('',(-12.8249999999917,20.4325101997796,15.1213203435597));
#9892=CARTESIAN_POINT('',(-15.8249999999917,21.31118985622,16.));
#9893=CARTESIAN_POINT('',(-15.8249999999917,20.4325101997797,15.1213203435596));
#9894=CARTESIAN_POINT('',(-12.8249999999917,21.31118985622,16.));
#9895=CARTESIAN_POINT('Origin',(-12.8249999999917,22.5538305433392,13.));
#9896=CARTESIAN_POINT('',(-15.8249999999917,24.6751508868986,15.1213203435598));
#9897=CARTESIAN_POINT('',(-12.8249999999917,24.6751508868986,15.1213203435598));
#9898=CARTESIAN_POINT('Origin',(-15.8249999999917,22.5538305433392,13.));
#9899=CARTESIAN_POINT('Origin',(-12.8249999999917,23.7964712304584,16.));
#9900=CARTESIAN_POINT('',(-15.8249999999917,23.7964712304584,16.));
#9901=CARTESIAN_POINT('',(-12.8249999999917,23.7964712304584,16.));
#9902=CARTESIAN_POINT('',(-15.8249999999917,24.6751508868987,15.1213203435599));
#9903=CARTESIAN_POINT('Origin',(-13.0249999999889,-19.9804286717628,14.9520815280174));
#9904=CARTESIAN_POINT('',(-13.2249999999889,-21.31118985622,16.));
#9905=CARTESIAN_POINT('',(-13.397123018393,-21.5546085632438,16.));
#9906=CARTESIAN_POINT('',(-13.2249999999889,-20.4325101997797,15.1213203435596));
#9907=CARTESIAN_POINT('',(-13.2249999999889,-20.1218500280002,14.8106601717801));
#9908=CARTESIAN_POINT('',(-13.2249999999889,-20.4325101997797,15.1213203435596));
#9909=CARTESIAN_POINT('Origin',(-13.0249999999885,-22.5538305433392,13.));
#9910=CARTESIAN_POINT('',(-13.2249999999881,-24.6751508868987,15.1213203435599));
#9911=CARTESIAN_POINT('',(-13.2249999999881,-24.6751508868987,15.1213203435599));
#9912=CARTESIAN_POINT('Origin',(-13.2249999999882,-22.5538305433392,13.));
#9913=CARTESIAN_POINT('Origin',(-13.0249999999886,-30.566572243137,9.51274169979777));
#9914=CARTESIAN_POINT('',(-13.2249999999888,-23.7964712304584,16.));
#9915=CARTESIAN_POINT('',(-11.529271888195,-26.1945929242547,16.));
#9916=CARTESIAN_POINT('',(-13.2249999999886,-30.4251508868997,9.37132034356044));
#9917=CARTESIAN_POINT('Origin',(-12.8249999999917,-24.6751508868987,15.1213203435599));
#9918=CARTESIAN_POINT('',(-15.8249999999917,-24.6751508868987,15.1213203435599));
#9919=CARTESIAN_POINT('',(-12.8249999999917,-24.6751508868987,15.1213203435599));
#9920=CARTESIAN_POINT('',(-15.8249999999917,-23.7964712304584,16.));
#9921=CARTESIAN_POINT('',(-15.8249999999917,-24.6751508868987,15.1213203435599));
#9922=CARTESIAN_POINT('',(-12.8249999999917,-23.7964712304584,16.));
#9923=CARTESIAN_POINT('Origin',(-12.8249999999917,-22.5538305433392,13.));
#9924=CARTESIAN_POINT('',(-15.8249999999917,-20.4325101997797,15.1213203435596));
#9925=CARTESIAN_POINT('',(-12.8249999999917,-20.4325101997797,15.1213203435596));
#9926=CARTESIAN_POINT('Origin',(-15.8249999999917,-22.5538305433392,13.));
#9927=CARTESIAN_POINT('Origin',(-12.8249999999917,-21.31118985622,16.));
#9928=CARTESIAN_POINT('',(-15.8249999999917,-21.31118985622,16.));
#9929=CARTESIAN_POINT('',(-12.8249999999917,-21.31118985622,16.));
#9930=CARTESIAN_POINT('',(-15.8249999999917,-20.4325101997797,15.1213203435596));
#9931=CARTESIAN_POINT('Origin',(-20.8249999999917,-13.3538305433392,11.025));
#9932=CARTESIAN_POINT('',(-20.8249999999897,-14.5538305433392,16.95));
#9933=CARTESIAN_POINT('Origin',(-20.8249999999917,-13.3538305433392,16.9499999999981));
#9934=CARTESIAN_POINT('',(-20.8249999999897,-14.5538305433392,9.05));
#9935=CARTESIAN_POINT('Origin',(-20.8249999999917,-13.3538305433392,9.0500000000019));
#9936=CARTESIAN_POINT('',(-20.8249999999897,-14.5538305433392,4.525));
#9937=CARTESIAN_POINT('Origin',(-20.8249999999917,19.5538305433392,9.04999999999984));
#9938=CARTESIAN_POINT('',(-20.8249999999916,14.5538305433392,9.05));
#9939=CARTESIAN_POINT('Origin',(-20.8249999999917,13.3538305433392,9.05000000000017));
#9940=CARTESIAN_POINT('',(-20.8249999999923,25.5269152716696,9.05));
#9941=CARTESIAN_POINT('Origin',(-22.0249999999917,4.44089209850063E-15,
13.));
#9942=CARTESIAN_POINT('Origin',(-20.8249999999917,13.3538305433392,14.975));
#9943=CARTESIAN_POINT('',(-20.8249999999916,14.5538305433392,16.95));
#9944=CARTESIAN_POINT('Origin',(-20.8249999999917,13.3538305433392,16.9499999999998));
#9945=CARTESIAN_POINT('',(-20.8249999999916,14.5538305433392,8.475));
#9946=CARTESIAN_POINT('Origin',(-20.824999999991,-19.5538305433392,16.9499999999984));
#9947=CARTESIAN_POINT('',(-20.824999999991,5.9730847283304,16.95));
#9948=CARTESIAN_POINT('Origin',(-12.8249999999917,-10.7149473519921,10.0000000715256));
#9949=CARTESIAN_POINT('',(-13.6249999999917,-10.7149473519921,10.0000000715256));
#9950=CARTESIAN_POINT('',(-12.8249999999917,-10.7149473519921,10.0000000715256));
#9951=CARTESIAN_POINT('',(-13.6249999999917,-10.7149473519921,14.9738059163094));
#9952=CARTESIAN_POINT('',(-13.6249999999917,-10.7149473519921,10.0000000715256));
#9953=CARTESIAN_POINT('',(-12.8249999999917,-10.7149473519921,14.9738059163094));
#9954=CARTESIAN_POINT('Origin',(-12.8249999999917,-9.27272833305592,10.0000000715256));
#9955=CARTESIAN_POINT('',(-13.6249999999917,-9.27272833305592,10.0000000715256));
#9956=CARTESIAN_POINT('',(-12.8249999999917,-9.27272833305592,10.0000000715256));
#9957=CARTESIAN_POINT('',(-13.6249999999917,-9.27272833305592,10.0000000715256));
#9958=CARTESIAN_POINT('Origin',(-12.8249999999917,-9.27272833305592,14.9738059163094));
#9959=CARTESIAN_POINT('',(-13.6249999999917,-9.27272833305592,14.9738059163094));
#9960=CARTESIAN_POINT('',(-12.8249999999917,-9.27272833305592,14.9738059163094));
#9961=CARTESIAN_POINT('',(-13.6249999999917,-9.27272833305592,14.9738059163094));
#9962=CARTESIAN_POINT('Origin',(-12.8249999999917,-7.43297494369739,14.9738059163094));
#9963=CARTESIAN_POINT('',(-13.6249999999917,-7.43297494369739,14.9738059163094));
#9964=CARTESIAN_POINT('',(-12.8249999999917,-7.43297494369739,14.9738059163094));
#9965=CARTESIAN_POINT('',(-13.6249999999917,-7.43297494369739,14.9738059163094));
#9966=CARTESIAN_POINT('Origin',(-12.8249999999917,-7.43297494369739,16.0000003099442));
#9967=CARTESIAN_POINT('',(-13.6249999999917,-7.43297494369739,16.0000003099442));
#9968=CARTESIAN_POINT('',(-12.8249999999917,-7.43297494369739,16.0000003099442));
#9969=CARTESIAN_POINT('',(-13.6249999999917,-7.43297494369739,16.0000003099442));
#9970=CARTESIAN_POINT('Origin',(-12.8249999999917,-12.5639460178017,16.0000003099442));
#9971=CARTESIAN_POINT('',(-13.6249999999917,-12.5639460178017,16.0000003099442));
#9972=CARTESIAN_POINT('',(-12.8249999999917,-12.5639460178017,16.0000003099442));
#9973=CARTESIAN_POINT('',(-13.6249999999917,-12.5639460178017,16.0000003099442));
#9974=CARTESIAN_POINT('Origin',(-12.8249999999917,-12.5639460178017,14.9738059163094));
#9975=CARTESIAN_POINT('',(-13.6249999999917,-12.5639460178017,14.9738059163094));
#9976=CARTESIAN_POINT('',(-12.8249999999917,-12.5639460178017,14.9738059163094));
#9977=CARTESIAN_POINT('',(-13.6249999999917,-12.5639460178017,14.9738059163094));
#9978=CARTESIAN_POINT('Origin',(-12.8249999999917,-10.7149473519921,14.9738059163094));
#9979=CARTESIAN_POINT('',(-13.6249999999917,-10.7149473519921,14.9738059163094));
#9980=CARTESIAN_POINT('Origin',(-13.6249999999916,-1.43229903493136E-7,
13.0000004887581));
#9981=CARTESIAN_POINT('Origin',(-12.8249999999917,14.533128371656,13.5593224287034));
#9982=CARTESIAN_POINT('',(-12.8249999999917,14.533128371656,13.5593224287033));
#9983=CARTESIAN_POINT('',(-12.8249999999917,15.5223437456489,13.5593224287034));
#9984=CARTESIAN_POINT('',(-12.8249999999893,-9.01035108584228,13.5593224287034));
#9985=CARTESIAN_POINT('',(-13.6249999999917,14.533128371656,13.5593224287033));
#9986=CARTESIAN_POINT('',(-12.8249999999917,14.533128371656,13.5593224287033));
#9987=CARTESIAN_POINT('',(-13.6249999999917,15.5223437456489,13.5593224287033));
#9988=CARTESIAN_POINT('',(-13.6249999999917,14.533128371656,13.5593224287033));
#9989=CARTESIAN_POINT('',(-12.8249999999917,15.5223437456489,13.5593224287034));
#9990=CARTESIAN_POINT('Origin',(-12.8249999999917,14.533128371656,14.9738059163094));
#9991=CARTESIAN_POINT('',(-12.8249999999917,14.533128371656,14.9738059163094));
#9992=CARTESIAN_POINT('',(-12.82499999999,14.533128371656,7.4869029581547));
#9993=CARTESIAN_POINT('',(-13.6249999999917,14.533128371656,14.9738059163094));
#9994=CARTESIAN_POINT('',(-12.8249999999917,14.533128371656,14.9738059163094));
#9995=CARTESIAN_POINT('',(-13.6249999999917,14.533128371656,14.9738059163094));
#9996=CARTESIAN_POINT('Origin',(-12.8249999999917,15.494608512342,14.9738059163094));
#9997=CARTESIAN_POINT('',(-12.8249999999917,15.494608512342,14.9738059163094));
#9998=CARTESIAN_POINT('',(-12.8249999999893,-8.52961101549926,14.9738059163094));
#9999=CARTESIAN_POINT('',(-13.6249999999917,15.494608512342,14.9738059163094));
#10000=CARTESIAN_POINT('',(-12.8249999999917,15.494608512342,14.9738059163094));
#10001=CARTESIAN_POINT('',(-13.6249999999917,15.494608512342,14.9738059163094));
#10002=CARTESIAN_POINT('Ctrl Pts',(-12.8249999999917,16.0308190492988,14.92758102417));
#10003=CARTESIAN_POINT('Ctrl Pts',(-13.6249999999917,16.0308190492988,14.92758102417));
#10004=CARTESIAN_POINT('Ctrl Pts',(-12.8249999999917,15.9585773254211,14.9409532696795));
#10005=CARTESIAN_POINT('Ctrl Pts',(-13.6249999999917,15.9585773254211,14.9409532696795));
#10006=CARTESIAN_POINT('Ctrl Pts',(-12.8249999999917,15.7815340097418,14.9737247285541));
#10007=CARTESIAN_POINT('Ctrl Pts',(-13.6249999999917,15.7815340097418,14.973724728554));
#10008=CARTESIAN_POINT('Ctrl Pts',(-12.8249999999917,15.6012992775743,14.9737757273446));
#10009=CARTESIAN_POINT('Ctrl Pts',(-13.6249999999917,15.6012992775743,14.9737757273446));
#10010=CARTESIAN_POINT('Ctrl Pts',(-12.8249999999917,15.494608512342,14.9738059163094));
#10011=CARTESIAN_POINT('Ctrl Pts',(-13.6249999999917,15.494608512342,14.9738059163094));
#10012=CARTESIAN_POINT('',(-12.8249999999917,16.0308190492988,14.92758102417));
#10013=CARTESIAN_POINT('Ctrl Pts',(-12.8249999999917,16.0308190492988,14.92758102417));
#10014=CARTESIAN_POINT('Ctrl Pts',(-12.8249999999917,15.9585773254211,14.9409532696795));
#10015=CARTESIAN_POINT('Ctrl Pts',(-12.8249999999917,15.7815340097418,14.9737247285541));
#10016=CARTESIAN_POINT('Ctrl Pts',(-12.8249999999917,15.6012992775743,14.9737757273446));
#10017=CARTESIAN_POINT('Ctrl Pts',(-12.8249999999917,15.494608512342,14.9738059163094));
#10018=CARTESIAN_POINT('',(-13.6249999999917,16.0308190492988,14.92758102417));
#10019=CARTESIAN_POINT('',(-12.8249999999917,16.0308190492988,14.92758102417));
#10020=CARTESIAN_POINT('Ctrl Pts',(-13.6249999999917,16.0308190492988,14.92758102417));
#10021=CARTESIAN_POINT('Ctrl Pts',(-13.6249999999917,15.9585773254211,14.9409532696795));
#10022=CARTESIAN_POINT('Ctrl Pts',(-13.6249999999917,15.7815340097418,14.973724728554));
#10023=CARTESIAN_POINT('Ctrl Pts',(-13.6249999999917,15.6012992775743,14.9737757273446));
#10024=CARTESIAN_POINT('Ctrl Pts',(-13.6249999999917,15.494608512342,14.9738059163094));
#10025=CARTESIAN_POINT('Ctrl Pts',(-12.8249999999917,16.2619420198799,14.7704160928727));
#10026=CARTESIAN_POINT('Ctrl Pts',(-13.6249999999917,16.2619420198799,14.7704160928727));
#10027=CARTESIAN_POINT('Ctrl Pts',(-12.8249999999917,16.2358020664326,14.8053110815018));
#10028=CARTESIAN_POINT('Ctrl Pts',(-13.6249999999917,16.2358020664326,14.8053110815018));
#10029=CARTESIAN_POINT('Ctrl Pts',(-12.8249999999917,16.177220120826,14.8835138346144));
#10030=CARTESIAN_POINT('Ctrl Pts',(-13.6249999999917,16.177220120826,14.8835138346144));
#10031=CARTESIAN_POINT('Ctrl Pts',(-12.8249999999917,16.0829980972633,14.9118749642792));
#10032=CARTESIAN_POINT('Ctrl Pts',(-13.6249999999917,16.0829980972633,14.9118749642792));
#10033=CARTESIAN_POINT('Ctrl Pts',(-12.8249999999917,16.0308190492988,14.92758102417));
#10034=CARTESIAN_POINT('Ctrl Pts',(-13.6249999999917,16.0308190492988,14.92758102417));
#10035=CARTESIAN_POINT('',(-12.8249999999917,16.2619420198799,14.7704160928727));
#10036=CARTESIAN_POINT('Ctrl Pts',(-12.8249999999917,16.2619420198799,14.7704160928727));
#10037=CARTESIAN_POINT('Ctrl Pts',(-12.8249999999917,16.2358020664326,14.8053110815018));
#10038=CARTESIAN_POINT('Ctrl Pts',(-12.8249999999917,16.177220120826,14.8835138346144));
#10039=CARTESIAN_POINT('Ctrl Pts',(-12.8249999999917,16.0829980972633,14.9118749642792));
#10040=CARTESIAN_POINT('Ctrl Pts',(-12.8249999999917,16.0308190492988,14.92758102417));
#10041=CARTESIAN_POINT('',(-13.6249999999917,16.2619420198799,14.7704160928727));
#10042=CARTESIAN_POINT('',(-12.8249999999917,16.2619420198799,14.7704160928727));
#10043=CARTESIAN_POINT('Ctrl Pts',(-13.6249999999917,16.2619420198799,14.7704160928727));
#10044=CARTESIAN_POINT('Ctrl Pts',(-13.6249999999917,16.2358020664326,14.8053110815018));
#10045=CARTESIAN_POINT('Ctrl Pts',(-13.6249999999917,16.177220120826,14.8835138346144));
#10046=CARTESIAN_POINT('Ctrl Pts',(-13.6249999999917,16.0829980972633,14.9118749642792));
#10047=CARTESIAN_POINT('Ctrl Pts',(-13.6249999999917,16.0308190492988,14.92758102417));
#10048=CARTESIAN_POINT('Ctrl Pts',(-12.8249999999917,16.3174124864936,14.4560862302781));
#10049=CARTESIAN_POINT('Ctrl Pts',(-13.6249999999917,16.3174124864936,14.4560862302781));
#10050=CARTESIAN_POINT('Ctrl Pts',(-12.8249999999917,16.3169132608536,14.5185249785611));
#10051=CARTESIAN_POINT('Ctrl Pts',(-13.6249999999917,16.3169132608536,14.5185249785611));
#10052=CARTESIAN_POINT('Ctrl Pts',(-12.8249999999917,16.3160479949079,14.6267448259699));
#10053=CARTESIAN_POINT('Ctrl Pts',(-13.6249999999917,16.3160479949079,14.6267448259699));
#10054=CARTESIAN_POINT('Ctrl Pts',(-12.8249999999917,16.2780265379416,14.7277057806336));
#10055=CARTESIAN_POINT('Ctrl Pts',(-13.6249999999917,16.2780265379416,14.7277057806336));
#10056=CARTESIAN_POINT('Ctrl Pts',(-12.8249999999917,16.2619420198799,14.7704160928727));
#10057=CARTESIAN_POINT('Ctrl Pts',(-13.6249999999917,16.2619420198799,14.7704160928727));
#10058=CARTESIAN_POINT('',(-12.8249999999917,16.3174124864936,14.4560862302781));
#10059=CARTESIAN_POINT('Ctrl Pts',(-12.8249999999917,16.3174124864936,14.4560862302781));
#10060=CARTESIAN_POINT('Ctrl Pts',(-12.8249999999917,16.3169132608536,14.5185249785611));
#10061=CARTESIAN_POINT('Ctrl Pts',(-12.8249999999917,16.3160479949079,14.6267448259699));
#10062=CARTESIAN_POINT('Ctrl Pts',(-12.8249999999917,16.2780265379416,14.7277057806336));
#10063=CARTESIAN_POINT('Ctrl Pts',(-12.8249999999917,16.2619420198799,14.7704160928727));
#10064=CARTESIAN_POINT('',(-13.6249999999917,16.3174124864936,14.4560862302781));
#10065=CARTESIAN_POINT('',(-12.8249999999917,16.3174124864936,14.4560862302781));
#10066=CARTESIAN_POINT('Ctrl Pts',(-13.6249999999917,16.3174124864936,14.4560862302781));
#10067=CARTESIAN_POINT('Ctrl Pts',(-13.6249999999917,16.3169132608536,14.5185249785611));
#10068=CARTESIAN_POINT('Ctrl Pts',(-13.6249999999917,16.3160479949079,14.6267448259699));
#10069=CARTESIAN_POINT('Ctrl Pts',(-13.6249999999917,16.2780265379416,14.7277057806336));
#10070=CARTESIAN_POINT('Ctrl Pts',(-13.6249999999917,16.2619420198799,14.7704160928727));
#10071=CARTESIAN_POINT('Origin',(-12.8249999999917,16.3174124864936,14.1602469205857));
#10072=CARTESIAN_POINT('',(-12.8249999999917,16.3174124864936,14.1602469205857));
#10073=CARTESIAN_POINT('',(-12.8249999999901,16.3174124864936,7.08012346029284));
#10074=CARTESIAN_POINT('',(-13.6249999999917,16.3174124864936,14.1602469205857));
#10075=CARTESIAN_POINT('',(-12.8249999999917,16.3174124864936,14.1602469205857));
#10076=CARTESIAN_POINT('',(-13.6249999999917,16.3174124864936,14.1602469205857));
#10077=CARTESIAN_POINT('Ctrl Pts',(-12.8249999999917,16.2526985315681,13.7904465913773));
#10078=CARTESIAN_POINT('Ctrl Pts',(-13.6249999999917,16.2526985315681,13.7904465913773));
#10079=CARTESIAN_POINT('Ctrl Pts',(-12.8249999999917,16.2714935727184,13.8423379972114));
#10080=CARTESIAN_POINT('Ctrl Pts',(-13.6249999999917,16.2714935727184,13.8423379972114));
#10081=CARTESIAN_POINT('Ctrl Pts',(-12.8249999999917,16.3146551764326,13.9615032747377));
#10082=CARTESIAN_POINT('Ctrl Pts',(-13.6249999999917,16.3146551764326,13.9615032747377));
#10083=CARTESIAN_POINT('Ctrl Pts',(-12.8249999999917,16.3164175510198,14.0885331491677));
#10084=CARTESIAN_POINT('Ctrl Pts',(-13.6249999999917,16.3164175510198,14.0885331491677));
#10085=CARTESIAN_POINT('Ctrl Pts',(-12.8249999999917,16.3174124864936,14.1602469205857));
#10086=CARTESIAN_POINT('Ctrl Pts',(-13.6249999999917,16.3174124864936,14.1602469205857));
#10087=CARTESIAN_POINT('',(-12.8249999999917,16.2526985315681,13.7904465913773));
#10088=CARTESIAN_POINT('Ctrl Pts',(-12.8249999999917,16.2526985315681,13.7904465913773));
#10089=CARTESIAN_POINT('Ctrl Pts',(-12.8249999999917,16.2714935727184,13.8423379972114));
#10090=CARTESIAN_POINT('Ctrl Pts',(-12.8249999999917,16.3146551764326,13.9615032747377));
#10091=CARTESIAN_POINT('Ctrl Pts',(-12.8249999999917,16.3164175510198,14.0885331491677));
#10092=CARTESIAN_POINT('Ctrl Pts',(-12.8249999999917,16.3174124864936,14.1602469205857));
#10093=CARTESIAN_POINT('',(-13.6249999999917,16.2526985315681,13.7904465913773));
#10094=CARTESIAN_POINT('',(-12.8249999999917,16.2526985315681,13.7904465913773));
#10095=CARTESIAN_POINT('Ctrl Pts',(-13.6249999999917,16.2526985315681,13.7904465913773));
#10096=CARTESIAN_POINT('Ctrl Pts',(-13.6249999999917,16.2714935727184,13.8423379972114));
#10097=CARTESIAN_POINT('Ctrl Pts',(-13.6249999999917,16.3146551764326,13.9615032747377));
#10098=CARTESIAN_POINT('Ctrl Pts',(-13.6249999999917,16.3164175510198,14.0885331491677));
#10099=CARTESIAN_POINT('Ctrl Pts',(-13.6249999999917,16.3174124864936,14.1602469205857));
#10100=CARTESIAN_POINT('Ctrl Pts',(-12.8249999999917,16.0308190492988,13.6147917032242));
#10101=CARTESIAN_POINT('Ctrl Pts',(-13.6249999999917,16.0308190492988,13.6147917032242));
#10102=CARTESIAN_POINT('Ctrl Pts',(-12.8249999999917,16.0807455429984,13.6341570038815));
#10103=CARTESIAN_POINT('Ctrl Pts',(-13.6249999999917,16.0807455429984,13.6341570038815));
#10104=CARTESIAN_POINT('Ctrl Pts',(-12.8249999999917,16.1732749044824,13.6700469447123));
#10105=CARTESIAN_POINT('Ctrl Pts',(-13.6249999999917,16.1732749044824,13.6700469447123));
#10106=CARTESIAN_POINT('Ctrl Pts',(-12.8249999999917,16.2276588034291,13.752488435459));
#10107=CARTESIAN_POINT('Ctrl Pts',(-13.6249999999917,16.2276588034291,13.752488435459));
#10108=CARTESIAN_POINT('Ctrl Pts',(-12.8249999999917,16.2526985315681,13.7904465913773));
#10109=CARTESIAN_POINT('Ctrl Pts',(-13.6249999999917,16.2526985315681,13.7904465913773));
#10110=CARTESIAN_POINT('',(-12.8249999999917,16.0308190492988,13.6147917032242));
#10111=CARTESIAN_POINT('Ctrl Pts',(-12.8249999999917,16.0308190492988,13.6147917032242));
#10112=CARTESIAN_POINT('Ctrl Pts',(-12.8249999999917,16.0807455429984,13.6341570038815));
#10113=CARTESIAN_POINT('Ctrl Pts',(-12.8249999999917,16.1732749044824,13.6700469447123));
#10114=CARTESIAN_POINT('Ctrl Pts',(-12.8249999999917,16.2276588034291,13.752488435459));
#10115=CARTESIAN_POINT('Ctrl Pts',(-12.8249999999917,16.2526985315681,13.7904465913773));
#10116=CARTESIAN_POINT('',(-13.6249999999917,16.0308190492988,13.6147917032242));
#10117=CARTESIAN_POINT('',(-12.8249999999917,16.0308190492988,13.6147917032242));
#10118=CARTESIAN_POINT('Ctrl Pts',(-13.6249999999917,16.0308190492988,13.6147917032242));
#10119=CARTESIAN_POINT('Ctrl Pts',(-13.6249999999917,16.0807455429984,13.6341570038815));
#10120=CARTESIAN_POINT('Ctrl Pts',(-13.6249999999917,16.1732749044824,13.6700469447123));
#10121=CARTESIAN_POINT('Ctrl Pts',(-13.6249999999917,16.2276588034291,13.752488435459));
#10122=CARTESIAN_POINT('Ctrl Pts',(-13.6249999999917,16.2526985315681,13.7904465913773));
#10123=CARTESIAN_POINT('Ctrl Pts',(-12.8249999999917,15.5223437456489,13.5593224287034));
#10124=CARTESIAN_POINT('Ctrl Pts',(-13.6249999999917,15.5223437456489,13.5593224287033));
#10125=CARTESIAN_POINT('Ctrl Pts',(-12.8249999999917,15.6222467073395,13.5596725533337));
#10126=CARTESIAN_POINT('Ctrl Pts',(-13.6249999999917,15.6222467073395,13.5596725533337));
#10127=CARTESIAN_POINT('Ctrl Pts',(-12.8249999999917,15.7939113534159,13.560274177347));
#10128=CARTESIAN_POINT('Ctrl Pts',(-13.6249999999917,15.7939113534159,13.560274177347));
#10129=CARTESIAN_POINT('Ctrl Pts',(-12.8249999999917,15.9609790477335,13.5987200256942));
#10130=CARTESIAN_POINT('Ctrl Pts',(-13.6249999999917,15.9609790477335,13.5987200256942));
#10131=CARTESIAN_POINT('Ctrl Pts',(-12.8249999999917,16.0308190492988,13.6147917032242));
#10132=CARTESIAN_POINT('Ctrl Pts',(-13.6249999999917,16.0308190492988,13.6147917032242));
#10133=CARTESIAN_POINT('Ctrl Pts',(-12.8249999999917,15.5223437456489,13.5593224287034));
#10134=CARTESIAN_POINT('Ctrl Pts',(-12.8249999999917,15.6222467073395,13.5596725533337));
#10135=CARTESIAN_POINT('Ctrl Pts',(-12.8249999999917,15.7939113534159,13.560274177347));
#10136=CARTESIAN_POINT('Ctrl Pts',(-12.8249999999917,15.9609790477335,13.5987200256942));
#10137=CARTESIAN_POINT('Ctrl Pts',(-12.8249999999917,16.0308190492988,13.6147917032242));
#10138=CARTESIAN_POINT('Ctrl Pts',(-13.6249999999917,15.5223437456489,13.5593224287033));
#10139=CARTESIAN_POINT('Ctrl Pts',(-13.6249999999917,15.6222467073395,13.5596725533337));
#10140=CARTESIAN_POINT('Ctrl Pts',(-13.6249999999917,15.7939113534159,13.560274177347));
#10141=CARTESIAN_POINT('Ctrl Pts',(-13.6249999999917,15.9609790477335,13.5987200256942));
#10142=CARTESIAN_POINT('Ctrl Pts',(-13.6249999999917,16.0308190492988,13.6147917032242));
#10143=CARTESIAN_POINT('Origin',(-12.8249999999917,14.533128371656,11.0261941671372));
#10144=CARTESIAN_POINT('',(-12.8249999999917,14.533128371656,11.0261941671372));
#10145=CARTESIAN_POINT('',(-12.8249999999917,15.5593248514534,11.0261941671372));
#10146=CARTESIAN_POINT('',(-12.8249999999893,-9.01035108584228,11.0261941671372));
#10147=CARTESIAN_POINT('',(-13.6249999999917,14.533128371656,11.0261941671372));
#10148=CARTESIAN_POINT('',(-12.8249999999917,14.533128371656,11.0261941671372));
#10149=CARTESIAN_POINT('',(-13.6249999999917,15.5593248514534,11.0261941671372));
#10150=CARTESIAN_POINT('',(-13.6249999999917,14.533128371656,11.0261941671372));
#10151=CARTESIAN_POINT('',(-12.8249999999917,15.5593248514534,11.0261941671372));
#10152=CARTESIAN_POINT('Origin',(-12.8249999999917,14.533128371656,12.6255775213242));
#10153=CARTESIAN_POINT('',(-12.8249999999917,14.533128371656,12.6255775213242));
#10154=CARTESIAN_POINT('',(-12.82499999999,14.533128371656,6.3127887606621));
#10155=CARTESIAN_POINT('',(-13.6249999999917,14.533128371656,12.6255775213242));
#10156=CARTESIAN_POINT('',(-12.8249999999917,14.533128371656,12.6255775213242));
#10157=CARTESIAN_POINT('',(-13.6249999999917,14.533128371656,12.6255775213242));
#10158=CARTESIAN_POINT('Origin',(-12.8249999999917,15.7534691004158,12.6255775213242));
#10159=CARTESIAN_POINT('',(-12.8249999999917,15.7534691004158,12.6255775213242));
#10160=CARTESIAN_POINT('',(-12.8249999999893,-8.4001807214624,12.6255775213242));
#10161=CARTESIAN_POINT('',(-13.6249999999917,15.7534691004158,12.6255775213242));
#10162=CARTESIAN_POINT('',(-12.8249999999917,15.7534691004158,12.6255775213242));
#10163=CARTESIAN_POINT('',(-13.6249999999917,15.7534691004158,12.6255775213242));
#10164=CARTESIAN_POINT('Ctrl Pts',(-12.8249999999917,16.3543935922981,12.4869031429291));
#10165=CARTESIAN_POINT('Ctrl Pts',(-13.6249999999917,16.3543935922981,12.4869031429291));
#10166=CARTESIAN_POINT('Ctrl Pts',(-12.8249999999917,16.2780122162712,12.5270267521265));
#10167=CARTESIAN_POINT('Ctrl Pts',(-13.6249999999917,16.2780122162712,12.5270267521265));
#10168=CARTESIAN_POINT('Ctrl Pts',(-12.8249999999917,16.0913090645915,12.6251030723446));
#10169=CARTESIAN_POINT('Ctrl Pts',(-13.6249999999917,16.0913090645915,12.6251030723446));
#10170=CARTESIAN_POINT('Ctrl Pts',(-12.8249999999917,15.8789505038423,12.6254013002428));
#10171=CARTESIAN_POINT('Ctrl Pts',(-13.6249999999917,15.8789505038423,12.6254013002428));
#10172=CARTESIAN_POINT('Ctrl Pts',(-12.8249999999917,15.7534691004158,12.6255775213242));
#10173=CARTESIAN_POINT('Ctrl Pts',(-13.6249999999917,15.7534691004158,12.6255775213242));
#10174=CARTESIAN_POINT('',(-12.8249999999917,16.3543935922981,12.4869031429291));
#10175=CARTESIAN_POINT('Ctrl Pts',(-12.8249999999917,16.3543935922981,12.4869031429291));
#10176=CARTESIAN_POINT('Ctrl Pts',(-12.8249999999917,16.2780122162712,12.5270267521265));
#10177=CARTESIAN_POINT('Ctrl Pts',(-12.8249999999917,16.0913090645915,12.6251030723446));
#10178=CARTESIAN_POINT('Ctrl Pts',(-12.8249999999917,15.8789505038423,12.6254013002428));
#10179=CARTESIAN_POINT('Ctrl Pts',(-12.8249999999917,15.7534691004158,12.6255775213242));
#10180=CARTESIAN_POINT('',(-13.6249999999917,16.3543935922981,12.4869031429291));
#10181=CARTESIAN_POINT('',(-12.8249999999917,16.3543935922981,12.4869031429291));
#10182=CARTESIAN_POINT('Ctrl Pts',(-13.6249999999917,16.3543935922981,12.4869031429291));
#10183=CARTESIAN_POINT('Ctrl Pts',(-13.6249999999917,16.2780122162712,12.5270267521265));
#10184=CARTESIAN_POINT('Ctrl Pts',(-13.6249999999917,16.0913090645915,12.6251030723446));
#10185=CARTESIAN_POINT('Ctrl Pts',(-13.6249999999917,15.8789505038423,12.6254013002428));
#10186=CARTESIAN_POINT('Ctrl Pts',(-13.6249999999917,15.7534691004158,12.6255775213242));
#10187=CARTESIAN_POINT('Ctrl Pts',(-12.8249999999917,16.5300484804512,12.0154083490372));
#10188=CARTESIAN_POINT('Ctrl Pts',(-13.6249999999917,16.5300484804512,12.0154083490372));
#10189=CARTESIAN_POINT('Ctrl Pts',(-12.8249999999917,16.5266986269243,12.114720655466));
#10190=CARTESIAN_POINT('Ctrl Pts',(-13.6249999999917,16.5266986269243,12.114720655466));
#10191=CARTESIAN_POINT('Ctrl Pts',(-12.8249999999917,16.5206829375868,12.293066358668));
#10192=CARTESIAN_POINT('Ctrl Pts',(-13.6249999999917,16.5206829375868,12.293066358668));
#10193=CARTESIAN_POINT('Ctrl Pts',(-12.8249999999917,16.4054560593229,12.427381684189));
#10194=CARTESIAN_POINT('Ctrl Pts',(-13.6249999999917,16.4054560593229,12.427381684189));
#10195=CARTESIAN_POINT('Ctrl Pts',(-12.8249999999917,16.3543935922981,12.4869031429291));
#10196=CARTESIAN_POINT('Ctrl Pts',(-13.6249999999917,16.3543935922981,12.4869031429291));
#10197=CARTESIAN_POINT('',(-12.8249999999917,16.5300484804512,12.0154083490372));
#10198=CARTESIAN_POINT('Ctrl Pts',(-12.8249999999917,16.5300484804512,12.0154083490372));
#10199=CARTESIAN_POINT('Ctrl Pts',(-12.8249999999917,16.5266986269243,12.114720655466));
#10200=CARTESIAN_POINT('Ctrl Pts',(-12.8249999999917,16.5206829375868,12.293066358668));
#10201=CARTESIAN_POINT('Ctrl Pts',(-12.8249999999917,16.4054560593229,12.427381684189));
#10202=CARTESIAN_POINT('Ctrl Pts',(-12.8249999999917,16.3543935922981,12.4869031429291));
#10203=CARTESIAN_POINT('',(-13.6249999999917,16.5300484804512,12.0154083490372));
#10204=CARTESIAN_POINT('',(-12.8249999999917,16.5300484804512,12.0154083490372));
#10205=CARTESIAN_POINT('Ctrl Pts',(-13.6249999999917,16.5300484804512,12.0154083490372));
#10206=CARTESIAN_POINT('Ctrl Pts',(-13.6249999999917,16.5266986269243,12.114720655466));
#10207=CARTESIAN_POINT('Ctrl Pts',(-13.6249999999917,16.5206829375868,12.293066358668));
#10208=CARTESIAN_POINT('Ctrl Pts',(-13.6249999999917,16.4054560593229,12.427381684189));
#10209=CARTESIAN_POINT('Ctrl Pts',(-13.6249999999917,16.3543935922981,12.4869031429291));
#10210=CARTESIAN_POINT('Origin',(-12.8249999999917,16.5300484804512,11.5346688747406));
#10211=CARTESIAN_POINT('',(-12.8249999999917,16.5300484804512,11.5346688747406));
#10212=CARTESIAN_POINT('',(-12.8249999999901,16.5300484804512,5.76733443737032));
#10213=CARTESIAN_POINT('',(-13.6249999999917,16.5300484804512,11.5346688747406));
#10214=CARTESIAN_POINT('',(-12.8249999999917,16.5300484804512,11.5346688747406));
#10215=CARTESIAN_POINT('',(-13.6249999999917,16.5300484804512,11.5346688747406));
#10216=CARTESIAN_POINT('Ctrl Pts',(-12.8249999999917,16.3081689981819,11.1463791847229));
#10217=CARTESIAN_POINT('Ctrl Pts',(-13.6249999999917,16.3081689981819,11.1463791847229));
#10218=CARTESIAN_POINT('Ctrl Pts',(-12.8249999999917,16.3728771069254,11.1934194527072));
#10219=CARTESIAN_POINT('Ctrl Pts',(-13.6249999999917,16.3728771069254,11.1934194527072));
#10220=CARTESIAN_POINT('Ctrl Pts',(-12.8249999999917,16.5047792035561,11.2893071257309));
#10221=CARTESIAN_POINT('Ctrl Pts',(-13.6249999999917,16.5047792035561,11.2893071257309));
#10222=CARTESIAN_POINT('Ctrl Pts',(-12.8249999999917,16.5215202188848,11.4518604436715));
#10223=CARTESIAN_POINT('Ctrl Pts',(-13.6249999999917,16.5215202188848,11.4518604436715));
#10224=CARTESIAN_POINT('Ctrl Pts',(-12.8249999999917,16.5300484804512,11.5346688747406));
#10225=CARTESIAN_POINT('Ctrl Pts',(-13.6249999999917,16.5300484804512,11.5346688747406));
#10226=CARTESIAN_POINT('',(-12.8249999999917,16.3081689981819,11.1463791847229));
#10227=CARTESIAN_POINT('Ctrl Pts',(-12.8249999999917,16.3081689981819,11.1463791847229));
#10228=CARTESIAN_POINT('Ctrl Pts',(-12.8249999999917,16.3728771069254,11.1934194527072));
#10229=CARTESIAN_POINT('Ctrl Pts',(-12.8249999999917,16.5047792035561,11.2893071257309));
#10230=CARTESIAN_POINT('Ctrl Pts',(-12.8249999999917,16.5215202188848,11.4518604436715));
#10231=CARTESIAN_POINT('Ctrl Pts',(-12.8249999999917,16.5300484804512,11.5346688747406));
#10232=CARTESIAN_POINT('',(-13.6249999999917,16.3081689981819,11.1463791847229));
#10233=CARTESIAN_POINT('',(-12.8249999999917,16.3081689981819,11.1463791847229));
#10234=CARTESIAN_POINT('Ctrl Pts',(-13.6249999999917,16.3081689981819,11.1463791847229));
#10235=CARTESIAN_POINT('Ctrl Pts',(-13.6249999999917,16.3728771069254,11.1934194527072));
#10236=CARTESIAN_POINT('Ctrl Pts',(-13.6249999999917,16.5047792035561,11.2893071257309));
#10237=CARTESIAN_POINT('Ctrl Pts',(-13.6249999999917,16.5215202188848,11.4518604436715));
#10238=CARTESIAN_POINT('Ctrl Pts',(-13.6249999999917,16.5300484804512,11.5346688747406));
#10239=CARTESIAN_POINT('Ctrl Pts',(-12.8249999999917,15.5593248514534,11.0261941671372));
#10240=CARTESIAN_POINT('Ctrl Pts',(-13.6249999999917,15.5593248514534,11.0261941671372));
#10241=CARTESIAN_POINT('Ctrl Pts',(-12.8249999999917,15.7113634027953,11.0262791866142));
#10242=CARTESIAN_POINT('Ctrl Pts',(-13.6249999999917,15.7113634027953,11.0262791866142));
#10243=CARTESIAN_POINT('Ctrl Pts',(-12.8249999999917,15.968245217753,11.0264228341125));
#10244=CARTESIAN_POINT('Ctrl Pts',(-13.6249999999917,15.968245217753,11.0264228341125));
#10245=CARTESIAN_POINT('Ctrl Pts',(-12.8249999999917,16.2096446750652,11.1116107485973));
#10246=CARTESIAN_POINT('Ctrl Pts',(-13.6249999999917,16.2096446750652,11.1116107485973));
#10247=CARTESIAN_POINT('Ctrl Pts',(-12.8249999999917,16.3081689981819,11.1463791847229));
#10248=CARTESIAN_POINT('Ctrl Pts',(-13.6249999999917,16.3081689981819,11.1463791847229));
#10249=CARTESIAN_POINT('Ctrl Pts',(-12.8249999999917,15.5593248514534,11.0261941671372));
#10250=CARTESIAN_POINT('Ctrl Pts',(-12.8249999999917,15.7113634027953,11.0262791866142));
#10251=CARTESIAN_POINT('Ctrl Pts',(-12.8249999999917,15.968245217753,11.0264228341125));
#10252=CARTESIAN_POINT('Ctrl Pts',(-12.8249999999917,16.2096446750652,11.1116107485973));
#10253=CARTESIAN_POINT('Ctrl Pts',(-12.8249999999917,16.3081689981819,11.1463791847229));
#10254=CARTESIAN_POINT('Ctrl Pts',(-13.6249999999917,15.5593248514534,11.0261941671372));
#10255=CARTESIAN_POINT('Ctrl Pts',(-13.6249999999917,15.7113634027953,11.0262791866142));
#10256=CARTESIAN_POINT('Ctrl Pts',(-13.6249999999917,15.968245217753,11.0264228341125));
#10257=CARTESIAN_POINT('Ctrl Pts',(-13.6249999999917,16.2096446750652,11.1116107485973));
#10258=CARTESIAN_POINT('Ctrl Pts',(-13.6249999999917,16.3081689981819,11.1463791847229));
#10259=CARTESIAN_POINT('Origin',(-12.8249999999917,13.0909105448127,10.0000000715256));
#10260=CARTESIAN_POINT('',(-13.6249999999917,13.0909105448127,10.0000000715256));
#10261=CARTESIAN_POINT('',(-12.8249999999917,13.0909105448127,10.0000000715256));
#10262=CARTESIAN_POINT('',(-13.6249999999917,13.0909105448127,16.0000003099442));
#10263=CARTESIAN_POINT('',(-13.6249999999917,13.0909105448127,10.0000000715256));
#10264=CARTESIAN_POINT('',(-12.8249999999917,13.0909105448127,16.0000003099442));
#10265=CARTESIAN_POINT('Origin',(-12.8249999999917,15.5870577005745,10.0000000715256));
#10266=CARTESIAN_POINT('',(-13.6249999999917,15.5870577005745,10.0000000715256));
#10267=CARTESIAN_POINT('',(-12.8249999999917,15.5870577005745,10.0000000715256));
#10268=CARTESIAN_POINT('',(-13.6249999999917,15.5870577005745,10.0000000715256));
#10269=CARTESIAN_POINT('Ctrl Pts',(-12.8249999999917,17.3898311762214,10.3050846576691));
#10270=CARTESIAN_POINT('Ctrl Pts',(-13.6249999999917,17.3898311762214,10.3050846576691));
#10271=CARTESIAN_POINT('Ctrl Pts',(-12.8249999999917,17.1448127923047,10.2166375386557));
#10272=CARTESIAN_POINT('Ctrl Pts',(-13.6249999999917,17.1448127923047,10.2166375386557));
#10273=CARTESIAN_POINT('Ctrl Pts',(-12.8249999999917,16.5641360233319,10.0070239314127));
#10274=CARTESIAN_POINT('Ctrl Pts',(-13.6249999999917,16.5641360233319,10.0070239314127));
#10275=CARTESIAN_POINT('Ctrl Pts',(-12.8249999999917,15.9449666277264,10.002572948334));
#10276=CARTESIAN_POINT('Ctrl Pts',(-13.6249999999917,15.9449666277264,10.002572948334));
#10277=CARTESIAN_POINT('Ctrl Pts',(-12.8249999999917,15.5870577005745,10.0000000715256));
#10278=CARTESIAN_POINT('Ctrl Pts',(-13.6249999999917,15.5870577005745,10.0000000715256));
#10279=CARTESIAN_POINT('',(-13.6249999999917,17.3898311762214,10.3050846576691));
#10280=CARTESIAN_POINT('',(-12.8249999999917,17.3898311762214,10.3050846576691));
#10281=CARTESIAN_POINT('Ctrl Pts',(-13.6249999999917,17.3898311762214,10.3050846576691));
#10282=CARTESIAN_POINT('Ctrl Pts',(-13.6249999999917,17.1448127923047,10.2166375386557));
#10283=CARTESIAN_POINT('Ctrl Pts',(-13.6249999999917,16.5641360233319,10.0070239314127));
#10284=CARTESIAN_POINT('Ctrl Pts',(-13.6249999999917,15.9449666277264,10.002572948334));
#10285=CARTESIAN_POINT('Ctrl Pts',(-13.6249999999917,15.5870577005745,10.0000000715256));
#10286=CARTESIAN_POINT('Ctrl Pts',(-12.8249999999917,17.9722663072944,11.3405240297318));
#10287=CARTESIAN_POINT('Ctrl Pts',(-13.6249999999917,17.9722663072944,11.3405240297318));
#10288=CARTESIAN_POINT('Ctrl Pts',(-12.8249999999917,17.9513474450598,11.1166146317348));
#10289=CARTESIAN_POINT('Ctrl Pts',(-13.6249999999917,17.9513474450598,11.1166146317348));
#10290=CARTESIAN_POINT('Ctrl Pts',(-12.8249999999917,17.91083974584,10.6830320379584));
#10291=CARTESIAN_POINT('Ctrl Pts',(-13.6249999999917,17.91083974584,10.6830320379584));
#10292=CARTESIAN_POINT('Ctrl Pts',(-12.8249999999917,17.5596571359626,10.4282789395526));
#10293=CARTESIAN_POINT('Ctrl Pts',(-13.6249999999917,17.5596571359626,10.4282789395526));
#10294=CARTESIAN_POINT('Ctrl Pts',(-12.8249999999917,17.3898311762214,10.3050846576691));
#10295=CARTESIAN_POINT('Ctrl Pts',(-13.6249999999917,17.3898311762214,10.3050846576691));
#10296=CARTESIAN_POINT('',(-13.6249999999917,17.9722663072944,11.3405240297318));
#10297=CARTESIAN_POINT('',(-12.8249999999917,17.9722663072944,11.3405240297318));
#10298=CARTESIAN_POINT('Ctrl Pts',(-13.6249999999917,17.9722663072944,11.3405240297318));
#10299=CARTESIAN_POINT('Ctrl Pts',(-13.6249999999917,17.9513474450598,11.1166146317348));
#10300=CARTESIAN_POINT('Ctrl Pts',(-13.6249999999917,17.91083974584,10.6830320379584));
#10301=CARTESIAN_POINT('Ctrl Pts',(-13.6249999999917,17.5596571359626,10.4282789395526));
#10302=CARTESIAN_POINT('Ctrl Pts',(-13.6249999999917,17.3898311762214,10.3050846576691));
#10303=CARTESIAN_POINT('Origin',(-12.8249999999917,17.9722663072944,12.2650230646134));
#10304=CARTESIAN_POINT('',(-13.6249999999917,17.9722663072944,12.2650230646134));
#10305=CARTESIAN_POINT('',(-12.8249999999917,17.9722663072944,12.2650230646134));
#10306=CARTESIAN_POINT('',(-13.6249999999917,17.9722663072944,12.2650230646134));
#10307=CARTESIAN_POINT('Ctrl Pts',(-12.8249999999917,17.676426997602,12.8474575996399));
#10308=CARTESIAN_POINT('Ctrl Pts',(-13.6249999999917,17.676426997602,12.8474575996399));
#10309=CARTESIAN_POINT('Ctrl Pts',(-12.8249999999917,17.762632831456,12.7618066269127));
#10310=CARTESIAN_POINT('Ctrl Pts',(-13.6249999999917,17.762632831456,12.7618066269126));
#10311=CARTESIAN_POINT('Ctrl Pts',(-12.8249999999917,17.9259668218798,12.5995239305592));
#10312=CARTESIAN_POINT('Ctrl Pts',(-13.6249999999917,17.9259668218798,12.5995239305592));
#10313=CARTESIAN_POINT('Ctrl Pts',(-12.8249999999917,17.9574157621887,12.3723141101437));
#10314=CARTESIAN_POINT('Ctrl Pts',(-13.6249999999917,17.9574157621887,12.3723141101437));
#10315=CARTESIAN_POINT('Ctrl Pts',(-12.8249999999917,17.9722663072944,12.2650230646134));
#10316=CARTESIAN_POINT('Ctrl Pts',(-13.6249999999917,17.9722663072944,12.2650230646134));
#10317=CARTESIAN_POINT('',(-13.6249999999917,17.676426997602,12.8474575996399));
#10318=CARTESIAN_POINT('',(-12.8249999999917,17.676426997602,12.8474575996399));
#10319=CARTESIAN_POINT('Ctrl Pts',(-13.6249999999917,17.676426997602,12.8474575996399));
#10320=CARTESIAN_POINT('Ctrl Pts',(-13.6249999999917,17.762632831456,12.7618066269126));
#10321=CARTESIAN_POINT('Ctrl Pts',(-13.6249999999917,17.9259668218798,12.5995239305592));
#10322=CARTESIAN_POINT('Ctrl Pts',(-13.6249999999917,17.9574157621887,12.3723141101437));
#10323=CARTESIAN_POINT('Ctrl Pts',(-13.6249999999917,17.9722663072944,12.2650230646134));
#10324=CARTESIAN_POINT('Ctrl Pts',(-12.8249999999917,17.0385213999153,13.1525421857834));
#10325=CARTESIAN_POINT('Ctrl Pts',(-13.6249999999917,17.0385213999153,13.1525421857834));
#10326=CARTESIAN_POINT('Ctrl Pts',(-12.8249999999917,17.1542069191971,13.129369716131));
#10327=CARTESIAN_POINT('Ctrl Pts',(-13.6249999999917,17.1542069191971,13.129369716131));
#10328=CARTESIAN_POINT('Ctrl Pts',(-12.8249999999917,17.3923500588624,13.0816682863316));
#10329=CARTESIAN_POINT('Ctrl Pts',(-13.6249999999917,17.3923500588624,13.0816682863316));
#10330=CARTESIAN_POINT('Ctrl Pts',(-12.8249999999917,17.5799563581082,12.9269939915121));
#10331=CARTESIAN_POINT('Ctrl Pts',(-13.6249999999917,17.5799563581082,12.9269939915121));
#10332=CARTESIAN_POINT('Ctrl Pts',(-12.8249999999917,17.676426997602,12.8474575996399));
#10333=CARTESIAN_POINT('Ctrl Pts',(-13.6249999999917,17.676426997602,12.8474575996399));
#10334=CARTESIAN_POINT('',(-13.6249999999917,17.0385213999153,13.1525421857834));
#10335=CARTESIAN_POINT('',(-12.8249999999917,17.0385213999153,13.1525421857834));
#10336=CARTESIAN_POINT('Ctrl Pts',(-13.6249999999917,17.0385213999153,13.1525421857834));
#10337=CARTESIAN_POINT('Ctrl Pts',(-13.6249999999917,17.1542069191971,13.129369716131));
#10338=CARTESIAN_POINT('Ctrl Pts',(-13.6249999999917,17.3923500588624,13.0816682863316));
#10339=CARTESIAN_POINT('Ctrl Pts',(-13.6249999999917,17.5799563581082,12.9269939915121));
#10340=CARTESIAN_POINT('Ctrl Pts',(-13.6249999999917,17.676426997602,12.8474575996399));
#10341=CARTESIAN_POINT('Origin',(-12.8249999999917,17.0385213999153,13.1987673759461));
#10342=CARTESIAN_POINT('',(-13.6249999999917,17.0385213999153,13.1987673759461));
#10343=CARTESIAN_POINT('',(-12.8249999999917,17.0385213999153,13.1987673759461));
#10344=CARTESIAN_POINT('',(-13.6249999999917,17.0385213999153,13.1987673759461));
#10345=CARTESIAN_POINT('Ctrl Pts',(-12.8249999999917,17.500772109449,13.5038519620896));
#10346=CARTESIAN_POINT('Ctrl Pts',(-13.6249999999917,17.500772109449,13.5038519620896));
#10347=CARTESIAN_POINT('Ctrl Pts',(-12.8249999999917,17.4335699643233,13.435856724551));
#10348=CARTESIAN_POINT('Ctrl Pts',(-13.6249999999917,17.4335699643233,13.435856724551));
#10349=CARTESIAN_POINT('Ctrl Pts',(-12.8249999999917,17.3008866459951,13.3016075316083));
#10350=CARTESIAN_POINT('Ctrl Pts',(-13.6249999999917,17.3008866459951,13.3016075316083));
#10351=CARTESIAN_POINT('Ctrl Pts',(-12.8249999999917,17.1252169728112,13.2327497205785));
#10352=CARTESIAN_POINT('Ctrl Pts',(-13.6249999999917,17.1252169728112,13.2327497205785));
#10353=CARTESIAN_POINT('Ctrl Pts',(-12.8249999999917,17.0385213999153,13.1987673759461));
#10354=CARTESIAN_POINT('Ctrl Pts',(-13.6249999999917,17.0385213999153,13.1987673759461));
#10355=CARTESIAN_POINT('',(-13.6249999999917,17.500772109449,13.5038519620896));
#10356=CARTESIAN_POINT('',(-12.8249999999917,17.500772109449,13.5038519620896));
#10357=CARTESIAN_POINT('Ctrl Pts',(-13.6249999999917,17.500772109449,13.5038519620896));
#10358=CARTESIAN_POINT('Ctrl Pts',(-13.6249999999917,17.4335699643233,13.435856724551));
#10359=CARTESIAN_POINT('Ctrl Pts',(-13.6249999999917,17.3008866459951,13.3016075316083));
#10360=CARTESIAN_POINT('Ctrl Pts',(-13.6249999999917,17.1252169728112,13.2327497205785));
#10361=CARTESIAN_POINT('Ctrl Pts',(-13.6249999999917,17.0385213999153,13.1987673759461));
#10362=CARTESIAN_POINT('Ctrl Pts',(-12.8249999999917,17.7041622309089,13.9753467559815));
#10363=CARTESIAN_POINT('Ctrl Pts',(-13.6249999999917,17.7041622309089,13.9753467559815));
#10364=CARTESIAN_POINT('Ctrl Pts',(-12.8249999999917,17.6940636088142,13.8915787755839));
#10365=CARTESIAN_POINT('Ctrl Pts',(-13.6249999999917,17.6940636088142,13.8915787755838));
#10366=CARTESIAN_POINT('Ctrl Pts',(-12.8249999999917,17.6727646835681,13.7149043802301));
#10367=CARTESIAN_POINT('Ctrl Pts',(-13.6249999999917,17.6727646835681,13.7149043802301));
#10368=CARTESIAN_POINT('Ctrl Pts',(-12.8249999999917,17.5600464080985,13.5765875678425));
#10369=CARTESIAN_POINT('Ctrl Pts',(-13.6249999999917,17.5600464080985,13.5765875678425));
#10370=CARTESIAN_POINT('Ctrl Pts',(-12.8249999999917,17.500772109449,13.5038519620896));
#10371=CARTESIAN_POINT('Ctrl Pts',(-13.6249999999917,17.500772109449,13.5038519620896));
#10372=CARTESIAN_POINT('',(-13.6249999999917,17.7041622309089,13.9753467559815));
#10373=CARTESIAN_POINT('',(-12.8249999999917,17.7041622309089,13.9753467559815));
#10374=CARTESIAN_POINT('Ctrl Pts',(-13.6249999999917,17.7041622309089,13.9753467559815));
#10375=CARTESIAN_POINT('Ctrl Pts',(-13.6249999999917,17.6940636088142,13.8915787755838));
#10376=CARTESIAN_POINT('Ctrl Pts',(-13.6249999999917,17.6727646835681,13.7149043802301));
#10377=CARTESIAN_POINT('Ctrl Pts',(-13.6249999999917,17.5600464080985,13.5765875678425));
#10378=CARTESIAN_POINT('Ctrl Pts',(-13.6249999999917,17.500772109449,13.5038519620896));
#10379=CARTESIAN_POINT('Origin',(-12.8249999999917,17.7041622309089,14.7149462223053));
#10380=CARTESIAN_POINT('',(-13.6249999999917,17.7041622309089,14.7149462223053));
#10381=CARTESIAN_POINT('',(-12.8249999999917,17.7041622309089,14.7149462223053));
#10382=CARTESIAN_POINT('',(-13.6249999999917,17.7041622309089,14.7149462223053));
#10383=CARTESIAN_POINT('Ctrl Pts',(-12.8249999999917,17.5100179819465,15.473035645485));
#10384=CARTESIAN_POINT('Ctrl Pts',(-13.6249999999917,17.5100179819465,15.473035645485));
#10385=CARTESIAN_POINT('Ctrl Pts',(-12.8249999999917,17.5664842580454,15.3673471300957));
#10386=CARTESIAN_POINT('Ctrl Pts',(-13.6249999999917,17.5664842580454,15.3673471300957));
#10387=CARTESIAN_POINT('Ctrl Pts',(-12.8249999999917,17.6925282975502,15.1314291923591));
#10388=CARTESIAN_POINT('Ctrl Pts',(-13.6249999999917,17.6925282975502,15.1314291923591));
#10389=CARTESIAN_POINT('Ctrl Pts',(-12.8249999999917,17.7000243329309,14.8630787572366));
#10390=CARTESIAN_POINT('Ctrl Pts',(-13.6249999999917,17.7000243329309,14.8630787572366));
#10391=CARTESIAN_POINT('Ctrl Pts',(-12.8249999999917,17.7041622309089,14.7149462223053));
#10392=CARTESIAN_POINT('Ctrl Pts',(-13.6249999999917,17.7041622309089,14.7149462223053));
#10393=CARTESIAN_POINT('',(-13.6249999999917,17.5100179819465,15.473035645485));
#10394=CARTESIAN_POINT('',(-12.8249999999917,17.5100179819465,15.473035645485));
#10395=CARTESIAN_POINT('Ctrl Pts',(-13.6249999999917,17.5100179819465,15.473035645485));
#10396=CARTESIAN_POINT('Ctrl Pts',(-13.6249999999917,17.5664842580454,15.3673471300957));
#10397=CARTESIAN_POINT('Ctrl Pts',(-13.6249999999917,17.6925282975502,15.1314291923591));
#10398=CARTESIAN_POINT('Ctrl Pts',(-13.6249999999917,17.7000243329309,14.8630787572366));
#10399=CARTESIAN_POINT('Ctrl Pts',(-13.6249999999917,17.7041622309089,14.7149462223053));
#10400=CARTESIAN_POINT('Ctrl Pts',(-12.8249999999917,16.8443771509529,15.8705700159073));
#10401=CARTESIAN_POINT('Ctrl Pts',(-13.6249999999917,16.8443771509529,15.8705700159073));
#10402=CARTESIAN_POINT('Ctrl Pts',(-12.8249999999917,16.9858576983114,15.8293617202816));
#10403=CARTESIAN_POINT('Ctrl Pts',(-13.6249999999917,16.9858576983114,15.8293617202816));
#10404=CARTESIAN_POINT('Ctrl Pts',(-12.8249999999917,17.2434661001686,15.7543294746649));
#10405=CARTESIAN_POINT('Ctrl Pts',(-13.6249999999917,17.2434661001686,15.7543294746649));
#10406=CARTESIAN_POINT('Ctrl Pts',(-12.8249999999917,17.4271946068604,15.5604396591733));
#10407=CARTESIAN_POINT('Ctrl Pts',(-13.6249999999917,17.4271946068604,15.5604396591733));
#10408=CARTESIAN_POINT('Ctrl Pts',(-12.8249999999917,17.5100179819465,15.473035645485));
#10409=CARTESIAN_POINT('Ctrl Pts',(-13.6249999999917,17.5100179819465,15.473035645485));
#10410=CARTESIAN_POINT('',(-13.6249999999917,16.8443771509529,15.8705700159073));
#10411=CARTESIAN_POINT('',(-12.8249999999917,16.8443771509529,15.8705700159073));
#10412=CARTESIAN_POINT('Ctrl Pts',(-13.6249999999917,16.8443771509529,15.8705700159073));
#10413=CARTESIAN_POINT('Ctrl Pts',(-13.6249999999917,16.9858576983114,15.8293617202816));
#10414=CARTESIAN_POINT('Ctrl Pts',(-13.6249999999917,17.2434661001686,15.7543294746649));
#10415=CARTESIAN_POINT('Ctrl Pts',(-13.6249999999917,17.4271946068604,15.5604396591733));
#10416=CARTESIAN_POINT('Ctrl Pts',(-13.6249999999917,17.5100179819465,15.473035645485));
#10417=CARTESIAN_POINT('Ctrl Pts',(-12.8249999999917,15.5223437456489,16.0000003099442));
#10418=CARTESIAN_POINT('Ctrl Pts',(-13.6249999999917,15.5223437456489,16.0000003099442));
#10419=CARTESIAN_POINT('Ctrl Pts',(-12.8249999999917,15.7768046337689,15.9984839414265));
#10420=CARTESIAN_POINT('Ctrl Pts',(-13.6249999999917,15.7768046337689,15.9984839414265));
#10421=CARTESIAN_POINT('Ctrl Pts',(-12.8249999999917,16.2218250183119,15.9958320018463));
#10422=CARTESIAN_POINT('Ctrl Pts',(-13.6249999999917,16.2218250183119,15.9958320018462));
#10423=CARTESIAN_POINT('Ctrl Pts',(-12.8249999999917,16.6577236327313,15.9081260520191));
#10424=CARTESIAN_POINT('Ctrl Pts',(-13.6249999999917,16.6577236327313,15.9081260520191));
#10425=CARTESIAN_POINT('Ctrl Pts',(-12.8249999999917,16.8443771509529,15.8705700159073));
#10426=CARTESIAN_POINT('Ctrl Pts',(-13.6249999999917,16.8443771509529,15.8705700159073));
#10427=CARTESIAN_POINT('',(-13.6249999999917,15.5223437456489,16.0000003099442));
#10428=CARTESIAN_POINT('',(-12.8249999999917,15.5223437456489,16.0000003099442));
#10429=CARTESIAN_POINT('Ctrl Pts',(-13.6249999999917,15.5223437456489,16.0000003099442));
#10430=CARTESIAN_POINT('Ctrl Pts',(-13.6249999999917,15.7768046337689,15.9984839414265));
#10431=CARTESIAN_POINT('Ctrl Pts',(-13.6249999999917,16.2218250183119,15.9958320018462));
#10432=CARTESIAN_POINT('Ctrl Pts',(-13.6249999999917,16.6577236327313,15.9081260520191));
#10433=CARTESIAN_POINT('Ctrl Pts',(-13.6249999999917,16.8443771509529,15.8705700159073));
#10434=CARTESIAN_POINT('Origin',(-12.8249999999917,13.0909105448127,16.0000003099442));
#10435=CARTESIAN_POINT('',(-13.6249999999917,13.0909105448127,16.0000003099442));
#10436=CARTESIAN_POINT('Origin',(-13.6249999999917,-1.43229903633096E-7,
13.0000004887581));
#10437=CARTESIAN_POINT('Ctrl Pts',(-12.8249999999917,10.5023118166328,9.9907547950745));
#10438=CARTESIAN_POINT('Ctrl Pts',(-13.6249999999917,10.5023118166328,9.9907547950745));
#10439=CARTESIAN_POINT('Ctrl Pts',(-12.8249999999917,10.3392624957394,9.96653058254638));
#10440=CARTESIAN_POINT('Ctrl Pts',(-13.6249999999917,10.3392624957394,9.96653058254637));
#10441=CARTESIAN_POINT('Ctrl Pts',(-12.8249999999917,9.98382959747659,9.91372397151709));
#10442=CARTESIAN_POINT('Ctrl Pts',(-13.6249999999917,9.98382959747659,9.91372397151709));
#10443=CARTESIAN_POINT('Ctrl Pts',(-12.8249999999917,9.62442593959738,9.90971837732492));
#10444=CARTESIAN_POINT('Ctrl Pts',(-13.6249999999917,9.62442593959738,9.90971837732492));
#10445=CARTESIAN_POINT('Ctrl Pts',(-12.8249999999917,9.42989312690502,9.90755028724675));
#10446=CARTESIAN_POINT('Ctrl Pts',(-13.6249999999917,9.42989312690502,9.90755028724674));
#10447=CARTESIAN_POINT('',(-13.6249999999917,10.5023118166328,9.9907547950745));
#10448=CARTESIAN_POINT('',(-12.8249999999917,10.5023118166328,9.9907547950745));
#10449=CARTESIAN_POINT('',(-13.6249999999917,9.42989312690502,9.90755028724674));
#10450=CARTESIAN_POINT('Ctrl Pts',(-13.6249999999917,10.5023118166328,9.9907547950745));
#10451=CARTESIAN_POINT('Ctrl Pts',(-13.6249999999917,10.3392624957394,9.96653058254637));
#10452=CARTESIAN_POINT('Ctrl Pts',(-13.6249999999917,9.98382959747659,9.91372397151709));
#10453=CARTESIAN_POINT('Ctrl Pts',(-13.6249999999917,9.62442593959738,9.90971837732492));
#10454=CARTESIAN_POINT('Ctrl Pts',(-13.6249999999917,9.42989312690502,9.90755028724674));
#10455=CARTESIAN_POINT('',(-12.8249999999917,9.42989312690502,9.90755028724675));
#10456=CARTESIAN_POINT('Ctrl Pts',(-12.8249999999917,11.3251157907844,10.2588600635529));
#10457=CARTESIAN_POINT('Ctrl Pts',(-13.6249999999917,11.3251157907844,10.2588600635529));
#10458=CARTESIAN_POINT('Ctrl Pts',(-12.8249999999917,11.1966494979954,10.1988760059678));
#10459=CARTESIAN_POINT('Ctrl Pts',(-13.6249999999917,11.1966494979954,10.1988760059678));
#10460=CARTESIAN_POINT('Ctrl Pts',(-12.8249999999917,10.9333874986948,10.0759525325555));
#10461=CARTESIAN_POINT('Ctrl Pts',(-13.6249999999917,10.9333874986948,10.0759525325555));
#10462=CARTESIAN_POINT('Ctrl Pts',(-12.8249999999917,10.6482885186915,10.0196056100424));
#10463=CARTESIAN_POINT('Ctrl Pts',(-13.6249999999917,10.6482885186915,10.0196056100424));
#10464=CARTESIAN_POINT('Ctrl Pts',(-12.8249999999917,10.5023118166328,9.9907547950745));
#10465=CARTESIAN_POINT('Ctrl Pts',(-13.6249999999917,10.5023118166328,9.9907547950745));
#10466=CARTESIAN_POINT('',(-13.6249999999917,11.3251157907844,10.2588600635529));
#10467=CARTESIAN_POINT('',(-12.8249999999917,11.3251157907844,10.2588600635529));
#10468=CARTESIAN_POINT('Ctrl Pts',(-13.6249999999917,11.3251157907844,10.2588600635529));
#10469=CARTESIAN_POINT('Ctrl Pts',(-13.6249999999917,11.1966494979954,10.1988760059678));
#10470=CARTESIAN_POINT('Ctrl Pts',(-13.6249999999917,10.9333874986948,10.0759525325555));
#10471=CARTESIAN_POINT('Ctrl Pts',(-13.6249999999917,10.6482885186915,10.0196056100424));
#10472=CARTESIAN_POINT('Ctrl Pts',(-13.6249999999917,10.5023118166328,9.9907547950745));
#10473=CARTESIAN_POINT('Ctrl Pts',(-12.8249999999917,12.092451682508,11.7103237628937));
#10474=CARTESIAN_POINT('Ctrl Pts',(-13.6249999999917,12.092451682508,11.7103237628937));
#10475=CARTESIAN_POINT('Ctrl Pts',(-12.8249999999917,12.070572630832,11.3872097141199));
#10476=CARTESIAN_POINT('Ctrl Pts',(-13.6249999999917,12.070572630832,11.3872097141199));
#10477=CARTESIAN_POINT('Ctrl Pts',(-12.8249999999917,12.0297086889517,10.7837231505664));
#10478=CARTESIAN_POINT('Ctrl Pts',(-13.6249999999917,12.0297086889517,10.7837231505664));
#10479=CARTESIAN_POINT('Ctrl Pts',(-12.8249999999917,11.5486225551519,10.4253540072464));
#10480=CARTESIAN_POINT('Ctrl Pts',(-13.6249999999917,11.5486225551519,10.4253540072464));
#10481=CARTESIAN_POINT('Ctrl Pts',(-12.8249999999917,11.3251157907844,10.2588600635529));
#10482=CARTESIAN_POINT('Ctrl Pts',(-13.6249999999917,11.3251157907844,10.2588600635529));
#10483=CARTESIAN_POINT('',(-13.6249999999917,12.092451682508,11.7103237628937));
#10484=CARTESIAN_POINT('',(-12.8249999999917,12.092451682508,11.7103237628937));
#10485=CARTESIAN_POINT('Ctrl Pts',(-13.6249999999917,12.092451682508,11.7103237628937));
#10486=CARTESIAN_POINT('Ctrl Pts',(-13.6249999999917,12.070572630832,11.3872097141199));
#10487=CARTESIAN_POINT('Ctrl Pts',(-13.6249999999917,12.0297086889517,10.7837231505664));
#10488=CARTESIAN_POINT('Ctrl Pts',(-13.6249999999917,11.5486225551519,10.4253540072464));
#10489=CARTESIAN_POINT('Ctrl Pts',(-13.6249999999917,11.3251157907844,10.2588600635529));
#10490=CARTESIAN_POINT('Origin',(-12.8249999999917,12.092451682508,12.1078587293625));
#10491=CARTESIAN_POINT('',(-13.6249999999917,12.092451682508,12.1078587293625));
#10492=CARTESIAN_POINT('',(-12.8249999999917,12.092451682508,12.1078587293625));
#10493=CARTESIAN_POINT('',(-13.6249999999917,12.092451682508,12.1078587293625));
#10494=CARTESIAN_POINT('Ctrl Pts',(-12.8249999999917,11.6302009729744,13.2634825229645));
#10495=CARTESIAN_POINT('Ctrl Pts',(-13.6249999999917,11.6302009729744,13.2634825229645));
#10496=CARTESIAN_POINT('Ctrl Pts',(-12.8249999999917,11.7648218297818,13.1120201711261));
#10497=CARTESIAN_POINT('Ctrl Pts',(-13.6249999999917,11.7648218297818,13.1120201711261));
#10498=CARTESIAN_POINT('Ctrl Pts',(-12.8249999999917,12.0559710336882,12.7844472808225));
#10499=CARTESIAN_POINT('Ctrl Pts',(-13.6249999999917,12.0559710336882,12.7844472808225));
#10500=CARTESIAN_POINT('Ctrl Pts',(-12.8249999999917,12.079696395476,12.3444247295747));
#10501=CARTESIAN_POINT('Ctrl Pts',(-13.6249999999917,12.079696395476,12.3444247295747));
#10502=CARTESIAN_POINT('Ctrl Pts',(-12.8249999999917,12.092451682508,12.1078587293625));
#10503=CARTESIAN_POINT('Ctrl Pts',(-13.6249999999917,12.092451682508,12.1078587293625));
#10504=CARTESIAN_POINT('',(-13.6249999999917,11.6302009729744,13.2634825229645));
#10505=CARTESIAN_POINT('',(-12.8249999999917,11.6302009729744,13.2634825229645));
#10506=CARTESIAN_POINT('Ctrl Pts',(-13.6249999999917,11.6302009729744,13.2634825229645));
#10507=CARTESIAN_POINT('Ctrl Pts',(-13.6249999999917,11.7648218297818,13.1120201711261));
#10508=CARTESIAN_POINT('Ctrl Pts',(-13.6249999999917,12.0559710336882,12.7844472808225));
#10509=CARTESIAN_POINT('Ctrl Pts',(-13.6249999999917,12.079696395476,12.3444247295747));
#10510=CARTESIAN_POINT('Ctrl Pts',(-13.6249999999917,12.092451682508,12.1078587293625));
#10511=CARTESIAN_POINT('Ctrl Pts',(-12.8249999999917,10.1417585520149,13.6425269365311));
#10512=CARTESIAN_POINT('Ctrl Pts',(-13.6249999999917,10.1417585520149,13.6425269365311));
#10513=CARTESIAN_POINT('Ctrl Pts',(-12.8249999999917,10.444440313499,13.6380740808842));
#10514=CARTESIAN_POINT('Ctrl Pts',(-13.6249999999917,10.444440313499,13.6380740808842));
#10515=CARTESIAN_POINT('Ctrl Pts',(-12.8249999999917,10.9738498994515,13.630285754119));
#10516=CARTESIAN_POINT('Ctrl Pts',(-13.6249999999917,10.9738498994515,13.630285754119));
#10517=CARTESIAN_POINT('Ctrl Pts',(-12.8249999999917,11.433394084522,13.3734684824759));
#10518=CARTESIAN_POINT('Ctrl Pts',(-13.6249999999917,11.433394084522,13.3734684824759));
#10519=CARTESIAN_POINT('Ctrl Pts',(-12.8249999999917,11.6302009729744,13.2634825229645));
#10520=CARTESIAN_POINT('Ctrl Pts',(-13.6249999999917,11.6302009729744,13.2634825229645));
#10521=CARTESIAN_POINT('',(-13.6249999999917,10.1417585520149,13.6425269365311));
#10522=CARTESIAN_POINT('',(-12.8249999999917,10.1417585520149,13.6425269365311));
#10523=CARTESIAN_POINT('Ctrl Pts',(-13.6249999999917,10.1417585520149,13.6425269365311));
#10524=CARTESIAN_POINT('Ctrl Pts',(-13.6249999999917,10.444440313499,13.6380740808842));
#10525=CARTESIAN_POINT('Ctrl Pts',(-13.6249999999917,10.9738498994515,13.630285754119));
#10526=CARTESIAN_POINT('Ctrl Pts',(-13.6249999999917,11.433394084522,13.3734684824759));
#10527=CARTESIAN_POINT('Ctrl Pts',(-13.6249999999917,11.6302009729744,13.2634825229645));
#10528=CARTESIAN_POINT('Origin',(-12.8249999999917,9.42064725440746,13.6425269365311));
#10529=CARTESIAN_POINT('',(-13.6249999999917,9.42064725440746,13.6425269365311));
#10530=CARTESIAN_POINT('',(-12.8249999999917,9.42064725440746,13.6425269365311));
#10531=CARTESIAN_POINT('',(-13.6249999999917,9.42064725440746,13.6425269365311));
#10532=CARTESIAN_POINT('Ctrl Pts',(-12.8249999999917,8.62557851356274,14.1140223264695));
#10533=CARTESIAN_POINT('Ctrl Pts',(-13.6249999999917,8.62557851356274,14.1140223264695));
#10534=CARTESIAN_POINT('Ctrl Pts',(-12.8249999999917,8.67854664104401,13.9778065928325));
#10535=CARTESIAN_POINT('Ctrl Pts',(-13.6249999999917,8.67854664104401,13.9778065928325));
#10536=CARTESIAN_POINT('Ctrl Pts',(-12.8249999999917,8.81088301172476,13.6374831440661));
#10537=CARTESIAN_POINT('Ctrl Pts',(-13.6249999999917,8.81088301172476,13.6374831440661));
#10538=CARTESIAN_POINT('Ctrl Pts',(-12.8249999999917,9.19204611142545,13.6406360143652));
#10539=CARTESIAN_POINT('Ctrl Pts',(-13.6249999999917,9.19204611142545,13.6406360143652));
#10540=CARTESIAN_POINT('Ctrl Pts',(-12.8249999999917,9.42064725440746,13.6425269365311));
#10541=CARTESIAN_POINT('Ctrl Pts',(-13.6249999999917,9.42064725440746,13.6425269365311));
#10542=CARTESIAN_POINT('',(-13.6249999999917,8.62557851356274,14.1140223264695));
#10543=CARTESIAN_POINT('',(-12.8249999999917,8.62557851356274,14.1140223264695));
#10544=CARTESIAN_POINT('Ctrl Pts',(-13.6249999999917,8.62557851356274,14.1140223264695));
#10545=CARTESIAN_POINT('Ctrl Pts',(-13.6249999999917,8.67854664104401,13.9778065928325));
#10546=CARTESIAN_POINT('Ctrl Pts',(-13.6249999999917,8.81088301172476,13.6374831440661));
#10547=CARTESIAN_POINT('Ctrl Pts',(-13.6249999999917,9.19204611142545,13.6406360143652));
#10548=CARTESIAN_POINT('Ctrl Pts',(-13.6249999999917,9.42064725440746,13.6425269365311));
#10549=CARTESIAN_POINT('Origin',(-12.8249999999917,8.62557851356274,14.5392919301987));
#10550=CARTESIAN_POINT('',(-13.6249999999917,8.62557851356274,14.5392919301987));
#10551=CARTESIAN_POINT('',(-12.8249999999917,8.62557851356274,14.5392919301987));
#10552=CARTESIAN_POINT('',(-13.6249999999917,8.62557851356274,14.5392919301987));
#10553=CARTESIAN_POINT('Ctrl Pts',(-12.8249999999917,8.89368258994823,14.946071279049));
#10554=CARTESIAN_POINT('Ctrl Pts',(-13.6249999999917,8.89368258994823,14.946071279049));
#10555=CARTESIAN_POINT('Ctrl Pts',(-12.8249999999917,8.81549739968534,14.8978441614768));
#10556=CARTESIAN_POINT('Ctrl Pts',(-13.6249999999917,8.81549739968534,14.8978441614768));
#10557=CARTESIAN_POINT('Ctrl Pts',(-12.8249999999917,8.66256195176662,14.8035087022558));
#10558=CARTESIAN_POINT('Ctrl Pts',(-13.6249999999917,8.66256195176662,14.8035087022558));
#10559=CARTESIAN_POINT('Ctrl Pts',(-12.8249999999917,8.63772034533809,14.6260355039264));
#10560=CARTESIAN_POINT('Ctrl Pts',(-13.6249999999917,8.63772034533809,14.6260355039264));
#10561=CARTESIAN_POINT('Ctrl Pts',(-12.8249999999917,8.62557851356274,14.5392919301987));
#10562=CARTESIAN_POINT('Ctrl Pts',(-13.6249999999917,8.62557851356274,14.5392919301987));
#10563=CARTESIAN_POINT('',(-13.6249999999917,8.89368258994823,14.946071279049));
#10564=CARTESIAN_POINT('',(-12.8249999999917,8.89368258994823,14.946071279049));
#10565=CARTESIAN_POINT('Ctrl Pts',(-13.6249999999917,8.89368258994823,14.946071279049));
#10566=CARTESIAN_POINT('Ctrl Pts',(-13.6249999999917,8.81549739968534,14.8978441614768));
#10567=CARTESIAN_POINT('Ctrl Pts',(-13.6249999999917,8.66256195176662,14.8035087022558));
#10568=CARTESIAN_POINT('Ctrl Pts',(-13.6249999999917,8.63772034533809,14.6260355039264));
#10569=CARTESIAN_POINT('Ctrl Pts',(-13.6249999999917,8.62557851356274,14.5392919301987));
#10570=CARTESIAN_POINT('Ctrl Pts',(-12.8249999999917,9.8736520914436,15.0662559986115));
#10571=CARTESIAN_POINT('Ctrl Pts',(-13.6249999999917,9.8736520914436,15.0662559986115));
#10572=CARTESIAN_POINT('Ctrl Pts',(-12.8249999999917,9.66855426005326,15.0680110582952));
#10573=CARTESIAN_POINT('Ctrl Pts',(-13.6249999999917,9.66855426005326,15.0680110582952));
#10574=CARTESIAN_POINT('Ctrl Pts',(-12.8249999999917,9.33566930817745,15.0708596157586));
#10575=CARTESIAN_POINT('Ctrl Pts',(-13.6249999999917,9.33566930817745,15.0708596157586));
#10576=CARTESIAN_POINT('Ctrl Pts',(-12.8249999999917,9.01628652755146,14.980686666382));
#10577=CARTESIAN_POINT('Ctrl Pts',(-13.6249999999917,9.01628652755146,14.980686666382));
#10578=CARTESIAN_POINT('Ctrl Pts',(-12.8249999999917,8.89368258994823,14.946071279049));
#10579=CARTESIAN_POINT('Ctrl Pts',(-13.6249999999917,8.89368258994823,14.946071279049));
#10580=CARTESIAN_POINT('',(-13.6249999999917,9.8736520914436,15.0662559986115));
#10581=CARTESIAN_POINT('',(-12.8249999999917,9.8736520914436,15.0662559986115));
#10582=CARTESIAN_POINT('Ctrl Pts',(-13.6249999999917,9.8736520914436,15.0662559986115));
#10583=CARTESIAN_POINT('Ctrl Pts',(-13.6249999999917,9.66855426005326,15.0680110582952));
#10584=CARTESIAN_POINT('Ctrl Pts',(-13.6249999999917,9.33566930817745,15.0708596157586));
#10585=CARTESIAN_POINT('Ctrl Pts',(-13.6249999999917,9.01628652755146,14.980686666382));
#10586=CARTESIAN_POINT('Ctrl Pts',(-13.6249999999917,8.89368258994823,14.946071279049));
#10587=CARTESIAN_POINT('Ctrl Pts',(-12.8249999999917,11.7966123728157,14.8998463869095));
#10588=CARTESIAN_POINT('Ctrl Pts',(-13.6249999999917,11.7966123728157,14.8998463869095));
#10589=CARTESIAN_POINT('Ctrl Pts',(-12.8249999999917,11.4041852921261,14.947450096797));
#10590=CARTESIAN_POINT('Ctrl Pts',(-13.6249999999917,11.4041852921261,14.947450096797));
#10591=CARTESIAN_POINT('Ctrl Pts',(-12.8249999999917,10.7649826273145,15.0249891345249));
#10592=CARTESIAN_POINT('Ctrl Pts',(-13.6249999999917,10.7649826273145,15.0249891345249));
#10593=CARTESIAN_POINT('Ctrl Pts',(-12.8249999999917,10.121918472588,15.0547617497379));
#10594=CARTESIAN_POINT('Ctrl Pts',(-13.6249999999917,10.121918472588,15.0547617497379));
#10595=CARTESIAN_POINT('Ctrl Pts',(-12.8249999999917,9.8736520914436,15.0662559986115));
#10596=CARTESIAN_POINT('Ctrl Pts',(-13.6249999999917,9.8736520914436,15.0662559986115));
#10597=CARTESIAN_POINT('',(-13.6249999999917,11.7966123728157,14.8998463869095));
#10598=CARTESIAN_POINT('',(-12.8249999999917,11.7966123728157,14.8998463869095));
#10599=CARTESIAN_POINT('Ctrl Pts',(-13.6249999999917,11.7966123728157,14.8998463869095));
#10600=CARTESIAN_POINT('Ctrl Pts',(-13.6249999999917,11.4041852921261,14.947450096797));
#10601=CARTESIAN_POINT('Ctrl Pts',(-13.6249999999917,10.7649826273145,15.0249891345249));
#10602=CARTESIAN_POINT('Ctrl Pts',(-13.6249999999917,10.121918472588,15.0547617497379));
#10603=CARTESIAN_POINT('Ctrl Pts',(-13.6249999999917,9.8736520914436,15.0662559986115));
#10604=CARTESIAN_POINT('Origin',(-12.8249999999917,11.7966123728157,15.9722656726838));
#10605=CARTESIAN_POINT('',(-13.6249999999917,11.7966123728157,15.9722656726838));
#10606=CARTESIAN_POINT('',(-12.8249999999917,11.7966123728157,15.9722656726838));
#10607=CARTESIAN_POINT('',(-13.6249999999917,11.7966123728157,15.9722656726838));
#10608=CARTESIAN_POINT('Ctrl Pts',(-12.8249999999917,9.91987668555981,16.0924506902695));
#10609=CARTESIAN_POINT('Ctrl Pts',(-13.6249999999917,9.91987668555981,16.0924506902695));
#10610=CARTESIAN_POINT('Ctrl Pts',(-12.8249999999917,10.199732726504,16.0856039677153));
#10611=CARTESIAN_POINT('Ctrl Pts',(-13.6249999999917,10.199732726504,16.0856039677153));
#10612=CARTESIAN_POINT('Ctrl Pts',(-12.8249999999917,10.8268265188479,16.0702620183431));
#10613=CARTESIAN_POINT('Ctrl Pts',(-13.6249999999917,10.8268265188479,16.0702620183431));
#10614=CARTESIAN_POINT('Ctrl Pts',(-12.8249999999917,11.4509946398855,16.0071901610991));
#10615=CARTESIAN_POINT('Ctrl Pts',(-13.6249999999917,11.4509946398855,16.007190161099));
#10616=CARTESIAN_POINT('Ctrl Pts',(-12.8249999999917,11.7966123728157,15.9722656726838));
#10617=CARTESIAN_POINT('Ctrl Pts',(-13.6249999999917,11.7966123728157,15.9722656726838));
#10618=CARTESIAN_POINT('',(-13.6249999999917,9.91987668555981,16.0924506902695));
#10619=CARTESIAN_POINT('',(-12.8249999999917,9.91987668555981,16.0924506902695));
#10620=CARTESIAN_POINT('Ctrl Pts',(-13.6249999999917,9.91987668555981,16.0924506902695));
#10621=CARTESIAN_POINT('Ctrl Pts',(-13.6249999999917,10.199732726504,16.0856039677153));
#10622=CARTESIAN_POINT('Ctrl Pts',(-13.6249999999917,10.8268265188479,16.0702620183431));
#10623=CARTESIAN_POINT('Ctrl Pts',(-13.6249999999917,11.4509946398855,16.007190161099));
#10624=CARTESIAN_POINT('Ctrl Pts',(-13.6249999999917,11.7966123728157,15.9722656726838));
#10625=CARTESIAN_POINT('Ctrl Pts',(-12.8249999999917,7.83975326102978,15.7226509571076));
#10626=CARTESIAN_POINT('Ctrl Pts',(-13.6249999999917,7.83975326102978,15.7226509571076));
#10627=CARTESIAN_POINT('Ctrl Pts',(-12.8249999999917,8.11958203603161,15.8298198888082));
#10628=CARTESIAN_POINT('Ctrl Pts',(-13.6249999999917,8.11958203603161,15.8298198888082));
#10629=CARTESIAN_POINT('Ctrl Pts',(-12.8249999999917,8.78677157806401,16.0853403958073));
#10630=CARTESIAN_POINT('Ctrl Pts',(-13.6249999999917,8.78677157806401,16.0853403958073));
#10631=CARTESIAN_POINT('Ctrl Pts',(-12.8249999999917,9.50366092060893,16.0898389143371));
#10632=CARTESIAN_POINT('Ctrl Pts',(-13.6249999999917,9.50366092060893,16.0898389143371));
#10633=CARTESIAN_POINT('Ctrl Pts',(-12.8249999999917,9.91987668555981,16.0924506902695));
#10634=CARTESIAN_POINT('Ctrl Pts',(-13.6249999999917,9.91987668555981,16.0924506902695));
#10635=CARTESIAN_POINT('',(-13.6249999999917,7.83975326102978,15.7226509571076));
#10636=CARTESIAN_POINT('',(-12.8249999999917,7.83975326102978,15.7226509571076));
#10637=CARTESIAN_POINT('Ctrl Pts',(-13.6249999999917,7.83975326102978,15.7226509571076));
#10638=CARTESIAN_POINT('Ctrl Pts',(-13.6249999999917,8.11958203603161,15.8298198888082));
#10639=CARTESIAN_POINT('Ctrl Pts',(-13.6249999999917,8.78677157806401,16.0853403958073));
#10640=CARTESIAN_POINT('Ctrl Pts',(-13.6249999999917,9.50366092060893,16.0898389143371));
#10641=CARTESIAN_POINT('Ctrl Pts',(-13.6249999999917,9.91987668555981,16.0924506902695));
#10642=CARTESIAN_POINT('Ctrl Pts',(-12.8249999999917,7.18336068671948,14.5670265674591));
#10643=CARTESIAN_POINT('Ctrl Pts',(-13.6249999999917,7.18336068671948,14.5670265674591));
#10644=CARTESIAN_POINT('Ctrl Pts',(-12.8249999999917,7.20925805466937,14.8108042678175));
#10645=CARTESIAN_POINT('Ctrl Pts',(-13.6249999999917,7.20925805466937,14.8108042678175));
#10646=CARTESIAN_POINT('Ctrl Pts',(-12.8249999999917,7.26038706103819,15.2920930079827));
#10647=CARTESIAN_POINT('Ctrl Pts',(-13.6249999999917,7.26038706103819,15.2920930079827));
#10648=CARTESIAN_POINT('Ctrl Pts',(-12.8249999999917,7.64831487662421,15.5803828748918));
#10649=CARTESIAN_POINT('Ctrl Pts',(-13.6249999999917,7.64831487662421,15.5803828748918));
#10650=CARTESIAN_POINT('Ctrl Pts',(-12.8249999999917,7.83975326102978,15.7226509571076));
#10651=CARTESIAN_POINT('Ctrl Pts',(-13.6249999999917,7.83975326102978,15.7226509571076));
#10652=CARTESIAN_POINT('',(-13.6249999999917,7.18336068671948,14.5670265674591));
#10653=CARTESIAN_POINT('',(-12.8249999999917,7.18336068671948,14.5670265674591));
#10654=CARTESIAN_POINT('Ctrl Pts',(-13.6249999999917,7.18336068671948,14.5670265674591));
#10655=CARTESIAN_POINT('Ctrl Pts',(-13.6249999999917,7.20925805466937,14.8108042678175));
#10656=CARTESIAN_POINT('Ctrl Pts',(-13.6249999999917,7.26038706103819,15.2920930079827));
#10657=CARTESIAN_POINT('Ctrl Pts',(-13.6249999999917,7.64831487662421,15.5803828748918));
#10658=CARTESIAN_POINT('Ctrl Pts',(-13.6249999999917,7.83975326102978,15.7226509571076));
#10659=CARTESIAN_POINT('Origin',(-12.8249999999917,7.18336068671948,14.1232670068741));
#10660=CARTESIAN_POINT('',(-13.6249999999917,7.18336068671948,14.1232670068741));
#10661=CARTESIAN_POINT('',(-12.8249999999917,7.18336068671948,14.1232670068741));
#10662=CARTESIAN_POINT('',(-13.6249999999917,7.18336068671948,14.1232670068741));
#10663=CARTESIAN_POINT('Ctrl Pts',(-12.8249999999917,9.16178905051952,12.5516176939011));
#10664=CARTESIAN_POINT('Ctrl Pts',(-13.6249999999917,9.16178905051952,12.5516176939011));
#10665=CARTESIAN_POINT('Ctrl Pts',(-12.8249999999917,8.58625714112953,12.5896071357689));
#10666=CARTESIAN_POINT('Ctrl Pts',(-13.6249999999917,8.58625714112953,12.5896071357689));
#10667=CARTESIAN_POINT('Ctrl Pts',(-12.8249999999917,7.53142760668185,12.6592338317444));
#10668=CARTESIAN_POINT('Ctrl Pts',(-13.6249999999917,7.53142760668185,12.6592338317444));
#10669=CARTESIAN_POINT('Ctrl Pts',(-12.8249999999917,7.29210502845507,13.6658684010952));
#10670=CARTESIAN_POINT('Ctrl Pts',(-13.6249999999917,7.29210502845507,13.6658684010952));
#10671=CARTESIAN_POINT('Ctrl Pts',(-12.8249999999917,7.18336068671948,14.1232670068741));
#10672=CARTESIAN_POINT('Ctrl Pts',(-13.6249999999917,7.18336068671948,14.1232670068741));
#10673=CARTESIAN_POINT('',(-13.6249999999917,9.16178905051952,12.5516176939011));
#10674=CARTESIAN_POINT('',(-12.8249999999917,9.16178905051952,12.5516176939011));
#10675=CARTESIAN_POINT('Ctrl Pts',(-13.6249999999917,9.16178905051952,12.5516176939011));
#10676=CARTESIAN_POINT('Ctrl Pts',(-13.6249999999917,8.58625714112953,12.5896071357689));
#10677=CARTESIAN_POINT('Ctrl Pts',(-13.6249999999917,7.53142760668185,12.6592338317444));
#10678=CARTESIAN_POINT('Ctrl Pts',(-13.6249999999917,7.29210502845507,13.6658684010952));
#10679=CARTESIAN_POINT('Ctrl Pts',(-13.6249999999917,7.18336068671948,14.1232670068741));
#10680=CARTESIAN_POINT('Origin',(-12.8249999999917,9.86440860313183,12.5516176939011));
#10681=CARTESIAN_POINT('',(-13.6249999999917,9.86440860313183,12.5516176939011));
#10682=CARTESIAN_POINT('',(-12.8249999999917,9.86440860313183,12.5516176939011));
#10683=CARTESIAN_POINT('',(-13.6249999999917,9.86440860313183,12.5516176939011));
#10684=CARTESIAN_POINT('Ctrl Pts',(-12.8249999999917,10.4745765833259,12.3944533586502));
#10685=CARTESIAN_POINT('Ctrl Pts',(-13.6249999999917,10.4745765833259,12.3944533586502));
#10686=CARTESIAN_POINT('Ctrl Pts',(-12.8249999999917,10.3978056369456,12.4399466558629));
#10687=CARTESIAN_POINT('Ctrl Pts',(-13.6249999999917,10.3978056369456,12.4399466558629));
#10688=CARTESIAN_POINT('Ctrl Pts',(-12.8249999999917,10.2113775681848,12.5504210988756));
#10689=CARTESIAN_POINT('Ctrl Pts',(-13.6249999999917,10.2113775681848,12.5504210988756));
#10690=CARTESIAN_POINT('Ctrl Pts',(-12.8249999999917,9.99291087005165,12.5511745269644));
#10691=CARTESIAN_POINT('Ctrl Pts',(-13.6249999999917,9.99291087005165,12.5511745269644));
#10692=CARTESIAN_POINT('Ctrl Pts',(-12.8249999999917,9.86440860313183,12.5516176939011));
#10693=CARTESIAN_POINT('Ctrl Pts',(-13.6249999999917,9.86440860313183,12.5516176939011));
#10694=CARTESIAN_POINT('',(-13.6249999999917,10.4745765833259,12.3944533586502));
#10695=CARTESIAN_POINT('',(-12.8249999999917,10.4745765833259,12.3944533586502));
#10696=CARTESIAN_POINT('Ctrl Pts',(-13.6249999999917,10.4745765833259,12.3944533586502));
#10697=CARTESIAN_POINT('Ctrl Pts',(-13.6249999999917,10.3978056369456,12.4399466558629));
#10698=CARTESIAN_POINT('Ctrl Pts',(-13.6249999999917,10.2113775681848,12.5504210988756));
#10699=CARTESIAN_POINT('Ctrl Pts',(-13.6249999999917,9.99291087005165,12.5511745269644));
#10700=CARTESIAN_POINT('Ctrl Pts',(-13.6249999999917,9.86440860313183,12.5516176939011));
#10701=CARTESIAN_POINT('Ctrl Pts',(-12.8249999999917,10.650231471479,11.9414485216141));
#10702=CARTESIAN_POINT('Ctrl Pts',(-13.6249999999917,10.650231471479,11.9414485216141));
#10703=CARTESIAN_POINT('Ctrl Pts',(-12.8249999999917,10.6449979950334,12.0323074567798));
#10704=CARTESIAN_POINT('Ctrl Pts',(-13.6249999999917,10.6449979950334,12.0323074567798));
#10705=CARTESIAN_POINT('Ctrl Pts',(-12.8249999999917,10.6351658284404,12.2030047354049));
#10706=CARTESIAN_POINT('Ctrl Pts',(-13.6249999999917,10.6351658284404,12.2030047354049));
#10707=CARTESIAN_POINT('Ctrl Pts',(-12.8249999999917,10.5257516585534,12.3334443060839));
#10708=CARTESIAN_POINT('Ctrl Pts',(-13.6249999999917,10.5257516585534,12.3334443060839));
#10709=CARTESIAN_POINT('Ctrl Pts',(-12.8249999999917,10.4745765833259,12.3944533586502));
#10710=CARTESIAN_POINT('Ctrl Pts',(-13.6249999999917,10.4745765833259,12.3944533586502));
#10711=CARTESIAN_POINT('',(-13.6249999999917,10.650231471479,11.9414485216141));
#10712=CARTESIAN_POINT('',(-12.8249999999917,10.650231471479,11.9414485216141));
#10713=CARTESIAN_POINT('Ctrl Pts',(-13.6249999999917,10.650231471479,11.9414485216141));
#10714=CARTESIAN_POINT('Ctrl Pts',(-13.6249999999917,10.6449979950334,12.0323074567798));
#10715=CARTESIAN_POINT('Ctrl Pts',(-13.6249999999917,10.6351658284404,12.2030047354049));
#10716=CARTESIAN_POINT('Ctrl Pts',(-13.6249999999917,10.5257516585534,12.3334443060839));
#10717=CARTESIAN_POINT('Ctrl Pts',(-13.6249999999917,10.4745765833259,12.3944533586502));
#10718=CARTESIAN_POINT('Origin',(-12.8249999999917,10.650231471479,11.5531588315964));
#10719=CARTESIAN_POINT('',(-13.6249999999917,10.650231471479,11.5531588315964));
#10720=CARTESIAN_POINT('',(-12.8249999999917,10.650231471479,11.5531588315964));
#10721=CARTESIAN_POINT('',(-13.6249999999917,10.650231471479,11.5531588315964));
#10722=CARTESIAN_POINT('Ctrl Pts',(-12.8249999999917,9.44838248771435,10.9337443828583));
#10723=CARTESIAN_POINT('Ctrl Pts',(-13.6249999999917,9.44838248771435,10.9337443828583));
#10724=CARTESIAN_POINT('Ctrl Pts',(-12.8249999999917,9.7908708502924,10.9216922144828));
#10725=CARTESIAN_POINT('Ctrl Pts',(-13.6249999999917,9.7908708502924,10.9216922144828));
#10726=CARTESIAN_POINT('Ctrl Pts',(-12.8249999999917,10.3405385272908,10.9023494042807));
#10727=CARTESIAN_POINT('Ctrl Pts',(-13.6249999999917,10.3405385272908,10.9023494042807));
#10728=CARTESIAN_POINT('Ctrl Pts',(-12.8249999999917,10.5654561171667,11.3750062426342));
#10729=CARTESIAN_POINT('Ctrl Pts',(-13.6249999999917,10.5654561171667,11.3750062426341));
#10730=CARTESIAN_POINT('Ctrl Pts',(-12.8249999999917,10.650231471479,11.5531588315964));
#10731=CARTESIAN_POINT('Ctrl Pts',(-13.6249999999917,10.650231471479,11.5531588315964));
#10732=CARTESIAN_POINT('',(-13.6249999999917,9.44838248771435,10.9337443828583));
#10733=CARTESIAN_POINT('',(-12.8249999999917,9.44838248771435,10.9337443828583));
#10734=CARTESIAN_POINT('Ctrl Pts',(-13.6249999999917,9.44838248771435,10.9337443828583));
#10735=CARTESIAN_POINT('Ctrl Pts',(-13.6249999999917,9.7908708502924,10.9216922144828));
#10736=CARTESIAN_POINT('Ctrl Pts',(-13.6249999999917,10.3405385272908,10.9023494042807));
#10737=CARTESIAN_POINT('Ctrl Pts',(-13.6249999999917,10.5654561171667,11.3750062426341));
#10738=CARTESIAN_POINT('Ctrl Pts',(-13.6249999999917,10.650231471479,11.5531588315964));
#10739=CARTESIAN_POINT('Ctrl Pts',(-12.8249999999917,7.30354510825878,11.1741144180298));
#10740=CARTESIAN_POINT('Ctrl Pts',(-13.6249999999917,7.30354510825878,11.1741144180298));
#10741=CARTESIAN_POINT('Ctrl Pts',(-12.8249999999917,7.74332787350791,11.1054648570696));
#10742=CARTESIAN_POINT('Ctrl Pts',(-13.6249999999917,7.74332787350791,11.1054648570696));
#10743=CARTESIAN_POINT('Ctrl Pts',(-12.8249999999917,8.45503402757834,10.9943683820136));
#10744=CARTESIAN_POINT('Ctrl Pts',(-13.6249999999917,8.45503402757834,10.9943683820136));
#10745=CARTESIAN_POINT('Ctrl Pts',(-12.8249999999917,9.17377231408485,10.9505038258959));
#10746=CARTESIAN_POINT('Ctrl Pts',(-13.6249999999917,9.17377231408485,10.9505038258959));
#10747=CARTESIAN_POINT('Ctrl Pts',(-12.8249999999917,9.44838248771435,10.9337443828583));
#10748=CARTESIAN_POINT('Ctrl Pts',(-13.6249999999917,9.44838248771435,10.9337443828583));
#10749=CARTESIAN_POINT('',(-13.6249999999917,7.30354510825878,11.1741144180298));
#10750=CARTESIAN_POINT('',(-12.8249999999917,7.30354510825878,11.1741144180298));
#10751=CARTESIAN_POINT('Ctrl Pts',(-13.6249999999917,7.30354510825878,11.1741144180298));
#10752=CARTESIAN_POINT('Ctrl Pts',(-13.6249999999917,7.74332787350791,11.1054648570696));
#10753=CARTESIAN_POINT('Ctrl Pts',(-13.6249999999917,8.45503402757834,10.9943683820136));
#10754=CARTESIAN_POINT('Ctrl Pts',(-13.6249999999917,9.17377231408485,10.9505038258959));
#10755=CARTESIAN_POINT('Ctrl Pts',(-13.6249999999917,9.44838248771435,10.9337443828583));
#10756=CARTESIAN_POINT('Origin',(-12.8249999999917,7.30354510825878,10.0739598989487));
#10757=CARTESIAN_POINT('',(-13.6249999999917,7.30354510825878,10.0739598989487));
#10758=CARTESIAN_POINT('',(-12.8249999999917,7.30354510825878,10.0739598989487));
#10759=CARTESIAN_POINT('',(-13.6249999999917,7.30354510825878,10.0739598989487));
#10760=CARTESIAN_POINT('Ctrl Pts',(-12.8249999999917,9.42989312690502,9.90755028724675));
#10761=CARTESIAN_POINT('Ctrl Pts',(-13.6249999999917,9.42989312690502,9.90755028724674));
#10762=CARTESIAN_POINT('Ctrl Pts',(-12.8249999999917,9.10905650238174,9.91683843699333));
#10763=CARTESIAN_POINT('Ctrl Pts',(-13.6249999999917,9.10905650238174,9.91683843699333));
#10764=CARTESIAN_POINT('Ctrl Pts',(-12.8249999999917,8.39765368775051,9.9374333920807));
#10765=CARTESIAN_POINT('Ctrl Pts',(-13.6249999999917,8.39765368775051,9.93743339208069));
#10766=CARTESIAN_POINT('Ctrl Pts',(-12.8249999999917,7.69132536125931,10.0255713894654));
#10767=CARTESIAN_POINT('Ctrl Pts',(-13.6249999999917,7.69132536125931,10.0255713894654));
#10768=CARTESIAN_POINT('Ctrl Pts',(-12.8249999999917,7.30354510825878,10.0739598989487));
#10769=CARTESIAN_POINT('Ctrl Pts',(-13.6249999999917,7.30354510825878,10.0739598989487));
#10770=CARTESIAN_POINT('Ctrl Pts',(-13.6249999999917,9.42989312690502,9.90755028724674));
#10771=CARTESIAN_POINT('Ctrl Pts',(-13.6249999999917,9.10905650238174,9.91683843699333));
#10772=CARTESIAN_POINT('Ctrl Pts',(-13.6249999999917,8.39765368775051,9.93743339208069));
#10773=CARTESIAN_POINT('Ctrl Pts',(-13.6249999999917,7.69132536125931,10.0255713894654));
#10774=CARTESIAN_POINT('Ctrl Pts',(-13.6249999999917,7.30354510825878,10.0739598989487));
#10775=CARTESIAN_POINT('Origin',(-13.6249999999917,-1.43229903633096E-7,
13.0000004887581));
#10776=CARTESIAN_POINT('Ctrl Pts',(-12.8249999999917,6.21263467353588,11.6456092119217));
#10777=CARTESIAN_POINT('Ctrl Pts',(-13.6249999999917,6.21263467353588,11.6456092119217));
#10778=CARTESIAN_POINT('Ctrl Pts',(-12.8249999999917,6.04949202595778,11.141785715088));
#10779=CARTESIAN_POINT('Ctrl Pts',(-13.6249999999917,6.04949202595778,11.141785715088));
#10780=CARTESIAN_POINT('Ctrl Pts',(-12.8249999999917,5.66213125088588,9.94552303864999));
#10781=CARTESIAN_POINT('Ctrl Pts',(-13.6249999999917,5.66213125088588,9.94552303864998));
#10782=CARTESIAN_POINT('Ctrl Pts',(-12.8249999999917,4.35953525384921,9.92147192381679));
#10783=CARTESIAN_POINT('Ctrl Pts',(-13.6249999999917,4.35953525384921,9.92147192381678));
#10784=CARTESIAN_POINT('Ctrl Pts',(-12.8249999999917,3.60554658454662,9.90755028724675));
#10785=CARTESIAN_POINT('Ctrl Pts',(-13.6249999999917,3.60554658454662,9.90755028724674));
#10786=CARTESIAN_POINT('',(-13.6249999999917,6.21263467353588,11.6456092119217));
#10787=CARTESIAN_POINT('',(-12.8249999999917,6.21263467353588,11.6456092119217));
#10788=CARTESIAN_POINT('',(-13.6249999999917,3.60554658454662,9.90755028724674));
#10789=CARTESIAN_POINT('Ctrl Pts',(-13.6249999999917,6.21263467353588,11.6456092119217));
#10790=CARTESIAN_POINT('Ctrl Pts',(-13.6249999999917,6.04949202595778,11.141785715088));
#10791=CARTESIAN_POINT('Ctrl Pts',(-13.6249999999917,5.66213125088588,9.94552303864998));
#10792=CARTESIAN_POINT('Ctrl Pts',(-13.6249999999917,4.35953525384921,9.92147192381678));
#10793=CARTESIAN_POINT('Ctrl Pts',(-13.6249999999917,3.60554658454662,9.90755028724674));
#10794=CARTESIAN_POINT('',(-12.8249999999917,3.60554658454662,9.90755028724675));
#10795=CARTESIAN_POINT('Origin',(-12.8249999999917,6.21263467353588,16.0000009059906));
#10796=CARTESIAN_POINT('',(-13.6249999999917,6.21263467353588,16.0000009059906));
#10797=CARTESIAN_POINT('',(-12.8249999999917,6.21263467353588,16.0000009059906));
#10798=CARTESIAN_POINT('',(-13.6249999999917,6.21263467353588,16.0000009059906));
#10799=CARTESIAN_POINT('Origin',(-12.8249999999917,4.77041684669262,16.0000009059906));
#10800=CARTESIAN_POINT('',(-13.6249999999917,4.77041684669262,16.0000009059906));
#10801=CARTESIAN_POINT('',(-12.8249999999917,4.77041684669262,16.0000009059906));
#10802=CARTESIAN_POINT('',(-13.6249999999917,4.77041684669262,16.0000009059906));
#10803=CARTESIAN_POINT('Origin',(-12.8249999999917,4.77041684669262,11.6456092119217));
#10804=CARTESIAN_POINT('',(-13.6249999999917,4.77041684669262,11.6456092119217));
#10805=CARTESIAN_POINT('',(-12.8249999999917,4.77041684669262,11.6456092119217));
#10806=CARTESIAN_POINT('',(-13.6249999999917,4.77041684669262,11.6456092119217));
#10807=CARTESIAN_POINT('Ctrl Pts',(-12.8249999999917,4.51155625861889,11.081664633751));
#10808=CARTESIAN_POINT('Ctrl Pts',(-13.6249999999917,4.51155625861889,11.081664633751));
#10809=CARTESIAN_POINT('Ctrl Pts',(-12.8249999999917,4.58690070724657,11.149655378593));
#10810=CARTESIAN_POINT('Ctrl Pts',(-13.6249999999917,4.58690070724657,11.149655378593));
#10811=CARTESIAN_POINT('Ctrl Pts',(-12.8249999999917,4.75232266001333,11.2989319608321));
#10812=CARTESIAN_POINT('Ctrl Pts',(-13.6249999999917,4.75232266001333,11.2989319608321));
#10813=CARTESIAN_POINT('Ctrl Pts',(-12.8249999999917,4.76403765827777,11.5233865586992));
#10814=CARTESIAN_POINT('Ctrl Pts',(-13.6249999999917,4.76403765827777,11.5233865586992));
#10815=CARTESIAN_POINT('Ctrl Pts',(-12.8249999999917,4.77041684669262,11.6456092119217));
#10816=CARTESIAN_POINT('Ctrl Pts',(-13.6249999999917,4.77041684669262,11.6456092119217));
#10817=CARTESIAN_POINT('',(-13.6249999999917,4.51155625861889,11.081664633751));
#10818=CARTESIAN_POINT('',(-12.8249999999917,4.51155625861889,11.081664633751));
#10819=CARTESIAN_POINT('Ctrl Pts',(-13.6249999999917,4.51155625861889,11.081664633751));
#10820=CARTESIAN_POINT('Ctrl Pts',(-13.6249999999917,4.58690070724657,11.149655378593));
#10821=CARTESIAN_POINT('Ctrl Pts',(-13.6249999999917,4.75232266001333,11.2989319608321));
#10822=CARTESIAN_POINT('Ctrl Pts',(-13.6249999999917,4.76403765827777,11.5233865586992));
#10823=CARTESIAN_POINT('Ctrl Pts',(-13.6249999999917,4.77041684669262,11.6456092119217));
#10824=CARTESIAN_POINT('Ctrl Pts',(-12.8249999999917,3.62403832954174,10.9337443828583));
#10825=CARTESIAN_POINT('Ctrl Pts',(-13.6249999999917,3.62403832954174,10.9337443828583));
#10826=CARTESIAN_POINT('Ctrl Pts',(-12.8249999999917,3.80676109883239,10.9332841555755));
#10827=CARTESIAN_POINT('Ctrl Pts',(-13.6249999999917,3.80676109883239,10.9332841555755));
#10828=CARTESIAN_POINT('Ctrl Pts',(-12.8249999999917,4.11217843108419,10.9325148951845));
#10829=CARTESIAN_POINT('Ctrl Pts',(-13.6249999999917,4.11217843108419,10.9325148951845));
#10830=CARTESIAN_POINT('Ctrl Pts',(-12.8249999999917,4.39709672466605,11.0389191221363));
#10831=CARTESIAN_POINT('Ctrl Pts',(-13.6249999999917,4.39709672466605,11.0389191221363));
#10832=CARTESIAN_POINT('Ctrl Pts',(-12.8249999999917,4.51155625861889,11.081664633751));
#10833=CARTESIAN_POINT('Ctrl Pts',(-13.6249999999917,4.51155625861889,11.081664633751));
#10834=CARTESIAN_POINT('',(-13.6249999999917,3.62403832954174,10.9337443828583));
#10835=CARTESIAN_POINT('',(-12.8249999999917,3.62403832954174,10.9337443828583));
#10836=CARTESIAN_POINT('Ctrl Pts',(-13.6249999999917,3.62403832954174,10.9337443828583));
#10837=CARTESIAN_POINT('Ctrl Pts',(-13.6249999999917,3.80676109883239,10.9332841555755));
#10838=CARTESIAN_POINT('Ctrl Pts',(-13.6249999999917,4.11217843108419,10.9325148951845));
#10839=CARTESIAN_POINT('Ctrl Pts',(-13.6249999999917,4.39709672466605,11.0389191221363));
#10840=CARTESIAN_POINT('Ctrl Pts',(-13.6249999999917,4.51155625861889,11.081664633751));
#10841=CARTESIAN_POINT('Ctrl Pts',(-12.8249999999917,2.70878278297192,11.081664633751));
#10842=CARTESIAN_POINT('Ctrl Pts',(-13.6249999999917,2.70878278297192,11.081664633751));
#10843=CARTESIAN_POINT('Ctrl Pts',(-12.8249999999917,2.82867177518062,11.0388834046748));
#10844=CARTESIAN_POINT('Ctrl Pts',(-13.6249999999917,2.82867177518062,11.0388834046748));
#10845=CARTESIAN_POINT('Ctrl Pts',(-12.8249999999917,3.12348332711548,10.9336827494247));
#10846=CARTESIAN_POINT('Ctrl Pts',(-13.6249999999917,3.12348332711548,10.9336827494247));
#10847=CARTESIAN_POINT('Ctrl Pts',(-12.8249999999917,3.43763849155994,10.9337214314105));
#10848=CARTESIAN_POINT('Ctrl Pts',(-13.6249999999917,3.43763849155994,10.9337214314105));
#10849=CARTESIAN_POINT('Ctrl Pts',(-12.8249999999917,3.62403832954174,10.9337443828583));
#10850=CARTESIAN_POINT('Ctrl Pts',(-13.6249999999917,3.62403832954174,10.9337443828583));
#10851=CARTESIAN_POINT('',(-13.6249999999917,2.70878278297192,11.081664633751));
#10852=CARTESIAN_POINT('',(-12.8249999999917,2.70878278297192,11.081664633751));
#10853=CARTESIAN_POINT('Ctrl Pts',(-13.6249999999917,2.70878278297192,11.081664633751));
#10854=CARTESIAN_POINT('Ctrl Pts',(-13.6249999999917,2.82867177518062,11.0388834046748));
#10855=CARTESIAN_POINT('Ctrl Pts',(-13.6249999999917,3.12348332711548,10.9336827494247));
#10856=CARTESIAN_POINT('Ctrl Pts',(-13.6249999999917,3.43763849155994,10.9337214314105));
#10857=CARTESIAN_POINT('Ctrl Pts',(-13.6249999999917,3.62403832954174,10.9337443828583));
#10858=CARTESIAN_POINT('Ctrl Pts',(-12.8249999999917,2.44992219489819,11.6456092119217));
#10859=CARTESIAN_POINT('Ctrl Pts',(-13.6249999999917,2.44992219489819,11.6456092119217));
#10860=CARTESIAN_POINT('Ctrl Pts',(-12.8249999999917,2.45630246714967,11.5233866945195));
#10861=CARTESIAN_POINT('Ctrl Pts',(-13.6249999999917,2.45630246714967,11.5233866945195));
#10862=CARTESIAN_POINT('Ctrl Pts',(-12.8249999999917,2.46801942035269,11.2989330254112));
#10863=CARTESIAN_POINT('Ctrl Pts',(-13.6249999999917,2.46801942035269,11.2989330254112));
#10864=CARTESIAN_POINT('Ctrl Pts',(-12.8249999999917,2.6334394725976,11.1496555427053));
#10865=CARTESIAN_POINT('Ctrl Pts',(-13.6249999999917,2.6334394725976,11.1496555427053));
#10866=CARTESIAN_POINT('Ctrl Pts',(-12.8249999999917,2.70878278297192,11.081664633751));
#10867=CARTESIAN_POINT('Ctrl Pts',(-13.6249999999917,2.70878278297192,11.081664633751));
#10868=CARTESIAN_POINT('',(-13.6249999999917,2.44992219489819,11.6456092119217));
#10869=CARTESIAN_POINT('',(-12.8249999999917,2.44992219489819,11.6456092119217));
#10870=CARTESIAN_POINT('Ctrl Pts',(-13.6249999999917,2.44992219489819,11.6456092119217));
#10871=CARTESIAN_POINT('Ctrl Pts',(-13.6249999999917,2.45630246714967,11.5233866945195));
#10872=CARTESIAN_POINT('Ctrl Pts',(-13.6249999999917,2.46801942035269,11.2989330254112));
#10873=CARTESIAN_POINT('Ctrl Pts',(-13.6249999999917,2.6334394725976,11.1496555427053));
#10874=CARTESIAN_POINT('Ctrl Pts',(-13.6249999999917,2.70878278297192,11.081664633751));
#10875=CARTESIAN_POINT('Origin',(-12.8249999999917,2.44992219489819,16.0000009059906));
#10876=CARTESIAN_POINT('',(-13.6249999999917,2.44992219489819,16.0000009059906));
#10877=CARTESIAN_POINT('',(-12.8249999999917,2.44992219489819,16.0000009059906));
#10878=CARTESIAN_POINT('',(-13.6249999999917,2.44992219489819,16.0000009059906));
#10879=CARTESIAN_POINT('Origin',(-12.8249999999917,1.00770436805492,16.0000009059906));
#10880=CARTESIAN_POINT('',(-13.6249999999917,1.00770436805492,16.0000009059906));
#10881=CARTESIAN_POINT('',(-12.8249999999917,1.00770436805492,16.0000009059906));
#10882=CARTESIAN_POINT('',(-13.6249999999917,1.00770436805492,16.0000009059906));
#10883=CARTESIAN_POINT('Origin',(-12.8249999999917,1.00770436805492,11.6456092119217));
#10884=CARTESIAN_POINT('',(-13.6249999999917,1.00770436805492,11.6456092119217));
#10885=CARTESIAN_POINT('',(-12.8249999999917,1.00770436805492,11.6456092119217));
#10886=CARTESIAN_POINT('',(-13.6249999999917,1.00770436805492,11.6456092119217));
#10887=CARTESIAN_POINT('Ctrl Pts',(-12.8249999999917,3.60554658454662,9.90755028724675));
#10888=CARTESIAN_POINT('Ctrl Pts',(-13.6249999999917,3.60554658454662,9.90755028724674));
#10889=CARTESIAN_POINT('Ctrl Pts',(-12.8249999999917,2.85411744925723,9.92208118966603));
#10890=CARTESIAN_POINT('Ctrl Pts',(-13.6249999999917,2.85411744925723,9.92208118966602));
#10891=CARTESIAN_POINT('Ctrl Pts',(-12.8249999999917,1.55447750350515,9.94721322187643));
#10892=CARTESIAN_POINT('Ctrl Pts',(-13.6249999999917,1.55447750350515,9.94721322187643));
#10893=CARTESIAN_POINT('Ctrl Pts',(-12.8249999999917,1.16991819550623,11.1417378689262));
#10894=CARTESIAN_POINT('Ctrl Pts',(-13.6249999999917,1.16991819550623,11.1417378689262));
#10895=CARTESIAN_POINT('Ctrl Pts',(-12.8249999999917,1.00770436805492,11.6456092119217));
#10896=CARTESIAN_POINT('Ctrl Pts',(-13.6249999999917,1.00770436805492,11.6456092119217));
#10897=CARTESIAN_POINT('Ctrl Pts',(-13.6249999999917,3.60554658454662,9.90755028724674));
#10898=CARTESIAN_POINT('Ctrl Pts',(-13.6249999999917,2.85411744925723,9.92208118966602));
#10899=CARTESIAN_POINT('Ctrl Pts',(-13.6249999999917,1.55447750350515,9.94721322187643));
#10900=CARTESIAN_POINT('Ctrl Pts',(-13.6249999999917,1.16991819550623,11.1417378689262));
#10901=CARTESIAN_POINT('Ctrl Pts',(-13.6249999999917,1.00770436805492,11.6456092119217));
#10902=CARTESIAN_POINT('Origin',(-13.6249999999917,-1.43229904188207E-7,
13.0000004887581));
#10903=CARTESIAN_POINT('Origin',(-12.8249999999917,-5.21417535263294,10.0000000715256));
#10904=CARTESIAN_POINT('',(-13.6249999999917,-5.21417535263294,10.0000000715256));
#10905=CARTESIAN_POINT('',(-12.8249999999917,-5.21417535263294,10.0000000715256));
#10906=CARTESIAN_POINT('',(-13.6249999999917,-5.21417535263294,14.9738059163094));
#10907=CARTESIAN_POINT('',(-13.6249999999917,-5.21417535263294,10.0000000715256));
#10908=CARTESIAN_POINT('',(-12.8249999999917,-5.21417535263294,14.9738059163094));
#10909=CARTESIAN_POINT('Origin',(-12.8249999999917,-3.77195633369678,10.0000000715256));
#10910=CARTESIAN_POINT('',(-13.6249999999917,-3.77195633369678,10.0000000715256));
#10911=CARTESIAN_POINT('',(-12.8249999999917,-3.77195633369678,10.0000000715256));
#10912=CARTESIAN_POINT('',(-13.6249999999917,-3.77195633369678,10.0000000715256));
#10913=CARTESIAN_POINT('Origin',(-12.8249999999917,-3.77195633369678,14.9738059163094));
#10914=CARTESIAN_POINT('',(-13.6249999999917,-3.77195633369678,14.9738059163094));
#10915=CARTESIAN_POINT('',(-12.8249999999917,-3.77195633369678,14.9738059163094));
#10916=CARTESIAN_POINT('',(-13.6249999999917,-3.77195633369678,14.9738059163094));
#10917=CARTESIAN_POINT('Origin',(-12.8249999999917,-1.93220294433826,14.9738059163094));
#10918=CARTESIAN_POINT('',(-13.6249999999917,-1.93220294433826,14.9738059163094));
#10919=CARTESIAN_POINT('',(-12.8249999999917,-1.93220294433826,14.9738059163094));
#10920=CARTESIAN_POINT('',(-13.6249999999917,-1.93220294433826,14.9738059163094));
#10921=CARTESIAN_POINT('Origin',(-12.8249999999917,-1.93220294433826,16.0000003099442));
#10922=CARTESIAN_POINT('',(-13.6249999999917,-1.93220294433826,16.0000003099442));
#10923=CARTESIAN_POINT('',(-12.8249999999917,-1.93220294433826,16.0000003099442));
#10924=CARTESIAN_POINT('',(-13.6249999999917,-1.93220294433826,16.0000003099442));
#10925=CARTESIAN_POINT('Origin',(-12.8249999999917,-7.06317342239613,16.0000003099442));
#10926=CARTESIAN_POINT('',(-13.6249999999917,-7.06317342239613,16.0000003099442));
#10927=CARTESIAN_POINT('',(-12.8249999999917,-7.06317342239613,16.0000003099442));
#10928=CARTESIAN_POINT('',(-13.6249999999917,-7.06317342239613,16.0000003099442));
#10929=CARTESIAN_POINT('Origin',(-12.8249999999917,-7.06317342239613,14.9738059163094));
#10930=CARTESIAN_POINT('',(-13.6249999999917,-7.06317342239613,14.9738059163094));
#10931=CARTESIAN_POINT('',(-12.8249999999917,-7.06317342239613,14.9738059163094));
#10932=CARTESIAN_POINT('',(-13.6249999999917,-7.06317342239613,14.9738059163094));
#10933=CARTESIAN_POINT('Origin',(-12.8249999999917,-5.21417535263294,14.9738059163094));
#10934=CARTESIAN_POINT('',(-13.6249999999917,-5.21417535263294,14.9738059163094));
#10935=CARTESIAN_POINT('Origin',(-13.6249999999916,-1.43229903493136E-7,
13.0000004887581));
#10936=CARTESIAN_POINT('Origin',(-12.8249999999917,-16.5300477238297,13.5593224287034));
#10937=CARTESIAN_POINT('',(-12.8249999999917,-16.5300477238297,13.5593224287033));
#10938=CARTESIAN_POINT('',(-12.8249999999917,-15.5408335419297,13.5593224287034));
#10939=CARTESIAN_POINT('',(-12.8249999999888,-24.5419391335851,13.5593224287034));
#10940=CARTESIAN_POINT('',(-13.6249999999917,-16.5300477238297,13.5593224287033));
#10941=CARTESIAN_POINT('',(-12.8249999999917,-16.5300477238297,13.5593224287033));
#10942=CARTESIAN_POINT('',(-13.6249999999917,-15.5408335419297,13.5593224287033));
#10943=CARTESIAN_POINT('',(-13.6249999999917,-16.5300477238297,13.5593224287033));
#10944=CARTESIAN_POINT('',(-12.8249999999917,-15.5408335419297,13.5593224287034));
#10945=CARTESIAN_POINT('Origin',(-12.8249999999917,-16.5300477238297,14.9738059163094));
#10946=CARTESIAN_POINT('',(-12.8249999999917,-16.5300477238297,14.9738059163094));
#10947=CARTESIAN_POINT('',(-12.824999999989,-16.5300477238297,7.4869029581547));
#10948=CARTESIAN_POINT('',(-13.6249999999917,-16.5300477238297,14.9738059163094));
#10949=CARTESIAN_POINT('',(-12.8249999999917,-16.5300477238297,14.9738059163094));
#10950=CARTESIAN_POINT('',(-13.6249999999917,-16.5300477238297,14.9738059163094));
#10951=CARTESIAN_POINT('Origin',(-12.8249999999917,-15.5685684772133,14.9738059163094));
#10952=CARTESIAN_POINT('',(-12.8249999999917,-15.5685684772133,14.9738059163094));
#10953=CARTESIAN_POINT('',(-12.8249999999888,-24.0611995102769,14.9738059163094));
#10954=CARTESIAN_POINT('',(-13.6249999999917,-15.5685684772133,14.9738059163094));
#10955=CARTESIAN_POINT('',(-12.8249999999917,-15.5685684772133,14.9738059163094));
#10956=CARTESIAN_POINT('',(-13.6249999999917,-15.5685684772133,14.9738059163094));
#10957=CARTESIAN_POINT('Ctrl Pts',(-12.8249999999917,-15.032358536303,14.92758102417));
#10958=CARTESIAN_POINT('Ctrl Pts',(-13.6249999999917,-15.032358536303,14.92758102417));
#10959=CARTESIAN_POINT('Ctrl Pts',(-12.8249999999917,-15.1046006575723,
14.9409532755183));
#10960=CARTESIAN_POINT('Ctrl Pts',(-13.6249999999917,-15.1046006575723,
14.9409532755183));
#10961=CARTESIAN_POINT('Ctrl Pts',(-12.8249999999917,-15.281643799597,14.9737245362879));
#10962=CARTESIAN_POINT('Ctrl Pts',(-13.6249999999917,-15.281643799597,14.9737245362879));
#10963=CARTESIAN_POINT('Ctrl Pts',(-12.8249999999917,-15.4618783162481,
14.973775655937));
#10964=CARTESIAN_POINT('Ctrl Pts',(-13.6249999999917,-15.4618783162481,
14.973775655937));
#10965=CARTESIAN_POINT('Ctrl Pts',(-12.8249999999917,-15.5685684772133,
14.9738059163094));
#10966=CARTESIAN_POINT('Ctrl Pts',(-13.6249999999917,-15.5685684772133,
14.9738059163094));
#10967=CARTESIAN_POINT('',(-12.8249999999917,-15.032358536303,14.92758102417));
#10968=CARTESIAN_POINT('Ctrl Pts',(-12.8249999999917,-15.032358536303,14.92758102417));
#10969=CARTESIAN_POINT('Ctrl Pts',(-12.8249999999917,-15.1046006575723,
14.9409532755183));
#10970=CARTESIAN_POINT('Ctrl Pts',(-12.8249999999917,-15.281643799597,14.9737245362879));
#10971=CARTESIAN_POINT('Ctrl Pts',(-12.8249999999917,-15.4618783162481,
14.973775655937));
#10972=CARTESIAN_POINT('Ctrl Pts',(-12.8249999999917,-15.5685684772133,
14.9738059163094));
#10973=CARTESIAN_POINT('',(-13.6249999999917,-15.032358536303,14.92758102417));
#10974=CARTESIAN_POINT('',(-12.8249999999917,-15.032358536303,14.92758102417));
#10975=CARTESIAN_POINT('Ctrl Pts',(-13.6249999999917,-15.032358536303,14.92758102417));
#10976=CARTESIAN_POINT('Ctrl Pts',(-13.6249999999917,-15.1046006575723,
14.9409532755183));
#10977=CARTESIAN_POINT('Ctrl Pts',(-13.6249999999917,-15.281643799597,14.9737245362879));
#10978=CARTESIAN_POINT('Ctrl Pts',(-13.6249999999917,-15.4618783162481,
14.973775655937));
#10979=CARTESIAN_POINT('Ctrl Pts',(-13.6249999999917,-15.5685684772133,
14.9738059163094));
#10980=CARTESIAN_POINT('Ctrl Pts',(-12.8249999999917,-14.801234373629,14.7704160928727));
#10981=CARTESIAN_POINT('Ctrl Pts',(-13.6249999999917,-14.801234373629,14.7704160928727));
#10982=CARTESIAN_POINT('Ctrl Pts',(-12.8249999999917,-14.8273743250521,
14.8053110946949));
#10983=CARTESIAN_POINT('Ctrl Pts',(-13.6249999999917,-14.8273743250521,
14.8053110946949));
#10984=CARTESIAN_POINT('Ctrl Pts',(-12.8249999999917,-14.8859564905114,
14.8835141769185));
#10985=CARTESIAN_POINT('Ctrl Pts',(-13.6249999999917,-14.8859564905114,
14.8835141769185));
#10986=CARTESIAN_POINT('Ctrl Pts',(-12.8249999999917,-14.9801790374562,
14.9118750550839));
#10987=CARTESIAN_POINT('Ctrl Pts',(-13.6249999999917,-14.9801790374562,
14.9118750550839));
#10988=CARTESIAN_POINT('Ctrl Pts',(-12.8249999999917,-15.032358536303,14.92758102417));
#10989=CARTESIAN_POINT('Ctrl Pts',(-13.6249999999917,-15.032358536303,14.92758102417));
#10990=CARTESIAN_POINT('',(-12.8249999999917,-14.801234373629,14.7704160928727));
#10991=CARTESIAN_POINT('Ctrl Pts',(-12.8249999999917,-14.801234373629,14.7704160928727));
#10992=CARTESIAN_POINT('Ctrl Pts',(-12.8249999999917,-14.8273743250521,
14.8053110946949));
#10993=CARTESIAN_POINT('Ctrl Pts',(-12.8249999999917,-14.8859564905114,
14.8835141769185));
#10994=CARTESIAN_POINT('Ctrl Pts',(-12.8249999999917,-14.9801790374562,
14.9118750550839));
#10995=CARTESIAN_POINT('Ctrl Pts',(-12.8249999999917,-15.032358536303,14.92758102417));
#10996=CARTESIAN_POINT('',(-13.6249999999917,-14.801234373629,14.7704160928727));
#10997=CARTESIAN_POINT('',(-12.8249999999917,-14.801234373629,14.7704160928727));
#10998=CARTESIAN_POINT('Ctrl Pts',(-13.6249999999917,-14.801234373629,14.7704160928727));
#10999=CARTESIAN_POINT('Ctrl Pts',(-13.6249999999917,-14.8273743250521,
14.8053110946949));
#11000=CARTESIAN_POINT('Ctrl Pts',(-13.6249999999917,-14.8859564905114,
14.8835141769185));
#11001=CARTESIAN_POINT('Ctrl Pts',(-13.6249999999917,-14.9801790374562,
14.9118750550839));
#11002=CARTESIAN_POINT('Ctrl Pts',(-13.6249999999917,-15.032358536303,14.92758102417));
#11003=CARTESIAN_POINT('Ctrl Pts',(-12.8249999999917,-14.7457639070153,
14.4560862302781));
#11004=CARTESIAN_POINT('Ctrl Pts',(-13.6249999999917,-14.7457639070153,
14.4560862302781));
#11005=CARTESIAN_POINT('Ctrl Pts',(-12.8249999999917,-14.7462637782108,
14.5185249259296));
#11006=CARTESIAN_POINT('Ctrl Pts',(-13.6249999999917,-14.7462637782108,
14.5185249259296));
#11007=CARTESIAN_POINT('Ctrl Pts',(-12.8249999999917,-14.7471301618841,
14.6267445372605));
#11008=CARTESIAN_POINT('Ctrl Pts',(-13.6249999999917,-14.7471301618841,
14.6267445372605));
#11009=CARTESIAN_POINT('Ctrl Pts',(-12.8249999999917,-14.7851504003864,
14.7277057495986));
#11010=CARTESIAN_POINT('Ctrl Pts',(-13.6249999999917,-14.7851504003864,
14.7277057495986));
#11011=CARTESIAN_POINT('Ctrl Pts',(-12.8249999999917,-14.801234373629,14.7704160928727));
#11012=CARTESIAN_POINT('Ctrl Pts',(-13.6249999999917,-14.801234373629,14.7704160928727));
#11013=CARTESIAN_POINT('',(-12.8249999999917,-14.7457639070153,14.4560862302781));
#11014=CARTESIAN_POINT('Ctrl Pts',(-12.8249999999917,-14.7457639070153,
14.4560862302781));
#11015=CARTESIAN_POINT('Ctrl Pts',(-12.8249999999917,-14.7462637782108,
14.5185249259296));
#11016=CARTESIAN_POINT('Ctrl Pts',(-12.8249999999917,-14.7471301618841,
14.6267445372605));
#11017=CARTESIAN_POINT('Ctrl Pts',(-12.8249999999917,-14.7851504003864,
14.7277057495986));
#11018=CARTESIAN_POINT('Ctrl Pts',(-12.8249999999917,-14.801234373629,14.7704160928727));
#11019=CARTESIAN_POINT('',(-13.6249999999917,-14.7457639070153,14.4560862302781));
#11020=CARTESIAN_POINT('',(-12.8249999999917,-14.7457639070153,14.4560862302781));
#11021=CARTESIAN_POINT('Ctrl Pts',(-13.6249999999917,-14.7457639070153,
14.4560862302781));
#11022=CARTESIAN_POINT('Ctrl Pts',(-13.6249999999917,-14.7462637782108,
14.5185249259296));
#11023=CARTESIAN_POINT('Ctrl Pts',(-13.6249999999917,-14.7471301618841,
14.6267445372605));
#11024=CARTESIAN_POINT('Ctrl Pts',(-13.6249999999917,-14.7851504003864,
14.7277057495986));
#11025=CARTESIAN_POINT('Ctrl Pts',(-13.6249999999917,-14.801234373629,14.7704160928727));
#11026=CARTESIAN_POINT('Origin',(-12.8249999999917,-14.7457639070153,14.1602469205857));
#11027=CARTESIAN_POINT('',(-12.8249999999917,-14.7457639070153,14.1602469205857));
#11028=CARTESIAN_POINT('',(-12.8249999999891,-14.7457639070153,7.08012346029284));
#11029=CARTESIAN_POINT('',(-13.6249999999917,-14.7457639070153,14.1602469205857));
#11030=CARTESIAN_POINT('',(-12.8249999999917,-14.7457639070153,14.1602469205857));
#11031=CARTESIAN_POINT('',(-13.6249999999917,-14.7457639070153,14.1602469205857));
#11032=CARTESIAN_POINT('Ctrl Pts',(-12.8249999999917,-14.8104790540337,
13.7904465913773));
#11033=CARTESIAN_POINT('Ctrl Pts',(-13.6249999999917,-14.8104790540337,
13.7904465913773));
#11034=CARTESIAN_POINT('Ctrl Pts',(-12.8249999999917,-14.7916835277792,
13.8423379711563));
#11035=CARTESIAN_POINT('Ctrl Pts',(-13.6249999999917,-14.7916835277792,
13.8423379711563));
#11036=CARTESIAN_POINT('Ctrl Pts',(-12.8249999999917,-14.7485208621618,
13.9615030449885));
#11037=CARTESIAN_POINT('Ctrl Pts',(-13.6249999999917,-14.7485208621618,
13.9615030449885));
#11038=CARTESIAN_POINT('Ctrl Pts',(-12.8249999999917,-14.7467587138312,
14.0885331089492));
#11039=CARTESIAN_POINT('Ctrl Pts',(-13.6249999999917,-14.7467587138312,
14.0885331089492));
#11040=CARTESIAN_POINT('Ctrl Pts',(-12.8249999999917,-14.7457639070153,
14.1602469205857));
#11041=CARTESIAN_POINT('Ctrl Pts',(-13.6249999999917,-14.7457639070153,
14.1602469205857));
#11042=CARTESIAN_POINT('',(-12.8249999999917,-14.8104790540337,13.7904465913773));
#11043=CARTESIAN_POINT('Ctrl Pts',(-12.8249999999917,-14.8104790540337,
13.7904465913773));
#11044=CARTESIAN_POINT('Ctrl Pts',(-12.8249999999917,-14.7916835277792,
13.8423379711563));
#11045=CARTESIAN_POINT('Ctrl Pts',(-12.8249999999917,-14.7485208621618,
13.9615030449885));
#11046=CARTESIAN_POINT('Ctrl Pts',(-12.8249999999917,-14.7467587138312,
14.0885331089492));
#11047=CARTESIAN_POINT('Ctrl Pts',(-12.8249999999917,-14.7457639070153,
14.1602469205857));
#11048=CARTESIAN_POINT('',(-13.6249999999917,-14.8104790540337,13.7904465913773));
#11049=CARTESIAN_POINT('',(-12.8249999999917,-14.8104790540337,13.7904465913773));
#11050=CARTESIAN_POINT('Ctrl Pts',(-13.6249999999917,-14.8104790540337,
13.7904465913773));
#11051=CARTESIAN_POINT('Ctrl Pts',(-13.6249999999917,-14.7916835277792,
13.8423379711563));
#11052=CARTESIAN_POINT('Ctrl Pts',(-13.6249999999917,-14.7485208621618,
13.9615030449885));
#11053=CARTESIAN_POINT('Ctrl Pts',(-13.6249999999917,-14.7467587138312,
14.0885331089492));
#11054=CARTESIAN_POINT('Ctrl Pts',(-13.6249999999917,-14.7457639070153,
14.1602469205857));
#11055=CARTESIAN_POINT('Ctrl Pts',(-12.8249999999917,-15.032358536303,13.6147917032242));
#11056=CARTESIAN_POINT('Ctrl Pts',(-13.6249999999917,-15.032358536303,13.6147917032242));
#11057=CARTESIAN_POINT('Ctrl Pts',(-12.8249999999917,-14.9824314998322,
13.6341568424811));
#11058=CARTESIAN_POINT('Ctrl Pts',(-13.6249999999917,-14.9824314998322,
13.6341568424811));
#11059=CARTESIAN_POINT('Ctrl Pts',(-12.8249999999917,-14.8899016596877,
13.6700462796774));
#11060=CARTESIAN_POINT('Ctrl Pts',(-13.6249999999917,-14.8899016596877,
13.6700462796774));
#11061=CARTESIAN_POINT('Ctrl Pts',(-12.8249999999917,-14.8355183456536,
13.7524883993619));
#11062=CARTESIAN_POINT('Ctrl Pts',(-13.6249999999917,-14.8355183456536,
13.7524883993619));
#11063=CARTESIAN_POINT('Ctrl Pts',(-12.8249999999917,-14.8104790540337,
13.7904465913773));
#11064=CARTESIAN_POINT('Ctrl Pts',(-13.6249999999917,-14.8104790540337,
13.7904465913773));
#11065=CARTESIAN_POINT('',(-12.8249999999917,-15.032358536303,13.6147917032242));
#11066=CARTESIAN_POINT('Ctrl Pts',(-12.8249999999917,-15.032358536303,13.6147917032242));
#11067=CARTESIAN_POINT('Ctrl Pts',(-12.8249999999917,-14.9824314998322,
13.6341568424811));
#11068=CARTESIAN_POINT('Ctrl Pts',(-12.8249999999917,-14.8899016596877,
13.6700462796774));
#11069=CARTESIAN_POINT('Ctrl Pts',(-12.8249999999917,-14.8355183456536,
13.7524883993619));
#11070=CARTESIAN_POINT('Ctrl Pts',(-12.8249999999917,-14.8104790540337,
13.7904465913773));
#11071=CARTESIAN_POINT('',(-13.6249999999917,-15.032358536303,13.6147917032242));
#11072=CARTESIAN_POINT('',(-12.8249999999917,-15.032358536303,13.6147917032242));
#11073=CARTESIAN_POINT('Ctrl Pts',(-13.6249999999917,-15.032358536303,13.6147917032242));
#11074=CARTESIAN_POINT('Ctrl Pts',(-13.6249999999917,-14.9824314998322,
13.6341568424811));
#11075=CARTESIAN_POINT('Ctrl Pts',(-13.6249999999917,-14.8899016596877,
13.6700462796774));
#11076=CARTESIAN_POINT('Ctrl Pts',(-13.6249999999917,-14.8355183456536,
13.7524883993619));
#11077=CARTESIAN_POINT('Ctrl Pts',(-13.6249999999917,-14.8104790540337,
13.7904465913773));
#11078=CARTESIAN_POINT('Ctrl Pts',(-12.8249999999917,-15.5408335419297,
13.5593224287034));
#11079=CARTESIAN_POINT('Ctrl Pts',(-13.6249999999917,-15.5408335419297,
13.5593224287033));
#11080=CARTESIAN_POINT('Ctrl Pts',(-12.8249999999917,-15.4409308842735,
13.5596725956778));
#11081=CARTESIAN_POINT('Ctrl Pts',(-13.6249999999917,-15.4409308842735,
13.5596725956778));
#11082=CARTESIAN_POINT('Ctrl Pts',(-12.8249999999917,-15.269266350184,13.5602742938901));
#11083=CARTESIAN_POINT('Ctrl Pts',(-13.6249999999917,-15.269266350184,13.5602742938901));
#11084=CARTESIAN_POINT('Ctrl Pts',(-12.8249999999917,-15.102198736589,13.5987200223261));
#11085=CARTESIAN_POINT('Ctrl Pts',(-13.6249999999917,-15.102198736589,13.5987200223261));
#11086=CARTESIAN_POINT('Ctrl Pts',(-12.8249999999917,-15.032358536303,13.6147917032242));
#11087=CARTESIAN_POINT('Ctrl Pts',(-13.6249999999917,-15.032358536303,13.6147917032242));
#11088=CARTESIAN_POINT('Ctrl Pts',(-12.8249999999917,-15.5408335419297,
13.5593224287034));
#11089=CARTESIAN_POINT('Ctrl Pts',(-12.8249999999917,-15.4409308842735,
13.5596725956778));
#11090=CARTESIAN_POINT('Ctrl Pts',(-12.8249999999917,-15.269266350184,13.5602742938901));
#11091=CARTESIAN_POINT('Ctrl Pts',(-12.8249999999917,-15.102198736589,13.5987200223261));
#11092=CARTESIAN_POINT('Ctrl Pts',(-12.8249999999917,-15.032358536303,13.6147917032242));
#11093=CARTESIAN_POINT('Ctrl Pts',(-13.6249999999917,-15.5408335419297,
13.5593224287033));
#11094=CARTESIAN_POINT('Ctrl Pts',(-13.6249999999917,-15.4409308842735,
13.5596725956778));
#11095=CARTESIAN_POINT('Ctrl Pts',(-13.6249999999917,-15.269266350184,13.5602742938901));
#11096=CARTESIAN_POINT('Ctrl Pts',(-13.6249999999917,-15.102198736589,13.5987200223261));
#11097=CARTESIAN_POINT('Ctrl Pts',(-13.6249999999917,-15.032358536303,13.6147917032242));
#11098=CARTESIAN_POINT('Origin',(-12.8249999999917,-16.5300477238297,11.0261941671372));
#11099=CARTESIAN_POINT('',(-12.8249999999917,-16.5300477238297,11.0261941671372));
#11100=CARTESIAN_POINT('',(-12.8249999999917,-15.5038536282181,11.0261941671372));
#11101=CARTESIAN_POINT('',(-12.8249999999888,-24.5419391335851,11.0261941671372));
#11102=CARTESIAN_POINT('',(-13.6249999999917,-16.5300477238297,11.0261941671372));
#11103=CARTESIAN_POINT('',(-12.8249999999917,-16.5300477238297,11.0261941671372));
#11104=CARTESIAN_POINT('',(-13.6249999999917,-15.5038536282181,11.0261941671372));
#11105=CARTESIAN_POINT('',(-13.6249999999917,-16.5300477238297,11.0261941671372));
#11106=CARTESIAN_POINT('',(-12.8249999999917,-15.5038536282181,11.0261941671372));
#11107=CARTESIAN_POINT('Origin',(-12.8249999999917,-16.5300477238297,12.6255775213242));
#11108=CARTESIAN_POINT('',(-12.8249999999917,-16.5300477238297,12.6255775213242));
#11109=CARTESIAN_POINT('',(-12.824999999989,-16.5300477238297,6.3127887606621));
#11110=CARTESIAN_POINT('',(-13.6249999999917,-16.5300477238297,12.6255775213242));
#11111=CARTESIAN_POINT('',(-12.8249999999917,-16.5300477238297,12.6255775213242));
#11112=CARTESIAN_POINT('',(-13.6249999999917,-16.5300477238297,12.6255775213242));
#11113=CARTESIAN_POINT('Origin',(-12.8249999999917,-15.3097087832093,12.6255775213242));
#11114=CARTESIAN_POINT('',(-12.8249999999917,-15.3097087832093,12.6255775213242));
#11115=CARTESIAN_POINT('',(-12.8249999999888,-23.9317696632749,12.6255775213242));
#11116=CARTESIAN_POINT('',(-13.6249999999917,-15.3097087832093,12.6255775213242));
#11117=CARTESIAN_POINT('',(-12.8249999999917,-15.3097087832093,12.6255775213242));
#11118=CARTESIAN_POINT('',(-13.6249999999917,-15.3097087832093,12.6255775213242));
#11119=CARTESIAN_POINT('Ctrl Pts',(-12.8249999999917,-14.7087839933037,
12.4869031429291));
#11120=CARTESIAN_POINT('Ctrl Pts',(-13.6249999999917,-14.7087839933037,
12.4869031429291));
#11121=CARTESIAN_POINT('Ctrl Pts',(-12.8249999999917,-14.7851647715336,
12.5270267330572));
#11122=CARTESIAN_POINT('Ctrl Pts',(-13.6249999999917,-14.7851647715336,
12.5270267330572));
#11123=CARTESIAN_POINT('Ctrl Pts',(-12.8249999999917,-14.9718677878383,
12.625103703147));
#11124=CARTESIAN_POINT('Ctrl Pts',(-13.6249999999917,-14.9718677878383,
12.625103703147));
#11125=CARTESIAN_POINT('Ctrl Pts',(-12.8249999999917,-15.1842266089726,
12.6254015339932));
#11126=CARTESIAN_POINT('Ctrl Pts',(-13.6249999999917,-15.1842266089726,
12.6254015339932));
#11127=CARTESIAN_POINT('Ctrl Pts',(-12.8249999999917,-15.3097087832093,
12.6255775213242));
#11128=CARTESIAN_POINT('Ctrl Pts',(-13.6249999999917,-15.3097087832093,
12.6255775213242));
#11129=CARTESIAN_POINT('',(-12.8249999999917,-14.7087839933037,12.4869031429291));
#11130=CARTESIAN_POINT('Ctrl Pts',(-12.8249999999917,-14.7087839933037,
12.4869031429291));
#11131=CARTESIAN_POINT('Ctrl Pts',(-12.8249999999917,-14.7851647715336,
12.5270267330572));
#11132=CARTESIAN_POINT('Ctrl Pts',(-12.8249999999917,-14.9718677878383,
12.625103703147));
#11133=CARTESIAN_POINT('Ctrl Pts',(-12.8249999999917,-15.1842266089726,
12.6254015339932));
#11134=CARTESIAN_POINT('Ctrl Pts',(-12.8249999999917,-15.3097087832093,
12.6255775213242));
#11135=CARTESIAN_POINT('',(-13.6249999999917,-14.7087839933037,12.4869031429291));
#11136=CARTESIAN_POINT('',(-12.8249999999917,-14.7087839933037,12.4869031429291));
#11137=CARTESIAN_POINT('Ctrl Pts',(-13.6249999999917,-14.7087839933037,
12.4869031429291));
#11138=CARTESIAN_POINT('Ctrl Pts',(-13.6249999999917,-14.7851647715336,
12.5270267330572));
#11139=CARTESIAN_POINT('Ctrl Pts',(-13.6249999999917,-14.9718677878383,
12.625103703147));
#11140=CARTESIAN_POINT('Ctrl Pts',(-13.6249999999917,-15.1842266089726,
12.6254015339932));
#11141=CARTESIAN_POINT('Ctrl Pts',(-13.6249999999917,-15.3097087832093,
12.6255775213242));
#11142=CARTESIAN_POINT('Ctrl Pts',(-12.8249999999917,-14.5331291051506,
12.0154083490372));
#11143=CARTESIAN_POINT('Ctrl Pts',(-13.6249999999917,-14.5331291051506,
12.0154083490372));
#11144=CARTESIAN_POINT('Ctrl Pts',(-12.8249999999917,-14.5364786721249,
12.1147206914277));
#11145=CARTESIAN_POINT('Ctrl Pts',(-13.6249999999917,-14.5364786721249,
12.1147206914277));
#11146=CARTESIAN_POINT('Ctrl Pts',(-12.8249999999917,-14.5424938517068,
12.2930666026375));
#11147=CARTESIAN_POINT('Ctrl Pts',(-13.6249999999917,-14.5424938517068,
12.2930666026375));
#11148=CARTESIAN_POINT('Ctrl Pts',(-12.8249999999917,-14.6577212460001,
12.427381717425));
#11149=CARTESIAN_POINT('Ctrl Pts',(-13.6249999999917,-14.6577212460001,
12.427381717425));
#11150=CARTESIAN_POINT('Ctrl Pts',(-12.8249999999917,-14.7087839933037,
12.4869031429291));
#11151=CARTESIAN_POINT('Ctrl Pts',(-13.6249999999917,-14.7087839933037,
12.4869031429291));
#11152=CARTESIAN_POINT('',(-12.8249999999917,-14.5331291051506,12.0154083490372));
#11153=CARTESIAN_POINT('Ctrl Pts',(-12.8249999999917,-14.5331291051506,
12.0154083490372));
#11154=CARTESIAN_POINT('Ctrl Pts',(-12.8249999999917,-14.5364786721249,
12.1147206914277));
#11155=CARTESIAN_POINT('Ctrl Pts',(-12.8249999999917,-14.5424938517068,
12.2930666026375));
#11156=CARTESIAN_POINT('Ctrl Pts',(-12.8249999999917,-14.6577212460001,
12.427381717425));
#11157=CARTESIAN_POINT('Ctrl Pts',(-12.8249999999917,-14.7087839933037,
12.4869031429291));
#11158=CARTESIAN_POINT('',(-13.6249999999917,-14.5331291051506,12.0154083490372));
#11159=CARTESIAN_POINT('',(-12.8249999999917,-14.5331291051506,12.0154083490372));
#11160=CARTESIAN_POINT('Ctrl Pts',(-13.6249999999917,-14.5331291051506,
12.0154083490372));
#11161=CARTESIAN_POINT('Ctrl Pts',(-13.6249999999917,-14.5364786721249,
12.1147206914277));
#11162=CARTESIAN_POINT('Ctrl Pts',(-13.6249999999917,-14.5424938517068,
12.2930666026375));
#11163=CARTESIAN_POINT('Ctrl Pts',(-13.6249999999917,-14.6577212460001,
12.427381717425));
#11164=CARTESIAN_POINT('Ctrl Pts',(-13.6249999999917,-14.7087839933037,
12.4869031429291));
#11165=CARTESIAN_POINT('Origin',(-12.8249999999917,-14.5331291051506,11.5346688747406));
#11166=CARTESIAN_POINT('',(-12.8249999999917,-14.5331291051506,11.5346688747406));
#11167=CARTESIAN_POINT('',(-12.8249999999891,-14.5331291051506,5.76733443737032));
#11168=CARTESIAN_POINT('',(-13.6249999999917,-14.5331291051506,11.5346688747406));
#11169=CARTESIAN_POINT('',(-12.8249999999917,-14.5331291051506,11.5346688747406));
#11170=CARTESIAN_POINT('',(-13.6249999999917,-14.5331291051506,11.5346688747406));
#11171=CARTESIAN_POINT('Ctrl Pts',(-12.8249999999917,-14.7550091834664,
11.1463791847229));
#11172=CARTESIAN_POINT('Ctrl Pts',(-13.6249999999917,-14.7550091834664,
11.1463791847229));
#11173=CARTESIAN_POINT('Ctrl Pts',(-12.8249999999917,-14.6903005314774,
11.1934193612425));
#11174=CARTESIAN_POINT('Ctrl Pts',(-13.6249999999917,-14.6903005314774,
11.1934193612425));
#11175=CARTESIAN_POINT('Ctrl Pts',(-12.8249999999917,-14.5583976212285,
11.2893066342862));
#11176=CARTESIAN_POINT('Ctrl Pts',(-13.6249999999917,-14.5583976212285,
11.2893066342862));
#11177=CARTESIAN_POINT('Ctrl Pts',(-12.8249999999917,-14.5416570978283,
11.4518603954649));
#11178=CARTESIAN_POINT('Ctrl Pts',(-13.6249999999917,-14.5416570978283,
11.4518603954649));
#11179=CARTESIAN_POINT('Ctrl Pts',(-12.8249999999917,-14.5331291051506,
11.5346688747406));
#11180=CARTESIAN_POINT('Ctrl Pts',(-13.6249999999917,-14.5331291051506,
11.5346688747406));
#11181=CARTESIAN_POINT('',(-12.8249999999917,-14.7550091834664,11.1463791847229));
#11182=CARTESIAN_POINT('Ctrl Pts',(-12.8249999999917,-14.7550091834664,
11.1463791847229));
#11183=CARTESIAN_POINT('Ctrl Pts',(-12.8249999999917,-14.6903005314774,
11.1934193612425));
#11184=CARTESIAN_POINT('Ctrl Pts',(-12.8249999999917,-14.5583976212285,
11.2893066342862));
#11185=CARTESIAN_POINT('Ctrl Pts',(-12.8249999999917,-14.5416570978283,
11.4518603954649));
#11186=CARTESIAN_POINT('Ctrl Pts',(-12.8249999999917,-14.5331291051506,
11.5346688747406));
#11187=CARTESIAN_POINT('',(-13.6249999999917,-14.7550091834664,11.1463791847229));
#11188=CARTESIAN_POINT('',(-12.8249999999917,-14.7550091834664,11.1463791847229));
#11189=CARTESIAN_POINT('Ctrl Pts',(-13.6249999999917,-14.7550091834664,
11.1463791847229));
#11190=CARTESIAN_POINT('Ctrl Pts',(-13.6249999999917,-14.6903005314774,
11.1934193612425));
#11191=CARTESIAN_POINT('Ctrl Pts',(-13.6249999999917,-14.5583976212285,
11.2893066342862));
#11192=CARTESIAN_POINT('Ctrl Pts',(-13.6249999999917,-14.5416570978283,
11.4518603954649));
#11193=CARTESIAN_POINT('Ctrl Pts',(-13.6249999999917,-14.5331291051506,
11.5346688747406));
#11194=CARTESIAN_POINT('Ctrl Pts',(-12.8249999999917,-15.5038536282181,
11.0261941671372));
#11195=CARTESIAN_POINT('Ctrl Pts',(-13.6249999999917,-15.5038536282181,
11.0261941671372));
#11196=CARTESIAN_POINT('Ctrl Pts',(-12.8249999999917,-15.351814764943,11.0262791221011));
#11197=CARTESIAN_POINT('Ctrl Pts',(-13.6249999999917,-15.351814764943,11.0262791221011));
#11198=CARTESIAN_POINT('Ctrl Pts',(-12.8249999999917,-15.0949328220559,
11.0264226603762));
#11199=CARTESIAN_POINT('Ctrl Pts',(-13.6249999999917,-15.0949328220559,
11.0264226603762));
#11200=CARTESIAN_POINT('Ctrl Pts',(-12.8249999999917,-14.8535333078314,
11.1116107538713));
#11201=CARTESIAN_POINT('Ctrl Pts',(-13.6249999999917,-14.8535333078314,
11.1116107538713));
#11202=CARTESIAN_POINT('Ctrl Pts',(-12.8249999999917,-14.7550091834664,
11.1463791847229));
#11203=CARTESIAN_POINT('Ctrl Pts',(-13.6249999999917,-14.7550091834664,
11.1463791847229));
#11204=CARTESIAN_POINT('Ctrl Pts',(-12.8249999999917,-15.5038536282181,
11.0261941671372));
#11205=CARTESIAN_POINT('Ctrl Pts',(-12.8249999999917,-15.351814764943,11.0262791221011));
#11206=CARTESIAN_POINT('Ctrl Pts',(-12.8249999999917,-15.0949328220559,
11.0264226603762));
#11207=CARTESIAN_POINT('Ctrl Pts',(-12.8249999999917,-14.8535333078314,
11.1116107538713));
#11208=CARTESIAN_POINT('Ctrl Pts',(-12.8249999999917,-14.7550091834664,
11.1463791847229));
#11209=CARTESIAN_POINT('Ctrl Pts',(-13.6249999999917,-15.5038536282181,
11.0261941671372));
#11210=CARTESIAN_POINT('Ctrl Pts',(-13.6249999999917,-15.351814764943,11.0262791221011));
#11211=CARTESIAN_POINT('Ctrl Pts',(-13.6249999999917,-15.0949328220559,
11.0264226603762));
#11212=CARTESIAN_POINT('Ctrl Pts',(-13.6249999999917,-14.8535333078314,
11.1116107538713));
#11213=CARTESIAN_POINT('Ctrl Pts',(-13.6249999999917,-14.7550091834664,
11.1463791847229));
#11214=CARTESIAN_POINT('Origin',(-12.8249999999917,-17.9722665937542,10.0000000715256));
#11215=CARTESIAN_POINT('',(-13.6249999999917,-17.9722665937542,10.0000000715256));
#11216=CARTESIAN_POINT('',(-12.8249999999917,-17.9722665937542,10.0000000715256));
#11217=CARTESIAN_POINT('',(-13.6249999999917,-17.9722665937542,16.0000003099442));
#11218=CARTESIAN_POINT('',(-13.6249999999917,-17.9722665937542,10.0000000715256));
#11219=CARTESIAN_POINT('',(-12.8249999999917,-17.9722665937542,16.0000003099442));
#11220=CARTESIAN_POINT('Origin',(-12.8249999999917,-15.4761183949112,10.0000000715256));
#11221=CARTESIAN_POINT('',(-13.6249999999917,-15.4761183949112,10.0000000715256));
#11222=CARTESIAN_POINT('',(-12.8249999999917,-15.4761183949112,10.0000000715256));
#11223=CARTESIAN_POINT('',(-13.6249999999917,-15.4761183949112,10.0000000715256));
#11224=CARTESIAN_POINT('Ctrl Pts',(-12.8249999999917,-13.6733452172875,
10.3050846576691));
#11225=CARTESIAN_POINT('Ctrl Pts',(-13.6249999999917,-13.6733452172875,
10.3050846576691));
#11226=CARTESIAN_POINT('Ctrl Pts',(-12.8249999999917,-13.9183641982062,
10.2166375256732));
#11227=CARTESIAN_POINT('Ctrl Pts',(-13.6249999999917,-13.9183641982062,
10.2166375256732));
#11228=CARTESIAN_POINT('Ctrl Pts',(-12.8249999999917,-14.4990409866302,
10.0070243913758));
#11229=CARTESIAN_POINT('Ctrl Pts',(-13.6249999999917,-14.4990409866302,
10.0070243913758));
#11230=CARTESIAN_POINT('Ctrl Pts',(-12.8249999999917,-15.1182102005862,
10.0025731139608));
#11231=CARTESIAN_POINT('Ctrl Pts',(-13.6249999999917,-15.1182102005862,
10.0025731139608));
#11232=CARTESIAN_POINT('Ctrl Pts',(-12.8249999999917,-15.4761183949112,
10.0000000715256));
#11233=CARTESIAN_POINT('Ctrl Pts',(-13.6249999999917,-15.4761183949112,
10.0000000715256));
#11234=CARTESIAN_POINT('',(-13.6249999999917,-13.6733452172875,10.3050846576691));
#11235=CARTESIAN_POINT('',(-12.8249999999917,-13.6733452172875,10.3050846576691));
#11236=CARTESIAN_POINT('Ctrl Pts',(-13.6249999999917,-13.6733452172875,
10.3050846576691));
#11237=CARTESIAN_POINT('Ctrl Pts',(-13.6249999999917,-13.9183641982062,
10.2166375256732));
#11238=CARTESIAN_POINT('Ctrl Pts',(-13.6249999999917,-14.4990409866302,
10.0070243913758));
#11239=CARTESIAN_POINT('Ctrl Pts',(-13.6249999999917,-15.1182102005862,
10.0025731139608));
#11240=CARTESIAN_POINT('Ctrl Pts',(-13.6249999999917,-15.4761183949112,
10.0000000715256));
#11241=CARTESIAN_POINT('Ctrl Pts',(-12.8249999999917,-13.0909100862145,
11.3405240297318));
#11242=CARTESIAN_POINT('Ctrl Pts',(-13.6249999999917,-13.0909100862145,
11.3405240297318));
#11243=CARTESIAN_POINT('Ctrl Pts',(-12.8249999999917,-13.1118289484491,
11.1166146317348));
#11244=CARTESIAN_POINT('Ctrl Pts',(-13.6249999999917,-13.1118289484491,
11.1166146317348));
#11245=CARTESIAN_POINT('Ctrl Pts',(-12.8249999999917,-13.1523366476689,
10.6830320379584));
#11246=CARTESIAN_POINT('Ctrl Pts',(-13.6249999999917,-13.1523366476689,
10.6830320379584));
#11247=CARTESIAN_POINT('Ctrl Pts',(-12.8249999999917,-13.5035192575463,
10.4282789395526));
#11248=CARTESIAN_POINT('Ctrl Pts',(-13.6249999999917,-13.5035192575463,
10.4282789395526));
#11249=CARTESIAN_POINT('Ctrl Pts',(-12.8249999999917,-13.6733452172875,
10.3050846576691));
#11250=CARTESIAN_POINT('Ctrl Pts',(-13.6249999999917,-13.6733452172875,
10.3050846576691));
#11251=CARTESIAN_POINT('',(-13.6249999999917,-13.0909100862145,11.3405240297318));
#11252=CARTESIAN_POINT('',(-12.8249999999917,-13.0909100862145,11.3405240297318));
#11253=CARTESIAN_POINT('Ctrl Pts',(-13.6249999999917,-13.0909100862145,
11.3405240297318));
#11254=CARTESIAN_POINT('Ctrl Pts',(-13.6249999999917,-13.1118289484491,
11.1166146317348));
#11255=CARTESIAN_POINT('Ctrl Pts',(-13.6249999999917,-13.1523366476689,
10.6830320379584));
#11256=CARTESIAN_POINT('Ctrl Pts',(-13.6249999999917,-13.5035192575463,
10.4282789395526));
#11257=CARTESIAN_POINT('Ctrl Pts',(-13.6249999999917,-13.6733452172875,
10.3050846576691));
#11258=CARTESIAN_POINT('Origin',(-12.8249999999917,-13.0909100862145,12.2650230646134));
#11259=CARTESIAN_POINT('',(-13.6249999999917,-13.0909100862145,12.2650230646134));
#11260=CARTESIAN_POINT('',(-12.8249999999917,-13.0909100862145,12.2650230646134));
#11261=CARTESIAN_POINT('',(-13.6249999999917,-13.0909100862145,12.2650230646134));
#11262=CARTESIAN_POINT('Ctrl Pts',(-12.8249999999917,-13.3867499919533,
12.8474575996399));
#11263=CARTESIAN_POINT('Ctrl Pts',(-13.6249999999917,-13.3867499919533,
12.8474575996399));
#11264=CARTESIAN_POINT('Ctrl Pts',(-12.8249999999917,-13.3005439085628,
12.7618066619346));
#11265=CARTESIAN_POINT('Ctrl Pts',(-13.6249999999917,-13.3005439085628,
12.7618066619346));
#11266=CARTESIAN_POINT('Ctrl Pts',(-12.8249999999917,-13.1372095270254,
12.5995241130936));
#11267=CARTESIAN_POINT('Ctrl Pts',(-13.6249999999917,-13.1372095270254,
12.5995241130936));
#11268=CARTESIAN_POINT('Ctrl Pts',(-12.8249999999917,-13.1057606113753,
12.3723141279564));
#11269=CARTESIAN_POINT('Ctrl Pts',(-13.6249999999917,-13.1057606113753,
12.3723141279564));
#11270=CARTESIAN_POINT('Ctrl Pts',(-12.8249999999917,-13.0909100862145,
12.2650230646134));
#11271=CARTESIAN_POINT('Ctrl Pts',(-13.6249999999917,-13.0909100862145,
12.2650230646134));
#11272=CARTESIAN_POINT('',(-13.6249999999917,-13.3867499919533,12.8474575996399));
#11273=CARTESIAN_POINT('',(-12.8249999999917,-13.3867499919533,12.8474575996399));
#11274=CARTESIAN_POINT('Ctrl Pts',(-13.6249999999917,-13.3867499919533,
12.8474575996399));
#11275=CARTESIAN_POINT('Ctrl Pts',(-13.6249999999917,-13.3005439085628,
12.7618066619346));
#11276=CARTESIAN_POINT('Ctrl Pts',(-13.6249999999917,-13.1372095270254,
12.5995241130936));
#11277=CARTESIAN_POINT('Ctrl Pts',(-13.6249999999917,-13.1057606113753,
12.3723141279564));
#11278=CARTESIAN_POINT('Ctrl Pts',(-13.6249999999917,-13.0909100862145,
12.2650230646134));
#11279=CARTESIAN_POINT('Ctrl Pts',(-12.8249999999917,-14.0246549935936,
13.1525421857834));
#11280=CARTESIAN_POINT('Ctrl Pts',(-13.6249999999917,-14.0246549935936,
13.1525421857834));
#11281=CARTESIAN_POINT('Ctrl Pts',(-12.8249999999917,-13.9089692270375,
13.1293698039637));
#11282=CARTESIAN_POINT('Ctrl Pts',(-13.6249999999917,-13.9089692270375,
13.1293698039637));
#11283=CARTESIAN_POINT('Ctrl Pts',(-12.8249999999917,-13.6708261052352,
13.081668660509));
#11284=CARTESIAN_POINT('Ctrl Pts',(-13.6249999999917,-13.6708261052352,
13.081668660509));
#11285=CARTESIAN_POINT('Ctrl Pts',(-12.8249999999917,-13.4832202179659,
12.9269940087933));
#11286=CARTESIAN_POINT('Ctrl Pts',(-13.6249999999917,-13.4832202179659,
12.9269940087933));
#11287=CARTESIAN_POINT('Ctrl Pts',(-12.8249999999917,-13.3867499919533,
12.8474575996399));
#11288=CARTESIAN_POINT('Ctrl Pts',(-13.6249999999917,-13.3867499919533,
12.8474575996399));
#11289=CARTESIAN_POINT('',(-13.6249999999917,-14.0246549935936,13.1525421857834));
#11290=CARTESIAN_POINT('',(-12.8249999999917,-14.0246549935936,13.1525421857834));
#11291=CARTESIAN_POINT('Ctrl Pts',(-13.6249999999917,-14.0246549935936,
13.1525421857834));
#11292=CARTESIAN_POINT('Ctrl Pts',(-13.6249999999917,-13.9089692270375,
13.1293698039637));
#11293=CARTESIAN_POINT('Ctrl Pts',(-13.6249999999917,-13.6708261052352,
13.081668660509));
#11294=CARTESIAN_POINT('Ctrl Pts',(-13.6249999999917,-13.4832202179659,
12.9269940087933));
#11295=CARTESIAN_POINT('Ctrl Pts',(-13.6249999999917,-13.3867499919533,
12.8474575996399));
#11296=CARTESIAN_POINT('Origin',(-12.8249999999917,-14.0246549935936,13.1987673759461));
#11297=CARTESIAN_POINT('',(-13.6249999999917,-14.0246549935936,13.1987673759461));
#11298=CARTESIAN_POINT('',(-12.8249999999917,-14.0246549935936,13.1987673759461));
#11299=CARTESIAN_POINT('',(-13.6249999999917,-14.0246549935936,13.1987673759461));
#11300=CARTESIAN_POINT('Ctrl Pts',(-12.8249999999917,-13.5624048801064,
13.5038519620896));
#11301=CARTESIAN_POINT('Ctrl Pts',(-13.6249999999917,-13.5624048801064,
13.5038519620896));
#11302=CARTESIAN_POINT('Ctrl Pts',(-12.8249999999917,-13.6296076846796,
13.4358568180565));
#11303=CARTESIAN_POINT('Ctrl Pts',(-13.6249999999917,-13.6296076846796,
13.4358568180564));
#11304=CARTESIAN_POINT('Ctrl Pts',(-12.8249999999917,-13.76229148341,13.3016086410223));
#11305=CARTESIAN_POINT('Ctrl Pts',(-13.6249999999917,-13.76229148341,13.3016086410223));
#11306=CARTESIAN_POINT('Ctrl Pts',(-12.8249999999917,-13.9379603631951,
13.2327499425738));
#11307=CARTESIAN_POINT('Ctrl Pts',(-13.6249999999917,-13.9379603631951,
13.2327499425738));
#11308=CARTESIAN_POINT('Ctrl Pts',(-12.8249999999917,-14.0246549935936,
13.1987673759461));
#11309=CARTESIAN_POINT('Ctrl Pts',(-13.6249999999917,-14.0246549935936,
13.1987673759461));
#11310=CARTESIAN_POINT('',(-13.6249999999917,-13.5624048801064,13.5038519620896));
#11311=CARTESIAN_POINT('',(-12.8249999999917,-13.5624048801064,13.5038519620896));
#11312=CARTESIAN_POINT('Ctrl Pts',(-13.6249999999917,-13.5624048801064,
13.5038519620896));
#11313=CARTESIAN_POINT('Ctrl Pts',(-13.6249999999917,-13.6296076846796,
13.4358568180564));
#11314=CARTESIAN_POINT('Ctrl Pts',(-13.6249999999917,-13.76229148341,13.3016086410223));
#11315=CARTESIAN_POINT('Ctrl Pts',(-13.6249999999917,-13.9379603631951,
13.2327499425738));
#11316=CARTESIAN_POINT('Ctrl Pts',(-13.6249999999917,-14.0246549935936,
13.1987673759461));
#11317=CARTESIAN_POINT('Ctrl Pts',(-12.8249999999917,-13.3590153546929,
13.9753467559815));
#11318=CARTESIAN_POINT('Ctrl Pts',(-13.6249999999917,-13.3590153546929,
13.9753467559815));
#11319=CARTESIAN_POINT('Ctrl Pts',(-12.8249999999917,-13.3691140018578,
13.8915787933674));
#11320=CARTESIAN_POINT('Ctrl Pts',(-13.6249999999917,-13.3691140018578,
13.8915787933674));
#11321=CARTESIAN_POINT('Ctrl Pts',(-12.8249999999917,-13.3904129665131,
13.7149045472201));
#11322=CARTESIAN_POINT('Ctrl Pts',(-13.6249999999917,-13.3904129665131,
13.7149045472201));
#11323=CARTESIAN_POINT('Ctrl Pts',(-12.8249999999917,-13.50313083124,13.5765875982195));
#11324=CARTESIAN_POINT('Ctrl Pts',(-13.6249999999917,-13.50313083124,13.5765875982195));
#11325=CARTESIAN_POINT('Ctrl Pts',(-12.8249999999917,-13.5624048801064,
13.5038519620896));
#11326=CARTESIAN_POINT('Ctrl Pts',(-13.6249999999917,-13.5624048801064,
13.5038519620896));
#11327=CARTESIAN_POINT('',(-13.6249999999917,-13.3590153546929,13.9753467559815));
#11328=CARTESIAN_POINT('',(-12.8249999999917,-13.3590153546929,13.9753467559815));
#11329=CARTESIAN_POINT('Ctrl Pts',(-13.6249999999917,-13.3590153546929,
13.9753467559815));
#11330=CARTESIAN_POINT('Ctrl Pts',(-13.6249999999917,-13.3691140018578,
13.8915787933674));
#11331=CARTESIAN_POINT('Ctrl Pts',(-13.6249999999917,-13.3904129665131,
13.7149045472201));
#11332=CARTESIAN_POINT('Ctrl Pts',(-13.6249999999917,-13.50313083124,13.5765875982195));
#11333=CARTESIAN_POINT('Ctrl Pts',(-13.6249999999917,-13.5624048801064,
13.5038519620896));
#11334=CARTESIAN_POINT('Origin',(-12.8249999999917,-13.3590153546929,14.7149462223053));
#11335=CARTESIAN_POINT('',(-13.6249999999917,-13.3590153546929,14.7149462223053));
#11336=CARTESIAN_POINT('',(-12.8249999999917,-13.3590153546929,14.7149462223053));
#11337=CARTESIAN_POINT('',(-13.6249999999917,-13.3590153546929,14.7149462223053));
#11338=CARTESIAN_POINT('Ctrl Pts',(-12.8249999999917,-13.5531601997017,
15.473035645485));
#11339=CARTESIAN_POINT('Ctrl Pts',(-13.6249999999917,-13.5531601997017,
15.473035645485));
#11340=CARTESIAN_POINT('Ctrl Pts',(-12.8249999999917,-13.4966931184046,
15.3673471953539));
#11341=CARTESIAN_POINT('Ctrl Pts',(-13.6249999999917,-13.4966931184046,
15.3673471953539));
#11342=CARTESIAN_POINT('Ctrl Pts',(-12.8249999999917,-13.3706474464857,
15.13142971202));
#11343=CARTESIAN_POINT('Ctrl Pts',(-13.6249999999917,-13.3706474464857,
15.13142971202));
#11344=CARTESIAN_POINT('Ctrl Pts',(-12.8249999999917,-13.363152594841,14.8630788406995));
#11345=CARTESIAN_POINT('Ctrl Pts',(-13.6249999999917,-13.363152594841,14.8630788406995));
#11346=CARTESIAN_POINT('Ctrl Pts',(-12.8249999999917,-13.3590153546929,
14.7149462223053));
#11347=CARTESIAN_POINT('Ctrl Pts',(-13.6249999999917,-13.3590153546929,
14.7149462223053));
#11348=CARTESIAN_POINT('',(-13.6249999999917,-13.5531601997017,15.473035645485));
#11349=CARTESIAN_POINT('',(-12.8249999999917,-13.5531601997017,15.473035645485));
#11350=CARTESIAN_POINT('Ctrl Pts',(-13.6249999999917,-13.5531601997017,
15.473035645485));
#11351=CARTESIAN_POINT('Ctrl Pts',(-13.6249999999917,-13.4966931184046,
15.3673471953539));
#11352=CARTESIAN_POINT('Ctrl Pts',(-13.6249999999917,-13.3706474464857,
15.13142971202));
#11353=CARTESIAN_POINT('Ctrl Pts',(-13.6249999999917,-13.363152594841,14.8630788406995));
#11354=CARTESIAN_POINT('Ctrl Pts',(-13.6249999999917,-13.3590153546929,
14.7149462223053));
#11355=CARTESIAN_POINT('Ctrl Pts',(-12.8249999999917,-14.218799242556,15.8705700159073));
#11356=CARTESIAN_POINT('Ctrl Pts',(-13.6249999999917,-14.218799242556,15.8705700159073));
#11357=CARTESIAN_POINT('Ctrl Pts',(-12.8249999999917,-14.077318847006,15.82936175893));
#11358=CARTESIAN_POINT('Ctrl Pts',(-13.6249999999917,-14.077318847006,15.82936175893));
#11359=CARTESIAN_POINT('Ctrl Pts',(-12.8249999999917,-13.8197108621023,
15.7543296246187));
#11360=CARTESIAN_POINT('Ctrl Pts',(-13.6249999999917,-13.8197108621023,
15.7543296246187));
#11361=CARTESIAN_POINT('Ctrl Pts',(-12.8249999999917,-13.6359831579569,
15.5604396657241));
#11362=CARTESIAN_POINT('Ctrl Pts',(-13.6249999999917,-13.6359831579569,
15.5604396657241));
#11363=CARTESIAN_POINT('Ctrl Pts',(-12.8249999999917,-13.5531601997017,
15.473035645485));
#11364=CARTESIAN_POINT('Ctrl Pts',(-13.6249999999917,-13.5531601997017,
15.473035645485));
#11365=CARTESIAN_POINT('',(-13.6249999999917,-14.218799242556,15.8705700159073));
#11366=CARTESIAN_POINT('',(-12.8249999999917,-14.218799242556,15.8705700159073));
#11367=CARTESIAN_POINT('Ctrl Pts',(-13.6249999999917,-14.218799242556,15.8705700159073));
#11368=CARTESIAN_POINT('Ctrl Pts',(-13.6249999999917,-14.077318847006,15.82936175893));
#11369=CARTESIAN_POINT('Ctrl Pts',(-13.6249999999917,-13.8197108621023,
15.7543296246187));
#11370=CARTESIAN_POINT('Ctrl Pts',(-13.6249999999917,-13.6359831579569,
15.5604396657241));
#11371=CARTESIAN_POINT('Ctrl Pts',(-13.6249999999917,-13.5531601997017,
15.473035645485));
#11372=CARTESIAN_POINT('Ctrl Pts',(-12.8249999999917,-15.5408335419297,
16.0000003099442));
#11373=CARTESIAN_POINT('Ctrl Pts',(-13.6249999999917,-15.5408335419297,
16.0000003099442));
#11374=CARTESIAN_POINT('Ctrl Pts',(-12.8249999999917,-15.2863723539661,
15.9984839605835));
#11375=CARTESIAN_POINT('Ctrl Pts',(-13.6249999999917,-15.2863723539661,
15.9984839605835));
#11376=CARTESIAN_POINT('Ctrl Pts',(-12.8249999999917,-14.8413516686865,
15.9958320558391));
#11377=CARTESIAN_POINT('Ctrl Pts',(-13.6249999999917,-14.8413516686865,
15.9958320558391));
#11378=CARTESIAN_POINT('Ctrl Pts',(-12.8249999999917,-14.4054527610654,
15.9081260505601));
#11379=CARTESIAN_POINT('Ctrl Pts',(-13.6249999999917,-14.4054527610654,
15.9081260505601));
#11380=CARTESIAN_POINT('Ctrl Pts',(-12.8249999999917,-14.218799242556,15.8705700159073));
#11381=CARTESIAN_POINT('Ctrl Pts',(-13.6249999999917,-14.218799242556,15.8705700159073));
#11382=CARTESIAN_POINT('',(-13.6249999999917,-15.5408335419297,16.0000003099442));
#11383=CARTESIAN_POINT('',(-12.8249999999917,-15.5408335419297,16.0000003099442));
#11384=CARTESIAN_POINT('Ctrl Pts',(-13.6249999999917,-15.5408335419297,
16.0000003099442));
#11385=CARTESIAN_POINT('Ctrl Pts',(-13.6249999999917,-15.2863723539661,
15.9984839605835));
#11386=CARTESIAN_POINT('Ctrl Pts',(-13.6249999999917,-14.8413516686865,
15.9958320558391));
#11387=CARTESIAN_POINT('Ctrl Pts',(-13.6249999999917,-14.4054527610654,
15.9081260505601));
#11388=CARTESIAN_POINT('Ctrl Pts',(-13.6249999999917,-14.218799242556,15.8705700159073));
#11389=CARTESIAN_POINT('Origin',(-12.8249999999917,-17.9722665937542,16.0000003099442));
#11390=CARTESIAN_POINT('',(-13.6249999999917,-17.9722665937542,16.0000003099442));
#11391=CARTESIAN_POINT('Origin',(-13.6249999999917,-1.43229903633096E-7,
13.0000004887581));
#11392=CARTESIAN_POINT('Origin',(-12.8249999999885,-32.5538305433406,0.));
#11393=CARTESIAN_POINT('Origin',(-12.8249999999885,-32.5538305433406,0.));
#11394=CARTESIAN_POINT('Origin',(-12.8249999999885,-32.5538305433406,0.));
#11395=CARTESIAN_POINT('Origin',(-12.8249999999917,-23.7964712304584,16.));
#11396=CARTESIAN_POINT('',(-15.8249999999917,-21.31118985622,16.));
#11397=CARTESIAN_POINT('Origin',(-15.8249999999917,-22.5538305433392,13.));
#11398=CARTESIAN_POINT('',(-15.8249999999917,-22.2017490153221,14.7));
#11399=CARTESIAN_POINT('Origin',(-12.8249999999917,21.31118985622,16.));
#11400=CARTESIAN_POINT('',(-15.8249999999917,21.31118985622,16.));
#11401=CARTESIAN_POINT('Origin',(-15.8249999999917,22.5538305433392,13.));
#11402=CARTESIAN_POINT('',(-15.8249999999917,22.9059120713563,14.7));
#11403=CARTESIAN_POINT('Origin',(-20.8249999999917,-21.8496674873049,14.7));
#11404=CARTESIAN_POINT('',(-20.8249999999909,4.82516625634752,14.7));
#11405=CARTESIAN_POINT('Origin',(-20.8249999999917,23.2579935993735,14.7));
#11406=CARTESIAN_POINT('',(-20.8249999999924,27.3789967996867,14.7));
#11407=CARTESIAN_POINT('Origin',(-8.87768373673866,7.52684153495572,0.));
#11408=CARTESIAN_POINT('Origin',(-12.8249999999999,8.00000000000001,0.));
#11409=CARTESIAN_POINT('Origin',(-12.8249999999889,-12.9143759005735,0.));
#11410=CARTESIAN_POINT('Origin',(-12.8249999999885,-32.5538305433406,0.));
#11411=CARTESIAN_POINT('Origin',(-20.8249999999927,31.5,0.));
#11412=UNCERTAINTY_MEASURE_WITH_UNIT(LENGTH_MEASURE(0.01),#11416,
'DISTANCE_ACCURACY_VALUE',
'Maximum model space distance between geometric entities at asserted c
onnectivities');
#11413=UNCERTAINTY_MEASURE_WITH_UNIT(LENGTH_MEASURE(0.01),#11416,
'DISTANCE_ACCURACY_VALUE',
'Maximum model space distance between geometric entities at asserted c
onnectivities');
#11414=(
GEOMETRIC_REPRESENTATION_CONTEXT(3)
GLOBAL_UNCERTAINTY_ASSIGNED_CONTEXT((#11412))
GLOBAL_UNIT_ASSIGNED_CONTEXT((#11416,#11418,#11419))
REPRESENTATION_CONTEXT('','3D')
);
#11415=(
GEOMETRIC_REPRESENTATION_CONTEXT(3)
GLOBAL_UNCERTAINTY_ASSIGNED_CONTEXT((#11413))
GLOBAL_UNIT_ASSIGNED_CONTEXT((#11416,#11418,#11419))
REPRESENTATION_CONTEXT('','3D')
);
#11416=(
LENGTH_UNIT()
NAMED_UNIT(*)
SI_UNIT(.MILLI.,.METRE.)
);
#11417=(
LENGTH_UNIT()
NAMED_UNIT(*)
SI_UNIT($,.METRE.)
);
#11418=(
NAMED_UNIT(*)
PLANE_ANGLE_UNIT()
SI_UNIT($,.RADIAN.)
);
#11419=(
NAMED_UNIT(*)
SI_UNIT($,.STERADIAN.)
SOLID_ANGLE_UNIT()
);
#11420=SHAPE_DEFINITION_REPRESENTATION(#11421,#11422);
#11421=PRODUCT_DEFINITION_SHAPE('',$,#11424);
#11422=SHAPE_REPRESENTATION('',(#5926),#11414);
#11423=PRODUCT_DEFINITION_CONTEXT('part definition',#11428,'design');
#11424=PRODUCT_DEFINITION('btt_sb2209_usb_bracket',
'btt_sb2209_usb_bracket v7',#11425,#11423);
#11425=PRODUCT_DEFINITION_FORMATION('',$,#11430);
#11426=PRODUCT_RELATED_PRODUCT_CATEGORY('btt_sb2209_usb_bracket v7',
'btt_sb2209_usb_bracket v7',(#11430));
#11427=APPLICATION_PROTOCOL_DEFINITION('international standard',
'automotive_design',2009,#11428);
#11428=APPLICATION_CONTEXT(
'Core Data for Automotive Mechanical Design Process');
#11429=PRODUCT_CONTEXT('part definition',#11428,'mechanical');
#11430=PRODUCT('btt_sb2209_usb_bracket','btt_sb2209_usb_bracket v7',$,(#11429));
#11431=PRESENTATION_STYLE_ASSIGNMENT((#11433));
#11432=PRESENTATION_STYLE_ASSIGNMENT((#11434));
#11433=SURFACE_STYLE_USAGE(.BOTH.,#11435);
#11434=SURFACE_STYLE_USAGE(.BOTH.,#11436);
#11435=SURFACE_SIDE_STYLE('',(#11437));
#11436=SURFACE_SIDE_STYLE('',(#11438));
#11437=SURFACE_STYLE_FILL_AREA(#11439);
#11438=SURFACE_STYLE_FILL_AREA(#11440);
#11439=FILL_AREA_STYLE('Steel - Satin',(#11441));
#11440=FILL_AREA_STYLE('Plastic - Matte (Black)',(#11442));
#11441=FILL_AREA_STYLE_COLOUR('Steel - Satin',#11443);
#11442=FILL_AREA_STYLE_COLOUR('Plastic - Matte (Black)',#11444);
#11443=COLOUR_RGB('Steel - Satin',0.627450980392157,0.627450980392157,0.627450980392157);
#11444=COLOUR_RGB('Plastic - Matte (Black)',0.156862745098039,0.156862745098039,
0.156862745098039);
ENDSEC;
END-ISO-10303-21;
