ISO-10303-21;
HEADER;
/* Generated by software containing ST-Developer
 * from STEP Tools, Inc. (www.steptools.com) 
 */

FILE_DESCRIPTION(
/* description */ (''),
/* implementation_level */ '2;1');

FILE_NAME(
/* name */ 'raspberry_pi_bracket.step',
/* time_stamp */ '2026-02-15T12:02:32-05:00',
/* author */ (''),
/* organization */ (''),
/* preprocessor_version */ 'ST-DEVELOPER v20.1',
/* originating_system */ 'Autodesk Translation Framework v14.24.0.0',
/* authorisation */ '');

FILE_SCHEMA (('AUTOMOTIVE_DESIGN { 1 0 10303 214 3 1 1 }'));
ENDSEC;

DATA;
#10=MECHANICAL_DESIGN_GEOMETRIC_PRESENTATION_REPRESENTATION('',(#13),#7588);
#11=SHAPE_REPRESENTATION_RELATIONSHIP('SRR','None',#7595,#12);
#12=ADVANCED_BREP_SHAPE_REPRESENTATION('',(#14),#7587);
#13=STYLED_ITEM('',(#7605),#14);
#14=MANIFOLD_SOLID_BREP('Body1',#3736);
#15=TOROIDAL_SURFACE('',#3951,3.5,1.);
#16=TOROIDAL_SURFACE('',#3959,3.5,1.);
#17=TOROIDAL_SURFACE('',#3980,3.5,1.);
#18=TOROIDAL_SURFACE('',#3987,3.5,1.);
#19=TOROIDAL_SURFACE('',#3993,6.,1.);
#20=TOROIDAL_SURFACE('',#3997,6.,1.);
#21=TOROIDAL_SURFACE('',#4005,6.,1.);
#22=TOROIDAL_SURFACE('',#4014,6.,1.);
#23=ELLIPSE('',#3901,1.69705627484771,1.2);
#24=ELLIPSE('',#3902,1.69705627484771,1.2);
#25=ELLIPSE('',#3904,1.69705627484771,1.2);
#26=ELLIPSE('',#3907,1.69705627484771,1.2);
#27=(
BOUNDED_CURVE()
B_SPLINE_CURVE(2,(#6348,#6349,#6350),.UNSPECIFIED.,.F.,.F.)
B_SPLINE_CURVE_WITH_KNOTS((3,3),(0.122038254700364,0.244076509400727),
 .UNSPECIFIED.)
CURVE()
GEOMETRIC_REPRESENTATION_ITEM()
RATIONAL_B_SPLINE_CURVE((1.,1.01418510567425,1.))
REPRESENTATION_ITEM('')
);
#28=(
BOUNDED_CURVE()
B_SPLINE_CURVE(2,(#6454,#6455,#6456),.UNSPECIFIED.,.F.,.F.)
B_SPLINE_CURVE_WITH_KNOTS((3,3),(0.,0.122038254700386),.UNSPECIFIED.)
CURVE()
GEOMETRIC_REPRESENTATION_ITEM()
RATIONAL_B_SPLINE_CURVE((1.,1.014185105674,1.))
REPRESENTATION_ITEM('')
);
#29=(
BOUNDED_CURVE()
B_SPLINE_CURVE(2,(#6483,#6484,#6485),.UNSPECIFIED.,.F.,.F.)
B_SPLINE_CURVE_WITH_KNOTS((3,3),(0.094280916816172,0.188561833632343),
 .UNSPECIFIED.)
CURVE()
GEOMETRIC_REPRESENTATION_ITEM()
RATIONAL_B_SPLINE_CURVE((1.,1.02469507659593,1.))
REPRESENTATION_ITEM('')
);
#30=CYLINDRICAL_SURFACE('',#3767,2.5);
#31=CYLINDRICAL_SURFACE('',#3775,2.5);
#32=CYLINDRICAL_SURFACE('',#3798,2.);
#33=CYLINDRICAL_SURFACE('',#3800,2.5);
#34=CYLINDRICAL_SURFACE('',#3804,3.5);
#35=CYLINDRICAL_SURFACE('',#3807,3.5);
#36=CYLINDRICAL_SURFACE('',#3834,1.7);
#37=CYLINDRICAL_SURFACE('',#3838,1.7);
#38=CYLINDRICAL_SURFACE('',#3858,3.);
#39=CYLINDRICAL_SURFACE('',#3888,5.);
#40=CYLINDRICAL_SURFACE('',#3891,5.);
#41=CYLINDRICAL_SURFACE('',#3898,3.);
#42=CYLINDRICAL_SURFACE('',#3900,1.2);
#43=CYLINDRICAL_SURFACE('',#3906,1.2);
#44=CYLINDRICAL_SURFACE('',#3909,5.);
#45=CYLINDRICAL_SURFACE('',#3911,5.);
#46=CYLINDRICAL_SURFACE('',#3912,5.);
#47=CYLINDRICAL_SURFACE('',#3914,5.);
#48=CYLINDRICAL_SURFACE('',#3942,2.);
#49=CYLINDRICAL_SURFACE('',#3943,2.5);
#50=CYLINDRICAL_SURFACE('',#3945,3.5);
#51=CYLINDRICAL_SURFACE('',#3947,3.5);
#52=CYLINDRICAL_SURFACE('',#3948,1.);
#53=CYLINDRICAL_SURFACE('',#3955,1.);
#54=CYLINDRICAL_SURFACE('',#3956,1.);
#55=CYLINDRICAL_SURFACE('',#3963,1.);
#56=CYLINDRICAL_SURFACE('',#3965,1.);
#57=CYLINDRICAL_SURFACE('',#3974,1.);
#58=CYLINDRICAL_SURFACE('',#3977,1.);
#59=CYLINDRICAL_SURFACE('',#3983,1.);
#60=CYLINDRICAL_SURFACE('',#3984,1.);
#61=CYLINDRICAL_SURFACE('',#3990,1.);
#62=CYLINDRICAL_SURFACE('',#3991,1.);
#63=CYLINDRICAL_SURFACE('',#3995,5.);
#64=CYLINDRICAL_SURFACE('',#4000,1.);
#65=CYLINDRICAL_SURFACE('',#4002,5.);
#66=CYLINDRICAL_SURFACE('',#4003,1.);
#67=CYLINDRICAL_SURFACE('',#4008,1.);
#68=CYLINDRICAL_SURFACE('',#4010,5.);
#69=CYLINDRICAL_SURFACE('',#4012,1.);
#70=CYLINDRICAL_SURFACE('',#4017,1.);
#71=CYLINDRICAL_SURFACE('',#4019,5.);
#72=CYLINDRICAL_SURFACE('',#4021,0.899999999999999);
#73=CYLINDRICAL_SURFACE('',#4022,0.899999999999999);
#74=CYLINDRICAL_SURFACE('',#4023,0.899999999999999);
#75=CYLINDRICAL_SURFACE('',#4025,0.899999999999999);
#76=CIRCLE('',#3765,2.5);
#77=CIRCLE('',#3766,2.3);
#78=CIRCLE('',#3768,2.5);
#79=CIRCLE('',#3769,2.5);
#80=CIRCLE('',#3771,0.899999999999999);
#81=CIRCLE('',#3773,2.5);
#82=CIRCLE('',#3774,2.3);
#83=CIRCLE('',#3776,2.5);
#84=CIRCLE('',#3777,2.5);
#85=CIRCLE('',#3779,0.899999999999999);
#86=CIRCLE('',#3781,3.5);
#87=CIRCLE('',#3782,3.70000000000004);
#88=CIRCLE('',#3785,3.5);
#89=CIRCLE('',#3786,3.7);
#90=CIRCLE('',#3788,2.5);
#91=CIRCLE('',#3789,2.3);
#92=CIRCLE('',#3791,2.);
#93=CIRCLE('',#3792,2.2);
#94=CIRCLE('',#3795,4.60000000000001);
#95=CIRCLE('',#3796,4.6);
#96=CIRCLE('',#3797,3.4);
#97=CIRCLE('',#3799,2.);
#98=CIRCLE('',#3801,2.5);
#99=CIRCLE('',#3802,2.5);
#100=CIRCLE('',#3803,2.5);
#101=CIRCLE('',#3805,3.5);
#102=CIRCLE('',#3808,3.5);
#103=CIRCLE('',#3810,3.69999999999999);
#104=CIRCLE('',#3811,3.5);
#105=CIRCLE('',#3814,3.5);
#106=CIRCLE('',#3815,3.7);
#107=CIRCLE('',#3817,2.5);
#108=CIRCLE('',#3818,2.3);
#109=CIRCLE('',#3820,2.);
#110=CIRCLE('',#3821,2.2);
#111=CIRCLE('',#3823,5.);
#112=CIRCLE('',#3824,0.899999999999999);
#113=CIRCLE('',#3826,2.09999999999999);
#114=CIRCLE('',#3827,1.7);
#115=CIRCLE('',#3829,4.6);
#116=CIRCLE('',#3830,4.60000000000001);
#117=CIRCLE('',#3831,4.59999999999999);
#118=CIRCLE('',#3832,4.6);
#119=CIRCLE('',#3833,2.1);
#120=CIRCLE('',#3835,1.7);
#121=CIRCLE('',#3837,1.7);
#122=CIRCLE('',#3839,1.7);
#123=CIRCLE('',#3842,5.);
#124=CIRCLE('',#3845,5.);
#125=CIRCLE('',#3850,5.);
#126=CIRCLE('',#3853,5.);
#127=CIRCLE('',#3857,3.);
#128=CIRCLE('',#3859,3.);
#129=CIRCLE('',#3863,5.);
#130=CIRCLE('',#3864,4.6);
#131=CIRCLE('',#3867,5.);
#132=CIRCLE('',#3868,4.6);
#133=CIRCLE('',#3872,5.);
#134=CIRCLE('',#3873,5.4);
#135=CIRCLE('',#3876,5.);
#136=CIRCLE('',#3877,5.40000000000001);
#137=CIRCLE('',#3882,5.);
#138=CIRCLE('',#3885,5.);
#139=CIRCLE('',#3889,5.);
#140=CIRCLE('',#3894,3.40000000000002);
#141=CIRCLE('',#3897,3.);
#142=CIRCLE('',#3899,3.);
#143=CIRCLE('',#3919,1.);
#144=CIRCLE('',#3920,5.);
#145=CIRCLE('',#3921,1.);
#146=CIRCLE('',#3922,1.);
#147=CIRCLE('',#3923,5.);
#148=CIRCLE('',#3924,1.);
#149=CIRCLE('',#3925,1.);
#150=CIRCLE('',#3926,5.);
#151=CIRCLE('',#3927,1.);
#152=CIRCLE('',#3928,2.5);
#153=CIRCLE('',#3929,2.);
#154=CIRCLE('',#3930,0.899999999999999);
#155=CIRCLE('',#3931,0.899999999999999);
#156=CIRCLE('',#3932,0.899999999999999);
#157=CIRCLE('',#3933,0.899999999999999);
#158=CIRCLE('',#3934,3.5);
#159=CIRCLE('',#3935,3.5);
#160=CIRCLE('',#3936,2.5);
#161=CIRCLE('',#3937,1.);
#162=CIRCLE('',#3938,5.);
#163=CIRCLE('',#3939,1.);
#164=CIRCLE('',#3944,2.5);
#165=CIRCLE('',#3949,0.999999999999999);
#166=CIRCLE('',#3950,0.999999999999992);
#167=CIRCLE('',#3952,1.00000000000001);
#168=CIRCLE('',#3953,3.5);
#169=CIRCLE('',#3954,1.00000000000001);
#170=CIRCLE('',#3957,1.00000000000002);
#171=CIRCLE('',#3958,0.999999999999996);
#172=CIRCLE('',#3960,0.999999999999992);
#173=CIRCLE('',#3961,3.5);
#174=CIRCLE('',#3962,1.00000000000001);
#175=CIRCLE('',#3966,0.999999999999998);
#176=CIRCLE('',#3968,6.);
#177=CIRCLE('',#3969,6.);
#178=CIRCLE('',#3970,3.5);
#179=CIRCLE('',#3971,6.);
#180=CIRCLE('',#3972,3.5);
#181=CIRCLE('',#3973,6.);
#182=CIRCLE('',#3975,0.999999999999998);
#183=CIRCLE('',#3978,0.999999999999997);
#184=CIRCLE('',#3979,1.);
#185=CIRCLE('',#3981,1.00000000000001);
#186=CIRCLE('',#3982,1.00000000000001);
#187=CIRCLE('',#3985,1.);
#188=CIRCLE('',#3986,0.999999999999999);
#189=CIRCLE('',#3988,0.999999999999998);
#190=CIRCLE('',#3989,0.999999999999999);
#191=CIRCLE('',#3992,0.999999999999994);
#192=CIRCLE('',#3994,5.);
#193=CIRCLE('',#3998,0.999999999999986);
#194=CIRCLE('',#3999,5.);
#195=CIRCLE('',#4004,1.);
#196=CIRCLE('',#4006,0.999999999999998);
#197=CIRCLE('',#4007,5.);
#198=CIRCLE('',#4013,0.999999999999995);
#199=CIRCLE('',#4015,0.999999999999999);
#200=CIRCLE('',#4016,5.);
#201=CIRCLE('',#4024,0.899999999999999);
#202=CONICAL_SURFACE('',#3764,2.4,0.785398163397745);
#203=CONICAL_SURFACE('',#3772,2.4,0.785398163397509);
#204=CONICAL_SURFACE('',#3780,3.60000000000002,0.785398163397683);
#205=CONICAL_SURFACE('',#3784,3.6,0.785398163397571);
#206=CONICAL_SURFACE('',#3787,2.4,0.785398163397633);
#207=CONICAL_SURFACE('',#3790,2.1,0.78539816339747);
#208=CONICAL_SURFACE('',#3809,3.6,0.785398163397324);
#209=CONICAL_SURFACE('',#3813,3.6,0.785398163397315);
#210=CONICAL_SURFACE('',#3816,2.4,0.785398163397259);
#211=CONICAL_SURFACE('',#3819,2.1,0.785398163397494);
#212=CONICAL_SURFACE('',#3825,1.9,0.785398163397079);
#213=CONICAL_SURFACE('',#3836,1.9,0.785398163396097);
#214=CONICAL_SURFACE('',#3841,4.8,0.785398163397634);
#215=CONICAL_SURFACE('',#3844,4.79999999999999,0.78539816339765);
#216=CONICAL_SURFACE('',#3849,4.8,0.785398163397479);
#217=CONICAL_SURFACE('',#3852,4.8,0.785398163397484);
#218=CONICAL_SURFACE('',#3856,3.2,0.785398163397484);
#219=CONICAL_SURFACE('',#3862,4.8,0.785398163397395);
#220=CONICAL_SURFACE('',#3866,4.8,0.785398163397404);
#221=CONICAL_SURFACE('',#3871,5.2,0.785398163397451);
#222=CONICAL_SURFACE('',#3875,5.20000000000001,0.785398163397466);
#223=CONICAL_SURFACE('',#3881,4.8,0.785398163396198);
#224=CONICAL_SURFACE('',#3884,4.80000000000001,0.785398163396194);
#225=CONICAL_SURFACE('',#3896,3.20000000000001,0.785398163397508);
#226=FACE_BOUND('',#555,.T.);
#227=FACE_BOUND('',#594,.T.);
#228=FACE_BOUND('',#595,.T.);
#229=FACE_BOUND('',#599,.T.);
#230=FACE_BOUND('',#603,.T.);
#231=FACE_BOUND('',#611,.T.);
#232=FACE_BOUND('',#623,.T.);
#233=FACE_BOUND('',#626,.T.);
#234=FACE_BOUND('',#627,.T.);
#235=FACE_BOUND('',#628,.T.);
#236=FACE_BOUND('',#669,.T.);
#237=FACE_BOUND('',#688,.T.);
#238=FACE_BOUND('',#689,.T.);
#239=FACE_BOUND('',#690,.T.);
#240=FACE_BOUND('',#691,.T.);
#241=FACE_BOUND('',#692,.T.);
#242=FACE_BOUND('',#694,.T.);
#243=FACE_BOUND('',#696,.T.);
#244=FACE_BOUND('',#752,.T.);
#245=B_SPLINE_SURFACE_WITH_KNOTS('',3,1,((#5036,#5037),(#5038,#5039),(#5040,
#5041),(#5042,#5043),(#5044,#5045)),.UNSPECIFIED.,.F.,.F.,.F.,(4,1,4),(2,
2),(0.,0.00788827498521634,0.0154037970785295),(-0.03,0.),.UNSPECIFIED.);
#246=B_SPLINE_SURFACE_WITH_KNOTS('',3,1,((#5055,#5056),(#5057,#5058),(#5059,
#5060),(#5061,#5062),(#5063,#5064)),.UNSPECIFIED.,.F.,.F.,.F.,(4,1,4),(2,
2),(0.,0.00753657323421842,0.0153000424368695),(-0.03,0.),.UNSPECIFIED.);
#247=B_SPLINE_SURFACE_WITH_KNOTS('',3,1,((#5072,#5073),(#5074,#5075),(#5076,
#5077),(#5078,#5079),(#5080,#5081)),.UNSPECIFIED.,.F.,.F.,.F.,(4,1,4),(2,
2),(0.,0.00791325269996889,0.0154920855335145),(-0.03,0.),.UNSPECIFIED.);
#248=B_SPLINE_SURFACE_WITH_KNOTS('',3,1,((#5093,#5094),(#5095,#5096),(#5097,
#5098),(#5099,#5100),(#5101,#5102)),.UNSPECIFIED.,.F.,.F.,.F.,(4,1,4),(2,
2),(0.,0.015377189988107,0.0276699762009042),(-0.03,0.),.UNSPECIFIED.);
#249=B_SPLINE_SURFACE_WITH_KNOTS('',3,1,((#5110,#5111),(#5112,#5113),(#5114,
#5115),(#5116,#5117),(#5118,#5119)),.UNSPECIFIED.,.F.,.F.,.F.,(4,1,4),(2,
2),(0.,0.0130475748655863,0.0286735848659621),(-0.03,0.),.UNSPECIFIED.);
#250=B_SPLINE_SURFACE_WITH_KNOTS('',3,1,((#5127,#5128),(#5129,#5130),(#5131,
#5132),(#5133,#5134),(#5135,#5136)),.UNSPECIFIED.,.F.,.F.,.F.,(4,1,4),(2,
2),(0.,0.0403046617629207,0.0690010057873302),(-0.03,0.),.UNSPECIFIED.);
#251=B_SPLINE_SURFACE_WITH_KNOTS('',3,1,((#5144,#5145),(#5146,#5147),(#5148,
#5149),(#5150,#5151),(#5152,#5153)),.UNSPECIFIED.,.F.,.F.,.F.,(4,1,4),(2,
2),(0.,0.0288484378573215,0.0692036132493846),(-0.03,0.),.UNSPECIFIED.);
#252=B_SPLINE_SURFACE_WITH_KNOTS('',3,1,((#5161,#5162),(#5163,#5164),(#5165,
#5166),(#5167,#5168),(#5169,#5170)),.UNSPECIFIED.,.F.,.F.,.F.,(4,1,4),(2,
2),(0.,0.0118861019831156,0.0203115260748102),(-0.03,0.),.UNSPECIFIED.);
#253=B_SPLINE_SURFACE_WITH_KNOTS('',3,1,((#5178,#5179),(#5180,#5181),(#5182,
#5183),(#5184,#5185),(#5186,#5187)),.UNSPECIFIED.,.F.,.F.,.F.,(4,1,4),(2,
2),(0.,0.00842540919384457,0.0203114969587465),(-0.03,0.),.UNSPECIFIED.);
#254=B_SPLINE_SURFACE_WITH_KNOTS('',3,1,((#5195,#5196),(#5197,#5198),(#5199,
#5200),(#5201,#5202),(#5203,#5204)),.UNSPECIFIED.,.F.,.F.,.F.,(4,1,4),(2,
2),(0.,0.00814509122096909,0.0139632937046224),(-0.03,0.),.UNSPECIFIED.);
#255=B_SPLINE_SURFACE_WITH_KNOTS('',3,1,((#5212,#5213),(#5214,#5215),(#5216,
#5217),(#5218,#5219),(#5220,#5221)),.UNSPECIFIED.,.F.,.F.,.F.,(4,1,4),(2,
2),(0.,0.00581818760290824,0.0139632656877514),(-0.03,0.),.UNSPECIFIED.);
#256=B_SPLINE_SURFACE_WITH_KNOTS('',3,1,((#5229,#5230),(#5231,#5232),(#5233,
#5234),(#5235,#5236),(#5237,#5238)),.UNSPECIFIED.,.F.,.F.,.F.,(4,1,4),(2,
2),(0.,0.010922395469515,0.0231274180074641),(-0.03,0.),.UNSPECIFIED.);
#257=B_SPLINE_SURFACE_WITH_KNOTS('',3,1,((#5246,#5247),(#5248,#5249),(#5250,
#5251),(#5252,#5253),(#5254,#5255)),.UNSPECIFIED.,.F.,.F.,.F.,(4,1,4),(2,
2),(0.,0.0220970798587911,0.0393430416195645),(-0.03,0.),.UNSPECIFIED.);
#258=B_SPLINE_SURFACE_WITH_KNOTS('',3,1,((#5263,#5264),(#5265,#5266),(#5267,
#5268),(#5269,#5270),(#5271,#5272)),.UNSPECIFIED.,.F.,.F.,.F.,(4,1,4),(2,
2),(0.,0.0166240607871832,0.0397280662849349),(-0.03,0.),.UNSPECIFIED.);
#259=B_SPLINE_SURFACE_WITH_KNOTS('',3,1,((#5280,#5281),(#5282,#5283),(#5284,
#5285),(#5286,#5287),(#5288,#5289)),.UNSPECIFIED.,.F.,.F.,.F.,(4,1,4),(2,
2),(0.,0.0114214039105917,0.029581044836045),(-0.03,0.),.UNSPECIFIED.);
#260=B_SPLINE_SURFACE_WITH_KNOTS('',3,1,((#5297,#5298),(#5299,#5300),(#5301,
#5302),(#5303,#5304),(#5305,#5306)),.UNSPECIFIED.,.F.,.F.,.F.,(4,1,4),(2,
2),(0.,0.00793839055878535,0.0155465148992898),(-0.03,0.),.UNSPECIFIED.);
#261=B_SPLINE_SURFACE_WITH_KNOTS('',3,1,((#5314,#5315),(#5316,#5317),(#5318,
#5319),(#5320,#5321),(#5322,#5323)),.UNSPECIFIED.,.F.,.F.,.F.,(4,1,4),(2,
2),(0.,0.00773750222472855,0.0156984083875563),(-0.03,0.),.UNSPECIFIED.);
#262=B_SPLINE_SURFACE_WITH_KNOTS('',3,1,((#5331,#5332),(#5333,#5334),(#5335,
#5336),(#5337,#5338),(#5339,#5340)),.UNSPECIFIED.,.F.,.F.,.F.,(4,1,4),(2,
2),(0.,0.0273296770495481,0.0408357518448303),(-0.03,0.),.UNSPECIFIED.);
#263=B_SPLINE_SURFACE_WITH_KNOTS('',3,1,((#5348,#5349),(#5350,#5351),(#5352,
#5353),(#5354,#5355),(#5356,#5357)),.UNSPECIFIED.,.F.,.F.,.F.,(4,1,4),(2,
2),(0.,0.0456369432281176,0.0786855133844375),(-0.03,0.),.UNSPECIFIED.);
#264=B_SPLINE_SURFACE_WITH_KNOTS('',3,1,((#5365,#5366),(#5367,#5368),(#5369,
#5370),(#5371,#5372),(#5373,#5374)),.UNSPECIFIED.,.F.,.F.,.F.,(4,1,4),(2,
2),(0.,0.0324972708795718,0.0785035091474209),(-0.03,0.),.UNSPECIFIED.);
#265=B_SPLINE_SURFACE_WITH_KNOTS('',3,1,((#5382,#5383),(#5384,#5385),(#5386,
#5387),(#5388,#5389),(#5390,#5391)),.UNSPECIFIED.,.F.,.F.,.F.,(4,1,4),(2,
2),(0.,0.0167449148208902,0.0286776056223559),(-0.03,0.),.UNSPECIFIED.);
#266=B_SPLINE_SURFACE_WITH_KNOTS('',3,1,((#5399,#5400),(#5401,#5402),(#5403,
#5404),(#5405,#5406),(#5407,#5408)),.UNSPECIFIED.,.F.,.F.,.F.,(4,1,4),(2,
2),(0.,0.0120848523503474,0.0288803703682994),(-0.03,0.),.UNSPECIFIED.);
#267=B_SPLINE_SURFACE_WITH_KNOTS('',3,1,((#5424,#5425),(#5426,#5427),(#5428,
#5429),(#5430,#5431),(#5432,#5433)),.UNSPECIFIED.,.F.,.F.,.F.,(4,1,4),(2,
2),(0.,0.017316968569544,0.0417608480394175),(-0.03,0.),.UNSPECIFIED.);
#268=B_SPLINE_SURFACE_WITH_KNOTS('',3,1,((#5441,#5442),(#5443,#5444),(#5445,
#5446),(#5447,#5448),(#5449,#5450)),.UNSPECIFIED.,.F.,.F.,.F.,(4,1,4),(2,
2),(0.,0.00962174353668994,0.0197025132674945),(-0.03,0.),.UNSPECIFIED.);
#269=B_SPLINE_SURFACE_WITH_KNOTS('',3,1,((#5458,#5459),(#5460,#5461),(#5462,
#5463),(#5464,#5465),(#5466,#5467)),.UNSPECIFIED.,.F.,.F.,.F.,(4,1,4),(2,
2),(0.,0.0120857669111084,0.0200195719717399),(-0.03,0.),.UNSPECIFIED.);
#270=B_SPLINE_SURFACE_WITH_KNOTS('',3,1,((#5483,#5484),(#5485,#5486),(#5487,
#5488),(#5489,#5490),(#5491,#5492)),.UNSPECIFIED.,.F.,.F.,.F.,(4,1,4),(2,
2),(0.,0.00753705546640754,0.0154458751396825),(-0.03,0.),.UNSPECIFIED.);
#271=B_SPLINE_SURFACE_WITH_KNOTS('',3,1,((#5697,#5698),(#5699,#5700),(#5701,
#5702),(#5703,#5704),(#5705,#5706)),.UNSPECIFIED.,.F.,.F.,.F.,(4,1,4),(2,
2),(0.,0.0284046801769735,0.0633289867437882),(-0.03,0.),.UNSPECIFIED.);
#272=B_SPLINE_SURFACE_WITH_KNOTS('',3,1,((#5716,#5717),(#5718,#5719),(#5720,
#5721),(#5722,#5723),(#5724,#5725)),.UNSPECIFIED.,.F.,.F.,.F.,(4,1,4),(2,
2),(0.,0.013245131220129,0.0224266089726491),(-0.03,0.),.UNSPECIFIED.);
#273=B_SPLINE_SURFACE_WITH_KNOTS('',3,1,((#5733,#5734),(#5735,#5736),(#5737,
#5738),(#5739,#5740),(#5741,#5742)),.UNSPECIFIED.,.F.,.F.,.F.,(4,1,4),(2,
2),(0.,0.0131451062768669,0.0268329938301326),(-0.03,0.),.UNSPECIFIED.);
#274=B_SPLINE_SURFACE_WITH_KNOTS('',3,1,((#5750,#5751),(#5752,#5753),(#5754,
#5755),(#5756,#5757),(#5758,#5759)),.UNSPECIFIED.,.F.,.F.,.F.,(4,1,4),(2,
2),(0.,0.0453952059575695,0.0792881081585668),(-0.03,0.),.UNSPECIFIED.);
#275=B_SPLINE_SURFACE_WITH_KNOTS('',3,1,((#5767,#5768),(#5769,#5770),(#5771,
#5772),(#5773,#5774),(#5775,#5776)),.UNSPECIFIED.,.F.,.F.,.F.,(4,1,4),(2,
2),(0.,0.00525423175956369,0.00903501897851883),(-0.03,0.),
 .UNSPECIFIED.);
#276=B_SPLINE_SURFACE_WITH_KNOTS('',3,1,((#5784,#5785),(#5786,#5787),(#5788,
#5789),(#5790,#5791),(#5792,#5793)),.UNSPECIFIED.,.F.,.F.,.F.,(4,1,4),(2,
2),(0.,0.00362857164847544,0.00883208733389905),(-0.03,0.),
 .UNSPECIFIED.);
#277=B_SPLINE_SURFACE_WITH_KNOTS('',3,1,((#5805,#5806),(#5807,#5808),(#5809,
#5810),(#5811,#5812),(#5813,#5814)),.UNSPECIFIED.,.F.,.F.,.F.,(4,1,4),(2,
2),(0.,0.018229116242592,0.0404925021838388),(-0.03,0.),.UNSPECIFIED.);
#278=B_SPLINE_SURFACE_WITH_KNOTS('',3,1,((#5822,#5823),(#5824,#5825),(#5826,
#5827),(#5828,#5829),(#5830,#5831)),.UNSPECIFIED.,.F.,.F.,.F.,(4,1,4),(2,
2),(0.,0.0136917405110115,0.0246075259804614),(-0.03,0.),.UNSPECIFIED.);
#279=B_SPLINE_SURFACE_WITH_KNOTS('',3,1,((#5847,#5848),(#5849,#5850),(#5851,
#5852),(#5853,#5854),(#5855,#5856)),.UNSPECIFIED.,.F.,.F.,.F.,(4,1,4),(2,
2),(0.,0.0349083924435848,0.067511533178263),(-0.03,0.),.UNSPECIFIED.);
#280=B_SPLINE_SURFACE_WITH_KNOTS('',3,1,((#5862,#5863),(#5864,#5865),(#5866,
#5867),(#5868,#5869),(#5870,#5871)),.UNSPECIFIED.,.F.,.F.,.F.,(4,1,4),(2,
2),(0.,0.00811576043485328,0.0163914662411363),(-0.03,0.),.UNSPECIFIED.);
#281=B_SPLINE_SURFACE_WITH_KNOTS('',3,1,((#5881,#5882),(#5883,#5884),(#5885,
#5886),(#5887,#5888),(#5889,#5890)),.UNSPECIFIED.,.F.,.F.,.F.,(4,1,4),(2,
2),(0.,0.00778027602192949,0.0150059366369304),(-0.03,0.),.UNSPECIFIED.);
#282=B_SPLINE_SURFACE_WITH_KNOTS('',3,1,((#5898,#5899),(#5900,#5901),(#5902,
#5903),(#5904,#5905),(#5906,#5907)),.UNSPECIFIED.,.F.,.F.,.F.,(4,1,4),(2,
2),(0.,0.065224917789454,0.118899114027169),(-0.03,0.),.UNSPECIFIED.);
#283=B_SPLINE_SURFACE_WITH_KNOTS('',3,1,((#5915,#5916),(#5917,#5918),(#5919,
#5920),(#5921,#5922),(#5923,#5924)),.UNSPECIFIED.,.F.,.F.,.F.,(4,1,4),(2,
2),(0.,0.0303856525928922,0.0636207043850235),(-0.03,0.),.UNSPECIFIED.);
#284=B_SPLINE_SURFACE_WITH_KNOTS('',3,1,((#5932,#5933),(#5934,#5935),(#5936,
#5937),(#5938,#5939),(#5940,#5941)),.UNSPECIFIED.,.F.,.F.,.F.,(4,1,4),(2,
2),(0.,0.0299078303884238,0.0629658842727706),(-0.03,0.),.UNSPECIFIED.);
#285=B_SPLINE_SURFACE_WITH_KNOTS('',3,1,((#5949,#5950),(#5951,#5952),(#5953,
#5954),(#5955,#5956),(#5957,#5958)),.UNSPECIFIED.,.F.,.F.,.F.,(4,1,4),(2,
2),(0.,0.0784199810887435,0.140049695234072),(-0.03,0.),.UNSPECIFIED.);
#286=B_SPLINE_SURFACE_WITH_KNOTS('',3,1,((#5966,#5967),(#5968,#5969),(#5970,
#5971),(#5972,#5973),(#5974,#5975)),.UNSPECIFIED.,.F.,.F.,.F.,(4,1,4),(2,
2),(0.,0.0261333381899326,0.0490217519073087),(-0.03,0.),.UNSPECIFIED.);
#287=B_SPLINE_SURFACE_WITH_KNOTS('',3,1,((#5987,#5988),(#5989,#5990),(#5991,
#5992),(#5993,#5994),(#5995,#5996)),.UNSPECIFIED.,.F.,.F.,.F.,(4,1,4),(2,
2),(0.,0.0120593144311367,0.0243395264720666),(-0.03,0.),.UNSPECIFIED.);
#288=B_SPLINE_SURFACE_WITH_KNOTS('',3,1,((#6004,#6005),(#6006,#6007),(#6008,
#6009),(#6010,#6011),(#6012,#6013)),.UNSPECIFIED.,.F.,.F.,.F.,(4,1,4),(2,
2),(0.,0.0109800017012257,0.021601450001024),(-0.03,0.),.UNSPECIFIED.);
#289=B_SPLINE_SURFACE_WITH_KNOTS('',3,1,((#6021,#6022),(#6023,#6024),(#6025,
#6026),(#6027,#6028),(#6029,#6030)),.UNSPECIFIED.,.F.,.F.,.F.,(4,1,4),(2,
2),(0.,0.0178698560341476,0.0307172076417378),(-0.03,0.),.UNSPECIFIED.);
#290=B_SPLINE_SURFACE_WITH_KNOTS('',3,1,((#6038,#6039),(#6040,#6041),(#6042,
#6043),(#6044,#6045),(#6046,#6047)),.UNSPECIFIED.,.F.,.F.,.F.,(4,1,4),(2,
2),(0.,0.012847336716923,0.0307171777480443),(-0.03,0.),.UNSPECIFIED.);
#291=B_SPLINE_SURFACE_WITH_KNOTS('',3,1,((#6055,#6056),(#6057,#6058),(#6059,
#6060),(#6061,#6062),(#6063,#6064)),.UNSPECIFIED.,.F.,.F.,.F.,(4,1,4),(2,
2),(0.,0.0324671791791064,0.0555781075748068),(-0.03,0.),.UNSPECIFIED.);
#292=B_SPLINE_SURFACE_WITH_KNOTS('',3,1,((#6072,#6073),(#6074,#6075),(#6076,
#6077),(#6078,#6079),(#6080,#6081)),.UNSPECIFIED.,.F.,.F.,.F.,(4,1,4),(2,
2),(0.,0.0232630127672535,0.0557806923226121),(-0.03,0.),.UNSPECIFIED.);
#293=B_SPLINE_SURFACE_WITH_KNOTS('',3,1,((#6089,#6090),(#6091,#6092),(#6093,
#6094),(#6095,#6096),(#6097,#6098)),.UNSPECIFIED.,.F.,.F.,.F.,(4,1,4),(2,
2),(0.,0.0278566312511771,0.0478281118264109),(-0.03,0.),.UNSPECIFIED.);
#294=B_SPLINE_SURFACE_WITH_KNOTS('',3,1,((#6106,#6107),(#6108,#6109),(#6110,
#6111),(#6112,#6113),(#6114,#6115)),.UNSPECIFIED.,.F.,.F.,.F.,(4,1,4),(2,
2),(0.,0.0199714806107289,0.047828111861906),(-0.03,0.),.UNSPECIFIED.);
#295=B_SPLINE_SURFACE_WITH_KNOTS('',3,1,((#6123,#6124),(#6125,#6126),(#6127,
#6128),(#6129,#6130),(#6131,#6132)),.UNSPECIFIED.,.F.,.F.,.F.,(4,1,4),(2,
2),(0.,0.00800191879017809,0.016323739145695),(-0.03,0.),.UNSPECIFIED.);
#296=B_SPLINE_SURFACE_WITH_KNOTS('',3,1,((#6140,#6141),(#6142,#6143),(#6144,
#6145),(#6146,#6147),(#6148,#6149)),.UNSPECIFIED.,.F.,.F.,.F.,(4,1,4),(2,
2),(0.,0.00813120461903419,0.0160486823537371),(-0.03,0.),.UNSPECIFIED.);
#297=B_SPLINE_SURFACE_WITH_KNOTS('',3,1,((#6157,#6158),(#6159,#6160),(#6161,
#6162),(#6163,#6164),(#6165,#6166)),.UNSPECIFIED.,.F.,.F.,.F.,(4,1,4),(2,
2),(0.,0.00791749463884027,0.0160486937712615),(-0.03,0.),.UNSPECIFIED.);
#298=B_SPLINE_SURFACE_WITH_KNOTS('',3,1,((#6174,#6175),(#6176,#6177),(#6178,
#6179),(#6180,#6181),(#6182,#6183)),.UNSPECIFIED.,.F.,.F.,.F.,(4,1,4),(2,
2),(0.,0.00832182003181641,0.0163237388219945),(-0.03,0.),.UNSPECIFIED.);
#299=B_SPLINE_SURFACE_WITH_KNOTS('',3,1,((#6199,#6200),(#6201,#6202),(#6203,
#6204),(#6205,#6206),(#6207,#6208)),.UNSPECIFIED.,.F.,.F.,.F.,(4,1,4),(2,
2),(0.,0.0900798410405221,0.175500235264166),(-0.03,0.),.UNSPECIFIED.);
#300=B_SPLINE_SURFACE_WITH_KNOTS('',3,1,((#6216,#6217),(#6218,#6219),(#6220,
#6221),(#6222,#6223),(#6224,#6225)),.UNSPECIFIED.,.F.,.F.,.F.,(4,1,4),(2,
2),(0.,0.007634111508792,0.0161229760064257),(-0.03,0.),.UNSPECIFIED.);
#301=B_SPLINE_SURFACE_WITH_KNOTS('',3,1,((#6233,#6234),(#6235,#6236),(#6237,
#6238),(#6239,#6240),(#6241,#6242)),.UNSPECIFIED.,.F.,.F.,.F.,(4,1,4),(2,
2),(0.,0.00821450390301042,0.016161002978874),(-0.03,0.),.UNSPECIFIED.);
#302=B_SPLINE_SURFACE_WITH_KNOTS('',3,3,((#6855,#6856,#6857,#6858,#6859,
#6860,#6861),(#6862,#6863,#6864,#6865,#6866,#6867,#6868),(#6869,#6870,#6871,
#6872,#6873,#6874,#6875),(#6876,#6877,#6878,#6879,#6880,#6881,#6882),(#6883,
#6884,#6885,#6886,#6887,#6888,#6889)),.UNSPECIFIED.,.F.,.F.,.F.,(4,1,4),
(4,1,1,1,4),(0.,0.571428571428571,1.),(1.89398627862508E-14,0.0505434813816917,
0.151630444145037,0.252717406908383,0.353804369671728),.UNSPECIFIED.);
#303=B_SPLINE_SURFACE_WITH_KNOTS('',3,3,((#6903,#6904,#6905,#6906,#6907,
#6908,#6909,#6910),(#6911,#6912,#6913,#6914,#6915,#6916,#6917,#6918),(#6919,
#6920,#6921,#6922,#6923,#6924,#6925,#6926),(#6927,#6928,#6929,#6930,#6931,
#6932,#6933,#6934),(#6935,#6936,#6937,#6938,#6939,#6940,#6941,#6942)),
 .UNSPECIFIED.,.F.,.F.,.F.,(4,1,4),(4,1,1,1,1,4),(-2.97452809884324E-5,
0.571428571428571,1.),(-2.97452809819015E-5,0.0758160087839402,0.151632017567874,
0.252720029279785,0.303264035135741,0.353837786272687),.UNSPECIFIED.);
#304=B_SPLINE_SURFACE_WITH_KNOTS('',3,3,((#7003,#7004,#7005,#7006,#7007,
#7008,#7009,#7010),(#7011,#7012,#7013,#7014,#7015,#7016,#7017,#7018),(#7019,
#7020,#7021,#7022,#7023,#7024,#7025,#7026),(#7027,#7028,#7029,#7030,#7031,
#7032,#7033,#7034),(#7035,#7036,#7037,#7038,#7039,#7040,#7041,#7042)),
 .UNSPECIFIED.,.F.,.F.,.F.,(4,1,4),(4,1,1,1,1,4),(-3.02050894675288E-5,
0.571428571428571,1.),(-3.02050894734409E-5,0.0758152220725172,0.151630444145034,
0.252717406908391,0.303260888290069,0.35383457476122),.UNSPECIFIED.);
#305=B_SPLINE_SURFACE_WITH_KNOTS('',3,3,((#7101,#7102,#7103,#7104,#7105,
#7106,#7107),(#7108,#7109,#7110,#7111,#7112,#7113,#7114),(#7115,#7116,#7117,
#7118,#7119,#7120,#7121),(#7122,#7123,#7124,#7125,#7126,#7127,#7128),(#7129,
#7130,#7131,#7132,#7133,#7134,#7135)),.UNSPECIFIED.,.F.,.F.,.F.,(4,1,4),
(4,1,1,1,4),(0.,0.571428571428571,1.),(0.,0.050543607443316,0.151630822329948,
0.25271803721658,0.353805252103212),.UNSPECIFIED.);
#306=B_SPLINE_SURFACE_WITH_KNOTS('',3,3,((#7190,#7191,#7192,#7193,#7194,
#7195,#7196,#7197),(#7198,#7199,#7200,#7201,#7202,#7203,#7204,#7205),(#7206,
#7207,#7208,#7209,#7210,#7211,#7212,#7213),(#7214,#7215,#7216,#7217,#7218,
#7219,#7220,#7221),(#7222,#7223,#7224,#7225,#7226,#7227,#7228,#7229)),
 .UNSPECIFIED.,.F.,.F.,.F.,(4,1,4),(4,1,1,1,1,4),(-3.01896046486244E-5,
0.571428571428571,1.),(-3.01896046558177E-5,0.0505434813816818,0.101086962763364,
0.202173925526727,0.27798914759925,0.353834559276429),.UNSPECIFIED.);
#307=B_SPLINE_SURFACE_WITH_KNOTS('',3,3,((#7285,#7286,#7287,#7288,#7289,
#7290,#7291,#7292),(#7293,#7294,#7295,#7296,#7297,#7298,#7299,#7300),(#7301,
#7302,#7303,#7304,#7305,#7306,#7307,#7308),(#7309,#7310,#7311,#7312,#7313,
#7314,#7315,#7316),(#7317,#7318,#7319,#7320,#7321,#7322,#7323,#7324)),
 .UNSPECIFIED.,.F.,.F.,.F.,(4,1,4),(4,1,1,1,1,4),(-2.97221242798867E-5,
0.571428571428571,1.),(-2.97221242784112E-5,0.075815411164977,0.151630822329954,
0.25271803721659,0.303261644659908,0.353834974227506),.UNSPECIFIED.);
#308=B_SPLINE_SURFACE_WITH_KNOTS('',3,3,((#7385,#7386,#7387,#7388,#7389,
#7390,#7391),(#7392,#7393,#7394,#7395,#7396,#7397,#7398),(#7399,#7400,#7401,
#7402,#7403,#7404,#7405),(#7406,#7407,#7408,#7409,#7410,#7411,#7412),(#7413,
#7414,#7415,#7416,#7417,#7418,#7419)),.UNSPECIFIED.,.F.,.F.,.F.,(4,1,4),
(4,1,1,1,4),(0.,0.571428571428571,1.),(4.52772992189322E-16,0.0505434813816787,
0.151630444145035,0.252717406908392,0.353804369671748),.UNSPECIFIED.);
#309=B_SPLINE_SURFACE_WITH_KNOTS('',3,3,((#7430,#7431,#7432,#7433,#7434,
#7435,#7436,#7437),(#7438,#7439,#7440,#7441,#7442,#7443,#7444,#7445),(#7446,
#7447,#7448,#7449,#7450,#7451,#7452,#7453),(#7454,#7455,#7456,#7457,#7458,
#7459,#7460,#7461),(#7462,#7463,#7464,#7465,#7466,#7467,#7468,#7469)),
 .UNSPECIFIED.,.F.,.F.,.F.,(4,1,4),(4,1,1,1,1,4),(-2.97309491362991E-5,
0.571428571428571,1.),(-2.9730949135666E-5,0.0758160087839404,0.151632017567877,
0.252720029279791,0.303264035135749,0.353837771940846),.UNSPECIFIED.);
#310=FACE_OUTER_BOUND('',#522,.T.);
#311=FACE_OUTER_BOUND('',#523,.T.);
#312=FACE_OUTER_BOUND('',#524,.T.);
#313=FACE_OUTER_BOUND('',#525,.T.);
#314=FACE_OUTER_BOUND('',#526,.T.);
#315=FACE_OUTER_BOUND('',#527,.T.);
#316=FACE_OUTER_BOUND('',#528,.T.);
#317=FACE_OUTER_BOUND('',#529,.T.);
#318=FACE_OUTER_BOUND('',#530,.T.);
#319=FACE_OUTER_BOUND('',#531,.T.);
#320=FACE_OUTER_BOUND('',#532,.T.);
#321=FACE_OUTER_BOUND('',#533,.T.);
#322=FACE_OUTER_BOUND('',#534,.T.);
#323=FACE_OUTER_BOUND('',#535,.T.);
#324=FACE_OUTER_BOUND('',#536,.T.);
#325=FACE_OUTER_BOUND('',#537,.T.);
#326=FACE_OUTER_BOUND('',#538,.T.);
#327=FACE_OUTER_BOUND('',#539,.T.);
#328=FACE_OUTER_BOUND('',#540,.T.);
#329=FACE_OUTER_BOUND('',#541,.T.);
#330=FACE_OUTER_BOUND('',#542,.T.);
#331=FACE_OUTER_BOUND('',#543,.T.);
#332=FACE_OUTER_BOUND('',#544,.T.);
#333=FACE_OUTER_BOUND('',#545,.T.);
#334=FACE_OUTER_BOUND('',#546,.T.);
#335=FACE_OUTER_BOUND('',#547,.T.);
#336=FACE_OUTER_BOUND('',#548,.T.);
#337=FACE_OUTER_BOUND('',#549,.T.);
#338=FACE_OUTER_BOUND('',#550,.T.);
#339=FACE_OUTER_BOUND('',#551,.T.);
#340=FACE_OUTER_BOUND('',#552,.T.);
#341=FACE_OUTER_BOUND('',#553,.T.);
#342=FACE_OUTER_BOUND('',#554,.T.);
#343=FACE_OUTER_BOUND('',#556,.T.);
#344=FACE_OUTER_BOUND('',#557,.T.);
#345=FACE_OUTER_BOUND('',#558,.T.);
#346=FACE_OUTER_BOUND('',#559,.T.);
#347=FACE_OUTER_BOUND('',#560,.T.);
#348=FACE_OUTER_BOUND('',#561,.T.);
#349=FACE_OUTER_BOUND('',#562,.T.);
#350=FACE_OUTER_BOUND('',#563,.T.);
#351=FACE_OUTER_BOUND('',#564,.T.);
#352=FACE_OUTER_BOUND('',#565,.T.);
#353=FACE_OUTER_BOUND('',#566,.T.);
#354=FACE_OUTER_BOUND('',#567,.T.);
#355=FACE_OUTER_BOUND('',#568,.T.);
#356=FACE_OUTER_BOUND('',#569,.T.);
#357=FACE_OUTER_BOUND('',#570,.T.);
#358=FACE_OUTER_BOUND('',#571,.T.);
#359=FACE_OUTER_BOUND('',#572,.T.);
#360=FACE_OUTER_BOUND('',#573,.T.);
#361=FACE_OUTER_BOUND('',#574,.T.);
#362=FACE_OUTER_BOUND('',#575,.T.);
#363=FACE_OUTER_BOUND('',#576,.T.);
#364=FACE_OUTER_BOUND('',#577,.T.);
#365=FACE_OUTER_BOUND('',#578,.T.);
#366=FACE_OUTER_BOUND('',#579,.T.);
#367=FACE_OUTER_BOUND('',#580,.T.);
#368=FACE_OUTER_BOUND('',#581,.T.);
#369=FACE_OUTER_BOUND('',#582,.T.);
#370=FACE_OUTER_BOUND('',#583,.T.);
#371=FACE_OUTER_BOUND('',#584,.T.);
#372=FACE_OUTER_BOUND('',#585,.T.);
#373=FACE_OUTER_BOUND('',#586,.T.);
#374=FACE_OUTER_BOUND('',#587,.T.);
#375=FACE_OUTER_BOUND('',#588,.T.);
#376=FACE_OUTER_BOUND('',#589,.T.);
#377=FACE_OUTER_BOUND('',#590,.T.);
#378=FACE_OUTER_BOUND('',#591,.T.);
#379=FACE_OUTER_BOUND('',#592,.T.);
#380=FACE_OUTER_BOUND('',#593,.T.);
#381=FACE_OUTER_BOUND('',#596,.T.);
#382=FACE_OUTER_BOUND('',#597,.T.);
#383=FACE_OUTER_BOUND('',#598,.T.);
#384=FACE_OUTER_BOUND('',#600,.T.);
#385=FACE_OUTER_BOUND('',#601,.T.);
#386=FACE_OUTER_BOUND('',#602,.T.);
#387=FACE_OUTER_BOUND('',#604,.T.);
#388=FACE_OUTER_BOUND('',#605,.T.);
#389=FACE_OUTER_BOUND('',#606,.T.);
#390=FACE_OUTER_BOUND('',#607,.T.);
#391=FACE_OUTER_BOUND('',#608,.T.);
#392=FACE_OUTER_BOUND('',#609,.T.);
#393=FACE_OUTER_BOUND('',#610,.T.);
#394=FACE_OUTER_BOUND('',#612,.T.);
#395=FACE_OUTER_BOUND('',#613,.T.);
#396=FACE_OUTER_BOUND('',#614,.T.);
#397=FACE_OUTER_BOUND('',#615,.T.);
#398=FACE_OUTER_BOUND('',#616,.T.);
#399=FACE_OUTER_BOUND('',#617,.T.);
#400=FACE_OUTER_BOUND('',#618,.T.);
#401=FACE_OUTER_BOUND('',#619,.T.);
#402=FACE_OUTER_BOUND('',#620,.T.);
#403=FACE_OUTER_BOUND('',#621,.T.);
#404=FACE_OUTER_BOUND('',#622,.T.);
#405=FACE_OUTER_BOUND('',#624,.T.);
#406=FACE_OUTER_BOUND('',#625,.T.);
#407=FACE_OUTER_BOUND('',#629,.T.);
#408=FACE_OUTER_BOUND('',#630,.T.);
#409=FACE_OUTER_BOUND('',#631,.T.);
#410=FACE_OUTER_BOUND('',#632,.T.);
#411=FACE_OUTER_BOUND('',#633,.T.);
#412=FACE_OUTER_BOUND('',#634,.T.);
#413=FACE_OUTER_BOUND('',#635,.T.);
#414=FACE_OUTER_BOUND('',#636,.T.);
#415=FACE_OUTER_BOUND('',#637,.T.);
#416=FACE_OUTER_BOUND('',#638,.T.);
#417=FACE_OUTER_BOUND('',#639,.T.);
#418=FACE_OUTER_BOUND('',#640,.T.);
#419=FACE_OUTER_BOUND('',#641,.T.);
#420=FACE_OUTER_BOUND('',#642,.T.);
#421=FACE_OUTER_BOUND('',#643,.T.);
#422=FACE_OUTER_BOUND('',#644,.T.);
#423=FACE_OUTER_BOUND('',#645,.T.);
#424=FACE_OUTER_BOUND('',#646,.T.);
#425=FACE_OUTER_BOUND('',#647,.T.);
#426=FACE_OUTER_BOUND('',#648,.T.);
#427=FACE_OUTER_BOUND('',#649,.T.);
#428=FACE_OUTER_BOUND('',#650,.T.);
#429=FACE_OUTER_BOUND('',#651,.T.);
#430=FACE_OUTER_BOUND('',#652,.T.);
#431=FACE_OUTER_BOUND('',#653,.T.);
#432=FACE_OUTER_BOUND('',#654,.T.);
#433=FACE_OUTER_BOUND('',#655,.T.);
#434=FACE_OUTER_BOUND('',#656,.T.);
#435=FACE_OUTER_BOUND('',#657,.T.);
#436=FACE_OUTER_BOUND('',#658,.T.);
#437=FACE_OUTER_BOUND('',#659,.T.);
#438=FACE_OUTER_BOUND('',#660,.T.);
#439=FACE_OUTER_BOUND('',#661,.T.);
#440=FACE_OUTER_BOUND('',#662,.T.);
#441=FACE_OUTER_BOUND('',#663,.T.);
#442=FACE_OUTER_BOUND('',#664,.T.);
#443=FACE_OUTER_BOUND('',#665,.T.);
#444=FACE_OUTER_BOUND('',#666,.T.);
#445=FACE_OUTER_BOUND('',#667,.T.);
#446=FACE_OUTER_BOUND('',#668,.T.);
#447=FACE_OUTER_BOUND('',#670,.T.);
#448=FACE_OUTER_BOUND('',#671,.T.);
#449=FACE_OUTER_BOUND('',#672,.T.);
#450=FACE_OUTER_BOUND('',#673,.T.);
#451=FACE_OUTER_BOUND('',#674,.T.);
#452=FACE_OUTER_BOUND('',#675,.T.);
#453=FACE_OUTER_BOUND('',#676,.T.);
#454=FACE_OUTER_BOUND('',#677,.T.);
#455=FACE_OUTER_BOUND('',#678,.T.);
#456=FACE_OUTER_BOUND('',#679,.T.);
#457=FACE_OUTER_BOUND('',#680,.T.);
#458=FACE_OUTER_BOUND('',#681,.T.);
#459=FACE_OUTER_BOUND('',#682,.T.);
#460=FACE_OUTER_BOUND('',#683,.T.);
#461=FACE_OUTER_BOUND('',#684,.T.);
#462=FACE_OUTER_BOUND('',#685,.T.);
#463=FACE_OUTER_BOUND('',#686,.T.);
#464=FACE_OUTER_BOUND('',#687,.T.);
#465=FACE_OUTER_BOUND('',#693,.T.);
#466=FACE_OUTER_BOUND('',#695,.T.);
#467=FACE_OUTER_BOUND('',#697,.T.);
#468=FACE_OUTER_BOUND('',#698,.T.);
#469=FACE_OUTER_BOUND('',#699,.T.);
#470=FACE_OUTER_BOUND('',#700,.T.);
#471=FACE_OUTER_BOUND('',#701,.T.);
#472=FACE_OUTER_BOUND('',#702,.T.);
#473=FACE_OUTER_BOUND('',#703,.T.);
#474=FACE_OUTER_BOUND('',#704,.T.);
#475=FACE_OUTER_BOUND('',#705,.T.);
#476=FACE_OUTER_BOUND('',#706,.T.);
#477=FACE_OUTER_BOUND('',#707,.T.);
#478=FACE_OUTER_BOUND('',#708,.T.);
#479=FACE_OUTER_BOUND('',#709,.T.);
#480=FACE_OUTER_BOUND('',#710,.T.);
#481=FACE_OUTER_BOUND('',#711,.T.);
#482=FACE_OUTER_BOUND('',#712,.T.);
#483=FACE_OUTER_BOUND('',#713,.T.);
#484=FACE_OUTER_BOUND('',#714,.T.);
#485=FACE_OUTER_BOUND('',#715,.T.);
#486=FACE_OUTER_BOUND('',#716,.T.);
#487=FACE_OUTER_BOUND('',#717,.T.);
#488=FACE_OUTER_BOUND('',#718,.T.);
#489=FACE_OUTER_BOUND('',#719,.T.);
#490=FACE_OUTER_BOUND('',#720,.T.);
#491=FACE_OUTER_BOUND('',#721,.T.);
#492=FACE_OUTER_BOUND('',#722,.T.);
#493=FACE_OUTER_BOUND('',#723,.T.);
#494=FACE_OUTER_BOUND('',#724,.T.);
#495=FACE_OUTER_BOUND('',#725,.T.);
#496=FACE_OUTER_BOUND('',#726,.T.);
#497=FACE_OUTER_BOUND('',#727,.T.);
#498=FACE_OUTER_BOUND('',#728,.T.);
#499=FACE_OUTER_BOUND('',#729,.T.);
#500=FACE_OUTER_BOUND('',#730,.T.);
#501=FACE_OUTER_BOUND('',#731,.T.);
#502=FACE_OUTER_BOUND('',#732,.T.);
#503=FACE_OUTER_BOUND('',#733,.T.);
#504=FACE_OUTER_BOUND('',#734,.T.);
#505=FACE_OUTER_BOUND('',#735,.T.);
#506=FACE_OUTER_BOUND('',#736,.T.);
#507=FACE_OUTER_BOUND('',#737,.T.);
#508=FACE_OUTER_BOUND('',#738,.T.);
#509=FACE_OUTER_BOUND('',#739,.T.);
#510=FACE_OUTER_BOUND('',#740,.T.);
#511=FACE_OUTER_BOUND('',#741,.T.);
#512=FACE_OUTER_BOUND('',#742,.T.);
#513=FACE_OUTER_BOUND('',#743,.T.);
#514=FACE_OUTER_BOUND('',#744,.T.);
#515=FACE_OUTER_BOUND('',#745,.T.);
#516=FACE_OUTER_BOUND('',#746,.T.);
#517=FACE_OUTER_BOUND('',#747,.T.);
#518=FACE_OUTER_BOUND('',#748,.T.);
#519=FACE_OUTER_BOUND('',#749,.T.);
#520=FACE_OUTER_BOUND('',#750,.T.);
#521=FACE_OUTER_BOUND('',#751,.T.);
#522=EDGE_LOOP('',(#2353,#2354,#2355,#2356,#2357,#2358,#2359,#2360,#2361,
#2362,#2363,#2364,#2365,#2366,#2367,#2368,#2369,#2370,#2371,#2372,#2373,
#2374,#2375,#2376,#2377,#2378,#2379,#2380,#2381,#2382,#2383));
#523=EDGE_LOOP('',(#2384,#2385,#2386,#2387));
#524=EDGE_LOOP('',(#2388,#2389,#2390,#2391));
#525=EDGE_LOOP('',(#2392,#2393,#2394,#2395));
#526=EDGE_LOOP('',(#2396,#2397,#2398,#2399));
#527=EDGE_LOOP('',(#2400,#2401,#2402,#2403));
#528=EDGE_LOOP('',(#2404,#2405,#2406,#2407));
#529=EDGE_LOOP('',(#2408,#2409,#2410,#2411));
#530=EDGE_LOOP('',(#2412,#2413,#2414,#2415));
#531=EDGE_LOOP('',(#2416,#2417,#2418,#2419));
#532=EDGE_LOOP('',(#2420,#2421,#2422,#2423));
#533=EDGE_LOOP('',(#2424,#2425,#2426,#2427));
#534=EDGE_LOOP('',(#2428,#2429,#2430,#2431));
#535=EDGE_LOOP('',(#2432,#2433,#2434,#2435));
#536=EDGE_LOOP('',(#2436,#2437,#2438,#2439));
#537=EDGE_LOOP('',(#2440,#2441,#2442,#2443));
#538=EDGE_LOOP('',(#2444,#2445,#2446,#2447));
#539=EDGE_LOOP('',(#2448,#2449,#2450,#2451));
#540=EDGE_LOOP('',(#2452,#2453,#2454,#2455));
#541=EDGE_LOOP('',(#2456,#2457,#2458,#2459));
#542=EDGE_LOOP('',(#2460,#2461,#2462,#2463));
#543=EDGE_LOOP('',(#2464,#2465,#2466,#2467));
#544=EDGE_LOOP('',(#2468,#2469,#2470,#2471));
#545=EDGE_LOOP('',(#2472,#2473,#2474,#2475));
#546=EDGE_LOOP('',(#2476,#2477,#2478,#2479));
#547=EDGE_LOOP('',(#2480,#2481,#2482,#2483));
#548=EDGE_LOOP('',(#2484,#2485,#2486,#2487));
#549=EDGE_LOOP('',(#2488,#2489,#2490,#2491));
#550=EDGE_LOOP('',(#2492,#2493,#2494,#2495));
#551=EDGE_LOOP('',(#2496,#2497,#2498,#2499));
#552=EDGE_LOOP('',(#2500,#2501,#2502,#2503));
#553=EDGE_LOOP('',(#2504,#2505,#2506,#2507));
#554=EDGE_LOOP('',(#2508,#2509,#2510,#2511,#2512,#2513,#2514,#2515,#2516,
#2517,#2518,#2519,#2520,#2521,#2522,#2523,#2524,#2525,#2526,#2527,#2528,
#2529,#2530,#2531,#2532));
#555=EDGE_LOOP('',(#2533,#2534,#2535,#2536,#2537,#2538,#2539,#2540,#2541,
#2542,#2543,#2544));
#556=EDGE_LOOP('',(#2545,#2546,#2547,#2548));
#557=EDGE_LOOP('',(#2549,#2550,#2551,#2552));
#558=EDGE_LOOP('',(#2553,#2554,#2555,#2556));
#559=EDGE_LOOP('',(#2557,#2558,#2559,#2560));
#560=EDGE_LOOP('',(#2561,#2562,#2563,#2564));
#561=EDGE_LOOP('',(#2565,#2566,#2567,#2568));
#562=EDGE_LOOP('',(#2569,#2570,#2571,#2572));
#563=EDGE_LOOP('',(#2573,#2574,#2575,#2576));
#564=EDGE_LOOP('',(#2577,#2578,#2579,#2580));
#565=EDGE_LOOP('',(#2581,#2582,#2583,#2584));
#566=EDGE_LOOP('',(#2585,#2586,#2587,#2588));
#567=EDGE_LOOP('',(#2589,#2590,#2591,#2592));
#568=EDGE_LOOP('',(#2593,#2594,#2595,#2596));
#569=EDGE_LOOP('',(#2597,#2598,#2599,#2600));
#570=EDGE_LOOP('',(#2601,#2602,#2603,#2604));
#571=EDGE_LOOP('',(#2605,#2606,#2607,#2608));
#572=EDGE_LOOP('',(#2609,#2610,#2611,#2612));
#573=EDGE_LOOP('',(#2613,#2614,#2615,#2616));
#574=EDGE_LOOP('',(#2617,#2618,#2619,#2620));
#575=EDGE_LOOP('',(#2621,#2622,#2623,#2624));
#576=EDGE_LOOP('',(#2625,#2626,#2627,#2628));
#577=EDGE_LOOP('',(#2629,#2630,#2631,#2632));
#578=EDGE_LOOP('',(#2633,#2634,#2635,#2636));
#579=EDGE_LOOP('',(#2637,#2638,#2639,#2640));
#580=EDGE_LOOP('',(#2641,#2642,#2643,#2644));
#581=EDGE_LOOP('',(#2645,#2646,#2647,#2648));
#582=EDGE_LOOP('',(#2649,#2650,#2651,#2652));
#583=EDGE_LOOP('',(#2653,#2654,#2655,#2656));
#584=EDGE_LOOP('',(#2657,#2658,#2659,#2660));
#585=EDGE_LOOP('',(#2661,#2662,#2663,#2664));
#586=EDGE_LOOP('',(#2665,#2666,#2667,#2668));
#587=EDGE_LOOP('',(#2669,#2670,#2671,#2672));
#588=EDGE_LOOP('',(#2673,#2674,#2675,#2676));
#589=EDGE_LOOP('',(#2677,#2678,#2679,#2680));
#590=EDGE_LOOP('',(#2681,#2682,#2683,#2684));
#591=EDGE_LOOP('',(#2685,#2686,#2687,#2688));
#592=EDGE_LOOP('',(#2689,#2690,#2691,#2692));
#593=EDGE_LOOP('',(#2693,#2694,#2695,#2696));
#594=EDGE_LOOP('',(#2697,#2698,#2699,#2700,#2701,#2702,#2703,#2704,#2705,
#2706,#2707,#2708,#2709,#2710,#2711,#2712,#2713,#2714,#2715,#2716,#2717,
#2718,#2719,#2720,#2721));
#595=EDGE_LOOP('',(#2722,#2723,#2724,#2725,#2726,#2727,#2728,#2729,#2730,
#2731,#2732,#2733,#2734,#2735,#2736,#2737,#2738,#2739,#2740,#2741,#2742,
#2743,#2744,#2745,#2746,#2747,#2748,#2749,#2750,#2751,#2752));
#596=EDGE_LOOP('',(#2753,#2754,#2755,#2756));
#597=EDGE_LOOP('',(#2757,#2758,#2759,#2760,#2761,#2762,#2763,#2764,#2765,
#2766,#2767));
#598=EDGE_LOOP('',(#2768));
#599=EDGE_LOOP('',(#2769));
#600=EDGE_LOOP('',(#2770,#2771,#2772,#2773));
#601=EDGE_LOOP('',(#2774,#2775,#2776,#2777,#2778,#2779,#2780,#2781,#2782,
#2783));
#602=EDGE_LOOP('',(#2784));
#603=EDGE_LOOP('',(#2785));
#604=EDGE_LOOP('',(#2786,#2787,#2788,#2789));
#605=EDGE_LOOP('',(#2790,#2791,#2792,#2793));
#606=EDGE_LOOP('',(#2794,#2795,#2796,#2797));
#607=EDGE_LOOP('',(#2798,#2799,#2800,#2801));
#608=EDGE_LOOP('',(#2802,#2803,#2804,#2805));
#609=EDGE_LOOP('',(#2806,#2807,#2808,#2809));
#610=EDGE_LOOP('',(#2810,#2811,#2812,#2813,#2814,#2815,#2816,#2817,#2818,
#2819));
#611=EDGE_LOOP('',(#2820));
#612=EDGE_LOOP('',(#2821,#2822,#2823,#2824));
#613=EDGE_LOOP('',(#2825,#2826,#2827,#2828,#2829,#2830,#2831,#2832,#2833,
#2834));
#614=EDGE_LOOP('',(#2835,#2836,#2837,#2838));
#615=EDGE_LOOP('',(#2839,#2840,#2841,#2842));
#616=EDGE_LOOP('',(#2843,#2844,#2845,#2846));
#617=EDGE_LOOP('',(#2847,#2848,#2849,#2850));
#618=EDGE_LOOP('',(#2851,#2852,#2853,#2854));
#619=EDGE_LOOP('',(#2855,#2856,#2857,#2858));
#620=EDGE_LOOP('',(#2859,#2860,#2861,#2862));
#621=EDGE_LOOP('',(#2863,#2864,#2865,#2866));
#622=EDGE_LOOP('',(#2867,#2868,#2869,#2870,#2871,#2872,#2873,#2874,#2875));
#623=EDGE_LOOP('',(#2876));
#624=EDGE_LOOP('',(#2877,#2878,#2879,#2880));
#625=EDGE_LOOP('',(#2881,#2882,#2883,#2884,#2885,#2886,#2887,#2888,#2889,
#2890,#2891,#2892));
#626=EDGE_LOOP('',(#2893));
#627=EDGE_LOOP('',(#2894,#2895,#2896,#2897));
#628=EDGE_LOOP('',(#2898));
#629=EDGE_LOOP('',(#2899,#2900,#2901,#2902));
#630=EDGE_LOOP('',(#2903,#2904,#2905,#2906));
#631=EDGE_LOOP('',(#2907,#2908,#2909,#2910));
#632=EDGE_LOOP('',(#2911,#2912,#2913,#2914));
#633=EDGE_LOOP('',(#2915,#2916,#2917,#2918));
#634=EDGE_LOOP('',(#2919,#2920,#2921,#2922));
#635=EDGE_LOOP('',(#2923,#2924,#2925,#2926));
#636=EDGE_LOOP('',(#2927,#2928,#2929,#2930));
#637=EDGE_LOOP('',(#2931,#2932,#2933,#2934));
#638=EDGE_LOOP('',(#2935,#2936,#2937,#2938));
#639=EDGE_LOOP('',(#2939,#2940,#2941,#2942));
#640=EDGE_LOOP('',(#2943,#2944,#2945,#2946));
#641=EDGE_LOOP('',(#2947,#2948,#2949,#2950));
#642=EDGE_LOOP('',(#2951,#2952,#2953,#2954));
#643=EDGE_LOOP('',(#2955,#2956,#2957,#2958));
#644=EDGE_LOOP('',(#2959,#2960,#2961,#2962));
#645=EDGE_LOOP('',(#2963,#2964,#2965,#2966));
#646=EDGE_LOOP('',(#2967,#2968,#2969,#2970));
#647=EDGE_LOOP('',(#2971,#2972,#2973,#2974));
#648=EDGE_LOOP('',(#2975,#2976,#2977,#2978));
#649=EDGE_LOOP('',(#2979,#2980,#2981,#2982));
#650=EDGE_LOOP('',(#2983,#2984,#2985,#2986));
#651=EDGE_LOOP('',(#2987,#2988,#2989,#2990));
#652=EDGE_LOOP('',(#2991,#2992,#2993,#2994));
#653=EDGE_LOOP('',(#2995,#2996,#2997,#2998));
#654=EDGE_LOOP('',(#2999,#3000,#3001,#3002));
#655=EDGE_LOOP('',(#3003,#3004,#3005,#3006));
#656=EDGE_LOOP('',(#3007,#3008,#3009,#3010));
#657=EDGE_LOOP('',(#3011,#3012,#3013,#3014));
#658=EDGE_LOOP('',(#3015,#3016,#3017,#3018));
#659=EDGE_LOOP('',(#3019,#3020,#3021,#3022));
#660=EDGE_LOOP('',(#3023,#3024,#3025,#3026));
#661=EDGE_LOOP('',(#3027,#3028,#3029,#3030));
#662=EDGE_LOOP('',(#3031,#3032,#3033,#3034));
#663=EDGE_LOOP('',(#3035,#3036,#3037,#3038,#3039));
#664=EDGE_LOOP('',(#3040,#3041,#3042,#3043));
#665=EDGE_LOOP('',(#3044,#3045,#3046,#3047,#3048,#3049,#3050,#3051,#3052,
#3053));
#666=EDGE_LOOP('',(#3054,#3055,#3056,#3057));
#667=EDGE_LOOP('',(#3058,#3059,#3060,#3061));
#668=EDGE_LOOP('',(#3062,#3063,#3064,#3065,#3066,#3067,#3068,#3069,#3070,
#3071,#3072));
#669=EDGE_LOOP('',(#3073));
#670=EDGE_LOOP('',(#3074,#3075,#3076,#3077));
#671=EDGE_LOOP('',(#3078,#3079,#3080,#3081));
#672=EDGE_LOOP('',(#3082,#3083,#3084,#3085));
#673=EDGE_LOOP('',(#3086,#3087,#3088,#3089));
#674=EDGE_LOOP('',(#3090,#3091,#3092,#3093));
#675=EDGE_LOOP('',(#3094,#3095,#3096,#3097,#3098,#3099,#3100,#3101,#3102,
#3103,#3104,#3105));
#676=EDGE_LOOP('',(#3106,#3107,#3108,#3109));
#677=EDGE_LOOP('',(#3110,#3111,#3112,#3113));
#678=EDGE_LOOP('',(#3114,#3115,#3116,#3117));
#679=EDGE_LOOP('',(#3118,#3119,#3120,#3121));
#680=EDGE_LOOP('',(#3122,#3123,#3124,#3125));
#681=EDGE_LOOP('',(#3126,#3127,#3128,#3129));
#682=EDGE_LOOP('',(#3130,#3131,#3132,#3133));
#683=EDGE_LOOP('',(#3134,#3135,#3136,#3137));
#684=EDGE_LOOP('',(#3138,#3139,#3140,#3141));
#685=EDGE_LOOP('',(#3142,#3143,#3144,#3145));
#686=EDGE_LOOP('',(#3146,#3147,#3148,#3149,#3150,#3151,#3152,#3153,#3154,
#3155));
#687=EDGE_LOOP('',(#3156,#3157,#3158,#3159,#3160,#3161,#3162,#3163,#3164,
#3165,#3166,#3167,#3168,#3169,#3170,#3171,#3172,#3173,#3174,#3175,#3176,
#3177,#3178,#3179,#3180,#3181,#3182,#3183,#3184,#3185));
#688=EDGE_LOOP('',(#3186));
#689=EDGE_LOOP('',(#3187));
#690=EDGE_LOOP('',(#3188));
#691=EDGE_LOOP('',(#3189));
#692=EDGE_LOOP('',(#3190,#3191,#3192,#3193,#3194,#3195,#3196,#3197,#3198,
#3199,#3200,#3201,#3202,#3203));
#693=EDGE_LOOP('',(#3204));
#694=EDGE_LOOP('',(#3205));
#695=EDGE_LOOP('',(#3206));
#696=EDGE_LOOP('',(#3207));
#697=EDGE_LOOP('',(#3208,#3209,#3210,#3211));
#698=EDGE_LOOP('',(#3212,#3213,#3214,#3215,#3216,#3217,#3218,#3219,#3220,
#3221));
#699=EDGE_LOOP('',(#3222,#3223,#3224,#3225));
#700=EDGE_LOOP('',(#3226,#3227,#3228,#3229));
#701=EDGE_LOOP('',(#3230,#3231,#3232,#3233));
#702=EDGE_LOOP('',(#3234,#3235,#3236,#3237));
#703=EDGE_LOOP('',(#3238,#3239,#3240,#3241));
#704=EDGE_LOOP('',(#3242,#3243,#3244,#3245));
#705=EDGE_LOOP('',(#3246,#3247,#3248,#3249));
#706=EDGE_LOOP('',(#3250,#3251,#3252,#3253));
#707=EDGE_LOOP('',(#3254,#3255,#3256,#3257));
#708=EDGE_LOOP('',(#3258,#3259,#3260,#3261));
#709=EDGE_LOOP('',(#3262,#3263,#3264,#3265));
#710=EDGE_LOOP('',(#3266,#3267,#3268,#3269,#3270));
#711=EDGE_LOOP('',(#3271,#3272,#3273,#3274));
#712=EDGE_LOOP('',(#3275,#3276,#3277,#3278));
#713=EDGE_LOOP('',(#3279,#3280,#3281,#3282));
#714=EDGE_LOOP('',(#3283,#3284,#3285,#3286,#3287,#3288,#3289,#3290,#3291,
#3292,#3293,#3294,#3295,#3296,#3297,#3298));
#715=EDGE_LOOP('',(#3299,#3300,#3301,#3302));
#716=EDGE_LOOP('',(#3303,#3304,#3305,#3306));
#717=EDGE_LOOP('',(#3307,#3308,#3309,#3310));
#718=EDGE_LOOP('',(#3311,#3312,#3313,#3314));
#719=EDGE_LOOP('',(#3315,#3316,#3317,#3318));
#720=EDGE_LOOP('',(#3319,#3320,#3321,#3322,#3323,#3324));
#721=EDGE_LOOP('',(#3325,#3326,#3327,#3328));
#722=EDGE_LOOP('',(#3329,#3330,#3331,#3332));
#723=EDGE_LOOP('',(#3333,#3334,#3335,#3336));
#724=EDGE_LOOP('',(#3337,#3338,#3339,#3340));
#725=EDGE_LOOP('',(#3341,#3342,#3343,#3344));
#726=EDGE_LOOP('',(#3345,#3346,#3347,#3348));
#727=EDGE_LOOP('',(#3349,#3350,#3351,#3352));
#728=EDGE_LOOP('',(#3353,#3354,#3355,#3356));
#729=EDGE_LOOP('',(#3357,#3358,#3359,#3360));
#730=EDGE_LOOP('',(#3361,#3362,#3363,#3364));
#731=EDGE_LOOP('',(#3365,#3366,#3367,#3368));
#732=EDGE_LOOP('',(#3369,#3370,#3371,#3372));
#733=EDGE_LOOP('',(#3373,#3374,#3375,#3376));
#734=EDGE_LOOP('',(#3377,#3378,#3379,#3380));
#735=EDGE_LOOP('',(#3381,#3382,#3383,#3384));
#736=EDGE_LOOP('',(#3385,#3386,#3387,#3388));
#737=EDGE_LOOP('',(#3389,#3390,#3391,#3392));
#738=EDGE_LOOP('',(#3393,#3394,#3395,#3396));
#739=EDGE_LOOP('',(#3397,#3398,#3399,#3400));
#740=EDGE_LOOP('',(#3401,#3402,#3403,#3404));
#741=EDGE_LOOP('',(#3405,#3406,#3407,#3408));
#742=EDGE_LOOP('',(#3409,#3410,#3411,#3412));
#743=EDGE_LOOP('',(#3413,#3414,#3415,#3416));
#744=EDGE_LOOP('',(#3417,#3418,#3419,#3420));
#745=EDGE_LOOP('',(#3421,#3422,#3423,#3424));
#746=EDGE_LOOP('',(#3425,#3426,#3427,#3428));
#747=EDGE_LOOP('',(#3429,#3430,#3431,#3432));
#748=EDGE_LOOP('',(#3433,#3434,#3435,#3436));
#749=EDGE_LOOP('',(#3437,#3438,#3439,#3440));
#750=EDGE_LOOP('',(#3441,#3442,#3443,#3444));
#751=EDGE_LOOP('',(#3445,#3446,#3447,#3448,#3449,#3450,#3451,#3452,#3453));
#752=EDGE_LOOP('',(#3454));
#753=LINE('',#4890,#1038);
#754=LINE('',#5006,#1039);
#755=LINE('',#5008,#1040);
#756=LINE('',#5028,#1041);
#757=LINE('',#5030,#1042);
#758=LINE('',#5047,#1043);
#759=LINE('',#5054,#1044);
#760=LINE('',#5071,#1045);
#761=LINE('',#5088,#1046);
#762=LINE('',#5091,#1047);
#763=LINE('',#5092,#1048);
#764=LINE('',#5109,#1049);
#765=LINE('',#5126,#1050);
#766=LINE('',#5143,#1051);
#767=LINE('',#5160,#1052);
#768=LINE('',#5177,#1053);
#769=LINE('',#5194,#1054);
#770=LINE('',#5211,#1055);
#771=LINE('',#5228,#1056);
#772=LINE('',#5245,#1057);
#773=LINE('',#5262,#1058);
#774=LINE('',#5279,#1059);
#775=LINE('',#5296,#1060);
#776=LINE('',#5313,#1061);
#777=LINE('',#5330,#1062);
#778=LINE('',#5347,#1063);
#779=LINE('',#5364,#1064);
#780=LINE('',#5381,#1065);
#781=LINE('',#5398,#1066);
#782=LINE('',#5415,#1067);
#783=LINE('',#5418,#1068);
#784=LINE('',#5419,#1069);
#785=LINE('',#5422,#1070);
#786=LINE('',#5423,#1071);
#787=LINE('',#5440,#1072);
#788=LINE('',#5457,#1073);
#789=LINE('',#5474,#1074);
#790=LINE('',#5477,#1075);
#791=LINE('',#5478,#1076);
#792=LINE('',#5481,#1077);
#793=LINE('',#5482,#1078);
#794=LINE('',#5543,#1079);
#795=LINE('',#5617,#1080);
#796=LINE('',#5619,#1081);
#797=LINE('',#5675,#1082);
#798=LINE('',#5689,#1083);
#799=LINE('',#5691,#1084);
#800=LINE('',#5708,#1085);
#801=LINE('',#5715,#1086);
#802=LINE('',#5732,#1087);
#803=LINE('',#5749,#1088);
#804=LINE('',#5766,#1089);
#805=LINE('',#5783,#1090);
#806=LINE('',#5800,#1091);
#807=LINE('',#5803,#1092);
#808=LINE('',#5804,#1093);
#809=LINE('',#5821,#1094);
#810=LINE('',#5838,#1095);
#811=LINE('',#5841,#1096);
#812=LINE('',#5842,#1097);
#813=LINE('',#5845,#1098);
#814=LINE('',#5846,#1099);
#815=LINE('',#5873,#1100);
#816=LINE('',#5880,#1101);
#817=LINE('',#5897,#1102);
#818=LINE('',#5914,#1103);
#819=LINE('',#5931,#1104);
#820=LINE('',#5948,#1105);
#821=LINE('',#5965,#1106);
#822=LINE('',#5982,#1107);
#823=LINE('',#5985,#1108);
#824=LINE('',#5986,#1109);
#825=LINE('',#6003,#1110);
#826=LINE('',#6020,#1111);
#827=LINE('',#6037,#1112);
#828=LINE('',#6054,#1113);
#829=LINE('',#6071,#1114);
#830=LINE('',#6088,#1115);
#831=LINE('',#6105,#1116);
#832=LINE('',#6122,#1117);
#833=LINE('',#6139,#1118);
#834=LINE('',#6156,#1119);
#835=LINE('',#6173,#1120);
#836=LINE('',#6190,#1121);
#837=LINE('',#6193,#1122);
#838=LINE('',#6194,#1123);
#839=LINE('',#6197,#1124);
#840=LINE('',#6198,#1125);
#841=LINE('',#6215,#1126);
#842=LINE('',#6232,#1127);
#843=LINE('',#6251,#1128);
#844=LINE('',#6253,#1129);
#845=LINE('',#6255,#1130);
#846=LINE('',#6256,#1131);
#847=LINE('',#6261,#1132);
#848=LINE('',#6284,#1133);
#849=LINE('',#6288,#1134);
#850=LINE('',#6296,#1135);
#851=LINE('',#6308,#1136);
#852=LINE('',#6319,#1137);
#853=LINE('',#6323,#1138);
#854=LINE('',#6341,#1139);
#855=LINE('',#6354,#1140);
#856=LINE('',#6359,#1141);
#857=LINE('',#6360,#1142);
#858=LINE('',#6361,#1143);
#859=LINE('',#6366,#1144);
#860=LINE('',#6372,#1145);
#861=LINE('',#6378,#1146);
#862=LINE('',#6383,#1147);
#863=LINE('',#6384,#1148);
#864=LINE('',#6385,#1149);
#865=LINE('',#6388,#1150);
#866=LINE('',#6390,#1151);
#867=LINE('',#6392,#1152);
#868=LINE('',#6394,#1153);
#869=LINE('',#6398,#1154);
#870=LINE('',#6402,#1155);
#871=LINE('',#6403,#1156);
#872=LINE('',#6408,#1157);
#873=LINE('',#6412,#1158);
#874=LINE('',#6416,#1159);
#875=LINE('',#6437,#1160);
#876=LINE('',#6441,#1161);
#877=LINE('',#6445,#1162);
#878=LINE('',#6446,#1163);
#879=LINE('',#6449,#1164);
#880=LINE('',#6460,#1165);
#881=LINE('',#6464,#1166);
#882=LINE('',#6466,#1167);
#883=LINE('',#6467,#1168);
#884=LINE('',#6471,#1169);
#885=LINE('',#6477,#1170);
#886=LINE('',#6490,#1171);
#887=LINE('',#6494,#1172);
#888=LINE('',#6495,#1173);
#889=LINE('',#6502,#1174);
#890=LINE('',#6507,#1175);
#891=LINE('',#6511,#1176);
#892=LINE('',#6515,#1177);
#893=LINE('',#6517,#1178);
#894=LINE('',#6519,#1179);
#895=LINE('',#6523,#1180);
#896=LINE('',#6527,#1181);
#897=LINE('',#6528,#1182);
#898=LINE('',#6533,#1183);
#899=LINE('',#6535,#1184);
#900=LINE('',#6537,#1185);
#901=LINE('',#6538,#1186);
#902=LINE('',#6542,#1187);
#903=LINE('',#6545,#1188);
#904=LINE('',#6550,#1189);
#905=LINE('',#6553,#1190);
#906=LINE('',#6555,#1191);
#907=LINE('',#6556,#1192);
#908=LINE('',#6559,#1193);
#909=LINE('',#6563,#1194);
#910=LINE('',#6564,#1195);
#911=LINE('',#6567,#1196);
#912=LINE('',#6571,#1197);
#913=LINE('',#6572,#1198);
#914=LINE('',#6575,#1199);
#915=LINE('',#6576,#1200);
#916=LINE('',#6579,#1201);
#917=LINE('',#6580,#1202);
#918=LINE('',#6583,#1203);
#919=LINE('',#6587,#1204);
#920=LINE('',#6588,#1205);
#921=LINE('',#6591,#1206);
#922=LINE('',#6595,#1207);
#923=LINE('',#6596,#1208);
#924=LINE('',#6599,#1209);
#925=LINE('',#6601,#1210);
#926=LINE('',#6602,#1211);
#927=LINE('',#6605,#1212);
#928=LINE('',#6609,#1213);
#929=LINE('',#6614,#1214);
#930=LINE('',#6615,#1215);
#931=LINE('',#6616,#1216);
#932=LINE('',#6620,#1217);
#933=LINE('',#6622,#1218);
#934=LINE('',#6624,#1219);
#935=LINE('',#6625,#1220);
#936=LINE('',#6629,#1221);
#937=LINE('',#6635,#1222);
#938=LINE('',#6636,#1223);
#939=LINE('',#6637,#1224);
#940=LINE('',#6641,#1225);
#941=LINE('',#6646,#1226);
#942=LINE('',#6648,#1227);
#943=LINE('',#6649,#1228);
#944=LINE('',#6652,#1229);
#945=LINE('',#6654,#1230);
#946=LINE('',#6655,#1231);
#947=LINE('',#6659,#1232);
#948=LINE('',#6665,#1233);
#949=LINE('',#6666,#1234);
#950=LINE('',#6667,#1235);
#951=LINE('',#6671,#1236);
#952=LINE('',#6676,#1237);
#953=LINE('',#6678,#1238);
#954=LINE('',#6679,#1239);
#955=LINE('',#6681,#1240);
#956=LINE('',#6682,#1241);
#957=LINE('',#6685,#1242);
#958=LINE('',#6686,#1243);
#959=LINE('',#6689,#1244);
#960=LINE('',#6693,#1245);
#961=LINE('',#6694,#1246);
#962=LINE('',#6696,#1247);
#963=LINE('',#6699,#1248);
#964=LINE('',#6702,#1249);
#965=LINE('',#6703,#1250);
#966=LINE('',#6706,#1251);
#967=LINE('',#6709,#1252);
#968=LINE('',#6711,#1253);
#969=LINE('',#6712,#1254);
#970=LINE('',#6713,#1255);
#971=LINE('',#6715,#1256);
#972=LINE('',#6717,#1257);
#973=LINE('',#6720,#1258);
#974=LINE('',#6721,#1259);
#975=LINE('',#6725,#1260);
#976=LINE('',#6726,#1261);
#977=LINE('',#6729,#1262);
#978=LINE('',#6733,#1263);
#979=LINE('',#6745,#1264);
#980=LINE('',#6747,#1265);
#981=LINE('',#6749,#1266);
#982=LINE('',#6751,#1267);
#983=LINE('',#6752,#1268);
#984=LINE('',#6754,#1269);
#985=LINE('',#6757,#1270);
#986=LINE('',#6759,#1271);
#987=LINE('',#6765,#1272);
#988=LINE('',#6769,#1273);
#989=LINE('',#6774,#1274);
#990=LINE('',#6778,#1275);
#991=LINE('',#6783,#1276);
#992=LINE('',#6787,#1277);
#993=LINE('',#6804,#1278);
#994=LINE('',#6812,#1279);
#995=LINE('',#6816,#1280);
#996=LINE('',#6821,#1281);
#997=LINE('',#6824,#1282);
#998=LINE('',#6844,#1283);
#999=LINE('',#6845,#1284);
#1000=LINE('',#6847,#1285);
#1001=LINE('',#6849,#1286);
#1002=LINE('',#6854,#1287);
#1003=LINE('',#6998,#1288);
#1004=LINE('',#7002,#1289);
#1005=LINE('',#7146,#1290);
#1006=LINE('',#7149,#1291);
#1007=LINE('',#7150,#1292);
#1008=LINE('',#7153,#1293);
#1009=LINE('',#7157,#1294);
#1010=LINE('',#7160,#1295);
#1011=LINE('',#7164,#1296);
#1012=LINE('',#7168,#1297);
#1013=LINE('',#7172,#1298);
#1014=LINE('',#7176,#1299);
#1015=LINE('',#7179,#1300);
#1016=LINE('',#7182,#1301);
#1017=LINE('',#7185,#1302);
#1018=LINE('',#7189,#1303);
#1019=LINE('',#7380,#1304);
#1020=LINE('',#7384,#1305);
#1021=LINE('',#7525,#1306);
#1022=LINE('',#7528,#1307);
#1023=LINE('',#7533,#1308);
#1024=LINE('',#7540,#1309);
#1025=LINE('',#7542,#1310);
#1026=LINE('',#7546,#1311);
#1027=LINE('',#7553,#1312);
#1028=LINE('',#7555,#1313);
#1029=LINE('',#7557,#1314);
#1030=LINE('',#7561,#1315);
#1031=LINE('',#7568,#1316);
#1032=LINE('',#7570,#1317);
#1033=LINE('',#7572,#1318);
#1034=LINE('',#7575,#1319);
#1035=LINE('',#7577,#1320);
#1036=LINE('',#7581,#1321);
#1037=LINE('',#7583,#1322);
#1038=VECTOR('',#4031,10.);
#1039=VECTOR('',#4032,10.);
#1040=VECTOR('',#4033,10.);
#1041=VECTOR('',#4034,10.);
#1042=VECTOR('',#4035,10.);
#1043=VECTOR('',#4036,10.);
#1044=VECTOR('',#4037,10.);
#1045=VECTOR('',#4038,10.);
#1046=VECTOR('',#4039,10.);
#1047=VECTOR('',#4042,10.);
#1048=VECTOR('',#4043,10.);
#1049=VECTOR('',#4044,10.);
#1050=VECTOR('',#4045,10.);
#1051=VECTOR('',#4046,10.);
#1052=VECTOR('',#4047,10.);
#1053=VECTOR('',#4048,10.);
#1054=VECTOR('',#4049,10.);
#1055=VECTOR('',#4050,10.);
#1056=VECTOR('',#4051,10.);
#1057=VECTOR('',#4052,10.);
#1058=VECTOR('',#4053,10.);
#1059=VECTOR('',#4054,10.);
#1060=VECTOR('',#4055,10.);
#1061=VECTOR('',#4056,10.);
#1062=VECTOR('',#4057,10.);
#1063=VECTOR('',#4058,10.);
#1064=VECTOR('',#4059,10.);
#1065=VECTOR('',#4060,10.);
#1066=VECTOR('',#4061,10.);
#1067=VECTOR('',#4062,10.);
#1068=VECTOR('',#4065,10.);
#1069=VECTOR('',#4066,10.);
#1070=VECTOR('',#4069,10.);
#1071=VECTOR('',#4070,10.);
#1072=VECTOR('',#4071,10.);
#1073=VECTOR('',#4072,10.);
#1074=VECTOR('',#4073,10.);
#1075=VECTOR('',#4076,10.);
#1076=VECTOR('',#4077,10.);
#1077=VECTOR('',#4080,10.);
#1078=VECTOR('',#4081,10.);
#1079=VECTOR('',#4084,10.);
#1080=VECTOR('',#4085,10.);
#1081=VECTOR('',#4086,10.);
#1082=VECTOR('',#4087,10.);
#1083=VECTOR('',#4088,10.);
#1084=VECTOR('',#4089,10.);
#1085=VECTOR('',#4090,10.);
#1086=VECTOR('',#4091,10.);
#1087=VECTOR('',#4092,10.);
#1088=VECTOR('',#4093,10.);
#1089=VECTOR('',#4094,10.);
#1090=VECTOR('',#4095,10.);
#1091=VECTOR('',#4096,10.);
#1092=VECTOR('',#4099,10.);
#1093=VECTOR('',#4100,10.);
#1094=VECTOR('',#4101,10.);
#1095=VECTOR('',#4102,10.);
#1096=VECTOR('',#4105,10.);
#1097=VECTOR('',#4106,10.);
#1098=VECTOR('',#4109,10.);
#1099=VECTOR('',#4110,10.);
#1100=VECTOR('',#4111,10.);
#1101=VECTOR('',#4112,10.);
#1102=VECTOR('',#4113,10.);
#1103=VECTOR('',#4114,10.);
#1104=VECTOR('',#4115,10.);
#1105=VECTOR('',#4116,10.);
#1106=VECTOR('',#4117,10.);
#1107=VECTOR('',#4118,10.);
#1108=VECTOR('',#4121,10.);
#1109=VECTOR('',#4122,10.);
#1110=VECTOR('',#4123,10.);
#1111=VECTOR('',#4124,10.);
#1112=VECTOR('',#4125,10.);
#1113=VECTOR('',#4126,10.);
#1114=VECTOR('',#4127,10.);
#1115=VECTOR('',#4128,10.);
#1116=VECTOR('',#4129,10.);
#1117=VECTOR('',#4130,10.);
#1118=VECTOR('',#4131,10.);
#1119=VECTOR('',#4132,10.);
#1120=VECTOR('',#4133,10.);
#1121=VECTOR('',#4134,10.);
#1122=VECTOR('',#4137,10.);
#1123=VECTOR('',#4138,10.);
#1124=VECTOR('',#4141,10.);
#1125=VECTOR('',#4142,10.);
#1126=VECTOR('',#4143,10.);
#1127=VECTOR('',#4144,10.);
#1128=VECTOR('',#4147,10.);
#1129=VECTOR('',#4148,10.);
#1130=VECTOR('',#4149,10.);
#1131=VECTOR('',#4150,10.);
#1132=VECTOR('',#4155,2.4);
#1133=VECTOR('',#4162,10.);
#1134=VECTOR('',#4165,10.);
#1135=VECTOR('',#4166,2.5);
#1136=VECTOR('',#4175,2.4);
#1137=VECTOR('',#4180,10.);
#1138=VECTOR('',#4183,10.);
#1139=VECTOR('',#4186,2.5);
#1140=VECTOR('',#4195,10.);
#1141=VECTOR('',#4200,10.);
#1142=VECTOR('',#4201,10.);
#1143=VECTOR('',#4202,10.);
#1144=VECTOR('',#4207,10.);
#1145=VECTOR('',#4214,10.);
#1146=VECTOR('',#4221,10.);
#1147=VECTOR('',#4226,10.);
#1148=VECTOR('',#4227,10.);
#1149=VECTOR('',#4228,10.);
#1150=VECTOR('',#4231,10.);
#1151=VECTOR('',#4232,10.);
#1152=VECTOR('',#4233,10.);
#1153=VECTOR('',#4234,10.);
#1154=VECTOR('',#4237,10.);
#1155=VECTOR('',#4240,10.);
#1156=VECTOR('',#4241,10.);
#1157=VECTOR('',#4246,10.);
#1158=VECTOR('',#4251,10.);
#1159=VECTOR('',#4254,10.);
#1160=VECTOR('',#4257,10.);
#1161=VECTOR('',#4262,10.);
#1162=VECTOR('',#4267,10.);
#1163=VECTOR('',#4268,10.);
#1164=VECTOR('',#4271,10.);
#1165=VECTOR('',#4278,10.);
#1166=VECTOR('',#4283,10.);
#1167=VECTOR('',#4284,10.);
#1168=VECTOR('',#4285,10.);
#1169=VECTOR('',#4288,10.);
#1170=VECTOR('',#4295,10.);
#1171=VECTOR('',#4308,10.);
#1172=VECTOR('',#4311,10.);
#1173=VECTOR('',#4312,10.);
#1174=VECTOR('',#4319,1.89999999999998);
#1175=VECTOR('',#4324,10.);
#1176=VECTOR('',#4327,10.);
#1177=VECTOR('',#4330,10.);
#1178=VECTOR('',#4331,10.);
#1179=VECTOR('',#4332,10.);
#1180=VECTOR('',#4335,10.);
#1181=VECTOR('',#4338,10.);
#1182=VECTOR('',#4339,10.);
#1183=VECTOR('',#4342,10.);
#1184=VECTOR('',#4343,10.);
#1185=VECTOR('',#4344,10.);
#1186=VECTOR('',#4345,10.);
#1187=VECTOR('',#4350,2.7);
#1188=VECTOR('',#4353,1.89999999999998);
#1189=VECTOR('',#4360,2.7);
#1190=VECTOR('',#4363,10.);
#1191=VECTOR('',#4364,10.);
#1192=VECTOR('',#4365,10.);
#1193=VECTOR('',#4368,10.);
#1194=VECTOR('',#4373,10.);
#1195=VECTOR('',#4374,10.);
#1196=VECTOR('',#4377,10.);
#1197=VECTOR('',#4382,10.);
#1198=VECTOR('',#4383,10.);
#1199=VECTOR('',#4386,10.);
#1200=VECTOR('',#4387,10.);
#1201=VECTOR('',#4390,10.);
#1202=VECTOR('',#4391,10.);
#1203=VECTOR('',#4394,10.);
#1204=VECTOR('',#4399,10.);
#1205=VECTOR('',#4400,10.);
#1206=VECTOR('',#4403,10.);
#1207=VECTOR('',#4408,10.);
#1208=VECTOR('',#4409,10.);
#1209=VECTOR('',#4412,10.);
#1210=VECTOR('',#4413,10.);
#1211=VECTOR('',#4414,10.);
#1212=VECTOR('',#4417,3.2);
#1213=VECTOR('',#4422,5.5);
#1214=VECTOR('',#4427,10.);
#1215=VECTOR('',#4428,10.);
#1216=VECTOR('',#4429,10.);
#1217=VECTOR('',#4432,10.);
#1218=VECTOR('',#4433,10.);
#1219=VECTOR('',#4434,10.);
#1220=VECTOR('',#4435,10.);
#1221=VECTOR('',#4438,10.);
#1222=VECTOR('',#4445,10.);
#1223=VECTOR('',#4446,10.);
#1224=VECTOR('',#4447,10.);
#1225=VECTOR('',#4450,10.);
#1226=VECTOR('',#4457,10.);
#1227=VECTOR('',#4458,10.);
#1228=VECTOR('',#4459,10.);
#1229=VECTOR('',#4462,10.);
#1230=VECTOR('',#4463,10.);
#1231=VECTOR('',#4464,10.);
#1232=VECTOR('',#4467,10.);
#1233=VECTOR('',#4474,10.);
#1234=VECTOR('',#4475,10.);
#1235=VECTOR('',#4476,10.);
#1236=VECTOR('',#4479,10.);
#1237=VECTOR('',#4486,10.);
#1238=VECTOR('',#4487,10.);
#1239=VECTOR('',#4488,10.);
#1240=VECTOR('',#4491,10.);
#1241=VECTOR('',#4492,10.);
#1242=VECTOR('',#4495,10.);
#1243=VECTOR('',#4496,10.);
#1244=VECTOR('',#4499,10.);
#1245=VECTOR('',#4504,10.);
#1246=VECTOR('',#4505,10.);
#1247=VECTOR('',#4508,10.);
#1248=VECTOR('',#4513,10.);
#1249=VECTOR('',#4516,10.);
#1250=VECTOR('',#4517,10.);
#1251=VECTOR('',#4520,10.);
#1252=VECTOR('',#4525,10.);
#1253=VECTOR('',#4526,10.);
#1254=VECTOR('',#4527,10.);
#1255=VECTOR('',#4528,10.);
#1256=VECTOR('',#4531,10.);
#1257=VECTOR('',#4534,10.);
#1258=VECTOR('',#4537,10.);
#1259=VECTOR('',#4538,10.);
#1260=VECTOR('',#4543,10.);
#1261=VECTOR('',#4544,10.);
#1262=VECTOR('',#4547,3.20000000000001);
#1263=VECTOR('',#4552,5.5);
#1264=VECTOR('',#4575,10.);
#1265=VECTOR('',#4578,10.);
#1266=VECTOR('',#4581,10.);
#1267=VECTOR('',#4584,10.);
#1268=VECTOR('',#4585,10.);
#1269=VECTOR('',#4588,10.);
#1270=VECTOR('',#4593,10.);
#1271=VECTOR('',#4596,10.);
#1272=VECTOR('',#4603,10.);
#1273=VECTOR('',#4606,10.);
#1274=VECTOR('',#4611,10.);
#1275=VECTOR('',#4614,10.);
#1276=VECTOR('',#4619,10.);
#1277=VECTOR('',#4622,10.);
#1278=VECTOR('',#4639,10.);
#1279=VECTOR('',#4646,10.);
#1280=VECTOR('',#4649,10.);
#1281=VECTOR('',#4658,10.);
#1282=VECTOR('',#4661,10.);
#1283=VECTOR('',#4664,10.);
#1284=VECTOR('',#4665,10.);
#1285=VECTOR('',#4668,10.);
#1286=VECTOR('',#4671,10.);
#1287=VECTOR('',#4678,10.);
#1288=VECTOR('',#4691,10.);
#1289=VECTOR('',#4696,10.);
#1290=VECTOR('',#4709,10.);
#1291=VECTOR('',#4712,10.);
#1292=VECTOR('',#4713,10.);
#1293=VECTOR('',#4716,10.);
#1294=VECTOR('',#4721,10.);
#1295=VECTOR('',#4724,10.);
#1296=VECTOR('',#4727,10.);
#1297=VECTOR('',#4730,10.);
#1298=VECTOR('',#4733,10.);
#1299=VECTOR('',#4736,10.);
#1300=VECTOR('',#4739,10.);
#1301=VECTOR('',#4742,10.);
#1302=VECTOR('',#4747,10.);
#1303=VECTOR('',#4752,10.);
#1304=VECTOR('',#4763,10.);
#1305=VECTOR('',#4768,10.);
#1306=VECTOR('',#4779,10.);
#1307=VECTOR('',#4782,10.);
#1308=VECTOR('',#4791,10.);
#1309=VECTOR('',#4802,10.);
#1310=VECTOR('',#4805,10.);
#1311=VECTOR('',#4810,10.);
#1312=VECTOR('',#4821,10.);
#1313=VECTOR('',#4824,10.);
#1314=VECTOR('',#4827,10.);
#1315=VECTOR('',#4832,10.);
#1316=VECTOR('',#4843,10.);
#1317=VECTOR('',#4846,10.);
#1318=VECTOR('',#4849,10.);
#1319=VECTOR('',#4854,0.899999999999999);
#1320=VECTOR('',#4857,0.899999999999999);
#1321=VECTOR('',#4862,0.899999999999999);
#1322=VECTOR('',#4865,0.899999999999999);
#1323=B_SPLINE_CURVE_WITH_KNOTS('',3,(#4872,#4873,#4874,#4875,#4876),
 .UNSPECIFIED.,.F.,.F.,(4,1,4),(0.,0.00788827498521634,0.0154037970785295),
 .UNSPECIFIED.);
#1324=B_SPLINE_CURVE_WITH_KNOTS('',3,(#4878,#4879,#4880,#4881,#4882),
 .UNSPECIFIED.,.F.,.F.,(4,1,4),(0.,0.00753657323421842,0.0153000424368695),
 .UNSPECIFIED.);
#1325=B_SPLINE_CURVE_WITH_KNOTS('',3,(#4884,#4885,#4886,#4887,#4888),
 .UNSPECIFIED.,.F.,.F.,(4,1,4),(0.,0.00791325269996889,0.0154920855335145),
 .UNSPECIFIED.);
#1326=B_SPLINE_CURVE_WITH_KNOTS('',3,(#4892,#4893,#4894,#4895,#4896),
 .UNSPECIFIED.,.F.,.F.,(4,1,4),(0.,0.015377189988107,0.0276699762009042),
 .UNSPECIFIED.);
#1327=B_SPLINE_CURVE_WITH_KNOTS('',3,(#4898,#4899,#4900,#4901,#4902),
 .UNSPECIFIED.,.F.,.F.,(4,1,4),(0.,0.0130475748655863,0.0286735848659621),
 .UNSPECIFIED.);
#1328=B_SPLINE_CURVE_WITH_KNOTS('',3,(#4904,#4905,#4906,#4907,#4908),
 .UNSPECIFIED.,.F.,.F.,(4,1,4),(0.,0.0403046617629207,0.0690010057873302),
 .UNSPECIFIED.);
#1329=B_SPLINE_CURVE_WITH_KNOTS('',3,(#4910,#4911,#4912,#4913,#4914),
 .UNSPECIFIED.,.F.,.F.,(4,1,4),(0.,0.0288484378573215,0.0692036132493846),
 .UNSPECIFIED.);
#1330=B_SPLINE_CURVE_WITH_KNOTS('',3,(#4916,#4917,#4918,#4919,#4920),
 .UNSPECIFIED.,.F.,.F.,(4,1,4),(0.,0.0118861019831156,0.0203115260748102),
 .UNSPECIFIED.);
#1331=B_SPLINE_CURVE_WITH_KNOTS('',3,(#4922,#4923,#4924,#4925,#4926),
 .UNSPECIFIED.,.F.,.F.,(4,1,4),(0.,0.00842540919384457,0.0203114969587465),
 .UNSPECIFIED.);
#1332=B_SPLINE_CURVE_WITH_KNOTS('',3,(#4928,#4929,#4930,#4931,#4932),
 .UNSPECIFIED.,.F.,.F.,(4,1,4),(0.,0.00814509122096909,0.0139632937046224),
 .UNSPECIFIED.);
#1333=B_SPLINE_CURVE_WITH_KNOTS('',3,(#4934,#4935,#4936,#4937,#4938),
 .UNSPECIFIED.,.F.,.F.,(4,1,4),(0.,0.00581818760290824,0.0139632656877514),
 .UNSPECIFIED.);
#1334=B_SPLINE_CURVE_WITH_KNOTS('',3,(#4940,#4941,#4942,#4943,#4944),
 .UNSPECIFIED.,.F.,.F.,(4,1,4),(0.,0.010922395469515,0.0231274180074641),
 .UNSPECIFIED.);
#1335=B_SPLINE_CURVE_WITH_KNOTS('',3,(#4946,#4947,#4948,#4949,#4950),
 .UNSPECIFIED.,.F.,.F.,(4,1,4),(0.,0.0220970798587911,0.0393430416195645),
 .UNSPECIFIED.);
#1336=B_SPLINE_CURVE_WITH_KNOTS('',3,(#4952,#4953,#4954,#4955,#4956),
 .UNSPECIFIED.,.F.,.F.,(4,1,4),(0.,0.0166240607871832,0.0397280662849349),
 .UNSPECIFIED.);
#1337=B_SPLINE_CURVE_WITH_KNOTS('',3,(#4958,#4959,#4960,#4961,#4962),
 .UNSPECIFIED.,.F.,.F.,(4,1,4),(0.,0.0114214039105917,0.029581044836045),
 .UNSPECIFIED.);
#1338=B_SPLINE_CURVE_WITH_KNOTS('',3,(#4964,#4965,#4966,#4967,#4968),
 .UNSPECIFIED.,.F.,.F.,(4,1,4),(0.,0.00793839055878535,0.0155465148992898),
 .UNSPECIFIED.);
#1339=B_SPLINE_CURVE_WITH_KNOTS('',3,(#4970,#4971,#4972,#4973,#4974),
 .UNSPECIFIED.,.F.,.F.,(4,1,4),(0.,0.00773750222472855,0.0156984083875563),
 .UNSPECIFIED.);
#1340=B_SPLINE_CURVE_WITH_KNOTS('',3,(#4976,#4977,#4978,#4979,#4980),
 .UNSPECIFIED.,.F.,.F.,(4,1,4),(0.,0.0273296770495481,0.0408357518448303),
 .UNSPECIFIED.);
#1341=B_SPLINE_CURVE_WITH_KNOTS('',3,(#4982,#4983,#4984,#4985,#4986),
 .UNSPECIFIED.,.F.,.F.,(4,1,4),(0.,0.0456369432281176,0.0786855133844375),
 .UNSPECIFIED.);
#1342=B_SPLINE_CURVE_WITH_KNOTS('',3,(#4988,#4989,#4990,#4991,#4992),
 .UNSPECIFIED.,.F.,.F.,(4,1,4),(0.,0.0324972708795718,0.0785035091474209),
 .UNSPECIFIED.);
#1343=B_SPLINE_CURVE_WITH_KNOTS('',3,(#4994,#4995,#4996,#4997,#4998),
 .UNSPECIFIED.,.F.,.F.,(4,1,4),(0.,0.0167449148208902,0.0286776056223559),
 .UNSPECIFIED.);
#1344=B_SPLINE_CURVE_WITH_KNOTS('',3,(#5000,#5001,#5002,#5003,#5004),
 .UNSPECIFIED.,.F.,.F.,(4,1,4),(0.,0.0120848523503474,0.0288803703682994),
 .UNSPECIFIED.);
#1345=B_SPLINE_CURVE_WITH_KNOTS('',3,(#5010,#5011,#5012,#5013,#5014),
 .UNSPECIFIED.,.F.,.F.,(4,1,4),(0.,0.017316968569544,0.0417608480394175),
 .UNSPECIFIED.);
#1346=B_SPLINE_CURVE_WITH_KNOTS('',3,(#5016,#5017,#5018,#5019,#5020),
 .UNSPECIFIED.,.F.,.F.,(4,1,4),(0.,0.00962174353668994,0.0197025132674945),
 .UNSPECIFIED.);
#1347=B_SPLINE_CURVE_WITH_KNOTS('',3,(#5022,#5023,#5024,#5025,#5026),
 .UNSPECIFIED.,.F.,.F.,(4,1,4),(0.,0.0120857669111084,0.0200195719717399),
 .UNSPECIFIED.);
#1348=B_SPLINE_CURVE_WITH_KNOTS('',3,(#5031,#5032,#5033,#5034,#5035),
 .UNSPECIFIED.,.F.,.F.,(4,1,4),(0.,0.00753705546640754,0.0154458751396825),
 .UNSPECIFIED.);
#1349=B_SPLINE_CURVE_WITH_KNOTS('',3,(#5049,#5050,#5051,#5052,#5053),
 .UNSPECIFIED.,.F.,.F.,(4,1,4),(0.,0.00788827498521634,0.0154037970785295),
 .UNSPECIFIED.);
#1350=B_SPLINE_CURVE_WITH_KNOTS('',3,(#5066,#5067,#5068,#5069,#5070),
 .UNSPECIFIED.,.F.,.F.,(4,1,4),(0.,0.00753657323421842,0.0153000424368695),
 .UNSPECIFIED.);
#1351=B_SPLINE_CURVE_WITH_KNOTS('',3,(#5083,#5084,#5085,#5086,#5087),
 .UNSPECIFIED.,.F.,.F.,(4,1,4),(0.,0.00791325269996889,0.0154920855335145),
 .UNSPECIFIED.);
#1352=B_SPLINE_CURVE_WITH_KNOTS('',3,(#5104,#5105,#5106,#5107,#5108),
 .UNSPECIFIED.,.F.,.F.,(4,1,4),(0.,0.015377189988107,0.0276699762009042),
 .UNSPECIFIED.);
#1353=B_SPLINE_CURVE_WITH_KNOTS('',3,(#5121,#5122,#5123,#5124,#5125),
 .UNSPECIFIED.,.F.,.F.,(4,1,4),(0.,0.0130475748655863,0.0286735848659621),
 .UNSPECIFIED.);
#1354=B_SPLINE_CURVE_WITH_KNOTS('',3,(#5138,#5139,#5140,#5141,#5142),
 .UNSPECIFIED.,.F.,.F.,(4,1,4),(0.,0.0403046617629207,0.0690010057873302),
 .UNSPECIFIED.);
#1355=B_SPLINE_CURVE_WITH_KNOTS('',3,(#5155,#5156,#5157,#5158,#5159),
 .UNSPECIFIED.,.F.,.F.,(4,1,4),(0.,0.0288484378573215,0.0692036132493846),
 .UNSPECIFIED.);
#1356=B_SPLINE_CURVE_WITH_KNOTS('',3,(#5172,#5173,#5174,#5175,#5176),
 .UNSPECIFIED.,.F.,.F.,(4,1,4),(0.,0.0118861019831156,0.0203115260748102),
 .UNSPECIFIED.);
#1357=B_SPLINE_CURVE_WITH_KNOTS('',3,(#5189,#5190,#5191,#5192,#5193),
 .UNSPECIFIED.,.F.,.F.,(4,1,4),(0.,0.00842540919384457,0.0203114969587465),
 .UNSPECIFIED.);
#1358=B_SPLINE_CURVE_WITH_KNOTS('',3,(#5206,#5207,#5208,#5209,#5210),
 .UNSPECIFIED.,.F.,.F.,(4,1,4),(0.,0.00814509122096909,0.0139632937046224),
 .UNSPECIFIED.);
#1359=B_SPLINE_CURVE_WITH_KNOTS('',3,(#5223,#5224,#5225,#5226,#5227),
 .UNSPECIFIED.,.F.,.F.,(4,1,4),(0.,0.00581818760290824,0.0139632656877514),
 .UNSPECIFIED.);
#1360=B_SPLINE_CURVE_WITH_KNOTS('',3,(#5240,#5241,#5242,#5243,#5244),
 .UNSPECIFIED.,.F.,.F.,(4,1,4),(0.,0.010922395469515,0.0231274180074641),
 .UNSPECIFIED.);
#1361=B_SPLINE_CURVE_WITH_KNOTS('',3,(#5257,#5258,#5259,#5260,#5261),
 .UNSPECIFIED.,.F.,.F.,(4,1,4),(0.,0.0220970798587911,0.0393430416195645),
 .UNSPECIFIED.);
#1362=B_SPLINE_CURVE_WITH_KNOTS('',3,(#5274,#5275,#5276,#5277,#5278),
 .UNSPECIFIED.,.F.,.F.,(4,1,4),(0.,0.0166240607871832,0.0397280662849349),
 .UNSPECIFIED.);
#1363=B_SPLINE_CURVE_WITH_KNOTS('',3,(#5291,#5292,#5293,#5294,#5295),
 .UNSPECIFIED.,.F.,.F.,(4,1,4),(0.,0.0114214039105917,0.029581044836045),
 .UNSPECIFIED.);
#1364=B_SPLINE_CURVE_WITH_KNOTS('',3,(#5308,#5309,#5310,#5311,#5312),
 .UNSPECIFIED.,.F.,.F.,(4,1,4),(0.,0.00793839055878535,0.0155465148992898),
 .UNSPECIFIED.);
#1365=B_SPLINE_CURVE_WITH_KNOTS('',3,(#5325,#5326,#5327,#5328,#5329),
 .UNSPECIFIED.,.F.,.F.,(4,1,4),(0.,0.00773750222472855,0.0156984083875563),
 .UNSPECIFIED.);
#1366=B_SPLINE_CURVE_WITH_KNOTS('',3,(#5342,#5343,#5344,#5345,#5346),
 .UNSPECIFIED.,.F.,.F.,(4,1,4),(0.,0.0273296770495481,0.0408357518448303),
 .UNSPECIFIED.);
#1367=B_SPLINE_CURVE_WITH_KNOTS('',3,(#5359,#5360,#5361,#5362,#5363),
 .UNSPECIFIED.,.F.,.F.,(4,1,4),(0.,0.0456369432281176,0.0786855133844375),
 .UNSPECIFIED.);
#1368=B_SPLINE_CURVE_WITH_KNOTS('',3,(#5376,#5377,#5378,#5379,#5380),
 .UNSPECIFIED.,.F.,.F.,(4,1,4),(0.,0.0324972708795718,0.0785035091474209),
 .UNSPECIFIED.);
#1369=B_SPLINE_CURVE_WITH_KNOTS('',3,(#5393,#5394,#5395,#5396,#5397),
 .UNSPECIFIED.,.F.,.F.,(4,1,4),(0.,0.0167449148208902,0.0286776056223559),
 .UNSPECIFIED.);
#1370=B_SPLINE_CURVE_WITH_KNOTS('',3,(#5410,#5411,#5412,#5413,#5414),
 .UNSPECIFIED.,.F.,.F.,(4,1,4),(0.,0.0120848523503474,0.0288803703682994),
 .UNSPECIFIED.);
#1371=B_SPLINE_CURVE_WITH_KNOTS('',3,(#5435,#5436,#5437,#5438,#5439),
 .UNSPECIFIED.,.F.,.F.,(4,1,4),(0.,0.017316968569544,0.0417608480394175),
 .UNSPECIFIED.);
#1372=B_SPLINE_CURVE_WITH_KNOTS('',3,(#5452,#5453,#5454,#5455,#5456),
 .UNSPECIFIED.,.F.,.F.,(4,1,4),(0.,0.00962174353668994,0.0197025132674945),
 .UNSPECIFIED.);
#1373=B_SPLINE_CURVE_WITH_KNOTS('',3,(#5469,#5470,#5471,#5472,#5473),
 .UNSPECIFIED.,.F.,.F.,(4,1,4),(0.,0.0120857669111084,0.0200195719717399),
 .UNSPECIFIED.);
#1374=B_SPLINE_CURVE_WITH_KNOTS('',3,(#5493,#5494,#5495,#5496,#5497),
 .UNSPECIFIED.,.F.,.F.,(4,1,4),(0.,0.00753705546640754,0.0154458751396825),
 .UNSPECIFIED.);
#1375=B_SPLINE_CURVE_WITH_KNOTS('',3,(#5501,#5502,#5503,#5504,#5505),
 .UNSPECIFIED.,.F.,.F.,(4,1,4),(0.,0.00811576043485328,0.0163914662411363),
 .UNSPECIFIED.);
#1376=B_SPLINE_CURVE_WITH_KNOTS('',3,(#5507,#5508,#5509,#5510,#5511),
 .UNSPECIFIED.,.F.,.F.,(4,1,4),(0.,0.00778027602192949,0.0150059366369304),
 .UNSPECIFIED.);
#1377=B_SPLINE_CURVE_WITH_KNOTS('',3,(#5513,#5514,#5515,#5516,#5517),
 .UNSPECIFIED.,.F.,.F.,(4,1,4),(0.,0.065224917789454,0.118899114027169),
 .UNSPECIFIED.);
#1378=B_SPLINE_CURVE_WITH_KNOTS('',3,(#5519,#5520,#5521,#5522,#5523),
 .UNSPECIFIED.,.F.,.F.,(4,1,4),(0.,0.0303856525928922,0.0636207043850235),
 .UNSPECIFIED.);
#1379=B_SPLINE_CURVE_WITH_KNOTS('',3,(#5525,#5526,#5527,#5528,#5529),
 .UNSPECIFIED.,.F.,.F.,(4,1,4),(0.,0.0299078303884238,0.0629658842727706),
 .UNSPECIFIED.);
#1380=B_SPLINE_CURVE_WITH_KNOTS('',3,(#5531,#5532,#5533,#5534,#5535),
 .UNSPECIFIED.,.F.,.F.,(4,1,4),(0.,0.0784199810887435,0.140049695234072),
 .UNSPECIFIED.);
#1381=B_SPLINE_CURVE_WITH_KNOTS('',3,(#5537,#5538,#5539,#5540,#5541),
 .UNSPECIFIED.,.F.,.F.,(4,1,4),(0.,0.0261333381899326,0.0490217519073087),
 .UNSPECIFIED.);
#1382=B_SPLINE_CURVE_WITH_KNOTS('',3,(#5545,#5546,#5547,#5548,#5549),
 .UNSPECIFIED.,.F.,.F.,(4,1,4),(0.,0.0120593144311367,0.0243395264720666),
 .UNSPECIFIED.);
#1383=B_SPLINE_CURVE_WITH_KNOTS('',3,(#5551,#5552,#5553,#5554,#5555),
 .UNSPECIFIED.,.F.,.F.,(4,1,4),(0.,0.0109800017012257,0.021601450001024),
 .UNSPECIFIED.);
#1384=B_SPLINE_CURVE_WITH_KNOTS('',3,(#5557,#5558,#5559,#5560,#5561),
 .UNSPECIFIED.,.F.,.F.,(4,1,4),(0.,0.0178698560341476,0.0307172076417378),
 .UNSPECIFIED.);
#1385=B_SPLINE_CURVE_WITH_KNOTS('',3,(#5563,#5564,#5565,#5566,#5567),
 .UNSPECIFIED.,.F.,.F.,(4,1,4),(0.,0.012847336716923,0.0307171777480443),
 .UNSPECIFIED.);
#1386=B_SPLINE_CURVE_WITH_KNOTS('',3,(#5569,#5570,#5571,#5572,#5573),
 .UNSPECIFIED.,.F.,.F.,(4,1,4),(0.,0.0324671791791064,0.0555781075748068),
 .UNSPECIFIED.);
#1387=B_SPLINE_CURVE_WITH_KNOTS('',3,(#5575,#5576,#5577,#5578,#5579),
 .UNSPECIFIED.,.F.,.F.,(4,1,4),(0.,0.0232630127672535,0.0557806923226121),
 .UNSPECIFIED.);
#1388=B_SPLINE_CURVE_WITH_KNOTS('',3,(#5581,#5582,#5583,#5584,#5585),
 .UNSPECIFIED.,.F.,.F.,(4,1,4),(0.,0.0278566312511771,0.0478281118264109),
 .UNSPECIFIED.);
#1389=B_SPLINE_CURVE_WITH_KNOTS('',3,(#5587,#5588,#5589,#5590,#5591),
 .UNSPECIFIED.,.F.,.F.,(4,1,4),(0.,0.0199714806107289,0.047828111861906),
 .UNSPECIFIED.);
#1390=B_SPLINE_CURVE_WITH_KNOTS('',3,(#5593,#5594,#5595,#5596,#5597),
 .UNSPECIFIED.,.F.,.F.,(4,1,4),(0.,0.00800191879017809,0.016323739145695),
 .UNSPECIFIED.);
#1391=B_SPLINE_CURVE_WITH_KNOTS('',3,(#5599,#5600,#5601,#5602,#5603),
 .UNSPECIFIED.,.F.,.F.,(4,1,4),(0.,0.00813120461903419,0.0160486823537371),
 .UNSPECIFIED.);
#1392=B_SPLINE_CURVE_WITH_KNOTS('',3,(#5605,#5606,#5607,#5608,#5609),
 .UNSPECIFIED.,.F.,.F.,(4,1,4),(0.,0.00791749463884027,0.0160486937712615),
 .UNSPECIFIED.);
#1393=B_SPLINE_CURVE_WITH_KNOTS('',3,(#5611,#5612,#5613,#5614,#5615),
 .UNSPECIFIED.,.F.,.F.,(4,1,4),(0.,0.00832182003181641,0.0163237388219945),
 .UNSPECIFIED.);
#1394=B_SPLINE_CURVE_WITH_KNOTS('',3,(#5621,#5622,#5623,#5624,#5625),
 .UNSPECIFIED.,.F.,.F.,(4,1,4),(0.,0.0900798410405221,0.175500235264166),
 .UNSPECIFIED.);
#1395=B_SPLINE_CURVE_WITH_KNOTS('',3,(#5627,#5628,#5629,#5630,#5631),
 .UNSPECIFIED.,.F.,.F.,(4,1,4),(0.,0.007634111508792,0.0161229760064257),
 .UNSPECIFIED.);
#1396=B_SPLINE_CURVE_WITH_KNOTS('',3,(#5632,#5633,#5634,#5635,#5636),
 .UNSPECIFIED.,.F.,.F.,(4,1,4),(0.,0.00821450390301042,0.016161002978874),
 .UNSPECIFIED.);
#1397=B_SPLINE_CURVE_WITH_KNOTS('',3,(#5639,#5640,#5641,#5642,#5643),
 .UNSPECIFIED.,.F.,.F.,(4,1,4),(0.,0.0284046801769735,0.0633289867437882),
 .UNSPECIFIED.);
#1398=B_SPLINE_CURVE_WITH_KNOTS('',3,(#5645,#5646,#5647,#5648,#5649),
 .UNSPECIFIED.,.F.,.F.,(4,1,4),(0.,0.013245131220129,0.0224266089726491),
 .UNSPECIFIED.);
#1399=B_SPLINE_CURVE_WITH_KNOTS('',3,(#5651,#5652,#5653,#5654,#5655),
 .UNSPECIFIED.,.F.,.F.,(4,1,4),(0.,0.0131451062768669,0.0268329938301326),
 .UNSPECIFIED.);
#1400=B_SPLINE_CURVE_WITH_KNOTS('',3,(#5657,#5658,#5659,#5660,#5661),
 .UNSPECIFIED.,.F.,.F.,(4,1,4),(0.,0.0453952059575695,0.0792881081585668),
 .UNSPECIFIED.);
#1401=B_SPLINE_CURVE_WITH_KNOTS('',3,(#5663,#5664,#5665,#5666,#5667),
 .UNSPECIFIED.,.F.,.F.,(4,1,4),(0.,0.00525423175956369,0.00903501897851883),
 .UNSPECIFIED.);
#1402=B_SPLINE_CURVE_WITH_KNOTS('',3,(#5669,#5670,#5671,#5672,#5673),
 .UNSPECIFIED.,.F.,.F.,(4,1,4),(0.,0.00362857164847544,0.00883208733389905),
 .UNSPECIFIED.);
#1403=B_SPLINE_CURVE_WITH_KNOTS('',3,(#5677,#5678,#5679,#5680,#5681),
 .UNSPECIFIED.,.F.,.F.,(4,1,4),(0.,0.018229116242592,0.0404925021838388),
 .UNSPECIFIED.);
#1404=B_SPLINE_CURVE_WITH_KNOTS('',3,(#5683,#5684,#5685,#5686,#5687),
 .UNSPECIFIED.,.F.,.F.,(4,1,4),(0.,0.0136917405110115,0.0246075259804614),
 .UNSPECIFIED.);
#1405=B_SPLINE_CURVE_WITH_KNOTS('',3,(#5692,#5693,#5694,#5695,#5696),
 .UNSPECIFIED.,.F.,.F.,(4,1,4),(0.,0.0349083924435848,0.067511533178263),
 .UNSPECIFIED.);
#1406=B_SPLINE_CURVE_WITH_KNOTS('',3,(#5710,#5711,#5712,#5713,#5714),
 .UNSPECIFIED.,.F.,.F.,(4,1,4),(0.,0.0284046801769735,0.0633289867437882),
 .UNSPECIFIED.);
#1407=B_SPLINE_CURVE_WITH_KNOTS('',3,(#5727,#5728,#5729,#5730,#5731),
 .UNSPECIFIED.,.F.,.F.,(4,1,4),(0.,0.013245131220129,0.0224266089726491),
 .UNSPECIFIED.);
#1408=B_SPLINE_CURVE_WITH_KNOTS('',3,(#5744,#5745,#5746,#5747,#5748),
 .UNSPECIFIED.,.F.,.F.,(4,1,4),(0.,0.0131451062768669,0.0268329938301326),
 .UNSPECIFIED.);
#1409=B_SPLINE_CURVE_WITH_KNOTS('',3,(#5761,#5762,#5763,#5764,#5765),
 .UNSPECIFIED.,.F.,.F.,(4,1,4),(0.,0.0453952059575695,0.0792881081585668),
 .UNSPECIFIED.);
#1410=B_SPLINE_CURVE_WITH_KNOTS('',3,(#5778,#5779,#5780,#5781,#5782),
 .UNSPECIFIED.,.F.,.F.,(4,1,4),(0.,0.00525423175956369,0.00903501897851883),
 .UNSPECIFIED.);
#1411=B_SPLINE_CURVE_WITH_KNOTS('',3,(#5795,#5796,#5797,#5798,#5799),
 .UNSPECIFIED.,.F.,.F.,(4,1,4),(0.,0.00362857164847544,0.00883208733389905),
 .UNSPECIFIED.);
#1412=B_SPLINE_CURVE_WITH_KNOTS('',3,(#5816,#5817,#5818,#5819,#5820),
 .UNSPECIFIED.,.F.,.F.,(4,1,4),(0.,0.018229116242592,0.0404925021838388),
 .UNSPECIFIED.);
#1413=B_SPLINE_CURVE_WITH_KNOTS('',3,(#5833,#5834,#5835,#5836,#5837),
 .UNSPECIFIED.,.F.,.F.,(4,1,4),(0.,0.0136917405110115,0.0246075259804614),
 .UNSPECIFIED.);
#1414=B_SPLINE_CURVE_WITH_KNOTS('',3,(#5857,#5858,#5859,#5860,#5861),
 .UNSPECIFIED.,.F.,.F.,(4,1,4),(0.,0.0349083924435848,0.067511533178263),
 .UNSPECIFIED.);
#1415=B_SPLINE_CURVE_WITH_KNOTS('',3,(#5875,#5876,#5877,#5878,#5879),
 .UNSPECIFIED.,.F.,.F.,(4,1,4),(0.,0.00811576043485328,0.0163914662411363),
 .UNSPECIFIED.);
#1416=B_SPLINE_CURVE_WITH_KNOTS('',3,(#5892,#5893,#5894,#5895,#5896),
 .UNSPECIFIED.,.F.,.F.,(4,1,4),(0.,0.00778027602192949,0.0150059366369304),
 .UNSPECIFIED.);
#1417=B_SPLINE_CURVE_WITH_KNOTS('',3,(#5909,#5910,#5911,#5912,#5913),
 .UNSPECIFIED.,.F.,.F.,(4,1,4),(0.,0.065224917789454,0.118899114027169),
 .UNSPECIFIED.);
#1418=B_SPLINE_CURVE_WITH_KNOTS('',3,(#5926,#5927,#5928,#5929,#5930),
 .UNSPECIFIED.,.F.,.F.,(4,1,4),(0.,0.0303856525928922,0.0636207043850235),
 .UNSPECIFIED.);
#1419=B_SPLINE_CURVE_WITH_KNOTS('',3,(#5943,#5944,#5945,#5946,#5947),
 .UNSPECIFIED.,.F.,.F.,(4,1,4),(0.,0.0299078303884238,0.0629658842727706),
 .UNSPECIFIED.);
#1420=B_SPLINE_CURVE_WITH_KNOTS('',3,(#5960,#5961,#5962,#5963,#5964),
 .UNSPECIFIED.,.F.,.F.,(4,1,4),(0.,0.0784199810887435,0.140049695234072),
 .UNSPECIFIED.);
#1421=B_SPLINE_CURVE_WITH_KNOTS('',3,(#5977,#5978,#5979,#5980,#5981),
 .UNSPECIFIED.,.F.,.F.,(4,1,4),(0.,0.0261333381899326,0.0490217519073087),
 .UNSPECIFIED.);
#1422=B_SPLINE_CURVE_WITH_KNOTS('',3,(#5998,#5999,#6000,#6001,#6002),
 .UNSPECIFIED.,.F.,.F.,(4,1,4),(0.,0.0120593144311367,0.0243395264720666),
 .UNSPECIFIED.);
#1423=B_SPLINE_CURVE_WITH_KNOTS('',3,(#6015,#6016,#6017,#6018,#6019),
 .UNSPECIFIED.,.F.,.F.,(4,1,4),(0.,0.0109800017012257,0.021601450001024),
 .UNSPECIFIED.);
#1424=B_SPLINE_CURVE_WITH_KNOTS('',3,(#6032,#6033,#6034,#6035,#6036),
 .UNSPECIFIED.,.F.,.F.,(4,1,4),(0.,0.0178698560341476,0.0307172076417378),
 .UNSPECIFIED.);
#1425=B_SPLINE_CURVE_WITH_KNOTS('',3,(#6049,#6050,#6051,#6052,#6053),
 .UNSPECIFIED.,.F.,.F.,(4,1,4),(0.,0.012847336716923,0.0307171777480443),
 .UNSPECIFIED.);
#1426=B_SPLINE_CURVE_WITH_KNOTS('',3,(#6066,#6067,#6068,#6069,#6070),
 .UNSPECIFIED.,.F.,.F.,(4,1,4),(0.,0.0324671791791064,0.0555781075748068),
 .UNSPECIFIED.);
#1427=B_SPLINE_CURVE_WITH_KNOTS('',3,(#6083,#6084,#6085,#6086,#6087),
 .UNSPECIFIED.,.F.,.F.,(4,1,4),(0.,0.0232630127672535,0.0557806923226121),
 .UNSPECIFIED.);
#1428=B_SPLINE_CURVE_WITH_KNOTS('',3,(#6100,#6101,#6102,#6103,#6104),
 .UNSPECIFIED.,.F.,.F.,(4,1,4),(0.,0.0278566312511771,0.0478281118264109),
 .UNSPECIFIED.);
#1429=B_SPLINE_CURVE_WITH_KNOTS('',3,(#6117,#6118,#6119,#6120,#6121),
 .UNSPECIFIED.,.F.,.F.,(4,1,4),(0.,0.0199714806107289,0.047828111861906),
 .UNSPECIFIED.);
#1430=B_SPLINE_CURVE_WITH_KNOTS('',3,(#6134,#6135,#6136,#6137,#6138),
 .UNSPECIFIED.,.F.,.F.,(4,1,4),(0.,0.00800191879017809,0.016323739145695),
 .UNSPECIFIED.);
#1431=B_SPLINE_CURVE_WITH_KNOTS('',3,(#6151,#6152,#6153,#6154,#6155),
 .UNSPECIFIED.,.F.,.F.,(4,1,4),(0.,0.00813120461903419,0.0160486823537371),
 .UNSPECIFIED.);
#1432=B_SPLINE_CURVE_WITH_KNOTS('',3,(#6168,#6169,#6170,#6171,#6172),
 .UNSPECIFIED.,.F.,.F.,(4,1,4),(0.,0.00791749463884027,0.0160486937712615),
 .UNSPECIFIED.);
#1433=B_SPLINE_CURVE_WITH_KNOTS('',3,(#6185,#6186,#6187,#6188,#6189),
 .UNSPECIFIED.,.F.,.F.,(4,1,4),(0.,0.00832182003181641,0.0163237388219945),
 .UNSPECIFIED.);
#1434=B_SPLINE_CURVE_WITH_KNOTS('',3,(#6210,#6211,#6212,#6213,#6214),
 .UNSPECIFIED.,.F.,.F.,(4,1,4),(0.,0.0900798410405221,0.175500235264166),
 .UNSPECIFIED.);
#1435=B_SPLINE_CURVE_WITH_KNOTS('',3,(#6227,#6228,#6229,#6230,#6231),
 .UNSPECIFIED.,.F.,.F.,(4,1,4),(0.,0.007634111508792,0.0161229760064257),
 .UNSPECIFIED.);
#1436=B_SPLINE_CURVE_WITH_KNOTS('',3,(#6243,#6244,#6245,#6246,#6247),
 .UNSPECIFIED.,.F.,.F.,(4,1,4),(0.,0.00821450390301042,0.016161002978874),
 .UNSPECIFIED.);
#1437=B_SPLINE_CURVE_WITH_KNOTS('',3,(#6266,#6267,#6268,#6269,#6270,#6271),
 .UNSPECIFIED.,.F.,.F.,(4,1,1,4),(0.,0.075815411164977,0.151630822329954,
0.227488219396017),.UNSPECIFIED.);
#1438=B_SPLINE_CURVE_WITH_KNOTS('',3,(#6275,#6276,#6277,#6278,#6279,#6280,
#6281,#6282),.UNSPECIFIED.,.F.,.F.,(4,1,1,1,1,4),(0.,0.0505434813816818,
0.101086962763364,0.202173925526727,0.27798914759925,0.353804369671773),
 .UNSPECIFIED.);
#1439=B_SPLINE_CURVE_WITH_KNOTS('',3,(#6290,#6291,#6292,#6293,#6294,#6295),
 .UNSPECIFIED.,.F.,.F.,(4,1,1,4),(0.227557301486462,0.25271803721659,0.303261644659908,
0.353805252103226),.UNSPECIFIED.);
#1440=B_SPLINE_CURVE_WITH_KNOTS('',3,(#6297,#6298,#6299,#6300),
 .UNSPECIFIED.,.F.,.F.,(4,4),(0.227489060866244,0.227557301486462),
 .UNSPECIFIED.);
#1441=B_SPLINE_CURVE_WITH_KNOTS('',3,(#6313,#6314,#6315,#6316,#6317),
 .UNSPECIFIED.,.F.,.F.,(4,1,4),(0.,0.050543607443316,0.126327006709194),
 .UNSPECIFIED.);
#1442=B_SPLINE_CURVE_WITH_KNOTS('',3,(#6325,#6326,#6327,#6328,#6329,#6330,
#6331,#6332),.UNSPECIFIED.,.F.,.F.,(4,1,1,1,1,4),(0.,0.0758152220725172,
0.151630444145034,0.252717406908391,0.303260888290069,0.353804369671747),
 .UNSPECIFIED.);
#1443=B_SPLINE_CURVE_WITH_KNOTS('',3,(#6335,#6336,#6337,#6338,#6339,#6340),
 .UNSPECIFIED.,.F.,.F.,(4,1,1,4),(0.126327006709193,0.151630822329948,0.25271803721658,
0.353805252103212),.UNSPECIFIED.);
#1444=B_SPLINE_CURVE_WITH_KNOTS('',3,(#6418,#6419,#6420,#6421,#6422,#6423,
#6424,#6425),.UNSPECIFIED.,.F.,.F.,(4,1,1,1,1,4),(4.15849794138545E-15,
0.0758160087839404,0.151632017567877,0.252720029279791,0.303264035135749,
0.353808040991706),.UNSPECIFIED.);
#1445=B_SPLINE_CURVE_WITH_KNOTS('',3,(#6429,#6430,#6431,#6432,#6433,#6434,
#6435),.UNSPECIFIED.,.F.,.F.,(4,1,1,1,4),(4.52772992189322E-16,0.0505434813816787,
0.151630444145035,0.252717406908392,0.353804369671748),.UNSPECIFIED.);
#1446=B_SPLINE_CURVE_WITH_KNOTS('',3,(#6826,#6827,#6828,#6829,#6830,#6831,
#6832,#6833),.UNSPECIFIED.,.F.,.F.,(4,1,1,1,1,4),(6.77169298927214E-15,
0.0758160087839402,0.151632017567874,0.252720029279785,0.303264035135741,
0.353808040991696),.UNSPECIFIED.);
#1447=B_SPLINE_CURVE_WITH_KNOTS('',3,(#6837,#6838,#6839,#6840,#6841,#6842,
#6843),.UNSPECIFIED.,.F.,.F.,(4,1,1,1,4),(1.89398627862508E-14,0.0505434813816917,
0.151630444145037,0.252717406908383,0.353804369671728),.UNSPECIFIED.);
#1448=B_SPLINE_CURVE_WITH_KNOTS('',3,(#6892,#6893,#6894,#6895,#6896,#6897,
#6898),.UNSPECIFIED.,.F.,.F.,(4,1,1,1,4),(-0.353804369671728,-0.252717406908383,
-0.151630444145037,-0.0505434813816917,-1.89398627862508E-14),
 .UNSPECIFIED.);
#1449=B_SPLINE_CURVE_WITH_KNOTS('',3,(#6945,#6946,#6947,#6948,#6949,#6950,
#6951,#6952,#6953,#6954,#6955,#6956,#6957,#6958,#6959,#6960,#6961,#6962,
#6963,#6964,#6965,#6966,#6967,#6968,#6969,#6970,#6971,#6972,#6973,#6974,
#6975,#6976,#6977,#6978,#6979,#6980,#6981,#6982,#6983,#6984,#6985,#6986,
#6987,#6988,#6989,#6990,#6991,#6992,#6993,#6994,#6995,#6996),
 .UNSPECIFIED.,.F.,.F.,(4,3,3,3,3,3,3,3,3,3,3,3,3,3,3,3,3,4),(-0.353808040991696,
-0.337044718313688,-0.32009692227327,-0.303264035135741,-0.284010876318494,
-0.264069597399841,-0.252720029279785,-0.229346559677861,-0.205314727295352,
-0.181127357925115,-0.157050993262464,-0.151632017567874,-0.121977821086059,
-0.0941567175082055,-0.0758160087839402,-0.0499580763567753,-0.0246034623205416,
-6.77169298927214E-15),.UNSPECIFIED.);
#1450=B_SPLINE_CURVE_WITH_KNOTS('',3,(#7044,#7045,#7046,#7047,#7048,#7049,
#7050,#7051,#7052,#7053,#7054,#7055,#7056,#7057,#7058,#7059,#7060,#7061,
#7062,#7063,#7064,#7065,#7066,#7067,#7068,#7069,#7070,#7071,#7072,#7073,
#7074,#7075,#7076,#7077,#7078,#7079,#7080,#7081,#7082,#7083,#7084,#7085,
#7086,#7087,#7088,#7089,#7090,#7091,#7092,#7093,#7094,#7095),
 .UNSPECIFIED.,.F.,.F.,(4,3,3,3,3,3,3,3,3,3,3,3,3,3,3,3,3,4),(-0.353804369671747,
-0.337001187343936,-0.320013508300862,-0.303260888290069,-0.283951405835838,
-0.263949596222582,-0.252717406908391,-0.229385596620709,-0.205397009299851,
-0.181252963493107,-0.157218844213214,-0.151630444145034,-0.121911371996223,
-0.0940398725881793,-0.0758152220725172,-0.049918978652995,-0.0245347596970076,
0.),.UNSPECIFIED.);
#1451=B_SPLINE_CURVE_WITH_KNOTS('',3,(#7137,#7138,#7139,#7140,#7141,#7142,
#7143),.UNSPECIFIED.,.F.,.F.,(4,1,1,1,4),(-0.353805252103212,-0.25271803721658,
-0.151630822329948,-0.050543607443316,0.),.UNSPECIFIED.);
#1452=B_SPLINE_CURVE_WITH_KNOTS('',3,(#7231,#7232,#7233,#7234,#7235,#7236,
#7237,#7238,#7239,#7240,#7241,#7242,#7243,#7244,#7245,#7246,#7247,#7248,
#7249,#7250,#7251,#7252,#7253,#7254,#7255,#7256,#7257,#7258,#7259,#7260,
#7261,#7262,#7263,#7264,#7265,#7266,#7267,#7268,#7269,#7270,#7271,#7272,
#7273,#7274,#7275,#7276,#7277,#7278,#7279,#7280,#7281,#7282),
 .UNSPECIFIED.,.F.,.F.,(4,3,3,3,3,3,3,3,3,3,3,3,3,3,3,3,3,4),(-0.353804369671735,
-0.328521062552959,-0.302723756456583,-0.27798914759925,-0.250336074184694,
-0.2208976899772,-0.202173925526727,-0.178169018201173,-0.154032378662176,
-0.130095433254381,-0.106710903971179,-0.101086962763364,-0.0810043019233775,
-0.0616079471269663,-0.0505434813816818,-0.0335155931036874,-0.0166782313983249,
-6.03961325395819E-14),.UNSPECIFIED.);
#1453=B_SPLINE_CURVE_WITH_KNOTS('',3,(#7327,#7328,#7329,#7330,#7331,#7332,
#7333,#7334,#7335,#7336,#7337,#7338,#7339,#7340,#7341,#7342,#7343,#7344,
#7345,#7346,#7347,#7348,#7349,#7350,#7351,#7352,#7353,#7354,#7355,#7356,
#7357,#7358,#7359,#7360,#7361,#7362,#7363,#7364,#7365,#7366,#7367,#7368,
#7369,#7370,#7371,#7372,#7373,#7374,#7375,#7376,#7377,#7378),
 .UNSPECIFIED.,.F.,.F.,(4,3,3,3,3,3,3,3,3,3,3,3,3,3,3,3,3,4),(-0.353805252103206,
-0.337035934091378,-0.32008214871792,-0.303261644659908,-0.28400032805357,
-0.264050336216332,-0.25271803721659,-0.229347614851916,-0.205318736916558,
-0.181134174197274,-0.157060328154877,-0.151630822329954,-0.121978855796431,
-0.0941595148089391,-0.075815411164977,-0.0499598173019796,-0.0246069592807996,
-2.20261849183478E-14),.UNSPECIFIED.);
#1454=B_SPLINE_CURVE_WITH_KNOTS('',3,(#7421,#7422,#7423,#7424,#7425,#7426,
#7427),.UNSPECIFIED.,.F.,.F.,(4,1,1,1,4),(-0.353804369671748,-0.252717406908392,
-0.151630444145035,-0.0505434813816787,-4.52772992189322E-16),
 .UNSPECIFIED.);
#1455=B_SPLINE_CURVE_WITH_KNOTS('',3,(#7472,#7473,#7474,#7475,#7476,#7477,
#7478,#7479,#7480,#7481,#7482,#7483,#7484,#7485,#7486,#7487,#7488,#7489,
#7490,#7491,#7492,#7493,#7494,#7495,#7496,#7497,#7498,#7499,#7500,#7501,
#7502,#7503,#7504,#7505,#7506,#7507,#7508,#7509,#7510,#7511,#7512,#7513,
#7514,#7515,#7516,#7517,#7518,#7519,#7520,#7521,#7522,#7523),
 .UNSPECIFIED.,.F.,.F.,(4,3,3,3,3,3,3,3,3,3,3,3,3,3,3,3,3,4),(-0.353808040991706,
-0.337044887721917,-0.320097262119869,-0.303264035135749,-0.284010986656063,
-0.264069823678106,-0.252720029279791,-0.229346564229839,-0.205314736004073,
-0.181127370073684,-0.157051007405283,-0.151632017567877,-0.12197820500243,
-0.0941574050396712,-0.0758160087839404,-0.0499585894963512,-0.024604368422002,
-4.15849794138545E-15),.UNSPECIFIED.);
#1456=VERTEX_POINT('',#4870);
#1457=VERTEX_POINT('',#4871);
#1458=VERTEX_POINT('',#4877);
#1459=VERTEX_POINT('',#4883);
#1460=VERTEX_POINT('',#4889);
#1461=VERTEX_POINT('',#4891);
#1462=VERTEX_POINT('',#4897);
#1463=VERTEX_POINT('',#4903);
#1464=VERTEX_POINT('',#4909);
#1465=VERTEX_POINT('',#4915);
#1466=VERTEX_POINT('',#4921);
#1467=VERTEX_POINT('',#4927);
#1468=VERTEX_POINT('',#4933);
#1469=VERTEX_POINT('',#4939);
#1470=VERTEX_POINT('',#4945);
#1471=VERTEX_POINT('',#4951);
#1472=VERTEX_POINT('',#4957);
#1473=VERTEX_POINT('',#4963);
#1474=VERTEX_POINT('',#4969);
#1475=VERTEX_POINT('',#4975);
#1476=VERTEX_POINT('',#4981);
#1477=VERTEX_POINT('',#4987);
#1478=VERTEX_POINT('',#4993);
#1479=VERTEX_POINT('',#4999);
#1480=VERTEX_POINT('',#5005);
#1481=VERTEX_POINT('',#5007);
#1482=VERTEX_POINT('',#5009);
#1483=VERTEX_POINT('',#5015);
#1484=VERTEX_POINT('',#5021);
#1485=VERTEX_POINT('',#5027);
#1486=VERTEX_POINT('',#5029);
#1487=VERTEX_POINT('',#5046);
#1488=VERTEX_POINT('',#5048);
#1489=VERTEX_POINT('',#5065);
#1490=VERTEX_POINT('',#5082);
#1491=VERTEX_POINT('',#5090);
#1492=VERTEX_POINT('',#5103);
#1493=VERTEX_POINT('',#5120);
#1494=VERTEX_POINT('',#5137);
#1495=VERTEX_POINT('',#5154);
#1496=VERTEX_POINT('',#5171);
#1497=VERTEX_POINT('',#5188);
#1498=VERTEX_POINT('',#5205);
#1499=VERTEX_POINT('',#5222);
#1500=VERTEX_POINT('',#5239);
#1501=VERTEX_POINT('',#5256);
#1502=VERTEX_POINT('',#5273);
#1503=VERTEX_POINT('',#5290);
#1504=VERTEX_POINT('',#5307);
#1505=VERTEX_POINT('',#5324);
#1506=VERTEX_POINT('',#5341);
#1507=VERTEX_POINT('',#5358);
#1508=VERTEX_POINT('',#5375);
#1509=VERTEX_POINT('',#5392);
#1510=VERTEX_POINT('',#5409);
#1511=VERTEX_POINT('',#5417);
#1512=VERTEX_POINT('',#5421);
#1513=VERTEX_POINT('',#5434);
#1514=VERTEX_POINT('',#5451);
#1515=VERTEX_POINT('',#5468);
#1516=VERTEX_POINT('',#5476);
#1517=VERTEX_POINT('',#5480);
#1518=VERTEX_POINT('',#5499);
#1519=VERTEX_POINT('',#5500);
#1520=VERTEX_POINT('',#5506);
#1521=VERTEX_POINT('',#5512);
#1522=VERTEX_POINT('',#5518);
#1523=VERTEX_POINT('',#5524);
#1524=VERTEX_POINT('',#5530);
#1525=VERTEX_POINT('',#5536);
#1526=VERTEX_POINT('',#5542);
#1527=VERTEX_POINT('',#5544);
#1528=VERTEX_POINT('',#5550);
#1529=VERTEX_POINT('',#5556);
#1530=VERTEX_POINT('',#5562);
#1531=VERTEX_POINT('',#5568);
#1532=VERTEX_POINT('',#5574);
#1533=VERTEX_POINT('',#5580);
#1534=VERTEX_POINT('',#5586);
#1535=VERTEX_POINT('',#5592);
#1536=VERTEX_POINT('',#5598);
#1537=VERTEX_POINT('',#5604);
#1538=VERTEX_POINT('',#5610);
#1539=VERTEX_POINT('',#5616);
#1540=VERTEX_POINT('',#5618);
#1541=VERTEX_POINT('',#5620);
#1542=VERTEX_POINT('',#5626);
#1543=VERTEX_POINT('',#5637);
#1544=VERTEX_POINT('',#5638);
#1545=VERTEX_POINT('',#5644);
#1546=VERTEX_POINT('',#5650);
#1547=VERTEX_POINT('',#5656);
#1548=VERTEX_POINT('',#5662);
#1549=VERTEX_POINT('',#5668);
#1550=VERTEX_POINT('',#5674);
#1551=VERTEX_POINT('',#5676);
#1552=VERTEX_POINT('',#5682);
#1553=VERTEX_POINT('',#5688);
#1554=VERTEX_POINT('',#5690);
#1555=VERTEX_POINT('',#5707);
#1556=VERTEX_POINT('',#5709);
#1557=VERTEX_POINT('',#5726);
#1558=VERTEX_POINT('',#5743);
#1559=VERTEX_POINT('',#5760);
#1560=VERTEX_POINT('',#5777);
#1561=VERTEX_POINT('',#5794);
#1562=VERTEX_POINT('',#5802);
#1563=VERTEX_POINT('',#5815);
#1564=VERTEX_POINT('',#5832);
#1565=VERTEX_POINT('',#5840);
#1566=VERTEX_POINT('',#5844);
#1567=VERTEX_POINT('',#5872);
#1568=VERTEX_POINT('',#5874);
#1569=VERTEX_POINT('',#5891);
#1570=VERTEX_POINT('',#5908);
#1571=VERTEX_POINT('',#5925);
#1572=VERTEX_POINT('',#5942);
#1573=VERTEX_POINT('',#5959);
#1574=VERTEX_POINT('',#5976);
#1575=VERTEX_POINT('',#5984);
#1576=VERTEX_POINT('',#5997);
#1577=VERTEX_POINT('',#6014);
#1578=VERTEX_POINT('',#6031);
#1579=VERTEX_POINT('',#6048);
#1580=VERTEX_POINT('',#6065);
#1581=VERTEX_POINT('',#6082);
#1582=VERTEX_POINT('',#6099);
#1583=VERTEX_POINT('',#6116);
#1584=VERTEX_POINT('',#6133);
#1585=VERTEX_POINT('',#6150);
#1586=VERTEX_POINT('',#6167);
#1587=VERTEX_POINT('',#6184);
#1588=VERTEX_POINT('',#6192);
#1589=VERTEX_POINT('',#6196);
#1590=VERTEX_POINT('',#6209);
#1591=VERTEX_POINT('',#6226);
#1592=VERTEX_POINT('',#6249);
#1593=VERTEX_POINT('',#6250);
#1594=VERTEX_POINT('',#6252);
#1595=VERTEX_POINT('',#6254);
#1596=VERTEX_POINT('',#6258);
#1597=VERTEX_POINT('',#6260);
#1598=VERTEX_POINT('',#6264);
#1599=VERTEX_POINT('',#6265);
#1600=VERTEX_POINT('',#6272);
#1601=VERTEX_POINT('',#6274);
#1602=VERTEX_POINT('',#6283);
#1603=VERTEX_POINT('',#6285);
#1604=VERTEX_POINT('',#6287);
#1605=VERTEX_POINT('',#6289);
#1606=VERTEX_POINT('',#6302);
#1607=VERTEX_POINT('',#6305);
#1608=VERTEX_POINT('',#6307);
#1609=VERTEX_POINT('',#6311);
#1610=VERTEX_POINT('',#6312);
#1611=VERTEX_POINT('',#6318);
#1612=VERTEX_POINT('',#6320);
#1613=VERTEX_POINT('',#6322);
#1614=VERTEX_POINT('',#6324);
#1615=VERTEX_POINT('',#6333);
#1616=VERTEX_POINT('',#6343);
#1617=VERTEX_POINT('',#6346);
#1618=VERTEX_POINT('',#6347);
#1619=VERTEX_POINT('',#6351);
#1620=VERTEX_POINT('',#6353);
#1621=VERTEX_POINT('',#6357);
#1622=VERTEX_POINT('',#6358);
#1623=VERTEX_POINT('',#6363);
#1624=VERTEX_POINT('',#6365);
#1625=VERTEX_POINT('',#6369);
#1626=VERTEX_POINT('',#6371);
#1627=VERTEX_POINT('',#6375);
#1628=VERTEX_POINT('',#6377);
#1629=VERTEX_POINT('',#6381);
#1630=VERTEX_POINT('',#6382);
#1631=VERTEX_POINT('',#6387);
#1632=VERTEX_POINT('',#6389);
#1633=VERTEX_POINT('',#6391);
#1634=VERTEX_POINT('',#6393);
#1635=VERTEX_POINT('',#6395);
#1636=VERTEX_POINT('',#6397);
#1637=VERTEX_POINT('',#6399);
#1638=VERTEX_POINT('',#6401);
#1639=VERTEX_POINT('',#6404);
#1640=VERTEX_POINT('',#6407);
#1641=VERTEX_POINT('',#6411);
#1642=VERTEX_POINT('',#6413);
#1643=VERTEX_POINT('',#6415);
#1644=VERTEX_POINT('',#6417);
#1645=VERTEX_POINT('',#6426);
#1646=VERTEX_POINT('',#6428);
#1647=VERTEX_POINT('',#6436);
#1648=VERTEX_POINT('',#6440);
#1649=VERTEX_POINT('',#6444);
#1650=VERTEX_POINT('',#6448);
#1651=VERTEX_POINT('',#6452);
#1652=VERTEX_POINT('',#6453);
#1653=VERTEX_POINT('',#6457);
#1654=VERTEX_POINT('',#6459);
#1655=VERTEX_POINT('',#6463);
#1656=VERTEX_POINT('',#6465);
#1657=VERTEX_POINT('',#6469);
#1658=VERTEX_POINT('',#6470);
#1659=VERTEX_POINT('',#6475);
#1660=VERTEX_POINT('',#6476);
#1661=VERTEX_POINT('',#6481);
#1662=VERTEX_POINT('',#6482);
#1663=VERTEX_POINT('',#6489);
#1664=VERTEX_POINT('',#6491);
#1665=VERTEX_POINT('',#6493);
#1666=VERTEX_POINT('',#6496);
#1667=VERTEX_POINT('',#6499);
#1668=VERTEX_POINT('',#6501);
#1669=VERTEX_POINT('',#6505);
#1670=VERTEX_POINT('',#6506);
#1671=VERTEX_POINT('',#6508);
#1672=VERTEX_POINT('',#6510);
#1673=VERTEX_POINT('',#6512);
#1674=VERTEX_POINT('',#6514);
#1675=VERTEX_POINT('',#6516);
#1676=VERTEX_POINT('',#6518);
#1677=VERTEX_POINT('',#6520);
#1678=VERTEX_POINT('',#6522);
#1679=VERTEX_POINT('',#6524);
#1680=VERTEX_POINT('',#6526);
#1681=VERTEX_POINT('',#6529);
#1682=VERTEX_POINT('',#6531);
#1683=VERTEX_POINT('',#6532);
#1684=VERTEX_POINT('',#6534);
#1685=VERTEX_POINT('',#6536);
#1686=VERTEX_POINT('',#6540);
#1687=VERTEX_POINT('',#6544);
#1688=VERTEX_POINT('',#6548);
#1689=VERTEX_POINT('',#6552);
#1690=VERTEX_POINT('',#6554);
#1691=VERTEX_POINT('',#6558);
#1692=VERTEX_POINT('',#6562);
#1693=VERTEX_POINT('',#6566);
#1694=VERTEX_POINT('',#6570);
#1695=VERTEX_POINT('',#6574);
#1696=VERTEX_POINT('',#6578);
#1697=VERTEX_POINT('',#6582);
#1698=VERTEX_POINT('',#6586);
#1699=VERTEX_POINT('',#6590);
#1700=VERTEX_POINT('',#6594);
#1701=VERTEX_POINT('',#6598);
#1702=VERTEX_POINT('',#6600);
#1703=VERTEX_POINT('',#6604);
#1704=VERTEX_POINT('',#6608);
#1705=VERTEX_POINT('',#6612);
#1706=VERTEX_POINT('',#6613);
#1707=VERTEX_POINT('',#6618);
#1708=VERTEX_POINT('',#6619);
#1709=VERTEX_POINT('',#6621);
#1710=VERTEX_POINT('',#6623);
#1711=VERTEX_POINT('',#6627);
#1712=VERTEX_POINT('',#6628);
#1713=VERTEX_POINT('',#6633);
#1714=VERTEX_POINT('',#6634);
#1715=VERTEX_POINT('',#6639);
#1716=VERTEX_POINT('',#6640);
#1717=VERTEX_POINT('',#6645);
#1718=VERTEX_POINT('',#6647);
#1719=VERTEX_POINT('',#6651);
#1720=VERTEX_POINT('',#6653);
#1721=VERTEX_POINT('',#6657);
#1722=VERTEX_POINT('',#6658);
#1723=VERTEX_POINT('',#6663);
#1724=VERTEX_POINT('',#6664);
#1725=VERTEX_POINT('',#6669);
#1726=VERTEX_POINT('',#6670);
#1727=VERTEX_POINT('',#6675);
#1728=VERTEX_POINT('',#6677);
#1729=VERTEX_POINT('',#6684);
#1730=VERTEX_POINT('',#6688);
#1731=VERTEX_POINT('',#6692);
#1732=VERTEX_POINT('',#6701);
#1733=VERTEX_POINT('',#6705);
#1734=VERTEX_POINT('',#6710);
#1735=VERTEX_POINT('',#6719);
#1736=VERTEX_POINT('',#6722);
#1737=VERTEX_POINT('',#6728);
#1738=VERTEX_POINT('',#6732);
#1739=VERTEX_POINT('',#6762);
#1740=VERTEX_POINT('',#6764);
#1741=VERTEX_POINT('',#6766);
#1742=VERTEX_POINT('',#6768);
#1743=VERTEX_POINT('',#6771);
#1744=VERTEX_POINT('',#6773);
#1745=VERTEX_POINT('',#6775);
#1746=VERTEX_POINT('',#6777);
#1747=VERTEX_POINT('',#6780);
#1748=VERTEX_POINT('',#6782);
#1749=VERTEX_POINT('',#6784);
#1750=VERTEX_POINT('',#6786);
#1751=VERTEX_POINT('',#6788);
#1752=VERTEX_POINT('',#6790);
#1753=VERTEX_POINT('',#6793);
#1754=VERTEX_POINT('',#6795);
#1755=VERTEX_POINT('',#6797);
#1756=VERTEX_POINT('',#6799);
#1757=VERTEX_POINT('',#6801);
#1758=VERTEX_POINT('',#6803);
#1759=VERTEX_POINT('',#6805);
#1760=VERTEX_POINT('',#6807);
#1761=VERTEX_POINT('',#6809);
#1762=VERTEX_POINT('',#6811);
#1763=VERTEX_POINT('',#6813);
#1764=VERTEX_POINT('',#6815);
#1765=VERTEX_POINT('',#6823);
#1766=VERTEX_POINT('',#6825);
#1767=VERTEX_POINT('',#6834);
#1768=VERTEX_POINT('',#6836);
#1769=VERTEX_POINT('',#6852);
#1770=VERTEX_POINT('',#6890);
#1771=VERTEX_POINT('',#6900);
#1772=VERTEX_POINT('',#6943);
#1773=VERTEX_POINT('',#7000);
#1774=VERTEX_POINT('',#7043);
#1775=VERTEX_POINT('',#7098);
#1776=VERTEX_POINT('',#7136);
#1777=VERTEX_POINT('',#7148);
#1778=VERTEX_POINT('',#7152);
#1779=VERTEX_POINT('',#7156);
#1780=VERTEX_POINT('',#7159);
#1781=VERTEX_POINT('',#7161);
#1782=VERTEX_POINT('',#7163);
#1783=VERTEX_POINT('',#7165);
#1784=VERTEX_POINT('',#7167);
#1785=VERTEX_POINT('',#7169);
#1786=VERTEX_POINT('',#7171);
#1787=VERTEX_POINT('',#7173);
#1788=VERTEX_POINT('',#7175);
#1789=VERTEX_POINT('',#7177);
#1790=VERTEX_POINT('',#7181);
#1791=VERTEX_POINT('',#7187);
#1792=VERTEX_POINT('',#7325);
#1793=VERTEX_POINT('',#7382);
#1794=VERTEX_POINT('',#7470);
#1795=VERTEX_POINT('',#7527);
#1796=VERTEX_POINT('',#7536);
#1797=VERTEX_POINT('',#7545);
#1798=VERTEX_POINT('',#7549);
#1799=VERTEX_POINT('',#7560);
#1800=VERTEX_POINT('',#7564);
#1801=VERTEX_POINT('',#7579);
#1802=EDGE_CURVE('',#1456,#1457,#1323,.T.);
#1803=EDGE_CURVE('',#1458,#1456,#1324,.T.);
#1804=EDGE_CURVE('',#1459,#1458,#1325,.T.);
#1805=EDGE_CURVE('',#1460,#1459,#753,.T.);
#1806=EDGE_CURVE('',#1461,#1460,#1326,.T.);
#1807=EDGE_CURVE('',#1462,#1461,#1327,.T.);
#1808=EDGE_CURVE('',#1463,#1462,#1328,.T.);
#1809=EDGE_CURVE('',#1464,#1463,#1329,.T.);
#1810=EDGE_CURVE('',#1465,#1464,#1330,.T.);
#1811=EDGE_CURVE('',#1466,#1465,#1331,.T.);
#1812=EDGE_CURVE('',#1467,#1466,#1332,.T.);
#1813=EDGE_CURVE('',#1468,#1467,#1333,.T.);
#1814=EDGE_CURVE('',#1469,#1468,#1334,.T.);
#1815=EDGE_CURVE('',#1470,#1469,#1335,.T.);
#1816=EDGE_CURVE('',#1471,#1470,#1336,.T.);
#1817=EDGE_CURVE('',#1472,#1471,#1337,.T.);
#1818=EDGE_CURVE('',#1473,#1472,#1338,.T.);
#1819=EDGE_CURVE('',#1474,#1473,#1339,.T.);
#1820=EDGE_CURVE('',#1475,#1474,#1340,.T.);
#1821=EDGE_CURVE('',#1476,#1475,#1341,.T.);
#1822=EDGE_CURVE('',#1477,#1476,#1342,.T.);
#1823=EDGE_CURVE('',#1478,#1477,#1343,.T.);
#1824=EDGE_CURVE('',#1479,#1478,#1344,.T.);
#1825=EDGE_CURVE('',#1480,#1479,#754,.T.);
#1826=EDGE_CURVE('',#1481,#1480,#755,.T.);
#1827=EDGE_CURVE('',#1482,#1481,#1345,.T.);
#1828=EDGE_CURVE('',#1483,#1482,#1346,.T.);
#1829=EDGE_CURVE('',#1484,#1483,#1347,.T.);
#1830=EDGE_CURVE('',#1485,#1484,#756,.T.);
#1831=EDGE_CURVE('',#1486,#1485,#757,.T.);
#1832=EDGE_CURVE('',#1457,#1486,#1348,.T.);
#1833=EDGE_CURVE('',#1457,#1487,#758,.T.);
#1834=EDGE_CURVE('',#1488,#1487,#1349,.T.);
#1835=EDGE_CURVE('',#1456,#1488,#759,.T.);
#1836=EDGE_CURVE('',#1489,#1488,#1350,.T.);
#1837=EDGE_CURVE('',#1458,#1489,#760,.T.);
#1838=EDGE_CURVE('',#1490,#1489,#1351,.T.);
#1839=EDGE_CURVE('',#1459,#1490,#761,.T.);
#1840=EDGE_CURVE('',#1491,#1490,#762,.T.);
#1841=EDGE_CURVE('',#1460,#1491,#763,.T.);
#1842=EDGE_CURVE('',#1492,#1491,#1352,.T.);
#1843=EDGE_CURVE('',#1461,#1492,#764,.T.);
#1844=EDGE_CURVE('',#1493,#1492,#1353,.T.);
#1845=EDGE_CURVE('',#1462,#1493,#765,.T.);
#1846=EDGE_CURVE('',#1494,#1493,#1354,.T.);
#1847=EDGE_CURVE('',#1463,#1494,#766,.T.);
#1848=EDGE_CURVE('',#1495,#1494,#1355,.T.);
#1849=EDGE_CURVE('',#1464,#1495,#767,.T.);
#1850=EDGE_CURVE('',#1496,#1495,#1356,.T.);
#1851=EDGE_CURVE('',#1465,#1496,#768,.T.);
#1852=EDGE_CURVE('',#1497,#1496,#1357,.T.);
#1853=EDGE_CURVE('',#1466,#1497,#769,.T.);
#1854=EDGE_CURVE('',#1498,#1497,#1358,.T.);
#1855=EDGE_CURVE('',#1467,#1498,#770,.T.);
#1856=EDGE_CURVE('',#1499,#1498,#1359,.T.);
#1857=EDGE_CURVE('',#1468,#1499,#771,.T.);
#1858=EDGE_CURVE('',#1500,#1499,#1360,.T.);
#1859=EDGE_CURVE('',#1469,#1500,#772,.T.);
#1860=EDGE_CURVE('',#1501,#1500,#1361,.T.);
#1861=EDGE_CURVE('',#1470,#1501,#773,.T.);
#1862=EDGE_CURVE('',#1502,#1501,#1362,.T.);
#1863=EDGE_CURVE('',#1471,#1502,#774,.T.);
#1864=EDGE_CURVE('',#1503,#1502,#1363,.T.);
#1865=EDGE_CURVE('',#1472,#1503,#775,.T.);
#1866=EDGE_CURVE('',#1504,#1503,#1364,.T.);
#1867=EDGE_CURVE('',#1473,#1504,#776,.T.);
#1868=EDGE_CURVE('',#1505,#1504,#1365,.T.);
#1869=EDGE_CURVE('',#1474,#1505,#777,.T.);
#1870=EDGE_CURVE('',#1506,#1505,#1366,.T.);
#1871=EDGE_CURVE('',#1475,#1506,#778,.T.);
#1872=EDGE_CURVE('',#1507,#1506,#1367,.T.);
#1873=EDGE_CURVE('',#1476,#1507,#779,.T.);
#1874=EDGE_CURVE('',#1508,#1507,#1368,.T.);
#1875=EDGE_CURVE('',#1477,#1508,#780,.T.);
#1876=EDGE_CURVE('',#1509,#1508,#1369,.T.);
#1877=EDGE_CURVE('',#1478,#1509,#781,.T.);
#1878=EDGE_CURVE('',#1510,#1509,#1370,.T.);
#1879=EDGE_CURVE('',#1479,#1510,#782,.T.);
#1880=EDGE_CURVE('',#1511,#1510,#783,.T.);
#1881=EDGE_CURVE('',#1480,#1511,#784,.T.);
#1882=EDGE_CURVE('',#1512,#1511,#785,.T.);
#1883=EDGE_CURVE('',#1481,#1512,#786,.T.);
#1884=EDGE_CURVE('',#1513,#1512,#1371,.T.);
#1885=EDGE_CURVE('',#1482,#1513,#787,.T.);
#1886=EDGE_CURVE('',#1514,#1513,#1372,.T.);
#1887=EDGE_CURVE('',#1483,#1514,#788,.T.);
#1888=EDGE_CURVE('',#1515,#1514,#1373,.T.);
#1889=EDGE_CURVE('',#1484,#1515,#789,.T.);
#1890=EDGE_CURVE('',#1516,#1515,#790,.T.);
#1891=EDGE_CURVE('',#1485,#1516,#791,.T.);
#1892=EDGE_CURVE('',#1517,#1516,#792,.T.);
#1893=EDGE_CURVE('',#1486,#1517,#793,.T.);
#1894=EDGE_CURVE('',#1487,#1517,#1374,.T.);
#1895=EDGE_CURVE('',#1518,#1519,#1375,.T.);
#1896=EDGE_CURVE('',#1520,#1518,#1376,.T.);
#1897=EDGE_CURVE('',#1521,#1520,#1377,.T.);
#1898=EDGE_CURVE('',#1522,#1521,#1378,.T.);
#1899=EDGE_CURVE('',#1523,#1522,#1379,.T.);
#1900=EDGE_CURVE('',#1524,#1523,#1380,.T.);
#1901=EDGE_CURVE('',#1525,#1524,#1381,.T.);
#1902=EDGE_CURVE('',#1526,#1525,#794,.T.);
#1903=EDGE_CURVE('',#1527,#1526,#1382,.T.);
#1904=EDGE_CURVE('',#1528,#1527,#1383,.T.);
#1905=EDGE_CURVE('',#1529,#1528,#1384,.T.);
#1906=EDGE_CURVE('',#1530,#1529,#1385,.T.);
#1907=EDGE_CURVE('',#1531,#1530,#1386,.T.);
#1908=EDGE_CURVE('',#1532,#1531,#1387,.T.);
#1909=EDGE_CURVE('',#1533,#1532,#1388,.T.);
#1910=EDGE_CURVE('',#1534,#1533,#1389,.T.);
#1911=EDGE_CURVE('',#1535,#1534,#1390,.T.);
#1912=EDGE_CURVE('',#1536,#1535,#1391,.T.);
#1913=EDGE_CURVE('',#1537,#1536,#1392,.T.);
#1914=EDGE_CURVE('',#1538,#1537,#1393,.T.);
#1915=EDGE_CURVE('',#1539,#1538,#795,.T.);
#1916=EDGE_CURVE('',#1540,#1539,#796,.T.);
#1917=EDGE_CURVE('',#1541,#1540,#1394,.T.);
#1918=EDGE_CURVE('',#1542,#1541,#1395,.T.);
#1919=EDGE_CURVE('',#1519,#1542,#1396,.T.);
#1920=EDGE_CURVE('',#1543,#1544,#1397,.T.);
#1921=EDGE_CURVE('',#1545,#1543,#1398,.T.);
#1922=EDGE_CURVE('',#1546,#1545,#1399,.T.);
#1923=EDGE_CURVE('',#1547,#1546,#1400,.T.);
#1924=EDGE_CURVE('',#1548,#1547,#1401,.T.);
#1925=EDGE_CURVE('',#1549,#1548,#1402,.T.);
#1926=EDGE_CURVE('',#1550,#1549,#797,.T.);
#1927=EDGE_CURVE('',#1551,#1550,#1403,.T.);
#1928=EDGE_CURVE('',#1552,#1551,#1404,.T.);
#1929=EDGE_CURVE('',#1553,#1552,#798,.T.);
#1930=EDGE_CURVE('',#1554,#1553,#799,.T.);
#1931=EDGE_CURVE('',#1544,#1554,#1405,.T.);
#1932=EDGE_CURVE('',#1544,#1555,#800,.T.);
#1933=EDGE_CURVE('',#1556,#1555,#1406,.T.);
#1934=EDGE_CURVE('',#1543,#1556,#801,.T.);
#1935=EDGE_CURVE('',#1557,#1556,#1407,.T.);
#1936=EDGE_CURVE('',#1545,#1557,#802,.T.);
#1937=EDGE_CURVE('',#1558,#1557,#1408,.T.);
#1938=EDGE_CURVE('',#1546,#1558,#803,.T.);
#1939=EDGE_CURVE('',#1559,#1558,#1409,.T.);
#1940=EDGE_CURVE('',#1547,#1559,#804,.T.);
#1941=EDGE_CURVE('',#1560,#1559,#1410,.T.);
#1942=EDGE_CURVE('',#1548,#1560,#805,.T.);
#1943=EDGE_CURVE('',#1561,#1560,#1411,.T.);
#1944=EDGE_CURVE('',#1549,#1561,#806,.T.);
#1945=EDGE_CURVE('',#1562,#1561,#807,.T.);
#1946=EDGE_CURVE('',#1550,#1562,#808,.T.);
#1947=EDGE_CURVE('',#1563,#1562,#1412,.T.);
#1948=EDGE_CURVE('',#1551,#1563,#809,.T.);
#1949=EDGE_CURVE('',#1564,#1563,#1413,.T.);
#1950=EDGE_CURVE('',#1552,#1564,#810,.T.);
#1951=EDGE_CURVE('',#1565,#1564,#811,.T.);
#1952=EDGE_CURVE('',#1553,#1565,#812,.T.);
#1953=EDGE_CURVE('',#1566,#1565,#813,.T.);
#1954=EDGE_CURVE('',#1554,#1566,#814,.T.);
#1955=EDGE_CURVE('',#1555,#1566,#1414,.T.);
#1956=EDGE_CURVE('',#1519,#1567,#815,.T.);
#1957=EDGE_CURVE('',#1568,#1567,#1415,.T.);
#1958=EDGE_CURVE('',#1518,#1568,#816,.T.);
#1959=EDGE_CURVE('',#1569,#1568,#1416,.T.);
#1960=EDGE_CURVE('',#1520,#1569,#817,.T.);
#1961=EDGE_CURVE('',#1570,#1569,#1417,.T.);
#1962=EDGE_CURVE('',#1521,#1570,#818,.T.);
#1963=EDGE_CURVE('',#1571,#1570,#1418,.T.);
#1964=EDGE_CURVE('',#1522,#1571,#819,.T.);
#1965=EDGE_CURVE('',#1572,#1571,#1419,.T.);
#1966=EDGE_CURVE('',#1523,#1572,#820,.T.);
#1967=EDGE_CURVE('',#1573,#1572,#1420,.T.);
#1968=EDGE_CURVE('',#1524,#1573,#821,.T.);
#1969=EDGE_CURVE('',#1574,#1573,#1421,.T.);
#1970=EDGE_CURVE('',#1525,#1574,#822,.T.);
#1971=EDGE_CURVE('',#1575,#1574,#823,.T.);
#1972=EDGE_CURVE('',#1526,#1575,#824,.T.);
#1973=EDGE_CURVE('',#1576,#1575,#1422,.T.);
#1974=EDGE_CURVE('',#1527,#1576,#825,.T.);
#1975=EDGE_CURVE('',#1577,#1576,#1423,.T.);
#1976=EDGE_CURVE('',#1528,#1577,#826,.T.);
#1977=EDGE_CURVE('',#1578,#1577,#1424,.T.);
#1978=EDGE_CURVE('',#1529,#1578,#827,.T.);
#1979=EDGE_CURVE('',#1579,#1578,#1425,.T.);
#1980=EDGE_CURVE('',#1530,#1579,#828,.T.);
#1981=EDGE_CURVE('',#1580,#1579,#1426,.T.);
#1982=EDGE_CURVE('',#1531,#1580,#829,.T.);
#1983=EDGE_CURVE('',#1581,#1580,#1427,.T.);
#1984=EDGE_CURVE('',#1532,#1581,#830,.T.);
#1985=EDGE_CURVE('',#1582,#1581,#1428,.T.);
#1986=EDGE_CURVE('',#1533,#1582,#831,.T.);
#1987=EDGE_CURVE('',#1583,#1582,#1429,.T.);
#1988=EDGE_CURVE('',#1534,#1583,#832,.T.);
#1989=EDGE_CURVE('',#1584,#1583,#1430,.T.);
#1990=EDGE_CURVE('',#1535,#1584,#833,.T.);
#1991=EDGE_CURVE('',#1585,#1584,#1431,.T.);
#1992=EDGE_CURVE('',#1536,#1585,#834,.T.);
#1993=EDGE_CURVE('',#1586,#1585,#1432,.T.);
#1994=EDGE_CURVE('',#1537,#1586,#835,.T.);
#1995=EDGE_CURVE('',#1587,#1586,#1433,.T.);
#1996=EDGE_CURVE('',#1538,#1587,#836,.T.);
#1997=EDGE_CURVE('',#1588,#1587,#837,.T.);
#1998=EDGE_CURVE('',#1539,#1588,#838,.T.);
#1999=EDGE_CURVE('',#1589,#1588,#839,.T.);
#2000=EDGE_CURVE('',#1540,#1589,#840,.T.);
#2001=EDGE_CURVE('',#1590,#1589,#1434,.T.);
#2002=EDGE_CURVE('',#1541,#1590,#841,.T.);
#2003=EDGE_CURVE('',#1591,#1590,#1435,.T.);
#2004=EDGE_CURVE('',#1542,#1591,#842,.T.);
#2005=EDGE_CURVE('',#1567,#1591,#1436,.T.);
#2006=EDGE_CURVE('',#1592,#1593,#843,.T.);
#2007=EDGE_CURVE('',#1592,#1594,#844,.F.);
#2008=EDGE_CURVE('',#1595,#1594,#845,.T.);
#2009=EDGE_CURVE('',#1595,#1593,#846,.F.);
#2010=EDGE_CURVE('',#1596,#1596,#76,.T.);
#2011=EDGE_CURVE('',#1596,#1597,#847,.T.);
#2012=EDGE_CURVE('',#1597,#1597,#77,.T.);
#2013=EDGE_CURVE('',#1598,#1599,#1437,.T.);
#2014=EDGE_CURVE('',#1600,#1598,#78,.T.);
#2015=EDGE_CURVE('',#1601,#1600,#1438,.T.);
#2016=EDGE_CURVE('',#1602,#1601,#848,.T.);
#2017=EDGE_CURVE('',#1603,#1602,#79,.T.);
#2018=EDGE_CURVE('',#1604,#1603,#849,.T.);
#2019=EDGE_CURVE('',#1605,#1604,#1439,.T.);
#2020=EDGE_CURVE('',#1605,#1596,#850,.T.);
#2021=EDGE_CURVE('',#1599,#1605,#1440,.T.);
#2022=EDGE_CURVE('',#1606,#1606,#80,.T.);
#2023=EDGE_CURVE('',#1607,#1607,#81,.T.);
#2024=EDGE_CURVE('',#1607,#1608,#851,.T.);
#2025=EDGE_CURVE('',#1608,#1608,#82,.T.);
#2026=EDGE_CURVE('',#1609,#1610,#1441,.T.);
#2027=EDGE_CURVE('',#1611,#1609,#852,.T.);
#2028=EDGE_CURVE('',#1612,#1611,#83,.T.);
#2029=EDGE_CURVE('',#1613,#1612,#853,.T.);
#2030=EDGE_CURVE('',#1614,#1613,#1442,.T.);
#2031=EDGE_CURVE('',#1615,#1614,#84,.T.);
#2032=EDGE_CURVE('',#1610,#1615,#1443,.T.);
#2033=EDGE_CURVE('',#1610,#1607,#854,.T.);
#2034=EDGE_CURVE('',#1616,#1616,#85,.T.);
#2035=EDGE_CURVE('',#1617,#1618,#27,.F.);
#2036=EDGE_CURVE('',#1618,#1619,#86,.T.);
#2037=EDGE_CURVE('',#1619,#1620,#855,.T.);
#2038=EDGE_CURVE('',#1620,#1617,#87,.T.);
#2039=EDGE_CURVE('',#1621,#1622,#856,.T.);
#2040=EDGE_CURVE('',#1622,#1620,#857,.T.);
#2041=EDGE_CURVE('',#1619,#1621,#858,.T.);
#2042=EDGE_CURVE('',#1621,#1623,#88,.T.);
#2043=EDGE_CURVE('',#1623,#1624,#859,.T.);
#2044=EDGE_CURVE('',#1624,#1622,#89,.T.);
#2045=EDGE_CURVE('',#1623,#1625,#90,.T.);
#2046=EDGE_CURVE('',#1625,#1626,#860,.T.);
#2047=EDGE_CURVE('',#1626,#1624,#91,.T.);
#2048=EDGE_CURVE('',#1625,#1627,#92,.T.);
#2049=EDGE_CURVE('',#1627,#1628,#861,.T.);
#2050=EDGE_CURVE('',#1628,#1626,#93,.T.);
#2051=EDGE_CURVE('',#1629,#1630,#862,.F.);
#2052=EDGE_CURVE('',#1630,#1628,#863,.T.);
#2053=EDGE_CURVE('',#1627,#1629,#864,.T.);
#2054=EDGE_CURVE('',#1631,#1629,#865,.T.);
#2055=EDGE_CURVE('',#1632,#1627,#866,.T.);
#2056=EDGE_CURVE('',#1632,#1633,#867,.T.);
#2057=EDGE_CURVE('',#1634,#1633,#868,.T.);
#2058=EDGE_CURVE('',#1635,#1634,#94,.T.);
#2059=EDGE_CURVE('',#1636,#1635,#869,.T.);
#2060=EDGE_CURVE('',#1637,#1636,#95,.T.);
#2061=EDGE_CURVE('',#1638,#1637,#870,.T.);
#2062=EDGE_CURVE('',#1631,#1638,#871,.T.);
#2063=EDGE_CURVE('',#1639,#1639,#96,.T.);
#2064=EDGE_CURVE('',#1625,#1640,#872,.T.);
#2065=EDGE_CURVE('',#1640,#1632,#97,.T.);
#2066=EDGE_CURVE('',#1641,#1623,#873,.T.);
#2067=EDGE_CURVE('',#1642,#1641,#98,.T.);
#2068=EDGE_CURVE('',#1643,#1642,#874,.T.);
#2069=EDGE_CURVE('',#1644,#1643,#1444,.T.);
#2070=EDGE_CURVE('',#1645,#1644,#99,.T.);
#2071=EDGE_CURVE('',#1646,#1645,#1445,.T.);
#2072=EDGE_CURVE('',#1647,#1646,#875,.T.);
#2073=EDGE_CURVE('',#1640,#1647,#100,.T.);
#2074=EDGE_CURVE('',#1621,#1648,#876,.T.);
#2075=EDGE_CURVE('',#1648,#1641,#101,.T.);
#2076=EDGE_CURVE('',#1649,#1619,#877,.T.);
#2077=EDGE_CURVE('',#1648,#1649,#878,.F.);
#2078=EDGE_CURVE('',#1618,#1650,#879,.T.);
#2079=EDGE_CURVE('',#1650,#1649,#102,.T.);
#2080=EDGE_CURVE('',#1651,#1652,#28,.F.);
#2081=EDGE_CURVE('',#1652,#1653,#103,.T.);
#2082=EDGE_CURVE('',#1653,#1654,#880,.T.);
#2083=EDGE_CURVE('',#1654,#1651,#104,.T.);
#2084=EDGE_CURVE('',#1653,#1655,#881,.T.);
#2085=EDGE_CURVE('',#1655,#1656,#882,.T.);
#2086=EDGE_CURVE('',#1656,#1654,#883,.T.);
#2087=EDGE_CURVE('',#1657,#1658,#884,.T.);
#2088=EDGE_CURVE('',#1658,#1656,#105,.T.);
#2089=EDGE_CURVE('',#1655,#1657,#106,.T.);
#2090=EDGE_CURVE('',#1659,#1660,#885,.T.);
#2091=EDGE_CURVE('',#1660,#1658,#107,.T.);
#2092=EDGE_CURVE('',#1657,#1659,#108,.T.);
#2093=EDGE_CURVE('',#1661,#1662,#29,.F.);
#2094=EDGE_CURVE('',#1662,#1660,#109,.T.);
#2095=EDGE_CURVE('',#1659,#1661,#110,.T.);
#2096=EDGE_CURVE('',#1663,#1652,#886,.T.);
#2097=EDGE_CURVE('',#1663,#1664,#111,.T.);
#2098=EDGE_CURVE('',#1664,#1665,#887,.T.);
#2099=EDGE_CURVE('',#1665,#1661,#888,.T.);
#2100=EDGE_CURVE('',#1666,#1666,#112,.T.);
#2101=EDGE_CURVE('',#1667,#1667,#113,.T.);
#2102=EDGE_CURVE('',#1667,#1668,#889,.T.);
#2103=EDGE_CURVE('',#1668,#1668,#114,.T.);
#2104=EDGE_CURVE('',#1669,#1670,#890,.T.);
#2105=EDGE_CURVE('',#1671,#1669,#115,.T.);
#2106=EDGE_CURVE('',#1672,#1671,#891,.T.);
#2107=EDGE_CURVE('',#1673,#1672,#116,.T.);
#2108=EDGE_CURVE('',#1674,#1673,#892,.T.);
#2109=EDGE_CURVE('',#1675,#1674,#893,.T.);
#2110=EDGE_CURVE('',#1676,#1675,#894,.T.);
#2111=EDGE_CURVE('',#1677,#1676,#117,.T.);
#2112=EDGE_CURVE('',#1678,#1677,#895,.T.);
#2113=EDGE_CURVE('',#1679,#1678,#118,.T.);
#2114=EDGE_CURVE('',#1680,#1679,#896,.T.);
#2115=EDGE_CURVE('',#1680,#1670,#897,.T.);
#2116=EDGE_CURVE('',#1681,#1681,#119,.T.);
#2117=EDGE_CURVE('',#1682,#1683,#898,.T.);
#2118=EDGE_CURVE('',#1683,#1684,#899,.T.);
#2119=EDGE_CURVE('',#1684,#1685,#900,.T.);
#2120=EDGE_CURVE('',#1685,#1682,#901,.T.);
#2121=EDGE_CURVE('',#1686,#1686,#120,.F.);
#2122=EDGE_CURVE('',#1686,#1668,#902,.T.);
#2123=EDGE_CURVE('',#1681,#1687,#903,.T.);
#2124=EDGE_CURVE('',#1687,#1687,#121,.T.);
#2125=EDGE_CURVE('',#1688,#1688,#122,.F.);
#2126=EDGE_CURVE('',#1688,#1687,#904,.T.);
#2127=EDGE_CURVE('',#1689,#1680,#905,.T.);
#2128=EDGE_CURVE('',#1679,#1690,#906,.T.);
#2129=EDGE_CURVE('',#1690,#1689,#907,.T.);
#2130=EDGE_CURVE('',#1678,#1691,#908,.T.);
#2131=EDGE_CURVE('',#1691,#1690,#123,.T.);
#2132=EDGE_CURVE('',#1677,#1692,#909,.T.);
#2133=EDGE_CURVE('',#1692,#1691,#910,.T.);
#2134=EDGE_CURVE('',#1676,#1693,#911,.T.);
#2135=EDGE_CURVE('',#1693,#1692,#124,.T.);
#2136=EDGE_CURVE('',#1694,#1693,#912,.T.);
#2137=EDGE_CURVE('',#1675,#1694,#913,.T.);
#2138=EDGE_CURVE('',#1695,#1694,#914,.T.);
#2139=EDGE_CURVE('',#1674,#1695,#915,.T.);
#2140=EDGE_CURVE('',#1673,#1696,#916,.T.);
#2141=EDGE_CURVE('',#1696,#1695,#917,.T.);
#2142=EDGE_CURVE('',#1672,#1697,#918,.T.);
#2143=EDGE_CURVE('',#1697,#1696,#125,.T.);
#2144=EDGE_CURVE('',#1671,#1698,#919,.T.);
#2145=EDGE_CURVE('',#1698,#1697,#920,.T.);
#2146=EDGE_CURVE('',#1669,#1699,#921,.T.);
#2147=EDGE_CURVE('',#1699,#1698,#126,.T.);
#2148=EDGE_CURVE('',#1670,#1700,#922,.T.);
#2149=EDGE_CURVE('',#1700,#1699,#923,.T.);
#2150=EDGE_CURVE('',#1701,#1690,#924,.T.);
#2151=EDGE_CURVE('',#1702,#1701,#925,.T.);
#2152=EDGE_CURVE('',#1702,#1689,#926,.T.);
#2153=EDGE_CURVE('',#1639,#1703,#927,.T.);
#2154=EDGE_CURVE('',#1703,#1703,#127,.T.);
#2155=EDGE_CURVE('',#1703,#1704,#928,.T.);
#2156=EDGE_CURVE('',#1704,#1704,#128,.T.);
#2157=EDGE_CURVE('',#1705,#1706,#929,.T.);
#2158=EDGE_CURVE('',#1706,#1631,#930,.T.);
#2159=EDGE_CURVE('',#1638,#1705,#931,.T.);
#2160=EDGE_CURVE('',#1707,#1708,#932,.T.);
#2161=EDGE_CURVE('',#1708,#1709,#933,.T.);
#2162=EDGE_CURVE('',#1709,#1710,#934,.T.);
#2163=EDGE_CURVE('',#1710,#1707,#935,.T.);
#2164=EDGE_CURVE('',#1711,#1712,#936,.T.);
#2165=EDGE_CURVE('',#1712,#1710,#129,.T.);
#2166=EDGE_CURVE('',#1709,#1711,#130,.T.);
#2167=EDGE_CURVE('',#1713,#1714,#937,.T.);
#2168=EDGE_CURVE('',#1714,#1712,#938,.T.);
#2169=EDGE_CURVE('',#1711,#1713,#939,.T.);
#2170=EDGE_CURVE('',#1715,#1716,#940,.T.);
#2171=EDGE_CURVE('',#1716,#1714,#131,.T.);
#2172=EDGE_CURVE('',#1713,#1715,#132,.T.);
#2173=EDGE_CURVE('',#1717,#1716,#941,.T.);
#2174=EDGE_CURVE('',#1715,#1718,#942,.T.);
#2175=EDGE_CURVE('',#1718,#1717,#943,.T.);
#2176=EDGE_CURVE('',#1706,#1719,#944,.T.);
#2177=EDGE_CURVE('',#1719,#1720,#945,.T.);
#2178=EDGE_CURVE('',#1720,#1631,#946,.T.);
#2179=EDGE_CURVE('',#1721,#1722,#947,.T.);
#2180=EDGE_CURVE('',#1722,#1720,#133,.T.);
#2181=EDGE_CURVE('',#1719,#1721,#134,.T.);
#2182=EDGE_CURVE('',#1723,#1724,#948,.T.);
#2183=EDGE_CURVE('',#1724,#1722,#949,.T.);
#2184=EDGE_CURVE('',#1721,#1723,#950,.T.);
#2185=EDGE_CURVE('',#1725,#1726,#951,.T.);
#2186=EDGE_CURVE('',#1726,#1724,#135,.T.);
#2187=EDGE_CURVE('',#1723,#1725,#136,.T.);
#2188=EDGE_CURVE('',#1727,#1726,#952,.T.);
#2189=EDGE_CURVE('',#1725,#1728,#953,.T.);
#2190=EDGE_CURVE('',#1728,#1727,#954,.T.);
#2191=EDGE_CURVE('',#1718,#1727,#955,.T.);
#2192=EDGE_CURVE('',#1728,#1717,#956,.T.);
#2193=EDGE_CURVE('',#1637,#1729,#957,.T.);
#2194=EDGE_CURVE('',#1729,#1705,#958,.T.);
#2195=EDGE_CURVE('',#1636,#1730,#959,.T.);
#2196=EDGE_CURVE('',#1730,#1729,#137,.T.);
#2197=EDGE_CURVE('',#1635,#1731,#960,.T.);
#2198=EDGE_CURVE('',#1731,#1730,#961,.T.);
#2199=EDGE_CURVE('',#1634,#1701,#962,.T.);
#2200=EDGE_CURVE('',#1701,#1731,#138,.T.);
#2201=EDGE_CURVE('',#1633,#1702,#963,.T.);
#2202=EDGE_CURVE('',#1732,#1720,#964,.T.);
#2203=EDGE_CURVE('',#1630,#1732,#965,.T.);
#2204=EDGE_CURVE('',#1722,#1733,#966,.T.);
#2205=EDGE_CURVE('',#1732,#1733,#139,.T.);
#2206=EDGE_CURVE('',#1663,#1724,#967,.T.);
#2207=EDGE_CURVE('',#1734,#1651,#968,.T.);
#2208=EDGE_CURVE('',#1734,#1650,#969,.T.);
#2209=EDGE_CURVE('',#1617,#1733,#970,.T.);
#2210=EDGE_CURVE('',#1726,#1664,#971,.T.);
#2211=EDGE_CURVE('',#1665,#1727,#972,.T.);
#2212=EDGE_CURVE('',#1708,#1735,#973,.T.);
#2213=EDGE_CURVE('',#1662,#1735,#974,.T.);
#2214=EDGE_CURVE('',#1736,#1736,#140,.T.);
#2215=EDGE_CURVE('',#1700,#1707,#975,.T.);
#2216=EDGE_CURVE('',#1699,#1710,#976,.T.);
#2217=EDGE_CURVE('',#1736,#1737,#977,.T.);
#2218=EDGE_CURVE('',#1737,#1737,#141,.T.);
#2219=EDGE_CURVE('',#1737,#1738,#978,.T.);
#2220=EDGE_CURVE('',#1738,#1738,#142,.T.);
#2221=EDGE_CURVE('',#1685,#1592,#23,.T.);
#2222=EDGE_CURVE('',#1593,#1682,#24,.T.);
#2223=EDGE_CURVE('',#1683,#1595,#25,.T.);
#2224=EDGE_CURVE('',#1594,#1684,#26,.T.);
#2225=EDGE_CURVE('',#1712,#1698,#979,.T.);
#2226=EDGE_CURVE('',#1697,#1714,#980,.T.);
#2227=EDGE_CURVE('',#1716,#1696,#981,.T.);
#2228=EDGE_CURVE('',#1693,#1729,#982,.T.);
#2229=EDGE_CURVE('',#1730,#1692,#983,.T.);
#2230=EDGE_CURVE('',#1691,#1731,#984,.T.);
#2231=EDGE_CURVE('',#1694,#1705,#985,.T.);
#2232=EDGE_CURVE('',#1717,#1695,#986,.T.);
#2233=EDGE_CURVE('',#1739,#1647,#143,.T.);
#2234=EDGE_CURVE('',#1739,#1740,#987,.T.);
#2235=EDGE_CURVE('',#1741,#1740,#144,.T.);
#2236=EDGE_CURVE('',#1741,#1742,#988,.T.);
#2237=EDGE_CURVE('',#1603,#1742,#145,.T.);
#2238=EDGE_CURVE('',#1743,#1602,#146,.T.);
#2239=EDGE_CURVE('',#1743,#1744,#989,.T.);
#2240=EDGE_CURVE('',#1745,#1744,#147,.T.);
#2241=EDGE_CURVE('',#1745,#1746,#990,.T.);
#2242=EDGE_CURVE('',#1612,#1746,#148,.T.);
#2243=EDGE_CURVE('',#1747,#1611,#149,.T.);
#2244=EDGE_CURVE('',#1747,#1748,#991,.T.);
#2245=EDGE_CURVE('',#1749,#1748,#150,.T.);
#2246=EDGE_CURVE('',#1749,#1750,#992,.T.);
#2247=EDGE_CURVE('',#1751,#1750,#151,.T.);
#2248=EDGE_CURVE('',#1751,#1752,#152,.T.);
#2249=EDGE_CURVE('',#1735,#1752,#153,.T.);
#2250=EDGE_CURVE('',#1753,#1753,#154,.T.);
#2251=EDGE_CURVE('',#1754,#1754,#155,.T.);
#2252=EDGE_CURVE('',#1755,#1755,#156,.T.);
#2253=EDGE_CURVE('',#1756,#1756,#157,.T.);
#2254=EDGE_CURVE('',#1757,#1734,#158,.T.);
#2255=EDGE_CURVE('',#1758,#1757,#993,.T.);
#2256=EDGE_CURVE('',#1759,#1758,#159,.T.);
#2257=EDGE_CURVE('',#1759,#1760,#160,.T.);
#2258=EDGE_CURVE('',#1761,#1760,#161,.T.);
#2259=EDGE_CURVE('',#1761,#1762,#994,.T.);
#2260=EDGE_CURVE('',#1763,#1762,#162,.T.);
#2261=EDGE_CURVE('',#1763,#1764,#995,.T.);
#2262=EDGE_CURVE('',#1642,#1764,#163,.T.);
#2263=EDGE_CURVE('',#1752,#1660,#996,.T.);
#2264=EDGE_CURVE('',#1765,#1751,#997,.T.);
#2265=EDGE_CURVE('',#1766,#1765,#1446,.T.);
#2266=EDGE_CURVE('',#1767,#1766,#164,.T.);
#2267=EDGE_CURVE('',#1768,#1767,#1447,.T.);
#2268=EDGE_CURVE('',#1760,#1768,#998,.T.);
#2269=EDGE_CURVE('',#1658,#1759,#999,.T.);
#2270=EDGE_CURVE('',#1654,#1757,#1000,.T.);
#2271=EDGE_CURVE('',#1758,#1656,#1001,.T.);
#2272=EDGE_CURVE('',#1768,#1769,#165,.T.);
#2273=EDGE_CURVE('',#1769,#1761,#1002,.T.);
#2274=EDGE_CURVE('',#1767,#1770,#166,.T.);
#2275=EDGE_CURVE('',#1770,#1769,#1448,.T.);
#2276=EDGE_CURVE('',#1766,#1771,#167,.T.);
#2277=EDGE_CURVE('',#1771,#1770,#168,.T.);
#2278=EDGE_CURVE('',#1765,#1772,#169,.T.);
#2279=EDGE_CURVE('',#1772,#1771,#1449,.T.);
#2280=EDGE_CURVE('',#1750,#1772,#1003,.T.);
#2281=EDGE_CURVE('',#1773,#1613,#170,.T.);
#2282=EDGE_CURVE('',#1746,#1773,#1004,.T.);
#2283=EDGE_CURVE('',#1773,#1774,#1450,.T.);
#2284=EDGE_CURVE('',#1774,#1614,#171,.T.);
#2285=EDGE_CURVE('',#1775,#1615,#172,.T.);
#2286=EDGE_CURVE('',#1774,#1775,#173,.T.);
#2287=EDGE_CURVE('',#1775,#1776,#1451,.T.);
#2288=EDGE_CURVE('',#1776,#1609,#174,.T.);
#2289=EDGE_CURVE('',#1776,#1747,#1005,.T.);
#2290=EDGE_CURVE('',#1777,#1776,#1006,.T.);
#2291=EDGE_CURVE('',#1748,#1777,#1007,.T.);
#2292=EDGE_CURVE('',#1775,#1778,#1008,.T.);
#2293=EDGE_CURVE('',#1777,#1778,#175,.T.);
#2294=EDGE_CURVE('',#1779,#1771,#1009,.T.);
#2295=EDGE_CURVE('',#1778,#1779,#176,.T.);
#2296=EDGE_CURVE('',#1780,#1774,#1010,.T.);
#2297=EDGE_CURVE('',#1781,#1780,#177,.T.);
#2298=EDGE_CURVE('',#1782,#1781,#1011,.T.);
#2299=EDGE_CURVE('',#1783,#1782,#178,.T.);
#2300=EDGE_CURVE('',#1784,#1783,#1012,.T.);
#2301=EDGE_CURVE('',#1785,#1784,#179,.T.);
#2302=EDGE_CURVE('',#1786,#1785,#1013,.T.);
#2303=EDGE_CURVE('',#1787,#1786,#180,.T.);
#2304=EDGE_CURVE('',#1788,#1787,#1014,.T.);
#2305=EDGE_CURVE('',#1789,#1788,#181,.T.);
#2306=EDGE_CURVE('',#1770,#1789,#1015,.T.);
#2307=EDGE_CURVE('',#1773,#1790,#1016,.T.);
#2308=EDGE_CURVE('',#1790,#1780,#182,.T.);
#2309=EDGE_CURVE('',#1790,#1745,#1017,.T.);
#2310=EDGE_CURVE('',#1601,#1791,#183,.T.);
#2311=EDGE_CURVE('',#1791,#1743,#1018,.T.);
#2312=EDGE_CURVE('',#1600,#1782,#184,.T.);
#2313=EDGE_CURVE('',#1782,#1791,#1452,.T.);
#2314=EDGE_CURVE('',#1598,#1783,#185,.T.);
#2315=EDGE_CURVE('',#1604,#1792,#186,.T.);
#2316=EDGE_CURVE('',#1792,#1783,#1453,.T.);
#2317=EDGE_CURVE('',#1742,#1792,#1019,.T.);
#2318=EDGE_CURVE('',#1646,#1793,#187,.T.);
#2319=EDGE_CURVE('',#1793,#1739,#1020,.T.);
#2320=EDGE_CURVE('',#1645,#1786,#188,.T.);
#2321=EDGE_CURVE('',#1786,#1793,#1454,.T.);
#2322=EDGE_CURVE('',#1644,#1787,#189,.T.);
#2323=EDGE_CURVE('',#1643,#1794,#190,.T.);
#2324=EDGE_CURVE('',#1794,#1787,#1455,.T.);
#2325=EDGE_CURVE('',#1764,#1794,#1021,.T.);
#2326=EDGE_CURVE('',#1772,#1795,#1022,.T.);
#2327=EDGE_CURVE('',#1795,#1779,#191,.T.);
#2328=EDGE_CURVE('',#1795,#1777,#192,.T.);
#2329=EDGE_CURVE('',#1795,#1749,#1023,.T.);
#2330=EDGE_CURVE('',#1796,#1781,#193,.T.);
#2331=EDGE_CURVE('',#1790,#1796,#194,.T.);
#2332=EDGE_CURVE('',#1796,#1791,#1024,.T.);
#2333=EDGE_CURVE('',#1744,#1796,#1025,.T.);
#2334=EDGE_CURVE('',#1792,#1797,#1026,.T.);
#2335=EDGE_CURVE('',#1797,#1784,#195,.T.);
#2336=EDGE_CURVE('',#1798,#1785,#196,.T.);
#2337=EDGE_CURVE('',#1797,#1798,#197,.T.);
#2338=EDGE_CURVE('',#1798,#1793,#1027,.T.);
#2339=EDGE_CURVE('',#1740,#1798,#1028,.T.);
#2340=EDGE_CURVE('',#1797,#1741,#1029,.T.);
#2341=EDGE_CURVE('',#1794,#1799,#1030,.T.);
#2342=EDGE_CURVE('',#1799,#1788,#198,.T.);
#2343=EDGE_CURVE('',#1800,#1789,#199,.T.);
#2344=EDGE_CURVE('',#1799,#1800,#200,.T.);
#2345=EDGE_CURVE('',#1800,#1769,#1031,.T.);
#2346=EDGE_CURVE('',#1762,#1800,#1032,.T.);
#2347=EDGE_CURVE('',#1799,#1763,#1033,.T.);
#2348=EDGE_CURVE('',#1606,#1755,#1034,.T.);
#2349=EDGE_CURVE('',#1666,#1754,#1035,.T.);
#2350=EDGE_CURVE('',#1801,#1801,#201,.T.);
#2351=EDGE_CURVE('',#1801,#1753,#1036,.T.);
#2352=EDGE_CURVE('',#1616,#1756,#1037,.T.);
#2353=ORIENTED_EDGE('',*,*,#1802,.F.);
#2354=ORIENTED_EDGE('',*,*,#1803,.F.);
#2355=ORIENTED_EDGE('',*,*,#1804,.F.);
#2356=ORIENTED_EDGE('',*,*,#1805,.F.);
#2357=ORIENTED_EDGE('',*,*,#1806,.F.);
#2358=ORIENTED_EDGE('',*,*,#1807,.F.);
#2359=ORIENTED_EDGE('',*,*,#1808,.F.);
#2360=ORIENTED_EDGE('',*,*,#1809,.F.);
#2361=ORIENTED_EDGE('',*,*,#1810,.F.);
#2362=ORIENTED_EDGE('',*,*,#1811,.F.);
#2363=ORIENTED_EDGE('',*,*,#1812,.F.);
#2364=ORIENTED_EDGE('',*,*,#1813,.F.);
#2365=ORIENTED_EDGE('',*,*,#1814,.F.);
#2366=ORIENTED_EDGE('',*,*,#1815,.F.);
#2367=ORIENTED_EDGE('',*,*,#1816,.F.);
#2368=ORIENTED_EDGE('',*,*,#1817,.F.);
#2369=ORIENTED_EDGE('',*,*,#1818,.F.);
#2370=ORIENTED_EDGE('',*,*,#1819,.F.);
#2371=ORIENTED_EDGE('',*,*,#1820,.F.);
#2372=ORIENTED_EDGE('',*,*,#1821,.F.);
#2373=ORIENTED_EDGE('',*,*,#1822,.F.);
#2374=ORIENTED_EDGE('',*,*,#1823,.F.);
#2375=ORIENTED_EDGE('',*,*,#1824,.F.);
#2376=ORIENTED_EDGE('',*,*,#1825,.F.);
#2377=ORIENTED_EDGE('',*,*,#1826,.F.);
#2378=ORIENTED_EDGE('',*,*,#1827,.F.);
#2379=ORIENTED_EDGE('',*,*,#1828,.F.);
#2380=ORIENTED_EDGE('',*,*,#1829,.F.);
#2381=ORIENTED_EDGE('',*,*,#1830,.F.);
#2382=ORIENTED_EDGE('',*,*,#1831,.F.);
#2383=ORIENTED_EDGE('',*,*,#1832,.F.);
#2384=ORIENTED_EDGE('',*,*,#1802,.T.);
#2385=ORIENTED_EDGE('',*,*,#1833,.T.);
#2386=ORIENTED_EDGE('',*,*,#1834,.F.);
#2387=ORIENTED_EDGE('',*,*,#1835,.F.);
#2388=ORIENTED_EDGE('',*,*,#1803,.T.);
#2389=ORIENTED_EDGE('',*,*,#1835,.T.);
#2390=ORIENTED_EDGE('',*,*,#1836,.F.);
#2391=ORIENTED_EDGE('',*,*,#1837,.F.);
#2392=ORIENTED_EDGE('',*,*,#1804,.T.);
#2393=ORIENTED_EDGE('',*,*,#1837,.T.);
#2394=ORIENTED_EDGE('',*,*,#1838,.F.);
#2395=ORIENTED_EDGE('',*,*,#1839,.F.);
#2396=ORIENTED_EDGE('',*,*,#1805,.T.);
#2397=ORIENTED_EDGE('',*,*,#1839,.T.);
#2398=ORIENTED_EDGE('',*,*,#1840,.F.);
#2399=ORIENTED_EDGE('',*,*,#1841,.F.);
#2400=ORIENTED_EDGE('',*,*,#1806,.T.);
#2401=ORIENTED_EDGE('',*,*,#1841,.T.);
#2402=ORIENTED_EDGE('',*,*,#1842,.F.);
#2403=ORIENTED_EDGE('',*,*,#1843,.F.);
#2404=ORIENTED_EDGE('',*,*,#1807,.T.);
#2405=ORIENTED_EDGE('',*,*,#1843,.T.);
#2406=ORIENTED_EDGE('',*,*,#1844,.F.);
#2407=ORIENTED_EDGE('',*,*,#1845,.F.);
#2408=ORIENTED_EDGE('',*,*,#1808,.T.);
#2409=ORIENTED_EDGE('',*,*,#1845,.T.);
#2410=ORIENTED_EDGE('',*,*,#1846,.F.);
#2411=ORIENTED_EDGE('',*,*,#1847,.F.);
#2412=ORIENTED_EDGE('',*,*,#1809,.T.);
#2413=ORIENTED_EDGE('',*,*,#1847,.T.);
#2414=ORIENTED_EDGE('',*,*,#1848,.F.);
#2415=ORIENTED_EDGE('',*,*,#1849,.F.);
#2416=ORIENTED_EDGE('',*,*,#1810,.T.);
#2417=ORIENTED_EDGE('',*,*,#1849,.T.);
#2418=ORIENTED_EDGE('',*,*,#1850,.F.);
#2419=ORIENTED_EDGE('',*,*,#1851,.F.);
#2420=ORIENTED_EDGE('',*,*,#1811,.T.);
#2421=ORIENTED_EDGE('',*,*,#1851,.T.);
#2422=ORIENTED_EDGE('',*,*,#1852,.F.);
#2423=ORIENTED_EDGE('',*,*,#1853,.F.);
#2424=ORIENTED_EDGE('',*,*,#1812,.T.);
#2425=ORIENTED_EDGE('',*,*,#1853,.T.);
#2426=ORIENTED_EDGE('',*,*,#1854,.F.);
#2427=ORIENTED_EDGE('',*,*,#1855,.F.);
#2428=ORIENTED_EDGE('',*,*,#1813,.T.);
#2429=ORIENTED_EDGE('',*,*,#1855,.T.);
#2430=ORIENTED_EDGE('',*,*,#1856,.F.);
#2431=ORIENTED_EDGE('',*,*,#1857,.F.);
#2432=ORIENTED_EDGE('',*,*,#1814,.T.);
#2433=ORIENTED_EDGE('',*,*,#1857,.T.);
#2434=ORIENTED_EDGE('',*,*,#1858,.F.);
#2435=ORIENTED_EDGE('',*,*,#1859,.F.);
#2436=ORIENTED_EDGE('',*,*,#1815,.T.);
#2437=ORIENTED_EDGE('',*,*,#1859,.T.);
#2438=ORIENTED_EDGE('',*,*,#1860,.F.);
#2439=ORIENTED_EDGE('',*,*,#1861,.F.);
#2440=ORIENTED_EDGE('',*,*,#1816,.T.);
#2441=ORIENTED_EDGE('',*,*,#1861,.T.);
#2442=ORIENTED_EDGE('',*,*,#1862,.F.);
#2443=ORIENTED_EDGE('',*,*,#1863,.F.);
#2444=ORIENTED_EDGE('',*,*,#1817,.T.);
#2445=ORIENTED_EDGE('',*,*,#1863,.T.);
#2446=ORIENTED_EDGE('',*,*,#1864,.F.);
#2447=ORIENTED_EDGE('',*,*,#1865,.F.);
#2448=ORIENTED_EDGE('',*,*,#1818,.T.);
#2449=ORIENTED_EDGE('',*,*,#1865,.T.);
#2450=ORIENTED_EDGE('',*,*,#1866,.F.);
#2451=ORIENTED_EDGE('',*,*,#1867,.F.);
#2452=ORIENTED_EDGE('',*,*,#1819,.T.);
#2453=ORIENTED_EDGE('',*,*,#1867,.T.);
#2454=ORIENTED_EDGE('',*,*,#1868,.F.);
#2455=ORIENTED_EDGE('',*,*,#1869,.F.);
#2456=ORIENTED_EDGE('',*,*,#1820,.T.);
#2457=ORIENTED_EDGE('',*,*,#1869,.T.);
#2458=ORIENTED_EDGE('',*,*,#1870,.F.);
#2459=ORIENTED_EDGE('',*,*,#1871,.F.);
#2460=ORIENTED_EDGE('',*,*,#1821,.T.);
#2461=ORIENTED_EDGE('',*,*,#1871,.T.);
#2462=ORIENTED_EDGE('',*,*,#1872,.F.);
#2463=ORIENTED_EDGE('',*,*,#1873,.F.);
#2464=ORIENTED_EDGE('',*,*,#1822,.T.);
#2465=ORIENTED_EDGE('',*,*,#1873,.T.);
#2466=ORIENTED_EDGE('',*,*,#1874,.F.);
#2467=ORIENTED_EDGE('',*,*,#1875,.F.);
#2468=ORIENTED_EDGE('',*,*,#1823,.T.);
#2469=ORIENTED_EDGE('',*,*,#1875,.T.);
#2470=ORIENTED_EDGE('',*,*,#1876,.F.);
#2471=ORIENTED_EDGE('',*,*,#1877,.F.);
#2472=ORIENTED_EDGE('',*,*,#1824,.T.);
#2473=ORIENTED_EDGE('',*,*,#1877,.T.);
#2474=ORIENTED_EDGE('',*,*,#1878,.F.);
#2475=ORIENTED_EDGE('',*,*,#1879,.F.);
#2476=ORIENTED_EDGE('',*,*,#1825,.T.);
#2477=ORIENTED_EDGE('',*,*,#1879,.T.);
#2478=ORIENTED_EDGE('',*,*,#1880,.F.);
#2479=ORIENTED_EDGE('',*,*,#1881,.F.);
#2480=ORIENTED_EDGE('',*,*,#1826,.T.);
#2481=ORIENTED_EDGE('',*,*,#1881,.T.);
#2482=ORIENTED_EDGE('',*,*,#1882,.F.);
#2483=ORIENTED_EDGE('',*,*,#1883,.F.);
#2484=ORIENTED_EDGE('',*,*,#1827,.T.);
#2485=ORIENTED_EDGE('',*,*,#1883,.T.);
#2486=ORIENTED_EDGE('',*,*,#1884,.F.);
#2487=ORIENTED_EDGE('',*,*,#1885,.F.);
#2488=ORIENTED_EDGE('',*,*,#1828,.T.);
#2489=ORIENTED_EDGE('',*,*,#1885,.T.);
#2490=ORIENTED_EDGE('',*,*,#1886,.F.);
#2491=ORIENTED_EDGE('',*,*,#1887,.F.);
#2492=ORIENTED_EDGE('',*,*,#1829,.T.);
#2493=ORIENTED_EDGE('',*,*,#1887,.T.);
#2494=ORIENTED_EDGE('',*,*,#1888,.F.);
#2495=ORIENTED_EDGE('',*,*,#1889,.F.);
#2496=ORIENTED_EDGE('',*,*,#1830,.T.);
#2497=ORIENTED_EDGE('',*,*,#1889,.T.);
#2498=ORIENTED_EDGE('',*,*,#1890,.F.);
#2499=ORIENTED_EDGE('',*,*,#1891,.F.);
#2500=ORIENTED_EDGE('',*,*,#1831,.T.);
#2501=ORIENTED_EDGE('',*,*,#1891,.T.);
#2502=ORIENTED_EDGE('',*,*,#1892,.F.);
#2503=ORIENTED_EDGE('',*,*,#1893,.F.);
#2504=ORIENTED_EDGE('',*,*,#1832,.T.);
#2505=ORIENTED_EDGE('',*,*,#1893,.T.);
#2506=ORIENTED_EDGE('',*,*,#1894,.F.);
#2507=ORIENTED_EDGE('',*,*,#1833,.F.);
#2508=ORIENTED_EDGE('',*,*,#1895,.F.);
#2509=ORIENTED_EDGE('',*,*,#1896,.F.);
#2510=ORIENTED_EDGE('',*,*,#1897,.F.);
#2511=ORIENTED_EDGE('',*,*,#1898,.F.);
#2512=ORIENTED_EDGE('',*,*,#1899,.F.);
#2513=ORIENTED_EDGE('',*,*,#1900,.F.);
#2514=ORIENTED_EDGE('',*,*,#1901,.F.);
#2515=ORIENTED_EDGE('',*,*,#1902,.F.);
#2516=ORIENTED_EDGE('',*,*,#1903,.F.);
#2517=ORIENTED_EDGE('',*,*,#1904,.F.);
#2518=ORIENTED_EDGE('',*,*,#1905,.F.);
#2519=ORIENTED_EDGE('',*,*,#1906,.F.);
#2520=ORIENTED_EDGE('',*,*,#1907,.F.);
#2521=ORIENTED_EDGE('',*,*,#1908,.F.);
#2522=ORIENTED_EDGE('',*,*,#1909,.F.);
#2523=ORIENTED_EDGE('',*,*,#1910,.F.);
#2524=ORIENTED_EDGE('',*,*,#1911,.F.);
#2525=ORIENTED_EDGE('',*,*,#1912,.F.);
#2526=ORIENTED_EDGE('',*,*,#1913,.F.);
#2527=ORIENTED_EDGE('',*,*,#1914,.F.);
#2528=ORIENTED_EDGE('',*,*,#1915,.F.);
#2529=ORIENTED_EDGE('',*,*,#1916,.F.);
#2530=ORIENTED_EDGE('',*,*,#1917,.F.);
#2531=ORIENTED_EDGE('',*,*,#1918,.F.);
#2532=ORIENTED_EDGE('',*,*,#1919,.F.);
#2533=ORIENTED_EDGE('',*,*,#1920,.F.);
#2534=ORIENTED_EDGE('',*,*,#1921,.F.);
#2535=ORIENTED_EDGE('',*,*,#1922,.F.);
#2536=ORIENTED_EDGE('',*,*,#1923,.F.);
#2537=ORIENTED_EDGE('',*,*,#1924,.F.);
#2538=ORIENTED_EDGE('',*,*,#1925,.F.);
#2539=ORIENTED_EDGE('',*,*,#1926,.F.);
#2540=ORIENTED_EDGE('',*,*,#1927,.F.);
#2541=ORIENTED_EDGE('',*,*,#1928,.F.);
#2542=ORIENTED_EDGE('',*,*,#1929,.F.);
#2543=ORIENTED_EDGE('',*,*,#1930,.F.);
#2544=ORIENTED_EDGE('',*,*,#1931,.F.);
#2545=ORIENTED_EDGE('',*,*,#1920,.T.);
#2546=ORIENTED_EDGE('',*,*,#1932,.T.);
#2547=ORIENTED_EDGE('',*,*,#1933,.F.);
#2548=ORIENTED_EDGE('',*,*,#1934,.F.);
#2549=ORIENTED_EDGE('',*,*,#1921,.T.);
#2550=ORIENTED_EDGE('',*,*,#1934,.T.);
#2551=ORIENTED_EDGE('',*,*,#1935,.F.);
#2552=ORIENTED_EDGE('',*,*,#1936,.F.);
#2553=ORIENTED_EDGE('',*,*,#1922,.T.);
#2554=ORIENTED_EDGE('',*,*,#1936,.T.);
#2555=ORIENTED_EDGE('',*,*,#1937,.F.);
#2556=ORIENTED_EDGE('',*,*,#1938,.F.);
#2557=ORIENTED_EDGE('',*,*,#1923,.T.);
#2558=ORIENTED_EDGE('',*,*,#1938,.T.);
#2559=ORIENTED_EDGE('',*,*,#1939,.F.);
#2560=ORIENTED_EDGE('',*,*,#1940,.F.);
#2561=ORIENTED_EDGE('',*,*,#1924,.T.);
#2562=ORIENTED_EDGE('',*,*,#1940,.T.);
#2563=ORIENTED_EDGE('',*,*,#1941,.F.);
#2564=ORIENTED_EDGE('',*,*,#1942,.F.);
#2565=ORIENTED_EDGE('',*,*,#1925,.T.);
#2566=ORIENTED_EDGE('',*,*,#1942,.T.);
#2567=ORIENTED_EDGE('',*,*,#1943,.F.);
#2568=ORIENTED_EDGE('',*,*,#1944,.F.);
#2569=ORIENTED_EDGE('',*,*,#1926,.T.);
#2570=ORIENTED_EDGE('',*,*,#1944,.T.);
#2571=ORIENTED_EDGE('',*,*,#1945,.F.);
#2572=ORIENTED_EDGE('',*,*,#1946,.F.);
#2573=ORIENTED_EDGE('',*,*,#1927,.T.);
#2574=ORIENTED_EDGE('',*,*,#1946,.T.);
#2575=ORIENTED_EDGE('',*,*,#1947,.F.);
#2576=ORIENTED_EDGE('',*,*,#1948,.F.);
#2577=ORIENTED_EDGE('',*,*,#1928,.T.);
#2578=ORIENTED_EDGE('',*,*,#1948,.T.);
#2579=ORIENTED_EDGE('',*,*,#1949,.F.);
#2580=ORIENTED_EDGE('',*,*,#1950,.F.);
#2581=ORIENTED_EDGE('',*,*,#1929,.T.);
#2582=ORIENTED_EDGE('',*,*,#1950,.T.);
#2583=ORIENTED_EDGE('',*,*,#1951,.F.);
#2584=ORIENTED_EDGE('',*,*,#1952,.F.);
#2585=ORIENTED_EDGE('',*,*,#1930,.T.);
#2586=ORIENTED_EDGE('',*,*,#1952,.T.);
#2587=ORIENTED_EDGE('',*,*,#1953,.F.);
#2588=ORIENTED_EDGE('',*,*,#1954,.F.);
#2589=ORIENTED_EDGE('',*,*,#1931,.T.);
#2590=ORIENTED_EDGE('',*,*,#1954,.T.);
#2591=ORIENTED_EDGE('',*,*,#1955,.F.);
#2592=ORIENTED_EDGE('',*,*,#1932,.F.);
#2593=ORIENTED_EDGE('',*,*,#1895,.T.);
#2594=ORIENTED_EDGE('',*,*,#1956,.T.);
#2595=ORIENTED_EDGE('',*,*,#1957,.F.);
#2596=ORIENTED_EDGE('',*,*,#1958,.F.);
#2597=ORIENTED_EDGE('',*,*,#1896,.T.);
#2598=ORIENTED_EDGE('',*,*,#1958,.T.);
#2599=ORIENTED_EDGE('',*,*,#1959,.F.);
#2600=ORIENTED_EDGE('',*,*,#1960,.F.);
#2601=ORIENTED_EDGE('',*,*,#1897,.T.);
#2602=ORIENTED_EDGE('',*,*,#1960,.T.);
#2603=ORIENTED_EDGE('',*,*,#1961,.F.);
#2604=ORIENTED_EDGE('',*,*,#1962,.F.);
#2605=ORIENTED_EDGE('',*,*,#1898,.T.);
#2606=ORIENTED_EDGE('',*,*,#1962,.T.);
#2607=ORIENTED_EDGE('',*,*,#1963,.F.);
#2608=ORIENTED_EDGE('',*,*,#1964,.F.);
#2609=ORIENTED_EDGE('',*,*,#1899,.T.);
#2610=ORIENTED_EDGE('',*,*,#1964,.T.);
#2611=ORIENTED_EDGE('',*,*,#1965,.F.);
#2612=ORIENTED_EDGE('',*,*,#1966,.F.);
#2613=ORIENTED_EDGE('',*,*,#1900,.T.);
#2614=ORIENTED_EDGE('',*,*,#1966,.T.);
#2615=ORIENTED_EDGE('',*,*,#1967,.F.);
#2616=ORIENTED_EDGE('',*,*,#1968,.F.);
#2617=ORIENTED_EDGE('',*,*,#1901,.T.);
#2618=ORIENTED_EDGE('',*,*,#1968,.T.);
#2619=ORIENTED_EDGE('',*,*,#1969,.F.);
#2620=ORIENTED_EDGE('',*,*,#1970,.F.);
#2621=ORIENTED_EDGE('',*,*,#1902,.T.);
#2622=ORIENTED_EDGE('',*,*,#1970,.T.);
#2623=ORIENTED_EDGE('',*,*,#1971,.F.);
#2624=ORIENTED_EDGE('',*,*,#1972,.F.);
#2625=ORIENTED_EDGE('',*,*,#1903,.T.);
#2626=ORIENTED_EDGE('',*,*,#1972,.T.);
#2627=ORIENTED_EDGE('',*,*,#1973,.F.);
#2628=ORIENTED_EDGE('',*,*,#1974,.F.);
#2629=ORIENTED_EDGE('',*,*,#1904,.T.);
#2630=ORIENTED_EDGE('',*,*,#1974,.T.);
#2631=ORIENTED_EDGE('',*,*,#1975,.F.);
#2632=ORIENTED_EDGE('',*,*,#1976,.F.);
#2633=ORIENTED_EDGE('',*,*,#1905,.T.);
#2634=ORIENTED_EDGE('',*,*,#1976,.T.);
#2635=ORIENTED_EDGE('',*,*,#1977,.F.);
#2636=ORIENTED_EDGE('',*,*,#1978,.F.);
#2637=ORIENTED_EDGE('',*,*,#1906,.T.);
#2638=ORIENTED_EDGE('',*,*,#1978,.T.);
#2639=ORIENTED_EDGE('',*,*,#1979,.F.);
#2640=ORIENTED_EDGE('',*,*,#1980,.F.);
#2641=ORIENTED_EDGE('',*,*,#1907,.T.);
#2642=ORIENTED_EDGE('',*,*,#1980,.T.);
#2643=ORIENTED_EDGE('',*,*,#1981,.F.);
#2644=ORIENTED_EDGE('',*,*,#1982,.F.);
#2645=ORIENTED_EDGE('',*,*,#1908,.T.);
#2646=ORIENTED_EDGE('',*,*,#1982,.T.);
#2647=ORIENTED_EDGE('',*,*,#1983,.F.);
#2648=ORIENTED_EDGE('',*,*,#1984,.F.);
#2649=ORIENTED_EDGE('',*,*,#1909,.T.);
#2650=ORIENTED_EDGE('',*,*,#1984,.T.);
#2651=ORIENTED_EDGE('',*,*,#1985,.F.);
#2652=ORIENTED_EDGE('',*,*,#1986,.F.);
#2653=ORIENTED_EDGE('',*,*,#1910,.T.);
#2654=ORIENTED_EDGE('',*,*,#1986,.T.);
#2655=ORIENTED_EDGE('',*,*,#1987,.F.);
#2656=ORIENTED_EDGE('',*,*,#1988,.F.);
#2657=ORIENTED_EDGE('',*,*,#1911,.T.);
#2658=ORIENTED_EDGE('',*,*,#1988,.T.);
#2659=ORIENTED_EDGE('',*,*,#1989,.F.);
#2660=ORIENTED_EDGE('',*,*,#1990,.F.);
#2661=ORIENTED_EDGE('',*,*,#1912,.T.);
#2662=ORIENTED_EDGE('',*,*,#1990,.T.);
#2663=ORIENTED_EDGE('',*,*,#1991,.F.);
#2664=ORIENTED_EDGE('',*,*,#1992,.F.);
#2665=ORIENTED_EDGE('',*,*,#1913,.T.);
#2666=ORIENTED_EDGE('',*,*,#1992,.T.);
#2667=ORIENTED_EDGE('',*,*,#1993,.F.);
#2668=ORIENTED_EDGE('',*,*,#1994,.F.);
#2669=ORIENTED_EDGE('',*,*,#1914,.T.);
#2670=ORIENTED_EDGE('',*,*,#1994,.T.);
#2671=ORIENTED_EDGE('',*,*,#1995,.F.);
#2672=ORIENTED_EDGE('',*,*,#1996,.F.);
#2673=ORIENTED_EDGE('',*,*,#1915,.T.);
#2674=ORIENTED_EDGE('',*,*,#1996,.T.);
#2675=ORIENTED_EDGE('',*,*,#1997,.F.);
#2676=ORIENTED_EDGE('',*,*,#1998,.F.);
#2677=ORIENTED_EDGE('',*,*,#1916,.T.);
#2678=ORIENTED_EDGE('',*,*,#1998,.T.);
#2679=ORIENTED_EDGE('',*,*,#1999,.F.);
#2680=ORIENTED_EDGE('',*,*,#2000,.F.);
#2681=ORIENTED_EDGE('',*,*,#1917,.T.);
#2682=ORIENTED_EDGE('',*,*,#2000,.T.);
#2683=ORIENTED_EDGE('',*,*,#2001,.F.);
#2684=ORIENTED_EDGE('',*,*,#2002,.F.);
#2685=ORIENTED_EDGE('',*,*,#1918,.T.);
#2686=ORIENTED_EDGE('',*,*,#2002,.T.);
#2687=ORIENTED_EDGE('',*,*,#2003,.F.);
#2688=ORIENTED_EDGE('',*,*,#2004,.F.);
#2689=ORIENTED_EDGE('',*,*,#1919,.T.);
#2690=ORIENTED_EDGE('',*,*,#2004,.T.);
#2691=ORIENTED_EDGE('',*,*,#2005,.F.);
#2692=ORIENTED_EDGE('',*,*,#1956,.F.);
#2693=ORIENTED_EDGE('',*,*,#2006,.F.);
#2694=ORIENTED_EDGE('',*,*,#2007,.T.);
#2695=ORIENTED_EDGE('',*,*,#2008,.F.);
#2696=ORIENTED_EDGE('',*,*,#2009,.T.);
#2697=ORIENTED_EDGE('',*,*,#1957,.T.);
#2698=ORIENTED_EDGE('',*,*,#2005,.T.);
#2699=ORIENTED_EDGE('',*,*,#2003,.T.);
#2700=ORIENTED_EDGE('',*,*,#2001,.T.);
#2701=ORIENTED_EDGE('',*,*,#1999,.T.);
#2702=ORIENTED_EDGE('',*,*,#1997,.T.);
#2703=ORIENTED_EDGE('',*,*,#1995,.T.);
#2704=ORIENTED_EDGE('',*,*,#1993,.T.);
#2705=ORIENTED_EDGE('',*,*,#1991,.T.);
#2706=ORIENTED_EDGE('',*,*,#1989,.T.);
#2707=ORIENTED_EDGE('',*,*,#1987,.T.);
#2708=ORIENTED_EDGE('',*,*,#1985,.T.);
#2709=ORIENTED_EDGE('',*,*,#1983,.T.);
#2710=ORIENTED_EDGE('',*,*,#1981,.T.);
#2711=ORIENTED_EDGE('',*,*,#1979,.T.);
#2712=ORIENTED_EDGE('',*,*,#1977,.T.);
#2713=ORIENTED_EDGE('',*,*,#1975,.T.);
#2714=ORIENTED_EDGE('',*,*,#1973,.T.);
#2715=ORIENTED_EDGE('',*,*,#1971,.T.);
#2716=ORIENTED_EDGE('',*,*,#1969,.T.);
#2717=ORIENTED_EDGE('',*,*,#1967,.T.);
#2718=ORIENTED_EDGE('',*,*,#1965,.T.);
#2719=ORIENTED_EDGE('',*,*,#1963,.T.);
#2720=ORIENTED_EDGE('',*,*,#1961,.T.);
#2721=ORIENTED_EDGE('',*,*,#1959,.T.);
#2722=ORIENTED_EDGE('',*,*,#1834,.T.);
#2723=ORIENTED_EDGE('',*,*,#1894,.T.);
#2724=ORIENTED_EDGE('',*,*,#1892,.T.);
#2725=ORIENTED_EDGE('',*,*,#1890,.T.);
#2726=ORIENTED_EDGE('',*,*,#1888,.T.);
#2727=ORIENTED_EDGE('',*,*,#1886,.T.);
#2728=ORIENTED_EDGE('',*,*,#1884,.T.);
#2729=ORIENTED_EDGE('',*,*,#1882,.T.);
#2730=ORIENTED_EDGE('',*,*,#1880,.T.);
#2731=ORIENTED_EDGE('',*,*,#1878,.T.);
#2732=ORIENTED_EDGE('',*,*,#1876,.T.);
#2733=ORIENTED_EDGE('',*,*,#1874,.T.);
#2734=ORIENTED_EDGE('',*,*,#1872,.T.);
#2735=ORIENTED_EDGE('',*,*,#1870,.T.);
#2736=ORIENTED_EDGE('',*,*,#1868,.T.);
#2737=ORIENTED_EDGE('',*,*,#1866,.T.);
#2738=ORIENTED_EDGE('',*,*,#1864,.T.);
#2739=ORIENTED_EDGE('',*,*,#1862,.T.);
#2740=ORIENTED_EDGE('',*,*,#1860,.T.);
#2741=ORIENTED_EDGE('',*,*,#1858,.T.);
#2742=ORIENTED_EDGE('',*,*,#1856,.T.);
#2743=ORIENTED_EDGE('',*,*,#1854,.T.);
#2744=ORIENTED_EDGE('',*,*,#1852,.T.);
#2745=ORIENTED_EDGE('',*,*,#1850,.T.);
#2746=ORIENTED_EDGE('',*,*,#1848,.T.);
#2747=ORIENTED_EDGE('',*,*,#1846,.T.);
#2748=ORIENTED_EDGE('',*,*,#1844,.T.);
#2749=ORIENTED_EDGE('',*,*,#1842,.T.);
#2750=ORIENTED_EDGE('',*,*,#1840,.T.);
#2751=ORIENTED_EDGE('',*,*,#1838,.T.);
#2752=ORIENTED_EDGE('',*,*,#1836,.T.);
#2753=ORIENTED_EDGE('',*,*,#2010,.T.);
#2754=ORIENTED_EDGE('',*,*,#2011,.T.);
#2755=ORIENTED_EDGE('',*,*,#2012,.T.);
#2756=ORIENTED_EDGE('',*,*,#2011,.F.);
#2757=ORIENTED_EDGE('',*,*,#2013,.F.);
#2758=ORIENTED_EDGE('',*,*,#2014,.F.);
#2759=ORIENTED_EDGE('',*,*,#2015,.F.);
#2760=ORIENTED_EDGE('',*,*,#2016,.F.);
#2761=ORIENTED_EDGE('',*,*,#2017,.F.);
#2762=ORIENTED_EDGE('',*,*,#2018,.F.);
#2763=ORIENTED_EDGE('',*,*,#2019,.F.);
#2764=ORIENTED_EDGE('',*,*,#2020,.T.);
#2765=ORIENTED_EDGE('',*,*,#2010,.F.);
#2766=ORIENTED_EDGE('',*,*,#2020,.F.);
#2767=ORIENTED_EDGE('',*,*,#2021,.F.);
#2768=ORIENTED_EDGE('',*,*,#2012,.F.);
#2769=ORIENTED_EDGE('',*,*,#2022,.T.);
#2770=ORIENTED_EDGE('',*,*,#2023,.T.);
#2771=ORIENTED_EDGE('',*,*,#2024,.T.);
#2772=ORIENTED_EDGE('',*,*,#2025,.T.);
#2773=ORIENTED_EDGE('',*,*,#2024,.F.);
#2774=ORIENTED_EDGE('',*,*,#2026,.F.);
#2775=ORIENTED_EDGE('',*,*,#2027,.F.);
#2776=ORIENTED_EDGE('',*,*,#2028,.F.);
#2777=ORIENTED_EDGE('',*,*,#2029,.F.);
#2778=ORIENTED_EDGE('',*,*,#2030,.F.);
#2779=ORIENTED_EDGE('',*,*,#2031,.F.);
#2780=ORIENTED_EDGE('',*,*,#2032,.F.);
#2781=ORIENTED_EDGE('',*,*,#2033,.T.);
#2782=ORIENTED_EDGE('',*,*,#2023,.F.);
#2783=ORIENTED_EDGE('',*,*,#2033,.F.);
#2784=ORIENTED_EDGE('',*,*,#2025,.F.);
#2785=ORIENTED_EDGE('',*,*,#2034,.T.);
#2786=ORIENTED_EDGE('',*,*,#2035,.T.);
#2787=ORIENTED_EDGE('',*,*,#2036,.T.);
#2788=ORIENTED_EDGE('',*,*,#2037,.T.);
#2789=ORIENTED_EDGE('',*,*,#2038,.T.);
#2790=ORIENTED_EDGE('',*,*,#2039,.T.);
#2791=ORIENTED_EDGE('',*,*,#2040,.T.);
#2792=ORIENTED_EDGE('',*,*,#2037,.F.);
#2793=ORIENTED_EDGE('',*,*,#2041,.T.);
#2794=ORIENTED_EDGE('',*,*,#2039,.F.);
#2795=ORIENTED_EDGE('',*,*,#2042,.T.);
#2796=ORIENTED_EDGE('',*,*,#2043,.T.);
#2797=ORIENTED_EDGE('',*,*,#2044,.T.);
#2798=ORIENTED_EDGE('',*,*,#2043,.F.);
#2799=ORIENTED_EDGE('',*,*,#2045,.T.);
#2800=ORIENTED_EDGE('',*,*,#2046,.T.);
#2801=ORIENTED_EDGE('',*,*,#2047,.T.);
#2802=ORIENTED_EDGE('',*,*,#2046,.F.);
#2803=ORIENTED_EDGE('',*,*,#2048,.T.);
#2804=ORIENTED_EDGE('',*,*,#2049,.T.);
#2805=ORIENTED_EDGE('',*,*,#2050,.T.);
#2806=ORIENTED_EDGE('',*,*,#2051,.T.);
#2807=ORIENTED_EDGE('',*,*,#2052,.T.);
#2808=ORIENTED_EDGE('',*,*,#2049,.F.);
#2809=ORIENTED_EDGE('',*,*,#2053,.T.);
#2810=ORIENTED_EDGE('',*,*,#2054,.T.);
#2811=ORIENTED_EDGE('',*,*,#2053,.F.);
#2812=ORIENTED_EDGE('',*,*,#2055,.F.);
#2813=ORIENTED_EDGE('',*,*,#2056,.T.);
#2814=ORIENTED_EDGE('',*,*,#2057,.F.);
#2815=ORIENTED_EDGE('',*,*,#2058,.F.);
#2816=ORIENTED_EDGE('',*,*,#2059,.F.);
#2817=ORIENTED_EDGE('',*,*,#2060,.F.);
#2818=ORIENTED_EDGE('',*,*,#2061,.F.);
#2819=ORIENTED_EDGE('',*,*,#2062,.F.);
#2820=ORIENTED_EDGE('',*,*,#2063,.F.);
#2821=ORIENTED_EDGE('',*,*,#2048,.F.);
#2822=ORIENTED_EDGE('',*,*,#2064,.T.);
#2823=ORIENTED_EDGE('',*,*,#2065,.T.);
#2824=ORIENTED_EDGE('',*,*,#2055,.T.);
#2825=ORIENTED_EDGE('',*,*,#2045,.F.);
#2826=ORIENTED_EDGE('',*,*,#2066,.F.);
#2827=ORIENTED_EDGE('',*,*,#2067,.F.);
#2828=ORIENTED_EDGE('',*,*,#2068,.F.);
#2829=ORIENTED_EDGE('',*,*,#2069,.F.);
#2830=ORIENTED_EDGE('',*,*,#2070,.F.);
#2831=ORIENTED_EDGE('',*,*,#2071,.F.);
#2832=ORIENTED_EDGE('',*,*,#2072,.F.);
#2833=ORIENTED_EDGE('',*,*,#2073,.F.);
#2834=ORIENTED_EDGE('',*,*,#2064,.F.);
#2835=ORIENTED_EDGE('',*,*,#2042,.F.);
#2836=ORIENTED_EDGE('',*,*,#2074,.T.);
#2837=ORIENTED_EDGE('',*,*,#2075,.T.);
#2838=ORIENTED_EDGE('',*,*,#2066,.T.);
#2839=ORIENTED_EDGE('',*,*,#2041,.F.);
#2840=ORIENTED_EDGE('',*,*,#2076,.F.);
#2841=ORIENTED_EDGE('',*,*,#2077,.F.);
#2842=ORIENTED_EDGE('',*,*,#2074,.F.);
#2843=ORIENTED_EDGE('',*,*,#2036,.F.);
#2844=ORIENTED_EDGE('',*,*,#2078,.T.);
#2845=ORIENTED_EDGE('',*,*,#2079,.T.);
#2846=ORIENTED_EDGE('',*,*,#2076,.T.);
#2847=ORIENTED_EDGE('',*,*,#2080,.T.);
#2848=ORIENTED_EDGE('',*,*,#2081,.T.);
#2849=ORIENTED_EDGE('',*,*,#2082,.T.);
#2850=ORIENTED_EDGE('',*,*,#2083,.T.);
#2851=ORIENTED_EDGE('',*,*,#2082,.F.);
#2852=ORIENTED_EDGE('',*,*,#2084,.T.);
#2853=ORIENTED_EDGE('',*,*,#2085,.T.);
#2854=ORIENTED_EDGE('',*,*,#2086,.T.);
#2855=ORIENTED_EDGE('',*,*,#2087,.T.);
#2856=ORIENTED_EDGE('',*,*,#2088,.T.);
#2857=ORIENTED_EDGE('',*,*,#2085,.F.);
#2858=ORIENTED_EDGE('',*,*,#2089,.T.);
#2859=ORIENTED_EDGE('',*,*,#2090,.T.);
#2860=ORIENTED_EDGE('',*,*,#2091,.T.);
#2861=ORIENTED_EDGE('',*,*,#2087,.F.);
#2862=ORIENTED_EDGE('',*,*,#2092,.T.);
#2863=ORIENTED_EDGE('',*,*,#2093,.T.);
#2864=ORIENTED_EDGE('',*,*,#2094,.T.);
#2865=ORIENTED_EDGE('',*,*,#2090,.F.);
#2866=ORIENTED_EDGE('',*,*,#2095,.T.);
#2867=ORIENTED_EDGE('',*,*,#2095,.F.);
#2868=ORIENTED_EDGE('',*,*,#2092,.F.);
#2869=ORIENTED_EDGE('',*,*,#2089,.F.);
#2870=ORIENTED_EDGE('',*,*,#2084,.F.);
#2871=ORIENTED_EDGE('',*,*,#2081,.F.);
#2872=ORIENTED_EDGE('',*,*,#2096,.F.);
#2873=ORIENTED_EDGE('',*,*,#2097,.T.);
#2874=ORIENTED_EDGE('',*,*,#2098,.T.);
#2875=ORIENTED_EDGE('',*,*,#2099,.T.);
#2876=ORIENTED_EDGE('',*,*,#2100,.T.);
#2877=ORIENTED_EDGE('',*,*,#2101,.T.);
#2878=ORIENTED_EDGE('',*,*,#2102,.T.);
#2879=ORIENTED_EDGE('',*,*,#2103,.T.);
#2880=ORIENTED_EDGE('',*,*,#2102,.F.);
#2881=ORIENTED_EDGE('',*,*,#2104,.F.);
#2882=ORIENTED_EDGE('',*,*,#2105,.F.);
#2883=ORIENTED_EDGE('',*,*,#2106,.F.);
#2884=ORIENTED_EDGE('',*,*,#2107,.F.);
#2885=ORIENTED_EDGE('',*,*,#2108,.F.);
#2886=ORIENTED_EDGE('',*,*,#2109,.F.);
#2887=ORIENTED_EDGE('',*,*,#2110,.F.);
#2888=ORIENTED_EDGE('',*,*,#2111,.F.);
#2889=ORIENTED_EDGE('',*,*,#2112,.F.);
#2890=ORIENTED_EDGE('',*,*,#2113,.F.);
#2891=ORIENTED_EDGE('',*,*,#2114,.F.);
#2892=ORIENTED_EDGE('',*,*,#2115,.T.);
#2893=ORIENTED_EDGE('',*,*,#2116,.F.);
#2894=ORIENTED_EDGE('',*,*,#2117,.T.);
#2895=ORIENTED_EDGE('',*,*,#2118,.T.);
#2896=ORIENTED_EDGE('',*,*,#2119,.T.);
#2897=ORIENTED_EDGE('',*,*,#2120,.T.);
#2898=ORIENTED_EDGE('',*,*,#2101,.F.);
#2899=ORIENTED_EDGE('',*,*,#2121,.T.);
#2900=ORIENTED_EDGE('',*,*,#2122,.T.);
#2901=ORIENTED_EDGE('',*,*,#2103,.F.);
#2902=ORIENTED_EDGE('',*,*,#2122,.F.);
#2903=ORIENTED_EDGE('',*,*,#2116,.T.);
#2904=ORIENTED_EDGE('',*,*,#2123,.T.);
#2905=ORIENTED_EDGE('',*,*,#2124,.T.);
#2906=ORIENTED_EDGE('',*,*,#2123,.F.);
#2907=ORIENTED_EDGE('',*,*,#2125,.T.);
#2908=ORIENTED_EDGE('',*,*,#2126,.T.);
#2909=ORIENTED_EDGE('',*,*,#2124,.F.);
#2910=ORIENTED_EDGE('',*,*,#2126,.F.);
#2911=ORIENTED_EDGE('',*,*,#2127,.T.);
#2912=ORIENTED_EDGE('',*,*,#2114,.T.);
#2913=ORIENTED_EDGE('',*,*,#2128,.T.);
#2914=ORIENTED_EDGE('',*,*,#2129,.T.);
#2915=ORIENTED_EDGE('',*,*,#2130,.T.);
#2916=ORIENTED_EDGE('',*,*,#2131,.T.);
#2917=ORIENTED_EDGE('',*,*,#2128,.F.);
#2918=ORIENTED_EDGE('',*,*,#2113,.T.);
#2919=ORIENTED_EDGE('',*,*,#2130,.F.);
#2920=ORIENTED_EDGE('',*,*,#2112,.T.);
#2921=ORIENTED_EDGE('',*,*,#2132,.T.);
#2922=ORIENTED_EDGE('',*,*,#2133,.T.);
#2923=ORIENTED_EDGE('',*,*,#2134,.T.);
#2924=ORIENTED_EDGE('',*,*,#2135,.T.);
#2925=ORIENTED_EDGE('',*,*,#2132,.F.);
#2926=ORIENTED_EDGE('',*,*,#2111,.T.);
#2927=ORIENTED_EDGE('',*,*,#2136,.T.);
#2928=ORIENTED_EDGE('',*,*,#2134,.F.);
#2929=ORIENTED_EDGE('',*,*,#2110,.T.);
#2930=ORIENTED_EDGE('',*,*,#2137,.T.);
#2931=ORIENTED_EDGE('',*,*,#2138,.T.);
#2932=ORIENTED_EDGE('',*,*,#2137,.F.);
#2933=ORIENTED_EDGE('',*,*,#2109,.T.);
#2934=ORIENTED_EDGE('',*,*,#2139,.T.);
#2935=ORIENTED_EDGE('',*,*,#2108,.T.);
#2936=ORIENTED_EDGE('',*,*,#2140,.T.);
#2937=ORIENTED_EDGE('',*,*,#2141,.T.);
#2938=ORIENTED_EDGE('',*,*,#2139,.F.);
#2939=ORIENTED_EDGE('',*,*,#2142,.T.);
#2940=ORIENTED_EDGE('',*,*,#2143,.T.);
#2941=ORIENTED_EDGE('',*,*,#2140,.F.);
#2942=ORIENTED_EDGE('',*,*,#2107,.T.);
#2943=ORIENTED_EDGE('',*,*,#2142,.F.);
#2944=ORIENTED_EDGE('',*,*,#2106,.T.);
#2945=ORIENTED_EDGE('',*,*,#2144,.T.);
#2946=ORIENTED_EDGE('',*,*,#2145,.T.);
#2947=ORIENTED_EDGE('',*,*,#2146,.T.);
#2948=ORIENTED_EDGE('',*,*,#2147,.T.);
#2949=ORIENTED_EDGE('',*,*,#2144,.F.);
#2950=ORIENTED_EDGE('',*,*,#2105,.T.);
#2951=ORIENTED_EDGE('',*,*,#2148,.T.);
#2952=ORIENTED_EDGE('',*,*,#2149,.T.);
#2953=ORIENTED_EDGE('',*,*,#2146,.F.);
#2954=ORIENTED_EDGE('',*,*,#2104,.T.);
#2955=ORIENTED_EDGE('',*,*,#2129,.F.);
#2956=ORIENTED_EDGE('',*,*,#2150,.F.);
#2957=ORIENTED_EDGE('',*,*,#2151,.F.);
#2958=ORIENTED_EDGE('',*,*,#2152,.T.);
#2959=ORIENTED_EDGE('',*,*,#2063,.T.);
#2960=ORIENTED_EDGE('',*,*,#2153,.T.);
#2961=ORIENTED_EDGE('',*,*,#2154,.T.);
#2962=ORIENTED_EDGE('',*,*,#2153,.F.);
#2963=ORIENTED_EDGE('',*,*,#2154,.F.);
#2964=ORIENTED_EDGE('',*,*,#2155,.T.);
#2965=ORIENTED_EDGE('',*,*,#2156,.T.);
#2966=ORIENTED_EDGE('',*,*,#2155,.F.);
#2967=ORIENTED_EDGE('',*,*,#2157,.T.);
#2968=ORIENTED_EDGE('',*,*,#2158,.T.);
#2969=ORIENTED_EDGE('',*,*,#2062,.T.);
#2970=ORIENTED_EDGE('',*,*,#2159,.T.);
#2971=ORIENTED_EDGE('',*,*,#2160,.T.);
#2972=ORIENTED_EDGE('',*,*,#2161,.T.);
#2973=ORIENTED_EDGE('',*,*,#2162,.T.);
#2974=ORIENTED_EDGE('',*,*,#2163,.T.);
#2975=ORIENTED_EDGE('',*,*,#2164,.T.);
#2976=ORIENTED_EDGE('',*,*,#2165,.T.);
#2977=ORIENTED_EDGE('',*,*,#2162,.F.);
#2978=ORIENTED_EDGE('',*,*,#2166,.T.);
#2979=ORIENTED_EDGE('',*,*,#2167,.T.);
#2980=ORIENTED_EDGE('',*,*,#2168,.T.);
#2981=ORIENTED_EDGE('',*,*,#2164,.F.);
#2982=ORIENTED_EDGE('',*,*,#2169,.T.);
#2983=ORIENTED_EDGE('',*,*,#2170,.T.);
#2984=ORIENTED_EDGE('',*,*,#2171,.T.);
#2985=ORIENTED_EDGE('',*,*,#2167,.F.);
#2986=ORIENTED_EDGE('',*,*,#2172,.T.);
#2987=ORIENTED_EDGE('',*,*,#2173,.T.);
#2988=ORIENTED_EDGE('',*,*,#2170,.F.);
#2989=ORIENTED_EDGE('',*,*,#2174,.T.);
#2990=ORIENTED_EDGE('',*,*,#2175,.T.);
#2991=ORIENTED_EDGE('',*,*,#2176,.T.);
#2992=ORIENTED_EDGE('',*,*,#2177,.T.);
#2993=ORIENTED_EDGE('',*,*,#2178,.T.);
#2994=ORIENTED_EDGE('',*,*,#2158,.F.);
#2995=ORIENTED_EDGE('',*,*,#2179,.T.);
#2996=ORIENTED_EDGE('',*,*,#2180,.T.);
#2997=ORIENTED_EDGE('',*,*,#2177,.F.);
#2998=ORIENTED_EDGE('',*,*,#2181,.T.);
#2999=ORIENTED_EDGE('',*,*,#2182,.T.);
#3000=ORIENTED_EDGE('',*,*,#2183,.T.);
#3001=ORIENTED_EDGE('',*,*,#2179,.F.);
#3002=ORIENTED_EDGE('',*,*,#2184,.T.);
#3003=ORIENTED_EDGE('',*,*,#2185,.T.);
#3004=ORIENTED_EDGE('',*,*,#2186,.T.);
#3005=ORIENTED_EDGE('',*,*,#2182,.F.);
#3006=ORIENTED_EDGE('',*,*,#2187,.T.);
#3007=ORIENTED_EDGE('',*,*,#2188,.T.);
#3008=ORIENTED_EDGE('',*,*,#2185,.F.);
#3009=ORIENTED_EDGE('',*,*,#2189,.T.);
#3010=ORIENTED_EDGE('',*,*,#2190,.T.);
#3011=ORIENTED_EDGE('',*,*,#2191,.T.);
#3012=ORIENTED_EDGE('',*,*,#2190,.F.);
#3013=ORIENTED_EDGE('',*,*,#2192,.T.);
#3014=ORIENTED_EDGE('',*,*,#2175,.F.);
#3015=ORIENTED_EDGE('',*,*,#2061,.T.);
#3016=ORIENTED_EDGE('',*,*,#2193,.T.);
#3017=ORIENTED_EDGE('',*,*,#2194,.T.);
#3018=ORIENTED_EDGE('',*,*,#2159,.F.);
#3019=ORIENTED_EDGE('',*,*,#2195,.T.);
#3020=ORIENTED_EDGE('',*,*,#2196,.T.);
#3021=ORIENTED_EDGE('',*,*,#2193,.F.);
#3022=ORIENTED_EDGE('',*,*,#2060,.T.);
#3023=ORIENTED_EDGE('',*,*,#2195,.F.);
#3024=ORIENTED_EDGE('',*,*,#2059,.T.);
#3025=ORIENTED_EDGE('',*,*,#2197,.T.);
#3026=ORIENTED_EDGE('',*,*,#2198,.T.);
#3027=ORIENTED_EDGE('',*,*,#2199,.T.);
#3028=ORIENTED_EDGE('',*,*,#2200,.T.);
#3029=ORIENTED_EDGE('',*,*,#2197,.F.);
#3030=ORIENTED_EDGE('',*,*,#2058,.T.);
#3031=ORIENTED_EDGE('',*,*,#2201,.T.);
#3032=ORIENTED_EDGE('',*,*,#2151,.T.);
#3033=ORIENTED_EDGE('',*,*,#2199,.F.);
#3034=ORIENTED_EDGE('',*,*,#2057,.T.);
#3035=ORIENTED_EDGE('',*,*,#2178,.F.);
#3036=ORIENTED_EDGE('',*,*,#2202,.F.);
#3037=ORIENTED_EDGE('',*,*,#2203,.F.);
#3038=ORIENTED_EDGE('',*,*,#2051,.F.);
#3039=ORIENTED_EDGE('',*,*,#2054,.F.);
#3040=ORIENTED_EDGE('',*,*,#2180,.F.);
#3041=ORIENTED_EDGE('',*,*,#2204,.T.);
#3042=ORIENTED_EDGE('',*,*,#2205,.F.);
#3043=ORIENTED_EDGE('',*,*,#2202,.T.);
#3044=ORIENTED_EDGE('',*,*,#2183,.F.);
#3045=ORIENTED_EDGE('',*,*,#2206,.F.);
#3046=ORIENTED_EDGE('',*,*,#2096,.T.);
#3047=ORIENTED_EDGE('',*,*,#2080,.F.);
#3048=ORIENTED_EDGE('',*,*,#2207,.F.);
#3049=ORIENTED_EDGE('',*,*,#2208,.T.);
#3050=ORIENTED_EDGE('',*,*,#2078,.F.);
#3051=ORIENTED_EDGE('',*,*,#2035,.F.);
#3052=ORIENTED_EDGE('',*,*,#2209,.T.);
#3053=ORIENTED_EDGE('',*,*,#2204,.F.);
#3054=ORIENTED_EDGE('',*,*,#2186,.F.);
#3055=ORIENTED_EDGE('',*,*,#2210,.T.);
#3056=ORIENTED_EDGE('',*,*,#2097,.F.);
#3057=ORIENTED_EDGE('',*,*,#2206,.T.);
#3058=ORIENTED_EDGE('',*,*,#2188,.F.);
#3059=ORIENTED_EDGE('',*,*,#2211,.F.);
#3060=ORIENTED_EDGE('',*,*,#2098,.F.);
#3061=ORIENTED_EDGE('',*,*,#2210,.F.);
#3062=ORIENTED_EDGE('',*,*,#2191,.F.);
#3063=ORIENTED_EDGE('',*,*,#2174,.F.);
#3064=ORIENTED_EDGE('',*,*,#2172,.F.);
#3065=ORIENTED_EDGE('',*,*,#2169,.F.);
#3066=ORIENTED_EDGE('',*,*,#2166,.F.);
#3067=ORIENTED_EDGE('',*,*,#2161,.F.);
#3068=ORIENTED_EDGE('',*,*,#2212,.T.);
#3069=ORIENTED_EDGE('',*,*,#2213,.F.);
#3070=ORIENTED_EDGE('',*,*,#2093,.F.);
#3071=ORIENTED_EDGE('',*,*,#2099,.F.);
#3072=ORIENTED_EDGE('',*,*,#2211,.T.);
#3073=ORIENTED_EDGE('',*,*,#2214,.F.);
#3074=ORIENTED_EDGE('',*,*,#2149,.F.);
#3075=ORIENTED_EDGE('',*,*,#2215,.T.);
#3076=ORIENTED_EDGE('',*,*,#2163,.F.);
#3077=ORIENTED_EDGE('',*,*,#2216,.F.);
#3078=ORIENTED_EDGE('',*,*,#2214,.T.);
#3079=ORIENTED_EDGE('',*,*,#2217,.T.);
#3080=ORIENTED_EDGE('',*,*,#2218,.T.);
#3081=ORIENTED_EDGE('',*,*,#2217,.F.);
#3082=ORIENTED_EDGE('',*,*,#2218,.F.);
#3083=ORIENTED_EDGE('',*,*,#2219,.T.);
#3084=ORIENTED_EDGE('',*,*,#2220,.T.);
#3085=ORIENTED_EDGE('',*,*,#2219,.F.);
#3086=ORIENTED_EDGE('',*,*,#2221,.T.);
#3087=ORIENTED_EDGE('',*,*,#2006,.T.);
#3088=ORIENTED_EDGE('',*,*,#2222,.T.);
#3089=ORIENTED_EDGE('',*,*,#2120,.F.);
#3090=ORIENTED_EDGE('',*,*,#2222,.F.);
#3091=ORIENTED_EDGE('',*,*,#2009,.F.);
#3092=ORIENTED_EDGE('',*,*,#2223,.F.);
#3093=ORIENTED_EDGE('',*,*,#2117,.F.);
#3094=ORIENTED_EDGE('',*,*,#1933,.T.);
#3095=ORIENTED_EDGE('',*,*,#1955,.T.);
#3096=ORIENTED_EDGE('',*,*,#1953,.T.);
#3097=ORIENTED_EDGE('',*,*,#1951,.T.);
#3098=ORIENTED_EDGE('',*,*,#1949,.T.);
#3099=ORIENTED_EDGE('',*,*,#1947,.T.);
#3100=ORIENTED_EDGE('',*,*,#1945,.T.);
#3101=ORIENTED_EDGE('',*,*,#1943,.T.);
#3102=ORIENTED_EDGE('',*,*,#1941,.T.);
#3103=ORIENTED_EDGE('',*,*,#1939,.T.);
#3104=ORIENTED_EDGE('',*,*,#1937,.T.);
#3105=ORIENTED_EDGE('',*,*,#1935,.T.);
#3106=ORIENTED_EDGE('',*,*,#2223,.T.);
#3107=ORIENTED_EDGE('',*,*,#2008,.T.);
#3108=ORIENTED_EDGE('',*,*,#2224,.T.);
#3109=ORIENTED_EDGE('',*,*,#2118,.F.);
#3110=ORIENTED_EDGE('',*,*,#2221,.F.);
#3111=ORIENTED_EDGE('',*,*,#2119,.F.);
#3112=ORIENTED_EDGE('',*,*,#2224,.F.);
#3113=ORIENTED_EDGE('',*,*,#2007,.F.);
#3114=ORIENTED_EDGE('',*,*,#2147,.F.);
#3115=ORIENTED_EDGE('',*,*,#2216,.T.);
#3116=ORIENTED_EDGE('',*,*,#2165,.F.);
#3117=ORIENTED_EDGE('',*,*,#2225,.T.);
#3118=ORIENTED_EDGE('',*,*,#2145,.F.);
#3119=ORIENTED_EDGE('',*,*,#2225,.F.);
#3120=ORIENTED_EDGE('',*,*,#2168,.F.);
#3121=ORIENTED_EDGE('',*,*,#2226,.F.);
#3122=ORIENTED_EDGE('',*,*,#2143,.F.);
#3123=ORIENTED_EDGE('',*,*,#2226,.T.);
#3124=ORIENTED_EDGE('',*,*,#2171,.F.);
#3125=ORIENTED_EDGE('',*,*,#2227,.T.);
#3126=ORIENTED_EDGE('',*,*,#2135,.F.);
#3127=ORIENTED_EDGE('',*,*,#2228,.T.);
#3128=ORIENTED_EDGE('',*,*,#2196,.F.);
#3129=ORIENTED_EDGE('',*,*,#2229,.T.);
#3130=ORIENTED_EDGE('',*,*,#2133,.F.);
#3131=ORIENTED_EDGE('',*,*,#2229,.F.);
#3132=ORIENTED_EDGE('',*,*,#2198,.F.);
#3133=ORIENTED_EDGE('',*,*,#2230,.F.);
#3134=ORIENTED_EDGE('',*,*,#2131,.F.);
#3135=ORIENTED_EDGE('',*,*,#2230,.T.);
#3136=ORIENTED_EDGE('',*,*,#2200,.F.);
#3137=ORIENTED_EDGE('',*,*,#2150,.T.);
#3138=ORIENTED_EDGE('',*,*,#2136,.F.);
#3139=ORIENTED_EDGE('',*,*,#2231,.T.);
#3140=ORIENTED_EDGE('',*,*,#2194,.F.);
#3141=ORIENTED_EDGE('',*,*,#2228,.F.);
#3142=ORIENTED_EDGE('',*,*,#2141,.F.);
#3143=ORIENTED_EDGE('',*,*,#2227,.F.);
#3144=ORIENTED_EDGE('',*,*,#2173,.F.);
#3145=ORIENTED_EDGE('',*,*,#2232,.T.);
#3146=ORIENTED_EDGE('',*,*,#2138,.F.);
#3147=ORIENTED_EDGE('',*,*,#2232,.F.);
#3148=ORIENTED_EDGE('',*,*,#2192,.F.);
#3149=ORIENTED_EDGE('',*,*,#2189,.F.);
#3150=ORIENTED_EDGE('',*,*,#2187,.F.);
#3151=ORIENTED_EDGE('',*,*,#2184,.F.);
#3152=ORIENTED_EDGE('',*,*,#2181,.F.);
#3153=ORIENTED_EDGE('',*,*,#2176,.F.);
#3154=ORIENTED_EDGE('',*,*,#2157,.F.);
#3155=ORIENTED_EDGE('',*,*,#2231,.F.);
#3156=ORIENTED_EDGE('',*,*,#2148,.F.);
#3157=ORIENTED_EDGE('',*,*,#2115,.F.);
#3158=ORIENTED_EDGE('',*,*,#2127,.F.);
#3159=ORIENTED_EDGE('',*,*,#2152,.F.);
#3160=ORIENTED_EDGE('',*,*,#2201,.F.);
#3161=ORIENTED_EDGE('',*,*,#2056,.F.);
#3162=ORIENTED_EDGE('',*,*,#2065,.F.);
#3163=ORIENTED_EDGE('',*,*,#2073,.T.);
#3164=ORIENTED_EDGE('',*,*,#2233,.F.);
#3165=ORIENTED_EDGE('',*,*,#2234,.T.);
#3166=ORIENTED_EDGE('',*,*,#2235,.F.);
#3167=ORIENTED_EDGE('',*,*,#2236,.T.);
#3168=ORIENTED_EDGE('',*,*,#2237,.F.);
#3169=ORIENTED_EDGE('',*,*,#2017,.T.);
#3170=ORIENTED_EDGE('',*,*,#2238,.F.);
#3171=ORIENTED_EDGE('',*,*,#2239,.T.);
#3172=ORIENTED_EDGE('',*,*,#2240,.F.);
#3173=ORIENTED_EDGE('',*,*,#2241,.T.);
#3174=ORIENTED_EDGE('',*,*,#2242,.F.);
#3175=ORIENTED_EDGE('',*,*,#2028,.T.);
#3176=ORIENTED_EDGE('',*,*,#2243,.F.);
#3177=ORIENTED_EDGE('',*,*,#2244,.T.);
#3178=ORIENTED_EDGE('',*,*,#2245,.F.);
#3179=ORIENTED_EDGE('',*,*,#2246,.T.);
#3180=ORIENTED_EDGE('',*,*,#2247,.F.);
#3181=ORIENTED_EDGE('',*,*,#2248,.T.);
#3182=ORIENTED_EDGE('',*,*,#2249,.F.);
#3183=ORIENTED_EDGE('',*,*,#2212,.F.);
#3184=ORIENTED_EDGE('',*,*,#2160,.F.);
#3185=ORIENTED_EDGE('',*,*,#2215,.F.);
#3186=ORIENTED_EDGE('',*,*,#2250,.T.);
#3187=ORIENTED_EDGE('',*,*,#2251,.T.);
#3188=ORIENTED_EDGE('',*,*,#2252,.T.);
#3189=ORIENTED_EDGE('',*,*,#2253,.T.);
#3190=ORIENTED_EDGE('',*,*,#2077,.T.);
#3191=ORIENTED_EDGE('',*,*,#2079,.F.);
#3192=ORIENTED_EDGE('',*,*,#2208,.F.);
#3193=ORIENTED_EDGE('',*,*,#2254,.F.);
#3194=ORIENTED_EDGE('',*,*,#2255,.F.);
#3195=ORIENTED_EDGE('',*,*,#2256,.F.);
#3196=ORIENTED_EDGE('',*,*,#2257,.T.);
#3197=ORIENTED_EDGE('',*,*,#2258,.F.);
#3198=ORIENTED_EDGE('',*,*,#2259,.T.);
#3199=ORIENTED_EDGE('',*,*,#2260,.F.);
#3200=ORIENTED_EDGE('',*,*,#2261,.T.);
#3201=ORIENTED_EDGE('',*,*,#2262,.F.);
#3202=ORIENTED_EDGE('',*,*,#2067,.T.);
#3203=ORIENTED_EDGE('',*,*,#2075,.F.);
#3204=ORIENTED_EDGE('',*,*,#2156,.F.);
#3205=ORIENTED_EDGE('',*,*,#2125,.F.);
#3206=ORIENTED_EDGE('',*,*,#2220,.F.);
#3207=ORIENTED_EDGE('',*,*,#2121,.F.);
#3208=ORIENTED_EDGE('',*,*,#2094,.F.);
#3209=ORIENTED_EDGE('',*,*,#2213,.T.);
#3210=ORIENTED_EDGE('',*,*,#2249,.T.);
#3211=ORIENTED_EDGE('',*,*,#2263,.T.);
#3212=ORIENTED_EDGE('',*,*,#2091,.F.);
#3213=ORIENTED_EDGE('',*,*,#2263,.F.);
#3214=ORIENTED_EDGE('',*,*,#2248,.F.);
#3215=ORIENTED_EDGE('',*,*,#2264,.F.);
#3216=ORIENTED_EDGE('',*,*,#2265,.F.);
#3217=ORIENTED_EDGE('',*,*,#2266,.F.);
#3218=ORIENTED_EDGE('',*,*,#2267,.F.);
#3219=ORIENTED_EDGE('',*,*,#2268,.F.);
#3220=ORIENTED_EDGE('',*,*,#2257,.F.);
#3221=ORIENTED_EDGE('',*,*,#2269,.F.);
#3222=ORIENTED_EDGE('',*,*,#2083,.F.);
#3223=ORIENTED_EDGE('',*,*,#2270,.T.);
#3224=ORIENTED_EDGE('',*,*,#2254,.T.);
#3225=ORIENTED_EDGE('',*,*,#2207,.T.);
#3226=ORIENTED_EDGE('',*,*,#2086,.F.);
#3227=ORIENTED_EDGE('',*,*,#2271,.F.);
#3228=ORIENTED_EDGE('',*,*,#2255,.T.);
#3229=ORIENTED_EDGE('',*,*,#2270,.F.);
#3230=ORIENTED_EDGE('',*,*,#2088,.F.);
#3231=ORIENTED_EDGE('',*,*,#2269,.T.);
#3232=ORIENTED_EDGE('',*,*,#2256,.T.);
#3233=ORIENTED_EDGE('',*,*,#2271,.T.);
#3234=ORIENTED_EDGE('',*,*,#2272,.T.);
#3235=ORIENTED_EDGE('',*,*,#2273,.T.);
#3236=ORIENTED_EDGE('',*,*,#2258,.T.);
#3237=ORIENTED_EDGE('',*,*,#2268,.T.);
#3238=ORIENTED_EDGE('',*,*,#2274,.T.);
#3239=ORIENTED_EDGE('',*,*,#2275,.T.);
#3240=ORIENTED_EDGE('',*,*,#2272,.F.);
#3241=ORIENTED_EDGE('',*,*,#2267,.T.);
#3242=ORIENTED_EDGE('',*,*,#2276,.T.);
#3243=ORIENTED_EDGE('',*,*,#2277,.T.);
#3244=ORIENTED_EDGE('',*,*,#2274,.F.);
#3245=ORIENTED_EDGE('',*,*,#2266,.T.);
#3246=ORIENTED_EDGE('',*,*,#2278,.T.);
#3247=ORIENTED_EDGE('',*,*,#2279,.T.);
#3248=ORIENTED_EDGE('',*,*,#2276,.F.);
#3249=ORIENTED_EDGE('',*,*,#2265,.T.);
#3250=ORIENTED_EDGE('',*,*,#2247,.T.);
#3251=ORIENTED_EDGE('',*,*,#2280,.T.);
#3252=ORIENTED_EDGE('',*,*,#2278,.F.);
#3253=ORIENTED_EDGE('',*,*,#2264,.T.);
#3254=ORIENTED_EDGE('',*,*,#2281,.T.);
#3255=ORIENTED_EDGE('',*,*,#2029,.T.);
#3256=ORIENTED_EDGE('',*,*,#2242,.T.);
#3257=ORIENTED_EDGE('',*,*,#2282,.T.);
#3258=ORIENTED_EDGE('',*,*,#2281,.F.);
#3259=ORIENTED_EDGE('',*,*,#2283,.T.);
#3260=ORIENTED_EDGE('',*,*,#2284,.T.);
#3261=ORIENTED_EDGE('',*,*,#2030,.T.);
#3262=ORIENTED_EDGE('',*,*,#2285,.T.);
#3263=ORIENTED_EDGE('',*,*,#2031,.T.);
#3264=ORIENTED_EDGE('',*,*,#2284,.F.);
#3265=ORIENTED_EDGE('',*,*,#2286,.T.);
#3266=ORIENTED_EDGE('',*,*,#2285,.F.);
#3267=ORIENTED_EDGE('',*,*,#2287,.T.);
#3268=ORIENTED_EDGE('',*,*,#2288,.T.);
#3269=ORIENTED_EDGE('',*,*,#2026,.T.);
#3270=ORIENTED_EDGE('',*,*,#2032,.T.);
#3271=ORIENTED_EDGE('',*,*,#2243,.T.);
#3272=ORIENTED_EDGE('',*,*,#2027,.T.);
#3273=ORIENTED_EDGE('',*,*,#2288,.F.);
#3274=ORIENTED_EDGE('',*,*,#2289,.T.);
#3275=ORIENTED_EDGE('',*,*,#2289,.F.);
#3276=ORIENTED_EDGE('',*,*,#2290,.F.);
#3277=ORIENTED_EDGE('',*,*,#2291,.F.);
#3278=ORIENTED_EDGE('',*,*,#2244,.F.);
#3279=ORIENTED_EDGE('',*,*,#2287,.F.);
#3280=ORIENTED_EDGE('',*,*,#2292,.T.);
#3281=ORIENTED_EDGE('',*,*,#2293,.F.);
#3282=ORIENTED_EDGE('',*,*,#2290,.T.);
#3283=ORIENTED_EDGE('',*,*,#2277,.F.);
#3284=ORIENTED_EDGE('',*,*,#2294,.F.);
#3285=ORIENTED_EDGE('',*,*,#2295,.F.);
#3286=ORIENTED_EDGE('',*,*,#2292,.F.);
#3287=ORIENTED_EDGE('',*,*,#2286,.F.);
#3288=ORIENTED_EDGE('',*,*,#2296,.F.);
#3289=ORIENTED_EDGE('',*,*,#2297,.F.);
#3290=ORIENTED_EDGE('',*,*,#2298,.F.);
#3291=ORIENTED_EDGE('',*,*,#2299,.F.);
#3292=ORIENTED_EDGE('',*,*,#2300,.F.);
#3293=ORIENTED_EDGE('',*,*,#2301,.F.);
#3294=ORIENTED_EDGE('',*,*,#2302,.F.);
#3295=ORIENTED_EDGE('',*,*,#2303,.F.);
#3296=ORIENTED_EDGE('',*,*,#2304,.F.);
#3297=ORIENTED_EDGE('',*,*,#2305,.F.);
#3298=ORIENTED_EDGE('',*,*,#2306,.F.);
#3299=ORIENTED_EDGE('',*,*,#2283,.F.);
#3300=ORIENTED_EDGE('',*,*,#2307,.T.);
#3301=ORIENTED_EDGE('',*,*,#2308,.T.);
#3302=ORIENTED_EDGE('',*,*,#2296,.T.);
#3303=ORIENTED_EDGE('',*,*,#2282,.F.);
#3304=ORIENTED_EDGE('',*,*,#2241,.F.);
#3305=ORIENTED_EDGE('',*,*,#2309,.F.);
#3306=ORIENTED_EDGE('',*,*,#2307,.F.);
#3307=ORIENTED_EDGE('',*,*,#2310,.T.);
#3308=ORIENTED_EDGE('',*,*,#2311,.T.);
#3309=ORIENTED_EDGE('',*,*,#2238,.T.);
#3310=ORIENTED_EDGE('',*,*,#2016,.T.);
#3311=ORIENTED_EDGE('',*,*,#2312,.T.);
#3312=ORIENTED_EDGE('',*,*,#2313,.T.);
#3313=ORIENTED_EDGE('',*,*,#2310,.F.);
#3314=ORIENTED_EDGE('',*,*,#2015,.T.);
#3315=ORIENTED_EDGE('',*,*,#2314,.T.);
#3316=ORIENTED_EDGE('',*,*,#2299,.T.);
#3317=ORIENTED_EDGE('',*,*,#2312,.F.);
#3318=ORIENTED_EDGE('',*,*,#2014,.T.);
#3319=ORIENTED_EDGE('',*,*,#2315,.T.);
#3320=ORIENTED_EDGE('',*,*,#2316,.T.);
#3321=ORIENTED_EDGE('',*,*,#2314,.F.);
#3322=ORIENTED_EDGE('',*,*,#2013,.T.);
#3323=ORIENTED_EDGE('',*,*,#2021,.T.);
#3324=ORIENTED_EDGE('',*,*,#2019,.T.);
#3325=ORIENTED_EDGE('',*,*,#2237,.T.);
#3326=ORIENTED_EDGE('',*,*,#2317,.T.);
#3327=ORIENTED_EDGE('',*,*,#2315,.F.);
#3328=ORIENTED_EDGE('',*,*,#2018,.T.);
#3329=ORIENTED_EDGE('',*,*,#2318,.T.);
#3330=ORIENTED_EDGE('',*,*,#2319,.T.);
#3331=ORIENTED_EDGE('',*,*,#2233,.T.);
#3332=ORIENTED_EDGE('',*,*,#2072,.T.);
#3333=ORIENTED_EDGE('',*,*,#2320,.T.);
#3334=ORIENTED_EDGE('',*,*,#2321,.T.);
#3335=ORIENTED_EDGE('',*,*,#2318,.F.);
#3336=ORIENTED_EDGE('',*,*,#2071,.T.);
#3337=ORIENTED_EDGE('',*,*,#2322,.T.);
#3338=ORIENTED_EDGE('',*,*,#2303,.T.);
#3339=ORIENTED_EDGE('',*,*,#2320,.F.);
#3340=ORIENTED_EDGE('',*,*,#2070,.T.);
#3341=ORIENTED_EDGE('',*,*,#2323,.T.);
#3342=ORIENTED_EDGE('',*,*,#2324,.T.);
#3343=ORIENTED_EDGE('',*,*,#2322,.F.);
#3344=ORIENTED_EDGE('',*,*,#2069,.T.);
#3345=ORIENTED_EDGE('',*,*,#2262,.T.);
#3346=ORIENTED_EDGE('',*,*,#2325,.T.);
#3347=ORIENTED_EDGE('',*,*,#2323,.F.);
#3348=ORIENTED_EDGE('',*,*,#2068,.T.);
#3349=ORIENTED_EDGE('',*,*,#2279,.F.);
#3350=ORIENTED_EDGE('',*,*,#2326,.T.);
#3351=ORIENTED_EDGE('',*,*,#2327,.T.);
#3352=ORIENTED_EDGE('',*,*,#2294,.T.);
#3353=ORIENTED_EDGE('',*,*,#2293,.T.);
#3354=ORIENTED_EDGE('',*,*,#2295,.T.);
#3355=ORIENTED_EDGE('',*,*,#2327,.F.);
#3356=ORIENTED_EDGE('',*,*,#2328,.T.);
#3357=ORIENTED_EDGE('',*,*,#2328,.F.);
#3358=ORIENTED_EDGE('',*,*,#2329,.T.);
#3359=ORIENTED_EDGE('',*,*,#2245,.T.);
#3360=ORIENTED_EDGE('',*,*,#2291,.T.);
#3361=ORIENTED_EDGE('',*,*,#2280,.F.);
#3362=ORIENTED_EDGE('',*,*,#2246,.F.);
#3363=ORIENTED_EDGE('',*,*,#2329,.F.);
#3364=ORIENTED_EDGE('',*,*,#2326,.F.);
#3365=ORIENTED_EDGE('',*,*,#2330,.T.);
#3366=ORIENTED_EDGE('',*,*,#2297,.T.);
#3367=ORIENTED_EDGE('',*,*,#2308,.F.);
#3368=ORIENTED_EDGE('',*,*,#2331,.T.);
#3369=ORIENTED_EDGE('',*,*,#2313,.F.);
#3370=ORIENTED_EDGE('',*,*,#2298,.T.);
#3371=ORIENTED_EDGE('',*,*,#2330,.F.);
#3372=ORIENTED_EDGE('',*,*,#2332,.T.);
#3373=ORIENTED_EDGE('',*,*,#2311,.F.);
#3374=ORIENTED_EDGE('',*,*,#2332,.F.);
#3375=ORIENTED_EDGE('',*,*,#2333,.F.);
#3376=ORIENTED_EDGE('',*,*,#2239,.F.);
#3377=ORIENTED_EDGE('',*,*,#2331,.F.);
#3378=ORIENTED_EDGE('',*,*,#2309,.T.);
#3379=ORIENTED_EDGE('',*,*,#2240,.T.);
#3380=ORIENTED_EDGE('',*,*,#2333,.T.);
#3381=ORIENTED_EDGE('',*,*,#2316,.F.);
#3382=ORIENTED_EDGE('',*,*,#2334,.T.);
#3383=ORIENTED_EDGE('',*,*,#2335,.T.);
#3384=ORIENTED_EDGE('',*,*,#2300,.T.);
#3385=ORIENTED_EDGE('',*,*,#2336,.T.);
#3386=ORIENTED_EDGE('',*,*,#2301,.T.);
#3387=ORIENTED_EDGE('',*,*,#2335,.F.);
#3388=ORIENTED_EDGE('',*,*,#2337,.T.);
#3389=ORIENTED_EDGE('',*,*,#2321,.F.);
#3390=ORIENTED_EDGE('',*,*,#2302,.T.);
#3391=ORIENTED_EDGE('',*,*,#2336,.F.);
#3392=ORIENTED_EDGE('',*,*,#2338,.T.);
#3393=ORIENTED_EDGE('',*,*,#2319,.F.);
#3394=ORIENTED_EDGE('',*,*,#2338,.F.);
#3395=ORIENTED_EDGE('',*,*,#2339,.F.);
#3396=ORIENTED_EDGE('',*,*,#2234,.F.);
#3397=ORIENTED_EDGE('',*,*,#2337,.F.);
#3398=ORIENTED_EDGE('',*,*,#2340,.T.);
#3399=ORIENTED_EDGE('',*,*,#2235,.T.);
#3400=ORIENTED_EDGE('',*,*,#2339,.T.);
#3401=ORIENTED_EDGE('',*,*,#2317,.F.);
#3402=ORIENTED_EDGE('',*,*,#2236,.F.);
#3403=ORIENTED_EDGE('',*,*,#2340,.F.);
#3404=ORIENTED_EDGE('',*,*,#2334,.F.);
#3405=ORIENTED_EDGE('',*,*,#2324,.F.);
#3406=ORIENTED_EDGE('',*,*,#2341,.T.);
#3407=ORIENTED_EDGE('',*,*,#2342,.T.);
#3408=ORIENTED_EDGE('',*,*,#2304,.T.);
#3409=ORIENTED_EDGE('',*,*,#2343,.T.);
#3410=ORIENTED_EDGE('',*,*,#2305,.T.);
#3411=ORIENTED_EDGE('',*,*,#2342,.F.);
#3412=ORIENTED_EDGE('',*,*,#2344,.T.);
#3413=ORIENTED_EDGE('',*,*,#2275,.F.);
#3414=ORIENTED_EDGE('',*,*,#2306,.T.);
#3415=ORIENTED_EDGE('',*,*,#2343,.F.);
#3416=ORIENTED_EDGE('',*,*,#2345,.T.);
#3417=ORIENTED_EDGE('',*,*,#2273,.F.);
#3418=ORIENTED_EDGE('',*,*,#2345,.F.);
#3419=ORIENTED_EDGE('',*,*,#2346,.F.);
#3420=ORIENTED_EDGE('',*,*,#2259,.F.);
#3421=ORIENTED_EDGE('',*,*,#2344,.F.);
#3422=ORIENTED_EDGE('',*,*,#2347,.T.);
#3423=ORIENTED_EDGE('',*,*,#2260,.T.);
#3424=ORIENTED_EDGE('',*,*,#2346,.T.);
#3425=ORIENTED_EDGE('',*,*,#2325,.F.);
#3426=ORIENTED_EDGE('',*,*,#2261,.F.);
#3427=ORIENTED_EDGE('',*,*,#2347,.F.);
#3428=ORIENTED_EDGE('',*,*,#2341,.F.);
#3429=ORIENTED_EDGE('',*,*,#2022,.F.);
#3430=ORIENTED_EDGE('',*,*,#2348,.T.);
#3431=ORIENTED_EDGE('',*,*,#2252,.F.);
#3432=ORIENTED_EDGE('',*,*,#2348,.F.);
#3433=ORIENTED_EDGE('',*,*,#2100,.F.);
#3434=ORIENTED_EDGE('',*,*,#2349,.T.);
#3435=ORIENTED_EDGE('',*,*,#2251,.F.);
#3436=ORIENTED_EDGE('',*,*,#2349,.F.);
#3437=ORIENTED_EDGE('',*,*,#2350,.F.);
#3438=ORIENTED_EDGE('',*,*,#2351,.T.);
#3439=ORIENTED_EDGE('',*,*,#2250,.F.);
#3440=ORIENTED_EDGE('',*,*,#2351,.F.);
#3441=ORIENTED_EDGE('',*,*,#2034,.F.);
#3442=ORIENTED_EDGE('',*,*,#2352,.T.);
#3443=ORIENTED_EDGE('',*,*,#2253,.F.);
#3444=ORIENTED_EDGE('',*,*,#2352,.F.);
#3445=ORIENTED_EDGE('',*,*,#2052,.F.);
#3446=ORIENTED_EDGE('',*,*,#2203,.T.);
#3447=ORIENTED_EDGE('',*,*,#2205,.T.);
#3448=ORIENTED_EDGE('',*,*,#2209,.F.);
#3449=ORIENTED_EDGE('',*,*,#2038,.F.);
#3450=ORIENTED_EDGE('',*,*,#2040,.F.);
#3451=ORIENTED_EDGE('',*,*,#2044,.F.);
#3452=ORIENTED_EDGE('',*,*,#2047,.F.);
#3453=ORIENTED_EDGE('',*,*,#2050,.F.);
#3454=ORIENTED_EDGE('',*,*,#2350,.T.);
#3455=PLANE('',#3750);
#3456=PLANE('',#3751);
#3457=PLANE('',#3752);
#3458=PLANE('',#3753);
#3459=PLANE('',#3754);
#3460=PLANE('',#3755);
#3461=PLANE('',#3756);
#3462=PLANE('',#3757);
#3463=PLANE('',#3758);
#3464=PLANE('',#3759);
#3465=PLANE('',#3760);
#3466=PLANE('',#3761);
#3467=PLANE('',#3762);
#3468=PLANE('',#3763);
#3469=PLANE('',#3770);
#3470=PLANE('',#3778);
#3471=PLANE('',#3783);
#3472=PLANE('',#3793);
#3473=PLANE('',#3794);
#3474=PLANE('',#3806);
#3475=PLANE('',#3812);
#3476=PLANE('',#3822);
#3477=PLANE('',#3828);
#3478=PLANE('',#3840);
#3479=PLANE('',#3843);
#3480=PLANE('',#3846);
#3481=PLANE('',#3847);
#3482=PLANE('',#3848);
#3483=PLANE('',#3851);
#3484=PLANE('',#3854);
#3485=PLANE('',#3855);
#3486=PLANE('',#3860);
#3487=PLANE('',#3861);
#3488=PLANE('',#3865);
#3489=PLANE('',#3869);
#3490=PLANE('',#3870);
#3491=PLANE('',#3874);
#3492=PLANE('',#3878);
#3493=PLANE('',#3879);
#3494=PLANE('',#3880);
#3495=PLANE('',#3883);
#3496=PLANE('',#3886);
#3497=PLANE('',#3887);
#3498=PLANE('',#3890);
#3499=PLANE('',#3892);
#3500=PLANE('',#3893);
#3501=PLANE('',#3895);
#3502=PLANE('',#3903);
#3503=PLANE('',#3905);
#3504=PLANE('',#3908);
#3505=PLANE('',#3910);
#3506=PLANE('',#3913);
#3507=PLANE('',#3915);
#3508=PLANE('',#3916);
#3509=PLANE('',#3917);
#3510=PLANE('',#3918);
#3511=PLANE('',#3940);
#3512=PLANE('',#3941);
#3513=PLANE('',#3946);
#3514=PLANE('',#3964);
#3515=PLANE('',#3967);
#3516=PLANE('',#3976);
#3517=PLANE('',#3996);
#3518=PLANE('',#4001);
#3519=PLANE('',#4009);
#3520=PLANE('',#4011);
#3521=PLANE('',#4018);
#3522=PLANE('',#4020);
#3523=PLANE('',#4026);
#3524=ADVANCED_FACE('',(#310),#3455,.T.);
#3525=ADVANCED_FACE('',(#311),#245,.T.);
#3526=ADVANCED_FACE('',(#312),#246,.T.);
#3527=ADVANCED_FACE('',(#313),#247,.T.);
#3528=ADVANCED_FACE('',(#314),#3456,.T.);
#3529=ADVANCED_FACE('',(#315),#248,.T.);
#3530=ADVANCED_FACE('',(#316),#249,.T.);
#3531=ADVANCED_FACE('',(#317),#250,.T.);
#3532=ADVANCED_FACE('',(#318),#251,.T.);
#3533=ADVANCED_FACE('',(#319),#252,.T.);
#3534=ADVANCED_FACE('',(#320),#253,.T.);
#3535=ADVANCED_FACE('',(#321),#254,.T.);
#3536=ADVANCED_FACE('',(#322),#255,.T.);
#3537=ADVANCED_FACE('',(#323),#256,.T.);
#3538=ADVANCED_FACE('',(#324),#257,.T.);
#3539=ADVANCED_FACE('',(#325),#258,.T.);
#3540=ADVANCED_FACE('',(#326),#259,.T.);
#3541=ADVANCED_FACE('',(#327),#260,.T.);
#3542=ADVANCED_FACE('',(#328),#261,.T.);
#3543=ADVANCED_FACE('',(#329),#262,.T.);
#3544=ADVANCED_FACE('',(#330),#263,.T.);
#3545=ADVANCED_FACE('',(#331),#264,.T.);
#3546=ADVANCED_FACE('',(#332),#265,.T.);
#3547=ADVANCED_FACE('',(#333),#266,.T.);
#3548=ADVANCED_FACE('',(#334),#3457,.T.);
#3549=ADVANCED_FACE('',(#335),#3458,.T.);
#3550=ADVANCED_FACE('',(#336),#267,.T.);
#3551=ADVANCED_FACE('',(#337),#268,.T.);
#3552=ADVANCED_FACE('',(#338),#269,.T.);
#3553=ADVANCED_FACE('',(#339),#3459,.T.);
#3554=ADVANCED_FACE('',(#340),#3460,.T.);
#3555=ADVANCED_FACE('',(#341),#270,.T.);
#3556=ADVANCED_FACE('',(#342,#226),#3461,.T.);
#3557=ADVANCED_FACE('',(#343),#271,.T.);
#3558=ADVANCED_FACE('',(#344),#272,.T.);
#3559=ADVANCED_FACE('',(#345),#273,.T.);
#3560=ADVANCED_FACE('',(#346),#274,.T.);
#3561=ADVANCED_FACE('',(#347),#275,.T.);
#3562=ADVANCED_FACE('',(#348),#276,.T.);
#3563=ADVANCED_FACE('',(#349),#3462,.T.);
#3564=ADVANCED_FACE('',(#350),#277,.T.);
#3565=ADVANCED_FACE('',(#351),#278,.T.);
#3566=ADVANCED_FACE('',(#352),#3463,.T.);
#3567=ADVANCED_FACE('',(#353),#3464,.T.);
#3568=ADVANCED_FACE('',(#354),#279,.T.);
#3569=ADVANCED_FACE('',(#355),#280,.T.);
#3570=ADVANCED_FACE('',(#356),#281,.T.);
#3571=ADVANCED_FACE('',(#357),#282,.T.);
#3572=ADVANCED_FACE('',(#358),#283,.T.);
#3573=ADVANCED_FACE('',(#359),#284,.T.);
#3574=ADVANCED_FACE('',(#360),#285,.T.);
#3575=ADVANCED_FACE('',(#361),#286,.T.);
#3576=ADVANCED_FACE('',(#362),#3465,.T.);
#3577=ADVANCED_FACE('',(#363),#287,.T.);
#3578=ADVANCED_FACE('',(#364),#288,.T.);
#3579=ADVANCED_FACE('',(#365),#289,.T.);
#3580=ADVANCED_FACE('',(#366),#290,.T.);
#3581=ADVANCED_FACE('',(#367),#291,.T.);
#3582=ADVANCED_FACE('',(#368),#292,.T.);
#3583=ADVANCED_FACE('',(#369),#293,.T.);
#3584=ADVANCED_FACE('',(#370),#294,.T.);
#3585=ADVANCED_FACE('',(#371),#295,.T.);
#3586=ADVANCED_FACE('',(#372),#296,.T.);
#3587=ADVANCED_FACE('',(#373),#297,.T.);
#3588=ADVANCED_FACE('',(#374),#298,.T.);
#3589=ADVANCED_FACE('',(#375),#3466,.T.);
#3590=ADVANCED_FACE('',(#376),#3467,.T.);
#3591=ADVANCED_FACE('',(#377),#299,.T.);
#3592=ADVANCED_FACE('',(#378),#300,.T.);
#3593=ADVANCED_FACE('',(#379),#301,.T.);
#3594=ADVANCED_FACE('',(#380,#227,#228),#3468,.T.);
#3595=ADVANCED_FACE('',(#381),#202,.T.);
#3596=ADVANCED_FACE('',(#382),#30,.T.);
#3597=ADVANCED_FACE('',(#383,#229),#3469,.F.);
#3598=ADVANCED_FACE('',(#384),#203,.T.);
#3599=ADVANCED_FACE('',(#385),#31,.T.);
#3600=ADVANCED_FACE('',(#386,#230),#3470,.F.);
#3601=ADVANCED_FACE('',(#387),#204,.F.);
#3602=ADVANCED_FACE('',(#388),#3471,.T.);
#3603=ADVANCED_FACE('',(#389),#205,.F.);
#3604=ADVANCED_FACE('',(#390),#206,.T.);
#3605=ADVANCED_FACE('',(#391),#207,.F.);
#3606=ADVANCED_FACE('',(#392),#3472,.T.);
#3607=ADVANCED_FACE('',(#393,#231),#3473,.T.);
#3608=ADVANCED_FACE('',(#394),#32,.F.);
#3609=ADVANCED_FACE('',(#395),#33,.T.);
#3610=ADVANCED_FACE('',(#396),#34,.F.);
#3611=ADVANCED_FACE('',(#397),#3474,.T.);
#3612=ADVANCED_FACE('',(#398),#35,.F.);
#3613=ADVANCED_FACE('',(#399),#208,.F.);
#3614=ADVANCED_FACE('',(#400),#3475,.T.);
#3615=ADVANCED_FACE('',(#401),#209,.F.);
#3616=ADVANCED_FACE('',(#402),#210,.T.);
#3617=ADVANCED_FACE('',(#403),#211,.F.);
#3618=ADVANCED_FACE('',(#404,#232),#3476,.T.);
#3619=ADVANCED_FACE('',(#405),#212,.F.);
#3620=ADVANCED_FACE('',(#406,#233,#234,#235),#3477,.T.);
#3621=ADVANCED_FACE('',(#407),#36,.F.);
#3622=ADVANCED_FACE('',(#408),#213,.F.);
#3623=ADVANCED_FACE('',(#409),#37,.F.);
#3624=ADVANCED_FACE('',(#410),#3478,.T.);
#3625=ADVANCED_FACE('',(#411),#214,.T.);
#3626=ADVANCED_FACE('',(#412),#3479,.T.);
#3627=ADVANCED_FACE('',(#413),#215,.T.);
#3628=ADVANCED_FACE('',(#414),#3480,.T.);
#3629=ADVANCED_FACE('',(#415),#3481,.T.);
#3630=ADVANCED_FACE('',(#416),#3482,.T.);
#3631=ADVANCED_FACE('',(#417),#216,.T.);
#3632=ADVANCED_FACE('',(#418),#3483,.T.);
#3633=ADVANCED_FACE('',(#419),#217,.T.);
#3634=ADVANCED_FACE('',(#420),#3484,.T.);
#3635=ADVANCED_FACE('',(#421),#3485,.T.);
#3636=ADVANCED_FACE('',(#422),#218,.F.);
#3637=ADVANCED_FACE('',(#423),#38,.F.);
#3638=ADVANCED_FACE('',(#424),#3486,.T.);
#3639=ADVANCED_FACE('',(#425),#3487,.T.);
#3640=ADVANCED_FACE('',(#426),#219,.T.);
#3641=ADVANCED_FACE('',(#427),#3488,.T.);
#3642=ADVANCED_FACE('',(#428),#220,.T.);
#3643=ADVANCED_FACE('',(#429),#3489,.T.);
#3644=ADVANCED_FACE('',(#430),#3490,.T.);
#3645=ADVANCED_FACE('',(#431),#221,.F.);
#3646=ADVANCED_FACE('',(#432),#3491,.T.);
#3647=ADVANCED_FACE('',(#433),#222,.F.);
#3648=ADVANCED_FACE('',(#434),#3492,.T.);
#3649=ADVANCED_FACE('',(#435),#3493,.T.);
#3650=ADVANCED_FACE('',(#436),#3494,.T.);
#3651=ADVANCED_FACE('',(#437),#223,.T.);
#3652=ADVANCED_FACE('',(#438),#3495,.T.);
#3653=ADVANCED_FACE('',(#439),#224,.T.);
#3654=ADVANCED_FACE('',(#440),#3496,.T.);
#3655=ADVANCED_FACE('',(#441),#3497,.T.);
#3656=ADVANCED_FACE('',(#442),#39,.F.);
#3657=ADVANCED_FACE('',(#443),#3498,.T.);
#3658=ADVANCED_FACE('',(#444),#40,.F.);
#3659=ADVANCED_FACE('',(#445),#3499,.T.);
#3660=ADVANCED_FACE('',(#446,#236),#3500,.T.);
#3661=ADVANCED_FACE('',(#447),#3501,.T.);
#3662=ADVANCED_FACE('',(#448),#225,.F.);
#3663=ADVANCED_FACE('',(#449),#41,.F.);
#3664=ADVANCED_FACE('',(#450),#42,.T.);
#3665=ADVANCED_FACE('',(#451),#3502,.T.);
#3666=ADVANCED_FACE('',(#452),#3503,.T.);
#3667=ADVANCED_FACE('',(#453),#43,.T.);
#3668=ADVANCED_FACE('',(#454),#3504,.T.);
#3669=ADVANCED_FACE('',(#455),#44,.T.);
#3670=ADVANCED_FACE('',(#456),#3505,.T.);
#3671=ADVANCED_FACE('',(#457),#45,.T.);
#3672=ADVANCED_FACE('',(#458),#46,.T.);
#3673=ADVANCED_FACE('',(#459),#3506,.T.);
#3674=ADVANCED_FACE('',(#460),#47,.T.);
#3675=ADVANCED_FACE('',(#461),#3507,.T.);
#3676=ADVANCED_FACE('',(#462),#3508,.T.);
#3677=ADVANCED_FACE('',(#463),#3509,.T.);
#3678=ADVANCED_FACE('',(#464,#237,#238,#239,#240,#241),#3510,.T.);
#3679=ADVANCED_FACE('',(#465,#242),#3511,.T.);
#3680=ADVANCED_FACE('',(#466,#243),#3512,.T.);
#3681=ADVANCED_FACE('',(#467),#48,.F.);
#3682=ADVANCED_FACE('',(#468),#49,.T.);
#3683=ADVANCED_FACE('',(#469),#50,.F.);
#3684=ADVANCED_FACE('',(#470),#3513,.T.);
#3685=ADVANCED_FACE('',(#471),#51,.F.);
#3686=ADVANCED_FACE('',(#472),#52,.F.);
#3687=ADVANCED_FACE('',(#473),#302,.T.);
#3688=ADVANCED_FACE('',(#474),#15,.F.);
#3689=ADVANCED_FACE('',(#475),#303,.T.);
#3690=ADVANCED_FACE('',(#476),#53,.F.);
#3691=ADVANCED_FACE('',(#477),#54,.F.);
#3692=ADVANCED_FACE('',(#478),#304,.T.);
#3693=ADVANCED_FACE('',(#479),#16,.F.);
#3694=ADVANCED_FACE('',(#480),#305,.T.);
#3695=ADVANCED_FACE('',(#481),#55,.F.);
#3696=ADVANCED_FACE('',(#482),#3514,.T.);
#3697=ADVANCED_FACE('',(#483),#56,.T.);
#3698=ADVANCED_FACE('',(#484),#3515,.F.);
#3699=ADVANCED_FACE('',(#485),#57,.T.);
#3700=ADVANCED_FACE('',(#486),#3516,.T.);
#3701=ADVANCED_FACE('',(#487),#58,.F.);
#3702=ADVANCED_FACE('',(#488),#306,.T.);
#3703=ADVANCED_FACE('',(#489),#17,.F.);
#3704=ADVANCED_FACE('',(#490),#307,.T.);
#3705=ADVANCED_FACE('',(#491),#59,.F.);
#3706=ADVANCED_FACE('',(#492),#60,.F.);
#3707=ADVANCED_FACE('',(#493),#308,.T.);
#3708=ADVANCED_FACE('',(#494),#18,.F.);
#3709=ADVANCED_FACE('',(#495),#309,.T.);
#3710=ADVANCED_FACE('',(#496),#61,.F.);
#3711=ADVANCED_FACE('',(#497),#62,.T.);
#3712=ADVANCED_FACE('',(#498),#19,.T.);
#3713=ADVANCED_FACE('',(#499),#63,.F.);
#3714=ADVANCED_FACE('',(#500),#3517,.T.);
#3715=ADVANCED_FACE('',(#501),#20,.T.);
#3716=ADVANCED_FACE('',(#502),#64,.T.);
#3717=ADVANCED_FACE('',(#503),#3518,.T.);
#3718=ADVANCED_FACE('',(#504),#65,.F.);
#3719=ADVANCED_FACE('',(#505),#66,.T.);
#3720=ADVANCED_FACE('',(#506),#21,.T.);
#3721=ADVANCED_FACE('',(#507),#67,.T.);
#3722=ADVANCED_FACE('',(#508),#3519,.T.);
#3723=ADVANCED_FACE('',(#509),#68,.F.);
#3724=ADVANCED_FACE('',(#510),#3520,.T.);
#3725=ADVANCED_FACE('',(#511),#69,.T.);
#3726=ADVANCED_FACE('',(#512),#22,.T.);
#3727=ADVANCED_FACE('',(#513),#70,.T.);
#3728=ADVANCED_FACE('',(#514),#3521,.T.);
#3729=ADVANCED_FACE('',(#515),#71,.F.);
#3730=ADVANCED_FACE('',(#516),#3522,.T.);
#3731=ADVANCED_FACE('',(#517),#72,.F.);
#3732=ADVANCED_FACE('',(#518),#73,.F.);
#3733=ADVANCED_FACE('',(#519),#74,.F.);
#3734=ADVANCED_FACE('',(#520),#75,.F.);
#3735=ADVANCED_FACE('',(#521,#244),#3523,.T.);
#3736=CLOSED_SHELL('',(#3524,#3525,#3526,#3527,#3528,#3529,#3530,#3531,
#3532,#3533,#3534,#3535,#3536,#3537,#3538,#3539,#3540,#3541,#3542,#3543,
#3544,#3545,#3546,#3547,#3548,#3549,#3550,#3551,#3552,#3553,#3554,#3555,
#3556,#3557,#3558,#3559,#3560,#3561,#3562,#3563,#3564,#3565,#3566,#3567,
#3568,#3569,#3570,#3571,#3572,#3573,#3574,#3575,#3576,#3577,#3578,#3579,
#3580,#3581,#3582,#3583,#3584,#3585,#3586,#3587,#3588,#3589,#3590,#3591,
#3592,#3593,#3594,#3595,#3596,#3597,#3598,#3599,#3600,#3601,#3602,#3603,
#3604,#3605,#3606,#3607,#3608,#3609,#3610,#3611,#3612,#3613,#3614,#3615,
#3616,#3617,#3618,#3619,#3620,#3621,#3622,#3623,#3624,#3625,#3626,#3627,
#3628,#3629,#3630,#3631,#3632,#3633,#3634,#3635,#3636,#3637,#3638,#3639,
#3640,#3641,#3642,#3643,#3644,#3645,#3646,#3647,#3648,#3649,#3650,#3651,
#3652,#3653,#3654,#3655,#3656,#3657,#3658,#3659,#3660,#3661,#3662,#3663,
#3664,#3665,#3666,#3667,#3668,#3669,#3670,#3671,#3672,#3673,#3674,#3675,
#3676,#3677,#3678,#3679,#3680,#3681,#3682,#3683,#3684,#3685,#3686,#3687,
#3688,#3689,#3690,#3691,#3692,#3693,#3694,#3695,#3696,#3697,#3698,#3699,
#3700,#3701,#3702,#3703,#3704,#3705,#3706,#3707,#3708,#3709,#3710,#3711,
#3712,#3713,#3714,#3715,#3716,#3717,#3718,#3719,#3720,#3721,#3722,#3723,
#3724,#3725,#3726,#3727,#3728,#3729,#3730,#3731,#3732,#3733,#3734,#3735));
#3737=DERIVED_UNIT_ELEMENT(#3739,1.);
#3738=DERIVED_UNIT_ELEMENT(#7590,-3.);
#3739=(
MASS_UNIT()
NAMED_UNIT(*)
SI_UNIT(.KILO.,.GRAM.)
);
#3740=DERIVED_UNIT((#3737,#3738));
#3741=MEASURE_REPRESENTATION_ITEM('density measure',
POSITIVE_RATIO_MEASURE(7850.),#3740);
#3742=PROPERTY_DEFINITION_REPRESENTATION(#3747,#3744);
#3743=PROPERTY_DEFINITION_REPRESENTATION(#3748,#3745);
#3744=REPRESENTATION('material name',(#3746),#7587);
#3745=REPRESENTATION('density',(#3741),#7587);
#3746=DESCRIPTIVE_REPRESENTATION_ITEM('Steel','Steel');
#3747=PROPERTY_DEFINITION('material property','material name',#7597);
#3748=PROPERTY_DEFINITION('material property','density of part',#7597);
#3749=AXIS2_PLACEMENT_3D('',#4868,#4027,#4028);
#3750=AXIS2_PLACEMENT_3D('',#4869,#4029,#4030);
#3751=AXIS2_PLACEMENT_3D('',#5089,#4040,#4041);
#3752=AXIS2_PLACEMENT_3D('',#5416,#4063,#4064);
#3753=AXIS2_PLACEMENT_3D('',#5420,#4067,#4068);
#3754=AXIS2_PLACEMENT_3D('',#5475,#4074,#4075);
#3755=AXIS2_PLACEMENT_3D('',#5479,#4078,#4079);
#3756=AXIS2_PLACEMENT_3D('',#5498,#4082,#4083);
#3757=AXIS2_PLACEMENT_3D('',#5801,#4097,#4098);
#3758=AXIS2_PLACEMENT_3D('',#5839,#4103,#4104);
#3759=AXIS2_PLACEMENT_3D('',#5843,#4107,#4108);
#3760=AXIS2_PLACEMENT_3D('',#5983,#4119,#4120);
#3761=AXIS2_PLACEMENT_3D('',#6191,#4135,#4136);
#3762=AXIS2_PLACEMENT_3D('',#6195,#4139,#4140);
#3763=AXIS2_PLACEMENT_3D('',#6248,#4145,#4146);
#3764=AXIS2_PLACEMENT_3D('',#6257,#4151,#4152);
#3765=AXIS2_PLACEMENT_3D('',#6259,#4153,#4154);
#3766=AXIS2_PLACEMENT_3D('',#6262,#4156,#4157);
#3767=AXIS2_PLACEMENT_3D('',#6263,#4158,#4159);
#3768=AXIS2_PLACEMENT_3D('',#6273,#4160,#4161);
#3769=AXIS2_PLACEMENT_3D('',#6286,#4163,#4164);
#3770=AXIS2_PLACEMENT_3D('',#6301,#4167,#4168);
#3771=AXIS2_PLACEMENT_3D('',#6303,#4169,#4170);
#3772=AXIS2_PLACEMENT_3D('',#6304,#4171,#4172);
#3773=AXIS2_PLACEMENT_3D('',#6306,#4173,#4174);
#3774=AXIS2_PLACEMENT_3D('',#6309,#4176,#4177);
#3775=AXIS2_PLACEMENT_3D('',#6310,#4178,#4179);
#3776=AXIS2_PLACEMENT_3D('',#6321,#4181,#4182);
#3777=AXIS2_PLACEMENT_3D('',#6334,#4184,#4185);
#3778=AXIS2_PLACEMENT_3D('',#6342,#4187,#4188);
#3779=AXIS2_PLACEMENT_3D('',#6344,#4189,#4190);
#3780=AXIS2_PLACEMENT_3D('',#6345,#4191,#4192);
#3781=AXIS2_PLACEMENT_3D('',#6352,#4193,#4194);
#3782=AXIS2_PLACEMENT_3D('',#6355,#4196,#4197);
#3783=AXIS2_PLACEMENT_3D('',#6356,#4198,#4199);
#3784=AXIS2_PLACEMENT_3D('',#6362,#4203,#4204);
#3785=AXIS2_PLACEMENT_3D('',#6364,#4205,#4206);
#3786=AXIS2_PLACEMENT_3D('',#6367,#4208,#4209);
#3787=AXIS2_PLACEMENT_3D('',#6368,#4210,#4211);
#3788=AXIS2_PLACEMENT_3D('',#6370,#4212,#4213);
#3789=AXIS2_PLACEMENT_3D('',#6373,#4215,#4216);
#3790=AXIS2_PLACEMENT_3D('',#6374,#4217,#4218);
#3791=AXIS2_PLACEMENT_3D('',#6376,#4219,#4220);
#3792=AXIS2_PLACEMENT_3D('',#6379,#4222,#4223);
#3793=AXIS2_PLACEMENT_3D('',#6380,#4224,#4225);
#3794=AXIS2_PLACEMENT_3D('',#6386,#4229,#4230);
#3795=AXIS2_PLACEMENT_3D('',#6396,#4235,#4236);
#3796=AXIS2_PLACEMENT_3D('',#6400,#4238,#4239);
#3797=AXIS2_PLACEMENT_3D('',#6405,#4242,#4243);
#3798=AXIS2_PLACEMENT_3D('',#6406,#4244,#4245);
#3799=AXIS2_PLACEMENT_3D('',#6409,#4247,#4248);
#3800=AXIS2_PLACEMENT_3D('',#6410,#4249,#4250);
#3801=AXIS2_PLACEMENT_3D('',#6414,#4252,#4253);
#3802=AXIS2_PLACEMENT_3D('',#6427,#4255,#4256);
#3803=AXIS2_PLACEMENT_3D('',#6438,#4258,#4259);
#3804=AXIS2_PLACEMENT_3D('',#6439,#4260,#4261);
#3805=AXIS2_PLACEMENT_3D('',#6442,#4263,#4264);
#3806=AXIS2_PLACEMENT_3D('',#6443,#4265,#4266);
#3807=AXIS2_PLACEMENT_3D('',#6447,#4269,#4270);
#3808=AXIS2_PLACEMENT_3D('',#6450,#4272,#4273);
#3809=AXIS2_PLACEMENT_3D('',#6451,#4274,#4275);
#3810=AXIS2_PLACEMENT_3D('',#6458,#4276,#4277);
#3811=AXIS2_PLACEMENT_3D('',#6461,#4279,#4280);
#3812=AXIS2_PLACEMENT_3D('',#6462,#4281,#4282);
#3813=AXIS2_PLACEMENT_3D('',#6468,#4286,#4287);
#3814=AXIS2_PLACEMENT_3D('',#6472,#4289,#4290);
#3815=AXIS2_PLACEMENT_3D('',#6473,#4291,#4292);
#3816=AXIS2_PLACEMENT_3D('',#6474,#4293,#4294);
#3817=AXIS2_PLACEMENT_3D('',#6478,#4296,#4297);
#3818=AXIS2_PLACEMENT_3D('',#6479,#4298,#4299);
#3819=AXIS2_PLACEMENT_3D('',#6480,#4300,#4301);
#3820=AXIS2_PLACEMENT_3D('',#6486,#4302,#4303);
#3821=AXIS2_PLACEMENT_3D('',#6487,#4304,#4305);
#3822=AXIS2_PLACEMENT_3D('',#6488,#4306,#4307);
#3823=AXIS2_PLACEMENT_3D('',#6492,#4309,#4310);
#3824=AXIS2_PLACEMENT_3D('',#6497,#4313,#4314);
#3825=AXIS2_PLACEMENT_3D('',#6498,#4315,#4316);
#3826=AXIS2_PLACEMENT_3D('',#6500,#4317,#4318);
#3827=AXIS2_PLACEMENT_3D('',#6503,#4320,#4321);
#3828=AXIS2_PLACEMENT_3D('',#6504,#4322,#4323);
#3829=AXIS2_PLACEMENT_3D('',#6509,#4325,#4326);
#3830=AXIS2_PLACEMENT_3D('',#6513,#4328,#4329);
#3831=AXIS2_PLACEMENT_3D('',#6521,#4333,#4334);
#3832=AXIS2_PLACEMENT_3D('',#6525,#4336,#4337);
#3833=AXIS2_PLACEMENT_3D('',#6530,#4340,#4341);
#3834=AXIS2_PLACEMENT_3D('',#6539,#4346,#4347);
#3835=AXIS2_PLACEMENT_3D('',#6541,#4348,#4349);
#3836=AXIS2_PLACEMENT_3D('',#6543,#4351,#4352);
#3837=AXIS2_PLACEMENT_3D('',#6546,#4354,#4355);
#3838=AXIS2_PLACEMENT_3D('',#6547,#4356,#4357);
#3839=AXIS2_PLACEMENT_3D('',#6549,#4358,#4359);
#3840=AXIS2_PLACEMENT_3D('',#6551,#4361,#4362);
#3841=AXIS2_PLACEMENT_3D('',#6557,#4366,#4367);
#3842=AXIS2_PLACEMENT_3D('',#6560,#4369,#4370);
#3843=AXIS2_PLACEMENT_3D('',#6561,#4371,#4372);
#3844=AXIS2_PLACEMENT_3D('',#6565,#4375,#4376);
#3845=AXIS2_PLACEMENT_3D('',#6568,#4378,#4379);
#3846=AXIS2_PLACEMENT_3D('',#6569,#4380,#4381);
#3847=AXIS2_PLACEMENT_3D('',#6573,#4384,#4385);
#3848=AXIS2_PLACEMENT_3D('',#6577,#4388,#4389);
#3849=AXIS2_PLACEMENT_3D('',#6581,#4392,#4393);
#3850=AXIS2_PLACEMENT_3D('',#6584,#4395,#4396);
#3851=AXIS2_PLACEMENT_3D('',#6585,#4397,#4398);
#3852=AXIS2_PLACEMENT_3D('',#6589,#4401,#4402);
#3853=AXIS2_PLACEMENT_3D('',#6592,#4404,#4405);
#3854=AXIS2_PLACEMENT_3D('',#6593,#4406,#4407);
#3855=AXIS2_PLACEMENT_3D('',#6597,#4410,#4411);
#3856=AXIS2_PLACEMENT_3D('',#6603,#4415,#4416);
#3857=AXIS2_PLACEMENT_3D('',#6606,#4418,#4419);
#3858=AXIS2_PLACEMENT_3D('',#6607,#4420,#4421);
#3859=AXIS2_PLACEMENT_3D('',#6610,#4423,#4424);
#3860=AXIS2_PLACEMENT_3D('',#6611,#4425,#4426);
#3861=AXIS2_PLACEMENT_3D('',#6617,#4430,#4431);
#3862=AXIS2_PLACEMENT_3D('',#6626,#4436,#4437);
#3863=AXIS2_PLACEMENT_3D('',#6630,#4439,#4440);
#3864=AXIS2_PLACEMENT_3D('',#6631,#4441,#4442);
#3865=AXIS2_PLACEMENT_3D('',#6632,#4443,#4444);
#3866=AXIS2_PLACEMENT_3D('',#6638,#4448,#4449);
#3867=AXIS2_PLACEMENT_3D('',#6642,#4451,#4452);
#3868=AXIS2_PLACEMENT_3D('',#6643,#4453,#4454);
#3869=AXIS2_PLACEMENT_3D('',#6644,#4455,#4456);
#3870=AXIS2_PLACEMENT_3D('',#6650,#4460,#4461);
#3871=AXIS2_PLACEMENT_3D('',#6656,#4465,#4466);
#3872=AXIS2_PLACEMENT_3D('',#6660,#4468,#4469);
#3873=AXIS2_PLACEMENT_3D('',#6661,#4470,#4471);
#3874=AXIS2_PLACEMENT_3D('',#6662,#4472,#4473);
#3875=AXIS2_PLACEMENT_3D('',#6668,#4477,#4478);
#3876=AXIS2_PLACEMENT_3D('',#6672,#4480,#4481);
#3877=AXIS2_PLACEMENT_3D('',#6673,#4482,#4483);
#3878=AXIS2_PLACEMENT_3D('',#6674,#4484,#4485);
#3879=AXIS2_PLACEMENT_3D('',#6680,#4489,#4490);
#3880=AXIS2_PLACEMENT_3D('',#6683,#4493,#4494);
#3881=AXIS2_PLACEMENT_3D('',#6687,#4497,#4498);
#3882=AXIS2_PLACEMENT_3D('',#6690,#4500,#4501);
#3883=AXIS2_PLACEMENT_3D('',#6691,#4502,#4503);
#3884=AXIS2_PLACEMENT_3D('',#6695,#4506,#4507);
#3885=AXIS2_PLACEMENT_3D('',#6697,#4509,#4510);
#3886=AXIS2_PLACEMENT_3D('',#6698,#4511,#4512);
#3887=AXIS2_PLACEMENT_3D('',#6700,#4514,#4515);
#3888=AXIS2_PLACEMENT_3D('',#6704,#4518,#4519);
#3889=AXIS2_PLACEMENT_3D('',#6707,#4521,#4522);
#3890=AXIS2_PLACEMENT_3D('',#6708,#4523,#4524);
#3891=AXIS2_PLACEMENT_3D('',#6714,#4529,#4530);
#3892=AXIS2_PLACEMENT_3D('',#6716,#4532,#4533);
#3893=AXIS2_PLACEMENT_3D('',#6718,#4535,#4536);
#3894=AXIS2_PLACEMENT_3D('',#6723,#4539,#4540);
#3895=AXIS2_PLACEMENT_3D('',#6724,#4541,#4542);
#3896=AXIS2_PLACEMENT_3D('',#6727,#4545,#4546);
#3897=AXIS2_PLACEMENT_3D('',#6730,#4548,#4549);
#3898=AXIS2_PLACEMENT_3D('',#6731,#4550,#4551);
#3899=AXIS2_PLACEMENT_3D('',#6734,#4553,#4554);
#3900=AXIS2_PLACEMENT_3D('',#6735,#4555,#4556);
#3901=AXIS2_PLACEMENT_3D('',#6736,#4557,#4558);
#3902=AXIS2_PLACEMENT_3D('',#6737,#4559,#4560);
#3903=AXIS2_PLACEMENT_3D('',#6738,#4561,#4562);
#3904=AXIS2_PLACEMENT_3D('',#6739,#4563,#4564);
#3905=AXIS2_PLACEMENT_3D('',#6740,#4565,#4566);
#3906=AXIS2_PLACEMENT_3D('',#6741,#4567,#4568);
#3907=AXIS2_PLACEMENT_3D('',#6742,#4569,#4570);
#3908=AXIS2_PLACEMENT_3D('',#6743,#4571,#4572);
#3909=AXIS2_PLACEMENT_3D('',#6744,#4573,#4574);
#3910=AXIS2_PLACEMENT_3D('',#6746,#4576,#4577);
#3911=AXIS2_PLACEMENT_3D('',#6748,#4579,#4580);
#3912=AXIS2_PLACEMENT_3D('',#6750,#4582,#4583);
#3913=AXIS2_PLACEMENT_3D('',#6753,#4586,#4587);
#3914=AXIS2_PLACEMENT_3D('',#6755,#4589,#4590);
#3915=AXIS2_PLACEMENT_3D('',#6756,#4591,#4592);
#3916=AXIS2_PLACEMENT_3D('',#6758,#4594,#4595);
#3917=AXIS2_PLACEMENT_3D('',#6760,#4597,#4598);
#3918=AXIS2_PLACEMENT_3D('',#6761,#4599,#4600);
#3919=AXIS2_PLACEMENT_3D('',#6763,#4601,#4602);
#3920=AXIS2_PLACEMENT_3D('',#6767,#4604,#4605);
#3921=AXIS2_PLACEMENT_3D('',#6770,#4607,#4608);
#3922=AXIS2_PLACEMENT_3D('',#6772,#4609,#4610);
#3923=AXIS2_PLACEMENT_3D('',#6776,#4612,#4613);
#3924=AXIS2_PLACEMENT_3D('',#6779,#4615,#4616);
#3925=AXIS2_PLACEMENT_3D('',#6781,#4617,#4618);
#3926=AXIS2_PLACEMENT_3D('',#6785,#4620,#4621);
#3927=AXIS2_PLACEMENT_3D('',#6789,#4623,#4624);
#3928=AXIS2_PLACEMENT_3D('',#6791,#4625,#4626);
#3929=AXIS2_PLACEMENT_3D('',#6792,#4627,#4628);
#3930=AXIS2_PLACEMENT_3D('',#6794,#4629,#4630);
#3931=AXIS2_PLACEMENT_3D('',#6796,#4631,#4632);
#3932=AXIS2_PLACEMENT_3D('',#6798,#4633,#4634);
#3933=AXIS2_PLACEMENT_3D('',#6800,#4635,#4636);
#3934=AXIS2_PLACEMENT_3D('',#6802,#4637,#4638);
#3935=AXIS2_PLACEMENT_3D('',#6806,#4640,#4641);
#3936=AXIS2_PLACEMENT_3D('',#6808,#4642,#4643);
#3937=AXIS2_PLACEMENT_3D('',#6810,#4644,#4645);
#3938=AXIS2_PLACEMENT_3D('',#6814,#4647,#4648);
#3939=AXIS2_PLACEMENT_3D('',#6817,#4650,#4651);
#3940=AXIS2_PLACEMENT_3D('',#6818,#4652,#4653);
#3941=AXIS2_PLACEMENT_3D('',#6819,#4654,#4655);
#3942=AXIS2_PLACEMENT_3D('',#6820,#4656,#4657);
#3943=AXIS2_PLACEMENT_3D('',#6822,#4659,#4660);
#3944=AXIS2_PLACEMENT_3D('',#6835,#4662,#4663);
#3945=AXIS2_PLACEMENT_3D('',#6846,#4666,#4667);
#3946=AXIS2_PLACEMENT_3D('',#6848,#4669,#4670);
#3947=AXIS2_PLACEMENT_3D('',#6850,#4672,#4673);
#3948=AXIS2_PLACEMENT_3D('',#6851,#4674,#4675);
#3949=AXIS2_PLACEMENT_3D('',#6853,#4676,#4677);
#3950=AXIS2_PLACEMENT_3D('',#6891,#4679,#4680);
#3951=AXIS2_PLACEMENT_3D('',#6899,#4681,#4682);
#3952=AXIS2_PLACEMENT_3D('',#6901,#4683,#4684);
#3953=AXIS2_PLACEMENT_3D('',#6902,#4685,#4686);
#3954=AXIS2_PLACEMENT_3D('',#6944,#4687,#4688);
#3955=AXIS2_PLACEMENT_3D('',#6997,#4689,#4690);
#3956=AXIS2_PLACEMENT_3D('',#6999,#4692,#4693);
#3957=AXIS2_PLACEMENT_3D('',#7001,#4694,#4695);
#3958=AXIS2_PLACEMENT_3D('',#7096,#4697,#4698);
#3959=AXIS2_PLACEMENT_3D('',#7097,#4699,#4700);
#3960=AXIS2_PLACEMENT_3D('',#7099,#4701,#4702);
#3961=AXIS2_PLACEMENT_3D('',#7100,#4703,#4704);
#3962=AXIS2_PLACEMENT_3D('',#7144,#4705,#4706);
#3963=AXIS2_PLACEMENT_3D('',#7145,#4707,#4708);
#3964=AXIS2_PLACEMENT_3D('',#7147,#4710,#4711);
#3965=AXIS2_PLACEMENT_3D('',#7151,#4714,#4715);
#3966=AXIS2_PLACEMENT_3D('',#7154,#4717,#4718);
#3967=AXIS2_PLACEMENT_3D('',#7155,#4719,#4720);
#3968=AXIS2_PLACEMENT_3D('',#7158,#4722,#4723);
#3969=AXIS2_PLACEMENT_3D('',#7162,#4725,#4726);
#3970=AXIS2_PLACEMENT_3D('',#7166,#4728,#4729);
#3971=AXIS2_PLACEMENT_3D('',#7170,#4731,#4732);
#3972=AXIS2_PLACEMENT_3D('',#7174,#4734,#4735);
#3973=AXIS2_PLACEMENT_3D('',#7178,#4737,#4738);
#3974=AXIS2_PLACEMENT_3D('',#7180,#4740,#4741);
#3975=AXIS2_PLACEMENT_3D('',#7183,#4743,#4744);
#3976=AXIS2_PLACEMENT_3D('',#7184,#4745,#4746);
#3977=AXIS2_PLACEMENT_3D('',#7186,#4748,#4749);
#3978=AXIS2_PLACEMENT_3D('',#7188,#4750,#4751);
#3979=AXIS2_PLACEMENT_3D('',#7230,#4753,#4754);
#3980=AXIS2_PLACEMENT_3D('',#7283,#4755,#4756);
#3981=AXIS2_PLACEMENT_3D('',#7284,#4757,#4758);
#3982=AXIS2_PLACEMENT_3D('',#7326,#4759,#4760);
#3983=AXIS2_PLACEMENT_3D('',#7379,#4761,#4762);
#3984=AXIS2_PLACEMENT_3D('',#7381,#4764,#4765);
#3985=AXIS2_PLACEMENT_3D('',#7383,#4766,#4767);
#3986=AXIS2_PLACEMENT_3D('',#7420,#4769,#4770);
#3987=AXIS2_PLACEMENT_3D('',#7428,#4771,#4772);
#3988=AXIS2_PLACEMENT_3D('',#7429,#4773,#4774);
#3989=AXIS2_PLACEMENT_3D('',#7471,#4775,#4776);
#3990=AXIS2_PLACEMENT_3D('',#7524,#4777,#4778);
#3991=AXIS2_PLACEMENT_3D('',#7526,#4780,#4781);
#3992=AXIS2_PLACEMENT_3D('',#7529,#4783,#4784);
#3993=AXIS2_PLACEMENT_3D('',#7530,#4785,#4786);
#3994=AXIS2_PLACEMENT_3D('',#7531,#4787,#4788);
#3995=AXIS2_PLACEMENT_3D('',#7532,#4789,#4790);
#3996=AXIS2_PLACEMENT_3D('',#7534,#4792,#4793);
#3997=AXIS2_PLACEMENT_3D('',#7535,#4794,#4795);
#3998=AXIS2_PLACEMENT_3D('',#7537,#4796,#4797);
#3999=AXIS2_PLACEMENT_3D('',#7538,#4798,#4799);
#4000=AXIS2_PLACEMENT_3D('',#7539,#4800,#4801);
#4001=AXIS2_PLACEMENT_3D('',#7541,#4803,#4804);
#4002=AXIS2_PLACEMENT_3D('',#7543,#4806,#4807);
#4003=AXIS2_PLACEMENT_3D('',#7544,#4808,#4809);
#4004=AXIS2_PLACEMENT_3D('',#7547,#4811,#4812);
#4005=AXIS2_PLACEMENT_3D('',#7548,#4813,#4814);
#4006=AXIS2_PLACEMENT_3D('',#7550,#4815,#4816);
#4007=AXIS2_PLACEMENT_3D('',#7551,#4817,#4818);
#4008=AXIS2_PLACEMENT_3D('',#7552,#4819,#4820);
#4009=AXIS2_PLACEMENT_3D('',#7554,#4822,#4823);
#4010=AXIS2_PLACEMENT_3D('',#7556,#4825,#4826);
#4011=AXIS2_PLACEMENT_3D('',#7558,#4828,#4829);
#4012=AXIS2_PLACEMENT_3D('',#7559,#4830,#4831);
#4013=AXIS2_PLACEMENT_3D('',#7562,#4833,#4834);
#4014=AXIS2_PLACEMENT_3D('',#7563,#4835,#4836);
#4015=AXIS2_PLACEMENT_3D('',#7565,#4837,#4838);
#4016=AXIS2_PLACEMENT_3D('',#7566,#4839,#4840);
#4017=AXIS2_PLACEMENT_3D('',#7567,#4841,#4842);
#4018=AXIS2_PLACEMENT_3D('',#7569,#4844,#4845);
#4019=AXIS2_PLACEMENT_3D('',#7571,#4847,#4848);
#4020=AXIS2_PLACEMENT_3D('',#7573,#4850,#4851);
#4021=AXIS2_PLACEMENT_3D('',#7574,#4852,#4853);
#4022=AXIS2_PLACEMENT_3D('',#7576,#4855,#4856);
#4023=AXIS2_PLACEMENT_3D('',#7578,#4858,#4859);
#4024=AXIS2_PLACEMENT_3D('',#7580,#4860,#4861);
#4025=AXIS2_PLACEMENT_3D('',#7582,#4863,#4864);
#4026=AXIS2_PLACEMENT_3D('',#7584,#4866,#4867);
#4027=DIRECTION('axis',(0.,0.,1.));
#4028=DIRECTION('refdir',(1.,0.,0.));
#4029=DIRECTION('center_axis',(-3.03923552991137E-15,1.,-2.99319528911002E-14));
#4030=DIRECTION('ref_axis',(-1.30685728631857E-15,2.99319528911002E-14,
1.));
#4031=DIRECTION('',(-0.999818658155974,0.,0.0190433926386161));
#4032=DIRECTION('',(-0.998812272580987,0.,-0.048724163836884));
#4033=DIRECTION('',(-0.999783042796771,0.,-0.0208294823754886));
#4034=DIRECTION('',(0.999987245615836,0.,0.00505060448401433));
#4035=DIRECTION('',(1.,0.,5.49718584236246E-15));
#4036=DIRECTION('',(-3.03923552991137E-15,1.,-2.99319528911002E-14));
#4037=DIRECTION('',(-3.03923552991137E-15,1.,-2.99319528911002E-14));
#4038=DIRECTION('',(-3.03923552991137E-15,1.,-2.99319528911002E-14));
#4039=DIRECTION('',(-3.03923552991137E-15,1.,-2.99319528911002E-14));
#4040=DIRECTION('center_axis',(-0.0190433926386161,-2.99844023310849E-14,
-0.999818658155974));
#4041=DIRECTION('ref_axis',(-0.999818658155974,0.,0.0190433926386161));
#4042=DIRECTION('',(-0.999818658155974,-2.46867845799016E-15,0.0190433926386161));
#4043=DIRECTION('',(-3.03923552991137E-15,1.,-2.99319528911002E-14));
#4044=DIRECTION('',(-3.03923552991137E-15,1.,-2.99319528911002E-14));
#4045=DIRECTION('',(-3.03923552991137E-15,1.,-2.99319528911002E-14));
#4046=DIRECTION('',(-3.03923552991137E-15,1.,-2.99319528911002E-14));
#4047=DIRECTION('',(-3.03923552991137E-15,1.,-2.99319528911002E-14));
#4048=DIRECTION('',(-3.03923552991137E-15,1.,-2.99319528911002E-14));
#4049=DIRECTION('',(-3.03923552991137E-15,1.,-2.99319528911002E-14));
#4050=DIRECTION('',(-3.03923552991137E-15,1.,-2.99319528911002E-14));
#4051=DIRECTION('',(-3.03923552991137E-15,1.,-2.99319528911002E-14));
#4052=DIRECTION('',(-3.03923552991137E-15,1.,-2.99319528911002E-14));
#4053=DIRECTION('',(-3.03923552991137E-15,1.,-2.99319528911002E-14));
#4054=DIRECTION('',(-3.03923552991137E-15,1.,-2.99319528911002E-14));
#4055=DIRECTION('',(-3.03923552991137E-15,1.,-2.99319528911002E-14));
#4056=DIRECTION('',(-3.03923552991137E-15,1.,-2.99319528911002E-14));
#4057=DIRECTION('',(-3.03923552991137E-15,1.,-2.99319528911002E-14));
#4058=DIRECTION('',(-3.03923552991137E-15,1.,-2.99319528911002E-14));
#4059=DIRECTION('',(-3.03923552991137E-15,1.,-2.99319528911002E-14));
#4060=DIRECTION('',(-3.03923552991137E-15,1.,-2.99319528911002E-14));
#4061=DIRECTION('',(-3.03923552991137E-15,1.,-2.99319528911002E-14));
#4062=DIRECTION('',(-3.03923552991137E-15,1.,-2.99319528911002E-14));
#4063=DIRECTION('center_axis',(0.048724163836884,-2.97483176800486E-14,
-0.998812272580987));
#4064=DIRECTION('ref_axis',(-0.998812272580987,0.,-0.048724163836884));
#4065=DIRECTION('',(-0.998812272580987,-4.49403512316351E-15,-0.048724163836884));
#4066=DIRECTION('',(-3.03923552991137E-15,1.,-2.99319528911002E-14));
#4067=DIRECTION('center_axis',(0.0208294823754886,-2.98621532354085E-14,
-0.999783042796771));
#4068=DIRECTION('ref_axis',(-0.999783042796771,0.,-0.0208294823754886));
#4069=DIRECTION('',(-0.999783042796771,-3.66204323107997E-15,-0.0208294823754886));
#4070=DIRECTION('',(-3.03923552991137E-15,1.,-2.99319528911002E-14));
#4071=DIRECTION('',(-3.03923552991137E-15,1.,-2.99319528911002E-14));
#4072=DIRECTION('',(-3.03923552991137E-15,1.,-2.99319528911002E-14));
#4073=DIRECTION('',(-3.03923552991137E-15,1.,-2.99319528911002E-14));
#4074=DIRECTION('center_axis',(-0.00505060448401433,2.99162211508789E-14,
0.999987245615836));
#4075=DIRECTION('ref_axis',(0.999987245615836,0.,0.00505060448401433));
#4076=DIRECTION('',(0.999987245615836,3.19037122182095E-15,0.00505060448401433));
#4077=DIRECTION('',(-3.03923552991137E-15,1.,-2.99319528911002E-14));
#4078=DIRECTION('center_axis',(-5.49718584236246E-15,2.99319528911002E-14,
1.));
#4079=DIRECTION('ref_axis',(1.,0.,5.49718584236246E-15));
#4080=DIRECTION('',(1.,3.03923552991153E-15,5.49718584236237E-15));
#4081=DIRECTION('',(-3.03923552991137E-15,1.,-2.99319528911002E-14));
#4082=DIRECTION('center_axis',(-3.03923552991137E-15,1.,-2.99319528911002E-14));
#4083=DIRECTION('ref_axis',(-1.30685728631857E-15,2.99319528911002E-14,
1.));
#4084=DIRECTION('',(-0.996906672641082,0.,-0.0785944402848376));
#4085=DIRECTION('',(-0.025372440512471,0.,-0.999678067811053));
#4086=DIRECTION('',(-0.0407825906378036,0.,-0.999168044075104));
#4087=DIRECTION('',(0.104945098877545,0.,-0.994478016962458));
#4088=DIRECTION('',(-0.0823638064065198,0.,-0.996602329615092));
#4089=DIRECTION('',(0.996729073947457,0.,0.080815550161121));
#4090=DIRECTION('',(-3.03923552991137E-15,1.,-2.99319528911002E-14));
#4091=DIRECTION('',(-3.03923552991137E-15,1.,-2.99319528911002E-14));
#4092=DIRECTION('',(-3.03923552991137E-15,1.,-2.99319528911002E-14));
#4093=DIRECTION('',(-3.03923552991137E-15,1.,-2.99319528911002E-14));
#4094=DIRECTION('',(-3.03923552991137E-15,1.,-2.99319528911002E-14));
#4095=DIRECTION('',(-3.03923552991137E-15,1.,-2.99319528911002E-14));
#4096=DIRECTION('',(-3.03923552991137E-15,1.,-2.99319528911002E-14));
#4097=DIRECTION('center_axis',(0.994478016962458,6.16366467862263E-15,0.104945098877545));
#4098=DIRECTION('ref_axis',(0.104945098877545,0.,-0.994478016962458));
#4099=DIRECTION('',(0.104945098877545,-2.94477162817563E-14,-0.994478016962458));
#4100=DIRECTION('',(-3.03923552991137E-15,1.,-2.99319528911002E-14));
#4101=DIRECTION('',(-3.03923552991137E-15,1.,-2.99319528911002E-14));
#4102=DIRECTION('',(-3.03923552991137E-15,1.,-2.99319528911002E-14));
#4103=DIRECTION('center_axis',(0.996602329615092,5.6359963606698E-16,-0.0823638064065198));
#4104=DIRECTION('ref_axis',(-0.0823638064065198,0.,-0.996602329615092));
#4105=DIRECTION('',(-0.0823638064065198,-3.00805769880091E-14,-0.996602329615092));
#4106=DIRECTION('',(-3.03923552991137E-15,1.,-2.99319528911002E-14));
#4107=DIRECTION('center_axis',(-0.080815550161121,2.95884301951662E-14,
0.996729073947457));
#4108=DIRECTION('ref_axis',(0.996729073947457,0.,0.080815550161121));
#4109=DIRECTION('',(0.996729073947457,5.44826165552778E-15,0.080815550161121));
#4110=DIRECTION('',(-3.03923552991137E-15,1.,-2.99319528911002E-14));
#4111=DIRECTION('',(-3.03923552991137E-15,1.,-2.99319528911002E-14));
#4112=DIRECTION('',(-3.03923552991137E-15,1.,-2.99319528911002E-14));
#4113=DIRECTION('',(-3.03923552991137E-15,1.,-2.99319528911002E-14));
#4114=DIRECTION('',(-3.03923552991137E-15,1.,-2.99319528911002E-14));
#4115=DIRECTION('',(-3.03923552991137E-15,1.,-2.99319528911002E-14));
#4116=DIRECTION('',(-3.03923552991137E-15,1.,-2.99319528911002E-14));
#4117=DIRECTION('',(-3.03923552991137E-15,1.,-2.99319528911002E-14));
#4118=DIRECTION('',(-3.03923552991137E-15,1.,-2.99319528911002E-14));
#4119=DIRECTION('center_axis',(0.0785944402848376,-2.96004965469491E-14,
-0.996906672641082));
#4120=DIRECTION('ref_axis',(-0.996906672641082,0.,-0.0785944402848376));
#4121=DIRECTION('',(-0.996906672641082,-5.38231926360464E-15,-0.0785944402848376));
#4122=DIRECTION('',(-3.03923552991137E-15,1.,-2.99319528911002E-14));
#4123=DIRECTION('',(-3.03923552991137E-15,1.,-2.99319528911002E-14));
#4124=DIRECTION('',(-3.03923552991137E-15,1.,-2.99319528911002E-14));
#4125=DIRECTION('',(-3.03923552991137E-15,1.,-2.99319528911002E-14));
#4126=DIRECTION('',(-3.03923552991137E-15,1.,-2.99319528911002E-14));
#4127=DIRECTION('',(-3.03923552991137E-15,1.,-2.99319528911002E-14));
#4128=DIRECTION('',(-3.03923552991137E-15,1.,-2.99319528911002E-14));
#4129=DIRECTION('',(-3.03923552991137E-15,1.,-2.99319528911002E-14));
#4130=DIRECTION('',(-3.03923552991137E-15,1.,-2.99319528911002E-14));
#4131=DIRECTION('',(-3.03923552991137E-15,1.,-2.99319528911002E-14));
#4132=DIRECTION('',(-3.03923552991137E-15,1.,-2.99319528911002E-14));
#4133=DIRECTION('',(-3.03923552991137E-15,1.,-2.99319528911002E-14));
#4134=DIRECTION('',(-3.03923552991137E-15,1.,-2.99319528911002E-14));
#4135=DIRECTION('center_axis',(0.999678067811054,2.27881040801297E-15,-0.025372440512471));
#4136=DIRECTION('ref_axis',(-0.025372440512471,0.,-0.999678067811053));
#4137=DIRECTION('',(-0.025372440512471,-2.99994296546726E-14,-0.999678067811053));
#4138=DIRECTION('',(-3.03923552991137E-15,1.,-2.99319528911002E-14));
#4139=DIRECTION('center_axis',(0.999168044075104,1.81600443815734E-15,-0.0407825906378036));
#4140=DIRECTION('ref_axis',(-0.0407825906378036,0.,-0.999168044075104));
#4141=DIRECTION('',(-0.0407825906378036,-3.0030998724017E-14,-0.999168044075104));
#4142=DIRECTION('',(-3.03923552991137E-15,1.,-2.99319528911002E-14));
#4143=DIRECTION('',(-3.03923552991137E-15,1.,-2.99319528911002E-14));
#4144=DIRECTION('',(-3.03923552991137E-15,1.,-2.99319528911002E-14));
#4145=DIRECTION('center_axis',(-3.03923552991137E-15,1.,-2.99319528911002E-14));
#4146=DIRECTION('ref_axis',(-1.30685728631857E-15,2.99319528911002E-14,
1.));
#4147=DIRECTION('',(-1.30685728631857E-15,2.99319528911002E-14,1.));
#4148=DIRECTION('',(1.,3.03923552991146E-15,4.54517298235376E-15));
#4149=DIRECTION('',(1.30685728631857E-15,-2.99319528911002E-14,-1.));
#4150=DIRECTION('',(-1.,-3.03923552991128E-15,1.51930913931232E-15));
#4151=DIRECTION('center_axis',(0.,0.,-1.));
#4152=DIRECTION('ref_axis',(-3.89965837399582E-15,-1.,-4.79721185170268E-17));
#4153=DIRECTION('center_axis',(3.34042447278005E-15,-1.00115725600785E-16,
1.));
#4154=DIRECTION('ref_axis',(-3.89965837399582E-15,-1.,1.89326617253043E-29));
#4155=DIRECTION('',(-2.84407048618775E-15,-0.707106781186758,0.707106781186338));
#4156=DIRECTION('center_axis',(-3.34042447278005E-15,1.00115725600785E-16,
-1.));
#4157=DIRECTION('ref_axis',(-3.89965837399582E-15,-1.,-1.00115725600772E-16));
#4158=DIRECTION('center_axis',(-2.97960198977687E-15,-1.89326617253043E-29,
-1.));
#4159=DIRECTION('ref_axis',(-3.89965837399582E-15,-1.,1.89326617253043E-29));
#4160=DIRECTION('center_axis',(-3.34042447278005E-15,1.00115725600785E-16,
-1.));
#4161=DIRECTION('ref_axis',(-0.763885625546065,0.645351649168186,2.61631208660311E-15));
#4162=DIRECTION('',(2.97960198977687E-15,1.89326617253043E-29,1.));
#4163=DIRECTION('center_axis',(-3.34042447278005E-15,1.00115725600785E-16,
-1.));
#4164=DIRECTION('ref_axis',(-3.89965837399582E-15,-1.,-1.00115725600785E-16));
#4165=DIRECTION('',(-2.97960198977687E-15,-1.89326617253043E-29,-1.));
#4166=DIRECTION('',(2.97960198977687E-15,1.89326617253043E-29,1.));
#4167=DIRECTION('center_axis',(-3.34042447278005E-15,1.00115725600785E-16,
-1.));
#4168=DIRECTION('ref_axis',(-3.90312782094778E-15,-1.,-1.00115725600777E-16));
#4169=DIRECTION('center_axis',(-3.34042447278005E-15,1.00115725600785E-16,
-1.));
#4170=DIRECTION('ref_axis',(-3.9127651735921E-15,-1.,-1.00115725600778E-16));
#4171=DIRECTION('center_axis',(0.,0.,-1.));
#4172=DIRECTION('ref_axis',(-3.89965837399582E-15,-1.,-4.79721185170268E-17));
#4173=DIRECTION('center_axis',(3.34042447278005E-15,-1.00115725600785E-16,
1.));
#4174=DIRECTION('ref_axis',(-3.89965837399582E-15,-1.,1.89326617253043E-29));
#4175=DIRECTION('',(-2.84407048618708E-15,-0.707106781186591,0.707106781186504));
#4176=DIRECTION('center_axis',(-3.34042447278005E-15,1.00115725600785E-16,
-1.));
#4177=DIRECTION('ref_axis',(-3.89965837399582E-15,-1.,-1.00115725600772E-16));
#4178=DIRECTION('center_axis',(-2.97960198977686E-15,-1.89326617253043E-29,
-1.));
#4179=DIRECTION('ref_axis',(-3.89965837399582E-15,-1.,1.89326617253043E-29));
#4180=DIRECTION('',(2.97960198977686E-15,1.89326617253043E-29,1.));
#4181=DIRECTION('center_axis',(-3.34042447278005E-15,1.00115725600785E-16,
-1.));
#4182=DIRECTION('ref_axis',(-3.89965837399582E-15,-1.,-1.00115725600785E-16));
#4183=DIRECTION('',(-2.97960198977686E-15,-1.89326617253043E-29,-1.));
#4184=DIRECTION('center_axis',(-3.34042447278005E-15,1.00115725600785E-16,
-1.));
#4185=DIRECTION('ref_axis',(0.763885625546022,0.645351649168237,-2.48709238935469E-15));
#4186=DIRECTION('',(2.97960198977686E-15,1.89326617253043E-29,1.));
#4187=DIRECTION('center_axis',(-3.34042447278005E-15,1.00115725600785E-16,
-1.));
#4188=DIRECTION('ref_axis',(-3.90312782094778E-15,-1.,-1.00115725600777E-16));
#4189=DIRECTION('center_axis',(-3.34042447278005E-15,1.00115725600785E-16,
-1.));
#4190=DIRECTION('ref_axis',(-3.9127651735921E-15,-1.,-1.00115725600778E-16));
#4191=DIRECTION('center_axis',(0.,0.,1.));
#4192=DIRECTION('ref_axis',(0.707106781186546,0.707106781186549,-2.10689677220816E-15));
#4193=DIRECTION('center_axis',(-2.97960198977686E-15,-1.89326617253043E-29,
-1.));
#4194=DIRECTION('ref_axis',(0.707106781186546,0.707106781186549,-2.10689677220817E-15));
#4195=DIRECTION('',(0.707106781186675,-1.5700924586839E-14,0.70710678118642));
#4196=DIRECTION('center_axis',(2.97960198977686E-15,1.89326617253043E-29,
1.));
#4197=DIRECTION('ref_axis',(0.707106781186546,0.707106781186549,-2.10689677220816E-15));
#4198=DIRECTION('center_axis',(-0.707106781186408,9.8130778668758E-18,0.707106781186687));
#4199=DIRECTION('ref_axis',(0.707106781186687,0.,0.707106781186408));
#4200=DIRECTION('',(0.707106781186793,0.,0.707106781186302));
#4201=DIRECTION('',(1.38777878079428E-17,1.,-1.89740120094705E-29));
#4202=DIRECTION('',(-1.38777878079428E-17,-1.,1.89740120094705E-29));
#4203=DIRECTION('center_axis',(0.,0.,1.));
#4204=DIRECTION('ref_axis',(0.978945108895204,-0.204123672733361,-2.91686679434648E-15));
#4205=DIRECTION('center_axis',(-2.97960198977686E-15,-1.89326617253043E-29,
-1.));
#4206=DIRECTION('ref_axis',(0.978945108895204,-0.204123672733361,-2.91686679434648E-15));
#4207=DIRECTION('',(0.648181488884895,-0.282596456926618,0.707106781186182));
#4208=DIRECTION('center_axis',(2.97960198977686E-15,1.89326617253043E-29,
1.));
#4209=DIRECTION('ref_axis',(0.978945108895204,-0.204123672733361,-2.91686679434648E-15));
#4210=DIRECTION('center_axis',(0.,0.,-1.));
#4211=DIRECTION('ref_axis',(-3.89965837399582E-15,-1.,2.45003051953873E-29));
#4212=DIRECTION('center_axis',(2.97960198977686E-15,1.89326617253043E-29,
1.));
#4213=DIRECTION('ref_axis',(-3.89965837399582E-15,-1.,1.89326617253043E-29));
#4214=DIRECTION('',(-0.702728362725405,-0.0785674755968105,0.707106781186276));
#4215=DIRECTION('center_axis',(-2.97960198977686E-15,-1.89326617253043E-29,
-1.));
#4216=DIRECTION('ref_axis',(-3.89965837399582E-15,-1.,3.05520915759122E-29));
#4217=DIRECTION('center_axis',(0.,0.,1.));
#4218=DIRECTION('ref_axis',(-0.745356018809156,0.666666637252056,2.22086427673591E-15));
#4219=DIRECTION('center_axis',(-2.97960198977686E-15,-1.89326617253043E-29,
-1.));
#4220=DIRECTION('ref_axis',(-0.745356018809156,0.666666637252057,2.22086427673591E-15));
#4221=DIRECTION('',(0.,0.707106781186483,0.707106781186612));
#4222=DIRECTION('center_axis',(2.97960198977686E-15,1.89326617253043E-29,
1.));
#4223=DIRECTION('ref_axis',(-0.745356018809156,0.666666637252056,2.22086427673591E-15));
#4224=DIRECTION('center_axis',(-6.50578108343186E-16,-0.707106781184801,
0.707106781188294));
#4225=DIRECTION('ref_axis',(1.,0.,9.20056384199694E-16));
#4226=DIRECTION('',(0.577350269190576,-0.577350269190577,-0.577350269187724));
#4227=DIRECTION('',(-1.,3.89965837399582E-15,2.97960198977686E-15));
#4228=DIRECTION('',(1.,-3.89965837399582E-15,-2.97960198977686E-15));
#4229=DIRECTION('center_axis',(-3.89965837399582E-15,-1.,2.52435489670724E-29));
#4230=DIRECTION('ref_axis',(1.,-3.90312782094795E-15,-3.34042447278005E-15));
#4231=DIRECTION('',(1.46129010872376E-15,-3.78653234506086E-29,-1.));
#4232=DIRECTION('',(2.97960198977687E-15,1.89326617253043E-29,1.));
#4233=DIRECTION('',(1.,-3.89965837399586E-15,1.46129010872376E-15));
#4234=DIRECTION('',(-0.707106781186545,2.75747488056332E-15,-0.70710678118655));
#4235=DIRECTION('center_axis',(3.89965837399582E-15,1.,-2.52435489670724E-29));
#4236=DIRECTION('ref_axis',(0.923879532511288,-3.602814555521E-15,-0.382683432365087));
#4237=DIRECTION('',(1.46129010872376E-15,-3.09420811763942E-29,-1.));
#4238=DIRECTION('center_axis',(3.89965837399582E-15,1.,-2.52435489670724E-29));
#4239=DIRECTION('ref_axis',(0.923879532511286,-3.60281455552098E-15,0.382683432365091));
#4240=DIRECTION('',(0.707106781186548,-2.75747488056337E-15,-0.707106781186547));
#4241=DIRECTION('',(1.,-3.89965837399582E-15,1.46129010872376E-15));
#4242=DIRECTION('center_axis',(-3.89965837399582E-15,-1.,2.52435489670724E-29));
#4243=DIRECTION('ref_axis',(1.64498712859586E-15,-3.16584367982166E-29,
-1.));
#4244=DIRECTION('center_axis',(-2.97960198977687E-15,-1.89326617253043E-29,
-1.));
#4245=DIRECTION('ref_axis',(-0.745356018809156,0.666666637252056,2.22086427673591E-15));
#4246=DIRECTION('',(-2.97960198977687E-15,-1.89326617253043E-29,-1.));
#4247=DIRECTION('center_axis',(1.46129010872376E-15,-3.78653234506086E-29,
-1.));
#4248=DIRECTION('ref_axis',(-0.745356018809156,0.666666637252056,-1.08918137776356E-15));
#4249=DIRECTION('center_axis',(-2.97960198977687E-15,-1.89326617253043E-29,
-1.));
#4250=DIRECTION('ref_axis',(-3.89965837399582E-15,-1.,1.89326617253043E-29));
#4251=DIRECTION('',(2.97960198977687E-15,1.89326617253043E-29,1.));
#4252=DIRECTION('center_axis',(-3.34042447278005E-15,1.00115725600785E-16,
-1.));
#4253=DIRECTION('ref_axis',(-3.89965837399582E-15,-1.,-1.00115725600785E-16));
#4254=DIRECTION('',(-2.97960198977687E-15,-1.89326617253043E-29,-1.));
#4255=DIRECTION('center_axis',(-3.34042447278005E-15,1.00115725600785E-16,
-1.));
#4256=DIRECTION('ref_axis',(-0.763885625546022,-0.645351649168237,2.48709238935469E-15));
#4257=DIRECTION('',(2.97960198977687E-15,1.89326617253043E-29,1.));
#4258=DIRECTION('center_axis',(-3.34042447278005E-15,1.00115725600785E-16,
-1.));
#4259=DIRECTION('ref_axis',(-3.89965837399582E-15,-1.,-1.00115725600785E-16));
#4260=DIRECTION('center_axis',(2.97960198977687E-15,1.89326617253043E-29,
1.));
#4261=DIRECTION('ref_axis',(0.978945108895204,-0.204123672733361,-2.91686679434648E-15));
#4262=DIRECTION('',(-2.97960198977686E-15,-1.89326617253043E-29,-1.));
#4263=DIRECTION('center_axis',(1.46129010872376E-15,-3.78653234506086E-29,
-1.));
#4264=DIRECTION('ref_axis',(0.978945108895204,-0.204123672733361,1.43052280461207E-15));
#4265=DIRECTION('center_axis',(-1.,1.38777878079428E-17,2.97960198977686E-15));
#4266=DIRECTION('ref_axis',(-1.73472347597288E-17,-1.,-1.00115725600793E-16));
#4267=DIRECTION('',(2.97960198977686E-15,3.78653234506086E-29,1.));
#4268=DIRECTION('',(-1.38777878077753E-17,-1.,3.15544362088405E-29));
#4269=DIRECTION('center_axis',(2.97960198977686E-15,3.78653234506086E-29,
1.));
#4270=DIRECTION('ref_axis',(0.707106781186546,0.707106781186549,-2.10689677220817E-15));
#4271=DIRECTION('',(-2.97960198977686E-15,-3.78653234506086E-29,-1.));
#4272=DIRECTION('center_axis',(1.46129010872376E-15,-3.78653234506086E-29,
-1.));
#4273=DIRECTION('ref_axis',(0.707106781186546,0.707106781186549,1.03328814515937E-15));
#4274=DIRECTION('center_axis',(0.,0.,1.));
#4275=DIRECTION('ref_axis',(-0.707106781186548,0.707106781186547,2.10689677220813E-15));
#4276=DIRECTION('center_axis',(2.97960198977686E-15,1.89326617253043E-29,
1.));
#4277=DIRECTION('ref_axis',(-0.707106781186548,0.707106781186547,2.10689677220814E-15));
#4278=DIRECTION('',(0.707106781186444,0.,-0.707106781186652));
#4279=DIRECTION('center_axis',(-2.97960198977686E-15,-1.89326617253043E-29,
-1.));
#4280=DIRECTION('ref_axis',(-0.707106781186548,0.707106781186547,2.10689677220813E-15));
#4281=DIRECTION('center_axis',(0.707106781186528,-9.81307786685063E-18,
0.707106781186567));
#4282=DIRECTION('ref_axis',(0.707106781186567,0.,-0.707106781186528));
#4283=DIRECTION('',(-1.38777878079428E-17,-1.,1.89740120094705E-29));
#4284=DIRECTION('',(0.707106781186504,0.,-0.707106781186591));
#4285=DIRECTION('',(1.38777878079428E-17,1.,-1.89740120094705E-29));
#4286=DIRECTION('center_axis',(0.,0.,1.));
#4287=DIRECTION('ref_axis',(-0.978945114437301,-0.204123646154332,2.91686681085973E-15));
#4288=DIRECTION('',(0.648181504230159,0.282596421729425,-0.707106781186302));
#4289=DIRECTION('center_axis',(-2.97960198977686E-15,-1.89326617253043E-29,
-1.));
#4290=DIRECTION('ref_axis',(-0.978945114437301,-0.204123646154332,2.91686681085973E-15));
#4291=DIRECTION('center_axis',(2.97960198977686E-15,1.89326617253043E-29,
1.));
#4292=DIRECTION('ref_axis',(-0.978945114437301,-0.204123646154332,2.91686681085973E-15));
#4293=DIRECTION('center_axis',(0.,0.,-1.));
#4294=DIRECTION('ref_axis',(-3.89965837399582E-15,-1.,2.45003051953873E-29));
#4295=DIRECTION('',(-0.702728362724956,0.0785674755967552,-0.707106781186729));
#4296=DIRECTION('center_axis',(2.97960198977686E-15,1.89326617253043E-29,
1.));
#4297=DIRECTION('ref_axis',(-3.89965837399582E-15,-1.,1.89326617253043E-29));
#4298=DIRECTION('center_axis',(-2.97960198977686E-15,-1.89326617253043E-29,
-1.));
#4299=DIRECTION('ref_axis',(-3.89965837399582E-15,-1.,3.05520915759122E-29));
#4300=DIRECTION('center_axis',(0.,0.,1.));
#4301=DIRECTION('ref_axis',(0.74535601880931,0.666666637251884,-2.2208642767364E-15));
#4302=DIRECTION('center_axis',(-2.97960198977686E-15,-1.89326617253043E-29,
-1.));
#4303=DIRECTION('ref_axis',(0.745356018809311,0.666666637251884,-2.2208642767364E-15));
#4304=DIRECTION('center_axis',(2.97960198977686E-15,1.89326617253043E-29,
1.));
#4305=DIRECTION('ref_axis',(0.74535601880931,0.666666637251884,-2.22086427673639E-15));
#4306=DIRECTION('center_axis',(2.97960198977686E-15,1.89326617253043E-29,
1.));
#4307=DIRECTION('ref_axis',(-3.90312782094778E-15,-1.,2.76101316827354E-29));
#4308=DIRECTION('',(1.,5.41233724504636E-16,-2.97960198977686E-15));
#4309=DIRECTION('center_axis',(2.97960198977686E-15,1.89326617253043E-29,
1.));
#4310=DIRECTION('ref_axis',(-0.382683432365093,0.923879532511286,1.14024431652966E-15));
#4311=DIRECTION('',(-0.707106781186546,-0.707106781186549,2.10689677220816E-15));
#4312=DIRECTION('',(-1.,-5.41233724504636E-16,2.97960198977686E-15));
#4313=DIRECTION('center_axis',(-3.34042447278005E-15,1.00115725600785E-16,
-1.));
#4314=DIRECTION('ref_axis',(-3.9127651735921E-15,-1.,-1.00115725600778E-16));
#4315=DIRECTION('center_axis',(0.,1.,0.));
#4316=DIRECTION('ref_axis',(-1.,1.7301584141979E-15,-1.46129010872376E-15));
#4317=DIRECTION('center_axis',(-3.91167907294784E-29,1.,-1.26217744835362E-29));
#4318=DIRECTION('ref_axis',(-1.,-3.89734851984192E-29,-1.46129010872376E-15));
#4319=DIRECTION('',(-0.707106781186293,-0.707106781186802,-9.46692539535505E-16));
#4320=DIRECTION('center_axis',(3.91167907294784E-29,-1.,1.26217744835362E-29));
#4321=DIRECTION('ref_axis',(-1.,3.86741292585417E-15,-1.46129010872376E-15));
#4322=DIRECTION('center_axis',(-3.91167907294784E-29,1.,-1.26217744835362E-29));
#4323=DIRECTION('ref_axis',(1.,4.6224759650718E-30,1.46129010872376E-15));
#4324=DIRECTION('',(0.707106781186546,1.87348056551534E-29,-0.707106781186549));
#4325=DIRECTION('center_axis',(3.91167907294784E-29,-1.,1.26217744835362E-29));
#4326=DIRECTION('ref_axis',(-0.923879532511287,-4.09435958959819E-29,-0.38268343236509));
#4327=DIRECTION('',(1.46129010872376E-15,-1.26217744835361E-29,-1.));
#4328=DIRECTION('center_axis',(3.91167907294784E-29,-1.,1.26217744835362E-29));
#4329=DIRECTION('ref_axis',(-0.923879532511287,-3.12971989571379E-29,0.382683432365089));
#4330=DIRECTION('',(-0.707106781186548,-3.6584690310985E-29,-0.707106781186547));
#4331=DIRECTION('',(-1.,-3.91167907294784E-29,-1.46129010872376E-15));
#4332=DIRECTION('',(-0.707106781186548,-1.87348056551535E-29,0.707106781186547));
#4333=DIRECTION('center_axis',(3.91167907294784E-29,-1.,1.26217744835362E-29));
#4334=DIRECTION('ref_axis',(0.923879532511286,4.0943595895982E-29,0.382683432365091));
#4335=DIRECTION('',(-1.46129010872376E-15,1.26217744835361E-29,1.));
#4336=DIRECTION('center_axis',(3.91167907294784E-29,-1.,1.26217744835362E-29));
#4337=DIRECTION('ref_axis',(0.923879532511288,3.1297198957138E-29,-0.382683432365087));
#4338=DIRECTION('',(0.707106781186545,3.6584690310985E-29,0.70710678118655));
#4339=DIRECTION('',(-1.,-4.6224759650718E-30,-1.46129010872376E-15));
#4340=DIRECTION('center_axis',(-3.91167907294784E-29,1.,-1.26217744835362E-29));
#4341=DIRECTION('ref_axis',(-1.,-3.8973485198419E-29,-1.46129010872376E-15));
#4342=DIRECTION('',(-1.,-6.33162015648089E-30,-1.51839110035058E-15));
#4343=DIRECTION('',(1.30685728631848E-15,-6.31088724176809E-30,-1.));
#4344=DIRECTION('',(1.,6.33162015648089E-30,1.51839110035058E-15));
#4345=DIRECTION('',(-1.30685728631848E-15,6.31088724176809E-30,1.));
#4346=DIRECTION('center_axis',(3.89965837399582E-15,1.,-2.52435489670724E-29));
#4347=DIRECTION('ref_axis',(-1.,3.86741292585417E-15,-1.46129010872376E-15));
#4348=DIRECTION('center_axis',(3.89965837399582E-15,1.,-2.52435489670724E-29));
#4349=DIRECTION('ref_axis',(-1.,3.86741292585417E-15,-1.46129010872376E-15));
#4350=DIRECTION('',(3.89965837399582E-15,1.,-2.52435489670724E-29));
#4351=DIRECTION('center_axis',(0.,1.,0.));
#4352=DIRECTION('ref_axis',(-1.,1.7301584141979E-15,-1.46129010872376E-15));
#4353=DIRECTION('',(-0.707106781185598,-0.707106781187497,-9.46692539534575E-16));
#4354=DIRECTION('center_axis',(3.91167907294784E-29,-1.,1.26217744835362E-29));
#4355=DIRECTION('ref_axis',(-1.,3.86741292585417E-15,-1.46129010872376E-15));
#4356=DIRECTION('center_axis',(3.89965837399582E-15,1.,-2.52435489670724E-29));
#4357=DIRECTION('ref_axis',(-1.,3.86741292585417E-15,-1.46129010872376E-15));
#4358=DIRECTION('center_axis',(3.89965837399582E-15,1.,-2.52435489670724E-29));
#4359=DIRECTION('ref_axis',(-1.,3.86741292585417E-15,-1.46129010872376E-15));
#4360=DIRECTION('',(3.89965837399582E-15,1.,-2.52435489670724E-29));
#4361=DIRECTION('center_axis',(0.500000000000013,0.707106781186532,-0.500000000000009));
#4362=DIRECTION('ref_axis',(-0.707106781186545,0.,-0.70710678118655));
#4363=DIRECTION('',(-0.816496580927714,0.577350269189643,-1.19313837751646E-15));
#4364=DIRECTION('',(0.499999999999982,-0.707106781186564,-0.499999999999995));
#4365=DIRECTION('',(-0.707106781186545,-3.6584690310985E-29,-0.70710678118655));
#4366=DIRECTION('center_axis',(0.,-1.,0.));
#4367=DIRECTION('ref_axis',(0.923879532511288,5.61031208697981E-16,-0.382683432365087));
#4368=DIRECTION('',(0.707106781186681,-0.707106781186414,9.81307786677544E-16));
#4369=DIRECTION('center_axis',(-3.91167907294784E-29,1.,-1.26217744835362E-29));
#4370=DIRECTION('ref_axis',(0.923879532511288,1.07717992070009E-15,-0.382683432365087));
#4371=DIRECTION('center_axis',(0.707106781186147,0.707106781186948,1.0332881451588E-15));
#4372=DIRECTION('ref_axis',(1.46129010872375E-15,0.,-1.));
#4373=DIRECTION('',(0.707106781186956,-0.707106781186139,0.));
#4374=DIRECTION('',(1.46129010872376E-15,-1.26217744835361E-29,-1.));
#4375=DIRECTION('center_axis',(0.,-1.,0.));
#4376=DIRECTION('ref_axis',(0.923879532511286,3.42470601706655E-16,0.382683432365091));
#4377=DIRECTION('',(0.500000000000103,-0.707106781186402,0.500000000000103));
#4378=DIRECTION('center_axis',(-3.91167907294784E-29,1.,-1.26217744835362E-29));
#4379=DIRECTION('ref_axis',(0.923879532511286,6.57543555276739E-16,0.382683432365091));
#4380=DIRECTION('center_axis',(0.500000000000023,0.707106781186515,0.500000000000023));
#4381=DIRECTION('ref_axis',(0.707106781186548,0.,-0.707106781186547));
#4382=DIRECTION('',(0.707106781186548,1.87348056551535E-29,-0.707106781186547));
#4383=DIRECTION('',(0.281084637714726,-0.678598344545867,0.678598344545867));
#4384=DIRECTION('center_axis',(-1.03328814515942E-15,0.707106781186548,
0.707106781186548));
#4385=DIRECTION('ref_axis',(1.,0.,1.4612901087238E-15));
#4386=DIRECTION('',(1.,3.91167907294784E-29,1.46129010872376E-15));
#4387=DIRECTION('',(-0.281084637714852,-0.678598344545844,0.678598344545837));
#4388=DIRECTION('center_axis',(-0.499999999999997,0.707106781186552,0.499999999999998));
#4389=DIRECTION('ref_axis',(0.707106781186548,0.,0.707106781186547));
#4390=DIRECTION('',(-0.499999999999997,-0.707106781186541,0.500000000000013));
#4391=DIRECTION('',(0.707106781186548,3.6584690310985E-29,0.707106781186547));
#4392=DIRECTION('center_axis',(0.,-1.,0.));
#4393=DIRECTION('ref_axis',(-0.923879532511287,-4.67067020415876E-16,0.382683432365089));
#4394=DIRECTION('',(-0.707106781186563,-0.707106781186532,-3.92523114670961E-15));
#4395=DIRECTION('center_axis',(-3.91167907294784E-29,1.,-1.26217744835362E-29));
#4396=DIRECTION('ref_axis',(-0.923879532511287,-8.96768679198453E-16,0.382683432365089));
#4397=DIRECTION('center_axis',(-0.707106781186626,0.707106781186469,-1.03328814515952E-15));
#4398=DIRECTION('ref_axis',(-1.46129010872377E-15,0.,1.));
#4399=DIRECTION('',(-0.707106781186477,-0.707106781186618,0.));
#4400=DIRECTION('',(-1.46129010872376E-15,1.26217744835361E-29,1.));
#4401=DIRECTION('center_axis',(0.,-1.,0.));
#4402=DIRECTION('ref_axis',(-0.923879532511287,-4.29206775505479E-16,-0.38268343236509));
#4403=DIRECTION('',(-0.500000000000024,-0.707106781186517,-0.500000000000019));
#4404=DIRECTION('center_axis',(-3.91167907294784E-29,1.,-1.26217744835362E-29));
#4405=DIRECTION('ref_axis',(-0.923879532511287,-8.24077008970481E-16,-0.38268343236509));
#4406=DIRECTION('center_axis',(-0.5,0.707106781186549,-0.499999999999998));
#4407=DIRECTION('ref_axis',(-0.707106781186546,0.,0.707106781186549));
#4408=DIRECTION('',(-0.816496580927726,-0.577350269189626,-1.19313837751643E-15));
#4409=DIRECTION('',(-0.707106781186546,-1.87348056551534E-29,0.707106781186549));
#4410=DIRECTION('center_axis',(0.70710678118655,3.9405649598657E-16,-0.707106781186545));
#4411=DIRECTION('ref_axis',(-0.705757556807948,-0.0617457854184692,-0.705757556807953));
#4412=DIRECTION('',(-5.55111512312617E-16,1.,1.26542193594922E-17));
#4413=DIRECTION('',(0.707106781186545,-2.75747488056332E-15,0.70710678118655));
#4414=DIRECTION('',(-5.41233724504803E-16,1.,-3.78653234506086E-29));
#4415=DIRECTION('center_axis',(0.,-1.,0.));
#4416=DIRECTION('ref_axis',(1.64498712859586E-15,-3.16096865219465E-29,
-1.));
#4417=DIRECTION('',(1.24977715921831E-15,0.707106781186522,-0.707106781186573));
#4418=DIRECTION('center_axis',(3.89965837399582E-15,1.,-2.52435489670724E-29));
#4419=DIRECTION('ref_axis',(1.64498712859586E-15,-3.15544362088405E-29,
-1.));
#4420=DIRECTION('center_axis',(3.89965837399582E-15,1.,-2.52435489670724E-29));
#4421=DIRECTION('ref_axis',(1.64498712859586E-15,-3.15544362088405E-29,
-1.));
#4422=DIRECTION('',(3.89965837399582E-15,1.,-2.52435489670724E-29));
#4423=DIRECTION('center_axis',(3.89965837399582E-15,1.,-2.52435489670724E-29));
#4424=DIRECTION('ref_axis',(1.64498712859586E-15,-3.15544362088405E-29,
-1.));
#4425=DIRECTION('center_axis',(-3.79076302572275E-15,-0.707106781186548,
0.707106781186548));
#4426=DIRECTION('ref_axis',(1.,0.,5.36094848271958E-15));
#4427=DIRECTION('',(-1.,3.89965837399582E-15,-1.46129010872376E-15));
#4428=DIRECTION('',(-0.281080333039109,-0.67859923606514,-0.67859923606679));
#4429=DIRECTION('',(0.28108463771474,0.678598344545849,0.678598344545879));
#4430=DIRECTION('center_axis',(-0.500000000000005,-0.707106781186544,-0.5));
#4431=DIRECTION('ref_axis',(-0.707106781186544,0.,0.70710678118655));
#4432=DIRECTION('',(0.816496580927722,-0.577350269189632,1.19313837751647E-15));
#4433=DIRECTION('',(-0.707106781186546,2.75747488056337E-15,0.707106781186549));
#4434=DIRECTION('',(-0.500000000000008,0.707106781186543,-0.499999999999999));
#4435=DIRECTION('',(0.707106781186546,-2.75747488056337E-15,-0.707106781186549));
#4436=DIRECTION('center_axis',(0.,1.,0.));
#4437=DIRECTION('ref_axis',(-0.923879532511287,1.29714186568168E-15,-0.38268343236509));
#4438=DIRECTION('',(-0.70710678118654,0.707106781186555,-9.81307786677326E-16));
#4439=DIRECTION('center_axis',(-3.89965837399582E-15,-1.,2.52435489670724E-29));
#4440=DIRECTION('ref_axis',(-0.923879532511287,-8.24077008970481E-16,-0.38268343236509));
#4441=DIRECTION('center_axis',(3.89965837399582E-15,1.,-2.52435489670724E-29));
#4442=DIRECTION('ref_axis',(-0.923879532511287,3.60281455552098E-15,-0.38268343236509));
#4443=DIRECTION('center_axis',(-0.707106781186555,-0.70710678118654,-1.03328814515939E-15));
#4444=DIRECTION('ref_axis',(-1.46129010872373E-15,0.,1.));
#4445=DIRECTION('',(-0.707106781186548,0.707106781186548,0.));
#4446=DIRECTION('',(1.46129010872376E-15,-3.09420811763942E-29,-1.));
#4447=DIRECTION('',(-1.46129010872376E-15,3.09420811763942E-29,1.));
#4448=DIRECTION('center_axis',(0.,1.,0.));
#4449=DIRECTION('ref_axis',(-0.923879532511287,1.25928162077128E-15,0.382683432365089));
#4450=DIRECTION('',(-0.499999999999983,0.707106781186566,0.499999999999991));
#4451=DIRECTION('center_axis',(-3.89965837399582E-15,-1.,2.52435489670724E-29));
#4452=DIRECTION('ref_axis',(-0.923879532511287,-8.96768679198453E-16,0.382683432365089));
#4453=DIRECTION('center_axis',(3.89965837399582E-15,1.,-2.52435489670724E-29));
#4454=DIRECTION('ref_axis',(-0.923879532511287,3.602814555521E-15,0.382683432365089));
#4455=DIRECTION('center_axis',(-0.500000000000006,-0.707106781186541,0.500000000000004));
#4456=DIRECTION('ref_axis',(0.707106781186546,0.,0.707106781186549));
#4457=DIRECTION('',(-0.707106781186548,2.75747488056334E-15,-0.707106781186547));
#4458=DIRECTION('',(0.707106781186548,-2.75747488056334E-15,0.707106781186547));
#4459=DIRECTION('',(-0.281084637714839,0.678598344545839,0.678598344545847));
#4460=DIRECTION('center_axis',(-0.500000000000001,-0.499999999999998,0.707106781186549));
#4461=DIRECTION('ref_axis',(0.816496580927726,0.,0.577350269189626));
#4462=DIRECTION('',(-0.707106781186546,0.707106781186549,-1.03328814515942E-15));
#4463=DIRECTION('',(-0.500000000000346,-0.500000000000346,-0.707106781186058));
#4464=DIRECTION('',(0.707106781186546,-0.707106781186549,1.03328814515942E-15));
#4465=DIRECTION('center_axis',(0.,0.,1.));
#4466=DIRECTION('ref_axis',(0.382683432365091,0.923879532511286,5.59211514487532E-16));
#4467=DIRECTION('',(-1.5700924586838E-14,-0.707106781186536,-0.707106781186559));
#4468=DIRECTION('center_axis',(1.46129010872376E-15,-3.78653234506086E-29,
-1.));
#4469=DIRECTION('ref_axis',(0.382683432365091,0.923879532511286,5.59211514487534E-16));
#4470=DIRECTION('center_axis',(-1.46129010872376E-15,3.78653234506086E-29,
1.));
#4471=DIRECTION('ref_axis',(0.382683432365092,0.923879532511286,5.59211514487531E-16));
#4472=DIRECTION('center_axis',(-6.50578108355207E-16,-0.707106781186544,
0.707106781186551));
#4473=DIRECTION('ref_axis',(1.,0.,9.20056384218962E-16));
#4474=DIRECTION('',(7.85046229341691E-15,-0.707106781186724,-0.707106781186371));
#4475=DIRECTION('',(1.,5.41233724504803E-16,1.46129010872376E-15));
#4476=DIRECTION('',(-1.,-5.41233724504803E-16,-1.46129010872376E-15));
#4477=DIRECTION('center_axis',(0.,0.,1.));
#4478=DIRECTION('ref_axis',(-0.382683432365092,0.923879532511286,-5.59211514487598E-16));
#4479=DIRECTION('',(0.499999999999822,-0.499999999999869,-0.707106781186766));
#4480=DIRECTION('center_axis',(1.46129010872376E-15,-3.78653234506086E-29,
-1.));
#4481=DIRECTION('ref_axis',(-0.382683432365093,0.923879532511286,-5.59211514487594E-16));
#4482=DIRECTION('center_axis',(-1.46129010872376E-15,3.78653234506086E-29,
1.));
#4483=DIRECTION('ref_axis',(-0.382683432365093,0.923879532511286,-5.59211514487602E-16));
#4484=DIRECTION('center_axis',(0.500000000000001,-0.499999999999999,0.707106781186547));
#4485=DIRECTION('ref_axis',(0.816496580927726,0.,-0.577350269189627));
#4486=DIRECTION('',(0.707106781186546,0.707106781186549,1.03328814515937E-15));
#4487=DIRECTION('',(-0.707106781186546,-0.707106781186549,-1.03328814515937E-15));
#4488=DIRECTION('',(0.281080333037215,-0.678599236066388,-0.678599236066328));
#4489=DIRECTION('center_axis',(-3.79076302572276E-15,-0.707106781186551,
0.707106781186544));
#4490=DIRECTION('ref_axis',(1.,0.,5.36094848271962E-15));
#4491=DIRECTION('',(1.,-3.89965837399582E-15,1.46129010872376E-15));
#4492=DIRECTION('',(-1.,3.89965837399582E-15,-1.46129010872376E-15));
#4493=DIRECTION('center_axis',(0.500000000000008,-0.707106781186534,0.500000000000011));
#4494=DIRECTION('ref_axis',(0.70710678118655,0.,-0.707106781186545));
#4495=DIRECTION('',(0.499999999999989,0.707106781186558,0.499999999999997));
#4496=DIRECTION('',(-0.707106781186548,2.75747488056337E-15,0.707106781186547));
#4497=DIRECTION('center_axis',(0.,1.,0.));
#4498=DIRECTION('ref_axis',(0.923879532511286,-1.3838780394805E-15,0.382683432365091));
#4499=DIRECTION('',(0.707106781185649,0.707106781187446,-3.92523114670444E-15));
#4500=DIRECTION('center_axis',(-3.89965837399582E-15,-1.,2.52435489670724E-29));
#4501=DIRECTION('ref_axis',(0.923879532511286,6.57543555276739E-16,0.382683432365091));
#4502=DIRECTION('center_axis',(0.707106781187482,-0.707106781185613,1.03328814516078E-15));
#4503=DIRECTION('ref_axis',(1.46129010872379E-15,0.,-1.));
#4504=DIRECTION('',(0.707106781185613,0.707106781187482,9.81307786676236E-16));
#4505=DIRECTION('',(-1.46129010872376E-15,3.09420811763942E-29,1.));
#4506=DIRECTION('center_axis',(0.,1.,0.));
#4507=DIRECTION('ref_axis',(0.923879532511288,-1.16531743248918E-15,-0.382683432365087));
#4508=DIRECTION('',(0.49999999999937,0.707106781187444,-0.499999999999363));
#4509=DIRECTION('center_axis',(-3.89965837399582E-15,-1.,2.52435489670724E-29));
#4510=DIRECTION('ref_axis',(0.923879532511288,1.07717992070009E-15,-0.382683432365087));
#4511=DIRECTION('center_axis',(0.500000000000011,-0.707106781186532,-0.500000000000011));
#4512=DIRECTION('ref_axis',(-0.707106781186547,0.,-0.707106781186548));
#4513=DIRECTION('',(0.816496580927714,0.577350269189642,1.19313837751641E-15));
#4514=DIRECTION('center_axis',(-0.707106781186549,-0.707106781186546,-1.03328814515938E-15));
#4515=DIRECTION('ref_axis',(1.46129010872376E-15,-3.94430452610506E-29,
-1.));
#4516=DIRECTION('',(-1.46129010872376E-15,3.78653234506086E-29,1.));
#4517=DIRECTION('',(-0.707106781186546,0.707106781186549,2.10689677220815E-15));
#4518=DIRECTION('center_axis',(1.46129010872376E-15,-3.78653234506086E-29,
-1.));
#4519=DIRECTION('ref_axis',(0.382683432365091,0.923879532511286,5.59211514487534E-16));
#4520=DIRECTION('',(1.46129010872376E-15,-3.78653234506086E-29,-1.));
#4521=DIRECTION('center_axis',(2.97960198977686E-15,1.89326617253043E-29,
1.));
#4522=DIRECTION('ref_axis',(0.382683432365091,0.923879532511286,-1.14024431652968E-15));
#4523=DIRECTION('center_axis',(5.41233724504803E-16,-1.,3.78653234506086E-29));
#4524=DIRECTION('ref_axis',(1.46129010872376E-15,-3.94430452610506E-29,
-1.));
#4525=DIRECTION('',(-1.46129010872376E-15,3.78653234506086E-29,1.));
#4526=DIRECTION('',(2.97960198977686E-15,3.78653234506086E-29,1.));
#4527=DIRECTION('',(1.,4.6224759650718E-30,1.46129010872376E-15));
#4528=DIRECTION('',(1.,5.41233724504636E-16,-2.97960198977686E-15));
#4529=DIRECTION('center_axis',(-1.46129010872376E-15,3.78653234506086E-29,
1.));
#4530=DIRECTION('ref_axis',(-0.382683432365093,0.923879532511286,-5.59211514487594E-16));
#4531=DIRECTION('',(1.46129010872376E-15,-3.78653234506086E-29,-1.));
#4532=DIRECTION('center_axis',(0.707106781186549,-0.707106781186546,1.03328814515942E-15));
#4533=DIRECTION('ref_axis',(1.46129010872376E-15,-3.94430452610506E-29,
-1.));
#4534=DIRECTION('',(-1.46129010872376E-15,3.78653234506086E-29,1.));
#4535=DIRECTION('center_axis',(-3.89965837399582E-15,-1.,2.52435489670724E-29));
#4536=DIRECTION('ref_axis',(1.,-3.90312782094795E-15,-3.34042447278005E-15));
#4537=DIRECTION('',(1.,-3.89965837399586E-15,1.46129010872376E-15));
#4538=DIRECTION('',(-2.97960198977687E-15,-1.89326617253043E-29,-1.));
#4539=DIRECTION('center_axis',(-3.89965837399582E-15,-1.,2.52435489670724E-29));
#4540=DIRECTION('ref_axis',(1.64498712859586E-15,-3.16584367982166E-29,
-1.));
#4541=DIRECTION('center_axis',(-0.707106781186549,-3.90038515154938E-16,
-0.707106781186546));
#4542=DIRECTION('ref_axis',(-0.705757556807952,-0.0617457854184271,0.705757556807954));
#4543=DIRECTION('',(5.41233724504803E-16,-1.,3.78653234506086E-29));
#4544=DIRECTION('',(5.41233724504803E-16,-1.,1.1878475307427E-17));
#4545=DIRECTION('center_axis',(0.,-1.,0.));
#4546=DIRECTION('ref_axis',(1.64498712859586E-15,-3.16096865219465E-29,
-1.));
#4547=DIRECTION('',(1.24977715921834E-15,0.707106781186505,-0.70710678118659));
#4548=DIRECTION('center_axis',(3.89965837399582E-15,1.,-2.52435489670724E-29));
#4549=DIRECTION('ref_axis',(1.64498712859586E-15,-3.15544362088405E-29,
-1.));
#4550=DIRECTION('center_axis',(3.89965837399582E-15,1.,-2.52435489670724E-29));
#4551=DIRECTION('ref_axis',(1.64498712859586E-15,-3.15544362088405E-29,
-1.));
#4552=DIRECTION('',(3.89965837399582E-15,1.,-2.52435489670724E-29));
#4553=DIRECTION('center_axis',(3.89965837399582E-15,1.,-2.52435489670724E-29));
#4554=DIRECTION('ref_axis',(1.64498712859586E-15,-3.15544362088405E-29,
-1.));
#4555=DIRECTION('center_axis',(1.30685728631857E-15,-2.99319528911002E-14,
-1.));
#4556=DIRECTION('ref_axis',(0.707106781186548,0.707106781186547,-2.02409992142543E-14));
#4557=DIRECTION('center_axis',(-1.06980442118096E-15,-0.707106781186526,
0.707106781186569));
#4558=DIRECTION('ref_axis',(-8.62755912531574E-16,0.707106781186569,0.707106781186526));
#4559=DIRECTION('center_axis',(1.06980442118096E-15,-0.707106781186569,
-0.707106781186526));
#4560=DIRECTION('ref_axis',(6.68538746418346E-16,0.707106781186526,-0.707106781186569));
#4561=DIRECTION('center_axis',(-1.06980442118096E-15,0.707106781186569,
0.707106781186526));
#4562=DIRECTION('ref_axis',(1.,1.38777878078206E-17,1.51194543190211E-15));
#4563=DIRECTION('center_axis',(1.06980442118096E-15,-0.707106781186569,
-0.707106781186526));
#4564=DIRECTION('ref_axis',(6.27650921973456E-16,0.707106781186526,-0.707106781186569));
#4565=DIRECTION('center_axis',(-3.03923552991137E-15,1.,-2.99319528911002E-14));
#4566=DIRECTION('ref_axis',(-1.30685728631857E-15,2.99319528911002E-14,
1.));
#4567=DIRECTION('center_axis',(-1.30685728631857E-15,2.99319528911002E-14,
1.));
#4568=DIRECTION('ref_axis',(-0.70710678118655,0.707106781186545,-2.20891745126521E-14));
#4569=DIRECTION('center_axis',(-1.06980442118096E-15,-0.707106781186526,
0.707106781186569));
#4570=DIRECTION('ref_axis',(-7.70758307530571E-16,0.707106781186569,0.707106781186526));
#4571=DIRECTION('center_axis',(1.06980442118096E-15,0.707106781186526,-0.707106781186569));
#4572=DIRECTION('ref_axis',(-1.,-1.3877787807821E-17,-1.52582321970993E-15));
#4573=DIRECTION('center_axis',(-5.41233724504803E-16,1.,-1.18784753074207E-17));
#4574=DIRECTION('ref_axis',(-0.923879532511287,-8.24077008970481E-16,-0.38268343236509));
#4575=DIRECTION('',(-5.41233724504803E-16,1.,-1.18784753074207E-17));
#4576=DIRECTION('center_axis',(-1.,-5.41233724504768E-16,-1.46129010872376E-15));
#4577=DIRECTION('ref_axis',(1.46129010872376E-15,-1.57772181044202E-29,
-1.));
#4578=DIRECTION('',(5.41233724504803E-16,-1.,-7.74768042598469E-18));
#4579=DIRECTION('center_axis',(5.41233724504803E-16,-1.,-7.74768042598469E-18));
#4580=DIRECTION('ref_axis',(-0.923879532511287,-8.96768679198453E-16,0.382683432365089));
#4581=DIRECTION('',(-5.41233724504803E-16,1.,7.74768042598469E-18));
#4582=DIRECTION('center_axis',(-5.41233724504803E-16,1.,7.74768042606042E-18));
#4583=DIRECTION('ref_axis',(0.923879532511286,6.57543555276739E-16,0.382683432365091));
#4584=DIRECTION('',(5.41233724504803E-16,-1.,-7.74768042606042E-18));
#4585=DIRECTION('',(-5.41233724504803E-16,1.,7.74768042606042E-18));
#4586=DIRECTION('center_axis',(1.,5.41233724504768E-16,1.46129010872376E-15));
#4587=DIRECTION('ref_axis',(-1.46129010872376E-15,1.57772181044202E-29,
1.));
#4588=DIRECTION('',(5.41233724504803E-16,-1.,-1.75607582928798E-17));
#4589=DIRECTION('center_axis',(5.55111512312617E-16,-1.,-1.75607582928798E-17));
#4590=DIRECTION('ref_axis',(0.923879532511288,1.07717992070009E-15,-0.382683432365087));
#4591=DIRECTION('center_axis',(0.707106781186547,3.76160727347167E-16,0.707106781186548));
#4592=DIRECTION('ref_axis',(0.705757556807953,0.0617457854184272,-0.705757556807952));
#4593=DIRECTION('',(5.41233724504803E-16,-1.,3.78653234506086E-29));
#4594=DIRECTION('center_axis',(-0.707106781186547,-3.87117602082577E-16,
0.707106781186548));
#4595=DIRECTION('ref_axis',(0.705757556807951,0.0617457854184694,0.705757556807951));
#4596=DIRECTION('',(-5.41233724504803E-16,1.,-3.78653234506086E-29));
#4597=DIRECTION('center_axis',(-1.46129010872376E-15,3.78653234506086E-29,
1.));
#4598=DIRECTION('ref_axis',(-1.,-4.6224759650718E-30,-1.46129010872376E-15));
#4599=DIRECTION('center_axis',(1.46129010872376E-15,-3.78653234506086E-29,
-1.));
#4600=DIRECTION('ref_axis',(1.,4.6224759650718E-30,1.46129010872376E-15));
#4601=DIRECTION('center_axis',(-3.34042447278005E-15,1.00115725600785E-16,
-1.));
#4602=DIRECTION('ref_axis',(-0.41771938867521,0.90857609055313,1.48632282325465E-15));
#4603=DIRECTION('',(-0.763885625546023,-0.645351649168235,2.48709238935468E-15));
#4604=DIRECTION('center_axis',(-3.34042447278005E-15,1.00115725600785E-16,
-1.));
#4605=DIRECTION('ref_axis',(-1.,-3.46389583683047E-14,3.34042447278005E-15));
#4606=DIRECTION('',(0.763885625546067,-0.645351649168183,-2.61631208660312E-15));
#4607=DIRECTION('center_axis',(-3.34042447278005E-15,1.00115725600785E-16,
-1.));
#4608=DIRECTION('ref_axis',(-0.41771938867515,-0.908576090553158,1.30439731411593E-15));
#4609=DIRECTION('center_axis',(-3.34042447278005E-15,1.00115725600785E-16,
-1.));
#4610=DIRECTION('ref_axis',(0.826033430600132,0.563621124099316,-2.70287494910801E-15));
#4611=DIRECTION('',(-0.763885625546067,0.645351649168183,2.61631208660312E-15));
#4612=DIRECTION('center_axis',(-3.34042447278005E-15,1.00115725600785E-16,
-1.));
#4613=DIRECTION('ref_axis',(-3.38756800388751E-14,1.,1.00115725600905E-16));
#4614=DIRECTION('',(-0.763885625546023,-0.645351649168235,2.48709238935468E-15));
#4615=DIRECTION('center_axis',(-3.34042447278005E-15,1.00115725600785E-16,
-1.));
#4616=DIRECTION('ref_axis',(-0.826033430600161,0.563621124099273,2.81572962471437E-15));
#4617=DIRECTION('center_axis',(-3.34042447278005E-15,1.00115725600785E-16,
-1.));
#4618=DIRECTION('ref_axis',(0.417719388675203,-0.908576090553133,-1.48632282325463E-15));
#4619=DIRECTION('',(0.763885625546023,0.645351649168235,-2.48709238935468E-15));
#4620=DIRECTION('center_axis',(-3.34042447278005E-15,1.00115725600785E-16,
-1.));
#4621=DIRECTION('ref_axis',(1.,3.46389583683047E-14,-3.34042447278005E-15));
#4622=DIRECTION('',(-0.763885625546067,0.645351649168183,2.61631208660312E-15));
#4623=DIRECTION('center_axis',(-3.34042447278005E-15,1.00115725600785E-16,
-1.));
#4624=DIRECTION('ref_axis',(0.417719388675143,0.908576090553161,-1.30439731411591E-15));
#4625=DIRECTION('center_axis',(-3.34042447278005E-15,1.00115725600785E-16,
-1.));
#4626=DIRECTION('ref_axis',(-3.89965837399582E-15,-1.,-1.00115725600785E-16));
#4627=DIRECTION('center_axis',(1.46129010872376E-15,-3.78653234506086E-29,
-1.));
#4628=DIRECTION('ref_axis',(0.74535601880931,0.666666637251884,1.08918137776374E-15));
#4629=DIRECTION('center_axis',(3.34042447278005E-15,-1.00115725600785E-16,
1.));
#4630=DIRECTION('ref_axis',(-3.9127651735921E-15,-1.,-1.00115725600778E-16));
#4631=DIRECTION('center_axis',(3.34042447278005E-15,-1.00115725600785E-16,
1.));
#4632=DIRECTION('ref_axis',(-3.9127651735921E-15,-1.,-1.00115725600778E-16));
#4633=DIRECTION('center_axis',(3.34042447278005E-15,-1.00115725600785E-16,
1.));
#4634=DIRECTION('ref_axis',(-3.9127651735921E-15,-1.,-1.00115725600778E-16));
#4635=DIRECTION('center_axis',(3.34042447278005E-15,-1.00115725600785E-16,
1.));
#4636=DIRECTION('ref_axis',(-3.9127651735921E-15,-1.,-1.00115725600778E-16));
#4637=DIRECTION('center_axis',(1.46129010872376E-15,-3.78653234506086E-29,
-1.));
#4638=DIRECTION('ref_axis',(-0.707106781186548,0.707106781186547,-1.03328814515942E-15));
#4639=DIRECTION('',(1.38777878077753E-17,1.,-3.15544362088405E-29));
#4640=DIRECTION('center_axis',(1.46129010872376E-15,-3.78653234506086E-29,
-1.));
#4641=DIRECTION('ref_axis',(-0.978945114437301,-0.204123646154332,-1.43052281271067E-15));
#4642=DIRECTION('center_axis',(-3.34042447278005E-15,1.00115725600785E-16,
-1.));
#4643=DIRECTION('ref_axis',(-3.89965837399582E-15,-1.,-1.00115725600785E-16));
#4644=DIRECTION('center_axis',(-3.34042447278005E-15,1.00115725600785E-16,
-1.));
#4645=DIRECTION('ref_axis',(-0.826033430600125,-0.563621124099327,2.70287494910798E-15));
#4646=DIRECTION('',(0.763885625546067,-0.645351649168183,-2.61631208660312E-15));
#4647=DIRECTION('center_axis',(-3.34042447278005E-15,1.00115725600785E-16,
-1.));
#4648=DIRECTION('ref_axis',(3.33066907387547E-14,-1.,-1.00115725600899E-16));
#4649=DIRECTION('',(0.763885625546023,0.645351649168235,-2.48709238935468E-15));
#4650=DIRECTION('center_axis',(-3.34042447278005E-15,1.00115725600785E-16,
-1.));
#4651=DIRECTION('ref_axis',(0.826033430600166,-0.563621124099267,-2.81572962471438E-15));
#4652=DIRECTION('center_axis',(-3.89965837399582E-15,-1.,2.52435489670724E-29));
#4653=DIRECTION('ref_axis',(-1.,3.90312782094781E-15,-1.46129010872376E-15));
#4654=DIRECTION('center_axis',(-3.89965837399582E-15,-1.,2.52435489670724E-29));
#4655=DIRECTION('ref_axis',(-1.,3.90312782094781E-15,-1.46129010872376E-15));
#4656=DIRECTION('center_axis',(2.97960198977687E-15,1.89326617253043E-29,
1.));
#4657=DIRECTION('ref_axis',(0.74535601880931,0.666666637251884,-2.2208642767364E-15));
#4658=DIRECTION('',(2.97960198977687E-15,1.89326617253043E-29,1.));
#4659=DIRECTION('center_axis',(-2.97960198977687E-15,-1.89326617253043E-29,
-1.));
#4660=DIRECTION('ref_axis',(-3.89965837399582E-15,-1.,1.89326617253043E-29));
#4661=DIRECTION('',(-2.97960198977687E-15,-1.89326617253043E-29,-1.));
#4662=DIRECTION('center_axis',(-3.34042447278005E-15,1.00115725600785E-16,
-1.));
#4663=DIRECTION('ref_axis',(0.763885625546069,-0.645351649168181,-2.61631208660313E-15));
#4664=DIRECTION('',(2.97960198977687E-15,1.89326617253043E-29,1.));
#4665=DIRECTION('',(-2.97960198977687E-15,-1.89326617253043E-29,-1.));
#4666=DIRECTION('center_axis',(-2.97960198977686E-15,-3.78653234506086E-29,
-1.));
#4667=DIRECTION('ref_axis',(-0.707106781186548,0.707106781186547,2.10689677220813E-15));
#4668=DIRECTION('',(-2.97960198977686E-15,-3.78653234506086E-29,-1.));
#4669=DIRECTION('center_axis',(1.,-1.38777878079428E-17,-2.97960198977686E-15));
#4670=DIRECTION('ref_axis',(1.73472347597288E-17,1.,1.00115725600793E-16));
#4671=DIRECTION('',(2.97960198977686E-15,1.89326617253043E-29,1.));
#4672=DIRECTION('center_axis',(-2.97960198977687E-15,-1.89326617253043E-29,
-1.));
#4673=DIRECTION('ref_axis',(-0.978945114437301,-0.204123646154332,2.91686681085973E-15));
#4674=DIRECTION('center_axis',(2.97960198977687E-15,1.89326617253043E-29,
1.));
#4675=DIRECTION('ref_axis',(-0.826033430600125,-0.563621124099327,2.46125085343835E-15));
#4676=DIRECTION('center_axis',(2.34551099833073E-15,2.59746571954317E-15,
1.));
#4677=DIRECTION('ref_axis',(-0.946619812357901,-0.322352184499334,3.0576059299801E-15));
#4678=DIRECTION('',(-3.15299610179713E-15,-2.0524201014646E-16,-1.));
#4679=DIRECTION('center_axis',(-0.40019703138605,-0.916429122229206,4.9745617163699E-14));
#4680=DIRECTION('ref_axis',(-0.916429122229206,0.40019703138605,3.10172328684071E-15));
#4681=DIRECTION('center_axis',(-3.34042447278005E-15,1.00115725600785E-16,
-1.));
#4682=DIRECTION('ref_axis',(4.736951571734E-15,1.,0.));
#4683=DIRECTION('center_axis',(-0.836703103126727,-0.547656751275929,2.49304223092895E-15));
#4684=DIRECTION('ref_axis',(-0.547656751275929,0.836703103126728,-8.00285393615336E-16));
#4685=DIRECTION('center_axis',(3.34042447278005E-15,-1.00115725600785E-16,
1.));
#4686=DIRECTION('ref_axis',(0.763885625546069,-0.645351649168181,-2.61631208660313E-15));
#4687=DIRECTION('center_axis',(-4.96054385588754E-14,8.26124325581441E-15,
-1.));
#4688=DIRECTION('ref_axis',(0.159697300501838,0.987166030722505,2.33364085613202E-16));
#4689=DIRECTION('center_axis',(2.97960198977687E-15,1.89326617253043E-29,
1.));
#4690=DIRECTION('ref_axis',(0.417719388675143,0.908576090553161,-1.24463752166485E-15));
#4691=DIRECTION('',(3.15299610179713E-15,2.0524201014646E-16,1.));
#4692=DIRECTION('center_axis',(2.97960198977686E-15,1.89326617253043E-29,
1.));
#4693=DIRECTION('ref_axis',(-0.826033430600161,0.563621124099273,2.46125085343844E-15));
#4694=DIRECTION('center_axis',(2.34551099833088E-15,-2.59746571954283E-15,
1.));
#4695=DIRECTION('ref_axis',(-0.645351649168237,0.763885625546022,3.4978461169224E-15));
#4696=DIRECTION('',(3.15299610179715E-15,-2.05242010146428E-16,1.));
#4697=DIRECTION('center_axis',(-0.400197031386182,0.916429122229149,4.74689154007369E-15));
#4698=DIRECTION('ref_axis',(-1.18613861867781E-14,1.57772181044203E-29,
-1.));
#4699=DIRECTION('center_axis',(3.34042447278005E-15,-1.00115725600785E-16,
1.));
#4700=DIRECTION('ref_axis',(-4.736951571734E-15,-1.,0.));
#4701=DIRECTION('center_axis',(-0.836703103126765,0.547656751275872,2.49304223092901E-15));
#4702=DIRECTION('ref_axis',(-2.9796019897769E-15,-2.76101316827356E-29,
-1.));
#4703=DIRECTION('center_axis',(3.34042447278005E-15,-1.00115725600785E-16,
1.));
#4704=DIRECTION('ref_axis',(0.763885625546022,0.645351649168237,-2.48709238935469E-15));
#4705=DIRECTION('center_axis',(-1.55609527804765E-14,-2.75374775193948E-15,
-1.));
#4706=DIRECTION('ref_axis',(0.645351649168224,-0.763885625546033,-7.93873821542306E-15));
#4707=DIRECTION('center_axis',(-2.97960198977686E-15,-1.89326617253043E-29,
-1.));
#4708=DIRECTION('ref_axis',(0.417719388675203,-0.908576090553133,-1.244637521665E-15));
#4709=DIRECTION('',(-3.15299610179715E-15,2.05242010146428E-16,-1.));
#4710=DIRECTION('center_axis',(-0.645351649168235,0.763885625546023,2.19157265542484E-15));
#4711=DIRECTION('ref_axis',(-0.763885625546023,-0.645351649168235,2.48709238935469E-15));
#4712=DIRECTION('',(-0.763885625546023,-0.645351649168235,2.48709238935468E-15));
#4713=DIRECTION('',(3.3959356240113E-15,2.52435489670724E-29,1.));
#4714=DIRECTION('center_axis',(-0.763885625546023,-0.645351649168235,2.48709238935469E-15));
#4715=DIRECTION('ref_axis',(-0.456332527376777,0.540148705874519,0.707106781186551));
#4716=DIRECTION('',(0.763885625546023,0.645351649168235,-2.48709238935468E-15));
#4717=DIRECTION('center_axis',(0.763885625546021,0.645351649168238,-2.27607512983888E-15));
#4718=DIRECTION('ref_axis',(-0.645351649168238,0.763885625546021,-9.43045981578143E-16));
#4719=DIRECTION('center_axis',(-3.34042447278005E-15,1.00115725600785E-16,
-1.));
#4720=DIRECTION('ref_axis',(-3.90312782094778E-15,-1.,-1.00115725600777E-16));
#4721=DIRECTION('',(-0.763885625546067,0.645351649168183,2.61631208660312E-15));
#4722=DIRECTION('center_axis',(3.34042447278005E-15,-1.00115725600785E-16,
1.));
#4723=DIRECTION('ref_axis',(1.,3.52033217391559E-14,-3.34042447278005E-15));
#4724=DIRECTION('',(-0.763885625546023,-0.645351649168235,2.48709238935468E-15));
#4725=DIRECTION('center_axis',(3.34042447278005E-15,-1.00115725600785E-16,
1.));
#4726=DIRECTION('ref_axis',(-3.4359089647514E-14,1.,1.00115725600911E-16));
#4727=DIRECTION('',(-0.763885625546067,0.645351649168183,2.61631208660312E-15));
#4728=DIRECTION('center_axis',(3.34042447278005E-15,-1.00115725600785E-16,
1.));
#4729=DIRECTION('ref_axis',(-0.763885625546065,0.645351649168186,2.61631208660312E-15));
#4730=DIRECTION('',(0.763885625546067,-0.645351649168183,-2.61631208660312E-15));
#4731=DIRECTION('center_axis',(3.34042447278005E-15,-1.00115725600785E-16,
1.));
#4732=DIRECTION('ref_axis',(-1.,-3.51686272696363E-14,3.34042447278005E-15));
#4733=DIRECTION('',(-0.763885625546023,-0.645351649168235,2.48709238935468E-15));
#4734=DIRECTION('center_axis',(3.34042447278005E-15,-1.00115725600785E-16,
1.));
#4735=DIRECTION('ref_axis',(-0.763885625546022,-0.645351649168237,2.48709238935469E-15));
#4736=DIRECTION('',(0.763885625546023,0.645351649168235,-2.48709238935468E-15));
#4737=DIRECTION('center_axis',(3.34042447278005E-15,-1.00115725600785E-16,
1.));
#4738=DIRECTION('ref_axis',(3.5330534794061E-14,-1.,-1.00115725600911E-16));
#4739=DIRECTION('',(0.763885625546067,-0.645351649168183,-2.61631208660312E-15));
#4740=DIRECTION('center_axis',(0.763885625546023,0.645351649168235,-2.48709238935469E-15));
#4741=DIRECTION('ref_axis',(0.456332527376784,-0.540148705874522,0.707106781186545));
#4742=DIRECTION('',(0.763885625546023,0.645351649168235,-2.48709238935468E-15));
#4743=DIRECTION('center_axis',(-0.763885625546022,-0.645351649168237,2.2760751298389E-15));
#4744=DIRECTION('ref_axis',(0.645351649168237,-0.763885625546022,-3.49784611692251E-15));
#4745=DIRECTION('center_axis',(0.645351649168235,-0.763885625546023,-2.19157265542484E-15));
#4746=DIRECTION('ref_axis',(0.763885625546023,0.645351649168235,-2.48709238935469E-15));
#4747=DIRECTION('',(-3.3959356240113E-15,-2.52435489670724E-29,-1.));
#4748=DIRECTION('center_axis',(2.97960198977687E-15,1.89326617253043E-29,
1.));
#4749=DIRECTION('ref_axis',(0.826033430600132,0.563621124099316,-2.46125085343838E-15));
#4750=DIRECTION('center_axis',(2.34551099833068E-15,2.5974657195434E-15,
1.));
#4751=DIRECTION('ref_axis',(0.946619812357907,0.322352184499316,-3.0576059299801E-15));
#4752=DIRECTION('',(-3.15299610179713E-15,-2.0524201014646E-16,-1.));
#4753=DIRECTION('center_axis',(0.400197031386187,0.916429122229146,-7.04677481409953E-14));
#4754=DIRECTION('ref_axis',(0.916429122229146,-0.400197031386187,-3.10172328684077E-15));
#4755=DIRECTION('center_axis',(-3.34042447278005E-15,1.00115725600785E-16,
-1.));
#4756=DIRECTION('ref_axis',(3.94745964311167E-15,1.,0.));
#4757=DIRECTION('center_axis',(0.836703103126727,0.547656751275929,-2.49304223092884E-15));
#4758=DIRECTION('ref_axis',(0.547656751275929,-0.836703103126728,8.00285393615336E-16));
#4759=DIRECTION('center_axis',(-5.15305115309117E-14,4.07404169806601E-15,
-1.));
#4760=DIRECTION('ref_axis',(-0.159697300501834,-0.987166030722506,4.20752801288743E-15));
#4761=DIRECTION('center_axis',(2.97960198977687E-15,1.89326617253043E-29,
1.));
#4762=DIRECTION('ref_axis',(-0.41771938867515,-0.908576090553158,1.24463752166486E-15));
#4763=DIRECTION('',(3.15299610179713E-15,2.0524201014646E-16,1.));
#4764=DIRECTION('center_axis',(2.97960198977687E-15,1.89326617253043E-29,
1.));
#4765=DIRECTION('ref_axis',(-0.41771938867521,0.90857609055313,1.24463752166502E-15));
#4766=DIRECTION('center_axis',(4.63782863312815E-16,-4.18720155774803E-15,
1.));
#4767=DIRECTION('ref_axis',(-0.159697300501902,0.987166030722495,4.20752801288728E-15));
#4768=DIRECTION('',(-3.15299610179715E-15,2.05242010146422E-16,-1.));
#4769=DIRECTION('center_axis',(-0.836703103126764,0.547656751275873,-4.93837416800426E-15));
#4770=DIRECTION('ref_axis',(0.547656751275873,0.836703103126764,-3.64060670488544E-15));
#4771=DIRECTION('center_axis',(-3.34042447278005E-15,1.00115725600785E-16,
-1.));
#4772=DIRECTION('ref_axis',(3.94745964311167E-15,1.,0.));
#4773=DIRECTION('center_axis',(-0.400197031386182,0.916429122229149,2.08104378828418E-15));
#4774=DIRECTION('ref_axis',(0.916429122229149,0.400197031386181,-3.10172328684079E-15));
#4775=DIRECTION('center_axis',(-2.34551099833088E-15,2.59746571954296E-15,
-1.));
#4776=DIRECTION('ref_axis',(0.946619812357929,-0.322352184499252,-3.05760592998003E-15));
#4777=DIRECTION('center_axis',(2.97960198977687E-15,1.89326617253043E-29,
1.));
#4778=DIRECTION('ref_axis',(0.826033430600166,-0.563621124099267,-2.46125085343846E-15));
#4779=DIRECTION('',(3.15299610179715E-15,-2.05242010146422E-16,1.));
#4780=DIRECTION('center_axis',(0.763885625546067,-0.645351649168183,-2.61631208660311E-15));
#4781=DIRECTION('ref_axis',(-0.456332527376738,-0.540148705874548,0.707106781186555));
#4782=DIRECTION('',(0.763885625546067,-0.645351649168183,-2.61631208660312E-15));
#4783=DIRECTION('center_axis',(-0.763885625546071,0.645351649168178,2.27607512983901E-15));
#4784=DIRECTION('ref_axis',(-0.645351649168178,-0.763885625546071,3.49784611692265E-15));
#4785=DIRECTION('center_axis',(3.34042447278005E-15,-1.00115725600785E-16,
1.));
#4786=DIRECTION('ref_axis',(-4.06024420434343E-15,-1.,-6.34413156928661E-17));
#4787=DIRECTION('center_axis',(-3.34042447278005E-15,1.00115725600785E-16,
-1.));
#4788=DIRECTION('ref_axis',(1.,3.52079476684251E-14,-3.34042447278005E-15));
#4789=DIRECTION('center_axis',(3.3959356240113E-15,2.52435489670724E-29,
1.));
#4790=DIRECTION('ref_axis',(1.,3.46389583683047E-14,-3.3959356240113E-15));
#4791=DIRECTION('',(-3.3959356240113E-15,-2.52435489670724E-29,-1.));
#4792=DIRECTION('center_axis',(-0.645351649168183,-0.763885625546067,2.19157265542468E-15));
#4793=DIRECTION('ref_axis',(0.763885625546067,-0.645351649168183,-2.61631208660312E-15));
#4794=DIRECTION('center_axis',(3.34042447278005E-15,-1.00115725600785E-16,
1.));
#4795=DIRECTION('ref_axis',(-3.32432494230618E-14,1.,6.34413156928661E-17));
#4796=DIRECTION('center_axis',(-0.763885625546061,0.645351649168191,2.27607512983898E-15));
#4797=DIRECTION('ref_axis',(-0.645351649168191,-0.763885625546061,3.49784611692267E-15));
#4798=DIRECTION('center_axis',(-3.34042447278005E-15,1.00115725600785E-16,
-1.));
#4799=DIRECTION('ref_axis',(-3.43752803999564E-14,1.,1.00115725600899E-16));
#4800=DIRECTION('center_axis',(0.763885625546067,-0.645351649168183,-2.61631208660311E-15));
#4801=DIRECTION('ref_axis',(-0.456332527376738,-0.540148705874548,0.707106781186554));
#4802=DIRECTION('',(0.763885625546067,-0.645351649168183,-2.61631208660312E-15));
#4803=DIRECTION('center_axis',(-0.645351649168183,-0.763885625546067,2.19157265542468E-15));
#4804=DIRECTION('ref_axis',(0.763885625546067,-0.645351649168183,-2.61631208660312E-15));
#4805=DIRECTION('',(3.3959356240113E-15,2.52435489670724E-29,1.));
#4806=DIRECTION('center_axis',(3.3959356240113E-15,2.52435489670724E-29,
1.));
#4807=DIRECTION('ref_axis',(-3.38756800388751E-14,1.,1.0097419586829E-28));
#4808=DIRECTION('center_axis',(-0.763885625546067,0.645351649168183,2.61631208660311E-15));
#4809=DIRECTION('ref_axis',(0.456332527376747,0.540148705874553,0.707106781186544));
#4810=DIRECTION('',(-0.763885625546067,0.645351649168183,2.61631208660312E-15));
#4811=DIRECTION('center_axis',(0.763885625546065,-0.645351649168186,-2.27607512983897E-15));
#4812=DIRECTION('ref_axis',(0.645351649168186,0.763885625546065,-3.49784611692261E-15));
#4813=DIRECTION('center_axis',(3.34042447278005E-15,-1.00115725600785E-16,
1.));
#4814=DIRECTION('ref_axis',(-3.89371075064966E-15,-1.,-6.34413156928661E-17));
#4815=DIRECTION('center_axis',(-0.763885625546021,-0.645351649168238,2.70011683466957E-15));
#4816=DIRECTION('ref_axis',(0.645351649168238,-0.763885625546021,9.43045981578139E-16));
#4817=DIRECTION('center_axis',(-3.34042447278005E-15,1.00115725600785E-16,
-1.));
#4818=DIRECTION('ref_axis',(-1.,-3.51663143050017E-14,3.34042447278005E-15));
#4819=DIRECTION('center_axis',(0.763885625546023,0.645351649168235,-2.48709238935469E-15));
#4820=DIRECTION('ref_axis',(0.456332527376784,-0.540148705874522,0.707106781186545));
#4821=DIRECTION('',(0.763885625546023,0.645351649168235,-2.48709238935468E-15));
#4822=DIRECTION('center_axis',(0.645351649168235,-0.763885625546023,-2.19157265542484E-15));
#4823=DIRECTION('ref_axis',(0.763885625546023,0.645351649168235,-2.48709238935469E-15));
#4824=DIRECTION('',(3.3959356240113E-15,2.52435489670724E-29,1.));
#4825=DIRECTION('center_axis',(3.3959356240113E-15,2.52435489670724E-29,
1.));
#4826=DIRECTION('ref_axis',(-1.,-3.46389583683047E-14,3.3959356240113E-15));
#4827=DIRECTION('',(-3.3959356240113E-15,-2.52435489670724E-29,-1.));
#4828=DIRECTION('center_axis',(0.645351649168183,0.763885625546067,-2.19157265542468E-15));
#4829=DIRECTION('ref_axis',(-0.763885625546067,0.645351649168183,2.61631208660312E-15));
#4830=DIRECTION('center_axis',(-0.763885625546023,-0.645351649168235,2.48709238935469E-15));
#4831=DIRECTION('ref_axis',(-0.456332527376776,0.540148705874519,0.707106781186552));
#4832=DIRECTION('',(-0.763885625546023,-0.645351649168235,2.48709238935468E-15));
#4833=DIRECTION('center_axis',(0.763885625546023,0.645351649168235,-2.27607512983889E-15));
#4834=DIRECTION('ref_axis',(-0.645351649168235,0.763885625546023,3.49784611692252E-15));
#4835=DIRECTION('center_axis',(3.34042447278005E-15,-1.00115725600785E-16,
1.));
#4836=DIRECTION('ref_axis',(-3.80647894157197E-15,-1.,-6.34413156928661E-17));
#4837=DIRECTION('center_axis',(0.763885625546069,-0.645351649168181,-2.276075129839E-15));
#4838=DIRECTION('ref_axis',(0.645351649168181,0.763885625546069,-3.49784611692263E-15));
#4839=DIRECTION('center_axis',(-3.34042447278005E-15,1.00115725600785E-16,
-1.));
#4840=DIRECTION('ref_axis',(3.53328477586956E-14,-1.,-1.00115725600911E-16));
#4841=DIRECTION('center_axis',(-0.763885625546067,0.645351649168183,2.61631208660311E-15));
#4842=DIRECTION('ref_axis',(0.456332527376748,0.540148705874554,0.707106781186544));
#4843=DIRECTION('',(-0.763885625546067,0.645351649168183,2.61631208660312E-15));
#4844=DIRECTION('center_axis',(0.645351649168183,0.763885625546067,-2.19157265542468E-15));
#4845=DIRECTION('ref_axis',(-0.763885625546067,0.645351649168183,2.61631208660312E-15));
#4846=DIRECTION('',(3.3959356240113E-15,2.52435489670724E-29,1.));
#4847=DIRECTION('center_axis',(3.3959356240113E-15,2.52435489670724E-29,
1.));
#4848=DIRECTION('ref_axis',(3.33066907387547E-14,-1.,-1.0097419586829E-28));
#4849=DIRECTION('',(-3.3959356240113E-15,-2.52435489670724E-29,-1.));
#4850=DIRECTION('center_axis',(-0.645351649168235,0.763885625546023,2.19157265542484E-15));
#4851=DIRECTION('ref_axis',(-0.763885625546023,-0.645351649168235,2.48709238935469E-15));
#4852=DIRECTION('center_axis',(-2.97960198977687E-15,-1.89326617253043E-29,
-1.));
#4853=DIRECTION('ref_axis',(-3.9127651735921E-15,-1.,2.62953635073671E-29));
#4854=DIRECTION('',(-2.97960198977687E-15,-1.89326617253043E-29,-1.));
#4855=DIRECTION('center_axis',(-2.97960198977687E-15,-1.89326617253043E-29,
-1.));
#4856=DIRECTION('ref_axis',(-3.9127651735921E-15,-1.,2.62953635073671E-29));
#4857=DIRECTION('',(-2.97960198977687E-15,-1.89326617253043E-29,-1.));
#4858=DIRECTION('center_axis',(-2.97960198977687E-15,-1.89326617253043E-29,
-1.));
#4859=DIRECTION('ref_axis',(-3.9127651735921E-15,-1.,2.62953635073671E-29));
#4860=DIRECTION('center_axis',(-3.34042447278005E-15,1.00115725600785E-16,
-1.));
#4861=DIRECTION('ref_axis',(-3.9127651735921E-15,-1.,-1.00115725600778E-16));
#4862=DIRECTION('',(-2.97960198977687E-15,-1.89326617253043E-29,-1.));
#4863=DIRECTION('center_axis',(-2.97960198977686E-15,-1.89326617253043E-29,
-1.));
#4864=DIRECTION('ref_axis',(-3.9127651735921E-15,-1.,2.62953635073671E-29));
#4865=DIRECTION('',(-2.97960198977686E-15,-1.89326617253043E-29,-1.));
#4866=DIRECTION('center_axis',(2.97960198977686E-15,1.89326617253043E-29,
1.));
#4867=DIRECTION('ref_axis',(-3.90312782094778E-15,-1.,2.76101316827354E-29));
#4868=CARTESIAN_POINT('',(0.,0.,0.));
#4869=CARTESIAN_POINT('Origin',(2.31162311514765E-14,35.8999999999994,11.999999999999));
#4870=CARTESIAN_POINT('',(-1.99627876281726,35.8999999999994,10.4428281784056));
#4871=CARTESIAN_POINT('',(-1.94046005606639,35.8999999999994,10.302773952484));
#4872=CARTESIAN_POINT('Ctrl Pts',(-1.99627876281726,35.8999999999994,10.4428281784056));
#4873=CARTESIAN_POINT('Ctrl Pts',(-1.99418650051073,35.8999999999994,10.4159135679774));
#4874=CARTESIAN_POINT('Ctrl Pts',(-1.99010084375241,35.8999999999994,10.3633561713018));
#4875=CARTESIAN_POINT('Ctrl Pts',(-1.95673787103055,35.8999999999994,10.3226395951138));
#4876=CARTESIAN_POINT('Ctrl Pts',(-1.94046005606639,35.8999999999994,10.302773952484));
#4877=CARTESIAN_POINT('',(-1.94046005606639,35.8999999999994,10.5818673372267));
#4878=CARTESIAN_POINT('Ctrl Pts',(-1.94046005606639,35.8999999999994,10.5818673372267));
#4879=CARTESIAN_POINT('Ctrl Pts',(-1.95673952261668,35.8999999999994,10.5619192996925));
#4880=CARTESIAN_POINT('Ctrl Pts',(-1.98978856510965,35.8999999999994,10.5214226692848));
#4881=CARTESIAN_POINT('Ctrl Pts',(-1.99409408032789,35.8999999999994,10.4692840763181));
#4882=CARTESIAN_POINT('Ctrl Pts',(-1.99627876281726,35.8999999999994,10.4428281784056));
#4883=CARTESIAN_POINT('',(-1.79939106106746,35.8999999999994,10.637685894966));
#4884=CARTESIAN_POINT('Ctrl Pts',(-1.79939106106746,35.8999999999994,10.637685894966));
#4885=CARTESIAN_POINT('Ctrl Pts',(-1.82637065674582,35.8999999999994,10.6355675889234));
#4886=CARTESIAN_POINT('Ctrl Pts',(-1.87918967058958,35.8999999999994,10.6314204980061));
#4887=CARTESIAN_POINT('Ctrl Pts',(-1.92033263843231,35.8999999999994,10.5981456281879));
#4888=CARTESIAN_POINT('Ctrl Pts',(-1.94046005606639,35.8999999999994,10.5818673372267));
#4889=CARTESIAN_POINT('',(-1.5862652659415,35.8999999999994,10.6336265206335));
#4890=CARTESIAN_POINT('',(-1.5862652659415,35.8999999999994,10.6336265206335));
#4891=CARTESIAN_POINT('',(-1.56799733638751,35.8999999999994,10.9096753001211));
#4892=CARTESIAN_POINT('Ctrl Pts',(-1.56799733638751,35.8999999999994,10.9096753001211));
#4893=CARTESIAN_POINT('Ctrl Pts',(-1.57275429169192,35.8999999999994,10.8586265892218));
#4894=CARTESIAN_POINT('Ctrl Pts',(-1.58131403766393,35.8999999999994,10.7667686739093));
#4895=CARTESIAN_POINT('Ctrl Pts',(-1.58474223832702,35.8999999999994,10.6745818482254));
#4896=CARTESIAN_POINT('Ctrl Pts',(-1.5862652659415,35.8999999999994,10.6336265206335));
#4897=CARTESIAN_POINT('',(-1.55175909399974,35.8999999999994,11.1958726644514));
#4898=CARTESIAN_POINT('Ctrl Pts',(-1.55175909399974,35.8999999999994,11.1958726644514));
#4899=CARTESIAN_POINT('Ctrl Pts',(-1.55264895383856,35.8999999999994,11.1523764962357));
#4900=CARTESIAN_POINT('Ctrl Pts',(-1.55460452580272,35.8999999999994,11.0567885357505));
#4901=CARTESIAN_POINT('Ctrl Pts',(-1.56327322564197,35.8999999999994,10.9615672620695));
#4902=CARTESIAN_POINT('Ctrl Pts',(-1.56799733638751,35.8999999999994,10.9096753001211));
#4903=CARTESIAN_POINT('',(-1.60047367215145,35.8999999999994,11.8839647769926));
#4904=CARTESIAN_POINT('Ctrl Pts',(-1.60047367215145,35.8999999999994,11.8839647769926));
#4905=CARTESIAN_POINT('Ctrl Pts',(-1.58640334642421,35.8999999999994,11.7502952347614));
#4906=CARTESIAN_POINT('Ctrl Pts',(-1.56231514956386,35.8999999999994,11.5214548859366));
#4907=CARTESIAN_POINT('Ctrl Pts',(-1.55485969194424,35.8999999999994,11.29150493548));
#4908=CARTESIAN_POINT('Ctrl Pts',(-1.55175909399974,35.8999999999994,11.1958726644514));
#4909=CARTESIAN_POINT('',(-1.64918810129154,35.8999999999994,12.5740864276884));
#4910=CARTESIAN_POINT('Ctrl Pts',(-1.64918810129154,35.8999999999994,12.5740864276884));
#4911=CARTESIAN_POINT('Ctrl Pts',(-1.64609706076329,35.8999999999994,12.4779462493821));
#4912=CARTESIAN_POINT('Ctrl Pts',(-1.63868206053647,35.8999999999994,12.2473185893978));
#4913=CARTESIAN_POINT('Ctrl Pts',(-1.61454745147893,35.8999999999994,12.0178034859708));
#4914=CARTESIAN_POINT('Ctrl Pts',(-1.60047367215145,35.8999999999994,11.8839647769926));
#4915=CARTESIAN_POINT('',(-1.64208397269238,35.8999999999994,12.7770634889601));
#4916=CARTESIAN_POINT('Ctrl Pts',(-1.64208397269238,35.8999999999994,12.7770634889601));
#4917=CARTESIAN_POINT('Ctrl Pts',(-1.64413527389657,35.8999999999994,12.7374920518253));
#4918=CARTESIAN_POINT('Ctrl Pts',(-1.64764063317714,35.8999999999994,12.6698705323126));
#4919=CARTESIAN_POINT('Ctrl Pts',(-1.64873439708645,35.8999999999994,12.6021694948903));
#4920=CARTESIAN_POINT('Ctrl Pts',(-1.64918810129154,35.8999999999994,12.5740864276884));
#4921=CARTESIAN_POINT('',(-1.6349796950816,35.8999999999994,12.9800402522085));
#4922=CARTESIAN_POINT('Ctrl Pts',(-1.6349796950816,35.8999999999994,12.9800402522085));
#4923=CARTESIAN_POINT('Ctrl Pts',(-1.63543339217987,35.8999999999994,12.9519572343497));
#4924=CARTESIAN_POINT('Ctrl Pts',(-1.63652713932257,35.8999999999994,12.8842562932193));
#4925=CARTESIAN_POINT('Ctrl Pts',(-1.64003260735875,35.8999999999994,12.8166348757622));
#4926=CARTESIAN_POINT('Ctrl Pts',(-1.64208397269238,35.8999999999994,12.7770634889601));
#4927=CARTESIAN_POINT('',(-1.64715826511372,35.8999999999994,13.1190797090529));
#4928=CARTESIAN_POINT('Ctrl Pts',(-1.64715826511372,35.8999999999994,13.1190797090529));
#4929=CARTESIAN_POINT('Ctrl Pts',(-1.64363997998663,35.8999999999994,13.0921397590104));
#4930=CARTESIAN_POINT('Ctrl Pts',(-1.63760851302899,35.8999999999994,13.0459560608018));
#4931=CARTESIAN_POINT('Ctrl Pts',(-1.6357528921626,35.8999999999994,12.9994276391695));
#4932=CARTESIAN_POINT('Ctrl Pts',(-1.6349796950816,35.8999999999994,12.9800402522085));
#4933=CARTESIAN_POINT('',(-1.65933698415745,35.8999999999994,13.258118867874));
#4934=CARTESIAN_POINT('Ctrl Pts',(-1.65933698415745,35.8999999999994,13.258118867874));
#4935=CARTESIAN_POINT('Ctrl Pts',(-1.65856379390713,35.8999999999994,13.2387315297572));
#4936=CARTESIAN_POINT('Ctrl Pts',(-1.65670818841119,35.8999999999994,13.1922031997034));
#4937=CARTESIAN_POINT('Ctrl Pts',(-1.65067661419325,35.8999999999994,13.1460196077315));
#4938=CARTESIAN_POINT('Ctrl Pts',(-1.64715826511372,35.8999999999994,13.1190797090529));
#4939=CARTESIAN_POINT('',(-1.52334243059147,35.8999999999994,13.4144111871718));
#4940=CARTESIAN_POINT('Ctrl Pts',(-1.52334243059147,35.8999999999994,13.4144111871718));
#4941=CARTESIAN_POINT('Ctrl Pts',(-1.56297448352371,35.8999999999994,13.4065682302224));
#4942=CARTESIAN_POINT('Ctrl Pts',(-1.64689261826037,35.8999999999994,13.3899613105876));
#4943=CARTESIAN_POINT('Ctrl Pts',(-1.65503827838169,35.8999999999994,13.3036617163141));
#4944=CARTESIAN_POINT('Ctrl Pts',(-1.65933698415745,35.8999999999994,13.258118867874));
#4945=CARTESIAN_POINT('',(-1.182340979576,35.8999999999994,13.2337614297865));
#4946=CARTESIAN_POINT('Ctrl Pts',(-1.182340979576,35.8999999999994,13.2337614297865));
#4947=CARTESIAN_POINT('Ctrl Pts',(-1.23690515037528,35.8999999999994,13.2861898738507));
#4948=CARTESIAN_POINT('Ctrl Pts',(-1.33405465865474,35.8999999999994,13.3795367988765));
#4949=CARTESIAN_POINT('Ctrl Pts',(-1.46565543344359,35.8999999999994,13.4037829320154));
#4950=CARTESIAN_POINT('Ctrl Pts',(-1.52334243059147,35.8999999999994,13.4144111871718));
#4951=CARTESIAN_POINT('',(-0.871786214411146,35.8999999999994,12.986129760742));
#4952=CARTESIAN_POINT('Ctrl Pts',(-0.871786214411146,35.8999999999994,12.986129760742));
#4953=CARTESIAN_POINT('Ctrl Pts',(-0.916232574232751,35.8999999999994,13.0192435110716));
#4954=CARTESIAN_POINT('Ctrl Pts',(-1.02245017964948,35.8999999999994,13.0983785241636));
#4955=CARTESIAN_POINT('Ctrl Pts',(-1.12354747148798,35.8999999999994,13.1839797290234));
#4956=CARTESIAN_POINT('Ctrl Pts',(-1.182340979576,35.8999999999994,13.2337614297865));
#4957=CARTESIAN_POINT('',(-0.697226002812272,35.8999999999994,12.7547358870505));
#4958=CARTESIAN_POINT('Ctrl Pts',(-0.697226002812272,35.8999999999994,12.7547358870505));
#4959=CARTESIAN_POINT('Ctrl Pts',(-0.709282217853596,35.8999999999994,12.7916173093839));
#4960=CARTESIAN_POINT('Ctrl Pts',(-0.740507401769882,35.8999999999994,12.887138929686));
#4961=CARTESIAN_POINT('Ctrl Pts',(-0.821850272757626,35.8999999999994,12.9484755478162));
#4962=CARTESIAN_POINT('Ctrl Pts',(-0.871786214411146,35.8999999999994,12.986129760742));
#4963=CARTESIAN_POINT('',(-0.757104195654278,35.8999999999994,12.6146818101404));
#4964=CARTESIAN_POINT('Ctrl Pts',(-0.757104195654278,35.8999999999994,12.6146818101404));
#4965=CARTESIAN_POINT('Ctrl Pts',(-0.739642028246059,35.8999999999994,12.6354489208156));
#4966=CARTESIAN_POINT('Ctrl Pts',(-0.705444183761659,35.8999999999994,12.6761191540494));
#4967=CARTESIAN_POINT('Ctrl Pts',(-0.699926323118202,35.8999999999994,12.7289040926648));
#4968=CARTESIAN_POINT('Ctrl Pts',(-0.697226002812272,35.8999999999994,12.7547358870505));
#4969=CARTESIAN_POINT('',(-0.898173227906112,35.8999999999994,12.5537886619566));
#4970=CARTESIAN_POINT('Ctrl Pts',(-0.898173227906112,35.8999999999994,12.5537886619566));
#4971=CARTESIAN_POINT('Ctrl Pts',(-0.871859965424683,35.8999999999994,12.5564672834643));
#4972=CARTESIAN_POINT('Ctrl Pts',(-0.818473700911277,35.8999999999994,12.5619018659848));
#4973=CARTESIAN_POINT('Ctrl Pts',(-0.777753858668383,35.8999999999994,12.5969223699078));
#4974=CARTESIAN_POINT('Ctrl Pts',(-0.757104195654278,35.8999999999994,12.6146818101404));
#4975=CARTESIAN_POINT('',(-1.24526388943184,35.8999999999994,12.7648847699164));
#4976=CARTESIAN_POINT('Ctrl Pts',(-1.24526388943184,35.8999999999994,12.7648847699164));
#4977=CARTESIAN_POINT('Ctrl Pts',(-1.17422082061812,35.8999999999994,12.7063626078474));
#4978=CARTESIAN_POINT('Ctrl Pts',(-1.0680689212337,35.8999999999994,12.6189193320511));
#4979=CARTESIAN_POINT('Ctrl Pts',(-0.940398969721441,35.8999999999994,12.5699761874071));
#4980=CARTESIAN_POINT('Ctrl Pts',(-0.898173227906112,35.8999999999994,12.5537886619566));
#4981=CARTESIAN_POINT('',(-1.2026387453078,35.8999999999994,11.979363799095));
#4982=CARTESIAN_POINT('Ctrl Pts',(-1.2026387453078,35.8999999999994,11.979363799095));
#4983=CARTESIAN_POINT('Ctrl Pts',(-1.21553470815583,35.8999999999994,12.1309925185507));
#4984=CARTESIAN_POINT('Ctrl Pts',(-1.23776944575013,35.8999999999994,12.392425094667));
#4985=CARTESIAN_POINT('Ctrl Pts',(-1.24304719207371,35.8999999999994,12.6547191040979));
#4986=CARTESIAN_POINT('Ctrl Pts',(-1.24526388943184,35.8999999999994,12.7648847699164));
#4987=CARTESIAN_POINT('',(-1.15595400333392,35.8999999999994,11.1958726644514));
#4988=CARTESIAN_POINT('Ctrl Pts',(-1.15595400333392,35.8999999999994,11.1958726644514));
#4989=CARTESIAN_POINT('Ctrl Pts',(-1.15894326241743,35.8999999999994,11.304177580129));
#4990=CARTESIAN_POINT('Ctrl Pts',(-1.16616440196099,35.8999999999994,11.5658092712981));
#4991=CARTESIAN_POINT('Ctrl Pts',(-1.18916150866158,35.8999999999994,11.8265557777349));
#4992=CARTESIAN_POINT('Ctrl Pts',(-1.2026387453078,35.8999999999994,11.979363799095));
#4993=CARTESIAN_POINT('',(-1.173207014799,35.8999999999994,10.9096753001211));
#4994=CARTESIAN_POINT('Ctrl Pts',(-1.173207014799,35.8999999999994,10.9096753001211));
#4995=CARTESIAN_POINT('Ctrl Pts',(-1.16822355548191,35.8999999999994,10.9652867010737));
#4996=CARTESIAN_POINT('Ctrl Pts',(-1.1596888043375,35.8999999999994,11.0605276647743));
#4997=CARTESIAN_POINT('Ctrl Pts',(-1.15705141530836,35.8999999999994,11.1561036852788));
#4998=CARTESIAN_POINT('Ctrl Pts',(-1.15595400333392,35.8999999999994,11.1958726644514));
#4999=CARTESIAN_POINT('',(-1.19046010076987,35.8999999999994,10.6214478015898));
#5000=CARTESIAN_POINT('Ctrl Pts',(-1.19046010076987,35.8999999999994,10.6214478015898));
#5001=CARTESIAN_POINT('Ctrl Pts',(-1.18937088445179,35.8999999999994,10.6617246581421));
#5002=CARTESIAN_POINT('Ctrl Pts',(-1.1867678761762,35.8999999999994,10.7579782573405));
#5003=CARTESIAN_POINT('Ctrl Pts',(-1.17819349015058,35.8999999999994,10.853894657307));
#5004=CARTESIAN_POINT('Ctrl Pts',(-1.173207014799,35.8999999999994,10.9096753001211));
#5005=CARTESIAN_POINT('',(-1.10723957419383,35.8999999999994,10.6255074739455));
#5006=CARTESIAN_POINT('',(-1.10723957419383,35.8999999999994,10.6255074739455));
#5007=CARTESIAN_POINT('',(-1.00981056690204,35.8999999999994,10.6275373101233));
#5008=CARTESIAN_POINT('',(-1.00981056690204,35.8999999999994,10.6275373101233));
#5009=CARTESIAN_POINT('',(-0.691136680543298,35.8999999999994,10.4225304126738));
#5010=CARTESIAN_POINT('Ctrl Pts',(-0.691136680543298,35.8999999999994,10.4225304126738));
#5011=CARTESIAN_POINT('Ctrl Pts',(-0.711496835055226,35.8999999999994,10.4818990938852));
#5012=CARTESIAN_POINT('Ctrl Pts',(-0.760596497921569,35.8999999999994,10.6250700227007));
#5013=CARTESIAN_POINT('Ctrl Pts',(-0.917796614220178,35.8999999999994,10.6266263468335));
#5014=CARTESIAN_POINT('Ctrl Pts',(-1.00981056690204,35.8999999999994,10.6275373101233));
#5015=CARTESIAN_POINT('',(-0.794654935598248,35.8999999999994,10.2682679295538));
#5016=CARTESIAN_POINT('Ctrl Pts',(-0.794654935598248,35.8999999999994,10.2682679295538));
#5017=CARTESIAN_POINT('Ctrl Pts',(-0.764466682403187,35.8999999999994,10.2842692907943));
#5018=CARTESIAN_POINT('Ctrl Pts',(-0.702649979761911,35.8999999999994,10.3170353930019));
#5019=CARTESIAN_POINT('Ctrl Pts',(-0.695033595408974,35.8999999999994,10.386823435672));
#5020=CARTESIAN_POINT('Ctrl Pts',(-0.691136680543298,35.8999999999994,10.4225304126738));
#5021=CARTESIAN_POINT('',(-0.99357239902007,35.8999999999994,10.2499999999998));
#5022=CARTESIAN_POINT('Ctrl Pts',(-0.99357239902007,35.8999999999994,10.2499999999998));
#5023=CARTESIAN_POINT('Ctrl Pts',(-0.953141282957717,35.8999999999994,10.2498820093125));
#5024=CARTESIAN_POINT('Ctrl Pts',(-0.886168814941304,35.8999999999994,10.2496865626292));
#5025=CARTESIAN_POINT('Ctrl Pts',(-0.82062865885212,35.8999999999994,10.2629941144162));
#5026=CARTESIAN_POINT('Ctrl Pts',(-0.794654935598248,35.8999999999994,10.2682679295538));
#5027=CARTESIAN_POINT('',(-1.39546692371356,35.8999999999994,10.247970163822));
#5028=CARTESIAN_POINT('',(-1.39546692371356,35.8999999999994,10.247970163822));
#5029=CARTESIAN_POINT('',(-1.79939106106746,35.8999999999994,10.247970163822));
#5030=CARTESIAN_POINT('',(-1.79939106106746,35.8999999999994,10.247970163822));
#5031=CARTESIAN_POINT('Ctrl Pts',(-1.94046005606639,35.8999999999994,10.302773952484));
#5032=CARTESIAN_POINT('Ctrl Pts',(-1.92030021314471,35.8999999999994,10.2867921343043));
#5033=CARTESIAN_POINT('Ctrl Pts',(-1.87898614586848,35.8999999999994,10.2540401969983));
#5034=CARTESIAN_POINT('Ctrl Pts',(-1.82634509226383,35.8999999999994,10.2500257161718));
#5035=CARTESIAN_POINT('Ctrl Pts',(-1.79939106106746,35.8999999999994,10.247970163822));
#5036=CARTESIAN_POINT('Ctrl Pts',(-1.99627876281726,35.8999999999994,10.4428281784056));
#5037=CARTESIAN_POINT('Ctrl Pts',(-1.99627876281726,36.1999999999994,10.4428281784056));
#5038=CARTESIAN_POINT('Ctrl Pts',(-1.99418650051073,35.8999999999994,10.4159135679774));
#5039=CARTESIAN_POINT('Ctrl Pts',(-1.99418650051073,36.1999999999994,10.4159135679774));
#5040=CARTESIAN_POINT('Ctrl Pts',(-1.99010084375241,35.8999999999994,10.3633561713018));
#5041=CARTESIAN_POINT('Ctrl Pts',(-1.99010084375241,36.1999999999994,10.3633561713018));
#5042=CARTESIAN_POINT('Ctrl Pts',(-1.95673787103055,35.8999999999994,10.3226395951138));
#5043=CARTESIAN_POINT('Ctrl Pts',(-1.95673787103055,36.1999999999994,10.3226395951138));
#5044=CARTESIAN_POINT('Ctrl Pts',(-1.94046005606639,35.8999999999994,10.302773952484));
#5045=CARTESIAN_POINT('Ctrl Pts',(-1.94046005606639,36.1999999999994,10.302773952484));
#5046=CARTESIAN_POINT('',(-1.94046005606639,36.1999999999994,10.302773952484));
#5047=CARTESIAN_POINT('',(-1.94046005606639,36.1999999999994,10.302773952484));
#5048=CARTESIAN_POINT('',(-1.99627876281726,36.1999999999994,10.4428281784056));
#5049=CARTESIAN_POINT('Ctrl Pts',(-1.99627876281726,36.1999999999994,10.4428281784056));
#5050=CARTESIAN_POINT('Ctrl Pts',(-1.99418650051073,36.1999999999994,10.4159135679774));
#5051=CARTESIAN_POINT('Ctrl Pts',(-1.99010084375241,36.1999999999994,10.3633561713018));
#5052=CARTESIAN_POINT('Ctrl Pts',(-1.95673787103055,36.1999999999994,10.3226395951138));
#5053=CARTESIAN_POINT('Ctrl Pts',(-1.94046005606639,36.1999999999994,10.302773952484));
#5054=CARTESIAN_POINT('',(-1.99627876281726,36.1999999999994,10.4428281784056));
#5055=CARTESIAN_POINT('Ctrl Pts',(-1.94046005606639,35.8999999999994,10.5818673372267));
#5056=CARTESIAN_POINT('Ctrl Pts',(-1.94046005606639,36.1999999999994,10.5818673372267));
#5057=CARTESIAN_POINT('Ctrl Pts',(-1.95673952261668,35.8999999999994,10.5619192996925));
#5058=CARTESIAN_POINT('Ctrl Pts',(-1.95673952261668,36.1999999999994,10.5619192996924));
#5059=CARTESIAN_POINT('Ctrl Pts',(-1.98978856510965,35.8999999999994,10.5214226692848));
#5060=CARTESIAN_POINT('Ctrl Pts',(-1.98978856510965,36.1999999999994,10.5214226692848));
#5061=CARTESIAN_POINT('Ctrl Pts',(-1.99409408032789,35.8999999999994,10.4692840763181));
#5062=CARTESIAN_POINT('Ctrl Pts',(-1.99409408032789,36.1999999999994,10.4692840763181));
#5063=CARTESIAN_POINT('Ctrl Pts',(-1.99627876281726,35.8999999999994,10.4428281784056));
#5064=CARTESIAN_POINT('Ctrl Pts',(-1.99627876281726,36.1999999999994,10.4428281784056));
#5065=CARTESIAN_POINT('',(-1.94046005606639,36.1999999999994,10.5818673372267));
#5066=CARTESIAN_POINT('Ctrl Pts',(-1.94046005606639,36.1999999999994,10.5818673372267));
#5067=CARTESIAN_POINT('Ctrl Pts',(-1.95673952261668,36.1999999999994,10.5619192996924));
#5068=CARTESIAN_POINT('Ctrl Pts',(-1.98978856510965,36.1999999999994,10.5214226692848));
#5069=CARTESIAN_POINT('Ctrl Pts',(-1.99409408032789,36.1999999999994,10.4692840763181));
#5070=CARTESIAN_POINT('Ctrl Pts',(-1.99627876281726,36.1999999999994,10.4428281784056));
#5071=CARTESIAN_POINT('',(-1.94046005606639,36.1999999999994,10.5818673372267));
#5072=CARTESIAN_POINT('Ctrl Pts',(-1.79939106106746,35.8999999999994,10.637685894966));
#5073=CARTESIAN_POINT('Ctrl Pts',(-1.79939106106746,36.1999999999994,10.637685894966));
#5074=CARTESIAN_POINT('Ctrl Pts',(-1.82637065674582,35.8999999999994,10.6355675889234));
#5075=CARTESIAN_POINT('Ctrl Pts',(-1.82637065674582,36.1999999999994,10.6355675889234));
#5076=CARTESIAN_POINT('Ctrl Pts',(-1.87918967058958,35.8999999999994,10.6314204980061));
#5077=CARTESIAN_POINT('Ctrl Pts',(-1.87918967058958,36.1999999999994,10.6314204980061));
#5078=CARTESIAN_POINT('Ctrl Pts',(-1.92033263843231,35.8999999999994,10.5981456281879));
#5079=CARTESIAN_POINT('Ctrl Pts',(-1.92033263843231,36.1999999999994,10.5981456281879));
#5080=CARTESIAN_POINT('Ctrl Pts',(-1.94046005606639,35.8999999999994,10.5818673372267));
#5081=CARTESIAN_POINT('Ctrl Pts',(-1.94046005606639,36.1999999999994,10.5818673372267));
#5082=CARTESIAN_POINT('',(-1.79939106106746,36.1999999999994,10.637685894966));
#5083=CARTESIAN_POINT('Ctrl Pts',(-1.79939106106746,36.1999999999994,10.637685894966));
#5084=CARTESIAN_POINT('Ctrl Pts',(-1.82637065674582,36.1999999999994,10.6355675889234));
#5085=CARTESIAN_POINT('Ctrl Pts',(-1.87918967058958,36.1999999999994,10.6314204980061));
#5086=CARTESIAN_POINT('Ctrl Pts',(-1.92033263843231,36.1999999999994,10.5981456281879));
#5087=CARTESIAN_POINT('Ctrl Pts',(-1.94046005606639,36.1999999999994,10.5818673372267));
#5088=CARTESIAN_POINT('',(-1.79939106106746,36.1999999999994,10.637685894966));
#5089=CARTESIAN_POINT('Origin',(-1.69282816350448,36.1999999999994,10.6356562077997));
#5090=CARTESIAN_POINT('',(-1.5862652659415,36.1999999999994,10.6336265206335));
#5091=CARTESIAN_POINT('',(-0.859709545975435,36.1999999999993,10.619787925268));
#5092=CARTESIAN_POINT('',(-1.5862652659415,36.1999999999994,10.6336265206335));
#5093=CARTESIAN_POINT('Ctrl Pts',(-1.56799733638751,35.8999999999994,10.9096753001211));
#5094=CARTESIAN_POINT('Ctrl Pts',(-1.56799733638751,36.1999999999994,10.9096753001211));
#5095=CARTESIAN_POINT('Ctrl Pts',(-1.57275429169192,35.8999999999994,10.8586265892218));
#5096=CARTESIAN_POINT('Ctrl Pts',(-1.57275429169192,36.1999999999994,10.8586265892218));
#5097=CARTESIAN_POINT('Ctrl Pts',(-1.58131403766393,35.8999999999994,10.7667686739093));
#5098=CARTESIAN_POINT('Ctrl Pts',(-1.58131403766393,36.1999999999994,10.7667686739093));
#5099=CARTESIAN_POINT('Ctrl Pts',(-1.58474223832702,35.8999999999994,10.6745818482254));
#5100=CARTESIAN_POINT('Ctrl Pts',(-1.58474223832702,36.1999999999994,10.6745818482254));
#5101=CARTESIAN_POINT('Ctrl Pts',(-1.5862652659415,35.8999999999994,10.6336265206335));
#5102=CARTESIAN_POINT('Ctrl Pts',(-1.5862652659415,36.1999999999994,10.6336265206335));
#5103=CARTESIAN_POINT('',(-1.56799733638751,36.1999999999994,10.9096753001211));
#5104=CARTESIAN_POINT('Ctrl Pts',(-1.56799733638751,36.1999999999994,10.9096753001211));
#5105=CARTESIAN_POINT('Ctrl Pts',(-1.57275429169192,36.1999999999994,10.8586265892218));
#5106=CARTESIAN_POINT('Ctrl Pts',(-1.58131403766393,36.1999999999994,10.7667686739093));
#5107=CARTESIAN_POINT('Ctrl Pts',(-1.58474223832702,36.1999999999994,10.6745818482254));
#5108=CARTESIAN_POINT('Ctrl Pts',(-1.5862652659415,36.1999999999994,10.6336265206335));
#5109=CARTESIAN_POINT('',(-1.56799733638751,36.1999999999994,10.9096753001211));
#5110=CARTESIAN_POINT('Ctrl Pts',(-1.55175909399974,35.8999999999994,11.1958726644514));
#5111=CARTESIAN_POINT('Ctrl Pts',(-1.55175909399974,36.1999999999994,11.1958726644514));
#5112=CARTESIAN_POINT('Ctrl Pts',(-1.55264895383856,35.8999999999994,11.1523764962357));
#5113=CARTESIAN_POINT('Ctrl Pts',(-1.55264895383857,36.1999999999994,11.1523764962357));
#5114=CARTESIAN_POINT('Ctrl Pts',(-1.55460452580272,35.8999999999994,11.0567885357505));
#5115=CARTESIAN_POINT('Ctrl Pts',(-1.55460452580272,36.1999999999994,11.0567885357505));
#5116=CARTESIAN_POINT('Ctrl Pts',(-1.56327322564197,35.8999999999994,10.9615672620695));
#5117=CARTESIAN_POINT('Ctrl Pts',(-1.56327322564197,36.1999999999994,10.9615672620695));
#5118=CARTESIAN_POINT('Ctrl Pts',(-1.56799733638751,35.8999999999994,10.9096753001211));
#5119=CARTESIAN_POINT('Ctrl Pts',(-1.56799733638751,36.1999999999994,10.9096753001211));
#5120=CARTESIAN_POINT('',(-1.55175909399974,36.1999999999994,11.1958726644514));
#5121=CARTESIAN_POINT('Ctrl Pts',(-1.55175909399974,36.1999999999994,11.1958726644514));
#5122=CARTESIAN_POINT('Ctrl Pts',(-1.55264895383857,36.1999999999994,11.1523764962357));
#5123=CARTESIAN_POINT('Ctrl Pts',(-1.55460452580272,36.1999999999994,11.0567885357505));
#5124=CARTESIAN_POINT('Ctrl Pts',(-1.56327322564197,36.1999999999994,10.9615672620695));
#5125=CARTESIAN_POINT('Ctrl Pts',(-1.56799733638751,36.1999999999994,10.9096753001211));
#5126=CARTESIAN_POINT('',(-1.55175909399974,36.1999999999994,11.1958726644514));
#5127=CARTESIAN_POINT('Ctrl Pts',(-1.60047367215145,35.8999999999994,11.8839647769926));
#5128=CARTESIAN_POINT('Ctrl Pts',(-1.60047367215145,36.1999999999994,11.8839647769926));
#5129=CARTESIAN_POINT('Ctrl Pts',(-1.58640334642421,35.8999999999994,11.7502952347614));
#5130=CARTESIAN_POINT('Ctrl Pts',(-1.58640334642421,36.1999999999994,11.7502952347614));
#5131=CARTESIAN_POINT('Ctrl Pts',(-1.56231514956386,35.8999999999994,11.5214548859366));
#5132=CARTESIAN_POINT('Ctrl Pts',(-1.56231514956386,36.1999999999994,11.5214548859366));
#5133=CARTESIAN_POINT('Ctrl Pts',(-1.55485969194424,35.8999999999994,11.29150493548));
#5134=CARTESIAN_POINT('Ctrl Pts',(-1.55485969194424,36.1999999999994,11.29150493548));
#5135=CARTESIAN_POINT('Ctrl Pts',(-1.55175909399974,35.8999999999994,11.1958726644514));
#5136=CARTESIAN_POINT('Ctrl Pts',(-1.55175909399974,36.1999999999994,11.1958726644514));
#5137=CARTESIAN_POINT('',(-1.60047367215145,36.1999999999994,11.8839647769926));
#5138=CARTESIAN_POINT('Ctrl Pts',(-1.60047367215145,36.1999999999994,11.8839647769926));
#5139=CARTESIAN_POINT('Ctrl Pts',(-1.58640334642421,36.1999999999994,11.7502952347614));
#5140=CARTESIAN_POINT('Ctrl Pts',(-1.56231514956386,36.1999999999994,11.5214548859366));
#5141=CARTESIAN_POINT('Ctrl Pts',(-1.55485969194424,36.1999999999994,11.29150493548));
#5142=CARTESIAN_POINT('Ctrl Pts',(-1.55175909399974,36.1999999999994,11.1958726644514));
#5143=CARTESIAN_POINT('',(-1.60047367215145,36.1999999999994,11.8839647769926));
#5144=CARTESIAN_POINT('Ctrl Pts',(-1.64918810129154,35.8999999999994,12.5740864276884));
#5145=CARTESIAN_POINT('Ctrl Pts',(-1.64918810129154,36.1999999999994,12.5740864276884));
#5146=CARTESIAN_POINT('Ctrl Pts',(-1.64609706076329,35.8999999999994,12.4779462493821));
#5147=CARTESIAN_POINT('Ctrl Pts',(-1.64609706076329,36.1999999999994,12.4779462493821));
#5148=CARTESIAN_POINT('Ctrl Pts',(-1.63868206053647,35.8999999999994,12.2473185893978));
#5149=CARTESIAN_POINT('Ctrl Pts',(-1.63868206053647,36.1999999999994,12.2473185893978));
#5150=CARTESIAN_POINT('Ctrl Pts',(-1.61454745147893,35.8999999999994,12.0178034859708));
#5151=CARTESIAN_POINT('Ctrl Pts',(-1.61454745147893,36.1999999999994,12.0178034859708));
#5152=CARTESIAN_POINT('Ctrl Pts',(-1.60047367215145,35.8999999999994,11.8839647769926));
#5153=CARTESIAN_POINT('Ctrl Pts',(-1.60047367215145,36.1999999999994,11.8839647769926));
#5154=CARTESIAN_POINT('',(-1.64918810129154,36.1999999999994,12.5740864276884));
#5155=CARTESIAN_POINT('Ctrl Pts',(-1.64918810129154,36.1999999999994,12.5740864276884));
#5156=CARTESIAN_POINT('Ctrl Pts',(-1.64609706076329,36.1999999999994,12.4779462493821));
#5157=CARTESIAN_POINT('Ctrl Pts',(-1.63868206053647,36.1999999999994,12.2473185893978));
#5158=CARTESIAN_POINT('Ctrl Pts',(-1.61454745147893,36.1999999999994,12.0178034859708));
#5159=CARTESIAN_POINT('Ctrl Pts',(-1.60047367215145,36.1999999999994,11.8839647769926));
#5160=CARTESIAN_POINT('',(-1.64918810129154,36.1999999999994,12.5740864276884));
#5161=CARTESIAN_POINT('Ctrl Pts',(-1.64208397269238,35.8999999999994,12.7770634889601));
#5162=CARTESIAN_POINT('Ctrl Pts',(-1.64208397269238,36.1999999999994,12.7770634889601));
#5163=CARTESIAN_POINT('Ctrl Pts',(-1.64413527389657,35.8999999999994,12.7374920518253));
#5164=CARTESIAN_POINT('Ctrl Pts',(-1.64413527389657,36.1999999999994,12.7374920518253));
#5165=CARTESIAN_POINT('Ctrl Pts',(-1.64764063317714,35.8999999999994,12.6698705323126));
#5166=CARTESIAN_POINT('Ctrl Pts',(-1.64764063317714,36.1999999999994,12.6698705323126));
#5167=CARTESIAN_POINT('Ctrl Pts',(-1.64873439708645,35.8999999999994,12.6021694948903));
#5168=CARTESIAN_POINT('Ctrl Pts',(-1.64873439708645,36.1999999999994,12.6021694948903));
#5169=CARTESIAN_POINT('Ctrl Pts',(-1.64918810129154,35.8999999999994,12.5740864276884));
#5170=CARTESIAN_POINT('Ctrl Pts',(-1.64918810129154,36.1999999999994,12.5740864276884));
#5171=CARTESIAN_POINT('',(-1.64208397269238,36.1999999999994,12.7770634889601));
#5172=CARTESIAN_POINT('Ctrl Pts',(-1.64208397269238,36.1999999999994,12.7770634889601));
#5173=CARTESIAN_POINT('Ctrl Pts',(-1.64413527389657,36.1999999999994,12.7374920518253));
#5174=CARTESIAN_POINT('Ctrl Pts',(-1.64764063317714,36.1999999999994,12.6698705323126));
#5175=CARTESIAN_POINT('Ctrl Pts',(-1.64873439708645,36.1999999999994,12.6021694948903));
#5176=CARTESIAN_POINT('Ctrl Pts',(-1.64918810129154,36.1999999999994,12.5740864276884));
#5177=CARTESIAN_POINT('',(-1.64208397269238,36.1999999999994,12.7770634889601));
#5178=CARTESIAN_POINT('Ctrl Pts',(-1.6349796950816,35.8999999999994,12.9800402522085));
#5179=CARTESIAN_POINT('Ctrl Pts',(-1.6349796950816,36.1999999999994,12.9800402522085));
#5180=CARTESIAN_POINT('Ctrl Pts',(-1.63543339217987,35.8999999999994,12.9519572343497));
#5181=CARTESIAN_POINT('Ctrl Pts',(-1.63543339217987,36.1999999999994,12.9519572343497));
#5182=CARTESIAN_POINT('Ctrl Pts',(-1.63652713932257,35.8999999999994,12.8842562932193));
#5183=CARTESIAN_POINT('Ctrl Pts',(-1.63652713932257,36.1999999999994,12.8842562932193));
#5184=CARTESIAN_POINT('Ctrl Pts',(-1.64003260735875,35.8999999999994,12.8166348757622));
#5185=CARTESIAN_POINT('Ctrl Pts',(-1.64003260735875,36.1999999999994,12.8166348757621));
#5186=CARTESIAN_POINT('Ctrl Pts',(-1.64208397269238,35.8999999999994,12.7770634889601));
#5187=CARTESIAN_POINT('Ctrl Pts',(-1.64208397269238,36.1999999999994,12.7770634889601));
#5188=CARTESIAN_POINT('',(-1.6349796950816,36.1999999999994,12.9800402522085));
#5189=CARTESIAN_POINT('Ctrl Pts',(-1.6349796950816,36.1999999999994,12.9800402522085));
#5190=CARTESIAN_POINT('Ctrl Pts',(-1.63543339217987,36.1999999999994,12.9519572343497));
#5191=CARTESIAN_POINT('Ctrl Pts',(-1.63652713932257,36.1999999999994,12.8842562932193));
#5192=CARTESIAN_POINT('Ctrl Pts',(-1.64003260735875,36.1999999999994,12.8166348757621));
#5193=CARTESIAN_POINT('Ctrl Pts',(-1.64208397269238,36.1999999999994,12.7770634889601));
#5194=CARTESIAN_POINT('',(-1.6349796950816,36.1999999999994,12.9800402522085));
#5195=CARTESIAN_POINT('Ctrl Pts',(-1.64715826511372,35.8999999999994,13.1190797090529));
#5196=CARTESIAN_POINT('Ctrl Pts',(-1.64715826511372,36.1999999999994,13.1190797090529));
#5197=CARTESIAN_POINT('Ctrl Pts',(-1.64363997998663,35.8999999999994,13.0921397590104));
#5198=CARTESIAN_POINT('Ctrl Pts',(-1.64363997998663,36.1999999999994,13.0921397590104));
#5199=CARTESIAN_POINT('Ctrl Pts',(-1.63760851302899,35.8999999999994,13.0459560608018));
#5200=CARTESIAN_POINT('Ctrl Pts',(-1.63760851302899,36.1999999999994,13.0459560608018));
#5201=CARTESIAN_POINT('Ctrl Pts',(-1.6357528921626,35.8999999999994,12.9994276391695));
#5202=CARTESIAN_POINT('Ctrl Pts',(-1.6357528921626,36.1999999999994,12.9994276391695));
#5203=CARTESIAN_POINT('Ctrl Pts',(-1.6349796950816,35.8999999999994,12.9800402522085));
#5204=CARTESIAN_POINT('Ctrl Pts',(-1.6349796950816,36.1999999999994,12.9800402522085));
#5205=CARTESIAN_POINT('',(-1.64715826511372,36.1999999999994,13.1190797090529));
#5206=CARTESIAN_POINT('Ctrl Pts',(-1.64715826511372,36.1999999999994,13.1190797090529));
#5207=CARTESIAN_POINT('Ctrl Pts',(-1.64363997998663,36.1999999999994,13.0921397590104));
#5208=CARTESIAN_POINT('Ctrl Pts',(-1.63760851302899,36.1999999999994,13.0459560608018));
#5209=CARTESIAN_POINT('Ctrl Pts',(-1.6357528921626,36.1999999999994,12.9994276391695));
#5210=CARTESIAN_POINT('Ctrl Pts',(-1.6349796950816,36.1999999999994,12.9800402522085));
#5211=CARTESIAN_POINT('',(-1.64715826511372,36.1999999999994,13.1190797090529));
#5212=CARTESIAN_POINT('Ctrl Pts',(-1.65933698415745,35.8999999999994,13.258118867874));
#5213=CARTESIAN_POINT('Ctrl Pts',(-1.65933698415745,36.1999999999994,13.258118867874));
#5214=CARTESIAN_POINT('Ctrl Pts',(-1.65856379390713,35.8999999999994,13.2387315297572));
#5215=CARTESIAN_POINT('Ctrl Pts',(-1.65856379390713,36.1999999999994,13.2387315297572));
#5216=CARTESIAN_POINT('Ctrl Pts',(-1.65670818841119,35.8999999999994,13.1922031997034));
#5217=CARTESIAN_POINT('Ctrl Pts',(-1.65670818841119,36.1999999999994,13.1922031997034));
#5218=CARTESIAN_POINT('Ctrl Pts',(-1.65067661419325,35.8999999999994,13.1460196077315));
#5219=CARTESIAN_POINT('Ctrl Pts',(-1.65067661419325,36.1999999999994,13.1460196077315));
#5220=CARTESIAN_POINT('Ctrl Pts',(-1.64715826511372,35.8999999999994,13.1190797090529));
#5221=CARTESIAN_POINT('Ctrl Pts',(-1.64715826511372,36.1999999999994,13.1190797090529));
#5222=CARTESIAN_POINT('',(-1.65933698415745,36.1999999999994,13.258118867874));
#5223=CARTESIAN_POINT('Ctrl Pts',(-1.65933698415745,36.1999999999994,13.258118867874));
#5224=CARTESIAN_POINT('Ctrl Pts',(-1.65856379390713,36.1999999999994,13.2387315297572));
#5225=CARTESIAN_POINT('Ctrl Pts',(-1.65670818841119,36.1999999999994,13.1922031997034));
#5226=CARTESIAN_POINT('Ctrl Pts',(-1.65067661419325,36.1999999999994,13.1460196077315));
#5227=CARTESIAN_POINT('Ctrl Pts',(-1.64715826511372,36.1999999999994,13.1190797090529));
#5228=CARTESIAN_POINT('',(-1.65933698415745,36.1999999999994,13.258118867874));
#5229=CARTESIAN_POINT('Ctrl Pts',(-1.52334243059147,35.8999999999994,13.4144111871718));
#5230=CARTESIAN_POINT('Ctrl Pts',(-1.52334243059147,36.1999999999994,13.4144111871718));
#5231=CARTESIAN_POINT('Ctrl Pts',(-1.56297448352371,35.8999999999994,13.4065682302224));
#5232=CARTESIAN_POINT('Ctrl Pts',(-1.56297448352371,36.1999999999994,13.4065682302224));
#5233=CARTESIAN_POINT('Ctrl Pts',(-1.64689261826037,35.8999999999994,13.3899613105876));
#5234=CARTESIAN_POINT('Ctrl Pts',(-1.64689261826037,36.1999999999994,13.3899613105876));
#5235=CARTESIAN_POINT('Ctrl Pts',(-1.65503827838169,35.8999999999994,13.3036617163141));
#5236=CARTESIAN_POINT('Ctrl Pts',(-1.65503827838169,36.1999999999994,13.303661716314));
#5237=CARTESIAN_POINT('Ctrl Pts',(-1.65933698415745,35.8999999999994,13.258118867874));
#5238=CARTESIAN_POINT('Ctrl Pts',(-1.65933698415745,36.1999999999994,13.258118867874));
#5239=CARTESIAN_POINT('',(-1.52334243059147,36.1999999999994,13.4144111871718));
#5240=CARTESIAN_POINT('Ctrl Pts',(-1.52334243059147,36.1999999999994,13.4144111871718));
#5241=CARTESIAN_POINT('Ctrl Pts',(-1.56297448352371,36.1999999999994,13.4065682302224));
#5242=CARTESIAN_POINT('Ctrl Pts',(-1.64689261826037,36.1999999999994,13.3899613105876));
#5243=CARTESIAN_POINT('Ctrl Pts',(-1.65503827838169,36.1999999999994,13.303661716314));
#5244=CARTESIAN_POINT('Ctrl Pts',(-1.65933698415745,36.1999999999994,13.258118867874));
#5245=CARTESIAN_POINT('',(-1.52334243059147,36.1999999999994,13.4144111871718));
#5246=CARTESIAN_POINT('Ctrl Pts',(-1.182340979576,35.8999999999994,13.2337614297865));
#5247=CARTESIAN_POINT('Ctrl Pts',(-1.182340979576,36.1999999999994,13.2337614297865));
#5248=CARTESIAN_POINT('Ctrl Pts',(-1.23690515037528,35.8999999999994,13.2861898738507));
#5249=CARTESIAN_POINT('Ctrl Pts',(-1.23690515037529,36.1999999999994,13.2861898738507));
#5250=CARTESIAN_POINT('Ctrl Pts',(-1.33405465865474,35.8999999999994,13.3795367988765));
#5251=CARTESIAN_POINT('Ctrl Pts',(-1.33405465865474,36.1999999999994,13.3795367988765));
#5252=CARTESIAN_POINT('Ctrl Pts',(-1.46565543344359,35.8999999999994,13.4037829320154));
#5253=CARTESIAN_POINT('Ctrl Pts',(-1.46565543344359,36.1999999999994,13.4037829320154));
#5254=CARTESIAN_POINT('Ctrl Pts',(-1.52334243059147,35.8999999999994,13.4144111871718));
#5255=CARTESIAN_POINT('Ctrl Pts',(-1.52334243059147,36.1999999999994,13.4144111871718));
#5256=CARTESIAN_POINT('',(-1.182340979576,36.1999999999994,13.2337614297865));
#5257=CARTESIAN_POINT('Ctrl Pts',(-1.182340979576,36.1999999999994,13.2337614297865));
#5258=CARTESIAN_POINT('Ctrl Pts',(-1.23690515037529,36.1999999999994,13.2861898738507));
#5259=CARTESIAN_POINT('Ctrl Pts',(-1.33405465865474,36.1999999999994,13.3795367988765));
#5260=CARTESIAN_POINT('Ctrl Pts',(-1.46565543344359,36.1999999999994,13.4037829320154));
#5261=CARTESIAN_POINT('Ctrl Pts',(-1.52334243059147,36.1999999999994,13.4144111871718));
#5262=CARTESIAN_POINT('',(-1.182340979576,36.1999999999994,13.2337614297865));
#5263=CARTESIAN_POINT('Ctrl Pts',(-0.871786214411146,35.8999999999994,12.986129760742));
#5264=CARTESIAN_POINT('Ctrl Pts',(-0.871786214411147,36.1999999999994,12.986129760742));
#5265=CARTESIAN_POINT('Ctrl Pts',(-0.916232574232751,35.8999999999994,13.0192435110716));
#5266=CARTESIAN_POINT('Ctrl Pts',(-0.916232574232752,36.1999999999994,13.0192435110716));
#5267=CARTESIAN_POINT('Ctrl Pts',(-1.02245017964948,35.8999999999994,13.0983785241636));
#5268=CARTESIAN_POINT('Ctrl Pts',(-1.02245017964949,36.1999999999994,13.0983785241636));
#5269=CARTESIAN_POINT('Ctrl Pts',(-1.12354747148798,35.8999999999994,13.1839797290234));
#5270=CARTESIAN_POINT('Ctrl Pts',(-1.12354747148799,36.1999999999994,13.1839797290234));
#5271=CARTESIAN_POINT('Ctrl Pts',(-1.182340979576,35.8999999999994,13.2337614297865));
#5272=CARTESIAN_POINT('Ctrl Pts',(-1.182340979576,36.1999999999994,13.2337614297865));
#5273=CARTESIAN_POINT('',(-0.871786214411147,36.1999999999994,12.986129760742));
#5274=CARTESIAN_POINT('Ctrl Pts',(-0.871786214411147,36.1999999999994,12.986129760742));
#5275=CARTESIAN_POINT('Ctrl Pts',(-0.916232574232752,36.1999999999994,13.0192435110716));
#5276=CARTESIAN_POINT('Ctrl Pts',(-1.02245017964949,36.1999999999994,13.0983785241636));
#5277=CARTESIAN_POINT('Ctrl Pts',(-1.12354747148799,36.1999999999994,13.1839797290234));
#5278=CARTESIAN_POINT('Ctrl Pts',(-1.182340979576,36.1999999999994,13.2337614297865));
#5279=CARTESIAN_POINT('',(-0.871786214411147,36.1999999999994,12.986129760742));
#5280=CARTESIAN_POINT('Ctrl Pts',(-0.697226002812272,35.8999999999994,12.7547358870505));
#5281=CARTESIAN_POINT('Ctrl Pts',(-0.697226002812273,36.1999999999994,12.7547358870505));
#5282=CARTESIAN_POINT('Ctrl Pts',(-0.709282217853596,35.8999999999994,12.7916173093839));
#5283=CARTESIAN_POINT('Ctrl Pts',(-0.709282217853597,36.1999999999994,12.7916173093839));
#5284=CARTESIAN_POINT('Ctrl Pts',(-0.740507401769882,35.8999999999994,12.887138929686));
#5285=CARTESIAN_POINT('Ctrl Pts',(-0.740507401769883,36.1999999999994,12.887138929686));
#5286=CARTESIAN_POINT('Ctrl Pts',(-0.821850272757626,35.8999999999994,12.9484755478162));
#5287=CARTESIAN_POINT('Ctrl Pts',(-0.821850272757627,36.1999999999994,12.9484755478162));
#5288=CARTESIAN_POINT('Ctrl Pts',(-0.871786214411146,35.8999999999994,12.986129760742));
#5289=CARTESIAN_POINT('Ctrl Pts',(-0.871786214411147,36.1999999999994,12.986129760742));
#5290=CARTESIAN_POINT('',(-0.697226002812273,36.1999999999994,12.7547358870505));
#5291=CARTESIAN_POINT('Ctrl Pts',(-0.697226002812273,36.1999999999994,12.7547358870505));
#5292=CARTESIAN_POINT('Ctrl Pts',(-0.709282217853597,36.1999999999994,12.7916173093839));
#5293=CARTESIAN_POINT('Ctrl Pts',(-0.740507401769883,36.1999999999994,12.887138929686));
#5294=CARTESIAN_POINT('Ctrl Pts',(-0.821850272757627,36.1999999999994,12.9484755478162));
#5295=CARTESIAN_POINT('Ctrl Pts',(-0.871786214411147,36.1999999999994,12.986129760742));
#5296=CARTESIAN_POINT('',(-0.697226002812273,36.1999999999994,12.7547358870505));
#5297=CARTESIAN_POINT('Ctrl Pts',(-0.757104195654278,35.8999999999994,12.6146818101404));
#5298=CARTESIAN_POINT('Ctrl Pts',(-0.757104195654279,36.1999999999994,12.6146818101404));
#5299=CARTESIAN_POINT('Ctrl Pts',(-0.739642028246059,35.8999999999994,12.6354489208156));
#5300=CARTESIAN_POINT('Ctrl Pts',(-0.739642028246059,36.1999999999994,12.6354489208156));
#5301=CARTESIAN_POINT('Ctrl Pts',(-0.705444183761659,35.8999999999994,12.6761191540494));
#5302=CARTESIAN_POINT('Ctrl Pts',(-0.70544418376166,36.1999999999994,12.6761191540494));
#5303=CARTESIAN_POINT('Ctrl Pts',(-0.699926323118202,35.8999999999994,12.7289040926648));
#5304=CARTESIAN_POINT('Ctrl Pts',(-0.699926323118203,36.1999999999994,12.7289040926648));
#5305=CARTESIAN_POINT('Ctrl Pts',(-0.697226002812272,35.8999999999994,12.7547358870505));
#5306=CARTESIAN_POINT('Ctrl Pts',(-0.697226002812273,36.1999999999994,12.7547358870505));
#5307=CARTESIAN_POINT('',(-0.757104195654279,36.1999999999994,12.6146818101404));
#5308=CARTESIAN_POINT('Ctrl Pts',(-0.757104195654279,36.1999999999994,12.6146818101404));
#5309=CARTESIAN_POINT('Ctrl Pts',(-0.739642028246059,36.1999999999994,12.6354489208156));
#5310=CARTESIAN_POINT('Ctrl Pts',(-0.70544418376166,36.1999999999994,12.6761191540494));
#5311=CARTESIAN_POINT('Ctrl Pts',(-0.699926323118203,36.1999999999994,12.7289040926648));
#5312=CARTESIAN_POINT('Ctrl Pts',(-0.697226002812273,36.1999999999994,12.7547358870505));
#5313=CARTESIAN_POINT('',(-0.757104195654279,36.1999999999994,12.6146818101404));
#5314=CARTESIAN_POINT('Ctrl Pts',(-0.898173227906112,35.8999999999994,12.5537886619566));
#5315=CARTESIAN_POINT('Ctrl Pts',(-0.898173227906113,36.1999999999994,12.5537886619566));
#5316=CARTESIAN_POINT('Ctrl Pts',(-0.871859965424683,35.8999999999994,12.5564672834643));
#5317=CARTESIAN_POINT('Ctrl Pts',(-0.871859965424684,36.1999999999994,12.5564672834643));
#5318=CARTESIAN_POINT('Ctrl Pts',(-0.818473700911277,35.8999999999994,12.5619018659848));
#5319=CARTESIAN_POINT('Ctrl Pts',(-0.818473700911278,36.1999999999994,12.5619018659848));
#5320=CARTESIAN_POINT('Ctrl Pts',(-0.777753858668383,35.8999999999994,12.5969223699078));
#5321=CARTESIAN_POINT('Ctrl Pts',(-0.777753858668384,36.1999999999994,12.5969223699078));
#5322=CARTESIAN_POINT('Ctrl Pts',(-0.757104195654278,35.8999999999994,12.6146818101404));
#5323=CARTESIAN_POINT('Ctrl Pts',(-0.757104195654279,36.1999999999994,12.6146818101404));
#5324=CARTESIAN_POINT('',(-0.898173227906113,36.1999999999994,12.5537886619566));
#5325=CARTESIAN_POINT('Ctrl Pts',(-0.898173227906113,36.1999999999994,12.5537886619566));
#5326=CARTESIAN_POINT('Ctrl Pts',(-0.871859965424684,36.1999999999994,12.5564672834643));
#5327=CARTESIAN_POINT('Ctrl Pts',(-0.818473700911278,36.1999999999994,12.5619018659848));
#5328=CARTESIAN_POINT('Ctrl Pts',(-0.777753858668384,36.1999999999994,12.5969223699078));
#5329=CARTESIAN_POINT('Ctrl Pts',(-0.757104195654279,36.1999999999994,12.6146818101404));
#5330=CARTESIAN_POINT('',(-0.898173227906113,36.1999999999994,12.5537886619566));
#5331=CARTESIAN_POINT('Ctrl Pts',(-1.24526388943184,35.8999999999994,12.7648847699164));
#5332=CARTESIAN_POINT('Ctrl Pts',(-1.24526388943184,36.1999999999994,12.7648847699164));
#5333=CARTESIAN_POINT('Ctrl Pts',(-1.17422082061812,35.8999999999994,12.7063626078474));
#5334=CARTESIAN_POINT('Ctrl Pts',(-1.17422082061812,36.1999999999994,12.7063626078474));
#5335=CARTESIAN_POINT('Ctrl Pts',(-1.0680689212337,35.8999999999994,12.6189193320511));
#5336=CARTESIAN_POINT('Ctrl Pts',(-1.0680689212337,36.1999999999994,12.6189193320511));
#5337=CARTESIAN_POINT('Ctrl Pts',(-0.940398969721441,35.8999999999994,12.5699761874071));
#5338=CARTESIAN_POINT('Ctrl Pts',(-0.940398969721442,36.1999999999994,12.5699761874071));
#5339=CARTESIAN_POINT('Ctrl Pts',(-0.898173227906112,35.8999999999994,12.5537886619566));
#5340=CARTESIAN_POINT('Ctrl Pts',(-0.898173227906113,36.1999999999994,12.5537886619566));
#5341=CARTESIAN_POINT('',(-1.24526388943184,36.1999999999994,12.7648847699164));
#5342=CARTESIAN_POINT('Ctrl Pts',(-1.24526388943184,36.1999999999994,12.7648847699164));
#5343=CARTESIAN_POINT('Ctrl Pts',(-1.17422082061812,36.1999999999994,12.7063626078474));
#5344=CARTESIAN_POINT('Ctrl Pts',(-1.0680689212337,36.1999999999994,12.6189193320511));
#5345=CARTESIAN_POINT('Ctrl Pts',(-0.940398969721442,36.1999999999994,12.5699761874071));
#5346=CARTESIAN_POINT('Ctrl Pts',(-0.898173227906113,36.1999999999994,12.5537886619566));
#5347=CARTESIAN_POINT('',(-1.24526388943184,36.1999999999994,12.7648847699164));
#5348=CARTESIAN_POINT('Ctrl Pts',(-1.2026387453078,35.8999999999994,11.979363799095));
#5349=CARTESIAN_POINT('Ctrl Pts',(-1.20263874530781,36.1999999999994,11.979363799095));
#5350=CARTESIAN_POINT('Ctrl Pts',(-1.21553470815583,35.8999999999994,12.1309925185507));
#5351=CARTESIAN_POINT('Ctrl Pts',(-1.21553470815583,36.1999999999994,12.1309925185507));
#5352=CARTESIAN_POINT('Ctrl Pts',(-1.23776944575013,35.8999999999994,12.392425094667));
#5353=CARTESIAN_POINT('Ctrl Pts',(-1.23776944575013,36.1999999999994,12.392425094667));
#5354=CARTESIAN_POINT('Ctrl Pts',(-1.24304719207371,35.8999999999994,12.6547191040979));
#5355=CARTESIAN_POINT('Ctrl Pts',(-1.24304719207371,36.1999999999994,12.6547191040979));
#5356=CARTESIAN_POINT('Ctrl Pts',(-1.24526388943184,35.8999999999994,12.7648847699164));
#5357=CARTESIAN_POINT('Ctrl Pts',(-1.24526388943184,36.1999999999994,12.7648847699164));
#5358=CARTESIAN_POINT('',(-1.20263874530781,36.1999999999994,11.979363799095));
#5359=CARTESIAN_POINT('Ctrl Pts',(-1.20263874530781,36.1999999999994,11.979363799095));
#5360=CARTESIAN_POINT('Ctrl Pts',(-1.21553470815583,36.1999999999994,12.1309925185507));
#5361=CARTESIAN_POINT('Ctrl Pts',(-1.23776944575013,36.1999999999994,12.392425094667));
#5362=CARTESIAN_POINT('Ctrl Pts',(-1.24304719207371,36.1999999999994,12.6547191040979));
#5363=CARTESIAN_POINT('Ctrl Pts',(-1.24526388943184,36.1999999999994,12.7648847699164));
#5364=CARTESIAN_POINT('',(-1.20263874530781,36.1999999999994,11.979363799095));
#5365=CARTESIAN_POINT('Ctrl Pts',(-1.15595400333392,35.8999999999994,11.1958726644514));
#5366=CARTESIAN_POINT('Ctrl Pts',(-1.15595400333393,36.1999999999994,11.1958726644514));
#5367=CARTESIAN_POINT('Ctrl Pts',(-1.15894326241743,35.8999999999994,11.304177580129));
#5368=CARTESIAN_POINT('Ctrl Pts',(-1.15894326241743,36.1999999999994,11.304177580129));
#5369=CARTESIAN_POINT('Ctrl Pts',(-1.16616440196099,35.8999999999994,11.5658092712981));
#5370=CARTESIAN_POINT('Ctrl Pts',(-1.16616440196099,36.1999999999994,11.5658092712981));
#5371=CARTESIAN_POINT('Ctrl Pts',(-1.18916150866158,35.8999999999994,11.8265557777349));
#5372=CARTESIAN_POINT('Ctrl Pts',(-1.18916150866159,36.1999999999994,11.8265557777349));
#5373=CARTESIAN_POINT('Ctrl Pts',(-1.2026387453078,35.8999999999994,11.979363799095));
#5374=CARTESIAN_POINT('Ctrl Pts',(-1.20263874530781,36.1999999999994,11.979363799095));
#5375=CARTESIAN_POINT('',(-1.15595400333393,36.1999999999994,11.1958726644514));
#5376=CARTESIAN_POINT('Ctrl Pts',(-1.15595400333393,36.1999999999994,11.1958726644514));
#5377=CARTESIAN_POINT('Ctrl Pts',(-1.15894326241743,36.1999999999994,11.304177580129));
#5378=CARTESIAN_POINT('Ctrl Pts',(-1.16616440196099,36.1999999999994,11.5658092712981));
#5379=CARTESIAN_POINT('Ctrl Pts',(-1.18916150866159,36.1999999999994,11.8265557777349));
#5380=CARTESIAN_POINT('Ctrl Pts',(-1.20263874530781,36.1999999999994,11.979363799095));
#5381=CARTESIAN_POINT('',(-1.15595400333393,36.1999999999994,11.1958726644514));
#5382=CARTESIAN_POINT('Ctrl Pts',(-1.173207014799,35.8999999999994,10.9096753001211));
#5383=CARTESIAN_POINT('Ctrl Pts',(-1.173207014799,36.1999999999994,10.9096753001211));
#5384=CARTESIAN_POINT('Ctrl Pts',(-1.16822355548191,35.8999999999994,10.9652867010737));
#5385=CARTESIAN_POINT('Ctrl Pts',(-1.16822355548191,36.1999999999994,10.9652867010737));
#5386=CARTESIAN_POINT('Ctrl Pts',(-1.1596888043375,35.8999999999994,11.0605276647743));
#5387=CARTESIAN_POINT('Ctrl Pts',(-1.1596888043375,36.1999999999994,11.0605276647743));
#5388=CARTESIAN_POINT('Ctrl Pts',(-1.15705141530836,35.8999999999994,11.1561036852788));
#5389=CARTESIAN_POINT('Ctrl Pts',(-1.15705141530836,36.1999999999994,11.1561036852788));
#5390=CARTESIAN_POINT('Ctrl Pts',(-1.15595400333392,35.8999999999994,11.1958726644514));
#5391=CARTESIAN_POINT('Ctrl Pts',(-1.15595400333393,36.1999999999994,11.1958726644514));
#5392=CARTESIAN_POINT('',(-1.173207014799,36.1999999999994,10.9096753001211));
#5393=CARTESIAN_POINT('Ctrl Pts',(-1.173207014799,36.1999999999994,10.9096753001211));
#5394=CARTESIAN_POINT('Ctrl Pts',(-1.16822355548191,36.1999999999994,10.9652867010737));
#5395=CARTESIAN_POINT('Ctrl Pts',(-1.1596888043375,36.1999999999994,11.0605276647743));
#5396=CARTESIAN_POINT('Ctrl Pts',(-1.15705141530836,36.1999999999994,11.1561036852788));
#5397=CARTESIAN_POINT('Ctrl Pts',(-1.15595400333393,36.1999999999994,11.1958726644514));
#5398=CARTESIAN_POINT('',(-1.173207014799,36.1999999999994,10.9096753001211));
#5399=CARTESIAN_POINT('Ctrl Pts',(-1.19046010076987,35.8999999999994,10.6214478015898));
#5400=CARTESIAN_POINT('Ctrl Pts',(-1.19046010076987,36.1999999999994,10.6214478015898));
#5401=CARTESIAN_POINT('Ctrl Pts',(-1.18937088445179,35.8999999999994,10.6617246581421));
#5402=CARTESIAN_POINT('Ctrl Pts',(-1.1893708844518,36.1999999999994,10.6617246581421));
#5403=CARTESIAN_POINT('Ctrl Pts',(-1.1867678761762,35.8999999999994,10.7579782573405));
#5404=CARTESIAN_POINT('Ctrl Pts',(-1.1867678761762,36.1999999999994,10.7579782573405));
#5405=CARTESIAN_POINT('Ctrl Pts',(-1.17819349015058,35.8999999999994,10.853894657307));
#5406=CARTESIAN_POINT('Ctrl Pts',(-1.17819349015058,36.1999999999994,10.853894657307));
#5407=CARTESIAN_POINT('Ctrl Pts',(-1.173207014799,35.8999999999994,10.9096753001211));
#5408=CARTESIAN_POINT('Ctrl Pts',(-1.173207014799,36.1999999999994,10.9096753001211));
#5409=CARTESIAN_POINT('',(-1.19046010076987,36.1999999999994,10.6214478015898));
#5410=CARTESIAN_POINT('Ctrl Pts',(-1.19046010076987,36.1999999999994,10.6214478015898));
#5411=CARTESIAN_POINT('Ctrl Pts',(-1.1893708844518,36.1999999999994,10.6617246581421));
#5412=CARTESIAN_POINT('Ctrl Pts',(-1.1867678761762,36.1999999999994,10.7579782573405));
#5413=CARTESIAN_POINT('Ctrl Pts',(-1.17819349015058,36.1999999999994,10.853894657307));
#5414=CARTESIAN_POINT('Ctrl Pts',(-1.173207014799,36.1999999999994,10.9096753001211));
#5415=CARTESIAN_POINT('',(-1.19046010076987,36.1999999999994,10.6214478015898));
#5416=CARTESIAN_POINT('Origin',(-1.14884983748185,36.1999999999994,10.6234776377676));
#5417=CARTESIAN_POINT('',(-1.10723957419383,36.1999999999994,10.6255074739454));
#5418=CARTESIAN_POINT('',(-0.542293508683059,36.1999999999993,10.6530667314862));
#5419=CARTESIAN_POINT('',(-1.10723957419383,36.1999999999994,10.6255074739454));
#5420=CARTESIAN_POINT('Origin',(-1.05852507054793,36.1999999999994,10.6265223920344));
#5421=CARTESIAN_POINT('',(-1.00981056690204,36.1999999999994,10.6275373101233));
#5422=CARTESIAN_POINT('',(-0.515190854631697,36.1999999999993,10.6378422184267));
#5423=CARTESIAN_POINT('',(-1.00981056690204,36.1999999999994,10.6275373101233));
#5424=CARTESIAN_POINT('Ctrl Pts',(-0.691136680543298,35.8999999999994,10.4225304126738));
#5425=CARTESIAN_POINT('Ctrl Pts',(-0.691136680543299,36.1999999999994,10.4225304126738));
#5426=CARTESIAN_POINT('Ctrl Pts',(-0.711496835055226,35.8999999999994,10.4818990938852));
#5427=CARTESIAN_POINT('Ctrl Pts',(-0.711496835055227,36.1999999999994,10.4818990938852));
#5428=CARTESIAN_POINT('Ctrl Pts',(-0.760596497921569,35.8999999999994,10.6250700227007));
#5429=CARTESIAN_POINT('Ctrl Pts',(-0.76059649792157,36.1999999999994,10.6250700227007));
#5430=CARTESIAN_POINT('Ctrl Pts',(-0.917796614220178,35.8999999999994,10.6266263468335));
#5431=CARTESIAN_POINT('Ctrl Pts',(-0.917796614220179,36.1999999999994,10.6266263468334));
#5432=CARTESIAN_POINT('Ctrl Pts',(-1.00981056690204,35.8999999999994,10.6275373101233));
#5433=CARTESIAN_POINT('Ctrl Pts',(-1.00981056690204,36.1999999999994,10.6275373101233));
#5434=CARTESIAN_POINT('',(-0.691136680543299,36.1999999999994,10.4225304126738));
#5435=CARTESIAN_POINT('Ctrl Pts',(-0.691136680543299,36.1999999999994,10.4225304126738));
#5436=CARTESIAN_POINT('Ctrl Pts',(-0.711496835055227,36.1999999999994,10.4818990938852));
#5437=CARTESIAN_POINT('Ctrl Pts',(-0.76059649792157,36.1999999999994,10.6250700227007));
#5438=CARTESIAN_POINT('Ctrl Pts',(-0.917796614220179,36.1999999999994,10.6266263468334));
#5439=CARTESIAN_POINT('Ctrl Pts',(-1.00981056690204,36.1999999999994,10.6275373101233));
#5440=CARTESIAN_POINT('',(-0.691136680543299,36.1999999999994,10.4225304126738));
#5441=CARTESIAN_POINT('Ctrl Pts',(-0.794654935598248,35.8999999999994,10.2682679295538));
#5442=CARTESIAN_POINT('Ctrl Pts',(-0.794654935598249,36.1999999999994,10.2682679295538));
#5443=CARTESIAN_POINT('Ctrl Pts',(-0.764466682403187,35.8999999999994,10.2842692907943));
#5444=CARTESIAN_POINT('Ctrl Pts',(-0.764466682403188,36.1999999999994,10.2842692907943));
#5445=CARTESIAN_POINT('Ctrl Pts',(-0.702649979761911,35.8999999999994,10.3170353930019));
#5446=CARTESIAN_POINT('Ctrl Pts',(-0.702649979761911,36.1999999999994,10.3170353930019));
#5447=CARTESIAN_POINT('Ctrl Pts',(-0.695033595408974,35.8999999999994,10.386823435672));
#5448=CARTESIAN_POINT('Ctrl Pts',(-0.695033595408975,36.1999999999994,10.386823435672));
#5449=CARTESIAN_POINT('Ctrl Pts',(-0.691136680543298,35.8999999999994,10.4225304126738));
#5450=CARTESIAN_POINT('Ctrl Pts',(-0.691136680543299,36.1999999999994,10.4225304126738));
#5451=CARTESIAN_POINT('',(-0.794654935598249,36.1999999999994,10.2682679295538));
#5452=CARTESIAN_POINT('Ctrl Pts',(-0.794654935598249,36.1999999999994,10.2682679295538));
#5453=CARTESIAN_POINT('Ctrl Pts',(-0.764466682403188,36.1999999999994,10.2842692907943));
#5454=CARTESIAN_POINT('Ctrl Pts',(-0.702649979761911,36.1999999999994,10.3170353930019));
#5455=CARTESIAN_POINT('Ctrl Pts',(-0.695033595408975,36.1999999999994,10.386823435672));
#5456=CARTESIAN_POINT('Ctrl Pts',(-0.691136680543299,36.1999999999994,10.4225304126738));
#5457=CARTESIAN_POINT('',(-0.794654935598249,36.1999999999994,10.2682679295538));
#5458=CARTESIAN_POINT('Ctrl Pts',(-0.99357239902007,35.8999999999994,10.2499999999998));
#5459=CARTESIAN_POINT('Ctrl Pts',(-0.993572399020071,36.1999999999994,10.2499999999998));
#5460=CARTESIAN_POINT('Ctrl Pts',(-0.953141282957717,35.8999999999994,10.2498820093125));
#5461=CARTESIAN_POINT('Ctrl Pts',(-0.953141282957718,36.1999999999994,10.2498820093125));
#5462=CARTESIAN_POINT('Ctrl Pts',(-0.886168814941304,35.8999999999994,10.2496865626292));
#5463=CARTESIAN_POINT('Ctrl Pts',(-0.886168814941305,36.1999999999994,10.2496865626292));
#5464=CARTESIAN_POINT('Ctrl Pts',(-0.82062865885212,35.8999999999994,10.2629941144162));
#5465=CARTESIAN_POINT('Ctrl Pts',(-0.820628658852121,36.1999999999994,10.2629941144162));
#5466=CARTESIAN_POINT('Ctrl Pts',(-0.794654935598248,35.8999999999994,10.2682679295538));
#5467=CARTESIAN_POINT('Ctrl Pts',(-0.794654935598249,36.1999999999994,10.2682679295538));
#5468=CARTESIAN_POINT('',(-0.993572399020071,36.1999999999994,10.2499999999998));
#5469=CARTESIAN_POINT('Ctrl Pts',(-0.993572399020071,36.1999999999994,10.2499999999998));
#5470=CARTESIAN_POINT('Ctrl Pts',(-0.953141282957718,36.1999999999994,10.2498820093125));
#5471=CARTESIAN_POINT('Ctrl Pts',(-0.886168814941305,36.1999999999994,10.2496865626292));
#5472=CARTESIAN_POINT('Ctrl Pts',(-0.820628658852121,36.1999999999994,10.2629941144162));
#5473=CARTESIAN_POINT('Ctrl Pts',(-0.794654935598249,36.1999999999994,10.2682679295538));
#5474=CARTESIAN_POINT('',(-0.993572399020071,36.1999999999994,10.2499999999998));
#5475=CARTESIAN_POINT('Origin',(-1.19451966136682,36.1999999999994,10.2489850819109));
#5476=CARTESIAN_POINT('',(-1.39546692371356,36.1999999999994,10.247970163822));
#5477=CARTESIAN_POINT('',(-0.592853280448325,36.1999999999993,10.2520238995905));
#5478=CARTESIAN_POINT('',(-1.39546692371356,36.1999999999994,10.247970163822));
#5479=CARTESIAN_POINT('Origin',(-1.59742899239051,36.1999999999994,10.247970163822));
#5480=CARTESIAN_POINT('',(-1.79939106106746,36.1999999999994,10.247970163822));
#5481=CARTESIAN_POINT('',(-0.798714496195238,36.1999999999993,10.247970163822));
#5482=CARTESIAN_POINT('',(-1.79939106106746,36.1999999999994,10.247970163822));
#5483=CARTESIAN_POINT('Ctrl Pts',(-1.94046005606639,35.8999999999994,10.302773952484));
#5484=CARTESIAN_POINT('Ctrl Pts',(-1.94046005606639,36.1999999999994,10.302773952484));
#5485=CARTESIAN_POINT('Ctrl Pts',(-1.92030021314471,35.8999999999994,10.2867921343043));
#5486=CARTESIAN_POINT('Ctrl Pts',(-1.92030021314471,36.1999999999994,10.2867921343043));
#5487=CARTESIAN_POINT('Ctrl Pts',(-1.87898614586848,35.8999999999994,10.2540401969983));
#5488=CARTESIAN_POINT('Ctrl Pts',(-1.87898614586848,36.1999999999994,10.2540401969982));
#5489=CARTESIAN_POINT('Ctrl Pts',(-1.82634509226383,35.8999999999994,10.2500257161718));
#5490=CARTESIAN_POINT('Ctrl Pts',(-1.82634509226383,36.1999999999994,10.2500257161718));
#5491=CARTESIAN_POINT('Ctrl Pts',(-1.79939106106746,35.8999999999994,10.247970163822));
#5492=CARTESIAN_POINT('Ctrl Pts',(-1.79939106106746,36.1999999999994,10.247970163822));
#5493=CARTESIAN_POINT('Ctrl Pts',(-1.94046005606639,36.1999999999994,10.302773952484));
#5494=CARTESIAN_POINT('Ctrl Pts',(-1.92030021314471,36.1999999999994,10.2867921343043));
#5495=CARTESIAN_POINT('Ctrl Pts',(-1.87898614586848,36.1999999999994,10.2540401969982));
#5496=CARTESIAN_POINT('Ctrl Pts',(-1.82634509226383,36.1999999999994,10.2500257161718));
#5497=CARTESIAN_POINT('Ctrl Pts',(-1.79939106106746,36.1999999999994,10.247970163822));
#5498=CARTESIAN_POINT('Origin',(2.31162311514765E-14,35.8999999999994,11.999999999999));
#5499=CARTESIAN_POINT('',(-0.250676572322721,35.8999999999994,10.43876850605));
#5500=CARTESIAN_POINT('',(-0.188768655061597,35.8999999999994,10.2905955314635));
#5501=CARTESIAN_POINT('Ctrl Pts',(-0.250676572322721,35.8999999999994,10.43876850605));
#5502=CARTESIAN_POINT('Ctrl Pts',(-0.247997798358372,35.8999999999994,10.4111819926812));
#5503=CARTESIAN_POINT('Ctrl Pts',(-0.24258745716401,35.8999999999994,10.355465291058));
#5504=CARTESIAN_POINT('Ctrl Pts',(-0.206824578626322,35.8999999999994,10.3123589928403));
#5505=CARTESIAN_POINT('Ctrl Pts',(-0.188768655061597,35.8999999999994,10.2905955314635));
#5506=CARTESIAN_POINT('',(-0.197902619838591,35.8999999999994,10.5767928957938));
#5507=CARTESIAN_POINT('Ctrl Pts',(-0.197902619838591,35.8999999999994,10.5767928957938));
#5508=CARTESIAN_POINT('Ctrl Pts',(-0.21328878455738,35.8999999999994,10.5552873817517));
#5509=CARTESIAN_POINT('Ctrl Pts',(-0.242964314346396,35.8999999999994,10.5138093698985));
#5510=CARTESIAN_POINT('Ctrl Pts',(-0.248169952664189,35.8999999999994,10.4631581083031));
#5511=CARTESIAN_POINT('Ctrl Pts',(-0.250676572322721,35.8999999999994,10.43876850605));
#5512=CARTESIAN_POINT('',(0.745940357446791,35.8999999999994,11.291271984577));
#5513=CARTESIAN_POINT('Ctrl Pts',(0.745940357446791,35.8999999999994,11.291271984577));
#5514=CARTESIAN_POINT('Ctrl Pts',(0.555226875073067,35.8999999999994,11.1841155351005));
#5515=CARTESIAN_POINT('Ctrl Pts',(0.20757348039239,35.8999999999994,10.9887790389137));
#5516=CARTESIAN_POINT('Ctrl Pts',(-0.0717903969224528,35.8999999999994,
10.7049298890466));
#5517=CARTESIAN_POINT('Ctrl Pts',(-0.197902619838591,35.8999999999994,10.5767928957938));
#5518=CARTESIAN_POINT('',(0.183694213628888,35.8999999999994,11.581529021263));
#5519=CARTESIAN_POINT('Ctrl Pts',(0.183694213628888,35.8999999999994,11.581529021263));
#5520=CARTESIAN_POINT('Ctrl Pts',(0.265764537923304,35.8999999999994,11.5210713511762));
#5521=CARTESIAN_POINT('Ctrl Pts',(0.437601289651962,35.8999999999994,11.394486623577));
#5522=CARTESIAN_POINT('Ctrl Pts',(0.640136992812943,35.8999999999994,11.326689021295));
#5523=CARTESIAN_POINT('Ctrl Pts',(0.745940357446791,35.8999999999994,11.291271984577));
#5524=CARTESIAN_POINT('',(-0.0964140892027642,35.8999999999994,12.1275373697279));
#5525=CARTESIAN_POINT('Ctrl Pts',(-0.0964140892027642,35.8999999999994,
12.1275373697279));
#5526=CARTESIAN_POINT('Ctrl Pts',(-0.0825741562715448,35.8999999999994,
12.0258783562378));
#5527=CARTESIAN_POINT('Ctrl Pts',(-0.0534365155944277,35.8999999999994,
11.8118524775442));
#5528=CARTESIAN_POINT('Ctrl Pts',(0.102057482468453,35.8999999999994,11.6608222201746));
#5529=CARTESIAN_POINT('Ctrl Pts',(0.183694213628888,35.8999999999994,11.581529021263));
#5530=CARTESIAN_POINT('',(0.725642740726583,35.8999999999994,13.1931664943694));
#5531=CARTESIAN_POINT('Ctrl Pts',(0.725642740726583,35.8999999999994,13.1931664943694));
#5532=CARTESIAN_POINT('Ctrl Pts',(0.486994875808195,35.8999999999994,13.0554008705415));
#5533=CARTESIAN_POINT('Ctrl Pts',(0.0607953245451082,35.8999999999994,12.8093662073987));
#5534=CARTESIAN_POINT('Ctrl Pts',(-0.0483736310317991,35.8999999999994,
12.3358923847044));
#5535=CARTESIAN_POINT('Ctrl Pts',(-0.0964140892027642,35.8999999999994,
12.1275373697279));
#5536=CARTESIAN_POINT('',(1.19451962411415,35.8999999999994,13.3291610479353));
#5537=CARTESIAN_POINT('Ctrl Pts',(1.19451962411415,35.8999999999994,13.3291610479353));
#5538=CARTESIAN_POINT('Ctrl Pts',(1.10790094674081,35.8999999999994,13.3161202933826));
#5539=CARTESIAN_POINT('Ctrl Pts',(0.945418860377631,35.8999999999994,13.2916580287564));
#5540=CARTESIAN_POINT('Ctrl Pts',(0.795595670303009,35.8999999999994,13.2245155389325));
#5541=CARTESIAN_POINT('Ctrl Pts',(0.725642740726583,35.8999999999994,13.1931664943694));
#5542=CARTESIAN_POINT('',(1.68369416147482,35.8999999999994,13.3677267432211));
#5543=CARTESIAN_POINT('',(1.68369416147482,35.8999999999994,13.3677267432211));
#5544=CARTESIAN_POINT('',(1.89681999385368,35.8999999999994,13.270297884941));
#5545=CARTESIAN_POINT('Ctrl Pts',(1.89681999385368,35.8999999999994,13.270297884941));
#5546=CARTESIAN_POINT('Ctrl Pts',(1.8684545378544,35.8999999999994,13.3012360170279));
#5547=CARTESIAN_POINT('Ctrl Pts',(1.81120403898655,35.8999999999994,13.3636789933038));
#5548=CARTESIAN_POINT('Ctrl Pts',(1.72645384236662,35.8999999999994,13.3663693543021));
#5549=CARTESIAN_POINT('Ctrl Pts',(1.68369416147482,35.8999999999994,13.3677267432211));
#5550=CARTESIAN_POINT('',(1.96177264675509,35.8999999999994,13.0673208236693));
#5551=CARTESIAN_POINT('Ctrl Pts',(1.96177264675509,35.8999999999994,13.0673208236693));
#5552=CARTESIAN_POINT('Ctrl Pts',(1.95925052016874,35.8999999999994,13.1044521290656));
#5553=CARTESIAN_POINT('Ctrl Pts',(1.95428862737183,35.8999999999994,13.1775022121911));
#5554=CARTESIAN_POINT('Ctrl Pts',(1.91576304838821,35.8999999999994,13.2397101820175));
#5555=CARTESIAN_POINT('Ctrl Pts',(1.89681999385368,35.8999999999994,13.270297884941));
#5556=CARTESIAN_POINT('',(1.94248981773865,35.8999999999994,12.760825395584));
#5557=CARTESIAN_POINT('Ctrl Pts',(1.94248981773865,35.8999999999994,12.760825395584));
#5558=CARTESIAN_POINT('Ctrl Pts',(1.94806261595812,35.8999999999994,12.820151558653));
#5559=CARTESIAN_POINT('Ctrl Pts',(1.95764192089075,35.8999999999994,12.9221296644697));
#5560=CARTESIAN_POINT('Ctrl Pts',(1.96055448023423,35.8999999999994,13.0245034072948));
#5561=CARTESIAN_POINT('Ctrl Pts',(1.96177264675509,35.8999999999994,13.0673208236693));
#5562=CARTESIAN_POINT('',(1.92320700734865,35.8999999999994,12.4543302655219));
#5563=CARTESIAN_POINT('Ctrl Pts',(1.92320700734865,35.8999999999994,12.4543302655219));
#5564=CARTESIAN_POINT('Ctrl Pts',(1.92442517510679,35.8999999999994,12.4971476321538));
#5565=CARTESIAN_POINT('Ctrl Pts',(1.92733773794982,35.8999999999994,12.5995212750742));
#5566=CARTESIAN_POINT('Ctrl Pts',(1.9369170276412,35.8999999999994,12.7014992820746));
#5567=CARTESIAN_POINT('Ctrl Pts',(1.94248981773865,35.8999999999994,12.760825395584));
#5568=CARTESIAN_POINT('',(1.96380240842712,35.8999999999994,11.9002028703688));
#5569=CARTESIAN_POINT('Ctrl Pts',(1.96380240842712,35.8999999999994,11.9002028703688));
#5570=CARTESIAN_POINT('Ctrl Pts',(1.95207735892735,35.8999999999994,12.0078410831328));
#5571=CARTESIAN_POINT('Ctrl Pts',(1.93200613380418,35.8999999999994,12.1920987956724));
#5572=CARTESIAN_POINT('Ctrl Pts',(1.92579130615153,35.8999999999994,12.3773130210221));
#5573=CARTESIAN_POINT('Ctrl Pts',(1.92320700734865,35.8999999999994,12.4543302655219));
#5574=CARTESIAN_POINT('',(2.00439780950558,35.8999999999994,11.3440459370612));
#5575=CARTESIAN_POINT('Ctrl Pts',(2.00439780950558,35.8999999999994,11.3440459370612));
#5576=CARTESIAN_POINT('Ctrl Pts',(2.00182340491519,35.8999999999994,11.4215711226284));
#5577=CARTESIAN_POINT('Ctrl Pts',(1.99565042672844,35.8999999999994,11.6074631464452));
#5578=CARTESIAN_POINT('Ctrl Pts',(1.97553109188492,35.8999999999994,11.7923954857793));
#5579=CARTESIAN_POINT('Ctrl Pts',(1.96380240842712,35.8999999999994,11.9002028703688));
#5580=CARTESIAN_POINT('',(1.98917454108608,35.8999999999994,10.8660351634024));
#5581=CARTESIAN_POINT('Ctrl Pts',(1.98917454108608,35.8999999999994,10.8660351634024));
#5582=CARTESIAN_POINT('Ctrl Pts',(1.99357337574189,35.8999999999994,10.9587947622952));
#5583=CARTESIAN_POINT('Ctrl Pts',(2.0011259026044,35.8999999999994,11.1180572527526));
#5584=CARTESIAN_POINT('Ctrl Pts',(2.00343401573034,35.8999999999994,11.2774772681501));
#5585=CARTESIAN_POINT('Ctrl Pts',(2.00439780950558,35.8999999999994,11.3440459370612));
#5586=CARTESIAN_POINT('',(1.97395125404013,35.8999999999994,10.3880243897437));
#5587=CARTESIAN_POINT('Ctrl Pts',(1.97395125404013,35.8999999999994,10.3880243897437));
#5588=CARTESIAN_POINT('Ctrl Pts',(1.97491505531916,35.8999999999994,10.4545930586301));
#5589=CARTESIAN_POINT('Ctrl Pts',(1.97722318641294,35.8999999999994,10.6140130738034));
#5590=CARTESIAN_POINT('Ctrl Pts',(1.98477570895178,35.8999999999994,10.7732755644616));
#5591=CARTESIAN_POINT('Ctrl Pts',(1.98917454108608,35.8999999999994,10.8660351634024));
#5592=CARTESIAN_POINT('',(1.91610280424369,35.8999999999994,10.2388363480566));
#5593=CARTESIAN_POINT('Ctrl Pts',(1.91610280424369,35.8999999999994,10.2388363480566));
#5594=CARTESIAN_POINT('Ctrl Pts',(1.93297345063899,35.8999999999994,10.2603034898027));
#5595=CARTESIAN_POINT('Ctrl Pts',(1.9673891999358,35.8999999999994,10.3040959889838));
#5596=CARTESIAN_POINT('Ctrl Pts',(1.97173551065574,35.8999999999994,10.3596851234424));
#5597=CARTESIAN_POINT('Ctrl Pts',(1.97395125404013,35.8999999999994,10.3880243897437));
#5598=CARTESIAN_POINT('',(1.77097424864782,35.8999999999994,10.1789581179617));
#5599=CARTESIAN_POINT('Ctrl Pts',(1.77097424864782,35.8999999999994,10.1789581179617));
#5600=CARTESIAN_POINT('Ctrl Pts',(1.79870899277268,35.8999999999994,10.1813175248319));
#5601=CARTESIAN_POINT('Ctrl Pts',(1.85344947951191,35.8999999999994,10.1859743220934));
#5602=CARTESIAN_POINT('Ctrl Pts',(1.89540460721344,35.8999999999994,10.2213728114688));
#5603=CARTESIAN_POINT('Ctrl Pts',(1.91610280424369,35.8999999999994,10.2388363480566));
#5604=CARTESIAN_POINT('',(1.62584569305194,35.8999999999994,10.2388363480566));
#5605=CARTESIAN_POINT('Ctrl Pts',(1.62584569305194,35.8999999999994,10.2388363480566));
#5606=CARTESIAN_POINT('Ctrl Pts',(1.64654387062627,35.8999999999994,10.2213726635797));
#5607=CARTESIAN_POINT('Ctrl Pts',(1.6884988991632,35.8999999999994,10.1859739248278));
#5608=CARTESIAN_POINT('Ctrl Pts',(1.74323949015047,35.8999999999994,10.1813173890689));
#5609=CARTESIAN_POINT('Ctrl Pts',(1.77097424864782,35.8999999999994,10.1789581179617));
#5610=CARTESIAN_POINT('',(1.56799726188195,35.8999999999994,10.3880243897437));
#5611=CARTESIAN_POINT('Ctrl Pts',(1.56799726188195,35.8999999999994,10.3880243897437));
#5612=CARTESIAN_POINT('Ctrl Pts',(1.5702129976737,35.8999999999994,10.3596851232307));
#5613=CARTESIAN_POINT('Ctrl Pts',(1.57455929358309,35.8999999999994,10.3040959872971));
#5614=CARTESIAN_POINT('Ctrl Pts',(1.60897504518978,35.8999999999994,10.2603034895335));
#5615=CARTESIAN_POINT('Ctrl Pts',(1.62584569305194,35.8999999999994,10.2388363480566));
#5616=CARTESIAN_POINT('',(1.57814607024205,35.8999999999994,10.7878890037535));
#5617=CARTESIAN_POINT('',(1.57814607024205,35.8999999999994,10.7878890037535));
#5618=CARTESIAN_POINT('',(1.59438431262982,35.8999999999994,11.1857237815855));
#5619=CARTESIAN_POINT('',(1.59438431262982,35.8999999999994,11.1857237815855));
#5620=CARTESIAN_POINT('',(0.100473612547046,35.8999999999994,10.2926250696181));
#5621=CARTESIAN_POINT('Ctrl Pts',(0.100473612547046,35.8999999999994,10.2926250696181));
#5622=CARTESIAN_POINT('Ctrl Pts',(0.326856488647954,35.8999999999994,10.4946747712978));
#5623=CARTESIAN_POINT('Ctrl Pts',(0.767912418105193,35.8999999999994,10.8883230034689));
#5624=CARTESIAN_POINT('Ctrl Pts',(1.32381331491439,35.8999999999994,11.088360488545));
#5625=CARTESIAN_POINT('Ctrl Pts',(1.59438431262982,35.8999999999994,11.1857237815855));
#5626=CARTESIAN_POINT('',(-0.0436401367186247,35.8999999999994,10.2276723980902));
#5627=CARTESIAN_POINT('Ctrl Pts',(-0.0436401367186247,35.8999999999994,
10.2276723980902));
#5628=CARTESIAN_POINT('Ctrl Pts',(-0.0178225415304791,35.8999999999994,
10.2309092895045));
#5629=CARTESIAN_POINT('Ctrl Pts',(0.0367033148553867,35.8999999999994,10.2377454907503));
#5630=CARTESIAN_POINT('Ctrl Pts',(0.0784786131893598,35.8999999999994,10.2736965661354));
#5631=CARTESIAN_POINT('Ctrl Pts',(0.100473612547046,35.8999999999994,10.2926250696181));
#5632=CARTESIAN_POINT('Ctrl Pts',(-0.188768655061597,35.8999999999994,10.2905955314635));
#5633=CARTESIAN_POINT('Ctrl Pts',(-0.167481909928944,35.8999999999994,10.2722444549265));
#5634=CARTESIAN_POINT('Ctrl Pts',(-0.125602916923261,35.8999999999994,10.2361410205524));
#5635=CARTESIAN_POINT('Ctrl Pts',(-0.0706573347540117,35.8999999999994,
10.2304638901501));
#5636=CARTESIAN_POINT('Ctrl Pts',(-0.0436401367186247,35.8999999999994,
10.2276723980902));
#5637=CARTESIAN_POINT('',(0.311569720506785,35.8999999999994,12.1275373697279));
#5638=CARTESIAN_POINT('',(0.632273256778832,35.8999999999994,12.6532476544379));
#5639=CARTESIAN_POINT('Ctrl Pts',(0.311569720506785,35.8999999999994,12.1275373697279));
#5640=CARTESIAN_POINT('Ctrl Pts',(0.329664587933686,35.8999999999994,12.2233446760758));
#5641=CARTESIAN_POINT('Ctrl Pts',(0.370007574098966,35.8999999999994,12.4369496030054));
#5642=CARTESIAN_POINT('Ctrl Pts',(0.539050456857904,35.8999999999994,12.5763641301966));
#5643=CARTESIAN_POINT('Ctrl Pts',(0.632273256778832,35.8999999999994,12.6532476544379));
#5644=CARTESIAN_POINT('',(0.419147461652873,35.8999999999994,11.9347091913222));
#5645=CARTESIAN_POINT('Ctrl Pts',(0.419147461652873,35.8999999999994,11.9347091913222));
#5646=CARTESIAN_POINT('Ctrl Pts',(0.388130052423283,35.8999999999994,11.967596499605));
#5647=CARTESIAN_POINT('Ctrl Pts',(0.335611485670279,35.8999999999994,12.02328117277));
#5648=CARTESIAN_POINT('Ctrl Pts',(0.318553342574747,35.8999999999994,12.0972531591949));
#5649=CARTESIAN_POINT('Ctrl Pts',(0.311569720506785,35.8999999999994,12.1275373697279));
#5650=CARTESIAN_POINT('',(0.630243569612621,35.8999999999994,11.7702978253363));
#5651=CARTESIAN_POINT('Ctrl Pts',(0.630243569612621,35.8999999999994,11.7702978253363));
#5652=CARTESIAN_POINT('Ctrl Pts',(0.592716223330147,35.8999999999994,11.7932088459847));
#5653=CARTESIAN_POINT('Ctrl Pts',(0.51611197000197,35.8999999999994,11.8399769179007));
#5654=CARTESIAN_POINT('Ctrl Pts',(0.451901914212336,35.8999999999994,11.9027087840756));
#5655=CARTESIAN_POINT('Ctrl Pts',(0.419147461652873,35.8999999999994,11.9347091913222));
#5656=CARTESIAN_POINT('',(1.4056156575681,35.8999999999994,11.6322734355925));
#5657=CARTESIAN_POINT('Ctrl Pts',(1.4056156575681,35.8999999999994,11.6322734355925));
#5658=CARTESIAN_POINT('Ctrl Pts',(1.25279150387446,35.8999999999994,11.6338378044705));
#5659=CARTESIAN_POINT('Ctrl Pts',(0.985866004326581,35.8999999999994,11.6365701601497));
#5660=CARTESIAN_POINT('Ctrl Pts',(0.736737374200064,35.8999999999994,11.7302520732853));
#5661=CARTESIAN_POINT('Ctrl Pts',(0.630243569612621,35.8999999999994,11.7702978253363));
#5662=CARTESIAN_POINT('',(1.49594038724911,35.8999999999994,11.6343029737471));
#5663=CARTESIAN_POINT('Ctrl Pts',(1.49594038724911,35.8999999999994,11.6343029737471));
#5664=CARTESIAN_POINT('Ctrl Pts',(1.47843531338734,35.8999999999994,11.633716315486));
#5665=CARTESIAN_POINT('Ctrl Pts',(1.44833411462054,35.8999999999994,11.6327075155766));
#5666=CARTESIAN_POINT('Ctrl Pts',(1.41821801702553,35.8999999999994,11.632401493401));
#5667=CARTESIAN_POINT('Ctrl Pts',(1.4056156575681,35.8999999999994,11.6322734355925));
#5668=CARTESIAN_POINT('',(1.58423542976391,35.8999999999994,11.6363331079482));
#5669=CARTESIAN_POINT('Ctrl Pts',(1.58423542976391,35.8999999999994,11.6363331079482));
#5670=CARTESIAN_POINT('Ctrl Pts',(1.5721405533136,35.8999999999994,11.6362018795445));
#5671=CARTESIAN_POINT('Ctrl Pts',(1.54270114424289,35.8999999999994,11.6358824644043));
#5672=CARTESIAN_POINT('Ctrl Pts',(1.51327632444714,35.8999999999994,11.6348885491868));
#5673=CARTESIAN_POINT('Ctrl Pts',(1.49594038724911,35.8999999999994,11.6343029737471));
#5674=CARTESIAN_POINT('',(1.54161021113407,35.8999999999994,12.0402570962904));
#5675=CARTESIAN_POINT('',(1.54161021113407,35.8999999999994,12.0402570962904));
#5676=CARTESIAN_POINT('',(1.51522323489201,35.8999999999994,12.4441813826559));
#5677=CARTESIAN_POINT('Ctrl Pts',(1.51522323489201,35.8999999999994,12.4441813826559));
#5678=CARTESIAN_POINT('Ctrl Pts',(1.51670130064295,35.8999999999994,12.3834122761022));
#5679=CARTESIAN_POINT('Ctrl Pts',(1.51998454157749,35.8999999999994,12.2484253054181));
#5680=CARTESIAN_POINT('Ctrl Pts',(1.53393825170588,35.8999999999994,12.1141072053236));
#5681=CARTESIAN_POINT('Ctrl Pts',(1.54161021113407,35.8999999999994,12.0402570962904));
#5682=CARTESIAN_POINT('',(1.52943164110195,35.8999999999994,12.6897835135458));
#5683=CARTESIAN_POINT('Ctrl Pts',(1.52943164110195,35.8999999999994,12.6897835135458));
#5684=CARTESIAN_POINT('Ctrl Pts',(1.52530452667514,35.8999999999994,12.6443146075886));
#5685=CARTESIAN_POINT('Ctrl Pts',(1.51788705660254,35.8999999999994,12.5625954657639));
#5686=CARTESIAN_POINT('Ctrl Pts',(1.51604178769956,35.8999999999994,12.480568269886));
#5687=CARTESIAN_POINT('Ctrl Pts',(1.51522323489201,35.8999999999994,12.4441813826559));
#5688=CARTESIAN_POINT('',(1.54972933232796,35.8999999999994,12.9353856444357));
#5689=CARTESIAN_POINT('',(1.54972933232796,35.8999999999994,12.9353856444357));
#5690=CARTESIAN_POINT('',(1.24932341277611,35.8999999999994,12.9110285043715));
#5691=CARTESIAN_POINT('',(1.24932341277611,35.8999999999994,12.9110285043715));
#5692=CARTESIAN_POINT('Ctrl Pts',(0.632273256778832,35.8999999999994,12.6532476544379));
#5693=CARTESIAN_POINT('Ctrl Pts',(0.729599143940628,35.8999999999994,12.7195779431679));
#5694=CARTESIAN_POINT('Ctrl Pts',(0.917823791375946,35.8999999999994,12.8478582555758));
#5695=CARTESIAN_POINT('Ctrl Pts',(1.14136792146221,35.8999999999994,12.8904566098506));
#5696=CARTESIAN_POINT('Ctrl Pts',(1.24932341277611,35.8999999999994,12.9110285043715));
#5697=CARTESIAN_POINT('Ctrl Pts',(0.311569720506785,35.8999999999994,12.1275373697279));
#5698=CARTESIAN_POINT('Ctrl Pts',(0.311569720506784,36.1999999999994,12.1275373697279));
#5699=CARTESIAN_POINT('Ctrl Pts',(0.329664587933686,35.8999999999994,12.2233446760758));
#5700=CARTESIAN_POINT('Ctrl Pts',(0.329664587933685,36.1999999999994,12.2233446760758));
#5701=CARTESIAN_POINT('Ctrl Pts',(0.370007574098966,35.8999999999994,12.4369496030054));
#5702=CARTESIAN_POINT('Ctrl Pts',(0.370007574098965,36.1999999999994,12.4369496030053));
#5703=CARTESIAN_POINT('Ctrl Pts',(0.539050456857904,35.8999999999994,12.5763641301966));
#5704=CARTESIAN_POINT('Ctrl Pts',(0.539050456857903,36.1999999999994,12.5763641301966));
#5705=CARTESIAN_POINT('Ctrl Pts',(0.632273256778832,35.8999999999994,12.6532476544379));
#5706=CARTESIAN_POINT('Ctrl Pts',(0.632273256778831,36.1999999999994,12.6532476544379));
#5707=CARTESIAN_POINT('',(0.632273256778831,36.1999999999994,12.6532476544379));
#5708=CARTESIAN_POINT('',(0.632273256778831,36.1999999999994,12.6532476544379));
#5709=CARTESIAN_POINT('',(0.311569720506784,36.1999999999994,12.1275373697279));
#5710=CARTESIAN_POINT('Ctrl Pts',(0.311569720506784,36.1999999999994,12.1275373697279));
#5711=CARTESIAN_POINT('Ctrl Pts',(0.329664587933685,36.1999999999994,12.2233446760758));
#5712=CARTESIAN_POINT('Ctrl Pts',(0.370007574098965,36.1999999999994,12.4369496030053));
#5713=CARTESIAN_POINT('Ctrl Pts',(0.539050456857903,36.1999999999994,12.5763641301966));
#5714=CARTESIAN_POINT('Ctrl Pts',(0.632273256778831,36.1999999999994,12.6532476544379));
#5715=CARTESIAN_POINT('',(0.311569720506784,36.1999999999994,12.1275373697279));
#5716=CARTESIAN_POINT('Ctrl Pts',(0.419147461652873,35.8999999999994,11.9347091913222));
#5717=CARTESIAN_POINT('Ctrl Pts',(0.419147461652872,36.1999999999994,11.9347091913222));
#5718=CARTESIAN_POINT('Ctrl Pts',(0.388130052423283,35.8999999999994,11.967596499605));
#5719=CARTESIAN_POINT('Ctrl Pts',(0.388130052423283,36.1999999999994,11.9675964996049));
#5720=CARTESIAN_POINT('Ctrl Pts',(0.335611485670279,35.8999999999994,12.02328117277));
#5721=CARTESIAN_POINT('Ctrl Pts',(0.335611485670278,36.1999999999994,12.02328117277));
#5722=CARTESIAN_POINT('Ctrl Pts',(0.318553342574747,35.8999999999994,12.0972531591949));
#5723=CARTESIAN_POINT('Ctrl Pts',(0.318553342574746,36.1999999999994,12.0972531591949));
#5724=CARTESIAN_POINT('Ctrl Pts',(0.311569720506785,35.8999999999994,12.1275373697279));
#5725=CARTESIAN_POINT('Ctrl Pts',(0.311569720506784,36.1999999999994,12.1275373697279));
#5726=CARTESIAN_POINT('',(0.419147461652872,36.1999999999994,11.9347091913222));
#5727=CARTESIAN_POINT('Ctrl Pts',(0.419147461652872,36.1999999999994,11.9347091913222));
#5728=CARTESIAN_POINT('Ctrl Pts',(0.388130052423283,36.1999999999994,11.9675964996049));
#5729=CARTESIAN_POINT('Ctrl Pts',(0.335611485670278,36.1999999999994,12.02328117277));
#5730=CARTESIAN_POINT('Ctrl Pts',(0.318553342574746,36.1999999999994,12.0972531591949));
#5731=CARTESIAN_POINT('Ctrl Pts',(0.311569720506784,36.1999999999994,12.1275373697279));
#5732=CARTESIAN_POINT('',(0.419147461652872,36.1999999999994,11.9347091913222));
#5733=CARTESIAN_POINT('Ctrl Pts',(0.630243569612621,35.8999999999994,11.7702978253363));
#5734=CARTESIAN_POINT('Ctrl Pts',(0.630243569612621,36.1999999999994,11.7702978253363));
#5735=CARTESIAN_POINT('Ctrl Pts',(0.592716223330147,35.8999999999994,11.7932088459847));
#5736=CARTESIAN_POINT('Ctrl Pts',(0.592716223330146,36.1999999999994,11.7932088459847));
#5737=CARTESIAN_POINT('Ctrl Pts',(0.51611197000197,35.8999999999994,11.8399769179007));
#5738=CARTESIAN_POINT('Ctrl Pts',(0.51611197000197,36.1999999999994,11.8399769179007));
#5739=CARTESIAN_POINT('Ctrl Pts',(0.451901914212336,35.8999999999994,11.9027087840756));
#5740=CARTESIAN_POINT('Ctrl Pts',(0.451901914212335,36.1999999999994,11.9027087840756));
#5741=CARTESIAN_POINT('Ctrl Pts',(0.419147461652873,35.8999999999994,11.9347091913222));
#5742=CARTESIAN_POINT('Ctrl Pts',(0.419147461652872,36.1999999999994,11.9347091913222));
#5743=CARTESIAN_POINT('',(0.630243569612621,36.1999999999994,11.7702978253363));
#5744=CARTESIAN_POINT('Ctrl Pts',(0.630243569612621,36.1999999999994,11.7702978253363));
#5745=CARTESIAN_POINT('Ctrl Pts',(0.592716223330146,36.1999999999994,11.7932088459847));
#5746=CARTESIAN_POINT('Ctrl Pts',(0.51611197000197,36.1999999999994,11.8399769179007));
#5747=CARTESIAN_POINT('Ctrl Pts',(0.451901914212335,36.1999999999994,11.9027087840756));
#5748=CARTESIAN_POINT('Ctrl Pts',(0.419147461652872,36.1999999999994,11.9347091913222));
#5749=CARTESIAN_POINT('',(0.630243569612621,36.1999999999994,11.7702978253363));
#5750=CARTESIAN_POINT('Ctrl Pts',(1.4056156575681,35.8999999999994,11.6322734355925));
#5751=CARTESIAN_POINT('Ctrl Pts',(1.4056156575681,36.1999999999994,11.6322734355925));
#5752=CARTESIAN_POINT('Ctrl Pts',(1.25279150387446,35.8999999999994,11.6338378044705));
#5753=CARTESIAN_POINT('Ctrl Pts',(1.25279150387445,36.1999999999994,11.6338378044705));
#5754=CARTESIAN_POINT('Ctrl Pts',(0.985866004326581,35.8999999999994,11.6365701601497));
#5755=CARTESIAN_POINT('Ctrl Pts',(0.98586600432658,36.1999999999994,11.6365701601496));
#5756=CARTESIAN_POINT('Ctrl Pts',(0.736737374200064,35.8999999999994,11.7302520732853));
#5757=CARTESIAN_POINT('Ctrl Pts',(0.736737374200064,36.1999999999994,11.7302520732853));
#5758=CARTESIAN_POINT('Ctrl Pts',(0.630243569612621,35.8999999999994,11.7702978253363));
#5759=CARTESIAN_POINT('Ctrl Pts',(0.630243569612621,36.1999999999994,11.7702978253363));
#5760=CARTESIAN_POINT('',(1.4056156575681,36.1999999999994,11.6322734355925));
#5761=CARTESIAN_POINT('Ctrl Pts',(1.4056156575681,36.1999999999994,11.6322734355925));
#5762=CARTESIAN_POINT('Ctrl Pts',(1.25279150387445,36.1999999999994,11.6338378044705));
#5763=CARTESIAN_POINT('Ctrl Pts',(0.98586600432658,36.1999999999994,11.6365701601496));
#5764=CARTESIAN_POINT('Ctrl Pts',(0.736737374200064,36.1999999999994,11.7302520732853));
#5765=CARTESIAN_POINT('Ctrl Pts',(0.630243569612621,36.1999999999994,11.7702978253363));
#5766=CARTESIAN_POINT('',(1.4056156575681,36.1999999999994,11.6322734355925));
#5767=CARTESIAN_POINT('Ctrl Pts',(1.49594038724911,35.8999999999994,11.6343029737471));
#5768=CARTESIAN_POINT('Ctrl Pts',(1.49594038724911,36.1999999999994,11.6343029737471));
#5769=CARTESIAN_POINT('Ctrl Pts',(1.47843531338734,35.8999999999994,11.633716315486));
#5770=CARTESIAN_POINT('Ctrl Pts',(1.47843531338734,36.1999999999994,11.633716315486));
#5771=CARTESIAN_POINT('Ctrl Pts',(1.44833411462054,35.8999999999994,11.6327075155766));
#5772=CARTESIAN_POINT('Ctrl Pts',(1.44833411462054,36.1999999999994,11.6327075155766));
#5773=CARTESIAN_POINT('Ctrl Pts',(1.41821801702553,35.8999999999994,11.632401493401));
#5774=CARTESIAN_POINT('Ctrl Pts',(1.41821801702553,36.1999999999994,11.632401493401));
#5775=CARTESIAN_POINT('Ctrl Pts',(1.4056156575681,35.8999999999994,11.6322734355925));
#5776=CARTESIAN_POINT('Ctrl Pts',(1.4056156575681,36.1999999999994,11.6322734355925));
#5777=CARTESIAN_POINT('',(1.49594038724911,36.1999999999994,11.6343029737471));
#5778=CARTESIAN_POINT('Ctrl Pts',(1.49594038724911,36.1999999999994,11.6343029737471));
#5779=CARTESIAN_POINT('Ctrl Pts',(1.47843531338734,36.1999999999994,11.633716315486));
#5780=CARTESIAN_POINT('Ctrl Pts',(1.44833411462054,36.1999999999994,11.6327075155766));
#5781=CARTESIAN_POINT('Ctrl Pts',(1.41821801702553,36.1999999999994,11.632401493401));
#5782=CARTESIAN_POINT('Ctrl Pts',(1.4056156575681,36.1999999999994,11.6322734355925));
#5783=CARTESIAN_POINT('',(1.49594038724911,36.1999999999994,11.6343029737471));
#5784=CARTESIAN_POINT('Ctrl Pts',(1.58423542976391,35.8999999999994,11.6363331079482));
#5785=CARTESIAN_POINT('Ctrl Pts',(1.58423542976391,36.1999999999994,11.6363331079481));
#5786=CARTESIAN_POINT('Ctrl Pts',(1.5721405533136,35.8999999999994,11.6362018795445));
#5787=CARTESIAN_POINT('Ctrl Pts',(1.5721405533136,36.1999999999994,11.6362018795445));
#5788=CARTESIAN_POINT('Ctrl Pts',(1.54270114424289,35.8999999999994,11.6358824644043));
#5789=CARTESIAN_POINT('Ctrl Pts',(1.54270114424289,36.1999999999994,11.6358824644043));
#5790=CARTESIAN_POINT('Ctrl Pts',(1.51327632444714,35.8999999999994,11.6348885491868));
#5791=CARTESIAN_POINT('Ctrl Pts',(1.51327632444714,36.1999999999994,11.6348885491868));
#5792=CARTESIAN_POINT('Ctrl Pts',(1.49594038724911,35.8999999999994,11.6343029737471));
#5793=CARTESIAN_POINT('Ctrl Pts',(1.49594038724911,36.1999999999994,11.6343029737471));
#5794=CARTESIAN_POINT('',(1.58423542976391,36.1999999999994,11.6363331079481));
#5795=CARTESIAN_POINT('Ctrl Pts',(1.58423542976391,36.1999999999994,11.6363331079481));
#5796=CARTESIAN_POINT('Ctrl Pts',(1.5721405533136,36.1999999999994,11.6362018795445));
#5797=CARTESIAN_POINT('Ctrl Pts',(1.54270114424289,36.1999999999994,11.6358824644043));
#5798=CARTESIAN_POINT('Ctrl Pts',(1.51327632444714,36.1999999999994,11.6348885491868));
#5799=CARTESIAN_POINT('Ctrl Pts',(1.49594038724911,36.1999999999994,11.6343029737471));
#5800=CARTESIAN_POINT('',(1.58423542976391,36.1999999999994,11.6363331079481));
#5801=CARTESIAN_POINT('Origin',(1.56292282044899,36.1999999999994,11.8382951021193));
#5802=CARTESIAN_POINT('',(1.54161021113407,36.1999999999994,12.0402570962904));
#5803=CARTESIAN_POINT('',(1.54587800185309,36.1999999999994,11.9998147688596));
#5804=CARTESIAN_POINT('',(1.54161021113407,36.1999999999994,12.0402570962904));
#5805=CARTESIAN_POINT('Ctrl Pts',(1.51522323489201,35.8999999999994,12.4441813826559));
#5806=CARTESIAN_POINT('Ctrl Pts',(1.51522323489201,36.1999999999994,12.4441813826559));
#5807=CARTESIAN_POINT('Ctrl Pts',(1.51670130064295,35.8999999999994,12.3834122761022));
#5808=CARTESIAN_POINT('Ctrl Pts',(1.51670130064295,36.1999999999994,12.3834122761022));
#5809=CARTESIAN_POINT('Ctrl Pts',(1.51998454157749,35.8999999999994,12.2484253054181));
#5810=CARTESIAN_POINT('Ctrl Pts',(1.51998454157749,36.1999999999994,12.2484253054181));
#5811=CARTESIAN_POINT('Ctrl Pts',(1.53393825170588,35.8999999999994,12.1141072053236));
#5812=CARTESIAN_POINT('Ctrl Pts',(1.53393825170588,36.1999999999994,12.1141072053235));
#5813=CARTESIAN_POINT('Ctrl Pts',(1.54161021113407,35.8999999999994,12.0402570962904));
#5814=CARTESIAN_POINT('Ctrl Pts',(1.54161021113407,36.1999999999994,12.0402570962904));
#5815=CARTESIAN_POINT('',(1.51522323489201,36.1999999999994,12.4441813826559));
#5816=CARTESIAN_POINT('Ctrl Pts',(1.51522323489201,36.1999999999994,12.4441813826559));
#5817=CARTESIAN_POINT('Ctrl Pts',(1.51670130064295,36.1999999999994,12.3834122761022));
#5818=CARTESIAN_POINT('Ctrl Pts',(1.51998454157749,36.1999999999994,12.2484253054181));
#5819=CARTESIAN_POINT('Ctrl Pts',(1.53393825170588,36.1999999999994,12.1141072053235));
#5820=CARTESIAN_POINT('Ctrl Pts',(1.54161021113407,36.1999999999994,12.0402570962904));
#5821=CARTESIAN_POINT('',(1.51522323489201,36.1999999999994,12.4441813826559));
#5822=CARTESIAN_POINT('Ctrl Pts',(1.52943164110195,35.8999999999994,12.6897835135458));
#5823=CARTESIAN_POINT('Ctrl Pts',(1.52943164110195,36.1999999999994,12.6897835135458));
#5824=CARTESIAN_POINT('Ctrl Pts',(1.52530452667514,35.8999999999994,12.6443146075886));
#5825=CARTESIAN_POINT('Ctrl Pts',(1.52530452667514,36.1999999999994,12.6443146075886));
#5826=CARTESIAN_POINT('Ctrl Pts',(1.51788705660254,35.8999999999994,12.5625954657639));
#5827=CARTESIAN_POINT('Ctrl Pts',(1.51788705660254,36.1999999999994,12.5625954657639));
#5828=CARTESIAN_POINT('Ctrl Pts',(1.51604178769956,35.8999999999994,12.480568269886));
#5829=CARTESIAN_POINT('Ctrl Pts',(1.51604178769956,36.1999999999994,12.480568269886));
#5830=CARTESIAN_POINT('Ctrl Pts',(1.51522323489201,35.8999999999994,12.4441813826559));
#5831=CARTESIAN_POINT('Ctrl Pts',(1.51522323489201,36.1999999999994,12.4441813826559));
#5832=CARTESIAN_POINT('',(1.52943164110195,36.1999999999994,12.6897835135458));
#5833=CARTESIAN_POINT('Ctrl Pts',(1.52943164110195,36.1999999999994,12.6897835135458));
#5834=CARTESIAN_POINT('Ctrl Pts',(1.52530452667514,36.1999999999994,12.6443146075886));
#5835=CARTESIAN_POINT('Ctrl Pts',(1.51788705660254,36.1999999999994,12.5625954657639));
#5836=CARTESIAN_POINT('Ctrl Pts',(1.51604178769956,36.1999999999994,12.480568269886));
#5837=CARTESIAN_POINT('Ctrl Pts',(1.51522323489201,36.1999999999994,12.4441813826559));
#5838=CARTESIAN_POINT('',(1.52943164110195,36.1999999999994,12.6897835135458));
#5839=CARTESIAN_POINT('Origin',(1.53958048671495,36.1999999999994,12.8125845789908));
#5840=CARTESIAN_POINT('',(1.54972933232795,36.1999999999994,12.9353856444357));
#5841=CARTESIAN_POINT('',(1.5010083056909,36.1999999999994,12.3458610611731));
#5842=CARTESIAN_POINT('',(1.54972933232795,36.1999999999994,12.9353856444357));
#5843=CARTESIAN_POINT('Origin',(1.39952637255203,36.1999999999994,12.9232070744036));
#5844=CARTESIAN_POINT('',(1.24932341277611,36.1999999999994,12.9110285043715));
#5845=CARTESIAN_POINT('',(0.667150724055925,36.1999999999994,12.8638255007093));
#5846=CARTESIAN_POINT('',(1.24932341277611,36.1999999999994,12.9110285043715));
#5847=CARTESIAN_POINT('Ctrl Pts',(0.632273256778832,35.8999999999994,12.6532476544379));
#5848=CARTESIAN_POINT('Ctrl Pts',(0.632273256778831,36.1999999999994,12.6532476544379));
#5849=CARTESIAN_POINT('Ctrl Pts',(0.729599143940628,35.8999999999994,12.7195779431679));
#5850=CARTESIAN_POINT('Ctrl Pts',(0.729599143940627,36.1999999999994,12.7195779431679));
#5851=CARTESIAN_POINT('Ctrl Pts',(0.917823791375946,35.8999999999994,12.8478582555758));
#5852=CARTESIAN_POINT('Ctrl Pts',(0.917823791375945,36.1999999999994,12.8478582555758));
#5853=CARTESIAN_POINT('Ctrl Pts',(1.14136792146221,35.8999999999994,12.8904566098506));
#5854=CARTESIAN_POINT('Ctrl Pts',(1.14136792146221,36.1999999999994,12.8904566098506));
#5855=CARTESIAN_POINT('Ctrl Pts',(1.24932341277611,35.8999999999994,12.9110285043715));
#5856=CARTESIAN_POINT('Ctrl Pts',(1.24932341277611,36.1999999999994,12.9110285043715));
#5857=CARTESIAN_POINT('Ctrl Pts',(0.632273256778831,36.1999999999994,12.6532476544379));
#5858=CARTESIAN_POINT('Ctrl Pts',(0.729599143940627,36.1999999999994,12.7195779431679));
#5859=CARTESIAN_POINT('Ctrl Pts',(0.917823791375945,36.1999999999994,12.8478582555758));
#5860=CARTESIAN_POINT('Ctrl Pts',(1.14136792146221,36.1999999999994,12.8904566098506));
#5861=CARTESIAN_POINT('Ctrl Pts',(1.24932341277611,36.1999999999994,12.9110285043715));
#5862=CARTESIAN_POINT('Ctrl Pts',(-0.250676572322721,35.8999999999994,10.43876850605));
#5863=CARTESIAN_POINT('Ctrl Pts',(-0.250676572322722,36.1999999999994,10.4387685060499));
#5864=CARTESIAN_POINT('Ctrl Pts',(-0.247997798358372,35.8999999999994,10.4111819926812));
#5865=CARTESIAN_POINT('Ctrl Pts',(-0.247997798358373,36.1999999999994,10.4111819926812));
#5866=CARTESIAN_POINT('Ctrl Pts',(-0.24258745716401,35.8999999999994,10.355465291058));
#5867=CARTESIAN_POINT('Ctrl Pts',(-0.242587457164011,36.1999999999994,10.355465291058));
#5868=CARTESIAN_POINT('Ctrl Pts',(-0.206824578626322,35.8999999999994,10.3123589928403));
#5869=CARTESIAN_POINT('Ctrl Pts',(-0.206824578626323,36.1999999999994,10.3123589928403));
#5870=CARTESIAN_POINT('Ctrl Pts',(-0.188768655061597,35.8999999999994,10.2905955314635));
#5871=CARTESIAN_POINT('Ctrl Pts',(-0.188768655061598,36.1999999999994,10.2905955314635));
#5872=CARTESIAN_POINT('',(-0.188768655061598,36.1999999999994,10.2905955314635));
#5873=CARTESIAN_POINT('',(-0.188768655061598,36.1999999999994,10.2905955314635));
#5874=CARTESIAN_POINT('',(-0.250676572322722,36.1999999999994,10.4387685060499));
#5875=CARTESIAN_POINT('Ctrl Pts',(-0.250676572322722,36.1999999999994,10.4387685060499));
#5876=CARTESIAN_POINT('Ctrl Pts',(-0.247997798358373,36.1999999999994,10.4111819926812));
#5877=CARTESIAN_POINT('Ctrl Pts',(-0.242587457164011,36.1999999999994,10.355465291058));
#5878=CARTESIAN_POINT('Ctrl Pts',(-0.206824578626323,36.1999999999994,10.3123589928403));
#5879=CARTESIAN_POINT('Ctrl Pts',(-0.188768655061598,36.1999999999994,10.2905955314635));
#5880=CARTESIAN_POINT('',(-0.250676572322722,36.1999999999994,10.4387685060499));
#5881=CARTESIAN_POINT('Ctrl Pts',(-0.197902619838591,35.8999999999994,10.5767928957938));
#5882=CARTESIAN_POINT('Ctrl Pts',(-0.197902619838592,36.1999999999994,10.5767928957937));
#5883=CARTESIAN_POINT('Ctrl Pts',(-0.21328878455738,35.8999999999994,10.5552873817517));
#5884=CARTESIAN_POINT('Ctrl Pts',(-0.213288784557381,36.1999999999994,10.5552873817517));
#5885=CARTESIAN_POINT('Ctrl Pts',(-0.242964314346396,35.8999999999994,10.5138093698985));
#5886=CARTESIAN_POINT('Ctrl Pts',(-0.242964314346397,36.1999999999994,10.5138093698985));
#5887=CARTESIAN_POINT('Ctrl Pts',(-0.248169952664189,35.8999999999994,10.4631581083031));
#5888=CARTESIAN_POINT('Ctrl Pts',(-0.24816995266419,36.1999999999994,10.4631581083031));
#5889=CARTESIAN_POINT('Ctrl Pts',(-0.250676572322721,35.8999999999994,10.43876850605));
#5890=CARTESIAN_POINT('Ctrl Pts',(-0.250676572322722,36.1999999999994,10.4387685060499));
#5891=CARTESIAN_POINT('',(-0.197902619838592,36.1999999999994,10.5767928957937));
#5892=CARTESIAN_POINT('Ctrl Pts',(-0.197902619838592,36.1999999999994,10.5767928957937));
#5893=CARTESIAN_POINT('Ctrl Pts',(-0.213288784557381,36.1999999999994,10.5552873817517));
#5894=CARTESIAN_POINT('Ctrl Pts',(-0.242964314346397,36.1999999999994,10.5138093698985));
#5895=CARTESIAN_POINT('Ctrl Pts',(-0.24816995266419,36.1999999999994,10.4631581083031));
#5896=CARTESIAN_POINT('Ctrl Pts',(-0.250676572322722,36.1999999999994,10.4387685060499));
#5897=CARTESIAN_POINT('',(-0.197902619838592,36.1999999999994,10.5767928957937));
#5898=CARTESIAN_POINT('Ctrl Pts',(0.745940357446791,35.8999999999994,11.291271984577));
#5899=CARTESIAN_POINT('Ctrl Pts',(0.74594035744679,36.1999999999994,11.291271984577));
#5900=CARTESIAN_POINT('Ctrl Pts',(0.555226875073067,35.8999999999994,11.1841155351005));
#5901=CARTESIAN_POINT('Ctrl Pts',(0.555226875073066,36.1999999999994,11.1841155351004));
#5902=CARTESIAN_POINT('Ctrl Pts',(0.20757348039239,35.8999999999994,10.9887790389137));
#5903=CARTESIAN_POINT('Ctrl Pts',(0.207573480392389,36.1999999999994,10.9887790389137));
#5904=CARTESIAN_POINT('Ctrl Pts',(-0.0717903969224528,35.8999999999994,
10.7049298890466));
#5905=CARTESIAN_POINT('Ctrl Pts',(-0.0717903969224537,36.1999999999994,
10.7049298890466));
#5906=CARTESIAN_POINT('Ctrl Pts',(-0.197902619838591,35.8999999999994,10.5767928957938));
#5907=CARTESIAN_POINT('Ctrl Pts',(-0.197902619838592,36.1999999999994,10.5767928957937));
#5908=CARTESIAN_POINT('',(0.74594035744679,36.1999999999994,11.291271984577));
#5909=CARTESIAN_POINT('Ctrl Pts',(0.74594035744679,36.1999999999994,11.291271984577));
#5910=CARTESIAN_POINT('Ctrl Pts',(0.555226875073066,36.1999999999994,11.1841155351004));
#5911=CARTESIAN_POINT('Ctrl Pts',(0.207573480392389,36.1999999999994,10.9887790389137));
#5912=CARTESIAN_POINT('Ctrl Pts',(-0.0717903969224537,36.1999999999994,
10.7049298890466));
#5913=CARTESIAN_POINT('Ctrl Pts',(-0.197902619838592,36.1999999999994,10.5767928957937));
#5914=CARTESIAN_POINT('',(0.74594035744679,36.1999999999994,11.291271984577));
#5915=CARTESIAN_POINT('Ctrl Pts',(0.183694213628888,35.8999999999994,11.581529021263));
#5916=CARTESIAN_POINT('Ctrl Pts',(0.183694213628887,36.1999999999994,11.581529021263));
#5917=CARTESIAN_POINT('Ctrl Pts',(0.265764537923304,35.8999999999994,11.5210713511762));
#5918=CARTESIAN_POINT('Ctrl Pts',(0.265764537923303,36.1999999999994,11.5210713511762));
#5919=CARTESIAN_POINT('Ctrl Pts',(0.437601289651962,35.8999999999994,11.394486623577));
#5920=CARTESIAN_POINT('Ctrl Pts',(0.437601289651961,36.1999999999994,11.394486623577));
#5921=CARTESIAN_POINT('Ctrl Pts',(0.640136992812943,35.8999999999994,11.326689021295));
#5922=CARTESIAN_POINT('Ctrl Pts',(0.640136992812942,36.1999999999994,11.3266890212949));
#5923=CARTESIAN_POINT('Ctrl Pts',(0.745940357446791,35.8999999999994,11.291271984577));
#5924=CARTESIAN_POINT('Ctrl Pts',(0.74594035744679,36.1999999999994,11.291271984577));
#5925=CARTESIAN_POINT('',(0.183694213628887,36.1999999999994,11.581529021263));
#5926=CARTESIAN_POINT('Ctrl Pts',(0.183694213628887,36.1999999999994,11.581529021263));
#5927=CARTESIAN_POINT('Ctrl Pts',(0.265764537923303,36.1999999999994,11.5210713511762));
#5928=CARTESIAN_POINT('Ctrl Pts',(0.437601289651961,36.1999999999994,11.394486623577));
#5929=CARTESIAN_POINT('Ctrl Pts',(0.640136992812942,36.1999999999994,11.3266890212949));
#5930=CARTESIAN_POINT('Ctrl Pts',(0.74594035744679,36.1999999999994,11.291271984577));
#5931=CARTESIAN_POINT('',(0.183694213628887,36.1999999999994,11.581529021263));
#5932=CARTESIAN_POINT('Ctrl Pts',(-0.0964140892027642,35.8999999999994,
12.1275373697279));
#5933=CARTESIAN_POINT('Ctrl Pts',(-0.0964140892027651,36.1999999999994,
12.1275373697279));
#5934=CARTESIAN_POINT('Ctrl Pts',(-0.0825741562715448,35.8999999999994,
12.0258783562378));
#5935=CARTESIAN_POINT('Ctrl Pts',(-0.0825741562715457,36.1999999999994,
12.0258783562378));
#5936=CARTESIAN_POINT('Ctrl Pts',(-0.0534365155944277,35.8999999999994,
11.8118524775442));
#5937=CARTESIAN_POINT('Ctrl Pts',(-0.0534365155944286,36.1999999999994,
11.8118524775442));
#5938=CARTESIAN_POINT('Ctrl Pts',(0.102057482468453,35.8999999999994,11.6608222201746));
#5939=CARTESIAN_POINT('Ctrl Pts',(0.102057482468452,36.1999999999994,11.6608222201746));
#5940=CARTESIAN_POINT('Ctrl Pts',(0.183694213628888,35.8999999999994,11.581529021263));
#5941=CARTESIAN_POINT('Ctrl Pts',(0.183694213628887,36.1999999999994,11.581529021263));
#5942=CARTESIAN_POINT('',(-0.0964140892027651,36.1999999999994,12.1275373697279));
#5943=CARTESIAN_POINT('Ctrl Pts',(-0.0964140892027651,36.1999999999994,
12.1275373697279));
#5944=CARTESIAN_POINT('Ctrl Pts',(-0.0825741562715457,36.1999999999994,
12.0258783562378));
#5945=CARTESIAN_POINT('Ctrl Pts',(-0.0534365155944286,36.1999999999994,
11.8118524775442));
#5946=CARTESIAN_POINT('Ctrl Pts',(0.102057482468452,36.1999999999994,11.6608222201746));
#5947=CARTESIAN_POINT('Ctrl Pts',(0.183694213628887,36.1999999999994,11.581529021263));
#5948=CARTESIAN_POINT('',(-0.0964140892027651,36.1999999999994,12.1275373697279));
#5949=CARTESIAN_POINT('Ctrl Pts',(0.725642740726583,35.8999999999994,13.1931664943694));
#5950=CARTESIAN_POINT('Ctrl Pts',(0.725642740726582,36.1999999999994,13.1931664943693));
#5951=CARTESIAN_POINT('Ctrl Pts',(0.486994875808195,35.8999999999994,13.0554008705415));
#5952=CARTESIAN_POINT('Ctrl Pts',(0.486994875808194,36.1999999999994,13.0554008705415));
#5953=CARTESIAN_POINT('Ctrl Pts',(0.0607953245451082,35.8999999999994,12.8093662073987));
#5954=CARTESIAN_POINT('Ctrl Pts',(0.0607953245451073,36.1999999999994,12.8093662073987));
#5955=CARTESIAN_POINT('Ctrl Pts',(-0.0483736310317991,35.8999999999994,
12.3358923847044));
#5956=CARTESIAN_POINT('Ctrl Pts',(-0.0483736310318,36.1999999999994,12.3358923847044));
#5957=CARTESIAN_POINT('Ctrl Pts',(-0.0964140892027642,35.8999999999994,
12.1275373697279));
#5958=CARTESIAN_POINT('Ctrl Pts',(-0.0964140892027651,36.1999999999994,
12.1275373697279));
#5959=CARTESIAN_POINT('',(0.725642740726582,36.1999999999994,13.1931664943693));
#5960=CARTESIAN_POINT('Ctrl Pts',(0.725642740726582,36.1999999999994,13.1931664943693));
#5961=CARTESIAN_POINT('Ctrl Pts',(0.486994875808194,36.1999999999994,13.0554008705415));
#5962=CARTESIAN_POINT('Ctrl Pts',(0.0607953245451073,36.1999999999994,12.8093662073987));
#5963=CARTESIAN_POINT('Ctrl Pts',(-0.0483736310318,36.1999999999994,12.3358923847044));
#5964=CARTESIAN_POINT('Ctrl Pts',(-0.0964140892027651,36.1999999999994,
12.1275373697279));
#5965=CARTESIAN_POINT('',(0.725642740726582,36.1999999999994,13.1931664943693));
#5966=CARTESIAN_POINT('Ctrl Pts',(1.19451962411415,35.8999999999994,13.3291610479353));
#5967=CARTESIAN_POINT('Ctrl Pts',(1.19451962411415,36.1999999999994,13.3291610479353));
#5968=CARTESIAN_POINT('Ctrl Pts',(1.10790094674081,35.8999999999994,13.3161202933826));
#5969=CARTESIAN_POINT('Ctrl Pts',(1.10790094674081,36.1999999999994,13.3161202933826));
#5970=CARTESIAN_POINT('Ctrl Pts',(0.945418860377631,35.8999999999994,13.2916580287564));
#5971=CARTESIAN_POINT('Ctrl Pts',(0.94541886037763,36.1999999999994,13.2916580287564));
#5972=CARTESIAN_POINT('Ctrl Pts',(0.795595670303009,35.8999999999994,13.2245155389325));
#5973=CARTESIAN_POINT('Ctrl Pts',(0.795595670303008,36.1999999999994,13.2245155389325));
#5974=CARTESIAN_POINT('Ctrl Pts',(0.725642740726583,35.8999999999994,13.1931664943694));
#5975=CARTESIAN_POINT('Ctrl Pts',(0.725642740726582,36.1999999999994,13.1931664943693));
#5976=CARTESIAN_POINT('',(1.19451962411415,36.1999999999994,13.3291610479353));
#5977=CARTESIAN_POINT('Ctrl Pts',(1.19451962411415,36.1999999999994,13.3291610479353));
#5978=CARTESIAN_POINT('Ctrl Pts',(1.10790094674081,36.1999999999994,13.3161202933826));
#5979=CARTESIAN_POINT('Ctrl Pts',(0.94541886037763,36.1999999999994,13.2916580287564));
#5980=CARTESIAN_POINT('Ctrl Pts',(0.795595670303008,36.1999999999994,13.2245155389325));
#5981=CARTESIAN_POINT('Ctrl Pts',(0.725642740726582,36.1999999999994,13.1931664943693));
#5982=CARTESIAN_POINT('',(1.19451962411415,36.1999999999994,13.3291610479353));
#5983=CARTESIAN_POINT('Origin',(1.43910689279448,36.1999999999994,13.3484438955782));
#5984=CARTESIAN_POINT('',(1.68369416147481,36.1999999999994,13.3677267432211));
#5985=CARTESIAN_POINT('',(0.671172009050011,36.1999999999994,13.2879012048535));
#5986=CARTESIAN_POINT('',(1.68369416147481,36.1999999999994,13.3677267432211));
#5987=CARTESIAN_POINT('Ctrl Pts',(1.89681999385368,35.8999999999994,13.270297884941));
#5988=CARTESIAN_POINT('Ctrl Pts',(1.89681999385368,36.1999999999994,13.2702978849409));
#5989=CARTESIAN_POINT('Ctrl Pts',(1.8684545378544,35.8999999999994,13.3012360170279));
#5990=CARTESIAN_POINT('Ctrl Pts',(1.8684545378544,36.1999999999994,13.3012360170279));
#5991=CARTESIAN_POINT('Ctrl Pts',(1.81120403898655,35.8999999999994,13.3636789933038));
#5992=CARTESIAN_POINT('Ctrl Pts',(1.81120403898655,36.1999999999994,13.3636789933038));
#5993=CARTESIAN_POINT('Ctrl Pts',(1.72645384236662,35.8999999999994,13.3663693543021));
#5994=CARTESIAN_POINT('Ctrl Pts',(1.72645384236662,36.1999999999994,13.3663693543021));
#5995=CARTESIAN_POINT('Ctrl Pts',(1.68369416147482,35.8999999999994,13.3677267432211));
#5996=CARTESIAN_POINT('Ctrl Pts',(1.68369416147481,36.1999999999994,13.3677267432211));
#5997=CARTESIAN_POINT('',(1.89681999385368,36.1999999999994,13.2702978849409));
#5998=CARTESIAN_POINT('Ctrl Pts',(1.89681999385368,36.1999999999994,13.2702978849409));
#5999=CARTESIAN_POINT('Ctrl Pts',(1.8684545378544,36.1999999999994,13.3012360170279));
#6000=CARTESIAN_POINT('Ctrl Pts',(1.81120403898655,36.1999999999994,13.3636789933038));
#6001=CARTESIAN_POINT('Ctrl Pts',(1.72645384236662,36.1999999999994,13.3663693543021));
#6002=CARTESIAN_POINT('Ctrl Pts',(1.68369416147481,36.1999999999994,13.3677267432211));
#6003=CARTESIAN_POINT('',(1.89681999385368,36.1999999999994,13.2702978849409));
#6004=CARTESIAN_POINT('Ctrl Pts',(1.96177264675509,35.8999999999994,13.0673208236693));
#6005=CARTESIAN_POINT('Ctrl Pts',(1.96177264675509,36.1999999999994,13.0673208236693));
#6006=CARTESIAN_POINT('Ctrl Pts',(1.95925052016874,35.8999999999994,13.1044521290656));
#6007=CARTESIAN_POINT('Ctrl Pts',(1.95925052016874,36.1999999999994,13.1044521290656));
#6008=CARTESIAN_POINT('Ctrl Pts',(1.95428862737183,35.8999999999994,13.1775022121911));
#6009=CARTESIAN_POINT('Ctrl Pts',(1.95428862737183,36.1999999999994,13.177502212191));
#6010=CARTESIAN_POINT('Ctrl Pts',(1.91576304838821,35.8999999999994,13.2397101820175));
#6011=CARTESIAN_POINT('Ctrl Pts',(1.91576304838821,36.1999999999994,13.2397101820175));
#6012=CARTESIAN_POINT('Ctrl Pts',(1.89681999385368,35.8999999999994,13.270297884941));
#6013=CARTESIAN_POINT('Ctrl Pts',(1.89681999385368,36.1999999999994,13.2702978849409));
#6014=CARTESIAN_POINT('',(1.96177264675509,36.1999999999994,13.0673208236693));
#6015=CARTESIAN_POINT('Ctrl Pts',(1.96177264675509,36.1999999999994,13.0673208236693));
#6016=CARTESIAN_POINT('Ctrl Pts',(1.95925052016874,36.1999999999994,13.1044521290656));
#6017=CARTESIAN_POINT('Ctrl Pts',(1.95428862737183,36.1999999999994,13.177502212191));
#6018=CARTESIAN_POINT('Ctrl Pts',(1.91576304838821,36.1999999999994,13.2397101820175));
#6019=CARTESIAN_POINT('Ctrl Pts',(1.89681999385368,36.1999999999994,13.2702978849409));
#6020=CARTESIAN_POINT('',(1.96177264675509,36.1999999999994,13.0673208236693));
#6021=CARTESIAN_POINT('Ctrl Pts',(1.94248981773865,35.8999999999994,12.760825395584));
#6022=CARTESIAN_POINT('Ctrl Pts',(1.94248981773865,36.1999999999994,12.760825395584));
#6023=CARTESIAN_POINT('Ctrl Pts',(1.94806261595812,35.8999999999994,12.820151558653));
#6024=CARTESIAN_POINT('Ctrl Pts',(1.94806261595812,36.1999999999994,12.820151558653));
#6025=CARTESIAN_POINT('Ctrl Pts',(1.95764192089075,35.8999999999994,12.9221296644697));
#6026=CARTESIAN_POINT('Ctrl Pts',(1.95764192089075,36.1999999999994,12.9221296644697));
#6027=CARTESIAN_POINT('Ctrl Pts',(1.96055448023423,35.8999999999994,13.0245034072948));
#6028=CARTESIAN_POINT('Ctrl Pts',(1.96055448023423,36.1999999999994,13.0245034072948));
#6029=CARTESIAN_POINT('Ctrl Pts',(1.96177264675509,35.8999999999994,13.0673208236693));
#6030=CARTESIAN_POINT('Ctrl Pts',(1.96177264675509,36.1999999999994,13.0673208236693));
#6031=CARTESIAN_POINT('',(1.94248981773865,36.1999999999994,12.760825395584));
#6032=CARTESIAN_POINT('Ctrl Pts',(1.94248981773865,36.1999999999994,12.760825395584));
#6033=CARTESIAN_POINT('Ctrl Pts',(1.94806261595812,36.1999999999994,12.820151558653));
#6034=CARTESIAN_POINT('Ctrl Pts',(1.95764192089075,36.1999999999994,12.9221296644697));
#6035=CARTESIAN_POINT('Ctrl Pts',(1.96055448023423,36.1999999999994,13.0245034072948));
#6036=CARTESIAN_POINT('Ctrl Pts',(1.96177264675509,36.1999999999994,13.0673208236693));
#6037=CARTESIAN_POINT('',(1.94248981773865,36.1999999999994,12.760825395584));
#6038=CARTESIAN_POINT('Ctrl Pts',(1.92320700734865,35.8999999999994,12.4543302655219));
#6039=CARTESIAN_POINT('Ctrl Pts',(1.92320700734865,36.1999999999994,12.4543302655218));
#6040=CARTESIAN_POINT('Ctrl Pts',(1.92442517510679,35.8999999999994,12.4971476321538));
#6041=CARTESIAN_POINT('Ctrl Pts',(1.92442517510679,36.1999999999994,12.4971476321538));
#6042=CARTESIAN_POINT('Ctrl Pts',(1.92733773794982,35.8999999999994,12.5995212750742));
#6043=CARTESIAN_POINT('Ctrl Pts',(1.92733773794982,36.1999999999994,12.5995212750742));
#6044=CARTESIAN_POINT('Ctrl Pts',(1.9369170276412,35.8999999999994,12.7014992820746));
#6045=CARTESIAN_POINT('Ctrl Pts',(1.9369170276412,36.1999999999994,12.7014992820746));
#6046=CARTESIAN_POINT('Ctrl Pts',(1.94248981773865,35.8999999999994,12.760825395584));
#6047=CARTESIAN_POINT('Ctrl Pts',(1.94248981773865,36.1999999999994,12.760825395584));
#6048=CARTESIAN_POINT('',(1.92320700734865,36.1999999999994,12.4543302655218));
#6049=CARTESIAN_POINT('Ctrl Pts',(1.92320700734865,36.1999999999994,12.4543302655218));
#6050=CARTESIAN_POINT('Ctrl Pts',(1.92442517510679,36.1999999999994,12.4971476321538));
#6051=CARTESIAN_POINT('Ctrl Pts',(1.92733773794982,36.1999999999994,12.5995212750742));
#6052=CARTESIAN_POINT('Ctrl Pts',(1.9369170276412,36.1999999999994,12.7014992820746));
#6053=CARTESIAN_POINT('Ctrl Pts',(1.94248981773865,36.1999999999994,12.760825395584));
#6054=CARTESIAN_POINT('',(1.92320700734865,36.1999999999994,12.4543302655218));
#6055=CARTESIAN_POINT('Ctrl Pts',(1.96380240842712,35.8999999999994,11.9002028703688));
#6056=CARTESIAN_POINT('Ctrl Pts',(1.96380240842712,36.1999999999994,11.9002028703688));
#6057=CARTESIAN_POINT('Ctrl Pts',(1.95207735892735,35.8999999999994,12.0078410831328));
#6058=CARTESIAN_POINT('Ctrl Pts',(1.95207735892735,36.1999999999994,12.0078410831328));
#6059=CARTESIAN_POINT('Ctrl Pts',(1.93200613380418,35.8999999999994,12.1920987956724));
#6060=CARTESIAN_POINT('Ctrl Pts',(1.93200613380418,36.1999999999994,12.1920987956724));
#6061=CARTESIAN_POINT('Ctrl Pts',(1.92579130615153,35.8999999999994,12.3773130210221));
#6062=CARTESIAN_POINT('Ctrl Pts',(1.92579130615153,36.1999999999994,12.3773130210221));
#6063=CARTESIAN_POINT('Ctrl Pts',(1.92320700734865,35.8999999999994,12.4543302655219));
#6064=CARTESIAN_POINT('Ctrl Pts',(1.92320700734865,36.1999999999994,12.4543302655218));
#6065=CARTESIAN_POINT('',(1.96380240842712,36.1999999999994,11.9002028703688));
#6066=CARTESIAN_POINT('Ctrl Pts',(1.96380240842712,36.1999999999994,11.9002028703688));
#6067=CARTESIAN_POINT('Ctrl Pts',(1.95207735892735,36.1999999999994,12.0078410831328));
#6068=CARTESIAN_POINT('Ctrl Pts',(1.93200613380418,36.1999999999994,12.1920987956724));
#6069=CARTESIAN_POINT('Ctrl Pts',(1.92579130615153,36.1999999999994,12.3773130210221));
#6070=CARTESIAN_POINT('Ctrl Pts',(1.92320700734865,36.1999999999994,12.4543302655218));
#6071=CARTESIAN_POINT('',(1.96380240842712,36.1999999999994,11.9002028703688));
#6072=CARTESIAN_POINT('Ctrl Pts',(2.00439780950558,35.8999999999994,11.3440459370612));
#6073=CARTESIAN_POINT('Ctrl Pts',(2.00439780950558,36.1999999999994,11.3440459370612));
#6074=CARTESIAN_POINT('Ctrl Pts',(2.00182340491519,35.8999999999994,11.4215711226284));
#6075=CARTESIAN_POINT('Ctrl Pts',(2.00182340491519,36.1999999999994,11.4215711226284));
#6076=CARTESIAN_POINT('Ctrl Pts',(1.99565042672844,35.8999999999994,11.6074631464452));
#6077=CARTESIAN_POINT('Ctrl Pts',(1.99565042672844,36.1999999999994,11.6074631464452));
#6078=CARTESIAN_POINT('Ctrl Pts',(1.97553109188492,35.8999999999994,11.7923954857793));
#6079=CARTESIAN_POINT('Ctrl Pts',(1.97553109188491,36.1999999999994,11.7923954857793));
#6080=CARTESIAN_POINT('Ctrl Pts',(1.96380240842712,35.8999999999994,11.9002028703688));
#6081=CARTESIAN_POINT('Ctrl Pts',(1.96380240842712,36.1999999999994,11.9002028703688));
#6082=CARTESIAN_POINT('',(2.00439780950558,36.1999999999994,11.3440459370612));
#6083=CARTESIAN_POINT('Ctrl Pts',(2.00439780950558,36.1999999999994,11.3440459370612));
#6084=CARTESIAN_POINT('Ctrl Pts',(2.00182340491519,36.1999999999994,11.4215711226284));
#6085=CARTESIAN_POINT('Ctrl Pts',(1.99565042672844,36.1999999999994,11.6074631464452));
#6086=CARTESIAN_POINT('Ctrl Pts',(1.97553109188491,36.1999999999994,11.7923954857793));
#6087=CARTESIAN_POINT('Ctrl Pts',(1.96380240842712,36.1999999999994,11.9002028703688));
#6088=CARTESIAN_POINT('',(2.00439780950558,36.1999999999994,11.3440459370612));
#6089=CARTESIAN_POINT('Ctrl Pts',(1.98917454108608,35.8999999999994,10.8660351634024));
#6090=CARTESIAN_POINT('Ctrl Pts',(1.98917454108608,36.1999999999994,10.8660351634024));
#6091=CARTESIAN_POINT('Ctrl Pts',(1.99357337574189,35.8999999999994,10.9587947622952));
#6092=CARTESIAN_POINT('Ctrl Pts',(1.99357337574189,36.1999999999994,10.9587947622952));
#6093=CARTESIAN_POINT('Ctrl Pts',(2.0011259026044,35.8999999999994,11.1180572527526));
#6094=CARTESIAN_POINT('Ctrl Pts',(2.0011259026044,36.1999999999994,11.1180572527526));
#6095=CARTESIAN_POINT('Ctrl Pts',(2.00343401573034,35.8999999999994,11.2774772681501));
#6096=CARTESIAN_POINT('Ctrl Pts',(2.00343401573034,36.1999999999994,11.2774772681501));
#6097=CARTESIAN_POINT('Ctrl Pts',(2.00439780950558,35.8999999999994,11.3440459370612));
#6098=CARTESIAN_POINT('Ctrl Pts',(2.00439780950558,36.1999999999994,11.3440459370612));
#6099=CARTESIAN_POINT('',(1.98917454108608,36.1999999999994,10.8660351634024));
#6100=CARTESIAN_POINT('Ctrl Pts',(1.98917454108608,36.1999999999994,10.8660351634024));
#6101=CARTESIAN_POINT('Ctrl Pts',(1.99357337574189,36.1999999999994,10.9587947622952));
#6102=CARTESIAN_POINT('Ctrl Pts',(2.0011259026044,36.1999999999994,11.1180572527526));
#6103=CARTESIAN_POINT('Ctrl Pts',(2.00343401573034,36.1999999999994,11.2774772681501));
#6104=CARTESIAN_POINT('Ctrl Pts',(2.00439780950558,36.1999999999994,11.3440459370612));
#6105=CARTESIAN_POINT('',(1.98917454108608,36.1999999999994,10.8660351634024));
#6106=CARTESIAN_POINT('Ctrl Pts',(1.97395125404013,35.8999999999994,10.3880243897437));
#6107=CARTESIAN_POINT('Ctrl Pts',(1.97395125404013,36.1999999999994,10.3880243897436));
#6108=CARTESIAN_POINT('Ctrl Pts',(1.97491505531916,35.8999999999994,10.4545930586301));
#6109=CARTESIAN_POINT('Ctrl Pts',(1.97491505531916,36.1999999999994,10.45459305863));
#6110=CARTESIAN_POINT('Ctrl Pts',(1.97722318641294,35.8999999999994,10.6140130738034));
#6111=CARTESIAN_POINT('Ctrl Pts',(1.97722318641294,36.1999999999994,10.6140130738034));
#6112=CARTESIAN_POINT('Ctrl Pts',(1.98477570895178,35.8999999999994,10.7732755644616));
#6113=CARTESIAN_POINT('Ctrl Pts',(1.98477570895178,36.1999999999994,10.7732755644616));
#6114=CARTESIAN_POINT('Ctrl Pts',(1.98917454108608,35.8999999999994,10.8660351634024));
#6115=CARTESIAN_POINT('Ctrl Pts',(1.98917454108608,36.1999999999994,10.8660351634024));
#6116=CARTESIAN_POINT('',(1.97395125404013,36.1999999999994,10.3880243897436));
#6117=CARTESIAN_POINT('Ctrl Pts',(1.97395125404013,36.1999999999994,10.3880243897436));
#6118=CARTESIAN_POINT('Ctrl Pts',(1.97491505531916,36.1999999999994,10.45459305863));
#6119=CARTESIAN_POINT('Ctrl Pts',(1.97722318641294,36.1999999999994,10.6140130738034));
#6120=CARTESIAN_POINT('Ctrl Pts',(1.98477570895178,36.1999999999994,10.7732755644616));
#6121=CARTESIAN_POINT('Ctrl Pts',(1.98917454108608,36.1999999999994,10.8660351634024));
#6122=CARTESIAN_POINT('',(1.97395125404013,36.1999999999994,10.3880243897436));
#6123=CARTESIAN_POINT('Ctrl Pts',(1.91610280424369,35.8999999999994,10.2388363480566));
#6124=CARTESIAN_POINT('Ctrl Pts',(1.91610280424369,36.1999999999994,10.2388363480566));
#6125=CARTESIAN_POINT('Ctrl Pts',(1.93297345063899,35.8999999999994,10.2603034898027));
#6126=CARTESIAN_POINT('Ctrl Pts',(1.93297345063899,36.1999999999994,10.2603034898027));
#6127=CARTESIAN_POINT('Ctrl Pts',(1.9673891999358,35.8999999999994,10.3040959889838));
#6128=CARTESIAN_POINT('Ctrl Pts',(1.9673891999358,36.1999999999994,10.3040959889838));
#6129=CARTESIAN_POINT('Ctrl Pts',(1.97173551065574,35.8999999999994,10.3596851234424));
#6130=CARTESIAN_POINT('Ctrl Pts',(1.97173551065574,36.1999999999994,10.3596851234423));
#6131=CARTESIAN_POINT('Ctrl Pts',(1.97395125404013,35.8999999999994,10.3880243897437));
#6132=CARTESIAN_POINT('Ctrl Pts',(1.97395125404013,36.1999999999994,10.3880243897436));
#6133=CARTESIAN_POINT('',(1.91610280424369,36.1999999999994,10.2388363480566));
#6134=CARTESIAN_POINT('Ctrl Pts',(1.91610280424369,36.1999999999994,10.2388363480566));
#6135=CARTESIAN_POINT('Ctrl Pts',(1.93297345063899,36.1999999999994,10.2603034898027));
#6136=CARTESIAN_POINT('Ctrl Pts',(1.9673891999358,36.1999999999994,10.3040959889838));
#6137=CARTESIAN_POINT('Ctrl Pts',(1.97173551065574,36.1999999999994,10.3596851234423));
#6138=CARTESIAN_POINT('Ctrl Pts',(1.97395125404013,36.1999999999994,10.3880243897436));
#6139=CARTESIAN_POINT('',(1.91610280424369,36.1999999999994,10.2388363480566));
#6140=CARTESIAN_POINT('Ctrl Pts',(1.77097424864782,35.8999999999994,10.1789581179617));
#6141=CARTESIAN_POINT('Ctrl Pts',(1.77097424864781,36.1999999999994,10.1789581179617));
#6142=CARTESIAN_POINT('Ctrl Pts',(1.79870899277268,35.8999999999994,10.1813175248319));
#6143=CARTESIAN_POINT('Ctrl Pts',(1.79870899277268,36.1999999999994,10.1813175248319));
#6144=CARTESIAN_POINT('Ctrl Pts',(1.85344947951191,35.8999999999994,10.1859743220934));
#6145=CARTESIAN_POINT('Ctrl Pts',(1.85344947951191,36.1999999999994,10.1859743220934));
#6146=CARTESIAN_POINT('Ctrl Pts',(1.89540460721344,35.8999999999994,10.2213728114688));
#6147=CARTESIAN_POINT('Ctrl Pts',(1.89540460721344,36.1999999999994,10.2213728114688));
#6148=CARTESIAN_POINT('Ctrl Pts',(1.91610280424369,35.8999999999994,10.2388363480566));
#6149=CARTESIAN_POINT('Ctrl Pts',(1.91610280424369,36.1999999999994,10.2388363480566));
#6150=CARTESIAN_POINT('',(1.77097424864781,36.1999999999994,10.1789581179617));
#6151=CARTESIAN_POINT('Ctrl Pts',(1.77097424864781,36.1999999999994,10.1789581179617));
#6152=CARTESIAN_POINT('Ctrl Pts',(1.79870899277268,36.1999999999994,10.1813175248319));
#6153=CARTESIAN_POINT('Ctrl Pts',(1.85344947951191,36.1999999999994,10.1859743220934));
#6154=CARTESIAN_POINT('Ctrl Pts',(1.89540460721344,36.1999999999994,10.2213728114688));
#6155=CARTESIAN_POINT('Ctrl Pts',(1.91610280424369,36.1999999999994,10.2388363480566));
#6156=CARTESIAN_POINT('',(1.77097424864781,36.1999999999994,10.1789581179617));
#6157=CARTESIAN_POINT('Ctrl Pts',(1.62584569305194,35.8999999999994,10.2388363480566));
#6158=CARTESIAN_POINT('Ctrl Pts',(1.62584569305194,36.1999999999994,10.2388363480566));
#6159=CARTESIAN_POINT('Ctrl Pts',(1.64654387062627,35.8999999999994,10.2213726635797));
#6160=CARTESIAN_POINT('Ctrl Pts',(1.64654387062627,36.1999999999994,10.2213726635796));
#6161=CARTESIAN_POINT('Ctrl Pts',(1.6884988991632,35.8999999999994,10.1859739248278));
#6162=CARTESIAN_POINT('Ctrl Pts',(1.6884988991632,36.1999999999994,10.1859739248278));
#6163=CARTESIAN_POINT('Ctrl Pts',(1.74323949015047,35.8999999999994,10.1813173890689));
#6164=CARTESIAN_POINT('Ctrl Pts',(1.74323949015047,36.1999999999994,10.1813173890689));
#6165=CARTESIAN_POINT('Ctrl Pts',(1.77097424864782,35.8999999999994,10.1789581179617));
#6166=CARTESIAN_POINT('Ctrl Pts',(1.77097424864781,36.1999999999994,10.1789581179617));
#6167=CARTESIAN_POINT('',(1.62584569305194,36.1999999999994,10.2388363480566));
#6168=CARTESIAN_POINT('Ctrl Pts',(1.62584569305194,36.1999999999994,10.2388363480566));
#6169=CARTESIAN_POINT('Ctrl Pts',(1.64654387062627,36.1999999999994,10.2213726635796));
#6170=CARTESIAN_POINT('Ctrl Pts',(1.6884988991632,36.1999999999994,10.1859739248278));
#6171=CARTESIAN_POINT('Ctrl Pts',(1.74323949015047,36.1999999999994,10.1813173890689));
#6172=CARTESIAN_POINT('Ctrl Pts',(1.77097424864781,36.1999999999994,10.1789581179617));
#6173=CARTESIAN_POINT('',(1.62584569305194,36.1999999999994,10.2388363480566));
#6174=CARTESIAN_POINT('Ctrl Pts',(1.56799726188195,35.8999999999994,10.3880243897437));
#6175=CARTESIAN_POINT('Ctrl Pts',(1.56799726188195,36.1999999999994,10.3880243897436));
#6176=CARTESIAN_POINT('Ctrl Pts',(1.5702129976737,35.8999999999994,10.3596851232307));
#6177=CARTESIAN_POINT('Ctrl Pts',(1.5702129976737,36.1999999999994,10.3596851232307));
#6178=CARTESIAN_POINT('Ctrl Pts',(1.57455929358309,35.8999999999994,10.3040959872971));
#6179=CARTESIAN_POINT('Ctrl Pts',(1.57455929358309,36.1999999999994,10.3040959872971));
#6180=CARTESIAN_POINT('Ctrl Pts',(1.60897504518978,35.8999999999994,10.2603034895335));
#6181=CARTESIAN_POINT('Ctrl Pts',(1.60897504518978,36.1999999999994,10.2603034895335));
#6182=CARTESIAN_POINT('Ctrl Pts',(1.62584569305194,35.8999999999994,10.2388363480566));
#6183=CARTESIAN_POINT('Ctrl Pts',(1.62584569305194,36.1999999999994,10.2388363480566));
#6184=CARTESIAN_POINT('',(1.56799726188195,36.1999999999994,10.3880243897436));
#6185=CARTESIAN_POINT('Ctrl Pts',(1.56799726188195,36.1999999999994,10.3880243897436));
#6186=CARTESIAN_POINT('Ctrl Pts',(1.5702129976737,36.1999999999994,10.3596851232307));
#6187=CARTESIAN_POINT('Ctrl Pts',(1.57455929358309,36.1999999999994,10.3040959872971));
#6188=CARTESIAN_POINT('Ctrl Pts',(1.60897504518978,36.1999999999994,10.2603034895335));
#6189=CARTESIAN_POINT('Ctrl Pts',(1.62584569305194,36.1999999999994,10.2388363480566));
#6190=CARTESIAN_POINT('',(1.56799726188195,36.1999999999994,10.3880243897436));
#6191=CARTESIAN_POINT('Origin',(1.573071666062,36.1999999999994,10.5879566967486));
#6192=CARTESIAN_POINT('',(1.57814607024205,36.1999999999994,10.7878890037535));
#6193=CARTESIAN_POINT('',(1.59047305060058,36.1999999999993,11.2735739303063));
#6194=CARTESIAN_POINT('',(1.57814607024205,36.1999999999994,10.7878890037535));
#6195=CARTESIAN_POINT('Origin',(1.58626519143593,36.1999999999994,10.9868063926695));
#6196=CARTESIAN_POINT('',(1.59438431262982,36.1999999999994,11.1857237815855));
#6197=CARTESIAN_POINT('',(1.60558917925699,36.1999999999993,11.4602415230262));
#6198=CARTESIAN_POINT('',(1.59438431262982,36.1999999999994,11.1857237815855));
#6199=CARTESIAN_POINT('Ctrl Pts',(0.100473612547046,35.8999999999994,10.2926250696181));
#6200=CARTESIAN_POINT('Ctrl Pts',(0.100473612547045,36.1999999999994,10.2926250696181));
#6201=CARTESIAN_POINT('Ctrl Pts',(0.326856488647954,35.8999999999994,10.4946747712978));
#6202=CARTESIAN_POINT('Ctrl Pts',(0.326856488647953,36.1999999999994,10.4946747712978));
#6203=CARTESIAN_POINT('Ctrl Pts',(0.767912418105193,35.8999999999994,10.8883230034689));
#6204=CARTESIAN_POINT('Ctrl Pts',(0.767912418105192,36.1999999999994,10.8883230034689));
#6205=CARTESIAN_POINT('Ctrl Pts',(1.32381331491439,35.8999999999994,11.088360488545));
#6206=CARTESIAN_POINT('Ctrl Pts',(1.32381331491439,36.1999999999994,11.088360488545));
#6207=CARTESIAN_POINT('Ctrl Pts',(1.59438431262982,35.8999999999994,11.1857237815855));
#6208=CARTESIAN_POINT('Ctrl Pts',(1.59438431262982,36.1999999999994,11.1857237815855));
#6209=CARTESIAN_POINT('',(0.100473612547045,36.1999999999994,10.2926250696181));
#6210=CARTESIAN_POINT('Ctrl Pts',(0.100473612547045,36.1999999999994,10.2926250696181));
#6211=CARTESIAN_POINT('Ctrl Pts',(0.326856488647953,36.1999999999994,10.4946747712978));
#6212=CARTESIAN_POINT('Ctrl Pts',(0.767912418105192,36.1999999999994,10.8883230034689));
#6213=CARTESIAN_POINT('Ctrl Pts',(1.32381331491439,36.1999999999994,11.088360488545));
#6214=CARTESIAN_POINT('Ctrl Pts',(1.59438431262982,36.1999999999994,11.1857237815855));
#6215=CARTESIAN_POINT('',(0.100473612547045,36.1999999999994,10.2926250696181));
#6216=CARTESIAN_POINT('Ctrl Pts',(-0.0436401367186247,35.8999999999994,
10.2276723980902));
#6217=CARTESIAN_POINT('Ctrl Pts',(-0.0436401367186257,36.1999999999994,
10.2276723980902));
#6218=CARTESIAN_POINT('Ctrl Pts',(-0.0178225415304791,35.8999999999994,
10.2309092895045));
#6219=CARTESIAN_POINT('Ctrl Pts',(-0.01782254153048,36.1999999999994,10.2309092895045));
#6220=CARTESIAN_POINT('Ctrl Pts',(0.0367033148553867,35.8999999999994,10.2377454907503));
#6221=CARTESIAN_POINT('Ctrl Pts',(0.0367033148553858,36.1999999999994,10.2377454907503));
#6222=CARTESIAN_POINT('Ctrl Pts',(0.0784786131893598,35.8999999999994,10.2736965661354));
#6223=CARTESIAN_POINT('Ctrl Pts',(0.0784786131893589,36.1999999999994,10.2736965661354));
#6224=CARTESIAN_POINT('Ctrl Pts',(0.100473612547046,35.8999999999994,10.2926250696181));
#6225=CARTESIAN_POINT('Ctrl Pts',(0.100473612547045,36.1999999999994,10.2926250696181));
#6226=CARTESIAN_POINT('',(-0.0436401367186257,36.1999999999994,10.2276723980902));
#6227=CARTESIAN_POINT('Ctrl Pts',(-0.0436401367186257,36.1999999999994,
10.2276723980902));
#6228=CARTESIAN_POINT('Ctrl Pts',(-0.01782254153048,36.1999999999994,10.2309092895045));
#6229=CARTESIAN_POINT('Ctrl Pts',(0.0367033148553858,36.1999999999994,10.2377454907503));
#6230=CARTESIAN_POINT('Ctrl Pts',(0.0784786131893589,36.1999999999994,10.2736965661354));
#6231=CARTESIAN_POINT('Ctrl Pts',(0.100473612547045,36.1999999999994,10.2926250696181));
#6232=CARTESIAN_POINT('',(-0.0436401367186257,36.1999999999994,10.2276723980902));
#6233=CARTESIAN_POINT('Ctrl Pts',(-0.188768655061597,35.8999999999994,10.2905955314635));
#6234=CARTESIAN_POINT('Ctrl Pts',(-0.188768655061598,36.1999999999994,10.2905955314635));
#6235=CARTESIAN_POINT('Ctrl Pts',(-0.167481909928944,35.8999999999994,10.2722444549265));
#6236=CARTESIAN_POINT('Ctrl Pts',(-0.167481909928945,36.1999999999994,10.2722444549265));
#6237=CARTESIAN_POINT('Ctrl Pts',(-0.125602916923261,35.8999999999994,10.2361410205524));
#6238=CARTESIAN_POINT('Ctrl Pts',(-0.125602916923262,36.1999999999994,10.2361410205524));
#6239=CARTESIAN_POINT('Ctrl Pts',(-0.0706573347540117,35.8999999999994,
10.2304638901501));
#6240=CARTESIAN_POINT('Ctrl Pts',(-0.0706573347540126,36.1999999999994,
10.2304638901501));
#6241=CARTESIAN_POINT('Ctrl Pts',(-0.0436401367186247,35.8999999999994,
10.2276723980902));
#6242=CARTESIAN_POINT('Ctrl Pts',(-0.0436401367186257,36.1999999999994,
10.2276723980902));
#6243=CARTESIAN_POINT('Ctrl Pts',(-0.188768655061598,36.1999999999994,10.2905955314635));
#6244=CARTESIAN_POINT('Ctrl Pts',(-0.167481909928945,36.1999999999994,10.2722444549265));
#6245=CARTESIAN_POINT('Ctrl Pts',(-0.125602916923262,36.1999999999994,10.2361410205524));
#6246=CARTESIAN_POINT('Ctrl Pts',(-0.0706573347540126,36.1999999999994,
10.2304638901501));
#6247=CARTESIAN_POINT('Ctrl Pts',(-0.0436401367186257,36.1999999999994,
10.2276723980902));
#6248=CARTESIAN_POINT('Origin',(2.22044604925031E-14,36.1999999999994,11.999999999999));
#6249=CARTESIAN_POINT('',(43.0359810054499,36.1999999999994,9.24999999999895));
#6250=CARTESIAN_POINT('',(43.0359810054499,36.1999999999996,14.749999999999));
#6251=CARTESIAN_POINT('',(43.0359810054499,36.1999999999995,13.9749999999991));
#6252=CARTESIAN_POINT('',(-43.0359810054498,36.1999999999991,9.24999999999856));
#6253=CARTESIAN_POINT('',(23.617990502725,36.1999999999993,9.24999999999886));
#6254=CARTESIAN_POINT('',(-43.0359810054498,36.1999999999993,14.7499999999991));
#6255=CARTESIAN_POINT('',(-43.0359810054498,36.1999999999992,10.024999999999));
#6256=CARTESIAN_POINT('',(-23.6179905027249,36.1999999999994,14.7499999999991));
#6257=CARTESIAN_POINT('Origin',(17.8140189945523,-24.4999975979137,5.8999999999996));
#6258=CARTESIAN_POINT('',(17.8140189945523,-21.9999975979137,5.79999999999966));
#6259=CARTESIAN_POINT('Origin',(17.8140189945523,-24.4999975979137,5.79999999999966));
#6260=CARTESIAN_POINT('',(17.8140189945523,-22.1999975979137,5.99999999999954));
#6261=CARTESIAN_POINT('',(17.8140189945523,-22.0999975979137,5.8999999999996));
#6262=CARTESIAN_POINT('Origin',(17.8140189945523,-24.4999975979137,5.99999999999954));
#6263=CARTESIAN_POINT('Origin',(17.8140189945523,-24.4999975979137,5.99999999999962));
#6264=CARTESIAN_POINT('',(16.4448771163624,-22.4082398400969,4.99999999999963));
#6265=CARTESIAN_POINT('',(17.8136690709147,-21.9999905642035,4.09487927100972));
#6266=CARTESIAN_POINT('Ctrl Pts',(16.4448771163624,-22.4082398400969,4.99999999999953));
#6267=CARTESIAN_POINT('Ctrl Pts',(16.5959128063307,-22.3093807406318,4.99999999999962));
#6268=CARTESIAN_POINT('Ctrl Pts',(16.9191108290057,-22.1468165434139,4.91099056604023));
#6269=CARTESIAN_POINT('Ctrl Pts',(17.3967292132173,-22.0202792751328,4.58217856286833));
#6270=CARTESIAN_POINT('Ctrl Pts',(17.6855732394035,-22.0001772016409,4.27290064714142));
#6271=CARTESIAN_POINT('Ctrl Pts',(17.8136690709147,-21.9999905642035,4.09487927100972));
#6272=CARTESIAN_POINT('',(15.5229461889794,-23.4995050194483,4.99999999999952));
#6273=CARTESIAN_POINT('Origin',(17.8140189945523,-24.4999975979137,4.99999999999963));
#6274=CARTESIAN_POINT('',(15.4474694636575,-25.305878059162,2.99999999999962));
#6275=CARTESIAN_POINT('Ctrl Pts',(15.4474694636575,-25.305878059162,2.99999999999922));
#6276=CARTESIAN_POINT('Ctrl Pts',(15.4474694636575,-25.3058780591621,3.16847827127123));
#6277=CARTESIAN_POINT('Ctrl Pts',(15.4262707053096,-25.2461894186655,3.50138560851131));
#6278=CARTESIAN_POINT('Ctrl Pts',(15.3516460938143,-24.9794426174273,4.05950222396892));
#6279=CARTESIAN_POINT('Ctrl Pts',(15.2944517002996,-24.5573755174367,4.54566641713362));
#6280=CARTESIAN_POINT('Ctrl Pts',(15.3444190593589,-24.0107032268436,4.91100056971583));
#6281=CARTESIAN_POINT('Ctrl Pts',(15.4507056489618,-23.6649318704381,4.99999999999963));
#6282=CARTESIAN_POINT('Ctrl Pts',(15.5229461889794,-23.4995050194483,4.99999999999952));
#6283=CARTESIAN_POINT('',(15.4474694636575,-25.3058780591621,-3.77240884223988E-13));
#6284=CARTESIAN_POINT('',(15.4474694636575,-25.3058780591621,5.99999999999962));
#6285=CARTESIAN_POINT('',(18.2132622458068,-22.0320825211075,-3.65036071230315E-13));
#6286=CARTESIAN_POINT('Origin',(17.8140189945522,-24.4999975979137,-3.71624365137043E-13));
#6287=CARTESIAN_POINT('',(18.2132622458068,-22.0320825211076,2.99999999999944));
#6288=CARTESIAN_POINT('',(18.2132622458069,-22.0320825211076,5.99999999999963));
#6289=CARTESIAN_POINT('',(17.8140189945225,-21.9999900788457,4.09439284947517));
#6290=CARTESIAN_POINT('Ctrl Pts',(17.8140189945225,-21.9999900788457,4.09439284947517));
#6291=CARTESIAN_POINT('Ctrl Pts',(17.856496528571,-21.9999341333191,4.03533178789883));
#6292=CARTESIAN_POINT('Ctrl Pts',(17.9788839974489,-22.0030301210288,3.84990115476425));
#6293=CARTESIAN_POINT('Ctrl Pts',(18.1508487931115,-22.0211525294263,3.50145339059864));
#6294=CARTESIAN_POINT('Ctrl Pts',(18.2132622458069,-22.0320825211076,3.16847869147704));
#6295=CARTESIAN_POINT('Ctrl Pts',(18.2132622458068,-22.0320825211076,2.99999999999923));
#6296=CARTESIAN_POINT('',(17.8140189945523,-21.9999975979137,5.99999999999962));
#6297=CARTESIAN_POINT('Ctrl Pts',(17.8136733337294,-21.9999905579962,4.09487334673952));
#6298=CARTESIAN_POINT('Ctrl Pts',(17.8137885672405,-21.9999903902958,4.09471319987284));
#6299=CARTESIAN_POINT('Ctrl Pts',(17.8139037875071,-21.9999902305805,4.09455303411826));
#6300=CARTESIAN_POINT('Ctrl Pts',(17.8140189945225,-21.9999900788457,4.09439284947517));
#6301=CARTESIAN_POINT('Origin',(-82.141122940983,-7.36766069514646,5.99999999999988));
#6302=CARTESIAN_POINT('',(17.8140189945523,-23.5999975979137,5.99999999999962));
#6303=CARTESIAN_POINT('Origin',(17.8140189945523,-24.4999975979137,5.99999999999962));
#6304=CARTESIAN_POINT('Origin',(-40.1859810054482,-24.4999975979156,5.89999999999975));
#6305=CARTESIAN_POINT('',(-40.1859810054482,-21.9999975979156,5.79999999999976));
#6306=CARTESIAN_POINT('Origin',(-40.1859810054482,-24.4999975979156,5.79999999999976));
#6307=CARTESIAN_POINT('',(-40.1859810054482,-22.1999975979156,5.99999999999974));
#6308=CARTESIAN_POINT('',(-40.1859810054482,-22.0999975979156,5.89999999999975));
#6309=CARTESIAN_POINT('Origin',(-40.1859810054482,-24.4999975979156,5.99999999999974));
#6310=CARTESIAN_POINT('Origin',(-40.1859810054482,-24.4999975979156,5.99999999999974));
#6311=CARTESIAN_POINT('',(-40.585224256703,-22.0320825211094,2.99999999999985));
#6312=CARTESIAN_POINT('',(-40.1859066780952,-22.0002969841086,4.09442305910485));
#6313=CARTESIAN_POINT('Ctrl Pts',(-40.585224256703,-22.0320825211094,2.99999999999985));
#6314=CARTESIAN_POINT('Ctrl Pts',(-40.585224256703,-22.0320825211094,3.16847869147755));
#6315=CARTESIAN_POINT('Ctrl Pts',(-40.5028457257507,-22.0169126769243,3.58376396194876));
#6316=CARTESIAN_POINT('Ctrl Pts',(-40.3155676235774,-22.0005942004378,3.91732909503423));
#6317=CARTESIAN_POINT('Ctrl Pts',(-40.1859066780952,-22.0002969841086,4.09442305910485));
#6318=CARTESIAN_POINT('',(-40.585224256703,-22.0320825211094,-2.55359833603542E-13));
#6319=CARTESIAN_POINT('',(-40.5852242567029,-22.0320825211094,5.99999999999975));
#6320=CARTESIAN_POINT('',(-37.8194314745534,-25.3058780591637,-2.51453869500621E-13));
#6321=CARTESIAN_POINT('Origin',(-40.1859810054482,-24.4999975979156,-2.52022835409437E-13));
#6322=CARTESIAN_POINT('',(-37.8194314745534,-25.3058780591637,2.99999999999976));
#6323=CARTESIAN_POINT('',(-37.8194314745534,-25.3058780591637,5.99999999999975));
#6324=CARTESIAN_POINT('',(-37.8949081998753,-23.4995050194501,4.99999999999975));
#6325=CARTESIAN_POINT('Ctrl Pts',(-37.8949081998753,-23.4995050194501,4.99999999999975));
#6326=CARTESIAN_POINT('Ctrl Pts',(-37.8226676598586,-23.6649318704378,4.99999999999975));
#6327=CARTESIAN_POINT('Ctrl Pts',(-37.7163813534466,-24.0107026271082,4.91099989636165));
#6328=CARTESIAN_POINT('Ctrl Pts',(-37.6664138216404,-24.5573748603703,4.54566570539825));
#6329=CARTESIAN_POINT('Ctrl Pts',(-37.7236081222282,-24.9794420199417,4.05950159768445));
#6330=CARTESIAN_POINT('Ctrl Pts',(-37.7982326301966,-25.2461889406717,3.50138506863815));
#6331=CARTESIAN_POINT('Ctrl Pts',(-37.8194314745534,-25.3058780591637,3.16847827127225));
#6332=CARTESIAN_POINT('Ctrl Pts',(-37.8194314745534,-25.3058780591637,2.99999999999976));
#6333=CARTESIAN_POINT('',(-38.8168391272585,-22.4082398400987,4.99999999999975));
#6334=CARTESIAN_POINT('Origin',(-40.1859810054482,-24.4999975979156,4.99999999999975));
#6335=CARTESIAN_POINT('Ctrl Pts',(-40.1859066780952,-22.0002969841086,4.09442305910485));
#6336=CARTESIAN_POINT('Ctrl Pts',(-40.1426133356287,-22.0001977446014,4.15355412287081));
#6337=CARTESIAN_POINT('Ctrl Pts',(-39.9167245712557,-22.0049879827524,4.43609590071088));
#6338=CARTESIAN_POINT('Ctrl Pts',(-39.4576611495886,-22.0776870421881,4.84010931797745));
#6339=CARTESIAN_POINT('Ctrl Pts',(-39.0182200472159,-22.2764277074788,4.99999999999974));
#6340=CARTESIAN_POINT('Ctrl Pts',(-38.8168391272585,-22.4082398400987,4.99999999999975));
#6341=CARTESIAN_POINT('',(-40.1859810054482,-21.9999975979156,5.99999999999974));
#6342=CARTESIAN_POINT('Origin',(-82.141122940983,-7.36766069514646,5.99999999999988));
#6343=CARTESIAN_POINT('',(-40.1859810054482,-23.5999975979156,5.99999999999974));
#6344=CARTESIAN_POINT('Origin',(-40.1859810054482,-24.4999975979156,5.99999999999974));
#6345=CARTESIAN_POINT('Origin',(12.3140166797923,27.4999999999992,5.89999999999959));
#6346=CARTESIAN_POINT('',(13.5140166797918,30.9999999999994,5.99999999999958));
#6347=CARTESIAN_POINT('',(12.3140166797923,30.9999999999992,5.79999999999962));
#6348=CARTESIAN_POINT('Ctrl Pts',(12.3140166797923,30.9999999999996,5.79999999999997));
#6349=CARTESIAN_POINT('Ctrl Pts',(12.8973500131253,30.9999999999996,5.79999999999997));
#6350=CARTESIAN_POINT('Ctrl Pts',(13.5140166797915,30.9999999999996,5.99999999999962));
#6351=CARTESIAN_POINT('',(15.8140166797923,27.4999999999992,5.79999999999961));
#6352=CARTESIAN_POINT('Origin',(12.3140166797923,27.4999999999992,5.79999999999962));
#6353=CARTESIAN_POINT('',(16.0140166797923,27.4999999999992,5.99999999999955));
#6354=CARTESIAN_POINT('',(15.8140166797923,27.4999999999992,5.79999999999961));
#6355=CARTESIAN_POINT('Origin',(12.3140166797923,27.4999999999992,5.99999999999956));
#6356=CARTESIAN_POINT('Origin',(15.9140166797923,17.5000006005207,5.89999999999959));
#6357=CARTESIAN_POINT('',(15.8140166797923,26.8979128544712,5.79999999999963));
#6358=CARTESIAN_POINT('',(16.0140166797923,26.8979128544712,5.99999999999955));
#6359=CARTESIAN_POINT('',(15.8140166797923,26.8979128544712,5.79999999999963));
#6360=CARTESIAN_POINT('',(16.0140166797923,17.5000006005207,5.99999999999955));
#6361=CARTESIAN_POINT('',(15.8140166797923,17.5000006005207,5.79999999999963));
#6362=CARTESIAN_POINT('Origin',(12.3140166797924,26.8979128544712,5.89999999999959));
#6363=CARTESIAN_POINT('',(15.5223513634013,25.4991317572472,5.79999999999961));
#6364=CARTESIAN_POINT('Origin',(12.3140166797924,26.8979128544712,5.79999999999962));
#6365=CARTESIAN_POINT('',(15.7056847738934,25.4192014088343,5.99999999999955));
#6366=CARTESIAN_POINT('',(15.5223513634013,25.4991317572472,5.79999999999961));
#6367=CARTESIAN_POINT('Origin',(12.3140166797924,26.8979128544712,5.99999999999956));
#6368=CARTESIAN_POINT('Origin',(17.8140189945505,24.5000024020861,5.89999999999959));
#6369=CARTESIAN_POINT('',(20.2985389476259,24.7777803759621,5.79999999999962));
#6370=CARTESIAN_POINT('Origin',(17.8140189945505,24.5000024020861,5.79999999999962));
#6371=CARTESIAN_POINT('',(20.0997773513798,24.7555581380521,5.99999999999954));
#6372=CARTESIAN_POINT('',(20.2985389476259,24.7777803759621,5.79999999999962));
#6373=CARTESIAN_POINT('Origin',(17.8140189945505,24.5000024020861,5.99999999999955));
#6374=CARTESIAN_POINT('Origin',(22.2861549100862,25.0000027550621,5.89999999999954));
#6375=CARTESIAN_POINT('',(22.2861549100862,27.0000027550621,5.79999999999954));
#6376=CARTESIAN_POINT('Origin',(22.2861549100862,25.0000027550621,5.79999999999954));
#6377=CARTESIAN_POINT('',(22.2861549100862,27.2000027550621,5.99999999999953));
#6378=CARTESIAN_POINT('',(22.2861549100862,27.0000027550621,5.79999999999954));
#6379=CARTESIAN_POINT('Origin',(22.2861549100862,25.0000027550621,5.99999999999953));
#6380=CARTESIAN_POINT('Origin',(-29.3429905027249,27.1000027550619,5.8999999999997));
#6381=CARTESIAN_POINT('',(43.6859782503889,27.0000027550611,5.7999999999995));
#6382=CARTESIAN_POINT('',(43.4859782503878,27.200002755062,5.99999999999954));
#6383=CARTESIAN_POINT('',(29.9061510431825,40.7798299622675,19.5798272071378));
#6384=CARTESIAN_POINT('',(-29.3429905027249,27.2000027550623,5.99999999999969));
#6385=CARTESIAN_POINT('',(-29.3429905027249,27.0000027550614,5.79999999999972));
#6386=CARTESIAN_POINT('Origin',(-58.6859810054498,27.0000027550615,-1.92328771612057E-13));
#6387=CARTESIAN_POINT('',(43.6859810054499,27.0000027550621,23.6000000000001));
#6388=CARTESIAN_POINT('',(43.6859810054499,27.0000027550621,20.612640910759));
#6389=CARTESIAN_POINT('',(22.2861549100862,27.0000027550621,3.78352329559368E-14));
#6390=CARTESIAN_POINT('',(22.2861549100862,27.0000027550621,5.99999999999955));
#6391=CARTESIAN_POINT('',(56.1202955805006,27.000002755062,8.51986431944689E-14));
#6392=CARTESIAN_POINT('',(-21.7698898524919,27.0000027550623,-2.86215143454223E-14));
#6393=CARTESIAN_POINT('',(56.9386721989079,27.000002755061,0.818376618407452));
#6394=CARTESIAN_POINT('',(28.0601477902504,27.0000027550611,-28.0601477902503));
#6395=CARTESIAN_POINT('',(58.2859810054499,27.000002755061,4.07106781186557));
#6396=CARTESIAN_POINT('Origin',(53.6859810054498,27.000002755061,4.07106781186556));
#6397=CARTESIAN_POINT('',(58.2859810054498,27.000002755061,19.9289321881346));
#6398=CARTESIAN_POINT('',(58.2859810054499,27.000002755061,3.18869634965036E-14));
#6399=CARTESIAN_POINT('',(56.9386721989079,27.000002755061,23.1816233815927));
#6400=CARTESIAN_POINT('Origin',(53.6859810054498,27.000002755061,19.9289321881346));
#6401=CARTESIAN_POINT('',(56.5202955805006,27.000002755061,23.6000000000001));
#6402=CARTESIAN_POINT('',(34.0601477902503,27.0000027550611,46.0601477902503));
#6403=CARTESIAN_POINT('',(-5.13853514758269E-14,27.0000027550613,23.6));
#6404=CARTESIAN_POINT('',(51.1859810054498,27.0000027550611,15.4000000000001));
#6405=CARTESIAN_POINT('Origin',(51.1859810054499,27.0000027550611,12.0000000000001));
#6406=CARTESIAN_POINT('Origin',(22.2861549100862,25.0000027550621,5.99999999999954));
#6407=CARTESIAN_POINT('',(20.2985389476259,24.7777803759621,-3.60099620126303E-13));
#6408=CARTESIAN_POINT('',(20.2985389476259,24.7777803759621,5.99999999999954));
#6409=CARTESIAN_POINT('Origin',(22.2861549100862,25.0000027550621,-3.55271855308925E-13));
#6410=CARTESIAN_POINT('Origin',(17.8140189945505,24.5000024020861,5.99999999999962));
#6411=CARTESIAN_POINT('',(15.5223513634012,25.4991317572472,-3.79051087037124E-13));
#6412=CARTESIAN_POINT('',(15.5223513634013,25.4991317572472,5.99999999999962));
#6413=CARTESIAN_POINT('',(15.4474694636556,25.3058828633342,-3.73364630204559E-13));
#6414=CARTESIAN_POINT('Origin',(17.8140189945505,24.5000024020861,-3.72795664295745E-13));
#6415=CARTESIAN_POINT('',(15.4474694636557,25.3058828633342,2.99999999999962));
#6416=CARTESIAN_POINT('',(15.4474694636557,25.3058828633342,5.99999999999962));
#6417=CARTESIAN_POINT('',(15.5229461889775,23.4995098236212,4.99999999999963));
#6418=CARTESIAN_POINT('Ctrl Pts',(15.5229461889775,23.4995098236212,4.99999999999963));
#6419=CARTESIAN_POINT('Ctrl Pts',(15.4507048993419,23.6649383911952,4.99999999999962));
#6420=CARTESIAN_POINT('Ctrl Pts',(15.3444123244835,24.0107505855722,4.91099057146882));
#6421=CARTESIAN_POINT('Ctrl Pts',(15.2944481520091,24.5573698622852,4.54570701796452));
#6422=CARTESIAN_POINT('Ctrl Pts',(15.3516536486952,24.9795066186631,4.05945273718793));
#6423=CARTESIAN_POINT('Ctrl Pts',(15.4262653241012,25.2461638397422,3.50146884281313));
#6424=CARTESIAN_POINT('Ctrl Pts',(15.4474694636557,25.3058828633342,3.16848001951952));
#6425=CARTESIAN_POINT('Ctrl Pts',(15.4474694636557,25.3058828633342,2.99999999999962));
#6426=CARTESIAN_POINT('',(16.4448771163608,22.4082446442691,4.99999999999963));
#6427=CARTESIAN_POINT('Origin',(17.8140189945505,24.5000024020862,4.99999999999963));
#6428=CARTESIAN_POINT('',(18.2132622458052,22.0320873252801,2.99999999999964));
#6429=CARTESIAN_POINT('Ctrl Pts',(18.2132622458052,22.0320873252801,2.99999999999964));
#6430=CARTESIAN_POINT('Ctrl Pts',(18.2132622458052,22.0320873252801,3.16847827127204));
#6431=CARTESIAN_POINT('Ctrl Pts',(18.1143721456507,22.0138804544752,3.66690010525513));
#6432=CARTESIAN_POINT('Ctrl Pts',(17.6976702188272,21.9807736998301,4.30151546949213));
#6433=CARTESIAN_POINT('Ctrl Pts',(17.0857154185277,22.0776988565172,4.84004772679713));
#6434=CARTESIAN_POINT('Ctrl Pts',(16.6462575340508,22.2764328404042,4.99999999999963));
#6435=CARTESIAN_POINT('Ctrl Pts',(16.4448771163608,22.4082446442691,4.99999999999963));
#6436=CARTESIAN_POINT('',(18.2132622458052,22.0320873252801,-3.60576881904643E-13));
#6437=CARTESIAN_POINT('',(18.2132622458052,22.0320873252801,5.99999999999964));
#6438=CARTESIAN_POINT('Origin',(17.8140189945505,24.5000024020861,-3.72795664295745E-13));
#6439=CARTESIAN_POINT('Origin',(12.3140166797924,26.8979128544712,5.99999999999962));
#6440=CARTESIAN_POINT('',(15.8140166797923,26.8979128544711,2.35510378497617E-14));
#6441=CARTESIAN_POINT('',(15.8140166797923,26.8979128544712,5.99999999999962));
#6442=CARTESIAN_POINT('Origin',(12.3140166797923,26.8979128544712,-3.80703251517412E-13));
#6443=CARTESIAN_POINT('Origin',(15.8140166797923,30.9999999999992,-3.74567751452411E-13));
#6444=CARTESIAN_POINT('',(15.8140166797923,27.4999999999992,2.32929621674829E-14));
#6445=CARTESIAN_POINT('',(15.8140166797923,27.4999999999992,3.74999999999972));
#6446=CARTESIAN_POINT('',(15.8140166797923,32.9999999999991,1.85393368124548E-14));
#6447=CARTESIAN_POINT('Origin',(12.3140166797923,27.4999999999992,3.74999999999972));
#6448=CARTESIAN_POINT('',(12.3140166797923,30.9999999999992,2.05385369105317E-14));
#6449=CARTESIAN_POINT('',(12.3140166797923,30.9999999999992,3.74999999999972));
#6450=CARTESIAN_POINT('Origin',(12.3140166797923,27.4999999999992,-3.80961327199691E-13));
#6451=CARTESIAN_POINT('Origin',(-34.6859785604818,27.4999999999994,5.89999999999978));
#6452=CARTESIAN_POINT('',(-34.6859785604818,30.9999999999993,5.79999999999976));
#6453=CARTESIAN_POINT('',(-35.8859785604817,30.9999999999994,5.99999999999973));
#6454=CARTESIAN_POINT('Ctrl Pts',(-35.8859785604813,30.9999999999996,5.99999999999981));
#6455=CARTESIAN_POINT('Ctrl Pts',(-35.2693118938149,30.9999999999996,5.79999999999995));
#6456=CARTESIAN_POINT('Ctrl Pts',(-34.6859785604818,30.9999999999996,5.79999999999995));
#6457=CARTESIAN_POINT('',(-38.3859785604818,27.4999999999994,5.99999999999981));
#6458=CARTESIAN_POINT('Origin',(-34.6859785604818,27.4999999999994,5.9999999999998));
#6459=CARTESIAN_POINT('',(-38.1859785604818,27.4999999999994,5.79999999999977));
#6460=CARTESIAN_POINT('',(-38.3859785604818,27.4999999999994,5.99999999999981));
#6461=CARTESIAN_POINT('Origin',(-34.6859785604818,27.4999999999994,5.79999999999976));
#6462=CARTESIAN_POINT('Origin',(-38.2859785604818,15.5000006005208,5.89999999999978));
#6463=CARTESIAN_POINT('',(-38.3859785604819,26.8979125558114,5.99999999999981));
#6464=CARTESIAN_POINT('',(-38.3859785604819,15.5000006005208,5.99999999999981));
#6465=CARTESIAN_POINT('',(-38.1859785604818,26.8979125558114,5.79999999999975));
#6466=CARTESIAN_POINT('',(-38.3859785604819,26.8979125558114,5.99999999999981));
#6467=CARTESIAN_POINT('',(-38.1859785604818,15.5000006005208,5.79999999999975));
#6468=CARTESIAN_POINT('Origin',(-34.6859785604818,26.8979125558114,5.89999999999978));
#6469=CARTESIAN_POINT('',(-38.0776467348789,25.4192012943468,5.99999999999981));
#6470=CARTESIAN_POINT('',(-37.8943133200464,25.4991316328044,5.79999999999976));
#6471=CARTESIAN_POINT('',(-38.0776467348789,25.4192012943468,5.99999999999981));
#6472=CARTESIAN_POINT('Origin',(-34.6859785604818,26.8979125558114,5.79999999999975));
#6473=CARTESIAN_POINT('Origin',(-34.6859785604818,26.8979125558114,5.9999999999998));
#6474=CARTESIAN_POINT('Origin',(-40.1859810054497,24.5000024020844,5.89999999999978));
#6475=CARTESIAN_POINT('',(-42.471739362279,24.7555581380503,5.99999999999983));
#6476=CARTESIAN_POINT('',(-42.670500958525,24.7777803759603,5.79999999999975));
#6477=CARTESIAN_POINT('',(-42.471739362279,24.7555581380503,5.99999999999983));
#6478=CARTESIAN_POINT('Origin',(-40.1859810054497,24.5000024020844,5.79999999999974));
#6479=CARTESIAN_POINT('Origin',(-40.1859810054497,24.5000024020844,5.99999999999982));
#6480=CARTESIAN_POINT('Origin',(-44.6581169209852,25.0000027550614,5.89999999999984));
#6481=CARTESIAN_POINT('',(-43.7416017819937,27.0000027550612,5.99999999999983));
#6482=CARTESIAN_POINT('',(-44.6581169209852,27.0000027550614,5.79999999999985));
#6483=CARTESIAN_POINT('Ctrl Pts',(-44.6581169209852,27.0000027550614,5.79999999999986));
#6484=CARTESIAN_POINT('Ctrl Pts',(-44.2216811405132,27.0000027550614,5.79999999999986));
#6485=CARTESIAN_POINT('Ctrl Pts',(-43.741601781994,27.0000027550614,5.99999999999984));
#6486=CARTESIAN_POINT('Origin',(-44.6581169209852,25.0000027550614,5.79999999999985));
#6487=CARTESIAN_POINT('Origin',(-44.6581169209852,25.0000027550614,5.99999999999983));
#6488=CARTESIAN_POINT('Origin',(-6.43929354282591E-14,4.00000120104222,
5.9999999999997));
#6489=CARTESIAN_POINT('',(-37.6149131935843,30.9999999999994,5.99999999999975));
#6490=CARTESIAN_POINT('',(-41.3544165494415,30.9999999999994,5.99999999999974));
#6491=CARTESIAN_POINT('',(-41.1504470995171,29.5355339059324,5.99999999999974));
#6492=CARTESIAN_POINT('Origin',(-37.6149131935843,25.9999999999993,5.99999999999965));
#6493=CARTESIAN_POINT('',(-43.6859800591667,27.0000024273534,5.99999999999982));
#6494=CARTESIAN_POINT('',(-37.5144854538268,33.1714955516224,5.99999999999975));
#6495=CARTESIAN_POINT('',(-2.38697950294409E-14,27.0000027550613,5.9999999999997));
#6496=CARTESIAN_POINT('',(-40.1859810054497,25.4000024020844,5.99999999999974));
#6497=CARTESIAN_POINT('Origin',(-40.1859810054497,24.5000024020844,5.99999999999974));
#6498=CARTESIAN_POINT('Origin',(-51.1859810054498,34.7999999999994,11.9999999999999));
#6499=CARTESIAN_POINT('',(-49.0859810054498,34.9999999999995,11.9999999999999));
#6500=CARTESIAN_POINT('Origin',(-51.1859810054498,34.9999999999995,11.9999999999999));
#6501=CARTESIAN_POINT('',(-49.4859810054498,34.5999999999992,11.9999999999999));
#6502=CARTESIAN_POINT('',(-49.2859810054498,34.7999999999994,11.9999999999999));
#6503=CARTESIAN_POINT('Origin',(-51.1859810054498,34.5999999999992,11.9999999999999));
#6504=CARTESIAN_POINT('Origin',(-82.7088330988829,34.9999999999995,7.50000000000019));
#6505=CARTESIAN_POINT('',(-56.9386721989079,34.9999999999995,0.81837661840728));
#6506=CARTESIAN_POINT('',(-56.1202955805006,35.,-8.20080328304392E-14));
#6507=CARTESIAN_POINT('',(-65.2838513163335,34.9999999999995,9.16355573583288));
#6508=CARTESIAN_POINT('',(-58.2859810054498,34.9999999999995,4.07106781186538));
#6509=CARTESIAN_POINT('Origin',(-53.6859810054498,34.9999999999995,4.07106781186539));
#6510=CARTESIAN_POINT('',(-58.2859810054498,34.9999999999995,19.9289321881344));
#6511=CARTESIAN_POINT('',(-58.2859810054498,34.9999999999995,11.2500000000001));
#6512=CARTESIAN_POINT('',(-56.9386721989079,34.9999999999995,23.1816233815926));
#6513=CARTESIAN_POINT('Origin',(-53.6859810054498,34.9999999999995,19.9289321881345));
#6514=CARTESIAN_POINT('',(-56.5202955805006,34.9999999999995,23.5999999999999));
#6515=CARTESIAN_POINT('',(-67.5338513163334,34.9999999999995,12.5864442641671));
#6516=CARTESIAN_POINT('',(56.5202955805006,34.9999999999995,23.6000000000001));
#6517=CARTESIAN_POINT('',(-12.0114260467166,34.9999999999995,23.6));
#6518=CARTESIAN_POINT('',(56.9386721989079,34.9999999999995,23.1816233815927));
#6519=CARTESIAN_POINT('',(26.1794347668919,34.9999999999995,53.9408608136087));
#6520=CARTESIAN_POINT('',(58.2859810054498,34.9999999999995,19.9289321881346));
#6521=CARTESIAN_POINT('Origin',(53.6859810054498,34.9999999999995,19.9289321881346));
#6522=CARTESIAN_POINT('',(58.2859810054498,34.9999999999995,4.07106781186557));
#6523=CARTESIAN_POINT('',(58.2859810054498,34.9999999999995,3.75000000000024));
#6524=CARTESIAN_POINT('',(56.938672198908,34.9999999999995,0.818376618407446));
#6525=CARTESIAN_POINT('Origin',(53.6859810054498,34.9999999999995,4.07106781186556));
#6526=CARTESIAN_POINT('',(56.1202955805006,35.,8.20080328304391E-14));
#6527=CARTESIAN_POINT('',(23.9294347668923,34.9999999999995,-32.1908608136085));
#6528=CARTESIAN_POINT('',(58.6859810054498,35.,8.57572435640141E-14));
#6529=CARTESIAN_POINT('',(53.2859810054499,34.9999999999995,12.0000000000001));
#6530=CARTESIAN_POINT('Origin',(51.1859810054499,34.9999999999995,12.0000000000001));
#6531=CARTESIAN_POINT('',(44.2359810054499,34.9999999999995,15.9499999999991));
#6532=CARTESIAN_POINT('',(-44.2359810054498,34.9999999999995,15.949999999999));
#6533=CARTESIAN_POINT('',(-64.9724070521664,34.9999999999995,15.949999999999));
#6534=CARTESIAN_POINT('',(-44.2359810054498,34.9999999999995,8.04999999999901));
#6535=CARTESIAN_POINT('',(-44.2359810054498,34.9999999999995,7.77499999999962));
#6536=CARTESIAN_POINT('',(44.2359810054499,34.9999999999995,8.04999999999914));
#6537=CARTESIAN_POINT('',(-17.7364260467165,34.9999999999995,8.04999999999905));
#6538=CARTESIAN_POINT('',(44.2359810054499,34.9999999999995,11.7249999999997));
#6539=CARTESIAN_POINT('Origin',(-51.1859810054499,27.0000027550624,11.9999999999999));
#6540=CARTESIAN_POINT('',(-49.4859810054498,29.9999999999994,11.9999999999999));
#6541=CARTESIAN_POINT('Origin',(-51.1859810054498,29.9999999999994,11.9999999999999));
#6542=CARTESIAN_POINT('',(-49.4859810054499,27.0000027550624,11.9999999999999));
#6543=CARTESIAN_POINT('Origin',(51.1859810054499,34.799999999999,12.0000000000001));
#6544=CARTESIAN_POINT('',(52.8859810054499,34.5999999999985,12.0000000000001));
#6545=CARTESIAN_POINT('',(53.0859810054499,34.799999999999,12.0000000000001));
#6546=CARTESIAN_POINT('Origin',(51.1859810054499,34.5999999999985,12.0000000000001));
#6547=CARTESIAN_POINT('Origin',(51.1859810054499,27.000002755062,12.0000000000001));
#6548=CARTESIAN_POINT('',(52.8859810054499,29.999999999999,12.0000000000001));
#6549=CARTESIAN_POINT('Origin',(51.1859810054499,29.999999999999,12.0000000000001));
#6550=CARTESIAN_POINT('',(52.8859810054498,27.000002755062,12.0000000000001));
#6551=CARTESIAN_POINT('Origin',(24.0708561231296,34.7999999999995,-32.3322821698458));
#6552=CARTESIAN_POINT('',(56.6859810054498,34.5999999999995,8.31435289913845E-14));
#6553=CARTESIAN_POINT('',(7.2155306848074,69.5808908900796,1.33226762955019E-14));
#6554=CARTESIAN_POINT('',(57.2215149113826,34.5999999999995,0.535533905932836));
#6555=CARTESIAN_POINT('',(56.938672198908,34.9999999999995,0.818376618407446));
#6556=CARTESIAN_POINT('',(24.2122774793669,34.5999999999995,-32.4737035260831));
#6557=CARTESIAN_POINT('Origin',(53.6859810054498,34.7999999999996,4.07106781186556));
#6558=CARTESIAN_POINT('',(58.6859810054498,34.5999999999997,4.07106781186557));
#6559=CARTESIAN_POINT('',(58.2859810054498,34.9999999999995,4.07106781186557));
#6560=CARTESIAN_POINT('Origin',(53.6859810054498,34.5999999999997,4.07106781186556));
#6561=CARTESIAN_POINT('Origin',(58.4859810054498,34.7999999999998,3.75000000000024));
#6562=CARTESIAN_POINT('',(58.6859810054498,34.6,19.9289321881346));
#6563=CARTESIAN_POINT('',(58.2859810054498,34.9999999999995,19.9289321881346));
#6564=CARTESIAN_POINT('',(58.6859810054498,34.6,3.75000000000024));
#6565=CARTESIAN_POINT('Origin',(53.6859810054498,34.7999999999996,19.9289321881346));
#6566=CARTESIAN_POINT('',(57.2215149113825,34.5999999999997,23.4644660940674));
#6567=CARTESIAN_POINT('',(56.9386721989079,34.9999999999995,23.1816233815927));
#6568=CARTESIAN_POINT('Origin',(53.6859810054498,34.5999999999997,19.9289321881346));
#6569=CARTESIAN_POINT('Origin',(26.3208561231292,34.7999999999995,54.082282169846));
#6570=CARTESIAN_POINT('',(56.6859810054498,34.5999999999995,24.0000000000001));
#6571=CARTESIAN_POINT('',(26.4622774793665,34.5999999999995,54.2237035260833));
#6572=CARTESIAN_POINT('',(56.5202955805006,34.9999999999995,23.6000000000001));
#6573=CARTESIAN_POINT('Origin',(-12.0114260467166,34.7999999999995,23.8));
#6574=CARTESIAN_POINT('',(-56.6859810054498,34.5999999999995,23.9999999999999));
#6575=CARTESIAN_POINT('',(-12.0114260467166,34.5999999999995,24.));
#6576=CARTESIAN_POINT('',(-56.5202955805006,34.9999999999995,23.5999999999999));
#6577=CARTESIAN_POINT('Origin',(-67.6752726725707,34.7999999999995,12.7278656204044));
#6578=CARTESIAN_POINT('',(-57.2215149113826,34.5999999999995,23.4644660940672));
#6579=CARTESIAN_POINT('',(-56.9386721989079,34.9999999999995,23.1816233815926));
#6580=CARTESIAN_POINT('',(-67.816694028808,34.5999999999995,12.8692869766417));
#6581=CARTESIAN_POINT('Origin',(-53.6859810054498,34.7999999999995,19.9289321881345));
#6582=CARTESIAN_POINT('',(-58.6859810054498,34.5999999999996,19.9289321881344));
#6583=CARTESIAN_POINT('',(-58.2859810054498,34.9999999999995,19.9289321881344));
#6584=CARTESIAN_POINT('Origin',(-53.6859810054498,34.5999999999996,19.9289321881345));
#6585=CARTESIAN_POINT('Origin',(-58.4859810054498,34.7999999999995,11.2500000000001));
#6586=CARTESIAN_POINT('',(-58.6859810054498,34.5999999999994,4.07106781186538));
#6587=CARTESIAN_POINT('',(-58.2859810054498,34.9999999999995,4.07106781186538));
#6588=CARTESIAN_POINT('',(-58.6859810054498,34.5999999999994,11.2500000000001));
#6589=CARTESIAN_POINT('Origin',(-53.6859810054498,34.7999999999995,4.07106781186539));
#6590=CARTESIAN_POINT('',(-57.2215149113825,34.5999999999996,0.535533905932654));
#6591=CARTESIAN_POINT('',(-56.9386721989079,34.9999999999995,0.81837661840728));
#6592=CARTESIAN_POINT('Origin',(-53.6859810054498,34.5999999999996,4.07106781186539));
#6593=CARTESIAN_POINT('Origin',(-65.4252726725708,34.7999999999995,9.02213437959557));
#6594=CARTESIAN_POINT('',(-56.6859810054498,34.5999999999995,-8.25034582646286E-14));
#6595=CARTESIAN_POINT('',(-60.1243235382528,32.1687246790124,-8.77076189453874E-14));
#6596=CARTESIAN_POINT('',(-65.5666940288081,34.5999999999995,8.88071302335826));
#6597=CARTESIAN_POINT('Origin',(57.6859810054498,34.9999999999998,1.00000000000008));
#6598=CARTESIAN_POINT('',(57.2215149113826,27.4000027550621,0.535533905932836));
#6599=CARTESIAN_POINT('',(57.2215149113826,34.9999999999999,0.535533905932836));
#6600=CARTESIAN_POINT('',(56.6859810054498,27.400002755061,8.31435289913848E-14));
#6601=CARTESIAN_POINT('',(28.342990502725,27.4000027550612,-28.3429905027249));
#6602=CARTESIAN_POINT('',(56.6859810054498,34.9999999999998,8.31435289913845E-14));
#6603=CARTESIAN_POINT('Origin',(51.1859810054499,27.200002755061,12.0000000000001));
#6604=CARTESIAN_POINT('',(51.1859810054498,27.400002755061,15.0000000000001));
#6605=CARTESIAN_POINT('',(51.1859810054498,27.200002755061,15.2000000000001));
#6606=CARTESIAN_POINT('Origin',(51.1859810054499,27.400002755061,12.0000000000001));
#6607=CARTESIAN_POINT('Origin',(51.1859810054499,27.000002755062,12.0000000000001));
#6608=CARTESIAN_POINT('',(51.1859810054499,29.999999999999,15.0000000000001));
#6609=CARTESIAN_POINT('',(51.1859810054498,27.000002755062,15.0000000000001));
#6610=CARTESIAN_POINT('Origin',(51.1859810054499,29.999999999999,12.0000000000001));
#6611=CARTESIAN_POINT('Origin',(-5.08976778227725E-14,27.2000027550613,
23.8));
#6612=CARTESIAN_POINT('',(56.6859810054498,27.400002755061,24.0000000000001));
#6613=CARTESIAN_POINT('',(43.8516636753381,27.4000027550611,24.0000000000001));
#6614=CARTESIAN_POINT('',(-5.04100041697181E-14,27.4000027550613,24.));
#6615=CARTESIAN_POINT('',(43.8516636753381,27.4000027550611,24.0000000000001));
#6616=CARTESIAN_POINT('',(56.5202955805006,27.000002755061,23.6000000000001));
#6617=CARTESIAN_POINT('Origin',(-57.5445596492125,27.2000027550615,1.14142135623721));
#6618=CARTESIAN_POINT('',(-56.6859810054498,27.4000027550615,-8.25034582646283E-14));
#6619=CARTESIAN_POINT('',(-56.1202955805006,27.0000027550615,-8.19981505144666E-14));
#6620=CARTESIAN_POINT('',(-59.3830366309232,29.3071090770711,-8.6389229103645E-14));
#6621=CARTESIAN_POINT('',(-56.9386721989079,27.0000027550615,0.818376618407278));
#6622=CARTESIAN_POINT('',(-57.4031382929752,27.0000027550615,1.28284271247452));
#6623=CARTESIAN_POINT('',(-57.2215149113825,27.4000027550615,0.535533905932654));
#6624=CARTESIAN_POINT('',(-56.9386721989079,27.0000027550615,0.818376618407278));
#6625=CARTESIAN_POINT('',(-57.6859810054498,27.4000027550615,0.999999999999902));
#6626=CARTESIAN_POINT('Origin',(-53.6859810054498,27.2000027550615,4.07106781186539));
#6627=CARTESIAN_POINT('',(-58.2859810054498,27.0000027550615,4.07106781186538));
#6628=CARTESIAN_POINT('',(-58.6859810054498,27.4000027550615,4.07106781186538));
#6629=CARTESIAN_POINT('',(-58.2859810054498,27.0000027550615,4.07106781186538));
#6630=CARTESIAN_POINT('Origin',(-53.6859810054498,27.4000027550615,4.07106781186539));
#6631=CARTESIAN_POINT('Origin',(-53.6859810054498,27.0000027550615,4.07106781186539));
#6632=CARTESIAN_POINT('Origin',(-58.4859810054498,27.2000027550615,7.49999999999986));
#6633=CARTESIAN_POINT('',(-58.2859810054499,27.0000027550615,19.9289321881344));
#6634=CARTESIAN_POINT('',(-58.6859810054498,27.4000027550615,19.9289321881344));
#6635=CARTESIAN_POINT('',(-58.2859810054499,27.0000027550615,19.9289321881344));
#6636=CARTESIAN_POINT('',(-58.6859810054498,27.4000027550615,7.49999999999986));
#6637=CARTESIAN_POINT('',(-58.2859810054498,27.0000027550615,7.49999999999986));
#6638=CARTESIAN_POINT('Origin',(-53.6859810054498,27.2000027550615,19.9289321881345));
#6639=CARTESIAN_POINT('',(-56.9386721989079,27.0000027550615,23.1816233815926));
#6640=CARTESIAN_POINT('',(-57.2215149113826,27.4000027550615,23.4644660940672));
#6641=CARTESIAN_POINT('',(-56.9386721989079,27.0000027550615,23.1816233815926));
#6642=CARTESIAN_POINT('Origin',(-53.6859810054498,27.4000027550615,19.9289321881345));
#6643=CARTESIAN_POINT('Origin',(-53.6859810054498,27.0000027550615,19.9289321881345));
#6644=CARTESIAN_POINT('Origin',(-63.5445596492126,27.2000027550615,16.8585786437626));
#6645=CARTESIAN_POINT('',(-56.6859810054498,27.4000027550615,23.9999999999999));
#6646=CARTESIAN_POINT('',(-63.6859810054499,27.4000027550615,16.9999999999999));
#6647=CARTESIAN_POINT('',(-56.5202955805006,27.0000027550615,23.5999999999999));
#6648=CARTESIAN_POINT('',(-63.4031382929752,27.0000027550615,16.7171572875253));
#6649=CARTESIAN_POINT('',(-56.5202955805006,27.0000027550615,23.5999999999999));
#6650=CARTESIAN_POINT('Origin',(44.5774023616871,26.3914213562374,23.8000000000001));
#6651=CARTESIAN_POINT('',(41.4332898119921,29.8183766184071,24.0000000000001));
#6652=CARTESIAN_POINT('',(44.7188237179245,26.5328427124747,24.0000000000001));
#6653=CARTESIAN_POINT('',(41.1504470995171,29.5355339059321,23.6000000000001));
#6654=CARTESIAN_POINT('',(41.4332898119921,29.8183766184071,24.0000000000001));
#6655=CARTESIAN_POINT('',(44.4359810054498,26.2500000000001,23.6000000000001));
#6656=CARTESIAN_POINT('Origin',(37.6149131935843,26.0000000000001,23.8000000000001));
#6657=CARTESIAN_POINT('',(37.6149131935844,31.4000000000001,24.0000000000001));
#6658=CARTESIAN_POINT('',(37.6149131935844,31.0000000000001,23.6000000000001));
#6659=CARTESIAN_POINT('',(37.6149131935844,31.4000000000001,24.0000000000001));
#6660=CARTESIAN_POINT('Origin',(37.6149131935843,26.0000000000001,23.6000000000001));
#6661=CARTESIAN_POINT('Origin',(37.6149131935843,26.0000000000001,24.0000000000001));
#6662=CARTESIAN_POINT('Origin',(-12.0114260467166,31.1999999999996,23.8));
#6663=CARTESIAN_POINT('',(-37.6149131935843,31.3999999999996,24.));
#6664=CARTESIAN_POINT('',(-37.6149131935843,30.9999999999994,23.6));
#6665=CARTESIAN_POINT('',(-37.6149131935843,31.3999999999996,24.));
#6666=CARTESIAN_POINT('',(-12.0114260467166,30.9999999999996,23.6));
#6667=CARTESIAN_POINT('',(-12.0114260467166,31.3999999999996,24.));
#6668=CARTESIAN_POINT('Origin',(-37.6149131935844,25.9999999999993,23.7999999999999));
#6669=CARTESIAN_POINT('',(-41.4332898119916,29.8183766184069,23.9999999999999));
#6670=CARTESIAN_POINT('',(-41.1504470995171,29.5355339059324,23.5999999999999));
#6671=CARTESIAN_POINT('',(-41.4332898119916,29.8183766184069,23.9999999999999));
#6672=CARTESIAN_POINT('Origin',(-37.6149131935844,25.9999999999993,23.6));
#6673=CARTESIAN_POINT('Origin',(-37.6149131935844,25.9999999999993,23.9999999999999));
#6674=CARTESIAN_POINT('Origin',(-15.2344118589622,55.7344118589618,23.8));
#6675=CARTESIAN_POINT('',(-43.6859810054499,27.0000027550614,23.5999999999999));
#6676=CARTESIAN_POINT('',(-15.0929905027249,55.5929905027245,23.6));
#6677=CARTESIAN_POINT('',(-43.8516636753371,27.4000027550614,23.9999999999999));
#6678=CARTESIAN_POINT('',(-15.3758332151995,55.8758332151991,24.));
#6679=CARTESIAN_POINT('',(-43.8516636753371,27.4000027550614,23.9999999999999));
#6680=CARTESIAN_POINT('Origin',(-5.08976778227725E-14,27.2000027550613,
23.8));
#6681=CARTESIAN_POINT('',(-5.13853514758269E-14,27.0000027550613,23.6));
#6682=CARTESIAN_POINT('',(-5.04100041697181E-14,27.4000027550613,24.));
#6683=CARTESIAN_POINT('Origin',(34.2015691464876,27.2000027550611,46.2015691464876));
#6684=CARTESIAN_POINT('',(57.2215149113825,27.400002755061,23.4644660940674));
#6685=CARTESIAN_POINT('',(56.9386721989079,27.000002755061,23.1816233815927));
#6686=CARTESIAN_POINT('',(34.3429905027249,27.4000027550611,46.3429905027249));
#6687=CARTESIAN_POINT('Origin',(53.6859810054498,27.2000027550616,19.9289321881346));
#6688=CARTESIAN_POINT('',(58.6859810054498,27.400002755062,19.9289321881346));
#6689=CARTESIAN_POINT('',(58.2859810054498,27.000002755061,19.9289321881346));
#6690=CARTESIAN_POINT('Origin',(53.6859810054498,27.4000027550621,19.9289321881346));
#6691=CARTESIAN_POINT('Origin',(58.4859810054498,27.2000027550615,3.21792215182483E-14));
#6692=CARTESIAN_POINT('',(58.6859810054498,27.400002755062,4.07106781186557));
#6693=CARTESIAN_POINT('',(58.2859810054499,27.000002755061,4.07106781186557));
#6694=CARTESIAN_POINT('',(58.6859810054498,27.400002755062,3.2471479539993E-14));
#6695=CARTESIAN_POINT('Origin',(53.6859810054498,27.2000027550616,4.07106781186556));
#6696=CARTESIAN_POINT('',(56.9386721989079,27.000002755061,0.818376618407452));
#6697=CARTESIAN_POINT('Origin',(53.6859810054498,27.4000027550621,4.07106781186556));
#6698=CARTESIAN_POINT('Origin',(28.2015691464877,27.2000027550611,-28.2015691464876));
#6699=CARTESIAN_POINT('',(10.4780524597166,-5.27393686421179,1.33226762955019E-14));
#6700=CARTESIAN_POINT('Origin',(41.6859810054499,29.0000000000001,11.2500000000003));
#6701=CARTESIAN_POINT('',(41.1504470995171,29.5355339059321,5.99999999999957));
#6702=CARTESIAN_POINT('',(41.1504470995171,29.5355339059321,9.37500000000026));
#6703=CARTESIAN_POINT('',(37.5144854538268,33.1714955516231,5.99999999999956));
#6704=CARTESIAN_POINT('Origin',(37.6149131935843,26.0000000000001,9.37500000000026));
#6705=CARTESIAN_POINT('',(37.6149131935844,31.0000000000001,5.99999999999956));
#6706=CARTESIAN_POINT('',(37.6149131935844,31.0000000000001,9.37500000000026));
#6707=CARTESIAN_POINT('Origin',(37.6149131935844,26.0000000000001,5.99999999999966));
#6708=CARTESIAN_POINT('Origin',(-82.7088330988829,30.9999999999995,7.50000000000019));
#6709=CARTESIAN_POINT('',(-37.6149131935843,30.9999999999994,7.12500000000015));
#6710=CARTESIAN_POINT('',(-34.6859785604819,30.9999999999994,-4.08837493261643E-14));
#6711=CARTESIAN_POINT('',(-34.6859785604818,30.9999999999993,3.74999999999995));
#6712=CARTESIAN_POINT('',(58.6859810054498,31.,9.00218605673983E-14));
#6713=CARTESIAN_POINT('',(-41.3544165494415,30.9999999999994,5.99999999999974));
#6714=CARTESIAN_POINT('Origin',(-37.6149131935843,25.9999999999993,7.12500000000014));
#6715=CARTESIAN_POINT('',(-41.1504470995171,29.5355339059324,7.12500000000014));
#6716=CARTESIAN_POINT('Origin',(-41.6859810054498,28.9999999999994,6.75000000000004));
#6717=CARTESIAN_POINT('',(-43.6859810054499,27.0000027550614,21.61264092566));
#6718=CARTESIAN_POINT('Origin',(-58.6859810054498,27.0000027550615,-1.92328771612057E-13));
#6719=CARTESIAN_POINT('',(-44.6581169209853,27.0000027550614,-5.85331606607696E-14));
#6720=CARTESIAN_POINT('',(-58.6859810054498,27.0000027550615,-8.57473612480417E-14));
#6721=CARTESIAN_POINT('',(-44.6581169209852,27.0000027550614,5.99999999999984));
#6722=CARTESIAN_POINT('',(-51.1859810054499,27.0000027550615,15.4));
#6723=CARTESIAN_POINT('Origin',(-51.1859810054499,27.0000027550615,11.9999999999999));
#6724=CARTESIAN_POINT('Origin',(-57.6859810054498,34.9999999999994,0.999999999999917));
#6725=CARTESIAN_POINT('',(-56.6859810054498,34.9999999999994,-8.25034582646286E-14));
#6726=CARTESIAN_POINT('',(-57.2215149113825,34.9999999999994,0.535533905932654));
#6727=CARTESIAN_POINT('Origin',(-51.1859810054499,27.2000027550614,11.9999999999999));
#6728=CARTESIAN_POINT('',(-51.1859810054499,27.4000027550614,14.9999999999999));
#6729=CARTESIAN_POINT('',(-51.1859810054499,27.2000027550614,15.1999999999999));
#6730=CARTESIAN_POINT('Origin',(-51.1859810054499,27.4000027550614,11.9999999999999));
#6731=CARTESIAN_POINT('Origin',(-51.1859810054499,27.0000027550624,11.9999999999999));
#6732=CARTESIAN_POINT('',(-51.1859810054499,29.9999999999994,14.9999999999999));
#6733=CARTESIAN_POINT('',(-51.1859810054499,27.0000027550624,14.9999999999999));
#6734=CARTESIAN_POINT('Origin',(-51.1859810054498,29.9999999999994,11.9999999999999));
#6735=CARTESIAN_POINT('Origin',(43.0359810054499,34.9999999999995,13.9749999999991));
#6736=CARTESIAN_POINT('Origin',(43.0359810054499,34.9999999999994,8.04999999999899));
#6737=CARTESIAN_POINT('Origin',(43.0359810054499,34.9999999999996,15.949999999999));
#6738=CARTESIAN_POINT('Origin',(-47.2359810054498,34.9999999999996,15.9499999999989));
#6739=CARTESIAN_POINT('Origin',(-43.0359810054498,34.9999999999994,15.9499999999992));
#6740=CARTESIAN_POINT('Origin',(2.22044604925031E-14,36.1999999999994,11.999999999999));
#6741=CARTESIAN_POINT('Origin',(-43.0359810054498,34.9999999999992,10.024999999999));
#6742=CARTESIAN_POINT('Origin',(-43.0359810054498,34.9999999999991,8.04999999999859));
#6743=CARTESIAN_POINT('Origin',(47.2359810054499,34.9999999999994,8.04999999999905));
#6744=CARTESIAN_POINT('Origin',(-53.6859810054498,34.9999999999994,4.07106781186539));
#6745=CARTESIAN_POINT('',(-58.6859810054498,34.9999999999994,4.07106781186538));
#6746=CARTESIAN_POINT('Origin',(-58.6859810054498,34.9999999999994,14.9999999999999));
#6747=CARTESIAN_POINT('',(-58.6859810054498,34.9999999999995,19.9289321881344));
#6748=CARTESIAN_POINT('Origin',(-53.6859810054498,34.9999999999996,19.9289321881345));
#6749=CARTESIAN_POINT('',(-57.2215149113826,34.9999999999995,23.4644660940672));
#6750=CARTESIAN_POINT('Origin',(53.6859810054498,35.,19.9289321881346));
#6751=CARTESIAN_POINT('',(57.2215149113825,35.,23.4644660940674));
#6752=CARTESIAN_POINT('',(58.6859810054498,35.,19.9289321881346));
#6753=CARTESIAN_POINT('Origin',(58.6859810054498,35.,8.57572435640141E-14));
#6754=CARTESIAN_POINT('',(58.6859810054498,34.9999999999999,4.07106781186557));
#6755=CARTESIAN_POINT('Origin',(53.6859810054498,34.9999999999999,4.07106781186556));
#6756=CARTESIAN_POINT('Origin',(57.6859810054498,35.,23.0000000000001));
#6757=CARTESIAN_POINT('',(56.6859810054498,35.,24.0000000000001));
#6758=CARTESIAN_POINT('Origin',(-57.6859810054498,34.9999999999997,22.9999999999999));
#6759=CARTESIAN_POINT('',(-56.6859810054498,34.9999999999997,23.9999999999999));
#6760=CARTESIAN_POINT('Origin',(58.6859810054498,35.,24.0000000000001));
#6761=CARTESIAN_POINT('Origin',(-58.6859810054498,34.9999999999994,-8.53947285934222E-14));
#6762=CARTESIAN_POINT('',(17.7276078971389,21.8088069201042,-3.72291912653601E-13));
#6763=CARTESIAN_POINT('Origin',(18.3729595463071,21.0449212945582,-3.6634750998462E-13));
#6764=CARTESIAN_POINT('',(-3.56593966687393,3.81943052981623,-3.05751583634896E-13));
#6765=CARTESIAN_POINT('',(19.1047222928869,22.9722311509942,-3.60906858957781E-13));
#6766=CARTESIAN_POINT('',(-3.56593966687367,-3.81942572564478,-3.08032087176583E-13));
#6767=CARTESIAN_POINT('Origin',(-0.339181421032752,2.40208625434946E-6,
-4.00374549048003E-13));
#6768=CARTESIAN_POINT('',(17.7276078971405,-21.8088021159311,-3.72353970723747E-13));
#6769=CARTESIAN_POINT('',(-38.8952777071134,26.0277736531764,-2.52827625689292E-13));
#6770=CARTESIAN_POINT('Origin',(18.3729595463087,-21.044916490385,-3.67729824185825E-13));
#6771=CARTESIAN_POINT('',(15.1462013004678,-24.8643446181153,-3.81968772678442E-13));
#6772=CARTESIAN_POINT('Origin',(14.5008496512996,-25.6282302436614,-3.77711135019364E-13));
#6773=CARTESIAN_POINT('',(-7.95922275960768,-5.34424498115676,-3.12541584058762E-13));
#6774=CARTESIAN_POINT('',(16.5233156962159,-26.027768849006,-3.71990874015884E-13));
#6775=CARTESIAN_POINT('',(-14.4127392512898,-5.34424498115669,-3.20975409108296E-13));
#6776=CARTESIAN_POINT('Origin',(-11.1859810054486,-9.16367310888677,-3.17898748354386E-13));
#6777=CARTESIAN_POINT('',(-37.5181633113637,-24.864344618117,-2.55394328966674E-13));
#6778=CARTESIAN_POINT('',(19.1047222928869,22.9722311509942,-3.60906858957781E-13));
#6779=CARTESIAN_POINT('Origin',(-36.8728116621955,-25.6282302436631,-2.49449926297691E-13));
#6780=CARTESIAN_POINT('',(-40.0995699080366,-21.8088021159329,-2.52526587051603E-13));
#6781=CARTESIAN_POINT('Origin',(-40.7449215572049,-21.0449164903869,-2.58470989720584E-13));
#6782=CARTESIAN_POINT('',(-18.8060223440238,-3.81942572564469,-3.27948700267317E-13));
#6783=CARTESIAN_POINT('',(-41.4766843037847,-22.9722263468236,-2.550298565504E-13));
#6784=CARTESIAN_POINT('',(-18.8060223440241,3.81943052981528,-3.25668196725598E-13));
#6785=CARTESIAN_POINT('Origin',(-22.032780589865,2.40208531288033E-6,-3.31025361021224E-13));
#6786=CARTESIAN_POINT('',(-40.099569908038,21.8088069201014,-2.52464528981425E-13));
#6787=CARTESIAN_POINT('',(16.5233156962159,-26.027768849006,-3.71990874015884E-13));
#6788=CARTESIAN_POINT('',(-40.5852242567043,22.0320873252784,-2.59782428474875E-13));
#6789=CARTESIAN_POINT('Origin',(-40.7449215572062,21.0449212945554,-2.5708867551935E-13));
#6790=CARTESIAN_POINT('',(-42.670500958525,24.7777803759603,-2.55873700603061E-13));
#6791=CARTESIAN_POINT('Origin',(-40.1859810054498,24.5000024020844,-2.53194134568141E-13));
#6792=CARTESIAN_POINT('Origin',(-44.6581169209853,25.0000027550614,-1.67423154621593E-13));
#6793=CARTESIAN_POINT('',(17.8140189945505,25.4000024020861,-3.7308906930673E-13));
#6794=CARTESIAN_POINT('Origin',(17.8140189945505,24.5000024020861,-3.72795664295745E-13));
#6795=CARTESIAN_POINT('',(-40.1859810054498,25.4000024020844,-2.53487539579128E-13));
#6796=CARTESIAN_POINT('Origin',(-40.1859810054498,24.5000024020844,-2.53194134568141E-13));
#6797=CARTESIAN_POINT('',(17.8140189945522,-23.5999975979137,-3.7191777014803E-13));
#6798=CARTESIAN_POINT('Origin',(17.8140189945522,-24.4999975979137,-3.71624365137043E-13));
#6799=CARTESIAN_POINT('',(-40.1859810054482,-23.5999975979156,-2.52316240420422E-13));
#6800=CARTESIAN_POINT('Origin',(-40.1859810054482,-24.4999975979156,-2.52022835409437E-13));
#6801=CARTESIAN_POINT('',(-38.1859785604818,27.4999999999994,-4.72773250734447E-14));
#6802=CARTESIAN_POINT('Origin',(-34.6859785604818,27.4999999999994,-1.49284734935344E-13));
#6803=CARTESIAN_POINT('',(-38.1859785604818,26.8979125558114,-4.70192404516881E-14));
#6804=CARTESIAN_POINT('',(-38.1859785604818,30.9999999999994,-4.54577498282796E-14));
#6805=CARTESIAN_POINT('',(-37.8943133200465,25.4991316328044,-2.53459788430679E-13));
#6806=CARTESIAN_POINT('Origin',(-34.6859785604818,26.8979125558113,-1.49026650313587E-13));
#6807=CARTESIAN_POINT('',(-37.819431474555,25.3058828633324,-2.56459399678188E-13));
#6808=CARTESIAN_POINT('Origin',(-40.1859810054498,24.5000024020844,-2.53194134568141E-13));
#6809=CARTESIAN_POINT('',(-37.5181633113653,24.8643494222863,-2.51731511223754E-13));
#6810=CARTESIAN_POINT('Origin',(-36.8728116621971,25.6282350478323,-2.5598914888283E-13));
#6811=CARTESIAN_POINT('',(-14.4127392512901,5.34424978532734,-3.21158699843422E-13));
#6812=CARTESIAN_POINT('',(-38.8952777071134,26.0277736531764,-2.52827625689292E-13));
#6813=CARTESIAN_POINT('',(-7.95922275960803,5.34424978532729,-3.12724874793889E-13));
#6814=CARTESIAN_POINT('Origin',(-11.1859810054492,9.16367791305727,-3.15801535547795E-13));
#6815=CARTESIAN_POINT('',(15.146201300466,24.8643494222882,-3.78305954935527E-13));
#6816=CARTESIAN_POINT('',(-41.4766843037847,-22.9722263468236,-2.550298565504E-13));
#6817=CARTESIAN_POINT('Origin',(14.5008496512977,25.6282350478342,-3.75368573407508E-13));
#6818=CARTESIAN_POINT('Origin',(-3.21964677141295E-14,29.9999999999992,
25.0563205820393));
#6819=CARTESIAN_POINT('Origin',(-3.21964677141295E-14,29.9999999999992,
25.0563205820393));
#6820=CARTESIAN_POINT('Origin',(-44.6581169209852,25.0000027550614,5.99999999999985));
#6821=CARTESIAN_POINT('',(-42.670500958525,24.7777803759603,5.99999999999985));
#6822=CARTESIAN_POINT('Origin',(-40.1859810054497,24.5000024020844,5.99999999999974));
#6823=CARTESIAN_POINT('',(-40.5852242567043,22.0320873252784,2.99999999999985));
#6824=CARTESIAN_POINT('',(-40.5852242567044,22.0320873252784,5.99999999999975));
#6825=CARTESIAN_POINT('',(-38.81683912726,22.4082446442674,4.99999999999975));
#6826=CARTESIAN_POINT('Ctrl Pts',(-38.81683912726,22.4082446442674,4.99999999999985));
#6827=CARTESIAN_POINT('Ctrl Pts',(-38.9678760077744,22.3093847655413,4.99999999999975));
#6828=CARTESIAN_POINT('Ctrl Pts',(-39.2910735382393,22.1468206557344,4.91098999221475));
#6829=CARTESIAN_POINT('Ctrl Pts',(-39.8216664179891,22.0062496941814,4.54570641961825));
#6830=CARTESIAN_POINT('Ctrl Pts',(-40.2474278114819,21.9921365623884,4.05945221978145));
#6831=CARTESIAN_POINT('Ctrl Pts',(-40.5228018371272,22.0211567181874,3.50146839350855));
#6832=CARTESIAN_POINT('Ctrl Pts',(-40.5852242567043,22.0320873252784,3.16848001951985));
#6833=CARTESIAN_POINT('Ctrl Pts',(-40.5852242567043,22.0320873252784,3.00000000000005));
#6834=CARTESIAN_POINT('',(-37.8949081998768,23.4995098236194,4.99999999999975));
#6835=CARTESIAN_POINT('Origin',(-40.1859810054497,24.5000024020844,4.99999999999975));
#6836=CARTESIAN_POINT('',(-37.819431474555,25.3058828633324,2.99999999999975));
#6837=CARTESIAN_POINT('Ctrl Pts',(-37.819431474555,25.3058828633324,3.00000000000026));
#6838=CARTESIAN_POINT('Ctrl Pts',(-37.8194314745549,25.3058828633324,3.16847827127256));
#6839=CARTESIAN_POINT('Ctrl Pts',(-37.7849615307441,25.2114233560714,3.66689996911816));
#6840=CARTESIAN_POINT('Ctrl Pts',(-37.6827130168682,24.8061063248433,4.30151526124055));
#6841=CARTESIAN_POINT('Ctrl Pts',(-37.6760539536394,24.1865590774344,4.84004745572525));
#6842=CARTESIAN_POINT('Ctrl Pts',(-37.7985874798529,23.7200789582734,4.99999999999975));
#6843=CARTESIAN_POINT('Ctrl Pts',(-37.8949081998768,23.4995098236194,4.99999999999985));
#6844=CARTESIAN_POINT('',(-37.8194314745551,25.3058828633324,5.99999999999975));
#6845=CARTESIAN_POINT('',(-37.8943133200464,25.4991316328044,5.99999999999975));
#6846=CARTESIAN_POINT('Origin',(-34.6859785604818,27.4999999999994,3.74999999999996));
#6847=CARTESIAN_POINT('',(-38.1859785604818,27.4999999999994,3.74999999999995));
#6848=CARTESIAN_POINT('Origin',(-38.1859785604818,26.9999999999994,-2.54355953552925E-13));
#6849=CARTESIAN_POINT('',(-38.1859785604818,26.8979125558114,5.99999999999974));
#6850=CARTESIAN_POINT('Origin',(-34.6859785604818,26.8979125558114,5.99999999999975));
#6851=CARTESIAN_POINT('Origin',(-36.8728116621972,25.6282350478323,5.99999999999975));
#6852=CARTESIAN_POINT('',(-37.5181633113653,24.8643494222863,2.99999999999975));
#6853=CARTESIAN_POINT('Origin',(-36.8728116621971,25.6282350478323,2.99999999999975));
#6854=CARTESIAN_POINT('',(-37.5181633113653,24.8643494222863,5.99999999999975));
#6855=CARTESIAN_POINT('Ctrl Pts',(-37.5181633113653,24.8643494222863,3.00000000000005));
#6856=CARTESIAN_POINT('Ctrl Pts',(-37.5181633113652,24.8643494222863,3.08423913563615));
#6857=CARTESIAN_POINT('Ctrl Pts',(-37.4473582765553,24.7587945321513,3.33344998455895));
#6858=CARTESIAN_POINT('Ctrl Pts',(-37.1941516191147,24.3216242966944,3.65075763062026));
#6859=CARTESIAN_POINT('Ctrl Pts',(-36.9729754342495,23.7050235133424,3.92002372786255));
#6860=CARTESIAN_POINT('Ctrl Pts',(-36.9478254678146,23.2847762522654,3.99999999999976));
#6861=CARTESIAN_POINT('Ctrl Pts',(-36.9784790776475,23.0993127922334,3.99999999999975));
#6862=CARTESIAN_POINT('Ctrl Pts',(-37.5968943875307,24.9308636073223,3.00000000000014));
#6863=CARTESIAN_POINT('Ctrl Pts',(-37.5968943875306,24.9308636073223,3.09868411706135));
#6864=CARTESIAN_POINT('Ctrl Pts',(-37.5405997131412,24.8215322093884,3.39057807187515));
#6865=CARTESIAN_POINT('Ctrl Pts',(-37.3505415723777,24.3683441419744,3.74367509438675));
#6866=CARTESIAN_POINT('Ctrl Pts',(-37.2207468771523,23.7479407412593,3.98515737274386));
#6867=CARTESIAN_POINT('Ctrl Pts',(-37.2257041001388,23.3740161251354,4.01422396317265));
#6868=CARTESIAN_POINT('Ctrl Pts',(-37.2526740298315,23.2190514640233,3.99999999999976));
#6869=CARTESIAN_POINT('Ctrl Pts',(-37.716500006807,25.0687311438373,3.00000000000026));
#6870=CARTESIAN_POINT('Ctrl Pts',(-37.716500006807,25.0687311438374,3.12633764389115));
#6871=CARTESIAN_POINT('Ctrl Pts',(-37.6797406624141,24.9602139762643,3.49949646309255));
#6872=CARTESIAN_POINT('Ctrl Pts',(-37.5765420090724,24.5088623912593,3.94942657182685));
#6873=CARTESIAN_POINT('Ctrl Pts',(-37.5903837623155,23.8979110867414,4.25149538422195));
#6874=CARTESIAN_POINT('Ctrl Pts',(-37.6804137408116,23.5614553809344,4.27324040090325));
#6875=CARTESIAN_POINT('Ctrl Pts',(-37.7271888428552,23.4262681651454,4.25130747345745));
#6876=CARTESIAN_POINT('Ctrl Pts',(-37.794513672523,25.2327092159434,3.00000000000025));
#6877=CARTESIAN_POINT('Ctrl Pts',(-37.7945136725229,25.2327092159424,3.15583666064175));
#6878=CARTESIAN_POINT('Ctrl Pts',(-37.7614970082904,25.1334405975734,3.61665998515935));
#6879=CARTESIAN_POINT('Ctrl Pts',(-37.6696858704827,24.7131436053694,4.19578787593736));
#6880=CARTESIAN_POINT('Ctrl Pts',(-37.6893436949881,24.1028688870304,4.66352136389626));
#6881=CARTESIAN_POINT('Ctrl Pts',(-37.8123762813847,23.6882061370113,4.78213343566005));
#6882=CARTESIAN_POINT('Ctrl Pts',(-37.8949081998768,23.4995098236194,4.77560052474336));
#6883=CARTESIAN_POINT('Ctrl Pts',(-37.819431474555,25.3058828633324,3.00000000000026));
#6884=CARTESIAN_POINT('Ctrl Pts',(-37.8194314745549,25.3058828633324,3.16847827127256));
#6885=CARTESIAN_POINT('Ctrl Pts',(-37.7849615307441,25.2114233560714,3.66689996911816));
#6886=CARTESIAN_POINT('Ctrl Pts',(-37.6827130168682,24.8061063248433,4.30151526124055));
#6887=CARTESIAN_POINT('Ctrl Pts',(-37.6760539536394,24.1865590774344,4.84004745572525));
#6888=CARTESIAN_POINT('Ctrl Pts',(-37.7985874798529,23.7200789582734,4.99999999999975));
#6889=CARTESIAN_POINT('Ctrl Pts',(-37.8949081998768,23.4995098236194,4.99999999999985));
#6890=CARTESIAN_POINT('',(-36.9784790776476,23.0993127922334,3.99999999999975));
#6891=CARTESIAN_POINT('Origin',(-36.9784790776475,23.0993127922334,4.99999999999975));
#6892=CARTESIAN_POINT('Ctrl Pts',(-36.9784790776475,23.0993127922334,3.99999999999975));
#6893=CARTESIAN_POINT('Ctrl Pts',(-36.9478254678146,23.2847762522654,3.99999999999976));
#6894=CARTESIAN_POINT('Ctrl Pts',(-36.9729754342495,23.7050235133424,3.92002372786255));
#6895=CARTESIAN_POINT('Ctrl Pts',(-37.1941516191147,24.3216242966944,3.65075763062026));
#6896=CARTESIAN_POINT('Ctrl Pts',(-37.4473582765553,24.7587945321513,3.33344998455895));
#6897=CARTESIAN_POINT('Ctrl Pts',(-37.5181633113652,24.8643494222863,3.08423913563615));
#6898=CARTESIAN_POINT('Ctrl Pts',(-37.5181633113653,24.8643494222863,3.00000000000005));
#6899=CARTESIAN_POINT('Origin',(-40.1859810054497,24.5000024020844,4.99999999999975));
#6900=CARTESIAN_POINT('',(-38.2691823759841,21.5715415411414,3.99999999999975));
#6901=CARTESIAN_POINT('Origin',(-38.2691823759841,21.5715415411414,4.99999999999975));
#6902=CARTESIAN_POINT('Origin',(-40.1859810054497,24.5000024020844,3.99999999999975));
#6903=CARTESIAN_POINT('Ctrl Pts',(-38.2689998916903,21.5715564860484,3.99999999285142));
#6904=CARTESIAN_POINT('Ctrl Pts',(-38.4023459627656,21.5256180361114,4.00001579561356));
#6905=CARTESIAN_POINT('Ctrl Pts',(-38.7045625216592,21.4759363543436,3.95550949526166));
#6906=CARTESIAN_POINT('Ctrl Pts',(-39.2442653544588,21.5196685999429,3.77283959148088));
#6907=CARTESIAN_POINT('Ctrl Pts',(-39.7113364623388,21.6526082165434,3.52971350275315));
#6908=CARTESIAN_POINT('Ctrl Pts',(-40.0266391282695,21.7764343223083,3.25068639917149));
#6909=CARTESIAN_POINT('Ctrl Pts',(-40.0996005459494,21.8088155863751,3.08413977201918));
#6910=CARTESIAN_POINT('Ctrl Pts',(-40.0995575753542,21.8087965161416,2.99985127654713));
#6911=CARTESIAN_POINT('Ctrl Pts',(-38.4328931325411,21.8219030791803,3.99997248652334));
#6912=CARTESIAN_POINT('Ctrl Pts',(-38.5441354785128,21.7825220501164,4.01065684737215));
#6913=CARTESIAN_POINT('Ctrl Pts',(-38.8051662849656,21.7251762322646,4.00031772156884));
#6914=CARTESIAN_POINT('Ctrl Pts',(-39.3172574279913,21.7056056491366,3.86004763905971));
#6915=CARTESIAN_POINT('Ctrl Pts',(-39.7859193202627,21.7711647141704,3.61044763006618));
#6916=CARTESIAN_POINT('Ctrl Pts',(-40.1043986072399,21.8523424476625,3.29391717972066));
#6917=CARTESIAN_POINT('Ctrl Pts',(-40.178335215539,21.8753289849005,3.09856856978881));
#6918=CARTESIAN_POINT('Ctrl Pts',(-40.1782916706506,21.8753154477761,2.99982577242326));
#6919=CARTESIAN_POINT('Ctrl Pts',(-38.7164966086964,22.2551724592844,4.25127240296292));
#6920=CARTESIAN_POINT('Ctrl Pts',(-38.8106260021079,22.2036291834156,4.26774266649351));
#6921=CARTESIAN_POINT('Ctrl Pts',(-39.0325857334096,22.0969430093346,4.26600945422662));
#6922=CARTESIAN_POINT('Ctrl Pts',(-39.5045196699635,21.9619906711763,4.09677076120111));
#6923=CARTESIAN_POINT('Ctrl Pts',(-39.9552458670298,21.9336091219081,3.78023795308578));
#6924=CARTESIAN_POINT('Ctrl Pts',(-40.2628738215993,21.9594334287666,3.37560875955384));
#6925=CARTESIAN_POINT('Ctrl Pts',(-40.3342474620754,21.9702213676895,3.12619134183477));
#6926=CARTESIAN_POINT('Ctrl Pts',(-40.3342054266361,21.9702150150384,2.99977694738672));
#6927=CARTESIAN_POINT('Ctrl Pts',(-38.8166870691096,22.4083443061707,4.77559474094921));
#6928=CARTESIAN_POINT('Ctrl Pts',(-38.94592378466,22.3236331622391,4.78052492404709));
#6929=CARTESIAN_POINT('Ctrl Pts',(-39.2282221292441,22.1735625607144,4.71765659774856));
#6930=CARTESIAN_POINT('Ctrl Pts',(-39.7290289677159,22.0199590383814,4.41097236939066));
#6931=CARTESIAN_POINT('Ctrl Pts',(-40.1588678253582,21.9891291354304,3.97564923373884));
#6932=CARTESIAN_POINT('Ctrl Pts',(-40.4436659890564,22.0102187380427,3.46362141523174));
#6933=CARTESIAN_POINT('Ctrl Pts',(-40.5089548073946,22.0197483413994,3.15565709770235));
#6934=CARTESIAN_POINT('Ctrl Pts',(-40.5089163554586,22.0197427298141,2.99972486430425));
#6935=CARTESIAN_POINT('Ctrl Pts',(-38.8166613609316,22.408361010984,4.99999997944759));
#6936=CARTESIAN_POINT('Ctrl Pts',(-38.9677492058543,22.3094485481568,5.00003491674081));
#6937=CARTESIAN_POINT('Ctrl Pts',(-39.2910110871769,22.1468372010109,4.91103298628426));
#6938=CARTESIAN_POINT('Ctrl Pts',(-39.8216664179891,22.0062496941814,4.54570641961825));
#6939=CARTESIAN_POINT('Ctrl Pts',(-40.2474278114819,21.9921365623884,4.05945221978145));
#6940=CARTESIAN_POINT('Ctrl Pts',(-40.5228423517127,22.021160987797,3.50138629976954));
#6941=CARTESIAN_POINT('Ctrl Pts',(-40.5852609859465,22.0320937576596,3.16828405030674));
#6942=CARTESIAN_POINT('Ctrl Pts',(-40.5852242242732,22.032087319599,2.99970254512919));
#6943=CARTESIAN_POINT('',(-40.099569908038,21.8088069201014,2.99999999999984));
#6944=CARTESIAN_POINT('Origin',(-40.7449215572063,21.0449212945554,2.99999999999985));
#6945=CARTESIAN_POINT('Ctrl Pts',(-40.099569908038,21.8088069201014,2.99999999999995));
#6946=CARTESIAN_POINT('Ctrl Pts',(-40.099569908038,21.8088069201014,3.02793887112995));
#6947=CARTESIAN_POINT('Ctrl Pts',(-40.0955919501507,21.8069846862455,3.05578343230698));
#6948=CARTESIAN_POINT('Ctrl Pts',(-40.0881525605888,21.8037115921541,3.08330564318447));
#6949=CARTESIAN_POINT('Ctrl Pts',(-40.080631303653,21.8004024790296,3.11113072449398));
#6950=CARTESIAN_POINT('Ctrl Pts',(-40.0695721250223,21.7956102647259,3.13862566678183));
#6951=CARTESIAN_POINT('Ctrl Pts',(-40.0555423125834,21.7896790409555,3.16556886778264));
#6952=CARTESIAN_POINT('Ctrl Pts',(-40.0416076246285,21.7837880318782,3.19232938935658));
#6953=CARTESIAN_POINT('Ctrl Pts',(-40.0247427541601,21.7767730452271,3.21854513902553));
#6954=CARTESIAN_POINT('Ctrl Pts',(-40.0055331133838,21.768936201869,3.24402131683525));
#6955=CARTESIAN_POINT('Ctrl Pts',(-39.9835614657593,21.7599725589378,3.27316051876891));
#6956=CARTESIAN_POINT('Ctrl Pts',(-39.9585275920096,21.7499274683923,3.3013366251401));
#6957=CARTESIAN_POINT('Ctrl Pts',(-39.9311497216333,21.7392246769821,3.32861883700936));
#6958=CARTESIAN_POINT('Ctrl Pts',(-39.9027933488139,21.728139361022,3.35687613242602));
#6959=CARTESIAN_POINT('Ctrl Pts',(-39.8719224058376,21.7163485232845,3.38417526552725));
#6960=CARTESIAN_POINT('Ctrl Pts',(-39.8392989779084,21.7043655291876,3.41060126627159));
#6961=CARTESIAN_POINT('Ctrl Pts',(-39.8207313715325,21.6975454145732,3.42564161031432));
#6962=CARTESIAN_POINT('Ctrl Pts',(-39.8015954325686,21.6906638217897,3.44039919757138));
#6963=CARTESIAN_POINT('Ctrl Pts',(-39.7820268457755,21.6838210996057,3.45488941453453));
#6964=CARTESIAN_POINT('Ctrl Pts',(-39.7417270067223,21.6697290956397,3.48473078313384));
#6965=CARTESIAN_POINT('Ctrl Pts',(-39.6996019976478,21.6557903830019,3.5134136809932));
#6966=CARTESIAN_POINT('Ctrl Pts',(-39.6560546650871,21.6422168853338,3.54098469090628));
#6967=CARTESIAN_POINT('Ctrl Pts',(-39.6112807305953,21.6282610616431,3.56933229612418));
#6968=CARTESIAN_POINT('Ctrl Pts',(-39.5650030138141,21.6146915593109,3.59650543205843));
#6969=CARTESIAN_POINT('Ctrl Pts',(-39.5176250119655,21.6017793878428,3.62254216680317));
#6970=CARTESIAN_POINT('Ctrl Pts',(-39.4699403738366,21.5887836472061,3.64874741451137));
#6971=CARTESIAN_POINT('Ctrl Pts',(-39.4211407733915,21.5764542338311,3.67380234914902));
#6972=CARTESIAN_POINT('Ctrl Pts',(-39.3716079710836,21.5651025161915,3.69771971367155));
#6973=CARTESIAN_POINT('Ctrl Pts',(-39.3223024929692,21.553802895747,3.72152731263775));
#6974=CARTESIAN_POINT('Ctrl Pts',(-39.2722700492362,21.5434725836278,3.74420846418874));
#6975=CARTESIAN_POINT('Ctrl Pts',(-39.2218644785811,21.5344455382267,3.76573847727602));
#6976=CARTESIAN_POINT('Ctrl Pts',(-39.2105194700601,21.5324137805129,3.77058433416758));
#6977=CARTESIAN_POINT('Ctrl Pts',(-39.1991554849365,21.5304481326076,3.77537170229323));
#6978=CARTESIAN_POINT('Ctrl Pts',(-39.1877764379276,21.5285525440081,3.78009998330241));
#6979=CARTESIAN_POINT('Ctrl Pts',(-39.125507013816,21.5181793369766,3.80597449944158));
#6980=CARTESIAN_POINT('Ctrl Pts',(-39.0628143456262,21.5098712175563,3.83004818144008));
#6981=CARTESIAN_POINT('Ctrl Pts',(-39.0001864283125,21.5039569688668,3.85209843853007));
#6982=CARTESIAN_POINT('Ctrl Pts',(-38.9414298953032,21.4984083131992,3.87278564503709));
#6983=CARTESIAN_POINT('Ctrl Pts',(-38.8827297693483,21.4949674120381,3.89169172240483));
#6984=CARTESIAN_POINT('Ctrl Pts',(-38.8244988077851,21.4938941909326,3.90859048882378));
#6985=CARTESIAN_POINT('Ctrl Pts',(-38.7861107869153,21.4931866835674,3.91973078567873));
#6986=CARTESIAN_POINT('Ctrl Pts',(-38.747926865329,21.4935079145625,3.9299978483549));
#6987=CARTESIAN_POINT('Ctrl Pts',(-38.7100697651464,21.4949270652728,3.93931637712231));
#6988=CARTESIAN_POINT('Ctrl Pts',(-38.6566963457694,21.4969278768947,3.95245424931748));
#6989=CARTESIAN_POINT('Ctrl Pts',(-38.6039711215162,21.5011127443255,3.96370380395471));
#6990=CARTESIAN_POINT('Ctrl Pts',(-38.5523550195799,21.5076002061679,3.97281353038624));
#6991=CARTESIAN_POINT('Ctrl Pts',(-38.5017436125645,21.513961391137,3.98174593819949));
#6992=CARTESIAN_POINT('Ctrl Pts',(-38.4521986664462,21.5225362904545,3.98862051669115));
#6993=CARTESIAN_POINT('Ctrl Pts',(-38.4041842351037,21.5334017105674,3.99321903158711));
#6994=CARTESIAN_POINT('Ctrl Pts',(-38.3575922715783,21.5439452334924,3.9976813116207));
#6995=CARTESIAN_POINT('Ctrl Pts',(-38.3124416653435,21.5566453516776,3.9999999999998));
#6996=CARTESIAN_POINT('Ctrl Pts',(-38.2691823759842,21.5715415411404,3.99999999999981));
#6997=CARTESIAN_POINT('Origin',(-40.7449215572062,21.0449212945554,5.99999999999975));
#6998=CARTESIAN_POINT('',(-40.0995699080379,21.8088069201014,5.99999999999974));
#6999=CARTESIAN_POINT('Origin',(-36.8728116621954,-25.628230243663,5.99999999999975));
#7000=CARTESIAN_POINT('',(-37.5181633113637,-24.864344618117,2.99999999999975));
#7001=CARTESIAN_POINT('Origin',(-36.8728116621954,-25.6282302436631,2.99999999999975));
#7002=CARTESIAN_POINT('',(-37.5181633113637,-24.864344618117,5.99999999999975));
#7003=CARTESIAN_POINT('Ctrl Pts',(-36.9784630866885,-23.0991227514873,3.9999999926296));
#7004=CARTESIAN_POINT('Ctrl Pts',(-36.9554443538039,-23.2382682427013,4.00001603802323));
#7005=CARTESIAN_POINT('Ctrl Pts',(-36.9569360744946,-23.5445000479131,3.9555146765031));
#7006=CARTESIAN_POINT('Ctrl Pts',(-37.0902223398439,-24.0693672193641,3.77281902552502));
#7007=CARTESIAN_POINT('Ctrl Pts',(-37.2992786492369,-24.5075963467371,3.52973799780614));
#7008=CARTESIAN_POINT('Ctrl Pts',(-37.4740796573356,-24.7978786281623,3.2506439888378));
#7009=CARTESIAN_POINT('Ctrl Pts',(-37.5181771752968,-24.8643738036859,3.08413737177779));
#7010=CARTESIAN_POINT('Ctrl Pts',(-37.5181508027356,-24.8643340349923,2.99984897757557));
#7011=CARTESIAN_POINT('Ctrl Pts',(-37.2526695447106,-23.2188952367455,3.99997206190702));
#7012=CARTESIAN_POINT('Ctrl Pts',(-37.2324239653466,-23.3351522148095,4.01065656620126));
#7013=CARTESIAN_POINT('Ctrl Pts',(-37.2194841415326,-23.6020625722496,4.00031159057433));
#7014=CARTESIAN_POINT('Ctrl Pts',(-37.2857395041123,-24.1102777615194,3.86001657833549));
#7015=CARTESIAN_POINT('Ctrl Pts',(-37.4286380244627,-24.5613281363706,3.61046596301935));
#7016=CARTESIAN_POINT('Ctrl Pts',(-37.5619064389332,-24.8618676819133,3.29386652926033));
#7017=CARTESIAN_POINT('Ctrl Pts',(-37.5969080758427,-24.9308917186957,3.09856577176037));
#7018=CARTESIAN_POINT('Ctrl Pts',(-37.5968871433262,-24.9308504376038,2.99982307918201));
#7019=CARTESIAN_POINT('Ctrl Pts',(-37.7272403594014,-23.4261463741677,4.25125864132874));
#7020=CARTESIAN_POINT('Ctrl Pts',(-37.6921450414484,-23.5275624929392,4.26772904742665));
#7021=CARTESIAN_POINT('Ctrl Pts',(-37.6240370058295,-23.7641840421052,4.2660014521684));
#7022=CARTESIAN_POINT('Ctrl Pts',(-37.5698105258061,-24.2520784053869,4.09673388081108));
#7023=CARTESIAN_POINT('Ctrl Pts',(-37.6171021037619,-24.7011377197759,3.78026599375853));
#7024=CARTESIAN_POINT('Ctrl Pts',(-37.6939605963538,-25.0002257363217,3.37554671922817));
#7025=CARTESIAN_POINT('Ctrl Pts',(-37.7165113938926,-25.0687621669931,3.12618778317039));
#7026=CARTESIAN_POINT('Ctrl Pts',(-37.7164979079273,-25.068721177493,2.99977349936123));
#7027=CARTESIAN_POINT('Ctrl Pts',(-37.8949821877176,-23.4993358751908,4.77559465128018));
#7028=CARTESIAN_POINT('Ctrl Pts',(-37.8330494087914,-23.6409064173444,4.78052525173737));
#7029=CARTESIAN_POINT('Ctrl Pts',(-37.7322518157575,-23.9442690339573,4.71766447307068));
#7030=CARTESIAN_POINT('Ctrl Pts',(-37.6644583453342,-24.4637493880673,4.41093543401005));
#7031=CARTESIAN_POINT('Ctrl Pts',(-37.7058533720287,-24.8926280648453,3.97569350670395));
#7032=CARTESIAN_POINT('Ctrl Pts',(-37.7742294635918,-25.1699933784303,3.46354436562383));
#7033=CARTESIAN_POINT('Ctrl Pts',(-37.794525799351,-25.2327419062488,3.1556527223204));
#7034=CARTESIAN_POINT('Ctrl Pts',(-37.7945136616483,-25.2327043781548,2.99972061113237));
#7035=CARTESIAN_POINT('Ctrl Pts',(-37.8949945517343,-23.4993073028336,4.99999997880909));
#7036=CARTESIAN_POINT('Ctrl Pts',(-37.8227100077786,-23.6647941132723,5.00003545283254));
#7037=CARTESIAN_POINT('Ctrl Pts',(-37.7163873256263,-24.0106372881831,4.91104356154506));
#7038=CARTESIAN_POINT('Ctrl Pts',(-37.6664138216404,-24.5573748603703,4.54566570539825));
#7039=CARTESIAN_POINT('Ctrl Pts',(-37.7236081222282,-24.9794420199417,4.05950159768445));
#7040=CARTESIAN_POINT('Ctrl Pts',(-37.7982437792107,-25.2462287930641,3.50130168518673));
#7041=CARTESIAN_POINT('Ctrl Pts',(-37.8194441416721,-25.3059137231623,3.16827931935348));
#7042=CARTESIAN_POINT('Ctrl Pts',(-37.8194314631958,-25.3058780271859,2.99969794693803));
#7043=CARTESIAN_POINT('',(-36.9784790776462,-23.099307988064,3.99999999999975));
#7044=CARTESIAN_POINT('Ctrl Pts',(-37.5181633113638,-24.8643446181169,2.99999999999975));
#7045=CARTESIAN_POINT('Ctrl Pts',(-37.5181633113638,-24.8643446181169,3.02800530387946));
#7046=CARTESIAN_POINT('Ctrl Pts',(-37.5156917941621,-24.8607108618721,3.05591355926511));
#7047=CARTESIAN_POINT('Ctrl Pts',(-37.5112031713324,-24.8538932125065,3.08349663274652));
#7048=CARTESIAN_POINT('Ctrl Pts',(-37.5066652640189,-24.8470007062543,3.11138256471954));
#7049=CARTESIAN_POINT('Ctrl Pts',(-37.5000655987672,-24.8368541405619,3.13893547955154));
#7050=CARTESIAN_POINT('Ctrl Pts',(-37.4918402303352,-24.8239580012732,3.16593383848183));
#7051=CARTESIAN_POINT('Ctrl Pts',(-37.4837286765766,-24.8112403062567,3.19255862029737));
#7052=CARTESIAN_POINT('Ctrl Pts',(-37.4740357652369,-24.7958489971687,3.21864363849035));
#7053=CARTESIAN_POINT('Ctrl Pts',(-37.4631508820039,-24.77830201677,3.24399831493606));
#7054=CARTESIAN_POINT('Ctrl Pts',(-37.4506046974866,-24.7580769349669,3.27322273951238));
#7055=CARTESIAN_POINT('Ctrl Pts',(-37.4364697112269,-24.7349941230462,3.30148145359047));
#7056=CARTESIAN_POINT('Ctrl Pts',(-37.4212899505935,-24.709697680581,3.32884240856067));
#7057=CARTESIAN_POINT('Ctrl Pts',(-37.4055659309112,-24.6834942529499,3.35718437025995));
#7058=CARTESIAN_POINT('Ctrl Pts',(-37.3887209002157,-24.6549155825508,3.3845638142624));
#7059=CARTESIAN_POINT('Ctrl Pts',(-37.3713954410667,-24.6246350522463,3.41106464745398));
#7060=CARTESIAN_POINT('Ctrl Pts',(-37.3616661795209,-24.6076307583605,3.42594641971095));
#7061=CARTESIAN_POINT('Ctrl Pts',(-37.3517860536183,-24.5900890311354,3.4405512020991));
#7062=CARTESIAN_POINT('Ctrl Pts',(-37.3418731062321,-24.5721236674935,3.4548936075855));
#7063=CARTESIAN_POINT('Ctrl Pts',(-37.321281661293,-24.5348055236733,3.48468604381651));
#7064=CARTESIAN_POINT('Ctrl Pts',(-37.3005387723438,-24.4956710701858,3.51332184355501));
#7065=CARTESIAN_POINT('Ctrl Pts',(-37.2799183393687,-24.4550796264752,3.54084832225185));
#7066=CARTESIAN_POINT('Ctrl Pts',(-37.2587174530715,-24.4133455569826,3.56914965548373));
#7067=CARTESIAN_POINT('Ctrl Pts',(-37.2376462184443,-24.3700710737897,3.59627927062612));
#7068=CARTESIAN_POINT('Ctrl Pts',(-37.2170366835621,-24.325606030821,3.62227601826283));
#7069=CARTESIAN_POINT('Ctrl Pts',(-37.1962935882061,-24.2808528313152,3.64844123830567));
#7070=CARTESIAN_POINT('Ctrl Pts',(-37.1760185837105,-24.234893132331,3.67345970329643));
#7071=CARTESIAN_POINT('Ctrl Pts',(-37.1565798527605,-24.1880485529593,3.69734498238278));
#7072=CARTESIAN_POINT('Ctrl Pts',(-37.1372296252948,-24.1414172544086,3.72112151309308));
#7073=CARTESIAN_POINT('Ctrl Pts',(-37.1187085500936,-24.0939085508504,3.74377585683533));
#7074=CARTESIAN_POINT('Ctrl Pts',(-37.1014025326056,-24.0458127848678,3.76528419257005));
#7075=CARTESIAN_POINT('Ctrl Pts',(-37.0973785470298,-24.0346295840703,3.77028529885094));
#7076=CARTESIAN_POINT('Ctrl Pts',(-37.0934203334714,-24.0234145493899,3.77522426143987));
#7077=CARTESIAN_POINT('Ctrl Pts',(-37.0895328763872,-24.0121711731841,3.78010042980026));
#7078=CARTESIAN_POINT('Ctrl Pts',(-37.0688594070311,-23.9523789778189,3.80603185875027));
#7079=CARTESIAN_POINT('Ctrl Pts',(-37.0501590894523,-23.8918182972688,3.83015575381828));
#7080=CARTESIAN_POINT('Ctrl Pts',(-37.0338409953607,-23.8309201901424,3.85224667449546));
#7081=CARTESIAN_POINT('Ctrl Pts',(-37.0185373631498,-23.7738079913421,3.87296424870148));
#7082=CARTESIAN_POINT('Ctrl Pts',(-37.0053295478356,-23.7163983269328,3.89189362490866));
#7083=CARTESIAN_POINT('Ctrl Pts',(-36.9945448567635,-23.6590587294928,3.90880668143096));
#7084=CARTESIAN_POINT('Ctrl Pts',(-36.9874929496224,-23.6215654425779,3.91986581175466));
#7085=CARTESIAN_POINT('Ctrl Pts',(-36.9814768622994,-23.5841023654436,3.93006198085287));
#7086=CARTESIAN_POINT('Ctrl Pts',(-36.9765836857684,-23.546777477256,3.93932126927571));
#7087=CARTESIAN_POINT('Ctrl Pts',(-36.9696307463728,-23.4937408283897,3.95247821770023));
#7088=CARTESIAN_POINT('Ctrl Pts',(-36.9649465523302,-23.4409814310378,3.96374071102473));
#7089=CARTESIAN_POINT('Ctrl Pts',(-36.962725487958,-23.3889345222692,3.97285675589585));
#7090=CARTESIAN_POINT('Ctrl Pts',(-36.9605483388084,-23.3379166928967,3.98179255694129));
#7091=CARTESIAN_POINT('Ctrl Pts',(-36.9607377864699,-23.2875835659117,3.988665458069));
#7092=CARTESIAN_POINT('Ctrl Pts',(-36.963447337231,-23.238380075081,3.99325669436984));
#7093=CARTESIAN_POINT('Ctrl Pts',(-36.9660662153979,-23.1908231332709,3.99769428922154));
#7094=CARTESIAN_POINT('Ctrl Pts',(-36.971039157299,-23.1443217198062,3.99999999999981));
#7095=CARTESIAN_POINT('Ctrl Pts',(-36.9784790776462,-23.099307988064,3.99999999999981));
#7096=CARTESIAN_POINT('Origin',(-36.9784790776462,-23.099307988064,4.99999999999975));
#7097=CARTESIAN_POINT('Origin',(-40.1859810054482,-24.4999975979156,4.99999999999975));
#7098=CARTESIAN_POINT('',(-38.2691823759826,-21.5715367369719,3.99999999999975));
#7099=CARTESIAN_POINT('Origin',(-38.2691823759826,-21.5715367369719,4.99999999999975));
#7100=CARTESIAN_POINT('Origin',(-40.1859810054482,-24.4999975979156,3.99999999999975));
#7101=CARTESIAN_POINT('Ctrl Pts',(-40.0995699080366,-21.8088021159329,2.99999999999984));
#7102=CARTESIAN_POINT('Ctrl Pts',(-40.0995699080366,-21.8088021159329,3.08423934573864));
#7103=CARTESIAN_POINT('Ctrl Pts',(-39.9836822840536,-21.7566263208532,3.33347364924755));
#7104=CARTESIAN_POINT('Ctrl Pts',(-39.5103770397971,-21.580010270297,3.65075028403025));
#7105=CARTESIAN_POINT('Ctrl Pts',(-38.8654431276102,-21.4649184243626,3.92005465898865));
#7106=CARTESIAN_POINT('Ctrl Pts',(-38.4469200058473,-21.5103333873937,3.99999999999975));
#7107=CARTESIAN_POINT('Ctrl Pts',(-38.2691823759827,-21.5715367369719,3.99999999999975));
#7108=CARTESIAN_POINT('Ctrl Pts',(-40.1783009842021,-21.8753163009692,2.99999999999985));
#7109=CARTESIAN_POINT('Ctrl Pts',(-40.1783009842021,-21.8753163009692,3.09868436319135));
#7110=CARTESIAN_POINT('Ctrl Pts',(-40.0611135473798,-21.8380771227725,3.39060541211365));
#7111=CARTESIAN_POINT('Ctrl Pts',(-39.5825651309657,-21.7263954233701,3.74366503765745));
#7112=CARTESIAN_POINT('Ctrl Pts',(-38.9491447341098,-21.7020450835513,3.98518921296606));
#7113=CARTESIAN_POINT('Ctrl Pts',(-38.5813234987873,-21.7694009110768,4.01422399864905));
#7114=CARTESIAN_POINT('Ctrl Pts',(-38.4330408927919,-21.8218777200213,3.99999999999975));
#7115=CARTESIAN_POINT('Ctrl Pts',(-40.3342105536115,-21.9702119412852,2.99999999999985));
#7116=CARTESIAN_POINT('Ctrl Pts',(-40.3342105536115,-21.9702119412851,3.12633795899235));
#7117=CARTESIAN_POINT('Ctrl Pts',(-40.2210876913807,-21.9520969771497,3.49953282011365));
#7118=CARTESIAN_POINT('Ctrl Pts',(-39.758859873159,-21.9257488421787,3.94941381169705));
#7119=CARTESIAN_POINT('Ctrl Pts',(-39.1587521690327,-22.0414508373057,4.25153580653095));
#7120=CARTESIAN_POINT('Ctrl Pts',(-38.8420925015273,-22.1864229132237,4.27322896880265));
#7121=CARTESIAN_POINT('Ctrl Pts',(-38.7166178240912,-22.2551229924304,4.25129598665335));
#7122=CARTESIAN_POINT('Ctrl Pts',(-40.5089163893794,-22.0197379305953,2.99999999999985));
#7123=CARTESIAN_POINT('Ctrl Pts',(-40.5089163893794,-22.0197379305953,3.15583704931704));
#7124=CARTESIAN_POINT('Ctrl Pts',(-40.4055378660181,-22.003766203523,3.61670445607184));
#7125=CARTESIAN_POINT('Ctrl Pts',(-39.9758270565214,-21.9834535946974,4.19577578241395));
#7126=CARTESIAN_POINT('Ctrl Pts',(-39.3773639828401,-22.1047734211768,4.66357922682825));
#7127=CARTESIAN_POINT('Ctrl Pts',(-38.989098291985,-22.2953469350266,4.78213345195396));
#7128=CARTESIAN_POINT('Ctrl Pts',(-38.8168391272585,-22.4082398400988,4.77560052474335));
#7129=CARTESIAN_POINT('Ctrl Pts',(-40.585224256703,-22.0320825211094,2.99999999999985));
#7130=CARTESIAN_POINT('Ctrl Pts',(-40.585224256703,-22.0320825211094,3.16847869147755));
#7131=CARTESIAN_POINT('Ctrl Pts',(-40.4863449693991,-22.0138740951494,3.66694729849535));
#7132=CARTESIAN_POINT('Ctrl Pts',(-40.0696595761494,-21.9807686037173,4.30150056806075));
#7133=CARTESIAN_POINT('Ctrl Pts',(-39.4576611495886,-22.0776870421881,4.84010931797745));
#7134=CARTESIAN_POINT('Ctrl Pts',(-39.0182200472159,-22.2764277074788,4.99999999999974));
#7135=CARTESIAN_POINT('Ctrl Pts',(-38.8168391272585,-22.4082398400987,4.99999999999975));
#7136=CARTESIAN_POINT('',(-40.0995699080366,-21.8088021159329,2.99999999999975));
#7137=CARTESIAN_POINT('Ctrl Pts',(-38.2691823759827,-21.5715367369719,3.99999999999975));
#7138=CARTESIAN_POINT('Ctrl Pts',(-38.4469200058473,-21.5103333873937,3.99999999999975));
#7139=CARTESIAN_POINT('Ctrl Pts',(-38.8654431276102,-21.4649184243626,3.92005465898865));
#7140=CARTESIAN_POINT('Ctrl Pts',(-39.5103770397971,-21.580010270297,3.65075028403025));
#7141=CARTESIAN_POINT('Ctrl Pts',(-39.9836822840536,-21.7566263208532,3.33347364924755));
#7142=CARTESIAN_POINT('Ctrl Pts',(-40.0995699080366,-21.8088021159329,3.08423934573864));
#7143=CARTESIAN_POINT('Ctrl Pts',(-40.0995699080366,-21.8088021159329,2.99999999999984));
#7144=CARTESIAN_POINT('Origin',(-40.7449215572049,-21.0449164903869,2.99999999999985));
#7145=CARTESIAN_POINT('Origin',(-40.7449215572048,-21.044916490387,5.99999999999975));
#7146=CARTESIAN_POINT('',(-40.0995699080366,-21.8088021159329,5.99999999999974));
#7147=CARTESIAN_POINT('Origin',(-14.2850666009964,2.40208525958963E-6,-3.20900204542557E-13));
#7148=CARTESIAN_POINT('',(-18.8060223440238,-3.81942572564467,2.99999999999968));
#7149=CARTESIAN_POINT('',(-13.3808754523908,0.763888027631294,2.99999999999968));
#7150=CARTESIAN_POINT('',(-18.8060223440238,-3.81942572564469,-3.27948700267317E-13));
#7151=CARTESIAN_POINT('Origin',(-12.7355238032226,2.40208528623498E-6,2.99999999999968));
#7152=CARTESIAN_POINT('',(-18.1606706948556,-4.58331135119069,3.99999999999967));
#7153=CARTESIAN_POINT('',(-12.7355238032226,2.40208528623498E-6,3.99999999999968));
#7154=CARTESIAN_POINT('Origin',(-18.1606706948557,-4.58331135119068,2.99999999999968));
#7155=CARTESIAN_POINT('Origin',(-11.1859810054488,2.40208525958963E-6,3.99999999999969));
#7156=CARTESIAN_POINT('',(-18.1606706948559,4.58331615536129,3.99999999999967));
#7157=CARTESIAN_POINT('',(-25.7584184354579,11.0021030396623,3.99999999999976));
#7158=CARTESIAN_POINT('Origin',(-22.032780589865,2.4020853306439E-6,3.99999999999967));
#7159=CARTESIAN_POINT('',(-15.058090900458,-4.58035935561074,3.99999999999968));
#7160=CARTESIAN_POINT('',(-24.4677151371208,-12.5298694865847,3.99999999999977));
#7161=CARTESIAN_POINT('',(-7.31387111043949,-4.58035935561075,3.9999999999997));
#7162=CARTESIAN_POINT('Origin',(-11.1859810054486,-9.16367310888675,3.99999999999969));
#7163=CARTESIAN_POINT('',(14.6065170667502,-23.0993079880622,3.99999999999962));
#7164=CARTESIAN_POINT('',(-11.1859810054488,-1.30909409948171,3.99999999999969));
#7165=CARTESIAN_POINT('',(15.8972203650865,-21.5715367369703,3.99999999999962));
#7166=CARTESIAN_POINT('Origin',(17.8140189945523,-24.4999975979137,3.99999999999952));
#7167=CARTESIAN_POINT('',(-4.21129131604184,-4.58331135119073,3.9999999999997));
#7168=CARTESIAN_POINT('',(3.38645642456036,-11.0020982354918,3.99999999999961));
#7169=CARTESIAN_POINT('',(-4.21129131604215,4.58331615536221,3.99999999999969));
#7170=CARTESIAN_POINT('Origin',(-0.339181421032735,2.40208623658589E-6,
3.9999999999996));
#7171=CARTESIAN_POINT('',(15.8972203650849,21.5715415411432,3.99999999999963));
#7172=CARTESIAN_POINT('',(-9.63643820767512,2.40208525070784E-6,3.99999999999969));
#7173=CARTESIAN_POINT('',(14.6065170667485,23.0993127922352,3.99999999999962));
#7174=CARTESIAN_POINT('Origin',(17.8140189945505,24.5000024020862,3.99999999999963));
#7175=CARTESIAN_POINT('',(-7.31387111043979,4.58036415978126,3.99999999999969));
#7176=CARTESIAN_POINT('',(2.09575312622305,12.5298742907562,3.9999999999996));
#7177=CARTESIAN_POINT('',(-15.0580909004583,4.58036415978128,3.99999999999968));
#7178=CARTESIAN_POINT('Origin',(-11.1859810054492,9.16367791305729,3.99999999999969));
#7179=CARTESIAN_POINT('',(-11.1859810054489,1.30909890365328,3.99999999999968));
#7180=CARTESIAN_POINT('Origin',(-24.4677151371208,-12.5298694865847,2.99999999999977));
#7181=CARTESIAN_POINT('',(-14.4127392512898,-5.3442449811567,2.99999999999968));
#7182=CARTESIAN_POINT('',(-23.8223634879525,-13.2937551121307,2.99999999999977));
#7183=CARTESIAN_POINT('Origin',(-15.058090900458,-4.58035935561074,2.99999999999968));
#7184=CARTESIAN_POINT('Origin',(-37.7494492687927,-25.0597413752553,-2.49847980175628E-13));
#7185=CARTESIAN_POINT('',(-14.4127392512898,-5.34424498115672,-3.20975409108295E-13));
#7186=CARTESIAN_POINT('Origin',(14.5008496512996,-25.6282302436614,5.99999999999962));
#7187=CARTESIAN_POINT('',(15.1462013004678,-24.8643446181153,2.99999999999963));
#7188=CARTESIAN_POINT('Origin',(14.5008496512996,-25.6282302436614,2.99999999999962));
#7189=CARTESIAN_POINT('',(15.1462013004678,-24.8643446181153,5.99999999999962));
#7190=CARTESIAN_POINT('Ctrl Pts',(15.1461887982645,-24.8643340404345,2.99984905499626));
#7191=CARTESIAN_POINT('Ctrl Pts',(15.1462151571396,-24.8643737884249,3.0841374237857));
#7192=CARTESIAN_POINT('Ctrl Pts',(15.1021179004614,-24.7978791146995,3.25064428379519));
#7193=CARTESIAN_POINT('Ctrl Pts',(14.9273168355768,-24.5075969373906,3.52973831775838));
#7194=CARTESIAN_POINT('Ctrl Pts',(14.7182604491125,-24.069367835943,3.77281938879996));
#7195=CARTESIAN_POINT('Ctrl Pts',(14.5849739861082,-23.5445005815165,3.95551500591372));
#7196=CARTESIAN_POINT('Ctrl Pts',(14.5834823657712,-23.2382683129111,4.00001602966653));
#7197=CARTESIAN_POINT('Ctrl Pts',(14.6065010839843,-23.0991228464469,3.99999999263707));
#7198=CARTESIAN_POINT('Ctrl Pts',(15.2249251361483,-24.9308504419137,2.99982316987979));
#7199=CARTESIAN_POINT('Ctrl Pts',(15.2249460576644,-24.9308917013386,3.09856583279928));
#7200=CARTESIAN_POINT('Ctrl Pts',(15.1899448581343,-24.861868480812,3.2938659393491));
#7201=CARTESIAN_POINT('Ctrl Pts',(15.0566764828386,-24.5613293369969,3.61046471914275));
#7202=CARTESIAN_POINT('Ctrl Pts',(14.9137779060383,-24.1102792478177,3.86001492954048));
#7203=CARTESIAN_POINT('Ctrl Pts',(14.847522194074,-23.6020640629072,4.00031011445816));
#7204=CARTESIAN_POINT('Ctrl Pts',(14.8604619657256,-23.3351522745603,4.01065657291108));
#7205=CARTESIAN_POINT('Ctrl Pts',(14.8807075358107,-23.2188953142369,3.99997207650607));
#7206=CARTESIAN_POINT('Ctrl Pts',(15.3445359898614,-25.0687211214619,2.99977361547767));
#7207=CARTESIAN_POINT('Ctrl Pts',(15.3445494682575,-25.0687620897021,3.12618786002741));
#7208=CARTESIAN_POINT('Ctrl Pts',(15.3219997595954,-25.0002260442489,3.37554670278438));
#7209=CARTESIAN_POINT('Ctrl Pts',(15.2451418591069,-24.7011379025097,3.78026574739363));
#7210=CARTESIAN_POINT('Ctrl Pts',(15.1978519442396,-24.2520789638155,4.09673236389276));
#7211=CARTESIAN_POINT('Ctrl Pts',(15.2520789062284,-23.7641843192587,4.26599947706605));
#7212=CARTESIAN_POINT('Ctrl Pts',(15.3201879981841,-23.5275647180409,4.26772452598714));
#7213=CARTESIAN_POINT('Ctrl Pts',(15.355283308541,-23.4261486116741,4.25125413152715));
#7214=CARTESIAN_POINT('Ctrl Pts',(15.4225516507637,-25.232704378188,2.99972075436358));
#7215=CARTESIAN_POINT('Ctrl Pts',(15.4225637820065,-25.2327418867417,3.15565281624727));
#7216=CARTESIAN_POINT('Ctrl Pts',(15.4022678364487,-25.1699938378801,3.46354502693564));
#7217=CARTESIAN_POINT('Ctrl Pts',(15.3338918791085,-24.8926286241567,3.97569428550153));
#7218=CARTESIAN_POINT('Ctrl Pts',(15.2924969236834,-24.4637499629659,4.41093633999912));
#7219=CARTESIAN_POINT('Ctrl Pts',(15.3602902529681,-23.9442694478234,4.71766527316162));
#7220=CARTESIAN_POINT('Ctrl Pts',(15.4610873771312,-23.6409064791402,4.78052523857463));
#7221=CARTESIAN_POINT('Ctrl Pts',(15.5230201388887,-23.4993359618994,4.77559465430006));
#7222=CARTESIAN_POINT('Ctrl Pts',(15.4474694523115,-25.3058780272171,2.99969810178817));
#7223=CARTESIAN_POINT('Ctrl Pts',(15.4474821242316,-25.3059137045953,3.16827942102629));
#7224=CARTESIAN_POINT('Ctrl Pts',(15.4262818486235,-25.2462292506095,3.50130226779401));
#7225=CARTESIAN_POINT('Ctrl Pts',(15.3516460938143,-24.9794426174273,4.05950222396892));
#7226=CARTESIAN_POINT('Ctrl Pts',(15.2944517002996,-24.5573755174367,4.54566641713362));
#7227=CARTESIAN_POINT('Ctrl Pts',(15.3444250284563,-24.0106379214079,4.91104421250944));
#7228=CARTESIAN_POINT('Ctrl Pts',(15.4507479752831,-23.6647941836562,5.00003543439179));
#7229=CARTESIAN_POINT('Ctrl Pts',(15.5230324965649,-23.4993074041907,4.99999997883072));
#7230=CARTESIAN_POINT('Origin',(14.6065170667502,-23.0993079880621,4.99999999999952));
#7231=CARTESIAN_POINT('Ctrl Pts',(14.6065170667502,-23.0993079880622,3.9999999999996));
#7232=CARTESIAN_POINT('Ctrl Pts',(14.5988501568885,-23.1456950739052,3.99999999999959));
#7233=CARTESIAN_POINT('Ctrl Pts',(14.5938031883268,-23.1936618666731,3.99755130573438));
#7234=CARTESIAN_POINT('Ctrl Pts',(14.5912521810765,-23.2427359185007,3.99284457770206));
#7235=CARTESIAN_POINT('Ctrl Pts',(14.588649312924,-23.2928076251188,3.98804216387258));
#7236=CARTESIAN_POINT('Ctrl Pts',(14.5886450774717,-23.3440318838124,3.98088948201674));
#7237=CARTESIAN_POINT('Ctrl Pts',(14.5910772008654,-23.3959430370102,3.9716170303469));
#7238=CARTESIAN_POINT('Ctrl Pts',(14.593409135084,-23.4457157561027,3.96272654913367));
#7239=CARTESIAN_POINT('Ctrl Pts',(14.5979806351228,-23.4961201801763,3.95188796784152));
#7240=CARTESIAN_POINT('Ctrl Pts',(14.604621704456,-23.5467777749727,3.93932119319329));
#7241=CARTESIAN_POINT('Ctrl Pts',(14.6120463610932,-23.6034125168436,3.92527165054898));
#7242=CARTESIAN_POINT('Ctrl Pts',(14.6220573427923,-23.6603642165946,3.90906712685112));
#7243=CARTESIAN_POINT('Ctrl Pts',(14.6343467627475,-23.7172599649282,3.89095852446152));
#7244=CARTESIAN_POINT('Ctrl Pts',(14.6474296002644,-23.7778289611518,3.87168081212141));
#7245=CARTESIAN_POINT('Ctrl Pts',(14.6630939269743,-23.8383353086987,3.85024553469286));
#7246=CARTESIAN_POINT('Ctrl Pts',(14.6809484888406,-23.8983525477822,3.82690325119777));
#7247=CARTESIAN_POINT('Ctrl Pts',(14.6923045676388,-23.9365254529133,3.81205680396012));
#7248=CARTESIAN_POINT('Ctrl Pts',(14.70454631844,-23.9745009209925,3.796437814272));
#7249=CARTESIAN_POINT('Ctrl Pts',(14.7175711435012,-24.0121715072855,3.78010036900519));
#7250=CARTESIAN_POINT('Ctrl Pts',(14.7342696935899,-24.0604672939182,3.75915485558541));
#7251=CARTESIAN_POINT('Ctrl Pts',(14.7522724621768,-24.1082417092233,3.7370543052417));
#7252=CARTESIAN_POINT('Ctrl Pts',(14.771190691894,-24.1552105079329,3.71383260925119));
#7253=CARTESIAN_POINT('Ctrl Pts',(14.7902127395616,-24.2024370582652,3.69048347909186));
#7254=CARTESIAN_POINT('Ctrl Pts',(14.8101598296138,-24.2488497103647,3.66600017804618));
#7255=CARTESIAN_POINT('Ctrl Pts',(14.830658130083,-24.2941342294942,3.64037694292377));
#7256=CARTESIAN_POINT('Ctrl Pts',(14.8509868381656,-24.3390440878226,3.61496570125919));
#7257=CARTESIAN_POINT('Ctrl Pts',(14.8718572923278,-24.3828448543653,3.58843249384983));
#7258=CARTESIAN_POINT('Ctrl Pts',(14.8929322537955,-24.425197607402,3.56074359086344));
#7259=CARTESIAN_POINT('Ctrl Pts',(14.91352084792,-24.4665729448453,3.53369369156868));
#7260=CARTESIAN_POINT('Ctrl Pts',(14.9343043888633,-24.5065666044639,3.50553996129072));
#7261=CARTESIAN_POINT('Ctrl Pts',(14.9549990547457,-24.5448263678353,3.47623640173998));
#7262=CARTESIAN_POINT('Ctrl Pts',(14.9599760881864,-24.5540277786151,3.46918894339274));
#7263=CARTESIAN_POINT('Ctrl Pts',(14.9649481315713,-24.5631287237005,3.46207494563885));
#7264=CARTESIAN_POINT('Ctrl Pts',(14.9699115309297,-24.5721239555381,3.45489372715481));
#7265=CARTESIAN_POINT('Ctrl Pts',(14.987635447707,-24.6042452355262,3.42925014911878));
#7266=CARTESIAN_POINT('Ctrl Pts',(15.005252549505,-24.6350144785703,3.40276804724303));
#7267=CARTESIAN_POINT('Ctrl Pts',(15.0220953936768,-24.6637726519467,3.37536294485429));
#7268=CARTESIAN_POINT('Ctrl Pts',(15.0383626494921,-24.6915480417992,3.34889438606124));
#7269=CARTESIAN_POINT('Ctrl Pts',(15.0539076148668,-24.7174475225386,3.32156414213659));
#7270=CARTESIAN_POINT('Ctrl Pts',(15.0681599709944,-24.7408406409046,3.29329761079168));
#7271=CARTESIAN_POINT('Ctrl Pts',(15.0762900917217,-24.7541850223388,3.27717323736758));
#7272=CARTESIAN_POINT('Ctrl Pts',(15.084000171059,-24.7667131450279,3.26074427131377));
#7273=CARTESIAN_POINT('Ctrl Pts',(15.0911891959308,-24.7783022405417,3.24399846870031));
#7274=CARTESIAN_POINT('Ctrl Pts',(15.1022528943653,-24.7961375186469,3.21822716960718));
#7275=CARTESIAN_POINT('Ctrl Pts',(15.112085192483,-24.8117456024007,3.19170125053685));
#7276=CARTESIAN_POINT('Ctrl Pts',(15.1202769734826,-24.8245828789444,3.16462105909123));
#7277=CARTESIAN_POINT('Ctrl Pts',(15.1283770959082,-24.8372765180469,3.13784387034202));
#7278=CARTESIAN_POINT('Ctrl Pts',(15.1348734227138,-24.8472607540634,3.11052529670773));
#7279=CARTESIAN_POINT('Ctrl Pts',(15.1393410156533,-24.8540448198528,3.08288127596516));
#7280=CARTESIAN_POINT('Ctrl Pts',(15.1437663852652,-24.8607647692746,3.05549851952201));
#7281=CARTESIAN_POINT('Ctrl Pts',(15.1462013004679,-24.8643446181151,3.02779705233008));
#7282=CARTESIAN_POINT('Ctrl Pts',(15.1462013004679,-24.8643446181151,2.99999999999963));
#7283=CARTESIAN_POINT('Origin',(17.8140189945523,-24.4999975979137,4.99999999999963));
#7284=CARTESIAN_POINT('Origin',(15.8972203650865,-21.5715367369703,4.99999999999963));
#7285=CARTESIAN_POINT('Ctrl Pts',(15.8970380228542,-21.5715516702353,3.99999999286226));
#7286=CARTESIAN_POINT('Ctrl Pts',(16.0303830094611,-21.5256136099582,4.0000157833537));
#7287=CARTESIAN_POINT('Ctrl Pts',(16.3326000365214,-21.4759320296124,3.9555097718346));
#7288=CARTESIAN_POINT('Ctrl Pts',(16.8722986618126,-21.5196629217809,3.77284205606565));
#7289=CARTESIAN_POINT('Ctrl Pts',(17.3393712175654,-21.652601894031,3.5297175506036));
#7290=CARTESIAN_POINT('Ctrl Pts',(17.6546872447043,-21.7764332187307,3.25067893353209));
#7291=CARTESIAN_POINT('Ctrl Pts',(17.7276385055731,-21.8088107734304,3.08413918930001));
#7292=CARTESIAN_POINT('Ctrl Pts',(17.7275955740918,-21.8087917200855,2.99985139232271));
#7293=CARTESIAN_POINT('Ctrl Pts',(16.0609312360601,-21.8218982580719,3.99997250887503));
#7294=CARTESIAN_POINT('Ctrl Pts',(16.1721726800445,-21.7825175573762,4.01065677544785));
#7295=CARTESIAN_POINT('Ctrl Pts',(16.4332074467647,-21.7251718483256,4.00031137754373));
#7296=CARTESIAN_POINT('Ctrl Pts',(16.9452938732934,-21.7056014045214,3.86004283063341));
#7297=CARTESIAN_POINT('Ctrl Pts',(17.4139561492862,-21.771159686565,3.61044679000462));
#7298=CARTESIAN_POINT('Ctrl Pts',(17.7324479172558,-21.8523405816227,3.29390570788257));
#7299=CARTESIAN_POINT('Ctrl Pts',(17.8063731716749,-21.8753241729515,3.09856788807548));
#7300=CARTESIAN_POINT('Ctrl Pts',(17.8063296670475,-21.8753106479994,2.99982590805278));
#7301=CARTESIAN_POINT('Ctrl Pts',(16.3445449545787,-22.2551832991441,4.25125680384112));
#7302=CARTESIAN_POINT('Ctrl Pts',(16.4386735908187,-22.2036404442508,4.26772691918021));
#7303=CARTESIAN_POINT('Ctrl Pts',(16.6606258406397,-22.0969526545751,4.2660004382989));
#7304=CARTESIAN_POINT('Ctrl Pts',(17.1325554558451,-21.9619986621676,4.09676602476833));
#7305=CARTESIAN_POINT('Ctrl Pts',(17.5832804307131,-21.9336100420694,3.78024108973177));
#7306=CARTESIAN_POINT('Ctrl Pts',(17.8909217483479,-21.9594328671166,3.37559637695041));
#7307=CARTESIAN_POINT('Ctrl Pts',(17.9622852703145,-21.9702169029714,3.12619046646331));
#7308=CARTESIAN_POINT('Ctrl Pts',(17.9622432732453,-21.9702105575152,2.99977712102786));
#7309=CARTESIAN_POINT('Ctrl Pts',(16.4447251765856,-22.4083394244103,4.77559474546471));
#7310=CARTESIAN_POINT('Ctrl Pts',(16.5739608405079,-22.3236289791702,4.78052486604028));
#7311=CARTESIAN_POINT('Ctrl Pts',(16.856259675815,-22.173560826293,4.71765750137665));
#7312=CARTESIAN_POINT('Ctrl Pts',(17.3570628601941,-22.0199574500753,4.41097735321982));
#7313=CARTESIAN_POINT('Ctrl Pts',(17.7869031248289,-21.9891256568729,3.97565724925792));
#7314=CARTESIAN_POINT('Ctrl Pts',(18.0717133127881,-22.0102152923941,3.46360812678465));
#7315=CARTESIAN_POINT('Ctrl Pts',(18.136992761388,-22.0197435321076,3.1556560160592));
#7316=CARTESIAN_POINT('Ctrl Pts',(18.1369543446181,-22.0197379256515,2.99972507849327));
#7317=CARTESIAN_POINT('Ctrl Pts',(16.444699488422,-22.4083561162154,4.99999997947905));
#7318=CARTESIAN_POINT('Ctrl Pts',(16.5957861019343,-22.3094444741269,5.00003488961199));
#7319=CARTESIAN_POINT('Ctrl Pts',(16.9190484265085,-22.1468330759466,4.91103352646802));
#7320=CARTESIAN_POINT('Ctrl Pts',(17.4496999773888,-22.0062455276503,4.54571132531523));
#7321=CARTESIAN_POINT('Ctrl Pts',(17.8754630594478,-21.9921311665766,4.05946029432892));
#7322=CARTESIAN_POINT('Ctrl Pts',(18.1508892781966,-22.021156795923,3.50137135673035));
#7323=CARTESIAN_POINT('Ctrl Pts',(18.2132989414754,-22.0320889481701,3.16828288132976));
#7324=CARTESIAN_POINT('Ctrl Pts',(18.2132622134302,-22.0320825154372,2.99970277669295));
#7325=CARTESIAN_POINT('',(17.7276078971405,-21.808802115931,2.99999999999953));
#7326=CARTESIAN_POINT('Origin',(18.3729595463087,-21.044916490385,2.99999999999943));
#7327=CARTESIAN_POINT('Ctrl Pts',(17.7276078971406,-21.8088021159309,2.99999999999952));
#7328=CARTESIAN_POINT('Ctrl Pts',(17.7276078971406,-21.8088021159309,3.02794886335259));
#7329=CARTESIAN_POINT('Ctrl Pts',(17.7236274712707,-21.8069788932998,3.05580301627276));
#7330=CARTESIAN_POINT('Ctrl Pts',(17.7161834868162,-21.8037039691337,3.08333440454812));
#7331=CARTESIAN_POINT('Ctrl Pts',(17.7086576163737,-21.800393019852,3.11116864607927));
#7332=CARTESIAN_POINT('Ctrl Pts',(17.6975916805602,-21.7955981217842,3.13867232785822));
#7333=CARTESIAN_POINT('Ctrl Pts',(17.6835533083076,-21.7896635196068,3.16562385716186));
#7334=CARTESIAN_POINT('Ctrl Pts',(17.6696252979995,-21.7837755720004,3.19236350839817));
#7335=CARTESIAN_POINT('Ctrl Pts',(17.6527717122698,-21.7767654030615,3.21855917339885));
#7336=CARTESIAN_POINT('Ctrl Pts',(17.633576364662,-21.7689343232672,3.24401670222463));
#7337=CARTESIAN_POINT('Ctrl Pts',(17.6115955924825,-21.75996688051,3.27316835671948));
#7338=CARTESIAN_POINT('Ctrl Pts',(17.5865494040696,-21.7499167493585,3.30135658080875));
#7339=CARTESIAN_POINT('Ctrl Pts',(17.559157163086,-21.7392084405011,3.32865039510426));
#7340=CARTESIAN_POINT('Ctrl Pts',(17.5307855312191,-21.728117263368,3.35692008110399));
#7341=CARTESIAN_POINT('Ctrl Pts',(17.4998970574083,-21.7163200339754,3.38423102692608));
#7342=CARTESIAN_POINT('Ctrl Pts',(17.4672551222149,-21.704330981095,3.41066809720521));
#7343=CARTESIAN_POINT('Ctrl Pts',(17.4487133517441,-21.6975207762051,3.4256852855592));
#7344=CARTESIAN_POINT('Ctrl Pts',(17.4296051555969,-21.6906494422424,3.44042058362927));
#7345=CARTESIAN_POINT('Ctrl Pts',(17.4100656640908,-21.6838168939487,3.45488926195317));
#7346=CARTESIAN_POINT('Ctrl Pts',(17.3697696774336,-21.6697262368407,3.48472779017201));
#7347=CARTESIAN_POINT('Ctrl Pts',(17.3276491602542,-21.6557889644948,3.51340788456609));
#7348=CARTESIAN_POINT('Ctrl Pts',(17.2841068055328,-21.6422168673697,3.54097617689944));
#7349=CARTESIAN_POINT('Ctrl Pts',(17.2393376562939,-21.6282623799386,3.56932119869784));
#7350=CARTESIAN_POINT('Ctrl Pts',(17.1930652162056,-21.614694177489,3.59649182437078));
#7351=CARTESIAN_POINT('Ctrl Pts',(17.1456928236532,-21.6017831319137,3.62252618119807));
#7352=CARTESIAN_POINT('Ctrl Pts',(17.09801350205,-21.5887884347694,3.64872921644756));
#7353=CARTESIAN_POINT('Ctrl Pts',(17.0492195397738,-21.5764598977066,3.67378205668815));
#7354=CARTESIAN_POINT('Ctrl Pts',(16.9996925404695,-21.5651087586185,3.69769751265876));
#7355=CARTESIAN_POINT('Ctrl Pts',(16.9503922752535,-21.5538095849273,3.7215034839204));
#7356=CARTESIAN_POINT('Ctrl Pts',(16.900365191269,-21.543479446514,3.74418316613702));
#7357=CARTESIAN_POINT('Ctrl Pts',(16.8499649798822,-21.5344521901068,3.76571194234019));
#7358=CARTESIAN_POINT('Ctrl Pts',(16.8385979452663,-21.5324162237241,3.77056744468048));
#7359=CARTESIAN_POINT('Ctrl Pts',(16.8272118562013,-21.5304466186626,3.77536423033342));
#7360=CARTESIAN_POINT('Ctrl Pts',(16.81581064973,-21.528547347556,3.78010169803654));
#7361=CARTESIAN_POINT('Ctrl Pts',(16.7535456474206,-21.5181749259941,3.80597426145503));
#7362=CARTESIAN_POINT('Ctrl Pts',(16.6908575664506,-21.5098673323104,3.83004622025121));
#7363=CARTESIAN_POINT('Ctrl Pts',(16.6282342190299,-21.5039532590065,3.85209506667124));
#7364=CARTESIAN_POINT('Ctrl Pts',(16.5694812775106,-21.4984047021619,3.87278119473111));
#7365=CARTESIAN_POINT('Ctrl Pts',(16.5107847290513,-21.4949636414675,3.89168642675324));
#7366=CARTESIAN_POINT('Ctrl Pts',(16.4525571850554,-21.4938899483442,3.90858463727319));
#7367=CARTESIAN_POINT('Ctrl Pts',(16.4141618793408,-21.4931819539332,3.9197273356324));
#7368=CARTESIAN_POINT('Ctrl Pts',(16.3759707044329,-21.4935030737492,3.92999649189649));
#7369=CARTESIAN_POINT('Ctrl Pts',(16.3381064304956,-21.4949225271238,3.93931676333456));
#7370=CARTESIAN_POINT('Ctrl Pts',(16.2847376037683,-21.4969232141388,3.95245347241954));
#7371=CARTESIAN_POINT('Ctrl Pts',(16.2320167717137,-21.5011075775935,3.96370220337309));
#7372=CARTESIAN_POINT('Ctrl Pts',(16.180404828365,-21.5075941237143,3.97281148198685));
#7373=CARTESIAN_POINT('Ctrl Pts',(16.1297964269935,-21.5139545455138,3.98174363990183));
#7374=CARTESIAN_POINT('Ctrl Pts',(16.0802543072857,-21.5225283793216,3.98861824268649));
#7375=CARTESIAN_POINT('Ctrl Pts',(16.0322425155574,-21.5333924127951,3.99321709685463));
#7376=CARTESIAN_POINT('Ctrl Pts',(15.9856432641803,-21.5439368188373,3.99768064953019));
#7377=CARTESIAN_POINT('Ctrl Pts',(15.940485803012,-21.5566384302694,3.99999999999957));
#7378=CARTESIAN_POINT('Ctrl Pts',(15.8972203650865,-21.5715367369703,3.99999999999956));
#7379=CARTESIAN_POINT('Origin',(18.3729595463087,-21.044916490385,5.99999999999954));
#7380=CARTESIAN_POINT('',(17.7276078971405,-21.808802115931,5.99999999999962));
#7381=CARTESIAN_POINT('Origin',(18.3729595463072,21.0449212945582,5.99999999999963));
#7382=CARTESIAN_POINT('',(17.7276078971389,21.8088069201042,2.99999999999963));
#7383=CARTESIAN_POINT('Origin',(18.372959546307,21.0449212945582,2.99999999999963));
#7384=CARTESIAN_POINT('',(17.7276078971389,21.8088069201042,5.99999999999962));
#7385=CARTESIAN_POINT('Ctrl Pts',(17.7276078971389,21.8088069201042,2.99999999999963));
#7386=CARTESIAN_POINT('Ctrl Pts',(17.7276078971389,21.8088069201042,3.08423913563573));
#7387=CARTESIAN_POINT('Ctrl Pts',(17.6117088241472,21.7566289356902,3.33345005262743));
#7388=CARTESIAN_POINT('Ctrl Pts',(17.1383848170923,21.5800059271691,3.65075773474583));
#7389=CARTESIAN_POINT('Ctrl Pts',(16.4935015814218,21.4649357972362,3.92002386339832));
#7390=CARTESIAN_POINT('Ctrl Pts',(16.0749575516512,21.5103383442132,3.99999999999963));
#7391=CARTESIAN_POINT('Ctrl Pts',(15.8972203650849,21.5715415411432,3.99999999999963));
#7392=CARTESIAN_POINT('Ctrl Pts',(17.8063389733042,21.8753211051402,2.99999999999962));
#7393=CARTESIAN_POINT('Ctrl Pts',(17.8063389733042,21.8753211051402,3.09868411706093));
#7394=CARTESIAN_POINT('Ctrl Pts',(17.6891403170876,21.8380804786441,3.39057801472293));
#7395=CARTESIAN_POINT('Ctrl Pts',(17.2105720502822,21.7263944561602,3.74367486072033));
#7396=CARTESIAN_POINT('Ctrl Pts',(16.5772042342952,21.7020570869061,3.98515713476522));
#7397=CARTESIAN_POINT('Ctrl Pts',(16.2093611180555,21.7694058461312,4.01422396317253));
#7398=CARTESIAN_POINT('Ctrl Pts',(16.0610788818942,21.8218825241922,3.99999999999963));
#7399=CARTESIAN_POINT('Ctrl Pts',(17.9622486241133,21.9702165536241,2.99999999999964));
#7400=CARTESIAN_POINT('Ctrl Pts',(17.9622486241133,21.9702165536241,3.12633764389064));
#7401=CARTESIAN_POINT('Ctrl Pts',(17.8491160191475,21.9521010494831,3.49949634390463));
#7402=CARTESIAN_POINT('Ctrl Pts',(17.3868682094641,21.9257485325891,3.94942540960452));
#7403=CARTESIAN_POINT('Ctrl Pts',(16.7868131425944,22.0414510319461,4.25149395161852));
#7404=CARTESIAN_POINT('Ctrl Pts',(16.470124476293,22.1864191782312,4.27323759054693));
#7405=CARTESIAN_POINT('Ctrl Pts',(16.3446501118052,22.2551190860921,4.25130466310103));
#7406=CARTESIAN_POINT('Ctrl Pts',(18.1369543784817,22.0197427347661,2.99999999999964));
#7407=CARTESIAN_POINT('Ctrl Pts',(18.1369543784817,22.0197427347661,3.15583666064124));
#7408=CARTESIAN_POINT('Ctrl Pts',(18.0335654840973,22.0037721133881,3.61666013640054));
#7409=CARTESIAN_POINT('Ctrl Pts',(17.6038375302996,21.9834584718632,4.19578813015983));
#7410=CARTESIAN_POINT('Ctrl Pts',(17.0054209770976,22.1047819003951,4.66352167948013));
#7411=CARTESIAN_POINT('Ctrl Pts',(16.6171358514529,22.2953520207652,4.78213343565992));
#7412=CARTESIAN_POINT('Ctrl Pts',(16.4448771163608,22.4082446442691,4.77560052474323));
#7413=CARTESIAN_POINT('Ctrl Pts',(18.2132622458052,22.0320873252801,2.99999999999964));
#7414=CARTESIAN_POINT('Ctrl Pts',(18.2132622458052,22.0320873252801,3.16847827127204));
#7415=CARTESIAN_POINT('Ctrl Pts',(18.1143721456507,22.0138804544752,3.66690010525513));
#7416=CARTESIAN_POINT('Ctrl Pts',(17.6976702188272,21.9807736998301,4.30151546949213));
#7417=CARTESIAN_POINT('Ctrl Pts',(17.0857154185277,22.0776988565172,4.84004772679713));
#7418=CARTESIAN_POINT('Ctrl Pts',(16.6462575340508,22.2764328404042,4.99999999999963));
#7419=CARTESIAN_POINT('Ctrl Pts',(16.4448771163608,22.4082446442691,4.99999999999963));
#7420=CARTESIAN_POINT('Origin',(15.8972203650849,21.5715415411432,4.99999999999962));
#7421=CARTESIAN_POINT('Ctrl Pts',(15.8972203650849,21.5715415411432,3.99999999999963));
#7422=CARTESIAN_POINT('Ctrl Pts',(16.0749575516512,21.5103383442132,3.99999999999963));
#7423=CARTESIAN_POINT('Ctrl Pts',(16.4935015814218,21.4649357972362,3.92002386339832));
#7424=CARTESIAN_POINT('Ctrl Pts',(17.1383848170923,21.5800059271691,3.65075773474583));
#7425=CARTESIAN_POINT('Ctrl Pts',(17.6117088241472,21.7566289356902,3.33345005262743));
#7426=CARTESIAN_POINT('Ctrl Pts',(17.7276078971389,21.8088069201042,3.08423913563573));
#7427=CARTESIAN_POINT('Ctrl Pts',(17.7276078971389,21.8088069201042,2.99999999999963));
#7428=CARTESIAN_POINT('Origin',(17.8140189945505,24.5000024020862,4.99999999999963));
#7429=CARTESIAN_POINT('Origin',(14.6065170667485,23.0993127922352,4.99999999999962));
#7430=CARTESIAN_POINT('Ctrl Pts',(14.6065013266257,23.0991304633572,3.99999999285825));
#7431=CARTESIAN_POINT('Ctrl Pts',(14.5834828002208,23.2382766321751,4.00001578788874));
#7432=CARTESIAN_POINT('Ctrl Pts',(14.5849820822206,23.5445463546298,3.95550977817464));
#7433=CARTESIAN_POINT('Ctrl Pts',(14.718253377338,24.0693611439267,3.77283989751886));
#7434=CARTESIAN_POINT('Ctrl Pts',(14.9273459507964,24.5076631740958,3.52971376776649));
#7435=CARTESIAN_POINT('Ctrl Pts',(15.1021012583477,24.7978514177844,3.25068664698225));
#7436=CARTESIAN_POINT('Ctrl Pts',(15.146214956077,24.8643781679487,3.08413982018294));
#7437=CARTESIAN_POINT('Ctrl Pts',(15.1461889885488,24.8643390058239,2.99985134820335));
#7438=CARTESIAN_POINT('Ctrl Pts',(14.8807076048328,23.2189024180624,3.99997249993648));
#7439=CARTESIAN_POINT('Ctrl Pts',(14.8604620991021,23.3351600643404,4.01065685351527));
#7440=CARTESIAN_POINT('Ctrl Pts',(14.8475253051544,23.6021038752494,4.00031625609386));
#7441=CARTESIAN_POINT('Ctrl Pts',(14.913771013111,24.1102691064548,3.86004599993543));
#7442=CARTESIAN_POINT('Ctrl Pts',(15.0566954600007,24.5613947361283,3.61044638187763));
#7443=CARTESIAN_POINT('Ctrl Pts',(15.1899321565507,24.8618387721073,3.29391656932182));
#7444=CARTESIAN_POINT('Ctrl Pts',(15.2249458570187,24.9308960253537,3.09856862632912));
#7445=CARTESIAN_POINT('Ctrl Pts',(15.2249252464406,24.9308553736383,2.99982585636795));
#7446=CARTESIAN_POINT('Ctrl Pts',(15.3552660772685,23.426148008976,4.25126983243985));
#7447=CARTESIAN_POINT('Ctrl Pts',(15.3201706158126,23.5275647617783,4.26774008547424));
#7448=CARTESIAN_POINT('Ctrl Pts',(15.2520598563567,23.7642255205765,4.26600856225771));
#7449=CARTESIAN_POINT('Ctrl Pts',(15.1978363399744,24.252071749161,4.09677017119465));
#7450=CARTESIAN_POINT('Ctrl Pts',(15.2451429831667,24.7012059355596,3.780238041611));
#7451=CARTESIAN_POINT('Ctrl Pts',(15.3219909794056,25.0001980486767,3.37560893769872));
#7452=CARTESIAN_POINT('Ctrl Pts',(15.3445489974915,25.0687665622122,3.12619141287154));
#7453=CARTESIAN_POINT('Ctrl Pts',(15.3445357192558,25.0687261981724,2.99977705485763));
#7454=CARTESIAN_POINT('Ctrl Pts',(15.5230190153191,23.4993433344147,4.77559474374409));
#7455=CARTESIAN_POINT('Ctrl Pts',(15.4610861283331,23.6409145729031,4.78052491188092));
#7456=CARTESIAN_POINT('Ctrl Pts',(15.3602803449712,23.9443150467016,4.71765730443921));
#7457=CARTESIAN_POINT('Ctrl Pts',(15.2924911580018,24.4637438758102,4.41097316056062));
#7458=CARTESIAN_POINT('Ctrl Pts',(15.3338957110157,24.8926932597831,3.97564990397582));
#7459=CARTESIAN_POINT('Ctrl Pts',(15.4022622629041,25.1699669653227,3.46362198502048));
#7460=CARTESIAN_POINT('Ctrl Pts',(15.4225636009477,25.2327461395559,3.15565718468624));
#7461=CARTESIAN_POINT('Ctrl Pts',(15.4225516510868,25.232709183358,2.99972499687076));
#7462=CARTESIAN_POINT('Ctrl Pts',(15.5230311851981,23.4993152105885,4.99999997946731));
#7463=CARTESIAN_POINT('Ctrl Pts',(15.4507465844902,23.6648027816197,5.00003489969235));
#7464=CARTESIAN_POINT('Ctrl Pts',(15.3444182024595,24.0106862791934,4.91103354482072));
#7465=CARTESIAN_POINT('Ctrl Pts',(15.2944481520091,24.5573698622852,4.54570701796452));
#7466=CARTESIAN_POINT('Ctrl Pts',(15.3516536486952,24.9795066186631,4.05945273718793));
#7467=CARTESIAN_POINT('Ctrl Pts',(15.4262762961041,25.2462030529592,3.50138678861844));
#7468=CARTESIAN_POINT('Ctrl Pts',(15.4474819349426,25.3059179848367,3.16828414446608));
#7469=CARTESIAN_POINT('Ctrl Pts',(15.4474694526493,25.3058828323375,2.99970268844951));
#7470=CARTESIAN_POINT('',(15.1462013004659,24.8643494222882,2.99999999999962));
#7471=CARTESIAN_POINT('Origin',(14.5008496512977,25.6282350478342,2.99999999999962));
#7472=CARTESIAN_POINT('Ctrl Pts',(15.1462013004659,24.8643494222883,2.99999999999963));
#7473=CARTESIAN_POINT('Ctrl Pts',(15.1462013004659,24.8643494222883,3.0279385887826));
#7474=CARTESIAN_POINT('Ctrl Pts',(15.1437402528922,24.8607318376728,3.05578288052397));
#7475=CARTESIAN_POINT('Ctrl Pts',(15.1392705720909,24.8539438780407,3.08330483525889));
#7476=CARTESIAN_POINT('Ctrl Pts',(15.1347517040973,24.8470812194111,3.11112965897654));
#7477=CARTESIAN_POINT('Ctrl Pts',(15.1281796387147,24.836978157219,3.13862435722773));
#7478=CARTESIAN_POINT('Ctrl Pts',(15.1199883702175,24.8241365061817,3.16556732744905));
#7479=CARTESIAN_POINT('Ctrl Pts',(15.1118523938194,24.8113815379144,3.19232842921112));
#7480=CARTESIAN_POINT('Ctrl Pts',(15.1021186952384,24.7959251886154,3.21854473905381));
#7481=CARTESIAN_POINT('Ctrl Pts',(15.0911829508936,24.7782942026222,3.24402143884223));
#7482=CARTESIAN_POINT('Ctrl Pts',(15.0786751639891,24.7581287151377,3.27316048250817));
#7483=CARTESIAN_POINT('Ctrl Pts',(15.0645896052982,24.7351246959752,3.30133643344027));
#7484=CARTESIAN_POINT('Ctrl Pts',(15.0494640380553,24.7099194937691,3.32861849494024));
#7485=CARTESIAN_POINT('Ctrl Pts',(15.0337978747543,24.6838134438304,3.35687563226161));
#7486=CARTESIAN_POINT('Ctrl Pts',(15.0170160609349,24.6553460235865,3.38417461286178));
#7487=CARTESIAN_POINT('Ctrl Pts',(14.9997520444826,24.6251828501896,3.41060046884636));
#7488=CARTESIAN_POINT('Ctrl Pts',(14.98992598582,24.6080150542674,3.4256411178073));
#7489=CARTESIAN_POINT('Ctrl Pts',(14.979944366896,24.5902971555808,3.44039899792506));
#7490=CARTESIAN_POINT('Ctrl Pts',(14.9699288001498,24.5721461777217,3.45488949723029));
#7491=CARTESIAN_POINT('Ctrl Pts',(14.9493030080796,24.534766536142,3.48473084652533));
#7492=CARTESIAN_POINT('Ctrl Pts',(14.9285234710006,24.4955617640365,3.51341372540651));
#7493=CARTESIAN_POINT('Ctrl Pts',(14.9078664270376,24.4548936471399,3.54098471696166));
#7494=CARTESIAN_POINT('Ctrl Pts',(14.8866275336553,24.4130800265476,3.56933230392198));
#7495=CARTESIAN_POINT('Ctrl Pts',(14.8655183360355,24.3697192212104,3.59650542220209));
#7496=CARTESIAN_POINT('Ctrl Pts',(14.8448734366731,24.3251637885407,3.6225421402292));
#7497=CARTESIAN_POINT('Ctrl Pts',(14.8240949203328,24.2803199862281,3.64874737191745));
#7498=CARTESIAN_POINT('Ctrl Pts',(14.8037871205164,24.2342655827068,3.67380229141221));
#7499=CARTESIAN_POINT('Ctrl Pts',(14.7843208007021,24.1873249623764,3.6977196420353));
#7500=CARTESIAN_POINT('Ctrl Pts',(14.764943817817,24.1405997669911,3.7215272285797));
#7501=CARTESIAN_POINT('Ctrl Pts',(14.7464010872125,24.0929959043692,3.74420836880685));
#7502=CARTESIAN_POINT('Ctrl Pts',(14.7290809808652,24.0448064560204,3.76573837205899));
#7503=CARTESIAN_POINT('Ctrl Pts',(14.7251826561236,24.0339602109098,3.77058423978534));
#7504=CARTESIAN_POINT('Ctrl Pts',(14.7213463426047,24.0230842124943,3.77537161850638));
#7505=CARTESIAN_POINT('Ctrl Pts',(14.717576588272,24.0121816607752,3.78009990987124));
#7506=CARTESIAN_POINT('Ctrl Pts',(14.6969477272196,23.9525206843089,3.8059740801678));
#7507=CARTESIAN_POINT('Ctrl Pts',(14.6782841829618,23.8920974732777,3.83004746412683));
#7508=CARTESIAN_POINT('Ctrl Pts',(14.6619916236509,23.8313382235899,3.85209748415814));
#7509=CARTESIAN_POINT('Ctrl Pts',(14.646706168114,23.774334729428,3.87278451032423));
#7510=CARTESIAN_POINT('Ctrl Pts',(14.6335082241101,23.717034762568,3.89169045381364));
#7511=CARTESIAN_POINT('Ctrl Pts',(14.62272300726,23.6598018448131,3.90858914170863));
#7512=CARTESIAN_POINT('Ctrl Pts',(14.6156126460837,23.6220699454852,3.9197299259887));
#7513=CARTESIAN_POINT('Ctrl Pts',(14.6095507393564,23.5843674287487,3.92999741566794));
#7514=CARTESIAN_POINT('Ctrl Pts',(14.6046260076445,23.546803746799,3.93931630212631));
#7515=CARTESIAN_POINT('Ctrl Pts',(14.5976831963679,23.4938470437969,3.95245392540688));
#7516=CARTESIAN_POINT('Ctrl Pts',(14.5930019497641,23.4411645724109,3.96370331074852));
#7517=CARTESIAN_POINT('Ctrl Pts',(14.5907761206558,23.3891909692813,3.97281295453082));
#7518=CARTESIAN_POINT('Ctrl Pts',(14.5885936072867,23.3382287982648,3.98174532012369));
#7519=CARTESIAN_POINT('Ctrl Pts',(14.5887717780253,23.2879482877313,3.98861992181013));
#7520=CARTESIAN_POINT('Ctrl Pts',(14.5914638661693,23.2387941333217,3.99321853310667));
#7521=CARTESIAN_POINT('Ctrl Pts',(14.5940763356403,23.1910937160609,3.99768114019043));
#7522=CARTESIAN_POINT('Ctrl Pts',(14.599056038252,23.1444542345606,3.99999999999957));
#7523=CARTESIAN_POINT('Ctrl Pts',(14.6065170667485,23.0993127922352,3.99999999999957));
#7524=CARTESIAN_POINT('Origin',(14.5008496512977,25.6282350478342,5.99999999999962));
#7525=CARTESIAN_POINT('',(15.1462013004659,24.8643494222882,5.99999999999962));
#7526=CARTESIAN_POINT('Origin',(-25.7584184354579,11.0021030396623,2.99999999999977));
#7527=CARTESIAN_POINT('',(-18.8060223440241,3.81943052981526,2.99999999999967));
#7528=CARTESIAN_POINT('',(-26.4037700846261,10.2382174141163,2.99999999999976));
#7529=CARTESIAN_POINT('Origin',(-18.1606706948559,4.5833161553613,2.99999999999968));
#7530=CARTESIAN_POINT('Origin',(-22.032780589865,2.40208533952568E-6,2.99999999999967));
#7531=CARTESIAN_POINT('Origin',(-22.032780589865,2.40208533952568E-6,2.99999999999967));
#7532=CARTESIAN_POINT('Origin',(-22.032780589865,2.40208531288033E-6,-3.31025361021224E-13));
#7533=CARTESIAN_POINT('',(-18.8060223440241,3.81943052981528,-3.25668196725598E-13));
#7534=CARTESIAN_POINT('Origin',(-40.330855865467,22.0042036772404,-2.58615393249871E-13));
#7535=CARTESIAN_POINT('Origin',(-11.1859810054486,-9.16367310888675,2.99999999999969));
#7536=CARTESIAN_POINT('',(-7.95922275960768,-5.34424498115674,2.99999999999969));
#7537=CARTESIAN_POINT('Origin',(-7.3138711104395,-4.58035935561075,2.99999999999969));
#7538=CARTESIAN_POINT('Origin',(-11.1859810054486,-9.16367310888675,2.99999999999969));
#7539=CARTESIAN_POINT('Origin',(-11.1859810054488,-1.3090940994817,2.99999999999968));
#7540=CARTESIAN_POINT('',(-11.831332654617,-2.07297972502773,2.99999999999968));
#7541=CARTESIAN_POINT('Origin',(-11.1859810054488,-2.61819060104968,-3.18418570094459E-13));
#7542=CARTESIAN_POINT('',(-7.95922275960768,-5.34424498115676,-3.12541584058762E-13));
#7543=CARTESIAN_POINT('Origin',(-11.1859810054486,-9.16367310888677,-3.17898748354386E-13));
#7544=CARTESIAN_POINT('Origin',(3.38645642456035,-11.0020982354918,2.9999999999996));
#7545=CARTESIAN_POINT('',(-3.56593966687366,-3.81942572564476,2.9999999999996));
#7546=CARTESIAN_POINT('',(4.03180807372853,-10.2382126099458,2.99999999999961));
#7547=CARTESIAN_POINT('Origin',(-4.21129131604186,-4.58331135119072,2.99999999999969));
#7548=CARTESIAN_POINT('Origin',(-0.339181421032728,2.40208624546767E-6,
2.9999999999996));
#7549=CARTESIAN_POINT('',(-3.56593966687391,3.81943052981625,2.99999999999969));
#7550=CARTESIAN_POINT('Origin',(-4.21129131604214,4.58331615536222,2.9999999999997));
#7551=CARTESIAN_POINT('Origin',(-0.339181421032728,2.40208624546767E-6,
2.9999999999996));
#7552=CARTESIAN_POINT('Origin',(-9.63643820767513,2.40208525958963E-6,2.99999999999968));
#7553=CARTESIAN_POINT('',(-8.99108655850688,-0.763883223460748,2.99999999999969));
#7554=CARTESIAN_POINT('Origin',(-8.08689540990145,2.40208524182606E-6,-3.12800079359624E-13));
#7555=CARTESIAN_POINT('',(-3.56593966687392,3.81943052981623,-3.05751583634896E-13));
#7556=CARTESIAN_POINT('Origin',(-0.339181421032752,2.40208625434946E-6,
-4.00374549048003E-13));
#7557=CARTESIAN_POINT('',(-3.56593966687366,-3.81942572564478,-3.08032087176583E-13));
#7558=CARTESIAN_POINT('Origin',(17.9588938545695,-22.0041988730693,-3.66203106455324E-13));
#7559=CARTESIAN_POINT('Origin',(2.09575312622305,12.5298742907562,2.99999999999961));
#7560=CARTESIAN_POINT('',(-7.95922275960803,5.34424978532728,2.99999999999969));
#7561=CARTESIAN_POINT('',(1.45040147705482,13.2937599163022,2.9999999999996));
#7562=CARTESIAN_POINT('Origin',(-7.31387111043978,4.58036415978127,2.99999999999969));
#7563=CARTESIAN_POINT('Origin',(-11.1859810054492,9.16367791305729,2.99999999999968));
#7564=CARTESIAN_POINT('',(-14.4127392512901,5.34424978532732,2.99999999999968));
#7565=CARTESIAN_POINT('Origin',(-15.0580909004583,4.58036415978129,2.99999999999968));
#7566=CARTESIAN_POINT('Origin',(-11.1859810054492,9.16367791305729,2.99999999999968));
#7567=CARTESIAN_POINT('Origin',(-11.1859810054489,1.30909890365325,2.99999999999969));
#7568=CARTESIAN_POINT('',(-10.5406293562807,2.07298452919924,2.99999999999968));
#7569=CARTESIAN_POINT('Origin',(-11.185981005449,2.61819540522025,-3.15281713807725E-13));
#7570=CARTESIAN_POINT('',(-14.4127392512901,5.34424978532734,-3.21158699843422E-13));
#7571=CARTESIAN_POINT('Origin',(-11.1859810054492,9.16367791305727,-3.15801535547795E-13));
#7572=CARTESIAN_POINT('',(-7.95922275960803,5.34424978532729,-3.12724874793889E-13));
#7573=CARTESIAN_POINT('Origin',(15.3774872578949,25.0597461794262,-3.74970519529565E-13));
#7574=CARTESIAN_POINT('Origin',(17.8140189945523,-24.4999975979137,5.99999999999962));
#7575=CARTESIAN_POINT('',(17.8140189945523,-23.5999975979137,5.99999999999962));
#7576=CARTESIAN_POINT('Origin',(-40.1859810054497,24.5000024020844,5.99999999999974));
#7577=CARTESIAN_POINT('',(-40.1859810054497,25.4000024020844,5.99999999999974));
#7578=CARTESIAN_POINT('Origin',(17.8140189945505,24.5000024020861,5.99999999999962));
#7579=CARTESIAN_POINT('',(17.8140189945505,25.4000024020861,5.99999999999962));
#7580=CARTESIAN_POINT('Origin',(17.8140189945505,24.5000024020861,5.99999999999962));
#7581=CARTESIAN_POINT('',(17.8140189945505,25.4000024020861,5.99999999999962));
#7582=CARTESIAN_POINT('Origin',(-40.1859810054482,-24.4999975979156,5.99999999999974));
#7583=CARTESIAN_POINT('',(-40.1859810054482,-23.5999975979156,5.99999999999974));
#7584=CARTESIAN_POINT('Origin',(-6.43929354282591E-14,4.00000120104222,
5.9999999999996));
#7585=UNCERTAINTY_MEASURE_WITH_UNIT(LENGTH_MEASURE(0.01),#7589,
'DISTANCE_ACCURACY_VALUE',
'Maximum model space distance between geometric entities at asserted c
onnectivities');
#7586=UNCERTAINTY_MEASURE_WITH_UNIT(LENGTH_MEASURE(0.01),#7589,
'DISTANCE_ACCURACY_VALUE',
'Maximum model space distance between geometric entities at asserted c
onnectivities');
#7587=(
GEOMETRIC_REPRESENTATION_CONTEXT(3)
GLOBAL_UNCERTAINTY_ASSIGNED_CONTEXT((#7585))
GLOBAL_UNIT_ASSIGNED_CONTEXT((#7589,#7591,#7592))
REPRESENTATION_CONTEXT('','3D')
);
#7588=(
GEOMETRIC_REPRESENTATION_CONTEXT(3)
GLOBAL_UNCERTAINTY_ASSIGNED_CONTEXT((#7586))
GLOBAL_UNIT_ASSIGNED_CONTEXT((#7589,#7591,#7592))
REPRESENTATION_CONTEXT('','3D')
);
#7589=(
LENGTH_UNIT()
NAMED_UNIT(*)
SI_UNIT(.MILLI.,.METRE.)
);
#7590=(
LENGTH_UNIT()
NAMED_UNIT(*)
SI_UNIT($,.METRE.)
);
#7591=(
NAMED_UNIT(*)
PLANE_ANGLE_UNIT()
SI_UNIT($,.RADIAN.)
);
#7592=(
NAMED_UNIT(*)
SI_UNIT($,.STERADIAN.)
SOLID_ANGLE_UNIT()
);
#7593=SHAPE_DEFINITION_REPRESENTATION(#7594,#7595);
#7594=PRODUCT_DEFINITION_SHAPE('',$,#7597);
#7595=SHAPE_REPRESENTATION('',(#3749),#7587);
#7596=PRODUCT_DEFINITION_CONTEXT('part definition',#7601,'design');
#7597=PRODUCT_DEFINITION('raspberry_pi_bracket',
'raspberry_pi_bracket v4',#7598,#7596);
#7598=PRODUCT_DEFINITION_FORMATION('',$,#7603);
#7599=PRODUCT_RELATED_PRODUCT_CATEGORY('raspberry_pi_bracket v4',
'raspberry_pi_bracket v4',(#7603));
#7600=APPLICATION_PROTOCOL_DEFINITION('international standard',
'automotive_design',2009,#7601);
#7601=APPLICATION_CONTEXT(
'Core Data for Automotive Mechanical Design Process');
#7602=PRODUCT_CONTEXT('part definition',#7601,'mechanical');
#7603=PRODUCT('raspberry_pi_bracket','raspberry_pi_bracket v4',$,(#7602));
#7604=PRESENTATION_STYLE_ASSIGNMENT((#7606));
#7605=PRESENTATION_STYLE_ASSIGNMENT((#7607));
#7606=SURFACE_STYLE_USAGE(.BOTH.,#7608);
#7607=SURFACE_STYLE_USAGE(.BOTH.,#7609);
#7608=SURFACE_SIDE_STYLE('',(#7610));
#7609=SURFACE_SIDE_STYLE('',(#7611));
#7610=SURFACE_STYLE_FILL_AREA(#7612);
#7611=SURFACE_STYLE_FILL_AREA(#7613);
#7612=FILL_AREA_STYLE('Steel - Satin',(#7614));
#7613=FILL_AREA_STYLE('Plastic - Matte (Black)',(#7615));
#7614=FILL_AREA_STYLE_COLOUR('Steel - Satin',#7616);
#7615=FILL_AREA_STYLE_COLOUR('Plastic - Matte (Black)',#7617);
#7616=COLOUR_RGB('Steel - Satin',0.627450980392157,0.627450980392157,0.627450980392157);
#7617=COLOUR_RGB('Plastic - Matte (Black)',0.156862745098039,0.156862745098039,
0.156862745098039);
ENDSEC;
END-ISO-10303-21;
