ISO-10303-21;
HEADER;
/* Generated by software containing ST-Developer
 * from STEP Tools, Inc. (www.steptools.com) 
 */

FILE_DESCRIPTION(
/* description */ (''),
/* implementation_level */ '2;1');

FILE_NAME(
/* name */ 'deck_panel_rear_left.step',
/* time_stamp */ '2026-04-19T08:36:10-04:00',
/* author */ (''),
/* organization */ (''),
/* preprocessor_version */ 'ST-DEVELOPER v20.1',
/* originating_system */ 'Autodesk Translation Framework v15.8.0.0',
/* authorisation */ '');

FILE_SCHEMA (('AUTOMOTIVE_DESIGN { 1 0 10303 214 3 1 1 }'));
ENDSEC;

DATA;
#10=MECHANICAL_DESIGN_GEOMETRIC_PRESENTATION_REPRESENTATION('',(#13),#5883);
#11=SHAPE_REPRESENTATION_RELATIONSHIP('SRR','None',#5890,#12);
#12=ADVANCED_BREP_SHAPE_REPRESENTATION('',(#14),#5882);
#13=STYLED_ITEM('',(#5900),#14);
#14=MANIFOLD_SOLID_BREP('deck_panel_rear_m3_countersunk_left',#3151);
#15=B_SPLINE_SURFACE_WITH_KNOTS('',3,1,((#4427,#4428),(#4429,#4430),(#4431,
#4432),(#4433,#4434),(#4435,#4436)),.UNSPECIFIED.,.F.,.F.,.F.,(4,1,4),(2,
2),(0.,0.0946822487641814,0.211096662329272),(0.,0.02),.UNSPECIFIED.);
#16=B_SPLINE_SURFACE_WITH_KNOTS('',3,1,((#4453,#4454),(#4455,#4456),(#4457,
#4458),(#4459,#4460),(#4461,#4462)),.UNSPECIFIED.,.F.,.F.,.F.,(4,1,4),(2,
2),(0.,0.0441504313490193,0.0747553527435444),(0.,0.02),.UNSPECIFIED.);
#17=B_SPLINE_SURFACE_WITH_KNOTS('',3,1,((#4476,#4477),(#4478,#4479),(#4480,
#4481),(#4482,#4483),(#4484,#4485)),.UNSPECIFIED.,.F.,.F.,.F.,(4,1,4),(2,
2),(0.,0.0438170099551548,0.0894432751358162),(0.,0.02),.UNSPECIFIED.);
#18=B_SPLINE_SURFACE_WITH_KNOTS('',3,1,((#4499,#4500),(#4501,#4502),(#4503,
#4504),(#4505,#4506),(#4507,#4508)),.UNSPECIFIED.,.F.,.F.,.F.,(4,1,4),(2,
2),(0.,0.151317344796765,0.264293719199414),(0.,0.02),.UNSPECIFIED.);
#19=B_SPLINE_SURFACE_WITH_KNOTS('',3,1,((#4522,#4523),(#4524,#4525),(#4526,
#4527),(#4528,#4529),(#4530,#4531)),.UNSPECIFIED.,.F.,.F.,.F.,(4,1,4),(2,
2),(0.,0.0175141318413776,0.0301167619376368),(0.,0.02),.UNSPECIFIED.);
#20=B_SPLINE_SURFACE_WITH_KNOTS('',3,1,((#4545,#4546),(#4547,#4548),(#4549,
#4550),(#4551,#4552),(#4553,#4554)),.UNSPECIFIED.,.F.,.F.,.F.,(4,1,4),(2,
2),(0.,0.0120952186840964,0.029440245877775),(0.,0.02),.UNSPECIFIED.);
#21=B_SPLINE_SURFACE_WITH_KNOTS('',3,1,((#4574,#4575),(#4576,#4577),(#4578,
#4579),(#4580,#4581),(#4582,#4583)),.UNSPECIFIED.,.F.,.F.,.F.,(4,1,4),(2,
2),(0.,0.0607637606987901,0.134974989125511),(0.,0.02),.UNSPECIFIED.);
#22=B_SPLINE_SURFACE_WITH_KNOTS('',3,1,((#4597,#4598),(#4599,#4600),(#4601,
#4602),(#4603,#4604),(#4605,#4606)),.UNSPECIFIED.,.F.,.F.,.F.,(4,1,4),(2,
2),(0.,0.0456391354232906,0.0820251063609162),(0.,0.02),.UNSPECIFIED.);
#23=B_SPLINE_SURFACE_WITH_KNOTS('',3,1,((#4632,#4633),(#4634,#4635),(#4636,
#4637),(#4638,#4639),(#4640,#4641)),.UNSPECIFIED.,.F.,.F.,.F.,(4,1,4),(2,
2),(0.,0.116361333878468,0.225038421064708),(0.,0.02),.UNSPECIFIED.);
#24=B_SPLINE_SURFACE_WITH_KNOTS('',3,1,((#4652,#4653),(#4654,#4655),(#4656,
#4657),(#4658,#4659),(#4660,#4661)),.UNSPECIFIED.,.F.,.F.,.F.,(4,1,4),(2,
2),(0.,0.0270526109027191,0.0546382974718213),(0.,0.02),.UNSPECIFIED.);
#25=B_SPLINE_SURFACE_WITH_KNOTS('',3,1,((#4671,#4672),(#4673,#4674),(#4675,
#4676),(#4677,#4678),(#4679,#4680)),.UNSPECIFIED.,.F.,.F.,.F.,(4,1,4),(2,
2),(0.,0.0259341849861215,0.0500197862276499),(0.,0.02),.UNSPECIFIED.);
#26=B_SPLINE_SURFACE_WITH_KNOTS('',3,1,((#4688,#4689),(#4690,#4691),(#4692,
#4693),(#4694,#4695),(#4696,#4697)),.UNSPECIFIED.,.F.,.F.,.F.,(4,1,4),(2,
2),(0.,0.2174164240329,0.396330383410386),(0.,0.02),.UNSPECIFIED.);
#27=B_SPLINE_SURFACE_WITH_KNOTS('',3,1,((#4705,#4706),(#4707,#4708),(#4709,
#4710),(#4711,#4712),(#4713,#4714)),.UNSPECIFIED.,.F.,.F.,.F.,(4,1,4),(2,
2),(0.,0.101285596669575,0.212069088021681),(0.,0.02),.UNSPECIFIED.);
#28=B_SPLINE_SURFACE_WITH_KNOTS('',3,1,((#4722,#4723),(#4724,#4725),(#4726,
#4727),(#4728,#4729),(#4730,#4731)),.UNSPECIFIED.,.F.,.F.,.F.,(4,1,4),(2,
2),(0.,0.0996927346894909,0.209886248521743),(0.,0.02),.UNSPECIFIED.);
#29=B_SPLINE_SURFACE_WITH_KNOTS('',3,1,((#4739,#4740),(#4741,#4742),(#4743,
#4744),(#4745,#4746),(#4747,#4748)),.UNSPECIFIED.,.F.,.F.,.F.,(4,1,4),(2,
2),(0.,0.261399881165757,0.466832312362936),(0.,0.02),.UNSPECIFIED.);
#30=B_SPLINE_SURFACE_WITH_KNOTS('',3,1,((#4756,#4757),(#4758,#4759),(#4760,
#4761),(#4762,#4763),(#4764,#4765)),.UNSPECIFIED.,.F.,.F.,.F.,(4,1,4),(2,
2),(0.,0.0871111126879843,0.163405841663457),(0.,0.02),.UNSPECIFIED.);
#31=B_SPLINE_SURFACE_WITH_KNOTS('',3,1,((#4777,#4778),(#4779,#4780),(#4781,
#4782),(#4783,#4784),(#4785,#4786)),.UNSPECIFIED.,.F.,.F.,.F.,(4,1,4),(2,
2),(0.,0.0401977049157305,0.081131752851586),(0.,0.02),.UNSPECIFIED.);
#32=B_SPLINE_SURFACE_WITH_KNOTS('',3,1,((#4794,#4795),(#4796,#4797),(#4798,
#4799),(#4800,#4801),(#4802,#4803)),.UNSPECIFIED.,.F.,.F.,.F.,(4,1,4),(2,
2),(0.,0.0366000544278298,0.0720047810029676),(0.,0.02),.UNSPECIFIED.);
#33=B_SPLINE_SURFACE_WITH_KNOTS('',3,1,((#4811,#4812),(#4813,#4814),(#4815,
#4816),(#4817,#4818),(#4819,#4820)),.UNSPECIFIED.,.F.,.F.,.F.,(4,1,4),(2,
2),(0.,0.0595661464709335,0.102390651829568),(0.,0.02),.UNSPECIFIED.);
#34=B_SPLINE_SURFACE_WITH_KNOTS('',3,1,((#4828,#4829),(#4830,#4831),(#4832,
#4833),(#4834,#4835),(#4836,#4837)),.UNSPECIFIED.,.F.,.F.,.F.,(4,1,4),(2,
2),(0.,0.0428245053586342,0.102390593023417),(0.,0.02),.UNSPECIFIED.);
#35=B_SPLINE_SURFACE_WITH_KNOTS('',3,1,((#4845,#4846),(#4847,#4848),(#4849,
#4850),(#4851,#4852),(#4853,#4854)),.UNSPECIFIED.,.F.,.F.,.F.,(4,1,4),(2,
2),(0.,0.108223871371486,0.185260299466214),(0.,0.02),.UNSPECIFIED.);
#36=B_SPLINE_SURFACE_WITH_KNOTS('',3,1,((#4862,#4863),(#4864,#4865),(#4866,
#4867),(#4868,#4869),(#4870,#4871)),.UNSPECIFIED.,.F.,.F.,.F.,(4,1,4),(2,
2),(0.,0.07754341569779,0.185935700081916),(0.,0.02),.UNSPECIFIED.);
#37=B_SPLINE_SURFACE_WITH_KNOTS('',3,1,((#4879,#4880),(#4881,#4882),(#4883,
#4884),(#4885,#4886),(#4887,#4888)),.UNSPECIFIED.,.F.,.F.,.F.,(4,1,4),(2,
2),(0.,0.0928553980044666,0.159427039627464),(0.,0.02),.UNSPECIFIED.);
#38=B_SPLINE_SURFACE_WITH_KNOTS('',3,1,((#4896,#4897),(#4898,#4899),(#4900,
#4901),(#4902,#4903),(#4904,#4905)),.UNSPECIFIED.,.F.,.F.,.F.,(4,1,4),(2,
2),(0.,0.0665715224353542,0.159427039243566),(0.,0.02),.UNSPECIFIED.);
#39=B_SPLINE_SURFACE_WITH_KNOTS('',3,1,((#4913,#4914),(#4915,#4916),(#4917,
#4918),(#4919,#4920),(#4921,#4922)),.UNSPECIFIED.,.F.,.F.,.F.,(4,1,4),(2,
2),(0.,0.0266730806747627,0.054412462078128),(0.,0.02),.UNSPECIFIED.);
#40=B_SPLINE_SURFACE_WITH_KNOTS('',3,1,((#4930,#4931),(#4932,#4933),(#4934,
#4935),(#4936,#4937),(#4938,#4939)),.UNSPECIFIED.,.F.,.F.,.F.,(4,1,4),(2,
2),(0.,0.0271039909937157,0.053495632611139),(0.,0.02),.UNSPECIFIED.);
#41=B_SPLINE_SURFACE_WITH_KNOTS('',3,1,((#4947,#4948),(#4949,#4950),(#4951,
#4952),(#4953,#4954),(#4955,#4956)),.UNSPECIFIED.,.F.,.F.,.F.,(4,1,4),(2,
2),(0.,0.0263916416174233,0.0534956619040627),(0.,0.02),.UNSPECIFIED.);
#42=B_SPLINE_SURFACE_WITH_KNOTS('',3,1,((#4964,#4965),(#4966,#4967),(#4968,
#4969),(#4970,#4971),(#4972,#4973)),.UNSPECIFIED.,.F.,.F.,.F.,(4,1,4),(2,
2),(0.,0.0277393814033652,0.0544124459193551),(0.,0.02),.UNSPECIFIED.);
#43=B_SPLINE_SURFACE_WITH_KNOTS('',3,1,((#4989,#4990),(#4991,#4992),(#4993,
#4994),(#4995,#4996),(#4997,#4998)),.UNSPECIFIED.,.F.,.F.,.F.,(4,1,4),(2,
2),(0.,0.300266144625136,0.585000801160826),(0.,0.02),.UNSPECIFIED.);
#44=B_SPLINE_SURFACE_WITH_KNOTS('',3,1,((#5006,#5007),(#5008,#5009),(#5010,
#5011),(#5012,#5013),(#5014,#5015)),.UNSPECIFIED.,.F.,.F.,.F.,(4,1,4),(2,
2),(0.,0.0254469898287363,0.0537432324935919),(0.,0.02),.UNSPECIFIED.);
#45=B_SPLINE_SURFACE_WITH_KNOTS('',3,1,((#5023,#5024),(#5025,#5026),(#5027,
#5028),(#5029,#5030),(#5031,#5032)),.UNSPECIFIED.,.F.,.F.,.F.,(4,1,4),(2,
2),(0.,0.0273815672524433,0.0538699151090687),(0.,0.02),.UNSPECIFIED.);
#46=B_SPLINE_SURFACE_WITH_KNOTS('',3,1,((#5039,#5040),(#5041,#5042),(#5043,
#5044),(#5045,#5046),(#5047,#5048)),.UNSPECIFIED.,.F.,.F.,.F.,(4,1,4),(2,
2),(0.,0.0262943281701537,0.0513459748116319),(0.,0.02),.UNSPECIFIED.);
#47=B_SPLINE_SURFACE_WITH_KNOTS('',3,1,((#5058,#5059),(#5060,#5061),(#5062,
#5063),(#5064,#5065),(#5066,#5067)),.UNSPECIFIED.,.F.,.F.,.F.,(4,1,4),(2,
2),(0.,0.0251218831898311,0.0510000356868704),(0.,0.02),.UNSPECIFIED.);
#48=B_SPLINE_SURFACE_WITH_KNOTS('',3,1,((#5075,#5076),(#5077,#5078),(#5079,
#5080),(#5081,#5082),(#5083,#5084)),.UNSPECIFIED.,.F.,.F.,.F.,(4,1,4),(2,
2),(0.,0.0263775187783203,0.0516404021440087),(0.,0.02),.UNSPECIFIED.);
#49=B_SPLINE_SURFACE_WITH_KNOTS('',3,1,((#5096,#5097),(#5098,#5099),(#5100,
#5101),(#5102,#5103),(#5104,#5105)),.UNSPECIFIED.,.F.,.F.,.F.,(4,1,4),(2,
2),(0.,0.0512573325951963,0.0922333256566689),(0.,0.02),.UNSPECIFIED.);
#50=B_SPLINE_SURFACE_WITH_KNOTS('',3,1,((#5113,#5114),(#5115,#5116),(#5117,
#5118),(#5119,#5120),(#5121,#5122)),.UNSPECIFIED.,.F.,.F.,.F.,(4,1,4),(2,
2),(0.,0.0434920373793094,0.0955786387287897),(0.,0.02),.UNSPECIFIED.);
#51=B_SPLINE_SURFACE_WITH_KNOTS('',3,1,((#5130,#5131),(#5132,#5133),(#5134,
#5135),(#5136,#5137),(#5138,#5139)),.UNSPECIFIED.,.F.,.F.,.F.,(4,1,4),(2,
2),(0.,0.134348812283303,0.230003293629467),(0.,0.02),.UNSPECIFIED.);
#52=B_SPLINE_SURFACE_WITH_KNOTS('',3,1,((#5147,#5148),(#5149,#5150),(#5151,
#5152),(#5153,#5154),(#5155,#5156)),.UNSPECIFIED.,.F.,.F.,.F.,(4,1,4),(2,
2),(0.,0.0961614954510759,0.230678770142146),(0.,0.02),.UNSPECIFIED.);
#53=B_SPLINE_SURFACE_WITH_KNOTS('',3,1,((#5164,#5165),(#5166,#5167),(#5168,
#5169),(#5170,#5171),(#5172,#5173)),.UNSPECIFIED.,.F.,.F.,.F.,(4,1,4),(2,
2),(0.,0.0396203534303662,0.0677050898425678),(0.,0.02),.UNSPECIFIED.);
#54=B_SPLINE_SURFACE_WITH_KNOTS('',3,1,((#5181,#5182),(#5183,#5184),(#5185,
#5186),(#5187,#5188),(#5189,#5190)),.UNSPECIFIED.,.F.,.F.,.F.,(4,1,4),(2,
2),(0.,0.0280847364122016,0.0677050249541053),(0.,0.02),.UNSPECIFIED.);
#55=B_SPLINE_SURFACE_WITH_KNOTS('',3,1,((#5198,#5199),(#5200,#5201),(#5202,
#5203),(#5204,#5205),(#5206,#5207)),.UNSPECIFIED.,.F.,.F.,.F.,(4,1,4),(2,
2),(0.,0.0271502787569546,0.0465442515127157),(0.,0.02),.UNSPECIFIED.);
#56=B_SPLINE_SURFACE_WITH_KNOTS('',3,1,((#5215,#5216),(#5217,#5218),(#5219,
#5220),(#5221,#5222),(#5223,#5224)),.UNSPECIFIED.,.F.,.F.,.F.,(4,1,4),(2,
2),(0.,0.0193939132327939,0.0465441919897485),(0.,0.02),.UNSPECIFIED.);
#57=B_SPLINE_SURFACE_WITH_KNOTS('',3,1,((#5232,#5233),(#5234,#5235),(#5236,
#5237),(#5238,#5239),(#5240,#5241)),.UNSPECIFIED.,.F.,.F.,.F.,(4,1,4),(2,
2),(0.,0.0364080683887405,0.0770914740813002),(0.,0.02),.UNSPECIFIED.);
#58=B_SPLINE_SURFACE_WITH_KNOTS('',3,1,((#5249,#5250),(#5251,#5252),(#5253,
#5254),(#5255,#5256),(#5257,#5258)),.UNSPECIFIED.,.F.,.F.,.F.,(4,1,4),(2,
2),(0.,0.0736569120116119,0.13114340245859),(0.,0.02),.UNSPECIFIED.);
#59=B_SPLINE_SURFACE_WITH_KNOTS('',3,1,((#5266,#5267),(#5268,#5269),(#5270,
#5271),(#5272,#5273),(#5274,#5275)),.UNSPECIFIED.,.F.,.F.,.F.,(4,1,4),(2,
2),(0.,0.0554135461231893,0.132426930750363),(0.,0.02),.UNSPECIFIED.);
#60=B_SPLINE_SURFACE_WITH_KNOTS('',3,1,((#5283,#5284),(#5285,#5286),(#5287,
#5288),(#5289,#5290),(#5291,#5292)),.UNSPECIFIED.,.F.,.F.,.F.,(4,1,4),(2,
2),(0.,0.0380713207254323,0.0986034407517606),(0.,0.02),.UNSPECIFIED.);
#61=B_SPLINE_SURFACE_WITH_KNOTS('',3,1,((#5300,#5301),(#5302,#5303),(#5304,
#5305),(#5306,#5307),(#5308,#5309)),.UNSPECIFIED.,.F.,.F.,.F.,(4,1,4),(2,
2),(0.,0.0264612838361712,0.0518217002591316),(0.,0.02),.UNSPECIFIED.);
#62=B_SPLINE_SURFACE_WITH_KNOTS('',3,1,((#5317,#5318),(#5319,#5320),(#5321,
#5322),(#5323,#5324),(#5325,#5326)),.UNSPECIFIED.,.F.,.F.,.F.,(4,1,4),(2,
2),(0.,0.0257917446969811,0.0523280725319872),(0.,0.02),.UNSPECIFIED.);
#63=B_SPLINE_SURFACE_WITH_KNOTS('',3,1,((#5334,#5335),(#5336,#5337),(#5338,
#5339),(#5340,#5341),(#5342,#5343)),.UNSPECIFIED.,.F.,.F.,.F.,(4,1,4),(2,
2),(0.,0.0910988806689542,0.136119089527506),(0.,0.02),.UNSPECIFIED.);
#64=B_SPLINE_SURFACE_WITH_KNOTS('',3,1,((#5351,#5352),(#5353,#5354),(#5355,
#5356),(#5357,#5358),(#5359,#5360)),.UNSPECIFIED.,.F.,.F.,.F.,(4,1,4),(2,
2),(0.,0.152123122841512,0.262285061777948),(0.,0.02),.UNSPECIFIED.);
#65=B_SPLINE_SURFACE_WITH_KNOTS('',3,1,((#5368,#5369),(#5370,#5371),(#5372,
#5373),(#5374,#5375),(#5376,#5377)),.UNSPECIFIED.,.F.,.F.,.F.,(4,1,4),(2,
2),(0.,0.108324315686829,0.26167836400396),(0.,0.02),.UNSPECIFIED.);
#66=B_SPLINE_SURFACE_WITH_KNOTS('',3,1,((#5385,#5386),(#5387,#5388),(#5389,
#5390),(#5391,#5392),(#5393,#5394)),.UNSPECIFIED.,.F.,.F.,.F.,(4,1,4),(2,
2),(0.,0.0558164215862477,0.0955920384540812),(0.,0.02),.UNSPECIFIED.);
#67=B_SPLINE_SURFACE_WITH_KNOTS('',3,1,((#5402,#5403),(#5404,#5405),(#5406,
#5407),(#5408,#5409),(#5410,#5411)),.UNSPECIFIED.,.F.,.F.,.F.,(4,1,4),(2,
2),(0.,0.0402827633411437,0.096267838618022),(0.,0.02),.UNSPECIFIED.);
#68=B_SPLINE_SURFACE_WITH_KNOTS('',3,1,((#5427,#5428),(#5429,#5430),(#5431,
#5432),(#5433,#5434),(#5435,#5436)),.UNSPECIFIED.,.F.,.F.,.F.,(4,1,4),(2,
2),(0.,0.0577232096436555,0.139202854014708),(0.,0.02),.UNSPECIFIED.);
#69=B_SPLINE_SURFACE_WITH_KNOTS('',3,1,((#5444,#5445),(#5446,#5447),(#5448,
#5449),(#5450,#5451),(#5452,#5453)),.UNSPECIFIED.,.F.,.F.,.F.,(4,1,4),(2,
2),(0.,0.0320725577502243,0.0656750473478069),(0.,0.02),.UNSPECIFIED.);
#70=B_SPLINE_SURFACE_WITH_KNOTS('',3,1,((#5461,#5462),(#5463,#5464),(#5465,
#5466),(#5467,#5468),(#5469,#5470)),.UNSPECIFIED.,.F.,.F.,.F.,(4,1,4),(2,
2),(0.,0.0402858685774502,0.0667318595544248),(0.,0.02),.UNSPECIFIED.);
#71=B_SPLINE_SURFACE_WITH_KNOTS('',3,1,((#5486,#5487),(#5488,#5489),(#5490,
#5491),(#5492,#5493),(#5494,#5495)),.UNSPECIFIED.,.F.,.F.,.F.,(4,1,4),(2,
2),(0.,0.0251235815258289,0.0514863269959047),(0.,0.02),.UNSPECIFIED.);
#72=CYLINDRICAL_SURFACE('',#3181,1.55);
#73=CYLINDRICAL_SURFACE('',#3185,1.55);
#74=CYLINDRICAL_SURFACE('',#3189,1.55);
#75=CYLINDRICAL_SURFACE('',#3193,1.55);
#76=CYLINDRICAL_SURFACE('',#3203,3.00000000000001);
#77=CYLINDRICAL_SURFACE('',#3205,3.00000000000001);
#78=CYLINDRICAL_SURFACE('',#3207,3.);
#79=CYLINDRICAL_SURFACE('',#3209,3.);
#80=CYLINDRICAL_SURFACE('',#3271,3.6);
#81=CYLINDRICAL_SURFACE('',#3275,3.6);
#82=CYLINDRICAL_SURFACE('',#3279,3.6);
#83=CYLINDRICAL_SURFACE('',#3283,3.6);
#84=CYLINDRICAL_SURFACE('',#3287,3.6);
#85=CYLINDRICAL_SURFACE('',#3291,3.6);
#86=CYLINDRICAL_SURFACE('',#3316,3.6);
#87=CYLINDRICAL_SURFACE('',#3319,3.4);
#88=CYLINDRICAL_SURFACE('',#3322,3.40000000000005);
#89=B_SPLINE_CURVE_WITH_KNOTS('',3,(#4063,#4064,#4065,#4066,#4067),
 .UNSPECIFIED.,.F.,.F.,(4,1,4),(0.,0.0262943281701537,0.0513459748116319),
 .UNSPECIFIED.);
#90=B_SPLINE_CURVE_WITH_KNOTS('',3,(#4069,#4070,#4071,#4072,#4073),
 .UNSPECIFIED.,.F.,.F.,(4,1,4),(0.,0.0251235815258289,0.0514863269959047),
 .UNSPECIFIED.);
#91=B_SPLINE_CURVE_WITH_KNOTS('',3,(#4079,#4080,#4081,#4082,#4083),
 .UNSPECIFIED.,.F.,.F.,(4,1,4),(0.,0.0402858685774502,0.0667318595544248),
 .UNSPECIFIED.);
#92=B_SPLINE_CURVE_WITH_KNOTS('',3,(#4085,#4086,#4087,#4088,#4089),
 .UNSPECIFIED.,.F.,.F.,(4,1,4),(0.,0.0320725577502243,0.0656750473478069),
 .UNSPECIFIED.);
#93=B_SPLINE_CURVE_WITH_KNOTS('',3,(#4091,#4092,#4093,#4094,#4095),
 .UNSPECIFIED.,.F.,.F.,(4,1,4),(0.,0.0577232096436555,0.139202854014708),
 .UNSPECIFIED.);
#94=B_SPLINE_CURVE_WITH_KNOTS('',3,(#4101,#4102,#4103,#4104,#4105),
 .UNSPECIFIED.,.F.,.F.,(4,1,4),(0.,0.0402827633411437,0.096267838618022),
 .UNSPECIFIED.);
#95=B_SPLINE_CURVE_WITH_KNOTS('',3,(#4107,#4108,#4109,#4110,#4111),
 .UNSPECIFIED.,.F.,.F.,(4,1,4),(0.,0.0558164215862477,0.0955920384540812),
 .UNSPECIFIED.);
#96=B_SPLINE_CURVE_WITH_KNOTS('',3,(#4113,#4114,#4115,#4116,#4117),
 .UNSPECIFIED.,.F.,.F.,(4,1,4),(0.,0.108324315686829,0.26167836400396),
 .UNSPECIFIED.);
#97=B_SPLINE_CURVE_WITH_KNOTS('',3,(#4119,#4120,#4121,#4122,#4123),
 .UNSPECIFIED.,.F.,.F.,(4,1,4),(0.,0.152123122841512,0.262285061777948),
 .UNSPECIFIED.);
#98=B_SPLINE_CURVE_WITH_KNOTS('',3,(#4125,#4126,#4127,#4128,#4129),
 .UNSPECIFIED.,.F.,.F.,(4,1,4),(0.,0.0910988806689542,0.136119089527506),
 .UNSPECIFIED.);
#99=B_SPLINE_CURVE_WITH_KNOTS('',3,(#4131,#4132,#4133,#4134,#4135),
 .UNSPECIFIED.,.F.,.F.,(4,1,4),(0.,0.0257917446969811,0.0523280725319872),
 .UNSPECIFIED.);
#100=B_SPLINE_CURVE_WITH_KNOTS('',3,(#4137,#4138,#4139,#4140,#4141),
 .UNSPECIFIED.,.F.,.F.,(4,1,4),(0.,0.0264612838361712,0.0518217002591316),
 .UNSPECIFIED.);
#101=B_SPLINE_CURVE_WITH_KNOTS('',3,(#4143,#4144,#4145,#4146,#4147),
 .UNSPECIFIED.,.F.,.F.,(4,1,4),(0.,0.0380713207254323,0.0986034407517606),
 .UNSPECIFIED.);
#102=B_SPLINE_CURVE_WITH_KNOTS('',3,(#4149,#4150,#4151,#4152,#4153),
 .UNSPECIFIED.,.F.,.F.,(4,1,4),(0.,0.0554135461231893,0.132426930750363),
 .UNSPECIFIED.);
#103=B_SPLINE_CURVE_WITH_KNOTS('',3,(#4155,#4156,#4157,#4158,#4159),
 .UNSPECIFIED.,.F.,.F.,(4,1,4),(0.,0.0736569120116119,0.13114340245859),
 .UNSPECIFIED.);
#104=B_SPLINE_CURVE_WITH_KNOTS('',3,(#4161,#4162,#4163,#4164,#4165),
 .UNSPECIFIED.,.F.,.F.,(4,1,4),(0.,0.0364080683887405,0.0770914740813002),
 .UNSPECIFIED.);
#105=B_SPLINE_CURVE_WITH_KNOTS('',3,(#4167,#4168,#4169,#4170,#4171),
 .UNSPECIFIED.,.F.,.F.,(4,1,4),(0.,0.0193939132327939,0.0465441919897485),
 .UNSPECIFIED.);
#106=B_SPLINE_CURVE_WITH_KNOTS('',3,(#4173,#4174,#4175,#4176,#4177),
 .UNSPECIFIED.,.F.,.F.,(4,1,4),(0.,0.0271502787569546,0.0465442515127157),
 .UNSPECIFIED.);
#107=B_SPLINE_CURVE_WITH_KNOTS('',3,(#4179,#4180,#4181,#4182,#4183),
 .UNSPECIFIED.,.F.,.F.,(4,1,4),(0.,0.0280847364122016,0.0677050249541053),
 .UNSPECIFIED.);
#108=B_SPLINE_CURVE_WITH_KNOTS('',3,(#4185,#4186,#4187,#4188,#4189),
 .UNSPECIFIED.,.F.,.F.,(4,1,4),(0.,0.0396203534303662,0.0677050898425678),
 .UNSPECIFIED.);
#109=B_SPLINE_CURVE_WITH_KNOTS('',3,(#4191,#4192,#4193,#4194,#4195),
 .UNSPECIFIED.,.F.,.F.,(4,1,4),(0.,0.0961614954510759,0.230678770142146),
 .UNSPECIFIED.);
#110=B_SPLINE_CURVE_WITH_KNOTS('',3,(#4197,#4198,#4199,#4200,#4201),
 .UNSPECIFIED.,.F.,.F.,(4,1,4),(0.,0.134348812283303,0.230003293629467),
 .UNSPECIFIED.);
#111=B_SPLINE_CURVE_WITH_KNOTS('',3,(#4203,#4204,#4205,#4206,#4207),
 .UNSPECIFIED.,.F.,.F.,(4,1,4),(0.,0.0434920373793094,0.0955786387287897),
 .UNSPECIFIED.);
#112=B_SPLINE_CURVE_WITH_KNOTS('',3,(#4209,#4210,#4211,#4212,#4213),
 .UNSPECIFIED.,.F.,.F.,(4,1,4),(0.,0.0512573325951963,0.0922333256566689),
 .UNSPECIFIED.);
#113=B_SPLINE_CURVE_WITH_KNOTS('',3,(#4217,#4218,#4219,#4220,#4221),
 .UNSPECIFIED.,.F.,.F.,(4,1,4),(0.,0.0263775187783203,0.0516404021440087),
 .UNSPECIFIED.);
#114=B_SPLINE_CURVE_WITH_KNOTS('',3,(#4222,#4223,#4224,#4225,#4226),
 .UNSPECIFIED.,.F.,.F.,(4,1,4),(0.,0.0251218831898311,0.0510000356868704),
 .UNSPECIFIED.);
#115=B_SPLINE_CURVE_WITH_KNOTS('',3,(#4229,#4230,#4231,#4232,#4233),
 .UNSPECIFIED.,.F.,.F.,(4,1,4),(0.,0.0270526109027191,0.0546382974718213),
 .UNSPECIFIED.);
#116=B_SPLINE_CURVE_WITH_KNOTS('',3,(#4235,#4236,#4237,#4238,#4239),
 .UNSPECIFIED.,.F.,.F.,(4,1,4),(0.,0.0273815672524433,0.0538699151090687),
 .UNSPECIFIED.);
#117=B_SPLINE_CURVE_WITH_KNOTS('',3,(#4241,#4242,#4243,#4244,#4245),
 .UNSPECIFIED.,.F.,.F.,(4,1,4),(0.,0.0254469898287363,0.0537432324935919),
 .UNSPECIFIED.);
#118=B_SPLINE_CURVE_WITH_KNOTS('',3,(#4247,#4248,#4249,#4250,#4251),
 .UNSPECIFIED.,.F.,.F.,(4,1,4),(0.,0.300266144625136,0.585000801160826),
 .UNSPECIFIED.);
#119=B_SPLINE_CURVE_WITH_KNOTS('',3,(#4257,#4258,#4259,#4260,#4261),
 .UNSPECIFIED.,.F.,.F.,(4,1,4),(0.,0.0277393814033652,0.0544124459193551),
 .UNSPECIFIED.);
#120=B_SPLINE_CURVE_WITH_KNOTS('',3,(#4263,#4264,#4265,#4266,#4267),
 .UNSPECIFIED.,.F.,.F.,(4,1,4),(0.,0.0263916416174233,0.0534956619040627),
 .UNSPECIFIED.);
#121=B_SPLINE_CURVE_WITH_KNOTS('',3,(#4269,#4270,#4271,#4272,#4273),
 .UNSPECIFIED.,.F.,.F.,(4,1,4),(0.,0.0271039909937157,0.053495632611139),
 .UNSPECIFIED.);
#122=B_SPLINE_CURVE_WITH_KNOTS('',3,(#4275,#4276,#4277,#4278,#4279),
 .UNSPECIFIED.,.F.,.F.,(4,1,4),(0.,0.0266730806747627,0.054412462078128),
 .UNSPECIFIED.);
#123=B_SPLINE_CURVE_WITH_KNOTS('',3,(#4281,#4282,#4283,#4284,#4285),
 .UNSPECIFIED.,.F.,.F.,(4,1,4),(0.,0.0665715224353542,0.159427039243566),
 .UNSPECIFIED.);
#124=B_SPLINE_CURVE_WITH_KNOTS('',3,(#4287,#4288,#4289,#4290,#4291),
 .UNSPECIFIED.,.F.,.F.,(4,1,4),(0.,0.0928553980044666,0.159427039627464),
 .UNSPECIFIED.);
#125=B_SPLINE_CURVE_WITH_KNOTS('',3,(#4293,#4294,#4295,#4296,#4297),
 .UNSPECIFIED.,.F.,.F.,(4,1,4),(0.,0.07754341569779,0.185935700081916),
 .UNSPECIFIED.);
#126=B_SPLINE_CURVE_WITH_KNOTS('',3,(#4299,#4300,#4301,#4302,#4303),
 .UNSPECIFIED.,.F.,.F.,(4,1,4),(0.,0.108223871371486,0.185260299466214),
 .UNSPECIFIED.);
#127=B_SPLINE_CURVE_WITH_KNOTS('',3,(#4305,#4306,#4307,#4308,#4309),
 .UNSPECIFIED.,.F.,.F.,(4,1,4),(0.,0.0428245053586342,0.102390593023417),
 .UNSPECIFIED.);
#128=B_SPLINE_CURVE_WITH_KNOTS('',3,(#4311,#4312,#4313,#4314,#4315),
 .UNSPECIFIED.,.F.,.F.,(4,1,4),(0.,0.0595661464709335,0.102390651829568),
 .UNSPECIFIED.);
#129=B_SPLINE_CURVE_WITH_KNOTS('',3,(#4317,#4318,#4319,#4320,#4321),
 .UNSPECIFIED.,.F.,.F.,(4,1,4),(0.,0.0366000544278298,0.0720047810029676),
 .UNSPECIFIED.);
#130=B_SPLINE_CURVE_WITH_KNOTS('',3,(#4323,#4324,#4325,#4326,#4327),
 .UNSPECIFIED.,.F.,.F.,(4,1,4),(0.,0.0401977049157305,0.081131752851586),
 .UNSPECIFIED.);
#131=B_SPLINE_CURVE_WITH_KNOTS('',3,(#4331,#4332,#4333,#4334,#4335),
 .UNSPECIFIED.,.F.,.F.,(4,1,4),(0.,0.0871111126879843,0.163405841663457),
 .UNSPECIFIED.);
#132=B_SPLINE_CURVE_WITH_KNOTS('',3,(#4337,#4338,#4339,#4340,#4341),
 .UNSPECIFIED.,.F.,.F.,(4,1,4),(0.,0.261399881165757,0.466832312362936),
 .UNSPECIFIED.);
#133=B_SPLINE_CURVE_WITH_KNOTS('',3,(#4343,#4344,#4345,#4346,#4347),
 .UNSPECIFIED.,.F.,.F.,(4,1,4),(0.,0.0996927346894909,0.209886248521743),
 .UNSPECIFIED.);
#134=B_SPLINE_CURVE_WITH_KNOTS('',3,(#4349,#4350,#4351,#4352,#4353),
 .UNSPECIFIED.,.F.,.F.,(4,1,4),(0.,0.101285596669575,0.212069088021681),
 .UNSPECIFIED.);
#135=B_SPLINE_CURVE_WITH_KNOTS('',3,(#4355,#4356,#4357,#4358,#4359),
 .UNSPECIFIED.,.F.,.F.,(4,1,4),(0.,0.2174164240329,0.396330383410386),
 .UNSPECIFIED.);
#136=B_SPLINE_CURVE_WITH_KNOTS('',3,(#4360,#4361,#4362,#4363,#4364),
 .UNSPECIFIED.,.F.,.F.,(4,1,4),(0.,0.0259341849861215,0.0500197862276499),
 .UNSPECIFIED.);
#137=B_SPLINE_CURVE_WITH_KNOTS('',3,(#4439,#4440,#4441,#4442,#4443),
 .UNSPECIFIED.,.F.,.F.,(4,1,4),(0.,0.0946822487641814,0.211096662329272),
 .UNSPECIFIED.);
#138=B_SPLINE_CURVE_WITH_KNOTS('',3,(#4447,#4448,#4449,#4450,#4451),
 .UNSPECIFIED.,.F.,.F.,(4,1,4),(0.,0.0946822487641814,0.211096662329272),
 .UNSPECIFIED.);
#139=B_SPLINE_CURVE_WITH_KNOTS('',3,(#4464,#4465,#4466,#4467,#4468),
 .UNSPECIFIED.,.F.,.F.,(4,1,4),(0.,0.0441504313490193,0.0747553527435444),
 .UNSPECIFIED.);
#140=B_SPLINE_CURVE_WITH_KNOTS('',3,(#4471,#4472,#4473,#4474,#4475),
 .UNSPECIFIED.,.F.,.F.,(4,1,4),(0.,0.0441504313490193,0.0747553527435444),
 .UNSPECIFIED.);
#141=B_SPLINE_CURVE_WITH_KNOTS('',3,(#4487,#4488,#4489,#4490,#4491),
 .UNSPECIFIED.,.F.,.F.,(4,1,4),(0.,0.0438170099551548,0.0894432751358162),
 .UNSPECIFIED.);
#142=B_SPLINE_CURVE_WITH_KNOTS('',3,(#4494,#4495,#4496,#4497,#4498),
 .UNSPECIFIED.,.F.,.F.,(4,1,4),(0.,0.0438170099551548,0.0894432751358162),
 .UNSPECIFIED.);
#143=B_SPLINE_CURVE_WITH_KNOTS('',3,(#4510,#4511,#4512,#4513,#4514),
 .UNSPECIFIED.,.F.,.F.,(4,1,4),(0.,0.151317344796765,0.264293719199414),
 .UNSPECIFIED.);
#144=B_SPLINE_CURVE_WITH_KNOTS('',3,(#4517,#4518,#4519,#4520,#4521),
 .UNSPECIFIED.,.F.,.F.,(4,1,4),(0.,0.151317344796765,0.264293719199414),
 .UNSPECIFIED.);
#145=B_SPLINE_CURVE_WITH_KNOTS('',3,(#4533,#4534,#4535,#4536,#4537),
 .UNSPECIFIED.,.F.,.F.,(4,1,4),(0.,0.0175141318413776,0.0301167619376368),
 .UNSPECIFIED.);
#146=B_SPLINE_CURVE_WITH_KNOTS('',3,(#4540,#4541,#4542,#4543,#4544),
 .UNSPECIFIED.,.F.,.F.,(4,1,4),(0.,0.0175141318413776,0.0301167619376368),
 .UNSPECIFIED.);
#147=B_SPLINE_CURVE_WITH_KNOTS('',3,(#4556,#4557,#4558,#4559,#4560),
 .UNSPECIFIED.,.F.,.F.,(4,1,4),(0.,0.0120952186840964,0.029440245877775),
 .UNSPECIFIED.);
#148=B_SPLINE_CURVE_WITH_KNOTS('',3,(#4563,#4564,#4565,#4566,#4567),
 .UNSPECIFIED.,.F.,.F.,(4,1,4),(0.,0.0120952186840964,0.029440245877775),
 .UNSPECIFIED.);
#149=B_SPLINE_CURVE_WITH_KNOTS('',3,(#4585,#4586,#4587,#4588,#4589),
 .UNSPECIFIED.,.F.,.F.,(4,1,4),(0.,0.0607637606987901,0.134974989125511),
 .UNSPECIFIED.);
#150=B_SPLINE_CURVE_WITH_KNOTS('',3,(#4592,#4593,#4594,#4595,#4596),
 .UNSPECIFIED.,.F.,.F.,(4,1,4),(0.,0.0607637606987901,0.134974989125511),
 .UNSPECIFIED.);
#151=B_SPLINE_CURVE_WITH_KNOTS('',3,(#4608,#4609,#4610,#4611,#4612),
 .UNSPECIFIED.,.F.,.F.,(4,1,4),(0.,0.0456391354232906,0.0820251063609162),
 .UNSPECIFIED.);
#152=B_SPLINE_CURVE_WITH_KNOTS('',3,(#4615,#4616,#4617,#4618,#4619),
 .UNSPECIFIED.,.F.,.F.,(4,1,4),(0.,0.0456391354232906,0.0820251063609162),
 .UNSPECIFIED.);
#153=B_SPLINE_CURVE_WITH_KNOTS('',3,(#4642,#4643,#4644,#4645,#4646),
 .UNSPECIFIED.,.F.,.F.,(4,1,4),(0.,0.116361333878468,0.225038421064708),
 .UNSPECIFIED.);
#154=B_SPLINE_CURVE_WITH_KNOTS('',3,(#4647,#4648,#4649,#4650,#4651),
 .UNSPECIFIED.,.F.,.F.,(4,1,4),(0.,0.116361333878468,0.225038421064708),
 .UNSPECIFIED.);
#155=B_SPLINE_CURVE_WITH_KNOTS('',3,(#4665,#4666,#4667,#4668,#4669),
 .UNSPECIFIED.,.F.,.F.,(4,1,4),(0.,0.0270526109027191,0.0546382974718213),
 .UNSPECIFIED.);
#156=B_SPLINE_CURVE_WITH_KNOTS('',3,(#4683,#4684,#4685,#4686,#4687),
 .UNSPECIFIED.,.F.,.F.,(4,1,4),(0.,0.0259341849861215,0.0500197862276499),
 .UNSPECIFIED.);
#157=B_SPLINE_CURVE_WITH_KNOTS('',3,(#4700,#4701,#4702,#4703,#4704),
 .UNSPECIFIED.,.F.,.F.,(4,1,4),(0.,0.2174164240329,0.396330383410386),
 .UNSPECIFIED.);
#158=B_SPLINE_CURVE_WITH_KNOTS('',3,(#4717,#4718,#4719,#4720,#4721),
 .UNSPECIFIED.,.F.,.F.,(4,1,4),(0.,0.101285596669575,0.212069088021681),
 .UNSPECIFIED.);
#159=B_SPLINE_CURVE_WITH_KNOTS('',3,(#4734,#4735,#4736,#4737,#4738),
 .UNSPECIFIED.,.F.,.F.,(4,1,4),(0.,0.0996927346894909,0.209886248521743),
 .UNSPECIFIED.);
#160=B_SPLINE_CURVE_WITH_KNOTS('',3,(#4751,#4752,#4753,#4754,#4755),
 .UNSPECIFIED.,.F.,.F.,(4,1,4),(0.,0.261399881165757,0.466832312362936),
 .UNSPECIFIED.);
#161=B_SPLINE_CURVE_WITH_KNOTS('',3,(#4768,#4769,#4770,#4771,#4772),
 .UNSPECIFIED.,.F.,.F.,(4,1,4),(0.,0.0871111126879843,0.163405841663457),
 .UNSPECIFIED.);
#162=B_SPLINE_CURVE_WITH_KNOTS('',3,(#4789,#4790,#4791,#4792,#4793),
 .UNSPECIFIED.,.F.,.F.,(4,1,4),(0.,0.0401977049157305,0.081131752851586),
 .UNSPECIFIED.);
#163=B_SPLINE_CURVE_WITH_KNOTS('',3,(#4806,#4807,#4808,#4809,#4810),
 .UNSPECIFIED.,.F.,.F.,(4,1,4),(0.,0.0366000544278298,0.0720047810029676),
 .UNSPECIFIED.);
#164=B_SPLINE_CURVE_WITH_KNOTS('',3,(#4823,#4824,#4825,#4826,#4827),
 .UNSPECIFIED.,.F.,.F.,(4,1,4),(0.,0.0595661464709335,0.102390651829568),
 .UNSPECIFIED.);
#165=B_SPLINE_CURVE_WITH_KNOTS('',3,(#4840,#4841,#4842,#4843,#4844),
 .UNSPECIFIED.,.F.,.F.,(4,1,4),(0.,0.0428245053586342,0.102390593023417),
 .UNSPECIFIED.);
#166=B_SPLINE_CURVE_WITH_KNOTS('',3,(#4857,#4858,#4859,#4860,#4861),
 .UNSPECIFIED.,.F.,.F.,(4,1,4),(0.,0.108223871371486,0.185260299466214),
 .UNSPECIFIED.);
#167=B_SPLINE_CURVE_WITH_KNOTS('',3,(#4874,#4875,#4876,#4877,#4878),
 .UNSPECIFIED.,.F.,.F.,(4,1,4),(0.,0.07754341569779,0.185935700081916),
 .UNSPECIFIED.);
#168=B_SPLINE_CURVE_WITH_KNOTS('',3,(#4891,#4892,#4893,#4894,#4895),
 .UNSPECIFIED.,.F.,.F.,(4,1,4),(0.,0.0928553980044666,0.159427039627464),
 .UNSPECIFIED.);
#169=B_SPLINE_CURVE_WITH_KNOTS('',3,(#4908,#4909,#4910,#4911,#4912),
 .UNSPECIFIED.,.F.,.F.,(4,1,4),(0.,0.0665715224353542,0.159427039243566),
 .UNSPECIFIED.);
#170=B_SPLINE_CURVE_WITH_KNOTS('',3,(#4925,#4926,#4927,#4928,#4929),
 .UNSPECIFIED.,.F.,.F.,(4,1,4),(0.,0.0266730806747627,0.054412462078128),
 .UNSPECIFIED.);
#171=B_SPLINE_CURVE_WITH_KNOTS('',3,(#4942,#4943,#4944,#4945,#4946),
 .UNSPECIFIED.,.F.,.F.,(4,1,4),(0.,0.0271039909937157,0.053495632611139),
 .UNSPECIFIED.);
#172=B_SPLINE_CURVE_WITH_KNOTS('',3,(#4959,#4960,#4961,#4962,#4963),
 .UNSPECIFIED.,.F.,.F.,(4,1,4),(0.,0.0263916416174233,0.0534956619040627),
 .UNSPECIFIED.);
#173=B_SPLINE_CURVE_WITH_KNOTS('',3,(#4976,#4977,#4978,#4979,#4980),
 .UNSPECIFIED.,.F.,.F.,(4,1,4),(0.,0.0277393814033652,0.0544124459193551),
 .UNSPECIFIED.);
#174=B_SPLINE_CURVE_WITH_KNOTS('',3,(#5001,#5002,#5003,#5004,#5005),
 .UNSPECIFIED.,.F.,.F.,(4,1,4),(0.,0.300266144625136,0.585000801160826),
 .UNSPECIFIED.);
#175=B_SPLINE_CURVE_WITH_KNOTS('',3,(#5018,#5019,#5020,#5021,#5022),
 .UNSPECIFIED.,.F.,.F.,(4,1,4),(0.,0.0254469898287363,0.0537432324935919),
 .UNSPECIFIED.);
#176=B_SPLINE_CURVE_WITH_KNOTS('',3,(#5033,#5034,#5035,#5036,#5037),
 .UNSPECIFIED.,.F.,.F.,(4,1,4),(0.,0.0273815672524433,0.0538699151090687),
 .UNSPECIFIED.);
#177=B_SPLINE_CURVE_WITH_KNOTS('',3,(#5052,#5053,#5054,#5055,#5056),
 .UNSPECIFIED.,.F.,.F.,(4,1,4),(0.,0.0262943281701537,0.0513459748116319),
 .UNSPECIFIED.);
#178=B_SPLINE_CURVE_WITH_KNOTS('',3,(#5070,#5071,#5072,#5073,#5074),
 .UNSPECIFIED.,.F.,.F.,(4,1,4),(0.,0.0251218831898311,0.0510000356868704),
 .UNSPECIFIED.);
#179=B_SPLINE_CURVE_WITH_KNOTS('',3,(#5087,#5088,#5089,#5090,#5091),
 .UNSPECIFIED.,.F.,.F.,(4,1,4),(0.,0.0263775187783203,0.0516404021440087),
 .UNSPECIFIED.);
#180=B_SPLINE_CURVE_WITH_KNOTS('',3,(#5108,#5109,#5110,#5111,#5112),
 .UNSPECIFIED.,.F.,.F.,(4,1,4),(0.,0.0512573325951963,0.0922333256566689),
 .UNSPECIFIED.);
#181=B_SPLINE_CURVE_WITH_KNOTS('',3,(#5125,#5126,#5127,#5128,#5129),
 .UNSPECIFIED.,.F.,.F.,(4,1,4),(0.,0.0434920373793094,0.0955786387287897),
 .UNSPECIFIED.);
#182=B_SPLINE_CURVE_WITH_KNOTS('',3,(#5142,#5143,#5144,#5145,#5146),
 .UNSPECIFIED.,.F.,.F.,(4,1,4),(0.,0.134348812283303,0.230003293629467),
 .UNSPECIFIED.);
#183=B_SPLINE_CURVE_WITH_KNOTS('',3,(#5159,#5160,#5161,#5162,#5163),
 .UNSPECIFIED.,.F.,.F.,(4,1,4),(0.,0.0961614954510759,0.230678770142146),
 .UNSPECIFIED.);
#184=B_SPLINE_CURVE_WITH_KNOTS('',3,(#5176,#5177,#5178,#5179,#5180),
 .UNSPECIFIED.,.F.,.F.,(4,1,4),(0.,0.0396203534303662,0.0677050898425678),
 .UNSPECIFIED.);
#185=B_SPLINE_CURVE_WITH_KNOTS('',3,(#5193,#5194,#5195,#5196,#5197),
 .UNSPECIFIED.,.F.,.F.,(4,1,4),(0.,0.0280847364122016,0.0677050249541053),
 .UNSPECIFIED.);
#186=B_SPLINE_CURVE_WITH_KNOTS('',3,(#5210,#5211,#5212,#5213,#5214),
 .UNSPECIFIED.,.F.,.F.,(4,1,4),(0.,0.0271502787569546,0.0465442515127157),
 .UNSPECIFIED.);
#187=B_SPLINE_CURVE_WITH_KNOTS('',3,(#5227,#5228,#5229,#5230,#5231),
 .UNSPECIFIED.,.F.,.F.,(4,1,4),(0.,0.0193939132327939,0.0465441919897485),
 .UNSPECIFIED.);
#188=B_SPLINE_CURVE_WITH_KNOTS('',3,(#5244,#5245,#5246,#5247,#5248),
 .UNSPECIFIED.,.F.,.F.,(4,1,4),(0.,0.0364080683887405,0.0770914740813002),
 .UNSPECIFIED.);
#189=B_SPLINE_CURVE_WITH_KNOTS('',3,(#5261,#5262,#5263,#5264,#5265),
 .UNSPECIFIED.,.F.,.F.,(4,1,4),(0.,0.0736569120116119,0.13114340245859),
 .UNSPECIFIED.);
#190=B_SPLINE_CURVE_WITH_KNOTS('',3,(#5278,#5279,#5280,#5281,#5282),
 .UNSPECIFIED.,.F.,.F.,(4,1,4),(0.,0.0554135461231893,0.132426930750363),
 .UNSPECIFIED.);
#191=B_SPLINE_CURVE_WITH_KNOTS('',3,(#5295,#5296,#5297,#5298,#5299),
 .UNSPECIFIED.,.F.,.F.,(4,1,4),(0.,0.0380713207254323,0.0986034407517606),
 .UNSPECIFIED.);
#192=B_SPLINE_CURVE_WITH_KNOTS('',3,(#5312,#5313,#5314,#5315,#5316),
 .UNSPECIFIED.,.F.,.F.,(4,1,4),(0.,0.0264612838361712,0.0518217002591316),
 .UNSPECIFIED.);
#193=B_SPLINE_CURVE_WITH_KNOTS('',3,(#5329,#5330,#5331,#5332,#5333),
 .UNSPECIFIED.,.F.,.F.,(4,1,4),(0.,0.0257917446969811,0.0523280725319872),
 .UNSPECIFIED.);
#194=B_SPLINE_CURVE_WITH_KNOTS('',3,(#5346,#5347,#5348,#5349,#5350),
 .UNSPECIFIED.,.F.,.F.,(4,1,4),(0.,0.0910988806689542,0.136119089527506),
 .UNSPECIFIED.);
#195=B_SPLINE_CURVE_WITH_KNOTS('',3,(#5363,#5364,#5365,#5366,#5367),
 .UNSPECIFIED.,.F.,.F.,(4,1,4),(0.,0.152123122841512,0.262285061777948),
 .UNSPECIFIED.);
#196=B_SPLINE_CURVE_WITH_KNOTS('',3,(#5380,#5381,#5382,#5383,#5384),
 .UNSPECIFIED.,.F.,.F.,(4,1,4),(0.,0.108324315686829,0.26167836400396),
 .UNSPECIFIED.);
#197=B_SPLINE_CURVE_WITH_KNOTS('',3,(#5397,#5398,#5399,#5400,#5401),
 .UNSPECIFIED.,.F.,.F.,(4,1,4),(0.,0.0558164215862477,0.0955920384540812),
 .UNSPECIFIED.);
#198=B_SPLINE_CURVE_WITH_KNOTS('',3,(#5414,#5415,#5416,#5417,#5418),
 .UNSPECIFIED.,.F.,.F.,(4,1,4),(0.,0.0402827633411437,0.096267838618022),
 .UNSPECIFIED.);
#199=B_SPLINE_CURVE_WITH_KNOTS('',3,(#5439,#5440,#5441,#5442,#5443),
 .UNSPECIFIED.,.F.,.F.,(4,1,4),(0.,0.0577232096436555,0.139202854014708),
 .UNSPECIFIED.);
#200=B_SPLINE_CURVE_WITH_KNOTS('',3,(#5456,#5457,#5458,#5459,#5460),
 .UNSPECIFIED.,.F.,.F.,(4,1,4),(0.,0.0320725577502243,0.0656750473478069),
 .UNSPECIFIED.);
#201=B_SPLINE_CURVE_WITH_KNOTS('',3,(#5473,#5474,#5475,#5476,#5477),
 .UNSPECIFIED.,.F.,.F.,(4,1,4),(0.,0.0402858685774502,0.0667318595544248),
 .UNSPECIFIED.);
#202=B_SPLINE_CURVE_WITH_KNOTS('',3,(#5496,#5497,#5498,#5499,#5500),
 .UNSPECIFIED.,.F.,.F.,(4,1,4),(0.,0.0251235815258289,0.0514863269959047),
 .UNSPECIFIED.);
#203=FACE_BOUND('',#478,.T.);
#204=FACE_BOUND('',#479,.T.);
#205=FACE_BOUND('',#480,.T.);
#206=FACE_BOUND('',#481,.T.);
#207=FACE_BOUND('',#482,.T.);
#208=FACE_BOUND('',#483,.T.);
#209=FACE_BOUND('',#537,.T.);
#210=FACE_BOUND('',#571,.T.);
#211=FACE_BOUND('',#572,.T.);
#212=FACE_BOUND('',#573,.T.);
#213=FACE_BOUND('',#574,.T.);
#214=PLANE('',#3168);
#215=PLANE('',#3211);
#216=PLANE('',#3212);
#217=PLANE('',#3213);
#218=PLANE('',#3214);
#219=PLANE('',#3215);
#220=PLANE('',#3216);
#221=PLANE('',#3217);
#222=PLANE('',#3218);
#223=PLANE('',#3219);
#224=PLANE('',#3220);
#225=PLANE('',#3221);
#226=PLANE('',#3222);
#227=PLANE('',#3223);
#228=PLANE('',#3224);
#229=PLANE('',#3234);
#230=PLANE('',#3235);
#231=PLANE('',#3236);
#232=PLANE('',#3237);
#233=PLANE('',#3238);
#234=PLANE('',#3239);
#235=PLANE('',#3240);
#236=PLANE('',#3241);
#237=PLANE('',#3242);
#238=PLANE('',#3243);
#239=PLANE('',#3244);
#240=PLANE('',#3245);
#241=PLANE('',#3246);
#242=PLANE('',#3247);
#243=PLANE('',#3248);
#244=PLANE('',#3249);
#245=PLANE('',#3250);
#246=PLANE('',#3251);
#247=PLANE('',#3252);
#248=PLANE('',#3253);
#249=PLANE('',#3254);
#250=PLANE('',#3255);
#251=PLANE('',#3256);
#252=PLANE('',#3257);
#253=PLANE('',#3258);
#254=PLANE('',#3259);
#255=PLANE('',#3260);
#256=PLANE('',#3261);
#257=PLANE('',#3262);
#258=PLANE('',#3263);
#259=PLANE('',#3264);
#260=PLANE('',#3265);
#261=PLANE('',#3266);
#262=PLANE('',#3267);
#263=PLANE('',#3268);
#264=PLANE('',#3269);
#265=PLANE('',#3270);
#266=PLANE('',#3274);
#267=PLANE('',#3278);
#268=PLANE('',#3282);
#269=PLANE('',#3286);
#270=PLANE('',#3290);
#271=PLANE('',#3294);
#272=PLANE('',#3295);
#273=PLANE('',#3297);
#274=PLANE('',#3299);
#275=PLANE('',#3301);
#276=PLANE('',#3303);
#277=PLANE('',#3305);
#278=PLANE('',#3307);
#279=PLANE('',#3310);
#280=PLANE('',#3313);
#281=PLANE('',#3318);
#282=PLANE('',#3321);
#283=PLANE('',#3324);
#284=PLANE('',#3326);
#285=PLANE('',#3328);
#286=PLANE('',#3330);
#287=PLANE('',#3332);
#288=PLANE('',#3334);
#289=PLANE('',#3336);
#290=PLANE('',#3338);
#291=PLANE('',#3340);
#292=PLANE('',#3342);
#293=PLANE('',#3343);
#294=PLANE('',#3344);
#295=FACE_OUTER_BOUND('',#476,.T.);
#296=FACE_OUTER_BOUND('',#477,.T.);
#297=FACE_OUTER_BOUND('',#484,.T.);
#298=FACE_OUTER_BOUND('',#485,.T.);
#299=FACE_OUTER_BOUND('',#486,.T.);
#300=FACE_OUTER_BOUND('',#487,.T.);
#301=FACE_OUTER_BOUND('',#488,.T.);
#302=FACE_OUTER_BOUND('',#489,.T.);
#303=FACE_OUTER_BOUND('',#490,.T.);
#304=FACE_OUTER_BOUND('',#491,.T.);
#305=FACE_OUTER_BOUND('',#492,.T.);
#306=FACE_OUTER_BOUND('',#493,.T.);
#307=FACE_OUTER_BOUND('',#494,.T.);
#308=FACE_OUTER_BOUND('',#495,.T.);
#309=FACE_OUTER_BOUND('',#496,.T.);
#310=FACE_OUTER_BOUND('',#497,.T.);
#311=FACE_OUTER_BOUND('',#498,.T.);
#312=FACE_OUTER_BOUND('',#499,.T.);
#313=FACE_OUTER_BOUND('',#500,.T.);
#314=FACE_OUTER_BOUND('',#501,.T.);
#315=FACE_OUTER_BOUND('',#502,.T.);
#316=FACE_OUTER_BOUND('',#503,.T.);
#317=FACE_OUTER_BOUND('',#504,.T.);
#318=FACE_OUTER_BOUND('',#505,.T.);
#319=FACE_OUTER_BOUND('',#506,.T.);
#320=FACE_OUTER_BOUND('',#507,.T.);
#321=FACE_OUTER_BOUND('',#508,.T.);
#322=FACE_OUTER_BOUND('',#509,.T.);
#323=FACE_OUTER_BOUND('',#510,.T.);
#324=FACE_OUTER_BOUND('',#511,.T.);
#325=FACE_OUTER_BOUND('',#512,.T.);
#326=FACE_OUTER_BOUND('',#513,.T.);
#327=FACE_OUTER_BOUND('',#514,.T.);
#328=FACE_OUTER_BOUND('',#515,.T.);
#329=FACE_OUTER_BOUND('',#516,.T.);
#330=FACE_OUTER_BOUND('',#517,.T.);
#331=FACE_OUTER_BOUND('',#518,.T.);
#332=FACE_OUTER_BOUND('',#519,.T.);
#333=FACE_OUTER_BOUND('',#520,.T.);
#334=FACE_OUTER_BOUND('',#521,.T.);
#335=FACE_OUTER_BOUND('',#522,.T.);
#336=FACE_OUTER_BOUND('',#523,.T.);
#337=FACE_OUTER_BOUND('',#524,.T.);
#338=FACE_OUTER_BOUND('',#525,.T.);
#339=FACE_OUTER_BOUND('',#526,.T.);
#340=FACE_OUTER_BOUND('',#527,.T.);
#341=FACE_OUTER_BOUND('',#528,.T.);
#342=FACE_OUTER_BOUND('',#529,.T.);
#343=FACE_OUTER_BOUND('',#530,.T.);
#344=FACE_OUTER_BOUND('',#531,.T.);
#345=FACE_OUTER_BOUND('',#532,.T.);
#346=FACE_OUTER_BOUND('',#533,.T.);
#347=FACE_OUTER_BOUND('',#534,.T.);
#348=FACE_OUTER_BOUND('',#535,.T.);
#349=FACE_OUTER_BOUND('',#536,.T.);
#350=FACE_OUTER_BOUND('',#538,.T.);
#351=FACE_OUTER_BOUND('',#539,.T.);
#352=FACE_OUTER_BOUND('',#540,.T.);
#353=FACE_OUTER_BOUND('',#541,.T.);
#354=FACE_OUTER_BOUND('',#542,.T.);
#355=FACE_OUTER_BOUND('',#543,.T.);
#356=FACE_OUTER_BOUND('',#544,.T.);
#357=FACE_OUTER_BOUND('',#545,.T.);
#358=FACE_OUTER_BOUND('',#546,.T.);
#359=FACE_OUTER_BOUND('',#547,.T.);
#360=FACE_OUTER_BOUND('',#548,.T.);
#361=FACE_OUTER_BOUND('',#549,.T.);
#362=FACE_OUTER_BOUND('',#550,.T.);
#363=FACE_OUTER_BOUND('',#551,.T.);
#364=FACE_OUTER_BOUND('',#552,.T.);
#365=FACE_OUTER_BOUND('',#553,.T.);
#366=FACE_OUTER_BOUND('',#554,.T.);
#367=FACE_OUTER_BOUND('',#555,.T.);
#368=FACE_OUTER_BOUND('',#556,.T.);
#369=FACE_OUTER_BOUND('',#557,.T.);
#370=FACE_OUTER_BOUND('',#558,.T.);
#371=FACE_OUTER_BOUND('',#559,.T.);
#372=FACE_OUTER_BOUND('',#560,.T.);
#373=FACE_OUTER_BOUND('',#561,.T.);
#374=FACE_OUTER_BOUND('',#562,.T.);
#375=FACE_OUTER_BOUND('',#563,.T.);
#376=FACE_OUTER_BOUND('',#564,.T.);
#377=FACE_OUTER_BOUND('',#565,.T.);
#378=FACE_OUTER_BOUND('',#566,.T.);
#379=FACE_OUTER_BOUND('',#567,.T.);
#380=FACE_OUTER_BOUND('',#568,.T.);
#381=FACE_OUTER_BOUND('',#569,.T.);
#382=FACE_OUTER_BOUND('',#570,.T.);
#383=FACE_OUTER_BOUND('',#575,.T.);
#384=FACE_OUTER_BOUND('',#576,.T.);
#385=FACE_OUTER_BOUND('',#577,.T.);
#386=FACE_OUTER_BOUND('',#578,.T.);
#387=FACE_OUTER_BOUND('',#579,.T.);
#388=FACE_OUTER_BOUND('',#580,.T.);
#389=FACE_OUTER_BOUND('',#581,.T.);
#390=FACE_OUTER_BOUND('',#582,.T.);
#391=FACE_OUTER_BOUND('',#583,.T.);
#392=FACE_OUTER_BOUND('',#584,.T.);
#393=FACE_OUTER_BOUND('',#585,.T.);
#394=FACE_OUTER_BOUND('',#586,.T.);
#395=FACE_OUTER_BOUND('',#587,.T.);
#396=FACE_OUTER_BOUND('',#588,.T.);
#397=FACE_OUTER_BOUND('',#589,.T.);
#398=FACE_OUTER_BOUND('',#590,.T.);
#399=FACE_OUTER_BOUND('',#591,.T.);
#400=FACE_OUTER_BOUND('',#592,.T.);
#401=FACE_OUTER_BOUND('',#593,.T.);
#402=FACE_OUTER_BOUND('',#594,.T.);
#403=FACE_OUTER_BOUND('',#595,.T.);
#404=FACE_OUTER_BOUND('',#596,.T.);
#405=FACE_OUTER_BOUND('',#597,.T.);
#406=FACE_OUTER_BOUND('',#598,.T.);
#407=FACE_OUTER_BOUND('',#599,.T.);
#408=FACE_OUTER_BOUND('',#600,.T.);
#409=FACE_OUTER_BOUND('',#601,.T.);
#410=FACE_OUTER_BOUND('',#602,.T.);
#411=FACE_OUTER_BOUND('',#603,.T.);
#412=FACE_OUTER_BOUND('',#604,.T.);
#413=FACE_OUTER_BOUND('',#605,.T.);
#414=FACE_OUTER_BOUND('',#606,.T.);
#415=FACE_OUTER_BOUND('',#607,.T.);
#416=FACE_OUTER_BOUND('',#608,.T.);
#417=FACE_OUTER_BOUND('',#609,.T.);
#418=FACE_OUTER_BOUND('',#610,.T.);
#419=FACE_OUTER_BOUND('',#611,.T.);
#420=FACE_OUTER_BOUND('',#612,.T.);
#421=FACE_OUTER_BOUND('',#613,.T.);
#422=FACE_OUTER_BOUND('',#614,.T.);
#423=FACE_OUTER_BOUND('',#615,.T.);
#424=FACE_OUTER_BOUND('',#616,.T.);
#425=FACE_OUTER_BOUND('',#617,.T.);
#426=FACE_OUTER_BOUND('',#618,.T.);
#427=FACE_OUTER_BOUND('',#619,.T.);
#428=FACE_OUTER_BOUND('',#620,.T.);
#429=FACE_OUTER_BOUND('',#621,.T.);
#430=FACE_OUTER_BOUND('',#622,.T.);
#431=FACE_OUTER_BOUND('',#623,.T.);
#432=FACE_OUTER_BOUND('',#624,.T.);
#433=FACE_OUTER_BOUND('',#625,.T.);
#434=FACE_OUTER_BOUND('',#626,.T.);
#435=FACE_OUTER_BOUND('',#627,.T.);
#436=FACE_OUTER_BOUND('',#628,.T.);
#437=FACE_OUTER_BOUND('',#629,.T.);
#438=FACE_OUTER_BOUND('',#630,.T.);
#439=FACE_OUTER_BOUND('',#631,.T.);
#440=FACE_OUTER_BOUND('',#632,.T.);
#441=FACE_OUTER_BOUND('',#633,.T.);
#442=FACE_OUTER_BOUND('',#634,.T.);
#443=FACE_OUTER_BOUND('',#635,.T.);
#444=FACE_OUTER_BOUND('',#636,.T.);
#445=FACE_OUTER_BOUND('',#637,.T.);
#446=FACE_OUTER_BOUND('',#638,.T.);
#447=FACE_OUTER_BOUND('',#639,.T.);
#448=FACE_OUTER_BOUND('',#640,.T.);
#449=FACE_OUTER_BOUND('',#641,.T.);
#450=FACE_OUTER_BOUND('',#642,.T.);
#451=FACE_OUTER_BOUND('',#643,.T.);
#452=FACE_OUTER_BOUND('',#644,.T.);
#453=FACE_OUTER_BOUND('',#645,.T.);
#454=FACE_OUTER_BOUND('',#646,.T.);
#455=FACE_OUTER_BOUND('',#647,.T.);
#456=FACE_OUTER_BOUND('',#648,.T.);
#457=FACE_OUTER_BOUND('',#649,.T.);
#458=FACE_OUTER_BOUND('',#650,.T.);
#459=FACE_OUTER_BOUND('',#651,.T.);
#460=FACE_OUTER_BOUND('',#652,.T.);
#461=FACE_OUTER_BOUND('',#653,.T.);
#462=FACE_OUTER_BOUND('',#654,.T.);
#463=FACE_OUTER_BOUND('',#655,.T.);
#464=FACE_OUTER_BOUND('',#656,.T.);
#465=FACE_OUTER_BOUND('',#657,.T.);
#466=FACE_OUTER_BOUND('',#658,.T.);
#467=FACE_OUTER_BOUND('',#659,.T.);
#468=FACE_OUTER_BOUND('',#660,.T.);
#469=FACE_OUTER_BOUND('',#661,.T.);
#470=FACE_OUTER_BOUND('',#662,.T.);
#471=FACE_OUTER_BOUND('',#663,.T.);
#472=FACE_OUTER_BOUND('',#664,.T.);
#473=FACE_OUTER_BOUND('',#665,.T.);
#474=FACE_OUTER_BOUND('',#666,.T.);
#475=FACE_OUTER_BOUND('',#667,.T.);
#476=EDGE_LOOP('',(#2032,#2033,#2034,#2035));
#477=EDGE_LOOP('',(#2036,#2037,#2038,#2039,#2040,#2041,#2042,#2043,#2044,
#2045,#2046,#2047,#2048,#2049,#2050,#2051,#2052,#2053,#2054,#2055,#2056,
#2057,#2058,#2059,#2060,#2061,#2062,#2063));
#478=EDGE_LOOP('',(#2064));
#479=EDGE_LOOP('',(#2065));
#480=EDGE_LOOP('',(#2066,#2067,#2068,#2069,#2070,#2071,#2072,#2073,#2074,
#2075,#2076,#2077,#2078,#2079,#2080,#2081,#2082,#2083,#2084,#2085,#2086,
#2087,#2088,#2089,#2090,#2091,#2092,#2093,#2094,#2095,#2096));
#481=EDGE_LOOP('',(#2097,#2098,#2099,#2100,#2101,#2102,#2103,#2104,#2105,
#2106,#2107,#2108,#2109,#2110,#2111,#2112,#2113,#2114,#2115,#2116,#2117,
#2118,#2119,#2120,#2121));
#482=EDGE_LOOP('',(#2122));
#483=EDGE_LOOP('',(#2123));
#484=EDGE_LOOP('',(#2124,#2125,#2126,#2127));
#485=EDGE_LOOP('',(#2128,#2129,#2130,#2131));
#486=EDGE_LOOP('',(#2132,#2133,#2134,#2135));
#487=EDGE_LOOP('',(#2136,#2137,#2138,#2139));
#488=EDGE_LOOP('',(#2140,#2141,#2142,#2143));
#489=EDGE_LOOP('',(#2144,#2145,#2146,#2147));
#490=EDGE_LOOP('',(#2148,#2149,#2150,#2151));
#491=EDGE_LOOP('',(#2152,#2153,#2154,#2155));
#492=EDGE_LOOP('',(#2156,#2157,#2158,#2159));
#493=EDGE_LOOP('',(#2160,#2161,#2162,#2163));
#494=EDGE_LOOP('',(#2164,#2165,#2166,#2167));
#495=EDGE_LOOP('',(#2168,#2169,#2170,#2171));
#496=EDGE_LOOP('',(#2172,#2173,#2174,#2175));
#497=EDGE_LOOP('',(#2176,#2177,#2178,#2179));
#498=EDGE_LOOP('',(#2180,#2181,#2182,#2183));
#499=EDGE_LOOP('',(#2184,#2185,#2186,#2187));
#500=EDGE_LOOP('',(#2188,#2189,#2190,#2191));
#501=EDGE_LOOP('',(#2192,#2193,#2194,#2195));
#502=EDGE_LOOP('',(#2196,#2197,#2198,#2199));
#503=EDGE_LOOP('',(#2200,#2201,#2202,#2203));
#504=EDGE_LOOP('',(#2204,#2205,#2206,#2207));
#505=EDGE_LOOP('',(#2208,#2209,#2210,#2211));
#506=EDGE_LOOP('',(#2212,#2213,#2214,#2215));
#507=EDGE_LOOP('',(#2216,#2217,#2218,#2219));
#508=EDGE_LOOP('',(#2220,#2221,#2222,#2223));
#509=EDGE_LOOP('',(#2224,#2225,#2226,#2227));
#510=EDGE_LOOP('',(#2228,#2229,#2230,#2231));
#511=EDGE_LOOP('',(#2232,#2233,#2234,#2235));
#512=EDGE_LOOP('',(#2236,#2237,#2238,#2239));
#513=EDGE_LOOP('',(#2240,#2241,#2242,#2243));
#514=EDGE_LOOP('',(#2244,#2245,#2246,#2247));
#515=EDGE_LOOP('',(#2248,#2249,#2250,#2251));
#516=EDGE_LOOP('',(#2252,#2253,#2254,#2255));
#517=EDGE_LOOP('',(#2256,#2257,#2258,#2259));
#518=EDGE_LOOP('',(#2260,#2261,#2262,#2263));
#519=EDGE_LOOP('',(#2264,#2265,#2266,#2267));
#520=EDGE_LOOP('',(#2268,#2269,#2270,#2271));
#521=EDGE_LOOP('',(#2272,#2273,#2274,#2275));
#522=EDGE_LOOP('',(#2276,#2277,#2278,#2279));
#523=EDGE_LOOP('',(#2280,#2281,#2282,#2283));
#524=EDGE_LOOP('',(#2284,#2285,#2286,#2287));
#525=EDGE_LOOP('',(#2288,#2289,#2290,#2291));
#526=EDGE_LOOP('',(#2292,#2293,#2294,#2295));
#527=EDGE_LOOP('',(#2296,#2297,#2298,#2299));
#528=EDGE_LOOP('',(#2300,#2301,#2302,#2303));
#529=EDGE_LOOP('',(#2304,#2305,#2306,#2307));
#530=EDGE_LOOP('',(#2308,#2309,#2310,#2311));
#531=EDGE_LOOP('',(#2312,#2313,#2314,#2315));
#532=EDGE_LOOP('',(#2316,#2317,#2318,#2319));
#533=EDGE_LOOP('',(#2320,#2321,#2322,#2323));
#534=EDGE_LOOP('',(#2324,#2325,#2326,#2327));
#535=EDGE_LOOP('',(#2328,#2329,#2330,#2331));
#536=EDGE_LOOP('',(#2332,#2333,#2334,#2335,#2336,#2337,#2338,#2339,#2340,
#2341,#2342,#2343,#2344,#2345,#2346,#2347,#2348,#2349,#2350,#2351,#2352,
#2353,#2354,#2355,#2356));
#537=EDGE_LOOP('',(#2357,#2358,#2359,#2360,#2361,#2362,#2363,#2364,#2365,
#2366,#2367,#2368));
#538=EDGE_LOOP('',(#2369,#2370,#2371,#2372));
#539=EDGE_LOOP('',(#2373,#2374,#2375,#2376));
#540=EDGE_LOOP('',(#2377,#2378,#2379,#2380));
#541=EDGE_LOOP('',(#2381,#2382,#2383,#2384));
#542=EDGE_LOOP('',(#2385,#2386,#2387,#2388));
#543=EDGE_LOOP('',(#2389,#2390,#2391,#2392));
#544=EDGE_LOOP('',(#2393,#2394,#2395,#2396));
#545=EDGE_LOOP('',(#2397,#2398,#2399,#2400));
#546=EDGE_LOOP('',(#2401,#2402,#2403,#2404));
#547=EDGE_LOOP('',(#2405,#2406,#2407,#2408));
#548=EDGE_LOOP('',(#2409,#2410,#2411,#2412));
#549=EDGE_LOOP('',(#2413,#2414,#2415,#2416));
#550=EDGE_LOOP('',(#2417,#2418,#2419,#2420));
#551=EDGE_LOOP('',(#2421,#2422,#2423,#2424));
#552=EDGE_LOOP('',(#2425,#2426,#2427,#2428));
#553=EDGE_LOOP('',(#2429,#2430,#2431,#2432));
#554=EDGE_LOOP('',(#2433,#2434,#2435,#2436));
#555=EDGE_LOOP('',(#2437,#2438,#2439,#2440));
#556=EDGE_LOOP('',(#2441,#2442,#2443,#2444));
#557=EDGE_LOOP('',(#2445,#2446,#2447,#2448));
#558=EDGE_LOOP('',(#2449,#2450,#2451,#2452));
#559=EDGE_LOOP('',(#2453,#2454,#2455,#2456));
#560=EDGE_LOOP('',(#2457,#2458,#2459,#2460));
#561=EDGE_LOOP('',(#2461,#2462,#2463,#2464));
#562=EDGE_LOOP('',(#2465,#2466,#2467,#2468));
#563=EDGE_LOOP('',(#2469,#2470,#2471,#2472));
#564=EDGE_LOOP('',(#2473,#2474,#2475,#2476));
#565=EDGE_LOOP('',(#2477,#2478,#2479,#2480));
#566=EDGE_LOOP('',(#2481,#2482,#2483,#2484));
#567=EDGE_LOOP('',(#2485,#2486,#2487,#2488));
#568=EDGE_LOOP('',(#2489,#2490,#2491,#2492));
#569=EDGE_LOOP('',(#2493,#2494,#2495,#2496,#2497,#2498,#2499,#2500,#2501,
#2502,#2503,#2504,#2505,#2506,#2507,#2508,#2509,#2510,#2511,#2512,#2513,
#2514,#2515,#2516,#2517,#2518,#2519,#2520,#2521,#2522,#2523));
#570=EDGE_LOOP('',(#2524,#2525,#2526,#2527,#2528,#2529,#2530,#2531,#2532,
#2533,#2534,#2535,#2536,#2537,#2538,#2539,#2540,#2541,#2542,#2543));
#571=EDGE_LOOP('',(#2544));
#572=EDGE_LOOP('',(#2545));
#573=EDGE_LOOP('',(#2546));
#574=EDGE_LOOP('',(#2547));
#575=EDGE_LOOP('',(#2548,#2549,#2550,#2551,#2552,#2553,#2554,#2555,#2556,
#2557,#2558,#2559));
#576=EDGE_LOOP('',(#2560,#2561,#2562,#2563));
#577=EDGE_LOOP('',(#2564,#2565,#2566,#2567));
#578=EDGE_LOOP('',(#2568,#2569,#2570,#2571));
#579=EDGE_LOOP('',(#2572,#2573,#2574,#2575));
#580=EDGE_LOOP('',(#2576,#2577,#2578,#2579));
#581=EDGE_LOOP('',(#2580,#2581,#2582,#2583));
#582=EDGE_LOOP('',(#2584,#2585,#2586,#2587));
#583=EDGE_LOOP('',(#2588,#2589,#2590,#2591));
#584=EDGE_LOOP('',(#2592,#2593,#2594,#2595));
#585=EDGE_LOOP('',(#2596,#2597,#2598,#2599));
#586=EDGE_LOOP('',(#2600,#2601,#2602,#2603));
#587=EDGE_LOOP('',(#2604,#2605,#2606,#2607));
#588=EDGE_LOOP('',(#2608,#2609,#2610,#2611));
#589=EDGE_LOOP('',(#2612,#2613,#2614,#2615));
#590=EDGE_LOOP('',(#2616,#2617,#2618,#2619));
#591=EDGE_LOOP('',(#2620,#2621,#2622,#2623));
#592=EDGE_LOOP('',(#2624,#2625,#2626,#2627));
#593=EDGE_LOOP('',(#2628,#2629,#2630,#2631));
#594=EDGE_LOOP('',(#2632,#2633,#2634,#2635));
#595=EDGE_LOOP('',(#2636,#2637,#2638,#2639));
#596=EDGE_LOOP('',(#2640,#2641,#2642,#2643));
#597=EDGE_LOOP('',(#2644,#2645,#2646,#2647));
#598=EDGE_LOOP('',(#2648,#2649,#2650,#2651));
#599=EDGE_LOOP('',(#2652,#2653,#2654,#2655));
#600=EDGE_LOOP('',(#2656,#2657,#2658,#2659));
#601=EDGE_LOOP('',(#2660,#2661,#2662,#2663));
#602=EDGE_LOOP('',(#2664,#2665,#2666,#2667));
#603=EDGE_LOOP('',(#2668,#2669,#2670,#2671));
#604=EDGE_LOOP('',(#2672,#2673,#2674,#2675));
#605=EDGE_LOOP('',(#2676,#2677,#2678,#2679,#2680,#2681,#2682,#2683,#2684,
#2685,#2686,#2687,#2688,#2689,#2690,#2691,#2692,#2693,#2694,#2695));
#606=EDGE_LOOP('',(#2696,#2697,#2698,#2699));
#607=EDGE_LOOP('',(#2700,#2701,#2702,#2703));
#608=EDGE_LOOP('',(#2704,#2705,#2706,#2707));
#609=EDGE_LOOP('',(#2708,#2709,#2710,#2711));
#610=EDGE_LOOP('',(#2712,#2713,#2714,#2715));
#611=EDGE_LOOP('',(#2716,#2717,#2718,#2719));
#612=EDGE_LOOP('',(#2720,#2721,#2722,#2723));
#613=EDGE_LOOP('',(#2724,#2725,#2726,#2727));
#614=EDGE_LOOP('',(#2728,#2729,#2730,#2731));
#615=EDGE_LOOP('',(#2732,#2733,#2734,#2735));
#616=EDGE_LOOP('',(#2736,#2737,#2738,#2739));
#617=EDGE_LOOP('',(#2740,#2741,#2742,#2743));
#618=EDGE_LOOP('',(#2744,#2745,#2746,#2747));
#619=EDGE_LOOP('',(#2748,#2749,#2750,#2751));
#620=EDGE_LOOP('',(#2752,#2753,#2754,#2755));
#621=EDGE_LOOP('',(#2756,#2757,#2758,#2759));
#622=EDGE_LOOP('',(#2760,#2761,#2762,#2763));
#623=EDGE_LOOP('',(#2764,#2765,#2766,#2767));
#624=EDGE_LOOP('',(#2768,#2769,#2770,#2771));
#625=EDGE_LOOP('',(#2772,#2773,#2774,#2775));
#626=EDGE_LOOP('',(#2776,#2777,#2778,#2779));
#627=EDGE_LOOP('',(#2780,#2781,#2782,#2783));
#628=EDGE_LOOP('',(#2784,#2785,#2786,#2787));
#629=EDGE_LOOP('',(#2788,#2789,#2790,#2791));
#630=EDGE_LOOP('',(#2792,#2793,#2794,#2795));
#631=EDGE_LOOP('',(#2796,#2797,#2798,#2799));
#632=EDGE_LOOP('',(#2800,#2801,#2802,#2803));
#633=EDGE_LOOP('',(#2804,#2805,#2806,#2807));
#634=EDGE_LOOP('',(#2808,#2809,#2810,#2811));
#635=EDGE_LOOP('',(#2812,#2813,#2814,#2815));
#636=EDGE_LOOP('',(#2816,#2817,#2818,#2819));
#637=EDGE_LOOP('',(#2820,#2821,#2822,#2823));
#638=EDGE_LOOP('',(#2824,#2825,#2826,#2827));
#639=EDGE_LOOP('',(#2828,#2829,#2830,#2831));
#640=EDGE_LOOP('',(#2832,#2833,#2834,#2835));
#641=EDGE_LOOP('',(#2836,#2837,#2838,#2839));
#642=EDGE_LOOP('',(#2840,#2841,#2842,#2843));
#643=EDGE_LOOP('',(#2844,#2845,#2846,#2847));
#644=EDGE_LOOP('',(#2848,#2849,#2850,#2851));
#645=EDGE_LOOP('',(#2852,#2853,#2854,#2855));
#646=EDGE_LOOP('',(#2856,#2857,#2858,#2859));
#647=EDGE_LOOP('',(#2860,#2861,#2862,#2863));
#648=EDGE_LOOP('',(#2864,#2865,#2866,#2867));
#649=EDGE_LOOP('',(#2868,#2869,#2870,#2871));
#650=EDGE_LOOP('',(#2872,#2873,#2874,#2875));
#651=EDGE_LOOP('',(#2876,#2877,#2878,#2879));
#652=EDGE_LOOP('',(#2880,#2881,#2882,#2883));
#653=EDGE_LOOP('',(#2884,#2885,#2886,#2887));
#654=EDGE_LOOP('',(#2888,#2889,#2890,#2891));
#655=EDGE_LOOP('',(#2892,#2893,#2894,#2895));
#656=EDGE_LOOP('',(#2896,#2897,#2898,#2899));
#657=EDGE_LOOP('',(#2900,#2901,#2902,#2903));
#658=EDGE_LOOP('',(#2904,#2905,#2906,#2907));
#659=EDGE_LOOP('',(#2908,#2909,#2910,#2911));
#660=EDGE_LOOP('',(#2912,#2913,#2914,#2915));
#661=EDGE_LOOP('',(#2916,#2917,#2918,#2919));
#662=EDGE_LOOP('',(#2920,#2921,#2922,#2923));
#663=EDGE_LOOP('',(#2924,#2925,#2926,#2927));
#664=EDGE_LOOP('',(#2928,#2929,#2930,#2931));
#665=EDGE_LOOP('',(#2932,#2933,#2934,#2935));
#666=EDGE_LOOP('',(#2936,#2937,#2938,#2939));
#667=EDGE_LOOP('',(#2940,#2941,#2942,#2943));
#668=LINE('',#3998,#954);
#669=LINE('',#4003,#955);
#670=LINE('',#4005,#956);
#671=LINE('',#4007,#957);
#672=LINE('',#4009,#958);
#673=LINE('',#4011,#959);
#674=LINE('',#4013,#960);
#675=LINE('',#4015,#961);
#676=LINE('',#4017,#962);
#677=LINE('',#4019,#963);
#678=LINE('',#4021,#964);
#679=LINE('',#4025,#965);
#680=LINE('',#4029,#966);
#681=LINE('',#4033,#967);
#682=LINE('',#4037,#968);
#683=LINE('',#4041,#969);
#684=LINE('',#4045,#970);
#685=LINE('',#4049,#971);
#686=LINE('',#4053,#972);
#687=LINE('',#4056,#973);
#688=LINE('',#4075,#974);
#689=LINE('',#4077,#975);
#690=LINE('',#4097,#976);
#691=LINE('',#4099,#977);
#692=LINE('',#4215,#978);
#693=LINE('',#4253,#979);
#694=LINE('',#4255,#980);
#695=LINE('',#4329,#981);
#696=LINE('',#4370,#982);
#697=LINE('',#4373,#983);
#698=LINE('',#4378,#984);
#699=LINE('',#4381,#985);
#700=LINE('',#4386,#986);
#701=LINE('',#4389,#987);
#702=LINE('',#4394,#988);
#703=LINE('',#4398,#989);
#704=LINE('',#4402,#990);
#705=LINE('',#4406,#991);
#706=LINE('',#4410,#992);
#707=LINE('',#4414,#993);
#708=LINE('',#4418,#994);
#709=LINE('',#4422,#995);
#710=LINE('',#4426,#996);
#711=LINE('',#4445,#997);
#712=LINE('',#4452,#998);
#713=LINE('',#4470,#999);
#714=LINE('',#4493,#1000);
#715=LINE('',#4516,#1001);
#716=LINE('',#4539,#1002);
#717=LINE('',#4562,#1003);
#718=LINE('',#4570,#1004);
#719=LINE('',#4572,#1005);
#720=LINE('',#4573,#1006);
#721=LINE('',#4591,#1007);
#722=LINE('',#4614,#1008);
#723=LINE('',#4622,#1009);
#724=LINE('',#4624,#1010);
#725=LINE('',#4625,#1011);
#726=LINE('',#4628,#1012);
#727=LINE('',#4630,#1013);
#728=LINE('',#4631,#1014);
#729=LINE('',#4663,#1015);
#730=LINE('',#4670,#1016);
#731=LINE('',#4682,#1017);
#732=LINE('',#4699,#1018);
#733=LINE('',#4716,#1019);
#734=LINE('',#4733,#1020);
#735=LINE('',#4750,#1021);
#736=LINE('',#4767,#1022);
#737=LINE('',#4775,#1023);
#738=LINE('',#4776,#1024);
#739=LINE('',#4788,#1025);
#740=LINE('',#4805,#1026);
#741=LINE('',#4822,#1027);
#742=LINE('',#4839,#1028);
#743=LINE('',#4856,#1029);
#744=LINE('',#4873,#1030);
#745=LINE('',#4890,#1031);
#746=LINE('',#4907,#1032);
#747=LINE('',#4924,#1033);
#748=LINE('',#4941,#1034);
#749=LINE('',#4958,#1035);
#750=LINE('',#4975,#1036);
#751=LINE('',#4983,#1037);
#752=LINE('',#4984,#1038);
#753=LINE('',#4987,#1039);
#754=LINE('',#4988,#1040);
#755=LINE('',#5000,#1041);
#756=LINE('',#5017,#1042);
#757=LINE('',#5050,#1043);
#758=LINE('',#5057,#1044);
#759=LINE('',#5069,#1045);
#760=LINE('',#5086,#1046);
#761=LINE('',#5094,#1047);
#762=LINE('',#5095,#1048);
#763=LINE('',#5107,#1049);
#764=LINE('',#5124,#1050);
#765=LINE('',#5141,#1051);
#766=LINE('',#5158,#1052);
#767=LINE('',#5175,#1053);
#768=LINE('',#5192,#1054);
#769=LINE('',#5209,#1055);
#770=LINE('',#5226,#1056);
#771=LINE('',#5243,#1057);
#772=LINE('',#5260,#1058);
#773=LINE('',#5277,#1059);
#774=LINE('',#5294,#1060);
#775=LINE('',#5311,#1061);
#776=LINE('',#5328,#1062);
#777=LINE('',#5345,#1063);
#778=LINE('',#5362,#1064);
#779=LINE('',#5379,#1065);
#780=LINE('',#5396,#1066);
#781=LINE('',#5413,#1067);
#782=LINE('',#5421,#1068);
#783=LINE('',#5422,#1069);
#784=LINE('',#5425,#1070);
#785=LINE('',#5426,#1071);
#786=LINE('',#5438,#1072);
#787=LINE('',#5455,#1073);
#788=LINE('',#5472,#1074);
#789=LINE('',#5480,#1075);
#790=LINE('',#5481,#1076);
#791=LINE('',#5484,#1077);
#792=LINE('',#5485,#1078);
#793=LINE('',#5505,#1079);
#794=LINE('',#5507,#1080);
#795=LINE('',#5511,#1081);
#796=LINE('',#5515,#1082);
#797=LINE('',#5519,#1083);
#798=LINE('',#5523,#1084);
#799=LINE('',#5527,#1085);
#800=LINE('',#5531,#1086);
#801=LINE('',#5535,#1087);
#802=LINE('',#5539,#1088);
#803=LINE('',#5542,#1089);
#804=LINE('',#5546,#1090);
#805=LINE('',#5548,#1091);
#806=LINE('',#5549,#1092);
#807=LINE('',#5553,#1093);
#808=LINE('',#5555,#1094);
#809=LINE('',#5557,#1095);
#810=LINE('',#5558,#1096);
#811=LINE('',#5561,#1097);
#812=LINE('',#5563,#1098);
#813=LINE('',#5564,#1099);
#814=LINE('',#5567,#1100);
#815=LINE('',#5569,#1101);
#816=LINE('',#5570,#1102);
#817=LINE('',#5574,#1103);
#818=LINE('',#5576,#1104);
#819=LINE('',#5578,#1105);
#820=LINE('',#5579,#1106);
#821=LINE('',#5582,#1107);
#822=LINE('',#5583,#1108);
#823=LINE('',#5584,#1109);
#824=LINE('',#5587,#1110);
#825=LINE('',#5588,#1111);
#826=LINE('',#5591,#1112);
#827=LINE('',#5593,#1113);
#828=LINE('',#5595,#1114);
#829=LINE('',#5596,#1115);
#830=LINE('',#5599,#1116);
#831=LINE('',#5601,#1117);
#832=LINE('',#5602,#1118);
#833=LINE('',#5605,#1119);
#834=LINE('',#5607,#1120);
#835=LINE('',#5608,#1121);
#836=LINE('',#5611,#1122);
#837=LINE('',#5613,#1123);
#838=LINE('',#5614,#1124);
#839=LINE('',#5616,#1125);
#840=LINE('',#5618,#1126);
#841=LINE('',#5619,#1127);
#842=LINE('',#5623,#1128);
#843=LINE('',#5625,#1129);
#844=LINE('',#5627,#1130);
#845=LINE('',#5628,#1131);
#846=LINE('',#5630,#1132);
#847=LINE('',#5632,#1133);
#848=LINE('',#5633,#1134);
#849=LINE('',#5635,#1135);
#850=LINE('',#5637,#1136);
#851=LINE('',#5638,#1137);
#852=LINE('',#5641,#1138);
#853=LINE('',#5642,#1139);
#854=LINE('',#5644,#1140);
#855=LINE('',#5645,#1141);
#856=LINE('',#5647,#1142);
#857=LINE('',#5648,#1143);
#858=LINE('',#5650,#1144);
#859=LINE('',#5651,#1145);
#860=LINE('',#5654,#1146);
#861=LINE('',#5655,#1147);
#862=LINE('',#5658,#1148);
#863=LINE('',#5659,#1149);
#864=LINE('',#5662,#1150);
#865=LINE('',#5663,#1151);
#866=LINE('',#5666,#1152);
#867=LINE('',#5667,#1153);
#868=LINE('',#5669,#1154);
#869=LINE('',#5672,#1155);
#870=LINE('',#5673,#1156);
#871=LINE('',#5676,#1157);
#872=LINE('',#5677,#1158);
#873=LINE('',#5680,#1159);
#874=LINE('',#5681,#1160);
#875=LINE('',#5684,#1161);
#876=LINE('',#5685,#1162);
#877=LINE('',#5688,#1163);
#878=LINE('',#5690,#1164);
#879=LINE('',#5693,#1165);
#880=LINE('',#5698,#1166);
#881=LINE('',#5700,#1167);
#882=LINE('',#5702,#1168);
#883=LINE('',#5703,#1169);
#884=LINE('',#5708,#1170);
#885=LINE('',#5712,#1171);
#886=LINE('',#5714,#1172);
#887=LINE('',#5715,#1173);
#888=LINE('',#5720,#1174);
#889=LINE('',#5724,#1175);
#890=LINE('',#5726,#1176);
#891=LINE('',#5727,#1177);
#892=LINE('',#5732,#1178);
#893=LINE('',#5736,#1179);
#894=LINE('',#5738,#1180);
#895=LINE('',#5739,#1181);
#896=LINE('',#5744,#1182);
#897=LINE('',#5748,#1183);
#898=LINE('',#5750,#1184);
#899=LINE('',#5751,#1185);
#900=LINE('',#5756,#1186);
#901=LINE('',#5760,#1187);
#902=LINE('',#5762,#1188);
#903=LINE('',#5763,#1189);
#904=LINE('',#5768,#1190);
#905=LINE('',#5771,#1191);
#906=LINE('',#5772,#1192);
#907=LINE('',#5774,#1193);
#908=LINE('',#5775,#1194);
#909=LINE('',#5777,#1195);
#910=LINE('',#5779,#1196);
#911=LINE('',#5781,#1197);
#912=LINE('',#5783,#1198);
#913=LINE('',#5785,#1199);
#914=LINE('',#5787,#1200);
#915=LINE('',#5789,#1201);
#916=LINE('',#5791,#1202);
#917=LINE('',#5793,#1203);
#918=LINE('',#5795,#1204);
#919=LINE('',#5797,#1205);
#920=LINE('',#5801,#1206);
#921=LINE('',#5803,#1207);
#922=LINE('',#5807,#1208);
#923=LINE('',#5808,#1209);
#924=LINE('',#5811,#1210);
#925=LINE('',#5815,#1211);
#926=LINE('',#5816,#1212);
#927=LINE('',#5822,#1213);
#928=LINE('',#5825,#1214);
#929=LINE('',#5826,#1215);
#930=LINE('',#5830,#1216);
#931=LINE('',#5833,#1217);
#932=LINE('',#5834,#1218);
#933=LINE('',#5838,#1219);
#934=LINE('',#5840,#1220);
#935=LINE('',#5841,#1221);
#936=LINE('',#5843,#1222);
#937=LINE('',#5845,#1223);
#938=LINE('',#5847,#1224);
#939=LINE('',#5849,#1225);
#940=LINE('',#5851,#1226);
#941=LINE('',#5853,#1227);
#942=LINE('',#5855,#1228);
#943=LINE('',#5857,#1229);
#944=LINE('',#5859,#1230);
#945=LINE('',#5861,#1231);
#946=LINE('',#5863,#1232);
#947=LINE('',#5865,#1233);
#948=LINE('',#5867,#1234);
#949=LINE('',#5869,#1235);
#950=LINE('',#5871,#1236);
#951=LINE('',#5873,#1237);
#952=LINE('',#5876,#1238);
#953=LINE('',#5878,#1239);
#954=VECTOR('',#3351,1.65);
#955=VECTOR('',#3356,10.);
#956=VECTOR('',#3357,10.);
#957=VECTOR('',#3358,10.);
#958=VECTOR('',#3359,10.);
#959=VECTOR('',#3360,10.);
#960=VECTOR('',#3361,10.);
#961=VECTOR('',#3362,10.);
#962=VECTOR('',#3363,10.);
#963=VECTOR('',#3364,10.);
#964=VECTOR('',#3365,10.);
#965=VECTOR('',#3368,10.);
#966=VECTOR('',#3371,10.);
#967=VECTOR('',#3374,10.);
#968=VECTOR('',#3377,10.);
#969=VECTOR('',#3380,10.);
#970=VECTOR('',#3383,10.);
#971=VECTOR('',#3386,10.);
#972=VECTOR('',#3389,10.);
#973=VECTOR('',#3392,10.);
#974=VECTOR('',#3397,10.);
#975=VECTOR('',#3398,10.);
#976=VECTOR('',#3399,10.);
#977=VECTOR('',#3400,10.);
#978=VECTOR('',#3401,10.);
#979=VECTOR('',#3402,10.);
#980=VECTOR('',#3403,10.);
#981=VECTOR('',#3404,10.);
#982=VECTOR('',#3411,1.55);
#983=VECTOR('',#3414,1.65);
#984=VECTOR('',#3421,1.55);
#985=VECTOR('',#3424,1.65);
#986=VECTOR('',#3431,1.55);
#987=VECTOR('',#3434,1.65);
#988=VECTOR('',#3441,1.55);
#989=VECTOR('',#3446,2.275);
#990=VECTOR('',#3451,2.275);
#991=VECTOR('',#3456,2.275);
#992=VECTOR('',#3461,2.275);
#993=VECTOR('',#3466,3.00000000000001);
#994=VECTOR('',#3471,3.00000000000001);
#995=VECTOR('',#3476,3.);
#996=VECTOR('',#3481,3.);
#997=VECTOR('',#3482,10.);
#998=VECTOR('',#3483,10.);
#999=VECTOR('',#3484,10.);
#1000=VECTOR('',#3485,10.);
#1001=VECTOR('',#3486,10.);
#1002=VECTOR('',#3487,10.);
#1003=VECTOR('',#3488,10.);
#1004=VECTOR('',#3491,10.);
#1005=VECTOR('',#3492,10.);
#1006=VECTOR('',#3493,10.);
#1007=VECTOR('',#3494,10.);
#1008=VECTOR('',#3495,10.);
#1009=VECTOR('',#3498,10.);
#1010=VECTOR('',#3499,10.);
#1011=VECTOR('',#3500,10.);
#1012=VECTOR('',#3503,10.);
#1013=VECTOR('',#3504,10.);
#1014=VECTOR('',#3505,10.);
#1015=VECTOR('',#3506,10.);
#1016=VECTOR('',#3507,10.);
#1017=VECTOR('',#3508,10.);
#1018=VECTOR('',#3509,10.);
#1019=VECTOR('',#3510,10.);
#1020=VECTOR('',#3511,10.);
#1021=VECTOR('',#3512,10.);
#1022=VECTOR('',#3513,10.);
#1023=VECTOR('',#3516,10.);
#1024=VECTOR('',#3517,10.);
#1025=VECTOR('',#3518,10.);
#1026=VECTOR('',#3519,10.);
#1027=VECTOR('',#3520,10.);
#1028=VECTOR('',#3521,10.);
#1029=VECTOR('',#3522,10.);
#1030=VECTOR('',#3523,10.);
#1031=VECTOR('',#3524,10.);
#1032=VECTOR('',#3525,10.);
#1033=VECTOR('',#3526,10.);
#1034=VECTOR('',#3527,10.);
#1035=VECTOR('',#3528,10.);
#1036=VECTOR('',#3529,10.);
#1037=VECTOR('',#3532,10.);
#1038=VECTOR('',#3533,10.);
#1039=VECTOR('',#3536,10.);
#1040=VECTOR('',#3537,10.);
#1041=VECTOR('',#3538,10.);
#1042=VECTOR('',#3539,10.);
#1043=VECTOR('',#3542,10.);
#1044=VECTOR('',#3543,10.);
#1045=VECTOR('',#3544,10.);
#1046=VECTOR('',#3545,10.);
#1047=VECTOR('',#3548,10.);
#1048=VECTOR('',#3549,10.);
#1049=VECTOR('',#3550,10.);
#1050=VECTOR('',#3551,10.);
#1051=VECTOR('',#3552,10.);
#1052=VECTOR('',#3553,10.);
#1053=VECTOR('',#3554,10.);
#1054=VECTOR('',#3555,10.);
#1055=VECTOR('',#3556,10.);
#1056=VECTOR('',#3557,10.);
#1057=VECTOR('',#3558,10.);
#1058=VECTOR('',#3559,10.);
#1059=VECTOR('',#3560,10.);
#1060=VECTOR('',#3561,10.);
#1061=VECTOR('',#3562,10.);
#1062=VECTOR('',#3563,10.);
#1063=VECTOR('',#3564,10.);
#1064=VECTOR('',#3565,10.);
#1065=VECTOR('',#3566,10.);
#1066=VECTOR('',#3567,10.);
#1067=VECTOR('',#3568,10.);
#1068=VECTOR('',#3571,10.);
#1069=VECTOR('',#3572,10.);
#1070=VECTOR('',#3575,10.);
#1071=VECTOR('',#3576,10.);
#1072=VECTOR('',#3577,10.);
#1073=VECTOR('',#3578,10.);
#1074=VECTOR('',#3579,10.);
#1075=VECTOR('',#3582,10.);
#1076=VECTOR('',#3583,10.);
#1077=VECTOR('',#3586,10.);
#1078=VECTOR('',#3587,10.);
#1079=VECTOR('',#3592,10.);
#1080=VECTOR('',#3593,10.);
#1081=VECTOR('',#3596,10.);
#1082=VECTOR('',#3599,10.);
#1083=VECTOR('',#3602,10.);
#1084=VECTOR('',#3605,10.);
#1085=VECTOR('',#3608,10.);
#1086=VECTOR('',#3611,10.);
#1087=VECTOR('',#3614,10.);
#1088=VECTOR('',#3617,10.);
#1089=VECTOR('',#3620,10.);
#1090=VECTOR('',#3625,10.);
#1091=VECTOR('',#3626,10.);
#1092=VECTOR('',#3627,10.);
#1093=VECTOR('',#3630,10.);
#1094=VECTOR('',#3631,10.);
#1095=VECTOR('',#3632,10.);
#1096=VECTOR('',#3633,10.);
#1097=VECTOR('',#3636,10.);
#1098=VECTOR('',#3637,10.);
#1099=VECTOR('',#3638,10.);
#1100=VECTOR('',#3641,10.);
#1101=VECTOR('',#3642,10.);
#1102=VECTOR('',#3643,10.);
#1103=VECTOR('',#3646,10.);
#1104=VECTOR('',#3647,10.);
#1105=VECTOR('',#3648,10.);
#1106=VECTOR('',#3649,10.);
#1107=VECTOR('',#3652,10.);
#1108=VECTOR('',#3653,10.);
#1109=VECTOR('',#3654,10.);
#1110=VECTOR('',#3657,10.);
#1111=VECTOR('',#3658,10.);
#1112=VECTOR('',#3661,10.);
#1113=VECTOR('',#3662,10.);
#1114=VECTOR('',#3663,10.);
#1115=VECTOR('',#3664,10.);
#1116=VECTOR('',#3667,10.);
#1117=VECTOR('',#3668,10.);
#1118=VECTOR('',#3669,10.);
#1119=VECTOR('',#3672,10.);
#1120=VECTOR('',#3673,10.);
#1121=VECTOR('',#3674,10.);
#1122=VECTOR('',#3677,10.);
#1123=VECTOR('',#3678,10.);
#1124=VECTOR('',#3679,10.);
#1125=VECTOR('',#3682,10.);
#1126=VECTOR('',#3683,10.);
#1127=VECTOR('',#3684,10.);
#1128=VECTOR('',#3687,10.);
#1129=VECTOR('',#3688,10.);
#1130=VECTOR('',#3689,10.);
#1131=VECTOR('',#3690,10.);
#1132=VECTOR('',#3693,10.);
#1133=VECTOR('',#3694,10.);
#1134=VECTOR('',#3695,10.);
#1135=VECTOR('',#3698,10.);
#1136=VECTOR('',#3701,10.);
#1137=VECTOR('',#3702,10.);
#1138=VECTOR('',#3705,10.);
#1139=VECTOR('',#3706,10.);
#1140=VECTOR('',#3709,10.);
#1141=VECTOR('',#3710,10.);
#1142=VECTOR('',#3713,10.);
#1143=VECTOR('',#3714,10.);
#1144=VECTOR('',#3717,10.);
#1145=VECTOR('',#3718,10.);
#1146=VECTOR('',#3721,10.);
#1147=VECTOR('',#3722,10.);
#1148=VECTOR('',#3725,10.);
#1149=VECTOR('',#3726,10.);
#1150=VECTOR('',#3729,10.);
#1151=VECTOR('',#3730,10.);
#1152=VECTOR('',#3733,10.);
#1153=VECTOR('',#3734,10.);
#1154=VECTOR('',#3737,10.);
#1155=VECTOR('',#3740,10.);
#1156=VECTOR('',#3741,10.);
#1157=VECTOR('',#3744,10.);
#1158=VECTOR('',#3745,10.);
#1159=VECTOR('',#3748,10.);
#1160=VECTOR('',#3749,10.);
#1161=VECTOR('',#3752,10.);
#1162=VECTOR('',#3753,10.);
#1163=VECTOR('',#3758,10.);
#1164=VECTOR('',#3761,10.);
#1165=VECTOR('',#3766,10.);
#1166=VECTOR('',#3771,10.);
#1167=VECTOR('',#3772,10.);
#1168=VECTOR('',#3773,10.);
#1169=VECTOR('',#3774,10.);
#1170=VECTOR('',#3779,10.);
#1171=VECTOR('',#3784,10.);
#1172=VECTOR('',#3785,10.);
#1173=VECTOR('',#3786,10.);
#1174=VECTOR('',#3791,10.);
#1175=VECTOR('',#3796,10.);
#1176=VECTOR('',#3797,10.);
#1177=VECTOR('',#3798,10.);
#1178=VECTOR('',#3803,10.);
#1179=VECTOR('',#3808,10.);
#1180=VECTOR('',#3809,10.);
#1181=VECTOR('',#3810,10.);
#1182=VECTOR('',#3815,10.);
#1183=VECTOR('',#3820,10.);
#1184=VECTOR('',#3821,10.);
#1185=VECTOR('',#3822,10.);
#1186=VECTOR('',#3827,10.);
#1187=VECTOR('',#3832,10.);
#1188=VECTOR('',#3833,10.);
#1189=VECTOR('',#3834,10.);
#1190=VECTOR('',#3839,10.);
#1191=VECTOR('',#3844,10.);
#1192=VECTOR('',#3845,10.);
#1193=VECTOR('',#3848,10.);
#1194=VECTOR('',#3849,10.);
#1195=VECTOR('',#3852,10.);
#1196=VECTOR('',#3855,10.);
#1197=VECTOR('',#3858,10.);
#1198=VECTOR('',#3861,10.);
#1199=VECTOR('',#3864,10.);
#1200=VECTOR('',#3867,10.);
#1201=VECTOR('',#3870,10.);
#1202=VECTOR('',#3873,10.);
#1203=VECTOR('',#3876,10.);
#1204=VECTOR('',#3879,10.);
#1205=VECTOR('',#3882,10.);
#1206=VECTOR('',#3887,10.);
#1207=VECTOR('',#3888,10.);
#1208=VECTOR('',#3893,10.);
#1209=VECTOR('',#3894,10.);
#1210=VECTOR('',#3897,10.);
#1211=VECTOR('',#3902,10.);
#1212=VECTOR('',#3903,10.);
#1213=VECTOR('',#3912,10.);
#1214=VECTOR('',#3915,10.);
#1215=VECTOR('',#3916,10.);
#1216=VECTOR('',#3921,10.);
#1217=VECTOR('',#3924,10.);
#1218=VECTOR('',#3925,10.);
#1219=VECTOR('',#3930,10.);
#1220=VECTOR('',#3933,10.);
#1221=VECTOR('',#3934,10.);
#1222=VECTOR('',#3937,10.);
#1223=VECTOR('',#3940,10.);
#1224=VECTOR('',#3943,10.);
#1225=VECTOR('',#3946,10.);
#1226=VECTOR('',#3949,10.);
#1227=VECTOR('',#3952,10.);
#1228=VECTOR('',#3955,10.);
#1229=VECTOR('',#3958,10.);
#1230=VECTOR('',#3961,10.);
#1231=VECTOR('',#3964,10.);
#1232=VECTOR('',#3967,10.);
#1233=VECTOR('',#3970,10.);
#1234=VECTOR('',#3973,10.);
#1235=VECTOR('',#3976,10.);
#1236=VECTOR('',#3979,10.);
#1237=VECTOR('',#3982,10.);
#1238=VECTOR('',#3987,10.);
#1239=VECTOR('',#3990,10.);
#1240=CIRCLE('',#3166,1.75);
#1241=CIRCLE('',#3167,1.55);
#1242=CIRCLE('',#3169,3.40000000000001);
#1243=CIRCLE('',#3170,3.40000000000001);
#1244=CIRCLE('',#3171,3.40000000000001);
#1245=CIRCLE('',#3172,3.8);
#1246=CIRCLE('',#3173,3.8);
#1247=CIRCLE('',#3174,3.40000000000001);
#1248=CIRCLE('',#3175,3.40000000000001);
#1249=CIRCLE('',#3176,3.60000000000003);
#1250=CIRCLE('',#3177,3.60000000000005);
#1251=CIRCLE('',#3178,1.75);
#1252=CIRCLE('',#3179,1.75);
#1253=CIRCLE('',#3180,1.75);
#1254=CIRCLE('',#3182,1.55);
#1255=CIRCLE('',#3184,1.55);
#1256=CIRCLE('',#3186,1.55);
#1257=CIRCLE('',#3188,1.55);
#1258=CIRCLE('',#3190,1.55);
#1259=CIRCLE('',#3192,1.55);
#1260=CIRCLE('',#3194,1.55);
#1261=CIRCLE('',#3196,3.);
#1262=CIRCLE('',#3198,3.00000000000001);
#1263=CIRCLE('',#3200,3.00000000000001);
#1264=CIRCLE('',#3202,3.);
#1265=CIRCLE('',#3204,3.00000000000001);
#1266=CIRCLE('',#3206,3.00000000000001);
#1267=CIRCLE('',#3208,3.);
#1268=CIRCLE('',#3210,3.);
#1269=CIRCLE('',#3225,3.60000000000005);
#1270=CIRCLE('',#3226,3.60000000000003);
#1271=CIRCLE('',#3227,3.40000000000001);
#1272=CIRCLE('',#3228,3.40000000000001);
#1273=CIRCLE('',#3229,3.79999999999999);
#1274=CIRCLE('',#3230,3.79999999999999);
#1275=CIRCLE('',#3231,3.40000000000001);
#1276=CIRCLE('',#3232,3.40000000000001);
#1277=CIRCLE('',#3233,3.40000000000001);
#1278=CIRCLE('',#3272,3.6);
#1279=CIRCLE('',#3273,3.6);
#1280=CIRCLE('',#3276,3.6);
#1281=CIRCLE('',#3277,3.6);
#1282=CIRCLE('',#3280,3.6);
#1283=CIRCLE('',#3281,3.6);
#1284=CIRCLE('',#3284,3.6);
#1285=CIRCLE('',#3285,3.6);
#1286=CIRCLE('',#3288,3.6);
#1287=CIRCLE('',#3289,3.6);
#1288=CIRCLE('',#3292,3.6);
#1289=CIRCLE('',#3293,3.6);
#1290=CIRCLE('',#3309,3.40000000000005);
#1291=CIRCLE('',#3312,3.4);
#1292=CIRCLE('',#3315,3.6);
#1293=CIRCLE('',#3317,3.6);
#1294=CIRCLE('',#3320,3.4);
#1295=CIRCLE('',#3323,3.40000000000005);
#1296=VERTEX_POINT('',#3995);
#1297=VERTEX_POINT('',#3997);
#1298=VERTEX_POINT('',#4001);
#1299=VERTEX_POINT('',#4002);
#1300=VERTEX_POINT('',#4004);
#1301=VERTEX_POINT('',#4006);
#1302=VERTEX_POINT('',#4008);
#1303=VERTEX_POINT('',#4010);
#1304=VERTEX_POINT('',#4012);
#1305=VERTEX_POINT('',#4014);
#1306=VERTEX_POINT('',#4016);
#1307=VERTEX_POINT('',#4018);
#1308=VERTEX_POINT('',#4020);
#1309=VERTEX_POINT('',#4022);
#1310=VERTEX_POINT('',#4024);
#1311=VERTEX_POINT('',#4026);
#1312=VERTEX_POINT('',#4028);
#1313=VERTEX_POINT('',#4030);
#1314=VERTEX_POINT('',#4032);
#1315=VERTEX_POINT('',#4034);
#1316=VERTEX_POINT('',#4036);
#1317=VERTEX_POINT('',#4038);
#1318=VERTEX_POINT('',#4040);
#1319=VERTEX_POINT('',#4042);
#1320=VERTEX_POINT('',#4044);
#1321=VERTEX_POINT('',#4046);
#1322=VERTEX_POINT('',#4048);
#1323=VERTEX_POINT('',#4050);
#1324=VERTEX_POINT('',#4052);
#1325=VERTEX_POINT('',#4054);
#1326=VERTEX_POINT('',#4057);
#1327=VERTEX_POINT('',#4059);
#1328=VERTEX_POINT('',#4061);
#1329=VERTEX_POINT('',#4062);
#1330=VERTEX_POINT('',#4068);
#1331=VERTEX_POINT('',#4074);
#1332=VERTEX_POINT('',#4076);
#1333=VERTEX_POINT('',#4078);
#1334=VERTEX_POINT('',#4084);
#1335=VERTEX_POINT('',#4090);
#1336=VERTEX_POINT('',#4096);
#1337=VERTEX_POINT('',#4098);
#1338=VERTEX_POINT('',#4100);
#1339=VERTEX_POINT('',#4106);
#1340=VERTEX_POINT('',#4112);
#1341=VERTEX_POINT('',#4118);
#1342=VERTEX_POINT('',#4124);
#1343=VERTEX_POINT('',#4130);
#1344=VERTEX_POINT('',#4136);
#1345=VERTEX_POINT('',#4142);
#1346=VERTEX_POINT('',#4148);
#1347=VERTEX_POINT('',#4154);
#1348=VERTEX_POINT('',#4160);
#1349=VERTEX_POINT('',#4166);
#1350=VERTEX_POINT('',#4172);
#1351=VERTEX_POINT('',#4178);
#1352=VERTEX_POINT('',#4184);
#1353=VERTEX_POINT('',#4190);
#1354=VERTEX_POINT('',#4196);
#1355=VERTEX_POINT('',#4202);
#1356=VERTEX_POINT('',#4208);
#1357=VERTEX_POINT('',#4214);
#1358=VERTEX_POINT('',#4216);
#1359=VERTEX_POINT('',#4227);
#1360=VERTEX_POINT('',#4228);
#1361=VERTEX_POINT('',#4234);
#1362=VERTEX_POINT('',#4240);
#1363=VERTEX_POINT('',#4246);
#1364=VERTEX_POINT('',#4252);
#1365=VERTEX_POINT('',#4254);
#1366=VERTEX_POINT('',#4256);
#1367=VERTEX_POINT('',#4262);
#1368=VERTEX_POINT('',#4268);
#1369=VERTEX_POINT('',#4274);
#1370=VERTEX_POINT('',#4280);
#1371=VERTEX_POINT('',#4286);
#1372=VERTEX_POINT('',#4292);
#1373=VERTEX_POINT('',#4298);
#1374=VERTEX_POINT('',#4304);
#1375=VERTEX_POINT('',#4310);
#1376=VERTEX_POINT('',#4316);
#1377=VERTEX_POINT('',#4322);
#1378=VERTEX_POINT('',#4328);
#1379=VERTEX_POINT('',#4330);
#1380=VERTEX_POINT('',#4336);
#1381=VERTEX_POINT('',#4342);
#1382=VERTEX_POINT('',#4348);
#1383=VERTEX_POINT('',#4354);
#1384=VERTEX_POINT('',#4365);
#1385=VERTEX_POINT('',#4368);
#1386=VERTEX_POINT('',#4372);
#1387=VERTEX_POINT('',#4376);
#1388=VERTEX_POINT('',#4380);
#1389=VERTEX_POINT('',#4384);
#1390=VERTEX_POINT('',#4388);
#1391=VERTEX_POINT('',#4392);
#1392=VERTEX_POINT('',#4396);
#1393=VERTEX_POINT('',#4400);
#1394=VERTEX_POINT('',#4404);
#1395=VERTEX_POINT('',#4408);
#1396=VERTEX_POINT('',#4412);
#1397=VERTEX_POINT('',#4416);
#1398=VERTEX_POINT('',#4420);
#1399=VERTEX_POINT('',#4424);
#1400=VERTEX_POINT('',#4437);
#1401=VERTEX_POINT('',#4438);
#1402=VERTEX_POINT('',#4444);
#1403=VERTEX_POINT('',#4446);
#1404=VERTEX_POINT('',#4463);
#1405=VERTEX_POINT('',#4469);
#1406=VERTEX_POINT('',#4486);
#1407=VERTEX_POINT('',#4492);
#1408=VERTEX_POINT('',#4509);
#1409=VERTEX_POINT('',#4515);
#1410=VERTEX_POINT('',#4532);
#1411=VERTEX_POINT('',#4538);
#1412=VERTEX_POINT('',#4555);
#1413=VERTEX_POINT('',#4561);
#1414=VERTEX_POINT('',#4569);
#1415=VERTEX_POINT('',#4571);
#1416=VERTEX_POINT('',#4584);
#1417=VERTEX_POINT('',#4590);
#1418=VERTEX_POINT('',#4607);
#1419=VERTEX_POINT('',#4613);
#1420=VERTEX_POINT('',#4621);
#1421=VERTEX_POINT('',#4623);
#1422=VERTEX_POINT('',#4627);
#1423=VERTEX_POINT('',#4629);
#1424=VERTEX_POINT('',#4662);
#1425=VERTEX_POINT('',#4664);
#1426=VERTEX_POINT('',#4681);
#1427=VERTEX_POINT('',#4698);
#1428=VERTEX_POINT('',#4715);
#1429=VERTEX_POINT('',#4732);
#1430=VERTEX_POINT('',#4749);
#1431=VERTEX_POINT('',#4766);
#1432=VERTEX_POINT('',#4774);
#1433=VERTEX_POINT('',#4787);
#1434=VERTEX_POINT('',#4804);
#1435=VERTEX_POINT('',#4821);
#1436=VERTEX_POINT('',#4838);
#1437=VERTEX_POINT('',#4855);
#1438=VERTEX_POINT('',#4872);
#1439=VERTEX_POINT('',#4889);
#1440=VERTEX_POINT('',#4906);
#1441=VERTEX_POINT('',#4923);
#1442=VERTEX_POINT('',#4940);
#1443=VERTEX_POINT('',#4957);
#1444=VERTEX_POINT('',#4974);
#1445=VERTEX_POINT('',#4982);
#1446=VERTEX_POINT('',#4986);
#1447=VERTEX_POINT('',#4999);
#1448=VERTEX_POINT('',#5016);
#1449=VERTEX_POINT('',#5049);
#1450=VERTEX_POINT('',#5051);
#1451=VERTEX_POINT('',#5068);
#1452=VERTEX_POINT('',#5085);
#1453=VERTEX_POINT('',#5093);
#1454=VERTEX_POINT('',#5106);
#1455=VERTEX_POINT('',#5123);
#1456=VERTEX_POINT('',#5140);
#1457=VERTEX_POINT('',#5157);
#1458=VERTEX_POINT('',#5174);
#1459=VERTEX_POINT('',#5191);
#1460=VERTEX_POINT('',#5208);
#1461=VERTEX_POINT('',#5225);
#1462=VERTEX_POINT('',#5242);
#1463=VERTEX_POINT('',#5259);
#1464=VERTEX_POINT('',#5276);
#1465=VERTEX_POINT('',#5293);
#1466=VERTEX_POINT('',#5310);
#1467=VERTEX_POINT('',#5327);
#1468=VERTEX_POINT('',#5344);
#1469=VERTEX_POINT('',#5361);
#1470=VERTEX_POINT('',#5378);
#1471=VERTEX_POINT('',#5395);
#1472=VERTEX_POINT('',#5412);
#1473=VERTEX_POINT('',#5420);
#1474=VERTEX_POINT('',#5424);
#1475=VERTEX_POINT('',#5437);
#1476=VERTEX_POINT('',#5454);
#1477=VERTEX_POINT('',#5471);
#1478=VERTEX_POINT('',#5479);
#1479=VERTEX_POINT('',#5483);
#1480=VERTEX_POINT('',#5503);
#1481=VERTEX_POINT('',#5504);
#1482=VERTEX_POINT('',#5506);
#1483=VERTEX_POINT('',#5508);
#1484=VERTEX_POINT('',#5510);
#1485=VERTEX_POINT('',#5512);
#1486=VERTEX_POINT('',#5514);
#1487=VERTEX_POINT('',#5516);
#1488=VERTEX_POINT('',#5518);
#1489=VERTEX_POINT('',#5520);
#1490=VERTEX_POINT('',#5522);
#1491=VERTEX_POINT('',#5524);
#1492=VERTEX_POINT('',#5526);
#1493=VERTEX_POINT('',#5528);
#1494=VERTEX_POINT('',#5530);
#1495=VERTEX_POINT('',#5532);
#1496=VERTEX_POINT('',#5534);
#1497=VERTEX_POINT('',#5536);
#1498=VERTEX_POINT('',#5538);
#1499=VERTEX_POINT('',#5540);
#1500=VERTEX_POINT('',#5545);
#1501=VERTEX_POINT('',#5547);
#1502=VERTEX_POINT('',#5551);
#1503=VERTEX_POINT('',#5552);
#1504=VERTEX_POINT('',#5554);
#1505=VERTEX_POINT('',#5556);
#1506=VERTEX_POINT('',#5560);
#1507=VERTEX_POINT('',#5562);
#1508=VERTEX_POINT('',#5566);
#1509=VERTEX_POINT('',#5568);
#1510=VERTEX_POINT('',#5572);
#1511=VERTEX_POINT('',#5573);
#1512=VERTEX_POINT('',#5575);
#1513=VERTEX_POINT('',#5577);
#1514=VERTEX_POINT('',#5581);
#1515=VERTEX_POINT('',#5586);
#1516=VERTEX_POINT('',#5590);
#1517=VERTEX_POINT('',#5592);
#1518=VERTEX_POINT('',#5594);
#1519=VERTEX_POINT('',#5598);
#1520=VERTEX_POINT('',#5600);
#1521=VERTEX_POINT('',#5604);
#1522=VERTEX_POINT('',#5606);
#1523=VERTEX_POINT('',#5610);
#1524=VERTEX_POINT('',#5612);
#1525=VERTEX_POINT('',#5617);
#1526=VERTEX_POINT('',#5621);
#1527=VERTEX_POINT('',#5622);
#1528=VERTEX_POINT('',#5624);
#1529=VERTEX_POINT('',#5626);
#1530=VERTEX_POINT('',#5631);
#1531=VERTEX_POINT('',#5640);
#1532=VERTEX_POINT('',#5653);
#1533=VERTEX_POINT('',#5657);
#1534=VERTEX_POINT('',#5661);
#1535=VERTEX_POINT('',#5665);
#1536=VERTEX_POINT('',#5671);
#1537=VERTEX_POINT('',#5675);
#1538=VERTEX_POINT('',#5679);
#1539=VERTEX_POINT('',#5683);
#1540=VERTEX_POINT('',#5696);
#1541=VERTEX_POINT('',#5697);
#1542=VERTEX_POINT('',#5699);
#1543=VERTEX_POINT('',#5701);
#1544=VERTEX_POINT('',#5705);
#1545=VERTEX_POINT('',#5707);
#1546=VERTEX_POINT('',#5711);
#1547=VERTEX_POINT('',#5713);
#1548=VERTEX_POINT('',#5717);
#1549=VERTEX_POINT('',#5719);
#1550=VERTEX_POINT('',#5723);
#1551=VERTEX_POINT('',#5725);
#1552=VERTEX_POINT('',#5729);
#1553=VERTEX_POINT('',#5731);
#1554=VERTEX_POINT('',#5735);
#1555=VERTEX_POINT('',#5737);
#1556=VERTEX_POINT('',#5741);
#1557=VERTEX_POINT('',#5743);
#1558=VERTEX_POINT('',#5747);
#1559=VERTEX_POINT('',#5749);
#1560=VERTEX_POINT('',#5753);
#1561=VERTEX_POINT('',#5755);
#1562=VERTEX_POINT('',#5759);
#1563=VERTEX_POINT('',#5761);
#1564=VERTEX_POINT('',#5765);
#1565=VERTEX_POINT('',#5767);
#1566=VERTEX_POINT('',#5800);
#1567=VERTEX_POINT('',#5802);
#1568=VERTEX_POINT('',#5806);
#1569=VERTEX_POINT('',#5810);
#1570=VERTEX_POINT('',#5814);
#1571=VERTEX_POINT('',#5820);
#1572=VERTEX_POINT('',#5824);
#1573=VERTEX_POINT('',#5828);
#1574=VERTEX_POINT('',#5832);
#1575=VERTEX_POINT('',#5836);
#1576=EDGE_CURVE('',#1296,#1296,#1240,.T.);
#1577=EDGE_CURVE('',#1296,#1297,#668,.T.);
#1578=EDGE_CURVE('',#1297,#1297,#1241,.T.);
#1579=EDGE_CURVE('',#1298,#1299,#669,.T.);
#1580=EDGE_CURVE('',#1300,#1298,#670,.T.);
#1581=EDGE_CURVE('',#1301,#1300,#671,.T.);
#1582=EDGE_CURVE('',#1302,#1301,#672,.T.);
#1583=EDGE_CURVE('',#1303,#1302,#673,.T.);
#1584=EDGE_CURVE('',#1304,#1303,#674,.T.);
#1585=EDGE_CURVE('',#1305,#1304,#675,.T.);
#1586=EDGE_CURVE('',#1306,#1305,#676,.T.);
#1587=EDGE_CURVE('',#1307,#1306,#677,.T.);
#1588=EDGE_CURVE('',#1308,#1307,#678,.T.);
#1589=EDGE_CURVE('',#1309,#1308,#1242,.T.);
#1590=EDGE_CURVE('',#1310,#1309,#679,.T.);
#1591=EDGE_CURVE('',#1311,#1310,#1243,.T.);
#1592=EDGE_CURVE('',#1312,#1311,#680,.T.);
#1593=EDGE_CURVE('',#1313,#1312,#1244,.T.);
#1594=EDGE_CURVE('',#1314,#1313,#681,.T.);
#1595=EDGE_CURVE('',#1315,#1314,#1245,.T.);
#1596=EDGE_CURVE('',#1316,#1315,#682,.T.);
#1597=EDGE_CURVE('',#1317,#1316,#1246,.T.);
#1598=EDGE_CURVE('',#1318,#1317,#683,.T.);
#1599=EDGE_CURVE('',#1319,#1318,#1247,.T.);
#1600=EDGE_CURVE('',#1320,#1319,#684,.T.);
#1601=EDGE_CURVE('',#1321,#1320,#1248,.T.);
#1602=EDGE_CURVE('',#1322,#1321,#685,.T.);
#1603=EDGE_CURVE('',#1323,#1322,#1249,.T.);
#1604=EDGE_CURVE('',#1324,#1323,#686,.T.);
#1605=EDGE_CURVE('',#1325,#1324,#1250,.T.);
#1606=EDGE_CURVE('',#1299,#1325,#687,.T.);
#1607=EDGE_CURVE('',#1326,#1326,#1251,.T.);
#1608=EDGE_CURVE('',#1327,#1327,#1252,.T.);
#1609=EDGE_CURVE('',#1328,#1329,#89,.T.);
#1610=EDGE_CURVE('',#1329,#1330,#90,.T.);
#1611=EDGE_CURVE('',#1330,#1331,#688,.T.);
#1612=EDGE_CURVE('',#1331,#1332,#689,.T.);
#1613=EDGE_CURVE('',#1332,#1333,#91,.T.);
#1614=EDGE_CURVE('',#1333,#1334,#92,.T.);
#1615=EDGE_CURVE('',#1334,#1335,#93,.T.);
#1616=EDGE_CURVE('',#1335,#1336,#690,.T.);
#1617=EDGE_CURVE('',#1336,#1337,#691,.T.);
#1618=EDGE_CURVE('',#1337,#1338,#94,.T.);
#1619=EDGE_CURVE('',#1338,#1339,#95,.T.);
#1620=EDGE_CURVE('',#1339,#1340,#96,.T.);
#1621=EDGE_CURVE('',#1340,#1341,#97,.T.);
#1622=EDGE_CURVE('',#1341,#1342,#98,.T.);
#1623=EDGE_CURVE('',#1342,#1343,#99,.T.);
#1624=EDGE_CURVE('',#1343,#1344,#100,.T.);
#1625=EDGE_CURVE('',#1344,#1345,#101,.T.);
#1626=EDGE_CURVE('',#1345,#1346,#102,.T.);
#1627=EDGE_CURVE('',#1346,#1347,#103,.T.);
#1628=EDGE_CURVE('',#1347,#1348,#104,.T.);
#1629=EDGE_CURVE('',#1348,#1349,#105,.T.);
#1630=EDGE_CURVE('',#1349,#1350,#106,.T.);
#1631=EDGE_CURVE('',#1350,#1351,#107,.T.);
#1632=EDGE_CURVE('',#1351,#1352,#108,.T.);
#1633=EDGE_CURVE('',#1352,#1353,#109,.T.);
#1634=EDGE_CURVE('',#1353,#1354,#110,.T.);
#1635=EDGE_CURVE('',#1354,#1355,#111,.T.);
#1636=EDGE_CURVE('',#1355,#1356,#112,.T.);
#1637=EDGE_CURVE('',#1356,#1357,#692,.T.);
#1638=EDGE_CURVE('',#1357,#1358,#113,.T.);
#1639=EDGE_CURVE('',#1358,#1328,#114,.T.);
#1640=EDGE_CURVE('',#1359,#1360,#115,.T.);
#1641=EDGE_CURVE('',#1360,#1361,#116,.T.);
#1642=EDGE_CURVE('',#1361,#1362,#117,.T.);
#1643=EDGE_CURVE('',#1362,#1363,#118,.T.);
#1644=EDGE_CURVE('',#1363,#1364,#693,.T.);
#1645=EDGE_CURVE('',#1364,#1365,#694,.T.);
#1646=EDGE_CURVE('',#1365,#1366,#119,.T.);
#1647=EDGE_CURVE('',#1366,#1367,#120,.T.);
#1648=EDGE_CURVE('',#1367,#1368,#121,.T.);
#1649=EDGE_CURVE('',#1368,#1369,#122,.T.);
#1650=EDGE_CURVE('',#1369,#1370,#123,.T.);
#1651=EDGE_CURVE('',#1370,#1371,#124,.T.);
#1652=EDGE_CURVE('',#1371,#1372,#125,.T.);
#1653=EDGE_CURVE('',#1372,#1373,#126,.T.);
#1654=EDGE_CURVE('',#1373,#1374,#127,.T.);
#1655=EDGE_CURVE('',#1374,#1375,#128,.T.);
#1656=EDGE_CURVE('',#1375,#1376,#129,.T.);
#1657=EDGE_CURVE('',#1376,#1377,#130,.T.);
#1658=EDGE_CURVE('',#1377,#1378,#695,.T.);
#1659=EDGE_CURVE('',#1378,#1379,#131,.T.);
#1660=EDGE_CURVE('',#1379,#1380,#132,.T.);
#1661=EDGE_CURVE('',#1380,#1381,#133,.T.);
#1662=EDGE_CURVE('',#1381,#1382,#134,.T.);
#1663=EDGE_CURVE('',#1382,#1383,#135,.T.);
#1664=EDGE_CURVE('',#1383,#1359,#136,.T.);
#1665=EDGE_CURVE('',#1384,#1384,#1253,.T.);
#1666=EDGE_CURVE('',#1385,#1385,#1254,.T.);
#1667=EDGE_CURVE('',#1385,#1297,#696,.T.);
#1668=EDGE_CURVE('',#1326,#1386,#697,.T.);
#1669=EDGE_CURVE('',#1386,#1386,#1255,.T.);
#1670=EDGE_CURVE('',#1387,#1387,#1256,.T.);
#1671=EDGE_CURVE('',#1387,#1386,#698,.T.);
#1672=EDGE_CURVE('',#1384,#1388,#699,.T.);
#1673=EDGE_CURVE('',#1388,#1388,#1257,.T.);
#1674=EDGE_CURVE('',#1389,#1389,#1258,.T.);
#1675=EDGE_CURVE('',#1389,#1388,#700,.T.);
#1676=EDGE_CURVE('',#1327,#1390,#701,.T.);
#1677=EDGE_CURVE('',#1390,#1390,#1259,.T.);
#1678=EDGE_CURVE('',#1391,#1391,#1260,.T.);
#1679=EDGE_CURVE('',#1391,#1390,#702,.T.);
#1680=EDGE_CURVE('',#1392,#1392,#1261,.T.);
#1681=EDGE_CURVE('',#1392,#1391,#703,.T.);
#1682=EDGE_CURVE('',#1393,#1393,#1262,.T.);
#1683=EDGE_CURVE('',#1393,#1387,#704,.T.);
#1684=EDGE_CURVE('',#1394,#1394,#1263,.T.);
#1685=EDGE_CURVE('',#1394,#1385,#705,.T.);
#1686=EDGE_CURVE('',#1395,#1395,#1264,.T.);
#1687=EDGE_CURVE('',#1395,#1389,#706,.T.);
#1688=EDGE_CURVE('',#1396,#1396,#1265,.T.);
#1689=EDGE_CURVE('',#1396,#1393,#707,.T.);
#1690=EDGE_CURVE('',#1397,#1397,#1266,.T.);
#1691=EDGE_CURVE('',#1397,#1394,#708,.T.);
#1692=EDGE_CURVE('',#1398,#1398,#1267,.T.);
#1693=EDGE_CURVE('',#1398,#1395,#709,.T.);
#1694=EDGE_CURVE('',#1399,#1399,#1268,.T.);
#1695=EDGE_CURVE('',#1399,#1392,#710,.T.);
#1696=EDGE_CURVE('',#1400,#1401,#137,.T.);
#1697=EDGE_CURVE('',#1400,#1402,#711,.T.);
#1698=EDGE_CURVE('',#1402,#1403,#138,.T.);
#1699=EDGE_CURVE('',#1401,#1403,#712,.T.);
#1700=EDGE_CURVE('',#1404,#1400,#139,.T.);
#1701=EDGE_CURVE('',#1404,#1405,#713,.T.);
#1702=EDGE_CURVE('',#1405,#1402,#140,.T.);
#1703=EDGE_CURVE('',#1406,#1404,#141,.T.);
#1704=EDGE_CURVE('',#1406,#1407,#714,.T.);
#1705=EDGE_CURVE('',#1407,#1405,#142,.T.);
#1706=EDGE_CURVE('',#1408,#1406,#143,.T.);
#1707=EDGE_CURVE('',#1408,#1409,#715,.T.);
#1708=EDGE_CURVE('',#1409,#1407,#144,.T.);
#1709=EDGE_CURVE('',#1410,#1408,#145,.T.);
#1710=EDGE_CURVE('',#1410,#1411,#716,.T.);
#1711=EDGE_CURVE('',#1411,#1409,#146,.T.);
#1712=EDGE_CURVE('',#1412,#1410,#147,.T.);
#1713=EDGE_CURVE('',#1412,#1413,#717,.T.);
#1714=EDGE_CURVE('',#1413,#1411,#148,.T.);
#1715=EDGE_CURVE('',#1414,#1412,#718,.T.);
#1716=EDGE_CURVE('',#1414,#1415,#719,.T.);
#1717=EDGE_CURVE('',#1415,#1413,#720,.T.);
#1718=EDGE_CURVE('',#1416,#1414,#149,.T.);
#1719=EDGE_CURVE('',#1416,#1417,#721,.T.);
#1720=EDGE_CURVE('',#1417,#1415,#150,.T.);
#1721=EDGE_CURVE('',#1418,#1416,#151,.T.);
#1722=EDGE_CURVE('',#1418,#1419,#722,.T.);
#1723=EDGE_CURVE('',#1419,#1417,#152,.T.);
#1724=EDGE_CURVE('',#1420,#1418,#723,.T.);
#1725=EDGE_CURVE('',#1420,#1421,#724,.T.);
#1726=EDGE_CURVE('',#1421,#1419,#725,.T.);
#1727=EDGE_CURVE('',#1422,#1420,#726,.T.);
#1728=EDGE_CURVE('',#1422,#1423,#727,.T.);
#1729=EDGE_CURVE('',#1423,#1421,#728,.T.);
#1730=EDGE_CURVE('',#1401,#1422,#153,.T.);
#1731=EDGE_CURVE('',#1403,#1423,#154,.T.);
#1732=EDGE_CURVE('',#1359,#1424,#729,.T.);
#1733=EDGE_CURVE('',#1424,#1425,#155,.T.);
#1734=EDGE_CURVE('',#1360,#1425,#730,.T.);
#1735=EDGE_CURVE('',#1383,#1426,#731,.T.);
#1736=EDGE_CURVE('',#1426,#1424,#156,.T.);
#1737=EDGE_CURVE('',#1382,#1427,#732,.T.);
#1738=EDGE_CURVE('',#1427,#1426,#157,.T.);
#1739=EDGE_CURVE('',#1381,#1428,#733,.T.);
#1740=EDGE_CURVE('',#1428,#1427,#158,.T.);
#1741=EDGE_CURVE('',#1380,#1429,#734,.T.);
#1742=EDGE_CURVE('',#1429,#1428,#159,.T.);
#1743=EDGE_CURVE('',#1379,#1430,#735,.T.);
#1744=EDGE_CURVE('',#1430,#1429,#160,.T.);
#1745=EDGE_CURVE('',#1378,#1431,#736,.T.);
#1746=EDGE_CURVE('',#1431,#1430,#161,.T.);
#1747=EDGE_CURVE('',#1377,#1432,#737,.T.);
#1748=EDGE_CURVE('',#1432,#1431,#738,.T.);
#1749=EDGE_CURVE('',#1376,#1433,#739,.T.);
#1750=EDGE_CURVE('',#1433,#1432,#162,.T.);
#1751=EDGE_CURVE('',#1375,#1434,#740,.T.);
#1752=EDGE_CURVE('',#1434,#1433,#163,.T.);
#1753=EDGE_CURVE('',#1374,#1435,#741,.T.);
#1754=EDGE_CURVE('',#1435,#1434,#164,.T.);
#1755=EDGE_CURVE('',#1373,#1436,#742,.T.);
#1756=EDGE_CURVE('',#1436,#1435,#165,.T.);
#1757=EDGE_CURVE('',#1372,#1437,#743,.T.);
#1758=EDGE_CURVE('',#1437,#1436,#166,.T.);
#1759=EDGE_CURVE('',#1371,#1438,#744,.T.);
#1760=EDGE_CURVE('',#1438,#1437,#167,.T.);
#1761=EDGE_CURVE('',#1370,#1439,#745,.T.);
#1762=EDGE_CURVE('',#1439,#1438,#168,.T.);
#1763=EDGE_CURVE('',#1369,#1440,#746,.T.);
#1764=EDGE_CURVE('',#1440,#1439,#169,.T.);
#1765=EDGE_CURVE('',#1368,#1441,#747,.T.);
#1766=EDGE_CURVE('',#1441,#1440,#170,.T.);
#1767=EDGE_CURVE('',#1367,#1442,#748,.T.);
#1768=EDGE_CURVE('',#1442,#1441,#171,.T.);
#1769=EDGE_CURVE('',#1366,#1443,#749,.T.);
#1770=EDGE_CURVE('',#1443,#1442,#172,.T.);
#1771=EDGE_CURVE('',#1365,#1444,#750,.T.);
#1772=EDGE_CURVE('',#1444,#1443,#173,.T.);
#1773=EDGE_CURVE('',#1364,#1445,#751,.T.);
#1774=EDGE_CURVE('',#1445,#1444,#752,.T.);
#1775=EDGE_CURVE('',#1363,#1446,#753,.T.);
#1776=EDGE_CURVE('',#1446,#1445,#754,.T.);
#1777=EDGE_CURVE('',#1362,#1447,#755,.T.);
#1778=EDGE_CURVE('',#1447,#1446,#174,.T.);
#1779=EDGE_CURVE('',#1361,#1448,#756,.T.);
#1780=EDGE_CURVE('',#1448,#1447,#175,.T.);
#1781=EDGE_CURVE('',#1425,#1448,#176,.T.);
#1782=EDGE_CURVE('',#1328,#1449,#757,.T.);
#1783=EDGE_CURVE('',#1449,#1450,#177,.T.);
#1784=EDGE_CURVE('',#1329,#1450,#758,.T.);
#1785=EDGE_CURVE('',#1358,#1451,#759,.T.);
#1786=EDGE_CURVE('',#1451,#1449,#178,.T.);
#1787=EDGE_CURVE('',#1357,#1452,#760,.T.);
#1788=EDGE_CURVE('',#1452,#1451,#179,.T.);
#1789=EDGE_CURVE('',#1356,#1453,#761,.T.);
#1790=EDGE_CURVE('',#1453,#1452,#762,.T.);
#1791=EDGE_CURVE('',#1355,#1454,#763,.T.);
#1792=EDGE_CURVE('',#1454,#1453,#180,.T.);
#1793=EDGE_CURVE('',#1354,#1455,#764,.T.);
#1794=EDGE_CURVE('',#1455,#1454,#181,.T.);
#1795=EDGE_CURVE('',#1353,#1456,#765,.T.);
#1796=EDGE_CURVE('',#1456,#1455,#182,.T.);
#1797=EDGE_CURVE('',#1352,#1457,#766,.T.);
#1798=EDGE_CURVE('',#1457,#1456,#183,.T.);
#1799=EDGE_CURVE('',#1351,#1458,#767,.T.);
#1800=EDGE_CURVE('',#1458,#1457,#184,.T.);
#1801=EDGE_CURVE('',#1350,#1459,#768,.T.);
#1802=EDGE_CURVE('',#1459,#1458,#185,.T.);
#1803=EDGE_CURVE('',#1349,#1460,#769,.T.);
#1804=EDGE_CURVE('',#1460,#1459,#186,.T.);
#1805=EDGE_CURVE('',#1348,#1461,#770,.T.);
#1806=EDGE_CURVE('',#1461,#1460,#187,.T.);
#1807=EDGE_CURVE('',#1347,#1462,#771,.T.);
#1808=EDGE_CURVE('',#1462,#1461,#188,.T.);
#1809=EDGE_CURVE('',#1346,#1463,#772,.T.);
#1810=EDGE_CURVE('',#1463,#1462,#189,.T.);
#1811=EDGE_CURVE('',#1345,#1464,#773,.T.);
#1812=EDGE_CURVE('',#1464,#1463,#190,.T.);
#1813=EDGE_CURVE('',#1344,#1465,#774,.T.);
#1814=EDGE_CURVE('',#1465,#1464,#191,.T.);
#1815=EDGE_CURVE('',#1343,#1466,#775,.T.);
#1816=EDGE_CURVE('',#1466,#1465,#192,.T.);
#1817=EDGE_CURVE('',#1342,#1467,#776,.T.);
#1818=EDGE_CURVE('',#1467,#1466,#193,.T.);
#1819=EDGE_CURVE('',#1341,#1468,#777,.T.);
#1820=EDGE_CURVE('',#1468,#1467,#194,.T.);
#1821=EDGE_CURVE('',#1340,#1469,#778,.T.);
#1822=EDGE_CURVE('',#1469,#1468,#195,.T.);
#1823=EDGE_CURVE('',#1339,#1470,#779,.T.);
#1824=EDGE_CURVE('',#1470,#1469,#196,.T.);
#1825=EDGE_CURVE('',#1338,#1471,#780,.T.);
#1826=EDGE_CURVE('',#1471,#1470,#197,.T.);
#1827=EDGE_CURVE('',#1337,#1472,#781,.T.);
#1828=EDGE_CURVE('',#1472,#1471,#198,.T.);
#1829=EDGE_CURVE('',#1336,#1473,#782,.T.);
#1830=EDGE_CURVE('',#1473,#1472,#783,.T.);
#1831=EDGE_CURVE('',#1335,#1474,#784,.T.);
#1832=EDGE_CURVE('',#1474,#1473,#785,.T.);
#1833=EDGE_CURVE('',#1334,#1475,#786,.T.);
#1834=EDGE_CURVE('',#1475,#1474,#199,.T.);
#1835=EDGE_CURVE('',#1333,#1476,#787,.T.);
#1836=EDGE_CURVE('',#1476,#1475,#200,.T.);
#1837=EDGE_CURVE('',#1332,#1477,#788,.T.);
#1838=EDGE_CURVE('',#1477,#1476,#201,.T.);
#1839=EDGE_CURVE('',#1331,#1478,#789,.T.);
#1840=EDGE_CURVE('',#1478,#1477,#790,.T.);
#1841=EDGE_CURVE('',#1330,#1479,#791,.T.);
#1842=EDGE_CURVE('',#1479,#1478,#792,.T.);
#1843=EDGE_CURVE('',#1450,#1479,#202,.T.);
#1844=EDGE_CURVE('',#1480,#1481,#793,.T.);
#1845=EDGE_CURVE('',#1482,#1480,#794,.T.);
#1846=EDGE_CURVE('',#1483,#1482,#1269,.T.);
#1847=EDGE_CURVE('',#1484,#1483,#795,.T.);
#1848=EDGE_CURVE('',#1485,#1484,#1270,.T.);
#1849=EDGE_CURVE('',#1486,#1485,#796,.T.);
#1850=EDGE_CURVE('',#1487,#1486,#1271,.T.);
#1851=EDGE_CURVE('',#1488,#1487,#797,.T.);
#1852=EDGE_CURVE('',#1489,#1488,#1272,.T.);
#1853=EDGE_CURVE('',#1490,#1489,#798,.T.);
#1854=EDGE_CURVE('',#1491,#1490,#1273,.T.);
#1855=EDGE_CURVE('',#1492,#1491,#799,.T.);
#1856=EDGE_CURVE('',#1493,#1492,#1274,.T.);
#1857=EDGE_CURVE('',#1494,#1493,#800,.T.);
#1858=EDGE_CURVE('',#1495,#1494,#1275,.T.);
#1859=EDGE_CURVE('',#1496,#1495,#801,.T.);
#1860=EDGE_CURVE('',#1497,#1496,#1276,.T.);
#1861=EDGE_CURVE('',#1498,#1497,#802,.T.);
#1862=EDGE_CURVE('',#1499,#1498,#1277,.T.);
#1863=EDGE_CURVE('',#1481,#1499,#803,.T.);
#1864=EDGE_CURVE('',#1299,#1500,#804,.T.);
#1865=EDGE_CURVE('',#1500,#1501,#805,.T.);
#1866=EDGE_CURVE('',#1501,#1298,#806,.T.);
#1867=EDGE_CURVE('',#1502,#1503,#807,.T.);
#1868=EDGE_CURVE('',#1503,#1504,#808,.T.);
#1869=EDGE_CURVE('',#1504,#1505,#809,.T.);
#1870=EDGE_CURVE('',#1502,#1505,#810,.T.);
#1871=EDGE_CURVE('',#1299,#1506,#811,.T.);
#1872=EDGE_CURVE('',#1506,#1507,#812,.T.);
#1873=EDGE_CURVE('',#1507,#1500,#813,.T.);
#1874=EDGE_CURVE('',#1506,#1508,#814,.T.);
#1875=EDGE_CURVE('',#1508,#1509,#815,.T.);
#1876=EDGE_CURVE('',#1509,#1507,#816,.T.);
#1877=EDGE_CURVE('',#1510,#1511,#817,.T.);
#1878=EDGE_CURVE('',#1511,#1512,#818,.T.);
#1879=EDGE_CURVE('',#1512,#1513,#819,.T.);
#1880=EDGE_CURVE('',#1513,#1510,#820,.T.);
#1881=EDGE_CURVE('',#1511,#1514,#821,.T.);
#1882=EDGE_CURVE('',#1514,#1302,#822,.T.);
#1883=EDGE_CURVE('',#1302,#1512,#823,.T.);
#1884=EDGE_CURVE('',#1514,#1515,#824,.T.);
#1885=EDGE_CURVE('',#1515,#1303,#825,.T.);
#1886=EDGE_CURVE('',#1481,#1516,#826,.T.);
#1887=EDGE_CURVE('',#1516,#1517,#827,.T.);
#1888=EDGE_CURVE('',#1517,#1518,#828,.T.);
#1889=EDGE_CURVE('',#1518,#1481,#829,.T.);
#1890=EDGE_CURVE('',#1515,#1519,#830,.T.);
#1891=EDGE_CURVE('',#1519,#1520,#831,.T.);
#1892=EDGE_CURVE('',#1520,#1303,#832,.T.);
#1893=EDGE_CURVE('',#1516,#1521,#833,.T.);
#1894=EDGE_CURVE('',#1521,#1522,#834,.T.);
#1895=EDGE_CURVE('',#1522,#1517,#835,.T.);
#1896=EDGE_CURVE('',#1519,#1523,#836,.T.);
#1897=EDGE_CURVE('',#1523,#1524,#837,.T.);
#1898=EDGE_CURVE('',#1524,#1520,#838,.T.);
#1899=EDGE_CURVE('',#1521,#1307,#839,.T.);
#1900=EDGE_CURVE('',#1307,#1525,#840,.T.);
#1901=EDGE_CURVE('',#1525,#1522,#841,.T.);
#1902=EDGE_CURVE('',#1526,#1527,#842,.T.);
#1903=EDGE_CURVE('',#1527,#1528,#843,.T.);
#1904=EDGE_CURVE('',#1528,#1529,#844,.T.);
#1905=EDGE_CURVE('',#1529,#1526,#845,.T.);
#1906=EDGE_CURVE('',#1306,#1528,#846,.T.);
#1907=EDGE_CURVE('',#1527,#1530,#847,.T.);
#1908=EDGE_CURVE('',#1530,#1306,#848,.T.);
#1909=EDGE_CURVE('',#1530,#1525,#849,.T.);
#1910=EDGE_CURVE('',#1523,#1526,#850,.T.);
#1911=EDGE_CURVE('',#1529,#1524,#851,.T.);
#1912=EDGE_CURVE('',#1518,#1531,#852,.T.);
#1913=EDGE_CURVE('',#1531,#1480,#853,.T.);
#1914=EDGE_CURVE('',#1508,#1480,#854,.T.);
#1915=EDGE_CURVE('',#1531,#1509,#855,.T.);
#1916=EDGE_CURVE('',#1503,#1510,#856,.T.);
#1917=EDGE_CURVE('',#1513,#1504,#857,.T.);
#1918=EDGE_CURVE('',#1505,#1298,#858,.T.);
#1919=EDGE_CURVE('',#1501,#1502,#859,.T.);
#1920=EDGE_CURVE('',#1505,#1532,#860,.T.);
#1921=EDGE_CURVE('',#1300,#1532,#861,.T.);
#1922=EDGE_CURVE('',#1504,#1533,#862,.T.);
#1923=EDGE_CURVE('',#1532,#1533,#863,.T.);
#1924=EDGE_CURVE('',#1534,#1513,#864,.T.);
#1925=EDGE_CURVE('',#1533,#1534,#865,.T.);
#1926=EDGE_CURVE('',#1535,#1512,#866,.T.);
#1927=EDGE_CURVE('',#1535,#1534,#867,.T.);
#1928=EDGE_CURVE('',#1535,#1301,#868,.T.);
#1929=EDGE_CURVE('',#1520,#1536,#869,.T.);
#1930=EDGE_CURVE('',#1304,#1536,#870,.T.);
#1931=EDGE_CURVE('',#1524,#1537,#871,.T.);
#1932=EDGE_CURVE('',#1536,#1537,#872,.T.);
#1933=EDGE_CURVE('',#1538,#1529,#873,.T.);
#1934=EDGE_CURVE('',#1537,#1538,#874,.T.);
#1935=EDGE_CURVE('',#1539,#1528,#875,.T.);
#1936=EDGE_CURVE('',#1539,#1538,#876,.T.);
#1937=EDGE_CURVE('',#1305,#1539,#877,.T.);
#1938=EDGE_CURVE('',#1536,#1539,#878,.T.);
#1939=EDGE_CURVE('',#1532,#1535,#879,.T.);
#1940=EDGE_CURVE('',#1540,#1541,#880,.T.);
#1941=EDGE_CURVE('',#1542,#1540,#881,.T.);
#1942=EDGE_CURVE('',#1543,#1542,#882,.T.);
#1943=EDGE_CURVE('',#1541,#1543,#883,.T.);
#1944=EDGE_CURVE('',#1544,#1540,#1278,.T.);
#1945=EDGE_CURVE('',#1544,#1545,#884,.T.);
#1946=EDGE_CURVE('',#1542,#1545,#1279,.T.);
#1947=EDGE_CURVE('',#1546,#1544,#885,.T.);
#1948=EDGE_CURVE('',#1547,#1546,#886,.T.);
#1949=EDGE_CURVE('',#1545,#1547,#887,.T.);
#1950=EDGE_CURVE('',#1548,#1546,#1280,.T.);
#1951=EDGE_CURVE('',#1548,#1549,#888,.T.);
#1952=EDGE_CURVE('',#1547,#1549,#1281,.T.);
#1953=EDGE_CURVE('',#1550,#1548,#889,.T.);
#1954=EDGE_CURVE('',#1551,#1550,#890,.T.);
#1955=EDGE_CURVE('',#1549,#1551,#891,.T.);
#1956=EDGE_CURVE('',#1552,#1550,#1282,.T.);
#1957=EDGE_CURVE('',#1552,#1553,#892,.T.);
#1958=EDGE_CURVE('',#1551,#1553,#1283,.T.);
#1959=EDGE_CURVE('',#1554,#1552,#893,.T.);
#1960=EDGE_CURVE('',#1555,#1554,#894,.T.);
#1961=EDGE_CURVE('',#1553,#1555,#895,.T.);
#1962=EDGE_CURVE('',#1556,#1554,#1284,.T.);
#1963=EDGE_CURVE('',#1556,#1557,#896,.T.);
#1964=EDGE_CURVE('',#1555,#1557,#1285,.T.);
#1965=EDGE_CURVE('',#1558,#1556,#897,.T.);
#1966=EDGE_CURVE('',#1559,#1558,#898,.T.);
#1967=EDGE_CURVE('',#1557,#1559,#899,.T.);
#1968=EDGE_CURVE('',#1560,#1558,#1286,.T.);
#1969=EDGE_CURVE('',#1560,#1561,#900,.T.);
#1970=EDGE_CURVE('',#1559,#1561,#1287,.T.);
#1971=EDGE_CURVE('',#1562,#1560,#901,.T.);
#1972=EDGE_CURVE('',#1563,#1562,#902,.T.);
#1973=EDGE_CURVE('',#1561,#1563,#903,.T.);
#1974=EDGE_CURVE('',#1564,#1562,#1288,.T.);
#1975=EDGE_CURVE('',#1564,#1565,#904,.T.);
#1976=EDGE_CURVE('',#1563,#1565,#1289,.T.);
#1977=EDGE_CURVE('',#1565,#1516,#905,.T.);
#1978=EDGE_CURVE('',#1521,#1564,#906,.T.);
#1979=EDGE_CURVE('',#1488,#1542,#907,.T.);
#1980=EDGE_CURVE('',#1543,#1487,#908,.T.);
#1981=EDGE_CURVE('',#1489,#1545,#909,.T.);
#1982=EDGE_CURVE('',#1490,#1547,#910,.T.);
#1983=EDGE_CURVE('',#1491,#1549,#911,.T.);
#1984=EDGE_CURVE('',#1492,#1551,#912,.T.);
#1985=EDGE_CURVE('',#1493,#1553,#913,.T.);
#1986=EDGE_CURVE('',#1494,#1555,#914,.T.);
#1987=EDGE_CURVE('',#1495,#1557,#915,.T.);
#1988=EDGE_CURVE('',#1496,#1559,#916,.T.);
#1989=EDGE_CURVE('',#1497,#1561,#917,.T.);
#1990=EDGE_CURVE('',#1498,#1563,#918,.T.);
#1991=EDGE_CURVE('',#1499,#1565,#919,.T.);
#1992=EDGE_CURVE('',#1483,#1566,#920,.T.);
#1993=EDGE_CURVE('',#1482,#1567,#921,.T.);
#1994=EDGE_CURVE('',#1567,#1566,#1290,.T.);
#1995=EDGE_CURVE('',#1484,#1568,#922,.T.);
#1996=EDGE_CURVE('',#1566,#1568,#923,.T.);
#1997=EDGE_CURVE('',#1485,#1569,#924,.T.);
#1998=EDGE_CURVE('',#1568,#1569,#1291,.T.);
#1999=EDGE_CURVE('',#1486,#1570,#925,.T.);
#2000=EDGE_CURVE('',#1569,#1570,#926,.T.);
#2001=EDGE_CURVE('',#1570,#1543,#1292,.T.);
#2002=EDGE_CURVE('',#1541,#1571,#1293,.T.);
#2003=EDGE_CURVE('',#1570,#1571,#927,.T.);
#2004=EDGE_CURVE('',#1571,#1572,#928,.T.);
#2005=EDGE_CURVE('',#1572,#1569,#929,.T.);
#2006=EDGE_CURVE('',#1572,#1573,#1294,.T.);
#2007=EDGE_CURVE('',#1573,#1568,#930,.T.);
#2008=EDGE_CURVE('',#1573,#1574,#931,.T.);
#2009=EDGE_CURVE('',#1574,#1566,#932,.T.);
#2010=EDGE_CURVE('',#1574,#1575,#1295,.T.);
#2011=EDGE_CURVE('',#1575,#1567,#933,.T.);
#2012=EDGE_CURVE('',#1322,#1572,#934,.T.);
#2013=EDGE_CURVE('',#1571,#1321,#935,.T.);
#2014=EDGE_CURVE('',#1323,#1573,#936,.T.);
#2015=EDGE_CURVE('',#1324,#1574,#937,.T.);
#2016=EDGE_CURVE('',#1325,#1575,#938,.T.);
#2017=EDGE_CURVE('',#1308,#1564,#939,.T.);
#2018=EDGE_CURVE('',#1309,#1562,#940,.T.);
#2019=EDGE_CURVE('',#1310,#1560,#941,.T.);
#2020=EDGE_CURVE('',#1311,#1558,#942,.T.);
#2021=EDGE_CURVE('',#1312,#1556,#943,.T.);
#2022=EDGE_CURVE('',#1313,#1554,#944,.T.);
#2023=EDGE_CURVE('',#1314,#1552,#945,.T.);
#2024=EDGE_CURVE('',#1315,#1550,#946,.T.);
#2025=EDGE_CURVE('',#1316,#1548,#947,.T.);
#2026=EDGE_CURVE('',#1317,#1546,#948,.T.);
#2027=EDGE_CURVE('',#1318,#1544,#949,.T.);
#2028=EDGE_CURVE('',#1319,#1540,#950,.T.);
#2029=EDGE_CURVE('',#1320,#1541,#951,.T.);
#2030=EDGE_CURVE('',#1575,#1506,#952,.T.);
#2031=EDGE_CURVE('',#1508,#1567,#953,.T.);
#2032=ORIENTED_EDGE('',*,*,#1576,.T.);
#2033=ORIENTED_EDGE('',*,*,#1577,.T.);
#2034=ORIENTED_EDGE('',*,*,#1578,.T.);
#2035=ORIENTED_EDGE('',*,*,#1577,.F.);
#2036=ORIENTED_EDGE('',*,*,#1579,.F.);
#2037=ORIENTED_EDGE('',*,*,#1580,.F.);
#2038=ORIENTED_EDGE('',*,*,#1581,.F.);
#2039=ORIENTED_EDGE('',*,*,#1582,.F.);
#2040=ORIENTED_EDGE('',*,*,#1583,.F.);
#2041=ORIENTED_EDGE('',*,*,#1584,.F.);
#2042=ORIENTED_EDGE('',*,*,#1585,.F.);
#2043=ORIENTED_EDGE('',*,*,#1586,.F.);
#2044=ORIENTED_EDGE('',*,*,#1587,.F.);
#2045=ORIENTED_EDGE('',*,*,#1588,.F.);
#2046=ORIENTED_EDGE('',*,*,#1589,.F.);
#2047=ORIENTED_EDGE('',*,*,#1590,.F.);
#2048=ORIENTED_EDGE('',*,*,#1591,.F.);
#2049=ORIENTED_EDGE('',*,*,#1592,.F.);
#2050=ORIENTED_EDGE('',*,*,#1593,.F.);
#2051=ORIENTED_EDGE('',*,*,#1594,.F.);
#2052=ORIENTED_EDGE('',*,*,#1595,.F.);
#2053=ORIENTED_EDGE('',*,*,#1596,.F.);
#2054=ORIENTED_EDGE('',*,*,#1597,.F.);
#2055=ORIENTED_EDGE('',*,*,#1598,.F.);
#2056=ORIENTED_EDGE('',*,*,#1599,.F.);
#2057=ORIENTED_EDGE('',*,*,#1600,.F.);
#2058=ORIENTED_EDGE('',*,*,#1601,.F.);
#2059=ORIENTED_EDGE('',*,*,#1602,.F.);
#2060=ORIENTED_EDGE('',*,*,#1603,.F.);
#2061=ORIENTED_EDGE('',*,*,#1604,.F.);
#2062=ORIENTED_EDGE('',*,*,#1605,.F.);
#2063=ORIENTED_EDGE('',*,*,#1606,.F.);
#2064=ORIENTED_EDGE('',*,*,#1607,.F.);
#2065=ORIENTED_EDGE('',*,*,#1608,.F.);
#2066=ORIENTED_EDGE('',*,*,#1609,.T.);
#2067=ORIENTED_EDGE('',*,*,#1610,.T.);
#2068=ORIENTED_EDGE('',*,*,#1611,.T.);
#2069=ORIENTED_EDGE('',*,*,#1612,.T.);
#2070=ORIENTED_EDGE('',*,*,#1613,.T.);
#2071=ORIENTED_EDGE('',*,*,#1614,.T.);
#2072=ORIENTED_EDGE('',*,*,#1615,.T.);
#2073=ORIENTED_EDGE('',*,*,#1616,.T.);
#2074=ORIENTED_EDGE('',*,*,#1617,.T.);
#2075=ORIENTED_EDGE('',*,*,#1618,.T.);
#2076=ORIENTED_EDGE('',*,*,#1619,.T.);
#2077=ORIENTED_EDGE('',*,*,#1620,.T.);
#2078=ORIENTED_EDGE('',*,*,#1621,.T.);
#2079=ORIENTED_EDGE('',*,*,#1622,.T.);
#2080=ORIENTED_EDGE('',*,*,#1623,.T.);
#2081=ORIENTED_EDGE('',*,*,#1624,.T.);
#2082=ORIENTED_EDGE('',*,*,#1625,.T.);
#2083=ORIENTED_EDGE('',*,*,#1626,.T.);
#2084=ORIENTED_EDGE('',*,*,#1627,.T.);
#2085=ORIENTED_EDGE('',*,*,#1628,.T.);
#2086=ORIENTED_EDGE('',*,*,#1629,.T.);
#2087=ORIENTED_EDGE('',*,*,#1630,.T.);
#2088=ORIENTED_EDGE('',*,*,#1631,.T.);
#2089=ORIENTED_EDGE('',*,*,#1632,.T.);
#2090=ORIENTED_EDGE('',*,*,#1633,.T.);
#2091=ORIENTED_EDGE('',*,*,#1634,.T.);
#2092=ORIENTED_EDGE('',*,*,#1635,.T.);
#2093=ORIENTED_EDGE('',*,*,#1636,.T.);
#2094=ORIENTED_EDGE('',*,*,#1637,.T.);
#2095=ORIENTED_EDGE('',*,*,#1638,.T.);
#2096=ORIENTED_EDGE('',*,*,#1639,.T.);
#2097=ORIENTED_EDGE('',*,*,#1640,.T.);
#2098=ORIENTED_EDGE('',*,*,#1641,.T.);
#2099=ORIENTED_EDGE('',*,*,#1642,.T.);
#2100=ORIENTED_EDGE('',*,*,#1643,.T.);
#2101=ORIENTED_EDGE('',*,*,#1644,.T.);
#2102=ORIENTED_EDGE('',*,*,#1645,.T.);
#2103=ORIENTED_EDGE('',*,*,#1646,.T.);
#2104=ORIENTED_EDGE('',*,*,#1647,.T.);
#2105=ORIENTED_EDGE('',*,*,#1648,.T.);
#2106=ORIENTED_EDGE('',*,*,#1649,.T.);
#2107=ORIENTED_EDGE('',*,*,#1650,.T.);
#2108=ORIENTED_EDGE('',*,*,#1651,.T.);
#2109=ORIENTED_EDGE('',*,*,#1652,.T.);
#2110=ORIENTED_EDGE('',*,*,#1653,.T.);
#2111=ORIENTED_EDGE('',*,*,#1654,.T.);
#2112=ORIENTED_EDGE('',*,*,#1655,.T.);
#2113=ORIENTED_EDGE('',*,*,#1656,.T.);
#2114=ORIENTED_EDGE('',*,*,#1657,.T.);
#2115=ORIENTED_EDGE('',*,*,#1658,.T.);
#2116=ORIENTED_EDGE('',*,*,#1659,.T.);
#2117=ORIENTED_EDGE('',*,*,#1660,.T.);
#2118=ORIENTED_EDGE('',*,*,#1661,.T.);
#2119=ORIENTED_EDGE('',*,*,#1662,.T.);
#2120=ORIENTED_EDGE('',*,*,#1663,.T.);
#2121=ORIENTED_EDGE('',*,*,#1664,.T.);
#2122=ORIENTED_EDGE('',*,*,#1665,.F.);
#2123=ORIENTED_EDGE('',*,*,#1576,.F.);
#2124=ORIENTED_EDGE('',*,*,#1666,.F.);
#2125=ORIENTED_EDGE('',*,*,#1667,.T.);
#2126=ORIENTED_EDGE('',*,*,#1578,.F.);
#2127=ORIENTED_EDGE('',*,*,#1667,.F.);
#2128=ORIENTED_EDGE('',*,*,#1607,.T.);
#2129=ORIENTED_EDGE('',*,*,#1668,.T.);
#2130=ORIENTED_EDGE('',*,*,#1669,.T.);
#2131=ORIENTED_EDGE('',*,*,#1668,.F.);
#2132=ORIENTED_EDGE('',*,*,#1670,.F.);
#2133=ORIENTED_EDGE('',*,*,#1671,.T.);
#2134=ORIENTED_EDGE('',*,*,#1669,.F.);
#2135=ORIENTED_EDGE('',*,*,#1671,.F.);
#2136=ORIENTED_EDGE('',*,*,#1665,.T.);
#2137=ORIENTED_EDGE('',*,*,#1672,.T.);
#2138=ORIENTED_EDGE('',*,*,#1673,.T.);
#2139=ORIENTED_EDGE('',*,*,#1672,.F.);
#2140=ORIENTED_EDGE('',*,*,#1674,.F.);
#2141=ORIENTED_EDGE('',*,*,#1675,.T.);
#2142=ORIENTED_EDGE('',*,*,#1673,.F.);
#2143=ORIENTED_EDGE('',*,*,#1675,.F.);
#2144=ORIENTED_EDGE('',*,*,#1608,.T.);
#2145=ORIENTED_EDGE('',*,*,#1676,.T.);
#2146=ORIENTED_EDGE('',*,*,#1677,.T.);
#2147=ORIENTED_EDGE('',*,*,#1676,.F.);
#2148=ORIENTED_EDGE('',*,*,#1678,.F.);
#2149=ORIENTED_EDGE('',*,*,#1679,.T.);
#2150=ORIENTED_EDGE('',*,*,#1677,.F.);
#2151=ORIENTED_EDGE('',*,*,#1679,.F.);
#2152=ORIENTED_EDGE('',*,*,#1680,.T.);
#2153=ORIENTED_EDGE('',*,*,#1681,.T.);
#2154=ORIENTED_EDGE('',*,*,#1678,.T.);
#2155=ORIENTED_EDGE('',*,*,#1681,.F.);
#2156=ORIENTED_EDGE('',*,*,#1682,.T.);
#2157=ORIENTED_EDGE('',*,*,#1683,.T.);
#2158=ORIENTED_EDGE('',*,*,#1670,.T.);
#2159=ORIENTED_EDGE('',*,*,#1683,.F.);
#2160=ORIENTED_EDGE('',*,*,#1684,.T.);
#2161=ORIENTED_EDGE('',*,*,#1685,.T.);
#2162=ORIENTED_EDGE('',*,*,#1666,.T.);
#2163=ORIENTED_EDGE('',*,*,#1685,.F.);
#2164=ORIENTED_EDGE('',*,*,#1686,.T.);
#2165=ORIENTED_EDGE('',*,*,#1687,.T.);
#2166=ORIENTED_EDGE('',*,*,#1674,.T.);
#2167=ORIENTED_EDGE('',*,*,#1687,.F.);
#2168=ORIENTED_EDGE('',*,*,#1688,.F.);
#2169=ORIENTED_EDGE('',*,*,#1689,.T.);
#2170=ORIENTED_EDGE('',*,*,#1682,.F.);
#2171=ORIENTED_EDGE('',*,*,#1689,.F.);
#2172=ORIENTED_EDGE('',*,*,#1690,.F.);
#2173=ORIENTED_EDGE('',*,*,#1691,.T.);
#2174=ORIENTED_EDGE('',*,*,#1684,.F.);
#2175=ORIENTED_EDGE('',*,*,#1691,.F.);
#2176=ORIENTED_EDGE('',*,*,#1692,.F.);
#2177=ORIENTED_EDGE('',*,*,#1693,.T.);
#2178=ORIENTED_EDGE('',*,*,#1686,.F.);
#2179=ORIENTED_EDGE('',*,*,#1693,.F.);
#2180=ORIENTED_EDGE('',*,*,#1694,.F.);
#2181=ORIENTED_EDGE('',*,*,#1695,.T.);
#2182=ORIENTED_EDGE('',*,*,#1680,.F.);
#2183=ORIENTED_EDGE('',*,*,#1695,.F.);
#2184=ORIENTED_EDGE('',*,*,#1696,.F.);
#2185=ORIENTED_EDGE('',*,*,#1697,.T.);
#2186=ORIENTED_EDGE('',*,*,#1698,.T.);
#2187=ORIENTED_EDGE('',*,*,#1699,.F.);
#2188=ORIENTED_EDGE('',*,*,#1700,.F.);
#2189=ORIENTED_EDGE('',*,*,#1701,.T.);
#2190=ORIENTED_EDGE('',*,*,#1702,.T.);
#2191=ORIENTED_EDGE('',*,*,#1697,.F.);
#2192=ORIENTED_EDGE('',*,*,#1703,.F.);
#2193=ORIENTED_EDGE('',*,*,#1704,.T.);
#2194=ORIENTED_EDGE('',*,*,#1705,.T.);
#2195=ORIENTED_EDGE('',*,*,#1701,.F.);
#2196=ORIENTED_EDGE('',*,*,#1706,.F.);
#2197=ORIENTED_EDGE('',*,*,#1707,.T.);
#2198=ORIENTED_EDGE('',*,*,#1708,.T.);
#2199=ORIENTED_EDGE('',*,*,#1704,.F.);
#2200=ORIENTED_EDGE('',*,*,#1709,.F.);
#2201=ORIENTED_EDGE('',*,*,#1710,.T.);
#2202=ORIENTED_EDGE('',*,*,#1711,.T.);
#2203=ORIENTED_EDGE('',*,*,#1707,.F.);
#2204=ORIENTED_EDGE('',*,*,#1712,.F.);
#2205=ORIENTED_EDGE('',*,*,#1713,.T.);
#2206=ORIENTED_EDGE('',*,*,#1714,.T.);
#2207=ORIENTED_EDGE('',*,*,#1710,.F.);
#2208=ORIENTED_EDGE('',*,*,#1715,.F.);
#2209=ORIENTED_EDGE('',*,*,#1716,.T.);
#2210=ORIENTED_EDGE('',*,*,#1717,.T.);
#2211=ORIENTED_EDGE('',*,*,#1713,.F.);
#2212=ORIENTED_EDGE('',*,*,#1718,.F.);
#2213=ORIENTED_EDGE('',*,*,#1719,.T.);
#2214=ORIENTED_EDGE('',*,*,#1720,.T.);
#2215=ORIENTED_EDGE('',*,*,#1716,.F.);
#2216=ORIENTED_EDGE('',*,*,#1721,.F.);
#2217=ORIENTED_EDGE('',*,*,#1722,.T.);
#2218=ORIENTED_EDGE('',*,*,#1723,.T.);
#2219=ORIENTED_EDGE('',*,*,#1719,.F.);
#2220=ORIENTED_EDGE('',*,*,#1724,.F.);
#2221=ORIENTED_EDGE('',*,*,#1725,.T.);
#2222=ORIENTED_EDGE('',*,*,#1726,.T.);
#2223=ORIENTED_EDGE('',*,*,#1722,.F.);
#2224=ORIENTED_EDGE('',*,*,#1727,.F.);
#2225=ORIENTED_EDGE('',*,*,#1728,.T.);
#2226=ORIENTED_EDGE('',*,*,#1729,.T.);
#2227=ORIENTED_EDGE('',*,*,#1725,.F.);
#2228=ORIENTED_EDGE('',*,*,#1730,.F.);
#2229=ORIENTED_EDGE('',*,*,#1699,.T.);
#2230=ORIENTED_EDGE('',*,*,#1731,.T.);
#2231=ORIENTED_EDGE('',*,*,#1728,.F.);
#2232=ORIENTED_EDGE('',*,*,#1640,.F.);
#2233=ORIENTED_EDGE('',*,*,#1732,.T.);
#2234=ORIENTED_EDGE('',*,*,#1733,.T.);
#2235=ORIENTED_EDGE('',*,*,#1734,.F.);
#2236=ORIENTED_EDGE('',*,*,#1664,.F.);
#2237=ORIENTED_EDGE('',*,*,#1735,.T.);
#2238=ORIENTED_EDGE('',*,*,#1736,.T.);
#2239=ORIENTED_EDGE('',*,*,#1732,.F.);
#2240=ORIENTED_EDGE('',*,*,#1663,.F.);
#2241=ORIENTED_EDGE('',*,*,#1737,.T.);
#2242=ORIENTED_EDGE('',*,*,#1738,.T.);
#2243=ORIENTED_EDGE('',*,*,#1735,.F.);
#2244=ORIENTED_EDGE('',*,*,#1662,.F.);
#2245=ORIENTED_EDGE('',*,*,#1739,.T.);
#2246=ORIENTED_EDGE('',*,*,#1740,.T.);
#2247=ORIENTED_EDGE('',*,*,#1737,.F.);
#2248=ORIENTED_EDGE('',*,*,#1661,.F.);
#2249=ORIENTED_EDGE('',*,*,#1741,.T.);
#2250=ORIENTED_EDGE('',*,*,#1742,.T.);
#2251=ORIENTED_EDGE('',*,*,#1739,.F.);
#2252=ORIENTED_EDGE('',*,*,#1660,.F.);
#2253=ORIENTED_EDGE('',*,*,#1743,.T.);
#2254=ORIENTED_EDGE('',*,*,#1744,.T.);
#2255=ORIENTED_EDGE('',*,*,#1741,.F.);
#2256=ORIENTED_EDGE('',*,*,#1659,.F.);
#2257=ORIENTED_EDGE('',*,*,#1745,.T.);
#2258=ORIENTED_EDGE('',*,*,#1746,.T.);
#2259=ORIENTED_EDGE('',*,*,#1743,.F.);
#2260=ORIENTED_EDGE('',*,*,#1658,.F.);
#2261=ORIENTED_EDGE('',*,*,#1747,.T.);
#2262=ORIENTED_EDGE('',*,*,#1748,.T.);
#2263=ORIENTED_EDGE('',*,*,#1745,.F.);
#2264=ORIENTED_EDGE('',*,*,#1657,.F.);
#2265=ORIENTED_EDGE('',*,*,#1749,.T.);
#2266=ORIENTED_EDGE('',*,*,#1750,.T.);
#2267=ORIENTED_EDGE('',*,*,#1747,.F.);
#2268=ORIENTED_EDGE('',*,*,#1656,.F.);
#2269=ORIENTED_EDGE('',*,*,#1751,.T.);
#2270=ORIENTED_EDGE('',*,*,#1752,.T.);
#2271=ORIENTED_EDGE('',*,*,#1749,.F.);
#2272=ORIENTED_EDGE('',*,*,#1655,.F.);
#2273=ORIENTED_EDGE('',*,*,#1753,.T.);
#2274=ORIENTED_EDGE('',*,*,#1754,.T.);
#2275=ORIENTED_EDGE('',*,*,#1751,.F.);
#2276=ORIENTED_EDGE('',*,*,#1654,.F.);
#2277=ORIENTED_EDGE('',*,*,#1755,.T.);
#2278=ORIENTED_EDGE('',*,*,#1756,.T.);
#2279=ORIENTED_EDGE('',*,*,#1753,.F.);
#2280=ORIENTED_EDGE('',*,*,#1653,.F.);
#2281=ORIENTED_EDGE('',*,*,#1757,.T.);
#2282=ORIENTED_EDGE('',*,*,#1758,.T.);
#2283=ORIENTED_EDGE('',*,*,#1755,.F.);
#2284=ORIENTED_EDGE('',*,*,#1652,.F.);
#2285=ORIENTED_EDGE('',*,*,#1759,.T.);
#2286=ORIENTED_EDGE('',*,*,#1760,.T.);
#2287=ORIENTED_EDGE('',*,*,#1757,.F.);
#2288=ORIENTED_EDGE('',*,*,#1651,.F.);
#2289=ORIENTED_EDGE('',*,*,#1761,.T.);
#2290=ORIENTED_EDGE('',*,*,#1762,.T.);
#2291=ORIENTED_EDGE('',*,*,#1759,.F.);
#2292=ORIENTED_EDGE('',*,*,#1650,.F.);
#2293=ORIENTED_EDGE('',*,*,#1763,.T.);
#2294=ORIENTED_EDGE('',*,*,#1764,.T.);
#2295=ORIENTED_EDGE('',*,*,#1761,.F.);
#2296=ORIENTED_EDGE('',*,*,#1649,.F.);
#2297=ORIENTED_EDGE('',*,*,#1765,.T.);
#2298=ORIENTED_EDGE('',*,*,#1766,.T.);
#2299=ORIENTED_EDGE('',*,*,#1763,.F.);
#2300=ORIENTED_EDGE('',*,*,#1648,.F.);
#2301=ORIENTED_EDGE('',*,*,#1767,.T.);
#2302=ORIENTED_EDGE('',*,*,#1768,.T.);
#2303=ORIENTED_EDGE('',*,*,#1765,.F.);
#2304=ORIENTED_EDGE('',*,*,#1647,.F.);
#2305=ORIENTED_EDGE('',*,*,#1769,.T.);
#2306=ORIENTED_EDGE('',*,*,#1770,.T.);
#2307=ORIENTED_EDGE('',*,*,#1767,.F.);
#2308=ORIENTED_EDGE('',*,*,#1646,.F.);
#2309=ORIENTED_EDGE('',*,*,#1771,.T.);
#2310=ORIENTED_EDGE('',*,*,#1772,.T.);
#2311=ORIENTED_EDGE('',*,*,#1769,.F.);
#2312=ORIENTED_EDGE('',*,*,#1645,.F.);
#2313=ORIENTED_EDGE('',*,*,#1773,.T.);
#2314=ORIENTED_EDGE('',*,*,#1774,.T.);
#2315=ORIENTED_EDGE('',*,*,#1771,.F.);
#2316=ORIENTED_EDGE('',*,*,#1644,.F.);
#2317=ORIENTED_EDGE('',*,*,#1775,.T.);
#2318=ORIENTED_EDGE('',*,*,#1776,.T.);
#2319=ORIENTED_EDGE('',*,*,#1773,.F.);
#2320=ORIENTED_EDGE('',*,*,#1643,.F.);
#2321=ORIENTED_EDGE('',*,*,#1777,.T.);
#2322=ORIENTED_EDGE('',*,*,#1778,.T.);
#2323=ORIENTED_EDGE('',*,*,#1775,.F.);
#2324=ORIENTED_EDGE('',*,*,#1642,.F.);
#2325=ORIENTED_EDGE('',*,*,#1779,.T.);
#2326=ORIENTED_EDGE('',*,*,#1780,.T.);
#2327=ORIENTED_EDGE('',*,*,#1777,.F.);
#2328=ORIENTED_EDGE('',*,*,#1641,.F.);
#2329=ORIENTED_EDGE('',*,*,#1734,.T.);
#2330=ORIENTED_EDGE('',*,*,#1781,.T.);
#2331=ORIENTED_EDGE('',*,*,#1779,.F.);
#2332=ORIENTED_EDGE('',*,*,#1781,.F.);
#2333=ORIENTED_EDGE('',*,*,#1733,.F.);
#2334=ORIENTED_EDGE('',*,*,#1736,.F.);
#2335=ORIENTED_EDGE('',*,*,#1738,.F.);
#2336=ORIENTED_EDGE('',*,*,#1740,.F.);
#2337=ORIENTED_EDGE('',*,*,#1742,.F.);
#2338=ORIENTED_EDGE('',*,*,#1744,.F.);
#2339=ORIENTED_EDGE('',*,*,#1746,.F.);
#2340=ORIENTED_EDGE('',*,*,#1748,.F.);
#2341=ORIENTED_EDGE('',*,*,#1750,.F.);
#2342=ORIENTED_EDGE('',*,*,#1752,.F.);
#2343=ORIENTED_EDGE('',*,*,#1754,.F.);
#2344=ORIENTED_EDGE('',*,*,#1756,.F.);
#2345=ORIENTED_EDGE('',*,*,#1758,.F.);
#2346=ORIENTED_EDGE('',*,*,#1760,.F.);
#2347=ORIENTED_EDGE('',*,*,#1762,.F.);
#2348=ORIENTED_EDGE('',*,*,#1764,.F.);
#2349=ORIENTED_EDGE('',*,*,#1766,.F.);
#2350=ORIENTED_EDGE('',*,*,#1768,.F.);
#2351=ORIENTED_EDGE('',*,*,#1770,.F.);
#2352=ORIENTED_EDGE('',*,*,#1772,.F.);
#2353=ORIENTED_EDGE('',*,*,#1774,.F.);
#2354=ORIENTED_EDGE('',*,*,#1776,.F.);
#2355=ORIENTED_EDGE('',*,*,#1778,.F.);
#2356=ORIENTED_EDGE('',*,*,#1780,.F.);
#2357=ORIENTED_EDGE('',*,*,#1731,.F.);
#2358=ORIENTED_EDGE('',*,*,#1698,.F.);
#2359=ORIENTED_EDGE('',*,*,#1702,.F.);
#2360=ORIENTED_EDGE('',*,*,#1705,.F.);
#2361=ORIENTED_EDGE('',*,*,#1708,.F.);
#2362=ORIENTED_EDGE('',*,*,#1711,.F.);
#2363=ORIENTED_EDGE('',*,*,#1714,.F.);
#2364=ORIENTED_EDGE('',*,*,#1717,.F.);
#2365=ORIENTED_EDGE('',*,*,#1720,.F.);
#2366=ORIENTED_EDGE('',*,*,#1723,.F.);
#2367=ORIENTED_EDGE('',*,*,#1726,.F.);
#2368=ORIENTED_EDGE('',*,*,#1729,.F.);
#2369=ORIENTED_EDGE('',*,*,#1609,.F.);
#2370=ORIENTED_EDGE('',*,*,#1782,.T.);
#2371=ORIENTED_EDGE('',*,*,#1783,.T.);
#2372=ORIENTED_EDGE('',*,*,#1784,.F.);
#2373=ORIENTED_EDGE('',*,*,#1639,.F.);
#2374=ORIENTED_EDGE('',*,*,#1785,.T.);
#2375=ORIENTED_EDGE('',*,*,#1786,.T.);
#2376=ORIENTED_EDGE('',*,*,#1782,.F.);
#2377=ORIENTED_EDGE('',*,*,#1638,.F.);
#2378=ORIENTED_EDGE('',*,*,#1787,.T.);
#2379=ORIENTED_EDGE('',*,*,#1788,.T.);
#2380=ORIENTED_EDGE('',*,*,#1785,.F.);
#2381=ORIENTED_EDGE('',*,*,#1637,.F.);
#2382=ORIENTED_EDGE('',*,*,#1789,.T.);
#2383=ORIENTED_EDGE('',*,*,#1790,.T.);
#2384=ORIENTED_EDGE('',*,*,#1787,.F.);
#2385=ORIENTED_EDGE('',*,*,#1636,.F.);
#2386=ORIENTED_EDGE('',*,*,#1791,.T.);
#2387=ORIENTED_EDGE('',*,*,#1792,.T.);
#2388=ORIENTED_EDGE('',*,*,#1789,.F.);
#2389=ORIENTED_EDGE('',*,*,#1635,.F.);
#2390=ORIENTED_EDGE('',*,*,#1793,.T.);
#2391=ORIENTED_EDGE('',*,*,#1794,.T.);
#2392=ORIENTED_EDGE('',*,*,#1791,.F.);
#2393=ORIENTED_EDGE('',*,*,#1634,.F.);
#2394=ORIENTED_EDGE('',*,*,#1795,.T.);
#2395=ORIENTED_EDGE('',*,*,#1796,.T.);
#2396=ORIENTED_EDGE('',*,*,#1793,.F.);
#2397=ORIENTED_EDGE('',*,*,#1633,.F.);
#2398=ORIENTED_EDGE('',*,*,#1797,.T.);
#2399=ORIENTED_EDGE('',*,*,#1798,.T.);
#2400=ORIENTED_EDGE('',*,*,#1795,.F.);
#2401=ORIENTED_EDGE('',*,*,#1632,.F.);
#2402=ORIENTED_EDGE('',*,*,#1799,.T.);
#2403=ORIENTED_EDGE('',*,*,#1800,.T.);
#2404=ORIENTED_EDGE('',*,*,#1797,.F.);
#2405=ORIENTED_EDGE('',*,*,#1631,.F.);
#2406=ORIENTED_EDGE('',*,*,#1801,.T.);
#2407=ORIENTED_EDGE('',*,*,#1802,.T.);
#2408=ORIENTED_EDGE('',*,*,#1799,.F.);
#2409=ORIENTED_EDGE('',*,*,#1630,.F.);
#2410=ORIENTED_EDGE('',*,*,#1803,.T.);
#2411=ORIENTED_EDGE('',*,*,#1804,.T.);
#2412=ORIENTED_EDGE('',*,*,#1801,.F.);
#2413=ORIENTED_EDGE('',*,*,#1629,.F.);
#2414=ORIENTED_EDGE('',*,*,#1805,.T.);
#2415=ORIENTED_EDGE('',*,*,#1806,.T.);
#2416=ORIENTED_EDGE('',*,*,#1803,.F.);
#2417=ORIENTED_EDGE('',*,*,#1628,.F.);
#2418=ORIENTED_EDGE('',*,*,#1807,.T.);
#2419=ORIENTED_EDGE('',*,*,#1808,.T.);
#2420=ORIENTED_EDGE('',*,*,#1805,.F.);
#2421=ORIENTED_EDGE('',*,*,#1627,.F.);
#2422=ORIENTED_EDGE('',*,*,#1809,.T.);
#2423=ORIENTED_EDGE('',*,*,#1810,.T.);
#2424=ORIENTED_EDGE('',*,*,#1807,.F.);
#2425=ORIENTED_EDGE('',*,*,#1626,.F.);
#2426=ORIENTED_EDGE('',*,*,#1811,.T.);
#2427=ORIENTED_EDGE('',*,*,#1812,.T.);
#2428=ORIENTED_EDGE('',*,*,#1809,.F.);
#2429=ORIENTED_EDGE('',*,*,#1625,.F.);
#2430=ORIENTED_EDGE('',*,*,#1813,.T.);
#2431=ORIENTED_EDGE('',*,*,#1814,.T.);
#2432=ORIENTED_EDGE('',*,*,#1811,.F.);
#2433=ORIENTED_EDGE('',*,*,#1624,.F.);
#2434=ORIENTED_EDGE('',*,*,#1815,.T.);
#2435=ORIENTED_EDGE('',*,*,#1816,.T.);
#2436=ORIENTED_EDGE('',*,*,#1813,.F.);
#2437=ORIENTED_EDGE('',*,*,#1623,.F.);
#2438=ORIENTED_EDGE('',*,*,#1817,.T.);
#2439=ORIENTED_EDGE('',*,*,#1818,.T.);
#2440=ORIENTED_EDGE('',*,*,#1815,.F.);
#2441=ORIENTED_EDGE('',*,*,#1622,.F.);
#2442=ORIENTED_EDGE('',*,*,#1819,.T.);
#2443=ORIENTED_EDGE('',*,*,#1820,.T.);
#2444=ORIENTED_EDGE('',*,*,#1817,.F.);
#2445=ORIENTED_EDGE('',*,*,#1621,.F.);
#2446=ORIENTED_EDGE('',*,*,#1821,.T.);
#2447=ORIENTED_EDGE('',*,*,#1822,.T.);
#2448=ORIENTED_EDGE('',*,*,#1819,.F.);
#2449=ORIENTED_EDGE('',*,*,#1620,.F.);
#2450=ORIENTED_EDGE('',*,*,#1823,.T.);
#2451=ORIENTED_EDGE('',*,*,#1824,.T.);
#2452=ORIENTED_EDGE('',*,*,#1821,.F.);
#2453=ORIENTED_EDGE('',*,*,#1619,.F.);
#2454=ORIENTED_EDGE('',*,*,#1825,.T.);
#2455=ORIENTED_EDGE('',*,*,#1826,.T.);
#2456=ORIENTED_EDGE('',*,*,#1823,.F.);
#2457=ORIENTED_EDGE('',*,*,#1618,.F.);
#2458=ORIENTED_EDGE('',*,*,#1827,.T.);
#2459=ORIENTED_EDGE('',*,*,#1828,.T.);
#2460=ORIENTED_EDGE('',*,*,#1825,.F.);
#2461=ORIENTED_EDGE('',*,*,#1617,.F.);
#2462=ORIENTED_EDGE('',*,*,#1829,.T.);
#2463=ORIENTED_EDGE('',*,*,#1830,.T.);
#2464=ORIENTED_EDGE('',*,*,#1827,.F.);
#2465=ORIENTED_EDGE('',*,*,#1616,.F.);
#2466=ORIENTED_EDGE('',*,*,#1831,.T.);
#2467=ORIENTED_EDGE('',*,*,#1832,.T.);
#2468=ORIENTED_EDGE('',*,*,#1829,.F.);
#2469=ORIENTED_EDGE('',*,*,#1615,.F.);
#2470=ORIENTED_EDGE('',*,*,#1833,.T.);
#2471=ORIENTED_EDGE('',*,*,#1834,.T.);
#2472=ORIENTED_EDGE('',*,*,#1831,.F.);
#2473=ORIENTED_EDGE('',*,*,#1614,.F.);
#2474=ORIENTED_EDGE('',*,*,#1835,.T.);
#2475=ORIENTED_EDGE('',*,*,#1836,.T.);
#2476=ORIENTED_EDGE('',*,*,#1833,.F.);
#2477=ORIENTED_EDGE('',*,*,#1613,.F.);
#2478=ORIENTED_EDGE('',*,*,#1837,.T.);
#2479=ORIENTED_EDGE('',*,*,#1838,.T.);
#2480=ORIENTED_EDGE('',*,*,#1835,.F.);
#2481=ORIENTED_EDGE('',*,*,#1612,.F.);
#2482=ORIENTED_EDGE('',*,*,#1839,.T.);
#2483=ORIENTED_EDGE('',*,*,#1840,.T.);
#2484=ORIENTED_EDGE('',*,*,#1837,.F.);
#2485=ORIENTED_EDGE('',*,*,#1611,.F.);
#2486=ORIENTED_EDGE('',*,*,#1841,.T.);
#2487=ORIENTED_EDGE('',*,*,#1842,.T.);
#2488=ORIENTED_EDGE('',*,*,#1839,.F.);
#2489=ORIENTED_EDGE('',*,*,#1610,.F.);
#2490=ORIENTED_EDGE('',*,*,#1784,.T.);
#2491=ORIENTED_EDGE('',*,*,#1843,.T.);
#2492=ORIENTED_EDGE('',*,*,#1841,.F.);
#2493=ORIENTED_EDGE('',*,*,#1843,.F.);
#2494=ORIENTED_EDGE('',*,*,#1783,.F.);
#2495=ORIENTED_EDGE('',*,*,#1786,.F.);
#2496=ORIENTED_EDGE('',*,*,#1788,.F.);
#2497=ORIENTED_EDGE('',*,*,#1790,.F.);
#2498=ORIENTED_EDGE('',*,*,#1792,.F.);
#2499=ORIENTED_EDGE('',*,*,#1794,.F.);
#2500=ORIENTED_EDGE('',*,*,#1796,.F.);
#2501=ORIENTED_EDGE('',*,*,#1798,.F.);
#2502=ORIENTED_EDGE('',*,*,#1800,.F.);
#2503=ORIENTED_EDGE('',*,*,#1802,.F.);
#2504=ORIENTED_EDGE('',*,*,#1804,.F.);
#2505=ORIENTED_EDGE('',*,*,#1806,.F.);
#2506=ORIENTED_EDGE('',*,*,#1808,.F.);
#2507=ORIENTED_EDGE('',*,*,#1810,.F.);
#2508=ORIENTED_EDGE('',*,*,#1812,.F.);
#2509=ORIENTED_EDGE('',*,*,#1814,.F.);
#2510=ORIENTED_EDGE('',*,*,#1816,.F.);
#2511=ORIENTED_EDGE('',*,*,#1818,.F.);
#2512=ORIENTED_EDGE('',*,*,#1820,.F.);
#2513=ORIENTED_EDGE('',*,*,#1822,.F.);
#2514=ORIENTED_EDGE('',*,*,#1824,.F.);
#2515=ORIENTED_EDGE('',*,*,#1826,.F.);
#2516=ORIENTED_EDGE('',*,*,#1828,.F.);
#2517=ORIENTED_EDGE('',*,*,#1830,.F.);
#2518=ORIENTED_EDGE('',*,*,#1832,.F.);
#2519=ORIENTED_EDGE('',*,*,#1834,.F.);
#2520=ORIENTED_EDGE('',*,*,#1836,.F.);
#2521=ORIENTED_EDGE('',*,*,#1838,.F.);
#2522=ORIENTED_EDGE('',*,*,#1840,.F.);
#2523=ORIENTED_EDGE('',*,*,#1842,.F.);
#2524=ORIENTED_EDGE('',*,*,#1844,.F.);
#2525=ORIENTED_EDGE('',*,*,#1845,.F.);
#2526=ORIENTED_EDGE('',*,*,#1846,.F.);
#2527=ORIENTED_EDGE('',*,*,#1847,.F.);
#2528=ORIENTED_EDGE('',*,*,#1848,.F.);
#2529=ORIENTED_EDGE('',*,*,#1849,.F.);
#2530=ORIENTED_EDGE('',*,*,#1850,.F.);
#2531=ORIENTED_EDGE('',*,*,#1851,.F.);
#2532=ORIENTED_EDGE('',*,*,#1852,.F.);
#2533=ORIENTED_EDGE('',*,*,#1853,.F.);
#2534=ORIENTED_EDGE('',*,*,#1854,.F.);
#2535=ORIENTED_EDGE('',*,*,#1855,.F.);
#2536=ORIENTED_EDGE('',*,*,#1856,.F.);
#2537=ORIENTED_EDGE('',*,*,#1857,.F.);
#2538=ORIENTED_EDGE('',*,*,#1858,.F.);
#2539=ORIENTED_EDGE('',*,*,#1859,.F.);
#2540=ORIENTED_EDGE('',*,*,#1860,.F.);
#2541=ORIENTED_EDGE('',*,*,#1861,.F.);
#2542=ORIENTED_EDGE('',*,*,#1862,.F.);
#2543=ORIENTED_EDGE('',*,*,#1863,.F.);
#2544=ORIENTED_EDGE('',*,*,#1688,.T.);
#2545=ORIENTED_EDGE('',*,*,#1690,.T.);
#2546=ORIENTED_EDGE('',*,*,#1692,.T.);
#2547=ORIENTED_EDGE('',*,*,#1694,.T.);
#2548=ORIENTED_EDGE('',*,*,#1696,.T.);
#2549=ORIENTED_EDGE('',*,*,#1730,.T.);
#2550=ORIENTED_EDGE('',*,*,#1727,.T.);
#2551=ORIENTED_EDGE('',*,*,#1724,.T.);
#2552=ORIENTED_EDGE('',*,*,#1721,.T.);
#2553=ORIENTED_EDGE('',*,*,#1718,.T.);
#2554=ORIENTED_EDGE('',*,*,#1715,.T.);
#2555=ORIENTED_EDGE('',*,*,#1712,.T.);
#2556=ORIENTED_EDGE('',*,*,#1709,.T.);
#2557=ORIENTED_EDGE('',*,*,#1706,.T.);
#2558=ORIENTED_EDGE('',*,*,#1703,.T.);
#2559=ORIENTED_EDGE('',*,*,#1700,.T.);
#2560=ORIENTED_EDGE('',*,*,#1579,.T.);
#2561=ORIENTED_EDGE('',*,*,#1864,.T.);
#2562=ORIENTED_EDGE('',*,*,#1865,.T.);
#2563=ORIENTED_EDGE('',*,*,#1866,.T.);
#2564=ORIENTED_EDGE('',*,*,#1867,.T.);
#2565=ORIENTED_EDGE('',*,*,#1868,.T.);
#2566=ORIENTED_EDGE('',*,*,#1869,.T.);
#2567=ORIENTED_EDGE('',*,*,#1870,.F.);
#2568=ORIENTED_EDGE('',*,*,#1871,.T.);
#2569=ORIENTED_EDGE('',*,*,#1872,.T.);
#2570=ORIENTED_EDGE('',*,*,#1873,.T.);
#2571=ORIENTED_EDGE('',*,*,#1864,.F.);
#2572=ORIENTED_EDGE('',*,*,#1874,.T.);
#2573=ORIENTED_EDGE('',*,*,#1875,.T.);
#2574=ORIENTED_EDGE('',*,*,#1876,.T.);
#2575=ORIENTED_EDGE('',*,*,#1872,.F.);
#2576=ORIENTED_EDGE('',*,*,#1877,.T.);
#2577=ORIENTED_EDGE('',*,*,#1878,.T.);
#2578=ORIENTED_EDGE('',*,*,#1879,.T.);
#2579=ORIENTED_EDGE('',*,*,#1880,.T.);
#2580=ORIENTED_EDGE('',*,*,#1881,.T.);
#2581=ORIENTED_EDGE('',*,*,#1882,.T.);
#2582=ORIENTED_EDGE('',*,*,#1883,.T.);
#2583=ORIENTED_EDGE('',*,*,#1878,.F.);
#2584=ORIENTED_EDGE('',*,*,#1884,.T.);
#2585=ORIENTED_EDGE('',*,*,#1885,.T.);
#2586=ORIENTED_EDGE('',*,*,#1583,.T.);
#2587=ORIENTED_EDGE('',*,*,#1882,.F.);
#2588=ORIENTED_EDGE('',*,*,#1886,.T.);
#2589=ORIENTED_EDGE('',*,*,#1887,.T.);
#2590=ORIENTED_EDGE('',*,*,#1888,.T.);
#2591=ORIENTED_EDGE('',*,*,#1889,.T.);
#2592=ORIENTED_EDGE('',*,*,#1890,.T.);
#2593=ORIENTED_EDGE('',*,*,#1891,.T.);
#2594=ORIENTED_EDGE('',*,*,#1892,.T.);
#2595=ORIENTED_EDGE('',*,*,#1885,.F.);
#2596=ORIENTED_EDGE('',*,*,#1893,.T.);
#2597=ORIENTED_EDGE('',*,*,#1894,.T.);
#2598=ORIENTED_EDGE('',*,*,#1895,.T.);
#2599=ORIENTED_EDGE('',*,*,#1887,.F.);
#2600=ORIENTED_EDGE('',*,*,#1896,.T.);
#2601=ORIENTED_EDGE('',*,*,#1897,.T.);
#2602=ORIENTED_EDGE('',*,*,#1898,.T.);
#2603=ORIENTED_EDGE('',*,*,#1891,.F.);
#2604=ORIENTED_EDGE('',*,*,#1899,.T.);
#2605=ORIENTED_EDGE('',*,*,#1900,.T.);
#2606=ORIENTED_EDGE('',*,*,#1901,.T.);
#2607=ORIENTED_EDGE('',*,*,#1894,.F.);
#2608=ORIENTED_EDGE('',*,*,#1902,.T.);
#2609=ORIENTED_EDGE('',*,*,#1903,.T.);
#2610=ORIENTED_EDGE('',*,*,#1904,.T.);
#2611=ORIENTED_EDGE('',*,*,#1905,.T.);
#2612=ORIENTED_EDGE('',*,*,#1906,.T.);
#2613=ORIENTED_EDGE('',*,*,#1903,.F.);
#2614=ORIENTED_EDGE('',*,*,#1907,.T.);
#2615=ORIENTED_EDGE('',*,*,#1908,.T.);
#2616=ORIENTED_EDGE('',*,*,#1587,.T.);
#2617=ORIENTED_EDGE('',*,*,#1908,.F.);
#2618=ORIENTED_EDGE('',*,*,#1909,.T.);
#2619=ORIENTED_EDGE('',*,*,#1900,.F.);
#2620=ORIENTED_EDGE('',*,*,#1910,.T.);
#2621=ORIENTED_EDGE('',*,*,#1905,.F.);
#2622=ORIENTED_EDGE('',*,*,#1911,.T.);
#2623=ORIENTED_EDGE('',*,*,#1897,.F.);
#2624=ORIENTED_EDGE('',*,*,#1844,.T.);
#2625=ORIENTED_EDGE('',*,*,#1889,.F.);
#2626=ORIENTED_EDGE('',*,*,#1912,.T.);
#2627=ORIENTED_EDGE('',*,*,#1913,.T.);
#2628=ORIENTED_EDGE('',*,*,#1914,.T.);
#2629=ORIENTED_EDGE('',*,*,#1913,.F.);
#2630=ORIENTED_EDGE('',*,*,#1915,.T.);
#2631=ORIENTED_EDGE('',*,*,#1875,.F.);
#2632=ORIENTED_EDGE('',*,*,#1916,.T.);
#2633=ORIENTED_EDGE('',*,*,#1880,.F.);
#2634=ORIENTED_EDGE('',*,*,#1917,.T.);
#2635=ORIENTED_EDGE('',*,*,#1868,.F.);
#2636=ORIENTED_EDGE('',*,*,#1918,.T.);
#2637=ORIENTED_EDGE('',*,*,#1866,.F.);
#2638=ORIENTED_EDGE('',*,*,#1919,.T.);
#2639=ORIENTED_EDGE('',*,*,#1870,.T.);
#2640=ORIENTED_EDGE('',*,*,#1918,.F.);
#2641=ORIENTED_EDGE('',*,*,#1920,.T.);
#2642=ORIENTED_EDGE('',*,*,#1921,.F.);
#2643=ORIENTED_EDGE('',*,*,#1580,.T.);
#2644=ORIENTED_EDGE('',*,*,#1869,.F.);
#2645=ORIENTED_EDGE('',*,*,#1922,.T.);
#2646=ORIENTED_EDGE('',*,*,#1923,.F.);
#2647=ORIENTED_EDGE('',*,*,#1920,.F.);
#2648=ORIENTED_EDGE('',*,*,#1917,.F.);
#2649=ORIENTED_EDGE('',*,*,#1924,.F.);
#2650=ORIENTED_EDGE('',*,*,#1925,.F.);
#2651=ORIENTED_EDGE('',*,*,#1922,.F.);
#2652=ORIENTED_EDGE('',*,*,#1879,.F.);
#2653=ORIENTED_EDGE('',*,*,#1926,.F.);
#2654=ORIENTED_EDGE('',*,*,#1927,.T.);
#2655=ORIENTED_EDGE('',*,*,#1924,.T.);
#2656=ORIENTED_EDGE('',*,*,#1883,.F.);
#2657=ORIENTED_EDGE('',*,*,#1582,.T.);
#2658=ORIENTED_EDGE('',*,*,#1928,.F.);
#2659=ORIENTED_EDGE('',*,*,#1926,.T.);
#2660=ORIENTED_EDGE('',*,*,#1892,.F.);
#2661=ORIENTED_EDGE('',*,*,#1929,.T.);
#2662=ORIENTED_EDGE('',*,*,#1930,.F.);
#2663=ORIENTED_EDGE('',*,*,#1584,.T.);
#2664=ORIENTED_EDGE('',*,*,#1898,.F.);
#2665=ORIENTED_EDGE('',*,*,#1931,.T.);
#2666=ORIENTED_EDGE('',*,*,#1932,.F.);
#2667=ORIENTED_EDGE('',*,*,#1929,.F.);
#2668=ORIENTED_EDGE('',*,*,#1911,.F.);
#2669=ORIENTED_EDGE('',*,*,#1933,.F.);
#2670=ORIENTED_EDGE('',*,*,#1934,.F.);
#2671=ORIENTED_EDGE('',*,*,#1931,.F.);
#2672=ORIENTED_EDGE('',*,*,#1904,.F.);
#2673=ORIENTED_EDGE('',*,*,#1935,.F.);
#2674=ORIENTED_EDGE('',*,*,#1936,.T.);
#2675=ORIENTED_EDGE('',*,*,#1933,.T.);
#2676=ORIENTED_EDGE('',*,*,#1902,.F.);
#2677=ORIENTED_EDGE('',*,*,#1910,.F.);
#2678=ORIENTED_EDGE('',*,*,#1896,.F.);
#2679=ORIENTED_EDGE('',*,*,#1890,.F.);
#2680=ORIENTED_EDGE('',*,*,#1884,.F.);
#2681=ORIENTED_EDGE('',*,*,#1881,.F.);
#2682=ORIENTED_EDGE('',*,*,#1877,.F.);
#2683=ORIENTED_EDGE('',*,*,#1916,.F.);
#2684=ORIENTED_EDGE('',*,*,#1867,.F.);
#2685=ORIENTED_EDGE('',*,*,#1919,.F.);
#2686=ORIENTED_EDGE('',*,*,#1865,.F.);
#2687=ORIENTED_EDGE('',*,*,#1873,.F.);
#2688=ORIENTED_EDGE('',*,*,#1876,.F.);
#2689=ORIENTED_EDGE('',*,*,#1915,.F.);
#2690=ORIENTED_EDGE('',*,*,#1912,.F.);
#2691=ORIENTED_EDGE('',*,*,#1888,.F.);
#2692=ORIENTED_EDGE('',*,*,#1895,.F.);
#2693=ORIENTED_EDGE('',*,*,#1901,.F.);
#2694=ORIENTED_EDGE('',*,*,#1909,.F.);
#2695=ORIENTED_EDGE('',*,*,#1907,.F.);
#2696=ORIENTED_EDGE('',*,*,#1906,.F.);
#2697=ORIENTED_EDGE('',*,*,#1586,.T.);
#2698=ORIENTED_EDGE('',*,*,#1937,.T.);
#2699=ORIENTED_EDGE('',*,*,#1935,.T.);
#2700=ORIENTED_EDGE('',*,*,#1585,.T.);
#2701=ORIENTED_EDGE('',*,*,#1930,.T.);
#2702=ORIENTED_EDGE('',*,*,#1938,.T.);
#2703=ORIENTED_EDGE('',*,*,#1937,.F.);
#2704=ORIENTED_EDGE('',*,*,#1938,.F.);
#2705=ORIENTED_EDGE('',*,*,#1932,.T.);
#2706=ORIENTED_EDGE('',*,*,#1934,.T.);
#2707=ORIENTED_EDGE('',*,*,#1936,.F.);
#2708=ORIENTED_EDGE('',*,*,#1581,.T.);
#2709=ORIENTED_EDGE('',*,*,#1921,.T.);
#2710=ORIENTED_EDGE('',*,*,#1939,.T.);
#2711=ORIENTED_EDGE('',*,*,#1928,.T.);
#2712=ORIENTED_EDGE('',*,*,#1939,.F.);
#2713=ORIENTED_EDGE('',*,*,#1923,.T.);
#2714=ORIENTED_EDGE('',*,*,#1925,.T.);
#2715=ORIENTED_EDGE('',*,*,#1927,.F.);
#2716=ORIENTED_EDGE('',*,*,#1940,.F.);
#2717=ORIENTED_EDGE('',*,*,#1941,.F.);
#2718=ORIENTED_EDGE('',*,*,#1942,.F.);
#2719=ORIENTED_EDGE('',*,*,#1943,.F.);
#2720=ORIENTED_EDGE('',*,*,#1944,.F.);
#2721=ORIENTED_EDGE('',*,*,#1945,.T.);
#2722=ORIENTED_EDGE('',*,*,#1946,.F.);
#2723=ORIENTED_EDGE('',*,*,#1941,.T.);
#2724=ORIENTED_EDGE('',*,*,#1947,.F.);
#2725=ORIENTED_EDGE('',*,*,#1948,.F.);
#2726=ORIENTED_EDGE('',*,*,#1949,.F.);
#2727=ORIENTED_EDGE('',*,*,#1945,.F.);
#2728=ORIENTED_EDGE('',*,*,#1950,.F.);
#2729=ORIENTED_EDGE('',*,*,#1951,.T.);
#2730=ORIENTED_EDGE('',*,*,#1952,.F.);
#2731=ORIENTED_EDGE('',*,*,#1948,.T.);
#2732=ORIENTED_EDGE('',*,*,#1953,.F.);
#2733=ORIENTED_EDGE('',*,*,#1954,.F.);
#2734=ORIENTED_EDGE('',*,*,#1955,.F.);
#2735=ORIENTED_EDGE('',*,*,#1951,.F.);
#2736=ORIENTED_EDGE('',*,*,#1956,.F.);
#2737=ORIENTED_EDGE('',*,*,#1957,.T.);
#2738=ORIENTED_EDGE('',*,*,#1958,.F.);
#2739=ORIENTED_EDGE('',*,*,#1954,.T.);
#2740=ORIENTED_EDGE('',*,*,#1959,.F.);
#2741=ORIENTED_EDGE('',*,*,#1960,.F.);
#2742=ORIENTED_EDGE('',*,*,#1961,.F.);
#2743=ORIENTED_EDGE('',*,*,#1957,.F.);
#2744=ORIENTED_EDGE('',*,*,#1962,.F.);
#2745=ORIENTED_EDGE('',*,*,#1963,.T.);
#2746=ORIENTED_EDGE('',*,*,#1964,.F.);
#2747=ORIENTED_EDGE('',*,*,#1960,.T.);
#2748=ORIENTED_EDGE('',*,*,#1965,.F.);
#2749=ORIENTED_EDGE('',*,*,#1966,.F.);
#2750=ORIENTED_EDGE('',*,*,#1967,.F.);
#2751=ORIENTED_EDGE('',*,*,#1963,.F.);
#2752=ORIENTED_EDGE('',*,*,#1968,.F.);
#2753=ORIENTED_EDGE('',*,*,#1969,.T.);
#2754=ORIENTED_EDGE('',*,*,#1970,.F.);
#2755=ORIENTED_EDGE('',*,*,#1966,.T.);
#2756=ORIENTED_EDGE('',*,*,#1971,.F.);
#2757=ORIENTED_EDGE('',*,*,#1972,.F.);
#2758=ORIENTED_EDGE('',*,*,#1973,.F.);
#2759=ORIENTED_EDGE('',*,*,#1969,.F.);
#2760=ORIENTED_EDGE('',*,*,#1974,.F.);
#2761=ORIENTED_EDGE('',*,*,#1975,.T.);
#2762=ORIENTED_EDGE('',*,*,#1976,.F.);
#2763=ORIENTED_EDGE('',*,*,#1972,.T.);
#2764=ORIENTED_EDGE('',*,*,#1893,.F.);
#2765=ORIENTED_EDGE('',*,*,#1977,.F.);
#2766=ORIENTED_EDGE('',*,*,#1975,.F.);
#2767=ORIENTED_EDGE('',*,*,#1978,.F.);
#2768=ORIENTED_EDGE('',*,*,#1979,.F.);
#2769=ORIENTED_EDGE('',*,*,#1851,.T.);
#2770=ORIENTED_EDGE('',*,*,#1980,.F.);
#2771=ORIENTED_EDGE('',*,*,#1942,.T.);
#2772=ORIENTED_EDGE('',*,*,#1979,.T.);
#2773=ORIENTED_EDGE('',*,*,#1946,.T.);
#2774=ORIENTED_EDGE('',*,*,#1981,.F.);
#2775=ORIENTED_EDGE('',*,*,#1852,.T.);
#2776=ORIENTED_EDGE('',*,*,#1982,.F.);
#2777=ORIENTED_EDGE('',*,*,#1853,.T.);
#2778=ORIENTED_EDGE('',*,*,#1981,.T.);
#2779=ORIENTED_EDGE('',*,*,#1949,.T.);
#2780=ORIENTED_EDGE('',*,*,#1982,.T.);
#2781=ORIENTED_EDGE('',*,*,#1952,.T.);
#2782=ORIENTED_EDGE('',*,*,#1983,.F.);
#2783=ORIENTED_EDGE('',*,*,#1854,.T.);
#2784=ORIENTED_EDGE('',*,*,#1984,.F.);
#2785=ORIENTED_EDGE('',*,*,#1855,.T.);
#2786=ORIENTED_EDGE('',*,*,#1983,.T.);
#2787=ORIENTED_EDGE('',*,*,#1955,.T.);
#2788=ORIENTED_EDGE('',*,*,#1984,.T.);
#2789=ORIENTED_EDGE('',*,*,#1958,.T.);
#2790=ORIENTED_EDGE('',*,*,#1985,.F.);
#2791=ORIENTED_EDGE('',*,*,#1856,.T.);
#2792=ORIENTED_EDGE('',*,*,#1986,.F.);
#2793=ORIENTED_EDGE('',*,*,#1857,.T.);
#2794=ORIENTED_EDGE('',*,*,#1985,.T.);
#2795=ORIENTED_EDGE('',*,*,#1961,.T.);
#2796=ORIENTED_EDGE('',*,*,#1986,.T.);
#2797=ORIENTED_EDGE('',*,*,#1964,.T.);
#2798=ORIENTED_EDGE('',*,*,#1987,.F.);
#2799=ORIENTED_EDGE('',*,*,#1858,.T.);
#2800=ORIENTED_EDGE('',*,*,#1988,.F.);
#2801=ORIENTED_EDGE('',*,*,#1859,.T.);
#2802=ORIENTED_EDGE('',*,*,#1987,.T.);
#2803=ORIENTED_EDGE('',*,*,#1967,.T.);
#2804=ORIENTED_EDGE('',*,*,#1988,.T.);
#2805=ORIENTED_EDGE('',*,*,#1970,.T.);
#2806=ORIENTED_EDGE('',*,*,#1989,.F.);
#2807=ORIENTED_EDGE('',*,*,#1860,.T.);
#2808=ORIENTED_EDGE('',*,*,#1990,.F.);
#2809=ORIENTED_EDGE('',*,*,#1861,.T.);
#2810=ORIENTED_EDGE('',*,*,#1989,.T.);
#2811=ORIENTED_EDGE('',*,*,#1973,.T.);
#2812=ORIENTED_EDGE('',*,*,#1990,.T.);
#2813=ORIENTED_EDGE('',*,*,#1976,.T.);
#2814=ORIENTED_EDGE('',*,*,#1991,.F.);
#2815=ORIENTED_EDGE('',*,*,#1862,.T.);
#2816=ORIENTED_EDGE('',*,*,#1886,.F.);
#2817=ORIENTED_EDGE('',*,*,#1863,.T.);
#2818=ORIENTED_EDGE('',*,*,#1991,.T.);
#2819=ORIENTED_EDGE('',*,*,#1977,.T.);
#2820=ORIENTED_EDGE('',*,*,#1992,.F.);
#2821=ORIENTED_EDGE('',*,*,#1846,.T.);
#2822=ORIENTED_EDGE('',*,*,#1993,.T.);
#2823=ORIENTED_EDGE('',*,*,#1994,.T.);
#2824=ORIENTED_EDGE('',*,*,#1995,.F.);
#2825=ORIENTED_EDGE('',*,*,#1847,.T.);
#2826=ORIENTED_EDGE('',*,*,#1992,.T.);
#2827=ORIENTED_EDGE('',*,*,#1996,.T.);
#2828=ORIENTED_EDGE('',*,*,#1997,.F.);
#2829=ORIENTED_EDGE('',*,*,#1848,.T.);
#2830=ORIENTED_EDGE('',*,*,#1995,.T.);
#2831=ORIENTED_EDGE('',*,*,#1998,.T.);
#2832=ORIENTED_EDGE('',*,*,#1999,.F.);
#2833=ORIENTED_EDGE('',*,*,#1849,.T.);
#2834=ORIENTED_EDGE('',*,*,#1997,.T.);
#2835=ORIENTED_EDGE('',*,*,#2000,.T.);
#2836=ORIENTED_EDGE('',*,*,#1999,.T.);
#2837=ORIENTED_EDGE('',*,*,#2001,.T.);
#2838=ORIENTED_EDGE('',*,*,#1980,.T.);
#2839=ORIENTED_EDGE('',*,*,#1850,.T.);
#2840=ORIENTED_EDGE('',*,*,#2002,.F.);
#2841=ORIENTED_EDGE('',*,*,#1943,.T.);
#2842=ORIENTED_EDGE('',*,*,#2001,.F.);
#2843=ORIENTED_EDGE('',*,*,#2003,.T.);
#2844=ORIENTED_EDGE('',*,*,#2004,.F.);
#2845=ORIENTED_EDGE('',*,*,#2003,.F.);
#2846=ORIENTED_EDGE('',*,*,#2000,.F.);
#2847=ORIENTED_EDGE('',*,*,#2005,.F.);
#2848=ORIENTED_EDGE('',*,*,#2006,.F.);
#2849=ORIENTED_EDGE('',*,*,#2005,.T.);
#2850=ORIENTED_EDGE('',*,*,#1998,.F.);
#2851=ORIENTED_EDGE('',*,*,#2007,.F.);
#2852=ORIENTED_EDGE('',*,*,#2008,.F.);
#2853=ORIENTED_EDGE('',*,*,#2007,.T.);
#2854=ORIENTED_EDGE('',*,*,#1996,.F.);
#2855=ORIENTED_EDGE('',*,*,#2009,.F.);
#2856=ORIENTED_EDGE('',*,*,#2010,.F.);
#2857=ORIENTED_EDGE('',*,*,#2009,.T.);
#2858=ORIENTED_EDGE('',*,*,#1994,.F.);
#2859=ORIENTED_EDGE('',*,*,#2011,.F.);
#2860=ORIENTED_EDGE('',*,*,#2012,.F.);
#2861=ORIENTED_EDGE('',*,*,#1602,.T.);
#2862=ORIENTED_EDGE('',*,*,#2013,.F.);
#2863=ORIENTED_EDGE('',*,*,#2004,.T.);
#2864=ORIENTED_EDGE('',*,*,#2014,.F.);
#2865=ORIENTED_EDGE('',*,*,#1603,.T.);
#2866=ORIENTED_EDGE('',*,*,#2012,.T.);
#2867=ORIENTED_EDGE('',*,*,#2006,.T.);
#2868=ORIENTED_EDGE('',*,*,#2015,.F.);
#2869=ORIENTED_EDGE('',*,*,#1604,.T.);
#2870=ORIENTED_EDGE('',*,*,#2014,.T.);
#2871=ORIENTED_EDGE('',*,*,#2008,.T.);
#2872=ORIENTED_EDGE('',*,*,#2016,.F.);
#2873=ORIENTED_EDGE('',*,*,#1605,.T.);
#2874=ORIENTED_EDGE('',*,*,#2015,.T.);
#2875=ORIENTED_EDGE('',*,*,#2010,.T.);
#2876=ORIENTED_EDGE('',*,*,#1899,.F.);
#2877=ORIENTED_EDGE('',*,*,#1978,.T.);
#2878=ORIENTED_EDGE('',*,*,#2017,.F.);
#2879=ORIENTED_EDGE('',*,*,#1588,.T.);
#2880=ORIENTED_EDGE('',*,*,#2017,.T.);
#2881=ORIENTED_EDGE('',*,*,#1974,.T.);
#2882=ORIENTED_EDGE('',*,*,#2018,.F.);
#2883=ORIENTED_EDGE('',*,*,#1589,.T.);
#2884=ORIENTED_EDGE('',*,*,#2019,.F.);
#2885=ORIENTED_EDGE('',*,*,#1590,.T.);
#2886=ORIENTED_EDGE('',*,*,#2018,.T.);
#2887=ORIENTED_EDGE('',*,*,#1971,.T.);
#2888=ORIENTED_EDGE('',*,*,#2019,.T.);
#2889=ORIENTED_EDGE('',*,*,#1968,.T.);
#2890=ORIENTED_EDGE('',*,*,#2020,.F.);
#2891=ORIENTED_EDGE('',*,*,#1591,.T.);
#2892=ORIENTED_EDGE('',*,*,#2020,.T.);
#2893=ORIENTED_EDGE('',*,*,#1965,.T.);
#2894=ORIENTED_EDGE('',*,*,#2021,.F.);
#2895=ORIENTED_EDGE('',*,*,#1592,.T.);
#2896=ORIENTED_EDGE('',*,*,#2021,.T.);
#2897=ORIENTED_EDGE('',*,*,#1962,.T.);
#2898=ORIENTED_EDGE('',*,*,#2022,.F.);
#2899=ORIENTED_EDGE('',*,*,#1593,.T.);
#2900=ORIENTED_EDGE('',*,*,#2022,.T.);
#2901=ORIENTED_EDGE('',*,*,#1959,.T.);
#2902=ORIENTED_EDGE('',*,*,#2023,.F.);
#2903=ORIENTED_EDGE('',*,*,#1594,.T.);
#2904=ORIENTED_EDGE('',*,*,#2023,.T.);
#2905=ORIENTED_EDGE('',*,*,#1956,.T.);
#2906=ORIENTED_EDGE('',*,*,#2024,.F.);
#2907=ORIENTED_EDGE('',*,*,#1595,.T.);
#2908=ORIENTED_EDGE('',*,*,#2025,.F.);
#2909=ORIENTED_EDGE('',*,*,#1596,.T.);
#2910=ORIENTED_EDGE('',*,*,#2024,.T.);
#2911=ORIENTED_EDGE('',*,*,#1953,.T.);
#2912=ORIENTED_EDGE('',*,*,#2025,.T.);
#2913=ORIENTED_EDGE('',*,*,#1950,.T.);
#2914=ORIENTED_EDGE('',*,*,#2026,.F.);
#2915=ORIENTED_EDGE('',*,*,#1597,.T.);
#2916=ORIENTED_EDGE('',*,*,#2027,.F.);
#2917=ORIENTED_EDGE('',*,*,#1598,.T.);
#2918=ORIENTED_EDGE('',*,*,#2026,.T.);
#2919=ORIENTED_EDGE('',*,*,#1947,.T.);
#2920=ORIENTED_EDGE('',*,*,#2027,.T.);
#2921=ORIENTED_EDGE('',*,*,#1944,.T.);
#2922=ORIENTED_EDGE('',*,*,#2028,.F.);
#2923=ORIENTED_EDGE('',*,*,#1599,.T.);
#2924=ORIENTED_EDGE('',*,*,#2028,.T.);
#2925=ORIENTED_EDGE('',*,*,#1940,.T.);
#2926=ORIENTED_EDGE('',*,*,#2029,.F.);
#2927=ORIENTED_EDGE('',*,*,#1600,.T.);
#2928=ORIENTED_EDGE('',*,*,#2029,.T.);
#2929=ORIENTED_EDGE('',*,*,#2002,.T.);
#2930=ORIENTED_EDGE('',*,*,#2013,.T.);
#2931=ORIENTED_EDGE('',*,*,#1601,.T.);
#2932=ORIENTED_EDGE('',*,*,#1871,.F.);
#2933=ORIENTED_EDGE('',*,*,#1606,.T.);
#2934=ORIENTED_EDGE('',*,*,#2016,.T.);
#2935=ORIENTED_EDGE('',*,*,#2030,.T.);
#2936=ORIENTED_EDGE('',*,*,#1874,.F.);
#2937=ORIENTED_EDGE('',*,*,#2030,.F.);
#2938=ORIENTED_EDGE('',*,*,#2011,.T.);
#2939=ORIENTED_EDGE('',*,*,#2031,.F.);
#2940=ORIENTED_EDGE('',*,*,#1914,.F.);
#2941=ORIENTED_EDGE('',*,*,#2031,.T.);
#2942=ORIENTED_EDGE('',*,*,#1993,.F.);
#2943=ORIENTED_EDGE('',*,*,#1845,.T.);
#2944=CONICAL_SURFACE('',#3165,1.65,0.785398163396616);
#2945=CONICAL_SURFACE('',#3183,1.65,0.785398163397104);
#2946=CONICAL_SURFACE('',#3187,1.65,0.785398163398415);
#2947=CONICAL_SURFACE('',#3191,1.65,0.785398163396527);
#2948=CONICAL_SURFACE('',#3195,2.275,0.785398163397448);
#2949=CONICAL_SURFACE('',#3197,2.275,0.785398163397448);
#2950=CONICAL_SURFACE('',#3199,2.275,0.785398163397448);
#2951=CONICAL_SURFACE('',#3201,2.275,0.785398163397448);
#2952=CONICAL_SURFACE('',#3296,3.5,0.785398163397342);
#2953=CONICAL_SURFACE('',#3298,3.7,0.78539816339739);
#2954=CONICAL_SURFACE('',#3300,3.7,0.785398163397373);
#2955=CONICAL_SURFACE('',#3302,3.5,0.785398163397319);
#2956=CONICAL_SURFACE('',#3304,3.50000000000001,0.785398163397304);
#2957=CONICAL_SURFACE('',#3306,3.5,0.785398163397477);
#2958=CONICAL_SURFACE('',#3308,3.50000000000005,0.785398163397431);
#2959=CONICAL_SURFACE('',#3311,3.50000000000001,0.785398163397517);
#2960=CONICAL_SURFACE('',#3314,3.5,0.785398163397341);
#2961=CONICAL_SURFACE('',#3325,3.50000000000001,0.785398163397517);
#2962=CONICAL_SURFACE('',#3327,3.50000000000005,0.785398163397461);
#2963=CONICAL_SURFACE('',#3329,3.5,0.785398163397394);
#2964=CONICAL_SURFACE('',#3331,3.5,0.785398163397549);
#2965=CONICAL_SURFACE('',#3333,3.5,0.785398163397548);
#2966=CONICAL_SURFACE('',#3335,3.7,0.7853981633975);
#2967=CONICAL_SURFACE('',#3337,3.7,0.785398163397483);
#2968=CONICAL_SURFACE('',#3339,3.5,0.785398163397525);
#2969=CONICAL_SURFACE('',#3341,3.5,0.785398163397525);
#2970=ADVANCED_FACE('',(#295),#2944,.F.);
#2971=ADVANCED_FACE('',(#296,#203,#204,#205,#206,#207,#208),#214,.F.);
#2972=ADVANCED_FACE('',(#297),#72,.F.);
#2973=ADVANCED_FACE('',(#298),#2945,.F.);
#2974=ADVANCED_FACE('',(#299),#73,.F.);
#2975=ADVANCED_FACE('',(#300),#2946,.F.);
#2976=ADVANCED_FACE('',(#301),#74,.F.);
#2977=ADVANCED_FACE('',(#302),#2947,.F.);
#2978=ADVANCED_FACE('',(#303),#75,.F.);
#2979=ADVANCED_FACE('',(#304),#2948,.F.);
#2980=ADVANCED_FACE('',(#305),#2949,.F.);
#2981=ADVANCED_FACE('',(#306),#2950,.F.);
#2982=ADVANCED_FACE('',(#307),#2951,.F.);
#2983=ADVANCED_FACE('',(#308),#76,.F.);
#2984=ADVANCED_FACE('',(#309),#77,.F.);
#2985=ADVANCED_FACE('',(#310),#78,.F.);
#2986=ADVANCED_FACE('',(#311),#79,.F.);
#2987=ADVANCED_FACE('',(#312),#15,.F.);
#2988=ADVANCED_FACE('',(#313),#16,.F.);
#2989=ADVANCED_FACE('',(#314),#17,.F.);
#2990=ADVANCED_FACE('',(#315),#18,.F.);
#2991=ADVANCED_FACE('',(#316),#19,.F.);
#2992=ADVANCED_FACE('',(#317),#20,.F.);
#2993=ADVANCED_FACE('',(#318),#215,.F.);
#2994=ADVANCED_FACE('',(#319),#21,.F.);
#2995=ADVANCED_FACE('',(#320),#22,.F.);
#2996=ADVANCED_FACE('',(#321),#216,.F.);
#2997=ADVANCED_FACE('',(#322),#217,.F.);
#2998=ADVANCED_FACE('',(#323),#23,.F.);
#2999=ADVANCED_FACE('',(#324),#24,.F.);
#3000=ADVANCED_FACE('',(#325),#25,.F.);
#3001=ADVANCED_FACE('',(#326),#26,.F.);
#3002=ADVANCED_FACE('',(#327),#27,.F.);
#3003=ADVANCED_FACE('',(#328),#28,.F.);
#3004=ADVANCED_FACE('',(#329),#29,.F.);
#3005=ADVANCED_FACE('',(#330),#30,.F.);
#3006=ADVANCED_FACE('',(#331),#218,.F.);
#3007=ADVANCED_FACE('',(#332),#31,.F.);
#3008=ADVANCED_FACE('',(#333),#32,.F.);
#3009=ADVANCED_FACE('',(#334),#33,.F.);
#3010=ADVANCED_FACE('',(#335),#34,.F.);
#3011=ADVANCED_FACE('',(#336),#35,.F.);
#3012=ADVANCED_FACE('',(#337),#36,.F.);
#3013=ADVANCED_FACE('',(#338),#37,.F.);
#3014=ADVANCED_FACE('',(#339),#38,.F.);
#3015=ADVANCED_FACE('',(#340),#39,.F.);
#3016=ADVANCED_FACE('',(#341),#40,.F.);
#3017=ADVANCED_FACE('',(#342),#41,.F.);
#3018=ADVANCED_FACE('',(#343),#42,.F.);
#3019=ADVANCED_FACE('',(#344),#219,.F.);
#3020=ADVANCED_FACE('',(#345),#220,.F.);
#3021=ADVANCED_FACE('',(#346),#43,.F.);
#3022=ADVANCED_FACE('',(#347),#44,.F.);
#3023=ADVANCED_FACE('',(#348),#45,.F.);
#3024=ADVANCED_FACE('',(#349,#209),#221,.T.);
#3025=ADVANCED_FACE('',(#350),#46,.F.);
#3026=ADVANCED_FACE('',(#351),#47,.F.);
#3027=ADVANCED_FACE('',(#352),#48,.F.);
#3028=ADVANCED_FACE('',(#353),#222,.F.);
#3029=ADVANCED_FACE('',(#354),#49,.F.);
#3030=ADVANCED_FACE('',(#355),#50,.F.);
#3031=ADVANCED_FACE('',(#356),#51,.F.);
#3032=ADVANCED_FACE('',(#357),#52,.F.);
#3033=ADVANCED_FACE('',(#358),#53,.F.);
#3034=ADVANCED_FACE('',(#359),#54,.F.);
#3035=ADVANCED_FACE('',(#360),#55,.F.);
#3036=ADVANCED_FACE('',(#361),#56,.F.);
#3037=ADVANCED_FACE('',(#362),#57,.F.);
#3038=ADVANCED_FACE('',(#363),#58,.F.);
#3039=ADVANCED_FACE('',(#364),#59,.F.);
#3040=ADVANCED_FACE('',(#365),#60,.F.);
#3041=ADVANCED_FACE('',(#366),#61,.F.);
#3042=ADVANCED_FACE('',(#367),#62,.F.);
#3043=ADVANCED_FACE('',(#368),#63,.F.);
#3044=ADVANCED_FACE('',(#369),#64,.F.);
#3045=ADVANCED_FACE('',(#370),#65,.F.);
#3046=ADVANCED_FACE('',(#371),#66,.F.);
#3047=ADVANCED_FACE('',(#372),#67,.F.);
#3048=ADVANCED_FACE('',(#373),#223,.F.);
#3049=ADVANCED_FACE('',(#374),#224,.F.);
#3050=ADVANCED_FACE('',(#375),#68,.F.);
#3051=ADVANCED_FACE('',(#376),#69,.F.);
#3052=ADVANCED_FACE('',(#377),#70,.F.);
#3053=ADVANCED_FACE('',(#378),#225,.F.);
#3054=ADVANCED_FACE('',(#379),#226,.F.);
#3055=ADVANCED_FACE('',(#380),#71,.F.);
#3056=ADVANCED_FACE('',(#381),#227,.T.);
#3057=ADVANCED_FACE('',(#382,#210,#211,#212,#213),#228,.T.);
#3058=ADVANCED_FACE('',(#383),#229,.F.);
#3059=ADVANCED_FACE('',(#384),#230,.T.);
#3060=ADVANCED_FACE('',(#385),#231,.T.);
#3061=ADVANCED_FACE('',(#386),#232,.T.);
#3062=ADVANCED_FACE('',(#387),#233,.T.);
#3063=ADVANCED_FACE('',(#388),#234,.T.);
#3064=ADVANCED_FACE('',(#389),#235,.T.);
#3065=ADVANCED_FACE('',(#390),#236,.T.);
#3066=ADVANCED_FACE('',(#391),#237,.T.);
#3067=ADVANCED_FACE('',(#392),#238,.T.);
#3068=ADVANCED_FACE('',(#393),#239,.T.);
#3069=ADVANCED_FACE('',(#394),#240,.T.);
#3070=ADVANCED_FACE('',(#395),#241,.T.);
#3071=ADVANCED_FACE('',(#396),#242,.T.);
#3072=ADVANCED_FACE('',(#397),#243,.T.);
#3073=ADVANCED_FACE('',(#398),#244,.T.);
#3074=ADVANCED_FACE('',(#399),#245,.T.);
#3075=ADVANCED_FACE('',(#400),#246,.T.);
#3076=ADVANCED_FACE('',(#401),#247,.T.);
#3077=ADVANCED_FACE('',(#402),#248,.T.);
#3078=ADVANCED_FACE('',(#403),#249,.T.);
#3079=ADVANCED_FACE('',(#404),#250,.T.);
#3080=ADVANCED_FACE('',(#405),#251,.F.);
#3081=ADVANCED_FACE('',(#406),#252,.F.);
#3082=ADVANCED_FACE('',(#407),#253,.F.);
#3083=ADVANCED_FACE('',(#408),#254,.T.);
#3084=ADVANCED_FACE('',(#409),#255,.T.);
#3085=ADVANCED_FACE('',(#410),#256,.F.);
#3086=ADVANCED_FACE('',(#411),#257,.F.);
#3087=ADVANCED_FACE('',(#412),#258,.F.);
#3088=ADVANCED_FACE('',(#413),#259,.T.);
#3089=ADVANCED_FACE('',(#414),#260,.T.);
#3090=ADVANCED_FACE('',(#415),#261,.T.);
#3091=ADVANCED_FACE('',(#416),#262,.F.);
#3092=ADVANCED_FACE('',(#417),#263,.T.);
#3093=ADVANCED_FACE('',(#418),#264,.F.);
#3094=ADVANCED_FACE('',(#419),#265,.T.);
#3095=ADVANCED_FACE('',(#420),#80,.T.);
#3096=ADVANCED_FACE('',(#421),#266,.T.);
#3097=ADVANCED_FACE('',(#422),#81,.F.);
#3098=ADVANCED_FACE('',(#423),#267,.T.);
#3099=ADVANCED_FACE('',(#424),#82,.F.);
#3100=ADVANCED_FACE('',(#425),#268,.T.);
#3101=ADVANCED_FACE('',(#426),#83,.T.);
#3102=ADVANCED_FACE('',(#427),#269,.T.);
#3103=ADVANCED_FACE('',(#428),#84,.T.);
#3104=ADVANCED_FACE('',(#429),#270,.T.);
#3105=ADVANCED_FACE('',(#430),#85,.T.);
#3106=ADVANCED_FACE('',(#431),#271,.T.);
#3107=ADVANCED_FACE('',(#432),#272,.T.);
#3108=ADVANCED_FACE('',(#433),#2952,.T.);
#3109=ADVANCED_FACE('',(#434),#273,.T.);
#3110=ADVANCED_FACE('',(#435),#2953,.F.);
#3111=ADVANCED_FACE('',(#436),#274,.T.);
#3112=ADVANCED_FACE('',(#437),#2954,.F.);
#3113=ADVANCED_FACE('',(#438),#275,.T.);
#3114=ADVANCED_FACE('',(#439),#2955,.T.);
#3115=ADVANCED_FACE('',(#440),#276,.T.);
#3116=ADVANCED_FACE('',(#441),#2956,.T.);
#3117=ADVANCED_FACE('',(#442),#277,.T.);
#3118=ADVANCED_FACE('',(#443),#2957,.T.);
#3119=ADVANCED_FACE('',(#444),#278,.T.);
#3120=ADVANCED_FACE('',(#445),#2958,.F.);
#3121=ADVANCED_FACE('',(#446),#279,.T.);
#3122=ADVANCED_FACE('',(#447),#2959,.F.);
#3123=ADVANCED_FACE('',(#448),#280,.T.);
#3124=ADVANCED_FACE('',(#449),#2960,.T.);
#3125=ADVANCED_FACE('',(#450),#86,.T.);
#3126=ADVANCED_FACE('',(#451),#281,.T.);
#3127=ADVANCED_FACE('',(#452),#87,.F.);
#3128=ADVANCED_FACE('',(#453),#282,.T.);
#3129=ADVANCED_FACE('',(#454),#88,.F.);
#3130=ADVANCED_FACE('',(#455),#283,.T.);
#3131=ADVANCED_FACE('',(#456),#2961,.F.);
#3132=ADVANCED_FACE('',(#457),#284,.T.);
#3133=ADVANCED_FACE('',(#458),#2962,.F.);
#3134=ADVANCED_FACE('',(#459),#285,.T.);
#3135=ADVANCED_FACE('',(#460),#2963,.T.);
#3136=ADVANCED_FACE('',(#461),#286,.T.);
#3137=ADVANCED_FACE('',(#462),#2964,.T.);
#3138=ADVANCED_FACE('',(#463),#287,.T.);
#3139=ADVANCED_FACE('',(#464),#2965,.T.);
#3140=ADVANCED_FACE('',(#465),#288,.T.);
#3141=ADVANCED_FACE('',(#466),#2966,.F.);
#3142=ADVANCED_FACE('',(#467),#289,.T.);
#3143=ADVANCED_FACE('',(#468),#2967,.F.);
#3144=ADVANCED_FACE('',(#469),#290,.T.);
#3145=ADVANCED_FACE('',(#470),#2968,.T.);
#3146=ADVANCED_FACE('',(#471),#291,.T.);
#3147=ADVANCED_FACE('',(#472),#2969,.T.);
#3148=ADVANCED_FACE('',(#473),#292,.T.);
#3149=ADVANCED_FACE('',(#474),#293,.T.);
#3150=ADVANCED_FACE('',(#475),#294,.T.);
#3151=CLOSED_SHELL('',(#2970,#2971,#2972,#2973,#2974,#2975,#2976,#2977,
#2978,#2979,#2980,#2981,#2982,#2983,#2984,#2985,#2986,#2987,#2988,#2989,
#2990,#2991,#2992,#2993,#2994,#2995,#2996,#2997,#2998,#2999,#3000,#3001,
#3002,#3003,#3004,#3005,#3006,#3007,#3008,#3009,#3010,#3011,#3012,#3013,
#3014,#3015,#3016,#3017,#3018,#3019,#3020,#3021,#3022,#3023,#3024,#3025,
#3026,#3027,#3028,#3029,#3030,#3031,#3032,#3033,#3034,#3035,#3036,#3037,
#3038,#3039,#3040,#3041,#3042,#3043,#3044,#3045,#3046,#3047,#3048,#3049,
#3050,#3051,#3052,#3053,#3054,#3055,#3056,#3057,#3058,#3059,#3060,#3061,
#3062,#3063,#3064,#3065,#3066,#3067,#3068,#3069,#3070,#3071,#3072,#3073,
#3074,#3075,#3076,#3077,#3078,#3079,#3080,#3081,#3082,#3083,#3084,#3085,
#3086,#3087,#3088,#3089,#3090,#3091,#3092,#3093,#3094,#3095,#3096,#3097,
#3098,#3099,#3100,#3101,#3102,#3103,#3104,#3105,#3106,#3107,#3108,#3109,
#3110,#3111,#3112,#3113,#3114,#3115,#3116,#3117,#3118,#3119,#3120,#3121,
#3122,#3123,#3124,#3125,#3126,#3127,#3128,#3129,#3130,#3131,#3132,#3133,
#3134,#3135,#3136,#3137,#3138,#3139,#3140,#3141,#3142,#3143,#3144,#3145,
#3146,#3147,#3148,#3149,#3150));
#3152=DERIVED_UNIT_ELEMENT(#3154,1.);
#3153=DERIVED_UNIT_ELEMENT(#5885,-3.);
#3154=(
MASS_UNIT()
NAMED_UNIT(*)
SI_UNIT(.KILO.,.GRAM.)
);
#3155=DERIVED_UNIT((#3152,#3153));
#3156=MEASURE_REPRESENTATION_ITEM('density measure',
POSITIVE_RATIO_MEASURE(7850.),#3155);
#3157=PROPERTY_DEFINITION_REPRESENTATION(#3162,#3159);
#3158=PROPERTY_DEFINITION_REPRESENTATION(#3163,#3160);
#3159=REPRESENTATION('material name',(#3161),#5882);
#3160=REPRESENTATION('density',(#3156),#5882);
#3161=DESCRIPTIVE_REPRESENTATION_ITEM('Steel','Steel');
#3162=PROPERTY_DEFINITION('material property','material name',#5892);
#3163=PROPERTY_DEFINITION('material property','density of part',#5892);
#3164=AXIS2_PLACEMENT_3D('',#3993,#3345,#3346);
#3165=AXIS2_PLACEMENT_3D('',#3994,#3347,#3348);
#3166=AXIS2_PLACEMENT_3D('',#3996,#3349,#3350);
#3167=AXIS2_PLACEMENT_3D('',#3999,#3352,#3353);
#3168=AXIS2_PLACEMENT_3D('',#4000,#3354,#3355);
#3169=AXIS2_PLACEMENT_3D('',#4023,#3366,#3367);
#3170=AXIS2_PLACEMENT_3D('',#4027,#3369,#3370);
#3171=AXIS2_PLACEMENT_3D('',#4031,#3372,#3373);
#3172=AXIS2_PLACEMENT_3D('',#4035,#3375,#3376);
#3173=AXIS2_PLACEMENT_3D('',#4039,#3378,#3379);
#3174=AXIS2_PLACEMENT_3D('',#4043,#3381,#3382);
#3175=AXIS2_PLACEMENT_3D('',#4047,#3384,#3385);
#3176=AXIS2_PLACEMENT_3D('',#4051,#3387,#3388);
#3177=AXIS2_PLACEMENT_3D('',#4055,#3390,#3391);
#3178=AXIS2_PLACEMENT_3D('',#4058,#3393,#3394);
#3179=AXIS2_PLACEMENT_3D('',#4060,#3395,#3396);
#3180=AXIS2_PLACEMENT_3D('',#4366,#3405,#3406);
#3181=AXIS2_PLACEMENT_3D('',#4367,#3407,#3408);
#3182=AXIS2_PLACEMENT_3D('',#4369,#3409,#3410);
#3183=AXIS2_PLACEMENT_3D('',#4371,#3412,#3413);
#3184=AXIS2_PLACEMENT_3D('',#4374,#3415,#3416);
#3185=AXIS2_PLACEMENT_3D('',#4375,#3417,#3418);
#3186=AXIS2_PLACEMENT_3D('',#4377,#3419,#3420);
#3187=AXIS2_PLACEMENT_3D('',#4379,#3422,#3423);
#3188=AXIS2_PLACEMENT_3D('',#4382,#3425,#3426);
#3189=AXIS2_PLACEMENT_3D('',#4383,#3427,#3428);
#3190=AXIS2_PLACEMENT_3D('',#4385,#3429,#3430);
#3191=AXIS2_PLACEMENT_3D('',#4387,#3432,#3433);
#3192=AXIS2_PLACEMENT_3D('',#4390,#3435,#3436);
#3193=AXIS2_PLACEMENT_3D('',#4391,#3437,#3438);
#3194=AXIS2_PLACEMENT_3D('',#4393,#3439,#3440);
#3195=AXIS2_PLACEMENT_3D('',#4395,#3442,#3443);
#3196=AXIS2_PLACEMENT_3D('',#4397,#3444,#3445);
#3197=AXIS2_PLACEMENT_3D('',#4399,#3447,#3448);
#3198=AXIS2_PLACEMENT_3D('',#4401,#3449,#3450);
#3199=AXIS2_PLACEMENT_3D('',#4403,#3452,#3453);
#3200=AXIS2_PLACEMENT_3D('',#4405,#3454,#3455);
#3201=AXIS2_PLACEMENT_3D('',#4407,#3457,#3458);
#3202=AXIS2_PLACEMENT_3D('',#4409,#3459,#3460);
#3203=AXIS2_PLACEMENT_3D('',#4411,#3462,#3463);
#3204=AXIS2_PLACEMENT_3D('',#4413,#3464,#3465);
#3205=AXIS2_PLACEMENT_3D('',#4415,#3467,#3468);
#3206=AXIS2_PLACEMENT_3D('',#4417,#3469,#3470);
#3207=AXIS2_PLACEMENT_3D('',#4419,#3472,#3473);
#3208=AXIS2_PLACEMENT_3D('',#4421,#3474,#3475);
#3209=AXIS2_PLACEMENT_3D('',#4423,#3477,#3478);
#3210=AXIS2_PLACEMENT_3D('',#4425,#3479,#3480);
#3211=AXIS2_PLACEMENT_3D('',#4568,#3489,#3490);
#3212=AXIS2_PLACEMENT_3D('',#4620,#3496,#3497);
#3213=AXIS2_PLACEMENT_3D('',#4626,#3501,#3502);
#3214=AXIS2_PLACEMENT_3D('',#4773,#3514,#3515);
#3215=AXIS2_PLACEMENT_3D('',#4981,#3530,#3531);
#3216=AXIS2_PLACEMENT_3D('',#4985,#3534,#3535);
#3217=AXIS2_PLACEMENT_3D('',#5038,#3540,#3541);
#3218=AXIS2_PLACEMENT_3D('',#5092,#3546,#3547);
#3219=AXIS2_PLACEMENT_3D('',#5419,#3569,#3570);
#3220=AXIS2_PLACEMENT_3D('',#5423,#3573,#3574);
#3221=AXIS2_PLACEMENT_3D('',#5478,#3580,#3581);
#3222=AXIS2_PLACEMENT_3D('',#5482,#3584,#3585);
#3223=AXIS2_PLACEMENT_3D('',#5501,#3588,#3589);
#3224=AXIS2_PLACEMENT_3D('',#5502,#3590,#3591);
#3225=AXIS2_PLACEMENT_3D('',#5509,#3594,#3595);
#3226=AXIS2_PLACEMENT_3D('',#5513,#3597,#3598);
#3227=AXIS2_PLACEMENT_3D('',#5517,#3600,#3601);
#3228=AXIS2_PLACEMENT_3D('',#5521,#3603,#3604);
#3229=AXIS2_PLACEMENT_3D('',#5525,#3606,#3607);
#3230=AXIS2_PLACEMENT_3D('',#5529,#3609,#3610);
#3231=AXIS2_PLACEMENT_3D('',#5533,#3612,#3613);
#3232=AXIS2_PLACEMENT_3D('',#5537,#3615,#3616);
#3233=AXIS2_PLACEMENT_3D('',#5541,#3618,#3619);
#3234=AXIS2_PLACEMENT_3D('',#5543,#3621,#3622);
#3235=AXIS2_PLACEMENT_3D('',#5544,#3623,#3624);
#3236=AXIS2_PLACEMENT_3D('',#5550,#3628,#3629);
#3237=AXIS2_PLACEMENT_3D('',#5559,#3634,#3635);
#3238=AXIS2_PLACEMENT_3D('',#5565,#3639,#3640);
#3239=AXIS2_PLACEMENT_3D('',#5571,#3644,#3645);
#3240=AXIS2_PLACEMENT_3D('',#5580,#3650,#3651);
#3241=AXIS2_PLACEMENT_3D('',#5585,#3655,#3656);
#3242=AXIS2_PLACEMENT_3D('',#5589,#3659,#3660);
#3243=AXIS2_PLACEMENT_3D('',#5597,#3665,#3666);
#3244=AXIS2_PLACEMENT_3D('',#5603,#3670,#3671);
#3245=AXIS2_PLACEMENT_3D('',#5609,#3675,#3676);
#3246=AXIS2_PLACEMENT_3D('',#5615,#3680,#3681);
#3247=AXIS2_PLACEMENT_3D('',#5620,#3685,#3686);
#3248=AXIS2_PLACEMENT_3D('',#5629,#3691,#3692);
#3249=AXIS2_PLACEMENT_3D('',#5634,#3696,#3697);
#3250=AXIS2_PLACEMENT_3D('',#5636,#3699,#3700);
#3251=AXIS2_PLACEMENT_3D('',#5639,#3703,#3704);
#3252=AXIS2_PLACEMENT_3D('',#5643,#3707,#3708);
#3253=AXIS2_PLACEMENT_3D('',#5646,#3711,#3712);
#3254=AXIS2_PLACEMENT_3D('',#5649,#3715,#3716);
#3255=AXIS2_PLACEMENT_3D('',#5652,#3719,#3720);
#3256=AXIS2_PLACEMENT_3D('',#5656,#3723,#3724);
#3257=AXIS2_PLACEMENT_3D('',#5660,#3727,#3728);
#3258=AXIS2_PLACEMENT_3D('',#5664,#3731,#3732);
#3259=AXIS2_PLACEMENT_3D('',#5668,#3735,#3736);
#3260=AXIS2_PLACEMENT_3D('',#5670,#3738,#3739);
#3261=AXIS2_PLACEMENT_3D('',#5674,#3742,#3743);
#3262=AXIS2_PLACEMENT_3D('',#5678,#3746,#3747);
#3263=AXIS2_PLACEMENT_3D('',#5682,#3750,#3751);
#3264=AXIS2_PLACEMENT_3D('',#5686,#3754,#3755);
#3265=AXIS2_PLACEMENT_3D('',#5687,#3756,#3757);
#3266=AXIS2_PLACEMENT_3D('',#5689,#3759,#3760);
#3267=AXIS2_PLACEMENT_3D('',#5691,#3762,#3763);
#3268=AXIS2_PLACEMENT_3D('',#5692,#3764,#3765);
#3269=AXIS2_PLACEMENT_3D('',#5694,#3767,#3768);
#3270=AXIS2_PLACEMENT_3D('',#5695,#3769,#3770);
#3271=AXIS2_PLACEMENT_3D('',#5704,#3775,#3776);
#3272=AXIS2_PLACEMENT_3D('',#5706,#3777,#3778);
#3273=AXIS2_PLACEMENT_3D('',#5709,#3780,#3781);
#3274=AXIS2_PLACEMENT_3D('',#5710,#3782,#3783);
#3275=AXIS2_PLACEMENT_3D('',#5716,#3787,#3788);
#3276=AXIS2_PLACEMENT_3D('',#5718,#3789,#3790);
#3277=AXIS2_PLACEMENT_3D('',#5721,#3792,#3793);
#3278=AXIS2_PLACEMENT_3D('',#5722,#3794,#3795);
#3279=AXIS2_PLACEMENT_3D('',#5728,#3799,#3800);
#3280=AXIS2_PLACEMENT_3D('',#5730,#3801,#3802);
#3281=AXIS2_PLACEMENT_3D('',#5733,#3804,#3805);
#3282=AXIS2_PLACEMENT_3D('',#5734,#3806,#3807);
#3283=AXIS2_PLACEMENT_3D('',#5740,#3811,#3812);
#3284=AXIS2_PLACEMENT_3D('',#5742,#3813,#3814);
#3285=AXIS2_PLACEMENT_3D('',#5745,#3816,#3817);
#3286=AXIS2_PLACEMENT_3D('',#5746,#3818,#3819);
#3287=AXIS2_PLACEMENT_3D('',#5752,#3823,#3824);
#3288=AXIS2_PLACEMENT_3D('',#5754,#3825,#3826);
#3289=AXIS2_PLACEMENT_3D('',#5757,#3828,#3829);
#3290=AXIS2_PLACEMENT_3D('',#5758,#3830,#3831);
#3291=AXIS2_PLACEMENT_3D('',#5764,#3835,#3836);
#3292=AXIS2_PLACEMENT_3D('',#5766,#3837,#3838);
#3293=AXIS2_PLACEMENT_3D('',#5769,#3840,#3841);
#3294=AXIS2_PLACEMENT_3D('',#5770,#3842,#3843);
#3295=AXIS2_PLACEMENT_3D('',#5773,#3846,#3847);
#3296=AXIS2_PLACEMENT_3D('',#5776,#3850,#3851);
#3297=AXIS2_PLACEMENT_3D('',#5778,#3853,#3854);
#3298=AXIS2_PLACEMENT_3D('',#5780,#3856,#3857);
#3299=AXIS2_PLACEMENT_3D('',#5782,#3859,#3860);
#3300=AXIS2_PLACEMENT_3D('',#5784,#3862,#3863);
#3301=AXIS2_PLACEMENT_3D('',#5786,#3865,#3866);
#3302=AXIS2_PLACEMENT_3D('',#5788,#3868,#3869);
#3303=AXIS2_PLACEMENT_3D('',#5790,#3871,#3872);
#3304=AXIS2_PLACEMENT_3D('',#5792,#3874,#3875);
#3305=AXIS2_PLACEMENT_3D('',#5794,#3877,#3878);
#3306=AXIS2_PLACEMENT_3D('',#5796,#3880,#3881);
#3307=AXIS2_PLACEMENT_3D('',#5798,#3883,#3884);
#3308=AXIS2_PLACEMENT_3D('',#5799,#3885,#3886);
#3309=AXIS2_PLACEMENT_3D('',#5804,#3889,#3890);
#3310=AXIS2_PLACEMENT_3D('',#5805,#3891,#3892);
#3311=AXIS2_PLACEMENT_3D('',#5809,#3895,#3896);
#3312=AXIS2_PLACEMENT_3D('',#5812,#3898,#3899);
#3313=AXIS2_PLACEMENT_3D('',#5813,#3900,#3901);
#3314=AXIS2_PLACEMENT_3D('',#5817,#3904,#3905);
#3315=AXIS2_PLACEMENT_3D('',#5818,#3906,#3907);
#3316=AXIS2_PLACEMENT_3D('',#5819,#3908,#3909);
#3317=AXIS2_PLACEMENT_3D('',#5821,#3910,#3911);
#3318=AXIS2_PLACEMENT_3D('',#5823,#3913,#3914);
#3319=AXIS2_PLACEMENT_3D('',#5827,#3917,#3918);
#3320=AXIS2_PLACEMENT_3D('',#5829,#3919,#3920);
#3321=AXIS2_PLACEMENT_3D('',#5831,#3922,#3923);
#3322=AXIS2_PLACEMENT_3D('',#5835,#3926,#3927);
#3323=AXIS2_PLACEMENT_3D('',#5837,#3928,#3929);
#3324=AXIS2_PLACEMENT_3D('',#5839,#3931,#3932);
#3325=AXIS2_PLACEMENT_3D('',#5842,#3935,#3936);
#3326=AXIS2_PLACEMENT_3D('',#5844,#3938,#3939);
#3327=AXIS2_PLACEMENT_3D('',#5846,#3941,#3942);
#3328=AXIS2_PLACEMENT_3D('',#5848,#3944,#3945);
#3329=AXIS2_PLACEMENT_3D('',#5850,#3947,#3948);
#3330=AXIS2_PLACEMENT_3D('',#5852,#3950,#3951);
#3331=AXIS2_PLACEMENT_3D('',#5854,#3953,#3954);
#3332=AXIS2_PLACEMENT_3D('',#5856,#3956,#3957);
#3333=AXIS2_PLACEMENT_3D('',#5858,#3959,#3960);
#3334=AXIS2_PLACEMENT_3D('',#5860,#3962,#3963);
#3335=AXIS2_PLACEMENT_3D('',#5862,#3965,#3966);
#3336=AXIS2_PLACEMENT_3D('',#5864,#3968,#3969);
#3337=AXIS2_PLACEMENT_3D('',#5866,#3971,#3972);
#3338=AXIS2_PLACEMENT_3D('',#5868,#3974,#3975);
#3339=AXIS2_PLACEMENT_3D('',#5870,#3977,#3978);
#3340=AXIS2_PLACEMENT_3D('',#5872,#3980,#3981);
#3341=AXIS2_PLACEMENT_3D('',#5874,#3983,#3984);
#3342=AXIS2_PLACEMENT_3D('',#5875,#3985,#3986);
#3343=AXIS2_PLACEMENT_3D('',#5877,#3988,#3989);
#3344=AXIS2_PLACEMENT_3D('',#5879,#3991,#3992);
#3345=DIRECTION('axis',(0.,0.,1.));
#3346=DIRECTION('refdir',(1.,0.,0.));
#3347=DIRECTION('center_axis',(0.,0.,-1.));
#3348=DIRECTION('ref_axis',(1.,1.17248280553756E-31,-2.94377317135458E-17));
#3349=DIRECTION('center_axis',(-5.55111512312578E-17,3.98292510084275E-15,
-1.));
#3350=DIRECTION('ref_axis',(1.,2.21096757615655E-31,-5.55111512312578E-17));
#3351=DIRECTION('',(0.707106781185959,-8.65956056234771E-17,0.707106781187136));
#3352=DIRECTION('center_axis',(5.55111512312578E-17,-3.98292510084275E-15,
1.));
#3353=DIRECTION('ref_axis',(1.,0.,0.));
#3354=DIRECTION('center_axis',(5.55111512312578E-17,-3.98292510084275E-15,
1.));
#3355=DIRECTION('ref_axis',(-1.,0.,5.55111512312578E-17));
#3356=DIRECTION('',(-2.43883823799536E-31,1.,3.98292510084275E-15));
#3357=DIRECTION('',(1.,0.,-5.55111512312578E-17));
#3358=DIRECTION('',(0.,1.,3.98292510084275E-15));
#3359=DIRECTION('',(-1.,0.,5.55111512312578E-17));
#3360=DIRECTION('',(-2.43883823799536E-31,1.,3.98292510084275E-15));
#3361=DIRECTION('',(1.,0.,-5.55111512312578E-17));
#3362=DIRECTION('',(0.,1.,3.98292510084275E-15));
#3363=DIRECTION('',(-1.,0.,5.55111512312578E-17));
#3364=DIRECTION('',(-2.43883823799536E-31,1.,3.98292510084275E-15));
#3365=DIRECTION('',(1.,0.,-5.55111512312578E-17));
#3366=DIRECTION('center_axis',(5.55111512312578E-17,-3.98292510084275E-15,
1.));
#3367=DIRECTION('ref_axis',(-0.707106781186547,-0.707106781186548,-2.77710103629693E-15));
#3368=DIRECTION('',(-2.21096757615655E-31,-1.,-3.98292510084275E-15));
#3369=DIRECTION('center_axis',(5.55111512312578E-17,-3.98292510084275E-15,
1.));
#3370=DIRECTION('ref_axis',(-0.707106781186549,0.707106781186546,2.85560565923111E-15));
#3371=DIRECTION('',(-1.,0.,5.55111512312578E-17));
#3372=DIRECTION('center_axis',(5.55111512312578E-17,-3.98292510084275E-15,
1.));
#3373=DIRECTION('ref_axis',(0.707106781186548,0.707106781186548,2.77710103629693E-15));
#3374=DIRECTION('',(2.21096757615655E-31,1.,3.98292510084275E-15));
#3375=DIRECTION('center_axis',(-5.55111512312578E-17,3.98292510084275E-15,
-1.));
#3376=DIRECTION('ref_axis',(-0.707106781186548,-0.707106781186548,-2.77710103629693E-15));
#3377=DIRECTION('',(-1.,0.,5.55111512312578E-17));
#3378=DIRECTION('center_axis',(-5.55111512312578E-17,3.98292510084275E-15,
-1.));
#3379=DIRECTION('ref_axis',(0.707106781186548,-0.707106781186548,-2.85560565923112E-15));
#3380=DIRECTION('',(-2.21096757615655E-31,-1.,-3.98292510084275E-15));
#3381=DIRECTION('center_axis',(5.55111512312578E-17,-3.98292510084275E-15,
1.));
#3382=DIRECTION('ref_axis',(-0.707106781186548,0.707106781186548,2.85560565923112E-15));
#3383=DIRECTION('',(-1.,0.,5.55111512312578E-17));
#3384=DIRECTION('center_axis',(5.55111512312578E-17,-3.98292510084275E-15,
1.));
#3385=DIRECTION('ref_axis',(0.707106781186548,0.707106781186548,2.77710103629693E-15));
#3386=DIRECTION('',(2.16477837475194E-31,1.,3.98292510084275E-15));
#3387=DIRECTION('center_axis',(-5.55111512312578E-17,3.98292510084275E-15,
-1.));
#3388=DIRECTION('ref_axis',(-1.,-2.61228946970625E-15,5.55111512312474E-17));
#3389=DIRECTION('',(-0.707106781186544,0.707106781186551,2.85560565923113E-15));
#3390=DIRECTION('center_axis',(-5.55111512312578E-17,3.98292510084275E-15,
-1.));
#3391=DIRECTION('ref_axis',(-0.70710678118655,-0.707106781186545,-2.77710103629692E-15));
#3392=DIRECTION('',(-1.,-1.78912598360277E-16,5.55111512312571E-17));
#3393=DIRECTION('center_axis',(-5.55111512312578E-17,3.98292510084275E-15,
-1.));
#3394=DIRECTION('ref_axis',(1.,2.21096757615655E-31,-5.55111512312578E-17));
#3395=DIRECTION('center_axis',(-5.55111512312578E-17,3.98292510084275E-15,
-1.));
#3396=DIRECTION('ref_axis',(1.,2.21096757615655E-31,-5.55111512312578E-17));
#3397=DIRECTION('',(-1.,0.,5.55111512312578E-17));
#3398=DIRECTION('',(-0.999987244854497,-0.00505075522193363,3.53936634267948E-17));
#3399=DIRECTION('',(0.999783029661072,0.0208301128592423,2.74656724025027E-17));
#3400=DIRECTION('',(0.998812417354356,0.0487211959905342,1.38607647302362E-16));
#3401=DIRECTION('',(0.999818620937387,-0.0190453465933507,-1.3135727167159E-16));
#3402=DIRECTION('',(0.0407824289888884,0.999168050673042,3.9773476294026E-15));
#3403=DIRECTION('',(0.0253723174850193,0.999678070933558,3.98023443493033E-15));
#3404=DIRECTION('',(0.9969067005366,0.0785940864520291,2.5769492109065E-16));
#3405=DIRECTION('center_axis',(-5.55111512312578E-17,3.98292510084275E-15,
-1.));
#3406=DIRECTION('ref_axis',(1.,2.21096757615655E-31,-5.55111512312578E-17));
#3407=DIRECTION('center_axis',(0.,0.,-1.));
#3408=DIRECTION('ref_axis',(1.,0.,0.));
#3409=DIRECTION('center_axis',(0.,0.,-1.));
#3410=DIRECTION('ref_axis',(1.,0.,0.));
#3411=DIRECTION('',(0.,0.,-1.));
#3412=DIRECTION('center_axis',(0.,0.,-1.));
#3413=DIRECTION('ref_axis',(1.,1.17248280553756E-31,-2.94377317135458E-17));
#3414=DIRECTION('',(0.707106781186304,-8.65956056235195E-17,0.707106781186791));
#3415=DIRECTION('center_axis',(5.55111512312578E-17,-3.98292510084275E-15,
1.));
#3416=DIRECTION('ref_axis',(1.,0.,0.));
#3417=DIRECTION('center_axis',(0.,0.,-1.));
#3418=DIRECTION('ref_axis',(1.,0.,0.));
#3419=DIRECTION('center_axis',(0.,0.,-1.));
#3420=DIRECTION('ref_axis',(1.,0.,0.));
#3421=DIRECTION('',(0.,0.,-1.));
#3422=DIRECTION('center_axis',(0.,0.,-1.));
#3423=DIRECTION('ref_axis',(1.,1.17248280553756E-31,-2.94377317135458E-17));
#3424=DIRECTION('',(0.707106781187231,-8.65956056236329E-17,0.707106781185865));
#3425=DIRECTION('center_axis',(5.55111512312578E-17,-3.98292510084275E-15,
1.));
#3426=DIRECTION('ref_axis',(1.,0.,0.));
#3427=DIRECTION('center_axis',(0.,0.,-1.));
#3428=DIRECTION('ref_axis',(1.,0.,0.));
#3429=DIRECTION('center_axis',(0.,0.,-1.));
#3430=DIRECTION('ref_axis',(1.,0.,0.));
#3431=DIRECTION('',(0.,0.,-1.));
#3432=DIRECTION('center_axis',(0.,0.,-1.));
#3433=DIRECTION('ref_axis',(1.,1.17248280553756E-31,-2.94377317135458E-17));
#3434=DIRECTION('',(0.707106781185896,-8.65956056234694E-17,0.707106781187199));
#3435=DIRECTION('center_axis',(5.55111512312578E-17,-3.98292510084275E-15,
1.));
#3436=DIRECTION('ref_axis',(1.,0.,0.));
#3437=DIRECTION('center_axis',(0.,0.,-1.));
#3438=DIRECTION('ref_axis',(1.,0.,0.));
#3439=DIRECTION('center_axis',(0.,0.,-1.));
#3440=DIRECTION('ref_axis',(1.,0.,0.));
#3441=DIRECTION('',(0.,0.,-1.));
#3442=DIRECTION('center_axis',(0.,0.,1.));
#3443=DIRECTION('ref_axis',(1.,0.,0.));
#3444=DIRECTION('center_axis',(6.16297582203915E-33,9.65382720818923E-65,
1.));
#3445=DIRECTION('ref_axis',(1.,0.,0.));
#3446=DIRECTION('',(0.707106781186547,-8.65956056235493E-17,-0.707106781186548));
#3447=DIRECTION('center_axis',(0.,0.,1.));
#3448=DIRECTION('ref_axis',(1.,0.,0.));
#3449=DIRECTION('center_axis',(0.,0.,1.));
#3450=DIRECTION('ref_axis',(1.,0.,0.));
#3451=DIRECTION('',(0.707106781186547,-8.65956056235493E-17,-0.707106781186548));
#3452=DIRECTION('center_axis',(0.,0.,1.));
#3453=DIRECTION('ref_axis',(1.,0.,0.));
#3454=DIRECTION('center_axis',(0.,0.,1.));
#3455=DIRECTION('ref_axis',(1.,0.,0.));
#3456=DIRECTION('',(0.707106781186547,-8.65956056235493E-17,-0.707106781186548));
#3457=DIRECTION('center_axis',(0.,0.,1.));
#3458=DIRECTION('ref_axis',(1.,0.,0.));
#3459=DIRECTION('center_axis',(6.16297582203915E-33,9.6538272081892E-65,
1.));
#3460=DIRECTION('ref_axis',(1.,0.,0.));
#3461=DIRECTION('',(0.707106781186547,-8.65956056235493E-17,-0.707106781186548));
#3462=DIRECTION('center_axis',(0.,0.,1.));
#3463=DIRECTION('ref_axis',(1.,0.,0.));
#3464=DIRECTION('center_axis',(0.,0.,-1.));
#3465=DIRECTION('ref_axis',(1.,0.,0.));
#3466=DIRECTION('',(0.,0.,-1.));
#3467=DIRECTION('center_axis',(0.,0.,1.));
#3468=DIRECTION('ref_axis',(1.,0.,0.));
#3469=DIRECTION('center_axis',(0.,0.,-1.));
#3470=DIRECTION('ref_axis',(1.,0.,0.));
#3471=DIRECTION('',(0.,0.,-1.));
#3472=DIRECTION('center_axis',(0.,0.,1.));
#3473=DIRECTION('ref_axis',(1.,0.,0.));
#3474=DIRECTION('center_axis',(0.,0.,-1.));
#3475=DIRECTION('ref_axis',(1.,0.,0.));
#3476=DIRECTION('',(0.,0.,-1.));
#3477=DIRECTION('center_axis',(0.,0.,1.));
#3478=DIRECTION('ref_axis',(1.,0.,0.));
#3479=DIRECTION('center_axis',(0.,0.,-1.));
#3480=DIRECTION('ref_axis',(1.,0.,0.));
#3481=DIRECTION('',(0.,0.,-1.));
#3482=DIRECTION('',(0.,0.,1.));
#3483=DIRECTION('',(0.,0.,1.));
#3484=DIRECTION('',(0.,0.,1.));
#3485=DIRECTION('',(0.,0.,1.));
#3486=DIRECTION('',(0.,0.,1.));
#3487=DIRECTION('',(0.,0.,1.));
#3488=DIRECTION('',(0.,0.,1.));
#3489=DIRECTION('center_axis',(0.994478051249244,0.104944773969487,0.));
#3490=DIRECTION('ref_axis',(-0.104944773969487,0.994478051249244,0.));
#3491=DIRECTION('',(-0.104944773969487,0.994478051249244,3.96675719777654E-15));
#3492=DIRECTION('',(0.,0.,1.));
#3493=DIRECTION('',(-0.104944773969487,0.994478051249244,0.));
#3494=DIRECTION('',(0.,0.,1.));
#3495=DIRECTION('',(0.,0.,1.));
#3496=DIRECTION('center_axis',(0.99660232629257,-0.0823638466090442,0.));
#3497=DIRECTION('ref_axis',(0.0823638466090442,0.99660232629257,0.));
#3498=DIRECTION('',(0.0823638466090442,0.99660232629257,3.96482030900385E-15));
#3499=DIRECTION('',(0.,0.,1.));
#3500=DIRECTION('',(0.0823638466090442,0.99660232629257,0.));
#3501=DIRECTION('center_axis',(-0.0808161475453856,0.996729025510907,0.));
#3502=DIRECTION('ref_axis',(-0.996729025510907,-0.0808161475453856,0.));
#3503=DIRECTION('',(-0.996729025510907,-0.0808161475453856,-2.66555086940207E-16));
#3504=DIRECTION('',(0.,0.,1.));
#3505=DIRECTION('',(-0.996729025510907,-0.0808161475453856,0.));
#3506=DIRECTION('',(0.,0.,1.));
#3507=DIRECTION('',(0.,0.,1.));
#3508=DIRECTION('',(0.,0.,1.));
#3509=DIRECTION('',(0.,0.,1.));
#3510=DIRECTION('',(0.,0.,1.));
#3511=DIRECTION('',(0.,0.,1.));
#3512=DIRECTION('',(0.,0.,1.));
#3513=DIRECTION('',(0.,0.,1.));
#3514=DIRECTION('center_axis',(0.0785940864520291,-0.9969067005366,0.));
#3515=DIRECTION('ref_axis',(0.9969067005366,0.0785940864520291,0.));
#3516=DIRECTION('',(0.,0.,1.));
#3517=DIRECTION('',(0.9969067005366,0.0785940864520291,0.));
#3518=DIRECTION('',(0.,0.,1.));
#3519=DIRECTION('',(0.,0.,1.));
#3520=DIRECTION('',(0.,0.,1.));
#3521=DIRECTION('',(0.,0.,1.));
#3522=DIRECTION('',(0.,0.,1.));
#3523=DIRECTION('',(0.,0.,1.));
#3524=DIRECTION('',(0.,0.,1.));
#3525=DIRECTION('',(0.,0.,1.));
#3526=DIRECTION('',(0.,0.,1.));
#3527=DIRECTION('',(0.,0.,1.));
#3528=DIRECTION('',(0.,0.,1.));
#3529=DIRECTION('',(0.,0.,1.));
#3530=DIRECTION('center_axis',(0.999678070933558,-0.0253723174850193,0.));
#3531=DIRECTION('ref_axis',(0.0253723174850193,0.999678070933558,0.));
#3532=DIRECTION('',(0.,0.,1.));
#3533=DIRECTION('',(0.0253723174850193,0.999678070933558,0.));
#3534=DIRECTION('center_axis',(0.999168050673042,-0.0407824289888884,0.));
#3535=DIRECTION('ref_axis',(0.0407824289888884,0.999168050673042,0.));
#3536=DIRECTION('',(0.,0.,1.));
#3537=DIRECTION('',(0.0407824289888884,0.999168050673042,0.));
#3538=DIRECTION('',(0.,0.,1.));
#3539=DIRECTION('',(0.,0.,1.));
#3540=DIRECTION('center_axis',(0.,0.,-1.));
#3541=DIRECTION('ref_axis',(1.,0.,0.));
#3542=DIRECTION('',(0.,0.,1.));
#3543=DIRECTION('',(0.,0.,1.));
#3544=DIRECTION('',(0.,0.,1.));
#3545=DIRECTION('',(0.,0.,1.));
#3546=DIRECTION('center_axis',(-0.0190453465933507,-0.999818620937387,0.));
#3547=DIRECTION('ref_axis',(0.999818620937387,-0.0190453465933507,0.));
#3548=DIRECTION('',(0.,0.,1.));
#3549=DIRECTION('',(0.999818620937387,-0.0190453465933507,0.));
#3550=DIRECTION('',(0.,0.,1.));
#3551=DIRECTION('',(0.,0.,1.));
#3552=DIRECTION('',(0.,0.,1.));
#3553=DIRECTION('',(0.,0.,1.));
#3554=DIRECTION('',(0.,0.,1.));
#3555=DIRECTION('',(0.,0.,1.));
#3556=DIRECTION('',(0.,0.,1.));
#3557=DIRECTION('',(0.,0.,1.));
#3558=DIRECTION('',(0.,0.,1.));
#3559=DIRECTION('',(0.,0.,1.));
#3560=DIRECTION('',(0.,0.,1.));
#3561=DIRECTION('',(0.,0.,1.));
#3562=DIRECTION('',(0.,0.,1.));
#3563=DIRECTION('',(0.,0.,1.));
#3564=DIRECTION('',(0.,0.,1.));
#3565=DIRECTION('',(0.,0.,1.));
#3566=DIRECTION('',(0.,0.,1.));
#3567=DIRECTION('',(0.,0.,1.));
#3568=DIRECTION('',(0.,0.,1.));
#3569=DIRECTION('center_axis',(0.0487211959905342,-0.998812417354356,0.));
#3570=DIRECTION('ref_axis',(0.998812417354356,0.0487211959905342,0.));
#3571=DIRECTION('',(0.,0.,1.));
#3572=DIRECTION('',(0.998812417354356,0.0487211959905342,0.));
#3573=DIRECTION('center_axis',(0.0208301128592423,-0.999783029661072,0.));
#3574=DIRECTION('ref_axis',(0.999783029661072,0.0208301128592423,0.));
#3575=DIRECTION('',(0.,0.,1.));
#3576=DIRECTION('',(0.999783029661071,0.0208301128592423,0.));
#3577=DIRECTION('',(0.,0.,1.));
#3578=DIRECTION('',(0.,0.,1.));
#3579=DIRECTION('',(0.,0.,1.));
#3580=DIRECTION('center_axis',(-0.00505075522193363,0.999987244854497,0.));
#3581=DIRECTION('ref_axis',(-0.999987244854497,-0.00505075522193363,0.));
#3582=DIRECTION('',(0.,0.,1.));
#3583=DIRECTION('',(-0.999987244854497,-0.00505075522193363,0.));
#3584=DIRECTION('center_axis',(0.,1.,0.));
#3585=DIRECTION('ref_axis',(-1.,0.,0.));
#3586=DIRECTION('',(0.,0.,1.));
#3587=DIRECTION('',(-1.,0.,0.));
#3588=DIRECTION('center_axis',(0.,0.,-1.));
#3589=DIRECTION('ref_axis',(1.,0.,0.));
#3590=DIRECTION('center_axis',(5.55111512312578E-17,-3.98292510084275E-15,
1.));
#3591=DIRECTION('ref_axis',(-1.,0.,5.55111512312578E-17));
#3592=DIRECTION('',(2.43883823799536E-31,-1.,-3.98292510084275E-15));
#3593=DIRECTION('',(1.,1.78912598360277E-16,-5.55111512312571E-17));
#3594=DIRECTION('center_axis',(5.55111512312578E-17,-3.98292510084275E-15,
1.));
#3595=DIRECTION('ref_axis',(-0.70710678118655,-0.707106781186545,-2.77710103629692E-15));
#3596=DIRECTION('',(0.707106781186544,-0.707106781186551,-2.85560565923113E-15));
#3597=DIRECTION('center_axis',(5.55111512312578E-17,-3.98292510084275E-15,
1.));
#3598=DIRECTION('ref_axis',(-1.,-2.61228946970625E-15,5.55111512312474E-17));
#3599=DIRECTION('',(-2.16477837475194E-31,-1.,-3.98292510084275E-15));
#3600=DIRECTION('center_axis',(-5.55111512312578E-17,3.98292510084275E-15,
-1.));
#3601=DIRECTION('ref_axis',(0.707106781186547,0.707106781186547,2.77710103629693E-15));
#3602=DIRECTION('',(1.,0.,-5.55111512312578E-17));
#3603=DIRECTION('center_axis',(-5.55111512312578E-17,3.98292510084275E-15,
-1.));
#3604=DIRECTION('ref_axis',(-0.707106781186547,0.707106781186547,2.85560565923112E-15));
#3605=DIRECTION('',(2.21096757615655E-31,1.,3.98292510084275E-15));
#3606=DIRECTION('center_axis',(5.55111512312578E-17,-3.98292510084275E-15,
1.));
#3607=DIRECTION('ref_axis',(0.707106781186547,-0.707106781186547,-2.85560565923112E-15));
#3608=DIRECTION('',(1.,0.,-5.55111512312578E-17));
#3609=DIRECTION('center_axis',(5.55111512312578E-17,-3.98292510084275E-15,
1.));
#3610=DIRECTION('ref_axis',(-0.707106781186547,-0.707106781186547,-2.77710103629693E-15));
#3611=DIRECTION('',(-2.21096757615655E-31,-1.,-3.98292510084275E-15));
#3612=DIRECTION('center_axis',(-5.55111512312578E-17,3.98292510084275E-15,
-1.));
#3613=DIRECTION('ref_axis',(0.707106781186547,0.707106781186547,2.77710103629693E-15));
#3614=DIRECTION('',(1.,0.,-5.55111512312578E-17));
#3615=DIRECTION('center_axis',(-5.55111512312578E-17,3.98292510084275E-15,
-1.));
#3616=DIRECTION('ref_axis',(-0.707106781186549,0.707106781186546,2.85560565923111E-15));
#3617=DIRECTION('',(2.21096757615655E-31,1.,3.98292510084275E-15));
#3618=DIRECTION('center_axis',(-5.55111512312578E-17,3.98292510084275E-15,
-1.));
#3619=DIRECTION('ref_axis',(-0.707106781186547,-0.707106781186548,-2.77710103629693E-15));
#3620=DIRECTION('',(-1.,0.,5.55111512312578E-17));
#3621=DIRECTION('center_axis',(5.55111512312578E-17,-3.98292510084275E-15,
1.));
#3622=DIRECTION('ref_axis',(-1.,0.,5.55111512312578E-17));
#3623=DIRECTION('center_axis',(0.707106781186555,2.81635334776399E-15,-0.70710678118654));
#3624=DIRECTION('ref_axis',(-0.70710678118654,0.,-0.707106781186555));
#3625=DIRECTION('',(0.67859834454577,-0.281084637714863,0.678598344545906));
#3626=DIRECTION('',(2.43883823799536E-31,-1.,-3.98292510084275E-15));
#3627=DIRECTION('',(-0.678598344545841,-0.281084637714812,-0.678598344545856));
#3628=DIRECTION('center_axis',(0.707106781186548,-0.707106781186548,4.32978028117747E-17));
#3629=DIRECTION('ref_axis',(6.12323399573677E-17,0.,-1.));
#3630=DIRECTION('',(-6.12323399573677E-17,0.,1.));
#3631=DIRECTION('',(-0.577350269189557,-0.57735026918966,-0.57735026918966));
#3632=DIRECTION('',(6.12323399573677E-17,0.,-1.));
#3633=DIRECTION('',(-0.678598344545845,-0.678598344545845,-0.281084637714829));
#3634=DIRECTION('center_axis',(0.707106781186619,0.49999999999996,-0.499999999999938));
#3635=DIRECTION('ref_axis',(-0.577350269189539,0.,-0.816496580927787));
#3636=DIRECTION('',(-4.32978028117756E-17,0.707106781186532,0.707106781186563));
#3637=DIRECTION('',(0.678598344545769,-0.67859834454592,0.281084637714832));
#3638=DIRECTION('',(4.32978028117756E-17,-0.707106781186532,-0.707106781186563));
#3639=DIRECTION('center_axis',(0.70710678118661,0.707106781186485,2.6601185672845E-15));
#3640=DIRECTION('ref_axis',(3.7619757553739E-15,0.,-1.));
#3641=DIRECTION('',(-6.12323399573677E-17,-3.70074341541719E-15,1.));
#3642=DIRECTION('',(0.678598344545766,-0.678598344545917,-0.281084637714846));
#3643=DIRECTION('',(6.12323399573677E-17,3.70074341541719E-15,-1.));
#3644=DIRECTION('center_axis',(0.707106781186548,0.707106781186548,4.32978028117747E-17));
#3645=DIRECTION('ref_axis',(6.12323399573677E-17,0.,-1.));
#3646=DIRECTION('',(6.12323399573677E-17,0.,-1.));
#3647=DIRECTION('',(-0.678598344545842,0.678598344545842,-0.281084637714843));
#3648=DIRECTION('',(-6.12323399573677E-17,0.,1.));
#3649=DIRECTION('',(0.577350269189557,-0.57735026918966,0.57735026918966));
#3650=DIRECTION('center_axis',(0.707106781186562,0.499999999999995,-0.499999999999984));
#3651=DIRECTION('ref_axis',(-0.577350269189606,0.,-0.81649658092774));
#3652=DIRECTION('',(4.32978028117751E-17,-0.70710678118654,-0.707106781186555));
#3653=DIRECTION('',(-0.678598344545835,0.28108463771484,-0.67859834454585));
#3654=DIRECTION('',(-4.32978028117751E-17,0.70710678118654,0.707106781186555));
#3655=DIRECTION('center_axis',(0.707106781186555,2.81635334776399E-15,-0.70710678118654));
#3656=DIRECTION('ref_axis',(-0.70710678118654,0.,-0.707106781186555));
#3657=DIRECTION('',(2.43883823799536E-31,-1.,-3.98292510084275E-15));
#3658=DIRECTION('',(-0.678598344545843,-0.281084637714805,-0.678598344545858));
#3659=DIRECTION('center_axis',(0.707106781186551,-0.5,0.499999999999995));
#3660=DIRECTION('ref_axis',(0.57735026918962,0.,-0.81649658092773));
#3661=DIRECTION('',(4.32978028117749E-17,-0.707106781186544,-0.707106781186551));
#3662=DIRECTION('',(0.678598344545845,0.678598344545845,-0.281084637714829));
#3663=DIRECTION('',(-4.32978028117749E-17,0.707106781186544,0.707106781186551));
#3664=DIRECTION('',(-0.678598344545842,-0.281084637714846,0.678598344545842));
#3665=DIRECTION('center_axis',(0.707106781186551,-0.499999999999984,-0.500000000000011));
#3666=DIRECTION('ref_axis',(-0.577350269189633,0.,-0.816496580927721));
#3667=DIRECTION('',(-4.32978028117735E-17,-0.707106781186567,0.707106781186528));
#3668=DIRECTION('',(-0.678598344545835,-0.678598344545857,-0.281084637714825));
#3669=DIRECTION('',(4.32978028117735E-17,0.707106781186567,-0.707106781186528));
#3670=DIRECTION('center_axis',(0.707106781186548,-0.707106781186548,-2.57352296166118E-15));
#3671=DIRECTION('ref_axis',(-3.63951107545982E-15,0.,-1.));
#3672=DIRECTION('',(6.12323399573677E-17,3.70074341541719E-15,-1.));
#3673=DIRECTION('',(0.678598344545832,0.678598344545836,0.281084637714884));
#3674=DIRECTION('',(-6.12323399573677E-17,-3.70074341541719E-15,1.));
#3675=DIRECTION('center_axis',(0.707106781186559,-0.707106781186536,4.32978028117754E-17));
#3676=DIRECTION('ref_axis',(6.12323399573677E-17,0.,-1.));
#3677=DIRECTION('',(-6.12323399573677E-17,0.,1.));
#3678=DIRECTION('',(-0.577350269189551,-0.577350269189673,-0.577350269189653));
#3679=DIRECTION('',(6.12323399573677E-17,0.,-1.));
#3680=DIRECTION('center_axis',(0.707106781186568,-0.49999999999998,-0.499999999999991));
#3681=DIRECTION('ref_axis',(-0.577350269189608,0.,-0.816496580927738));
#3682=DIRECTION('',(4.32978028117742E-17,0.707106781186555,-0.70710678118654));
#3683=DIRECTION('',(0.678598344545829,0.281084637714834,0.678598344545859));
#3684=DIRECTION('',(-4.32978028117742E-17,-0.707106781186555,0.70710678118654));
#3685=DIRECTION('center_axis',(0.707106781186555,0.70710678118654,4.32978028117751E-17));
#3686=DIRECTION('ref_axis',(6.12323399573677E-17,0.,-1.));
#3687=DIRECTION('',(6.12323399573677E-17,0.,-1.));
#3688=DIRECTION('',(-0.678598344545833,0.678598344545841,-0.281084637714869));
#3689=DIRECTION('',(-6.12323399573677E-17,0.,1.));
#3690=DIRECTION('',(0.577350269189553,-0.577350269189668,0.577350269189656));
#3691=DIRECTION('center_axis',(0.707106781186568,0.499999999999986,-0.499999999999986));
#3692=DIRECTION('ref_axis',(-0.577350269189604,0.,-0.816496580927742));
#3693=DIRECTION('',(-4.32978028117747E-17,0.707106781186548,0.707106781186548));
#3694=DIRECTION('',(4.32978028117747E-17,-0.707106781186548,-0.707106781186548));
#3695=DIRECTION('',(-0.678598344545827,0.281084637714882,-0.678598344545842));
#3696=DIRECTION('center_axis',(0.707106781186555,2.81635334776399E-15,-0.70710678118654));
#3697=DIRECTION('ref_axis',(-0.70710678118654,0.,-0.707106781186555));
#3698=DIRECTION('',(2.43883823799536E-31,-1.,-3.98292510084275E-15));
#3699=DIRECTION('center_axis',(0.70710678118661,0.,-0.707106781186485));
#3700=DIRECTION('ref_axis',(-0.707106781186485,0.,-0.70710678118661));
#3701=DIRECTION('',(0.,-1.,0.));
#3702=DIRECTION('',(0.,1.,0.));
#3703=DIRECTION('center_axis',(0.707106781186493,-2.81635334776424E-15,
0.707106781186603));
#3704=DIRECTION('ref_axis',(0.707106781186602,0.,-0.707106781186493));
#3705=DIRECTION('',(-2.43883823799536E-31,1.,3.98292510084275E-15));
#3706=DIRECTION('',(-0.678598344545765,0.281084637714891,0.6785983445459));
#3707=DIRECTION('center_axis',(0.707106781186619,0.49999999999996,0.499999999999938));
#3708=DIRECTION('ref_axis',(0.577350269189539,0.,-0.816496580927787));
#3709=DIRECTION('',(-4.32978028117756E-17,-0.707106781186532,0.707106781186563));
#3710=DIRECTION('',(4.32978028117756E-17,0.707106781186532,-0.707106781186563));
#3711=DIRECTION('center_axis',(0.70710678118661,0.,-0.707106781186485));
#3712=DIRECTION('ref_axis',(-0.707106781186485,0.,-0.70710678118661));
#3713=DIRECTION('',(0.,-1.,0.));
#3714=DIRECTION('',(0.,1.,0.));
#3715=DIRECTION('center_axis',(0.707106781186545,-0.500000000000007,-0.499999999999996));
#3716=DIRECTION('ref_axis',(-0.577350269189624,0.,-0.816496580927727));
#3717=DIRECTION('',(4.32978028117751E-17,0.70710678118654,-0.707106781186555));
#3718=DIRECTION('',(-4.32978028117751E-17,-0.70710678118654,0.707106781186555));
#3719=DIRECTION('center_axis',(-3.92523114670939E-17,-0.707106781186555,
-0.70710678118654));
#3720=DIRECTION('ref_axis',(-1.,0.,5.55111512312578E-17));
#3721=DIRECTION('',(-1.,0.,5.55111512312578E-17));
#3722=DIRECTION('',(0.577350269189622,-0.577350269189622,0.577350269189634));
#3723=DIRECTION('center_axis',(0.,1.,0.));
#3724=DIRECTION('ref_axis',(-1.,0.,0.));
#3725=DIRECTION('',(-1.,0.,0.));
#3726=DIRECTION('',(0.,0.,1.));
#3727=DIRECTION('center_axis',(0.,0.,1.));
#3728=DIRECTION('ref_axis',(1.,0.,0.));
#3729=DIRECTION('',(1.,0.,0.));
#3730=DIRECTION('',(0.,-1.,0.));
#3731=DIRECTION('center_axis',(0.,-1.,0.));
#3732=DIRECTION('ref_axis',(1.,0.,0.));
#3733=DIRECTION('',(1.,0.,-5.55111512312578E-17));
#3734=DIRECTION('',(0.,0.,1.));
#3735=DIRECTION('center_axis',(-3.92523114670939E-17,0.707106781186555,
-0.70710678118654));
#3736=DIRECTION('ref_axis',(-1.,0.,5.55111512312578E-17));
#3737=DIRECTION('',(-0.577350269189622,-0.577350269189622,-0.577350269189634));
#3738=DIRECTION('center_axis',(-3.92523114670955E-17,-0.707106781186528,
-0.707106781186567));
#3739=DIRECTION('ref_axis',(-1.,0.,5.55111512312578E-17));
#3740=DIRECTION('',(-1.,0.,5.55111512312578E-17));
#3741=DIRECTION('',(0.577350269189624,-0.577350269189643,0.577350269189611));
#3742=DIRECTION('center_axis',(0.,1.,0.));
#3743=DIRECTION('ref_axis',(-1.,0.,0.));
#3744=DIRECTION('',(-1.,0.,0.));
#3745=DIRECTION('',(0.,0.,1.));
#3746=DIRECTION('center_axis',(0.,0.,1.));
#3747=DIRECTION('ref_axis',(1.,0.,0.));
#3748=DIRECTION('',(1.,0.,0.));
#3749=DIRECTION('',(0.,-1.,0.));
#3750=DIRECTION('center_axis',(0.,-1.,0.));
#3751=DIRECTION('ref_axis',(1.,0.,0.));
#3752=DIRECTION('',(1.,0.,-5.55111512312578E-17));
#3753=DIRECTION('',(0.,0.,1.));
#3754=DIRECTION('center_axis',(1.,0.,6.12323399573677E-17));
#3755=DIRECTION('ref_axis',(6.12323399573677E-17,0.,-1.));
#3756=DIRECTION('center_axis',(-3.92523114670944E-17,0.707106781186548,
-0.707106781186548));
#3757=DIRECTION('ref_axis',(-1.,0.,5.55111512312578E-17));
#3758=DIRECTION('',(0.577350269189613,0.577350269189626,0.577350269189639));
#3759=DIRECTION('center_axis',(0.707106781186555,2.81635334776399E-15,-0.70710678118654));
#3760=DIRECTION('ref_axis',(-0.70710678118654,0.,-0.707106781186555));
#3761=DIRECTION('',(0.,-1.,-3.98292510084275E-15));
#3762=DIRECTION('center_axis',(-1.,0.,0.));
#3763=DIRECTION('ref_axis',(0.,-1.,0.));
#3764=DIRECTION('center_axis',(0.707106781186555,2.81635334776399E-15,-0.70710678118654));
#3765=DIRECTION('ref_axis',(-0.70710678118654,0.,-0.707106781186555));
#3766=DIRECTION('',(0.,-1.,-3.98292510084275E-15));
#3767=DIRECTION('center_axis',(-1.,0.,0.));
#3768=DIRECTION('ref_axis',(0.,-1.,0.));
#3769=DIRECTION('center_axis',(2.05432527401305E-31,1.,3.70074341541719E-15));
#3770=DIRECTION('ref_axis',(-1.,0.,5.55111512312578E-17));
#3771=DIRECTION('',(1.,0.,-5.55111512312578E-17));
#3772=DIRECTION('',(0.,3.70074341541719E-15,-1.));
#3773=DIRECTION('',(-1.,0.,5.55111512312578E-17));
#3774=DIRECTION('',(0.,-3.70074341541719E-15,1.));
#3775=DIRECTION('center_axis',(0.,-3.70074341541719E-15,1.));
#3776=DIRECTION('ref_axis',(-0.707106781186547,0.707106781186547,1.74454717631531E-15));
#3777=DIRECTION('center_axis',(-5.55111512312578E-17,3.98292510084275E-15,
-1.));
#3778=DIRECTION('ref_axis',(-0.707106781186547,0.707106781186547,1.74454717631531E-15));
#3779=DIRECTION('',(0.,-3.70074341541719E-15,1.));
#3780=DIRECTION('center_axis',(5.55111512312578E-17,-3.98292510084275E-15,
1.));
#3781=DIRECTION('ref_axis',(-0.707106781186547,0.707106781186547,1.74454717631531E-15));
#3782=DIRECTION('center_axis',(-1.,2.21096757615655E-31,8.18222369916223E-46));
#3783=DIRECTION('ref_axis',(-2.21096757615655E-31,-1.,-3.98292510084275E-15));
#3784=DIRECTION('',(2.21096757615655E-31,1.,3.98292510084275E-15));
#3785=DIRECTION('',(0.,3.70074341541719E-15,-1.));
#3786=DIRECTION('',(-2.21096757615655E-31,-1.,-3.98292510084275E-15));
#3787=DIRECTION('center_axis',(0.,-3.70074341541719E-15,1.));
#3788=DIRECTION('ref_axis',(0.707106781186547,-0.707106781186547,-1.74454717631531E-15));
#3789=DIRECTION('center_axis',(5.55111512312578E-17,-3.98292510084275E-15,
1.));
#3790=DIRECTION('ref_axis',(0.707106781186547,-0.707106781186547,-1.74454717631531E-15));
#3791=DIRECTION('',(0.,-3.70074341541719E-15,1.));
#3792=DIRECTION('center_axis',(-5.55111512312578E-17,3.98292510084275E-15,
-1.));
#3793=DIRECTION('ref_axis',(0.707106781186547,-0.707106781186547,-1.74454717631531E-15));
#3794=DIRECTION('center_axis',(2.05432527401305E-31,1.,3.70074341541719E-15));
#3795=DIRECTION('ref_axis',(-1.,0.,5.55111512312578E-17));
#3796=DIRECTION('',(1.,0.,-5.55111512312578E-17));
#3797=DIRECTION('',(0.,3.70074341541719E-15,-1.));
#3798=DIRECTION('',(-1.,0.,5.55111512312578E-17));
#3799=DIRECTION('center_axis',(0.,-3.70074341541719E-15,1.));
#3800=DIRECTION('ref_axis',(-0.707106781186547,-0.707106781186547,-3.48909435263062E-15));
#3801=DIRECTION('center_axis',(5.55111512312578E-17,-3.98292510084275E-15,
1.));
#3802=DIRECTION('ref_axis',(-0.707106781186547,-0.707106781186547,-3.48909435263062E-15));
#3803=DIRECTION('',(0.,-3.70074341541719E-15,1.));
#3804=DIRECTION('center_axis',(-5.55111512312578E-17,3.98292510084275E-15,
-1.));
#3805=DIRECTION('ref_axis',(-0.707106781186547,-0.707106781186547,-3.48909435263062E-15));
#3806=DIRECTION('center_axis',(1.,-2.21096757615655E-31,-8.18222369916223E-46));
#3807=DIRECTION('ref_axis',(2.21096757615655E-31,1.,3.98292510084275E-15));
#3808=DIRECTION('',(-2.21096757615655E-31,-1.,-3.98292510084275E-15));
#3809=DIRECTION('',(0.,3.70074341541719E-15,-1.));
#3810=DIRECTION('',(2.21096757615655E-31,1.,3.98292510084275E-15));
#3811=DIRECTION('center_axis',(0.,-3.70074341541719E-15,1.));
#3812=DIRECTION('ref_axis',(0.707106781186547,0.707106781186547,1.74454717631531E-15));
#3813=DIRECTION('center_axis',(-5.55111512312578E-17,3.98292510084275E-15,
-1.));
#3814=DIRECTION('ref_axis',(0.707106781186547,0.707106781186547,1.74454717631531E-15));
#3815=DIRECTION('',(0.,-3.70074341541719E-15,1.));
#3816=DIRECTION('center_axis',(5.55111512312578E-17,-3.98292510084275E-15,
1.));
#3817=DIRECTION('ref_axis',(0.707106781186547,0.707106781186547,1.74454717631531E-15));
#3818=DIRECTION('center_axis',(2.05432527401305E-31,1.,3.70074341541719E-15));
#3819=DIRECTION('ref_axis',(-1.,0.,5.55111512312578E-17));
#3820=DIRECTION('',(1.,0.,-5.55111512312578E-17));
#3821=DIRECTION('',(0.,3.70074341541719E-15,-1.));
#3822=DIRECTION('',(-1.,0.,5.55111512312578E-17));
#3823=DIRECTION('center_axis',(0.,-3.70074341541719E-15,1.));
#3824=DIRECTION('ref_axis',(-0.707106781186549,0.707106781186546,1.7445471763153E-15));
#3825=DIRECTION('center_axis',(-5.55111512312578E-17,3.98292510084275E-15,
-1.));
#3826=DIRECTION('ref_axis',(-0.707106781186549,0.707106781186546,1.7445471763153E-15));
#3827=DIRECTION('',(0.,-3.70074341541719E-15,1.));
#3828=DIRECTION('center_axis',(5.55111512312578E-17,-3.98292510084275E-15,
1.));
#3829=DIRECTION('ref_axis',(-0.707106781186549,0.707106781186546,1.7445471763153E-15));
#3830=DIRECTION('center_axis',(-1.,2.21096757615655E-31,8.18222369916223E-46));
#3831=DIRECTION('ref_axis',(-2.21096757615655E-31,-1.,-3.98292510084275E-15));
#3832=DIRECTION('',(2.21096757615655E-31,1.,3.98292510084275E-15));
#3833=DIRECTION('',(0.,3.70074341541719E-15,-1.));
#3834=DIRECTION('',(-2.21096757615655E-31,-1.,-3.98292510084275E-15));
#3835=DIRECTION('center_axis',(0.,-3.70074341541719E-15,1.));
#3836=DIRECTION('ref_axis',(-0.707106781186547,-0.707106781186548,-3.48909435263062E-15));
#3837=DIRECTION('center_axis',(-5.55111512312578E-17,3.98292510084275E-15,
-1.));
#3838=DIRECTION('ref_axis',(-0.707106781186547,-0.707106781186548,-3.48909435263062E-15));
#3839=DIRECTION('',(0.,-3.70074341541719E-15,1.));
#3840=DIRECTION('center_axis',(5.55111512312578E-17,-3.98292510084275E-15,
1.));
#3841=DIRECTION('ref_axis',(-0.707106781186547,-0.707106781186548,-3.48909435263062E-15));
#3842=DIRECTION('center_axis',(-2.05432527401305E-31,-1.,-3.70074341541719E-15));
#3843=DIRECTION('ref_axis',(1.,0.,-5.55111512312578E-17));
#3844=DIRECTION('',(1.,0.,-5.55111512312578E-17));
#3845=DIRECTION('',(-1.,0.,5.55111512312578E-17));
#3846=DIRECTION('center_axis',(3.92523114670939E-17,0.707106781186555,0.70710678118654));
#3847=DIRECTION('ref_axis',(1.,0.,-5.55111512312578E-17));
#3848=DIRECTION('',(0.,0.707106781186461,-0.707106781186634));
#3849=DIRECTION('',(0.,-0.707106781186461,0.707106781186634));
#3850=DIRECTION('center_axis',(0.,0.,-1.));
#3851=DIRECTION('ref_axis',(-0.707106781186548,0.707106781186548,2.28420415373156E-15));
#3852=DIRECTION('',(-0.70710678118654,0.,-0.707106781186555));
#3853=DIRECTION('center_axis',(-0.707106781186555,-2.81635334776399E-15,
0.70710678118654));
#3854=DIRECTION('ref_axis',(0.70710678118654,0.,0.707106781186555));
#3855=DIRECTION('',(-0.707106781186516,0.,-0.707106781186579));
#3856=DIRECTION('center_axis',(0.,0.,1.));
#3857=DIRECTION('ref_axis',(0.707106781186548,-0.707106781186548,-2.3150907215964E-15));
#3858=DIRECTION('',(0.,0.707106781186555,-0.70710678118654));
#3859=DIRECTION('center_axis',(3.92523114670948E-17,0.70710678118654,0.707106781186555));
#3860=DIRECTION('ref_axis',(1.,0.,-5.55111512312578E-17));
#3861=DIRECTION('',(0.,0.707106781186532,-0.707106781186563));
#3862=DIRECTION('center_axis',(0.,0.,1.));
#3863=DIRECTION('ref_axis',(-0.707106781186548,-0.707106781186548,-3.12347616316197E-15));
#3864=DIRECTION('',(0.707106781186548,0.,-0.707106781186548));
#3865=DIRECTION('center_axis',(0.707106781186548,-2.81635334776402E-15,
0.707106781186548));
#3866=DIRECTION('ref_axis',(0.707106781186548,0.,-0.707106781186548));
#3867=DIRECTION('',(0.707106781186485,0.,-0.70710678118661));
#3868=DIRECTION('center_axis',(0.,0.,-1.));
#3869=DIRECTION('ref_axis',(0.707106781186548,0.707106781186548,2.24607333687781E-15));
#3870=DIRECTION('',(0.,0.70710678118654,-0.707106781186555));
#3871=DIRECTION('center_axis',(3.92523114670939E-17,0.707106781186555,0.70710678118654));
#3872=DIRECTION('ref_axis',(1.,0.,-5.55111512312578E-17));
#3873=DIRECTION('',(0.,0.707106781186414,-0.707106781186681));
#3874=DIRECTION('center_axis',(0.,0.,-1.));
#3875=DIRECTION('ref_axis',(-0.707106781186549,0.707106781186546,2.28420415373155E-15));
#3876=DIRECTION('',(-0.70710678118654,0.,-0.707106781186555));
#3877=DIRECTION('center_axis',(-0.707106781186555,-2.81635334776399E-15,
0.70710678118654));
#3878=DIRECTION('ref_axis',(0.70710678118654,0.,0.707106781186555));
#3879=DIRECTION('',(-0.707106781186548,0.,-0.707106781186548));
#3880=DIRECTION('center_axis',(0.,0.,-1.));
#3881=DIRECTION('ref_axis',(-0.707106781186547,-0.707106781186548,-3.14326902755425E-15));
#3882=DIRECTION('',(0.,-0.707106781186544,-0.707106781186551));
#3883=DIRECTION('center_axis',(3.92523114670942E-17,-0.707106781186551,
0.707106781186544));
#3884=DIRECTION('ref_axis',(1.,0.,-5.55111512312578E-17));
#3885=DIRECTION('center_axis',(0.,0.,1.));
#3886=DIRECTION('ref_axis',(-0.70710678118655,-0.707106781186545,-2.69925061855385E-15));
#3887=DIRECTION('',(0.499999999999999,0.499999999999999,-0.70710678118655));
#3888=DIRECTION('',(0.,0.707106781186555,-0.70710678118654));
#3889=DIRECTION('center_axis',(-5.55111512312578E-17,3.98292510084275E-15,
-1.));
#3890=DIRECTION('ref_axis',(-0.70710678118655,-0.707106781186545,-2.61682076447295E-15));
#3891=DIRECTION('center_axis',(0.500000000000029,0.500000000000021,0.707106781186512));
#3892=DIRECTION('ref_axis',(0.816496580927697,0.,-0.577350269189667));
#3893=DIRECTION('',(0.500000000000024,0.500000000000024,-0.707106781186513));
#3894=DIRECTION('',(-0.707106781186544,0.707106781186551,2.85560565923113E-15));
#3895=DIRECTION('center_axis',(0.,0.,1.));
#3896=DIRECTION('ref_axis',(-1.,-2.61228946970625E-15,2.85485920617798E-17));
#3897=DIRECTION('',(0.707106781186548,0.,-0.707106781186548));
#3898=DIRECTION('center_axis',(-5.55111512312578E-17,3.98292510084275E-15,
-1.));
#3899=DIRECTION('ref_axis',(-1.,-2.61228946970625E-15,-9.6704341207585E-30));
#3900=DIRECTION('center_axis',(0.707106781186548,-2.81635334776402E-15,
0.707106781186548));
#3901=DIRECTION('ref_axis',(0.707106781186548,0.,-0.707106781186548));
#3902=DIRECTION('',(0.7071067811865,0.,-0.707106781186595));
#3903=DIRECTION('',(2.16477837475194E-31,1.,3.98292510084275E-15));
#3904=DIRECTION('center_axis',(0.,0.,-1.));
#3905=DIRECTION('ref_axis',(0.707106781186548,0.707106781186548,2.24607333687781E-15));
#3906=DIRECTION('center_axis',(5.55111512312578E-17,-3.98292510084275E-15,
1.));
#3907=DIRECTION('ref_axis',(0.707106781186547,0.707106781186547,1.74454717631531E-15));
#3908=DIRECTION('center_axis',(0.,-3.70074341541719E-15,1.));
#3909=DIRECTION('ref_axis',(0.707106781186547,0.707106781186547,1.74454717631531E-15));
#3910=DIRECTION('center_axis',(-5.55111512312578E-17,3.98292510084275E-15,
-1.));
#3911=DIRECTION('ref_axis',(0.707106781186547,0.707106781186547,1.74454717631531E-15));
#3912=DIRECTION('',(0.,3.70074341541719E-15,-1.));
#3913=DIRECTION('center_axis',(1.,-2.16477837475194E-31,-8.01128931620076E-46));
#3914=DIRECTION('ref_axis',(2.16477837475194E-31,1.,3.89971803274902E-15));
#3915=DIRECTION('',(-2.16477837475194E-31,-1.,-3.98292510084275E-15));
#3916=DIRECTION('',(0.,-3.70074341541719E-15,1.));
#3917=DIRECTION('center_axis',(0.,-3.70074341541719E-15,1.));
#3918=DIRECTION('ref_axis',(-1.,-2.61228946970625E-15,-9.6704341207585E-30));
#3919=DIRECTION('center_axis',(5.55111512312578E-17,-3.98292510084275E-15,
1.));
#3920=DIRECTION('ref_axis',(-1.,-2.61228946970625E-15,-9.6704341207585E-30));
#3921=DIRECTION('',(0.,-3.70074341541719E-15,1.));
#3922=DIRECTION('center_axis',(0.707106781186551,0.707106781186544,2.61682076447294E-15));
#3923=DIRECTION('ref_axis',(-0.707106781186544,0.707106781186551,3.50595924979767E-15));
#3924=DIRECTION('',(0.707106781186544,-0.707106781186551,-2.85560565923113E-15));
#3925=DIRECTION('',(0.,-3.70074341541719E-15,1.));
#3926=DIRECTION('center_axis',(0.,-3.70074341541719E-15,1.));
#3927=DIRECTION('ref_axis',(-0.70710678118655,-0.707106781186545,-2.61682076447295E-15));
#3928=DIRECTION('center_axis',(5.55111512312578E-17,-3.98292510084275E-15,
1.));
#3929=DIRECTION('ref_axis',(-0.70710678118655,-0.707106781186545,-2.61682076447295E-15));
#3930=DIRECTION('',(0.,-3.70074341541719E-15,1.));
#3931=DIRECTION('center_axis',(0.707106781186571,2.81635334776393E-15,-0.707106781186524));
#3932=DIRECTION('ref_axis',(-0.707106781186524,0.,-0.707106781186571));
#3933=DIRECTION('',(0.707106781186602,0.,0.707106781186493));
#3934=DIRECTION('',(-0.707106781186642,0.,-0.707106781186453));
#3935=DIRECTION('center_axis',(0.,0.,-1.));
#3936=DIRECTION('ref_axis',(-1.,-2.61228946970625E-15,2.85485920617798E-17));
#3937=DIRECTION('',(0.499999999999948,0.49999999999998,0.707106781186599));
#3938=DIRECTION('center_axis',(0.500000000000038,0.500000000000035,-0.707106781186497));
#3939=DIRECTION('ref_axis',(-0.816496580927686,0.,-0.577350269189682));
#3940=DIRECTION('',(0.499999999999999,0.499999999999999,0.70710678118655));
#3941=DIRECTION('center_axis',(0.,0.,-1.));
#3942=DIRECTION('ref_axis',(-0.70710678118655,-0.707106781186545,-2.69925061855385E-15));
#3943=DIRECTION('',(0.,0.707106781186532,0.707106781186563));
#3944=DIRECTION('center_axis',(-3.92523114670948E-17,-0.70710678118654,
-0.707106781186555));
#3945=DIRECTION('ref_axis',(-1.,0.,5.55111512312578E-17));
#3946=DIRECTION('',(0.,-0.7071067811865,0.707106781186595));
#3947=DIRECTION('center_axis',(0.,0.,1.));
#3948=DIRECTION('ref_axis',(-0.707106781186547,-0.707106781186548,-3.14326902755425E-15));
#3949=DIRECTION('',(-0.707106781186548,3.14018491736762E-14,0.707106781186548));
#3950=DIRECTION('center_axis',(-0.707106781186548,2.81635334776402E-15,
-0.707106781186548));
#3951=DIRECTION('ref_axis',(-0.707106781186548,0.,0.707106781186548));
#3952=DIRECTION('',(-0.707106781186642,0.,0.707106781186453));
#3953=DIRECTION('center_axis',(0.,0.,1.));
#3954=DIRECTION('ref_axis',(-0.707106781186549,0.707106781186546,2.28420415373155E-15));
#3955=DIRECTION('',(0.,0.70710678118654,0.707106781186555));
#3956=DIRECTION('center_axis',(-3.92523114670939E-17,0.707106781186555,
-0.70710678118654));
#3957=DIRECTION('ref_axis',(-1.,0.,5.55111512312578E-17));
#3958=DIRECTION('',(0.,0.707106781186634,0.707106781186461));
#3959=DIRECTION('center_axis',(0.,0.,1.));
#3960=DIRECTION('ref_axis',(0.707106781186548,0.707106781186548,2.24607333687781E-15));
#3961=DIRECTION('',(0.7071067811865,0.,0.707106781186595));
#3962=DIRECTION('center_axis',(0.707106781186595,2.81635334776383E-15,-0.7071067811865));
#3963=DIRECTION('ref_axis',(-0.7071067811865,0.,-0.707106781186595));
#3964=DIRECTION('',(0.707106781186587,0.,0.707106781186508));
#3965=DIRECTION('center_axis',(0.,0.,-1.));
#3966=DIRECTION('ref_axis',(-0.707106781186548,-0.707106781186548,-3.12347616316197E-15));
#3967=DIRECTION('',(0.,0.707106781186532,0.707106781186563));
#3968=DIRECTION('center_axis',(-3.92523114670935E-17,0.707106781186563,
-0.707106781186532));
#3969=DIRECTION('ref_axis',(-1.,0.,5.55111512312578E-17));
#3970=DIRECTION('',(0.,0.707106781186555,0.70710678118654));
#3971=DIRECTION('center_axis',(0.,0.,-1.));
#3972=DIRECTION('ref_axis',(0.707106781186548,-0.707106781186548,-2.3150907215964E-15));
#3973=DIRECTION('',(-0.70710678118654,0.,0.707106781186555));
#3974=DIRECTION('center_axis',(-0.707106781186555,2.81635334776399E-15,
-0.70710678118654));
#3975=DIRECTION('ref_axis',(-0.70710678118654,0.,0.707106781186555));
#3976=DIRECTION('',(-0.70710678118661,0.,0.707106781186485));
#3977=DIRECTION('center_axis',(0.,0.,1.));
#3978=DIRECTION('ref_axis',(-0.707106781186548,0.707106781186548,2.28420415373156E-15));
#3979=DIRECTION('',(0.,0.70710678118654,0.707106781186555));
#3980=DIRECTION('center_axis',(-3.92523114670939E-17,0.707106781186555,
-0.70710678118654));
#3981=DIRECTION('ref_axis',(-1.,0.,5.55111512312578E-17));
#3982=DIRECTION('',(0.,0.707106781186618,0.707106781186477));
#3983=DIRECTION('center_axis',(0.,0.,1.));
#3984=DIRECTION('ref_axis',(0.707106781186548,0.707106781186548,2.24607333687781E-15));
#3985=DIRECTION('center_axis',(-1.65762623007353E-16,0.707106781186563,
-0.707106781186532));
#3986=DIRECTION('ref_axis',(-1.,0.,2.34423749591542E-16));
#3987=DIRECTION('',(1.,1.78912598360277E-16,-5.55111512312571E-17));
#3988=DIRECTION('center_axis',(-1.78912598360276E-16,1.,3.70074341541719E-15));
#3989=DIRECTION('ref_axis',(-1.,-1.78912598360277E-16,5.55111512312571E-17));
#3990=DIRECTION('',(-1.,-1.78912598360277E-16,5.55111512312571E-17));
#3991=DIRECTION('center_axis',(-8.72580000731666E-17,0.707106781186563,
0.707106781186532));
#3992=DIRECTION('ref_axis',(1.,0.,1.23401447129027E-16));
#3993=CARTESIAN_POINT('',(0.,0.,0.));
#3994=CARTESIAN_POINT('Origin',(177.,21.65,34.6000000000002));
#3995=CARTESIAN_POINT('',(175.25,21.65,34.5));
#3996=CARTESIAN_POINT('Origin',(177.,21.65,34.5));
#3997=CARTESIAN_POINT('',(175.45,21.65,34.7000000000004));
#3998=CARTESIAN_POINT('',(175.35,21.65,34.6000000000002));
#3999=CARTESIAN_POINT('Origin',(177.,21.65,34.7000000000004));
#4000=CARTESIAN_POINT('Origin',(185.,63.1499999999999,34.5000000000002));
#4001=CARTESIAN_POINT('',(184.8,56.4500000000001,34.5000000000002));
#4002=CARTESIAN_POINT('',(184.8,61.0499999999999,34.5000000000002));
#4003=CARTESIAN_POINT('',(184.8,63.1499999999999,34.5000000000002));
#4004=CARTESIAN_POINT('',(176.8,56.4500000000001,34.5000000000002));
#4005=CARTESIAN_POINT('',(189.,56.4500000000001,34.5000000000002));
#4006=CARTESIAN_POINT('',(176.8,53.0499999552966,34.5000000000002));
#4007=CARTESIAN_POINT('',(176.8,59.7,34.5000000000002));
#4008=CARTESIAN_POINT('',(184.8,53.0499999552966,34.5000000000002));
#4009=CARTESIAN_POINT('',(181.,53.0499999552966,34.5000000000002));
#4010=CARTESIAN_POINT('',(184.8,14.8500000447036,34.5));
#4011=CARTESIAN_POINT('',(184.8,63.1499999999999,34.5000000000002));
#4012=CARTESIAN_POINT('',(176.8,14.8500000447036,34.5));
#4013=CARTESIAN_POINT('',(189.,14.8500000447036,34.5));
#4014=CARTESIAN_POINT('',(176.8,11.4500000000001,34.5));
#4015=CARTESIAN_POINT('',(176.8,38.9000000223518,34.5000000000001));
#4016=CARTESIAN_POINT('',(184.8,11.4500000000001,34.5));
#4017=CARTESIAN_POINT('',(181.,11.4500000000001,34.5));
#4018=CARTESIAN_POINT('',(184.8,6.84999999999987,34.5));
#4019=CARTESIAN_POINT('',(184.8,63.1499999999999,34.5000000000002));
#4020=CARTESIAN_POINT('',(58.1000000000002,6.84999999999986,34.5));
#4021=CARTESIAN_POINT('',(119.75,6.84999999999987,34.5));
#4022=CARTESIAN_POINT('',(54.7000000000002,10.2499999999999,34.5));
#4023=CARTESIAN_POINT('Origin',(58.1000000000002,10.2499999999999,34.5));
#4024=CARTESIAN_POINT('',(54.7000000000002,116.05,34.5000000000004));
#4025=CARTESIAN_POINT('',(54.7000000000002,91.3999999999999,34.5000000000003));
#4026=CARTESIAN_POINT('',(58.1000000000002,119.45,34.5000000000004));
#4027=CARTESIAN_POINT('Origin',(58.1000000000002,116.05,34.5000000000004));
#4028=CARTESIAN_POINT('',(82.5047532389729,119.45,34.5000000000004));
#4029=CARTESIAN_POINT('',(135.552376619487,119.45,34.5000000000004));
#4030=CARTESIAN_POINT('',(85.9047532389729,116.05,34.5000000000004));
#4031=CARTESIAN_POINT('Origin',(82.5047532389729,116.05,34.5000000000004));
#4032=CARTESIAN_POINT('',(85.9047532389729,92.6499999999998,34.5000000000003));
#4033=CARTESIAN_POINT('',(85.9047532389729,76.0999999999999,34.5000000000003));
#4034=CARTESIAN_POINT('',(89.7047532389729,88.8499999999999,34.5000000000003));
#4035=CARTESIAN_POINT('Origin',(89.7047532389729,92.6499999999998,34.5000000000003));
#4036=CARTESIAN_POINT('',(109.999473569928,88.8499999999999,34.5000000000003));
#4037=CARTESIAN_POINT('',(149.299736784964,88.8499999999999,34.5000000000003));
#4038=CARTESIAN_POINT('',(113.799473569928,92.6499999999998,34.5000000000003));
#4039=CARTESIAN_POINT('Origin',(109.999473569928,92.6499999999998,34.5000000000003));
#4040=CARTESIAN_POINT('',(113.799473569928,116.05,34.5000000000004));
#4041=CARTESIAN_POINT('',(113.799473569928,91.3999999999999,34.5000000000003));
#4042=CARTESIAN_POINT('',(117.199473569928,119.45,34.5000000000004));
#4043=CARTESIAN_POINT('Origin',(117.199473569928,116.05,34.5000000000004));
#4044=CARTESIAN_POINT('',(148.35,119.45,34.5000000000004));
#4045=CARTESIAN_POINT('',(168.475,119.45,34.5000000000004));
#4046=CARTESIAN_POINT('',(151.75,116.05,34.5000000000004));
#4047=CARTESIAN_POINT('Origin',(148.35,116.05,34.5000000000004));
#4048=CARTESIAN_POINT('',(151.75,69.4784271247461,34.5000000000002));
#4049=CARTESIAN_POINT('',(151.75,66.314213562373,34.5000000000002));
#4050=CARTESIAN_POINT('',(152.804415587729,66.9328427124745,34.5000000000002));
#4051=CARTESIAN_POINT('Origin',(155.35,69.4784271247461,34.5000000000002));
#4052=CARTESIAN_POINT('',(157.632842712475,62.1044155877283,34.5000000000002));
#4053=CARTESIAN_POINT('',(164.213235931288,55.5240223689148,34.5000000000002));
#4054=CARTESIAN_POINT('',(160.178427124746,61.0499999999998,34.5000000000002));
#4055=CARTESIAN_POINT('Origin',(160.178427124746,64.6499999999999,34.5000000000002));
#4056=CARTESIAN_POINT('',(197.410786437627,61.0499999999999,34.5000000000002));
#4057=CARTESIAN_POINT('',(175.25,46.25,34.5000000000001));
#4058=CARTESIAN_POINT('Origin',(177.,46.25,34.5000000000001));
#4059=CARTESIAN_POINT('',(61.2500000000002,15.6499999999999,34.5));
#4060=CARTESIAN_POINT('Origin',(63.0000000000002,15.6499999999999,34.5));
#4061=CARTESIAN_POINT('',(93.3355882018805,39.3572390079498,34.5000000000002));
#4062=CARTESIAN_POINT('',(93.1495263427496,39.8240864276886,34.5000000000002));
#4063=CARTESIAN_POINT('Ctrl Pts',(93.3355882018805,39.3572390079498,34.5000000000002));
#4064=CARTESIAN_POINT('Ctrl Pts',(93.3286140615701,39.4469546661478,34.5000000000002));
#4065=CARTESIAN_POINT('Ctrl Pts',(93.3149953818917,39.6221459810289,34.5000000000002));
#4066=CARTESIAN_POINT('Ctrl Pts',(93.2037855175753,39.7578678646481,34.5000000000002));
#4067=CARTESIAN_POINT('Ctrl Pts',(93.1495263427496,39.8240864276886,34.5000000000002));
#4068=CARTESIAN_POINT('',(92.6792957633734,40.0067663192749,34.5000000000002));
#4069=CARTESIAN_POINT('Ctrl Pts',(93.1495263427496,39.8240864276886,34.5000000000002));
#4070=CARTESIAN_POINT('Ctrl Pts',(93.0823267117856,39.8773593050398,34.5000000000002));
#4071=CARTESIAN_POINT('Ctrl Pts',(92.9446129797581,39.9865326241582,34.5000000000002));
#4072=CARTESIAN_POINT('Ctrl Pts',(92.7691425659469,39.9999143975065,34.5000000000002));
#4073=CARTESIAN_POINT('Ctrl Pts',(92.6792957633734,40.0067663192749,34.5000000000002));
#4074=CARTESIAN_POINT('',(91.3328816741705,40.0067663192749,34.5000000000002));
#4075=CARTESIAN_POINT('',(138.839647881687,40.0067663192749,34.5000000000001));
#4076=CARTESIAN_POINT('',(89.9932339042425,40.,34.5000000000002));
#4077=CARTESIAN_POINT('',(138.223690765685,40.2436033390452,34.5000000000001));
#4078=CARTESIAN_POINT('',(89.3301763385534,39.9391067028046,34.5000000000002));
#4079=CARTESIAN_POINT('Ctrl Pts',(89.9932339042425,40.,34.5000000000002));
#4080=CARTESIAN_POINT('Ctrl Pts',(89.8584635385315,40.0003939202626,34.5000000000002));
#4081=CARTESIAN_POINT('Ctrl Pts',(89.6352220537554,40.0010464327334,34.5000000000002));
#4082=CARTESIAN_POINT('Ctrl Pts',(89.4167552431514,39.956686605426,34.5000000000002));
#4083=CARTESIAN_POINT('Ctrl Pts',(89.3301763385534,39.9391067028046,34.5000000000002));
#4084=CARTESIAN_POINT('',(88.9851149171591,39.4248986244202,34.5000000000002));
#4085=CARTESIAN_POINT('Ctrl Pts',(89.3301763385534,39.9391067028046,34.5000000000002));
#4086=CARTESIAN_POINT('Ctrl Pts',(89.2295486001711,39.8857686664241,34.5000000000002));
#4087=CARTESIAN_POINT('Ctrl Pts',(89.0234929580165,39.7765482515134,34.5000000000002));
#4088=CARTESIAN_POINT('Ctrl Pts',(88.9981047410242,39.5439215504512,34.5000000000002));
#4089=CARTESIAN_POINT('Ctrl Pts',(88.9851149171591,39.4248986244202,34.5000000000002));
#4090=CARTESIAN_POINT('',(90.047360882163,38.7415421009064,34.5000000000002));
#4091=CARTESIAN_POINT('Ctrl Pts',(88.9851149171591,39.4248986244202,34.5000000000002));
#4092=CARTESIAN_POINT('Ctrl Pts',(89.0529818016098,39.2270029471042,34.5000000000002));
#4093=CARTESIAN_POINT('Ctrl Pts',(89.2166467132969,38.7497660912604,34.5000000000002));
#4094=CARTESIAN_POINT('Ctrl Pts',(89.7406474112339,38.7445785347616,34.5000000000002));
#4095=CARTESIAN_POINT('Ctrl Pts',(90.047360882163,38.7415421009064,34.5000000000002));
#4096=CARTESIAN_POINT('',(90.3721239417791,38.7483084201813,34.5000000000002));
#4097=CARTESIAN_POINT('',(137.757241078955,39.7355599622988,34.5000000000001));
#4098=CARTESIAN_POINT('',(90.6495263427496,38.7618398666382,34.5000000000002));
#4099=CARTESIAN_POINT('',(138.167484129413,41.0797242803364,34.5000000000001));
#4100=CARTESIAN_POINT('',(90.5920162051916,37.8010821342468,34.5000000000002));
#4101=CARTESIAN_POINT('Ctrl Pts',(90.6495263427496,38.7618398666382,34.5000000000002));
#4102=CARTESIAN_POINT('Ctrl Pts',(90.6458954053324,38.6275839467901,34.5000000000002));
#4103=CARTESIAN_POINT('Ctrl Pts',(90.6372181829098,38.3067388469643,34.5000000000002));
#4104=CARTESIAN_POINT('Ctrl Pts',(90.6086374708244,37.9870176832064,34.5000000000002));
#4105=CARTESIAN_POINT('Ctrl Pts',(90.5920162051916,37.8010821342468,34.5000000000002));
#4106=CARTESIAN_POINT('',(90.5345060676336,36.8470907211304,34.5000000000002));
#4107=CARTESIAN_POINT('Ctrl Pts',(90.5920162051916,37.8010821342468,34.5000000000002));
#4108=CARTESIAN_POINT('Ctrl Pts',(90.5754047452656,37.6157106634426,34.5000000000002));
#4109=CARTESIAN_POINT('Ctrl Pts',(90.546955710539,37.2982407099447,34.5000000000002));
#4110=CARTESIAN_POINT('Ctrl Pts',(90.5381641957527,36.9796539177251,34.5000000000002));
#4111=CARTESIAN_POINT('Ctrl Pts',(90.5345060676336,36.8470907211304,34.5000000000002));
#4112=CARTESIAN_POINT('',(90.6901218742132,34.2354536056519,34.5000000000002));
#4113=CARTESIAN_POINT('Ctrl Pts',(90.5345060676336,36.8470907211304,34.5000000000002));
#4114=CARTESIAN_POINT('Ctrl Pts',(90.544470255269,36.4860740700869,34.5000000000002));
#4115=CARTESIAN_POINT('Ctrl Pts',(90.5685406802934,35.6139684304228,34.5000000000002));
#4116=CARTESIAN_POINT('Ctrl Pts',(90.6451977484502,34.7448134117006,34.5000000000002));
#4117=CARTESIAN_POINT('Ctrl Pts',(90.6901218742132,34.2354536056519,34.5000000000002));
#4118=CARTESIAN_POINT('',(90.832205042243,31.6170501708984,34.5000000000002));
#4119=CARTESIAN_POINT('Ctrl Pts',(90.6901218742132,34.2354536056519,34.5000000000002));
#4120=CARTESIAN_POINT('Ctrl Pts',(90.7331083920747,33.7300246074169,34.5000000000002));
#4121=CARTESIAN_POINT('Ctrl Pts',(90.8072241562158,32.8585826231202,34.5000000000002));
#4122=CARTESIAN_POINT('Ctrl Pts',(90.824816224946,31.9842691897841,34.5000000000002));
#4123=CARTESIAN_POINT('Ctrl Pts',(90.832205042243,31.6170501708984,34.5000000000002));
#4124=CARTESIAN_POINT('',(89.6752371639013,32.3207038640976,34.5000000000002));
#4125=CARTESIAN_POINT('Ctrl Pts',(90.832205042243,31.6170501708984,34.5000000000002));
#4126=CARTESIAN_POINT('Ctrl Pts',(90.5953950299445,31.8121240967785,34.5000000000002));
#4127=CARTESIAN_POINT('Ctrl Pts',(90.2415557398416,32.1036017196249,34.5000000000002));
#4128=CARTESIAN_POINT('Ctrl Pts',(89.815989506416,32.2667454797222,34.5000000000002));
#4129=CARTESIAN_POINT('Ctrl Pts',(89.6752371639013,32.3207038640976,34.5000000000002));
#4130=CARTESIAN_POINT('',(89.2050065845251,32.1177268028259,34.5000000000002));
#4131=CARTESIAN_POINT('Ctrl Pts',(89.6752371639013,32.3207038640976,34.5000000000002));
#4132=CARTESIAN_POINT('Ctrl Pts',(89.5875260279905,32.3117751780751,34.5000000000002));
#4133=CARTESIAN_POINT('Ctrl Pts',(89.4095716190999,32.2936600433569,34.5000000000002));
#4134=CARTESIAN_POINT('Ctrl Pts',(89.2738387165872,32.1769248963394,34.5000000000002));
#4135=CARTESIAN_POINT('Ctrl Pts',(89.2050065845251,32.1177268028259,34.5000000000002));
#4136=CARTESIAN_POINT('',(89.0054126828909,31.6508799791336,34.5000000000002));
#4137=CARTESIAN_POINT('Ctrl Pts',(89.2050065845251,32.1177268028259,34.5000000000002));
#4138=CARTESIAN_POINT('Ctrl Pts',(89.1467994411197,32.0485031240979,34.5000000000002));
#4139=CARTESIAN_POINT('Ctrl Pts',(89.0328067430642,31.9129356757424,34.5000000000002));
#4140=CARTESIAN_POINT('Ctrl Pts',(89.0144137935545,31.7369859564986,34.5000000000002));
#4141=CARTESIAN_POINT('Ctrl Pts',(89.0054126828909,31.6508799791336,34.5000000000002));
#4142=CARTESIAN_POINT('',(89.5872797816992,30.8795672655106,34.5000000000002));
#4143=CARTESIAN_POINT('Ctrl Pts',(89.0054126828909,31.6508799791336,34.5000000000002));
#4144=CARTESIAN_POINT('Ctrl Pts',(89.0456001083486,31.5279420217905,34.5000000000002));
#4145=CARTESIAN_POINT('Ctrl Pts',(89.1496841892152,31.2095368453469,34.5000000000002));
#4146=CARTESIAN_POINT('Ctrl Pts',(89.420826797855,31.0050813750787,34.5000000000002));
#4147=CARTESIAN_POINT('Ctrl Pts',(89.5872797816992,30.8795672655106,34.5000000000002));
#4148=CARTESIAN_POINT('',(90.6224622577429,30.054127573967,34.5000000000002));
#4149=CARTESIAN_POINT('Ctrl Pts',(89.5872797816992,30.8795672655106,34.5000000000002));
#4150=CARTESIAN_POINT('Ctrl Pts',(89.735434246526,30.7691879513176,34.5000000000002));
#4151=CARTESIAN_POINT('Ctrl Pts',(90.0894928193226,30.5054041868854,34.5000000000002));
#4152=CARTESIAN_POINT('Ctrl Pts',(90.4264838460336,30.2200666831652,34.5000000000002));
#4153=CARTESIAN_POINT('Ctrl Pts',(90.6224622577429,30.054127573967,34.5000000000002));
#4154=CARTESIAN_POINT('',(91.7591335624456,29.4519627094269,34.5000000000002));
#4155=CARTESIAN_POINT('Ctrl Pts',(90.6224622577429,30.054127573967,34.5000000000002));
#4156=CARTESIAN_POINT('Ctrl Pts',(90.8043429189691,29.8793663047738,34.5000000000002));
#4157=CARTESIAN_POINT('Ctrl Pts',(91.128174696642,29.5682103408045,34.5000000000002));
#4158=CARTESIAN_POINT('Ctrl Pts',(91.5668437283544,29.4873901183478,34.5000000000002));
#4159=CARTESIAN_POINT('Ctrl Pts',(91.7591335624456,29.4519627094269,34.5000000000002));
#4160=CARTESIAN_POINT('',(92.2124495357275,29.9729371070862,34.5000000000002));
#4161=CARTESIAN_POINT('Ctrl Pts',(91.7591335624456,29.4519627094269,34.5000000000002));
#4162=CARTESIAN_POINT('Ctrl Pts',(91.8912407854975,29.4781058127489,34.5000000000002));
#4163=CARTESIAN_POINT('Ctrl Pts',(92.17096835723,29.5334619593765,34.5000000000002));
#4164=CARTESIAN_POINT('Ctrl Pts',(92.1981205411519,29.8211276061094,34.5000000000002));
#4165=CARTESIAN_POINT('Ctrl Pts',(92.2124495357275,29.9729371070862,34.5000000000002));
#4166=CARTESIAN_POINT('',(92.1718540042639,30.4364007711411,34.5000000000002));
#4167=CARTESIAN_POINT('Ctrl Pts',(92.2124495357275,29.9729371070862,34.5000000000002));
#4168=CARTESIAN_POINT('Ctrl Pts',(92.2098718595252,30.0375613929778,34.5000000000002));
#4169=CARTESIAN_POINT('Ctrl Pts',(92.2036855961029,30.1926556812545,34.5000000000002));
#4170=CARTESIAN_POINT('Ctrl Pts',(92.1835812964603,30.3466009928265,34.5000000000002));
#4171=CARTESIAN_POINT('Ctrl Pts',(92.1718540042639,30.4364007711411,34.5000000000002));
#4172=CARTESIAN_POINT('',(92.1312584728003,30.8998650312424,34.5000000000002));
#4173=CARTESIAN_POINT('Ctrl Pts',(92.1718540042639,30.4364007711411,34.5000000000002));
#4174=CARTESIAN_POINT('Ctrl Pts',(92.1601267098466,30.5262005494,34.5000000000002));
#4175=CARTESIAN_POINT('Ctrl Pts',(92.1400223806864,30.6801460577496,34.5000000000002));
#4176=CARTESIAN_POINT('Ctrl Pts',(92.133836142925,30.8352405462321,34.5000000000002));
#4177=CARTESIAN_POINT('Ctrl Pts',(92.1312584728003,30.8998650312424,34.5000000000002));
#4178=CARTESIAN_POINT('',(92.1549382060766,31.5764546394348,34.5000000000002));
#4179=CARTESIAN_POINT('Ctrl Pts',(92.1312584728003,30.8998650312424,34.5000000000002));
#4180=CARTESIAN_POINT('Ctrl Pts',(92.1327707186285,30.9934752217453,34.5000000000002));
#4181=CARTESIAN_POINT('Ctrl Pts',(92.1364163516169,31.2191451440455,34.5000000000002));
#4182=CARTESIAN_POINT('Ctrl Pts',(92.1481006652009,31.4445500137231,34.5000000000002));
#4183=CARTESIAN_POINT('Ctrl Pts',(92.1549382060766,31.5764546394348,34.5000000000002));
#4184=CARTESIAN_POINT('',(92.1786191314459,32.2530448436737,34.5000000000002));
#4185=CARTESIAN_POINT('Ctrl Pts',(92.1549382060766,31.5764546394348,34.5000000000002));
#4186=CARTESIAN_POINT('Ctrl Pts',(92.1617762598728,31.7083594586688,34.5000000000002));
#4187=CARTESIAN_POINT('Ctrl Pts',(92.1734614420213,31.9337645059156,34.5000000000002));
#4188=CARTESIAN_POINT('Ctrl Pts',(92.1771069421702,32.1594346506279,34.5000000000002));
#4189=CARTESIAN_POINT('Ctrl Pts',(92.1786191314459,32.2530448436737,34.5000000000002));
#4190=CARTESIAN_POINT('',(92.0162381976843,34.5534509420395,34.5000000000002));
#4191=CARTESIAN_POINT('Ctrl Pts',(92.1786191314459,32.2530448436737,34.5000000000002));
#4192=CARTESIAN_POINT('Ctrl Pts',(92.1683160444793,32.5735122416225,34.5000000000002));
#4193=CARTESIAN_POINT('Ctrl Pts',(92.1436002950103,33.3422713471534,34.5000000000002));
#4194=CARTESIAN_POINT('Ctrl Pts',(92.0631510886469,34.1073218544698,34.5000000000002));
#4195=CARTESIAN_POINT('Ctrl Pts',(92.0162381976843,34.5534509420395,34.5000000000002));
#4196=CARTESIAN_POINT('',(91.8538560718298,36.8470907211304,34.5000000000002));
#4197=CARTESIAN_POINT('Ctrl Pts',(92.0162381976843,34.5534509420395,34.5000000000002));
#4198=CARTESIAN_POINT('Ctrl Pts',(91.9693371941094,34.9990158865218,34.5000000000002));
#4199=CARTESIAN_POINT('Ctrl Pts',(91.889043329851,35.7618168597128,34.5000000000002));
#4200=CARTESIAN_POINT('Ctrl Pts',(91.8641915195748,36.5283164853848,34.5000000000002));
#4201=CARTESIAN_POINT('Ctrl Pts',(91.8538560718298,36.8470907211304,34.5000000000002));
#4202=CARTESIAN_POINT('',(91.9079842418432,37.8010821342468,34.5000000000002));
#4203=CARTESIAN_POINT('Ctrl Pts',(91.8538560718298,36.8470907211304,34.5000000000002));
#4204=CARTESIAN_POINT('Ctrl Pts',(91.8568225163878,36.9920783455218,34.5000000000002));
#4205=CARTESIAN_POINT('Ctrl Pts',(91.8633416116015,37.3107049403396,34.5000000000002));
#4206=CARTESIAN_POINT('Ctrl Pts',(91.8922372530234,37.6281092572422,34.5000000000002));
#4207=CARTESIAN_POINT('Ctrl Pts',(91.9079842418432,37.8010821342468,34.5000000000002));
#4208=CARTESIAN_POINT('',(91.9688763469458,38.7212455272675,34.5000000000002));
#4209=CARTESIAN_POINT('Ctrl Pts',(91.9079842418432,37.8010821342468,34.5000000000002));
#4210=CARTESIAN_POINT('Ctrl Pts',(91.923840417546,37.9712446421127,34.5000000000002));
#4211=CARTESIAN_POINT('Ctrl Pts',(91.9523722927573,38.2774379847607,34.5000000000002));
#4212=CARTESIAN_POINT('Ctrl Pts',(91.9637995999402,38.5847276398,34.5000000000002));
#4213=CARTESIAN_POINT('Ctrl Pts',(91.9688763469458,38.7212455272675,34.5000000000002));
#4214=CARTESIAN_POINT('',(92.6792957633734,38.7077128887177,34.5000000000002));
#4215=CARTESIAN_POINT('',(138.234980951544,37.8399316776687,34.5000000000001));
#4216=CARTESIAN_POINT('',(93.1495263427496,38.8937759399414,34.5000000000002));
#4217=CARTESIAN_POINT('Ctrl Pts',(92.6792957633734,38.7077128887177,34.5000000000002));
#4218=CARTESIAN_POINT('Ctrl Pts',(92.7692278125033,38.7147738669665,34.5000000000002));
#4219=CARTESIAN_POINT('Ctrl Pts',(92.9452916501118,38.7285974475454,34.5000000000002));
#4220=CARTESIAN_POINT('Ctrl Pts',(93.0824348370338,38.8395144742542,34.5000000000002));
#4221=CARTESIAN_POINT('Ctrl Pts',(93.1495263427496,38.8937759399414,34.5000000000002));
#4222=CARTESIAN_POINT('Ctrl Pts',(93.1495263427496,38.8937759399414,34.5000000000002));
#4223=CARTESIAN_POINT('Ctrl Pts',(93.2037910253362,38.9602694196557,34.5000000000002));
#4224=CARTESIAN_POINT('Ctrl Pts',(93.313953974807,39.0952580991566,34.5000000000002));
#4225=CARTESIAN_POINT('Ctrl Pts',(93.3283058524835,39.2690529818582,34.5000000000002));
#4226=CARTESIAN_POINT('Ctrl Pts',(93.3355882018805,39.3572390079498,34.5000000000002));
#4227=CARTESIAN_POINT('',(87.5169148296118,39.3707716464996,34.5000000000002));
#4228=CARTESIAN_POINT('',(87.3105546087027,39.8646819591522,34.5000000000002));
#4229=CARTESIAN_POINT('Ctrl Pts',(87.5169148296118,39.3707716464996,34.5000000000002));
#4230=CARTESIAN_POINT('Ctrl Pts',(87.5079857192659,39.4627270069255,34.5000000000002));
#4231=CARTESIAN_POINT('Ctrl Pts',(87.4899515491448,39.6484497216442,34.5000000000002));
#4232=CARTESIAN_POINT('Ctrl Pts',(87.3707412784221,39.7921372533756,34.5000000000002));
#4233=CARTESIAN_POINT('Ctrl Pts',(87.3105546087027,39.8646819591522,34.5000000000002));
#4234=CARTESIAN_POINT('',(86.826793178916,40.0744247436523,34.5000000000002));
#4235=CARTESIAN_POINT('Ctrl Pts',(87.3105546087027,39.8646819591522,34.5000000000002));
#4236=CARTESIAN_POINT('Ctrl Pts',(87.2395988491459,39.9258515994837,34.5000000000002));
#4237=CARTESIAN_POINT('Ctrl Pts',(87.1000019915746,40.0461954534906,34.5000000000002));
#4238=CARTESIAN_POINT('Ctrl Pts',(86.9168505022094,40.0651195741532,34.5000000000002));
#4239=CARTESIAN_POINT('Ctrl Pts',(86.826793178916,40.0744247436523,34.5000000000002));
#4240=CARTESIAN_POINT('',(86.3464143127203,39.8579156398773,34.5000000000002));
#4241=CARTESIAN_POINT('Ctrl Pts',(86.826793178916,40.0744247436523,34.5000000000002));
#4242=CARTESIAN_POINT('Ctrl Pts',(86.7407347045304,40.063635075438,34.5000000000002));
#4243=CARTESIAN_POINT('Ctrl Pts',(86.5589819460284,40.0408476396245,34.5000000000002));
#4244=CARTESIAN_POINT('Ctrl Pts',(86.419731034008,39.9210107321608,34.5000000000002));
#4245=CARTESIAN_POINT('Ctrl Pts',(86.3464143127203,39.8579156398773,34.5000000000002));
#4246=CARTESIAN_POINT('',(81.3667117804289,36.8809199333191,34.5000000000002));
#4247=CARTESIAN_POINT('Ctrl Pts',(86.3464143127203,39.8579156398773,34.5000000000002));
#4248=CARTESIAN_POINT('Ctrl Pts',(85.5918046915567,39.1844166338348,34.5000000000002));
#4249=CARTESIAN_POINT('Ctrl Pts',(84.121618189194,37.8722558552437,34.5000000000002));
#4250=CARTESIAN_POINT('Ctrl Pts',(82.2686151386813,37.2054642424453,34.5000000000002));
#4251=CARTESIAN_POINT('Ctrl Pts',(81.3667117804289,36.8809199333191,34.5000000000002));
#4252=CARTESIAN_POINT('',(81.4208390563726,38.2070362567902,34.5000000000002));
#4253=CARTESIAN_POINT('',(81.9881063659856,52.1050650404845,34.5000000000002));
#4254=CARTESIAN_POINT('',(81.4546682685614,39.5399188995361,34.5000000000002));
#4255=CARTESIAN_POINT('',(81.7705073609853,51.984088212261,34.5000000000002));
#4256=CARTESIAN_POINT('',(81.2618403881788,40.0372123718262,34.5000000000002));
#4257=CARTESIAN_POINT('Ctrl Pts',(81.4546682685614,39.5399188995361,34.5000000000002));
#4258=CARTESIAN_POINT('Ctrl Pts',(81.447282424984,39.6343830340871,34.5000000000002));
#4259=CARTESIAN_POINT('Ctrl Pts',(81.4327946536678,39.81968005055,34.5000000000002));
#4260=CARTESIAN_POINT('Ctrl Pts',(81.3180757639961,39.9656551526811,34.5000000000002));
#4261=CARTESIAN_POINT('Ctrl Pts',(81.2618403881788,40.0372123718262,34.5000000000002));
#4262=CARTESIAN_POINT('',(80.7780783623457,40.2368068695068,34.5000000000002));
#4263=CARTESIAN_POINT('Ctrl Pts',(81.2618403881788,40.0372123718262,34.5000000000002));
#4264=CARTESIAN_POINT('Ctrl Pts',(81.1928464262155,40.0954245228866,34.5000000000002));
#4265=CARTESIAN_POINT('Ctrl Pts',(81.0529961768027,40.2134201215303,34.5000000000002));
#4266=CARTESIAN_POINT('Ctrl Pts',(80.8705275856884,40.2289423857475,34.5000000000002));
#4267=CARTESIAN_POINT('Ctrl Pts',(80.7780783623457,40.2368068695068,34.5000000000002));
#4268=CARTESIAN_POINT('',(80.2943166345358,40.0372123718262,34.5000000000002));
#4269=CARTESIAN_POINT('Ctrl Pts',(80.7780783623457,40.2368068695068,34.5000000000002));
#4270=CARTESIAN_POINT('Ctrl Pts',(80.6856292450826,40.228942367042,34.5000000000002));
#4271=CARTESIAN_POINT('Ctrl Pts',(80.5031607660503,40.213420057629,34.5000000000002));
#4272=CARTESIAN_POINT('Ctrl Pts',(80.3633105954145,40.0954245231213,34.5000000000002));
#4273=CARTESIAN_POINT('Ctrl Pts',(80.2943166345358,40.0372123718262,34.5000000000002));
#4274=CARTESIAN_POINT('',(80.10148845613,39.5399188995361,34.5000000000002));
#4275=CARTESIAN_POINT('Ctrl Pts',(80.2943166345358,40.0372123718262,34.5000000000002));
#4276=CARTESIAN_POINT('Ctrl Pts',(80.2380811348436,39.9656551666547,34.5000000000002));
#4277=CARTESIAN_POINT('Ctrl Pts',(80.1233620278999,39.8196801381125,34.5000000000002));
#4278=CARTESIAN_POINT('Ctrl Pts',(80.1088742836935,39.6343830450729,34.5000000000002));
#4279=CARTESIAN_POINT('Ctrl Pts',(80.10148845613,39.5399188995361,34.5000000000002));
#4280=CARTESIAN_POINT('',(80.0507442653179,37.946549654007,34.5000000000002));
#4281=CARTESIAN_POINT('Ctrl Pts',(80.10148845613,39.5399188995361,34.5000000000002));
#4282=CARTESIAN_POINT('Ctrl Pts',(80.0982758088759,39.3180236016026,34.5000000000002));
#4283=CARTESIAN_POINT('Ctrl Pts',(80.0905820860779,38.7866235512888,34.5000000000002));
#4284=CARTESIAN_POINT('Ctrl Pts',(80.0654070366687,38.2557485820263,34.5000000000002));
#4285=CARTESIAN_POINT('Ctrl Pts',(80.0507442653179,37.946549654007,34.5000000000002));
#4286=CARTESIAN_POINT('',(80.,36.3531804084778,34.5000000000002));
#4287=CARTESIAN_POINT('Ctrl Pts',(80.0507442653179,37.946549654007,34.5000000000002));
#4288=CARTESIAN_POINT('Ctrl Pts',(80.0360814591604,37.637351123749,34.5000000000002));
#4289=CARTESIAN_POINT('Ctrl Pts',(80.0109063177194,37.1064761569128,34.5000000000002));
#4290=CARTESIAN_POINT('Ctrl Pts',(80.0032126358907,36.5750761041671,34.5000000000002));
#4291=CARTESIAN_POINT('Ctrl Pts',(80.,36.3531804084778,34.5000000000002));
#4292=CARTESIAN_POINT('',(80.135317966342,34.4993233680725,34.5000000000002));
#4293=CARTESIAN_POINT('Ctrl Pts',(80.,36.3531804084778,34.5000000000002));
#4294=CARTESIAN_POINT('Ctrl Pts',(80.0085813595016,36.0947629910644,34.5000000000002));
#4295=CARTESIAN_POINT('Ctrl Pts',(80.0291579754816,35.4751227161584,34.5000000000002));
#4296=CARTESIAN_POINT('Ctrl Pts',(80.0962223841111,34.8586813836939,34.5000000000002));
#4297=CARTESIAN_POINT('Ctrl Pts',(80.135317966342,34.4993233680725,34.5000000000002));
#4298=CARTESIAN_POINT('',(80.2706360071898,32.6522326469421,34.5000000000002));
#4299=CARTESIAN_POINT('Ctrl Pts',(80.135317966342,34.4993233680725,34.5000000000002));
#4300=CARTESIAN_POINT('Ctrl Pts',(80.1744014679659,34.140529524401,34.5000000000002));
#4301=CARTESIAN_POINT('Ctrl Pts',(80.2413055726082,33.5263373495798,34.5000000000002));
#4302=CARTESIAN_POINT('Ctrl Pts',(80.2620216720601,32.908956795574,34.5000000000002));
#4303=CARTESIAN_POINT('Ctrl Pts',(80.2706360071898,32.6522326469421,34.5000000000002));
#4304=CARTESIAN_POINT('',(80.2063599228859,31.6305822134018,34.5000000000002));
#4305=CARTESIAN_POINT('Ctrl Pts',(80.2706360071898,32.6522326469421,34.5000000000002));
#4306=CARTESIAN_POINT('Ctrl Pts',(80.2665754567722,32.5095079253435,34.5000000000002));
#4307=CARTESIAN_POINT('Ctrl Pts',(80.2568669461481,32.16826244542,34.5000000000002));
#4308=CARTESIAN_POINT('Ctrl Pts',(80.2249359134689,31.8283357589791,34.5000000000002));
#4309=CARTESIAN_POINT('Ctrl Pts',(80.2063599228859,31.6305822134018,34.5000000000002));
#4310=CARTESIAN_POINT('',(80.1420839130878,30.608931183815,34.5000000000002));
#4311=CARTESIAN_POINT('Ctrl Pts',(80.2063599228859,31.6305822134018,34.5000000000002));
#4312=CARTESIAN_POINT('Ctrl Pts',(80.1877839654665,31.4328284683894,34.5000000000002));
#4313=CARTESIAN_POINT('Ctrl Pts',(80.1558530029782,31.0929015794906,34.5000000000002));
#4314=CARTESIAN_POINT('Ctrl Pts',(80.1461444703686,30.7516559048727,34.5000000000002));
#4315=CARTESIAN_POINT('Ctrl Pts',(80.1420839130878,30.608931183815,34.5000000000002));
#4316=CARTESIAN_POINT('',(80.3585926443338,29.9323415756226,34.5000000000002));
#4317=CARTESIAN_POINT('Ctrl Pts',(80.1420839130878,30.608931183815,34.5000000000002));
#4318=CARTESIAN_POINT('Ctrl Pts',(80.1504909195512,30.4851599714475,34.5000000000002));
#4319=CARTESIAN_POINT('Ctrl Pts',(80.1670303665205,30.2416598133108,34.5000000000002));
#4320=CARTESIAN_POINT('Ctrl Pts',(80.295449164571,30.0343002185489,34.5000000000002));
#4321=CARTESIAN_POINT('Ctrl Pts',(80.3585926443338,29.9323415756226,34.5000000000002));
#4322=CARTESIAN_POINT('',(81.0690122097731,29.6075785160065,34.5000000000002));
#4323=CARTESIAN_POINT('Ctrl Pts',(80.3585926443338,29.9323415756226,34.5000000000002));
#4324=CARTESIAN_POINT('Ctrl Pts',(80.4531442319095,29.8292146342074,34.5000000000002));
#4325=CARTESIAN_POINT('Ctrl Pts',(80.6439794064798,29.6210716683148,34.5000000000002));
#4326=CARTESIAN_POINT('Ctrl Pts',(80.9264799605101,29.6121033652257,34.5000000000002));
#4327=CARTESIAN_POINT('Ctrl Pts',(81.0690122097731,29.6075785160065,34.5000000000002));
#4328=CARTESIAN_POINT('',(82.6995938271284,29.7361302375793,34.5000000000002));
#4329=CARTESIAN_POINT('',(134.027554321334,33.7827217213326,34.5000000000001));
#4330=CARTESIAN_POINT('',(84.2625167220831,30.1894456148148,34.5000000000002));
#4331=CARTESIAN_POINT('Ctrl Pts',(82.6995938271284,29.7361302375793,34.5000000000002));
#4332=CARTESIAN_POINT('Ctrl Pts',(82.9883227056879,29.7795994127253,34.5000000000002));
#4333=CARTESIAN_POINT('Ctrl Pts',(83.5299296712944,29.8611402969128,34.5000000000002));
#4334=CARTESIAN_POINT('Ctrl Pts',(84.0293402622112,30.0849487202777,34.5000000000002));
#4335=CARTESIAN_POINT('Ctrl Pts',(84.2625167220831,30.1894456148148,34.5000000000002));
#4336=CARTESIAN_POINT('',(87.0027061551809,33.7415426969528,34.5000000000002));
#4337=CARTESIAN_POINT('Ctrl Pts',(84.2625167220831,30.1894456148148,34.5000000000002));
#4338=CARTESIAN_POINT('Ctrl Pts',(85.058009403493,30.6486642660978,34.5000000000002));
#4339=CARTESIAN_POINT('Ctrl Pts',(86.4786745020165,31.4687798067117,34.5000000000002));
#4340=CARTESIAN_POINT('Ctrl Pts',(86.8425711822181,33.0470258261076,34.5000000000002));
#4341=CARTESIAN_POINT('Ctrl Pts',(87.0027061551809,33.7415426969528,34.5000000000002));
#4342=CARTESIAN_POINT('',(86.0690119117498,35.5615699291229,34.5000000000002));
#4343=CARTESIAN_POINT('Ctrl Pts',(87.0027061551809,33.7415426969528,34.5000000000002));
#4344=CARTESIAN_POINT('Ctrl Pts',(86.9565733040274,34.080406039749,34.5000000000002));
#4345=CARTESIAN_POINT('Ctrl Pts',(86.8594483621509,34.7938256886589,34.5000000000002));
#4346=CARTESIAN_POINT('Ctrl Pts',(86.3411346141982,35.2972594492631,34.5000000000002));
#4347=CARTESIAN_POINT('Ctrl Pts',(86.0690119117498,35.5615699291229,34.5000000000002));
#4348=CARTESIAN_POINT('',(84.1948577016592,36.5290939807892,34.5000000000002));
#4349=CARTESIAN_POINT('Ctrl Pts',(86.0690119117498,35.5615699291229,34.5000000000002));
#4350=CARTESIAN_POINT('Ctrl Pts',(85.7954440791339,35.763095913304,34.5000000000002));
#4351=CARTESIAN_POINT('Ctrl Pts',(85.2226550283452,36.1850456582156,34.5000000000002));
#4352=CARTESIAN_POINT('Ctrl Pts',(84.5475356219456,36.4110373914862,34.5000000000002));
#4353=CARTESIAN_POINT('Ctrl Pts',(84.1948577016592,36.5290939807892,34.5000000000002));
#4354=CARTESIAN_POINT('',(87.3410012573004,38.9106905460358,34.5000000000002));
#4355=CARTESIAN_POINT('Ctrl Pts',(84.1948577016592,36.5290939807892,34.5000000000002));
#4356=CARTESIAN_POINT('Ctrl Pts',(84.8305695019521,36.8862820384726,34.5000000000002));
#4357=CARTESIAN_POINT('Ctrl Pts',(85.9894143439152,37.5374034083551,34.5000000000002));
#4358=CARTESIAN_POINT('Ctrl Pts',(86.9206272559767,38.4835672857289,34.5000000000002));
#4359=CARTESIAN_POINT('Ctrl Pts',(87.3410012573004,38.9106905460358,34.5000000000002));
#4360=CARTESIAN_POINT('Ctrl Pts',(87.3410012573004,38.9106905460358,34.5000000000002));
#4361=CARTESIAN_POINT('Ctrl Pts',(87.3922884391331,38.9823753292649,34.5000000000002));
#4362=CARTESIAN_POINT('Ctrl Pts',(87.4912070622887,39.120635218088,34.5000000000002));
#4363=CARTESIAN_POINT('Ctrl Pts',(87.5085593367967,39.2894727493957,34.5000000000002));
#4364=CARTESIAN_POINT('Ctrl Pts',(87.5169148296118,39.3707716464996,34.5000000000002));
#4365=CARTESIAN_POINT('',(61.2500000000002,110.65,34.5000000000004));
#4366=CARTESIAN_POINT('Origin',(63.0000000000002,110.65,34.5000000000004));
#4367=CARTESIAN_POINT('Origin',(177.,21.65,35.76));
#4368=CARTESIAN_POINT('',(175.45,21.65,35.85));
#4369=CARTESIAN_POINT('Origin',(177.,21.65,35.85));
#4370=CARTESIAN_POINT('',(175.45,21.65,35.76));
#4371=CARTESIAN_POINT('Origin',(177.,46.25,34.6000000000002));
#4372=CARTESIAN_POINT('',(175.45,46.25,34.7000000000003));
#4373=CARTESIAN_POINT('',(175.35,46.25,34.6000000000002));
#4374=CARTESIAN_POINT('Origin',(177.,46.25,34.7000000000003));
#4375=CARTESIAN_POINT('Origin',(177.,46.25,35.76));
#4376=CARTESIAN_POINT('',(175.45,46.25,35.85));
#4377=CARTESIAN_POINT('Origin',(177.,46.25,35.85));
#4378=CARTESIAN_POINT('',(175.45,46.25,35.76));
#4379=CARTESIAN_POINT('Origin',(63.0000000000002,110.65,34.6000000000002));
#4380=CARTESIAN_POINT('',(61.4500000000002,110.65,34.7));
#4381=CARTESIAN_POINT('',(61.3500000000002,110.65,34.6000000000002));
#4382=CARTESIAN_POINT('Origin',(63.0000000000002,110.65,34.7));
#4383=CARTESIAN_POINT('Origin',(63.0000000000002,110.65,35.76));
#4384=CARTESIAN_POINT('',(61.4500000000002,110.65,35.85));
#4385=CARTESIAN_POINT('Origin',(63.0000000000002,110.65,35.85));
#4386=CARTESIAN_POINT('',(61.4500000000002,110.65,35.76));
#4387=CARTESIAN_POINT('Origin',(63.0000000000002,15.6499999999999,34.6000000000002));
#4388=CARTESIAN_POINT('',(61.4500000000002,15.6499999999999,34.7000000000004));
#4389=CARTESIAN_POINT('',(61.3500000000002,15.6499999999999,34.6000000000002));
#4390=CARTESIAN_POINT('Origin',(63.0000000000002,15.6499999999999,34.7000000000004));
#4391=CARTESIAN_POINT('Origin',(63.0000000000002,15.6499999999999,35.76));
#4392=CARTESIAN_POINT('',(61.4500000000002,15.6499999999999,35.85));
#4393=CARTESIAN_POINT('Origin',(63.0000000000002,15.6499999999999,35.85));
#4394=CARTESIAN_POINT('',(61.4500000000002,15.6499999999999,35.76));
#4395=CARTESIAN_POINT('Origin',(63.0000000000002,15.6499999999999,36.575));
#4396=CARTESIAN_POINT('',(60.0000000000002,15.6499999999999,37.3));
#4397=CARTESIAN_POINT('Origin',(63.0000000000002,15.6499999999999,37.3));
#4398=CARTESIAN_POINT('',(60.7250000000002,15.6499999999999,36.575));
#4399=CARTESIAN_POINT('Origin',(177.,46.25,36.575));
#4400=CARTESIAN_POINT('',(174.,46.25,37.3));
#4401=CARTESIAN_POINT('Origin',(177.,46.25,37.3));
#4402=CARTESIAN_POINT('',(174.725,46.25,36.575));
#4403=CARTESIAN_POINT('Origin',(177.,21.65,36.575));
#4404=CARTESIAN_POINT('',(174.,21.65,37.3));
#4405=CARTESIAN_POINT('Origin',(177.,21.65,37.3));
#4406=CARTESIAN_POINT('',(174.725,21.65,36.575));
#4407=CARTESIAN_POINT('Origin',(63.0000000000002,110.65,36.575));
#4408=CARTESIAN_POINT('',(60.0000000000002,110.65,37.3));
#4409=CARTESIAN_POINT('Origin',(63.0000000000002,110.65,37.3));
#4410=CARTESIAN_POINT('',(60.7250000000002,110.65,36.575));
#4411=CARTESIAN_POINT('Origin',(177.,46.25,37.3));
#4412=CARTESIAN_POINT('',(174.,46.25,37.5));
#4413=CARTESIAN_POINT('Origin',(177.,46.25,37.5));
#4414=CARTESIAN_POINT('',(174.,46.25,37.3));
#4415=CARTESIAN_POINT('Origin',(177.,21.65,37.3));
#4416=CARTESIAN_POINT('',(174.,21.65,37.5));
#4417=CARTESIAN_POINT('Origin',(177.,21.65,37.5));
#4418=CARTESIAN_POINT('',(174.,21.65,37.3));
#4419=CARTESIAN_POINT('Origin',(63.0000000000002,110.65,37.3));
#4420=CARTESIAN_POINT('',(60.0000000000002,110.65,37.5));
#4421=CARTESIAN_POINT('Origin',(63.0000000000002,110.65,37.5));
#4422=CARTESIAN_POINT('',(60.0000000000002,110.65,37.3));
#4423=CARTESIAN_POINT('Origin',(63.0000000000002,15.6499999999999,37.3));
#4424=CARTESIAN_POINT('',(60.0000000000002,15.6499999999999,37.5));
#4425=CARTESIAN_POINT('Origin',(63.0000000000002,15.6499999999999,37.5));
#4426=CARTESIAN_POINT('',(60.0000000000002,15.6499999999999,37.3));
#4427=CARTESIAN_POINT('Ctrl Pts',(85.6427606195211,33.7415426969528,34.5000000000002));
#4428=CARTESIAN_POINT('Ctrl Pts',(85.6427606195211,33.7415426969528,34.7000000000002));
#4429=CARTESIAN_POINT('Ctrl Pts',(85.5824440539063,33.4221852023132,34.5000000000002));
#4430=CARTESIAN_POINT('Ctrl Pts',(85.5824440539063,33.4221852023132,34.7000000000002));
#4431=CARTESIAN_POINT('Ctrl Pts',(85.4479666217513,32.7101689364536,34.5000000000002));
#4432=CARTESIAN_POINT('Ctrl Pts',(85.4479666217513,32.7101689364536,34.7000000000002));
#4433=CARTESIAN_POINT('Ctrl Pts',(84.8844908311225,32.2454532873705,34.5000000000002));
#4434=CARTESIAN_POINT('Ctrl Pts',(84.8844908311225,32.2454532873705,34.7000000000002));
#4435=CARTESIAN_POINT('Ctrl Pts',(84.5737483352423,31.9891744852066,34.5000000000002));
#4436=CARTESIAN_POINT('Ctrl Pts',(84.5737483352423,31.9891744852066,34.7000000000002));
#4437=CARTESIAN_POINT('',(85.6427606195211,33.7415426969528,34.5000000000002));
#4438=CARTESIAN_POINT('',(84.5737483352423,31.9891744852066,34.5000000000002));
#4439=CARTESIAN_POINT('Ctrl Pts',(85.6427606195211,33.7415426969528,34.5000000000002));
#4440=CARTESIAN_POINT('Ctrl Pts',(85.5824440539063,33.4221852023132,34.5000000000002));
#4441=CARTESIAN_POINT('Ctrl Pts',(85.4479666217513,32.7101689364536,34.5000000000002));
#4442=CARTESIAN_POINT('Ctrl Pts',(84.8844908311225,32.2454532873705,34.5000000000002));
#4443=CARTESIAN_POINT('Ctrl Pts',(84.5737483352423,31.9891744852066,34.5000000000002));
#4444=CARTESIAN_POINT('',(85.6427606195211,33.7415426969528,34.7000000000002));
#4445=CARTESIAN_POINT('',(85.6427606195211,33.7415426969528,34.5000000000002));
#4446=CARTESIAN_POINT('',(84.5737483352423,31.9891744852066,34.7000000000002));
#4447=CARTESIAN_POINT('Ctrl Pts',(85.6427606195211,33.7415426969528,34.7000000000002));
#4448=CARTESIAN_POINT('Ctrl Pts',(85.5824440539063,33.4221852023132,34.7000000000002));
#4449=CARTESIAN_POINT('Ctrl Pts',(85.4479666217513,32.7101689364536,34.7000000000002));
#4450=CARTESIAN_POINT('Ctrl Pts',(84.8844908311225,32.2454532873705,34.7000000000002));
#4451=CARTESIAN_POINT('Ctrl Pts',(84.5737483352423,31.9891744852066,34.7000000000002));
#4452=CARTESIAN_POINT('',(84.5737483352423,31.9891744852066,34.5000000000002));
#4453=CARTESIAN_POINT('Ctrl Pts',(85.2841677516699,34.3843030929565,34.5000000000002));
#4454=CARTESIAN_POINT('Ctrl Pts',(85.2841677516699,34.3843030929565,34.7000000000002));
#4455=CARTESIAN_POINT('Ctrl Pts',(85.3875590022862,34.2746787041679,34.5000000000002));
#4456=CARTESIAN_POINT('Ctrl Pts',(85.3875590022862,34.2746787041679,34.7000000000002));
#4457=CARTESIAN_POINT('Ctrl Pts',(85.5626206987239,34.089063080429,34.5000000000002));
#4458=CARTESIAN_POINT('Ctrl Pts',(85.5626206987239,34.089063080429,34.7000000000002));
#4459=CARTESIAN_POINT('Ctrl Pts',(85.6194816749984,33.8424899857321,34.5000000000002));
#4460=CARTESIAN_POINT('Ctrl Pts',(85.6194816749984,33.8424899857321,34.7000000000002));
#4461=CARTESIAN_POINT('Ctrl Pts',(85.6427606195211,33.7415426969528,34.5000000000002));
#4462=CARTESIAN_POINT('Ctrl Pts',(85.6427606195211,33.7415426969528,34.7000000000002));
#4463=CARTESIAN_POINT('',(85.2841677516699,34.3843030929565,34.5000000000002));
#4464=CARTESIAN_POINT('Ctrl Pts',(85.2841677516699,34.3843030929565,34.5000000000002));
#4465=CARTESIAN_POINT('Ctrl Pts',(85.3875590022862,34.2746787041679,34.5000000000002));
#4466=CARTESIAN_POINT('Ctrl Pts',(85.5626206987239,34.089063080429,34.5000000000002));
#4467=CARTESIAN_POINT('Ctrl Pts',(85.6194816749984,33.8424899857321,34.5000000000002));
#4468=CARTESIAN_POINT('Ctrl Pts',(85.6427606195211,33.7415426969528,34.5000000000002));
#4469=CARTESIAN_POINT('',(85.2841677516699,34.3843030929565,34.7000000000002));
#4470=CARTESIAN_POINT('',(85.2841677516699,34.3843030929565,34.5000000000002));
#4471=CARTESIAN_POINT('Ctrl Pts',(85.2841677516699,34.3843030929565,34.7000000000002));
#4472=CARTESIAN_POINT('Ctrl Pts',(85.3875590022862,34.2746787041679,34.7000000000002));
#4473=CARTESIAN_POINT('Ctrl Pts',(85.5626206987239,34.089063080429,34.7000000000002));
#4474=CARTESIAN_POINT('Ctrl Pts',(85.6194816749984,33.8424899857321,34.7000000000002));
#4475=CARTESIAN_POINT('Ctrl Pts',(85.6427606195211,33.7415426969528,34.7000000000002));
#4476=CARTESIAN_POINT('Ctrl Pts',(84.5805140584707,34.9323403835297,34.5000000000002));
#4477=CARTESIAN_POINT('Ctrl Pts',(84.5805140584707,34.9323403835297,34.7000000000002));
#4478=CARTESIAN_POINT('Ctrl Pts',(84.7056052044471,34.855970374739,34.5000000000002));
#4479=CARTESIAN_POINT('Ctrl Pts',(84.7056052044471,34.855970374739,34.7000000000002));
#4480=CARTESIAN_POINT('Ctrl Pts',(84.9609526550849,34.7000769508067,34.5000000000002));
#4481=CARTESIAN_POINT('Ctrl Pts',(84.9609526550849,34.7000769508067,34.7000000000002));
#4482=CARTESIAN_POINT('Ctrl Pts',(85.1749862317459,34.4909709748612,34.5000000000002));
#4483=CARTESIAN_POINT('Ctrl Pts',(85.1749862317459,34.4909709748612,34.7000000000002));
#4484=CARTESIAN_POINT('Ctrl Pts',(85.2841677516699,34.3843030929565,34.5000000000002));
#4485=CARTESIAN_POINT('Ctrl Pts',(85.2841677516699,34.3843030929565,34.7000000000002));
#4486=CARTESIAN_POINT('',(84.5805140584707,34.9323403835297,34.5000000000002));
#4487=CARTESIAN_POINT('Ctrl Pts',(84.5805140584707,34.9323403835297,34.5000000000002));
#4488=CARTESIAN_POINT('Ctrl Pts',(84.7056052044471,34.855970374739,34.5000000000002));
#4489=CARTESIAN_POINT('Ctrl Pts',(84.9609526550849,34.7000769508067,34.5000000000002));
#4490=CARTESIAN_POINT('Ctrl Pts',(85.1749862317459,34.4909709748612,34.5000000000002));
#4491=CARTESIAN_POINT('Ctrl Pts',(85.2841677516699,34.3843030929565,34.5000000000002));
#4492=CARTESIAN_POINT('',(84.5805140584707,34.9323403835297,34.7000000000002));
#4493=CARTESIAN_POINT('',(84.5805140584707,34.9323403835297,34.5000000000002));
#4494=CARTESIAN_POINT('Ctrl Pts',(84.5805140584707,34.9323403835297,34.7000000000002));
#4495=CARTESIAN_POINT('Ctrl Pts',(84.7056052044471,34.855970374739,34.7000000000002));
#4496=CARTESIAN_POINT('Ctrl Pts',(84.9609526550849,34.7000769508067,34.7000000000002));
#4497=CARTESIAN_POINT('Ctrl Pts',(85.1749862317459,34.4909709748612,34.7000000000002));
#4498=CARTESIAN_POINT('Ctrl Pts',(85.2841677516699,34.3843030929565,34.7000000000002));
#4499=CARTESIAN_POINT('Ctrl Pts',(81.9959404319525,35.3924226760864,34.5000000000002));
#4500=CARTESIAN_POINT('Ctrl Pts',(81.9959404319525,35.3924226760864,34.7000000000002));
#4501=CARTESIAN_POINT('Ctrl Pts',(82.5053542700078,35.3872081089167,34.5000000000002));
#4502=CARTESIAN_POINT('Ctrl Pts',(82.5053542700078,35.3872081089167,34.7000000000002));
#4503=CARTESIAN_POINT('Ctrl Pts',(83.3951060565734,35.3781002478638,34.5000000000002));
#4504=CARTESIAN_POINT('Ctrl Pts',(83.3951060565734,35.3781002478638,34.7000000000002));
#4505=CARTESIAN_POINT('Ctrl Pts',(84.2255346935187,35.0658265362376,34.5000000000002));
#4506=CARTESIAN_POINT('Ctrl Pts',(84.2255346935187,35.0658265362376,34.7000000000002));
#4507=CARTESIAN_POINT('Ctrl Pts',(84.5805140584707,34.9323403835297,34.5000000000002));
#4508=CARTESIAN_POINT('Ctrl Pts',(84.5805140584707,34.9323403835297,34.7000000000002));
#4509=CARTESIAN_POINT('',(81.9959404319525,35.3924226760864,34.5000000000002));
#4510=CARTESIAN_POINT('Ctrl Pts',(81.9959404319525,35.3924226760864,34.5000000000002));
#4511=CARTESIAN_POINT('Ctrl Pts',(82.5053542700078,35.3872081089167,34.5000000000002));
#4512=CARTESIAN_POINT('Ctrl Pts',(83.3951060565734,35.3781002478638,34.5000000000002));
#4513=CARTESIAN_POINT('Ctrl Pts',(84.2255346935187,35.0658265362376,34.5000000000002));
#4514=CARTESIAN_POINT('Ctrl Pts',(84.5805140584707,34.9323403835297,34.5000000000002));
#4515=CARTESIAN_POINT('',(81.9959404319525,35.3924226760864,34.7000000000002));
#4516=CARTESIAN_POINT('',(81.9959404319525,35.3924226760864,34.5000000000002));
#4517=CARTESIAN_POINT('Ctrl Pts',(81.9959404319525,35.3924226760864,34.7000000000002));
#4518=CARTESIAN_POINT('Ctrl Pts',(82.5053542700078,35.3872081089167,34.7000000000002));
#4519=CARTESIAN_POINT('Ctrl Pts',(83.3951060565734,35.3781002478638,34.7000000000002));
#4520=CARTESIAN_POINT('Ctrl Pts',(84.2255346935187,35.0658265362376,34.7000000000002));
#4521=CARTESIAN_POINT('Ctrl Pts',(84.5805140584707,34.9323403835297,34.7000000000002));
#4522=CARTESIAN_POINT('Ctrl Pts',(81.6948577016592,35.3856563568115,34.5000000000002));
#4523=CARTESIAN_POINT('Ctrl Pts',(81.6948577016592,35.3856563568115,34.7000000000002));
#4524=CARTESIAN_POINT('Ctrl Pts',(81.7532080309786,35.3876119481523,34.5000000000002));
#4525=CARTESIAN_POINT('Ctrl Pts',(81.7532080309786,35.3876119481523,34.7000000000002));
#4526=CARTESIAN_POINT('Ctrl Pts',(81.8535454609472,35.3909747228185,34.5000000000002));
#4527=CARTESIAN_POINT('Ctrl Pts',(81.8535454609472,35.3909747228185,34.7000000000002));
#4528=CARTESIAN_POINT('Ctrl Pts',(81.9539325507138,35.3919955159944,34.5000000000002));
#4529=CARTESIAN_POINT('Ctrl Pts',(81.9539325507138,35.3919955159944,34.7000000000002));
#4530=CARTESIAN_POINT('Ctrl Pts',(81.9959404319525,35.3924226760864,34.5000000000002));
#4531=CARTESIAN_POINT('Ctrl Pts',(81.9959404319525,35.3924226760864,34.7000000000002));
#4532=CARTESIAN_POINT('',(81.6948577016592,35.3856563568115,34.5000000000002));
#4533=CARTESIAN_POINT('Ctrl Pts',(81.6948577016592,35.3856563568115,34.5000000000002));
#4534=CARTESIAN_POINT('Ctrl Pts',(81.7532080309786,35.3876119481523,34.5000000000002));
#4535=CARTESIAN_POINT('Ctrl Pts',(81.8535454609472,35.3909747228185,34.5000000000002));
#4536=CARTESIAN_POINT('Ctrl Pts',(81.9539325507138,35.3919955159944,34.5000000000002));
#4537=CARTESIAN_POINT('Ctrl Pts',(81.9959404319525,35.3924226760864,34.5000000000002));
#4538=CARTESIAN_POINT('',(81.6948577016592,35.3856563568115,34.7000000000002));
#4539=CARTESIAN_POINT('',(81.6948577016592,35.3856563568115,34.5000000000002));
#4540=CARTESIAN_POINT('Ctrl Pts',(81.6948577016592,35.3856563568115,34.7000000000002));
#4541=CARTESIAN_POINT('Ctrl Pts',(81.7532080309786,35.3876119481523,34.7000000000002));
#4542=CARTESIAN_POINT('Ctrl Pts',(81.8535454609472,35.3909747228185,34.7000000000002));
#4543=CARTESIAN_POINT('Ctrl Pts',(81.9539325507138,35.3919955159944,34.7000000000002));
#4544=CARTESIAN_POINT('Ctrl Pts',(81.9959404319525,35.3924226760864,34.7000000000002));
#4545=CARTESIAN_POINT('Ctrl Pts',(81.4005412906408,35.3788912296295,34.5000000000002));
#4546=CARTESIAN_POINT('Ctrl Pts',(81.4005412906408,35.3788912296295,34.7000000000002));
#4547=CARTESIAN_POINT('Ctrl Pts',(81.4408574769418,35.3793286632602,34.5000000000002));
#4548=CARTESIAN_POINT('Ctrl Pts',(81.4408574769418,35.3793286632602,34.7000000000002));
#4549=CARTESIAN_POINT('Ctrl Pts',(81.5389886863523,35.3803933942072,34.5000000000002));
#4550=CARTESIAN_POINT('Ctrl Pts',(81.5389886863523,35.3803933942072,34.7000000000002));
#4551=CARTESIAN_POINT('Ctrl Pts',(81.63707130582,35.3837051823607,34.5000000000002));
#4552=CARTESIAN_POINT('Ctrl Pts',(81.63707130582,35.3837051823607,34.7000000000002));
#4553=CARTESIAN_POINT('Ctrl Pts',(81.6948577016592,35.3856563568115,34.5000000000002));
#4554=CARTESIAN_POINT('Ctrl Pts',(81.6948577016592,35.3856563568115,34.7000000000002));
#4555=CARTESIAN_POINT('',(81.4005412906408,35.3788912296295,34.5000000000002));
#4556=CARTESIAN_POINT('Ctrl Pts',(81.4005412906408,35.3788912296295,34.5000000000002));
#4557=CARTESIAN_POINT('Ctrl Pts',(81.4408574769418,35.3793286632602,34.5000000000002));
#4558=CARTESIAN_POINT('Ctrl Pts',(81.5389886863523,35.3803933942072,34.5000000000002));
#4559=CARTESIAN_POINT('Ctrl Pts',(81.63707130582,35.3837051823607,34.5000000000002));
#4560=CARTESIAN_POINT('Ctrl Pts',(81.6948577016592,35.3856563568115,34.5000000000002));
#4561=CARTESIAN_POINT('',(81.4005412906408,35.3788912296295,34.7000000000002));
#4562=CARTESIAN_POINT('',(81.4005412906408,35.3788912296295,34.5000000000002));
#4563=CARTESIAN_POINT('Ctrl Pts',(81.4005412906408,35.3788912296295,34.7000000000002));
#4564=CARTESIAN_POINT('Ctrl Pts',(81.4408574769418,35.3793286632602,34.7000000000002));
#4565=CARTESIAN_POINT('Ctrl Pts',(81.5389886863523,35.3803933942072,34.7000000000002));
#4566=CARTESIAN_POINT('Ctrl Pts',(81.63707130582,35.3837051823607,34.7000000000002));
#4567=CARTESIAN_POINT('Ctrl Pts',(81.6948577016592,35.3856563568115,34.7000000000002));
#4568=CARTESIAN_POINT('Origin',(81.5426250547171,34.0324765443802,34.5000000000002));
#4569=CARTESIAN_POINT('',(81.5426250547171,34.0324765443802,34.5000000000002));
#4570=CARTESIAN_POINT('',(80.5929049088776,43.0322180669181,34.5000000000001));
#4571=CARTESIAN_POINT('',(81.5426250547171,34.0324765443802,34.7000000000002));
#4572=CARTESIAN_POINT('',(81.5426250547171,34.0324765443802,34.5000000000002));
#4573=CARTESIAN_POINT('',(81.5426250547171,34.0324765443802,34.7000000000002));
#4574=CARTESIAN_POINT('Ctrl Pts',(81.6305818408728,32.6860624551773,34.5000000000002));
#4575=CARTESIAN_POINT('Ctrl Pts',(81.6305818408728,32.6860624551773,34.7000000000002));
#4576=CARTESIAN_POINT('Ctrl Pts',(81.625654951638,32.8886262773666,34.5000000000002));
#4577=CARTESIAN_POINT('Ctrl Pts',(81.625654951638,32.8886262773666,34.7000000000002));
#4578=CARTESIAN_POINT('Ctrl Pts',(81.6147108162976,33.3385827873456,34.5000000000002));
#4579=CARTESIAN_POINT('Ctrl Pts',(81.6147108162976,33.3385827873456,34.7000000000002));
#4580=CARTESIAN_POINT('Ctrl Pts',(81.5681983117966,33.7863097141285,34.5000000000002));
#4581=CARTESIAN_POINT('Ctrl Pts',(81.5681983117966,33.7863097141285,34.7000000000002));
#4582=CARTESIAN_POINT('Ctrl Pts',(81.5426250547171,34.0324765443802,34.5000000000002));
#4583=CARTESIAN_POINT('Ctrl Pts',(81.5426250547171,34.0324765443802,34.7000000000002));
#4584=CARTESIAN_POINT('',(81.6305818408728,32.6860624551773,34.5000000000002));
#4585=CARTESIAN_POINT('Ctrl Pts',(81.6305818408728,32.6860624551773,34.5000000000002));
#4586=CARTESIAN_POINT('Ctrl Pts',(81.625654951638,32.8886262773666,34.5000000000002));
#4587=CARTESIAN_POINT('Ctrl Pts',(81.6147108162976,33.3385827873456,34.5000000000002));
#4588=CARTESIAN_POINT('Ctrl Pts',(81.5681983117966,33.7863097141285,34.5000000000002));
#4589=CARTESIAN_POINT('Ctrl Pts',(81.5426250547171,34.0324765443802,34.5000000000002));
#4590=CARTESIAN_POINT('',(81.6305818408728,32.6860624551773,34.7000000000002));
#4591=CARTESIAN_POINT('',(81.6305818408728,32.6860624551773,34.5000000000002));
#4592=CARTESIAN_POINT('Ctrl Pts',(81.6305818408728,32.6860624551773,34.7000000000002));
#4593=CARTESIAN_POINT('Ctrl Pts',(81.625654951638,32.8886262773666,34.7000000000002));
#4594=CARTESIAN_POINT('Ctrl Pts',(81.6147108162976,33.3385827873456,34.7000000000002));
#4595=CARTESIAN_POINT('Ctrl Pts',(81.5681983117966,33.7863097141285,34.7000000000002));
#4596=CARTESIAN_POINT('Ctrl Pts',(81.5426250547171,34.0324765443802,34.7000000000002));
#4597=CARTESIAN_POINT('Ctrl Pts',(81.5832205861807,31.8673884868622,34.5000000000002));
#4598=CARTESIAN_POINT('Ctrl Pts',(81.5832205861807,31.8673884868622,34.7000000000002));
#4599=CARTESIAN_POINT('Ctrl Pts',(81.5969776730417,32.0189515057979,34.5000000000002));
#4600=CARTESIAN_POINT('Ctrl Pts',(81.5969776730417,32.0189515057979,34.7000000000002));
#4601=CARTESIAN_POINT('Ctrl Pts',(81.6217026487129,32.2913487068683,34.5000000000002));
#4602=CARTESIAN_POINT('Ctrl Pts',(81.6217026487129,32.2913487068683,34.7000000000002));
#4603=CARTESIAN_POINT('Ctrl Pts',(81.6278533965815,32.5647727641931,34.5000000000002));
#4604=CARTESIAN_POINT('Ctrl Pts',(81.6278533965815,32.5647727641931,34.7000000000002));
#4605=CARTESIAN_POINT('Ctrl Pts',(81.6305818408728,32.6860624551773,34.5000000000002));
#4606=CARTESIAN_POINT('Ctrl Pts',(81.6305818408728,32.6860624551773,34.7000000000002));
#4607=CARTESIAN_POINT('',(81.5832205861807,31.8673884868622,34.5000000000002));
#4608=CARTESIAN_POINT('Ctrl Pts',(81.5832205861807,31.8673884868622,34.5000000000002));
#4609=CARTESIAN_POINT('Ctrl Pts',(81.5969776730417,32.0189515057979,34.5000000000002));
#4610=CARTESIAN_POINT('Ctrl Pts',(81.6217026487129,32.2913487068683,34.5000000000002));
#4611=CARTESIAN_POINT('Ctrl Pts',(81.6278533965815,32.5647727641931,34.5000000000002));
#4612=CARTESIAN_POINT('Ctrl Pts',(81.6305818408728,32.6860624551773,34.5000000000002));
#4613=CARTESIAN_POINT('',(81.5832205861807,31.8673884868622,34.7000000000002));
#4614=CARTESIAN_POINT('',(81.5832205861807,31.8673884868622,34.5000000000002));
#4615=CARTESIAN_POINT('Ctrl Pts',(81.5832205861807,31.8673884868622,34.7000000000002));
#4616=CARTESIAN_POINT('Ctrl Pts',(81.5969776730417,32.0189515057979,34.7000000000002));
#4617=CARTESIAN_POINT('Ctrl Pts',(81.6217026487129,32.2913487068683,34.7000000000002));
#4618=CARTESIAN_POINT('Ctrl Pts',(81.6278533965815,32.5647727641931,34.7000000000002));
#4619=CARTESIAN_POINT('Ctrl Pts',(81.6305818408728,32.6860624551773,34.7000000000002));
#4620=CARTESIAN_POINT('Origin',(81.5155615657568,31.0487145185471,34.5000000000002));
#4621=CARTESIAN_POINT('',(81.5155615657568,31.0487145185471,34.5000000000002));
#4622=CARTESIAN_POINT('',(83.1840715764329,51.2376812380746,34.5000000000002));
#4623=CARTESIAN_POINT('',(81.5155615657568,31.0487145185471,34.7000000000002));
#4624=CARTESIAN_POINT('',(81.5155615657568,31.0487145185471,34.5000000000002));
#4625=CARTESIAN_POINT('',(81.5155615657568,31.0487145185471,34.7000000000002));
#4626=CARTESIAN_POINT('Origin',(82.5169145315886,31.1299055814743,34.5000000000002));
#4627=CARTESIAN_POINT('',(82.5169145315886,31.1299055814743,34.5000000000002));
#4628=CARTESIAN_POINT('',(134.713424075581,35.3620696989978,34.5000000000001));
#4629=CARTESIAN_POINT('',(82.5169145315886,31.1299055814743,34.7000000000002));
#4630=CARTESIAN_POINT('',(82.5169145315886,31.1299055814743,34.5000000000002));
#4631=CARTESIAN_POINT('',(82.5169145315886,31.1299055814743,34.7000000000002));
#4632=CARTESIAN_POINT('Ctrl Pts',(84.5737483352423,31.9891744852066,34.5000000000002));
#4633=CARTESIAN_POINT('Ctrl Pts',(84.5737483352423,31.9891744852066,34.7000000000002));
#4634=CARTESIAN_POINT('Ctrl Pts',(84.2493286225282,31.768073476353,34.5000000000002));
#4635=CARTESIAN_POINT('Ctrl Pts',(84.2493286225282,31.768073476353,34.7000000000002));
#4636=CARTESIAN_POINT('Ctrl Pts',(83.6219131617557,31.3404724832242,34.5000000000002));
#4637=CARTESIAN_POINT('Ctrl Pts',(83.6219131617557,31.3404724832242,34.7000000000002));
#4638=CARTESIAN_POINT('Ctrl Pts',(82.876766050329,31.1984783537136,34.5000000000002));
#4639=CARTESIAN_POINT('Ctrl Pts',(82.876766050329,31.1984783537136,34.7000000000002));
#4640=CARTESIAN_POINT('Ctrl Pts',(82.5169145315886,31.1299055814743,34.5000000000002));
#4641=CARTESIAN_POINT('Ctrl Pts',(82.5169145315886,31.1299055814743,34.7000000000002));
#4642=CARTESIAN_POINT('Ctrl Pts',(84.5737483352423,31.9891744852066,34.5000000000002));
#4643=CARTESIAN_POINT('Ctrl Pts',(84.2493286225282,31.768073476353,34.5000000000002));
#4644=CARTESIAN_POINT('Ctrl Pts',(83.6219131617557,31.3404724832242,34.5000000000002));
#4645=CARTESIAN_POINT('Ctrl Pts',(82.876766050329,31.1984783537136,34.5000000000002));
#4646=CARTESIAN_POINT('Ctrl Pts',(82.5169145315886,31.1299055814743,34.5000000000002));
#4647=CARTESIAN_POINT('Ctrl Pts',(84.5737483352423,31.9891744852066,34.7000000000002));
#4648=CARTESIAN_POINT('Ctrl Pts',(84.2493286225282,31.768073476353,34.7000000000002));
#4649=CARTESIAN_POINT('Ctrl Pts',(83.6219131617557,31.3404724832242,34.7000000000002));
#4650=CARTESIAN_POINT('Ctrl Pts',(82.876766050329,31.1984783537136,34.7000000000002));
#4651=CARTESIAN_POINT('Ctrl Pts',(82.5169145315886,31.1299055814743,34.7000000000002));
#4652=CARTESIAN_POINT('Ctrl Pts',(87.5169148296118,39.3707716464996,34.5000000000002));
#4653=CARTESIAN_POINT('Ctrl Pts',(87.5169148296118,39.3707716464996,34.7000000000002));
#4654=CARTESIAN_POINT('Ctrl Pts',(87.5079857192659,39.4627270069255,34.5000000000002));
#4655=CARTESIAN_POINT('Ctrl Pts',(87.5079857192659,39.4627270069255,34.7000000000002));
#4656=CARTESIAN_POINT('Ctrl Pts',(87.4899515491448,39.6484497216442,34.5000000000002));
#4657=CARTESIAN_POINT('Ctrl Pts',(87.4899515491448,39.6484497216442,34.7000000000002));
#4658=CARTESIAN_POINT('Ctrl Pts',(87.3707412784221,39.7921372533756,34.5000000000002));
#4659=CARTESIAN_POINT('Ctrl Pts',(87.3707412784221,39.7921372533756,34.7000000000002));
#4660=CARTESIAN_POINT('Ctrl Pts',(87.3105546087027,39.8646819591522,34.5000000000002));
#4661=CARTESIAN_POINT('Ctrl Pts',(87.3105546087027,39.8646819591522,34.7000000000002));
#4662=CARTESIAN_POINT('',(87.5169148296118,39.3707716464996,34.7000000000002));
#4663=CARTESIAN_POINT('',(87.5169148296118,39.3707716464996,34.5000000000002));
#4664=CARTESIAN_POINT('',(87.3105546087027,39.8646819591522,34.7000000000002));
#4665=CARTESIAN_POINT('Ctrl Pts',(87.5169148296118,39.3707716464996,34.7000000000002));
#4666=CARTESIAN_POINT('Ctrl Pts',(87.5079857192659,39.4627270069255,34.7000000000002));
#4667=CARTESIAN_POINT('Ctrl Pts',(87.4899515491448,39.6484497216442,34.7000000000002));
#4668=CARTESIAN_POINT('Ctrl Pts',(87.3707412784221,39.7921372533756,34.7000000000002));
#4669=CARTESIAN_POINT('Ctrl Pts',(87.3105546087027,39.8646819591522,34.7000000000002));
#4670=CARTESIAN_POINT('',(87.3105546087027,39.8646819591522,34.5000000000002));
#4671=CARTESIAN_POINT('Ctrl Pts',(87.3410012573004,38.9106905460358,34.5000000000002));
#4672=CARTESIAN_POINT('Ctrl Pts',(87.3410012573004,38.9106905460358,34.7000000000002));
#4673=CARTESIAN_POINT('Ctrl Pts',(87.3922884391331,38.9823753292649,34.5000000000002));
#4674=CARTESIAN_POINT('Ctrl Pts',(87.3922884391331,38.9823753292649,34.7000000000002));
#4675=CARTESIAN_POINT('Ctrl Pts',(87.4912070622887,39.120635218088,34.5000000000002));
#4676=CARTESIAN_POINT('Ctrl Pts',(87.4912070622887,39.120635218088,34.7000000000002));
#4677=CARTESIAN_POINT('Ctrl Pts',(87.5085593367967,39.2894727493957,34.5000000000002));
#4678=CARTESIAN_POINT('Ctrl Pts',(87.5085593367967,39.2894727493957,34.7000000000002));
#4679=CARTESIAN_POINT('Ctrl Pts',(87.5169148296118,39.3707716464996,34.5000000000002));
#4680=CARTESIAN_POINT('Ctrl Pts',(87.5169148296118,39.3707716464996,34.7000000000002));
#4681=CARTESIAN_POINT('',(87.3410012573004,38.9106905460358,34.7000000000002));
#4682=CARTESIAN_POINT('',(87.3410012573004,38.9106905460358,34.5000000000002));
#4683=CARTESIAN_POINT('Ctrl Pts',(87.3410012573004,38.9106905460358,34.7000000000002));
#4684=CARTESIAN_POINT('Ctrl Pts',(87.3922884391331,38.9823753292649,34.7000000000002));
#4685=CARTESIAN_POINT('Ctrl Pts',(87.4912070622887,39.120635218088,34.7000000000002));
#4686=CARTESIAN_POINT('Ctrl Pts',(87.5085593367967,39.2894727493957,34.7000000000002));
#4687=CARTESIAN_POINT('Ctrl Pts',(87.5169148296118,39.3707716464996,34.7000000000002));
#4688=CARTESIAN_POINT('Ctrl Pts',(84.1948577016592,36.5290939807892,34.5000000000002));
#4689=CARTESIAN_POINT('Ctrl Pts',(84.1948577016592,36.5290939807892,34.7000000000002));
#4690=CARTESIAN_POINT('Ctrl Pts',(84.8305695019521,36.8862820384726,34.5000000000002));
#4691=CARTESIAN_POINT('Ctrl Pts',(84.8305695019521,36.8862820384726,34.7000000000002));
#4692=CARTESIAN_POINT('Ctrl Pts',(85.9894143439152,37.5374034083551,34.5000000000002));
#4693=CARTESIAN_POINT('Ctrl Pts',(85.9894143439152,37.5374034083551,34.7000000000002));
#4694=CARTESIAN_POINT('Ctrl Pts',(86.9206272559767,38.4835672857289,34.5000000000002));
#4695=CARTESIAN_POINT('Ctrl Pts',(86.9206272559767,38.4835672857289,34.7000000000002));
#4696=CARTESIAN_POINT('Ctrl Pts',(87.3410012573004,38.9106905460358,34.5000000000002));
#4697=CARTESIAN_POINT('Ctrl Pts',(87.3410012573004,38.9106905460358,34.7000000000002));
#4698=CARTESIAN_POINT('',(84.1948577016592,36.5290939807892,34.7000000000002));
#4699=CARTESIAN_POINT('',(84.1948577016592,36.5290939807892,34.5000000000002));
#4700=CARTESIAN_POINT('Ctrl Pts',(84.1948577016592,36.5290939807892,34.7000000000002));
#4701=CARTESIAN_POINT('Ctrl Pts',(84.8305695019521,36.8862820384726,34.7000000000002));
#4702=CARTESIAN_POINT('Ctrl Pts',(85.9894143439152,37.5374034083551,34.7000000000002));
#4703=CARTESIAN_POINT('Ctrl Pts',(86.9206272559767,38.4835672857289,34.7000000000002));
#4704=CARTESIAN_POINT('Ctrl Pts',(87.3410012573004,38.9106905460358,34.7000000000002));
#4705=CARTESIAN_POINT('Ctrl Pts',(86.0690119117498,35.5615699291229,34.5000000000002));
#4706=CARTESIAN_POINT('Ctrl Pts',(86.0690119117498,35.5615699291229,34.7000000000002));
#4707=CARTESIAN_POINT('Ctrl Pts',(85.7954440791339,35.763095913304,34.5000000000002));
#4708=CARTESIAN_POINT('Ctrl Pts',(85.7954440791339,35.763095913304,34.7000000000002));
#4709=CARTESIAN_POINT('Ctrl Pts',(85.2226550283452,36.1850456582156,34.5000000000002));
#4710=CARTESIAN_POINT('Ctrl Pts',(85.2226550283452,36.1850456582156,34.7000000000002));
#4711=CARTESIAN_POINT('Ctrl Pts',(84.5475356219456,36.4110373914862,34.5000000000002));
#4712=CARTESIAN_POINT('Ctrl Pts',(84.5475356219456,36.4110373914862,34.7000000000002));
#4713=CARTESIAN_POINT('Ctrl Pts',(84.1948577016592,36.5290939807892,34.5000000000002));
#4714=CARTESIAN_POINT('Ctrl Pts',(84.1948577016592,36.5290939807892,34.7000000000002));
#4715=CARTESIAN_POINT('',(86.0690119117498,35.5615699291229,34.7000000000002));
#4716=CARTESIAN_POINT('',(86.0690119117498,35.5615699291229,34.5000000000002));
#4717=CARTESIAN_POINT('Ctrl Pts',(86.0690119117498,35.5615699291229,34.7000000000002));
#4718=CARTESIAN_POINT('Ctrl Pts',(85.7954440791339,35.763095913304,34.7000000000002));
#4719=CARTESIAN_POINT('Ctrl Pts',(85.2226550283452,36.1850456582156,34.7000000000002));
#4720=CARTESIAN_POINT('Ctrl Pts',(84.5475356219456,36.4110373914862,34.7000000000002));
#4721=CARTESIAN_POINT('Ctrl Pts',(84.1948577016592,36.5290939807892,34.7000000000002));
#4722=CARTESIAN_POINT('Ctrl Pts',(87.0027061551809,33.7415426969528,34.5000000000002));
#4723=CARTESIAN_POINT('Ctrl Pts',(87.0027061551809,33.7415426969528,34.7000000000002));
#4724=CARTESIAN_POINT('Ctrl Pts',(86.9565733040274,34.080406039749,34.5000000000002));
#4725=CARTESIAN_POINT('Ctrl Pts',(86.9565733040274,34.080406039749,34.7000000000002));
#4726=CARTESIAN_POINT('Ctrl Pts',(86.8594483621509,34.7938256886589,34.5000000000002));
#4727=CARTESIAN_POINT('Ctrl Pts',(86.8594483621509,34.7938256886589,34.7000000000002));
#4728=CARTESIAN_POINT('Ctrl Pts',(86.3411346141982,35.2972594492631,34.5000000000002));
#4729=CARTESIAN_POINT('Ctrl Pts',(86.3411346141982,35.2972594492631,34.7000000000002));
#4730=CARTESIAN_POINT('Ctrl Pts',(86.0690119117498,35.5615699291229,34.5000000000002));
#4731=CARTESIAN_POINT('Ctrl Pts',(86.0690119117498,35.5615699291229,34.7000000000002));
#4732=CARTESIAN_POINT('',(87.0027061551809,33.7415426969528,34.7000000000002));
#4733=CARTESIAN_POINT('',(87.0027061551809,33.7415426969528,34.5000000000002));
#4734=CARTESIAN_POINT('Ctrl Pts',(87.0027061551809,33.7415426969528,34.7000000000002));
#4735=CARTESIAN_POINT('Ctrl Pts',(86.9565733040274,34.080406039749,34.7000000000002));
#4736=CARTESIAN_POINT('Ctrl Pts',(86.8594483621509,34.7938256886589,34.7000000000002));
#4737=CARTESIAN_POINT('Ctrl Pts',(86.3411346141982,35.2972594492631,34.7000000000002));
#4738=CARTESIAN_POINT('Ctrl Pts',(86.0690119117498,35.5615699291229,34.7000000000002));
#4739=CARTESIAN_POINT('Ctrl Pts',(84.2625167220831,30.1894456148148,34.5000000000002));
#4740=CARTESIAN_POINT('Ctrl Pts',(84.2625167220831,30.1894456148148,34.7000000000002));
#4741=CARTESIAN_POINT('Ctrl Pts',(85.058009403493,30.6486642660978,34.5000000000002));
#4742=CARTESIAN_POINT('Ctrl Pts',(85.058009403493,30.6486642660978,34.7000000000002));
#4743=CARTESIAN_POINT('Ctrl Pts',(86.4786745020165,31.4687798067117,34.5000000000002));
#4744=CARTESIAN_POINT('Ctrl Pts',(86.4786745020165,31.4687798067117,34.7000000000002));
#4745=CARTESIAN_POINT('Ctrl Pts',(86.8425711822181,33.0470258261076,34.5000000000002));
#4746=CARTESIAN_POINT('Ctrl Pts',(86.8425711822181,33.0470258261076,34.7000000000002));
#4747=CARTESIAN_POINT('Ctrl Pts',(87.0027061551809,33.7415426969528,34.5000000000002));
#4748=CARTESIAN_POINT('Ctrl Pts',(87.0027061551809,33.7415426969528,34.7000000000002));
#4749=CARTESIAN_POINT('',(84.2625167220831,30.1894456148148,34.7000000000002));
#4750=CARTESIAN_POINT('',(84.2625167220831,30.1894456148148,34.5000000000002));
#4751=CARTESIAN_POINT('Ctrl Pts',(84.2625167220831,30.1894456148148,34.7000000000002));
#4752=CARTESIAN_POINT('Ctrl Pts',(85.058009403493,30.6486642660978,34.7000000000002));
#4753=CARTESIAN_POINT('Ctrl Pts',(86.4786745020165,31.4687798067117,34.7000000000002));
#4754=CARTESIAN_POINT('Ctrl Pts',(86.8425711822181,33.0470258261076,34.7000000000002));
#4755=CARTESIAN_POINT('Ctrl Pts',(87.0027061551809,33.7415426969528,34.7000000000002));
#4756=CARTESIAN_POINT('Ctrl Pts',(82.6995938271284,29.7361302375793,34.5000000000002));
#4757=CARTESIAN_POINT('Ctrl Pts',(82.6995938271284,29.7361302375793,34.7000000000002));
#4758=CARTESIAN_POINT('Ctrl Pts',(82.9883227056879,29.7795994127253,34.5000000000002));
#4759=CARTESIAN_POINT('Ctrl Pts',(82.9883227056879,29.7795994127253,34.7000000000002));
#4760=CARTESIAN_POINT('Ctrl Pts',(83.5299296712944,29.8611402969128,34.5000000000002));
#4761=CARTESIAN_POINT('Ctrl Pts',(83.5299296712944,29.8611402969128,34.7000000000002));
#4762=CARTESIAN_POINT('Ctrl Pts',(84.0293402622112,30.0849487202777,34.5000000000002));
#4763=CARTESIAN_POINT('Ctrl Pts',(84.0293402622112,30.0849487202777,34.7000000000002));
#4764=CARTESIAN_POINT('Ctrl Pts',(84.2625167220831,30.1894456148148,34.5000000000002));
#4765=CARTESIAN_POINT('Ctrl Pts',(84.2625167220831,30.1894456148148,34.7000000000002));
#4766=CARTESIAN_POINT('',(82.6995938271284,29.7361302375793,34.7000000000002));
#4767=CARTESIAN_POINT('',(82.6995938271284,29.7361302375793,34.5000000000002));
#4768=CARTESIAN_POINT('Ctrl Pts',(82.6995938271284,29.7361302375793,34.7000000000002));
#4769=CARTESIAN_POINT('Ctrl Pts',(82.9883227056879,29.7795994127253,34.7000000000002));
#4770=CARTESIAN_POINT('Ctrl Pts',(83.5299296712944,29.8611402969128,34.7000000000002));
#4771=CARTESIAN_POINT('Ctrl Pts',(84.0293402622112,30.0849487202777,34.7000000000002));
#4772=CARTESIAN_POINT('Ctrl Pts',(84.2625167220831,30.1894456148148,34.7000000000002));
#4773=CARTESIAN_POINT('Origin',(81.0690122097731,29.6075785160065,34.5000000000002));
#4774=CARTESIAN_POINT('',(81.0690122097731,29.6075785160065,34.7000000000002));
#4775=CARTESIAN_POINT('',(81.0690122097731,29.6075785160065,34.5000000000002));
#4776=CARTESIAN_POINT('',(81.0690122097731,29.6075785160065,34.7000000000002));
#4777=CARTESIAN_POINT('Ctrl Pts',(80.3585926443338,29.9323415756226,34.5000000000002));
#4778=CARTESIAN_POINT('Ctrl Pts',(80.3585926443338,29.9323415756226,34.7000000000002));
#4779=CARTESIAN_POINT('Ctrl Pts',(80.4531442319095,29.8292146342074,34.5000000000002));
#4780=CARTESIAN_POINT('Ctrl Pts',(80.4531442319095,29.8292146342074,34.7000000000002));
#4781=CARTESIAN_POINT('Ctrl Pts',(80.6439794064798,29.6210716683148,34.5000000000002));
#4782=CARTESIAN_POINT('Ctrl Pts',(80.6439794064798,29.6210716683148,34.7000000000002));
#4783=CARTESIAN_POINT('Ctrl Pts',(80.9264799605101,29.6121033652257,34.5000000000002));
#4784=CARTESIAN_POINT('Ctrl Pts',(80.9264799605101,29.6121033652257,34.7000000000002));
#4785=CARTESIAN_POINT('Ctrl Pts',(81.0690122097731,29.6075785160065,34.5000000000002));
#4786=CARTESIAN_POINT('Ctrl Pts',(81.0690122097731,29.6075785160065,34.7000000000002));
#4787=CARTESIAN_POINT('',(80.3585926443338,29.9323415756226,34.7000000000002));
#4788=CARTESIAN_POINT('',(80.3585926443338,29.9323415756226,34.5000000000002));
#4789=CARTESIAN_POINT('Ctrl Pts',(80.3585926443338,29.9323415756226,34.7000000000002));
#4790=CARTESIAN_POINT('Ctrl Pts',(80.4531442319095,29.8292146342074,34.7000000000002));
#4791=CARTESIAN_POINT('Ctrl Pts',(80.6439794064798,29.6210716683148,34.7000000000002));
#4792=CARTESIAN_POINT('Ctrl Pts',(80.9264799605101,29.6121033652257,34.7000000000002));
#4793=CARTESIAN_POINT('Ctrl Pts',(81.0690122097731,29.6075785160065,34.7000000000002));
#4794=CARTESIAN_POINT('Ctrl Pts',(80.1420839130878,30.608931183815,34.5000000000002));
#4795=CARTESIAN_POINT('Ctrl Pts',(80.1420839130878,30.608931183815,34.7000000000002));
#4796=CARTESIAN_POINT('Ctrl Pts',(80.1504909195512,30.4851599714475,34.5000000000002));
#4797=CARTESIAN_POINT('Ctrl Pts',(80.1504909195512,30.4851599714475,34.7000000000002));
#4798=CARTESIAN_POINT('Ctrl Pts',(80.1670303665205,30.2416598133108,34.5000000000002));
#4799=CARTESIAN_POINT('Ctrl Pts',(80.1670303665205,30.2416598133108,34.7000000000002));
#4800=CARTESIAN_POINT('Ctrl Pts',(80.295449164571,30.0343002185489,34.5000000000002));
#4801=CARTESIAN_POINT('Ctrl Pts',(80.295449164571,30.0343002185489,34.7000000000002));
#4802=CARTESIAN_POINT('Ctrl Pts',(80.3585926443338,29.9323415756226,34.5000000000002));
#4803=CARTESIAN_POINT('Ctrl Pts',(80.3585926443338,29.9323415756226,34.7000000000002));
#4804=CARTESIAN_POINT('',(80.1420839130878,30.608931183815,34.7000000000002));
#4805=CARTESIAN_POINT('',(80.1420839130878,30.608931183815,34.5000000000002));
#4806=CARTESIAN_POINT('Ctrl Pts',(80.1420839130878,30.608931183815,34.7000000000002));
#4807=CARTESIAN_POINT('Ctrl Pts',(80.1504909195512,30.4851599714475,34.7000000000002));
#4808=CARTESIAN_POINT('Ctrl Pts',(80.1670303665205,30.2416598133108,34.7000000000002));
#4809=CARTESIAN_POINT('Ctrl Pts',(80.295449164571,30.0343002185489,34.7000000000002));
#4810=CARTESIAN_POINT('Ctrl Pts',(80.3585926443338,29.9323415756226,34.7000000000002));
#4811=CARTESIAN_POINT('Ctrl Pts',(80.2063599228859,31.6305822134018,34.5000000000002));
#4812=CARTESIAN_POINT('Ctrl Pts',(80.2063599228859,31.6305822134018,34.7000000000002));
#4813=CARTESIAN_POINT('Ctrl Pts',(80.1877839654665,31.4328284683894,34.5000000000002));
#4814=CARTESIAN_POINT('Ctrl Pts',(80.1877839654665,31.4328284683894,34.7000000000002));
#4815=CARTESIAN_POINT('Ctrl Pts',(80.1558530029782,31.0929015794906,34.5000000000002));
#4816=CARTESIAN_POINT('Ctrl Pts',(80.1558530029782,31.0929015794906,34.7000000000002));
#4817=CARTESIAN_POINT('Ctrl Pts',(80.1461444703686,30.7516559048727,34.5000000000002));
#4818=CARTESIAN_POINT('Ctrl Pts',(80.1461444703686,30.7516559048727,34.7000000000002));
#4819=CARTESIAN_POINT('Ctrl Pts',(80.1420839130878,30.608931183815,34.5000000000002));
#4820=CARTESIAN_POINT('Ctrl Pts',(80.1420839130878,30.608931183815,34.7000000000002));
#4821=CARTESIAN_POINT('',(80.2063599228859,31.6305822134018,34.7000000000002));
#4822=CARTESIAN_POINT('',(80.2063599228859,31.6305822134018,34.5000000000002));
#4823=CARTESIAN_POINT('Ctrl Pts',(80.2063599228859,31.6305822134018,34.7000000000002));
#4824=CARTESIAN_POINT('Ctrl Pts',(80.1877839654665,31.4328284683894,34.7000000000002));
#4825=CARTESIAN_POINT('Ctrl Pts',(80.1558530029782,31.0929015794906,34.7000000000002));
#4826=CARTESIAN_POINT('Ctrl Pts',(80.1461444703686,30.7516559048727,34.7000000000002));
#4827=CARTESIAN_POINT('Ctrl Pts',(80.1420839130878,30.608931183815,34.7000000000002));
#4828=CARTESIAN_POINT('Ctrl Pts',(80.2706360071898,32.6522326469421,34.5000000000002));
#4829=CARTESIAN_POINT('Ctrl Pts',(80.2706360071898,32.6522326469421,34.7000000000002));
#4830=CARTESIAN_POINT('Ctrl Pts',(80.2665754567722,32.5095079253435,34.5000000000002));
#4831=CARTESIAN_POINT('Ctrl Pts',(80.2665754567722,32.5095079253435,34.7000000000002));
#4832=CARTESIAN_POINT('Ctrl Pts',(80.2568669461481,32.16826244542,34.5000000000002));
#4833=CARTESIAN_POINT('Ctrl Pts',(80.2568669461481,32.16826244542,34.7000000000002));
#4834=CARTESIAN_POINT('Ctrl Pts',(80.2249359134689,31.8283357589791,34.5000000000002));
#4835=CARTESIAN_POINT('Ctrl Pts',(80.2249359134689,31.8283357589791,34.7000000000002));
#4836=CARTESIAN_POINT('Ctrl Pts',(80.2063599228859,31.6305822134018,34.5000000000002));
#4837=CARTESIAN_POINT('Ctrl Pts',(80.2063599228859,31.6305822134018,34.7000000000002));
#4838=CARTESIAN_POINT('',(80.2706360071898,32.6522326469421,34.7000000000002));
#4839=CARTESIAN_POINT('',(80.2706360071898,32.6522326469421,34.5000000000002));
#4840=CARTESIAN_POINT('Ctrl Pts',(80.2706360071898,32.6522326469421,34.7000000000002));
#4841=CARTESIAN_POINT('Ctrl Pts',(80.2665754567722,32.5095079253435,34.7000000000002));
#4842=CARTESIAN_POINT('Ctrl Pts',(80.2568669461481,32.16826244542,34.7000000000002));
#4843=CARTESIAN_POINT('Ctrl Pts',(80.2249359134689,31.8283357589791,34.7000000000002));
#4844=CARTESIAN_POINT('Ctrl Pts',(80.2063599228859,31.6305822134018,34.7000000000002));
#4845=CARTESIAN_POINT('Ctrl Pts',(80.135317966342,34.4993233680725,34.5000000000002));
#4846=CARTESIAN_POINT('Ctrl Pts',(80.135317966342,34.4993233680725,34.7000000000002));
#4847=CARTESIAN_POINT('Ctrl Pts',(80.1744014679659,34.140529524401,34.5000000000002));
#4848=CARTESIAN_POINT('Ctrl Pts',(80.1744014679659,34.140529524401,34.7000000000002));
#4849=CARTESIAN_POINT('Ctrl Pts',(80.2413055726082,33.5263373495798,34.5000000000002));
#4850=CARTESIAN_POINT('Ctrl Pts',(80.2413055726082,33.5263373495798,34.7000000000002));
#4851=CARTESIAN_POINT('Ctrl Pts',(80.2620216720601,32.908956795574,34.5000000000002));
#4852=CARTESIAN_POINT('Ctrl Pts',(80.2620216720601,32.908956795574,34.7000000000002));
#4853=CARTESIAN_POINT('Ctrl Pts',(80.2706360071898,32.6522326469421,34.5000000000002));
#4854=CARTESIAN_POINT('Ctrl Pts',(80.2706360071898,32.6522326469421,34.7000000000002));
#4855=CARTESIAN_POINT('',(80.135317966342,34.4993233680725,34.7000000000002));
#4856=CARTESIAN_POINT('',(80.135317966342,34.4993233680725,34.5000000000002));
#4857=CARTESIAN_POINT('Ctrl Pts',(80.135317966342,34.4993233680725,34.7000000000002));
#4858=CARTESIAN_POINT('Ctrl Pts',(80.1744014679659,34.140529524401,34.7000000000002));
#4859=CARTESIAN_POINT('Ctrl Pts',(80.2413055726082,33.5263373495798,34.7000000000002));
#4860=CARTESIAN_POINT('Ctrl Pts',(80.2620216720601,32.908956795574,34.7000000000002));
#4861=CARTESIAN_POINT('Ctrl Pts',(80.2706360071898,32.6522326469421,34.7000000000002));
#4862=CARTESIAN_POINT('Ctrl Pts',(80.,36.3531804084778,34.5000000000002));
#4863=CARTESIAN_POINT('Ctrl Pts',(80.,36.3531804084778,34.7000000000002));
#4864=CARTESIAN_POINT('Ctrl Pts',(80.0085813595016,36.0947629910644,34.5000000000002));
#4865=CARTESIAN_POINT('Ctrl Pts',(80.0085813595016,36.0947629910644,34.7000000000002));
#4866=CARTESIAN_POINT('Ctrl Pts',(80.0291579754816,35.4751227161584,34.5000000000002));
#4867=CARTESIAN_POINT('Ctrl Pts',(80.0291579754816,35.4751227161584,34.7000000000002));
#4868=CARTESIAN_POINT('Ctrl Pts',(80.0962223841111,34.8586813836939,34.5000000000002));
#4869=CARTESIAN_POINT('Ctrl Pts',(80.0962223841111,34.8586813836939,34.7000000000002));
#4870=CARTESIAN_POINT('Ctrl Pts',(80.135317966342,34.4993233680725,34.5000000000002));
#4871=CARTESIAN_POINT('Ctrl Pts',(80.135317966342,34.4993233680725,34.7000000000002));
#4872=CARTESIAN_POINT('',(80.,36.3531804084778,34.7000000000002));
#4873=CARTESIAN_POINT('',(80.,36.3531804084778,34.5000000000002));
#4874=CARTESIAN_POINT('Ctrl Pts',(80.,36.3531804084778,34.7000000000002));
#4875=CARTESIAN_POINT('Ctrl Pts',(80.0085813595016,36.0947629910644,34.7000000000002));
#4876=CARTESIAN_POINT('Ctrl Pts',(80.0291579754816,35.4751227161584,34.7000000000002));
#4877=CARTESIAN_POINT('Ctrl Pts',(80.0962223841111,34.8586813836939,34.7000000000002));
#4878=CARTESIAN_POINT('Ctrl Pts',(80.135317966342,34.4993233680725,34.7000000000002));
#4879=CARTESIAN_POINT('Ctrl Pts',(80.0507442653179,37.946549654007,34.5000000000002));
#4880=CARTESIAN_POINT('Ctrl Pts',(80.0507442653179,37.946549654007,34.7000000000002));
#4881=CARTESIAN_POINT('Ctrl Pts',(80.0360814591604,37.637351123749,34.5000000000002));
#4882=CARTESIAN_POINT('Ctrl Pts',(80.0360814591604,37.637351123749,34.7000000000002));
#4883=CARTESIAN_POINT('Ctrl Pts',(80.0109063177194,37.1064761569128,34.5000000000002));
#4884=CARTESIAN_POINT('Ctrl Pts',(80.0109063177194,37.1064761569128,34.7000000000002));
#4885=CARTESIAN_POINT('Ctrl Pts',(80.0032126358907,36.5750761041671,34.5000000000002));
#4886=CARTESIAN_POINT('Ctrl Pts',(80.0032126358907,36.5750761041671,34.7000000000002));
#4887=CARTESIAN_POINT('Ctrl Pts',(80.,36.3531804084778,34.5000000000002));
#4888=CARTESIAN_POINT('Ctrl Pts',(80.,36.3531804084778,34.7000000000002));
#4889=CARTESIAN_POINT('',(80.0507442653179,37.946549654007,34.7000000000002));
#4890=CARTESIAN_POINT('',(80.0507442653179,37.946549654007,34.5000000000002));
#4891=CARTESIAN_POINT('Ctrl Pts',(80.0507442653179,37.946549654007,34.7000000000002));
#4892=CARTESIAN_POINT('Ctrl Pts',(80.0360814591604,37.637351123749,34.7000000000002));
#4893=CARTESIAN_POINT('Ctrl Pts',(80.0109063177194,37.1064761569128,34.7000000000002));
#4894=CARTESIAN_POINT('Ctrl Pts',(80.0032126358907,36.5750761041671,34.7000000000002));
#4895=CARTESIAN_POINT('Ctrl Pts',(80.,36.3531804084778,34.7000000000002));
#4896=CARTESIAN_POINT('Ctrl Pts',(80.10148845613,39.5399188995361,34.5000000000002));
#4897=CARTESIAN_POINT('Ctrl Pts',(80.10148845613,39.5399188995361,34.7000000000002));
#4898=CARTESIAN_POINT('Ctrl Pts',(80.0982758088759,39.3180236016026,34.5000000000002));
#4899=CARTESIAN_POINT('Ctrl Pts',(80.0982758088759,39.3180236016026,34.7000000000002));
#4900=CARTESIAN_POINT('Ctrl Pts',(80.0905820860779,38.7866235512888,34.5000000000002));
#4901=CARTESIAN_POINT('Ctrl Pts',(80.0905820860779,38.7866235512888,34.7000000000002));
#4902=CARTESIAN_POINT('Ctrl Pts',(80.0654070366687,38.2557485820263,34.5000000000002));
#4903=CARTESIAN_POINT('Ctrl Pts',(80.0654070366687,38.2557485820263,34.7000000000002));
#4904=CARTESIAN_POINT('Ctrl Pts',(80.0507442653179,37.946549654007,34.5000000000002));
#4905=CARTESIAN_POINT('Ctrl Pts',(80.0507442653179,37.946549654007,34.7000000000002));
#4906=CARTESIAN_POINT('',(80.10148845613,39.5399188995361,34.7000000000002));
#4907=CARTESIAN_POINT('',(80.10148845613,39.5399188995361,34.5000000000002));
#4908=CARTESIAN_POINT('Ctrl Pts',(80.10148845613,39.5399188995361,34.7000000000002));
#4909=CARTESIAN_POINT('Ctrl Pts',(80.0982758088759,39.3180236016026,34.7000000000002));
#4910=CARTESIAN_POINT('Ctrl Pts',(80.0905820860779,38.7866235512888,34.7000000000002));
#4911=CARTESIAN_POINT('Ctrl Pts',(80.0654070366687,38.2557485820263,34.7000000000002));
#4912=CARTESIAN_POINT('Ctrl Pts',(80.0507442653179,37.946549654007,34.7000000000002));
#4913=CARTESIAN_POINT('Ctrl Pts',(80.2943166345358,40.0372123718262,34.5000000000002));
#4914=CARTESIAN_POINT('Ctrl Pts',(80.2943166345358,40.0372123718262,34.7000000000002));
#4915=CARTESIAN_POINT('Ctrl Pts',(80.2380811348436,39.9656551666547,34.5000000000002));
#4916=CARTESIAN_POINT('Ctrl Pts',(80.2380811348436,39.9656551666547,34.7000000000002));
#4917=CARTESIAN_POINT('Ctrl Pts',(80.1233620278999,39.8196801381125,34.5000000000002));
#4918=CARTESIAN_POINT('Ctrl Pts',(80.1233620278999,39.8196801381125,34.7000000000002));
#4919=CARTESIAN_POINT('Ctrl Pts',(80.1088742836935,39.6343830450729,34.5000000000002));
#4920=CARTESIAN_POINT('Ctrl Pts',(80.1088742836935,39.6343830450729,34.7000000000002));
#4921=CARTESIAN_POINT('Ctrl Pts',(80.10148845613,39.5399188995361,34.5000000000002));
#4922=CARTESIAN_POINT('Ctrl Pts',(80.10148845613,39.5399188995361,34.7000000000002));
#4923=CARTESIAN_POINT('',(80.2943166345358,40.0372123718262,34.7000000000002));
#4924=CARTESIAN_POINT('',(80.2943166345358,40.0372123718262,34.5000000000002));
#4925=CARTESIAN_POINT('Ctrl Pts',(80.2943166345358,40.0372123718262,34.7000000000002));
#4926=CARTESIAN_POINT('Ctrl Pts',(80.2380811348436,39.9656551666547,34.7000000000002));
#4927=CARTESIAN_POINT('Ctrl Pts',(80.1233620278999,39.8196801381125,34.7000000000002));
#4928=CARTESIAN_POINT('Ctrl Pts',(80.1088742836935,39.6343830450729,34.7000000000002));
#4929=CARTESIAN_POINT('Ctrl Pts',(80.10148845613,39.5399188995361,34.7000000000002));
#4930=CARTESIAN_POINT('Ctrl Pts',(80.7780783623457,40.2368068695068,34.5000000000002));
#4931=CARTESIAN_POINT('Ctrl Pts',(80.7780783623457,40.2368068695068,34.7000000000002));
#4932=CARTESIAN_POINT('Ctrl Pts',(80.6856292450826,40.228942367042,34.5000000000002));
#4933=CARTESIAN_POINT('Ctrl Pts',(80.6856292450826,40.228942367042,34.7000000000002));
#4934=CARTESIAN_POINT('Ctrl Pts',(80.5031607660503,40.213420057629,34.5000000000002));
#4935=CARTESIAN_POINT('Ctrl Pts',(80.5031607660503,40.213420057629,34.7000000000002));
#4936=CARTESIAN_POINT('Ctrl Pts',(80.3633105954145,40.0954245231213,34.5000000000002));
#4937=CARTESIAN_POINT('Ctrl Pts',(80.3633105954145,40.0954245231213,34.7000000000002));
#4938=CARTESIAN_POINT('Ctrl Pts',(80.2943166345358,40.0372123718262,34.5000000000002));
#4939=CARTESIAN_POINT('Ctrl Pts',(80.2943166345358,40.0372123718262,34.7000000000002));
#4940=CARTESIAN_POINT('',(80.7780783623457,40.2368068695068,34.7000000000002));
#4941=CARTESIAN_POINT('',(80.7780783623457,40.2368068695068,34.5000000000002));
#4942=CARTESIAN_POINT('Ctrl Pts',(80.7780783623457,40.2368068695068,34.7000000000002));
#4943=CARTESIAN_POINT('Ctrl Pts',(80.6856292450826,40.228942367042,34.7000000000002));
#4944=CARTESIAN_POINT('Ctrl Pts',(80.5031607660503,40.213420057629,34.7000000000002));
#4945=CARTESIAN_POINT('Ctrl Pts',(80.3633105954145,40.0954245231213,34.7000000000002));
#4946=CARTESIAN_POINT('Ctrl Pts',(80.2943166345358,40.0372123718262,34.7000000000002));
#4947=CARTESIAN_POINT('Ctrl Pts',(81.2618403881788,40.0372123718262,34.5000000000002));
#4948=CARTESIAN_POINT('Ctrl Pts',(81.2618403881788,40.0372123718262,34.7000000000002));
#4949=CARTESIAN_POINT('Ctrl Pts',(81.1928464262155,40.0954245228866,34.5000000000002));
#4950=CARTESIAN_POINT('Ctrl Pts',(81.1928464262155,40.0954245228866,34.7000000000002));
#4951=CARTESIAN_POINT('Ctrl Pts',(81.0529961768027,40.2134201215303,34.5000000000002));
#4952=CARTESIAN_POINT('Ctrl Pts',(81.0529961768027,40.2134201215303,34.7000000000002));
#4953=CARTESIAN_POINT('Ctrl Pts',(80.8705275856884,40.2289423857475,34.5000000000002));
#4954=CARTESIAN_POINT('Ctrl Pts',(80.8705275856884,40.2289423857475,34.7000000000002));
#4955=CARTESIAN_POINT('Ctrl Pts',(80.7780783623457,40.2368068695068,34.5000000000002));
#4956=CARTESIAN_POINT('Ctrl Pts',(80.7780783623457,40.2368068695068,34.7000000000002));
#4957=CARTESIAN_POINT('',(81.2618403881788,40.0372123718262,34.7000000000002));
#4958=CARTESIAN_POINT('',(81.2618403881788,40.0372123718262,34.5000000000002));
#4959=CARTESIAN_POINT('Ctrl Pts',(81.2618403881788,40.0372123718262,34.7000000000002));
#4960=CARTESIAN_POINT('Ctrl Pts',(81.1928464262155,40.0954245228866,34.7000000000002));
#4961=CARTESIAN_POINT('Ctrl Pts',(81.0529961768027,40.2134201215303,34.7000000000002));
#4962=CARTESIAN_POINT('Ctrl Pts',(80.8705275856884,40.2289423857475,34.7000000000002));
#4963=CARTESIAN_POINT('Ctrl Pts',(80.7780783623457,40.2368068695068,34.7000000000002));
#4964=CARTESIAN_POINT('Ctrl Pts',(81.4546682685614,39.5399188995361,34.5000000000002));
#4965=CARTESIAN_POINT('Ctrl Pts',(81.4546682685614,39.5399188995361,34.7000000000002));
#4966=CARTESIAN_POINT('Ctrl Pts',(81.447282424984,39.6343830340871,34.5000000000002));
#4967=CARTESIAN_POINT('Ctrl Pts',(81.447282424984,39.6343830340871,34.7000000000002));
#4968=CARTESIAN_POINT('Ctrl Pts',(81.4327946536678,39.81968005055,34.5000000000002));
#4969=CARTESIAN_POINT('Ctrl Pts',(81.4327946536678,39.81968005055,34.7000000000002));
#4970=CARTESIAN_POINT('Ctrl Pts',(81.3180757639961,39.9656551526811,34.5000000000002));
#4971=CARTESIAN_POINT('Ctrl Pts',(81.3180757639961,39.9656551526811,34.7000000000002));
#4972=CARTESIAN_POINT('Ctrl Pts',(81.2618403881788,40.0372123718262,34.5000000000002));
#4973=CARTESIAN_POINT('Ctrl Pts',(81.2618403881788,40.0372123718262,34.7000000000002));
#4974=CARTESIAN_POINT('',(81.4546682685614,39.5399188995361,34.7000000000002));
#4975=CARTESIAN_POINT('',(81.4546682685614,39.5399188995361,34.5000000000002));
#4976=CARTESIAN_POINT('Ctrl Pts',(81.4546682685614,39.5399188995361,34.7000000000002));
#4977=CARTESIAN_POINT('Ctrl Pts',(81.447282424984,39.6343830340871,34.7000000000002));
#4978=CARTESIAN_POINT('Ctrl Pts',(81.4327946536678,39.81968005055,34.7000000000002));
#4979=CARTESIAN_POINT('Ctrl Pts',(81.3180757639961,39.9656551526811,34.7000000000002));
#4980=CARTESIAN_POINT('Ctrl Pts',(81.2618403881788,40.0372123718262,34.7000000000002));
#4981=CARTESIAN_POINT('Origin',(81.4208390563726,38.2070362567902,34.5000000000002));
#4982=CARTESIAN_POINT('',(81.4208390563726,38.2070362567902,34.7000000000002));
#4983=CARTESIAN_POINT('',(81.4208390563726,38.2070362567902,34.5000000000002));
#4984=CARTESIAN_POINT('',(81.4208390563726,38.2070362567902,34.7000000000002));
#4985=CARTESIAN_POINT('Origin',(81.3667117804289,36.8809199333191,34.5000000000002));
#4986=CARTESIAN_POINT('',(81.3667117804289,36.8809199333191,34.7000000000002));
#4987=CARTESIAN_POINT('',(81.3667117804289,36.8809199333191,34.5000000000002));
#4988=CARTESIAN_POINT('',(81.3667117804289,36.8809199333191,34.7000000000002));
#4989=CARTESIAN_POINT('Ctrl Pts',(86.3464143127203,39.8579156398773,34.5000000000002));
#4990=CARTESIAN_POINT('Ctrl Pts',(86.3464143127203,39.8579156398773,34.7000000000002));
#4991=CARTESIAN_POINT('Ctrl Pts',(85.5918046915567,39.1844166338348,34.5000000000002));
#4992=CARTESIAN_POINT('Ctrl Pts',(85.5918046915567,39.1844166338348,34.7000000000002));
#4993=CARTESIAN_POINT('Ctrl Pts',(84.121618189194,37.8722558552437,34.5000000000002));
#4994=CARTESIAN_POINT('Ctrl Pts',(84.121618189194,37.8722558552437,34.7000000000002));
#4995=CARTESIAN_POINT('Ctrl Pts',(82.2686151386813,37.2054642424453,34.5000000000002));
#4996=CARTESIAN_POINT('Ctrl Pts',(82.2686151386813,37.2054642424453,34.7000000000002));
#4997=CARTESIAN_POINT('Ctrl Pts',(81.3667117804289,36.8809199333191,34.5000000000002));
#4998=CARTESIAN_POINT('Ctrl Pts',(81.3667117804289,36.8809199333191,34.7000000000002));
#4999=CARTESIAN_POINT('',(86.3464143127203,39.8579156398773,34.7000000000002));
#5000=CARTESIAN_POINT('',(86.3464143127203,39.8579156398773,34.5000000000002));
#5001=CARTESIAN_POINT('Ctrl Pts',(86.3464143127203,39.8579156398773,34.7000000000002));
#5002=CARTESIAN_POINT('Ctrl Pts',(85.5918046915567,39.1844166338348,34.7000000000002));
#5003=CARTESIAN_POINT('Ctrl Pts',(84.121618189194,37.8722558552437,34.7000000000002));
#5004=CARTESIAN_POINT('Ctrl Pts',(82.2686151386813,37.2054642424453,34.7000000000002));
#5005=CARTESIAN_POINT('Ctrl Pts',(81.3667117804289,36.8809199333191,34.7000000000002));
#5006=CARTESIAN_POINT('Ctrl Pts',(86.826793178916,40.0744247436523,34.5000000000002));
#5007=CARTESIAN_POINT('Ctrl Pts',(86.826793178916,40.0744247436523,34.7000000000002));
#5008=CARTESIAN_POINT('Ctrl Pts',(86.7407347045304,40.063635075438,34.5000000000002));
#5009=CARTESIAN_POINT('Ctrl Pts',(86.7407347045304,40.063635075438,34.7000000000002));
#5010=CARTESIAN_POINT('Ctrl Pts',(86.5589819460284,40.0408476396245,34.5000000000002));
#5011=CARTESIAN_POINT('Ctrl Pts',(86.5589819460284,40.0408476396245,34.7000000000002));
#5012=CARTESIAN_POINT('Ctrl Pts',(86.419731034008,39.9210107321608,34.5000000000002));
#5013=CARTESIAN_POINT('Ctrl Pts',(86.419731034008,39.9210107321608,34.7000000000002));
#5014=CARTESIAN_POINT('Ctrl Pts',(86.3464143127203,39.8579156398773,34.5000000000002));
#5015=CARTESIAN_POINT('Ctrl Pts',(86.3464143127203,39.8579156398773,34.7000000000002));
#5016=CARTESIAN_POINT('',(86.826793178916,40.0744247436523,34.7000000000002));
#5017=CARTESIAN_POINT('',(86.826793178916,40.0744247436523,34.5000000000002));
#5018=CARTESIAN_POINT('Ctrl Pts',(86.826793178916,40.0744247436523,34.7000000000002));
#5019=CARTESIAN_POINT('Ctrl Pts',(86.7407347045304,40.063635075438,34.7000000000002));
#5020=CARTESIAN_POINT('Ctrl Pts',(86.5589819460284,40.0408476396245,34.7000000000002));
#5021=CARTESIAN_POINT('Ctrl Pts',(86.419731034008,39.9210107321608,34.7000000000002));
#5022=CARTESIAN_POINT('Ctrl Pts',(86.3464143127203,39.8579156398773,34.7000000000002));
#5023=CARTESIAN_POINT('Ctrl Pts',(87.3105546087027,39.8646819591522,34.5000000000002));
#5024=CARTESIAN_POINT('Ctrl Pts',(87.3105546087027,39.8646819591522,34.7000000000002));
#5025=CARTESIAN_POINT('Ctrl Pts',(87.2395988491459,39.9258515994837,34.5000000000002));
#5026=CARTESIAN_POINT('Ctrl Pts',(87.2395988491459,39.9258515994837,34.7000000000002));
#5027=CARTESIAN_POINT('Ctrl Pts',(87.1000019915746,40.0461954534906,34.5000000000002));
#5028=CARTESIAN_POINT('Ctrl Pts',(87.1000019915746,40.0461954534906,34.7000000000002));
#5029=CARTESIAN_POINT('Ctrl Pts',(86.9168505022094,40.0651195741532,34.5000000000002));
#5030=CARTESIAN_POINT('Ctrl Pts',(86.9168505022094,40.0651195741532,34.7000000000002));
#5031=CARTESIAN_POINT('Ctrl Pts',(86.826793178916,40.0744247436523,34.5000000000002));
#5032=CARTESIAN_POINT('Ctrl Pts',(86.826793178916,40.0744247436523,34.7000000000002));
#5033=CARTESIAN_POINT('Ctrl Pts',(87.3105546087027,39.8646819591522,34.7000000000002));
#5034=CARTESIAN_POINT('Ctrl Pts',(87.2395988491459,39.9258515994837,34.7000000000002));
#5035=CARTESIAN_POINT('Ctrl Pts',(87.1000019915746,40.0461954534906,34.7000000000002));
#5036=CARTESIAN_POINT('Ctrl Pts',(86.9168505022094,40.0651195741532,34.7000000000002));
#5037=CARTESIAN_POINT('Ctrl Pts',(86.826793178916,40.0744247436523,34.7000000000002));
#5038=CARTESIAN_POINT('Origin',(86.6677941009402,34.8443847894669,34.7000000000002));
#5039=CARTESIAN_POINT('Ctrl Pts',(93.3355882018805,39.3572390079498,34.5000000000002));
#5040=CARTESIAN_POINT('Ctrl Pts',(93.3355882018805,39.3572390079498,34.7000000000002));
#5041=CARTESIAN_POINT('Ctrl Pts',(93.3286140615701,39.4469546661478,34.5000000000002));
#5042=CARTESIAN_POINT('Ctrl Pts',(93.3286140615701,39.4469546661478,34.7000000000002));
#5043=CARTESIAN_POINT('Ctrl Pts',(93.3149953818917,39.6221459810289,34.5000000000002));
#5044=CARTESIAN_POINT('Ctrl Pts',(93.3149953818917,39.6221459810289,34.7000000000002));
#5045=CARTESIAN_POINT('Ctrl Pts',(93.2037855175753,39.7578678646481,34.5000000000002));
#5046=CARTESIAN_POINT('Ctrl Pts',(93.2037855175753,39.7578678646481,34.7000000000002));
#5047=CARTESIAN_POINT('Ctrl Pts',(93.1495263427496,39.8240864276886,34.5000000000002));
#5048=CARTESIAN_POINT('Ctrl Pts',(93.1495263427496,39.8240864276886,34.7000000000002));
#5049=CARTESIAN_POINT('',(93.3355882018805,39.3572390079498,34.7000000000002));
#5050=CARTESIAN_POINT('',(93.3355882018805,39.3572390079498,34.5000000000002));
#5051=CARTESIAN_POINT('',(93.1495263427496,39.8240864276886,34.7000000000002));
#5052=CARTESIAN_POINT('Ctrl Pts',(93.3355882018805,39.3572390079498,34.7000000000002));
#5053=CARTESIAN_POINT('Ctrl Pts',(93.3286140615701,39.4469546661478,34.7000000000002));
#5054=CARTESIAN_POINT('Ctrl Pts',(93.3149953818917,39.6221459810289,34.7000000000002));
#5055=CARTESIAN_POINT('Ctrl Pts',(93.2037855175753,39.7578678646481,34.7000000000002));
#5056=CARTESIAN_POINT('Ctrl Pts',(93.1495263427496,39.8240864276886,34.7000000000002));
#5057=CARTESIAN_POINT('',(93.1495263427496,39.8240864276886,34.5000000000002));
#5058=CARTESIAN_POINT('Ctrl Pts',(93.1495263427496,38.8937759399414,34.5000000000002));
#5059=CARTESIAN_POINT('Ctrl Pts',(93.1495263427496,38.8937759399414,34.7000000000002));
#5060=CARTESIAN_POINT('Ctrl Pts',(93.2037910253362,38.9602694196557,34.5000000000002));
#5061=CARTESIAN_POINT('Ctrl Pts',(93.2037910253362,38.9602694196557,34.7000000000002));
#5062=CARTESIAN_POINT('Ctrl Pts',(93.313953974807,39.0952580991566,34.5000000000002));
#5063=CARTESIAN_POINT('Ctrl Pts',(93.313953974807,39.0952580991566,34.7000000000002));
#5064=CARTESIAN_POINT('Ctrl Pts',(93.3283058524835,39.2690529818582,34.5000000000002));
#5065=CARTESIAN_POINT('Ctrl Pts',(93.3283058524835,39.2690529818582,34.7000000000002));
#5066=CARTESIAN_POINT('Ctrl Pts',(93.3355882018805,39.3572390079498,34.5000000000002));
#5067=CARTESIAN_POINT('Ctrl Pts',(93.3355882018805,39.3572390079498,34.7000000000002));
#5068=CARTESIAN_POINT('',(93.1495263427496,38.8937759399414,34.7000000000002));
#5069=CARTESIAN_POINT('',(93.1495263427496,38.8937759399414,34.5000000000002));
#5070=CARTESIAN_POINT('Ctrl Pts',(93.1495263427496,38.8937759399414,34.7000000000002));
#5071=CARTESIAN_POINT('Ctrl Pts',(93.2037910253362,38.9602694196557,34.7000000000002));
#5072=CARTESIAN_POINT('Ctrl Pts',(93.313953974807,39.0952580991566,34.7000000000002));
#5073=CARTESIAN_POINT('Ctrl Pts',(93.3283058524835,39.2690529818582,34.7000000000002));
#5074=CARTESIAN_POINT('Ctrl Pts',(93.3355882018805,39.3572390079498,34.7000000000002));
#5075=CARTESIAN_POINT('Ctrl Pts',(92.6792957633734,38.7077128887177,34.5000000000002));
#5076=CARTESIAN_POINT('Ctrl Pts',(92.6792957633734,38.7077128887177,34.7000000000002));
#5077=CARTESIAN_POINT('Ctrl Pts',(92.7692278125033,38.7147738669665,34.5000000000002));
#5078=CARTESIAN_POINT('Ctrl Pts',(92.7692278125033,38.7147738669665,34.7000000000002));
#5079=CARTESIAN_POINT('Ctrl Pts',(92.9452916501118,38.7285974475454,34.5000000000002));
#5080=CARTESIAN_POINT('Ctrl Pts',(92.9452916501118,38.7285974475454,34.7000000000002));
#5081=CARTESIAN_POINT('Ctrl Pts',(93.0824348370338,38.8395144742542,34.5000000000002));
#5082=CARTESIAN_POINT('Ctrl Pts',(93.0824348370338,38.8395144742542,34.7000000000002));
#5083=CARTESIAN_POINT('Ctrl Pts',(93.1495263427496,38.8937759399414,34.5000000000002));
#5084=CARTESIAN_POINT('Ctrl Pts',(93.1495263427496,38.8937759399414,34.7000000000002));
#5085=CARTESIAN_POINT('',(92.6792957633734,38.7077128887177,34.7000000000002));
#5086=CARTESIAN_POINT('',(92.6792957633734,38.7077128887177,34.5000000000002));
#5087=CARTESIAN_POINT('Ctrl Pts',(92.6792957633734,38.7077128887177,34.7000000000002));
#5088=CARTESIAN_POINT('Ctrl Pts',(92.7692278125033,38.7147738669665,34.7000000000002));
#5089=CARTESIAN_POINT('Ctrl Pts',(92.9452916501118,38.7285974475454,34.7000000000002));
#5090=CARTESIAN_POINT('Ctrl Pts',(93.0824348370338,38.8395144742542,34.7000000000002));
#5091=CARTESIAN_POINT('Ctrl Pts',(93.1495263427496,38.8937759399414,34.7000000000002));
#5092=CARTESIAN_POINT('Origin',(91.9688763469458,38.7212455272675,34.5000000000002));
#5093=CARTESIAN_POINT('',(91.9688763469458,38.7212455272675,34.7000000000002));
#5094=CARTESIAN_POINT('',(91.9688763469458,38.7212455272675,34.5000000000002));
#5095=CARTESIAN_POINT('',(91.9688763469458,38.7212455272675,34.7000000000002));
#5096=CARTESIAN_POINT('Ctrl Pts',(91.9079842418432,37.8010821342468,34.5000000000002));
#5097=CARTESIAN_POINT('Ctrl Pts',(91.9079842418432,37.8010821342468,34.7000000000002));
#5098=CARTESIAN_POINT('Ctrl Pts',(91.923840417546,37.9712446421127,34.5000000000002));
#5099=CARTESIAN_POINT('Ctrl Pts',(91.923840417546,37.9712446421127,34.7000000000002));
#5100=CARTESIAN_POINT('Ctrl Pts',(91.9523722927573,38.2774379847607,34.5000000000002));
#5101=CARTESIAN_POINT('Ctrl Pts',(91.9523722927573,38.2774379847607,34.7000000000002));
#5102=CARTESIAN_POINT('Ctrl Pts',(91.9637995999402,38.5847276398,34.5000000000002));
#5103=CARTESIAN_POINT('Ctrl Pts',(91.9637995999402,38.5847276398,34.7000000000002));
#5104=CARTESIAN_POINT('Ctrl Pts',(91.9688763469458,38.7212455272675,34.5000000000002));
#5105=CARTESIAN_POINT('Ctrl Pts',(91.9688763469458,38.7212455272675,34.7000000000002));
#5106=CARTESIAN_POINT('',(91.9079842418432,37.8010821342468,34.7000000000002));
#5107=CARTESIAN_POINT('',(91.9079842418432,37.8010821342468,34.5000000000002));
#5108=CARTESIAN_POINT('Ctrl Pts',(91.9079842418432,37.8010821342468,34.7000000000002));
#5109=CARTESIAN_POINT('Ctrl Pts',(91.923840417546,37.9712446421127,34.7000000000002));
#5110=CARTESIAN_POINT('Ctrl Pts',(91.9523722927573,38.2774379847607,34.7000000000002));
#5111=CARTESIAN_POINT('Ctrl Pts',(91.9637995999402,38.5847276398,34.7000000000002));
#5112=CARTESIAN_POINT('Ctrl Pts',(91.9688763469458,38.7212455272675,34.7000000000002));
#5113=CARTESIAN_POINT('Ctrl Pts',(91.8538560718298,36.8470907211304,34.5000000000002));
#5114=CARTESIAN_POINT('Ctrl Pts',(91.8538560718298,36.8470907211304,34.7000000000002));
#5115=CARTESIAN_POINT('Ctrl Pts',(91.8568225163878,36.9920783455218,34.5000000000002));
#5116=CARTESIAN_POINT('Ctrl Pts',(91.8568225163878,36.9920783455218,34.7000000000002));
#5117=CARTESIAN_POINT('Ctrl Pts',(91.8633416116015,37.3107049403396,34.5000000000002));
#5118=CARTESIAN_POINT('Ctrl Pts',(91.8633416116015,37.3107049403396,34.7000000000002));
#5119=CARTESIAN_POINT('Ctrl Pts',(91.8922372530234,37.6281092572422,34.5000000000002));
#5120=CARTESIAN_POINT('Ctrl Pts',(91.8922372530234,37.6281092572422,34.7000000000002));
#5121=CARTESIAN_POINT('Ctrl Pts',(91.9079842418432,37.8010821342468,34.5000000000002));
#5122=CARTESIAN_POINT('Ctrl Pts',(91.9079842418432,37.8010821342468,34.7000000000002));
#5123=CARTESIAN_POINT('',(91.8538560718298,36.8470907211304,34.7000000000002));
#5124=CARTESIAN_POINT('',(91.8538560718298,36.8470907211304,34.5000000000002));
#5125=CARTESIAN_POINT('Ctrl Pts',(91.8538560718298,36.8470907211304,34.7000000000002));
#5126=CARTESIAN_POINT('Ctrl Pts',(91.8568225163878,36.9920783455218,34.7000000000002));
#5127=CARTESIAN_POINT('Ctrl Pts',(91.8633416116015,37.3107049403396,34.7000000000002));
#5128=CARTESIAN_POINT('Ctrl Pts',(91.8922372530234,37.6281092572422,34.7000000000002));
#5129=CARTESIAN_POINT('Ctrl Pts',(91.9079842418432,37.8010821342468,34.7000000000002));
#5130=CARTESIAN_POINT('Ctrl Pts',(92.0162381976843,34.5534509420395,34.5000000000002));
#5131=CARTESIAN_POINT('Ctrl Pts',(92.0162381976843,34.5534509420395,34.7000000000002));
#5132=CARTESIAN_POINT('Ctrl Pts',(91.9693371941094,34.9990158865218,34.5000000000002));
#5133=CARTESIAN_POINT('Ctrl Pts',(91.9693371941094,34.9990158865218,34.7000000000002));
#5134=CARTESIAN_POINT('Ctrl Pts',(91.889043329851,35.7618168597128,34.5000000000002));
#5135=CARTESIAN_POINT('Ctrl Pts',(91.889043329851,35.7618168597128,34.7000000000002));
#5136=CARTESIAN_POINT('Ctrl Pts',(91.8641915195748,36.5283164853848,34.5000000000002));
#5137=CARTESIAN_POINT('Ctrl Pts',(91.8641915195748,36.5283164853848,34.7000000000002));
#5138=CARTESIAN_POINT('Ctrl Pts',(91.8538560718298,36.8470907211304,34.5000000000002));
#5139=CARTESIAN_POINT('Ctrl Pts',(91.8538560718298,36.8470907211304,34.7000000000002));
#5140=CARTESIAN_POINT('',(92.0162381976843,34.5534509420395,34.7000000000002));
#5141=CARTESIAN_POINT('',(92.0162381976843,34.5534509420395,34.5000000000002));
#5142=CARTESIAN_POINT('Ctrl Pts',(92.0162381976843,34.5534509420395,34.7000000000002));
#5143=CARTESIAN_POINT('Ctrl Pts',(91.9693371941094,34.9990158865218,34.7000000000002));
#5144=CARTESIAN_POINT('Ctrl Pts',(91.889043329851,35.7618168597128,34.7000000000002));
#5145=CARTESIAN_POINT('Ctrl Pts',(91.8641915195748,36.5283164853848,34.7000000000002));
#5146=CARTESIAN_POINT('Ctrl Pts',(91.8538560718298,36.8470907211304,34.7000000000002));
#5147=CARTESIAN_POINT('Ctrl Pts',(92.1786191314459,32.2530448436737,34.5000000000002));
#5148=CARTESIAN_POINT('Ctrl Pts',(92.1786191314459,32.2530448436737,34.7000000000002));
#5149=CARTESIAN_POINT('Ctrl Pts',(92.1683160444793,32.5735122416225,34.5000000000002));
#5150=CARTESIAN_POINT('Ctrl Pts',(92.1683160444793,32.5735122416225,34.7000000000002));
#5151=CARTESIAN_POINT('Ctrl Pts',(92.1436002950103,33.3422713471534,34.5000000000002));
#5152=CARTESIAN_POINT('Ctrl Pts',(92.1436002950103,33.3422713471534,34.7000000000002));
#5153=CARTESIAN_POINT('Ctrl Pts',(92.0631510886469,34.1073218544698,34.5000000000002));
#5154=CARTESIAN_POINT('Ctrl Pts',(92.0631510886469,34.1073218544698,34.7000000000002));
#5155=CARTESIAN_POINT('Ctrl Pts',(92.0162381976843,34.5534509420395,34.5000000000002));
#5156=CARTESIAN_POINT('Ctrl Pts',(92.0162381976843,34.5534509420395,34.7000000000002));
#5157=CARTESIAN_POINT('',(92.1786191314459,32.2530448436737,34.7000000000002));
#5158=CARTESIAN_POINT('',(92.1786191314459,32.2530448436737,34.5000000000002));
#5159=CARTESIAN_POINT('Ctrl Pts',(92.1786191314459,32.2530448436737,34.7000000000002));
#5160=CARTESIAN_POINT('Ctrl Pts',(92.1683160444793,32.5735122416225,34.7000000000002));
#5161=CARTESIAN_POINT('Ctrl Pts',(92.1436002950103,33.3422713471534,34.7000000000002));
#5162=CARTESIAN_POINT('Ctrl Pts',(92.0631510886469,34.1073218544698,34.7000000000002));
#5163=CARTESIAN_POINT('Ctrl Pts',(92.0162381976843,34.5534509420395,34.7000000000002));
#5164=CARTESIAN_POINT('Ctrl Pts',(92.1549382060766,31.5764546394348,34.5000000000002));
#5165=CARTESIAN_POINT('Ctrl Pts',(92.1549382060766,31.5764546394348,34.7000000000002));
#5166=CARTESIAN_POINT('Ctrl Pts',(92.1617762598728,31.7083594586688,34.5000000000002));
#5167=CARTESIAN_POINT('Ctrl Pts',(92.1617762598728,31.7083594586688,34.7000000000002));
#5168=CARTESIAN_POINT('Ctrl Pts',(92.1734614420213,31.9337645059156,34.5000000000002));
#5169=CARTESIAN_POINT('Ctrl Pts',(92.1734614420213,31.9337645059156,34.7000000000002));
#5170=CARTESIAN_POINT('Ctrl Pts',(92.1771069421702,32.1594346506279,34.5000000000002));
#5171=CARTESIAN_POINT('Ctrl Pts',(92.1771069421702,32.1594346506279,34.7000000000002));
#5172=CARTESIAN_POINT('Ctrl Pts',(92.1786191314459,32.2530448436737,34.5000000000002));
#5173=CARTESIAN_POINT('Ctrl Pts',(92.1786191314459,32.2530448436737,34.7000000000002));
#5174=CARTESIAN_POINT('',(92.1549382060766,31.5764546394348,34.7000000000002));
#5175=CARTESIAN_POINT('',(92.1549382060766,31.5764546394348,34.5000000000002));
#5176=CARTESIAN_POINT('Ctrl Pts',(92.1549382060766,31.5764546394348,34.7000000000002));
#5177=CARTESIAN_POINT('Ctrl Pts',(92.1617762598728,31.7083594586688,34.7000000000002));
#5178=CARTESIAN_POINT('Ctrl Pts',(92.1734614420213,31.9337645059156,34.7000000000002));
#5179=CARTESIAN_POINT('Ctrl Pts',(92.1771069421702,32.1594346506279,34.7000000000002));
#5180=CARTESIAN_POINT('Ctrl Pts',(92.1786191314459,32.2530448436737,34.7000000000002));
#5181=CARTESIAN_POINT('Ctrl Pts',(92.1312584728003,30.8998650312424,34.5000000000002));
#5182=CARTESIAN_POINT('Ctrl Pts',(92.1312584728003,30.8998650312424,34.7000000000002));
#5183=CARTESIAN_POINT('Ctrl Pts',(92.1327707186285,30.9934752217453,34.5000000000002));
#5184=CARTESIAN_POINT('Ctrl Pts',(92.1327707186285,30.9934752217453,34.7000000000002));
#5185=CARTESIAN_POINT('Ctrl Pts',(92.1364163516169,31.2191451440455,34.5000000000002));
#5186=CARTESIAN_POINT('Ctrl Pts',(92.1364163516169,31.2191451440455,34.7000000000002));
#5187=CARTESIAN_POINT('Ctrl Pts',(92.1481006652009,31.4445500137231,34.5000000000002));
#5188=CARTESIAN_POINT('Ctrl Pts',(92.1481006652009,31.4445500137231,34.7000000000002));
#5189=CARTESIAN_POINT('Ctrl Pts',(92.1549382060766,31.5764546394348,34.5000000000002));
#5190=CARTESIAN_POINT('Ctrl Pts',(92.1549382060766,31.5764546394348,34.7000000000002));
#5191=CARTESIAN_POINT('',(92.1312584728003,30.8998650312424,34.7000000000002));
#5192=CARTESIAN_POINT('',(92.1312584728003,30.8998650312424,34.5000000000002));
#5193=CARTESIAN_POINT('Ctrl Pts',(92.1312584728003,30.8998650312424,34.7000000000002));
#5194=CARTESIAN_POINT('Ctrl Pts',(92.1327707186285,30.9934752217453,34.7000000000002));
#5195=CARTESIAN_POINT('Ctrl Pts',(92.1364163516169,31.2191451440455,34.7000000000002));
#5196=CARTESIAN_POINT('Ctrl Pts',(92.1481006652009,31.4445500137231,34.7000000000002));
#5197=CARTESIAN_POINT('Ctrl Pts',(92.1549382060766,31.5764546394348,34.7000000000002));
#5198=CARTESIAN_POINT('Ctrl Pts',(92.1718540042639,30.4364007711411,34.5000000000002));
#5199=CARTESIAN_POINT('Ctrl Pts',(92.1718540042639,30.4364007711411,34.7000000000002));
#5200=CARTESIAN_POINT('Ctrl Pts',(92.1601267098466,30.5262005494,34.5000000000002));
#5201=CARTESIAN_POINT('Ctrl Pts',(92.1601267098466,30.5262005494,34.7000000000002));
#5202=CARTESIAN_POINT('Ctrl Pts',(92.1400223806864,30.6801460577496,34.5000000000002));
#5203=CARTESIAN_POINT('Ctrl Pts',(92.1400223806864,30.6801460577496,34.7000000000002));
#5204=CARTESIAN_POINT('Ctrl Pts',(92.133836142925,30.8352405462321,34.5000000000002));
#5205=CARTESIAN_POINT('Ctrl Pts',(92.133836142925,30.8352405462321,34.7000000000002));
#5206=CARTESIAN_POINT('Ctrl Pts',(92.1312584728003,30.8998650312424,34.5000000000002));
#5207=CARTESIAN_POINT('Ctrl Pts',(92.1312584728003,30.8998650312424,34.7000000000002));
#5208=CARTESIAN_POINT('',(92.1718540042639,30.4364007711411,34.7000000000002));
#5209=CARTESIAN_POINT('',(92.1718540042639,30.4364007711411,34.5000000000002));
#5210=CARTESIAN_POINT('Ctrl Pts',(92.1718540042639,30.4364007711411,34.7000000000002));
#5211=CARTESIAN_POINT('Ctrl Pts',(92.1601267098466,30.5262005494,34.7000000000002));
#5212=CARTESIAN_POINT('Ctrl Pts',(92.1400223806864,30.6801460577496,34.7000000000002));
#5213=CARTESIAN_POINT('Ctrl Pts',(92.133836142925,30.8352405462321,34.7000000000002));
#5214=CARTESIAN_POINT('Ctrl Pts',(92.1312584728003,30.8998650312424,34.7000000000002));
#5215=CARTESIAN_POINT('Ctrl Pts',(92.2124495357275,29.9729371070862,34.5000000000002));
#5216=CARTESIAN_POINT('Ctrl Pts',(92.2124495357275,29.9729371070862,34.7000000000002));
#5217=CARTESIAN_POINT('Ctrl Pts',(92.2098718595252,30.0375613929778,34.5000000000002));
#5218=CARTESIAN_POINT('Ctrl Pts',(92.2098718595252,30.0375613929778,34.7000000000002));
#5219=CARTESIAN_POINT('Ctrl Pts',(92.2036855961029,30.1926556812545,34.5000000000002));
#5220=CARTESIAN_POINT('Ctrl Pts',(92.2036855961029,30.1926556812545,34.7000000000002));
#5221=CARTESIAN_POINT('Ctrl Pts',(92.1835812964603,30.3466009928265,34.5000000000002));
#5222=CARTESIAN_POINT('Ctrl Pts',(92.1835812964603,30.3466009928265,34.7000000000002));
#5223=CARTESIAN_POINT('Ctrl Pts',(92.1718540042639,30.4364007711411,34.5000000000002));
#5224=CARTESIAN_POINT('Ctrl Pts',(92.1718540042639,30.4364007711411,34.7000000000002));
#5225=CARTESIAN_POINT('',(92.2124495357275,29.9729371070862,34.7000000000002));
#5226=CARTESIAN_POINT('',(92.2124495357275,29.9729371070862,34.5000000000002));
#5227=CARTESIAN_POINT('Ctrl Pts',(92.2124495357275,29.9729371070862,34.7000000000002));
#5228=CARTESIAN_POINT('Ctrl Pts',(92.2098718595252,30.0375613929778,34.7000000000002));
#5229=CARTESIAN_POINT('Ctrl Pts',(92.2036855961029,30.1926556812545,34.7000000000002));
#5230=CARTESIAN_POINT('Ctrl Pts',(92.1835812964603,30.3466009928265,34.7000000000002));
#5231=CARTESIAN_POINT('Ctrl Pts',(92.1718540042639,30.4364007711411,34.7000000000002));
#5232=CARTESIAN_POINT('Ctrl Pts',(91.7591335624456,29.4519627094269,34.5000000000002));
#5233=CARTESIAN_POINT('Ctrl Pts',(91.7591335624456,29.4519627094269,34.7000000000002));
#5234=CARTESIAN_POINT('Ctrl Pts',(91.8912407854975,29.4781058127489,34.5000000000002));
#5235=CARTESIAN_POINT('Ctrl Pts',(91.8912407854975,29.4781058127489,34.7000000000002));
#5236=CARTESIAN_POINT('Ctrl Pts',(92.17096835723,29.5334619593765,34.5000000000002));
#5237=CARTESIAN_POINT('Ctrl Pts',(92.17096835723,29.5334619593765,34.7000000000002));
#5238=CARTESIAN_POINT('Ctrl Pts',(92.1981205411519,29.8211276061094,34.5000000000002));
#5239=CARTESIAN_POINT('Ctrl Pts',(92.1981205411519,29.8211276061094,34.7000000000002));
#5240=CARTESIAN_POINT('Ctrl Pts',(92.2124495357275,29.9729371070862,34.5000000000002));
#5241=CARTESIAN_POINT('Ctrl Pts',(92.2124495357275,29.9729371070862,34.7000000000002));
#5242=CARTESIAN_POINT('',(91.7591335624456,29.4519627094269,34.7000000000002));
#5243=CARTESIAN_POINT('',(91.7591335624456,29.4519627094269,34.5000000000002));
#5244=CARTESIAN_POINT('Ctrl Pts',(91.7591335624456,29.4519627094269,34.7000000000002));
#5245=CARTESIAN_POINT('Ctrl Pts',(91.8912407854975,29.4781058127489,34.7000000000002));
#5246=CARTESIAN_POINT('Ctrl Pts',(92.17096835723,29.5334619593765,34.7000000000002));
#5247=CARTESIAN_POINT('Ctrl Pts',(92.1981205411519,29.8211276061094,34.7000000000002));
#5248=CARTESIAN_POINT('Ctrl Pts',(92.2124495357275,29.9729371070862,34.7000000000002));
#5249=CARTESIAN_POINT('Ctrl Pts',(90.6224622577429,30.054127573967,34.5000000000002));
#5250=CARTESIAN_POINT('Ctrl Pts',(90.6224622577429,30.054127573967,34.7000000000002));
#5251=CARTESIAN_POINT('Ctrl Pts',(90.8043429189691,29.8793663047738,34.5000000000002));
#5252=CARTESIAN_POINT('Ctrl Pts',(90.8043429189691,29.8793663047738,34.7000000000002));
#5253=CARTESIAN_POINT('Ctrl Pts',(91.128174696642,29.5682103408045,34.5000000000002));
#5254=CARTESIAN_POINT('Ctrl Pts',(91.128174696642,29.5682103408045,34.7000000000002));
#5255=CARTESIAN_POINT('Ctrl Pts',(91.5668437283544,29.4873901183478,34.5000000000002));
#5256=CARTESIAN_POINT('Ctrl Pts',(91.5668437283544,29.4873901183478,34.7000000000002));
#5257=CARTESIAN_POINT('Ctrl Pts',(91.7591335624456,29.4519627094269,34.5000000000002));
#5258=CARTESIAN_POINT('Ctrl Pts',(91.7591335624456,29.4519627094269,34.7000000000002));
#5259=CARTESIAN_POINT('',(90.6224622577429,30.054127573967,34.7000000000002));
#5260=CARTESIAN_POINT('',(90.6224622577429,30.054127573967,34.5000000000002));
#5261=CARTESIAN_POINT('Ctrl Pts',(90.6224622577429,30.054127573967,34.7000000000002));
#5262=CARTESIAN_POINT('Ctrl Pts',(90.8043429189691,29.8793663047738,34.7000000000002));
#5263=CARTESIAN_POINT('Ctrl Pts',(91.128174696642,29.5682103408045,34.7000000000002));
#5264=CARTESIAN_POINT('Ctrl Pts',(91.5668437283544,29.4873901183478,34.7000000000002));
#5265=CARTESIAN_POINT('Ctrl Pts',(91.7591335624456,29.4519627094269,34.7000000000002));
#5266=CARTESIAN_POINT('Ctrl Pts',(89.5872797816992,30.8795672655106,34.5000000000002));
#5267=CARTESIAN_POINT('Ctrl Pts',(89.5872797816992,30.8795672655106,34.7000000000002));
#5268=CARTESIAN_POINT('Ctrl Pts',(89.735434246526,30.7691879513176,34.5000000000002));
#5269=CARTESIAN_POINT('Ctrl Pts',(89.735434246526,30.7691879513176,34.7000000000002));
#5270=CARTESIAN_POINT('Ctrl Pts',(90.0894928193226,30.5054041868854,34.5000000000002));
#5271=CARTESIAN_POINT('Ctrl Pts',(90.0894928193226,30.5054041868854,34.7000000000002));
#5272=CARTESIAN_POINT('Ctrl Pts',(90.4264838460336,30.2200666831652,34.5000000000002));
#5273=CARTESIAN_POINT('Ctrl Pts',(90.4264838460336,30.2200666831652,34.7000000000002));
#5274=CARTESIAN_POINT('Ctrl Pts',(90.6224622577429,30.054127573967,34.5000000000002));
#5275=CARTESIAN_POINT('Ctrl Pts',(90.6224622577429,30.054127573967,34.7000000000002));
#5276=CARTESIAN_POINT('',(89.5872797816992,30.8795672655106,34.7000000000002));
#5277=CARTESIAN_POINT('',(89.5872797816992,30.8795672655106,34.5000000000002));
#5278=CARTESIAN_POINT('Ctrl Pts',(89.5872797816992,30.8795672655106,34.7000000000002));
#5279=CARTESIAN_POINT('Ctrl Pts',(89.735434246526,30.7691879513176,34.7000000000002));
#5280=CARTESIAN_POINT('Ctrl Pts',(90.0894928193226,30.5054041868854,34.7000000000002));
#5281=CARTESIAN_POINT('Ctrl Pts',(90.4264838460336,30.2200666831652,34.7000000000002));
#5282=CARTESIAN_POINT('Ctrl Pts',(90.6224622577429,30.054127573967,34.7000000000002));
#5283=CARTESIAN_POINT('Ctrl Pts',(89.0054126828909,31.6508799791336,34.5000000000002));
#5284=CARTESIAN_POINT('Ctrl Pts',(89.0054126828909,31.6508799791336,34.7000000000002));
#5285=CARTESIAN_POINT('Ctrl Pts',(89.0456001083486,31.5279420217905,34.5000000000002));
#5286=CARTESIAN_POINT('Ctrl Pts',(89.0456001083486,31.5279420217905,34.7000000000002));
#5287=CARTESIAN_POINT('Ctrl Pts',(89.1496841892152,31.2095368453469,34.5000000000002));
#5288=CARTESIAN_POINT('Ctrl Pts',(89.1496841892152,31.2095368453469,34.7000000000002));
#5289=CARTESIAN_POINT('Ctrl Pts',(89.420826797855,31.0050813750787,34.5000000000002));
#5290=CARTESIAN_POINT('Ctrl Pts',(89.420826797855,31.0050813750787,34.7000000000002));
#5291=CARTESIAN_POINT('Ctrl Pts',(89.5872797816992,30.8795672655106,34.5000000000002));
#5292=CARTESIAN_POINT('Ctrl Pts',(89.5872797816992,30.8795672655106,34.7000000000002));
#5293=CARTESIAN_POINT('',(89.0054126828909,31.6508799791336,34.7000000000002));
#5294=CARTESIAN_POINT('',(89.0054126828909,31.6508799791336,34.5000000000002));
#5295=CARTESIAN_POINT('Ctrl Pts',(89.0054126828909,31.6508799791336,34.7000000000002));
#5296=CARTESIAN_POINT('Ctrl Pts',(89.0456001083486,31.5279420217905,34.7000000000002));
#5297=CARTESIAN_POINT('Ctrl Pts',(89.1496841892152,31.2095368453469,34.7000000000002));
#5298=CARTESIAN_POINT('Ctrl Pts',(89.420826797855,31.0050813750787,34.7000000000002));
#5299=CARTESIAN_POINT('Ctrl Pts',(89.5872797816992,30.8795672655106,34.7000000000002));
#5300=CARTESIAN_POINT('Ctrl Pts',(89.2050065845251,32.1177268028259,34.5000000000002));
#5301=CARTESIAN_POINT('Ctrl Pts',(89.2050065845251,32.1177268028259,34.7000000000002));
#5302=CARTESIAN_POINT('Ctrl Pts',(89.1467994411197,32.0485031240979,34.5000000000002));
#5303=CARTESIAN_POINT('Ctrl Pts',(89.1467994411197,32.0485031240979,34.7000000000002));
#5304=CARTESIAN_POINT('Ctrl Pts',(89.0328067430642,31.9129356757424,34.5000000000002));
#5305=CARTESIAN_POINT('Ctrl Pts',(89.0328067430642,31.9129356757424,34.7000000000002));
#5306=CARTESIAN_POINT('Ctrl Pts',(89.0144137935545,31.7369859564986,34.5000000000002));
#5307=CARTESIAN_POINT('Ctrl Pts',(89.0144137935545,31.7369859564986,34.7000000000002));
#5308=CARTESIAN_POINT('Ctrl Pts',(89.0054126828909,31.6508799791336,34.5000000000002));
#5309=CARTESIAN_POINT('Ctrl Pts',(89.0054126828909,31.6508799791336,34.7000000000002));
#5310=CARTESIAN_POINT('',(89.2050065845251,32.1177268028259,34.7000000000002));
#5311=CARTESIAN_POINT('',(89.2050065845251,32.1177268028259,34.5000000000002));
#5312=CARTESIAN_POINT('Ctrl Pts',(89.2050065845251,32.1177268028259,34.7000000000002));
#5313=CARTESIAN_POINT('Ctrl Pts',(89.1467994411197,32.0485031240979,34.7000000000002));
#5314=CARTESIAN_POINT('Ctrl Pts',(89.0328067430642,31.9129356757424,34.7000000000002));
#5315=CARTESIAN_POINT('Ctrl Pts',(89.0144137935545,31.7369859564986,34.7000000000002));
#5316=CARTESIAN_POINT('Ctrl Pts',(89.0054126828909,31.6508799791336,34.7000000000002));
#5317=CARTESIAN_POINT('Ctrl Pts',(89.6752371639013,32.3207038640976,34.5000000000002));
#5318=CARTESIAN_POINT('Ctrl Pts',(89.6752371639013,32.3207038640976,34.7000000000002));
#5319=CARTESIAN_POINT('Ctrl Pts',(89.5875260279905,32.3117751780751,34.5000000000002));
#5320=CARTESIAN_POINT('Ctrl Pts',(89.5875260279905,32.3117751780751,34.7000000000002));
#5321=CARTESIAN_POINT('Ctrl Pts',(89.4095716190999,32.2936600433569,34.5000000000002));
#5322=CARTESIAN_POINT('Ctrl Pts',(89.4095716190999,32.2936600433569,34.7000000000002));
#5323=CARTESIAN_POINT('Ctrl Pts',(89.2738387165872,32.1769248963394,34.5000000000002));
#5324=CARTESIAN_POINT('Ctrl Pts',(89.2738387165872,32.1769248963394,34.7000000000002));
#5325=CARTESIAN_POINT('Ctrl Pts',(89.2050065845251,32.1177268028259,34.5000000000002));
#5326=CARTESIAN_POINT('Ctrl Pts',(89.2050065845251,32.1177268028259,34.7000000000002));
#5327=CARTESIAN_POINT('',(89.6752371639013,32.3207038640976,34.7000000000002));
#5328=CARTESIAN_POINT('',(89.6752371639013,32.3207038640976,34.5000000000002));
#5329=CARTESIAN_POINT('Ctrl Pts',(89.6752371639013,32.3207038640976,34.7000000000002));
#5330=CARTESIAN_POINT('Ctrl Pts',(89.5875260279905,32.3117751780751,34.7000000000002));
#5331=CARTESIAN_POINT('Ctrl Pts',(89.4095716190999,32.2936600433569,34.7000000000002));
#5332=CARTESIAN_POINT('Ctrl Pts',(89.2738387165872,32.1769248963394,34.7000000000002));
#5333=CARTESIAN_POINT('Ctrl Pts',(89.2050065845251,32.1177268028259,34.7000000000002));
#5334=CARTESIAN_POINT('Ctrl Pts',(90.832205042243,31.6170501708984,34.5000000000002));
#5335=CARTESIAN_POINT('Ctrl Pts',(90.832205042243,31.6170501708984,34.7000000000002));
#5336=CARTESIAN_POINT('Ctrl Pts',(90.5953950299445,31.8121240967785,34.5000000000002));
#5337=CARTESIAN_POINT('Ctrl Pts',(90.5953950299445,31.8121240967785,34.7000000000002));
#5338=CARTESIAN_POINT('Ctrl Pts',(90.2415557398416,32.1036017196249,34.5000000000002));
#5339=CARTESIAN_POINT('Ctrl Pts',(90.2415557398416,32.1036017196249,34.7000000000002));
#5340=CARTESIAN_POINT('Ctrl Pts',(89.815989506416,32.2667454797222,34.5000000000002));
#5341=CARTESIAN_POINT('Ctrl Pts',(89.815989506416,32.2667454797222,34.7000000000002));
#5342=CARTESIAN_POINT('Ctrl Pts',(89.6752371639013,32.3207038640976,34.5000000000002));
#5343=CARTESIAN_POINT('Ctrl Pts',(89.6752371639013,32.3207038640976,34.7000000000002));
#5344=CARTESIAN_POINT('',(90.832205042243,31.6170501708984,34.7000000000002));
#5345=CARTESIAN_POINT('',(90.832205042243,31.6170501708984,34.5000000000002));
#5346=CARTESIAN_POINT('Ctrl Pts',(90.832205042243,31.6170501708984,34.7000000000002));
#5347=CARTESIAN_POINT('Ctrl Pts',(90.5953950299445,31.8121240967785,34.7000000000002));
#5348=CARTESIAN_POINT('Ctrl Pts',(90.2415557398416,32.1036017196249,34.7000000000002));
#5349=CARTESIAN_POINT('Ctrl Pts',(89.815989506416,32.2667454797222,34.7000000000002));
#5350=CARTESIAN_POINT('Ctrl Pts',(89.6752371639013,32.3207038640976,34.7000000000002));
#5351=CARTESIAN_POINT('Ctrl Pts',(90.6901218742132,34.2354536056519,34.5000000000002));
#5352=CARTESIAN_POINT('Ctrl Pts',(90.6901218742132,34.2354536056519,34.7000000000002));
#5353=CARTESIAN_POINT('Ctrl Pts',(90.7331083920747,33.7300246074169,34.5000000000002));
#5354=CARTESIAN_POINT('Ctrl Pts',(90.7331083920747,33.7300246074169,34.7000000000002));
#5355=CARTESIAN_POINT('Ctrl Pts',(90.8072241562158,32.8585826231202,34.5000000000002));
#5356=CARTESIAN_POINT('Ctrl Pts',(90.8072241562158,32.8585826231202,34.7000000000002));
#5357=CARTESIAN_POINT('Ctrl Pts',(90.824816224946,31.9842691897841,34.5000000000002));
#5358=CARTESIAN_POINT('Ctrl Pts',(90.824816224946,31.9842691897841,34.7000000000002));
#5359=CARTESIAN_POINT('Ctrl Pts',(90.832205042243,31.6170501708984,34.5000000000002));
#5360=CARTESIAN_POINT('Ctrl Pts',(90.832205042243,31.6170501708984,34.7000000000002));
#5361=CARTESIAN_POINT('',(90.6901218742132,34.2354536056519,34.7000000000002));
#5362=CARTESIAN_POINT('',(90.6901218742132,34.2354536056519,34.5000000000002));
#5363=CARTESIAN_POINT('Ctrl Pts',(90.6901218742132,34.2354536056519,34.7000000000002));
#5364=CARTESIAN_POINT('Ctrl Pts',(90.7331083920747,33.7300246074169,34.7000000000002));
#5365=CARTESIAN_POINT('Ctrl Pts',(90.8072241562158,32.8585826231202,34.7000000000002));
#5366=CARTESIAN_POINT('Ctrl Pts',(90.824816224946,31.9842691897841,34.7000000000002));
#5367=CARTESIAN_POINT('Ctrl Pts',(90.832205042243,31.6170501708984,34.7000000000002));
#5368=CARTESIAN_POINT('Ctrl Pts',(90.5345060676336,36.8470907211304,34.5000000000002));
#5369=CARTESIAN_POINT('Ctrl Pts',(90.5345060676336,36.8470907211304,34.7000000000002));
#5370=CARTESIAN_POINT('Ctrl Pts',(90.544470255269,36.4860740700869,34.5000000000002));
#5371=CARTESIAN_POINT('Ctrl Pts',(90.544470255269,36.4860740700869,34.7000000000002));
#5372=CARTESIAN_POINT('Ctrl Pts',(90.5685406802934,35.6139684304228,34.5000000000002));
#5373=CARTESIAN_POINT('Ctrl Pts',(90.5685406802934,35.6139684304228,34.7000000000002));
#5374=CARTESIAN_POINT('Ctrl Pts',(90.6451977484502,34.7448134117006,34.5000000000002));
#5375=CARTESIAN_POINT('Ctrl Pts',(90.6451977484502,34.7448134117006,34.7000000000002));
#5376=CARTESIAN_POINT('Ctrl Pts',(90.6901218742132,34.2354536056519,34.5000000000002));
#5377=CARTESIAN_POINT('Ctrl Pts',(90.6901218742132,34.2354536056519,34.7000000000002));
#5378=CARTESIAN_POINT('',(90.5345060676336,36.8470907211304,34.7000000000002));
#5379=CARTESIAN_POINT('',(90.5345060676336,36.8470907211304,34.5000000000002));
#5380=CARTESIAN_POINT('Ctrl Pts',(90.5345060676336,36.8470907211304,34.7000000000002));
#5381=CARTESIAN_POINT('Ctrl Pts',(90.544470255269,36.4860740700869,34.7000000000002));
#5382=CARTESIAN_POINT('Ctrl Pts',(90.5685406802934,35.6139684304228,34.7000000000002));
#5383=CARTESIAN_POINT('Ctrl Pts',(90.6451977484502,34.7448134117006,34.7000000000002));
#5384=CARTESIAN_POINT('Ctrl Pts',(90.6901218742132,34.2354536056519,34.7000000000002));
#5385=CARTESIAN_POINT('Ctrl Pts',(90.5920162051916,37.8010821342468,34.5000000000002));
#5386=CARTESIAN_POINT('Ctrl Pts',(90.5920162051916,37.8010821342468,34.7000000000002));
#5387=CARTESIAN_POINT('Ctrl Pts',(90.5754047452656,37.6157106634426,34.5000000000002));
#5388=CARTESIAN_POINT('Ctrl Pts',(90.5754047452656,37.6157106634426,34.7000000000002));
#5389=CARTESIAN_POINT('Ctrl Pts',(90.546955710539,37.2982407099447,34.5000000000002));
#5390=CARTESIAN_POINT('Ctrl Pts',(90.546955710539,37.2982407099447,34.7000000000002));
#5391=CARTESIAN_POINT('Ctrl Pts',(90.5381641957527,36.9796539177251,34.5000000000002));
#5392=CARTESIAN_POINT('Ctrl Pts',(90.5381641957527,36.9796539177251,34.7000000000002));
#5393=CARTESIAN_POINT('Ctrl Pts',(90.5345060676336,36.8470907211304,34.5000000000002));
#5394=CARTESIAN_POINT('Ctrl Pts',(90.5345060676336,36.8470907211304,34.7000000000002));
#5395=CARTESIAN_POINT('',(90.5920162051916,37.8010821342468,34.7000000000002));
#5396=CARTESIAN_POINT('',(90.5920162051916,37.8010821342468,34.5000000000002));
#5397=CARTESIAN_POINT('Ctrl Pts',(90.5920162051916,37.8010821342468,34.7000000000002));
#5398=CARTESIAN_POINT('Ctrl Pts',(90.5754047452656,37.6157106634426,34.7000000000002));
#5399=CARTESIAN_POINT('Ctrl Pts',(90.546955710539,37.2982407099447,34.7000000000002));
#5400=CARTESIAN_POINT('Ctrl Pts',(90.5381641957527,36.9796539177251,34.7000000000002));
#5401=CARTESIAN_POINT('Ctrl Pts',(90.5345060676336,36.8470907211304,34.7000000000002));
#5402=CARTESIAN_POINT('Ctrl Pts',(90.6495263427496,38.7618398666382,34.5000000000002));
#5403=CARTESIAN_POINT('Ctrl Pts',(90.6495263427496,38.7618398666382,34.7000000000002));
#5404=CARTESIAN_POINT('Ctrl Pts',(90.6458954053324,38.6275839467901,34.5000000000002));
#5405=CARTESIAN_POINT('Ctrl Pts',(90.6458954053324,38.6275839467901,34.7000000000002));
#5406=CARTESIAN_POINT('Ctrl Pts',(90.6372181829098,38.3067388469643,34.5000000000002));
#5407=CARTESIAN_POINT('Ctrl Pts',(90.6372181829098,38.3067388469643,34.7000000000002));
#5408=CARTESIAN_POINT('Ctrl Pts',(90.6086374708244,37.9870176832064,34.5000000000002));
#5409=CARTESIAN_POINT('Ctrl Pts',(90.6086374708244,37.9870176832064,34.7000000000002));
#5410=CARTESIAN_POINT('Ctrl Pts',(90.5920162051916,37.8010821342468,34.5000000000002));
#5411=CARTESIAN_POINT('Ctrl Pts',(90.5920162051916,37.8010821342468,34.7000000000002));
#5412=CARTESIAN_POINT('',(90.6495263427496,38.7618398666382,34.7000000000002));
#5413=CARTESIAN_POINT('',(90.6495263427496,38.7618398666382,34.5000000000002));
#5414=CARTESIAN_POINT('Ctrl Pts',(90.6495263427496,38.7618398666382,34.7000000000002));
#5415=CARTESIAN_POINT('Ctrl Pts',(90.6458954053324,38.6275839467901,34.7000000000002));
#5416=CARTESIAN_POINT('Ctrl Pts',(90.6372181829098,38.3067388469643,34.7000000000002));
#5417=CARTESIAN_POINT('Ctrl Pts',(90.6086374708244,37.9870176832064,34.7000000000002));
#5418=CARTESIAN_POINT('Ctrl Pts',(90.5920162051916,37.8010821342468,34.7000000000002));
#5419=CARTESIAN_POINT('Origin',(90.3721239417791,38.7483084201813,34.5000000000002));
#5420=CARTESIAN_POINT('',(90.3721239417791,38.7483084201813,34.7000000000002));
#5421=CARTESIAN_POINT('',(90.3721239417791,38.7483084201813,34.5000000000002));
#5422=CARTESIAN_POINT('',(90.3721239417791,38.7483084201813,34.7000000000002));
#5423=CARTESIAN_POINT('Origin',(90.047360882163,38.7415421009064,34.5000000000002));
#5424=CARTESIAN_POINT('',(90.047360882163,38.7415421009064,34.7000000000002));
#5425=CARTESIAN_POINT('',(90.047360882163,38.7415421009064,34.5000000000002));
#5426=CARTESIAN_POINT('',(90.047360882163,38.7415421009064,34.7000000000002));
#5427=CARTESIAN_POINT('Ctrl Pts',(88.9851149171591,39.4248986244202,34.5000000000002));
#5428=CARTESIAN_POINT('Ctrl Pts',(88.9851149171591,39.4248986244202,34.7000000000002));
#5429=CARTESIAN_POINT('Ctrl Pts',(89.0529818016098,39.2270029471042,34.5000000000002));
#5430=CARTESIAN_POINT('Ctrl Pts',(89.0529818016098,39.2270029471042,34.7000000000002));
#5431=CARTESIAN_POINT('Ctrl Pts',(89.2166467132969,38.7497660912604,34.5000000000002));
#5432=CARTESIAN_POINT('Ctrl Pts',(89.2166467132969,38.7497660912604,34.7000000000002));
#5433=CARTESIAN_POINT('Ctrl Pts',(89.7406474112339,38.7445785347616,34.5000000000002));
#5434=CARTESIAN_POINT('Ctrl Pts',(89.7406474112339,38.7445785347616,34.7000000000002));
#5435=CARTESIAN_POINT('Ctrl Pts',(90.047360882163,38.7415421009064,34.5000000000002));
#5436=CARTESIAN_POINT('Ctrl Pts',(90.047360882163,38.7415421009064,34.7000000000002));
#5437=CARTESIAN_POINT('',(88.9851149171591,39.4248986244202,34.7000000000002));
#5438=CARTESIAN_POINT('',(88.9851149171591,39.4248986244202,34.5000000000002));
#5439=CARTESIAN_POINT('Ctrl Pts',(88.9851149171591,39.4248986244202,34.7000000000002));
#5440=CARTESIAN_POINT('Ctrl Pts',(89.0529818016098,39.2270029471042,34.7000000000002));
#5441=CARTESIAN_POINT('Ctrl Pts',(89.2166467132969,38.7497660912604,34.7000000000002));
#5442=CARTESIAN_POINT('Ctrl Pts',(89.7406474112339,38.7445785347616,34.7000000000002));
#5443=CARTESIAN_POINT('Ctrl Pts',(90.047360882163,38.7415421009064,34.7000000000002));
#5444=CARTESIAN_POINT('Ctrl Pts',(89.3301763385534,39.9391067028046,34.5000000000002));
#5445=CARTESIAN_POINT('Ctrl Pts',(89.3301763385534,39.9391067028046,34.7000000000002));
#5446=CARTESIAN_POINT('Ctrl Pts',(89.2295486001711,39.8857686664241,34.5000000000002));
#5447=CARTESIAN_POINT('Ctrl Pts',(89.2295486001711,39.8857686664241,34.7000000000002));
#5448=CARTESIAN_POINT('Ctrl Pts',(89.0234929580165,39.7765482515134,34.5000000000002));
#5449=CARTESIAN_POINT('Ctrl Pts',(89.0234929580165,39.7765482515134,34.7000000000002));
#5450=CARTESIAN_POINT('Ctrl Pts',(88.9981047410242,39.5439215504512,34.5000000000002));
#5451=CARTESIAN_POINT('Ctrl Pts',(88.9981047410242,39.5439215504512,34.7000000000002));
#5452=CARTESIAN_POINT('Ctrl Pts',(88.9851149171591,39.4248986244202,34.5000000000002));
#5453=CARTESIAN_POINT('Ctrl Pts',(88.9851149171591,39.4248986244202,34.7000000000002));
#5454=CARTESIAN_POINT('',(89.3301763385534,39.9391067028046,34.7000000000002));
#5455=CARTESIAN_POINT('',(89.3301763385534,39.9391067028046,34.5000000000002));
#5456=CARTESIAN_POINT('Ctrl Pts',(89.3301763385534,39.9391067028046,34.7000000000002));
#5457=CARTESIAN_POINT('Ctrl Pts',(89.2295486001711,39.8857686664241,34.7000000000002));
#5458=CARTESIAN_POINT('Ctrl Pts',(89.0234929580165,39.7765482515134,34.7000000000002));
#5459=CARTESIAN_POINT('Ctrl Pts',(88.9981047410242,39.5439215504512,34.7000000000002));
#5460=CARTESIAN_POINT('Ctrl Pts',(88.9851149171591,39.4248986244202,34.7000000000002));
#5461=CARTESIAN_POINT('Ctrl Pts',(89.9932339042425,40.,34.5000000000002));
#5462=CARTESIAN_POINT('Ctrl Pts',(89.9932339042425,40.,34.7000000000002));
#5463=CARTESIAN_POINT('Ctrl Pts',(89.8584635385315,40.0003939202626,34.5000000000002));
#5464=CARTESIAN_POINT('Ctrl Pts',(89.8584635385315,40.0003939202626,34.7000000000002));
#5465=CARTESIAN_POINT('Ctrl Pts',(89.6352220537554,40.0010464327334,34.5000000000002));
#5466=CARTESIAN_POINT('Ctrl Pts',(89.6352220537554,40.0010464327334,34.7000000000002));
#5467=CARTESIAN_POINT('Ctrl Pts',(89.4167552431514,39.956686605426,34.5000000000002));
#5468=CARTESIAN_POINT('Ctrl Pts',(89.4167552431514,39.956686605426,34.7000000000002));
#5469=CARTESIAN_POINT('Ctrl Pts',(89.3301763385534,39.9391067028046,34.5000000000002));
#5470=CARTESIAN_POINT('Ctrl Pts',(89.3301763385534,39.9391067028046,34.7000000000002));
#5471=CARTESIAN_POINT('',(89.9932339042425,40.,34.7000000000002));
#5472=CARTESIAN_POINT('',(89.9932339042425,40.,34.5000000000002));
#5473=CARTESIAN_POINT('Ctrl Pts',(89.9932339042425,40.,34.7000000000002));
#5474=CARTESIAN_POINT('Ctrl Pts',(89.8584635385315,40.0003939202626,34.7000000000002));
#5475=CARTESIAN_POINT('Ctrl Pts',(89.6352220537554,40.0010464327334,34.7000000000002));
#5476=CARTESIAN_POINT('Ctrl Pts',(89.4167552431514,39.956686605426,34.7000000000002));
#5477=CARTESIAN_POINT('Ctrl Pts',(89.3301763385534,39.9391067028046,34.7000000000002));
#5478=CARTESIAN_POINT('Origin',(91.3328816741705,40.0067663192749,34.5000000000002));
#5479=CARTESIAN_POINT('',(91.3328816741705,40.0067663192749,34.7000000000002));
#5480=CARTESIAN_POINT('',(91.3328816741705,40.0067663192749,34.5000000000002));
#5481=CARTESIAN_POINT('',(91.3328816741705,40.0067663192749,34.7000000000002));
#5482=CARTESIAN_POINT('Origin',(92.6792957633734,40.0067663192749,34.5000000000002));
#5483=CARTESIAN_POINT('',(92.6792957633734,40.0067663192749,34.7000000000002));
#5484=CARTESIAN_POINT('',(92.6792957633734,40.0067663192749,34.5000000000002));
#5485=CARTESIAN_POINT('',(92.6792957633734,40.0067663192749,34.7000000000002));
#5486=CARTESIAN_POINT('Ctrl Pts',(93.1495263427496,39.8240864276886,34.5000000000002));
#5487=CARTESIAN_POINT('Ctrl Pts',(93.1495263427496,39.8240864276886,34.7000000000002));
#5488=CARTESIAN_POINT('Ctrl Pts',(93.0823267117856,39.8773593050398,34.5000000000002));
#5489=CARTESIAN_POINT('Ctrl Pts',(93.0823267117856,39.8773593050398,34.7000000000002));
#5490=CARTESIAN_POINT('Ctrl Pts',(92.9446129797581,39.9865326241582,34.5000000000002));
#5491=CARTESIAN_POINT('Ctrl Pts',(92.9446129797581,39.9865326241582,34.7000000000002));
#5492=CARTESIAN_POINT('Ctrl Pts',(92.7691425659469,39.9999143975065,34.5000000000002));
#5493=CARTESIAN_POINT('Ctrl Pts',(92.7691425659469,39.9999143975065,34.7000000000002));
#5494=CARTESIAN_POINT('Ctrl Pts',(92.6792957633734,40.0067663192749,34.5000000000002));
#5495=CARTESIAN_POINT('Ctrl Pts',(92.6792957633734,40.0067663192749,34.7000000000002));
#5496=CARTESIAN_POINT('Ctrl Pts',(93.1495263427496,39.8240864276886,34.7000000000002));
#5497=CARTESIAN_POINT('Ctrl Pts',(93.0823267117856,39.8773593050398,34.7000000000002));
#5498=CARTESIAN_POINT('Ctrl Pts',(92.9446129797581,39.9865326241582,34.7000000000002));
#5499=CARTESIAN_POINT('Ctrl Pts',(92.7691425659469,39.9999143975065,34.7000000000002));
#5500=CARTESIAN_POINT('Ctrl Pts',(92.6792957633734,40.0067663192749,34.7000000000002));
#5501=CARTESIAN_POINT('Origin',(86.6677941009402,34.8443847894669,34.7000000000002));
#5502=CARTESIAN_POINT('Origin',(185.,63.1499999999999,37.5000000000002));
#5503=CARTESIAN_POINT('',(184.8,61.0499999999999,37.5000000000002));
#5504=CARTESIAN_POINT('',(184.8,6.84999999999986,37.5));
#5505=CARTESIAN_POINT('',(184.8,63.1499999999999,37.5000000000002));
#5506=CARTESIAN_POINT('',(160.178427124746,61.0499999999998,37.5000000000002));
#5507=CARTESIAN_POINT('',(197.410786437627,61.0499999999999,37.5000000000002));
#5508=CARTESIAN_POINT('',(157.632842712475,62.1044155877283,37.5000000000002));
#5509=CARTESIAN_POINT('Origin',(160.178427124746,64.6499999999999,37.5000000000002));
#5510=CARTESIAN_POINT('',(152.804415587729,66.9328427124744,37.5000000000002));
#5511=CARTESIAN_POINT('',(164.213235931288,55.5240223689148,37.5000000000002));
#5512=CARTESIAN_POINT('',(151.75,69.4784271247461,37.5000000000002));
#5513=CARTESIAN_POINT('Origin',(155.35,69.4784271247461,37.5000000000002));
#5514=CARTESIAN_POINT('',(151.75,116.05,37.5000000000004));
#5515=CARTESIAN_POINT('',(151.75,66.314213562373,37.5000000000002));
#5516=CARTESIAN_POINT('',(148.35,119.45,37.5000000000004));
#5517=CARTESIAN_POINT('Origin',(148.35,116.05,37.5000000000004));
#5518=CARTESIAN_POINT('',(117.199473569928,119.45,37.5000000000004));
#5519=CARTESIAN_POINT('',(168.475,119.45,37.5000000000004));
#5520=CARTESIAN_POINT('',(113.799473569928,116.05,37.5000000000004));
#5521=CARTESIAN_POINT('Origin',(117.199473569928,116.05,37.5000000000004));
#5522=CARTESIAN_POINT('',(113.799473569928,92.6499999999998,37.5000000000003));
#5523=CARTESIAN_POINT('',(113.799473569928,91.3999999999999,37.5000000000003));
#5524=CARTESIAN_POINT('',(109.999473569928,88.8499999999998,37.5000000000003));
#5525=CARTESIAN_POINT('Origin',(109.999473569928,92.6499999999998,37.5000000000003));
#5526=CARTESIAN_POINT('',(89.7047532389729,88.8499999999998,37.5000000000003));
#5527=CARTESIAN_POINT('',(149.299736784964,88.8499999999998,37.5000000000003));
#5528=CARTESIAN_POINT('',(85.9047532389729,92.6499999999998,37.5000000000003));
#5529=CARTESIAN_POINT('Origin',(89.7047532389729,92.6499999999998,37.5000000000003));
#5530=CARTESIAN_POINT('',(85.9047532389729,116.05,37.5000000000004));
#5531=CARTESIAN_POINT('',(85.9047532389729,76.0999999999998,37.5000000000003));
#5532=CARTESIAN_POINT('',(82.5047532389729,119.45,37.5000000000004));
#5533=CARTESIAN_POINT('Origin',(82.5047532389729,116.05,37.5000000000004));
#5534=CARTESIAN_POINT('',(58.1000000000002,119.45,37.5000000000004));
#5535=CARTESIAN_POINT('',(135.552376619487,119.45,37.5000000000004));
#5536=CARTESIAN_POINT('',(54.7000000000002,116.05,37.5000000000004));
#5537=CARTESIAN_POINT('Origin',(58.1000000000002,116.05,37.5000000000004));
#5538=CARTESIAN_POINT('',(54.7000000000002,10.2499999999999,37.5));
#5539=CARTESIAN_POINT('',(54.7000000000002,91.3999999999999,37.5000000000003));
#5540=CARTESIAN_POINT('',(58.1000000000002,6.84999999999986,37.5));
#5541=CARTESIAN_POINT('Origin',(58.1000000000002,10.2499999999999,37.5));
#5542=CARTESIAN_POINT('',(119.75,6.84999999999986,37.5));
#5543=CARTESIAN_POINT('Origin',(185.,63.1499999999999,34.5000000000002));
#5544=CARTESIAN_POINT('Origin',(184.9,63.1499999999999,34.6000000000002));
#5545=CARTESIAN_POINT('',(185.,60.9671572875252,34.7000000000002));
#5546=CARTESIAN_POINT('',(184.8,61.0499999999999,34.5000000000002));
#5547=CARTESIAN_POINT('',(185.,56.5328427124747,34.7000000000002));
#5548=CARTESIAN_POINT('',(185.,63.1499999999999,34.7000000000002));
#5549=CARTESIAN_POINT('',(185.,56.5328427124747,34.7000000000002));
#5550=CARTESIAN_POINT('Origin',(184.9,56.3500000000001,35.2500000000002));
#5551=CARTESIAN_POINT('',(185.,56.4500000000001,34.7828427124748));
#5552=CARTESIAN_POINT('',(185.,56.4500000000001,35.7000000000002));
#5553=CARTESIAN_POINT('',(185.,56.4500000000001,35.2500000000002));
#5554=CARTESIAN_POINT('',(184.8,56.2500000000001,35.5000000000002));
#5555=CARTESIAN_POINT('',(185.,56.4500000000001,35.7000000000002));
#5556=CARTESIAN_POINT('',(184.8,56.2500000000001,34.7000000000002));
#5557=CARTESIAN_POINT('',(184.8,56.2500000000001,35.2500000000002));
#5558=CARTESIAN_POINT('',(185.,56.4500000000001,34.7828427124748));
#5559=CARTESIAN_POINT('Origin',(184.9,61.9292893218812,35.5207106781189));
#5560=CARTESIAN_POINT('',(184.8,61.2499999999999,34.7000000000002));
#5561=CARTESIAN_POINT('',(184.8,61.9999999999998,35.4500000000002));
#5562=CARTESIAN_POINT('',(185.,61.0499999999998,34.7828427124748));
#5563=CARTESIAN_POINT('',(184.8,61.2499999999999,34.7000000000002));
#5564=CARTESIAN_POINT('',(185.,61.8585786437625,35.5914213562375));
#5565=CARTESIAN_POINT('Origin',(184.9,61.1499999999998,35.2500000000002));
#5566=CARTESIAN_POINT('',(184.8,61.2499999999998,37.3000000000002));
#5567=CARTESIAN_POINT('',(184.8,61.2499999999998,35.2500000000002));
#5568=CARTESIAN_POINT('',(185.,61.0499999999998,37.2171572875256));
#5569=CARTESIAN_POINT('',(184.8,61.2499999999998,37.3000000000002));
#5570=CARTESIAN_POINT('',(185.,61.0499999999998,35.2500000000002));
#5571=CARTESIAN_POINT('Origin',(184.9,53.1499999552966,35.2500000000002));
#5572=CARTESIAN_POINT('',(185.,53.0499999552966,35.7000000000002));
#5573=CARTESIAN_POINT('',(185.,53.0499999552966,34.7828427124748));
#5574=CARTESIAN_POINT('',(185.,53.0499999552966,35.2500000000002));
#5575=CARTESIAN_POINT('',(184.8,53.2499999552966,34.7000000000002));
#5576=CARTESIAN_POINT('',(185.,53.0499999552966,34.7828427124748));
#5577=CARTESIAN_POINT('',(184.8,53.2499999552966,35.5000000000002));
#5578=CARTESIAN_POINT('',(184.8,53.2499999552966,35.2500000000002));
#5579=CARTESIAN_POINT('',(184.8,53.2499999552966,35.5000000000002));
#5580=CARTESIAN_POINT('Origin',(184.9,55.9292892883537,37.5207106892947));
#5581=CARTESIAN_POINT('',(185.,52.967157242822,34.7000000000002));
#5582=CARTESIAN_POINT('',(185.,55.8585786102351,37.5914213674133));
#5583=CARTESIAN_POINT('',(185.,52.967157242822,34.7000000000002));
#5584=CARTESIAN_POINT('',(184.8,55.9999999664724,37.450000011176));
#5585=CARTESIAN_POINT('Origin',(184.9,63.1499999999999,34.6000000000002));
#5586=CARTESIAN_POINT('',(185.,14.9328427571782,34.7));
#5587=CARTESIAN_POINT('',(185.,63.1499999999999,34.7000000000002));
#5588=CARTESIAN_POINT('',(185.,14.9328427571782,34.7));
#5589=CARTESIAN_POINT('Origin',(184.9,20.5707106781184,51.0792893218814));
#5590=CARTESIAN_POINT('',(184.8,6.64999999999986,37.3));
#5591=CARTESIAN_POINT('',(184.8,20.4999999999998,51.15));
#5592=CARTESIAN_POINT('',(185.,6.84999999999986,37.2171572875254));
#5593=CARTESIAN_POINT('',(184.8,6.64999999999986,37.3));
#5594=CARTESIAN_POINT('',(185.,6.93284271247449,37.3));
#5595=CARTESIAN_POINT('',(185.,20.6414213562371,51.0085786437627));
#5596=CARTESIAN_POINT('',(185.,6.93284271247449,37.3));
#5597=CARTESIAN_POINT('Origin',(184.9,26.570710711647,22.9207106892946));
#5598=CARTESIAN_POINT('',(185.,14.8500000447036,34.7828427124746));
#5599=CARTESIAN_POINT('',(185.,26.6414213897656,22.9914213674133));
#5600=CARTESIAN_POINT('',(184.8,14.6500000447036,34.7));
#5601=CARTESIAN_POINT('',(185.,14.8500000447036,34.7828427124746));
#5602=CARTESIAN_POINT('',(184.8,26.5000000335283,22.850000011176));
#5603=CARTESIAN_POINT('Origin',(184.9,6.74999999999987,35.25));
#5604=CARTESIAN_POINT('',(184.8,6.64999999999987,34.7));
#5605=CARTESIAN_POINT('',(184.8,6.64999999999987,35.25));
#5606=CARTESIAN_POINT('',(185.,6.84999999999987,34.7828427124746));
#5607=CARTESIAN_POINT('',(184.8,6.64999999999987,34.7));
#5608=CARTESIAN_POINT('',(185.,6.84999999999987,35.25));
#5609=CARTESIAN_POINT('Origin',(184.9,14.7500000447036,35.2500000000002));
#5610=CARTESIAN_POINT('',(185.,14.8500000447036,35.7000000000002));
#5611=CARTESIAN_POINT('',(185.,14.8500000447036,35.2500000000002));
#5612=CARTESIAN_POINT('',(184.8,14.6500000447036,35.5000000000002));
#5613=CARTESIAN_POINT('',(185.,14.8500000447036,35.7000000000002));
#5614=CARTESIAN_POINT('',(184.8,14.6500000447036,35.2500000000002));
#5615=CARTESIAN_POINT('Origin',(184.9,20.5707106781188,20.9207106781187));
#5616=CARTESIAN_POINT('',(184.8,20.5000000000001,20.85));
#5617=CARTESIAN_POINT('',(185.,6.9328427124745,34.7));
#5618=CARTESIAN_POINT('',(184.8,6.84999999999987,34.5));
#5619=CARTESIAN_POINT('',(185.,20.6414213562374,20.9914213562373));
#5620=CARTESIAN_POINT('Origin',(184.9,11.5500000000001,35.2500000000002));
#5621=CARTESIAN_POINT('',(185.,11.4500000000001,35.7000000000002));
#5622=CARTESIAN_POINT('',(185.,11.4500000000001,34.7828427124746));
#5623=CARTESIAN_POINT('',(185.,11.4500000000001,35.2500000000002));
#5624=CARTESIAN_POINT('',(184.8,11.6500000000001,34.7));
#5625=CARTESIAN_POINT('',(185.,11.4500000000001,34.7828427124746));
#5626=CARTESIAN_POINT('',(184.8,11.6500000000001,35.5000000000002));
#5627=CARTESIAN_POINT('',(184.8,11.6500000000001,35.2500000000002));
#5628=CARTESIAN_POINT('',(184.8,11.6500000000001,35.5000000000002));
#5629=CARTESIAN_POINT('Origin',(184.9,24.7292893218815,47.9207106781186));
#5630=CARTESIAN_POINT('',(184.8,24.8000000000001,47.85));
#5631=CARTESIAN_POINT('',(185.,11.3671572875255,34.7));
#5632=CARTESIAN_POINT('',(185.,24.6585786437628,47.9914213562373));
#5633=CARTESIAN_POINT('',(185.,11.3671572875255,34.7));
#5634=CARTESIAN_POINT('Origin',(184.9,63.1499999999999,34.6000000000002));
#5635=CARTESIAN_POINT('',(185.,63.1499999999999,34.7000000000002));
#5636=CARTESIAN_POINT('Origin',(184.9,38.1500000111759,35.6000000000002));
#5637=CARTESIAN_POINT('',(185.,38.1500000111759,35.7000000000002));
#5638=CARTESIAN_POINT('',(184.8,38.1500000111759,35.5000000000002));
#5639=CARTESIAN_POINT('Origin',(184.9,63.1499999999999,37.4000000000002));
#5640=CARTESIAN_POINT('',(185.,60.9671572875252,37.3000000000002));
#5641=CARTESIAN_POINT('',(185.,63.1499999999999,37.3000000000002));
#5642=CARTESIAN_POINT('',(185.,60.9671572875252,37.3000000000002));
#5643=CARTESIAN_POINT('Origin',(184.9,61.9292893218812,36.4792893218815));
#5644=CARTESIAN_POINT('',(184.8,61.9999999999998,36.5500000000002));
#5645=CARTESIAN_POINT('',(185.,61.8585786437625,36.4085786437629));
#5646=CARTESIAN_POINT('Origin',(184.9,58.9499999888241,35.6000000000002));
#5647=CARTESIAN_POINT('',(185.,58.9499999888241,35.7000000000002));
#5648=CARTESIAN_POINT('',(184.8,58.9499999888241,35.5000000000002));
#5649=CARTESIAN_POINT('Origin',(184.9,57.7707106781187,33.3207106781189));
#5650=CARTESIAN_POINT('',(184.8,57.7,33.2500000000003));
#5651=CARTESIAN_POINT('',(185.,57.8414213562373,33.3914213562376));
#5652=CARTESIAN_POINT('Origin',(189.,56.3500000000001,34.6000000000002));
#5653=CARTESIAN_POINT('',(177.,56.2500000000001,34.7000000000002));
#5654=CARTESIAN_POINT('',(189.,56.2500000000001,34.7000000000002));
#5655=CARTESIAN_POINT('',(176.8,56.4500000000001,34.5000000000002));
#5656=CARTESIAN_POINT('Origin',(193.,56.2500000000001,34.5000000000002));
#5657=CARTESIAN_POINT('',(177.,56.2500000000001,35.5000000000002));
#5658=CARTESIAN_POINT('',(177.,56.2500000000001,35.5000000000002));
#5659=CARTESIAN_POINT('',(177.,56.2500000000001,34.5000000000002));
#5660=CARTESIAN_POINT('Origin',(185.,54.7499999776484,35.5000000000002));
#5661=CARTESIAN_POINT('',(177.,53.2499999552966,35.5000000000002));
#5662=CARTESIAN_POINT('',(185.,53.2499999552966,35.5000000000002));
#5663=CARTESIAN_POINT('',(177.,53.2499999552966,35.5000000000002));
#5664=CARTESIAN_POINT('Origin',(177.,53.2499999552966,34.5000000000002));
#5665=CARTESIAN_POINT('',(177.,53.2499999552966,34.7000000000002));
#5666=CARTESIAN_POINT('',(181.,53.2499999552966,34.7000000000002));
#5667=CARTESIAN_POINT('',(177.,53.2499999552966,34.5000000000002));
#5668=CARTESIAN_POINT('Origin',(181.,53.1499999552966,34.6000000000002));
#5669=CARTESIAN_POINT('',(177.,53.2499999552966,34.7000000000002));
#5670=CARTESIAN_POINT('Origin',(189.,14.7500000447036,34.6));
#5671=CARTESIAN_POINT('',(177.,14.6500000447036,34.7));
#5672=CARTESIAN_POINT('',(189.,14.6500000447036,34.7));
#5673=CARTESIAN_POINT('',(176.8,14.8500000447036,34.5));
#5674=CARTESIAN_POINT('Origin',(193.,14.6500000447036,34.5000000000002));
#5675=CARTESIAN_POINT('',(177.,14.6500000447036,35.5000000000002));
#5676=CARTESIAN_POINT('',(185.,14.6500000447036,35.5000000000002));
#5677=CARTESIAN_POINT('',(177.,14.6500000447036,34.5000000000002));
#5678=CARTESIAN_POINT('Origin',(185.,13.1500000223519,35.5000000000002));
#5679=CARTESIAN_POINT('',(177.,11.6500000000001,35.5000000000002));
#5680=CARTESIAN_POINT('',(193.,11.6500000000001,35.5000000000002));
#5681=CARTESIAN_POINT('',(177.,14.6500000447036,35.5000000000002));
#5682=CARTESIAN_POINT('Origin',(177.,11.6500000000001,34.5000000000002));
#5683=CARTESIAN_POINT('',(177.,11.6500000000001,34.7));
#5684=CARTESIAN_POINT('',(181.,11.6500000000001,34.7));
#5685=CARTESIAN_POINT('',(177.,11.6500000000001,34.5000000000002));
#5686=CARTESIAN_POINT('Origin',(185.,63.1499999999999,36.0000000000002));
#5687=CARTESIAN_POINT('Origin',(181.,11.5500000000001,34.6));
#5688=CARTESIAN_POINT('',(176.8,11.4500000000001,34.5));
#5689=CARTESIAN_POINT('Origin',(176.9,38.9000000223518,34.6000000000001));
#5690=CARTESIAN_POINT('',(177.,38.9000000223518,34.7000000000001));
#5691=CARTESIAN_POINT('Origin',(177.,14.6500000447036,34.5000000000002));
#5692=CARTESIAN_POINT('Origin',(176.9,59.7,34.6000000000002));
#5693=CARTESIAN_POINT('',(177.,59.7,34.7000000000002));
#5694=CARTESIAN_POINT('Origin',(177.,56.2500000000001,34.5000000000002));
#5695=CARTESIAN_POINT('Origin',(151.95,119.65,34.5000000000004));
#5696=CARTESIAN_POINT('',(117.199473569928,119.65,34.7000000000004));
#5697=CARTESIAN_POINT('',(148.35,119.65,34.7000000000004));
#5698=CARTESIAN_POINT('',(168.475,119.65,34.7000000000004));
#5699=CARTESIAN_POINT('',(117.199473569928,119.65,37.3000000000004));
#5700=CARTESIAN_POINT('',(117.199473569928,119.65,34.5000000000004));
#5701=CARTESIAN_POINT('',(148.35,119.65,37.3000000000004));
#5702=CARTESIAN_POINT('',(168.475,119.65,37.3000000000004));
#5703=CARTESIAN_POINT('',(148.35,119.65,34.5000000000004));
#5704=CARTESIAN_POINT('Origin',(117.199473569928,116.05,34.5000000000004));
#5705=CARTESIAN_POINT('',(113.599473569928,116.05,34.7000000000004));
#5706=CARTESIAN_POINT('Origin',(117.199473569928,116.05,34.7000000000004));
#5707=CARTESIAN_POINT('',(113.599473569928,116.05,37.3000000000004));
#5708=CARTESIAN_POINT('',(113.599473569928,116.05,34.5000000000004));
#5709=CARTESIAN_POINT('Origin',(117.199473569928,116.05,37.3000000000004));
#5710=CARTESIAN_POINT('Origin',(113.599473569928,119.65,34.5000000000004));
#5711=CARTESIAN_POINT('',(113.599473569928,92.6499999999998,34.7000000000003));
#5712=CARTESIAN_POINT('',(113.599473569928,91.3999999999999,34.7000000000003));
#5713=CARTESIAN_POINT('',(113.599473569928,92.6499999999998,37.3000000000003));
#5714=CARTESIAN_POINT('',(113.599473569928,92.6499999999998,34.5000000000003));
#5715=CARTESIAN_POINT('',(113.599473569928,91.3999999999999,37.3000000000003));
#5716=CARTESIAN_POINT('Origin',(109.999473569928,92.6499999999998,34.5000000000003));
#5717=CARTESIAN_POINT('',(109.999473569928,89.0499999999999,34.7000000000003));
#5718=CARTESIAN_POINT('Origin',(109.999473569928,92.6499999999998,34.7000000000003));
#5719=CARTESIAN_POINT('',(109.999473569928,89.0499999999998,37.3000000000003));
#5720=CARTESIAN_POINT('',(109.999473569928,89.0499999999999,34.5000000000003));
#5721=CARTESIAN_POINT('Origin',(109.999473569928,92.6499999999998,37.3000000000003));
#5722=CARTESIAN_POINT('Origin',(113.599473569928,89.0499999999999,34.5000000000003));
#5723=CARTESIAN_POINT('',(89.7047532389729,89.0499999999999,34.7000000000003));
#5724=CARTESIAN_POINT('',(149.299736784964,89.0499999999999,34.7000000000003));
#5725=CARTESIAN_POINT('',(89.7047532389729,89.0499999999998,37.3000000000003));
#5726=CARTESIAN_POINT('',(89.7047532389729,89.0499999999999,34.5000000000003));
#5727=CARTESIAN_POINT('',(149.299736784964,89.0499999999998,37.3000000000003));
#5728=CARTESIAN_POINT('Origin',(89.7047532389729,92.6499999999998,34.5000000000003));
#5729=CARTESIAN_POINT('',(86.1047532389729,92.6499999999998,34.7000000000003));
#5730=CARTESIAN_POINT('Origin',(89.7047532389729,92.6499999999998,34.7000000000003));
#5731=CARTESIAN_POINT('',(86.1047532389729,92.6499999999998,37.3000000000003));
#5732=CARTESIAN_POINT('',(86.1047532389729,92.6499999999998,34.5000000000003));
#5733=CARTESIAN_POINT('Origin',(89.7047532389729,92.6499999999998,37.3000000000003));
#5734=CARTESIAN_POINT('Origin',(86.1047532389729,89.0499999999998,34.5000000000003));
#5735=CARTESIAN_POINT('',(86.1047532389729,116.05,34.7000000000004));
#5736=CARTESIAN_POINT('',(86.1047532389729,76.0999999999999,34.7000000000003));
#5737=CARTESIAN_POINT('',(86.1047532389729,116.05,37.3000000000004));
#5738=CARTESIAN_POINT('',(86.1047532389729,116.05,34.5000000000004));
#5739=CARTESIAN_POINT('',(86.1047532389729,76.0999999999998,37.3000000000003));
#5740=CARTESIAN_POINT('Origin',(82.5047532389729,116.05,34.5000000000004));
#5741=CARTESIAN_POINT('',(82.5047532389729,119.65,34.7000000000004));
#5742=CARTESIAN_POINT('Origin',(82.5047532389729,116.05,34.7000000000004));
#5743=CARTESIAN_POINT('',(82.5047532389729,119.65,37.3000000000004));
#5744=CARTESIAN_POINT('',(82.5047532389729,119.65,34.5000000000004));
#5745=CARTESIAN_POINT('Origin',(82.5047532389729,116.05,37.3000000000004));
#5746=CARTESIAN_POINT('Origin',(86.1047532389729,119.65,34.5000000000004));
#5747=CARTESIAN_POINT('',(58.1000000000002,119.65,34.7000000000004));
#5748=CARTESIAN_POINT('',(135.552376619487,119.65,34.7000000000004));
#5749=CARTESIAN_POINT('',(58.1000000000002,119.65,37.3000000000004));
#5750=CARTESIAN_POINT('',(58.1000000000002,119.65,34.5000000000004));
#5751=CARTESIAN_POINT('',(135.552376619487,119.65,37.3000000000004));
#5752=CARTESIAN_POINT('Origin',(58.1000000000002,116.05,34.5000000000004));
#5753=CARTESIAN_POINT('',(54.5000000000002,116.05,34.7000000000004));
#5754=CARTESIAN_POINT('Origin',(58.1000000000002,116.05,34.7000000000004));
#5755=CARTESIAN_POINT('',(54.5000000000002,116.05,37.3000000000004));
#5756=CARTESIAN_POINT('',(54.5000000000002,116.05,34.5000000000004));
#5757=CARTESIAN_POINT('Origin',(58.1000000000002,116.05,37.3000000000004));
#5758=CARTESIAN_POINT('Origin',(54.5000000000002,119.65,34.5000000000004));
#5759=CARTESIAN_POINT('',(54.5000000000002,10.2499999999999,34.7));
#5760=CARTESIAN_POINT('',(54.5000000000002,91.3999999999999,34.7000000000003));
#5761=CARTESIAN_POINT('',(54.5000000000002,10.2499999999999,37.3));
#5762=CARTESIAN_POINT('',(54.5000000000002,10.2499999999999,34.5));
#5763=CARTESIAN_POINT('',(54.5000000000002,91.3999999999999,37.3000000000003));
#5764=CARTESIAN_POINT('Origin',(58.1000000000002,10.2499999999999,34.5));
#5765=CARTESIAN_POINT('',(58.1000000000002,6.64999999999987,34.7));
#5766=CARTESIAN_POINT('Origin',(58.1000000000002,10.2499999999999,34.7));
#5767=CARTESIAN_POINT('',(58.1000000000002,6.64999999999986,37.3));
#5768=CARTESIAN_POINT('',(58.1000000000002,6.64999999999987,34.5));
#5769=CARTESIAN_POINT('Origin',(58.1000000000002,10.2499999999999,37.3));
#5770=CARTESIAN_POINT('Origin',(54.5000000000002,6.64999999999987,34.5));
#5771=CARTESIAN_POINT('',(119.75,6.64999999999986,37.3));
#5772=CARTESIAN_POINT('',(119.75,6.64999999999987,34.7));
#5773=CARTESIAN_POINT('Origin',(168.475,119.55,37.4000000000004));
#5774=CARTESIAN_POINT('',(117.199473569928,119.45,37.5000000000004));
#5775=CARTESIAN_POINT('',(148.35,119.65,37.3000000000004));
#5776=CARTESIAN_POINT('Origin',(117.199473569928,116.05,37.4000000000004));
#5777=CARTESIAN_POINT('',(113.799473569928,116.05,37.5000000000004));
#5778=CARTESIAN_POINT('Origin',(113.699473569928,91.3999999999999,37.4000000000003));
#5779=CARTESIAN_POINT('',(113.799473569928,92.6499999999998,37.5000000000003));
#5780=CARTESIAN_POINT('Origin',(109.999473569928,92.6499999999998,37.4000000000003));
#5781=CARTESIAN_POINT('',(109.999473569928,88.8499999999998,37.5000000000003));
#5782=CARTESIAN_POINT('Origin',(149.299736784964,88.9499999999998,37.4000000000003));
#5783=CARTESIAN_POINT('',(89.7047532389729,88.8499999999998,37.5000000000003));
#5784=CARTESIAN_POINT('Origin',(89.7047532389729,92.6499999999998,37.4000000000003));
#5785=CARTESIAN_POINT('',(85.9047532389729,92.6499999999998,37.5000000000003));
#5786=CARTESIAN_POINT('Origin',(86.0047532389729,76.0999999999998,37.4000000000003));
#5787=CARTESIAN_POINT('',(85.9047532389729,116.05,37.5000000000004));
#5788=CARTESIAN_POINT('Origin',(82.5047532389729,116.05,37.4000000000004));
#5789=CARTESIAN_POINT('',(82.5047532389729,119.45,37.5000000000004));
#5790=CARTESIAN_POINT('Origin',(135.552376619487,119.55,37.4000000000004));
#5791=CARTESIAN_POINT('',(58.1000000000002,119.45,37.5000000000004));
#5792=CARTESIAN_POINT('Origin',(58.1000000000002,116.05,37.4000000000004));
#5793=CARTESIAN_POINT('',(54.7000000000002,116.05,37.5000000000004));
#5794=CARTESIAN_POINT('Origin',(54.6000000000002,91.3999999999999,37.4000000000003));
#5795=CARTESIAN_POINT('',(54.7000000000002,10.2499999999999,37.5));
#5796=CARTESIAN_POINT('Origin',(58.1000000000002,10.2499999999999,37.4));
#5797=CARTESIAN_POINT('',(58.1000000000002,6.84999999999986,37.5));
#5798=CARTESIAN_POINT('Origin',(119.75,6.74999999999986,37.4));
#5799=CARTESIAN_POINT('Origin',(160.178427124746,64.6499999999999,37.4000000000002));
#5800=CARTESIAN_POINT('',(157.774264068712,62.2458369439656,37.3000000000002));
#5801=CARTESIAN_POINT('',(157.632842712475,62.1044155877283,37.5000000000002));
#5802=CARTESIAN_POINT('',(160.178427124746,61.2499999999998,37.3000000000002));
#5803=CARTESIAN_POINT('',(160.178427124746,61.0499999999998,37.5000000000002));
#5804=CARTESIAN_POINT('Origin',(160.178427124746,64.6499999999999,37.3000000000002));
#5805=CARTESIAN_POINT('Origin',(164.283946609407,55.5947330470335,37.4000000000002));
#5806=CARTESIAN_POINT('',(152.945836943966,67.0742640687118,37.3000000000002));
#5807=CARTESIAN_POINT('',(152.804415587729,66.9328427124744,37.5000000000002));
#5808=CARTESIAN_POINT('',(164.354657287525,55.6654437251521,37.3000000000002));
#5809=CARTESIAN_POINT('Origin',(155.35,69.4784271247461,37.4000000000002));
#5810=CARTESIAN_POINT('',(151.95,69.4784271247461,37.3000000000002));
#5811=CARTESIAN_POINT('',(151.75,69.4784271247461,37.5000000000002));
#5812=CARTESIAN_POINT('Origin',(155.35,69.4784271247461,37.3000000000002));
#5813=CARTESIAN_POINT('Origin',(151.85,66.314213562373,37.4000000000002));
#5814=CARTESIAN_POINT('',(151.95,116.05,37.3000000000004));
#5815=CARTESIAN_POINT('',(151.75,116.05,37.5000000000004));
#5816=CARTESIAN_POINT('',(151.95,66.314213562373,37.3000000000002));
#5817=CARTESIAN_POINT('Origin',(148.35,116.05,37.4000000000004));
#5818=CARTESIAN_POINT('Origin',(148.35,116.05,37.3000000000004));
#5819=CARTESIAN_POINT('Origin',(148.35,116.05,34.5000000000004));
#5820=CARTESIAN_POINT('',(151.95,116.05,34.7000000000004));
#5821=CARTESIAN_POINT('Origin',(148.35,116.05,34.7000000000004));
#5822=CARTESIAN_POINT('',(151.95,116.05,34.5000000000004));
#5823=CARTESIAN_POINT('Origin',(151.95,69.4784271247461,34.5000000000002));
#5824=CARTESIAN_POINT('',(151.95,69.4784271247461,34.7000000000002));
#5825=CARTESIAN_POINT('',(151.95,66.314213562373,34.7000000000002));
#5826=CARTESIAN_POINT('',(151.95,69.4784271247461,34.5000000000002));
#5827=CARTESIAN_POINT('Origin',(155.35,69.4784271247461,34.5000000000002));
#5828=CARTESIAN_POINT('',(152.945836943966,67.0742640687118,34.7000000000002));
#5829=CARTESIAN_POINT('Origin',(155.35,69.4784271247461,34.7000000000002));
#5830=CARTESIAN_POINT('',(152.945836943966,67.0742640687118,34.5000000000002));
#5831=CARTESIAN_POINT('Origin',(157.774264068712,62.2458369439656,34.5000000000002));
#5832=CARTESIAN_POINT('',(157.774264068712,62.2458369439656,34.7000000000002));
#5833=CARTESIAN_POINT('',(164.354657287525,55.6654437251521,34.7000000000002));
#5834=CARTESIAN_POINT('',(157.774264068712,62.2458369439656,34.5000000000002));
#5835=CARTESIAN_POINT('Origin',(160.178427124746,64.6499999999999,34.5000000000002));
#5836=CARTESIAN_POINT('',(160.178427124746,61.2499999999998,34.7000000000002));
#5837=CARTESIAN_POINT('Origin',(160.178427124746,64.6499999999999,34.7000000000002));
#5838=CARTESIAN_POINT('',(160.178427124746,61.2499999999998,34.5000000000002));
#5839=CARTESIAN_POINT('Origin',(151.85,66.314213562373,34.6000000000002));
#5840=CARTESIAN_POINT('',(151.75,69.4784271247461,34.5000000000002));
#5841=CARTESIAN_POINT('',(151.95,116.05,34.7000000000004));
#5842=CARTESIAN_POINT('Origin',(155.35,69.4784271247461,34.6000000000002));
#5843=CARTESIAN_POINT('',(152.804415587729,66.9328427124745,34.5000000000002));
#5844=CARTESIAN_POINT('Origin',(164.283946609407,55.5947330470335,34.6000000000002));
#5845=CARTESIAN_POINT('',(157.632842712475,62.1044155877283,34.5000000000002));
#5846=CARTESIAN_POINT('Origin',(160.178427124746,64.6499999999999,34.6000000000002));
#5847=CARTESIAN_POINT('',(160.178427124746,61.0499999999998,34.5000000000002));
#5848=CARTESIAN_POINT('Origin',(119.75,6.74999999999987,34.6));
#5849=CARTESIAN_POINT('',(58.1000000000002,6.84999999999986,34.5));
#5850=CARTESIAN_POINT('Origin',(58.1000000000002,10.2499999999999,34.6));
#5851=CARTESIAN_POINT('',(54.7000000000002,10.2499999999999,34.5));
#5852=CARTESIAN_POINT('Origin',(54.6000000000002,91.3999999999999,34.6000000000003));
#5853=CARTESIAN_POINT('',(54.7000000000002,116.05,34.5000000000004));
#5854=CARTESIAN_POINT('Origin',(58.1000000000002,116.05,34.6000000000004));
#5855=CARTESIAN_POINT('',(58.1000000000002,119.45,34.5000000000004));
#5856=CARTESIAN_POINT('Origin',(135.552376619487,119.55,34.6000000000004));
#5857=CARTESIAN_POINT('',(82.5047532389729,119.45,34.5000000000004));
#5858=CARTESIAN_POINT('Origin',(82.5047532389729,116.05,34.6000000000004));
#5859=CARTESIAN_POINT('',(85.9047532389729,116.05,34.5000000000004));
#5860=CARTESIAN_POINT('Origin',(86.0047532389729,76.0999999999999,34.6000000000003));
#5861=CARTESIAN_POINT('',(85.9047532389729,92.6499999999998,34.5000000000003));
#5862=CARTESIAN_POINT('Origin',(89.7047532389729,92.6499999999998,34.6000000000003));
#5863=CARTESIAN_POINT('',(89.7047532389729,88.8499999999999,34.5000000000003));
#5864=CARTESIAN_POINT('Origin',(149.299736784964,88.9499999999998,34.6000000000003));
#5865=CARTESIAN_POINT('',(109.999473569928,88.8499999999999,34.5000000000003));
#5866=CARTESIAN_POINT('Origin',(109.999473569928,92.6499999999998,34.6000000000003));
#5867=CARTESIAN_POINT('',(113.799473569928,92.6499999999998,34.5000000000003));
#5868=CARTESIAN_POINT('Origin',(113.699473569928,91.3999999999999,34.6000000000003));
#5869=CARTESIAN_POINT('',(113.799473569928,116.05,34.5000000000004));
#5870=CARTESIAN_POINT('Origin',(117.199473569928,116.05,34.6000000000004));
#5871=CARTESIAN_POINT('',(117.199473569928,119.45,34.5000000000004));
#5872=CARTESIAN_POINT('Origin',(168.475,119.55,34.6000000000004));
#5873=CARTESIAN_POINT('',(148.35,119.45,34.5000000000004));
#5874=CARTESIAN_POINT('Origin',(148.35,116.05,34.6000000000004));
#5875=CARTESIAN_POINT('Origin',(197.410786437627,61.1499999999998,34.6000000000002));
#5876=CARTESIAN_POINT('',(197.410786437627,61.2499999999999,34.7000000000002));
#5877=CARTESIAN_POINT('Origin',(209.821572875254,61.2499999999999,34.5000000000002));
#5878=CARTESIAN_POINT('',(197.410786437627,61.2499999999998,37.3000000000002));
#5879=CARTESIAN_POINT('Origin',(197.410786437627,61.1499999999998,37.4000000000002));
#5880=UNCERTAINTY_MEASURE_WITH_UNIT(LENGTH_MEASURE(0.01),#5884,
'DISTANCE_ACCURACY_VALUE',
'Maximum model space distance between geometric entities at asserted c
onnectivities');
#5881=UNCERTAINTY_MEASURE_WITH_UNIT(LENGTH_MEASURE(0.01),#5884,
'DISTANCE_ACCURACY_VALUE',
'Maximum model space distance between geometric entities at asserted c
onnectivities');
#5882=(
GEOMETRIC_REPRESENTATION_CONTEXT(3)
GLOBAL_UNCERTAINTY_ASSIGNED_CONTEXT((#5880))
GLOBAL_UNIT_ASSIGNED_CONTEXT((#5884,#5886,#5887))
REPRESENTATION_CONTEXT('','3D')
);
#5883=(
GEOMETRIC_REPRESENTATION_CONTEXT(3)
GLOBAL_UNCERTAINTY_ASSIGNED_CONTEXT((#5881))
GLOBAL_UNIT_ASSIGNED_CONTEXT((#5884,#5886,#5887))
REPRESENTATION_CONTEXT('','3D')
);
#5884=(
LENGTH_UNIT()
NAMED_UNIT(*)
SI_UNIT(.MILLI.,.METRE.)
);
#5885=(
LENGTH_UNIT()
NAMED_UNIT(*)
SI_UNIT($,.METRE.)
);
#5886=(
NAMED_UNIT(*)
PLANE_ANGLE_UNIT()
SI_UNIT($,.RADIAN.)
);
#5887=(
NAMED_UNIT(*)
SI_UNIT($,.STERADIAN.)
SOLID_ANGLE_UNIT()
);
#5888=SHAPE_DEFINITION_REPRESENTATION(#5889,#5890);
#5889=PRODUCT_DEFINITION_SHAPE('',$,#5892);
#5890=SHAPE_REPRESENTATION('',(#3164),#5882);
#5891=PRODUCT_DEFINITION_CONTEXT('part definition',#5896,'design');
#5892=PRODUCT_DEFINITION('deck_panel_rear_left',
'deck_panel_rear_left v6',#5893,#5891);
#5893=PRODUCT_DEFINITION_FORMATION('',$,#5898);
#5894=PRODUCT_RELATED_PRODUCT_CATEGORY('deck_panel_rear_left v6',
'deck_panel_rear_left v6',(#5898));
#5895=APPLICATION_PROTOCOL_DEFINITION('international standard',
'automotive_design',2009,#5896);
#5896=APPLICATION_CONTEXT(
'Core Data for Automotive Mechanical Design Process');
#5897=PRODUCT_CONTEXT('part definition',#5896,'mechanical');
#5898=PRODUCT('deck_panel_rear_left','deck_panel_rear_left v6',$,(#5897));
#5899=PRESENTATION_STYLE_ASSIGNMENT((#5901));
#5900=PRESENTATION_STYLE_ASSIGNMENT((#5902));
#5901=SURFACE_STYLE_USAGE(.BOTH.,#5903);
#5902=SURFACE_STYLE_USAGE(.BOTH.,#5904);
#5903=SURFACE_SIDE_STYLE('',(#5905));
#5904=SURFACE_SIDE_STYLE('',(#5906));
#5905=SURFACE_STYLE_FILL_AREA(#5907);
#5906=SURFACE_STYLE_FILL_AREA(#5908);
#5907=FILL_AREA_STYLE('Steel - Satin',(#5909));
#5908=FILL_AREA_STYLE('Plastic - Matte (Black)',(#5910));
#5909=FILL_AREA_STYLE_COLOUR('Steel - Satin',#5911);
#5910=FILL_AREA_STYLE_COLOUR('Plastic - Matte (Black)',#5912);
#5911=COLOUR_RGB('Steel - Satin',0.627450980392157,0.627450980392157,0.627450980392157);
#5912=COLOUR_RGB('Plastic - Matte (Black)',0.156862745098039,0.156862745098039,
0.156862745098039);
ENDSEC;
END-ISO-10303-21;
