ISO-10303-21;
HEADER;
/* Generated by software containing ST-Developer
 * from STEP Tools, Inc. (www.steptools.com) 
 */

FILE_DESCRIPTION(
/* description */ (''),
/* implementation_level */ '2;1');

FILE_NAME(
/* name */ 'superpinda_bracket.step',
/* time_stamp */ '2026-04-16T22:03:43-04:00',
/* author */ (''),
/* organization */ (''),
/* preprocessor_version */ 'ST-DEVELOPER v20.1',
/* originating_system */ 'Autodesk Translation Framework v15.8.0.0',
/* authorisation */ '');

FILE_SCHEMA (('AUTOMOTIVE_DESIGN { 1 0 10303 214 3 1 1 }'));
ENDSEC;

DATA;
#10=MECHANICAL_DESIGN_GEOMETRIC_PRESENTATION_REPRESENTATION('',(#13,#14),
#5964);
#11=SHAPE_REPRESENTATION_RELATIONSHIP('SRR','None',#5971,#12);
#12=ADVANCED_BREP_SHAPE_REPRESENTATION('',(#15,#16),#5963);
#13=STYLED_ITEM('',(#5981),#15);
#14=STYLED_ITEM('',(#5982),#16);
#15=MANIFOLD_SOLID_BREP('Body1',#2380);
#16=MANIFOLD_SOLID_BREP('Body5',#2381);
#17=SPHERICAL_SURFACE('',#2493,1.);
#18=SPHERICAL_SURFACE('',#2495,1.);
#19=TOROIDAL_SURFACE('',#2458,3.,1.);
#20=TOROIDAL_SURFACE('',#2466,4.99999999999999,1.);
#21=TOROIDAL_SURFACE('',#2476,5.05,1.);
#22=TOROIDAL_SURFACE('',#2521,4.,1.);
#23=TOROIDAL_SURFACE('',#2526,4.,1.);
#24=CONICAL_SURFACE('',#2411,1.8,0.785398163397441);
#25=CONICAL_SURFACE('',#2432,1.8,0.785398163397448);
#26=CONICAL_SURFACE('',#2449,1.9,0.785398163397447);
#27=CONICAL_SURFACE('',#2454,1.9,0.785398163397449);
#28=CONICAL_SURFACE('',#2533,1.8,0.785398163397447);
#29=CONICAL_SURFACE('',#2539,3.2,0.785398163397448);
#30=ELLIPSE('',#2408,16.5506687844374,15.);
#31=ELLIPSE('',#2421,1.56041201741975,1.);
#32=ELLIPSE('',#2423,1.10337791896249,1.);
#33=ELLIPSE('',#2473,15.6500682813894,14.);
#34=ELLIPSE('',#2489,16.4278470344218,14.);
#35=ELLIPSE('',#2490,17.2879772728437,15.);
#36=ELLIPSE('',#2505,1.04839938418604,1.);
#37=ELLIPSE('',#2509,1.04839938418604,1.);
#38=CYLINDRICAL_SURFACE('',#2401,2.3);
#39=CYLINDRICAL_SURFACE('',#2416,1.7);
#40=CYLINDRICAL_SURFACE('',#2424,1.);
#41=CYLINDRICAL_SURFACE('',#2437,1.7);
#42=CYLINDRICAL_SURFACE('',#2456,3.);
#43=CYLINDRICAL_SURFACE('',#2463,1.);
#44=CYLINDRICAL_SURFACE('',#2470,1.);
#45=CYLINDRICAL_SURFACE('',#2480,1.);
#46=CYLINDRICAL_SURFACE('',#2482,1.);
#47=CYLINDRICAL_SURFACE('',#2485,1.);
#48=CYLINDRICAL_SURFACE('',#2491,1.);
#49=CYLINDRICAL_SURFACE('',#2497,0.5);
#50=CYLINDRICAL_SURFACE('',#2499,4.05);
#51=CYLINDRICAL_SURFACE('',#2501,0.5);
#52=CYLINDRICAL_SURFACE('',#2504,1.);
#53=CYLINDRICAL_SURFACE('',#2508,1.);
#54=CYLINDRICAL_SURFACE('',#2512,2.);
#55=CYLINDRICAL_SURFACE('',#2514,5.99999999999999);
#56=CYLINDRICAL_SURFACE('',#2517,5.);
#57=CYLINDRICAL_SURFACE('',#2524,1.);
#58=CYLINDRICAL_SURFACE('',#2531,5.);
#59=CYLINDRICAL_SURFACE('',#2544,3.);
#60=CYLINDRICAL_SURFACE('',#2549,14.);
#61=CYLINDRICAL_SURFACE('',#2555,1.7);
#62=CYLINDRICAL_SURFACE('',#2559,3.);
#63=CYLINDRICAL_SURFACE('',#2560,5.);
#64=CIRCLE('',#2398,2.);
#65=CIRCLE('',#2399,2.);
#66=CIRCLE('',#2400,1.);
#67=CIRCLE('',#2402,2.3);
#68=CIRCLE('',#2403,2.3);
#69=CIRCLE('',#2404,2.3);
#70=CIRCLE('',#2412,1.9);
#71=CIRCLE('',#2413,1.7);
#72=CIRCLE('',#2417,1.7);
#73=CIRCLE('',#2425,1.);
#74=CIRCLE('',#2427,4.);
#75=CIRCLE('',#2428,4.);
#76=CIRCLE('',#2429,2.1);
#77=CIRCLE('',#2430,2.1);
#78=CIRCLE('',#2433,1.7);
#79=CIRCLE('',#2434,1.9);
#80=CIRCLE('',#2438,1.7);
#81=CIRCLE('',#2440,0.4);
#82=CIRCLE('',#2441,0.400000000000005);
#83=CIRCLE('',#2442,0.4);
#84=CIRCLE('',#2443,0.4);
#85=CIRCLE('',#2444,2.);
#86=CIRCLE('',#2446,1.7);
#87=CIRCLE('',#2447,2.);
#88=CIRCLE('',#2450,1.7);
#89=CIRCLE('',#2457,3.);
#90=CIRCLE('',#2459,0.999999999999999);
#91=CIRCLE('',#2460,2.);
#92=CIRCLE('',#2461,1.);
#93=CIRCLE('',#2462,3.);
#94=CIRCLE('',#2464,1.);
#95=CIRCLE('',#2465,0.999999999999996);
#96=CIRCLE('',#2467,5.02499999999996);
#97=CIRCLE('',#2468,5.99999999999999);
#98=CIRCLE('',#2469,0.5);
#99=CIRCLE('',#2471,1.);
#100=CIRCLE('',#2472,1.);
#101=CIRCLE('',#2474,1.);
#102=CIRCLE('',#2475,0.500000000000001);
#103=CIRCLE('',#2477,5.05);
#104=CIRCLE('',#2478,4.05);
#105=CIRCLE('',#2479,5.05);
#106=CIRCLE('',#2481,1.);
#107=CIRCLE('',#2483,1.);
#108=CIRCLE('',#2484,1.);
#109=CIRCLE('',#2486,1.);
#110=CIRCLE('',#2487,0.999999999999999);
#111=CIRCLE('',#2488,0.999999999999999);
#112=CIRCLE('',#2492,1.);
#113=CIRCLE('',#2494,0.999999999999999);
#114=CIRCLE('',#2496,1.);
#115=CIRCLE('',#2498,0.5);
#116=CIRCLE('',#2500,4.05);
#117=CIRCLE('',#2502,0.5);
#118=CIRCLE('',#2506,1.);
#119=CIRCLE('',#2511,3.4);
#120=CIRCLE('',#2513,2.);
#121=CIRCLE('',#2515,6.);
#122=CIRCLE('',#2518,5.);
#123=CIRCLE('',#2522,1.);
#124=CIRCLE('',#2523,5.);
#125=CIRCLE('',#2525,1.);
#126=CIRCLE('',#2527,1.);
#127=CIRCLE('',#2528,5.);
#128=CIRCLE('',#2529,1.);
#129=CIRCLE('',#2530,1.);
#130=CIRCLE('',#2534,1.9);
#131=CIRCLE('',#2538,3.);
#132=CIRCLE('',#2540,3.);
#133=CIRCLE('',#2554,3.);
#134=FACE_BOUND('',#671,.T.);
#135=FACE_BOUND('',#686,.T.);
#136=FACE_BOUND('',#704,.T.);
#137=FACE_BOUND('',#705,.T.);
#138=FACE_BOUND('',#706,.T.);
#139=FACE_BOUND('',#707,.T.);
#140=FACE_BOUND('',#720,.T.);
#141=FACE_BOUND('',#758,.T.);
#142=FACE_BOUND('',#763,.T.);
#143=FACE_BOUND('',#767,.T.);
#144=FACE_BOUND('',#784,.T.);
#145=FACE_BOUND('',#799,.T.);
#146=FACE_BOUND('',#816,.T.);
#147=FACE_BOUND('',#821,.T.);
#148=LINE('',#3167,#314);
#149=LINE('',#3186,#315);
#150=LINE('',#3203,#316);
#151=LINE('',#3345,#317);
#152=LINE('',#3369,#318);
#153=LINE('',#3418,#319);
#154=LINE('',#3424,#320);
#155=LINE('',#3493,#321);
#156=LINE('',#3516,#322);
#157=LINE('',#3734,#323);
#158=LINE('',#3800,#324);
#159=LINE('',#3804,#325);
#160=LINE('',#3821,#326);
#161=LINE('',#3822,#327);
#162=LINE('',#4009,#328);
#163=LINE('',#4014,#329);
#164=LINE('',#4016,#330);
#165=LINE('',#4017,#331);
#166=LINE('',#4022,#332);
#167=LINE('',#4024,#333);
#168=LINE('',#4026,#334);
#169=LINE('',#4027,#335);
#170=LINE('',#4031,#336);
#171=LINE('',#4037,#337);
#172=LINE('',#4038,#338);
#173=LINE('',#4039,#339);
#174=LINE('',#4042,#340);
#175=LINE('',#4044,#341);
#176=LINE('',#4045,#342);
#177=LINE('',#4048,#343);
#178=LINE('',#4052,#344);
#179=LINE('',#4053,#345);
#180=LINE('',#4057,#346);
#181=LINE('',#4059,#347);
#182=LINE('',#4061,#348);
#183=LINE('',#4062,#349);
#184=LINE('',#4081,#350);
#185=LINE('',#4088,#351);
#186=LINE('',#4122,#352);
#187=LINE('',#4124,#353);
#188=LINE('',#4125,#354);
#189=LINE('',#4151,#355);
#190=LINE('',#4154,#356);
#191=LINE('',#4157,#357);
#192=LINE('',#4160,#358);
#193=LINE('',#4163,#359);
#194=LINE('',#4167,#360);
#195=LINE('',#4171,#361);
#196=LINE('',#4173,#362);
#197=LINE('',#4176,#363);
#198=LINE('',#4179,#364);
#199=LINE('',#4181,#365);
#200=LINE('',#4184,#366);
#201=LINE('',#4188,#367);
#202=LINE('',#4190,#368);
#203=LINE('',#4192,#369);
#204=LINE('',#4193,#370);
#205=LINE('',#4198,#371);
#206=LINE('',#4203,#372);
#207=LINE('',#4204,#373);
#208=LINE('',#4205,#374);
#209=LINE('',#4208,#375);
#210=LINE('',#4210,#376);
#211=LINE('',#4211,#377);
#212=LINE('',#4214,#378);
#213=LINE('',#4218,#379);
#214=LINE('',#4219,#380);
#215=LINE('',#4429,#381);
#216=LINE('',#4431,#382);
#217=LINE('',#4433,#383);
#218=LINE('',#4478,#384);
#219=LINE('',#4480,#385);
#220=LINE('',#4481,#386);
#221=LINE('',#4485,#387);
#222=LINE('',#4488,#388);
#223=LINE('',#4489,#389);
#224=LINE('',#4491,#390);
#225=LINE('',#4492,#391);
#226=LINE('',#4494,#392);
#227=LINE('',#4495,#393);
#228=LINE('',#4497,#394);
#229=LINE('',#4499,#395);
#230=LINE('',#4528,#396);
#231=LINE('',#4614,#397);
#232=LINE('',#4616,#398);
#233=LINE('',#4666,#399);
#234=LINE('',#4703,#400);
#235=LINE('',#4736,#401);
#236=LINE('',#4740,#402);
#237=LINE('',#4799,#403);
#238=LINE('',#5022,#404);
#239=LINE('',#5025,#405);
#240=LINE('',#5030,#406);
#241=LINE('',#5033,#407);
#242=LINE('',#5039,#408);
#243=LINE('',#5042,#409);
#244=LINE('',#5111,#410);
#245=LINE('',#5112,#411);
#246=LINE('',#5119,#412);
#247=LINE('',#5123,#413);
#248=LINE('',#5127,#414);
#249=LINE('',#5131,#415);
#250=LINE('',#5132,#416);
#251=LINE('',#5133,#417);
#252=LINE('',#5136,#418);
#253=LINE('',#5142,#419);
#254=LINE('',#5143,#420);
#255=LINE('',#5146,#421);
#256=LINE('',#5150,#422);
#257=LINE('',#5152,#423);
#258=LINE('',#5153,#424);
#259=LINE('',#5156,#425);
#260=LINE('',#5158,#426);
#261=LINE('',#5161,#427);
#262=LINE('',#5164,#428);
#263=LINE('',#5168,#429);
#264=LINE('',#5171,#430);
#265=LINE('',#5172,#431);
#266=LINE('',#5198,#432);
#267=LINE('',#5239,#433);
#268=LINE('',#5248,#434);
#269=LINE('',#5426,#435);
#270=LINE('',#5427,#436);
#271=LINE('',#5431,#437);
#272=LINE('',#5433,#438);
#273=LINE('',#5437,#439);
#274=LINE('',#5438,#440);
#275=LINE('',#5441,#441);
#276=LINE('',#5442,#442);
#277=LINE('',#5448,#443);
#278=LINE('',#5450,#444);
#279=LINE('',#5451,#445);
#280=LINE('',#5452,#446);
#281=LINE('',#5455,#447);
#282=LINE('',#5457,#448);
#283=LINE('',#5461,#449);
#284=LINE('',#5462,#450);
#285=LINE('',#5465,#451);
#286=LINE('',#5466,#452);
#287=LINE('',#5468,#453);
#288=LINE('',#5469,#454);
#289=LINE('',#5471,#455);
#290=LINE('',#5473,#456);
#291=LINE('',#5475,#457);
#292=LINE('',#5478,#458);
#293=LINE('',#5481,#459);
#294=LINE('',#5483,#460);
#295=LINE('',#5484,#461);
#296=LINE('',#5490,#462);
#297=LINE('',#5492,#463);
#298=LINE('',#5493,#464);
#299=LINE('',#5496,#465);
#300=LINE('',#5497,#466);
#301=LINE('',#5499,#467);
#302=LINE('',#5542,#468);
#303=LINE('',#5544,#469);
#304=LINE('',#5548,#470);
#305=LINE('',#5661,#471);
#306=LINE('',#5663,#472);
#307=LINE('',#5665,#473);
#308=LINE('',#5666,#474);
#309=LINE('',#5669,#475);
#310=LINE('',#5671,#476);
#311=LINE('',#5672,#477);
#312=LINE('',#5675,#478);
#313=LINE('',#5959,#479);
#314=VECTOR('',#2575,10.);
#315=VECTOR('',#2576,10.);
#316=VECTOR('',#2577,10.);
#317=VECTOR('',#2580,10.);
#318=VECTOR('',#2581,10.);
#319=VECTOR('',#2582,10.);
#320=VECTOR('',#2583,10.);
#321=VECTOR('',#2586,10.);
#322=VECTOR('',#2587,10.);
#323=VECTOR('',#2596,2.3);
#324=VECTOR('',#2599,10.);
#325=VECTOR('',#2602,10.);
#326=VECTOR('',#2607,10.);
#327=VECTOR('',#2608,10.);
#328=VECTOR('',#2611,10.);
#329=VECTOR('',#2616,10.);
#330=VECTOR('',#2617,10.);
#331=VECTOR('',#2618,10.);
#332=VECTOR('',#2623,10.);
#333=VECTOR('',#2624,10.);
#334=VECTOR('',#2625,10.);
#335=VECTOR('',#2626,10.);
#336=VECTOR('',#2629,10.);
#337=VECTOR('',#2636,10.);
#338=VECTOR('',#2637,10.);
#339=VECTOR('',#2638,10.);
#340=VECTOR('',#2641,10.);
#341=VECTOR('',#2642,10.);
#342=VECTOR('',#2643,10.);
#343=VECTOR('',#2646,10.);
#344=VECTOR('',#2651,10.);
#345=VECTOR('',#2652,10.);
#346=VECTOR('',#2655,10.);
#347=VECTOR('',#2656,10.);
#348=VECTOR('',#2657,10.);
#349=VECTOR('',#2658,10.);
#350=VECTOR('',#2659,10.);
#351=VECTOR('',#2660,10.);
#352=VECTOR('',#2665,10.);
#353=VECTOR('',#2666,10.);
#354=VECTOR('',#2667,10.);
#355=VECTOR('',#2670,10.);
#356=VECTOR('',#2673,10.);
#357=VECTOR('',#2676,10.);
#358=VECTOR('',#2679,10.);
#359=VECTOR('',#2682,10.);
#360=VECTOR('',#2685,10.);
#361=VECTOR('',#2688,10.);
#362=VECTOR('',#2689,10.);
#363=VECTOR('',#2692,10.);
#364=VECTOR('',#2693,10.);
#365=VECTOR('',#2694,10.);
#366=VECTOR('',#2697,10.);
#367=VECTOR('',#2700,10.);
#368=VECTOR('',#2701,10.);
#369=VECTOR('',#2702,10.);
#370=VECTOR('',#2703,10.);
#371=VECTOR('',#2708,10.);
#372=VECTOR('',#2713,10.);
#373=VECTOR('',#2714,10.);
#374=VECTOR('',#2715,10.);
#375=VECTOR('',#2718,10.);
#376=VECTOR('',#2719,10.);
#377=VECTOR('',#2720,10.);
#378=VECTOR('',#2723,10.);
#379=VECTOR('',#2728,10.);
#380=VECTOR('',#2729,10.);
#381=VECTOR('',#2742,10.);
#382=VECTOR('',#2743,10.);
#383=VECTOR('',#2744,10.);
#384=VECTOR('',#2751,10.);
#385=VECTOR('',#2752,10.);
#386=VECTOR('',#2753,10.);
#387=VECTOR('',#2758,10.);
#388=VECTOR('',#2761,10.);
#389=VECTOR('',#2762,10.);
#390=VECTOR('',#2765,10.);
#391=VECTOR('',#2766,10.);
#392=VECTOR('',#2769,10.);
#393=VECTOR('',#2770,10.);
#394=VECTOR('',#2773,10.);
#395=VECTOR('',#2776,10.);
#396=VECTOR('',#2777,10.);
#397=VECTOR('',#2778,10.);
#398=VECTOR('',#2779,10.);
#399=VECTOR('',#2780,10.);
#400=VECTOR('',#2785,10.);
#401=VECTOR('',#2798,10.);
#402=VECTOR('',#2801,10.);
#403=VECTOR('',#2816,10.);
#404=VECTOR('',#2835,10.);
#405=VECTOR('',#2838,10.);
#406=VECTOR('',#2843,10.);
#407=VECTOR('',#2846,10.);
#408=VECTOR('',#2851,10.);
#409=VECTOR('',#2854,10.);
#410=VECTOR('',#2865,10.);
#411=VECTOR('',#2866,10.);
#412=VECTOR('',#2877,10.);
#413=VECTOR('',#2882,10.);
#414=VECTOR('',#2887,10.);
#415=VECTOR('',#2892,10.);
#416=VECTOR('',#2893,10.);
#417=VECTOR('',#2894,10.);
#418=VECTOR('',#2897,10.);
#419=VECTOR('',#2904,10.);
#420=VECTOR('',#2905,10.);
#421=VECTOR('',#2908,10.);
#422=VECTOR('',#2913,10.);
#423=VECTOR('',#2914,10.);
#424=VECTOR('',#2915,10.);
#425=VECTOR('',#2916,10.);
#426=VECTOR('',#2917,10.);
#427=VECTOR('',#2920,10.);
#428=VECTOR('',#2923,10.);
#429=VECTOR('',#2928,10.);
#430=VECTOR('',#2933,10.);
#431=VECTOR('',#2934,10.);
#432=VECTOR('',#2941,10.);
#433=VECTOR('',#2942,10.);
#434=VECTOR('',#2955,10.);
#435=VECTOR('',#2968,10.);
#436=VECTOR('',#2969,10.);
#437=VECTOR('',#2974,10.);
#438=VECTOR('',#2975,10.);
#439=VECTOR('',#2980,10.);
#440=VECTOR('',#2981,10.);
#441=VECTOR('',#2984,10.);
#442=VECTOR('',#2985,10.);
#443=VECTOR('',#2990,10.);
#444=VECTOR('',#2991,10.);
#445=VECTOR('',#2992,10.);
#446=VECTOR('',#2993,10.);
#447=VECTOR('',#2996,10.);
#448=VECTOR('',#2997,10.);
#449=VECTOR('',#3002,10.);
#450=VECTOR('',#3003,10.);
#451=VECTOR('',#3006,10.);
#452=VECTOR('',#3007,10.);
#453=VECTOR('',#3010,10.);
#454=VECTOR('',#3011,10.);
#455=VECTOR('',#3014,10.);
#456=VECTOR('',#3017,10.);
#457=VECTOR('',#3020,10.);
#458=VECTOR('',#3025,10.);
#459=VECTOR('',#3030,10.);
#460=VECTOR('',#3033,10.);
#461=VECTOR('',#3034,10.);
#462=VECTOR('',#3041,10.);
#463=VECTOR('',#3042,10.);
#464=VECTOR('',#3043,10.);
#465=VECTOR('',#3048,10.);
#466=VECTOR('',#3049,10.);
#467=VECTOR('',#3052,10.);
#468=VECTOR('',#3057,10.);
#469=VECTOR('',#3060,10.);
#470=VECTOR('',#3067,10.);
#471=VECTOR('',#3074,10.);
#472=VECTOR('',#3075,10.);
#473=VECTOR('',#3076,10.);
#474=VECTOR('',#3077,10.);
#475=VECTOR('',#3080,10.);
#476=VECTOR('',#3081,10.);
#477=VECTOR('',#3082,10.);
#478=VECTOR('',#3085,10.);
#479=VECTOR('',#3088,10.);
#480=B_SPLINE_SURFACE_WITH_KNOTS('',3,1,((#3132,#3133),(#3134,#3135),(#3136,
#3137),(#3138,#3139),(#3140,#3141),(#3142,#3143),(#3144,#3145),(#3146,#3147),
(#3148,#3149),(#3150,#3151),(#3152,#3153),(#3154,#3155),(#3156,#3157),(#3158,
#3159),(#3160,#3161),(#3162,#3163),(#3164,#3165)),.UNSPECIFIED.,.F.,.F.,
 .F.,(4,1,1,1,1,1,1,1,1,1,1,1,1,1,4),(2,2),(0.,0.101934504827389,0.203869009654777,
0.254836262068471,0.305803514482166,0.331287140689013,0.35677076689586,
0.382254393102707,0.407738019309554,0.457354430669615,0.506970842029676,
0.53588483803424,0.564798834038804,0.593712830043368,0.622626826047932),
(-0.03,0.),.UNSPECIFIED.);
#481=B_SPLINE_SURFACE_WITH_KNOTS('',3,1,((#3187,#3188),(#3189,#3190),(#3191,
#3192),(#3193,#3194),(#3195,#3196)),.UNSPECIFIED.,.F.,.F.,.F.,(4,1,4),(2,
2),(0.,0.14316481121738,0.286329622434759),(-0.03,0.),.UNSPECIFIED.);
#482=B_SPLINE_SURFACE_WITH_KNOTS('',3,1,((#3204,#3205),(#3206,#3207),(#3208,
#3209),(#3210,#3211),(#3212,#3213),(#3214,#3215),(#3216,#3217),(#3218,#3219),
(#3220,#3221),(#3222,#3223),(#3224,#3225),(#3226,#3227),(#3228,#3229),(#3230,
#3231)),.UNSPECIFIED.,.F.,.F.,.F.,(4,1,1,1,1,1,1,1,1,1,1,4),(2,2),(0.,0.0611151014527875,
0.0904596788455787,0.105131967541974,0.11980425623837,0.180205379531546,
0.240606502824721,0.254432877321084,0.268259251817447,0.295912000810172,
0.323564749802897,0.351217498795622),(-0.03,0.),.UNSPECIFIED.);
#483=B_SPLINE_SURFACE_WITH_KNOTS('',3,1,((#3300,#3301),(#3302,#3303),(#3304,
#3305),(#3306,#3307),(#3308,#3309),(#3310,#3311),(#3312,#3313),(#3314,#3315),
(#3316,#3317),(#3318,#3319),(#3320,#3321),(#3322,#3323),(#3324,#3325),(#3326,
#3327),(#3328,#3329),(#3330,#3331),(#3332,#3333),(#3334,#3335),(#3336,#3337),
(#3338,#3339),(#3340,#3341),(#3342,#3343)),.UNSPECIFIED.,.F.,.F.,.F.,(4,
1,1,1,1,1,1,1,1,1,1,1,1,1,1,1,1,1,1,4),(2,2),(0.,0.0843910057411071,0.168782011482214,
0.262465830479377,0.356149649476539,0.429662266872169,0.503174884267798,
0.525683556155347,0.548192228042896,0.644796176502482,0.741400124962068,
0.82376263861948,0.864943895448186,0.906125152276892,0.93021862553254,0.954312098788187,
0.978405572043834,1.00249904529948,1.05068599181078,1.09887293832207),(-0.03,
0.),.UNSPECIFIED.);
#484=B_SPLINE_SURFACE_WITH_KNOTS('',3,1,((#3370,#3371),(#3372,#3373),(#3374,
#3375),(#3376,#3377),(#3378,#3379),(#3380,#3381),(#3382,#3383),(#3384,#3385),
(#3386,#3387),(#3388,#3389),(#3390,#3391),(#3392,#3393),(#3394,#3395)),
 .UNSPECIFIED.,.F.,.F.,.F.,(4,1,1,1,1,1,1,1,1,1,4),(2,2),(0.,0.11713345458136,
0.17570018187204,0.23426690916272,0.24948197635593,0.26469704354914,0.295127177935561,
0.325557312321981,0.355987446708402,0.416847715481243,0.477707984254084),
(-0.03,0.),.UNSPECIFIED.);
#485=B_SPLINE_SURFACE_WITH_KNOTS('',3,1,((#3409,#3410),(#3411,#3412),(#3413,
#3414),(#3415,#3416)),.UNSPECIFIED.,.F.,.F.,.F.,(4,4),(2,2),(0.,0.173814416760486),
(-0.03,0.),.UNSPECIFIED.);
#486=B_SPLINE_SURFACE_WITH_KNOTS('',3,1,((#3425,#3426),(#3427,#3428),(#3429,
#3430),(#3431,#3432),(#3433,#3434),(#3435,#3436),(#3437,#3438),(#3439,#3440),
(#3441,#3442),(#3443,#3444)),.UNSPECIFIED.,.F.,.F.,.F.,(4,1,1,1,1,1,1,4),
(2,2),(0.,0.107320367499203,0.160980551248805,0.214640734998406,0.231061119759515,
0.247481504520625,0.280322274042843,0.409864128460708),(-0.03,0.),
 .UNSPECIFIED.);
#487=B_SPLINE_SURFACE_WITH_KNOTS('',3,3,((#3456,#3457,#3458,#3459),(#3460,
#3461,#3462,#3463),(#3464,#3465,#3466,#3467),(#3468,#3469,#3470,#3471)),
 .UNSPECIFIED.,.F.,.F.,.F.,(4,4),(4,4),(0.,1.),(-2.9188528194714,-2.71977012739868),
 .UNSPECIFIED.);
#488=B_SPLINE_SURFACE_WITH_KNOTS('',3,3,((#3498,#3499,#3500,#3501),(#3502,
#3503,#3504,#3505),(#3506,#3507,#3508,#3509),(#3510,#3511,#3512,#3513)),
 .UNSPECIFIED.,.F.,.F.,.F.,(4,4),(4,4),(0.,1.),(-2.71977012739868,-2.55700107081381),
 .UNSPECIFIED.);
#489=B_SPLINE_SURFACE_WITH_KNOTS('',3,3,((#3525,#3526,#3527,#3528),(#3529,
#3530,#3531,#3532),(#3533,#3534,#3535,#3536),(#3537,#3538,#3539,#3540)),
 .UNSPECIFIED.,.F.,.F.,.F.,(4,4),(4,4),(0.,1.),(-2.55700107081381,-0.452368211944647),
 .UNSPECIFIED.);
#490=B_SPLINE_SURFACE_WITH_KNOTS('',3,3,((#3557,#3558,#3559,#3560,#3561,
#3562,#3563,#3564,#3565,#3566,#3567,#3568),(#3569,#3570,#3571,#3572,#3573,
#3574,#3575,#3576,#3577,#3578,#3579,#3580),(#3581,#3582,#3583,#3584,#3585,
#3586,#3587,#3588,#3589,#3590,#3591,#3592),(#3593,#3594,#3595,#3596,#3597,
#3598,#3599,#3600,#3601,#3602,#3603,#3604),(#3605,#3606,#3607,#3608,#3609,
#3610,#3611,#3612,#3613,#3614,#3615,#3616)),.UNSPECIFIED.,.F.,.F.,.F.,(4,
1,4),(4,1,1,1,1,1,1,1,1,4),(0.0509851679689333,0.525492583984467,1.),(0.156786367313718,
0.456766517481014,0.756746667648309,0.906736742731957,1.05672681781561,
1.20671689289925,1.3567069679829,1.6566871181502,1.95666726831749,2.25664741848479),
 .UNSPECIFIED.);
#491=B_SPLINE_SURFACE_WITH_KNOTS('',3,3,((#3653,#3654,#3655,#3656),(#3657,
#3658,#3659,#3660),(#3661,#3662,#3663,#3664),(#3665,#3666,#3667,#3668)),
 .UNSPECIFIED.,.F.,.F.,.F.,(4,4),(4,4),(0.0311753507229914,0.0738596760667195),
(9.53618633157,9.63742372590143),.UNSPECIFIED.);
#492=B_SPLINE_SURFACE_WITH_KNOTS('',3,3,((#3673,#3674,#3675,#3676),(#3677,
#3678,#3679,#3680),(#3681,#3682,#3683,#3684),(#3685,#3686,#3687,#3688),
(#3689,#3690,#3691,#3692)),.UNSPECIFIED.,.F.,.F.,.F.,(4,1,4),(4,4),(0.,
0.571428571428571,1.),(3.03707766519418E-17,0.381042447909064),
 .UNSPECIFIED.);
#493=B_SPLINE_SURFACE_WITH_KNOTS('',3,3,((#3823,#3824,#3825,#3826),(#3827,
#3828,#3829,#3830),(#3831,#3832,#3833,#3834),(#3835,#3836,#3837,#3838)),
 .UNSPECIFIED.,.F.,.F.,.F.,(4,4),(4,4),(0.0679774674324951,1.00000017432018),
(6.42780369397701,10.1870235657737),.UNSPECIFIED.);
#494=B_SPLINE_SURFACE_WITH_KNOTS('',3,3,((#4063,#4064,#4065,#4066),(#4067,
#4068,#4069,#4070),(#4071,#4072,#4073,#4074),(#4075,#4076,#4077,#4078)),
 .UNSPECIFIED.,.F.,.F.,.F.,(4,4),(4,4),(0.,1.),(-1.5707963267949,-1.07178549446765),
 .UNSPECIFIED.);
#495=B_SPLINE_SURFACE_WITH_KNOTS('',3,3,((#4093,#4094,#4095,#4096),(#4097,
#4098,#4099,#4100),(#4101,#4102,#4103,#4104),(#4105,#4106,#4107,#4108)),
 .UNSPECIFIED.,.F.,.F.,.F.,(4,4),(4,4),(0.,1.),(1.05046601021371,1.07178549447758),
 .UNSPECIFIED.);
#496=B_SPLINE_SURFACE_WITH_KNOTS('',3,3,((#4126,#4127,#4128,#4129),(#4130,
#4131,#4132,#4133),(#4134,#4135,#4136,#4137),(#4138,#4139,#4140,#4141)),
 .UNSPECIFIED.,.F.,.F.,.F.,(4,4),(4,4),(0.,1.),(-1.28174100707522,-1.26914632446633),
 .UNSPECIFIED.);
#497=B_SPLINE_SURFACE_WITH_KNOTS('',3,3,((#4220,#4221,#4222,#4223),(#4224,
#4225,#4226,#4227),(#4228,#4229,#4230,#4231),(#4232,#4233,#4234,#4235),
(#4236,#4237,#4238,#4239)),.UNSPECIFIED.,.F.,.F.,.F.,(4,1,4),(4,4),(0.,
0.571428571428571,1.),(0.,0.105983973917025),.UNSPECIFIED.);
#498=B_SPLINE_SURFACE_WITH_KNOTS('',3,3,((#4253,#4254,#4255,#4256),(#4257,
#4258,#4259,#4260),(#4261,#4262,#4263,#4264),(#4265,#4266,#4267,#4268),
(#4269,#4270,#4271,#4272)),.UNSPECIFIED.,.F.,.F.,.F.,(4,1,4),(4,4),(0.,
0.571428571428571,1.),(0.,0.111175340458112),.UNSPECIFIED.);
#499=B_SPLINE_SURFACE_WITH_KNOTS('',3,3,((#4284,#4285,#4286,#4287),(#4288,
#4289,#4290,#4291),(#4292,#4293,#4294,#4295),(#4296,#4297,#4298,#4299),
(#4300,#4301,#4302,#4303)),.UNSPECIFIED.,.F.,.F.,.F.,(4,1,4),(4,4),(0.,
0.571428571428571,1.),(0.,0.179041297820416),.UNSPECIFIED.);
#500=B_SPLINE_SURFACE_WITH_KNOTS('',3,3,((#4314,#4315,#4316,#4317,#4318,
#4319,#4320,#4321,#4322,#4323,#4324,#4325,#4326,#4327,#4328),(#4329,#4330,
#4331,#4332,#4333,#4334,#4335,#4336,#4337,#4338,#4339,#4340,#4341,#4342,
#4343),(#4344,#4345,#4346,#4347,#4348,#4349,#4350,#4351,#4352,#4353,#4354,
#4355,#4356,#4357,#4358),(#4359,#4360,#4361,#4362,#4363,#4364,#4365,#4366,
#4367,#4368,#4369,#4370,#4371,#4372,#4373),(#4374,#4375,#4376,#4377,#4378,
#4379,#4380,#4381,#4382,#4383,#4384,#4385,#4386,#4387,#4388)),
 .UNSPECIFIED.,.F.,.F.,.F.,(4,1,4),(4,1,1,1,1,1,1,1,1,1,1,1,4),(0.,0.571428571428571,
1.),(7.1058942246758E-16,0.0981584027306098,0.196316805461219,0.294475208191828,
0.392633610922437,0.490792013653046,0.588950416383655,0.785267221844874,
0.981584027306092,1.0306632286714,1.17790083276731,1.27605923549792,1.37421763822853),
 .UNSPECIFIED.);
#501=B_SPLINE_SURFACE_WITH_KNOTS('',3,3,((#4404,#4405,#4406,#4407),(#4408,
#4409,#4410,#4411),(#4412,#4413,#4414,#4415),(#4416,#4417,#4418,#4419)),
 .UNSPECIFIED.,.F.,.F.,.F.,(4,4),(4,4),(0.105342969920509,1.),(0.,0.190481202785434),
 .UNSPECIFIED.);
#502=B_SPLINE_SURFACE_WITH_KNOTS('',3,3,((#4435,#4436,#4437,#4438),(#4439,
#4440,#4441,#4442),(#4443,#4444,#4445,#4446),(#4447,#4448,#4449,#4450),
(#4451,#4452,#4453,#4454)),.UNSPECIFIED.,.F.,.F.,.F.,(4,1,4),(4,4),(0.108441287275407,
0.554220643637704,1.),(0.,0.320149957501273),.UNSPECIFIED.);
#503=B_SPLINE_SURFACE_WITH_KNOTS('',3,3,((#4456,#4457,#4458,#4459),(#4460,
#4461,#4462,#4463),(#4464,#4465,#4466,#4467),(#4468,#4469,#4470,#4471)),
 .UNSPECIFIED.,.F.,.F.,.F.,(4,4),(4,4),(0.130707373695699,1.),(0.,0.20149276027114),
 .UNSPECIFIED.);
#504=B_SPLINE_SURFACE_WITH_KNOTS('',3,3,((#4500,#4501,#4502,#4503),(#4504,
#4505,#4506,#4507),(#4508,#4509,#4510,#4511),(#4512,#4513,#4514,#4515)),
 .UNSPECIFIED.,.F.,.F.,.F.,(4,4),(4,4),(0.,1.),(-0.169407148341586,-0.0509749416377708),
 .UNSPECIFIED.);
#505=B_SPLINE_SURFACE_WITH_KNOTS('',3,3,((#4529,#4530,#4531,#4532,#4533,
#4534,#4535,#4536,#4537,#4538,#4539,#4540),(#4541,#4542,#4543,#4544,#4545,
#4546,#4547,#4548,#4549,#4550,#4551,#4552),(#4553,#4554,#4555,#4556,#4557,
#4558,#4559,#4560,#4561,#4562,#4563,#4564),(#4565,#4566,#4567,#4568,#4569,
#4570,#4571,#4572,#4573,#4574,#4575,#4576)),.UNSPECIFIED.,.F.,.F.,.F.,(4,
4),(4,2,1,1,1,1,1,1,4),(0.,1.),(0.00789985545464285,0.169944899420338,0.296396371023598,
0.422847842626859,0.675750785833379,0.9286537290399,1.18155667224642,1.30800814384968,
1.43445961545294),.UNSPECIFIED.);
#506=B_SPLINE_SURFACE_WITH_KNOTS('',3,3,((#4621,#4622,#4623,#4624),(#4625,
#4626,#4627,#4628),(#4629,#4630,#4631,#4632),(#4633,#4634,#4635,#4636)),
 .UNSPECIFIED.,.F.,.F.,.F.,(4,4),(4,4),(0.,1.),(-3.48695308321724E-15,0.00789985545464289),
 .UNSPECIFIED.);
#507=B_SPLINE_SURFACE_WITH_KNOTS('',3,3,((#4641,#4642,#4643,#4644,#4645,
#4646),(#4647,#4648,#4649,#4650,#4651,#4652),(#4653,#4654,#4655,#4656,#4657,
#4658),(#4659,#4660,#4661,#4662,#4663,#4664)),.UNSPECIFIED.,.F.,.F.,.F.,
(4,4),(4,2,4),(0.,1.),(-0.170563443747877,-0.0503645932849015,-0.0454993944891446),
 .UNSPECIFIED.);
#508=B_SPLINE_SURFACE_WITH_KNOTS('',3,3,((#4680,#4681,#4682,#4683),(#4684,
#4685,#4686,#4687),(#4688,#4689,#4690,#4691),(#4692,#4693,#4694,#4695)),
 .UNSPECIFIED.,.F.,.F.,.F.,(4,4),(4,4),(0.,1.),(-0.175570903140975,-0.170563443747918),
 .UNSPECIFIED.);
#509=B_SPLINE_SURFACE_WITH_KNOTS('',3,3,((#4745,#4746,#4747,#4748,#4749,
#4750,#4751,#4752),(#4753,#4754,#4755,#4756,#4757,#4758,#4759,#4760),(#4761,
#4762,#4763,#4764,#4765,#4766,#4767,#4768),(#4769,#4770,#4771,#4772,#4773,
#4774,#4775,#4776)),.UNSPECIFIED.,.F.,.F.,.F.,(4,4),(4,2,1,1,4),(0.,1.),
(-0.0865654216949442,-0.0861909780053323,-0.0517145868031994,-0.0344763912021329,
0.),.UNSPECIFIED.);
#510=B_SPLINE_SURFACE_WITH_KNOTS('',3,3,((#4800,#4801,#4802,#4803),(#4804,
#4805,#4806,#4807),(#4808,#4809,#4810,#4811),(#4812,#4813,#4814,#4815),
(#4816,#4817,#4818,#4819)),.UNSPECIFIED.,.F.,.F.,.F.,(4,1,4),(4,4),(0.,
0.571428571428571,1.),(-1.5707963267949,-1.40575618842678),
 .UNSPECIFIED.);
#511=B_SPLINE_SURFACE_WITH_KNOTS('',3,3,((#4823,#4824,#4825,#4826,#4827,
#4828),(#4829,#4830,#4831,#4832,#4833,#4834),(#4835,#4836,#4837,#4838,#4839,
#4840),(#4841,#4842,#4843,#4844,#4845,#4846),(#4847,#4848,#4849,#4850,#4851,
#4852),(#4853,#4854,#4855,#4856,#4857,#4858)),.UNSPECIFIED.,.F.,.F.,.F.,
(4,1,1,4),(4,1,1,4),(0.,0.285714285714286,0.571428571428571,1.),(0.,0.933411346524182,
1.5556855775403,2.17795980855643),.UNSPECIFIED.);
#512=B_SPLINE_SURFACE_WITH_KNOTS('',3,3,((#4867,#4868,#4869,#4870),(#4871,
#4872,#4873,#4874),(#4875,#4876,#4877,#4878),(#4879,#4880,#4881,#4882),
(#4883,#4884,#4885,#4886),(#4887,#4888,#4889,#4890)),.UNSPECIFIED.,.F.,
 .F.,.F.,(4,1,1,4),(4,4),(0.,0.285714285714286,0.571428571428571,1.),(7.18367715849824E-16,
1.04442228163582),.UNSPECIFIED.);
#513=B_SPLINE_SURFACE_WITH_KNOTS('',3,3,((#4952,#4953,#4954,#4955,#4956,
#4957,#4958,#4959,#4960,#4961),(#4962,#4963,#4964,#4965,#4966,#4967,#4968,
#4969,#4970,#4971),(#4972,#4973,#4974,#4975,#4976,#4977,#4978,#4979,#4980,
#4981),(#4982,#4983,#4984,#4985,#4986,#4987,#4988,#4989,#4990,#4991)),
 .UNSPECIFIED.,.F.,.F.,.F.,(4,4),(4,2,1,1,1,1,4),(0.,1.),(-0.000399085157852393,
0.,0.0180931401706834,0.0361862803413668,0.0542794205120502,0.0723725606827336,
0.090465700853417),.UNSPECIFIED.);
#514=B_SPLINE_SURFACE_WITH_KNOTS('',3,3,((#5043,#5044,#5045,#5046,#5047),
(#5048,#5049,#5050,#5051,#5052),(#5053,#5054,#5055,#5056,#5057),(#5058,
#5059,#5060,#5061,#5062),(#5063,#5064,#5065,#5066,#5067)),.UNSPECIFIED.,
 .F.,.F.,.F.,(4,1,4),(4,1,4),(0.,0.571428571428571,1.),(0.,0.311826270972371,
0.727594632268865),.UNSPECIFIED.);
#515=B_SPLINE_SURFACE_WITH_KNOTS('',3,3,((#5081,#5082,#5083,#5084,#5085),
(#5086,#5087,#5088,#5089,#5090),(#5091,#5092,#5093,#5094,#5095),(#5096,
#5097,#5098,#5099,#5100),(#5101,#5102,#5103,#5104,#5105)),.UNSPECIFIED.,
 .F.,.F.,.F.,(4,1,4),(4,1,4),(0.,0.571428571428571,1.),(-1.5707963267949,
-0.94893246865873,-0.482534575056606),.UNSPECIFIED.);
#516=B_SPLINE_SURFACE_WITH_KNOTS('',3,3,((#5253,#5254,#5255,#5256),(#5257,
#5258,#5259,#5260),(#5261,#5262,#5263,#5264),(#5265,#5266,#5267,#5268),
(#5269,#5270,#5271,#5272)),.UNSPECIFIED.,.F.,.F.,.F.,(4,1,4),(4,4),(0.,
0.571428571428571,1.),(1.34336313553523,1.44781792238472),.UNSPECIFIED.);
#517=B_SPLINE_SURFACE_WITH_KNOTS('',3,3,((#5277,#5278,#5279,#5280,#5281,
#5282,#5283,#5284),(#5285,#5286,#5287,#5288,#5289,#5290,#5291,#5292),(#5293,
#5294,#5295,#5296,#5297,#5298,#5299,#5300),(#5301,#5302,#5303,#5304,#5305,
#5306,#5307,#5308),(#5309,#5310,#5311,#5312,#5313,#5314,#5315,#5316),(#5317,
#5318,#5319,#5320,#5321,#5322,#5323,#5324)),.UNSPECIFIED.,.F.,.F.,.F.,(4,
1,1,4),(4,1,1,1,1,4),(0.,0.285714285714286,0.571428571428571,1.),(2.54928422831804,
2.86274934957113,3.17621447082423,3.33294703145078,3.48967959207733,3.64641215270388),
 .UNSPECIFIED.);
#518=B_SPLINE_SURFACE_WITH_KNOTS('',3,3,((#5375,#5376,#5377,#5378),(#5379,
#5380,#5381,#5382),(#5383,#5384,#5385,#5386),(#5387,#5388,#5389,#5390),
(#5391,#5392,#5393,#5394)),.UNSPECIFIED.,.F.,.F.,.F.,(4,1,4),(4,4),(0.,
0.571428571428571,1.),(0.,2.35674995066861),.UNSPECIFIED.);
#519=B_SPLINE_SURFACE_WITH_KNOTS('',3,3,((#5401,#5402,#5403,#5404),(#5405,
#5406,#5407,#5408),(#5409,#5410,#5411,#5412),(#5413,#5414,#5415,#5416),
(#5417,#5418,#5419,#5420)),.UNSPECIFIED.,.F.,.F.,.F.,(4,1,4),(4,4),(0.135907675340852,
0.567953837670426,1.),(0.,0.170761051874054),.UNSPECIFIED.);
#520=B_SPLINE_SURFACE_WITH_KNOTS('',3,3,((#5502,#5503,#5504,#5505,#5506,
#5507,#5508,#5509,#5510,#5511),(#5512,#5513,#5514,#5515,#5516,#5517,#5518,
#5519,#5520,#5521),(#5522,#5523,#5524,#5525,#5526,#5527,#5528,#5529,#5530,
#5531),(#5532,#5533,#5534,#5535,#5536,#5537,#5538,#5539,#5540,#5541)),
 .UNSPECIFIED.,.F.,.T.,.F.,(4,4),(4,1,1,1,1,1,1,4),(0.,1.),(-3.14159265358979,
-2.24399475256414,-1.34639685153848,-0.448798950512828,0.448798950512828,
1.34639685153848,2.24399475256414,3.14159265358979),.UNSPECIFIED.);
#521=B_SPLINE_SURFACE_WITH_KNOTS('',1,3,((#5551,#5552,#5553,#5554,#5555,
#5556),(#5557,#5558,#5559,#5560,#5561,#5562)),.UNSPECIFIED.,.F.,.F.,.F.,
(2,2),(4,1,1,4),(-1.27358117395958E-16,0.844856793286473),(-3.14159265358979,
-2.23512848841679,-1.63081904496812,-1.02650960151945),.UNSPECIFIED.);
#522=B_SPLINE_SURFACE_WITH_KNOTS('',1,3,((#5725,#5726,#5727,#5728,#5729,
#5730,#5731,#5732,#5733,#5734),(#5735,#5736,#5737,#5738,#5739,#5740,#5741,
#5742,#5743,#5744)),.UNSPECIFIED.,.F.,.F.,.F.,(2,2),(4,1,1,1,1,1,1,4),(-1.27358117395958E-16,
1.10059848610273),(-1.02650960151965,-0.431066422218298,0.164376757083051,
0.759819936384399,1.35526311568575,1.9507062949871,2.54614947428844,3.14159265358979),
 .UNSPECIFIED.);
#523=B_SPLINE_SURFACE_WITH_KNOTS('',1,3,((#5774,#5775,#5776,#5777,#5778,
#5779,#5780,#5781,#5782,#5783),(#5784,#5785,#5786,#5787,#5788,#5789,#5790,
#5791,#5792,#5793)),.UNSPECIFIED.,.F.,.F.,.F.,(2,2),(4,1,1,1,1,1,1,4),(-1.3256522311149E-16,
0.903645496634212),(3.66192297017088,4.19692272157778,4.73192247298467,
5.26692222439157,5.80192197579847,6.33692172720536,6.87192147861226,7.40692123001916),
 .UNSPECIFIED.);
#524=FACE_OUTER_BOUND('',#666,.T.);
#525=FACE_OUTER_BOUND('',#667,.T.);
#526=FACE_OUTER_BOUND('',#668,.T.);
#527=FACE_OUTER_BOUND('',#669,.T.);
#528=FACE_OUTER_BOUND('',#670,.T.);
#529=FACE_OUTER_BOUND('',#672,.T.);
#530=FACE_OUTER_BOUND('',#673,.T.);
#531=FACE_OUTER_BOUND('',#674,.T.);
#532=FACE_OUTER_BOUND('',#675,.T.);
#533=FACE_OUTER_BOUND('',#676,.T.);
#534=FACE_OUTER_BOUND('',#677,.T.);
#535=FACE_OUTER_BOUND('',#678,.T.);
#536=FACE_OUTER_BOUND('',#679,.T.);
#537=FACE_OUTER_BOUND('',#680,.T.);
#538=FACE_OUTER_BOUND('',#681,.T.);
#539=FACE_OUTER_BOUND('',#682,.T.);
#540=FACE_OUTER_BOUND('',#683,.T.);
#541=FACE_OUTER_BOUND('',#684,.T.);
#542=FACE_OUTER_BOUND('',#685,.T.);
#543=FACE_OUTER_BOUND('',#687,.T.);
#544=FACE_OUTER_BOUND('',#688,.T.);
#545=FACE_OUTER_BOUND('',#689,.T.);
#546=FACE_OUTER_BOUND('',#690,.T.);
#547=FACE_OUTER_BOUND('',#691,.T.);
#548=FACE_OUTER_BOUND('',#692,.T.);
#549=FACE_OUTER_BOUND('',#693,.T.);
#550=FACE_OUTER_BOUND('',#694,.T.);
#551=FACE_OUTER_BOUND('',#695,.T.);
#552=FACE_OUTER_BOUND('',#696,.T.);
#553=FACE_OUTER_BOUND('',#697,.T.);
#554=FACE_OUTER_BOUND('',#698,.T.);
#555=FACE_OUTER_BOUND('',#699,.T.);
#556=FACE_OUTER_BOUND('',#700,.T.);
#557=FACE_OUTER_BOUND('',#701,.T.);
#558=FACE_OUTER_BOUND('',#702,.T.);
#559=FACE_OUTER_BOUND('',#703,.T.);
#560=FACE_OUTER_BOUND('',#708,.T.);
#561=FACE_OUTER_BOUND('',#709,.T.);
#562=FACE_OUTER_BOUND('',#710,.T.);
#563=FACE_OUTER_BOUND('',#711,.T.);
#564=FACE_OUTER_BOUND('',#712,.T.);
#565=FACE_OUTER_BOUND('',#713,.T.);
#566=FACE_OUTER_BOUND('',#714,.T.);
#567=FACE_OUTER_BOUND('',#715,.T.);
#568=FACE_OUTER_BOUND('',#716,.T.);
#569=FACE_OUTER_BOUND('',#717,.T.);
#570=FACE_OUTER_BOUND('',#718,.T.);
#571=FACE_OUTER_BOUND('',#719,.T.);
#572=FACE_OUTER_BOUND('',#721,.T.);
#573=FACE_OUTER_BOUND('',#722,.T.);
#574=FACE_OUTER_BOUND('',#723,.T.);
#575=FACE_OUTER_BOUND('',#724,.T.);
#576=FACE_OUTER_BOUND('',#725,.T.);
#577=FACE_OUTER_BOUND('',#726,.T.);
#578=FACE_OUTER_BOUND('',#727,.T.);
#579=FACE_OUTER_BOUND('',#728,.T.);
#580=FACE_OUTER_BOUND('',#729,.T.);
#581=FACE_OUTER_BOUND('',#730,.T.);
#582=FACE_OUTER_BOUND('',#731,.T.);
#583=FACE_OUTER_BOUND('',#732,.T.);
#584=FACE_OUTER_BOUND('',#733,.T.);
#585=FACE_OUTER_BOUND('',#734,.T.);
#586=FACE_OUTER_BOUND('',#735,.T.);
#587=FACE_OUTER_BOUND('',#736,.T.);
#588=FACE_OUTER_BOUND('',#737,.T.);
#589=FACE_OUTER_BOUND('',#738,.T.);
#590=FACE_OUTER_BOUND('',#739,.T.);
#591=FACE_OUTER_BOUND('',#740,.T.);
#592=FACE_OUTER_BOUND('',#741,.T.);
#593=FACE_OUTER_BOUND('',#742,.T.);
#594=FACE_OUTER_BOUND('',#743,.T.);
#595=FACE_OUTER_BOUND('',#744,.T.);
#596=FACE_OUTER_BOUND('',#745,.T.);
#597=FACE_OUTER_BOUND('',#746,.T.);
#598=FACE_OUTER_BOUND('',#747,.T.);
#599=FACE_OUTER_BOUND('',#748,.T.);
#600=FACE_OUTER_BOUND('',#749,.T.);
#601=FACE_OUTER_BOUND('',#750,.T.);
#602=FACE_OUTER_BOUND('',#751,.T.);
#603=FACE_OUTER_BOUND('',#752,.T.);
#604=FACE_OUTER_BOUND('',#753,.T.);
#605=FACE_OUTER_BOUND('',#754,.T.);
#606=FACE_OUTER_BOUND('',#755,.T.);
#607=FACE_OUTER_BOUND('',#756,.T.);
#608=FACE_OUTER_BOUND('',#757,.T.);
#609=FACE_OUTER_BOUND('',#759,.T.);
#610=FACE_OUTER_BOUND('',#760,.T.);
#611=FACE_OUTER_BOUND('',#761,.T.);
#612=FACE_OUTER_BOUND('',#762,.T.);
#613=FACE_OUTER_BOUND('',#764,.T.);
#614=FACE_OUTER_BOUND('',#765,.T.);
#615=FACE_OUTER_BOUND('',#766,.T.);
#616=FACE_OUTER_BOUND('',#768,.T.);
#617=FACE_OUTER_BOUND('',#769,.T.);
#618=FACE_OUTER_BOUND('',#770,.T.);
#619=FACE_OUTER_BOUND('',#771,.T.);
#620=FACE_OUTER_BOUND('',#772,.T.);
#621=FACE_OUTER_BOUND('',#773,.T.);
#622=FACE_OUTER_BOUND('',#774,.T.);
#623=FACE_OUTER_BOUND('',#775,.T.);
#624=FACE_OUTER_BOUND('',#776,.T.);
#625=FACE_OUTER_BOUND('',#777,.T.);
#626=FACE_OUTER_BOUND('',#778,.T.);
#627=FACE_OUTER_BOUND('',#779,.T.);
#628=FACE_OUTER_BOUND('',#780,.T.);
#629=FACE_OUTER_BOUND('',#781,.T.);
#630=FACE_OUTER_BOUND('',#782,.T.);
#631=FACE_OUTER_BOUND('',#783,.T.);
#632=FACE_OUTER_BOUND('',#785,.T.);
#633=FACE_OUTER_BOUND('',#786,.T.);
#634=FACE_OUTER_BOUND('',#787,.T.);
#635=FACE_OUTER_BOUND('',#788,.T.);
#636=FACE_OUTER_BOUND('',#789,.T.);
#637=FACE_OUTER_BOUND('',#790,.T.);
#638=FACE_OUTER_BOUND('',#791,.T.);
#639=FACE_OUTER_BOUND('',#792,.T.);
#640=FACE_OUTER_BOUND('',#793,.T.);
#641=FACE_OUTER_BOUND('',#794,.T.);
#642=FACE_OUTER_BOUND('',#795,.T.);
#643=FACE_OUTER_BOUND('',#796,.T.);
#644=FACE_OUTER_BOUND('',#797,.T.);
#645=FACE_OUTER_BOUND('',#798,.T.);
#646=FACE_OUTER_BOUND('',#800,.T.);
#647=FACE_OUTER_BOUND('',#801,.T.);
#648=FACE_OUTER_BOUND('',#802,.T.);
#649=FACE_OUTER_BOUND('',#803,.T.);
#650=FACE_OUTER_BOUND('',#804,.T.);
#651=FACE_OUTER_BOUND('',#805,.T.);
#652=FACE_OUTER_BOUND('',#806,.T.);
#653=FACE_OUTER_BOUND('',#807,.T.);
#654=FACE_OUTER_BOUND('',#808,.T.);
#655=FACE_OUTER_BOUND('',#809,.T.);
#656=FACE_OUTER_BOUND('',#810,.T.);
#657=FACE_OUTER_BOUND('',#811,.T.);
#658=FACE_OUTER_BOUND('',#812,.T.);
#659=FACE_OUTER_BOUND('',#813,.T.);
#660=FACE_OUTER_BOUND('',#814,.T.);
#661=FACE_OUTER_BOUND('',#815,.T.);
#662=FACE_OUTER_BOUND('',#817,.T.);
#663=FACE_OUTER_BOUND('',#818,.T.);
#664=FACE_OUTER_BOUND('',#819,.T.);
#665=FACE_OUTER_BOUND('',#820,.T.);
#666=EDGE_LOOP('',(#1485,#1486,#1487));
#667=EDGE_LOOP('',(#1488,#1489,#1490,#1491));
#668=EDGE_LOOP('',(#1492,#1493,#1494,#1495));
#669=EDGE_LOOP('',(#1496,#1497,#1498,#1499));
#670=EDGE_LOOP('',(#1500,#1501));
#671=EDGE_LOOP('',(#1502,#1503));
#672=EDGE_LOOP('',(#1504,#1505,#1506,#1507));
#673=EDGE_LOOP('',(#1508,#1509,#1510,#1511));
#674=EDGE_LOOP('',(#1512,#1513,#1514,#1515));
#675=EDGE_LOOP('',(#1516,#1517,#1518,#1519));
#676=EDGE_LOOP('',(#1520,#1521));
#677=EDGE_LOOP('',(#1522,#1523,#1524,#1525));
#678=EDGE_LOOP('',(#1526,#1527,#1528,#1529));
#679=EDGE_LOOP('',(#1530,#1531,#1532,#1533));
#680=EDGE_LOOP('',(#1534,#1535,#1536,#1537,#1538,#1539));
#681=EDGE_LOOP('',(#1540,#1541,#1542));
#682=EDGE_LOOP('',(#1543,#1544,#1545,#1546,#1547,#1548));
#683=EDGE_LOOP('',(#1549,#1550,#1551,#1552,#1553,#1554,#1555,#1556,#1557,
#1558));
#684=EDGE_LOOP('',(#1559,#1560,#1561,#1562));
#685=EDGE_LOOP('',(#1563,#1564,#1565,#1566,#1567,#1568,#1569,#1570,#1571,
#1572,#1573,#1574,#1575,#1576));
#686=EDGE_LOOP('',(#1577,#1578,#1579,#1580,#1581,#1582));
#687=EDGE_LOOP('',(#1583,#1584,#1585));
#688=EDGE_LOOP('',(#1586,#1587,#1588,#1589,#1590,#1591,#1592,#1593));
#689=EDGE_LOOP('',(#1594,#1595,#1596,#1597));
#690=EDGE_LOOP('',(#1598,#1599,#1600,#1601));
#691=EDGE_LOOP('',(#1602,#1603,#1604,#1605));
#692=EDGE_LOOP('',(#1606,#1607,#1608,#1609));
#693=EDGE_LOOP('',(#1610,#1611,#1612,#1613));
#694=EDGE_LOOP('',(#1614,#1615,#1616,#1617));
#695=EDGE_LOOP('',(#1618,#1619,#1620,#1621));
#696=EDGE_LOOP('',(#1622,#1623,#1624,#1625));
#697=EDGE_LOOP('',(#1626,#1627,#1628,#1629));
#698=EDGE_LOOP('',(#1630,#1631,#1632,#1633));
#699=EDGE_LOOP('',(#1634,#1635,#1636,#1637));
#700=EDGE_LOOP('',(#1638,#1639,#1640,#1641));
#701=EDGE_LOOP('',(#1642,#1643,#1644,#1645,#1646,#1647,#1648,#1649,#1650,
#1651,#1652,#1653));
#702=EDGE_LOOP('',(#1654,#1655,#1656,#1657,#1658));
#703=EDGE_LOOP('',(#1659,#1660,#1661,#1662,#1663,#1664));
#704=EDGE_LOOP('',(#1665,#1666,#1667));
#705=EDGE_LOOP('',(#1668,#1669));
#706=EDGE_LOOP('',(#1670,#1671,#1672,#1673));
#707=EDGE_LOOP('',(#1674,#1675,#1676,#1677));
#708=EDGE_LOOP('',(#1678,#1679,#1680,#1681));
#709=EDGE_LOOP('',(#1682,#1683,#1684,#1685));
#710=EDGE_LOOP('',(#1686,#1687,#1688,#1689));
#711=EDGE_LOOP('',(#1690,#1691,#1692,#1693));
#712=EDGE_LOOP('',(#1694,#1695,#1696,#1697));
#713=EDGE_LOOP('',(#1698,#1699,#1700,#1701));
#714=EDGE_LOOP('',(#1702,#1703,#1704,#1705));
#715=EDGE_LOOP('',(#1706,#1707,#1708,#1709));
#716=EDGE_LOOP('',(#1710,#1711,#1712,#1713));
#717=EDGE_LOOP('',(#1714,#1715,#1716,#1717));
#718=EDGE_LOOP('',(#1718,#1719,#1720,#1721));
#719=EDGE_LOOP('',(#1722,#1723,#1724,#1725));
#720=EDGE_LOOP('',(#1726,#1727,#1728,#1729));
#721=EDGE_LOOP('',(#1730,#1731,#1732,#1733));
#722=EDGE_LOOP('',(#1734,#1735,#1736,#1737));
#723=EDGE_LOOP('',(#1738,#1739,#1740,#1741));
#724=EDGE_LOOP('',(#1742,#1743,#1744,#1745));
#725=EDGE_LOOP('',(#1746,#1747,#1748,#1749));
#726=EDGE_LOOP('',(#1750,#1751,#1752,#1753));
#727=EDGE_LOOP('',(#1754,#1755,#1756,#1757));
#728=EDGE_LOOP('',(#1758,#1759,#1760,#1761));
#729=EDGE_LOOP('',(#1762,#1763,#1764,#1765));
#730=EDGE_LOOP('',(#1766,#1767,#1768,#1769));
#731=EDGE_LOOP('',(#1770,#1771,#1772,#1773,#1774,#1775));
#732=EDGE_LOOP('',(#1776,#1777,#1778,#1779));
#733=EDGE_LOOP('',(#1780,#1781,#1782,#1783));
#734=EDGE_LOOP('',(#1784,#1785,#1786,#1787));
#735=EDGE_LOOP('',(#1788,#1789,#1790,#1791));
#736=EDGE_LOOP('',(#1792,#1793,#1794,#1795,#1796));
#737=EDGE_LOOP('',(#1797,#1798,#1799,#1800,#1801));
#738=EDGE_LOOP('',(#1802,#1803,#1804,#1805));
#739=EDGE_LOOP('',(#1806,#1807,#1808));
#740=EDGE_LOOP('',(#1809,#1810,#1811,#1812));
#741=EDGE_LOOP('',(#1813,#1814,#1815,#1816));
#742=EDGE_LOOP('',(#1817,#1818,#1819,#1820));
#743=EDGE_LOOP('',(#1821,#1822,#1823,#1824,#1825,#1826));
#744=EDGE_LOOP('',(#1827,#1828,#1829));
#745=EDGE_LOOP('',(#1830,#1831,#1832,#1833,#1834,#1835,#1836,#1837));
#746=EDGE_LOOP('',(#1838,#1839,#1840,#1841));
#747=EDGE_LOOP('',(#1842,#1843,#1844,#1845));
#748=EDGE_LOOP('',(#1846,#1847,#1848,#1849));
#749=EDGE_LOOP('',(#1850,#1851,#1852,#1853));
#750=EDGE_LOOP('',(#1854,#1855,#1856,#1857));
#751=EDGE_LOOP('',(#1858,#1859,#1860,#1861));
#752=EDGE_LOOP('',(#1862,#1863,#1864));
#753=EDGE_LOOP('',(#1865,#1866,#1867));
#754=EDGE_LOOP('',(#1868,#1869,#1870,#1871));
#755=EDGE_LOOP('',(#1872,#1873,#1874,#1875));
#756=EDGE_LOOP('',(#1876,#1877,#1878,#1879));
#757=EDGE_LOOP('',(#1880,#1881,#1882,#1883));
#758=EDGE_LOOP('',(#1884,#1885,#1886,#1887));
#759=EDGE_LOOP('',(#1888,#1889,#1890,#1891,#1892));
#760=EDGE_LOOP('',(#1893,#1894,#1895,#1896));
#761=EDGE_LOOP('',(#1897,#1898,#1899,#1900));
#762=EDGE_LOOP('',(#1901,#1902,#1903,#1904,#1905));
#763=EDGE_LOOP('',(#1906,#1907,#1908,#1909));
#764=EDGE_LOOP('',(#1910,#1911,#1912,#1913));
#765=EDGE_LOOP('',(#1914,#1915,#1916,#1917));
#766=EDGE_LOOP('',(#1918,#1919,#1920,#1921,#1922,#1923,#1924));
#767=EDGE_LOOP('',(#1925));
#768=EDGE_LOOP('',(#1926,#1927,#1928,#1929,#1930,#1931,#1932,#1933));
#769=EDGE_LOOP('',(#1934,#1935,#1936,#1937,#1938,#1939,#1940));
#770=EDGE_LOOP('',(#1941,#1942,#1943,#1944,#1945));
#771=EDGE_LOOP('',(#1946,#1947,#1948,#1949));
#772=EDGE_LOOP('',(#1950,#1951,#1952,#1953));
#773=EDGE_LOOP('',(#1954,#1955,#1956,#1957));
#774=EDGE_LOOP('',(#1958,#1959,#1960,#1961));
#775=EDGE_LOOP('',(#1962,#1963,#1964,#1965,#1966,#1967));
#776=EDGE_LOOP('',(#1968,#1969,#1970,#1971,#1972));
#777=EDGE_LOOP('',(#1973,#1974,#1975,#1976));
#778=EDGE_LOOP('',(#1977,#1978,#1979,#1980));
#779=EDGE_LOOP('',(#1981,#1982,#1983,#1984));
#780=EDGE_LOOP('',(#1985,#1986,#1987,#1988));
#781=EDGE_LOOP('',(#1989,#1990,#1991,#1992));
#782=EDGE_LOOP('',(#1993,#1994,#1995,#1996));
#783=EDGE_LOOP('',(#1997,#1998,#1999,#2000));
#784=EDGE_LOOP('',(#2001,#2002,#2003,#2004));
#785=EDGE_LOOP('',(#2005,#2006,#2007,#2008));
#786=EDGE_LOOP('',(#2009,#2010,#2011,#2012));
#787=EDGE_LOOP('',(#2013,#2014,#2015,#2016));
#788=EDGE_LOOP('',(#2017,#2018,#2019,#2020));
#789=EDGE_LOOP('',(#2021,#2022,#2023,#2024));
#790=EDGE_LOOP('',(#2025,#2026,#2027,#2028,#2029));
#791=EDGE_LOOP('',(#2030,#2031,#2032,#2033));
#792=EDGE_LOOP('',(#2034,#2035,#2036));
#793=EDGE_LOOP('',(#2037,#2038,#2039,#2040));
#794=EDGE_LOOP('',(#2041,#2042,#2043,#2044,#2045,#2046));
#795=EDGE_LOOP('',(#2047,#2048,#2049,#2050,#2051,#2052,#2053,#2054));
#796=EDGE_LOOP('',(#2055,#2056,#2057,#2058));
#797=EDGE_LOOP('',(#2059,#2060,#2061,#2062,#2063,#2064));
#798=EDGE_LOOP('',(#2065,#2066,#2067,#2068,#2069,#2070));
#799=EDGE_LOOP('',(#2071,#2072,#2073,#2074));
#800=EDGE_LOOP('',(#2075,#2076,#2077,#2078));
#801=EDGE_LOOP('',(#2079,#2080,#2081,#2082,#2083));
#802=EDGE_LOOP('',(#2084,#2085,#2086,#2087,#2088,#2089));
#803=EDGE_LOOP('',(#2090,#2091,#2092,#2093));
#804=EDGE_LOOP('',(#2094,#2095,#2096));
#805=EDGE_LOOP('',(#2097,#2098,#2099,#2100));
#806=EDGE_LOOP('',(#2101,#2102,#2103,#2104,#2105));
#807=EDGE_LOOP('',(#2106,#2107,#2108,#2109));
#808=EDGE_LOOP('',(#2110,#2111,#2112,#2113,#2114,#2115,#2116,#2117));
#809=EDGE_LOOP('',(#2118,#2119,#2120,#2121));
#810=EDGE_LOOP('',(#2122,#2123,#2124,#2125,#2126,#2127));
#811=EDGE_LOOP('',(#2128,#2129,#2130,#2131,#2132,#2133,#2134,#2135,#2136,
#2137,#2138,#2139,#2140,#2141,#2142));
#812=EDGE_LOOP('',(#2143,#2144,#2145,#2146));
#813=EDGE_LOOP('',(#2147,#2148,#2149,#2150));
#814=EDGE_LOOP('',(#2151,#2152,#2153,#2154));
#815=EDGE_LOOP('',(#2155,#2156,#2157,#2158));
#816=EDGE_LOOP('',(#2159,#2160));
#817=EDGE_LOOP('',(#2161,#2162,#2163,#2164));
#818=EDGE_LOOP('',(#2165,#2166,#2167,#2168));
#819=EDGE_LOOP('',(#2169,#2170,#2171,#2172));
#820=EDGE_LOOP('',(#2173,#2174,#2175,#2176));
#821=EDGE_LOOP('',(#2177,#2178));
#822=B_SPLINE_CURVE_WITH_KNOTS('',3,(#3095,#3096,#3097,#3098,#3099,#3100,
#3101,#3102,#3103,#3104,#3105,#3106,#3107,#3108,#3109,#3110,#3111),
 .UNSPECIFIED.,.F.,.F.,(4,1,1,1,1,1,1,1,1,1,1,1,1,1,4),(0.,0.101934504827389,
0.203869009654777,0.254836262068471,0.305803514482166,0.331287140689013,
0.35677076689586,0.382254393102707,0.407738019309554,0.457354430669615,
0.506970842029676,0.53588483803424,0.564798834038804,0.593712830043368,
0.622626826047932),.UNSPECIFIED.);
#823=B_SPLINE_CURVE_WITH_KNOTS('',3,(#3113,#3114,#3115,#3116,#3117),
 .UNSPECIFIED.,.F.,.F.,(4,1,4),(0.,0.14316481121738,0.286329622434759),
 .UNSPECIFIED.);
#824=B_SPLINE_CURVE_WITH_KNOTS('',3,(#3118,#3119,#3120,#3121,#3122,#3123,
#3124,#3125,#3126,#3127,#3128,#3129,#3130,#3131),.UNSPECIFIED.,.F.,.F.,
(4,1,1,1,1,1,1,1,1,1,1,4),(0.,0.0611151014527875,0.0904596788455787,0.105131967541974,
0.11980425623837,0.180205379531546,0.240606502824721,0.254432877321084,
0.268259251817447,0.295912000810172,0.323564749802897,0.351217498795622),
 .UNSPECIFIED.);
#825=B_SPLINE_CURVE_WITH_KNOTS('',3,(#3169,#3170,#3171,#3172,#3173,#3174,
#3175,#3176,#3177,#3178,#3179,#3180,#3181,#3182,#3183,#3184,#3185),
 .UNSPECIFIED.,.F.,.F.,(4,1,1,1,1,1,1,1,1,1,1,1,1,1,4),(-0.622626826047932,
-0.593712830043368,-0.564798834038804,-0.53588483803424,-0.506970842029676,
-0.457354430669615,-0.407738019309554,-0.382254393102707,-0.35677076689586,
-0.331287140689013,-0.305803514482166,-0.254836262068471,-0.203869009654777,
-0.101934504827389,0.),.UNSPECIFIED.);
#826=B_SPLINE_CURVE_WITH_KNOTS('',3,(#3198,#3199,#3200,#3201,#3202),
 .UNSPECIFIED.,.F.,.F.,(4,1,4),(-0.286329622434759,-0.14316481121738,0.),
 .UNSPECIFIED.);
#827=B_SPLINE_CURVE_WITH_KNOTS('',3,(#3232,#3233,#3234,#3235,#3236,#3237,
#3238,#3239,#3240,#3241,#3242,#3243,#3244,#3245),.UNSPECIFIED.,.F.,.F.,
(4,1,1,1,1,1,1,1,1,1,1,4),(-0.351217498795622,-0.323564749802897,-0.295912000810172,
-0.268259251817447,-0.254432877321084,-0.240606502824721,-0.180205379531546,
-0.11980425623837,-0.105131967541974,-0.0904596788455787,-0.0611151014527875,
0.),.UNSPECIFIED.);
#828=B_SPLINE_CURVE_WITH_KNOTS('',3,(#3249,#3250,#3251,#3252,#3253,#3254,
#3255,#3256,#3257,#3258,#3259,#3260,#3261,#3262,#3263,#3264,#3265,#3266,
#3267,#3268,#3269,#3270),.UNSPECIFIED.,.F.,.F.,(4,1,1,1,1,1,1,1,1,1,1,1,
1,1,1,1,1,1,1,4),(0.,0.0843910057411071,0.168782011482214,0.262465830479377,
0.356149649476539,0.429662266872169,0.503174884267798,0.525683556155347,
0.548192228042896,0.644796176502482,0.741400124962068,0.82376263861948,
0.864943895448186,0.906125152276892,0.93021862553254,0.954312098788187,
0.978405572043834,1.00249904529948,1.05068599181078,1.09887293832207),
 .UNSPECIFIED.);
#829=B_SPLINE_CURVE_WITH_KNOTS('',3,(#3271,#3272,#3273,#3274,#3275,#3276,
#3277,#3278,#3279,#3280,#3281,#3282,#3283),.UNSPECIFIED.,.F.,.F.,(4,1,1,
1,1,1,1,1,1,1,4),(0.,0.11713345458136,0.17570018187204,0.23426690916272,
0.24948197635593,0.26469704354914,0.295127177935561,0.325557312321981,0.355987446708402,
0.416847715481243,0.477707984254084),.UNSPECIFIED.);
#830=B_SPLINE_CURVE_WITH_KNOTS('',3,(#3286,#3287,#3288,#3289),
 .UNSPECIFIED.,.F.,.F.,(4,4),(0.,0.173814416760486),.UNSPECIFIED.);
#831=B_SPLINE_CURVE_WITH_KNOTS('',3,(#3290,#3291,#3292,#3293,#3294,#3295,
#3296,#3297,#3298,#3299),.UNSPECIFIED.,.F.,.F.,(4,1,1,1,1,1,1,4),(0.,0.107320367499203,
0.160980551248805,0.214640734998406,0.231061119759515,0.247481504520625,
0.280322274042843,0.409864128460708),.UNSPECIFIED.);
#832=B_SPLINE_CURVE_WITH_KNOTS('',3,(#3347,#3348,#3349,#3350,#3351,#3352,
#3353,#3354,#3355,#3356,#3357,#3358,#3359,#3360,#3361,#3362,#3363,#3364,
#3365,#3366,#3367,#3368),.UNSPECIFIED.,.F.,.F.,(4,1,1,1,1,1,1,1,1,1,1,1,
1,1,1,1,1,1,1,4),(-1.09887293832207,-1.05068599181078,-1.00249904529948,
-0.978405572043834,-0.954312098788187,-0.93021862553254,-0.906125152276892,
-0.864943895448186,-0.82376263861948,-0.741400124962068,-0.644796176502482,
-0.548192228042896,-0.525683556155347,-0.503174884267798,-0.429662266872169,
-0.356149649476539,-0.262465830479377,-0.168782011482214,-0.0843910057411071,
0.),.UNSPECIFIED.);
#833=B_SPLINE_CURVE_WITH_KNOTS('',3,(#3396,#3397,#3398,#3399,#3400,#3401,
#3402,#3403,#3404,#3405,#3406,#3407,#3408),.UNSPECIFIED.,.F.,.F.,(4,1,1,
1,1,1,1,1,1,1,4),(-0.477707984254084,-0.416847715481243,-0.355987446708402,
-0.325557312321981,-0.295127177935561,-0.26469704354914,-0.24948197635593,
-0.23426690916272,-0.17570018187204,-0.11713345458136,0.),.UNSPECIFIED.);
#834=B_SPLINE_CURVE_WITH_KNOTS('',3,(#3420,#3421,#3422,#3423),
 .UNSPECIFIED.,.F.,.F.,(4,4),(-0.173814416760486,0.),.UNSPECIFIED.);
#835=B_SPLINE_CURVE_WITH_KNOTS('',3,(#3445,#3446,#3447,#3448,#3449,#3450,
#3451,#3452,#3453,#3454),.UNSPECIFIED.,.F.,.F.,(4,1,1,1,1,1,1,4),(-0.409864128460708,
-0.280322274042843,-0.247481504520625,-0.231061119759515,-0.214640734998406,
-0.160980551248805,-0.107320367499203,0.),.UNSPECIFIED.);
#836=B_SPLINE_CURVE_WITH_KNOTS('',3,(#3474,#3475,#3476,#3477,#3478,#3479,
#3480,#3481,#3482,#3483,#3484,#3485,#3486),.UNSPECIFIED.,.F.,.F.,(4,3,3,
3,4),(-0.0979743975162687,-0.0748555700510159,-0.0532814527594447,-0.0282354568150548,
0.),.UNSPECIFIED.);
#837=B_SPLINE_CURVE_WITH_KNOTS('',3,(#3488,#3489,#3490,#3491),
 .UNSPECIFIED.,.F.,.F.,(4,4),(-2.85083134172053,-2.71977012739868),
 .UNSPECIFIED.);
#838=B_SPLINE_CURVE_WITH_KNOTS('',3,(#3494,#3495,#3496,#3497),
 .UNSPECIFIED.,.F.,.F.,(4,4),(2.71977012739868,2.9188528194714),
 .UNSPECIFIED.);
#839=B_SPLINE_CURVE_WITH_KNOTS('',3,(#3517,#3518,#3519,#3520),
 .UNSPECIFIED.,.F.,.F.,(4,4),(2.55700107081381,2.71977012739868),
 .UNSPECIFIED.);
#840=B_SPLINE_CURVE_WITH_KNOTS('',3,(#3521,#3522,#3523,#3524),
 .UNSPECIFIED.,.F.,.F.,(4,4),(-2.71977012739868,-2.55700107081381),
 .UNSPECIFIED.);
#841=B_SPLINE_CURVE_WITH_KNOTS('',3,(#3543,#3544,#3545,#3546,#3547,#3548),
 .UNSPECIFIED.,.F.,.F.,(4,2,4),(0.,0.0815779160296659,0.163197712585263),
 .UNSPECIFIED.);
#842=B_SPLINE_CURVE_WITH_KNOTS('',3,(#3549,#3550,#3551,#3552),
 .UNSPECIFIED.,.F.,.F.,(4,4),(0.604038819238552,2.55700107081381),
 .UNSPECIFIED.);
#843=B_SPLINE_CURVE_WITH_KNOTS('',3,(#3553,#3554,#3555,#3556),
 .UNSPECIFIED.,.F.,.F.,(4,4),(-2.55700107081381,-0.452368211944647),
 .UNSPECIFIED.);
#844=B_SPLINE_CURVE_WITH_KNOTS('',3,(#3618,#3619,#3620,#3621),
 .UNSPECIFIED.,.F.,.F.,(4,4),(2.08913951038836,2.25664741848479),
 .UNSPECIFIED.);
#845=B_SPLINE_CURVE_WITH_KNOTS('',3,(#3625,#3626,#3627,#3628,#3629,#3630,
#3631,#3632,#3633,#3634,#3635,#3636,#3637,#3638,#3639),.UNSPECIFIED.,.F.,
 .F.,(4,1,1,1,1,1,1,1,1,1,1,1,4),(-1.37421763822853,-1.27605923549792,-1.17790083276731,
-1.0306632286714,-0.981584027306092,-0.785267221844874,-0.588950416383655,
-0.490792013653046,-0.392633610922437,-0.294475208191828,-0.196316805461219,
-0.0981584027306098,-7.1058942246758E-16),.UNSPECIFIED.);
#846=B_SPLINE_CURVE_WITH_KNOTS('',3,(#3642,#3643,#3644,#3645,#3646,#3647,
#3648,#3649,#3650,#3651,#3652),.UNSPECIFIED.,.F.,.F.,(4,1,1,1,1,1,1,1,4),
(0.156786367313718,0.456766517481014,0.756746667648309,0.906736742731957,
1.05672681781561,1.20671689289925,1.3567069679829,1.6566871181502,1.92986415758265),
 .UNSPECIFIED.);
#847=B_SPLINE_CURVE_WITH_KNOTS('',3,(#3669,#3670,#3671,#3672),
 .UNSPECIFIED.,.F.,.F.,(4,4),(0.305155104308646,0.371498064531179),
 .UNSPECIFIED.);
#848=B_SPLINE_CURVE_WITH_KNOTS('',3,(#3694,#3695,#3696,#3697,#3698,#3699,
#3700,#3701,#3702,#3703,#3704,#3705,#3706,#3707,#3708,#3709),
 .UNSPECIFIED.,.F.,.F.,(4,3,3,3,3,4),(0.0989486945027482,0.112183487919943,
0.12064223262631,0.134046872539903,0.14706181204513,0.151508972587745),
 .UNSPECIFIED.);
#849=B_SPLINE_CURVE_WITH_KNOTS('',3,(#3711,#3712,#3713,#3714),
 .UNSPECIFIED.,.F.,.F.,(4,4),(-0.374855437126581,-3.03707766519418E-17),
 .UNSPECIFIED.);
#850=B_SPLINE_CURVE_WITH_KNOTS('',3,(#3717,#3718,#3719,#3720),
 .UNSPECIFIED.,.F.,.F.,(4,4),(0.,0.320149957501273),.UNSPECIFIED.);
#851=B_SPLINE_CURVE_WITH_KNOTS('',3,(#3723,#3724,#3725,#3726,#3727,#3728,
#3729,#3730,#3731,#3732),.UNSPECIFIED.,.T.,.F.,(4,1,1,1,1,1,1,4),(-3.14159265358979,
-2.24399475256414,-1.34639685153848,-0.448798950512828,0.448798950512828,
1.34639685153848,2.24399475256414,3.14159265358979),.UNSPECIFIED.);
#852=B_SPLINE_CURVE_WITH_KNOTS('',3,(#3738,#3739,#3740,#3741,#3742,#3743,
#3744,#3745,#3746,#3747,#3748,#3749,#3750,#3751,#3752,#3753,#3754,#3755,
#3756,#3757,#3758,#3759,#3760,#3761,#3762,#3763,#3764,#3765,#3766,#3767,
#3768,#3769,#3770,#3771,#3772,#3773,#3774,#3775,#3776,#3777,#3778,#3779,
#3780,#3781,#3782,#3783,#3784,#3785,#3786,#3787,#3788,#3789,#3790,#3791,
#3792,#3793,#3794,#3795,#3796,#3797,#3798),.UNSPECIFIED.,.F.,.F.,(4,3,3,
3,3,3,3,3,3,3,3,3,3,3,3,3,3,3,3,3,4),(0.370311403873868,0.417636690324618,
0.453537283826989,0.499959991831784,0.545191410146976,0.591253435594734,
0.634991531533982,0.681671064303157,0.725158910358976,0.772446545289226,
0.815732914396145,0.862075974804839,0.906302388564092,0.951936216269177,
0.995971872694647,1.04271724606199,1.08703946005308,1.1343971631928,1.1784371358002,
1.22432859438862,1.25064194608869),.UNSPECIFIED.);
#853=B_SPLINE_CURVE_WITH_KNOTS('',3,(#3806,#3807,#3808,#3809,#3810,#3811,
#3812),.UNSPECIFIED.,.F.,.F.,(4,3,4),(0.298040446794644,0.345384877390613,
0.34895126887512),.UNSPECIFIED.);
#854=B_SPLINE_CURVE_WITH_KNOTS('',3,(#3816,#3817,#3818,#3819),
 .UNSPECIFIED.,.F.,.F.,(4,4),(2.09568917139621,2.11076922177905),
 .UNSPECIFIED.);
#855=B_SPLINE_CURVE_WITH_KNOTS('',3,(#3840,#3841,#3842,#3843),
 .UNSPECIFIED.,.F.,.F.,(4,4),(-2.35674995066861,-0.180929514182726),
 .UNSPECIFIED.);
#856=B_SPLINE_CURVE_WITH_KNOTS('',3,(#3845,#3846,#3847,#3848,#3849,#3850,
#3851,#3852,#3853,#3854,#3855,#3856,#3857,#3858,#3859,#3860,#3861,#3862,
#3863,#3864,#3865,#3866,#3867,#3868,#3869,#3870,#3871,#3872,#3873,#3874,
#3875,#3876,#3877,#3878,#3879,#3880,#3881,#3882,#3883,#3884,#3885,#3886,
#3887,#3888,#3889,#3890,#3891,#3892,#3893,#3894,#3895,#3896,#3897,#3898,
#3899,#3900,#3901,#3902,#3903,#3904,#3905,#3906,#3907,#3908,#3909,#3910,
#3911,#3912,#3913,#3914,#3915,#3916,#3917,#3918,#3919,#3920,#3921,#3922,
#3923,#3924,#3925,#3926,#3927,#3928,#3929),.UNSPECIFIED.,.F.,.F.,(4,3,3,
3,3,3,3,3,3,3,3,3,3,3,3,3,3,3,3,3,3,3,3,3,3,3,3,3,4),(-3.63067535293985,
-3.56862434774381,-3.50657334254778,-3.48967046649237,-3.4279566941152,
-3.36579825262995,-3.35597569311107,-3.33299398329413,-3.23457709218604,
-3.19031546916913,-3.17632810933176,-3.13112071933924,-3.08548091163585,
-3.03959498071458,-3.02311518940705,-2.98107217978261,-2.9389103179338,
-2.89664020344153,-2.86294972262773,-2.86205144010903,-2.8221422971367,
-2.78206762189651,-2.74201257005438,-2.70732866357838,-2.66781755476329,
-2.62965096042321,-2.59153203404656,-2.55352498991701,-2.54928422831804),
 .UNSPECIFIED.);
#857=B_SPLINE_CURVE_WITH_KNOTS('',3,(#3931,#3932,#3933,#3934),
 .UNSPECIFIED.,.F.,.F.,(4,4),(-0.878504365538596,-0.87698078250996),
 .UNSPECIFIED.);
#858=B_SPLINE_CURVE_WITH_KNOTS('',3,(#3936,#3937,#3938,#3939),
 .UNSPECIFIED.,.F.,.F.,(4,4),(7.18367715849824E-16,1.04440308909538),
 .UNSPECIFIED.);
#859=B_SPLINE_CURVE_WITH_KNOTS('',3,(#3941,#3942,#3943,#3944,#3945,#3946),
 .UNSPECIFIED.,.F.,.F.,(4,1,1,4),(-2.17795980855643,-1.5556855775403,-0.933411346524182,
0.),.UNSPECIFIED.);
#860=B_SPLINE_CURVE_WITH_KNOTS('',3,(#3947,#3948,#3949,#3950),
 .UNSPECIFIED.,.F.,.F.,(4,4),(9.24113757165813,9.46507332197666),
 .UNSPECIFIED.);
#861=B_SPLINE_CURVE_WITH_KNOTS('',3,(#3951,#3952,#3953,#3954),
 .UNSPECIFIED.,.F.,.F.,(4,4),(-1.55727535837684,-1.54220359528181),
 .UNSPECIFIED.);
#862=B_SPLINE_CURVE_WITH_KNOTS('',3,(#3956,#3957,#3958,#3959),
 .UNSPECIFIED.,.F.,.F.,(4,4),(9.87000753976351,10.1620417254291),
 .UNSPECIFIED.);
#863=B_SPLINE_CURVE_WITH_KNOTS('',3,(#3960,#3961,#3962,#3963,#3964,#3965,
#3966),.UNSPECIFIED.,.F.,.F.,(4,3,4),(0.,0.385653089887101,0.433057056886721),
 .UNSPECIFIED.);
#864=B_SPLINE_CURVE_WITH_KNOTS('',3,(#3969,#3970,#3971,#3972,#3973,#3974,
#3975),.UNSPECIFIED.,.F.,.F.,(4,3,4),(-0.925448853500175,-0.61208439060097,
-0.555262974914624),.UNSPECIFIED.);
#865=B_SPLINE_CURVE_WITH_KNOTS('',3,(#3977,#3978,#3979,#3980),
 .UNSPECIFIED.,.F.,.F.,(4,4),(0.0509749416377708,0.136345944952475),
 .UNSPECIFIED.);
#866=B_SPLINE_CURVE_WITH_KNOTS('',3,(#3982,#3983,#3984,#3985),
 .UNSPECIFIED.,.F.,.F.,(4,4),(-0.00789985545464289,3.48695308321724E-15),
 .UNSPECIFIED.);
#867=B_SPLINE_CURVE_WITH_KNOTS('',3,(#3987,#3988,#3989,#3990,#3991,#3992,
#3993,#3994,#3995,#3996,#3997,#3998),.UNSPECIFIED.,.F.,.F.,(4,1,1,1,1,1,
1,2,4),(-1.43445961545294,-1.30800814384968,-1.18155667224642,-0.9286537290399,
-0.675750785833379,-0.422847842626859,-0.296396371023598,-0.169944899420338,
-0.00789985545464285),.UNSPECIFIED.);
#868=B_SPLINE_CURVE_WITH_KNOTS('',3,(#4000,#4001,#4002,#4003),
 .UNSPECIFIED.,.F.,.F.,(4,4),(0.170563443747918,0.175570903140975),
 .UNSPECIFIED.);
#869=B_SPLINE_CURVE_WITH_KNOTS('',3,(#4004,#4005,#4006,#4007),
 .UNSPECIFIED.,.F.,.F.,(4,4),(0.0906984948755535,0.170563443747877),
 .UNSPECIFIED.);
#870=B_SPLINE_CURVE_WITH_KNOTS('',3,(#4083,#4084,#4085,#4086),
 .UNSPECIFIED.,.F.,.F.,(4,4),(1.07178549446765,1.5707963267949),
 .UNSPECIFIED.);
#871=B_SPLINE_CURVE_WITH_KNOTS('',3,(#4089,#4090,#4091,#4092),
 .UNSPECIFIED.,.F.,.F.,(4,4),(-1.5707963267949,-1.07178549446765),
 .UNSPECIFIED.);
#872=B_SPLINE_CURVE_WITH_KNOTS('',3,(#4109,#4110,#4111,#4112),
 .UNSPECIFIED.,.F.,.F.,(4,4),(-1.07178549447758,-1.05046601021371),
 .UNSPECIFIED.);
#873=B_SPLINE_CURVE_WITH_KNOTS('',3,(#4113,#4114,#4115,#4116),
 .UNSPECIFIED.,.F.,.F.,(4,4),(1.05046601021371,1.07178549447758),
 .UNSPECIFIED.);
#874=B_SPLINE_CURVE_WITH_KNOTS('',3,(#4142,#4143,#4144,#4145),
 .UNSPECIFIED.,.F.,.F.,(4,4),(1.26914632446633,1.28174100707522),
 .UNSPECIFIED.);
#875=B_SPLINE_CURVE_WITH_KNOTS('',3,(#4146,#4147,#4148,#4149),
 .UNSPECIFIED.,.F.,.F.,(4,4),(-1.28174100707522,-1.26914632446633),
 .UNSPECIFIED.);
#876=B_SPLINE_CURVE_WITH_KNOTS('',3,(#4243,#4244,#4245,#4246),
 .UNSPECIFIED.,.F.,.F.,(4,4),(-0.105983973917025,0.),.UNSPECIFIED.);
#877=B_SPLINE_CURVE_WITH_KNOTS('',3,(#4249,#4250,#4251,#4252),
 .UNSPECIFIED.,.F.,.F.,(4,4),(0.,0.105983973917025),.UNSPECIFIED.);
#878=B_SPLINE_CURVE_WITH_KNOTS('',3,(#4276,#4277,#4278,#4279),
 .UNSPECIFIED.,.F.,.F.,(4,4),(-0.111175340458112,0.),.UNSPECIFIED.);
#879=B_SPLINE_CURVE_WITH_KNOTS('',3,(#4280,#4281,#4282,#4283),
 .UNSPECIFIED.,.F.,.F.,(4,4),(0.,0.111175340458112),.UNSPECIFIED.);
#880=B_SPLINE_CURVE_WITH_KNOTS('',3,(#4306,#4307,#4308,#4309),
 .UNSPECIFIED.,.F.,.F.,(4,4),(-0.179041297820416,0.),.UNSPECIFIED.);
#881=B_SPLINE_CURVE_WITH_KNOTS('',3,(#4310,#4311,#4312,#4313),
 .UNSPECIFIED.,.F.,.F.,(4,4),(0.,0.179041297820416),.UNSPECIFIED.);
#882=B_SPLINE_CURVE_WITH_KNOTS('',3,(#4389,#4390,#4391,#4392,#4393,#4394,
#4395,#4396,#4397,#4398,#4399,#4400,#4401,#4402,#4403),.UNSPECIFIED.,.F.,
 .F.,(4,1,1,1,1,1,1,1,1,1,1,1,4),(7.1058942246758E-16,0.0981584027306098,
0.196316805461219,0.294475208191828,0.392633610922437,0.490792013653046,
0.588950416383655,0.785267221844874,0.981584027306092,1.0306632286714,1.17790083276731,
1.27605923549792,1.37421763822853),.UNSPECIFIED.);
#883=B_SPLINE_CURVE_WITH_KNOTS('',3,(#4422,#4423,#4424,#4425),
 .UNSPECIFIED.,.F.,.F.,(4,4),(0.,0.190481202785434),.UNSPECIFIED.);
#884=B_SPLINE_CURVE_WITH_KNOTS('',3,(#4472,#4473,#4474,#4475),
 .UNSPECIFIED.,.F.,.F.,(4,4),(0.,0.20149276027114),.UNSPECIFIED.);
#885=B_SPLINE_CURVE_WITH_KNOTS('',3,(#4517,#4518,#4519,#4520,#4521,#4522),
 .UNSPECIFIED.,.F.,.F.,(4,2,4),(0.,0.0314607326239981,0.0630085484564533),
 .UNSPECIFIED.);
#886=B_SPLINE_CURVE_WITH_KNOTS('',3,(#4524,#4525,#4526,#4527),
 .UNSPECIFIED.,.F.,.F.,(4,4),(-0.169407148341586,-0.0509749416377708),
 .UNSPECIFIED.);
#887=B_SPLINE_CURVE_WITH_KNOTS('',3,(#4579,#4580,#4581,#4582,#4583,#4584,
#4585,#4586,#4587,#4588,#4589,#4590,#4591,#4592,#4593,#4594,#4595,#4596,
#4597,#4598,#4599,#4600,#4601,#4602,#4603,#4604),.UNSPECIFIED.,.F.,.F.,
(4,2,2,2,2,2,2,2,2,2,2,2,4),(0.,0.0718193631724231,0.165369974450037,0.264898184170886,
0.288576556827616,0.30175561002872,0.31293693543656,0.326326147005906,0.35097283144759,
0.403363865696513,0.480842986215606,0.556058921692969,0.616827810680512),
 .UNSPECIFIED.);
#888=B_SPLINE_CURVE_WITH_KNOTS('',3,(#4606,#4607,#4608,#4609,#4610,#4611,
#4612,#4613),.UNSPECIFIED.,.F.,.F.,(4,1,1,1,1,4),(0.616461668919142,0.675750785833379,
0.9286537290399,1.18155667224642,1.30800814384968,1.43445961545294),
 .UNSPECIFIED.);
#889=B_SPLINE_CURVE_WITH_KNOTS('',3,(#4617,#4618,#4619,#4620),
 .UNSPECIFIED.,.F.,.F.,(4,4),(0.00789985545464285,0.0542569587408748),
 .UNSPECIFIED.);
#890=B_SPLINE_CURVE_WITH_KNOTS('',3,(#4637,#4638,#4639,#4640),
 .UNSPECIFIED.,.F.,.F.,(4,4),(-3.48695308321724E-15,0.00789985545464289),
 .UNSPECIFIED.);
#891=B_SPLINE_CURVE_WITH_KNOTS('',3,(#4668,#4669,#4670,#4671,#4672,#4673),
 .UNSPECIFIED.,.F.,.F.,(4,2,4),(-0.170563443747877,-0.0503645932849015,
-0.0454993944891446),.UNSPECIFIED.);
#892=B_SPLINE_CURVE_WITH_KNOTS('',3,(#4674,#4675,#4676,#4677,#4678,#4679),
 .UNSPECIFIED.,.F.,.F.,(4,2,4),(0.,0.0385956720975825,0.0773970105030997),
 .UNSPECIFIED.);
#893=B_SPLINE_CURVE_WITH_KNOTS('',3,(#4696,#4697,#4698,#4699),
 .UNSPECIFIED.,.F.,.F.,(4,4),(-0.175570903140975,-0.170563443747918),
 .UNSPECIFIED.);
#894=B_SPLINE_CURVE_WITH_KNOTS('',3,(#4707,#4708,#4709,#4710,#4711,#4712,
#4713,#4714,#4715,#4716),.UNSPECIFIED.,.F.,.F.,(4,2,2,2,4),(0.0400214960596404,
0.055760271610011,0.0777990872542837,0.0800429921194671,0.0832756497714495),
 .UNSPECIFIED.);
#895=B_SPLINE_CURVE_WITH_KNOTS('',3,(#4727,#4728,#4729,#4730,#4731,#4732,
#4733,#4734),.UNSPECIFIED.,.F.,.F.,(4,2,2,4),(-0.00432895906771457,0.,0.0255482167291505,
0.066619383140508),.UNSPECIFIED.);
#896=B_SPLINE_CURVE_WITH_KNOTS('',3,(#4780,#4781,#4782,#4783,#4784,#4785,
#4786,#4787),.UNSPECIFIED.,.F.,.F.,(4,1,1,2,4),(0.,0.0344763912021329,0.0517145868031994,
0.0861909780053323,0.0865654216949442),.UNSPECIFIED.);
#897=B_SPLINE_CURVE_WITH_KNOTS('',3,(#4788,#4789,#4790,#4791,#4792,#4793,
#4794,#4795),.UNSPECIFIED.,.F.,.F.,(4,2,1,1,4),(-0.0865654216949442,-0.0861909780053323,
-0.0517145868031994,-0.0344763912021329,0.),.UNSPECIFIED.);
#898=B_SPLINE_CURVE_WITH_KNOTS('',3,(#4861,#4862,#4863,#4864,#4865,#4866),
 .UNSPECIFIED.,.F.,.F.,(4,1,1,4),(0.,0.933411346524182,1.5556855775403,
2.17795980855643),.UNSPECIFIED.);
#899=B_SPLINE_CURVE_WITH_KNOTS('',3,(#4893,#4894,#4895,#4896),
 .UNSPECIFIED.,.F.,.F.,(4,4),(0.182850811391024,0.185586417665809),
 .UNSPECIFIED.);
#900=B_SPLINE_CURVE_WITH_KNOTS('',3,(#4897,#4898,#4899,#4900),
 .UNSPECIFIED.,.F.,.F.,(4,4),(-1.04401152615851,-7.18367715849824E-16),
 .UNSPECIFIED.);
#901=B_SPLINE_CURVE_WITH_KNOTS('',3,(#4902,#4903,#4904,#4905,#4906,#4907,
#4908,#4909,#4910,#4911,#4912,#4913,#4914,#4915,#4916,#4917,#4918,#4919,
#4920,#4921,#4922,#4923,#4924,#4925,#4926,#4927,#4928,#4929,#4930,#4931,
#4932,#4933,#4934,#4935,#4936,#4937,#4938),.UNSPECIFIED.,.F.,.F.,(4,3,3,
3,3,3,3,3,3,3,3,3,4),(0.,0.0132173971101364,0.026596290055753,0.0390641772121094,
0.0530307132656273,0.066414703062694,0.0781283411763721,0.0921083738481868,
0.105383043364261,0.106088406520001,0.117192743829405,0.130559908039747,
0.142560862646043),.UNSPECIFIED.);
#902=B_SPLINE_CURVE_WITH_KNOTS('',3,(#4939,#4940,#4941,#4942,#4943,#4944,
#4945,#4946,#4947,#4948,#4949,#4950,#4951),.UNSPECIFIED.,.F.,.F.,(4,3,3,
3,4),(-0.0428038001195859,-0.038973339844612,-0.0255274741520047,-0.0122808151811283,
-0.00248039738462427),.UNSPECIFIED.);
#903=B_SPLINE_CURVE_WITH_KNOTS('',3,(#4996,#4997,#4998,#4999,#5000,#5001,
#5002,#5003,#5004,#5005),.UNSPECIFIED.,.F.,.F.,(4,1,1,1,1,2,4),(-0.090465700853417,
-0.0723725606827336,-0.0542794205120502,-0.0361862803413668,-0.0180931401706834,
0.,0.000399085157852393),.UNSPECIFIED.);
#904=B_SPLINE_CURVE_WITH_KNOTS('',3,(#5006,#5007,#5008,#5009,#5010,#5011,
#5012,#5013,#5014,#5015),.UNSPECIFIED.,.F.,.F.,(4,2,1,1,1,1,4),(-0.000399085157852393,
0.,0.0180931401706834,0.0361862803413668,0.0542794205120502,0.0723725606827336,
0.090465700853417),.UNSPECIFIED.);
#905=B_SPLINE_CURVE_WITH_KNOTS('',3,(#5069,#5070,#5071,#5072,#5073),
 .UNSPECIFIED.,.F.,.F.,(4,1,4),(-0.727594632268865,-0.311826270972371,0.),
 .UNSPECIFIED.);
#906=B_SPLINE_CURVE_WITH_KNOTS('',3,(#5076,#5077,#5078,#5079,#5080),
 .UNSPECIFIED.,.F.,.F.,(4,1,4),(0.,0.311826270972371,0.727594632268865),
 .UNSPECIFIED.);
#907=B_SPLINE_CURVE_WITH_KNOTS('',3,(#5174,#5175,#5176,#5177,#5178,#5179,
#5180,#5181,#5182,#5183),.UNSPECIFIED.,.T.,.F.,(4,1,1,1,1,1,1,4),(-3.14159265358979,
-2.24399475256414,-1.34639685153848,-0.448798950512828,0.448798950512828,
1.34639685153848,2.24399475256414,3.14159265358979),.UNSPECIFIED.);
#908=B_SPLINE_CURVE_WITH_KNOTS('',3,(#5187,#5188,#5189,#5190),
 .UNSPECIFIED.,.F.,.F.,(4,4),(-1.44781792238472,-1.35837448330654),
 .UNSPECIFIED.);
#909=B_SPLINE_CURVE_WITH_KNOTS('',3,(#5193,#5194,#5195,#5196),
 .UNSPECIFIED.,.F.,.F.,(4,4),(0.184198863608023,0.186681828207571),
 .UNSPECIFIED.);
#910=B_SPLINE_CURVE_WITH_KNOTS('',3,(#5199,#5200,#5201,#5202,#5203,#5204,
#5205,#5206,#5207,#5208,#5209,#5210,#5211,#5212,#5213,#5214,#5215,#5216,
#5217,#5218,#5219,#5220,#5221,#5222,#5223,#5224,#5225,#5226,#5227,#5228,
#5229,#5230,#5231,#5232,#5233,#5234,#5235,#5236,#5237,#5238),
 .UNSPECIFIED.,.F.,.F.,(4,3,3,3,3,3,3,3,3,3,3,3,3,4),(0.,0.0129813015966227,
0.0263728368283536,0.0386850929627254,0.0520866094581066,0.0654916927495401,
0.0776552816715281,0.0863446878177272,0.0995678332371484,0.113076951561888,
0.114719727485634,0.12827560082844,0.141826636094599,0.152153746728041),
 .UNSPECIFIED.);
#911=B_SPLINE_CURVE_WITH_KNOTS('',3,(#5273,#5274,#5275,#5276),
 .UNSPECIFIED.,.F.,.F.,(4,4),(1.34336313583805,1.44781792238472),
 .UNSPECIFIED.);
#912=B_SPLINE_CURVE_WITH_KNOTS('',3,(#5325,#5326,#5327,#5328,#5329,#5330,
#5331,#5332,#5333,#5334,#5335,#5336,#5337,#5338,#5339,#5340,#5341,#5342,
#5343,#5344,#5345,#5346,#5347,#5348,#5349,#5350,#5351,#5352,#5353,#5354,
#5355,#5356,#5357,#5358,#5359,#5360,#5361,#5362,#5363,#5364),
 .UNSPECIFIED.,.F.,.F.,(4,3,3,3,3,3,3,3,3,3,3,3,3,4),(0.,0.0133687055540853,
0.0269906849545659,0.0404885407112387,0.0540475482783908,0.067274017486961,
0.0803372474676774,0.0804902779367682,0.0937577578662144,0.107095381504129,
0.119543039153735,0.132871823584053,0.133686629877537,0.143867879722092),
 .UNSPECIFIED.);
#913=B_SPLINE_CURVE_WITH_KNOTS('',3,(#5367,#5368,#5369,#5370,#5371,#5372,
#5373,#5374),.UNSPECIFIED.,.F.,.F.,(4,1,1,1,1,4),(2.54928422831804,2.86274934957113,
3.17621447082423,3.33294703145078,3.48967959207733,3.6460996570546),
 .UNSPECIFIED.);
#914=B_SPLINE_CURVE_WITH_KNOTS('',3,(#5397,#5398,#5399,#5400),
 .UNSPECIFIED.,.F.,.F.,(4,4),(0.,2.35674995066861),.UNSPECIFIED.);
#915=B_SPLINE_CURVE_WITH_KNOTS('',3,(#5421,#5422,#5423,#5424),
 .UNSPECIFIED.,.F.,.F.,(4,4),(-0.170761051874054,0.),.UNSPECIFIED.);
#916=B_SPLINE_CURVE_WITH_KNOTS('',1,(#5565,#5566),.UNSPECIFIED.,.F.,.F.,
(2,2),(-0.844856793286473,1.27358117395958E-16),.UNSPECIFIED.);
#917=B_SPLINE_CURVE_WITH_KNOTS('',3,(#5568,#5569,#5570,#5571,#5572,#5573,
#5574,#5575,#5576,#5577,#5578,#5579,#5580,#5581,#5582,#5583,#5584,#5585,
#5586,#5587,#5588,#5589,#5590,#5591,#5592,#5593,#5594,#5595,#5596,#5597,
#5598,#5599,#5600,#5601,#5602,#5603,#5604,#5605,#5606,#5607,#5608,#5609,
#5610,#5611,#5612,#5613,#5614,#5615,#5616,#5617,#5618,#5619,#5620,#5621,
#5622,#5623,#5624,#5625,#5626,#5627,#5628,#5629,#5630,#5631,#5632,#5633,
#5634,#5635,#5636,#5637,#5638,#5639,#5640),.UNSPECIFIED.,.F.,.F.,(4,3,3,
3,3,3,3,3,3,3,3,3,3,3,3,3,3,3,3,3,3,3,3,3,4),(-0.758690371321967,-0.725634021678236,
-0.692078614782265,-0.678227710219813,-0.644939850218757,-0.611485535920121,
-0.578466516020505,-0.548342135925914,-0.542970486712337,-0.508520155160997,
-0.475072305952899,-0.440120733229939,-0.407521942828679,-0.405169160506979,
-0.371737962287634,-0.338306764068289,-0.303431099556814,-0.268555435045338,
-0.234155977349545,-0.199712491309648,-0.165851523119827,-0.133039705263407,
-0.097867137884329,-0.0629084887907911,-0.0279498396972532),
 .UNSPECIFIED.);
#918=B_SPLINE_CURVE_WITH_KNOTS('',3,(#5642,#5643,#5644,#5645,#5646,#5647),
 .UNSPECIFIED.,.F.,.F.,(4,2,4),(0.221325769885826,0.342563457463912,0.475796265783127),
 .UNSPECIFIED.);
#919=B_SPLINE_CURVE_WITH_KNOTS('',3,(#5648,#5649,#5650,#5651,#5652,#5653,
#5654,#5655,#5656,#5657),.UNSPECIFIED.,.F.,.F.,(4,3,3,4),(0.104109927174987,
0.411184131907907,0.61590026839652,0.820616404885067),.UNSPECIFIED.);
#920=B_SPLINE_CURVE_WITH_KNOTS('',3,(#5676,#5677,#5678,#5679,#5680,#5681,
#5682,#5683,#5684,#5685,#5686,#5687,#5688,#5689,#5690,#5691,#5692,#5693,
#5694,#5695,#5696,#5697),.UNSPECIFIED.,.F.,.F.,(4,3,3,3,3,3,3,4),(0.689337150957945,
1.03615199538914,1.38296683982037,1.72978168425159,2.07659652868282,2.42341137311404,
2.77022621754527,3.11704106197649),.UNSPECIFIED.);
#921=B_SPLINE_CURVE_WITH_KNOTS('',3,(#5698,#5699,#5700,#5701,#5702,#5703,
#5704,#5705,#5706,#5707,#5708,#5709,#5710,#5711,#5712,#5713,#5714,#5715,
#5716,#5717,#5718,#5719,#5720,#5721,#5722,#5723,#5724),.UNSPECIFIED.,.F.,
 .F.,(4,2,2,2,2,2,2,2,2,2,3,2,4),(-1.29280340847819,-1.17242819547876,-1.04880003794215,
-0.927882747405221,-0.804204441029098,-0.673402749290992,-0.534965217764156,
-0.393319387274485,-0.254969143952122,-0.123991819329679,0.,0.0685163452108677,
0.104109927174987),.UNSPECIFIED.);
#922=B_SPLINE_CURVE_WITH_KNOTS('',3,(#5745,#5746,#5747,#5748,#5749,#5750,
#5751,#5752,#5753,#5754,#5755,#5756,#5757,#5758,#5759,#5760,#5761,#5762,
#5763,#5764,#5765,#5766,#5767,#5768,#5769,#5770,#5771,#5772,#5773),
 .UNSPECIFIED.,.F.,.F.,(4,3,2,2,2,2,2,2,2,2,2,2,2,4),(-0.0279498396972532,
0.,0.080916100148162,0.164722028136784,0.292364268610025,0.422160154603939,
0.558488793862297,0.696157084254721,0.83260467214196,0.967996168600222,
1.10043898929502,1.22952994061403,1.35717247901266,1.40593610273892),
 .UNSPECIFIED.);
#923=B_SPLINE_CURVE_WITH_KNOTS('',3,(#5795,#5796,#5797,#5798,#5799,#5800,
#5801,#5802,#5803,#5804,#5805,#5806,#5807,#5808,#5809,#5810,#5811,#5812,
#5813,#5814,#5815,#5816,#5817,#5818,#5819,#5820,#5821,#5822,#5823,#5824,
#5825,#5826,#5827,#5828,#5829,#5830,#5831,#5832,#5833,#5834,#5835,#5836,
#5837,#5838,#5839,#5840,#5841,#5842,#5843,#5844,#5845,#5846,#5847,#5848,
#5849,#5850,#5851,#5852,#5853,#5854,#5855,#5856,#5857,#5858,#5859,#5860,
#5861,#5862,#5863,#5864,#5865,#5866,#5867,#5868,#5869,#5870,#5871,#5872,
#5873,#5874,#5875,#5876,#5877,#5878,#5879,#5880,#5881,#5882,#5883,#5884,
#5885,#5886,#5887,#5888,#5889,#5890,#5891,#5892,#5893,#5894,#5895,#5896,
#5897,#5898,#5899,#5900,#5901,#5902,#5903,#5904,#5905,#5906,#5907,#5908,
#5909,#5910,#5911,#5912,#5913,#5914,#5915,#5916,#5917,#5918,#5919,#5920,
#5921,#5922,#5923,#5924,#5925,#5926,#5927,#5928,#5929,#5930,#5931,#5932,
#5933,#5934,#5935,#5936,#5937,#5938,#5939,#5940,#5941,#5942,#5943,#5944,
#5945,#5946,#5947,#5948,#5949,#5950,#5951),.UNSPECIFIED.,.F.,.F.,(4,3,3,
3,3,3,3,3,3,3,3,3,3,3,3,3,3,3,3,3,3,3,3,3,3,3,3,3,3,3,3,3,3,3,3,3,3,3,3,
3,3,3,3,3,3,3,3,3,3,3,3,3,4),(0.723861597016087,0.766783703362954,0.82154110176181,
0.877154725648372,0.932756819828267,0.987597318419119,1.02726739884673,
1.07866722273969,1.13474937264298,1.19115420958577,1.24723801590056,1.28482540743688,
1.34128895858971,1.3975207253481,1.43170120220507,1.47717998347765,1.53315344678864,
1.58954997066842,1.64574205031227,1.69773679687909,1.75381011610209,1.78453670584651,
1.84004405168537,1.8958572482263,1.93179682119448,1.9868992131107,2.04220220670808,
2.09705401945815,2.13956325441516,2.17090554493549,2.22437662512783,2.27879678338628,
2.33331480074327,2.38729930996325,2.42061905984015,2.47499427844705,2.49638683023809,
2.55049441218669,2.60493552456516,2.65922649735618,2.68305263103655,2.73788726890806,
2.79559168666607,2.85004135067109,2.85329610442409,2.90849877776937,2.94558425683803,
3.00088686894563,3.05679110471531,3.11251171464779,3.16725207903602,3.2051901640192,
3.20789478677951),.UNSPECIFIED.);
#924=B_SPLINE_CURVE_WITH_KNOTS('',3,(#5952,#5953,#5954,#5955,#5956,#5957),
 .UNSPECIFIED.,.F.,.F.,(4,2,4),(-0.569595792562103,-0.441892464492706,-0.407098704173887),
 .UNSPECIFIED.);
#925=VERTEX_POINT('',#3093);
#926=VERTEX_POINT('',#3094);
#927=VERTEX_POINT('',#3112);
#928=VERTEX_POINT('',#3166);
#929=VERTEX_POINT('',#3168);
#930=VERTEX_POINT('',#3197);
#931=VERTEX_POINT('',#3247);
#932=VERTEX_POINT('',#3248);
#933=VERTEX_POINT('',#3284);
#934=VERTEX_POINT('',#3285);
#935=VERTEX_POINT('',#3344);
#936=VERTEX_POINT('',#3346);
#937=VERTEX_POINT('',#3417);
#938=VERTEX_POINT('',#3419);
#939=VERTEX_POINT('',#3472);
#940=VERTEX_POINT('',#3473);
#941=VERTEX_POINT('',#3487);
#942=VERTEX_POINT('',#3492);
#943=VERTEX_POINT('',#3514);
#944=VERTEX_POINT('',#3515);
#945=VERTEX_POINT('',#3541);
#946=VERTEX_POINT('',#3542);
#947=VERTEX_POINT('',#3617);
#948=VERTEX_POINT('',#3622);
#949=VERTEX_POINT('',#3624);
#950=VERTEX_POINT('',#3640);
#951=VERTEX_POINT('',#3693);
#952=VERTEX_POINT('',#3710);
#953=VERTEX_POINT('',#3715);
#954=VERTEX_POINT('',#3722);
#955=VERTEX_POINT('',#3733);
#956=VERTEX_POINT('',#3735);
#957=VERTEX_POINT('',#3737);
#958=VERTEX_POINT('',#3799);
#959=VERTEX_POINT('',#3801);
#960=VERTEX_POINT('',#3803);
#961=VERTEX_POINT('',#3805);
#962=VERTEX_POINT('',#3815);
#963=VERTEX_POINT('',#3820);
#964=VERTEX_POINT('',#3839);
#965=VERTEX_POINT('',#3844);
#966=VERTEX_POINT('',#3930);
#967=VERTEX_POINT('',#3935);
#968=VERTEX_POINT('',#3940);
#969=VERTEX_POINT('',#3955);
#970=VERTEX_POINT('',#3967);
#971=VERTEX_POINT('',#3968);
#972=VERTEX_POINT('',#3976);
#973=VERTEX_POINT('',#3981);
#974=VERTEX_POINT('',#3986);
#975=VERTEX_POINT('',#3999);
#976=VERTEX_POINT('',#4011);
#977=VERTEX_POINT('',#4013);
#978=VERTEX_POINT('',#4015);
#979=VERTEX_POINT('',#4020);
#980=VERTEX_POINT('',#4021);
#981=VERTEX_POINT('',#4023);
#982=VERTEX_POINT('',#4025);
#983=VERTEX_POINT('',#4029);
#984=VERTEX_POINT('',#4030);
#985=VERTEX_POINT('',#4035);
#986=VERTEX_POINT('',#4036);
#987=VERTEX_POINT('',#4041);
#988=VERTEX_POINT('',#4043);
#989=VERTEX_POINT('',#4047);
#990=VERTEX_POINT('',#4051);
#991=VERTEX_POINT('',#4055);
#992=VERTEX_POINT('',#4056);
#993=VERTEX_POINT('',#4058);
#994=VERTEX_POINT('',#4060);
#995=VERTEX_POINT('',#4079);
#996=VERTEX_POINT('',#4080);
#997=VERTEX_POINT('',#4082);
#998=VERTEX_POINT('',#4087);
#999=VERTEX_POINT('',#4118);
#1000=VERTEX_POINT('',#4119);
#1001=VERTEX_POINT('',#4121);
#1002=VERTEX_POINT('',#4123);
#1003=VERTEX_POINT('',#4152);
#1004=VERTEX_POINT('',#4156);
#1005=VERTEX_POINT('',#4158);
#1006=VERTEX_POINT('',#4162);
#1007=VERTEX_POINT('',#4164);
#1008=VERTEX_POINT('',#4166);
#1009=VERTEX_POINT('',#4169);
#1010=VERTEX_POINT('',#4170);
#1011=VERTEX_POINT('',#4172);
#1012=VERTEX_POINT('',#4174);
#1013=VERTEX_POINT('',#4177);
#1014=VERTEX_POINT('',#4178);
#1015=VERTEX_POINT('',#4180);
#1016=VERTEX_POINT('',#4182);
#1017=VERTEX_POINT('',#4186);
#1018=VERTEX_POINT('',#4187);
#1019=VERTEX_POINT('',#4189);
#1020=VERTEX_POINT('',#4191);
#1021=VERTEX_POINT('',#4195);
#1022=VERTEX_POINT('',#4197);
#1023=VERTEX_POINT('',#4201);
#1024=VERTEX_POINT('',#4202);
#1025=VERTEX_POINT('',#4207);
#1026=VERTEX_POINT('',#4209);
#1027=VERTEX_POINT('',#4213);
#1028=VERTEX_POINT('',#4217);
#1029=VERTEX_POINT('',#4240);
#1030=VERTEX_POINT('',#4241);
#1031=VERTEX_POINT('',#4247);
#1032=VERTEX_POINT('',#4273);
#1033=VERTEX_POINT('',#4274);
#1034=VERTEX_POINT('',#4304);
#1035=VERTEX_POINT('',#4420);
#1036=VERTEX_POINT('',#4427);
#1037=VERTEX_POINT('',#4428);
#1038=VERTEX_POINT('',#4430);
#1039=VERTEX_POINT('',#4432);
#1040=VERTEX_POINT('',#4477);
#1041=VERTEX_POINT('',#4479);
#1042=VERTEX_POINT('',#4483);
#1043=VERTEX_POINT('',#4487);
#1044=VERTEX_POINT('',#4516);
#1045=VERTEX_POINT('',#4523);
#1046=VERTEX_POINT('',#4577);
#1047=VERTEX_POINT('',#4578);
#1048=VERTEX_POINT('',#4605);
#1049=VERTEX_POINT('',#4615);
#1050=VERTEX_POINT('',#4665);
#1051=VERTEX_POINT('',#4667);
#1052=VERTEX_POINT('',#4701);
#1053=VERTEX_POINT('',#4705);
#1054=VERTEX_POINT('',#4706);
#1055=VERTEX_POINT('',#4717);
#1056=VERTEX_POINT('',#4719);
#1057=VERTEX_POINT('',#4721);
#1058=VERTEX_POINT('',#4725);
#1059=VERTEX_POINT('',#4726);
#1060=VERTEX_POINT('',#4735);
#1061=VERTEX_POINT('',#4737);
#1062=VERTEX_POINT('',#4739);
#1063=VERTEX_POINT('',#4777);
#1064=VERTEX_POINT('',#4779);
#1065=VERTEX_POINT('',#4797);
#1066=VERTEX_POINT('',#4820);
#1067=VERTEX_POINT('',#4859);
#1068=VERTEX_POINT('',#4891);
#1069=VERTEX_POINT('',#4892);
#1070=VERTEX_POINT('',#4901);
#1071=VERTEX_POINT('',#4992);
#1072=VERTEX_POINT('',#4993);
#1073=VERTEX_POINT('',#4995);
#1074=VERTEX_POINT('',#5021);
#1075=VERTEX_POINT('',#5023);
#1076=VERTEX_POINT('',#5027);
#1077=VERTEX_POINT('',#5029);
#1078=VERTEX_POINT('',#5031);
#1079=VERTEX_POINT('',#5035);
#1080=VERTEX_POINT('',#5036);
#1081=VERTEX_POINT('',#5038);
#1082=VERTEX_POINT('',#5040);
#1083=VERTEX_POINT('',#5068);
#1084=VERTEX_POINT('',#5074);
#1085=VERTEX_POINT('',#5109);
#1086=VERTEX_POINT('',#5118);
#1087=VERTEX_POINT('',#5122);
#1088=VERTEX_POINT('',#5126);
#1089=VERTEX_POINT('',#5130);
#1090=VERTEX_POINT('',#5135);
#1091=VERTEX_POINT('',#5137);
#1092=VERTEX_POINT('',#5141);
#1093=VERTEX_POINT('',#5145);
#1094=VERTEX_POINT('',#5149);
#1095=VERTEX_POINT('',#5151);
#1096=VERTEX_POINT('',#5154);
#1097=VERTEX_POINT('',#5155);
#1098=VERTEX_POINT('',#5157);
#1099=VERTEX_POINT('',#5159);
#1100=VERTEX_POINT('',#5163);
#1101=VERTEX_POINT('',#5167);
#1102=VERTEX_POINT('',#5173);
#1103=VERTEX_POINT('',#5185);
#1104=VERTEX_POINT('',#5192);
#1105=VERTEX_POINT('',#5197);
#1106=VERTEX_POINT('',#5242);
#1107=VERTEX_POINT('',#5246);
#1108=VERTEX_POINT('',#5250);
#1109=VERTEX_POINT('',#5365);
#1110=VERTEX_POINT('',#5395);
#1111=VERTEX_POINT('',#5430);
#1112=VERTEX_POINT('',#5432);
#1113=VERTEX_POINT('',#5436);
#1114=VERTEX_POINT('',#5440);
#1115=VERTEX_POINT('',#5444);
#1116=VERTEX_POINT('',#5445);
#1117=VERTEX_POINT('',#5447);
#1118=VERTEX_POINT('',#5449);
#1119=VERTEX_POINT('',#5454);
#1120=VERTEX_POINT('',#5456);
#1121=VERTEX_POINT('',#5460);
#1122=VERTEX_POINT('',#5464);
#1123=VERTEX_POINT('',#5487);
#1124=VERTEX_POINT('',#5489);
#1125=VERTEX_POINT('',#5491);
#1126=VERTEX_POINT('',#5563);
#1127=VERTEX_POINT('',#5564);
#1128=VERTEX_POINT('',#5567);
#1129=VERTEX_POINT('',#5641);
#1130=VERTEX_POINT('',#5659);
#1131=VERTEX_POINT('',#5660);
#1132=VERTEX_POINT('',#5662);
#1133=VERTEX_POINT('',#5664);
#1134=VERTEX_POINT('',#5668);
#1135=VERTEX_POINT('',#5670);
#1136=VERTEX_POINT('',#5674);
#1137=VERTEX_POINT('',#5794);
#1138=EDGE_CURVE('',#925,#926,#822,.T.);
#1139=EDGE_CURVE('',#926,#927,#823,.T.);
#1140=EDGE_CURVE('',#927,#925,#824,.T.);
#1141=EDGE_CURVE('',#925,#928,#148,.T.);
#1142=EDGE_CURVE('',#929,#928,#825,.T.);
#1143=EDGE_CURVE('',#926,#929,#149,.T.);
#1144=EDGE_CURVE('',#930,#929,#826,.T.);
#1145=EDGE_CURVE('',#927,#930,#150,.T.);
#1146=EDGE_CURVE('',#928,#930,#827,.T.);
#1147=EDGE_CURVE('',#931,#932,#828,.T.);
#1148=EDGE_CURVE('',#932,#931,#829,.T.);
#1149=EDGE_CURVE('',#933,#934,#830,.T.);
#1150=EDGE_CURVE('',#934,#933,#831,.T.);
#1151=EDGE_CURVE('',#931,#935,#151,.T.);
#1152=EDGE_CURVE('',#936,#935,#832,.T.);
#1153=EDGE_CURVE('',#932,#936,#152,.T.);
#1154=EDGE_CURVE('',#935,#936,#833,.T.);
#1155=EDGE_CURVE('',#933,#937,#153,.T.);
#1156=EDGE_CURVE('',#938,#937,#834,.T.);
#1157=EDGE_CURVE('',#934,#938,#154,.T.);
#1158=EDGE_CURVE('',#937,#938,#835,.T.);
#1159=EDGE_CURVE('',#939,#940,#836,.T.);
#1160=EDGE_CURVE('',#940,#941,#837,.T.);
#1161=EDGE_CURVE('',#941,#942,#155,.T.);
#1162=EDGE_CURVE('',#942,#939,#838,.T.);
#1163=EDGE_CURVE('',#943,#944,#156,.T.);
#1164=EDGE_CURVE('',#944,#942,#839,.T.);
#1165=EDGE_CURVE('',#941,#943,#840,.T.);
#1166=EDGE_CURVE('',#945,#946,#841,.T.);
#1167=EDGE_CURVE('',#946,#944,#842,.T.);
#1168=EDGE_CURVE('',#943,#945,#843,.T.);
#1169=EDGE_CURVE('',#941,#947,#844,.T.);
#1170=EDGE_CURVE('',#947,#948,#64,.T.);
#1171=EDGE_CURVE('',#949,#948,#845,.T.);
#1172=EDGE_CURVE('',#949,#950,#65,.T.);
#1173=EDGE_CURVE('',#950,#943,#846,.T.);
#1174=EDGE_CURVE('',#947,#940,#847,.T.);
#1175=EDGE_CURVE('',#939,#951,#848,.T.);
#1176=EDGE_CURVE('',#951,#952,#849,.T.);
#1177=EDGE_CURVE('',#953,#952,#66,.T.);
#1178=EDGE_CURVE('',#947,#953,#850,.T.);
#1179=EDGE_CURVE('',#954,#954,#851,.T.);
#1180=EDGE_CURVE('',#954,#955,#157,.T.);
#1181=EDGE_CURVE('',#956,#955,#67,.T.);
#1182=EDGE_CURVE('',#957,#956,#852,.T.);
#1183=EDGE_CURVE('',#958,#957,#158,.T.);
#1184=EDGE_CURVE('',#959,#958,#68,.T.);
#1185=EDGE_CURVE('',#960,#959,#159,.T.);
#1186=EDGE_CURVE('',#961,#960,#853,.T.);
#1187=EDGE_CURVE('',#955,#961,#69,.T.);
#1188=EDGE_CURVE('',#962,#957,#854,.T.);
#1189=EDGE_CURVE('',#962,#963,#160,.T.);
#1190=EDGE_CURVE('',#963,#958,#161,.T.);
#1191=EDGE_CURVE('',#964,#950,#855,.T.);
#1192=EDGE_CURVE('',#965,#964,#856,.T.);
#1193=EDGE_CURVE('',#966,#965,#857,.T.);
#1194=EDGE_CURVE('',#967,#966,#858,.T.);
#1195=EDGE_CURVE('',#968,#967,#859,.T.);
#1196=EDGE_CURVE('',#968,#961,#860,.T.);
#1197=EDGE_CURVE('',#962,#960,#861,.T.);
#1198=EDGE_CURVE('',#956,#969,#862,.T.);
#1199=EDGE_CURVE('',#969,#945,#863,.T.);
#1200=EDGE_CURVE('',#970,#971,#864,.T.);
#1201=EDGE_CURVE('',#972,#970,#865,.T.);
#1202=EDGE_CURVE('',#973,#972,#866,.T.);
#1203=EDGE_CURVE('',#974,#973,#867,.T.);
#1204=EDGE_CURVE('',#975,#974,#868,.T.);
#1205=EDGE_CURVE('',#971,#975,#869,.T.);
#1206=EDGE_CURVE('',#963,#959,#162,.T.);
#1207=EDGE_CURVE('',#976,#968,#30,.T.);
#1208=EDGE_CURVE('',#977,#976,#163,.T.);
#1209=EDGE_CURVE('',#978,#977,#164,.T.);
#1210=EDGE_CURVE('',#969,#978,#165,.T.);
#1211=EDGE_CURVE('',#979,#980,#166,.F.);
#1212=EDGE_CURVE('',#980,#981,#167,.T.);
#1213=EDGE_CURVE('',#981,#982,#168,.T.);
#1214=EDGE_CURVE('',#982,#979,#169,.T.);
#1215=EDGE_CURVE('',#983,#984,#170,.T.);
#1216=EDGE_CURVE('',#984,#982,#70,.T.);
#1217=EDGE_CURVE('',#981,#983,#71,.T.);
#1218=EDGE_CURVE('',#985,#986,#171,.F.);
#1219=EDGE_CURVE('',#986,#984,#172,.T.);
#1220=EDGE_CURVE('',#983,#985,#173,.T.);
#1221=EDGE_CURVE('',#983,#987,#174,.T.);
#1222=EDGE_CURVE('',#988,#987,#175,.T.);
#1223=EDGE_CURVE('',#988,#985,#176,.T.);
#1224=EDGE_CURVE('',#981,#989,#177,.T.);
#1225=EDGE_CURVE('',#987,#989,#72,.T.);
#1226=EDGE_CURVE('',#990,#980,#178,.T.);
#1227=EDGE_CURVE('',#989,#990,#179,.T.);
#1228=EDGE_CURVE('',#991,#992,#180,.T.);
#1229=EDGE_CURVE('',#992,#993,#181,.T.);
#1230=EDGE_CURVE('',#993,#994,#182,.T.);
#1231=EDGE_CURVE('',#994,#991,#183,.T.);
#1232=EDGE_CURVE('',#995,#996,#184,.T.);
#1233=EDGE_CURVE('',#996,#997,#870,.T.);
#1234=EDGE_CURVE('',#997,#998,#185,.T.);
#1235=EDGE_CURVE('',#998,#995,#871,.T.);
#1236=EDGE_CURVE('',#995,#994,#872,.T.);
#1237=EDGE_CURVE('',#993,#996,#873,.T.);
#1238=EDGE_CURVE('',#999,#1000,#31,.T.);
#1239=EDGE_CURVE('',#1000,#1001,#186,.T.);
#1240=EDGE_CURVE('',#1001,#1002,#187,.T.);
#1241=EDGE_CURVE('',#1002,#999,#188,.T.);
#1242=EDGE_CURVE('',#1001,#998,#874,.T.);
#1243=EDGE_CURVE('',#997,#1002,#875,.T.);
#1244=EDGE_CURVE('',#946,#991,#189,.F.);
#1245=EDGE_CURVE('',#1003,#1000,#32,.T.);
#1246=EDGE_CURVE('',#951,#1003,#190,.T.);
#1247=EDGE_CURVE('',#999,#1004,#191,.T.);
#1248=EDGE_CURVE('',#1004,#1005,#73,.T.);
#1249=EDGE_CURVE('',#1005,#1003,#192,.T.);
#1250=EDGE_CURVE('',#1006,#1002,#193,.T.);
#1251=EDGE_CURVE('',#1007,#1006,#74,.T.);
#1252=EDGE_CURVE('',#1008,#1007,#194,.T.);
#1253=EDGE_CURVE('',#1004,#1008,#75,.T.);
#1254=EDGE_CURVE('',#1009,#1010,#195,.T.);
#1255=EDGE_CURVE('',#1011,#1010,#196,.T.);
#1256=EDGE_CURVE('',#1012,#1011,#76,.T.);
#1257=EDGE_CURVE('',#1009,#1012,#197,.T.);
#1258=EDGE_CURVE('',#1013,#1014,#198,.T.);
#1259=EDGE_CURVE('',#1015,#1014,#199,.T.);
#1260=EDGE_CURVE('',#1016,#1015,#77,.T.);
#1261=EDGE_CURVE('',#1013,#1016,#200,.T.);
#1262=EDGE_CURVE('',#1017,#1018,#201,.F.);
#1263=EDGE_CURVE('',#1018,#1019,#202,.T.);
#1264=EDGE_CURVE('',#1019,#1020,#203,.T.);
#1265=EDGE_CURVE('',#1020,#1017,#204,.T.);
#1266=EDGE_CURVE('',#1019,#1021,#78,.T.);
#1267=EDGE_CURVE('',#1021,#1022,#205,.T.);
#1268=EDGE_CURVE('',#1022,#1020,#79,.T.);
#1269=EDGE_CURVE('',#1023,#1024,#206,.F.);
#1270=EDGE_CURVE('',#1024,#1022,#207,.T.);
#1271=EDGE_CURVE('',#1021,#1023,#208,.T.);
#1272=EDGE_CURVE('',#1021,#1025,#209,.T.);
#1273=EDGE_CURVE('',#1026,#1025,#210,.T.);
#1274=EDGE_CURVE('',#1023,#1026,#211,.T.);
#1275=EDGE_CURVE('',#1019,#1027,#212,.T.);
#1276=EDGE_CURVE('',#1025,#1027,#80,.T.);
#1277=EDGE_CURVE('',#1018,#1028,#213,.T.);
#1278=EDGE_CURVE('',#1027,#1028,#214,.T.);
#1279=EDGE_CURVE('',#1029,#1030,#81,.T.);
#1280=EDGE_CURVE('',#1030,#949,#876,.T.);
#1281=EDGE_CURVE('',#949,#1031,#82,.T.);
#1282=EDGE_CURVE('',#1031,#1029,#877,.T.);
#1283=EDGE_CURVE('',#1032,#1033,#83,.T.);
#1284=EDGE_CURVE('',#1033,#1030,#878,.T.);
#1285=EDGE_CURVE('',#1029,#1032,#879,.T.);
#1286=EDGE_CURVE('',#1034,#948,#84,.T.);
#1287=EDGE_CURVE('',#948,#1033,#880,.T.);
#1288=EDGE_CURVE('',#1032,#1034,#881,.T.);
#1289=EDGE_CURVE('',#1034,#1031,#882,.T.);
#1290=EDGE_CURVE('',#1030,#1035,#85,.T.);
#1291=EDGE_CURVE('',#1035,#950,#883,.T.);
#1292=EDGE_CURVE('',#1036,#1037,#215,.F.);
#1293=EDGE_CURVE('',#1037,#1038,#216,.F.);
#1294=EDGE_CURVE('',#1038,#1039,#217,.F.);
#1295=EDGE_CURVE('',#1036,#1039,#86,.F.);
#1296=EDGE_CURVE('',#953,#1033,#87,.T.);
#1297=EDGE_CURVE('',#953,#1035,#884,.T.);
#1298=EDGE_CURVE('',#1014,#1040,#218,.F.);
#1299=EDGE_CURVE('',#1040,#1041,#219,.T.);
#1300=EDGE_CURVE('',#1041,#1015,#220,.T.);
#1301=EDGE_CURVE('',#1041,#1042,#88,.T.);
#1302=EDGE_CURVE('',#1042,#1016,#221,.T.);
#1303=EDGE_CURVE('',#1043,#1013,#222,.F.);
#1304=EDGE_CURVE('',#1042,#1043,#223,.T.);
#1305=EDGE_CURVE('',#1039,#1042,#224,.T.);
#1306=EDGE_CURVE('',#1038,#1043,#225,.T.);
#1307=EDGE_CURVE('',#1010,#1026,#226,.F.);
#1308=EDGE_CURVE('',#1025,#1011,#227,.T.);
#1309=EDGE_CURVE('',#1027,#1012,#228,.T.);
#1310=EDGE_CURVE('',#1028,#1009,#229,.F.);
#1311=EDGE_CURVE('',#970,#1044,#885,.F.);
#1312=EDGE_CURVE('',#1044,#1045,#886,.T.);
#1313=EDGE_CURVE('',#1045,#972,#230,.T.);
#1314=EDGE_CURVE('',#1046,#1047,#887,.T.);
#1315=EDGE_CURVE('',#1046,#1048,#888,.T.);
#1316=EDGE_CURVE('',#1048,#974,#231,.T.);
#1317=EDGE_CURVE('',#973,#1049,#232,.T.);
#1318=EDGE_CURVE('',#1049,#1047,#889,.T.);
#1319=EDGE_CURVE('',#1045,#1049,#890,.T.);
#1320=EDGE_CURVE('',#975,#1050,#233,.T.);
#1321=EDGE_CURVE('',#1050,#1051,#891,.T.);
#1322=EDGE_CURVE('',#1051,#971,#892,.F.);
#1323=EDGE_CURVE('',#1048,#1050,#893,.T.);
#1324=EDGE_CURVE('',#1046,#1052,#89,.F.);
#1325=EDGE_CURVE('',#1052,#1050,#234,.T.);
#1326=EDGE_CURVE('',#1053,#1054,#894,.T.);
#1327=EDGE_CURVE('',#1055,#1053,#90,.T.);
#1328=EDGE_CURVE('',#1055,#1056,#91,.T.);
#1329=EDGE_CURVE('',#1056,#1057,#92,.T.);
#1330=EDGE_CURVE('',#1057,#1054,#93,.T.);
#1331=EDGE_CURVE('',#1058,#1059,#895,.T.);
#1332=EDGE_CURVE('',#1058,#1060,#235,.T.);
#1333=EDGE_CURVE('',#1061,#1060,#94,.T.);
#1334=EDGE_CURVE('',#1061,#1062,#236,.T.);
#1335=EDGE_CURVE('',#1062,#1059,#95,.T.);
#1336=EDGE_CURVE('',#1059,#1053,#96,.T.);
#1337=EDGE_CURVE('',#1062,#1055,#97,.T.);
#1338=EDGE_CURVE('',#1063,#977,#98,.T.);
#1339=EDGE_CURVE('',#977,#1064,#896,.T.);
#1340=EDGE_CURVE('',#1064,#1063,#897,.T.);
#1341=EDGE_CURVE('',#976,#1065,#99,.T.);
#1342=EDGE_CURVE('',#1065,#1064,#237,.T.);
#1343=EDGE_CURVE('',#968,#1066,#100,.T.);
#1344=EDGE_CURVE('',#1066,#1065,#33,.T.);
#1345=EDGE_CURVE('',#967,#1067,#101,.T.);
#1346=EDGE_CURVE('',#1067,#1066,#898,.T.);
#1347=EDGE_CURVE('',#1068,#1069,#899,.T.);
#1348=EDGE_CURVE('',#1069,#1067,#900,.T.);
#1349=EDGE_CURVE('',#966,#1070,#901,.T.);
#1350=EDGE_CURVE('',#1070,#1068,#902,.T.);
#1351=EDGE_CURVE('',#1071,#1072,#102,.T.);
#1352=EDGE_CURVE('',#1072,#1073,#903,.T.);
#1353=EDGE_CURVE('',#1073,#1071,#904,.T.);
#1354=EDGE_CURVE('',#1054,#1073,#103,.T.);
#1355=EDGE_CURVE('',#1072,#1063,#104,.T.);
#1356=EDGE_CURVE('',#1064,#1058,#105,.T.);
#1357=EDGE_CURVE('',#1073,#1074,#238,.T.);
#1358=EDGE_CURVE('',#1074,#1075,#106,.T.);
#1359=EDGE_CURVE('',#1075,#1071,#239,.T.);
#1360=EDGE_CURVE('',#1076,#1074,#107,.T.);
#1361=EDGE_CURVE('',#1074,#1077,#240,.T.);
#1362=EDGE_CURVE('',#1077,#1078,#108,.T.);
#1363=EDGE_CURVE('',#1078,#1076,#241,.T.);
#1364=EDGE_CURVE('',#1079,#1080,#109,.T.);
#1365=EDGE_CURVE('',#1080,#1081,#242,.T.);
#1366=EDGE_CURVE('',#1081,#1082,#110,.T.);
#1367=EDGE_CURVE('',#1082,#1079,#243,.T.);
#1368=EDGE_CURVE('',#1081,#1083,#905,.T.);
#1369=EDGE_CURVE('',#1083,#1084,#111,.T.);
#1370=EDGE_CURVE('',#1084,#1082,#906,.T.);
#1371=EDGE_CURVE('',#1060,#1084,#34,.T.);
#1372=EDGE_CURVE('',#1083,#1061,#35,.T.);
#1373=EDGE_CURVE('',#1085,#1077,#112,.T.);
#1374=EDGE_CURVE('',#1077,#1057,#244,.T.);
#1375=EDGE_CURVE('',#1056,#1085,#245,.T.);
#1376=EDGE_CURVE('',#1085,#1078,#113,.T.);
#1377=EDGE_CURVE('',#1076,#1075,#114,.T.);
#1378=EDGE_CURVE('',#1063,#1086,#246,.T.);
#1379=EDGE_CURVE('',#1086,#978,#115,.T.);
#1380=EDGE_CURVE('',#1087,#1072,#247,.T.);
#1381=EDGE_CURVE('',#1086,#1087,#116,.T.);
#1382=EDGE_CURVE('',#1071,#1088,#248,.T.);
#1383=EDGE_CURVE('',#1088,#1087,#117,.T.);
#1384=EDGE_CURVE('',#1089,#1075,#249,.T.);
#1385=EDGE_CURVE('',#1088,#1089,#250,.T.);
#1386=EDGE_CURVE('',#986,#979,#251,.T.);
#1387=EDGE_CURVE('',#1076,#1090,#252,.T.);
#1388=EDGE_CURVE('',#1090,#1091,#36,.T.);
#1389=EDGE_CURVE('',#1091,#1089,#118,.T.);
#1390=EDGE_CURVE('',#1092,#1078,#253,.T.);
#1391=EDGE_CURVE('',#1090,#1092,#254,.T.);
#1392=EDGE_CURVE('',#1085,#1093,#255,.T.);
#1393=EDGE_CURVE('',#1093,#1092,#37,.T.);
#1394=EDGE_CURVE('',#1094,#1056,#256,.T.);
#1395=EDGE_CURVE('',#1094,#1095,#257,.T.);
#1396=EDGE_CURVE('',#1093,#1095,#258,.T.);
#1397=EDGE_CURVE('',#1096,#1097,#259,.T.);
#1398=EDGE_CURVE('',#1098,#1097,#260,.T.);
#1399=EDGE_CURVE('',#1099,#1098,#119,.T.);
#1400=EDGE_CURVE('',#1096,#1099,#261,.T.);
#1401=EDGE_CURVE('',#1055,#1100,#262,.T.);
#1402=EDGE_CURVE('',#1100,#1094,#120,.T.);
#1403=EDGE_CURVE('',#1062,#1101,#263,.T.);
#1404=EDGE_CURVE('',#1101,#1100,#121,.T.);
#1405=EDGE_CURVE('',#1101,#992,#264,.T.);
#1406=EDGE_CURVE('',#996,#1083,#265,.T.);
#1407=EDGE_CURVE('',#1102,#1102,#907,.T.);
#1408=EDGE_CURVE('',#1080,#1103,#122,.T.);
#1409=EDGE_CURVE('',#1006,#1103,#908,.T.);
#1410=EDGE_CURVE('',#1104,#1068,#909,.F.);
#1411=EDGE_CURVE('',#1105,#1104,#266,.T.);
#1412=EDGE_CURVE('',#1103,#1105,#910,.F.);
#1413=EDGE_CURVE('',#1079,#1069,#267,.F.);
#1414=EDGE_CURVE('',#1008,#1106,#123,.T.);
#1415=EDGE_CURVE('',#1106,#1005,#124,.T.);
#1416=EDGE_CURVE('',#1007,#1107,#125,.T.);
#1417=EDGE_CURVE('',#1107,#1106,#268,.T.);
#1418=EDGE_CURVE('',#1006,#1108,#126,.T.);
#1419=EDGE_CURVE('',#1108,#1107,#127,.T.);
#1420=EDGE_CURVE('',#1105,#1108,#911,.T.);
#1421=EDGE_CURVE('',#1070,#965,#912,.F.);
#1422=EDGE_CURVE('',#964,#1109,#128,.T.);
#1423=EDGE_CURVE('',#1109,#1104,#913,.T.);
#1424=EDGE_CURVE('',#1035,#1110,#129,.T.);
#1425=EDGE_CURVE('',#1110,#1109,#914,.T.);
#1426=EDGE_CURVE('',#952,#1110,#915,.T.);
#1427=EDGE_CURVE('',#1106,#1110,#269,.T.);
#1428=EDGE_CURVE('',#952,#1005,#270,.T.);
#1429=EDGE_CURVE('',#1111,#987,#271,.T.);
#1430=EDGE_CURVE('',#989,#1112,#272,.T.);
#1431=EDGE_CURVE('',#1112,#1111,#130,.T.);
#1432=EDGE_CURVE('',#990,#1113,#273,.F.);
#1433=EDGE_CURVE('',#1113,#1112,#274,.T.);
#1434=EDGE_CURVE('',#1114,#988,#275,.F.);
#1435=EDGE_CURVE('',#1111,#1114,#276,.T.);
#1436=EDGE_CURVE('',#1115,#1116,#131,.T.);
#1437=EDGE_CURVE('',#1117,#1115,#277,.T.);
#1438=EDGE_CURVE('',#1118,#1117,#278,.T.);
#1439=EDGE_CURVE('',#1116,#1118,#279,.T.);
#1440=EDGE_CURVE('',#1113,#1114,#280,.T.);
#1441=EDGE_CURVE('',#1119,#1099,#281,.T.);
#1442=EDGE_CURVE('',#1098,#1120,#282,.T.);
#1443=EDGE_CURVE('',#1120,#1119,#132,.T.);
#1444=EDGE_CURVE('',#1097,#1121,#283,.F.);
#1445=EDGE_CURVE('',#1121,#1120,#284,.T.);
#1446=EDGE_CURVE('',#1122,#1096,#285,.F.);
#1447=EDGE_CURVE('',#1119,#1122,#286,.T.);
#1448=EDGE_CURVE('',#1116,#1119,#287,.T.);
#1449=EDGE_CURVE('',#1122,#1118,#288,.T.);
#1450=EDGE_CURVE('',#1115,#1120,#289,.T.);
#1451=EDGE_CURVE('',#1095,#1091,#290,.T.);
#1452=EDGE_CURVE('',#1060,#1065,#291,.T.);
#1453=EDGE_CURVE('',#1067,#1082,#292,.T.);
#1454=EDGE_CURVE('',#1024,#1017,#293,.T.);
#1455=EDGE_CURVE('',#1037,#1040,#294,.T.);
#1456=EDGE_CURVE('',#1036,#1041,#295,.T.);
#1457=EDGE_CURVE('',#1123,#1047,#133,.F.);
#1458=EDGE_CURVE('',#1123,#1124,#296,.T.);
#1459=EDGE_CURVE('',#1125,#1124,#297,.F.);
#1460=EDGE_CURVE('',#1052,#1125,#298,.F.);
#1461=EDGE_CURVE('',#1124,#1044,#299,.T.);
#1462=EDGE_CURVE('',#1123,#1049,#300,.T.);
#1463=EDGE_CURVE('',#1125,#1051,#301,.T.);
#1464=EDGE_CURVE('',#1102,#954,#302,.T.);
#1465=EDGE_CURVE('',#1107,#1109,#303,.T.);
#1466=EDGE_CURVE('',#1121,#1117,#304,.T.);
#1467=EDGE_CURVE('',#1126,#1127,#916,.T.);
#1468=EDGE_CURVE('',#1126,#1128,#917,.F.);
#1469=EDGE_CURVE('',#1129,#1128,#918,.T.);
#1470=EDGE_CURVE('',#1129,#1127,#919,.F.);
#1471=EDGE_CURVE('',#1130,#1131,#305,.T.);
#1472=EDGE_CURVE('',#1131,#1132,#306,.T.);
#1473=EDGE_CURVE('',#1132,#1133,#307,.T.);
#1474=EDGE_CURVE('',#1133,#1130,#308,.T.);
#1475=EDGE_CURVE('',#1134,#1130,#309,.F.);
#1476=EDGE_CURVE('',#1134,#1135,#310,.T.);
#1477=EDGE_CURVE('',#1135,#1131,#311,.F.);
#1478=EDGE_CURVE('',#1136,#1133,#312,.T.);
#1479=EDGE_CURVE('',#1136,#1134,#920,.F.);
#1480=EDGE_CURVE('',#1127,#1129,#921,.F.);
#1481=EDGE_CURVE('',#1128,#1126,#922,.F.);
#1482=EDGE_CURVE('',#1137,#1135,#923,.F.);
#1483=EDGE_CURVE('',#1136,#1137,#924,.T.);
#1484=EDGE_CURVE('',#1132,#1137,#313,.F.);
#1485=ORIENTED_EDGE('',*,*,#1138,.T.);
#1486=ORIENTED_EDGE('',*,*,#1139,.T.);
#1487=ORIENTED_EDGE('',*,*,#1140,.T.);
#1488=ORIENTED_EDGE('',*,*,#1138,.F.);
#1489=ORIENTED_EDGE('',*,*,#1141,.T.);
#1490=ORIENTED_EDGE('',*,*,#1142,.F.);
#1491=ORIENTED_EDGE('',*,*,#1143,.F.);
#1492=ORIENTED_EDGE('',*,*,#1139,.F.);
#1493=ORIENTED_EDGE('',*,*,#1143,.T.);
#1494=ORIENTED_EDGE('',*,*,#1144,.F.);
#1495=ORIENTED_EDGE('',*,*,#1145,.F.);
#1496=ORIENTED_EDGE('',*,*,#1140,.F.);
#1497=ORIENTED_EDGE('',*,*,#1145,.T.);
#1498=ORIENTED_EDGE('',*,*,#1146,.F.);
#1499=ORIENTED_EDGE('',*,*,#1141,.F.);
#1500=ORIENTED_EDGE('',*,*,#1147,.T.);
#1501=ORIENTED_EDGE('',*,*,#1148,.T.);
#1502=ORIENTED_EDGE('',*,*,#1149,.T.);
#1503=ORIENTED_EDGE('',*,*,#1150,.T.);
#1504=ORIENTED_EDGE('',*,*,#1147,.F.);
#1505=ORIENTED_EDGE('',*,*,#1151,.T.);
#1506=ORIENTED_EDGE('',*,*,#1152,.F.);
#1507=ORIENTED_EDGE('',*,*,#1153,.F.);
#1508=ORIENTED_EDGE('',*,*,#1148,.F.);
#1509=ORIENTED_EDGE('',*,*,#1153,.T.);
#1510=ORIENTED_EDGE('',*,*,#1154,.F.);
#1511=ORIENTED_EDGE('',*,*,#1151,.F.);
#1512=ORIENTED_EDGE('',*,*,#1149,.F.);
#1513=ORIENTED_EDGE('',*,*,#1155,.T.);
#1514=ORIENTED_EDGE('',*,*,#1156,.F.);
#1515=ORIENTED_EDGE('',*,*,#1157,.F.);
#1516=ORIENTED_EDGE('',*,*,#1150,.F.);
#1517=ORIENTED_EDGE('',*,*,#1157,.T.);
#1518=ORIENTED_EDGE('',*,*,#1158,.F.);
#1519=ORIENTED_EDGE('',*,*,#1155,.F.);
#1520=ORIENTED_EDGE('',*,*,#1156,.T.);
#1521=ORIENTED_EDGE('',*,*,#1158,.T.);
#1522=ORIENTED_EDGE('',*,*,#1159,.T.);
#1523=ORIENTED_EDGE('',*,*,#1160,.T.);
#1524=ORIENTED_EDGE('',*,*,#1161,.T.);
#1525=ORIENTED_EDGE('',*,*,#1162,.T.);
#1526=ORIENTED_EDGE('',*,*,#1163,.T.);
#1527=ORIENTED_EDGE('',*,*,#1164,.T.);
#1528=ORIENTED_EDGE('',*,*,#1161,.F.);
#1529=ORIENTED_EDGE('',*,*,#1165,.T.);
#1530=ORIENTED_EDGE('',*,*,#1166,.T.);
#1531=ORIENTED_EDGE('',*,*,#1167,.T.);
#1532=ORIENTED_EDGE('',*,*,#1163,.F.);
#1533=ORIENTED_EDGE('',*,*,#1168,.T.);
#1534=ORIENTED_EDGE('',*,*,#1165,.F.);
#1535=ORIENTED_EDGE('',*,*,#1169,.T.);
#1536=ORIENTED_EDGE('',*,*,#1170,.T.);
#1537=ORIENTED_EDGE('',*,*,#1171,.F.);
#1538=ORIENTED_EDGE('',*,*,#1172,.T.);
#1539=ORIENTED_EDGE('',*,*,#1173,.T.);
#1540=ORIENTED_EDGE('',*,*,#1160,.F.);
#1541=ORIENTED_EDGE('',*,*,#1174,.F.);
#1542=ORIENTED_EDGE('',*,*,#1169,.F.);
#1543=ORIENTED_EDGE('',*,*,#1159,.F.);
#1544=ORIENTED_EDGE('',*,*,#1175,.T.);
#1545=ORIENTED_EDGE('',*,*,#1176,.T.);
#1546=ORIENTED_EDGE('',*,*,#1177,.F.);
#1547=ORIENTED_EDGE('',*,*,#1178,.F.);
#1548=ORIENTED_EDGE('',*,*,#1174,.T.);
#1549=ORIENTED_EDGE('',*,*,#1179,.F.);
#1550=ORIENTED_EDGE('',*,*,#1180,.T.);
#1551=ORIENTED_EDGE('',*,*,#1181,.F.);
#1552=ORIENTED_EDGE('',*,*,#1182,.F.);
#1553=ORIENTED_EDGE('',*,*,#1183,.F.);
#1554=ORIENTED_EDGE('',*,*,#1184,.F.);
#1555=ORIENTED_EDGE('',*,*,#1185,.F.);
#1556=ORIENTED_EDGE('',*,*,#1186,.F.);
#1557=ORIENTED_EDGE('',*,*,#1187,.F.);
#1558=ORIENTED_EDGE('',*,*,#1180,.F.);
#1559=ORIENTED_EDGE('',*,*,#1183,.T.);
#1560=ORIENTED_EDGE('',*,*,#1188,.F.);
#1561=ORIENTED_EDGE('',*,*,#1189,.T.);
#1562=ORIENTED_EDGE('',*,*,#1190,.T.);
#1563=ORIENTED_EDGE('',*,*,#1168,.F.);
#1564=ORIENTED_EDGE('',*,*,#1173,.F.);
#1565=ORIENTED_EDGE('',*,*,#1191,.F.);
#1566=ORIENTED_EDGE('',*,*,#1192,.F.);
#1567=ORIENTED_EDGE('',*,*,#1193,.F.);
#1568=ORIENTED_EDGE('',*,*,#1194,.F.);
#1569=ORIENTED_EDGE('',*,*,#1195,.F.);
#1570=ORIENTED_EDGE('',*,*,#1196,.T.);
#1571=ORIENTED_EDGE('',*,*,#1186,.T.);
#1572=ORIENTED_EDGE('',*,*,#1197,.F.);
#1573=ORIENTED_EDGE('',*,*,#1188,.T.);
#1574=ORIENTED_EDGE('',*,*,#1182,.T.);
#1575=ORIENTED_EDGE('',*,*,#1198,.T.);
#1576=ORIENTED_EDGE('',*,*,#1199,.T.);
#1577=ORIENTED_EDGE('',*,*,#1200,.F.);
#1578=ORIENTED_EDGE('',*,*,#1201,.F.);
#1579=ORIENTED_EDGE('',*,*,#1202,.F.);
#1580=ORIENTED_EDGE('',*,*,#1203,.F.);
#1581=ORIENTED_EDGE('',*,*,#1204,.F.);
#1582=ORIENTED_EDGE('',*,*,#1205,.F.);
#1583=ORIENTED_EDGE('',*,*,#1184,.T.);
#1584=ORIENTED_EDGE('',*,*,#1190,.F.);
#1585=ORIENTED_EDGE('',*,*,#1206,.T.);
#1586=ORIENTED_EDGE('',*,*,#1196,.F.);
#1587=ORIENTED_EDGE('',*,*,#1207,.F.);
#1588=ORIENTED_EDGE('',*,*,#1208,.F.);
#1589=ORIENTED_EDGE('',*,*,#1209,.F.);
#1590=ORIENTED_EDGE('',*,*,#1210,.F.);
#1591=ORIENTED_EDGE('',*,*,#1198,.F.);
#1592=ORIENTED_EDGE('',*,*,#1181,.T.);
#1593=ORIENTED_EDGE('',*,*,#1187,.T.);
#1594=ORIENTED_EDGE('',*,*,#1185,.T.);
#1595=ORIENTED_EDGE('',*,*,#1206,.F.);
#1596=ORIENTED_EDGE('',*,*,#1189,.F.);
#1597=ORIENTED_EDGE('',*,*,#1197,.T.);
#1598=ORIENTED_EDGE('',*,*,#1211,.T.);
#1599=ORIENTED_EDGE('',*,*,#1212,.T.);
#1600=ORIENTED_EDGE('',*,*,#1213,.T.);
#1601=ORIENTED_EDGE('',*,*,#1214,.T.);
#1602=ORIENTED_EDGE('',*,*,#1215,.T.);
#1603=ORIENTED_EDGE('',*,*,#1216,.T.);
#1604=ORIENTED_EDGE('',*,*,#1213,.F.);
#1605=ORIENTED_EDGE('',*,*,#1217,.T.);
#1606=ORIENTED_EDGE('',*,*,#1218,.T.);
#1607=ORIENTED_EDGE('',*,*,#1219,.T.);
#1608=ORIENTED_EDGE('',*,*,#1215,.F.);
#1609=ORIENTED_EDGE('',*,*,#1220,.T.);
#1610=ORIENTED_EDGE('',*,*,#1220,.F.);
#1611=ORIENTED_EDGE('',*,*,#1221,.T.);
#1612=ORIENTED_EDGE('',*,*,#1222,.F.);
#1613=ORIENTED_EDGE('',*,*,#1223,.T.);
#1614=ORIENTED_EDGE('',*,*,#1217,.F.);
#1615=ORIENTED_EDGE('',*,*,#1224,.T.);
#1616=ORIENTED_EDGE('',*,*,#1225,.F.);
#1617=ORIENTED_EDGE('',*,*,#1221,.F.);
#1618=ORIENTED_EDGE('',*,*,#1212,.F.);
#1619=ORIENTED_EDGE('',*,*,#1226,.F.);
#1620=ORIENTED_EDGE('',*,*,#1227,.F.);
#1621=ORIENTED_EDGE('',*,*,#1224,.F.);
#1622=ORIENTED_EDGE('',*,*,#1228,.T.);
#1623=ORIENTED_EDGE('',*,*,#1229,.T.);
#1624=ORIENTED_EDGE('',*,*,#1230,.T.);
#1625=ORIENTED_EDGE('',*,*,#1231,.T.);
#1626=ORIENTED_EDGE('',*,*,#1232,.T.);
#1627=ORIENTED_EDGE('',*,*,#1233,.T.);
#1628=ORIENTED_EDGE('',*,*,#1234,.T.);
#1629=ORIENTED_EDGE('',*,*,#1235,.T.);
#1630=ORIENTED_EDGE('',*,*,#1232,.F.);
#1631=ORIENTED_EDGE('',*,*,#1236,.T.);
#1632=ORIENTED_EDGE('',*,*,#1230,.F.);
#1633=ORIENTED_EDGE('',*,*,#1237,.T.);
#1634=ORIENTED_EDGE('',*,*,#1238,.T.);
#1635=ORIENTED_EDGE('',*,*,#1239,.T.);
#1636=ORIENTED_EDGE('',*,*,#1240,.T.);
#1637=ORIENTED_EDGE('',*,*,#1241,.T.);
#1638=ORIENTED_EDGE('',*,*,#1240,.F.);
#1639=ORIENTED_EDGE('',*,*,#1242,.T.);
#1640=ORIENTED_EDGE('',*,*,#1234,.F.);
#1641=ORIENTED_EDGE('',*,*,#1243,.T.);
#1642=ORIENTED_EDGE('',*,*,#1167,.F.);
#1643=ORIENTED_EDGE('',*,*,#1244,.T.);
#1644=ORIENTED_EDGE('',*,*,#1231,.F.);
#1645=ORIENTED_EDGE('',*,*,#1236,.F.);
#1646=ORIENTED_EDGE('',*,*,#1235,.F.);
#1647=ORIENTED_EDGE('',*,*,#1242,.F.);
#1648=ORIENTED_EDGE('',*,*,#1239,.F.);
#1649=ORIENTED_EDGE('',*,*,#1245,.F.);
#1650=ORIENTED_EDGE('',*,*,#1246,.F.);
#1651=ORIENTED_EDGE('',*,*,#1175,.F.);
#1652=ORIENTED_EDGE('',*,*,#1162,.F.);
#1653=ORIENTED_EDGE('',*,*,#1164,.F.);
#1654=ORIENTED_EDGE('',*,*,#1238,.F.);
#1655=ORIENTED_EDGE('',*,*,#1247,.T.);
#1656=ORIENTED_EDGE('',*,*,#1248,.T.);
#1657=ORIENTED_EDGE('',*,*,#1249,.T.);
#1658=ORIENTED_EDGE('',*,*,#1245,.T.);
#1659=ORIENTED_EDGE('',*,*,#1241,.F.);
#1660=ORIENTED_EDGE('',*,*,#1250,.F.);
#1661=ORIENTED_EDGE('',*,*,#1251,.F.);
#1662=ORIENTED_EDGE('',*,*,#1252,.F.);
#1663=ORIENTED_EDGE('',*,*,#1253,.F.);
#1664=ORIENTED_EDGE('',*,*,#1247,.F.);
#1665=ORIENTED_EDGE('',*,*,#1142,.T.);
#1666=ORIENTED_EDGE('',*,*,#1146,.T.);
#1667=ORIENTED_EDGE('',*,*,#1144,.T.);
#1668=ORIENTED_EDGE('',*,*,#1152,.T.);
#1669=ORIENTED_EDGE('',*,*,#1154,.T.);
#1670=ORIENTED_EDGE('',*,*,#1254,.T.);
#1671=ORIENTED_EDGE('',*,*,#1255,.F.);
#1672=ORIENTED_EDGE('',*,*,#1256,.F.);
#1673=ORIENTED_EDGE('',*,*,#1257,.F.);
#1674=ORIENTED_EDGE('',*,*,#1258,.T.);
#1675=ORIENTED_EDGE('',*,*,#1259,.F.);
#1676=ORIENTED_EDGE('',*,*,#1260,.F.);
#1677=ORIENTED_EDGE('',*,*,#1261,.F.);
#1678=ORIENTED_EDGE('',*,*,#1262,.T.);
#1679=ORIENTED_EDGE('',*,*,#1263,.T.);
#1680=ORIENTED_EDGE('',*,*,#1264,.T.);
#1681=ORIENTED_EDGE('',*,*,#1265,.T.);
#1682=ORIENTED_EDGE('',*,*,#1264,.F.);
#1683=ORIENTED_EDGE('',*,*,#1266,.T.);
#1684=ORIENTED_EDGE('',*,*,#1267,.T.);
#1685=ORIENTED_EDGE('',*,*,#1268,.T.);
#1686=ORIENTED_EDGE('',*,*,#1269,.T.);
#1687=ORIENTED_EDGE('',*,*,#1270,.T.);
#1688=ORIENTED_EDGE('',*,*,#1267,.F.);
#1689=ORIENTED_EDGE('',*,*,#1271,.T.);
#1690=ORIENTED_EDGE('',*,*,#1271,.F.);
#1691=ORIENTED_EDGE('',*,*,#1272,.T.);
#1692=ORIENTED_EDGE('',*,*,#1273,.F.);
#1693=ORIENTED_EDGE('',*,*,#1274,.F.);
#1694=ORIENTED_EDGE('',*,*,#1266,.F.);
#1695=ORIENTED_EDGE('',*,*,#1275,.T.);
#1696=ORIENTED_EDGE('',*,*,#1276,.F.);
#1697=ORIENTED_EDGE('',*,*,#1272,.F.);
#1698=ORIENTED_EDGE('',*,*,#1263,.F.);
#1699=ORIENTED_EDGE('',*,*,#1277,.T.);
#1700=ORIENTED_EDGE('',*,*,#1278,.F.);
#1701=ORIENTED_EDGE('',*,*,#1275,.F.);
#1702=ORIENTED_EDGE('',*,*,#1279,.T.);
#1703=ORIENTED_EDGE('',*,*,#1280,.T.);
#1704=ORIENTED_EDGE('',*,*,#1281,.T.);
#1705=ORIENTED_EDGE('',*,*,#1282,.T.);
#1706=ORIENTED_EDGE('',*,*,#1283,.T.);
#1707=ORIENTED_EDGE('',*,*,#1284,.T.);
#1708=ORIENTED_EDGE('',*,*,#1279,.F.);
#1709=ORIENTED_EDGE('',*,*,#1285,.T.);
#1710=ORIENTED_EDGE('',*,*,#1286,.T.);
#1711=ORIENTED_EDGE('',*,*,#1287,.T.);
#1712=ORIENTED_EDGE('',*,*,#1283,.F.);
#1713=ORIENTED_EDGE('',*,*,#1288,.T.);
#1714=ORIENTED_EDGE('',*,*,#1281,.F.);
#1715=ORIENTED_EDGE('',*,*,#1171,.T.);
#1716=ORIENTED_EDGE('',*,*,#1286,.F.);
#1717=ORIENTED_EDGE('',*,*,#1289,.T.);
#1718=ORIENTED_EDGE('',*,*,#1280,.F.);
#1719=ORIENTED_EDGE('',*,*,#1290,.T.);
#1720=ORIENTED_EDGE('',*,*,#1291,.T.);
#1721=ORIENTED_EDGE('',*,*,#1172,.F.);
#1722=ORIENTED_EDGE('',*,*,#1282,.F.);
#1723=ORIENTED_EDGE('',*,*,#1289,.F.);
#1724=ORIENTED_EDGE('',*,*,#1288,.F.);
#1725=ORIENTED_EDGE('',*,*,#1285,.F.);
#1726=ORIENTED_EDGE('',*,*,#1292,.T.);
#1727=ORIENTED_EDGE('',*,*,#1293,.T.);
#1728=ORIENTED_EDGE('',*,*,#1294,.T.);
#1729=ORIENTED_EDGE('',*,*,#1295,.F.);
#1730=ORIENTED_EDGE('',*,*,#1287,.F.);
#1731=ORIENTED_EDGE('',*,*,#1170,.F.);
#1732=ORIENTED_EDGE('',*,*,#1178,.T.);
#1733=ORIENTED_EDGE('',*,*,#1296,.T.);
#1734=ORIENTED_EDGE('',*,*,#1284,.F.);
#1735=ORIENTED_EDGE('',*,*,#1296,.F.);
#1736=ORIENTED_EDGE('',*,*,#1297,.T.);
#1737=ORIENTED_EDGE('',*,*,#1290,.F.);
#1738=ORIENTED_EDGE('',*,*,#1298,.T.);
#1739=ORIENTED_EDGE('',*,*,#1299,.T.);
#1740=ORIENTED_EDGE('',*,*,#1300,.T.);
#1741=ORIENTED_EDGE('',*,*,#1259,.T.);
#1742=ORIENTED_EDGE('',*,*,#1300,.F.);
#1743=ORIENTED_EDGE('',*,*,#1301,.T.);
#1744=ORIENTED_EDGE('',*,*,#1302,.T.);
#1745=ORIENTED_EDGE('',*,*,#1260,.T.);
#1746=ORIENTED_EDGE('',*,*,#1303,.T.);
#1747=ORIENTED_EDGE('',*,*,#1261,.T.);
#1748=ORIENTED_EDGE('',*,*,#1302,.F.);
#1749=ORIENTED_EDGE('',*,*,#1304,.T.);
#1750=ORIENTED_EDGE('',*,*,#1304,.F.);
#1751=ORIENTED_EDGE('',*,*,#1305,.F.);
#1752=ORIENTED_EDGE('',*,*,#1294,.F.);
#1753=ORIENTED_EDGE('',*,*,#1306,.T.);
#1754=ORIENTED_EDGE('',*,*,#1307,.T.);
#1755=ORIENTED_EDGE('',*,*,#1273,.T.);
#1756=ORIENTED_EDGE('',*,*,#1308,.T.);
#1757=ORIENTED_EDGE('',*,*,#1255,.T.);
#1758=ORIENTED_EDGE('',*,*,#1308,.F.);
#1759=ORIENTED_EDGE('',*,*,#1276,.T.);
#1760=ORIENTED_EDGE('',*,*,#1309,.T.);
#1761=ORIENTED_EDGE('',*,*,#1256,.T.);
#1762=ORIENTED_EDGE('',*,*,#1310,.T.);
#1763=ORIENTED_EDGE('',*,*,#1257,.T.);
#1764=ORIENTED_EDGE('',*,*,#1309,.F.);
#1765=ORIENTED_EDGE('',*,*,#1278,.T.);
#1766=ORIENTED_EDGE('',*,*,#1311,.T.);
#1767=ORIENTED_EDGE('',*,*,#1312,.T.);
#1768=ORIENTED_EDGE('',*,*,#1313,.T.);
#1769=ORIENTED_EDGE('',*,*,#1201,.T.);
#1770=ORIENTED_EDGE('',*,*,#1314,.F.);
#1771=ORIENTED_EDGE('',*,*,#1315,.T.);
#1772=ORIENTED_EDGE('',*,*,#1316,.T.);
#1773=ORIENTED_EDGE('',*,*,#1203,.T.);
#1774=ORIENTED_EDGE('',*,*,#1317,.T.);
#1775=ORIENTED_EDGE('',*,*,#1318,.T.);
#1776=ORIENTED_EDGE('',*,*,#1317,.F.);
#1777=ORIENTED_EDGE('',*,*,#1202,.T.);
#1778=ORIENTED_EDGE('',*,*,#1313,.F.);
#1779=ORIENTED_EDGE('',*,*,#1319,.T.);
#1780=ORIENTED_EDGE('',*,*,#1320,.T.);
#1781=ORIENTED_EDGE('',*,*,#1321,.T.);
#1782=ORIENTED_EDGE('',*,*,#1322,.T.);
#1783=ORIENTED_EDGE('',*,*,#1205,.T.);
#1784=ORIENTED_EDGE('',*,*,#1320,.F.);
#1785=ORIENTED_EDGE('',*,*,#1204,.T.);
#1786=ORIENTED_EDGE('',*,*,#1316,.F.);
#1787=ORIENTED_EDGE('',*,*,#1323,.T.);
#1788=ORIENTED_EDGE('',*,*,#1315,.F.);
#1789=ORIENTED_EDGE('',*,*,#1324,.T.);
#1790=ORIENTED_EDGE('',*,*,#1325,.T.);
#1791=ORIENTED_EDGE('',*,*,#1323,.F.);
#1792=ORIENTED_EDGE('',*,*,#1326,.F.);
#1793=ORIENTED_EDGE('',*,*,#1327,.F.);
#1794=ORIENTED_EDGE('',*,*,#1328,.T.);
#1795=ORIENTED_EDGE('',*,*,#1329,.T.);
#1796=ORIENTED_EDGE('',*,*,#1330,.T.);
#1797=ORIENTED_EDGE('',*,*,#1331,.F.);
#1798=ORIENTED_EDGE('',*,*,#1332,.T.);
#1799=ORIENTED_EDGE('',*,*,#1333,.F.);
#1800=ORIENTED_EDGE('',*,*,#1334,.T.);
#1801=ORIENTED_EDGE('',*,*,#1335,.T.);
#1802=ORIENTED_EDGE('',*,*,#1336,.F.);
#1803=ORIENTED_EDGE('',*,*,#1335,.F.);
#1804=ORIENTED_EDGE('',*,*,#1337,.T.);
#1805=ORIENTED_EDGE('',*,*,#1327,.T.);
#1806=ORIENTED_EDGE('',*,*,#1338,.T.);
#1807=ORIENTED_EDGE('',*,*,#1339,.T.);
#1808=ORIENTED_EDGE('',*,*,#1340,.T.);
#1809=ORIENTED_EDGE('',*,*,#1339,.F.);
#1810=ORIENTED_EDGE('',*,*,#1208,.T.);
#1811=ORIENTED_EDGE('',*,*,#1341,.T.);
#1812=ORIENTED_EDGE('',*,*,#1342,.T.);
#1813=ORIENTED_EDGE('',*,*,#1343,.T.);
#1814=ORIENTED_EDGE('',*,*,#1344,.T.);
#1815=ORIENTED_EDGE('',*,*,#1341,.F.);
#1816=ORIENTED_EDGE('',*,*,#1207,.T.);
#1817=ORIENTED_EDGE('',*,*,#1343,.F.);
#1818=ORIENTED_EDGE('',*,*,#1195,.T.);
#1819=ORIENTED_EDGE('',*,*,#1345,.T.);
#1820=ORIENTED_EDGE('',*,*,#1346,.T.);
#1821=ORIENTED_EDGE('',*,*,#1347,.T.);
#1822=ORIENTED_EDGE('',*,*,#1348,.T.);
#1823=ORIENTED_EDGE('',*,*,#1345,.F.);
#1824=ORIENTED_EDGE('',*,*,#1194,.T.);
#1825=ORIENTED_EDGE('',*,*,#1349,.T.);
#1826=ORIENTED_EDGE('',*,*,#1350,.T.);
#1827=ORIENTED_EDGE('',*,*,#1351,.T.);
#1828=ORIENTED_EDGE('',*,*,#1352,.T.);
#1829=ORIENTED_EDGE('',*,*,#1353,.T.);
#1830=ORIENTED_EDGE('',*,*,#1326,.T.);
#1831=ORIENTED_EDGE('',*,*,#1354,.T.);
#1832=ORIENTED_EDGE('',*,*,#1352,.F.);
#1833=ORIENTED_EDGE('',*,*,#1355,.T.);
#1834=ORIENTED_EDGE('',*,*,#1340,.F.);
#1835=ORIENTED_EDGE('',*,*,#1356,.T.);
#1836=ORIENTED_EDGE('',*,*,#1331,.T.);
#1837=ORIENTED_EDGE('',*,*,#1336,.T.);
#1838=ORIENTED_EDGE('',*,*,#1353,.F.);
#1839=ORIENTED_EDGE('',*,*,#1357,.T.);
#1840=ORIENTED_EDGE('',*,*,#1358,.T.);
#1841=ORIENTED_EDGE('',*,*,#1359,.T.);
#1842=ORIENTED_EDGE('',*,*,#1360,.T.);
#1843=ORIENTED_EDGE('',*,*,#1361,.T.);
#1844=ORIENTED_EDGE('',*,*,#1362,.T.);
#1845=ORIENTED_EDGE('',*,*,#1363,.T.);
#1846=ORIENTED_EDGE('',*,*,#1364,.T.);
#1847=ORIENTED_EDGE('',*,*,#1365,.T.);
#1848=ORIENTED_EDGE('',*,*,#1366,.T.);
#1849=ORIENTED_EDGE('',*,*,#1367,.T.);
#1850=ORIENTED_EDGE('',*,*,#1366,.F.);
#1851=ORIENTED_EDGE('',*,*,#1368,.T.);
#1852=ORIENTED_EDGE('',*,*,#1369,.T.);
#1853=ORIENTED_EDGE('',*,*,#1370,.T.);
#1854=ORIENTED_EDGE('',*,*,#1333,.T.);
#1855=ORIENTED_EDGE('',*,*,#1371,.T.);
#1856=ORIENTED_EDGE('',*,*,#1369,.F.);
#1857=ORIENTED_EDGE('',*,*,#1372,.T.);
#1858=ORIENTED_EDGE('',*,*,#1373,.T.);
#1859=ORIENTED_EDGE('',*,*,#1374,.T.);
#1860=ORIENTED_EDGE('',*,*,#1329,.F.);
#1861=ORIENTED_EDGE('',*,*,#1375,.T.);
#1862=ORIENTED_EDGE('',*,*,#1373,.F.);
#1863=ORIENTED_EDGE('',*,*,#1376,.T.);
#1864=ORIENTED_EDGE('',*,*,#1362,.F.);
#1865=ORIENTED_EDGE('',*,*,#1360,.F.);
#1866=ORIENTED_EDGE('',*,*,#1377,.T.);
#1867=ORIENTED_EDGE('',*,*,#1358,.F.);
#1868=ORIENTED_EDGE('',*,*,#1338,.F.);
#1869=ORIENTED_EDGE('',*,*,#1378,.T.);
#1870=ORIENTED_EDGE('',*,*,#1379,.T.);
#1871=ORIENTED_EDGE('',*,*,#1209,.T.);
#1872=ORIENTED_EDGE('',*,*,#1355,.F.);
#1873=ORIENTED_EDGE('',*,*,#1380,.F.);
#1874=ORIENTED_EDGE('',*,*,#1381,.F.);
#1875=ORIENTED_EDGE('',*,*,#1378,.F.);
#1876=ORIENTED_EDGE('',*,*,#1351,.F.);
#1877=ORIENTED_EDGE('',*,*,#1382,.T.);
#1878=ORIENTED_EDGE('',*,*,#1383,.T.);
#1879=ORIENTED_EDGE('',*,*,#1380,.T.);
#1880=ORIENTED_EDGE('',*,*,#1359,.F.);
#1881=ORIENTED_EDGE('',*,*,#1384,.F.);
#1882=ORIENTED_EDGE('',*,*,#1385,.F.);
#1883=ORIENTED_EDGE('',*,*,#1382,.F.);
#1884=ORIENTED_EDGE('',*,*,#1386,.T.);
#1885=ORIENTED_EDGE('',*,*,#1214,.F.);
#1886=ORIENTED_EDGE('',*,*,#1216,.F.);
#1887=ORIENTED_EDGE('',*,*,#1219,.F.);
#1888=ORIENTED_EDGE('',*,*,#1377,.F.);
#1889=ORIENTED_EDGE('',*,*,#1387,.T.);
#1890=ORIENTED_EDGE('',*,*,#1388,.T.);
#1891=ORIENTED_EDGE('',*,*,#1389,.T.);
#1892=ORIENTED_EDGE('',*,*,#1384,.T.);
#1893=ORIENTED_EDGE('',*,*,#1363,.F.);
#1894=ORIENTED_EDGE('',*,*,#1390,.F.);
#1895=ORIENTED_EDGE('',*,*,#1391,.F.);
#1896=ORIENTED_EDGE('',*,*,#1387,.F.);
#1897=ORIENTED_EDGE('',*,*,#1376,.F.);
#1898=ORIENTED_EDGE('',*,*,#1392,.T.);
#1899=ORIENTED_EDGE('',*,*,#1393,.T.);
#1900=ORIENTED_EDGE('',*,*,#1390,.T.);
#1901=ORIENTED_EDGE('',*,*,#1375,.F.);
#1902=ORIENTED_EDGE('',*,*,#1394,.F.);
#1903=ORIENTED_EDGE('',*,*,#1395,.T.);
#1904=ORIENTED_EDGE('',*,*,#1396,.F.);
#1905=ORIENTED_EDGE('',*,*,#1392,.F.);
#1906=ORIENTED_EDGE('',*,*,#1397,.T.);
#1907=ORIENTED_EDGE('',*,*,#1398,.F.);
#1908=ORIENTED_EDGE('',*,*,#1399,.F.);
#1909=ORIENTED_EDGE('',*,*,#1400,.F.);
#1910=ORIENTED_EDGE('',*,*,#1328,.F.);
#1911=ORIENTED_EDGE('',*,*,#1401,.T.);
#1912=ORIENTED_EDGE('',*,*,#1402,.T.);
#1913=ORIENTED_EDGE('',*,*,#1394,.T.);
#1914=ORIENTED_EDGE('',*,*,#1337,.F.);
#1915=ORIENTED_EDGE('',*,*,#1403,.T.);
#1916=ORIENTED_EDGE('',*,*,#1404,.T.);
#1917=ORIENTED_EDGE('',*,*,#1401,.F.);
#1918=ORIENTED_EDGE('',*,*,#1229,.F.);
#1919=ORIENTED_EDGE('',*,*,#1405,.F.);
#1920=ORIENTED_EDGE('',*,*,#1403,.F.);
#1921=ORIENTED_EDGE('',*,*,#1334,.F.);
#1922=ORIENTED_EDGE('',*,*,#1372,.F.);
#1923=ORIENTED_EDGE('',*,*,#1406,.F.);
#1924=ORIENTED_EDGE('',*,*,#1237,.F.);
#1925=ORIENTED_EDGE('',*,*,#1407,.F.);
#1926=ORIENTED_EDGE('',*,*,#1233,.F.);
#1927=ORIENTED_EDGE('',*,*,#1406,.T.);
#1928=ORIENTED_EDGE('',*,*,#1368,.F.);
#1929=ORIENTED_EDGE('',*,*,#1365,.F.);
#1930=ORIENTED_EDGE('',*,*,#1408,.T.);
#1931=ORIENTED_EDGE('',*,*,#1409,.F.);
#1932=ORIENTED_EDGE('',*,*,#1250,.T.);
#1933=ORIENTED_EDGE('',*,*,#1243,.F.);
#1934=ORIENTED_EDGE('',*,*,#1347,.F.);
#1935=ORIENTED_EDGE('',*,*,#1410,.F.);
#1936=ORIENTED_EDGE('',*,*,#1411,.F.);
#1937=ORIENTED_EDGE('',*,*,#1412,.F.);
#1938=ORIENTED_EDGE('',*,*,#1408,.F.);
#1939=ORIENTED_EDGE('',*,*,#1364,.F.);
#1940=ORIENTED_EDGE('',*,*,#1413,.T.);
#1941=ORIENTED_EDGE('',*,*,#1330,.F.);
#1942=ORIENTED_EDGE('',*,*,#1374,.F.);
#1943=ORIENTED_EDGE('',*,*,#1361,.F.);
#1944=ORIENTED_EDGE('',*,*,#1357,.F.);
#1945=ORIENTED_EDGE('',*,*,#1354,.F.);
#1946=ORIENTED_EDGE('',*,*,#1414,.T.);
#1947=ORIENTED_EDGE('',*,*,#1415,.T.);
#1948=ORIENTED_EDGE('',*,*,#1248,.F.);
#1949=ORIENTED_EDGE('',*,*,#1253,.T.);
#1950=ORIENTED_EDGE('',*,*,#1416,.T.);
#1951=ORIENTED_EDGE('',*,*,#1417,.T.);
#1952=ORIENTED_EDGE('',*,*,#1414,.F.);
#1953=ORIENTED_EDGE('',*,*,#1252,.T.);
#1954=ORIENTED_EDGE('',*,*,#1418,.T.);
#1955=ORIENTED_EDGE('',*,*,#1419,.T.);
#1956=ORIENTED_EDGE('',*,*,#1416,.F.);
#1957=ORIENTED_EDGE('',*,*,#1251,.T.);
#1958=ORIENTED_EDGE('',*,*,#1412,.T.);
#1959=ORIENTED_EDGE('',*,*,#1420,.T.);
#1960=ORIENTED_EDGE('',*,*,#1418,.F.);
#1961=ORIENTED_EDGE('',*,*,#1409,.T.);
#1962=ORIENTED_EDGE('',*,*,#1350,.F.);
#1963=ORIENTED_EDGE('',*,*,#1421,.T.);
#1964=ORIENTED_EDGE('',*,*,#1192,.T.);
#1965=ORIENTED_EDGE('',*,*,#1422,.T.);
#1966=ORIENTED_EDGE('',*,*,#1423,.T.);
#1967=ORIENTED_EDGE('',*,*,#1410,.T.);
#1968=ORIENTED_EDGE('',*,*,#1291,.F.);
#1969=ORIENTED_EDGE('',*,*,#1424,.T.);
#1970=ORIENTED_EDGE('',*,*,#1425,.T.);
#1971=ORIENTED_EDGE('',*,*,#1422,.F.);
#1972=ORIENTED_EDGE('',*,*,#1191,.T.);
#1973=ORIENTED_EDGE('',*,*,#1297,.F.);
#1974=ORIENTED_EDGE('',*,*,#1177,.T.);
#1975=ORIENTED_EDGE('',*,*,#1426,.T.);
#1976=ORIENTED_EDGE('',*,*,#1424,.F.);
#1977=ORIENTED_EDGE('',*,*,#1415,.F.);
#1978=ORIENTED_EDGE('',*,*,#1427,.T.);
#1979=ORIENTED_EDGE('',*,*,#1426,.F.);
#1980=ORIENTED_EDGE('',*,*,#1428,.T.);
#1981=ORIENTED_EDGE('',*,*,#1249,.F.);
#1982=ORIENTED_EDGE('',*,*,#1428,.F.);
#1983=ORIENTED_EDGE('',*,*,#1176,.F.);
#1984=ORIENTED_EDGE('',*,*,#1246,.T.);
#1985=ORIENTED_EDGE('',*,*,#1429,.T.);
#1986=ORIENTED_EDGE('',*,*,#1225,.T.);
#1987=ORIENTED_EDGE('',*,*,#1430,.T.);
#1988=ORIENTED_EDGE('',*,*,#1431,.T.);
#1989=ORIENTED_EDGE('',*,*,#1432,.T.);
#1990=ORIENTED_EDGE('',*,*,#1433,.T.);
#1991=ORIENTED_EDGE('',*,*,#1430,.F.);
#1992=ORIENTED_EDGE('',*,*,#1227,.T.);
#1993=ORIENTED_EDGE('',*,*,#1434,.T.);
#1994=ORIENTED_EDGE('',*,*,#1222,.T.);
#1995=ORIENTED_EDGE('',*,*,#1429,.F.);
#1996=ORIENTED_EDGE('',*,*,#1435,.T.);
#1997=ORIENTED_EDGE('',*,*,#1436,.F.);
#1998=ORIENTED_EDGE('',*,*,#1437,.F.);
#1999=ORIENTED_EDGE('',*,*,#1438,.F.);
#2000=ORIENTED_EDGE('',*,*,#1439,.F.);
#2001=ORIENTED_EDGE('',*,*,#1440,.T.);
#2002=ORIENTED_EDGE('',*,*,#1435,.F.);
#2003=ORIENTED_EDGE('',*,*,#1431,.F.);
#2004=ORIENTED_EDGE('',*,*,#1433,.F.);
#2005=ORIENTED_EDGE('',*,*,#1441,.T.);
#2006=ORIENTED_EDGE('',*,*,#1399,.T.);
#2007=ORIENTED_EDGE('',*,*,#1442,.T.);
#2008=ORIENTED_EDGE('',*,*,#1443,.T.);
#2009=ORIENTED_EDGE('',*,*,#1444,.T.);
#2010=ORIENTED_EDGE('',*,*,#1445,.T.);
#2011=ORIENTED_EDGE('',*,*,#1442,.F.);
#2012=ORIENTED_EDGE('',*,*,#1398,.T.);
#2013=ORIENTED_EDGE('',*,*,#1446,.T.);
#2014=ORIENTED_EDGE('',*,*,#1400,.T.);
#2015=ORIENTED_EDGE('',*,*,#1441,.F.);
#2016=ORIENTED_EDGE('',*,*,#1447,.T.);
#2017=ORIENTED_EDGE('',*,*,#1447,.F.);
#2018=ORIENTED_EDGE('',*,*,#1448,.F.);
#2019=ORIENTED_EDGE('',*,*,#1439,.T.);
#2020=ORIENTED_EDGE('',*,*,#1449,.F.);
#2021=ORIENTED_EDGE('',*,*,#1443,.F.);
#2022=ORIENTED_EDGE('',*,*,#1450,.F.);
#2023=ORIENTED_EDGE('',*,*,#1436,.T.);
#2024=ORIENTED_EDGE('',*,*,#1448,.T.);
#2025=ORIENTED_EDGE('',*,*,#1393,.F.);
#2026=ORIENTED_EDGE('',*,*,#1396,.T.);
#2027=ORIENTED_EDGE('',*,*,#1451,.T.);
#2028=ORIENTED_EDGE('',*,*,#1388,.F.);
#2029=ORIENTED_EDGE('',*,*,#1391,.T.);
#2030=ORIENTED_EDGE('',*,*,#1342,.F.);
#2031=ORIENTED_EDGE('',*,*,#1452,.F.);
#2032=ORIENTED_EDGE('',*,*,#1332,.F.);
#2033=ORIENTED_EDGE('',*,*,#1356,.F.);
#2034=ORIENTED_EDGE('',*,*,#1349,.F.);
#2035=ORIENTED_EDGE('',*,*,#1193,.T.);
#2036=ORIENTED_EDGE('',*,*,#1421,.F.);
#2037=ORIENTED_EDGE('',*,*,#1348,.F.);
#2038=ORIENTED_EDGE('',*,*,#1413,.F.);
#2039=ORIENTED_EDGE('',*,*,#1367,.F.);
#2040=ORIENTED_EDGE('',*,*,#1453,.F.);
#2041=ORIENTED_EDGE('',*,*,#1346,.F.);
#2042=ORIENTED_EDGE('',*,*,#1453,.T.);
#2043=ORIENTED_EDGE('',*,*,#1370,.F.);
#2044=ORIENTED_EDGE('',*,*,#1371,.F.);
#2045=ORIENTED_EDGE('',*,*,#1452,.T.);
#2046=ORIENTED_EDGE('',*,*,#1344,.F.);
#2047=ORIENTED_EDGE('',*,*,#1254,.F.);
#2048=ORIENTED_EDGE('',*,*,#1310,.F.);
#2049=ORIENTED_EDGE('',*,*,#1277,.F.);
#2050=ORIENTED_EDGE('',*,*,#1262,.F.);
#2051=ORIENTED_EDGE('',*,*,#1454,.F.);
#2052=ORIENTED_EDGE('',*,*,#1269,.F.);
#2053=ORIENTED_EDGE('',*,*,#1274,.T.);
#2054=ORIENTED_EDGE('',*,*,#1307,.F.);
#2055=ORIENTED_EDGE('',*,*,#1299,.F.);
#2056=ORIENTED_EDGE('',*,*,#1455,.F.);
#2057=ORIENTED_EDGE('',*,*,#1292,.F.);
#2058=ORIENTED_EDGE('',*,*,#1456,.T.);
#2059=ORIENTED_EDGE('',*,*,#1258,.F.);
#2060=ORIENTED_EDGE('',*,*,#1303,.F.);
#2061=ORIENTED_EDGE('',*,*,#1306,.F.);
#2062=ORIENTED_EDGE('',*,*,#1293,.F.);
#2063=ORIENTED_EDGE('',*,*,#1455,.T.);
#2064=ORIENTED_EDGE('',*,*,#1298,.F.);
#2065=ORIENTED_EDGE('',*,*,#1457,.F.);
#2066=ORIENTED_EDGE('',*,*,#1458,.T.);
#2067=ORIENTED_EDGE('',*,*,#1459,.F.);
#2068=ORIENTED_EDGE('',*,*,#1460,.F.);
#2069=ORIENTED_EDGE('',*,*,#1324,.F.);
#2070=ORIENTED_EDGE('',*,*,#1314,.T.);
#2071=ORIENTED_EDGE('',*,*,#1454,.T.);
#2072=ORIENTED_EDGE('',*,*,#1265,.F.);
#2073=ORIENTED_EDGE('',*,*,#1268,.F.);
#2074=ORIENTED_EDGE('',*,*,#1270,.F.);
#2075=ORIENTED_EDGE('',*,*,#1301,.F.);
#2076=ORIENTED_EDGE('',*,*,#1456,.F.);
#2077=ORIENTED_EDGE('',*,*,#1295,.T.);
#2078=ORIENTED_EDGE('',*,*,#1305,.T.);
#2079=ORIENTED_EDGE('',*,*,#1312,.F.);
#2080=ORIENTED_EDGE('',*,*,#1461,.F.);
#2081=ORIENTED_EDGE('',*,*,#1458,.F.);
#2082=ORIENTED_EDGE('',*,*,#1462,.T.);
#2083=ORIENTED_EDGE('',*,*,#1319,.F.);
#2084=ORIENTED_EDGE('',*,*,#1200,.T.);
#2085=ORIENTED_EDGE('',*,*,#1322,.F.);
#2086=ORIENTED_EDGE('',*,*,#1463,.F.);
#2087=ORIENTED_EDGE('',*,*,#1459,.T.);
#2088=ORIENTED_EDGE('',*,*,#1461,.T.);
#2089=ORIENTED_EDGE('',*,*,#1311,.F.);
#2090=ORIENTED_EDGE('',*,*,#1321,.F.);
#2091=ORIENTED_EDGE('',*,*,#1325,.F.);
#2092=ORIENTED_EDGE('',*,*,#1460,.T.);
#2093=ORIENTED_EDGE('',*,*,#1463,.T.);
#2094=ORIENTED_EDGE('',*,*,#1318,.F.);
#2095=ORIENTED_EDGE('',*,*,#1462,.F.);
#2096=ORIENTED_EDGE('',*,*,#1457,.T.);
#2097=ORIENTED_EDGE('',*,*,#1464,.T.);
#2098=ORIENTED_EDGE('',*,*,#1179,.T.);
#2099=ORIENTED_EDGE('',*,*,#1464,.F.);
#2100=ORIENTED_EDGE('',*,*,#1407,.T.);
#2101=ORIENTED_EDGE('',*,*,#1420,.F.);
#2102=ORIENTED_EDGE('',*,*,#1411,.T.);
#2103=ORIENTED_EDGE('',*,*,#1423,.F.);
#2104=ORIENTED_EDGE('',*,*,#1465,.F.);
#2105=ORIENTED_EDGE('',*,*,#1419,.F.);
#2106=ORIENTED_EDGE('',*,*,#1417,.F.);
#2107=ORIENTED_EDGE('',*,*,#1465,.T.);
#2108=ORIENTED_EDGE('',*,*,#1425,.F.);
#2109=ORIENTED_EDGE('',*,*,#1427,.F.);
#2110=ORIENTED_EDGE('',*,*,#1440,.F.);
#2111=ORIENTED_EDGE('',*,*,#1432,.F.);
#2112=ORIENTED_EDGE('',*,*,#1226,.T.);
#2113=ORIENTED_EDGE('',*,*,#1211,.F.);
#2114=ORIENTED_EDGE('',*,*,#1386,.F.);
#2115=ORIENTED_EDGE('',*,*,#1218,.F.);
#2116=ORIENTED_EDGE('',*,*,#1223,.F.);
#2117=ORIENTED_EDGE('',*,*,#1434,.F.);
#2118=ORIENTED_EDGE('',*,*,#1445,.F.);
#2119=ORIENTED_EDGE('',*,*,#1466,.T.);
#2120=ORIENTED_EDGE('',*,*,#1437,.T.);
#2121=ORIENTED_EDGE('',*,*,#1450,.T.);
#2122=ORIENTED_EDGE('',*,*,#1397,.F.);
#2123=ORIENTED_EDGE('',*,*,#1446,.F.);
#2124=ORIENTED_EDGE('',*,*,#1449,.T.);
#2125=ORIENTED_EDGE('',*,*,#1438,.T.);
#2126=ORIENTED_EDGE('',*,*,#1466,.F.);
#2127=ORIENTED_EDGE('',*,*,#1444,.F.);
#2128=ORIENTED_EDGE('',*,*,#1166,.F.);
#2129=ORIENTED_EDGE('',*,*,#1199,.F.);
#2130=ORIENTED_EDGE('',*,*,#1210,.T.);
#2131=ORIENTED_EDGE('',*,*,#1379,.F.);
#2132=ORIENTED_EDGE('',*,*,#1381,.T.);
#2133=ORIENTED_EDGE('',*,*,#1383,.F.);
#2134=ORIENTED_EDGE('',*,*,#1385,.T.);
#2135=ORIENTED_EDGE('',*,*,#1389,.F.);
#2136=ORIENTED_EDGE('',*,*,#1451,.F.);
#2137=ORIENTED_EDGE('',*,*,#1395,.F.);
#2138=ORIENTED_EDGE('',*,*,#1402,.F.);
#2139=ORIENTED_EDGE('',*,*,#1404,.F.);
#2140=ORIENTED_EDGE('',*,*,#1405,.T.);
#2141=ORIENTED_EDGE('',*,*,#1228,.F.);
#2142=ORIENTED_EDGE('',*,*,#1244,.F.);
#2143=ORIENTED_EDGE('',*,*,#1467,.F.);
#2144=ORIENTED_EDGE('',*,*,#1468,.T.);
#2145=ORIENTED_EDGE('',*,*,#1469,.F.);
#2146=ORIENTED_EDGE('',*,*,#1470,.T.);
#2147=ORIENTED_EDGE('',*,*,#1471,.T.);
#2148=ORIENTED_EDGE('',*,*,#1472,.T.);
#2149=ORIENTED_EDGE('',*,*,#1473,.T.);
#2150=ORIENTED_EDGE('',*,*,#1474,.T.);
#2151=ORIENTED_EDGE('',*,*,#1471,.F.);
#2152=ORIENTED_EDGE('',*,*,#1475,.F.);
#2153=ORIENTED_EDGE('',*,*,#1476,.T.);
#2154=ORIENTED_EDGE('',*,*,#1477,.T.);
#2155=ORIENTED_EDGE('',*,*,#1474,.F.);
#2156=ORIENTED_EDGE('',*,*,#1478,.F.);
#2157=ORIENTED_EDGE('',*,*,#1479,.T.);
#2158=ORIENTED_EDGE('',*,*,#1475,.T.);
#2159=ORIENTED_EDGE('',*,*,#1470,.F.);
#2160=ORIENTED_EDGE('',*,*,#1480,.F.);
#2161=ORIENTED_EDGE('',*,*,#1467,.T.);
#2162=ORIENTED_EDGE('',*,*,#1480,.T.);
#2163=ORIENTED_EDGE('',*,*,#1469,.T.);
#2164=ORIENTED_EDGE('',*,*,#1481,.T.);
#2165=ORIENTED_EDGE('',*,*,#1482,.T.);
#2166=ORIENTED_EDGE('',*,*,#1476,.F.);
#2167=ORIENTED_EDGE('',*,*,#1479,.F.);
#2168=ORIENTED_EDGE('',*,*,#1483,.T.);
#2169=ORIENTED_EDGE('',*,*,#1473,.F.);
#2170=ORIENTED_EDGE('',*,*,#1484,.T.);
#2171=ORIENTED_EDGE('',*,*,#1483,.F.);
#2172=ORIENTED_EDGE('',*,*,#1478,.T.);
#2173=ORIENTED_EDGE('',*,*,#1472,.F.);
#2174=ORIENTED_EDGE('',*,*,#1477,.F.);
#2175=ORIENTED_EDGE('',*,*,#1482,.F.);
#2176=ORIENTED_EDGE('',*,*,#1484,.F.);
#2177=ORIENTED_EDGE('',*,*,#1481,.F.);
#2178=ORIENTED_EDGE('',*,*,#1468,.F.);
#2179=PLANE('',#2395);
#2180=PLANE('',#2396);
#2181=PLANE('',#2397);
#2182=PLANE('',#2405);
#2183=PLANE('',#2406);
#2184=PLANE('',#2407);
#2185=PLANE('',#2409);
#2186=PLANE('',#2410);
#2187=PLANE('',#2414);
#2188=PLANE('',#2415);
#2189=PLANE('',#2418);
#2190=PLANE('',#2419);
#2191=PLANE('',#2420);
#2192=PLANE('',#2422);
#2193=PLANE('',#2426);
#2194=PLANE('',#2431);
#2195=PLANE('',#2435);
#2196=PLANE('',#2436);
#2197=PLANE('',#2439);
#2198=PLANE('',#2445);
#2199=PLANE('',#2448);
#2200=PLANE('',#2451);
#2201=PLANE('',#2452);
#2202=PLANE('',#2453);
#2203=PLANE('',#2455);
#2204=PLANE('',#2503);
#2205=PLANE('',#2507);
#2206=PLANE('',#2510);
#2207=PLANE('',#2516);
#2208=PLANE('',#2519);
#2209=PLANE('',#2520);
#2210=PLANE('',#2532);
#2211=PLANE('',#2535);
#2212=PLANE('',#2536);
#2213=PLANE('',#2537);
#2214=PLANE('',#2541);
#2215=PLANE('',#2542);
#2216=PLANE('',#2543);
#2217=PLANE('',#2545);
#2218=PLANE('',#2546);
#2219=PLANE('',#2547);
#2220=PLANE('',#2548);
#2221=PLANE('',#2550);
#2222=PLANE('',#2551);
#2223=PLANE('',#2552);
#2224=PLANE('',#2553);
#2225=PLANE('',#2556);
#2226=PLANE('',#2557);
#2227=PLANE('',#2558);
#2228=PLANE('',#2561);
#2229=PLANE('',#2562);
#2230=PLANE('',#2563);
#2231=PLANE('',#2564);
#2232=PLANE('',#2565);
#2233=PLANE('',#2566);
#2234=PLANE('',#2567);
#2235=PLANE('',#2568);
#2236=PLANE('',#2569);
#2237=PLANE('',#2570);
#2238=ADVANCED_FACE('',(#524),#2179,.F.);
#2239=ADVANCED_FACE('',(#525),#480,.F.);
#2240=ADVANCED_FACE('',(#526),#481,.F.);
#2241=ADVANCED_FACE('',(#527),#482,.F.);
#2242=ADVANCED_FACE('',(#528,#134),#2180,.F.);
#2243=ADVANCED_FACE('',(#529),#483,.F.);
#2244=ADVANCED_FACE('',(#530),#484,.F.);
#2245=ADVANCED_FACE('',(#531),#485,.F.);
#2246=ADVANCED_FACE('',(#532),#486,.F.);
#2247=ADVANCED_FACE('',(#533),#2181,.F.);
#2248=ADVANCED_FACE('',(#534),#487,.T.);
#2249=ADVANCED_FACE('',(#535),#488,.T.);
#2250=ADVANCED_FACE('',(#536),#489,.T.);
#2251=ADVANCED_FACE('',(#537),#490,.T.);
#2252=ADVANCED_FACE('',(#538),#491,.T.);
#2253=ADVANCED_FACE('',(#539),#492,.F.);
#2254=ADVANCED_FACE('',(#540),#38,.F.);
#2255=ADVANCED_FACE('',(#541),#2182,.F.);
#2256=ADVANCED_FACE('',(#542,#135),#493,.T.);
#2257=ADVANCED_FACE('',(#543),#2183,.F.);
#2258=ADVANCED_FACE('',(#544),#2184,.F.);
#2259=ADVANCED_FACE('',(#545),#2185,.F.);
#2260=ADVANCED_FACE('',(#546),#2186,.T.);
#2261=ADVANCED_FACE('',(#547),#24,.F.);
#2262=ADVANCED_FACE('',(#548),#2187,.T.);
#2263=ADVANCED_FACE('',(#549),#2188,.F.);
#2264=ADVANCED_FACE('',(#550),#39,.F.);
#2265=ADVANCED_FACE('',(#551),#2189,.F.);
#2266=ADVANCED_FACE('',(#552),#2190,.T.);
#2267=ADVANCED_FACE('',(#553),#494,.T.);
#2268=ADVANCED_FACE('',(#554),#495,.T.);
#2269=ADVANCED_FACE('',(#555),#2191,.T.);
#2270=ADVANCED_FACE('',(#556),#496,.T.);
#2271=ADVANCED_FACE('',(#557),#2192,.T.);
#2272=ADVANCED_FACE('',(#558),#40,.T.);
#2273=ADVANCED_FACE('',(#559,#136,#137,#138,#139),#2193,.F.);
#2274=ADVANCED_FACE('',(#560),#2194,.T.);
#2275=ADVANCED_FACE('',(#561),#25,.F.);
#2276=ADVANCED_FACE('',(#562),#2195,.T.);
#2277=ADVANCED_FACE('',(#563),#2196,.F.);
#2278=ADVANCED_FACE('',(#564),#41,.F.);
#2279=ADVANCED_FACE('',(#565),#2197,.F.);
#2280=ADVANCED_FACE('',(#566),#497,.F.);
#2281=ADVANCED_FACE('',(#567),#498,.F.);
#2282=ADVANCED_FACE('',(#568),#499,.F.);
#2283=ADVANCED_FACE('',(#569),#500,.F.);
#2284=ADVANCED_FACE('',(#570),#501,.T.);
#2285=ADVANCED_FACE('',(#571,#140),#2198,.T.);
#2286=ADVANCED_FACE('',(#572),#502,.T.);
#2287=ADVANCED_FACE('',(#573),#503,.T.);
#2288=ADVANCED_FACE('',(#574),#2199,.T.);
#2289=ADVANCED_FACE('',(#575),#26,.F.);
#2290=ADVANCED_FACE('',(#576),#2200,.T.);
#2291=ADVANCED_FACE('',(#577),#2201,.F.);
#2292=ADVANCED_FACE('',(#578),#2202,.T.);
#2293=ADVANCED_FACE('',(#579),#27,.F.);
#2294=ADVANCED_FACE('',(#580),#2203,.T.);
#2295=ADVANCED_FACE('',(#581),#504,.T.);
#2296=ADVANCED_FACE('',(#582),#505,.T.);
#2297=ADVANCED_FACE('',(#583),#506,.T.);
#2298=ADVANCED_FACE('',(#584),#507,.T.);
#2299=ADVANCED_FACE('',(#585),#508,.T.);
#2300=ADVANCED_FACE('',(#586),#42,.F.);
#2301=ADVANCED_FACE('',(#587),#19,.T.);
#2302=ADVANCED_FACE('',(#588),#43,.T.);
#2303=ADVANCED_FACE('',(#589),#20,.T.);
#2304=ADVANCED_FACE('',(#590),#509,.F.);
#2305=ADVANCED_FACE('',(#591),#44,.T.);
#2306=ADVANCED_FACE('',(#592),#510,.F.);
#2307=ADVANCED_FACE('',(#593),#511,.F.);
#2308=ADVANCED_FACE('',(#594),#512,.F.);
#2309=ADVANCED_FACE('',(#595),#513,.F.);
#2310=ADVANCED_FACE('',(#596),#21,.T.);
#2311=ADVANCED_FACE('',(#597),#45,.T.);
#2312=ADVANCED_FACE('',(#598),#46,.T.);
#2313=ADVANCED_FACE('',(#599),#47,.T.);
#2314=ADVANCED_FACE('',(#600),#514,.F.);
#2315=ADVANCED_FACE('',(#601),#515,.F.);
#2316=ADVANCED_FACE('',(#602),#48,.T.);
#2317=ADVANCED_FACE('',(#603),#17,.T.);
#2318=ADVANCED_FACE('',(#604),#18,.T.);
#2319=ADVANCED_FACE('',(#605),#49,.T.);
#2320=ADVANCED_FACE('',(#606),#50,.F.);
#2321=ADVANCED_FACE('',(#607),#51,.T.);
#2322=ADVANCED_FACE('',(#608,#141),#2204,.F.);
#2323=ADVANCED_FACE('',(#609),#52,.T.);
#2324=ADVANCED_FACE('',(#610),#2205,.T.);
#2325=ADVANCED_FACE('',(#611),#53,.T.);
#2326=ADVANCED_FACE('',(#612,#142),#2206,.T.);
#2327=ADVANCED_FACE('',(#613),#54,.F.);
#2328=ADVANCED_FACE('',(#614),#55,.T.);
#2329=ADVANCED_FACE('',(#615,#143),#2207,.T.);
#2330=ADVANCED_FACE('',(#616),#56,.T.);
#2331=ADVANCED_FACE('',(#617),#2208,.T.);
#2332=ADVANCED_FACE('',(#618),#2209,.T.);
#2333=ADVANCED_FACE('',(#619),#22,.T.);
#2334=ADVANCED_FACE('',(#620),#57,.T.);
#2335=ADVANCED_FACE('',(#621),#23,.T.);
#2336=ADVANCED_FACE('',(#622),#516,.F.);
#2337=ADVANCED_FACE('',(#623),#517,.F.);
#2338=ADVANCED_FACE('',(#624),#518,.F.);
#2339=ADVANCED_FACE('',(#625),#519,.F.);
#2340=ADVANCED_FACE('',(#626),#58,.T.);
#2341=ADVANCED_FACE('',(#627),#2210,.T.);
#2342=ADVANCED_FACE('',(#628),#28,.F.);
#2343=ADVANCED_FACE('',(#629),#2211,.T.);
#2344=ADVANCED_FACE('',(#630),#2212,.T.);
#2345=ADVANCED_FACE('',(#631,#144),#2213,.T.);
#2346=ADVANCED_FACE('',(#632),#29,.F.);
#2347=ADVANCED_FACE('',(#633),#2214,.T.);
#2348=ADVANCED_FACE('',(#634),#2215,.T.);
#2349=ADVANCED_FACE('',(#635),#2216,.F.);
#2350=ADVANCED_FACE('',(#636),#59,.F.);
#2351=ADVANCED_FACE('',(#637),#2217,.T.);
#2352=ADVANCED_FACE('',(#638),#2218,.T.);
#2353=ADVANCED_FACE('',(#639),#2219,.T.);
#2354=ADVANCED_FACE('',(#640),#2220,.T.);
#2355=ADVANCED_FACE('',(#641),#60,.F.);
#2356=ADVANCED_FACE('',(#642),#2221,.F.);
#2357=ADVANCED_FACE('',(#643),#2222,.F.);
#2358=ADVANCED_FACE('',(#644),#2223,.F.);
#2359=ADVANCED_FACE('',(#645,#145),#2224,.T.);
#2360=ADVANCED_FACE('',(#646),#61,.F.);
#2361=ADVANCED_FACE('',(#647),#2225,.F.);
#2362=ADVANCED_FACE('',(#648),#2226,.F.);
#2363=ADVANCED_FACE('',(#649),#2227,.F.);
#2364=ADVANCED_FACE('',(#650),#62,.F.);
#2365=ADVANCED_FACE('',(#651),#520,.T.);
#2366=ADVANCED_FACE('',(#652),#63,.T.);
#2367=ADVANCED_FACE('',(#653),#2228,.T.);
#2368=ADVANCED_FACE('',(#654),#2229,.F.);
#2369=ADVANCED_FACE('',(#655),#2230,.F.);
#2370=ADVANCED_FACE('',(#656),#2231,.F.);
#2371=ADVANCED_FACE('',(#657),#2232,.T.);
#2372=ADVANCED_FACE('',(#658),#521,.T.);
#2373=ADVANCED_FACE('',(#659),#2233,.T.);
#2374=ADVANCED_FACE('',(#660),#2234,.T.);
#2375=ADVANCED_FACE('',(#661,#146),#2235,.T.);
#2376=ADVANCED_FACE('',(#662),#522,.T.);
#2377=ADVANCED_FACE('',(#663),#523,.F.);
#2378=ADVANCED_FACE('',(#664),#2236,.T.);
#2379=ADVANCED_FACE('',(#665,#147),#2237,.F.);
#2380=CLOSED_SHELL('',(#2238,#2239,#2240,#2241,#2242,#2243,#2244,#2245,
#2246,#2247,#2248,#2249,#2250,#2251,#2252,#2253,#2254,#2255,#2256,#2257,
#2258,#2259,#2260,#2261,#2262,#2263,#2264,#2265,#2266,#2267,#2268,#2269,
#2270,#2271,#2272,#2273,#2274,#2275,#2276,#2277,#2278,#2279,#2280,#2281,
#2282,#2283,#2284,#2285,#2286,#2287,#2288,#2289,#2290,#2291,#2292,#2293,
#2294,#2295,#2296,#2297,#2298,#2299,#2300,#2301,#2302,#2303,#2304,#2305,
#2306,#2307,#2308,#2309,#2310,#2311,#2312,#2313,#2314,#2315,#2316,#2317,
#2318,#2319,#2320,#2321,#2322,#2323,#2324,#2325,#2326,#2327,#2328,#2329,
#2330,#2331,#2332,#2333,#2334,#2335,#2336,#2337,#2338,#2339,#2340,#2341,
#2342,#2343,#2344,#2345,#2346,#2347,#2348,#2349,#2350,#2351,#2352,#2353,
#2354,#2355,#2356,#2357,#2358,#2359,#2360,#2361,#2362,#2363,#2364,#2365,
#2366,#2367,#2368,#2369,#2370,#2371));
#2381=CLOSED_SHELL('',(#2372,#2373,#2374,#2375,#2376,#2377,#2378,#2379));
#2382=DERIVED_UNIT_ELEMENT(#2384,1.);
#2383=DERIVED_UNIT_ELEMENT(#5966,-3.);
#2384=(
MASS_UNIT()
NAMED_UNIT(*)
SI_UNIT(.KILO.,.GRAM.)
);
#2385=DERIVED_UNIT((#2382,#2383));
#2386=MEASURE_REPRESENTATION_ITEM('density measure',
POSITIVE_RATIO_MEASURE(7850.),#2385);
#2387=PROPERTY_DEFINITION_REPRESENTATION(#2392,#2389);
#2388=PROPERTY_DEFINITION_REPRESENTATION(#2393,#2390);
#2389=REPRESENTATION('material name',(#2391),#5963);
#2390=REPRESENTATION('density',(#2386),#5963);
#2391=DESCRIPTIVE_REPRESENTATION_ITEM('Steel','Steel');
#2392=PROPERTY_DEFINITION('material property','material name',#5973);
#2393=PROPERTY_DEFINITION('material property','density of part',#5973);
#2394=AXIS2_PLACEMENT_3D('',#3091,#2571,#2572);
#2395=AXIS2_PLACEMENT_3D('',#3092,#2573,#2574);
#2396=AXIS2_PLACEMENT_3D('',#3246,#2578,#2579);
#2397=AXIS2_PLACEMENT_3D('',#3455,#2584,#2585);
#2398=AXIS2_PLACEMENT_3D('',#3623,#2588,#2589);
#2399=AXIS2_PLACEMENT_3D('',#3641,#2590,#2591);
#2400=AXIS2_PLACEMENT_3D('',#3716,#2592,#2593);
#2401=AXIS2_PLACEMENT_3D('',#3721,#2594,#2595);
#2402=AXIS2_PLACEMENT_3D('',#3736,#2597,#2598);
#2403=AXIS2_PLACEMENT_3D('',#3802,#2600,#2601);
#2404=AXIS2_PLACEMENT_3D('',#3813,#2603,#2604);
#2405=AXIS2_PLACEMENT_3D('',#3814,#2605,#2606);
#2406=AXIS2_PLACEMENT_3D('',#4008,#2609,#2610);
#2407=AXIS2_PLACEMENT_3D('',#4010,#2612,#2613);
#2408=AXIS2_PLACEMENT_3D('',#4012,#2614,#2615);
#2409=AXIS2_PLACEMENT_3D('',#4018,#2619,#2620);
#2410=AXIS2_PLACEMENT_3D('',#4019,#2621,#2622);
#2411=AXIS2_PLACEMENT_3D('',#4028,#2627,#2628);
#2412=AXIS2_PLACEMENT_3D('',#4032,#2630,#2631);
#2413=AXIS2_PLACEMENT_3D('',#4033,#2632,#2633);
#2414=AXIS2_PLACEMENT_3D('',#4034,#2634,#2635);
#2415=AXIS2_PLACEMENT_3D('',#4040,#2639,#2640);
#2416=AXIS2_PLACEMENT_3D('',#4046,#2644,#2645);
#2417=AXIS2_PLACEMENT_3D('',#4049,#2647,#2648);
#2418=AXIS2_PLACEMENT_3D('',#4050,#2649,#2650);
#2419=AXIS2_PLACEMENT_3D('',#4054,#2653,#2654);
#2420=AXIS2_PLACEMENT_3D('',#4117,#2661,#2662);
#2421=AXIS2_PLACEMENT_3D('',#4120,#2663,#2664);
#2422=AXIS2_PLACEMENT_3D('',#4150,#2668,#2669);
#2423=AXIS2_PLACEMENT_3D('',#4153,#2671,#2672);
#2424=AXIS2_PLACEMENT_3D('',#4155,#2674,#2675);
#2425=AXIS2_PLACEMENT_3D('',#4159,#2677,#2678);
#2426=AXIS2_PLACEMENT_3D('',#4161,#2680,#2681);
#2427=AXIS2_PLACEMENT_3D('',#4165,#2683,#2684);
#2428=AXIS2_PLACEMENT_3D('',#4168,#2686,#2687);
#2429=AXIS2_PLACEMENT_3D('',#4175,#2690,#2691);
#2430=AXIS2_PLACEMENT_3D('',#4183,#2695,#2696);
#2431=AXIS2_PLACEMENT_3D('',#4185,#2698,#2699);
#2432=AXIS2_PLACEMENT_3D('',#4194,#2704,#2705);
#2433=AXIS2_PLACEMENT_3D('',#4196,#2706,#2707);
#2434=AXIS2_PLACEMENT_3D('',#4199,#2709,#2710);
#2435=AXIS2_PLACEMENT_3D('',#4200,#2711,#2712);
#2436=AXIS2_PLACEMENT_3D('',#4206,#2716,#2717);
#2437=AXIS2_PLACEMENT_3D('',#4212,#2721,#2722);
#2438=AXIS2_PLACEMENT_3D('',#4215,#2724,#2725);
#2439=AXIS2_PLACEMENT_3D('',#4216,#2726,#2727);
#2440=AXIS2_PLACEMENT_3D('',#4242,#2730,#2731);
#2441=AXIS2_PLACEMENT_3D('',#4248,#2732,#2733);
#2442=AXIS2_PLACEMENT_3D('',#4275,#2734,#2735);
#2443=AXIS2_PLACEMENT_3D('',#4305,#2736,#2737);
#2444=AXIS2_PLACEMENT_3D('',#4421,#2738,#2739);
#2445=AXIS2_PLACEMENT_3D('',#4426,#2740,#2741);
#2446=AXIS2_PLACEMENT_3D('',#4434,#2745,#2746);
#2447=AXIS2_PLACEMENT_3D('',#4455,#2747,#2748);
#2448=AXIS2_PLACEMENT_3D('',#4476,#2749,#2750);
#2449=AXIS2_PLACEMENT_3D('',#4482,#2754,#2755);
#2450=AXIS2_PLACEMENT_3D('',#4484,#2756,#2757);
#2451=AXIS2_PLACEMENT_3D('',#4486,#2759,#2760);
#2452=AXIS2_PLACEMENT_3D('',#4490,#2763,#2764);
#2453=AXIS2_PLACEMENT_3D('',#4493,#2767,#2768);
#2454=AXIS2_PLACEMENT_3D('',#4496,#2771,#2772);
#2455=AXIS2_PLACEMENT_3D('',#4498,#2774,#2775);
#2456=AXIS2_PLACEMENT_3D('',#4700,#2781,#2782);
#2457=AXIS2_PLACEMENT_3D('',#4702,#2783,#2784);
#2458=AXIS2_PLACEMENT_3D('',#4704,#2786,#2787);
#2459=AXIS2_PLACEMENT_3D('',#4718,#2788,#2789);
#2460=AXIS2_PLACEMENT_3D('',#4720,#2790,#2791);
#2461=AXIS2_PLACEMENT_3D('',#4722,#2792,#2793);
#2462=AXIS2_PLACEMENT_3D('',#4723,#2794,#2795);
#2463=AXIS2_PLACEMENT_3D('',#4724,#2796,#2797);
#2464=AXIS2_PLACEMENT_3D('',#4738,#2799,#2800);
#2465=AXIS2_PLACEMENT_3D('',#4741,#2802,#2803);
#2466=AXIS2_PLACEMENT_3D('',#4742,#2804,#2805);
#2467=AXIS2_PLACEMENT_3D('',#4743,#2806,#2807);
#2468=AXIS2_PLACEMENT_3D('',#4744,#2808,#2809);
#2469=AXIS2_PLACEMENT_3D('',#4778,#2810,#2811);
#2470=AXIS2_PLACEMENT_3D('',#4796,#2812,#2813);
#2471=AXIS2_PLACEMENT_3D('',#4798,#2814,#2815);
#2472=AXIS2_PLACEMENT_3D('',#4821,#2817,#2818);
#2473=AXIS2_PLACEMENT_3D('',#4822,#2819,#2820);
#2474=AXIS2_PLACEMENT_3D('',#4860,#2821,#2822);
#2475=AXIS2_PLACEMENT_3D('',#4994,#2823,#2824);
#2476=AXIS2_PLACEMENT_3D('',#5016,#2825,#2826);
#2477=AXIS2_PLACEMENT_3D('',#5017,#2827,#2828);
#2478=AXIS2_PLACEMENT_3D('',#5018,#2829,#2830);
#2479=AXIS2_PLACEMENT_3D('',#5019,#2831,#2832);
#2480=AXIS2_PLACEMENT_3D('',#5020,#2833,#2834);
#2481=AXIS2_PLACEMENT_3D('',#5024,#2836,#2837);
#2482=AXIS2_PLACEMENT_3D('',#5026,#2839,#2840);
#2483=AXIS2_PLACEMENT_3D('',#5028,#2841,#2842);
#2484=AXIS2_PLACEMENT_3D('',#5032,#2844,#2845);
#2485=AXIS2_PLACEMENT_3D('',#5034,#2847,#2848);
#2486=AXIS2_PLACEMENT_3D('',#5037,#2849,#2850);
#2487=AXIS2_PLACEMENT_3D('',#5041,#2852,#2853);
#2488=AXIS2_PLACEMENT_3D('',#5075,#2855,#2856);
#2489=AXIS2_PLACEMENT_3D('',#5106,#2857,#2858);
#2490=AXIS2_PLACEMENT_3D('',#5107,#2859,#2860);
#2491=AXIS2_PLACEMENT_3D('',#5108,#2861,#2862);
#2492=AXIS2_PLACEMENT_3D('',#5110,#2863,#2864);
#2493=AXIS2_PLACEMENT_3D('',#5113,#2867,#2868);
#2494=AXIS2_PLACEMENT_3D('',#5114,#2869,#2870);
#2495=AXIS2_PLACEMENT_3D('',#5115,#2871,#2872);
#2496=AXIS2_PLACEMENT_3D('',#5116,#2873,#2874);
#2497=AXIS2_PLACEMENT_3D('',#5117,#2875,#2876);
#2498=AXIS2_PLACEMENT_3D('',#5120,#2878,#2879);
#2499=AXIS2_PLACEMENT_3D('',#5121,#2880,#2881);
#2500=AXIS2_PLACEMENT_3D('',#5124,#2883,#2884);
#2501=AXIS2_PLACEMENT_3D('',#5125,#2885,#2886);
#2502=AXIS2_PLACEMENT_3D('',#5128,#2888,#2889);
#2503=AXIS2_PLACEMENT_3D('',#5129,#2890,#2891);
#2504=AXIS2_PLACEMENT_3D('',#5134,#2895,#2896);
#2505=AXIS2_PLACEMENT_3D('',#5138,#2898,#2899);
#2506=AXIS2_PLACEMENT_3D('',#5139,#2900,#2901);
#2507=AXIS2_PLACEMENT_3D('',#5140,#2902,#2903);
#2508=AXIS2_PLACEMENT_3D('',#5144,#2906,#2907);
#2509=AXIS2_PLACEMENT_3D('',#5147,#2909,#2910);
#2510=AXIS2_PLACEMENT_3D('',#5148,#2911,#2912);
#2511=AXIS2_PLACEMENT_3D('',#5160,#2918,#2919);
#2512=AXIS2_PLACEMENT_3D('',#5162,#2921,#2922);
#2513=AXIS2_PLACEMENT_3D('',#5165,#2924,#2925);
#2514=AXIS2_PLACEMENT_3D('',#5166,#2926,#2927);
#2515=AXIS2_PLACEMENT_3D('',#5169,#2929,#2930);
#2516=AXIS2_PLACEMENT_3D('',#5170,#2931,#2932);
#2517=AXIS2_PLACEMENT_3D('',#5184,#2935,#2936);
#2518=AXIS2_PLACEMENT_3D('',#5186,#2937,#2938);
#2519=AXIS2_PLACEMENT_3D('',#5191,#2939,#2940);
#2520=AXIS2_PLACEMENT_3D('',#5240,#2943,#2944);
#2521=AXIS2_PLACEMENT_3D('',#5241,#2945,#2946);
#2522=AXIS2_PLACEMENT_3D('',#5243,#2947,#2948);
#2523=AXIS2_PLACEMENT_3D('',#5244,#2949,#2950);
#2524=AXIS2_PLACEMENT_3D('',#5245,#2951,#2952);
#2525=AXIS2_PLACEMENT_3D('',#5247,#2953,#2954);
#2526=AXIS2_PLACEMENT_3D('',#5249,#2956,#2957);
#2527=AXIS2_PLACEMENT_3D('',#5251,#2958,#2959);
#2528=AXIS2_PLACEMENT_3D('',#5252,#2960,#2961);
#2529=AXIS2_PLACEMENT_3D('',#5366,#2962,#2963);
#2530=AXIS2_PLACEMENT_3D('',#5396,#2964,#2965);
#2531=AXIS2_PLACEMENT_3D('',#5425,#2966,#2967);
#2532=AXIS2_PLACEMENT_3D('',#5428,#2970,#2971);
#2533=AXIS2_PLACEMENT_3D('',#5429,#2972,#2973);
#2534=AXIS2_PLACEMENT_3D('',#5434,#2976,#2977);
#2535=AXIS2_PLACEMENT_3D('',#5435,#2978,#2979);
#2536=AXIS2_PLACEMENT_3D('',#5439,#2982,#2983);
#2537=AXIS2_PLACEMENT_3D('',#5443,#2986,#2987);
#2538=AXIS2_PLACEMENT_3D('',#5446,#2988,#2989);
#2539=AXIS2_PLACEMENT_3D('',#5453,#2994,#2995);
#2540=AXIS2_PLACEMENT_3D('',#5458,#2998,#2999);
#2541=AXIS2_PLACEMENT_3D('',#5459,#3000,#3001);
#2542=AXIS2_PLACEMENT_3D('',#5463,#3004,#3005);
#2543=AXIS2_PLACEMENT_3D('',#5467,#3008,#3009);
#2544=AXIS2_PLACEMENT_3D('',#5470,#3012,#3013);
#2545=AXIS2_PLACEMENT_3D('',#5472,#3015,#3016);
#2546=AXIS2_PLACEMENT_3D('',#5474,#3018,#3019);
#2547=AXIS2_PLACEMENT_3D('',#5476,#3021,#3022);
#2548=AXIS2_PLACEMENT_3D('',#5477,#3023,#3024);
#2549=AXIS2_PLACEMENT_3D('',#5479,#3026,#3027);
#2550=AXIS2_PLACEMENT_3D('',#5480,#3028,#3029);
#2551=AXIS2_PLACEMENT_3D('',#5482,#3031,#3032);
#2552=AXIS2_PLACEMENT_3D('',#5485,#3035,#3036);
#2553=AXIS2_PLACEMENT_3D('',#5486,#3037,#3038);
#2554=AXIS2_PLACEMENT_3D('',#5488,#3039,#3040);
#2555=AXIS2_PLACEMENT_3D('',#5494,#3044,#3045);
#2556=AXIS2_PLACEMENT_3D('',#5495,#3046,#3047);
#2557=AXIS2_PLACEMENT_3D('',#5498,#3050,#3051);
#2558=AXIS2_PLACEMENT_3D('',#5500,#3053,#3054);
#2559=AXIS2_PLACEMENT_3D('',#5501,#3055,#3056);
#2560=AXIS2_PLACEMENT_3D('',#5543,#3058,#3059);
#2561=AXIS2_PLACEMENT_3D('',#5545,#3061,#3062);
#2562=AXIS2_PLACEMENT_3D('',#5546,#3063,#3064);
#2563=AXIS2_PLACEMENT_3D('',#5547,#3065,#3066);
#2564=AXIS2_PLACEMENT_3D('',#5549,#3068,#3069);
#2565=AXIS2_PLACEMENT_3D('',#5550,#3070,#3071);
#2566=AXIS2_PLACEMENT_3D('',#5658,#3072,#3073);
#2567=AXIS2_PLACEMENT_3D('',#5667,#3078,#3079);
#2568=AXIS2_PLACEMENT_3D('',#5673,#3083,#3084);
#2569=AXIS2_PLACEMENT_3D('',#5958,#3086,#3087);
#2570=AXIS2_PLACEMENT_3D('',#5960,#3089,#3090);
#2571=DIRECTION('axis',(0.,0.,1.));
#2572=DIRECTION('refdir',(1.,0.,0.));
#2573=DIRECTION('center_axis',(2.88731531815686E-16,-1.,2.11793910106485E-16));
#2574=DIRECTION('ref_axis',(-0.953834974634905,-2.11793910106485E-16,0.300331219095236));
#2575=DIRECTION('',(-2.88731531815686E-16,1.,-2.11793910106485E-16));
#2576=DIRECTION('',(-2.88731531815686E-16,1.,-2.11793910106485E-16));
#2577=DIRECTION('',(-2.88731531815686E-16,1.,-2.11793910106485E-16));
#2578=DIRECTION('center_axis',(2.88731531815686E-16,-1.,2.11793910106485E-16));
#2579=DIRECTION('ref_axis',(-0.953834974634905,-2.11793910106485E-16,0.300331219095236));
#2580=DIRECTION('',(-2.88731531815686E-16,1.,-2.11793910106485E-16));
#2581=DIRECTION('',(-2.88731531815686E-16,1.,-2.11793910106485E-16));
#2582=DIRECTION('',(-2.88731531815686E-16,1.,-2.11793910106485E-16));
#2583=DIRECTION('',(-2.88731531815686E-16,1.,-2.11793910106485E-16));
#2584=DIRECTION('center_axis',(2.88731531815686E-16,-1.,2.11793910106485E-16));
#2585=DIRECTION('ref_axis',(-0.953834974634905,-2.11793910106485E-16,0.300331219095236));
#2586=DIRECTION('',(-0.0957834137279499,0.720706730582864,-0.686591105496699));
#2587=DIRECTION('',(-0.108214872329648,0.720505081391655,-0.684953990495335));
#2588=DIRECTION('center_axis',(0.845911099396141,0.0723540986955407,0.528393126677825));
#2589=DIRECTION('ref_axis',(-0.117967340069194,0.991598157777917,0.0530735354808835));
#2590=DIRECTION('center_axis',(0.469351292032201,0.101180854465565,-0.877195416858365));
#2591=DIRECTION('ref_axis',(-0.839415516746771,0.359414422921303,-0.40767985336646));
#2592=DIRECTION('center_axis',(0.422617617572944,0.00174589659048329,0.906306405782318));
#2593=DIRECTION('ref_axis',(0.112581134625082,-0.992354052855952,-0.0505857875978528));
#2594=DIRECTION('center_axis',(0.403108078967688,-0.90630778703665,-0.126925457760494));
#2595=DIRECTION('ref_axis',(0.86446806505952,0.4226182617407,-0.272192522556223));
#2596=DIRECTION('',(0.403108078967688,-0.90630778703665,-0.126925457760494));
#2597=DIRECTION('center_axis',(-0.403108078967688,0.90630778703665,0.126925457760494));
#2598=DIRECTION('ref_axis',(0.86446806505952,0.4226182617407,-0.272192522556223));
#2599=DIRECTION('',(0.403108078967688,-0.90630778703665,-0.126925457760494));
#2600=DIRECTION('center_axis',(-0.403108078967688,0.90630778703665,0.126925457760494));
#2601=DIRECTION('ref_axis',(0.86446806505952,0.4226182617407,-0.272192522556223));
#2602=DIRECTION('',(-0.403108078967688,0.90630778703665,0.126925457760494));
#2603=DIRECTION('center_axis',(-0.403108078967688,0.90630778703665,0.126925457760494));
#2604=DIRECTION('ref_axis',(0.86446806505952,0.4226182617407,-0.272192522556223));
#2605=DIRECTION('center_axis',(0.682555605831944,0.205360368126165,0.701387884234162));
#2606=DIRECTION('ref_axis',(0.609607842484304,0.369368805342055,-0.701387884142444));
#2607=DIRECTION('',(-0.403108078967688,0.90630778703665,0.126925457760494));
#2608=DIRECTION('',(0.609607842484304,0.369368805342055,-0.701387884142444));
#2609=DIRECTION('center_axis',(-0.403108078967688,0.90630778703665,0.126925457760494));
#2610=DIRECTION('ref_axis',(0.300331219095236,2.3662958193782E-16,0.953834974634905));
#2611=DIRECTION('',(-0.682555605831966,-0.205360368126178,-0.701387884234137));
#2612=DIRECTION('center_axis',(-0.403108078967688,0.90630778703665,0.126925457760494));
#2613=DIRECTION('ref_axis',(0.300331219095236,2.3662958193782E-16,0.953834974634905));
#2614=DIRECTION('center_axis',(0.403108078967688,-0.90630778703665,-0.126925457760494));
#2615=DIRECTION('ref_axis',(0.86446806505952,0.4226182617407,-0.272192522556223));
#2616=DIRECTION('',(0.864468065059519,0.4226182617407,-0.272192522556223));
#2617=DIRECTION('',(0.300331219095236,2.88731531815686E-16,0.953834974634905));
#2618=DIRECTION('',(-0.864468065059519,-0.4226182617407,0.272192522556223));
#2619=DIRECTION('center_axis',(-0.60960784248428,-0.369368805342047,0.70138788414247));
#2620=DIRECTION('ref_axis',(0.682555605831966,0.205360368126178,0.701387884234137));
#2621=DIRECTION('center_axis',(0.146017383096003,0.902039569071923,-0.406206277231575));
#2622=DIRECTION('ref_axis',(0.,0.410607154689913,0.911812351592944));
#2623=DIRECTION('',(-0.978765472626888,0.191437001801252,0.0732804471521053));
#2624=DIRECTION('',(-0.682555605831966,-0.205360368126178,-0.701387884234137));
#2625=DIRECTION('',(-0.716098295474269,0.379673195039656,0.585705981006875));
#2626=DIRECTION('',(0.682555605831966,0.205360368126178,0.701387884234137));
#2627=DIRECTION('center_axis',(-0.403108078967688,0.90630778703665,0.126925457760494));
#2628=DIRECTION('ref_axis',(-0.300331219095236,-2.62528308571802E-16,-0.953834974634905));
#2629=DIRECTION('',(0.197599241231509,0.786068090944776,0.585705981071704));
#2630=DIRECTION('center_axis',(-0.403108078967688,0.90630778703665,0.126925457760494));
#2631=DIRECTION('ref_axis',(-0.300331219095236,-2.39083319353589E-16,-0.953834974634905));
#2632=DIRECTION('center_axis',(0.403108078967688,-0.90630778703665,-0.126925457760494));
#2633=DIRECTION('ref_axis',(-0.300331219095236,-2.88731531815686E-16,-0.953834974634905));
#2634=DIRECTION('center_axis',(-0.767680153609794,0.495644673166812,-0.406206277296409));
#2635=DIRECTION('ref_axis',(-0.467696489541514,0.,0.883889129738874));
#2636=DIRECTION('',(-0.513296356817884,-0.855077087827267,-0.0732804472579682));
#2637=DIRECTION('',(0.609607842484304,0.369368805342055,-0.701387884142444));
#2638=DIRECTION('',(-0.609607842484304,-0.369368805342055,0.701387884142444));
#2639=DIRECTION('center_axis',(0.682555605831944,0.205360368126165,0.701387884234162));
#2640=DIRECTION('ref_axis',(0.609607842484304,0.369368805342055,-0.701387884142444));
#2641=DIRECTION('',(0.403108078967688,-0.90630778703665,-0.126925457760494));
#2642=DIRECTION('',(0.609607842484304,0.369368805342055,-0.701387884142444));
#2643=DIRECTION('',(-0.403108078967688,0.90630778703665,0.126925457760494));
#2644=DIRECTION('center_axis',(-0.403108078967688,0.90630778703665,0.126925457760494));
#2645=DIRECTION('ref_axis',(-0.0515818581355239,0.115971478127157,-0.991912258303268));
#2646=DIRECTION('',(0.403108078967688,-0.90630778703665,-0.126925457760494));
#2647=DIRECTION('center_axis',(-0.403108078967688,0.90630778703665,0.126925457760494));
#2648=DIRECTION('ref_axis',(-0.300331219095236,-2.88731531815686E-16,-0.953834974634905));
#2649=DIRECTION('center_axis',(-0.60960784248428,-0.369368805342047,0.70138788414247));
#2650=DIRECTION('ref_axis',(0.682555605831966,0.205360368126178,0.701387884234137));
#2651=DIRECTION('',(-0.403108078967688,0.90630778703665,0.126925457760494));
#2652=DIRECTION('',(0.682555605831966,0.205360368126178,0.701387884234137));
#2653=DIRECTION('center_axis',(-0.363559812396402,0.665192914293318,-0.652182987806532));
#2654=DIRECTION('ref_axis',(-0.873453659291028,0.,0.48690728590884));
#2655=DIRECTION('',(-0.930198874182884,-0.221237642118371,0.292888989514454));
#2656=DIRECTION('',(0.877491930515608,0.479591400965438,6.2258802832667E-11));
#2657=DIRECTION('',(0.312781352849374,-0.572285308997156,-0.758061574290469));
#2658=DIRECTION('',(-0.877491930515608,-0.479591400965438,-6.225879971417E-11));
#2659=DIRECTION('',(-0.30131258111408,0.579605553680016,0.757144722365317));
#2660=DIRECTION('',(5.02611056321168E-11,-0.705829856445638,-0.708381404153108));
#2661=DIRECTION('center_axis',(5.01697059622166E-11,0.707106781186545,-0.70710678118655));
#2662=DIRECTION('ref_axis',(-1.,0.,-7.09506785920368E-11));
#2663=DIRECTION('center_axis',(5.01697059622166E-11,0.707106781186545,-0.70710678118655));
#2664=DIRECTION('ref_axis',(0.550527347442748,0.590304853305282,0.590304853344338));
#2665=DIRECTION('',(-1.,-2.88731531830713E-16,-7.09509673235686E-11));
#2666=DIRECTION('',(-5.01723045172401E-11,0.707106781186551,0.707106781186544));
#2667=DIRECTION('',(1.,2.88731531830713E-16,7.09509673235686E-11));
#2668=DIRECTION('center_axis',(7.09509673235686E-11,-2.11793910085999E-16,
-1.));
#2669=DIRECTION('ref_axis',(-1.,-2.88731531830713E-16,-7.09509673235686E-11));
#2670=DIRECTION('',(2.88731531815686E-16,-1.,2.11793910106485E-16));
#2671=DIRECTION('center_axis',(-7.09509673235686E-11,2.11793910085999E-16,
1.));
#2672=DIRECTION('ref_axis',(1.,-5.91696769163804E-16,7.09508868290378E-11));
#2673=DIRECTION('',(-2.88731531815686E-16,1.,-2.11793910106485E-16));
#2674=DIRECTION('center_axis',(0.422618261676396,3.13973688049906E-16,0.906307787066635));
#2675=DIRECTION('ref_axis',(0.640856382076991,0.707106781186549,-0.298836238684649));
#2676=DIRECTION('',(0.422618261676396,3.13973688049906E-16,0.906307787066635));
#2677=DIRECTION('center_axis',(-0.422618261676394,-3.13973688049906E-16,
-0.906307787066636));
#2678=DIRECTION('ref_axis',(-2.88731531815686E-16,1.,-2.11793910106485E-16));
#2679=DIRECTION('',(-0.422618261676396,-3.13973688049906E-16,-0.906307787066635));
#2680=DIRECTION('center_axis',(2.88731531815686E-16,-1.,2.11793910106485E-16));
#2681=DIRECTION('ref_axis',(-0.953834974634905,-2.11793910106485E-16,0.300331219095236));
#2682=DIRECTION('',(-0.300331219095238,-2.88731531815686E-16,-0.953834974634904));
#2683=DIRECTION('center_axis',(2.88731531815686E-16,-1.,2.11793910106485E-16));
#2684=DIRECTION('ref_axis',(0.506195077574865,3.28809573764379E-16,0.86241900688643));
#2685=DIRECTION('',(0.00959890038102357,2.14555657864742E-16,0.999953929494492));
#2686=DIRECTION('center_axis',(2.88731531815686E-16,-1.,2.11793910106485E-16));
#2687=DIRECTION('ref_axis',(0.975245959339414,2.34751784806104E-16,-0.221122859044801));
#2688=DIRECTION('',(-0.999953929494492,-2.86685241163639E-16,0.00959890038102401));
#2689=DIRECTION('',(0.713861651971057,3.54430838711011E-16,0.700286756868323));
#2690=DIRECTION('center_axis',(-2.88731531815686E-16,1.,-2.11793910106485E-16));
#2691=DIRECTION('ref_axis',(0.953834974634905,2.11793910106485E-16,-0.300331219095236));
#2692=DIRECTION('',(0.700286756868349,5.10033174748178E-17,-0.713861651971032));
#2693=DIRECTION('',(-0.999953929494492,-2.8668524116364E-16,0.00959890038102201));
#2694=DIRECTION('',(0.713861651971052,3.5443083871101E-16,0.700286756868328));
#2695=DIRECTION('center_axis',(-2.88731531815686E-16,1.,-2.11793910106485E-16));
#2696=DIRECTION('ref_axis',(0.953834974634905,2.11793910106485E-16,-0.300331219095236));
#2697=DIRECTION('',(0.700286756868327,5.10033174748073E-17,-0.713861651971053));
#2698=DIRECTION('center_axis',(-0.504776414937752,-0.707106781186542,-0.495177514556748));
#2699=DIRECTION('ref_axis',(-0.225199717225553,0.661621637086856,-0.715221571752446));
#2700=DIRECTION('',(0.816458964517498,-0.577350269189624,-0.00783746934177185));
#2701=DIRECTION('',(0.700286756868349,5.10033174748178E-17,-0.713861651971032));
#2702=DIRECTION('',(0.504776414937742,-0.707106781186553,0.495177514556742));
#2703=DIRECTION('',(-0.700286756868349,-5.10033174748178E-17,0.713861651971032));
#2704=DIRECTION('center_axis',(2.88731531815686E-16,-1.,2.11793910106485E-16));
#2705=DIRECTION('ref_axis',(-0.00959890038102473,-2.14555657864742E-16,
-0.999953929494492));
#2706=DIRECTION('center_axis',(-2.88731531815686E-16,1.,-2.11793910106485E-16));
#2707=DIRECTION('ref_axis',(0.953834974634905,2.11793910106485E-16,-0.300331219095236));
#2708=DIRECTION('',(-0.495177514556737,-0.707106781186539,0.504776414937766));
#2709=DIRECTION('center_axis',(2.88731531815686E-16,-1.,2.11793910106485E-16));
#2710=DIRECTION('ref_axis',(0.953834974634905,2.11793910106485E-16,-0.300331219095236));
#2711=DIRECTION('center_axis',(0.495177514556726,-0.707106781186549,-0.504776414937764));
#2712=DIRECTION('ref_axis',(-0.271745303892193,0.425797036329888,-0.863047723863069));
#2713=DIRECTION('',(0.816458964517502,0.577350269189619,-0.00783746934177215));
#2714=DIRECTION('',(-0.713861651971057,-3.54430838711011E-16,-0.700286756868323));
#2715=DIRECTION('',(0.713861651971057,3.54430838711011E-16,0.700286756868323));
#2716=DIRECTION('center_axis',(-0.700286756868323,-5.10033174748052E-17,
0.713861651971057));
#2717=DIRECTION('ref_axis',(0.713861651971057,3.54430838711011E-16,0.700286756868323));
#2718=DIRECTION('',(-2.88731531815686E-16,1.,-2.11793910106485E-16));
#2719=DIRECTION('',(-0.713861651971057,-3.54430838711011E-16,-0.700286756868323));
#2720=DIRECTION('',(-2.88731531815686E-16,1.,-2.11793910106485E-16));
#2721=DIRECTION('center_axis',(2.88731531815686E-16,-1.,2.11793910106485E-16));
#2722=DIRECTION('ref_axis',(-0.00959890038102399,-2.14555657864742E-16,
-0.999953929494492));
#2723=DIRECTION('',(-2.88731531815686E-16,1.,-2.11793910106485E-16));
#2724=DIRECTION('center_axis',(2.88731531815686E-16,-1.,2.11793910106485E-16));
#2725=DIRECTION('ref_axis',(0.953834974634905,2.11793910106485E-16,-0.300331219095236));
#2726=DIRECTION('center_axis',(0.713861651971032,3.54430838711009E-16,0.700286756868349));
#2727=DIRECTION('ref_axis',(0.700286756868349,5.10033174748178E-17,-0.713861651971032));
#2728=DIRECTION('',(-2.88731531815686E-16,1.,-2.11793910106485E-16));
#2729=DIRECTION('',(-0.700286756868349,-5.10033174748178E-17,0.713861651971032));
#2730=DIRECTION('center_axis',(-0.0535284080742989,1.96034927648799E-16,
0.99856632705546));
#2731=DIRECTION('ref_axis',(2.88731531815686E-16,-1.,2.11793910106485E-16));
#2732=DIRECTION('center_axis',(0.423841953337889,-6.94528672415768E-17,
-0.905736163896928));
#2733=DIRECTION('ref_axis',(0.801296257588532,-0.466178685767742,0.374968986064813));
#2734=DIRECTION('center_axis',(0.3407632392683,2.97506955554122E-16,0.940149144956999));
#2735=DIRECTION('ref_axis',(2.88731531815686E-16,-1.,2.11793910106485E-16));
#2736=DIRECTION('center_axis',(0.830215444987781,3.57772336976069E-16,0.557442656157332));
#2737=DIRECTION('ref_axis',(2.88731531815686E-16,-1.,2.11793910106485E-16));
#2738=DIRECTION('center_axis',(0.0858468369348557,0.0799609327965767,-0.993094441538458));
#2739=DIRECTION('ref_axis',(-0.965505180742005,0.252617029323777,-0.0631219649248841));
#2740=DIRECTION('center_axis',(2.88731531815686E-16,-1.,2.11793910106485E-16));
#2741=DIRECTION('ref_axis',(-0.953834974634905,-2.11793910106485E-16,0.300331219095236));
#2742=DIRECTION('',(-0.713861651971052,-3.5443083871101E-16,-0.700286756868328));
#2743=DIRECTION('',(-0.999953929494492,-2.8668524116364E-16,0.00959890038102201));
#2744=DIRECTION('',(-0.700286756868327,-5.10033174748073E-17,0.713861651971053));
#2745=DIRECTION('center_axis',(-2.88731531815686E-16,1.,-2.11793910106485E-16));
#2746=DIRECTION('ref_axis',(-0.953834974634905,-2.11793910106485E-16,0.300331219095236));
#2747=DIRECTION('center_axis',(0.327193209363865,-0.0408754270185457,0.944072986168032));
#2748=DIRECTION('ref_axis',(-0.348741231556162,0.923314350312725,0.160842046490593));
#2749=DIRECTION('center_axis',(0.49517751455673,0.707106781186547,-0.504776414937762));
#2750=DIRECTION('ref_axis',(0.271745303892193,0.425797036329886,0.86304772386307));
#2751=DIRECTION('',(-0.8164589645175,0.577350269189622,0.00783746934177021));
#2752=DIRECTION('',(-0.713861651971052,-3.5443083871101E-16,-0.700286756868328));
#2753=DIRECTION('',(-0.495177514556729,0.707106781186547,0.504776414937763));
#2754=DIRECTION('center_axis',(-2.88731531815686E-16,1.,-2.11793910106485E-16));
#2755=DIRECTION('ref_axis',(-0.00959890038103361,-2.14555657864745E-16,
-0.999953929494492));
#2756=DIRECTION('center_axis',(2.88731531815686E-16,-1.,2.11793910106485E-16));
#2757=DIRECTION('ref_axis',(0.953834974634905,2.11793910106485E-16,-0.300331219095236));
#2758=DIRECTION('',(0.504776414937766,0.707106781186545,0.49517751455673));
#2759=DIRECTION('center_axis',(-0.504776414937763,0.707106781186547,-0.49517751455673));
#2760=DIRECTION('ref_axis',(0.225199717225556,0.661621637086845,0.715221571752455));
#2761=DIRECTION('',(-0.816458964517494,-0.577350269189631,0.0078374693417704));
#2762=DIRECTION('',(-0.700286756868327,-5.10033174748073E-17,0.713861651971053));
#2763=DIRECTION('center_axis',(0.713861651971053,3.5443083871101E-16,0.700286756868327));
#2764=DIRECTION('ref_axis',(0.700286756868327,5.10033174748073E-17,-0.713861651971053));
#2765=DIRECTION('',(-2.88731531815686E-16,1.,-2.11793910106485E-16));
#2766=DIRECTION('',(-2.88731531815686E-16,1.,-2.11793910106485E-16));
#2767=DIRECTION('center_axis',(0.495177514556725,0.707106781186549,-0.504776414937765));
#2768=DIRECTION('ref_axis',(0.271745303892193,0.425797036329889,0.863047723863068));
#2769=DIRECTION('',(-0.816458964517502,0.577350269189618,0.00783746934177187));
#2770=DIRECTION('',(-0.495177514556727,0.707106781186546,0.504776414937766));
#2771=DIRECTION('center_axis',(-2.88731531815686E-16,1.,-2.11793910106485E-16));
#2772=DIRECTION('ref_axis',(-0.0095989003810239,-2.14555657864742E-16,-0.999953929494492));
#2773=DIRECTION('',(0.504776414937754,0.707106781186543,0.495177514556745));
#2774=DIRECTION('center_axis',(-0.504776414937748,0.707106781186547,-0.495177514556745));
#2775=DIRECTION('ref_axis',(0.225199717225554,0.661621637086851,0.71522157175245));
#2776=DIRECTION('',(-0.816458964517502,-0.577350269189619,0.00783746934177215));
#2777=DIRECTION('',(0.62150402525747,-0.658371603422625,0.424593427169433));
#2778=DIRECTION('',(-0.363031734682971,-0.780027947502852,0.5096708356651));
#2779=DIRECTION('',(-0.632199330760437,0.656207992877835,-0.411964896889648));
#2780=DIRECTION('',(0.362872185166513,0.780282728956649,-0.509394385642838));
#2781=DIRECTION('center_axis',(-2.88731531815686E-16,1.,-2.11793910106485E-16));
#2782=DIRECTION('ref_axis',(-0.953834974634905,-2.11793910106485E-16,0.300331219095236));
#2783=DIRECTION('center_axis',(2.88731531815686E-16,-1.,2.11793910106485E-16));
#2784=DIRECTION('ref_axis',(-0.953834974634905,-2.11793910106485E-16,0.300331219095236));
#2785=DIRECTION('',(2.88731531815686E-16,-1.,2.11793910106485E-16));
#2786=DIRECTION('center_axis',(0.300331219095236,2.88731531815686E-16,0.953834974634905));
#2787=DIRECTION('ref_axis',(2.77555756156289E-16,-1.,0.));
#2788=DIRECTION('center_axis',(-0.46738393711748,-0.871719604442876,0.147163808575748));
#2789=DIRECTION('ref_axis',(0.83147664679252,-0.490005031841466,-0.261804611511546));
#2790=DIRECTION('center_axis',(-0.300331219095236,-2.88731531815686E-16,
-0.953834974634905));
#2791=DIRECTION('ref_axis',(-0.648435665610686,0.733379421612757,0.204171034965697));
#2792=DIRECTION('center_axis',(-0.86446806505952,-0.422618261740699,0.272192522556223));
#2793=DIRECTION('ref_axis',(0.403108078967687,-0.90630778703665,-0.126925457760493));
#2794=DIRECTION('center_axis',(0.300331219095236,2.88731531815686E-16,0.953834974634905));
#2795=DIRECTION('ref_axis',(-0.648435665610686,0.733379421612757,0.204171034965697));
#2796=DIRECTION('center_axis',(-0.82759968929379,-0.497166765795984,0.260583885282232));
#2797=DIRECTION('ref_axis',(-0.122954435577123,0.613524737475175,0.780044616209822));
#2798=DIRECTION('',(0.82759968929379,0.497166765795984,-0.260583885282232));
#2799=DIRECTION('center_axis',(0.82759968929379,0.497166765795983,-0.260583885282234));
#2800=DIRECTION('ref_axis',(-0.474215049442329,0.867655004588784,0.149314700865143));
#2801=DIRECTION('',(-0.82759968929379,-0.497166765795984,0.260583885282232));
#2802=DIRECTION('center_axis',(0.82759968929379,0.497166765795984,-0.260583885282232));
#2803=DIRECTION('ref_axis',(-0.47421504944233,0.867655004588783,0.149314700865143));
#2804=DIRECTION('center_axis',(0.300331219095236,2.88731531815686E-16,0.953834974634905));
#2805=DIRECTION('ref_axis',(2.96059473233376E-16,-1.,2.96059473233376E-16));
#2806=DIRECTION('center_axis',(0.300331219095236,2.88731531815686E-16,0.953834974634905));
#2807=DIRECTION('ref_axis',(2.88731531815686E-16,-1.,2.11793910106485E-16));
#2808=DIRECTION('center_axis',(0.300331219095236,2.88731531815686E-16,0.953834974634905));
#2809=DIRECTION('ref_axis',(-0.671680437710987,-0.710012217595896,0.211490048136867));
#2810=DIRECTION('center_axis',(0.300331219095232,-1.69920388077977E-15,
0.953834974634906));
#2811=DIRECTION('ref_axis',(-0.683248168192966,-0.697775045833158,0.215132345484102));
#2812=DIRECTION('center_axis',(0.864468065059519,0.4226182617407,-0.272192522556223));
#2813=DIRECTION('ref_axis',(0.497406697813399,-0.640856382055788,0.584713326809588));
#2814=DIRECTION('center_axis',(-0.86446806505952,-0.422618261740699,0.272192522556223));
#2815=DIRECTION('ref_axis',(0.403108078967688,-0.90630778703665,-0.126925457760494));
#2816=DIRECTION('',(-0.864468065059519,-0.4226182617407,0.272192522556223));
#2817=DIRECTION('center_axis',(-0.899611592985402,-0.417884131775162,0.12677473792829));
#2818=DIRECTION('ref_axis',(0.403108078378577,-0.906307786817293,-0.126925461197788));
#2819=DIRECTION('center_axis',(-0.426305379591145,0.894564787084566,0.134229523727071));
#2820=DIRECTION('ref_axis',(0.853267180998085,0.446938297428567,-0.268665733064778));
#2821=DIRECTION('center_axis',(-0.300326975457632,0.00531596813187541,-0.953821497081761));
#2822=DIRECTION('ref_axis',(0.264742515492257,-0.960230112106191,-0.0887103843716426));
#2823=DIRECTION('center_axis',(0.300331219095238,-3.9435822126021E-15,0.953834974634904));
#2824=DIRECTION('ref_axis',(-0.403108078967686,0.90630778703665,0.126925457760498));
#2825=DIRECTION('center_axis',(0.300331219095236,2.88731531815686E-16,0.953834974634905));
#2826=DIRECTION('ref_axis',(-0.813539777136794,-0.522050460030065,0.256156882005173));
#2827=DIRECTION('center_axis',(0.300331219095236,2.88731531815686E-16,0.953834974634905));
#2828=DIRECTION('ref_axis',(-0.813539777136794,-0.522050460030066,0.256156882005173));
#2829=DIRECTION('center_axis',(-0.300331219095236,-2.88731531815686E-16,
-0.953834974634905));
#2830=DIRECTION('ref_axis',(-0.813539777136794,-0.522050460030065,0.256156882005173));
#2831=DIRECTION('center_axis',(0.300331219095236,2.88731531815686E-16,0.953834974634905));
#2832=DIRECTION('ref_axis',(-0.813539777136794,-0.522050460030066,0.256156882005173));
#2833=DIRECTION('center_axis',(-0.864468065059519,-0.4226182617407,0.272192522556223));
#2834=DIRECTION('ref_axis',(-0.0726742145648694,0.640856382055788,0.764213030584892));
#2835=DIRECTION('',(0.864468065059519,0.4226182617407,-0.272192522556223));
#2836=DIRECTION('center_axis',(-0.86446806505952,-0.422618261740699,0.272192522556223));
#2837=DIRECTION('ref_axis',(0.300331219095236,2.88731531815686E-16,0.953834974634905));
#2838=DIRECTION('',(-0.864468065059519,-0.4226182617407,0.272192522556223));
#2839=DIRECTION('center_axis',(0.403108078967688,-0.90630778703665,-0.126925457760494));
#2840=DIRECTION('ref_axis',(0.823637472547064,0.29883623873012,0.481994000209462));
#2841=DIRECTION('center_axis',(0.403108078967687,-0.90630778703665,-0.126925457760494));
#2842=DIRECTION('ref_axis',(0.86446806505952,0.422618261740699,-0.272192522556223));
#2843=DIRECTION('',(0.403108078967688,-0.90630778703665,-0.126925457760494));
#2844=DIRECTION('center_axis',(-0.403108078967687,0.906307787036651,0.126925457760493));
#2845=DIRECTION('ref_axis',(0.300331219095236,2.88731531815686E-16,0.953834974634905));
#2846=DIRECTION('',(-0.403108078967688,0.90630778703665,0.126925457760494));
#2847=DIRECTION('center_axis',(0.300331219095237,2.04367544886747E-16,0.953834974634905));
#2848=DIRECTION('ref_axis',(-0.697343392531516,0.682276338983381,0.219570467404135));
#2849=DIRECTION('center_axis',(-0.300331219095237,-2.88731531815686E-16,
-0.953834974634905));
#2850=DIRECTION('ref_axis',(-0.697343392531516,0.682276338983381,0.219570467404135));
#2851=DIRECTION('',(-0.300331219095238,-2.88731531815686E-16,-0.953834974634904));
#2852=DIRECTION('center_axis',(0.300331219095236,2.88731531815686E-16,0.953834974634905));
#2853=DIRECTION('ref_axis',(-0.0658127003593791,0.997616798551063,0.0207222518113756));
#2854=DIRECTION('',(0.300331219095237,2.04367544886747E-16,0.953834974634905));
#2855=DIRECTION('center_axis',(0.684849317626286,0.256959163243581,0.681874915634803));
#2856=DIRECTION('ref_axis',(-0.474215049442329,0.867655004588784,0.149314700865143));
#2857=DIRECTION('center_axis',(0.499044030542862,-0.852211490079336,-0.157132529274791));
#2858=DIRECTION('ref_axis',(0.812869125023397,0.523197454291168,-0.255945715742496));
#2859=DIRECTION('center_axis',(-0.47421504944233,0.867655004588783,0.149314700865144));
#2860=DIRECTION('ref_axis',(0.82759968929379,0.497166765795984,-0.260583885282234));
#2861=DIRECTION('center_axis',(-0.864468065059519,-0.4226182617407,0.272192522556223));
#2862=DIRECTION('ref_axis',(0.497406697813398,-0.640856382055788,0.584713326809588));
#2863=DIRECTION('center_axis',(-0.86446806505952,-0.422618261740699,0.272192522556223));
#2864=DIRECTION('ref_axis',(0.403108078967688,-0.90630778703665,-0.126925457760492));
#2865=DIRECTION('',(-0.864468065059519,-0.4226182617407,0.272192522556223));
#2866=DIRECTION('',(0.864468065059519,0.4226182617407,-0.272192522556223));
#2867=DIRECTION('center_axis',(0.,-1.,0.));
#2868=DIRECTION('ref_axis',(0.886829420321503,0.,0.462096937072977));
#2869=DIRECTION('center_axis',(0.300331219095236,2.3662958193782E-16,0.953834974634905));
#2870=DIRECTION('ref_axis',(0.896311687111934,-0.342020143325668,-0.282219030375429));
#2871=DIRECTION('center_axis',(-0.865459022391307,0.223139929992648,0.448541249167073));
#2872=DIRECTION('ref_axis',(0.439762622354124,0.76725581199471,0.46682690040374));
#2873=DIRECTION('center_axis',(0.300331219095236,2.3662958193782E-16,0.953834974634905));
#2874=DIRECTION('ref_axis',(0.326230774733666,0.939692620785908,-0.102719326600126));
#2875=DIRECTION('center_axis',(0.300331219095236,2.88731531815686E-16,0.953834974634905));
#2876=DIRECTION('ref_axis',(-0.171786201121754,-0.983648205815108,0.0540898169794874));
#2877=DIRECTION('',(-0.300331219095236,-2.88731531815686E-16,-0.953834974634905));
#2878=DIRECTION('center_axis',(0.300331219095236,2.88731531815686E-16,0.953834974634905));
#2879=DIRECTION('ref_axis',(-0.171786201121754,-0.983648205815108,0.0540898169794874));
#2880=DIRECTION('center_axis',(0.300331219095236,2.88731531815686E-16,0.953834974634905));
#2881=DIRECTION('ref_axis',(-0.864468065059519,-0.4226182617407,0.272192522556223));
#2882=DIRECTION('',(0.300331219095236,2.88731531815686E-16,0.953834974634905));
#2883=DIRECTION('center_axis',(0.300331219095236,2.88731531815686E-16,0.953834974634905));
#2884=DIRECTION('ref_axis',(0.403108078967688,-0.90630778703665,-0.126925457760494));
#2885=DIRECTION('center_axis',(-0.300331219095236,-2.88731531815686E-16,
-0.953834974634905));
#2886=DIRECTION('ref_axis',(-0.877001615780851,0.393211724239817,0.276138924887685));
#2887=DIRECTION('',(-0.300331219095236,-2.88731531815686E-16,-0.953834974634905));
#2888=DIRECTION('center_axis',(0.300331219095236,2.88731531815686E-16,0.953834974634905));
#2889=DIRECTION('ref_axis',(-0.877001615780851,0.393211724239817,0.276138924887685));
#2890=DIRECTION('center_axis',(0.403108078967688,-0.90630778703665,-0.126925457760494));
#2891=DIRECTION('ref_axis',(-0.300331219095236,-2.3662958193782E-16,-0.953834974634905));
#2892=DIRECTION('',(0.300331219095236,2.3662958193782E-16,0.953834974634905));
#2893=DIRECTION('',(0.864468065059519,0.4226182617407,-0.272192522556223));
#2894=DIRECTION('',(-0.913697536705811,-0.406394895905121,-6.48282538762146E-11));
#2895=DIRECTION('center_axis',(0.300331219095236,2.3662958193782E-16,0.953834974634905));
#2896=DIRECTION('ref_axis',(0.326230774733666,0.939692620785908,-0.102719326600126));
#2897=DIRECTION('',(-0.300331219095236,-2.3662958193782E-16,-0.953834974634905));
#2898=DIRECTION('center_axis',(-7.09509118124174E-11,1.80174637594733E-16,
1.));
#2899=DIRECTION('ref_axis',(1.,6.858451132715E-16,7.09509598840873E-11));
#2900=DIRECTION('center_axis',(0.300331219095236,2.88731531815686E-16,0.953834974634905));
#2901=DIRECTION('ref_axis',(0.326230774733666,0.939692620785908,-0.102719326600126));
#2902=DIRECTION('center_axis',(0.86446806505952,0.4226182617407,-0.272192522556223));
#2903=DIRECTION('ref_axis',(0.300331219095236,2.3662958193782E-16,0.953834974634905));
#2904=DIRECTION('',(0.300331219095236,2.3662958193782E-16,0.953834974634905));
#2905=DIRECTION('',(0.439201266202363,-0.898388695257371,3.1161878633057E-11));
#2906=DIRECTION('center_axis',(0.300331219095236,2.3662958193782E-16,0.953834974634905));
#2907=DIRECTION('ref_axis',(0.896311687111934,-0.342020143325668,-0.282219030375429));
#2908=DIRECTION('',(-0.300331219095236,-2.3662958193782E-16,-0.953834974634905));
#2909=DIRECTION('center_axis',(-7.09509118124174E-11,1.80174637594733E-16,
1.));
#2910=DIRECTION('ref_axis',(1.,1.56360338017117E-16,7.09509267912888E-11));
#2911=DIRECTION('center_axis',(0.403108078967688,-0.90630778703665,-0.126925457760494));
#2912=DIRECTION('ref_axis',(-0.300331219095236,-2.3662958193782E-16,-0.953834974634905));
#2913=DIRECTION('',(0.300331219095236,2.88731531815686E-16,0.953834974634905));
#2914=DIRECTION('',(0.864468065059519,0.4226182617407,-0.272192522556223));
#2915=DIRECTION('',(-0.913697536705811,-0.406394895905121,-6.48275877423998E-11));
#2916=DIRECTION('',(0.913697536705811,0.40639489590512,6.48279763204584E-11));
#2917=DIRECTION('',(-0.609607842484285,-0.369368805342049,0.701387884142465));
#2918=DIRECTION('center_axis',(0.403108078967688,-0.90630778703665,-0.126925457760494));
#2919=DIRECTION('ref_axis',(-0.300331219095236,-2.41511128921583E-16,-0.953834974634905));
#2920=DIRECTION('',(-0.682555605831959,-0.205360368126173,-0.701387884234145));
#2921=DIRECTION('center_axis',(0.300331219095236,2.88731531815686E-16,0.953834974634905));
#2922=DIRECTION('ref_axis',(-0.648435665610686,0.733379421612757,0.204171034965697));
#2923=DIRECTION('',(-0.300331219095236,-2.88731531815686E-16,-0.953834974634905));
#2924=DIRECTION('center_axis',(-0.300331219095236,-2.88731531815686E-16,
-0.953834974634905));
#2925=DIRECTION('ref_axis',(-0.648435665610686,0.733379421612757,0.204171034965697));
#2926=DIRECTION('center_axis',(0.300331219095236,2.88731531815686E-16,0.953834974634905));
#2927=DIRECTION('ref_axis',(-0.864468065059519,-0.4226182617407,0.272192522556223));
#2928=DIRECTION('',(-0.300331219095236,-2.88731531815686E-16,-0.953834974634905));
#2929=DIRECTION('center_axis',(0.300331219095236,2.88731531815686E-16,0.953834974634905));
#2930=DIRECTION('ref_axis',(0.403108078967688,-0.90630778703665,-0.126925457760494));
#2931=DIRECTION('center_axis',(-0.47421504944233,0.867655004588783,0.149314700865144));
#2932=DIRECTION('ref_axis',(-0.82759968929379,-0.497166765795984,0.260583885282232));
#2933=DIRECTION('',(0.82759968929379,0.497166765795984,-0.260583885282232));
#2934=DIRECTION('',(0.300331219095238,2.88731531815686E-16,0.953834974634904));
#2935=DIRECTION('center_axis',(0.300331219095238,2.88731531815686E-16,0.953834974634904));
#2936=DIRECTION('ref_axis',(-0.245364657389132,0.966347505969975,0.0772572495622415));
#2937=DIRECTION('center_axis',(-0.300331219095237,-2.88731531815686E-16,
-0.953834974634905));
#2938=DIRECTION('ref_axis',(-0.245364657389132,0.966347505969975,0.0772572495622415));
#2939=DIRECTION('center_axis',(0.300331219095237,2.88731531815686E-16,0.953834974634905));
#2940=DIRECTION('ref_axis',(2.88731531815686E-16,-1.,2.11793910106485E-16));
#2941=DIRECTION('',(2.88731531815686E-16,-1.,2.11793910106485E-16));
#2942=DIRECTION('',(9.82031928823225E-16,1.,-6.11915471450414E-16));
#2943=DIRECTION('center_axis',(0.300331219095236,2.88731531815686E-16,0.953834974634905));
#2944=DIRECTION('ref_axis',(0.403108078967688,-0.90630778703665,-0.126925457760494));
#2945=DIRECTION('center_axis',(2.88731531815686E-16,-1.,2.11793910106485E-16));
#2946=DIRECTION('ref_axis',(-0.300331219095236,-3.5527136788005E-16,-0.953834974634905));
#2947=DIRECTION('center_axis',(-0.00959890038102335,-2.14555657864742E-16,
-0.999953929494492));
#2948=DIRECTION('ref_axis',(-2.88731531815686E-16,1.,-2.11793910106485E-16));
#2949=DIRECTION('center_axis',(-2.88731531815686E-16,1.,-2.11793910106485E-16));
#2950=DIRECTION('ref_axis',(0.975245959339414,2.34751784806104E-16,-0.221122859044801));
#2951=DIRECTION('center_axis',(-0.00959890038102357,-2.14555657864742E-16,
-0.999953929494492));
#2952=DIRECTION('ref_axis',(0.707074204419691,0.707106781186547,-0.00678744755136049));
#2953=DIRECTION('center_axis',(-0.00959890038102845,-2.14555657864743E-16,
-0.999953929494492));
#2954=DIRECTION('ref_axis',(-2.88731531815686E-16,1.,-2.11793910106485E-16));
#2955=DIRECTION('',(-0.00959890038102357,-2.14555657864742E-16,-0.999953929494492));
#2956=DIRECTION('center_axis',(2.88731531815686E-16,-1.,2.11793910106485E-16));
#2957=DIRECTION('ref_axis',(0.354290134485923,3.5527136788005E-16,0.93513555199551));
#2958=DIRECTION('center_axis',(0.655398910139905,3.49198651242284E-16,0.755282906325454));
#2959=DIRECTION('ref_axis',(-2.88731531815686E-16,1.,-2.11793910106485E-16));
#2960=DIRECTION('center_axis',(-2.88731531815686E-16,1.,-2.11793910106485E-16));
#2961=DIRECTION('ref_axis',(0.506195077574865,3.28809573764379E-16,0.86241900688643));
#2962=DIRECTION('center_axis',(0.0095802495819939,-0.0623077278386848,0.998011004883978));
#2963=DIRECTION('ref_axis',(0.180024994253561,-0.981641611153412,-0.0630138770124404));
#2964=DIRECTION('center_axis',(0.00958714732280914,-0.0494705477706742,
0.998729568756968));
#2965=DIRECTION('ref_axis',(0.113454738122424,-0.992272133518663,-0.0502397794570595));
#2966=DIRECTION('center_axis',(2.88731531815686E-16,-1.,2.11793910106485E-16));
#2967=DIRECTION('ref_axis',(0.975245959339414,2.34751784806104E-16,-0.221122859044801));
#2968=DIRECTION('',(2.88731531815686E-16,-1.,2.11793910106485E-16));
#2969=DIRECTION('',(-2.88731531815686E-16,1.,-2.11793910106485E-16));
#2970=DIRECTION('center_axis',(0.906307787066635,1.72171661533385E-16,-0.422618261676396));
#2971=DIRECTION('ref_axis',(2.88731531815686E-16,-1.,2.11793910106485E-16));
#2972=DIRECTION('center_axis',(0.403108078967686,-0.906307787036651,-0.126925457760493));
#2973=DIRECTION('ref_axis',(-0.300331219095236,-2.88731531815686E-16,-0.953834974634905));
#2974=DIRECTION('',(-0.767680153609791,0.495644673166824,-0.4062062772964));
#2975=DIRECTION('',(-0.146017383096002,-0.902039569071924,0.406206277231573));
#2976=DIRECTION('center_axis',(0.403108078967688,-0.90630778703665,-0.126925457760494));
#2977=DIRECTION('ref_axis',(-0.300331219095236,-2.88731531815686E-16,-0.953834974634905));
#2978=DIRECTION('center_axis',(0.71609829547427,-0.379673195039652,-0.585705981006877));
#2979=DIRECTION('ref_axis',(-0.222681151799274,0.671006025346069,-0.707222750328791));
#2980=DIRECTION('',(0.513296356817875,0.855077087827272,0.0732804472579692));
#2981=DIRECTION('',(-0.682555605831966,-0.205360368126178,-0.701387884234137));
#2982=DIRECTION('center_axis',(-0.19759924123153,-0.786068090944762,-0.585705981071715));
#2983=DIRECTION('ref_axis',(-0.236099445003889,0.618060910779494,-0.749838491033421));
#2984=DIRECTION('',(0.978765472626889,-0.191437001801247,-0.0732804471521047));
#2985=DIRECTION('',(-0.609607842484304,-0.369368805342055,0.701387884142444));
#2986=DIRECTION('center_axis',(0.403108078967688,-0.90630778703665,-0.126925457760494));
#2987=DIRECTION('ref_axis',(0.300331219095236,2.88731531815686E-16,0.953834974634905));
#2988=DIRECTION('center_axis',(-0.403108078967688,0.90630778703665,0.126925457760494));
#2989=DIRECTION('ref_axis',(0.300331219095236,2.88731531815686E-16,0.953834974634905));
#2990=DIRECTION('',(0.609607842484285,0.369368805342049,-0.701387884142465));
#2991=DIRECTION('',(0.913697536705811,0.406394895905121,6.48279208093072E-11));
#2992=DIRECTION('',(0.682555605831959,0.205360368126174,0.701387884234145));
#2993=DIRECTION('',(0.913697536705811,0.406394895905121,6.48282538762146E-11));
#2994=DIRECTION('center_axis',(0.403108078967687,-0.90630778703665,-0.126925457760493));
#2995=DIRECTION('ref_axis',(-0.300331219095236,-2.63645692778194E-16,-0.953834974634905));
#2996=DIRECTION('',(-0.146017383096005,-0.902039569071926,0.406206277231568));
#2997=DIRECTION('',(-0.767680153609806,0.495644673166806,-0.406206277296394));
#2998=DIRECTION('center_axis',(-0.403108078967688,0.90630778703665,0.126925457760494));
#2999=DIRECTION('ref_axis',(-0.300331219095236,-2.88731531815686E-16,-0.953834974634905));
#3000=DIRECTION('center_axis',(-0.19759924123154,-0.786068090944771,-0.5857059810717));
#3001=DIRECTION('ref_axis',(-0.236099445003892,0.618060910779483,-0.74983849103343));
#3002=DIRECTION('',(0.978765472626887,-0.191437001801258,-0.073280447152106));
#3003=DIRECTION('',(0.609607842484285,0.369368805342049,-0.701387884142465));
#3004=DIRECTION('center_axis',(0.716098295474275,-0.379673195039651,-0.585705981006871));
#3005=DIRECTION('ref_axis',(-0.222681151799276,0.671006025346061,-0.707222750328797));
#3006=DIRECTION('',(0.513296356817871,0.855077087827275,0.0732804472579696));
#3007=DIRECTION('',(0.682555605831959,0.205360368126174,0.701387884234145));
#3008=DIRECTION('center_axis',(-0.609607842484288,-0.36936880534205,0.701387884142461));
#3009=DIRECTION('ref_axis',(0.682555605831959,0.205360368126174,0.701387884234145));
#3010=DIRECTION('',(0.403108078967688,-0.90630778703665,-0.126925457760494));
#3011=DIRECTION('',(-0.403108078967688,0.90630778703665,0.126925457760494));
#3012=DIRECTION('center_axis',(-0.403108078967688,0.90630778703665,0.126925457760494));
#3013=DIRECTION('ref_axis',(-0.0515818581355324,0.115971478127153,-0.991912258303268));
#3014=DIRECTION('',(0.403108078967688,-0.90630778703665,-0.126925457760494));
#3015=DIRECTION('center_axis',(7.09509118124174E-11,-1.80174637594733E-16,
-1.));
#3016=DIRECTION('ref_axis',(-2.78775664284142E-16,1.,-1.80174637614512E-16));
#3017=DIRECTION('',(-3.89152553841774E-16,1.,-1.80174637622344E-16));
#3018=DIRECTION('center_axis',(0.300331219095236,2.88731531815686E-16,0.953834974634905));
#3019=DIRECTION('ref_axis',(0.403108078967688,-0.90630778703665,-0.126925457760494));
#3020=DIRECTION('',(-9.82031928823225E-16,-1.,6.11915471450414E-16));
#3021=DIRECTION('center_axis',(0.300331219095237,2.88731531815686E-16,0.953834974634905));
#3022=DIRECTION('ref_axis',(2.88731531815686E-16,-1.,2.11793910106485E-16));
#3023=DIRECTION('center_axis',(-0.953834974634905,1.12047371944371E-15,
0.300331219095237));
#3024=DIRECTION('ref_axis',(-9.82031928823225E-16,-1.,6.11915471450414E-16));
#3025=DIRECTION('',(9.82031928823225E-16,1.,-6.11915471450414E-16));
#3026=DIRECTION('center_axis',(9.82031928823225E-16,1.,-6.11915471450414E-16));
#3027=DIRECTION('ref_axis',(0.462096937072975,-1.06374826604994E-15,-0.886829420321504));
#3028=DIRECTION('center_axis',(0.00959890038102401,2.14555657864742E-16,
0.999953929494492));
#3029=DIRECTION('ref_axis',(0.999953929494492,2.86685241163639E-16,-0.00959890038102401));
#3030=DIRECTION('',(0.999953929494492,2.86685241163639E-16,-0.00959890038102401));
#3031=DIRECTION('center_axis',(-0.700286756868328,-5.10033174748077E-17,
0.713861651971052));
#3032=DIRECTION('ref_axis',(0.713861651971052,3.5443083871101E-16,0.700286756868328));
#3033=DIRECTION('',(-2.88731531815686E-16,1.,-2.11793910106485E-16));
#3034=DIRECTION('',(-2.88731531815686E-16,1.,-2.11793910106485E-16));
#3035=DIRECTION('center_axis',(0.00959890038102201,2.14555657864741E-16,
0.999953929494492));
#3036=DIRECTION('ref_axis',(0.999953929494492,2.8668524116364E-16,-0.00959890038102201));
#3037=DIRECTION('center_axis',(2.88731531815686E-16,-1.,2.11793910106485E-16));
#3038=DIRECTION('ref_axis',(-0.953834974634905,-2.11793910106485E-16,0.300331219095236));
#3039=DIRECTION('center_axis',(2.88731531815686E-16,-1.,2.11793910106485E-16));
#3040=DIRECTION('ref_axis',(-0.953834974634905,-2.11793910106485E-16,0.300331219095236));
#3041=DIRECTION('',(-0.700286756868346,-5.10033174748167E-17,0.713861651971034));
#3042=DIRECTION('',(-0.999953929494492,-2.86685241163639E-16,0.00959890038102723));
#3043=DIRECTION('',(-0.71386165197105,-3.5443083871101E-16,-0.70028675686833));
#3044=DIRECTION('center_axis',(2.88731531815686E-16,-1.,2.11793910106485E-16));
#3045=DIRECTION('ref_axis',(-0.00959890038103244,-2.14555657864744E-16,
-0.999953929494492));
#3046=DIRECTION('center_axis',(0.713861651971034,3.54430838711009E-16,0.700286756868346));
#3047=DIRECTION('ref_axis',(-0.700286756868346,-5.10033174748167E-17,0.713861651971034));
#3048=DIRECTION('',(2.88731531815686E-16,-1.,2.11793910106485E-16));
#3049=DIRECTION('',(2.88731531815686E-16,-1.,2.11793910106485E-16));
#3050=DIRECTION('center_axis',(0.00959890038102723,2.14555657864743E-16,
0.999953929494492));
#3051=DIRECTION('ref_axis',(-0.999953929494492,-2.86685241163639E-16,0.00959890038102723));
#3052=DIRECTION('',(2.88731531815686E-16,-1.,2.11793910106485E-16));
#3053=DIRECTION('center_axis',(-0.70028675686833,-5.10033174748086E-17,
0.71386165197105));
#3054=DIRECTION('ref_axis',(-0.71386165197105,-3.5443083871101E-16,-0.70028675686833));
#3055=DIRECTION('center_axis',(-2.88731531815686E-16,1.,-2.11793910106485E-16));
#3056=DIRECTION('ref_axis',(-0.953834974634905,-2.11793910106485E-16,0.300331219095236));
#3057=DIRECTION('',(0.920522029608904,-0.261974746000249,-0.289842069863587));
#3058=DIRECTION('center_axis',(2.88731531815686E-16,-1.,2.11793910106485E-16));
#3059=DIRECTION('ref_axis',(-0.953834974634905,-2.11793910106485E-16,0.300331219095236));
#3060=DIRECTION('',(2.88731531815686E-16,-1.,2.11793910106485E-16));
#3061=DIRECTION('center_axis',(0.999953929494492,2.8668524116364E-16,-0.00959890038102357));
#3062=DIRECTION('ref_axis',(0.00959890038102357,2.14555657864742E-16,0.999953929494492));
#3063=DIRECTION('center_axis',(0.0515818581355312,-0.115971478127153,0.991912258303268));
#3064=DIRECTION('ref_axis',(0.913697536705811,0.406394895905121,6.48282538762146E-11));
#3065=DIRECTION('center_axis',(0.682555605831962,0.205360368126175,0.701387884234142));
#3066=DIRECTION('ref_axis',(0.609607842484285,0.369368805342049,-0.701387884142465));
#3067=DIRECTION('',(-0.403108078967688,0.90630778703665,0.126925457760494));
#3068=DIRECTION('center_axis',(0.0515818581355315,-0.115971478127153,0.991912258303268));
#3069=DIRECTION('ref_axis',(0.913697536705811,0.406394895905121,6.48279763204584E-11));
#3070=DIRECTION('center_axis',(-0.300331219095236,-2.88731531815686E-16,
-0.953834974634905));
#3071=DIRECTION('ref_axis',(-0.403108078967688,0.90630778703665,0.126925457760494));
#3072=DIRECTION('center_axis',(0.988391363442692,3.57261216426452E-16,-0.15192930155798));
#3073=DIRECTION('ref_axis',(3.89152553841774E-16,-1.,1.80174637622344E-16));
#3074=DIRECTION('',(0.151300439765088,0.0908912259284539,0.984300239752137));
#3075=DIRECTION('',(3.89152553841774E-16,-1.,1.80174637622344E-16));
#3076=DIRECTION('',(-0.151511951140164,-0.0740706569078132,-0.985676248291976));
#3077=DIRECTION('',(-3.89152553841774E-16,1.,-1.80174637622344E-16));
#3078=DIRECTION('center_axis',(-0.514957939559282,0.857215445780615,-3.65369123844772E-11));
#3079=DIRECTION('ref_axis',(-0.857215445780615,-0.514957939559282,-6.08200989571372E-11));
#3080=DIRECTION('',(-0.857215445780615,-0.514957939559282,-6.08200989571372E-11));
#3081=DIRECTION('',(-7.09509673235686E-11,1.72143087777958E-16,1.));
#3082=DIRECTION('',(-0.82759968929379,-0.497166765795984,0.260583885282232));
#3083=DIRECTION('center_axis',(7.09509118124174E-11,-1.80174637594733E-16,
-1.));
#3084=DIRECTION('ref_axis',(1.,2.88731531830713E-16,7.09509118124174E-11));
#3085=DIRECTION('',(0.89838869525737,0.439201266202365,6.37413455351066E-11));
#3086=DIRECTION('center_axis',(0.439201266202365,-0.89838869525737,3.11619341442082E-11));
#3087=DIRECTION('ref_axis',(0.89838869525737,0.439201266202365,6.37414010462578E-11));
#3088=DIRECTION('',(0.864468065059519,0.422618261740702,-0.272192522556223));
#3089=DIRECTION('center_axis',(-0.300331219095236,-2.88731531815686E-16,
-0.953834974634905));
#3090=DIRECTION('ref_axis',(-0.403108078967688,0.90630778703665,0.126925457760494));
#3091=CARTESIAN_POINT('',(0.,0.,0.));
#3092=CARTESIAN_POINT('Origin',(21.0954153648,2.79697364292314,17.0202614766233));
#3093=CARTESIAN_POINT('',(17.8795671463013,2.79697364292314,16.511504650116));
#3094=CARTESIAN_POINT('',(18.3342361450195,2.79697364292314,19.3531823158264));
#3095=CARTESIAN_POINT('Ctrl Pts',(17.8795671463013,2.79697364292314,16.511504650116));
#3096=CARTESIAN_POINT('Ctrl Pts',(17.8925088270161,2.79697364292314,16.8514939628446));
#3097=CARTESIAN_POINT('Ctrl Pts',(17.9737587379709,2.79697364292314,17.5280188480937));
#3098=CARTESIAN_POINT('Ctrl Pts',(17.819346408251,2.79697364292314,18.3758377440586));
#3099=CARTESIAN_POINT('Ctrl Pts',(17.7904512971201,2.79697364292314,19.050508771519));
#3100=CARTESIAN_POINT('Ctrl Pts',(17.8095963463804,2.79697364292314,19.4832049312482));
#3101=CARTESIAN_POINT('Ctrl Pts',(17.8185871864628,2.79697364292314,19.8080515019914));
#3102=CARTESIAN_POINT('Ctrl Pts',(17.7330061361112,2.79697364292314,20.0980013430031));
#3103=CARTESIAN_POINT('Ctrl Pts',(17.9591979744754,2.79697364292314,20.2721087859019));
#3104=CARTESIAN_POINT('Ctrl Pts',(18.3098657519597,2.79697364292314,20.1141128638834));
#3105=CARTESIAN_POINT('Ctrl Pts',(18.5660722298097,2.79697364292314,19.8027772686066));
#3106=CARTESIAN_POINT('Ctrl Pts',(18.9689568723455,2.79697364292314,19.6021475401388));
#3107=CARTESIAN_POINT('Ctrl Pts',(19.1234210920355,2.79697364292314,19.238293307507));
#3108=CARTESIAN_POINT('Ctrl Pts',(18.8176547294673,2.79697364292314,19.0084686872112));
#3109=CARTESIAN_POINT('Ctrl Pts',(18.5799163892643,2.79697364292314,19.1623798998861));
#3110=CARTESIAN_POINT('Ctrl Pts',(18.3716881525896,2.79697364292314,19.3244121228877));
#3111=CARTESIAN_POINT('Ctrl Pts',(18.3342361450195,2.79697364292314,19.3531823158264));
#3112=CARTESIAN_POINT('',(18.4073066711426,2.79697364292314,16.4952659606934));
#3113=CARTESIAN_POINT('Ctrl Pts',(18.3342361450195,2.79697364292314,19.3531823158264));
#3114=CARTESIAN_POINT('Ctrl Pts',(18.3447076027879,2.79697364292314,18.8767074175378));
#3115=CARTESIAN_POINT('Ctrl Pts',(18.4790731805975,2.79697364292314,17.9227539738408));
#3116=CARTESIAN_POINT('Ctrl Pts',(18.421137913798,2.79697364292314,16.9732116174337));
#3117=CARTESIAN_POINT('Ctrl Pts',(18.4073066711426,2.79697364292314,16.4952659606934));
#3118=CARTESIAN_POINT('Ctrl Pts',(18.4073066711426,2.79697364292314,16.4952659606934));
#3119=CARTESIAN_POINT('Ctrl Pts',(18.6108664650654,2.79697364292314,16.5066586169436));
#3120=CARTESIAN_POINT('Ctrl Pts',(18.979456371125,2.79697364292314,16.5696913297686));
#3121=CARTESIAN_POINT('Ctrl Pts',(19.1174335472594,2.79697364292314,16.1590063107172));
#3122=CARTESIAN_POINT('Ctrl Pts',(18.9515833736345,2.79697364292314,16.0118313097132));
#3123=CARTESIAN_POINT('Ctrl Pts',(18.6488163460864,2.79697364292314,15.9927089109358));
#3124=CARTESIAN_POINT('Ctrl Pts',(18.1994782806938,2.79697364292314,16.0127864066744));
#3125=CARTESIAN_POINT('Ctrl Pts',(17.7523461826573,2.79697364292314,15.9722411901159));
#3126=CARTESIAN_POINT('Ctrl Pts',(17.4556712939896,2.79697364292314,16.0151154080178));
#3127=CARTESIAN_POINT('Ctrl Pts',(17.3180905181095,2.79697364292314,16.1543426313533));
#3128=CARTESIAN_POINT('Ctrl Pts',(17.3260286058256,2.79697364292314,16.4304777909459));
#3129=CARTESIAN_POINT('Ctrl Pts',(17.5904865429254,2.79697364292314,16.5499769224757));
#3130=CARTESIAN_POINT('Ctrl Pts',(17.820951932349,2.79697364292314,16.515042030617));
#3131=CARTESIAN_POINT('Ctrl Pts',(17.8795671463013,2.79697364292314,16.511504650116));
#3132=CARTESIAN_POINT('Ctrl Pts',(17.8795671463013,2.79697364292314,16.511504650116));
#3133=CARTESIAN_POINT('Ctrl Pts',(17.8795671463013,3.09697364292314,16.511504650116));
#3134=CARTESIAN_POINT('Ctrl Pts',(17.8925088270161,2.79697364292314,16.8514939628446));
#3135=CARTESIAN_POINT('Ctrl Pts',(17.8925088270161,3.09697364292314,16.8514939628446));
#3136=CARTESIAN_POINT('Ctrl Pts',(17.9737587379709,2.79697364292314,17.5280188480937));
#3137=CARTESIAN_POINT('Ctrl Pts',(17.9737587379709,3.09697364292314,17.5280188480937));
#3138=CARTESIAN_POINT('Ctrl Pts',(17.819346408251,2.79697364292314,18.3758377440586));
#3139=CARTESIAN_POINT('Ctrl Pts',(17.819346408251,3.09697364292314,18.3758377440586));
#3140=CARTESIAN_POINT('Ctrl Pts',(17.7904512971201,2.79697364292314,19.050508771519));
#3141=CARTESIAN_POINT('Ctrl Pts',(17.7904512971201,3.09697364292314,19.050508771519));
#3142=CARTESIAN_POINT('Ctrl Pts',(17.8095963463804,2.79697364292314,19.4832049312482));
#3143=CARTESIAN_POINT('Ctrl Pts',(17.8095963463804,3.09697364292314,19.4832049312482));
#3144=CARTESIAN_POINT('Ctrl Pts',(17.8185871864628,2.79697364292314,19.8080515019914));
#3145=CARTESIAN_POINT('Ctrl Pts',(17.8185871864628,3.09697364292314,19.8080515019914));
#3146=CARTESIAN_POINT('Ctrl Pts',(17.7330061361112,2.79697364292314,20.0980013430031));
#3147=CARTESIAN_POINT('Ctrl Pts',(17.7330061361112,3.09697364292314,20.0980013430031));
#3148=CARTESIAN_POINT('Ctrl Pts',(17.9591979744754,2.79697364292314,20.2721087859019));
#3149=CARTESIAN_POINT('Ctrl Pts',(17.9591979744754,3.09697364292314,20.2721087859019));
#3150=CARTESIAN_POINT('Ctrl Pts',(18.3098657519597,2.79697364292314,20.1141128638834));
#3151=CARTESIAN_POINT('Ctrl Pts',(18.3098657519597,3.09697364292314,20.1141128638834));
#3152=CARTESIAN_POINT('Ctrl Pts',(18.5660722298097,2.79697364292314,19.8027772686066));
#3153=CARTESIAN_POINT('Ctrl Pts',(18.5660722298097,3.09697364292314,19.8027772686066));
#3154=CARTESIAN_POINT('Ctrl Pts',(18.9689568723455,2.79697364292314,19.6021475401388));
#3155=CARTESIAN_POINT('Ctrl Pts',(18.9689568723455,3.09697364292314,19.6021475401388));
#3156=CARTESIAN_POINT('Ctrl Pts',(19.1234210920355,2.79697364292314,19.238293307507));
#3157=CARTESIAN_POINT('Ctrl Pts',(19.1234210920355,3.09697364292314,19.238293307507));
#3158=CARTESIAN_POINT('Ctrl Pts',(18.8176547294673,2.79697364292314,19.0084686872112));
#3159=CARTESIAN_POINT('Ctrl Pts',(18.8176547294673,3.09697364292314,19.0084686872112));
#3160=CARTESIAN_POINT('Ctrl Pts',(18.5799163892643,2.79697364292314,19.1623798998861));
#3161=CARTESIAN_POINT('Ctrl Pts',(18.5799163892643,3.09697364292314,19.1623798998861));
#3162=CARTESIAN_POINT('Ctrl Pts',(18.3716881525896,2.79697364292314,19.3244121228877));
#3163=CARTESIAN_POINT('Ctrl Pts',(18.3716881525896,3.09697364292314,19.3244121228877));
#3164=CARTESIAN_POINT('Ctrl Pts',(18.3342361450195,2.79697364292314,19.3531823158264));
#3165=CARTESIAN_POINT('Ctrl Pts',(18.3342361450195,3.09697364292314,19.3531823158264));
#3166=CARTESIAN_POINT('',(17.8795671463013,3.09697364292314,16.511504650116));
#3167=CARTESIAN_POINT('',(17.8795671463013,3.09697364292314,16.511504650116));
#3168=CARTESIAN_POINT('',(18.3342361450195,3.09697364292314,19.3531823158264));
#3169=CARTESIAN_POINT('Ctrl Pts',(18.3342361450195,3.09697364292314,19.3531823158264));
#3170=CARTESIAN_POINT('Ctrl Pts',(18.3716881525896,3.09697364292314,19.3244121228877));
#3171=CARTESIAN_POINT('Ctrl Pts',(18.5799163892643,3.09697364292314,19.1623798998861));
#3172=CARTESIAN_POINT('Ctrl Pts',(18.8176547294673,3.09697364292314,19.0084686872112));
#3173=CARTESIAN_POINT('Ctrl Pts',(19.1234210920355,3.09697364292314,19.238293307507));
#3174=CARTESIAN_POINT('Ctrl Pts',(18.9689568723455,3.09697364292314,19.6021475401388));
#3175=CARTESIAN_POINT('Ctrl Pts',(18.5660722298097,3.09697364292314,19.8027772686066));
#3176=CARTESIAN_POINT('Ctrl Pts',(18.3098657519597,3.09697364292314,20.1141128638834));
#3177=CARTESIAN_POINT('Ctrl Pts',(17.9591979744754,3.09697364292314,20.2721087859019));
#3178=CARTESIAN_POINT('Ctrl Pts',(17.7330061361112,3.09697364292314,20.0980013430031));
#3179=CARTESIAN_POINT('Ctrl Pts',(17.8185871864628,3.09697364292314,19.8080515019914));
#3180=CARTESIAN_POINT('Ctrl Pts',(17.8095963463804,3.09697364292314,19.4832049312482));
#3181=CARTESIAN_POINT('Ctrl Pts',(17.7904512971201,3.09697364292314,19.050508771519));
#3182=CARTESIAN_POINT('Ctrl Pts',(17.819346408251,3.09697364292314,18.3758377440586));
#3183=CARTESIAN_POINT('Ctrl Pts',(17.9737587379709,3.09697364292314,17.5280188480937));
#3184=CARTESIAN_POINT('Ctrl Pts',(17.8925088270161,3.09697364292314,16.8514939628446));
#3185=CARTESIAN_POINT('Ctrl Pts',(17.8795671463013,3.09697364292314,16.511504650116));
#3186=CARTESIAN_POINT('',(18.3342361450195,3.09697364292314,19.3531823158264));
#3187=CARTESIAN_POINT('Ctrl Pts',(18.3342361450195,2.79697364292314,19.3531823158264));
#3188=CARTESIAN_POINT('Ctrl Pts',(18.3342361450195,3.09697364292314,19.3531823158264));
#3189=CARTESIAN_POINT('Ctrl Pts',(18.3447076027879,2.79697364292314,18.8767074175378));
#3190=CARTESIAN_POINT('Ctrl Pts',(18.3447076027879,3.09697364292314,18.8767074175378));
#3191=CARTESIAN_POINT('Ctrl Pts',(18.4790731805975,2.79697364292314,17.9227539738408));
#3192=CARTESIAN_POINT('Ctrl Pts',(18.4790731805975,3.09697364292314,17.9227539738408));
#3193=CARTESIAN_POINT('Ctrl Pts',(18.421137913798,2.79697364292314,16.9732116174337));
#3194=CARTESIAN_POINT('Ctrl Pts',(18.421137913798,3.09697364292314,16.9732116174337));
#3195=CARTESIAN_POINT('Ctrl Pts',(18.4073066711426,2.79697364292314,16.4952659606934));
#3196=CARTESIAN_POINT('Ctrl Pts',(18.4073066711426,3.09697364292314,16.4952659606934));
#3197=CARTESIAN_POINT('',(18.4073066711426,3.09697364292314,16.4952659606934));
#3198=CARTESIAN_POINT('Ctrl Pts',(18.4073066711426,3.09697364292314,16.4952659606934));
#3199=CARTESIAN_POINT('Ctrl Pts',(18.421137913798,3.09697364292314,16.9732116174337));
#3200=CARTESIAN_POINT('Ctrl Pts',(18.4790731805975,3.09697364292314,17.9227539738408));
#3201=CARTESIAN_POINT('Ctrl Pts',(18.3447076027879,3.09697364292314,18.8767074175378));
#3202=CARTESIAN_POINT('Ctrl Pts',(18.3342361450195,3.09697364292314,19.3531823158264));
#3203=CARTESIAN_POINT('',(18.4073066711426,3.09697364292314,16.4952659606934));
#3204=CARTESIAN_POINT('Ctrl Pts',(18.4073066711426,2.79697364292314,16.4952659606934));
#3205=CARTESIAN_POINT('Ctrl Pts',(18.4073066711426,3.09697364292314,16.4952659606934));
#3206=CARTESIAN_POINT('Ctrl Pts',(18.6108664650654,2.79697364292314,16.5066586169436));
#3207=CARTESIAN_POINT('Ctrl Pts',(18.6108664650654,3.09697364292314,16.5066586169436));
#3208=CARTESIAN_POINT('Ctrl Pts',(18.979456371125,2.79697364292314,16.5696913297686));
#3209=CARTESIAN_POINT('Ctrl Pts',(18.979456371125,3.09697364292314,16.5696913297686));
#3210=CARTESIAN_POINT('Ctrl Pts',(19.1174335472594,2.79697364292314,16.1590063107172));
#3211=CARTESIAN_POINT('Ctrl Pts',(19.1174335472594,3.09697364292314,16.1590063107172));
#3212=CARTESIAN_POINT('Ctrl Pts',(18.9515833736345,2.79697364292314,16.0118313097132));
#3213=CARTESIAN_POINT('Ctrl Pts',(18.9515833736345,3.09697364292314,16.0118313097132));
#3214=CARTESIAN_POINT('Ctrl Pts',(18.6488163460864,2.79697364292314,15.9927089109358));
#3215=CARTESIAN_POINT('Ctrl Pts',(18.6488163460864,3.09697364292314,15.9927089109358));
#3216=CARTESIAN_POINT('Ctrl Pts',(18.1994782806938,2.79697364292314,16.0127864066744));
#3217=CARTESIAN_POINT('Ctrl Pts',(18.1994782806938,3.09697364292314,16.0127864066744));
#3218=CARTESIAN_POINT('Ctrl Pts',(17.7523461826573,2.79697364292314,15.9722411901159));
#3219=CARTESIAN_POINT('Ctrl Pts',(17.7523461826573,3.09697364292314,15.9722411901159));
#3220=CARTESIAN_POINT('Ctrl Pts',(17.4556712939896,2.79697364292314,16.0151154080178));
#3221=CARTESIAN_POINT('Ctrl Pts',(17.4556712939896,3.09697364292314,16.0151154080178));
#3222=CARTESIAN_POINT('Ctrl Pts',(17.3180905181095,2.79697364292314,16.1543426313533));
#3223=CARTESIAN_POINT('Ctrl Pts',(17.3180905181095,3.09697364292314,16.1543426313533));
#3224=CARTESIAN_POINT('Ctrl Pts',(17.3260286058256,2.79697364292314,16.4304777909459));
#3225=CARTESIAN_POINT('Ctrl Pts',(17.3260286058256,3.09697364292314,16.4304777909459));
#3226=CARTESIAN_POINT('Ctrl Pts',(17.5904865429254,2.79697364292314,16.5499769224757));
#3227=CARTESIAN_POINT('Ctrl Pts',(17.5904865429254,3.09697364292314,16.5499769224757));
#3228=CARTESIAN_POINT('Ctrl Pts',(17.820951932349,2.79697364292314,16.515042030617));
#3229=CARTESIAN_POINT('Ctrl Pts',(17.820951932349,3.09697364292314,16.515042030617));
#3230=CARTESIAN_POINT('Ctrl Pts',(17.8795671463013,2.79697364292314,16.511504650116));
#3231=CARTESIAN_POINT('Ctrl Pts',(17.8795671463013,3.09697364292314,16.511504650116));
#3232=CARTESIAN_POINT('Ctrl Pts',(17.8795671463013,3.09697364292314,16.511504650116));
#3233=CARTESIAN_POINT('Ctrl Pts',(17.820951932349,3.09697364292314,16.515042030617));
#3234=CARTESIAN_POINT('Ctrl Pts',(17.5904865429254,3.09697364292314,16.5499769224757));
#3235=CARTESIAN_POINT('Ctrl Pts',(17.3260286058256,3.09697364292314,16.4304777909459));
#3236=CARTESIAN_POINT('Ctrl Pts',(17.3180905181095,3.09697364292314,16.1543426313533));
#3237=CARTESIAN_POINT('Ctrl Pts',(17.4556712939896,3.09697364292314,16.0151154080178));
#3238=CARTESIAN_POINT('Ctrl Pts',(17.7523461826573,3.09697364292314,15.9722411901159));
#3239=CARTESIAN_POINT('Ctrl Pts',(18.1994782806938,3.09697364292314,16.0127864066744));
#3240=CARTESIAN_POINT('Ctrl Pts',(18.6488163460864,3.09697364292314,15.9927089109358));
#3241=CARTESIAN_POINT('Ctrl Pts',(18.9515833736345,3.09697364292314,16.0118313097132));
#3242=CARTESIAN_POINT('Ctrl Pts',(19.1174335472594,3.09697364292314,16.1590063107172));
#3243=CARTESIAN_POINT('Ctrl Pts',(18.979456371125,3.09697364292314,16.5696913297686));
#3244=CARTESIAN_POINT('Ctrl Pts',(18.6108664650654,3.09697364292314,16.5066586169436));
#3245=CARTESIAN_POINT('Ctrl Pts',(18.4073066711426,3.09697364292314,16.4952659606934));
#3246=CARTESIAN_POINT('Origin',(21.0954153648,2.79697364292314,17.0202614766233));
#3247=CARTESIAN_POINT('',(20.9891724586487,2.79697364292314,17.3883640766144));
#3248=CARTESIAN_POINT('',(22.1204328536987,2.79697364292314,17.2476351261139));
#3249=CARTESIAN_POINT('Ctrl Pts',(20.9891724586487,2.79697364292314,17.3883640766144));
#3250=CARTESIAN_POINT('Ctrl Pts',(20.7231218716042,2.79697364292314,17.4797350853883));
#3251=CARTESIAN_POINT('Ctrl Pts',(20.1849323663184,2.79697364292314,17.6899642909932));
#3252=CARTESIAN_POINT('Ctrl Pts',(19.7083660636644,2.79697364292314,18.5304074788596));
#3253=CARTESIAN_POINT('Ctrl Pts',(20.1716424337899,2.79697364292314,19.4191827392656));
#3254=CARTESIAN_POINT('Ctrl Pts',(20.8829618641389,2.79697364292315,19.9611817105889));
#3255=CARTESIAN_POINT('Ctrl Pts',(21.6500167666833,2.79697364292315,20.0996326112462));
#3256=CARTESIAN_POINT('Ctrl Pts',(22.2723466461905,2.79697364292315,20.2763772809772));
#3257=CARTESIAN_POINT('Ctrl Pts',(22.5818339128909,2.79697364292315,19.9835787932061));
#3258=CARTESIAN_POINT('Ctrl Pts',(22.6524716714868,2.79697364292315,19.5066687693203));
#3259=CARTESIAN_POINT('Ctrl Pts',(22.4948643811751,2.79697364292315,18.7926987727882));
#3260=CARTESIAN_POINT('Ctrl Pts',(22.6751398267755,2.79697364292315,17.8780712050792));
#3261=CARTESIAN_POINT('Ctrl Pts',(22.6704942439571,2.79697364292315,17.1445650079497));
#3262=CARTESIAN_POINT('Ctrl Pts',(22.6239090722927,2.79697364292315,16.5950494086484));
#3263=CARTESIAN_POINT('Ctrl Pts',(22.6556145677397,2.79697364292315,16.2428175394672));
#3264=CARTESIAN_POINT('Ctrl Pts',(22.5646521215279,2.79697364292314,15.9394029604736));
#3265=CARTESIAN_POINT('Ctrl Pts',(22.2966965020636,2.79697364292314,15.8711521956647));
#3266=CARTESIAN_POINT('Ctrl Pts',(22.0807734394428,2.79697364292314,16.0321757164609));
#3267=CARTESIAN_POINT('Ctrl Pts',(22.0785148506122,2.79697364292314,16.3724330835203));
#3268=CARTESIAN_POINT('Ctrl Pts',(22.1036737035591,2.79697364292314,16.7633052575802));
#3269=CARTESIAN_POINT('Ctrl Pts',(22.1153720011068,2.79697364292315,17.0870917185716));
#3270=CARTESIAN_POINT('Ctrl Pts',(22.1204328536987,2.79697364292315,17.2476351261139));
#3271=CARTESIAN_POINT('Ctrl Pts',(22.1204328536987,2.79697364292315,17.2476351261139));
#3272=CARTESIAN_POINT('Ctrl Pts',(21.7529606731015,2.79697364292314,17.1156829518654));
#3273=CARTESIAN_POINT('Ctrl Pts',(21.1983707398221,2.79697364292314,16.9131693801255));
#3274=CARTESIAN_POINT('Ctrl Pts',(20.5611358430946,2.79697364292314,16.4492703219136));
#3275=CARTESIAN_POINT('Ctrl Pts',(20.2471924057525,2.79697364292314,16.146189654697));
#3276=CARTESIAN_POINT('Ctrl Pts',(20.0058265886791,2.79697364292314,15.9613795915239));
#3277=CARTESIAN_POINT('Ctrl Pts',(19.7881680951961,2.79697364292314,15.9732403464106));
#3278=CARTESIAN_POINT('Ctrl Pts',(19.597740707904,2.79697364292314,16.2101719619543));
#3279=CARTESIAN_POINT('Ctrl Pts',(19.7614009491287,2.79697364292314,16.4996192977802));
#3280=CARTESIAN_POINT('Ctrl Pts',(20.0457346668868,2.79697364292314,16.7828869525884));
#3281=CARTESIAN_POINT('Ctrl Pts',(20.4655550358234,2.79697364292314,17.0830508399827));
#3282=CARTESIAN_POINT('Ctrl Pts',(20.8139789094138,2.79697364292314,17.2860778690785));
#3283=CARTESIAN_POINT('Ctrl Pts',(20.9891724586487,2.79697364292314,17.3883640766144));
#3284=CARTESIAN_POINT('',(22.1069002151489,2.79697364292315,17.8484451770782));
#3285=CARTESIAN_POINT('',(22.0608949661255,2.79697364292315,19.5805168151855));
#3286=CARTESIAN_POINT('Ctrl Pts',(22.1069002151489,2.79697364292315,17.8484451770782));
#3287=CARTESIAN_POINT('Ctrl Pts',(22.0429183866268,2.79697364292315,18.4450562703336));
#3288=CARTESIAN_POINT('Ctrl Pts',(22.0130635149786,2.79697364292315,18.9856159850085));
#3289=CARTESIAN_POINT('Ctrl Pts',(22.0608949661255,2.79697364292315,19.5805168151855));
#3290=CARTESIAN_POINT('Ctrl Pts',(22.0608949661255,2.79697364292315,19.5805168151855));
#3291=CARTESIAN_POINT('Ctrl Pts',(21.7018578699768,2.79697364292315,19.5621094604167));
#3292=CARTESIAN_POINT('Ctrl Pts',(21.1471442591031,2.79697364292315,19.4885658874282));
#3293=CARTESIAN_POINT('Ctrl Pts',(20.6005297683208,2.79697364292315,19.0154524398282));
#3294=CARTESIAN_POINT('Ctrl Pts',(20.3482076480263,2.79697364292314,18.6327652970015));
#3295=CARTESIAN_POINT('Ctrl Pts',(20.4592780395083,2.79697364292314,18.3411849540354));
#3296=CARTESIAN_POINT('Ctrl Pts',(20.6091478494288,2.79697364292314,18.1809395648145));
#3297=CARTESIAN_POINT('Ctrl Pts',(21.0869471565041,2.79697364292314,17.8186889809585));
#3298=CARTESIAN_POINT('Ctrl Pts',(21.6748648729875,2.79697364292315,17.8434177599547));
#3299=CARTESIAN_POINT('Ctrl Pts',(22.1069002117948,2.79697364292315,17.8484451770392));
#3300=CARTESIAN_POINT('Ctrl Pts',(20.9891724586487,2.79697364292314,17.3883640766144));
#3301=CARTESIAN_POINT('Ctrl Pts',(20.9891724586487,3.09697364292314,17.3883640766144));
#3302=CARTESIAN_POINT('Ctrl Pts',(20.7231218716042,2.79697364292314,17.4797350853883));
#3303=CARTESIAN_POINT('Ctrl Pts',(20.7231218716042,3.09697364292314,17.4797350853883));
#3304=CARTESIAN_POINT('Ctrl Pts',(20.1849323663184,2.79697364292314,17.6899642909932));
#3305=CARTESIAN_POINT('Ctrl Pts',(20.1849323663184,3.09697364292314,17.6899642909932));
#3306=CARTESIAN_POINT('Ctrl Pts',(19.7083660636644,2.79697364292314,18.5304074788596));
#3307=CARTESIAN_POINT('Ctrl Pts',(19.7083660636644,3.09697364292314,18.5304074788596));
#3308=CARTESIAN_POINT('Ctrl Pts',(20.1716424337899,2.79697364292314,19.4191827392656));
#3309=CARTESIAN_POINT('Ctrl Pts',(20.1716424337899,3.09697364292314,19.4191827392656));
#3310=CARTESIAN_POINT('Ctrl Pts',(20.8829618641389,2.79697364292315,19.9611817105889));
#3311=CARTESIAN_POINT('Ctrl Pts',(20.8829618641389,3.09697364292314,19.9611817105889));
#3312=CARTESIAN_POINT('Ctrl Pts',(21.6500167666833,2.79697364292315,20.0996326112462));
#3313=CARTESIAN_POINT('Ctrl Pts',(21.6500167666833,3.09697364292314,20.0996326112462));
#3314=CARTESIAN_POINT('Ctrl Pts',(22.2723466461905,2.79697364292315,20.2763772809772));
#3315=CARTESIAN_POINT('Ctrl Pts',(22.2723466461905,3.09697364292315,20.2763772809772));
#3316=CARTESIAN_POINT('Ctrl Pts',(22.5818339128909,2.79697364292315,19.9835787932061));
#3317=CARTESIAN_POINT('Ctrl Pts',(22.5818339128909,3.09697364292315,19.9835787932061));
#3318=CARTESIAN_POINT('Ctrl Pts',(22.6524716714868,2.79697364292315,19.5066687693203));
#3319=CARTESIAN_POINT('Ctrl Pts',(22.6524716714868,3.09697364292315,19.5066687693203));
#3320=CARTESIAN_POINT('Ctrl Pts',(22.4948643811751,2.79697364292315,18.7926987727882));
#3321=CARTESIAN_POINT('Ctrl Pts',(22.4948643811751,3.09697364292314,18.7926987727882));
#3322=CARTESIAN_POINT('Ctrl Pts',(22.6751398267755,2.79697364292315,17.8780712050792));
#3323=CARTESIAN_POINT('Ctrl Pts',(22.6751398267755,3.09697364292314,17.8780712050792));
#3324=CARTESIAN_POINT('Ctrl Pts',(22.6704942439571,2.79697364292315,17.1445650079497));
#3325=CARTESIAN_POINT('Ctrl Pts',(22.6704942439571,3.09697364292314,17.1445650079497));
#3326=CARTESIAN_POINT('Ctrl Pts',(22.6239090722927,2.79697364292315,16.5950494086484));
#3327=CARTESIAN_POINT('Ctrl Pts',(22.6239090722927,3.09697364292314,16.5950494086484));
#3328=CARTESIAN_POINT('Ctrl Pts',(22.6556145677397,2.79697364292315,16.2428175394672));
#3329=CARTESIAN_POINT('Ctrl Pts',(22.6556145677397,3.09697364292314,16.2428175394672));
#3330=CARTESIAN_POINT('Ctrl Pts',(22.5646521215279,2.79697364292314,15.9394029604736));
#3331=CARTESIAN_POINT('Ctrl Pts',(22.5646521215279,3.09697364292314,15.9394029604736));
#3332=CARTESIAN_POINT('Ctrl Pts',(22.2966965020636,2.79697364292314,15.8711521956647));
#3333=CARTESIAN_POINT('Ctrl Pts',(22.2966965020636,3.09697364292314,15.8711521956647));
#3334=CARTESIAN_POINT('Ctrl Pts',(22.0807734394428,2.79697364292314,16.0321757164609));
#3335=CARTESIAN_POINT('Ctrl Pts',(22.0807734394428,3.09697364292314,16.0321757164609));
#3336=CARTESIAN_POINT('Ctrl Pts',(22.0785148506122,2.79697364292314,16.3724330835203));
#3337=CARTESIAN_POINT('Ctrl Pts',(22.0785148506122,3.09697364292314,16.3724330835203));
#3338=CARTESIAN_POINT('Ctrl Pts',(22.1036737035591,2.79697364292314,16.7633052575802));
#3339=CARTESIAN_POINT('Ctrl Pts',(22.1036737035591,3.09697364292314,16.7633052575802));
#3340=CARTESIAN_POINT('Ctrl Pts',(22.1153720011068,2.79697364292315,17.0870917185716));
#3341=CARTESIAN_POINT('Ctrl Pts',(22.1153720011068,3.09697364292314,17.0870917185716));
#3342=CARTESIAN_POINT('Ctrl Pts',(22.1204328536987,2.79697364292315,17.2476351261139));
#3343=CARTESIAN_POINT('Ctrl Pts',(22.1204328536987,3.09697364292314,17.2476351261139));
#3344=CARTESIAN_POINT('',(20.9891724586487,3.09697364292314,17.3883640766144));
#3345=CARTESIAN_POINT('',(20.9891724586487,3.09697364292314,17.3883640766144));
#3346=CARTESIAN_POINT('',(22.1204328536987,3.09697364292314,17.2476351261139));
#3347=CARTESIAN_POINT('Ctrl Pts',(22.1204328536987,3.09697364292314,17.2476351261139));
#3348=CARTESIAN_POINT('Ctrl Pts',(22.1153720011068,3.09697364292314,17.0870917185716));
#3349=CARTESIAN_POINT('Ctrl Pts',(22.1036737035591,3.09697364292314,16.7633052575802));
#3350=CARTESIAN_POINT('Ctrl Pts',(22.0785148506122,3.09697364292314,16.3724330835203));
#3351=CARTESIAN_POINT('Ctrl Pts',(22.0807734394428,3.09697364292314,16.0321757164609));
#3352=CARTESIAN_POINT('Ctrl Pts',(22.2966965020636,3.09697364292314,15.8711521956647));
#3353=CARTESIAN_POINT('Ctrl Pts',(22.5646521215279,3.09697364292314,15.9394029604736));
#3354=CARTESIAN_POINT('Ctrl Pts',(22.6556145677397,3.09697364292314,16.2428175394672));
#3355=CARTESIAN_POINT('Ctrl Pts',(22.6239090722927,3.09697364292314,16.5950494086484));
#3356=CARTESIAN_POINT('Ctrl Pts',(22.6704942439571,3.09697364292314,17.1445650079497));
#3357=CARTESIAN_POINT('Ctrl Pts',(22.6751398267755,3.09697364292314,17.8780712050792));
#3358=CARTESIAN_POINT('Ctrl Pts',(22.4948643811751,3.09697364292314,18.7926987727882));
#3359=CARTESIAN_POINT('Ctrl Pts',(22.6524716714868,3.09697364292315,19.5066687693203));
#3360=CARTESIAN_POINT('Ctrl Pts',(22.5818339128909,3.09697364292315,19.9835787932061));
#3361=CARTESIAN_POINT('Ctrl Pts',(22.2723466461905,3.09697364292315,20.2763772809772));
#3362=CARTESIAN_POINT('Ctrl Pts',(21.6500167666833,3.09697364292314,20.0996326112462));
#3363=CARTESIAN_POINT('Ctrl Pts',(20.8829618641389,3.09697364292314,19.9611817105889));
#3364=CARTESIAN_POINT('Ctrl Pts',(20.1716424337899,3.09697364292314,19.4191827392656));
#3365=CARTESIAN_POINT('Ctrl Pts',(19.7083660636644,3.09697364292314,18.5304074788596));
#3366=CARTESIAN_POINT('Ctrl Pts',(20.1849323663184,3.09697364292314,17.6899642909932));
#3367=CARTESIAN_POINT('Ctrl Pts',(20.7231218716042,3.09697364292314,17.4797350853883));
#3368=CARTESIAN_POINT('Ctrl Pts',(20.9891724586487,3.09697364292314,17.3883640766144));
#3369=CARTESIAN_POINT('',(22.1204328536987,3.09697364292314,17.2476351261139));
#3370=CARTESIAN_POINT('Ctrl Pts',(22.1204328536987,2.79697364292315,17.2476351261139));
#3371=CARTESIAN_POINT('Ctrl Pts',(22.1204328536987,3.09697364292314,17.2476351261139));
#3372=CARTESIAN_POINT('Ctrl Pts',(21.7529606731015,2.79697364292314,17.1156829518654));
#3373=CARTESIAN_POINT('Ctrl Pts',(21.7529606731015,3.09697364292314,17.1156829518654));
#3374=CARTESIAN_POINT('Ctrl Pts',(21.1983707398221,2.79697364292314,16.9131693801255));
#3375=CARTESIAN_POINT('Ctrl Pts',(21.1983707398221,3.09697364292314,16.9131693801255));
#3376=CARTESIAN_POINT('Ctrl Pts',(20.5611358430946,2.79697364292314,16.4492703219136));
#3377=CARTESIAN_POINT('Ctrl Pts',(20.5611358430946,3.09697364292314,16.4492703219136));
#3378=CARTESIAN_POINT('Ctrl Pts',(20.2471924057525,2.79697364292314,16.146189654697));
#3379=CARTESIAN_POINT('Ctrl Pts',(20.2471924057525,3.09697364292314,16.146189654697));
#3380=CARTESIAN_POINT('Ctrl Pts',(20.0058265886791,2.79697364292314,15.9613795915239));
#3381=CARTESIAN_POINT('Ctrl Pts',(20.0058265886791,3.09697364292314,15.9613795915239));
#3382=CARTESIAN_POINT('Ctrl Pts',(19.7881680951961,2.79697364292314,15.9732403464106));
#3383=CARTESIAN_POINT('Ctrl Pts',(19.7881680951961,3.09697364292314,15.9732403464106));
#3384=CARTESIAN_POINT('Ctrl Pts',(19.597740707904,2.79697364292314,16.2101719619543));
#3385=CARTESIAN_POINT('Ctrl Pts',(19.597740707904,3.09697364292314,16.2101719619543));
#3386=CARTESIAN_POINT('Ctrl Pts',(19.7614009491287,2.79697364292314,16.4996192977802));
#3387=CARTESIAN_POINT('Ctrl Pts',(19.7614009491287,3.09697364292314,16.4996192977802));
#3388=CARTESIAN_POINT('Ctrl Pts',(20.0457346668868,2.79697364292314,16.7828869525884));
#3389=CARTESIAN_POINT('Ctrl Pts',(20.0457346668868,3.09697364292314,16.7828869525884));
#3390=CARTESIAN_POINT('Ctrl Pts',(20.4655550358234,2.79697364292314,17.0830508399827));
#3391=CARTESIAN_POINT('Ctrl Pts',(20.4655550358234,3.09697364292314,17.0830508399827));
#3392=CARTESIAN_POINT('Ctrl Pts',(20.8139789094138,2.79697364292314,17.2860778690785));
#3393=CARTESIAN_POINT('Ctrl Pts',(20.8139789094138,3.09697364292314,17.2860778690785));
#3394=CARTESIAN_POINT('Ctrl Pts',(20.9891724586487,2.79697364292314,17.3883640766144));
#3395=CARTESIAN_POINT('Ctrl Pts',(20.9891724586487,3.09697364292314,17.3883640766144));
#3396=CARTESIAN_POINT('Ctrl Pts',(20.9891724586487,3.09697364292314,17.3883640766144));
#3397=CARTESIAN_POINT('Ctrl Pts',(20.8139789094138,3.09697364292314,17.2860778690785));
#3398=CARTESIAN_POINT('Ctrl Pts',(20.4655550358234,3.09697364292314,17.0830508399827));
#3399=CARTESIAN_POINT('Ctrl Pts',(20.0457346668868,3.09697364292314,16.7828869525884));
#3400=CARTESIAN_POINT('Ctrl Pts',(19.7614009491287,3.09697364292314,16.4996192977802));
#3401=CARTESIAN_POINT('Ctrl Pts',(19.597740707904,3.09697364292314,16.2101719619543));
#3402=CARTESIAN_POINT('Ctrl Pts',(19.7881680951961,3.09697364292314,15.9732403464106));
#3403=CARTESIAN_POINT('Ctrl Pts',(20.0058265886791,3.09697364292314,15.9613795915239));
#3404=CARTESIAN_POINT('Ctrl Pts',(20.2471924057525,3.09697364292314,16.146189654697));
#3405=CARTESIAN_POINT('Ctrl Pts',(20.5611358430946,3.09697364292314,16.4492703219136));
#3406=CARTESIAN_POINT('Ctrl Pts',(21.1983707398221,3.09697364292314,16.9131693801255));
#3407=CARTESIAN_POINT('Ctrl Pts',(21.7529606731015,3.09697364292314,17.1156829518654));
#3408=CARTESIAN_POINT('Ctrl Pts',(22.1204328536987,3.09697364292314,17.2476351261139));
#3409=CARTESIAN_POINT('Ctrl Pts',(22.1069002151489,2.79697364292315,17.8484451770782));
#3410=CARTESIAN_POINT('Ctrl Pts',(22.1069002151489,3.09697364292314,17.8484451770782));
#3411=CARTESIAN_POINT('Ctrl Pts',(22.0429183866268,2.79697364292315,18.4450562703336));
#3412=CARTESIAN_POINT('Ctrl Pts',(22.0429183866268,3.09697364292314,18.4450562703336));
#3413=CARTESIAN_POINT('Ctrl Pts',(22.0130635149786,2.79697364292315,18.9856159850085));
#3414=CARTESIAN_POINT('Ctrl Pts',(22.0130635149786,3.09697364292314,18.9856159850085));
#3415=CARTESIAN_POINT('Ctrl Pts',(22.0608949661255,2.79697364292315,19.5805168151855));
#3416=CARTESIAN_POINT('Ctrl Pts',(22.0608949661255,3.09697364292314,19.5805168151855));
#3417=CARTESIAN_POINT('',(22.1069002151489,3.09697364292314,17.8484451770782));
#3418=CARTESIAN_POINT('',(22.1069002151489,3.09697364292314,17.8484451770782));
#3419=CARTESIAN_POINT('',(22.0608949661255,3.09697364292314,19.5805168151855));
#3420=CARTESIAN_POINT('Ctrl Pts',(22.0608949661255,3.09697364292314,19.5805168151855));
#3421=CARTESIAN_POINT('Ctrl Pts',(22.0130635149786,3.09697364292314,18.9856159850085));
#3422=CARTESIAN_POINT('Ctrl Pts',(22.0429183866268,3.09697364292314,18.4450562703336));
#3423=CARTESIAN_POINT('Ctrl Pts',(22.1069002151489,3.09697364292314,17.8484451770782));
#3424=CARTESIAN_POINT('',(22.0608949661255,3.09697364292314,19.5805168151855));
#3425=CARTESIAN_POINT('Ctrl Pts',(22.0608949661255,2.79697364292315,19.5805168151855));
#3426=CARTESIAN_POINT('Ctrl Pts',(22.0608949661255,3.09697364292314,19.5805168151855));
#3427=CARTESIAN_POINT('Ctrl Pts',(21.7018578699768,2.79697364292315,19.5621094604167));
#3428=CARTESIAN_POINT('Ctrl Pts',(21.7018578699768,3.09697364292314,19.5621094604167));
#3429=CARTESIAN_POINT('Ctrl Pts',(21.1471442591031,2.79697364292315,19.4885658874282));
#3430=CARTESIAN_POINT('Ctrl Pts',(21.1471442591031,3.09697364292314,19.4885658874282));
#3431=CARTESIAN_POINT('Ctrl Pts',(20.6005297683208,2.79697364292315,19.0154524398282));
#3432=CARTESIAN_POINT('Ctrl Pts',(20.6005297683208,3.09697364292314,19.0154524398282));
#3433=CARTESIAN_POINT('Ctrl Pts',(20.3482076480263,2.79697364292314,18.6327652970015));
#3434=CARTESIAN_POINT('Ctrl Pts',(20.3482076480263,3.09697364292314,18.6327652970015));
#3435=CARTESIAN_POINT('Ctrl Pts',(20.4592780395083,2.79697364292314,18.3411849540354));
#3436=CARTESIAN_POINT('Ctrl Pts',(20.4592780395083,3.09697364292314,18.3411849540354));
#3437=CARTESIAN_POINT('Ctrl Pts',(20.6091478494288,2.79697364292314,18.1809395648145));
#3438=CARTESIAN_POINT('Ctrl Pts',(20.6091478494288,3.09697364292314,18.1809395648145));
#3439=CARTESIAN_POINT('Ctrl Pts',(21.0869471565041,2.79697364292314,17.8186889809585));
#3440=CARTESIAN_POINT('Ctrl Pts',(21.0869471565041,3.09697364292314,17.8186889809585));
#3441=CARTESIAN_POINT('Ctrl Pts',(21.6748648729875,2.79697364292315,17.8434177599547));
#3442=CARTESIAN_POINT('Ctrl Pts',(21.6748648729875,3.09697364292314,17.8434177599547));
#3443=CARTESIAN_POINT('Ctrl Pts',(22.1069002117948,2.79697364292315,17.8484451770392));
#3444=CARTESIAN_POINT('Ctrl Pts',(22.1069002117948,3.09697364292314,17.8484451770392));
#3445=CARTESIAN_POINT('Ctrl Pts',(22.1069002117948,3.09697364292314,17.8484451770392));
#3446=CARTESIAN_POINT('Ctrl Pts',(21.6748648729875,3.09697364292314,17.8434177599547));
#3447=CARTESIAN_POINT('Ctrl Pts',(21.0869471565041,3.09697364292314,17.8186889809585));
#3448=CARTESIAN_POINT('Ctrl Pts',(20.6091478494288,3.09697364292314,18.1809395648145));
#3449=CARTESIAN_POINT('Ctrl Pts',(20.4592780395083,3.09697364292314,18.3411849540354));
#3450=CARTESIAN_POINT('Ctrl Pts',(20.3482076480263,3.09697364292314,18.6327652970015));
#3451=CARTESIAN_POINT('Ctrl Pts',(20.6005297683208,3.09697364292314,19.0154524398282));
#3452=CARTESIAN_POINT('Ctrl Pts',(21.1471442591031,3.09697364292314,19.4885658874282));
#3453=CARTESIAN_POINT('Ctrl Pts',(21.7018578699768,3.09697364292314,19.5621094604167));
#3454=CARTESIAN_POINT('Ctrl Pts',(22.0608949661255,3.09697364292314,19.5805168151855));
#3455=CARTESIAN_POINT('Origin',(21.0954153648,3.09697364292314,17.0202614766233));
#3456=CARTESIAN_POINT('Ctrl Pts',(23.7879422688208,-1.51662446533223,1.68777893295222E-9));
#3457=CARTESIAN_POINT('Ctrl Pts',(23.1257729417527,-1.59070804026428,1.64079739435519E-9));
#3458=CARTESIAN_POINT('Ctrl Pts',(22.4643562785538,-1.67164712561866,1.59386925943971E-9));
#3459=CARTESIAN_POINT('Ctrl Pts',(21.8039592479612,-1.7594152556415,1.54701346989031E-9));
#3460=CARTESIAN_POINT('Ctrl Pts',(23.803532812592,-1.65597492045474,0.133155374355276));
#3461=CARTESIAN_POINT('Ctrl Pts',(23.1423523927408,-1.73019646555516,0.133142596430128));
#3462=CARTESIAN_POINT('Ctrl Pts',(22.4819291370481,-1.81126195718747,0.133129179429563));
#3463=CARTESIAN_POINT('Ctrl Pts',(21.8225295772687,-1.89914468060292,0.133115145729298));
#3464=CARTESIAN_POINT('Ctrl Pts',(23.8191233563633,-1.79532537557724,0.266310747022774));
#3465=CARTESIAN_POINT('Ctrl Pts',(23.1589318437288,-1.86968489084604,0.266285191219458));
#3466=CARTESIAN_POINT('Ctrl Pts',(22.4995019955424,-1.95087678875629,0.266258357265258));
#3467=CARTESIAN_POINT('Ctrl Pts',(21.8410999065762,-2.03887410556434,0.266230289911582));
#3468=CARTESIAN_POINT('Ctrl Pts',(23.8347139001345,-1.93467583069975,0.399466119690272));
#3469=CARTESIAN_POINT('Ctrl Pts',(23.1755112947168,-2.00917331613692,0.399427786008788));
#3470=CARTESIAN_POINT('Ctrl Pts',(22.5170748540367,-2.09049162032511,0.399387535100952));
#3471=CARTESIAN_POINT('Ctrl Pts',(21.8596702358837,-2.17860353052576,0.399345434093866));
#3472=CARTESIAN_POINT('',(23.7879422688208,-1.51662446533223,1.6877789106903E-9));
#3473=CARTESIAN_POINT('',(23.1592946603981,-2.01342507452187,0.399426158062599));
#3474=CARTESIAN_POINT('Ctrl Pts',(23.7879422688208,-1.51662446533223,1.68777893295222E-9));
#3475=CARTESIAN_POINT('Ctrl Pts',(23.7768324300909,-1.57267819826986,0.051726580965937));
#3476=CARTESIAN_POINT('Ctrl Pts',(23.7574410643001,-1.62837556713261,0.102232105787659));
#3477=CARTESIAN_POINT('Ctrl Pts',(23.727774641917,-1.68161673112851,0.149292774356476));
#3478=CARTESIAN_POINT('Ctrl Pts',(23.7000904145453,-1.73130052752838,0.193209032006193));
#3479=CARTESIAN_POINT('Ctrl Pts',(23.6637459524961,-1.77830643599164,0.233647235277981));
#3480=CARTESIAN_POINT('Ctrl Pts',(23.617756945631,-1.82082660994653,0.268760157473933));
#3481=CARTESIAN_POINT('Ctrl Pts',(23.5643670217763,-1.87018946869232,0.3095237305569));
#3482=CARTESIAN_POINT('Ctrl Pts',(23.5001906267645,-1.91144513741235,0.341403816393237));
#3483=CARTESIAN_POINT('Ctrl Pts',(23.4264870009615,-1.94351220771743,0.363472504533343));
#3484=CARTESIAN_POINT('Ctrl Pts',(23.343397650149,-1.97966283158541,0.388351510835524));
#3485=CARTESIAN_POINT('Ctrl Pts',(23.2527395445754,-2.00219517344336,0.399431781289933));
#3486=CARTESIAN_POINT('Ctrl Pts',(23.1592945534074,-2.01342524894486,0.39942615797733));
#3487=CARTESIAN_POINT('',(21.8596702358837,-2.17860353052576,0.399345434093865));
#3488=CARTESIAN_POINT('Ctrl Pts',(23.1592946794496,-2.01342523379732,0.399426157984923));
#3489=CARTESIAN_POINT('Ctrl Pts',(22.7256898779472,-2.06553519221838,0.399400064608499));
#3490=CARTESIAN_POINT('Ctrl Pts',(22.2924564648566,-2.12059721251346,0.399373150260728));
#3491=CARTESIAN_POINT('Ctrl Pts',(21.8596702358837,-2.17860353052576,0.399345434093866));
#3492=CARTESIAN_POINT('',(21.8039592479612,-1.7594152556415,1.54701346989031E-9));
#3493=CARTESIAN_POINT('',(21.8596702358837,-2.17860353052576,0.399345434093865));
#3494=CARTESIAN_POINT('Ctrl Pts',(21.8039592479612,-1.7594152556415,1.54701346989031E-9));
#3495=CARTESIAN_POINT('Ctrl Pts',(22.4643562785538,-1.67164712561866,1.59386925943971E-9));
#3496=CARTESIAN_POINT('Ctrl Pts',(23.1257729417527,-1.59070804026428,1.64079739435519E-9));
#3497=CARTESIAN_POINT('Ctrl Pts',(23.7879422688208,-1.51662446533223,1.68777893295222E-9));
#3498=CARTESIAN_POINT('Ctrl Pts',(21.8039592479612,-1.7594152556415,1.54701346989031E-9));
#3499=CARTESIAN_POINT('Ctrl Pts',(21.264021795228,-1.83117405884685,1.50870440052274E-9));
#3500=CARTESIAN_POINT('Ctrl Pts',(20.7247449492156,-1.9074998913932,1.4704422028083E-9));
#3501=CARTESIAN_POINT('Ctrl Pts',(20.1861911615565,-1.98838693980621,1.4322313077495E-9));
#3502=CARTESIAN_POINT('Ctrl Pts',(21.8225295772687,-1.89914468060292,0.133115145729298));
#3503=CARTESIAN_POINT('Ctrl Pts',(21.2834076519002,-1.97099717481782,0.133103671843101));
#3504=CARTESIAN_POINT('Ctrl Pts',(20.7449490803647,-2.0474088067469,0.133091785354603));
#3505=CARTESIAN_POINT('Ctrl Pts',(20.2072161951533,-2.12837364603965,0.133079497368188));
#3506=CARTESIAN_POINT('Ctrl Pts',(21.8410999065762,-2.03887410556434,0.266230289911583));
#3507=CARTESIAN_POINT('Ctrl Pts',(21.3027935085725,-2.11082029078879,0.266207342177498));
#3508=CARTESIAN_POINT('Ctrl Pts',(20.7651532115137,-2.1873177221006,0.266183569238764));
#3509=CARTESIAN_POINT('Ctrl Pts',(20.2282412287501,-2.26836035227309,0.266158993304145));
#3510=CARTESIAN_POINT('Ctrl Pts',(21.8596702358837,-2.17860353052576,0.399345434093867));
#3511=CARTESIAN_POINT('Ctrl Pts',(21.3221793652447,-2.25064340675977,0.399311012511894));
#3512=CARTESIAN_POINT('Ctrl Pts',(20.7853573426628,-2.3272266374543,0.399275353122925));
#3513=CARTESIAN_POINT('Ctrl Pts',(20.2492662623468,-2.40834705850654,0.399238489240102));
#3514=CARTESIAN_POINT('',(20.2492662623468,-2.40834705850654,0.399238489240096));
#3515=CARTESIAN_POINT('',(20.1861911615565,-1.98838693980621,1.4322313077495E-9));
#3516=CARTESIAN_POINT('',(20.2492662623468,-2.40834705850654,0.399238489240096));
#3517=CARTESIAN_POINT('Ctrl Pts',(20.1861911615565,-1.98838693980621,1.4322313077495E-9));
#3518=CARTESIAN_POINT('Ctrl Pts',(20.7247449492156,-1.9074998913932,1.4704422028083E-9));
#3519=CARTESIAN_POINT('Ctrl Pts',(21.264021795228,-1.83117405884685,1.50870440052274E-9));
#3520=CARTESIAN_POINT('Ctrl Pts',(21.8039592479612,-1.7594152556415,1.54701346989031E-9));
#3521=CARTESIAN_POINT('Ctrl Pts',(21.8596702358837,-2.17860353052576,0.399345434093867));
#3522=CARTESIAN_POINT('Ctrl Pts',(21.3221793652447,-2.25064340675977,0.399311012511894));
#3523=CARTESIAN_POINT('Ctrl Pts',(20.7853573426628,-2.3272266374543,0.399275353122925));
#3524=CARTESIAN_POINT('Ctrl Pts',(20.2492662623468,-2.40834705850654,0.399238489240102));
#3525=CARTESIAN_POINT('Ctrl Pts',(20.1861911615565,-1.9883869398062,1.43223130774951E-9));
#3526=CARTESIAN_POINT('Ctrl Pts',(13.2225948763826,-3.03427086589615,9.38157636777448E-10));
#3527=CARTESIAN_POINT('Ctrl Pts',(6.37245713504104,-4.84685374450056,4.52134121623597E-10));
#3528=CARTESIAN_POINT('Ctrl Pts',(-0.190953273131847,-7.39513874854375,
-1.35456560666026E-11));
#3529=CARTESIAN_POINT('Ctrl Pts',(20.2072161951533,-2.12837364603965,0.133079497368188));
#3530=CARTESIAN_POINT('Ctrl Pts',(13.2542343246697,-3.17526342204397,0.132920611517765));
#3531=CARTESIAN_POINT('Ctrl Pts',(6.41517299795106,-4.98750551716966,0.132693567636324));
#3532=CARTESIAN_POINT('Ctrl Pts',(-0.137083768558764,-7.53388604976743,
0.132428790124418));
#3533=CARTESIAN_POINT('Ctrl Pts',(20.2282412287501,-2.26836035227309,0.266158993304145));
#3534=CARTESIAN_POINT('Ctrl Pts',(13.2858737729568,-3.31625597819179,0.265841222097373));
#3535=CARTESIAN_POINT('Ctrl Pts',(6.45788886086109,-5.12815728983875,0.265387134820513));
#3536=CARTESIAN_POINT('Ctrl Pts',(-0.0832142639856815,-7.67263335099111,
0.264857580262382));
#3537=CARTESIAN_POINT('Ctrl Pts',(20.2492662623468,-2.40834705850654,0.399238489240101));
#3538=CARTESIAN_POINT('Ctrl Pts',(13.317513221244,-3.45724853433961,0.398761832676981));
#3539=CARTESIAN_POINT('Ctrl Pts',(6.50060472377111,-5.26880906250785,0.398080702004702));
#3540=CARTESIAN_POINT('Ctrl Pts',(-0.0293447594125988,-7.81138065221479,
0.397286370400345));
#3541=CARTESIAN_POINT('',(-0.0293447594125785,-7.81138065221482,0.397286370400345));
#3542=CARTESIAN_POINT('',(1.23241429478801,-6.85564857134167,8.74435354735724E-11));
#3543=CARTESIAN_POINT('Ctrl Pts',(-0.0293447594125765,-7.81138065221481,
0.397286370400345));
#3544=CARTESIAN_POINT('Ctrl Pts',(0.179769973477472,-7.65050914264109,0.33144302817683));
#3545=CARTESIAN_POINT('Ctrl Pts',(0.389450482647617,-7.49044725840474,0.265421541636473));
#3546=CARTESIAN_POINT('Ctrl Pts',(0.810040811421717,-7.171866395051,0.132991499187315));
#3547=CARTESIAN_POINT('Ctrl Pts',(1.02095005146121,-7.01334912538378,0.066583125764278));
#3548=CARTESIAN_POINT('Ctrl Pts',(1.2324142947803,-6.85564857134738,8.74435354730255E-11));
#3549=CARTESIAN_POINT('Ctrl Pts',(1.23242789314114,-6.85568534370012,8.74445002976693E-11));
#3550=CARTESIAN_POINT('Ctrl Pts',(7.36035828548936,-4.5895875197937,5.22226609380552E-10));
#3551=CARTESIAN_POINT('Ctrl Pts',(13.7244272378185,-2.95889912133723,9.7376311229232E-10));
#3552=CARTESIAN_POINT('Ctrl Pts',(20.1861911615565,-1.9883869398062,1.43223130774951E-9));
#3553=CARTESIAN_POINT('Ctrl Pts',(20.2492662623468,-2.40834705850654,0.399238489240101));
#3554=CARTESIAN_POINT('Ctrl Pts',(13.317513221244,-3.45724853433961,0.398761832676981));
#3555=CARTESIAN_POINT('Ctrl Pts',(6.50060472377111,-5.26880906250785,0.398080702004702));
#3556=CARTESIAN_POINT('Ctrl Pts',(-0.0293447594125988,-7.81138065221479,
0.397286370400345));
#3557=CARTESIAN_POINT('Ctrl Pts',(23.712637445862,-3.29824322549414,6.34091644166132));
#3558=CARTESIAN_POINT('Ctrl Pts',(23.4391271094306,-3.30458277195469,6.90730114620839));
#3559=CARTESIAN_POINT('Ctrl Pts',(22.5325923476857,-3.32205326978217,7.87486572144438));
#3560=CARTESIAN_POINT('Ctrl Pts',(20.8061491248491,-3.35428469086948,8.20340376266665));
#3561=CARTESIAN_POINT('Ctrl Pts',(19.3996726848101,-3.37644422879584,7.70076114603903));
#3562=CARTESIAN_POINT('Ctrl Pts',(18.4827896629408,-3.38714101115711,6.89850194786991));
#3563=CARTESIAN_POINT('Ctrl Pts',(17.9213730357828,-3.38910533403954,5.71854273140554));
#3564=CARTESIAN_POINT('Ctrl Pts',(17.8870538364494,-3.37917718082261,4.02412565568838));
#3565=CARTESIAN_POINT('Ctrl Pts',(18.9380077618743,-3.3473870453797,2.41325349878096));
#3566=CARTESIAN_POINT('Ctrl Pts',(20.8563782198303,-3.30993383771662,1.75006591875934));
#3567=CARTESIAN_POINT('Ctrl Pts',(22.1217912854153,-3.29580679040344,2.11352247425414));
#3568=CARTESIAN_POINT('Ctrl Pts',(22.6397635614578,-3.29134055928475,2.4550563276362));
#3569=CARTESIAN_POINT('Ctrl Pts',(23.8266228719543,-2.97717414519948,6.43893935564769));
#3570=CARTESIAN_POINT('Ctrl Pts',(23.5398215282563,-3.00342770027526,7.04101599480649));
#3571=CARTESIAN_POINT('Ctrl Pts',(22.5778688528531,-3.07544349683717,8.08081655810652));
#3572=CARTESIAN_POINT('Ctrl Pts',(20.727934676127,-3.20716510359277,8.40479476023222));
#3573=CARTESIAN_POINT('Ctrl Pts',(19.2668566524407,-3.29697533099249,7.83311159635806));
#3574=CARTESIAN_POINT('Ctrl Pts',(18.3408492345602,-3.34007441053907,6.97643215803959));
#3575=CARTESIAN_POINT('Ctrl Pts',(17.7744747121035,-3.34795032651311,5.76332116843925));
#3576=CARTESIAN_POINT('Ctrl Pts',(17.6970385724854,-3.30807399487818,4.02225610874538));
#3577=CARTESIAN_POINT('Ctrl Pts',(18.7421294964531,-3.17937098954853,2.28721876441873));
#3578=CARTESIAN_POINT('Ctrl Pts',(20.798345048752,-3.02550015236954,1.56734613453884));
#3579=CARTESIAN_POINT('Ctrl Pts',(22.1407570973082,-2.96703184864531,1.96736001487705));
#3580=CARTESIAN_POINT('Ctrl Pts',(22.6873920761546,-2.94849167676582,2.33186015450955));
#3581=CARTESIAN_POINT('Ctrl Pts',(24.2132478171296,-2.41507862631881,6.71064189519708));
#3582=CARTESIAN_POINT('Ctrl Pts',(23.8686355471127,-2.48440923448287,7.40953187144582));
#3583=CARTESIAN_POINT('Ctrl Pts',(22.7134692957145,-2.67252485858689,8.60844341866637));
#3584=CARTESIAN_POINT('Ctrl Pts',(20.5613791055577,-2.99058445629104,8.86421435021815));
#3585=CARTESIAN_POINT('Ctrl Pts',(18.9873332513924,-3.19302190784273,8.11778157961334));
#3586=CARTESIAN_POINT('Ctrl Pts',(18.0468678586723,-3.28576976301551,7.13901593081762));
#3587=CARTESIAN_POINT('Ctrl Pts',(17.4706759047981,-3.30195888982139,5.85528235616131));
#3588=CARTESIAN_POINT('Ctrl Pts',(17.2966597088808,-3.21902111929543,4.01630649158048));
#3589=CARTESIAN_POINT('Ctrl Pts',(18.2932261780388,-2.92963860124724,1.99086263805591));
#3590=CARTESIAN_POINT('Ctrl Pts',(20.6624251017499,-2.54379392463056,1.04810832470772));
#3591=CARTESIAN_POINT('Ctrl Pts',(22.2458936933056,-2.38640088122287,1.50202373358845));
#3592=CARTESIAN_POINT('Ctrl Pts',(22.8900665030176,-2.33660080357272,1.92360851574698));
#3593=CARTESIAN_POINT('Ctrl Pts',(24.8103179662151,-2.16690420182872,7.0587355358674));
#3594=CARTESIAN_POINT('Ctrl Pts',(24.3702920527183,-2.26408454970339,7.88301569643953));
#3595=CARTESIAN_POINT('Ctrl Pts',(22.9223871786452,-2.52715723020858,9.25431502164375));
#3596=CARTESIAN_POINT('Ctrl Pts',(20.402337769567,-2.95622690980033,9.37708534048959));
#3597=CARTESIAN_POINT('Ctrl Pts',(18.7055983089072,-3.20832965024088,8.41903366163374));
#3598=CARTESIAN_POINT('Ctrl Pts',(17.7511548281127,-3.31518041487336,7.30546506084036));
#3599=CARTESIAN_POINT('Ctrl Pts',(17.1644719513781,-3.3322442124379,5.94671516169124));
#3600=CARTESIAN_POINT('Ctrl Pts',(16.8869552226239,-3.2431082883622,4.00360646394123));
#3601=CARTESIAN_POINT('Ctrl Pts',(17.8050037848915,-2.88439205702951,1.63901994225522));
#3602=CARTESIAN_POINT('Ctrl Pts',(20.5311616198872,-2.34483871955927,0.344797623392767));
#3603=CARTESIAN_POINT('Ctrl Pts',(22.4588134290065,-2.12168075890012,0.822666943219388));
#3604=CARTESIAN_POINT('Ctrl Pts',(23.2473921853558,-2.05181768815872,1.3125653924977));
#3605=CARTESIAN_POINT('Ctrl Pts',(25.1205366383755,-2.13855623951108,7.22799064457781));
#3606=CARTESIAN_POINT('Ctrl Pts',(24.6325401279192,-2.24248028863343,8.11522048661707));
#3607=CARTESIAN_POINT('Ctrl Pts',(23.0377590556786,-2.52564701956682,9.5731465595176));
#3608=CARTESIAN_POINT('Ctrl Pts',(20.3311524915679,-2.98533571025086,9.63040372457066));
#3609=CARTESIAN_POINT('Ctrl Pts',(18.5704003431317,-3.24515934781851,8.56754273383121));
#3610=CARTESIAN_POINT('Ctrl Pts',(17.6073619058878,-3.35007660545988,7.38717935809828));
#3611=CARTESIAN_POINT('Ctrl Pts',(17.0150982540625,-3.36573654975015,5.99106578574746));
#3612=CARTESIAN_POINT('Ctrl Pts',(16.6876591939867,-3.28270756532594,3.99519490052538));
#3613=CARTESIAN_POINT('Ctrl Pts',(17.5705592234092,-2.91322722513159,1.4594474541061));
#3614=CARTESIAN_POINT('Ctrl Pts',(20.4778362793739,-2.32726773014346,-0.0122375129046383));
#3615=CARTESIAN_POINT('Ctrl Pts',(22.5776577215403,-2.08678462735635,0.477240585966732));
#3616=CARTESIAN_POINT('Ctrl Pts',(23.4384878320122,-2.01242067032819,1.00124328029754));
#3617=CARTESIAN_POINT('',(23.4384878320122,-2.01242067032818,1.00124328029753));
#3618=CARTESIAN_POINT('Ctrl Pts',(21.8595209398765,-2.17845743659357,0.400057340404053));
#3619=CARTESIAN_POINT('Ctrl Pts',(22.4181619267127,-2.10977478416673,0.503116897717576));
#3620=CARTESIAN_POINT('Ctrl Pts',(22.9578031902079,-2.05394525411352,0.708641936124286));
#3621=CARTESIAN_POINT('Ctrl Pts',(23.4384878320122,-2.01242067032819,1.00124328029754));
#3622=CARTESIAN_POINT('',(22.6593550643779,-3.16845812854472,2.40686547122639));
#3623=CARTESIAN_POINT('Origin',(23.6744225121506,-3.99561698588401,0.895096209335767));
#3624=CARTESIAN_POINT('',(23.754837553831,-3.18949783138395,6.37603931907528));
#3625=CARTESIAN_POINT('Ctrl Pts',(23.754837553831,-3.18949783138396,6.37603931907529));
#3626=CARTESIAN_POINT('Ctrl Pts',(23.5940820121823,-3.19923967650051,6.70745705754081));
#3627=CARTESIAN_POINT('Ctrl Pts',(23.1543139056787,-3.22238309902347,7.3095997629814));
#3628=CARTESIAN_POINT('Ctrl Pts',(22.07042565935,-3.27319373821943,8.02505465273746));
#3629=CARTESIAN_POINT('Ctrl Pts',(20.9668596226896,-3.31878486558615,8.16978539113499));
#3630=CARTESIAN_POINT('Ctrl Pts',(19.5815693071141,-3.36598353638316,7.86253472883021));
#3631=CARTESIAN_POINT('Ctrl Pts',(18.2834172130366,-3.39170727601157,6.87041016796529));
#3632=CARTESIAN_POINT('Ctrl Pts',(17.7963508322177,-3.38794692003049,5.1583271195664));
#3633=CARTESIAN_POINT('Ctrl Pts',(18.0842391558286,-3.36456853940077,3.78902785632782));
#3634=CARTESIAN_POINT('Ctrl Pts',(18.6394803601821,-3.33094074969655,2.87469428749052));
#3635=CARTESIAN_POINT('Ctrl Pts',(19.4927779363769,-3.28493892491146,2.19526256213786));
#3636=CARTESIAN_POINT('Ctrl Pts',(20.5459877481976,-3.23584544170721,1.8550199786618));
#3637=CARTESIAN_POINT('Ctrl Pts',(21.6621705525754,-3.19433195412365,1.9084315078286));
#3638=CARTESIAN_POINT('Ctrl Pts',(22.3508829744101,-3.17548078008925,2.20358634894729));
#3639=CARTESIAN_POINT('Ctrl Pts',(22.6593550643779,-3.16845812854472,2.40686547122638));
#3640=CARTESIAN_POINT('',(25.1205366383755,-2.13855623951107,7.22799064457781));
#3641=CARTESIAN_POINT('Origin',(25.357430069008,-4.12185520291946,7.12597729120497));
#3642=CARTESIAN_POINT('Ctrl Pts',(25.1205366383755,-2.13855623951108,7.22799064457781));
#3643=CARTESIAN_POINT('Ctrl Pts',(24.6325401279192,-2.24248028863343,8.11522048661707));
#3644=CARTESIAN_POINT('Ctrl Pts',(23.0377590556786,-2.52564701956682,9.5731465595176));
#3645=CARTESIAN_POINT('Ctrl Pts',(20.3311524915679,-2.98533571025086,9.63040372457066));
#3646=CARTESIAN_POINT('Ctrl Pts',(18.5704003431317,-3.24515934781851,8.56754273383121));
#3647=CARTESIAN_POINT('Ctrl Pts',(17.6073619058878,-3.35007660545988,7.38717935809828));
#3648=CARTESIAN_POINT('Ctrl Pts',(17.0150982540625,-3.36573654975015,5.99106578574746));
#3649=CARTESIAN_POINT('Ctrl Pts',(16.6876591939867,-3.28270756532594,3.99519490052538));
#3650=CARTESIAN_POINT('Ctrl Pts',(17.5390045125482,-2.92643239549643,1.55007467669274));
#3651=CARTESIAN_POINT('Ctrl Pts',(19.3380264743446,-2.55730134988075,0.568077722396949));
#3652=CARTESIAN_POINT('Ctrl Pts',(20.24880839833,-2.40795513878481,0.397088865443298));
#3653=CARTESIAN_POINT('Ctrl Pts',(23.4384878320122,-2.01242067032819,1.00124328029754));
#3654=CARTESIAN_POINT('Ctrl Pts',(23.299834551608,-2.01275810700314,0.699361053105654));
#3655=CARTESIAN_POINT('Ctrl Pts',(23.1611768189051,-2.01309291378403,0.397454739087567));
#3656=CARTESIAN_POINT('Ctrl Pts',(23.0225164112983,-2.01342503670471,0.0955279495730443));
#3657=CARTESIAN_POINT('Ctrl Pts',(23.0481392424069,-2.06434657326385,1.10376603155484));
#3658=CARTESIAN_POINT('Ctrl Pts',(22.9102818136257,-2.06482962194149,0.801518218088247));
#3659=CARTESIAN_POINT('Ctrl Pts',(22.772422462702,-2.06530884076905,0.499245136971015));
#3660=CARTESIAN_POINT('Ctrl Pts',(22.6345630019774,-2.06578415173095,0.196950383172026));
#3661=CARTESIAN_POINT('Ctrl Pts',(22.6581162070454,-2.11900898586864,1.20614231591848));
#3662=CARTESIAN_POINT('Ctrl Pts',(22.5210548862485,-2.11962615919029,0.903528774287282));
#3663=CARTESIAN_POINT('Ctrl Pts',(22.3839941586528,-2.12023830371695,0.600888791094241));
#3664=CARTESIAN_POINT('Ctrl Pts',(22.2469358714321,-2.12084531712096,0.298225944999713));
#3665=CARTESIAN_POINT('Ctrl Pts',(22.2684546025579,-2.17640287996996,1.3083627162112));
#3666=CARTESIAN_POINT('Ctrl Pts',(22.1321894252902,-2.17714269892372,1.00538337690677));
#3667=CARTESIAN_POINT('Ctrl Pts',(21.9959273424335,-2.17787629141042,0.702376428733542));
#3668=CARTESIAN_POINT('Ctrl Pts',(21.8596702358836,-2.17860353052576,0.399345434093804));
#3669=CARTESIAN_POINT('Ctrl Pts',(23.4384878306859,-2.01242066989681,1.0012432808639));
#3670=CARTESIAN_POINT('Ctrl Pts',(23.3454226608314,-2.01275529664279,0.800637923650322));
#3671=CARTESIAN_POINT('Ctrl Pts',(23.2523582676536,-2.01309009720442,0.600032217400429));
#3672=CARTESIAN_POINT('Ctrl Pts',(23.1592946603668,-2.01342507451169,0.399426158075953));
#3673=CARTESIAN_POINT('Ctrl Pts',(24.722740832384,-2.0078139085182,3.76937123052543));
#3674=CARTESIAN_POINT('Ctrl Pts',(24.1881787892717,-2.00972701780585,2.6172073055657));
#3675=CARTESIAN_POINT('Ctrl Pts',(23.6536409690974,-2.01164541636079,1.46503247931189));
#3676=CARTESIAN_POINT('Ctrl Pts',(23.1191291176875,-2.01356965931983,0.312845986640949));
#3677=CARTESIAN_POINT('Ctrl Pts',(24.9706137399227,-1.97379773464566,3.65372066720806));
#3678=CARTESIAN_POINT('Ctrl Pts',(24.4355491052124,-1.97507695701402,2.50178955553456));
#3679=CARTESIAN_POINT('Ctrl Pts',(23.900511495251,-1.97640990772343,1.3498462280361));
#3680=CARTESIAN_POINT('Ctrl Pts',(23.3654813500269,-1.97769349866261,0.197899788954331));
#3681=CARTESIAN_POINT('Ctrl Pts',(25.3772997152502,-1.70520493409933,3.46356246888968));
#3682=CARTESIAN_POINT('Ctrl Pts',(24.8410122227069,-1.70624866741797,2.31219833359633));
#3683=CARTESIAN_POINT('Ctrl Pts',(24.3047233061853,-1.70728141950151,1.16083509868533));
#3684=CARTESIAN_POINT('Ctrl Pts',(23.7684446111872,-1.70833458748315,0.00946738213541122));
#3685=CARTESIAN_POINT('Ctrl Pts',(25.5166200158027,-1.22218371984302,3.39766586018308));
#3686=CARTESIAN_POINT('Ctrl Pts',(24.9798322743856,-1.2240512811561,2.24653160660886));
#3687=CARTESIAN_POINT('Ctrl Pts',(24.4430569565421,-1.22592541034174,1.09539165360426));
#3688=CARTESIAN_POINT('Ctrl Pts',(23.9062692854409,-1.22782174335775,-0.0557424261650306));
#3689=CARTESIAN_POINT('Ctrl Pts',(25.5164674848255,-1.01545985566225,3.39733875644688));
#3690=CARTESIAN_POINT('Ctrl Pts',(24.9796833130605,-1.01767739136436,2.24620138506368));
#3691=CARTESIAN_POINT('Ctrl Pts',(24.4428991544159,-1.01991271046382,1.0950640418172));
#3692=CARTESIAN_POINT('Ctrl Pts',(23.9061150101964,-1.0221672675583,-0.0560732704945958));
#3693=CARTESIAN_POINT('',(23.932262406434,-1.02205746061264,1.70053637837952E-9));
#3694=CARTESIAN_POINT('Ctrl Pts',(23.7878436505096,-1.51695325901363,4.66321195576463E-5));
#3695=CARTESIAN_POINT('Ctrl Pts',(23.8110778754941,-1.47984442043462,7.53982565759064E-5));
#3696=CARTESIAN_POINT('Ctrl Pts',(23.8317733800617,-1.44118315833141,0.000109945512063947));
#3697=CARTESIAN_POINT('Ctrl Pts',(23.8497622195973,-1.40120295837314,0.000129146291343904));
#3698=CARTESIAN_POINT('Ctrl Pts',(23.8612594146345,-1.37565043978852,0.000141418072623199));
#3699=CARTESIAN_POINT('Ctrl Pts',(23.8716501030474,-1.34955905636517,0.00014782698209622));
#3700=CARTESIAN_POINT('Ctrl Pts',(23.8808803098711,-1.32299121863825,0.000147582845981306));
#3701=CARTESIAN_POINT('Ctrl Pts',(23.8955080147549,-1.2808874503165,0.000147195947712861));
#3702=CARTESIAN_POINT('Ctrl Pts',(23.9071036472241,-1.23793061206669,0.000127503932166973));
#3703=CARTESIAN_POINT('Ctrl Pts',(23.9155585020962,-1.19440725597552,9.76570748918437E-5));
#3704=CARTESIAN_POINT('Ctrl Pts',(23.9237675569754,-1.15214921321999,6.86779270474444E-5));
#3705=CARTESIAN_POINT('Ctrl Pts',(23.9290158824424,-1.10935606727598,3.00840951754299E-5));
#3706=CARTESIAN_POINT('Ctrl Pts',(23.93115998586,-1.06628945372887,1.07644222888392E-5));
#3707=CARTESIAN_POINT('Ctrl Pts',(23.931892618702,-1.05157373842386,4.16295580311645E-6));
#3708=CARTESIAN_POINT('Ctrl Pts',(23.9322624201985,-1.03682615784251,-4.72516987125098E-9));
#3709=CARTESIAN_POINT('Ctrl Pts',(23.9322624064328,-1.02205746060142,1.6979894573721E-9));
#3710=CARTESIAN_POINT('',(25.5164674848255,-1.01545985566224,3.39733875644689));
#3711=CARTESIAN_POINT('Ctrl Pts',(23.932262406434,-1.02205746060142,1.70050702685831E-9));
#3712=CARTESIAN_POINT('Ctrl Pts',(24.4603307523719,-1.01984012511174,1.13244622427629));
#3713=CARTESIAN_POINT('Ctrl Pts',(24.9883991122499,-1.01764138509426,2.26489247674638));
#3714=CARTESIAN_POINT('Ctrl Pts',(25.5164674848255,-1.01545985566225,3.39733875644688));
#3715=CARTESIAN_POINT('',(24.958900929315,-1.93877420597496,3.65911497163269));
#3716=CARTESIAN_POINT('Origin',(24.6101596977589,-1.01545985566224,3.81995701812329));
#3717=CARTESIAN_POINT('Ctrl Pts',(23.4384878320122,-2.01242067032818,1.00124328029753));
#3718=CARTESIAN_POINT('Ctrl Pts',(23.9909158645555,-1.9856298693976,1.72858801776149));
#3719=CARTESIAN_POINT('Ctrl Pts',(24.5436924819594,-1.9254683743685,2.68246879001609));
#3720=CARTESIAN_POINT('Ctrl Pts',(24.958900929315,-1.93877420597497,3.65911497163269));
#3721=CARTESIAN_POINT('Origin',(-3.93085737666389,-3.96343295129348,6.86774111863063));
#3722=CARTESIAN_POINT('',(-5.69182394289756,-5.44651592869874,7.42221149315778));
#3723=CARTESIAN_POINT('Ctrl Pts',(-5.69182394289756,-5.44651592869874,7.42221149315778));
#3724=CARTESIAN_POINT('Ctrl Pts',(-5.90130055949044,-5.44651592869874,6.75692560021463));
#3725=CARTESIAN_POINT('Ctrl Pts',(-5.75133326619305,-5.11543977256992,5.25476563870256));
#3726=CARTESIAN_POINT('Ctrl Pts',(-4.00973361522178,-4.02024631484571,4.21494621367338));
#3727=CARTESIAN_POINT('Ctrl Pts',(-2.11872544364735,-3.17805304370138,5.12620124698574));
#3728=CARTESIAN_POINT('Ctrl Pts',(-1.45065421763781,-3.17949427461772,7.25657590921585));
#3729=CARTESIAN_POINT('Ctrl Pts',(-2.47324521964632,-4.01942399585241,9.09021219617204));
#3730=CARTESIAN_POINT('Ctrl Pts',(-4.49913518486404,-5.11520149306239,9.23014272394619));
#3731=CARTESIAN_POINT('Ctrl Pts',(-5.48234732630468,-5.44651592869874,8.08749738610093));
#3732=CARTESIAN_POINT('Ctrl Pts',(-5.69182394289756,-5.44651592869874,7.42221149315778));
#3733=CARTESIAN_POINT('',(-3.59010697741855,-10.1718056247987,6.76045004047351));
#3734=CARTESIAN_POINT('',(-5.91913392630078,-4.93545495329709,7.49378392050994));
#3735=CARTESIAN_POINT('',(-3.076005388664,-9.6151840808144,4.41866659457158));
#3736=CARTESIAN_POINT('Origin',(-1.60183042778165,-9.1997836227951,6.1344072385942));
#3737=CARTESIAN_POINT('',(-1.38503429501346,-9.42563721283522,8.4155501601212));
#3738=CARTESIAN_POINT('Ctrl Pts',(-1.38503566880201,-9.42564068908226,8.4155701724808));
#3739=CARTESIAN_POINT('Ctrl Pts',(-1.24115224431453,-9.36190284040483,8.40819821951534));
#3740=CARTESIAN_POINT('Ctrl Pts',(-1.09923091973374,-9.29725457615967,8.38475290711242));
#3741=CARTESIAN_POINT('Ctrl Pts',(-0.961468660052759,-9.23273593542312,
8.34575626459801));
#3742=CARTESIAN_POINT('Ctrl Pts',(-0.856963283420299,-9.18379259734489,
8.31617371548182));
#3743=CARTESIAN_POINT('Ctrl Pts',(-0.754851942442981,-9.13492300017903,
8.2776422134443));
#3744=CARTESIAN_POINT('Ctrl Pts',(-0.656100191489259,-9.08656227100252,
8.23039161495788));
#3745=CARTESIAN_POINT('Ctrl Pts',(-0.528405261801973,-9.02402748197671,
8.16929232514142));
#3746=CARTESIAN_POINT('Ctrl Pts',(-0.407598537583294,-8.96296670941483,
8.09422064325946));
#3747=CARTESIAN_POINT('Ctrl Pts',(-0.295431549496996,-8.90422488019096,
8.00652570709422));
#3748=CARTESIAN_POINT('Ctrl Pts',(-0.186142966875698,-8.84699047133335,
7.92108117978651));
#3749=CARTESIAN_POINT('Ctrl Pts',(-0.085056979574218,-8.7919570286465,7.82365319798204));
#3750=CARTESIAN_POINT('Ctrl Pts',(0.0062232276213976,-8.73986259094477,
7.71547987808238));
#3751=CARTESIAN_POINT('Ctrl Pts',(0.0991796588662011,-8.68681151705664,
7.60532011746498));
#3752=CARTESIAN_POINT('Ctrl Pts',(0.181052787363322,-8.63732865174316,7.48510252911859));
#3753=CARTESIAN_POINT('Ctrl Pts',(0.250721038169335,-8.59200280661372,7.3567712021267));
#3754=CARTESIAN_POINT('Ctrl Pts',(0.316874373982344,-8.5489637490923,7.23491447009158));
#3755=CARTESIAN_POINT('Ctrl Pts',(0.372023351646479,-8.50967201515747,7.10574199284927));
#3756=CARTESIAN_POINT('Ctrl Pts',(0.415243459240813,-8.47461359651244,6.97090111944419));
#3757=CARTESIAN_POINT('Ctrl Pts',(0.461370168358175,-8.43719745923364,6.8269920435329));
#3758=CARTESIAN_POINT('Ctrl Pts',(0.49344768578573,-8.40497443850621,6.67805713155845));
#3759=CARTESIAN_POINT('Ctrl Pts',(0.511128537060817,-8.37827580039905,6.52644929994363));
#3760=CARTESIAN_POINT('Ctrl Pts',(0.527600470106696,-8.35340266660729,6.38520756826812));
#3761=CARTESIAN_POINT('Ctrl Pts',(0.531577838269444,-8.33332377510943,6.2416456082488));
#3762=CARTESIAN_POINT('Ctrl Pts',(0.522815213052045,-8.31831934897966,6.09765035803851));
#3763=CARTESIAN_POINT('Ctrl Pts',(0.513286945733881,-8.30200389789359,5.94107339593984));
#3764=CARTESIAN_POINT('Ctrl Pts',(0.488783961446206,-8.29185675675528,5.78558190906852));
#3765=CARTESIAN_POINT('Ctrl Pts',(0.449889898435266,-8.28792301715183,5.6335852499252));
#3766=CARTESIAN_POINT('Ctrl Pts',(0.414286875149314,-8.28432213280444,5.49444986071825));
#3767=CARTESIAN_POINT('Ctrl Pts',(0.36662599259845,-8.28592786773811,5.35824251522416));
#3768=CARTESIAN_POINT('Ctrl Pts',(0.307369401312805,-8.29280991836727,5.22680633714628));
#3769=CARTESIAN_POINT('Ctrl Pts',(0.243928372503459,-8.30017794887255,5.08608871942451));
#3770=CARTESIAN_POINT('Ctrl Pts',(0.16782339631863,-8.31352370302189,4.95225107077863));
#3771=CARTESIAN_POINT('Ctrl Pts',(0.0804168700503496,-8.33261093704899,
4.82717905261235));
#3772=CARTESIAN_POINT('Ctrl Pts',(-0.00299750012522773,-8.35082639157784,
4.70781950284707));
#3773=CARTESIAN_POINT('Ctrl Pts',(-0.0967041300935829,-8.37427135758844,
4.59644294755637));
#3774=CARTESIAN_POINT('Ctrl Pts',(-0.199535311426661,-8.40278053772224,
4.49469780702543));
#3775=CARTESIAN_POINT('Ctrl Pts',(-0.305638881958246,-8.43219696342026,
4.38971483829338));
#3776=CARTESIAN_POINT('Ctrl Pts',(-0.420426915488551,-8.4667215489881,4.2960081315387));
#3777=CARTESIAN_POINT('Ctrl Pts',(-0.542046196273144,-8.50587130641442,
4.21475321254572));
#3778=CARTESIAN_POINT('Ctrl Pts',(-0.659406170938305,-8.54364997530687,
4.13634397370697));
#3779=CARTESIAN_POINT('Ctrl Pts',(-0.783127300262745,-8.58573620684943,
4.06952966879006));
#3780=CARTESIAN_POINT('Ctrl Pts',(-0.911582046615358,-8.6317151337924,4.01538489100136));
#3781=CARTESIAN_POINT('Ctrl Pts',(-1.04794120568055,-8.68052335607056,3.95790833543079));
#3782=CARTESIAN_POINT('Ctrl Pts',(-1.18827251914919,-8.73323227940279,3.91527888059714));
#3783=CARTESIAN_POINT('Ctrl Pts',(-1.33032612346654,-8.78906968011453,3.88791191031499));
#3784=CARTESIAN_POINT('Ctrl Pts',(-1.46501603596936,-8.84201261424416,3.86196357306242));
#3785=CARTESIAN_POINT('Ctrl Pts',(-1.60125498887029,-8.89776863581081,3.84973673941349));
#3786=CARTESIAN_POINT('Ctrl Pts',(-1.73716309593058,-8.95566682899424,3.85160223596211));
#3787=CARTESIAN_POINT('Ctrl Pts',(-1.88237912213666,-9.01753028747711,3.8535954945068));
#3788=CARTESIAN_POINT('Ctrl Pts',(-2.02572195545026,-9.08120316677402,3.87165260774469));
#3789=CARTESIAN_POINT('Ctrl Pts',(-2.16496946785187,-9.14569076144422,3.90525788849848));
#3790=CARTESIAN_POINT('Ctrl Pts',(-2.2944617410249,-9.20566055969254,3.93650888982966));
#3791=CARTESIAN_POINT('Ctrl Pts',(-2.42041325724622,-9.26633480451978,3.98120624628614));
#3792=CARTESIAN_POINT('Ctrl Pts',(-2.54105050187679,-9.32687553939648,4.03893936993991));
#3793=CARTESIAN_POINT('Ctrl Pts',(-2.66676015869464,-9.38996181949311,4.09909998769742));
#3794=CARTESIAN_POINT('Ctrl Pts',(-2.78544489094112,-9.45227318762072,4.17281529469295));
#3795=CARTESIAN_POINT('Ctrl Pts',(-2.89550303755704,-9.51285886132409,4.25882653817856));
#3796=CARTESIAN_POINT('Ctrl Pts',(-2.95860843469285,-9.54759761640355,4.30814386583851));
#3797=CARTESIAN_POINT('Ctrl Pts',(-3.01887745513284,-9.58176812106255,4.36150353661501));
#3798=CARTESIAN_POINT('Ctrl Pts',(-3.076005388664,-9.6151840808144,4.41866659457158));
#3799=CARTESIAN_POINT('',(-1.38588630653099,-9.42289468965994,8.41335207959841));
#3800=CARTESIAN_POINT('',(-3.71491325541323,-4.18654401815832,9.14668595963484));
#3801=CARTESIAN_POINT('',(-1.58075316230584,-9.50956767758709,8.41335207958459));
#3802=CARTESIAN_POINT('Origin',(-1.60183042778165,-9.1997836227951,6.1344072385942));
#3803=CARTESIAN_POINT('',(-1.58044759657564,-9.5111088775621,8.41569656234901));
#3804=CARTESIAN_POINT('',(-3.90978011118807,-4.27321700608548,9.14668595962101));
#3805=CARTESIAN_POINT('',(-2.0416442841351,-9.70393230601172,8.33744328589481));
#3806=CARTESIAN_POINT('Ctrl Pts',(-2.0416442841351,-9.70393230601173,8.33744328589481));
#3807=CARTESIAN_POINT('Ctrl Pts',(-1.90095003242001,-9.64711772387504,8.37861491436014));
#3808=CARTESIAN_POINT('Ctrl Pts',(-1.75734670624334,-9.58718688848651,8.40422132447981));
#3809=CARTESIAN_POINT('Ctrl Pts',(-1.61306430361622,-9.52516180791575,8.41380808021727));
#3810=CARTESIAN_POINT('Ctrl Pts',(-1.60219570670595,-9.52048954306033,8.414530237472));
#3811=CARTESIAN_POINT('Ctrl Pts',(-1.59132327741222,-9.51580538561624,8.41516150170728));
#3812=CARTESIAN_POINT('Ctrl Pts',(-1.58044797903567,-9.51110976765142,8.41570168297268));
#3813=CARTESIAN_POINT('Origin',(-1.60183042778165,-9.1997836227951,6.1344072385942));
#3814=CARTESIAN_POINT('Origin',(1.34634521510876,-14.0954596924556,7.12256806007269));
#3815=CARTESIAN_POINT('',(-1.47714548501545,-9.4801127469276,8.5189139047043));
#3816=CARTESIAN_POINT('Ctrl Pts',(-1.47732135795402,-9.48056001364215,8.52152367490781));
#3817=CARTESIAN_POINT('Ctrl Pts',(-1.44657039144442,-9.46222521061303,8.48620926683396));
#3818=CARTESIAN_POINT('Ctrl Pts',(-1.41580942293209,-9.44391918426301,8.45089146435416));
#3819=CARTESIAN_POINT('Ctrl Pts',(-1.38503566880201,-9.42564068908226,8.4155701724808));
#3820=CARTESIAN_POINT('',(-1.47781923009062,-9.47859796606209,8.5191260448344));
#3821=CARTESIAN_POINT('',(0.739275204231665,-14.4632907947637,7.82103602715168));
#3822=CARTESIAN_POINT('',(-1.18473658261527,-9.30101562571147,8.18191808314894));
#3823=CARTESIAN_POINT('Ctrl Pts',(35.0674763707402,-2.07533285821507,29.207173724465));
#3824=CARTESIAN_POINT('Ctrl Pts',(29.9526633372044,-2.11145421574573,17.9256299339569));
#3825=CARTESIAN_POINT('Ctrl Pts',(24.8640825972756,-2.14272542754869,6.67534429261632));
#3826=CARTESIAN_POINT('Ctrl Pts',(19.7959113455806,-2.16536597398267,-4.57678402076874));
#3827=CARTESIAN_POINT('Ctrl Pts',(25.0820280614087,-2.99491218089044,32.1167879281811));
#3828=CARTESIAN_POINT('Ctrl Pts',(20.5179877973162,-3.18203800756047,20.5829591207293));
#3829=CARTESIAN_POINT('Ctrl Pts',(16.0228529681091,-3.33983040086154,9.06036282199181));
#3830=CARTESIAN_POINT('Ctrl Pts',(11.6276549773533,-3.45172844966625,-2.50114295224887));
#3831=CARTESIAN_POINT('Ctrl Pts',(15.24920683086,-5.74218289587544,34.9634501975276));
#3832=CARTESIAN_POINT('Ctrl Pts',(11.2508104063017,-5.86986702217868,23.1693879946278));
#3833=CARTESIAN_POINT('Ctrl Pts',(7.35615920161778,-5.94804855320369,11.3702660922077));
#3834=CARTESIAN_POINT('Ctrl Pts',(3.63113462357859,-5.94309895412839,-0.500256505717408));
#3835=CARTESIAN_POINT('Ctrl Pts',(6.15393048656792,-10.153720129935,37.5778232269476));
#3836=CARTESIAN_POINT('Ctrl Pts',(2.63800013734932,-10.0330394673526,25.5497101908567));
#3837=CARTESIAN_POINT('Ctrl Pts',(-0.737883543770609,-9.84701550165287,
13.4997953732181));
#3838=CARTESIAN_POINT('Ctrl Pts',(-3.87461725307456,-9.54008074574963,1.34604713077428));
#3839=CARTESIAN_POINT('',(25.3906426854045,-3.34336367810498,28.9391134732215));
#3840=CARTESIAN_POINT('Ctrl Pts',(25.3906426854045,-3.34336367810495,28.9391134732215));
#3841=CARTESIAN_POINT('Ctrl Pts',(25.300213338643,-2.89560734296192,21.7055354984024));
#3842=CARTESIAN_POINT('Ctrl Pts',(25.2101210628915,-2.50036270969439,14.4680898881601));
#3843=CARTESIAN_POINT('Ctrl Pts',(25.1205364884994,-2.13856882692251,7.22799176089103));
#3844=CARTESIAN_POINT('',(17.9474694901139,-5.18359544503911,30.8438544175499));
#3845=CARTESIAN_POINT('Ctrl Pts',(17.9474669982865,-5.18358630434146,30.8438552400072));
#3846=CARTESIAN_POINT('Ctrl Pts',(18.0446217545715,-5.17349746168204,31.0260821056128));
#3847=CARTESIAN_POINT('Ctrl Pts',(18.155715793594,-5.15889279811663,31.2004945851955));
#3848=CARTESIAN_POINT('Ctrl Pts',(18.2790333817454,-5.14021182419329,31.3651523636129));
#3849=CARTESIAN_POINT('Ctrl Pts',(18.4023509698968,-5.12153085026995,31.5298101420304));
#3850=CARTESIAN_POINT('Ctrl Pts',(18.5378921104322,-5.09877367643383,31.684715062237));
#3851=CARTESIAN_POINT('Ctrl Pts',(18.6839995809304,-5.07236401875288,31.8279280878477));
#3852=CARTESIAN_POINT('Ctrl Pts',(18.7237996850028,-5.06516995043703,31.866939736632));
#3853=CARTESIAN_POINT('Ctrl Pts',(18.7643833113917,-5.0577048647986,31.9050822818563));
#3854=CARTESIAN_POINT('Ctrl Pts',(18.8057164130104,-5.04997715469353,31.9423129029894));
#3855=CARTESIAN_POINT('Ctrl Pts',(18.9566269217652,-5.02176265789084,32.0782449225186));
#3856=CARTESIAN_POINT('Ctrl Pts',(19.1175318363601,-4.99004618402392,32.2020190877163));
#3857=CARTESIAN_POINT('Ctrl Pts',(19.2862919846064,-4.95544014347976,32.3126831102803));
#3858=CARTESIAN_POINT('Ctrl Pts',(19.4562681081805,-4.92058475442569,32.4241445054618));
#3859=CARTESIAN_POINT('Ctrl Pts',(19.6342122676789,-4.8827982014972,32.5223050447347));
#3860=CARTESIAN_POINT('Ctrl Pts',(19.8178976721303,-4.84271907601632,32.6062210044084));
#3861=CARTESIAN_POINT('Ctrl Pts',(19.8469244748438,-4.83638559039323,32.6194817858692));
#3862=CARTESIAN_POINT('Ctrl Pts',(19.8760945793425,-4.82999487717521,32.632386933996));
#3863=CARTESIAN_POINT('Ctrl Pts',(19.9053991284592,-4.82354947948499,32.6449328192804));
#3864=CARTESIAN_POINT('Ctrl Pts',(19.973962586163,-4.80846926957772,32.6742862576025));
#3865=CARTESIAN_POINT('Ctrl Pts',(20.0432762344667,-4.79308746228264,32.7016895593909));
#3866=CARTESIAN_POINT('Ctrl Pts',(20.1132317094477,-4.77743540581505,32.7270966454429));
#3867=CARTESIAN_POINT('Ctrl Pts',(20.4128090872173,-4.71040702762825,32.8358999695326));
#3868=CARTESIAN_POINT('Ctrl Pts',(20.7241610031453,-4.63842134115241,32.908095127787));
#3869=CARTESIAN_POINT('Ctrl Pts',(21.0387901228082,-4.56415913108665,32.9419136985391));
#3870=CARTESIAN_POINT('Ctrl Pts',(21.1802901776044,-4.53076073870375,32.957123128676));
#3871=CARTESIAN_POINT('Ctrl Pts',(21.3224523866707,-4.49690209935254,32.9645703589748));
#3872=CARTESIAN_POINT('Ctrl Pts',(21.4645005478401,-4.46282804296442,32.9640946667269));
#3873=CARTESIAN_POINT('Ctrl Pts',(21.509389971433,-4.45206011229822,32.9639443405935));
#3874=CARTESIAN_POINT('Ctrl Pts',(21.5542609863533,-4.44127416040385,32.9630256831442));
#3875=CARTESIAN_POINT('Ctrl Pts',(21.5990914251717,-4.4304770349223,32.9613303474378));
#3876=CARTESIAN_POINT('Ctrl Pts',(21.743984182258,-4.39558053779074,32.9558509929821));
#3877=CARTESIAN_POINT('Ctrl Pts',(21.8884569906636,-4.36056627063573,32.9422588292827));
#3878=CARTESIAN_POINT('Ctrl Pts',(22.0317522848249,-4.32559432167011,32.9207372760425));
#3879=CARTESIAN_POINT('Ctrl Pts',(22.1764182270836,-4.29028785903055,32.8990098648489));
#3880=CARTESIAN_POINT('Ctrl Pts',(22.3198838168476,-4.25502456948957,32.8691996721496));
#3881=CARTESIAN_POINT('Ctrl Pts',(22.4613181970854,-4.21998315232415,32.8314993979971));
#3882=CARTESIAN_POINT('Ctrl Pts',(22.6035152949272,-4.18475276621286,32.7935958163976));
#3883=CARTESIAN_POINT('Ctrl Pts',(22.7436588823167,-4.14974678758922,32.7477159463234));
#3884=CARTESIAN_POINT('Ctrl Pts',(22.8808570454526,-4.11515951962178,32.6940736403311));
#3885=CARTESIAN_POINT('Ctrl Pts',(22.9301313448045,-4.10273760844863,32.6748081707142));
#3886=CARTESIAN_POINT('Ctrl Pts',(22.979025306238,-4.09036981302649,32.6545416826849));
#3887=CARTESIAN_POINT('Ctrl Pts',(23.0274962676961,-4.0780654690379,32.6332849640807));
#3888=CARTESIAN_POINT('Ctrl Pts',(23.1511546964381,-4.04667480133578,32.579055125354));
#3889=CARTESIAN_POINT('Ctrl Pts',(23.2721428509668,-4.01567193514729,32.5182839740273));
#3890=CARTESIAN_POINT('Ctrl Pts',(23.3897993046823,-3.98521624509942,32.4513579662399));
#3891=CARTESIAN_POINT('Ctrl Pts',(23.5077883637788,-3.95467445925253,32.3842427639833));
#3892=CARTESIAN_POINT('Ctrl Pts',(23.6224271584865,-3.92468280294266,32.3109386446408));
#3893=CARTESIAN_POINT('Ctrl Pts',(23.7330970339446,-3.89539011931665,32.2318184138966));
#3894=CARTESIAN_POINT('Ctrl Pts',(23.8440510597234,-3.86602222529201,32.1524950380883));
#3895=CARTESIAN_POINT('Ctrl Pts',(23.9510161864549,-3.83735680993301,32.0673263185436));
#3896=CARTESIAN_POINT('Ctrl Pts',(24.0534120824105,-3.80953367351593,31.9766599483457));
#3897=CARTESIAN_POINT('Ctrl Pts',(24.1350245173316,-3.78735784421197,31.9043962783202));
#3898=CARTESIAN_POINT('Ctrl Pts',(24.2137352809411,-3.76571687617883,31.828639745587));
#3899=CARTESIAN_POINT('Ctrl Pts',(24.2892669820546,-3.74467735855809,31.7495497872756));
#3900=CARTESIAN_POINT('Ctrl Pts',(24.2912808686207,-3.74411638612837,31.747441027613));
#3901=CARTESIAN_POINT('Ctrl Pts',(24.2932924959286,-3.74355584105999,31.7453298972312));
#3902=CARTESIAN_POINT('Ctrl Pts',(24.2953018617748,-3.74299572371693,31.7432164033824));
#3903=CARTESIAN_POINT('Ctrl Pts',(24.3845745206215,-3.71811067623986,31.6493175169755));
#3904=CARTESIAN_POINT('Ctrl Pts',(24.4692902143637,-3.69409519475886,31.5508419909666));
#3905=CARTESIAN_POINT('Ctrl Pts',(24.5491175066111,-3.67099611127024,31.4482487928814));
#3906=CARTESIAN_POINT('Ctrl Pts',(24.6292759007499,-3.64780121906736,31.3452300661208));
#3907=CARTESIAN_POINT('Ctrl Pts',(24.7045046623826,-3.62553043784091,31.2380587858316));
#3908=CARTESIAN_POINT('Ctrl Pts',(24.7744274134884,-3.60424201457205,31.1272314836405));
#3909=CARTESIAN_POINT('Ctrl Pts',(24.8443159254651,-3.58296401562234,31.0164584503426));
#3910=CARTESIAN_POINT('Ctrl Pts',(24.908902976302,-3.56266758013334,30.9020324648078));
#3911=CARTESIAN_POINT('Ctrl Pts',(24.967781426225,-3.54341967220551,30.7844897554931));
#3912=CARTESIAN_POINT('Ctrl Pts',(25.0187646245149,-3.52675279480241,30.682708827762));
#3913=CARTESIAN_POINT('Ctrl Pts',(25.0654668059277,-3.51087232400792,30.5785914927558));
#3914=CARTESIAN_POINT('Ctrl Pts',(25.1076103717967,-3.4958253831182,30.4725143688825));
#3915=CARTESIAN_POINT('Ctrl Pts',(25.155619353082,-3.47868425401155,30.3516737482608));
#3916=CARTESIAN_POINT('Ctrl Pts',(25.1977527365502,-3.46261014495787,30.2281869303552));
#3917=CARTESIAN_POINT('Ctrl Pts',(25.2338218263442,-3.44763844487887,30.1027659185841));
#3918=CARTESIAN_POINT('Ctrl Pts',(25.2686635293403,-3.43317621335378,29.9816128297049));
#3919=CARTESIAN_POINT('Ctrl Pts',(25.297847434804,-3.41974240962222,29.8586550828962));
#3920=CARTESIAN_POINT('Ctrl Pts',(25.321230950065,-3.40736237854721,29.7344895570921));
#3921=CARTESIAN_POINT('Ctrl Pts',(25.34458526061,-3.39499780944565,29.610479107156));
#3922=CARTESIAN_POINT('Ctrl Pts',(25.3621543267672,-3.38368429138562,29.4852641416123));
#3923=CARTESIAN_POINT('Ctrl Pts',(25.3738134054122,-3.37344271710465,29.3593905437755));
#3924=CARTESIAN_POINT('Ctrl Pts',(25.3854382636831,-3.36323120270345,29.2338863955091));
#3925=CARTESIAN_POINT('Ctrl Pts',(25.3911884869996,-3.35408534296216,29.1077275850828));
#3926=CARTESIAN_POINT('Ctrl Pts',(25.3909473397818,-3.34602223333904,28.9814040451564));
#3927=CARTESIAN_POINT('Ctrl Pts',(25.3909204329837,-3.34512256522643,28.967309078567));
#3928=CARTESIAN_POINT('Ctrl Pts',(25.3908189358408,-3.34423637322259,28.9532120078177));
#3929=CARTESIAN_POINT('Ctrl Pts',(25.3906426854045,-3.34336367810495,28.9391134732215));
#3930=CARTESIAN_POINT('',(17.9335211218523,-5.18779495688308,30.8482462993472));
#3931=CARTESIAN_POINT('Ctrl Pts',(17.9343597905307,-5.19104895227561,30.8482914608248));
#3932=CARTESIAN_POINT('Ctrl Pts',(17.939009222129,-5.18964906098327,30.8468275248595));
#3933=CARTESIAN_POINT('Ctrl Pts',(17.9436587668912,-5.18824957915538,30.8453635532715));
#3934=CARTESIAN_POINT('Ctrl Pts',(17.9483084247675,-5.18685050680637,30.8438995460762));
#3935=CARTESIAN_POINT('',(14.7994526885068,-5.13797267057811,20.8844199727585));
#3936=CARTESIAN_POINT('Ctrl Pts',(14.7994526885068,-5.13797267057808,20.8844199727585));
#3937=CARTESIAN_POINT('Ctrl Pts',(15.8440019563177,-5.15682197775362,24.2057478550032));
#3938=CARTESIAN_POINT('Ctrl Pts',(16.8886985616117,-5.17335803791964,27.5270217668719));
#3939=CARTESIAN_POINT('Ctrl Pts',(17.9335211218523,-5.18779495688306,30.8482462993472));
#3940=CARTESIAN_POINT('',(-1.46284932350876,-9.74906507983126,10.4979327087016));
#3941=CARTESIAN_POINT('Ctrl Pts',(-1.4628493224637,-9.74906507983875,10.4979327120744));
#3942=CARTESIAN_POINT('Ctrl Pts',(0.38326922220153,-8.89184164073239,10.2401201457189));
#3943=CARTESIAN_POINT('Ctrl Pts',(4.26057743954973,-7.3506955936952,10.4246826008304));
#3944=CARTESIAN_POINT('Ctrl Pts',(10.7232795521136,-5.549392854064,13.4872408465365));
#3945=CARTESIAN_POINT('Ctrl Pts',(13.8659106981027,-5.12112653389438,17.9160592285371));
#3946=CARTESIAN_POINT('Ctrl Pts',(14.7994526885068,-5.13797267057807,20.8844199727585));
#3947=CARTESIAN_POINT('Ctrl Pts',(-1.4629962572377,-9.74968929043763,10.5019232149327));
#3948=CARTESIAN_POINT('Ctrl Pts',(-1.65664606511589,-9.73482032106588,9.78073089951857));
#3949=CARTESIAN_POINT('Ctrl Pts',(-1.84953572377837,-9.71957190832736,9.05924336996419));
#3950=CARTESIAN_POINT('Ctrl Pts',(-2.04164428413508,-9.70393230601172,8.33744328589482));
#3951=CARTESIAN_POINT('Ctrl Pts',(-1.47732135795399,-9.48056001364214,8.52152367490785));
#3952=CARTESIAN_POINT('Ctrl Pts',(-1.51170113971445,-9.49073240806164,8.48625176004292));
#3953=CARTESIAN_POINT('Ctrl Pts',(-1.54607583231693,-9.50091524226549,8.45097746133894));
#3954=CARTESIAN_POINT('Ctrl Pts',(-1.58044797903567,-9.51110976765142,8.41570168297268));
#3955=CARTESIAN_POINT('',(-3.81204467787685,-9.54618116800303,1.5883339920484));
#3956=CARTESIAN_POINT('Ctrl Pts',(-3.076005388664,-9.6151840808144,4.4186665945716));
#3957=CARTESIAN_POINT('Ctrl Pts',(-3.32276057094583,-9.59289344948406,3.4758204360381));
#3958=CARTESIAN_POINT('Ctrl Pts',(-3.56812293751728,-9.56990141044853,2.53238939873516));
#3959=CARTESIAN_POINT('Ctrl Pts',(-3.81204602658862,-9.54618191245909,1.58833502443616));
#3960=CARTESIAN_POINT('Ctrl Pts',(-3.81204602658856,-9.5461819124591,1.58833502443635));
#3961=CARTESIAN_POINT('Ctrl Pts',(-2.70076311702947,-9.00289964848612,1.23842824922481));
#3962=CARTESIAN_POINT('Ctrl Pts',(-1.57880571394023,-8.48488771977288,0.885159254739402));
#3963=CARTESIAN_POINT('Ctrl Pts',(-0.447006632305065,-7.99232158733677,
0.528791360926455));
#3964=CARTESIAN_POINT('Ctrl Pts',(-0.307887388292939,-7.93177601075662,
0.484987091439132));
#3965=CARTESIAN_POINT('Ctrl Pts',(-0.16861941580875,-7.87161495048335,0.441135989126504));
#3966=CARTESIAN_POINT('Ctrl Pts',(-0.0292042365750582,-7.81183877955505,
0.397238533478811));
#3967=CARTESIAN_POINT('',(23.0448787592883,-4.02839918198527,32.0230552382949));
#3968=CARTESIAN_POINT('',(19.4469208184548,-4.89161507306824,32.0575932695074));
#3969=CARTESIAN_POINT('Ctrl Pts',(23.0456334649219,-4.03144255359504,32.0228184534471));
#3970=CARTESIAN_POINT('Ctrl Pts',(22.0259240089084,-4.25566034896797,32.0326039427923));
#3971=CARTESIAN_POINT('Ctrl Pts',(21.009853986488,-4.49635114977631,32.0423672512644));
#3972=CARTESIAN_POINT('Ctrl Pts',(19.9978578697479,-4.75344804881457,32.0521051170155));
#3973=CARTESIAN_POINT('Ctrl Pts',(19.8143557218329,-4.80006663994889,32.0538708543063));
#3974=CARTESIAN_POINT('Ctrl Pts',(19.6309910429143,-4.84722380910125,32.0556357174167));
#3975=CARTESIAN_POINT('Ctrl Pts',(19.4477664285016,-4.8949191555468,32.0573996817021));
#3976=CARTESIAN_POINT('',(23.6311408180831,-3.8588895888968,31.4256608783932));
#3977=CARTESIAN_POINT('Ctrl Pts',(23.6311408180831,-3.85888958889677,31.4256608783931));
#3978=CARTESIAN_POINT('Ctrl Pts',(23.4355786958132,-3.91437431546584,31.624937997969));
#3979=CARTESIAN_POINT('Ctrl Pts',(23.2401562572873,-3.97087739101899,31.8240712339188));
#3980=CARTESIAN_POINT('Ctrl Pts',(23.0448787592703,-4.02839918197518,32.0230552383055));
#3981=CARTESIAN_POINT('',(23.6916087337695,-3.84165214956625,31.3624329277163));
#3982=CARTESIAN_POINT('Ctrl Pts',(23.6916087337694,-3.84165214956623,31.3624329277163));
#3983=CARTESIAN_POINT('Ctrl Pts',(23.6717249802813,-3.84734807764256,31.3837685860419));
#3984=CARTESIAN_POINT('Ctrl Pts',(23.6515673319613,-3.85309419496189,31.4048463320925));
#3985=CARTESIAN_POINT('Ctrl Pts',(23.6311408180832,-3.85888958889673,31.425660878393));
#3986=CARTESIAN_POINT('',(18.8462237231732,-4.99773187781574,31.4677729304259));
#3987=CARTESIAN_POINT('Ctrl Pts',(18.8462237231732,-4.99773187781571,31.4677729304259));
#3988=CARTESIAN_POINT('Ctrl Pts',(18.5078561944549,-5.05808100525742,31.1355293392227));
#3989=CARTESIAN_POINT('Ctrl Pts',(17.967993620879,-5.13133716962465,30.3236924491329));
#3990=CARTESIAN_POINT('Ctrl Pts',(17.6409902818235,-5.04592771313266,28.3828964266937));
#3991=CARTESIAN_POINT('Ctrl Pts',(18.7749242428859,-4.54415343339977,26.1336453511662));
#3992=CARTESIAN_POINT('Ctrl Pts',(21.6349198530385,-3.81726436916302,25.2600749860739));
#3993=CARTESIAN_POINT('Ctrl Pts',(23.8561708325597,-3.47411740316875,26.5449009954107));
#3994=CARTESIAN_POINT('Ctrl Pts',(24.6330550801963,-3.44606095898811,28.3472311556751));
#3995=CARTESIAN_POINT('Ctrl Pts',(24.6256252618298,-3.51173335028281,29.3162821397968));
#3996=CARTESIAN_POINT('Ctrl Pts',(24.3918531459275,-3.62895799418063,30.3745588383559));
#3997=CARTESIAN_POINT('Ctrl Pts',(24.0994723619957,-3.72481495920827,30.9247872377092));
#3998=CARTESIAN_POINT('Ctrl Pts',(23.6916087337694,-3.84165214956623,31.3624329277163));
#3999=CARTESIAN_POINT('',(18.881659329109,-4.99141535954283,31.5025671881969));
#4000=CARTESIAN_POINT('Ctrl Pts',(18.8816593291085,-4.99141535954289,31.5025671881965));
#4001=CARTESIAN_POINT('Ctrl Pts',(18.869847343251,-4.99351970134701,31.4909689930494));
#4002=CARTESIAN_POINT('Ctrl Pts',(18.8580354743867,-4.99562520735001,31.479370906911));
#4003=CARTESIAN_POINT('Ctrl Pts',(18.8462237232076,-4.9977318778096,31.4677729304596));
#4004=CARTESIAN_POINT('Ctrl Pts',(19.4469208184561,-4.89161507307345,32.0575932695052));
#4005=CARTESIAN_POINT('Ctrl Pts',(19.2584724330971,-4.92458638707226,31.8725586814017));
#4006=CARTESIAN_POINT('Ctrl Pts',(19.0700510009212,-4.9578528006873,31.68754907017));
#4007=CARTESIAN_POINT('Ctrl Pts',(18.8816593291089,-4.99141535954282,31.5025671881968));
#4008=CARTESIAN_POINT('Origin',(-3.31720606516017,-10.0383907378553,6.67452253115553));
#4009=CARTESIAN_POINT('',(-2.96723255461938,-9.92671745406254,6.98861856454196));
#4010=CARTESIAN_POINT('Origin',(-3.31720606516017,-10.0383907378553,6.67452253115553));
#4011=CARTESIAN_POINT('',(-3.87467465396992,-10.898223815632,11.0436485662746));
#4012=CARTESIAN_POINT('Origin',(0.630293632458623,-10.898223815632,25.3511731857982));
#4013=CARTESIAN_POINT('',(-4.45371636046634,-11.1813037920543,11.2259697289953));
#4014=CARTESIAN_POINT('',(-6.89206724823307,-12.3733566339727,11.9937261168183));
#4015=CARTESIAN_POINT('',(-7.15669733232347,-11.1813037920543,2.64145495728114));
#4016=CARTESIAN_POINT('',(-5.65504123684729,-11.1813037920543,7.41062983045567));
#4017=CARTESIAN_POINT('',(-10.4379045835232,-12.7854094391699,3.67459905459646));
#4018=CARTESIAN_POINT('Origin',(-0.421069325682651,-14.8124034205782,6.62867662395367));
#4019=CARTESIAN_POINT('Origin',(-2.58477445200335,-10.9605929003371,6.91913934941966));
#4020=CARTESIAN_POINT('',(-2.01285792938454,-10.7043570291988,7.69373261988528));
#4021=CARTESIAN_POINT('',(-1.67380362392775,-10.7706727519125,7.66834752835152));
#4022=CARTESIAN_POINT('',(-0.850544694127339,-10.9316941872152,7.60670989994619));
#4023=CARTESIAN_POINT('',(-2.1544340652437,-10.9152799363206,7.17445609232381));
#4024=CARTESIAN_POINT('',(-2.48350285985816,-11.0142867985065,6.83630801522936));
#4025=CARTESIAN_POINT('',(-2.35697724953409,-10.8078921399816,7.3401187607044));
#4026=CARTESIAN_POINT('',(-2.1544340652437,-10.9152799363206,7.17445609232381));
#4027=CARTESIAN_POINT('',(-2.68604604414855,-10.9068990021676,7.00197068360996));
#4028=CARTESIAN_POINT('Origin',(-1.15841154091719,-10.1967221885354,5.99478923505766));
#4029=CARTESIAN_POINT('',(0.0422437968938855,-9.9382403414246,7.17445609247969));
#4030=CARTESIAN_POINT('',(0.0981333022667319,-9.71590671039204,7.34011876087862));
#4031=CARTESIAN_POINT('',(0.0422437968938855,-9.9382403414246,7.17445609247969));
#4032=CARTESIAN_POINT('Origin',(-1.19872234881396,-10.1060914098317,6.00748178083371));
#4033=CARTESIAN_POINT('Origin',(-1.11810073302042,-10.2873529672391,5.98209668928161));
#4034=CARTESIAN_POINT('Origin',(-0.673062135167618,-10.2774181546392,8.11243886803581));
#4035=CARTESIAN_POINT('',(-0.387019524452295,-10.198336208198,7.66834752844282));
#4036=CARTESIAN_POINT('',(-0.209208450582575,-9.90212881609699,7.69373262001325));
#4037=CARTESIAN_POINT('',(-1.36597889856832,-11.829140166967,7.52858697914272));
#4038=CARTESIAN_POINT('',(-0.645117382481192,-10.1662513391229,8.19527020223528));
#4039=CARTESIAN_POINT('',(-0.701006887854044,-10.3885849701554,8.02960753383635));
#4040=CARTESIAN_POINT('Origin',(1.34634521510876,-14.0954596924556,7.12256806007269));
#4041=CARTESIAN_POINT('',(1.0500139943131,-12.2040098090162,6.85714244807846));
#4042=CARTESIAN_POINT('',(1.77560853645494,-13.8353638256822,6.62867662410957));
#4043=CARTESIAN_POINT('',(0.620750672966924,-12.4641056757896,7.35103388404158));
#4044=CARTESIAN_POINT('',(0.835382333640014,-12.3340577424029,7.10408816606002));
#4045=CARTESIAN_POINT('',(1.34634521510876,-14.0954596924556,7.12256806007269));
#4046=CARTESIAN_POINT('Origin',(0.615264006540635,-14.1844764514967,5.43631722091149));
#4047=CARTESIAN_POINT('',(-1.14666386782448,-13.1810494039122,6.85714244792257));
#4048=CARTESIAN_POINT('',(-0.42106932568264,-14.8124034205782,6.62867662395369));
#4049=CARTESIAN_POINT('Origin',(-0.110330535601204,-12.5531224348307,5.66478304488038));
#4050=CARTESIAN_POINT('Origin',(-0.421069325682651,-14.8124034205782,6.62867662395367));
#4051=CARTESIAN_POINT('',(-0.666033426508529,-13.0364422195041,7.35103388395028));
#4052=CARTESIAN_POINT('',(0.0595611156333097,-14.6677962361701,7.12256805998139));
#4053=CARTESIAN_POINT('',(-1.14666386782448,-13.1810494039122,6.85714244792257));
#4054=CARTESIAN_POINT('Origin',(11.1385096188144,5.19261313852128,0.197757945773089));
#4055=CARTESIAN_POINT('',(1.23241429478029,-0.415432956542106,8.74426417379452E-11));
#4056=CARTESIAN_POINT('',(-0.023721813628732,-0.714191209768632,0.395515889963919));
#4057=CARTESIAN_POINT('',(-3.61037397065588,-1.56723725007532,1.52483452834036));
#4058=CARTESIAN_POINT('',(5.64280935375849,2.38283968780864,0.395515890365965));
#4059=CARTESIAN_POINT('',(11.0569133479251,5.34190703559519,0.3955158907501));
#4060=CARTESIAN_POINT('',(5.80600189553722,2.08425189366081,4.11941943048591E-10));
#4061=CARTESIAN_POINT('',(5.64280935375849,2.38283968780864,0.395515890365965));
#4062=CARTESIAN_POINT('',(11.2201058897038,5.04331924144736,7.96077231912662E-10));
#4063=CARTESIAN_POINT('Ctrl Pts',(8.22031199061404,3.09553027192319,0.399997396424959));
#4064=CARTESIAN_POINT('Ctrl Pts',(7.34860324410598,3.07554793113054,0.399925291065649));
#4065=CARTESIAN_POINT('Ctrl Pts',(6.48793544918707,2.84427072485426,0.398252133093774));
#4066=CARTESIAN_POINT('Ctrl Pts',(5.73875262142452,2.43524867583521,0.395682120971967));
#4067=CARTESIAN_POINT('Ctrl Pts',(8.22031199062349,2.96267806225651,0.266664931144386));
#4068=CARTESIAN_POINT('Ctrl Pts',(7.36968130931409,2.94935650172807,0.266616860885725));
#4069=CARTESIAN_POINT('Ctrl Pts',(6.5267342288685,2.729669412096,0.265501422218711));
#4070=CARTESIAN_POINT('Ctrl Pts',(5.79124104680993,2.33428182359147,0.263788080787426));
#4071=CARTESIAN_POINT('Ctrl Pts',(8.22031199063296,2.82982585258982,0.133332465863813));
#4072=CARTESIAN_POINT('Ctrl Pts',(7.39075937452219,2.82316507232561,0.133308430705801));
#4073=CARTESIAN_POINT('Ctrl Pts',(6.56553300854992,2.61506809933774,0.132750711343648));
#4074=CARTESIAN_POINT('Ctrl Pts',(5.84372947219534,2.23331497134773,0.131894040602884));
#4075=CARTESIAN_POINT('Ctrl Pts',(8.22031199064242,2.69697364292314,5.83239613365368E-10));
#4076=CARTESIAN_POINT('Ctrl Pts',(7.4118374397303,2.69697364292314,5.25877561921666E-10));
#4077=CARTESIAN_POINT('Ctrl Pts',(6.60433178823135,2.50046678657948,4.68584296447523E-10));
#4078=CARTESIAN_POINT('Ctrl Pts',(5.89621789758075,2.13234811910399,4.18343008895899E-10));
#4079=CARTESIAN_POINT('',(5.89621789762279,2.13234811912584,4.18343008898881E-10));
#4080=CARTESIAN_POINT('',(5.73875262181373,2.43524867519699,0.395682125916748));
#4081=CARTESIAN_POINT('',(5.89621789762279,2.13234811912584,4.18343008898881E-10));
#4082=CARTESIAN_POINT('',(8.22031199061403,3.09553027192319,0.399997396424958));
#4083=CARTESIAN_POINT('Ctrl Pts',(5.73875262142452,2.43524867583521,0.395682120971967));
#4084=CARTESIAN_POINT('Ctrl Pts',(6.48793544918707,2.84427072485426,0.398252133093774));
#4085=CARTESIAN_POINT('Ctrl Pts',(7.34860324410598,3.07554793113054,0.399925291065649));
#4086=CARTESIAN_POINT('Ctrl Pts',(8.22031199061404,3.09553027192319,0.399997396424959));
#4087=CARTESIAN_POINT('',(8.22031199064241,2.69697364292314,5.83239613365368E-10));
#4088=CARTESIAN_POINT('',(8.22031199061403,3.09553027192319,0.399997396424958));
#4089=CARTESIAN_POINT('Ctrl Pts',(8.22031199064242,2.69697364292314,5.83239613365368E-10));
#4090=CARTESIAN_POINT('Ctrl Pts',(7.4118374397303,2.69697364292314,5.25877561921666E-10));
#4091=CARTESIAN_POINT('Ctrl Pts',(6.60433178823135,2.50046678657948,4.68584296447523E-10));
#4092=CARTESIAN_POINT('Ctrl Pts',(5.89621789758075,2.13234811910399,4.18343008895899E-10));
#4093=CARTESIAN_POINT('Ctrl Pts',(5.80600189553722,2.08425189366081,4.11942106469333E-10));
#4094=CARTESIAN_POINT('Ctrl Pts',(5.83589051545449,2.10058745710084,4.14062729504657E-10));
#4095=CARTESIAN_POINT('Ctrl Pts',(5.86596480095491,2.11662080494776,4.16196525756712E-10));
#4096=CARTESIAN_POINT('Ctrl Pts',(5.89621789762303,2.13234811912596,4.18343008898899E-10));
#4097=CARTESIAN_POINT('Ctrl Pts',(5.75160438161097,2.18378115837675,0.131838630396616));
#4098=CARTESIAN_POINT('Ctrl Pts',(5.78218303727372,2.20049385942725,0.131838630398786));
#4099=CARTESIAN_POINT('Ctrl Pts',(5.81289150615159,2.21700514541465,0.131857440632277));
#4100=CARTESIAN_POINT('Ctrl Pts',(5.84372947223843,2.23331497137052,0.131894040602936));
#4101=CARTESIAN_POINT('Ctrl Pts',(5.69720686768473,2.28331042309269,0.26367726038129));
#4102=CARTESIAN_POINT('Ctrl Pts',(5.72847555909295,2.30040026175367,0.263677260383509));
#4103=CARTESIAN_POINT('Ctrl Pts',(5.75981821134827,2.31738948588153,0.263714880848358));
#4104=CARTESIAN_POINT('Ctrl Pts',(5.79124104685384,2.33428182361508,0.263788080787528));
#4105=CARTESIAN_POINT('Ctrl Pts',(5.64280935375849,2.38283968780864,0.395515890365964));
#4106=CARTESIAN_POINT('Ctrl Pts',(5.67476808091218,2.40030666408009,0.395515890368232));
#4107=CARTESIAN_POINT('Ctrl Pts',(5.70674491654495,2.41777382634842,0.395572321064438));
#4108=CARTESIAN_POINT('Ctrl Pts',(5.73875262146925,2.43524867585963,0.395682120972121));
#4109=CARTESIAN_POINT('Ctrl Pts',(5.89621789762303,2.13234811912596,4.18343008898899E-10));
#4110=CARTESIAN_POINT('Ctrl Pts',(5.86596480095491,2.11662080494776,4.16196525756712E-10));
#4111=CARTESIAN_POINT('Ctrl Pts',(5.83589051545449,2.10058745710084,4.14062729504657E-10));
#4112=CARTESIAN_POINT('Ctrl Pts',(5.80600189553722,2.08425189366081,4.11942106469333E-10));
#4113=CARTESIAN_POINT('Ctrl Pts',(5.64280935375849,2.38283968780864,0.395515890365964));
#4114=CARTESIAN_POINT('Ctrl Pts',(5.67476808091218,2.40030666408009,0.395515890368232));
#4115=CARTESIAN_POINT('Ctrl Pts',(5.70674491654495,2.41777382634842,0.395572321064438));
#4116=CARTESIAN_POINT('Ctrl Pts',(5.73875262146925,2.43524867585963,0.395682120972121));
#4117=CARTESIAN_POINT('Origin',(21.0377220613805,2.89697364292314,0.200000001492646));
#4118=CARTESIAN_POINT('',(23.0154075507039,3.09697364292314,0.400000001632965));
#4119=CARTESIAN_POINT('',(23.7115868226403,2.69697364292314,1.68235940238826E-9));
#4120=CARTESIAN_POINT('Origin',(22.5490998926199,2.09697364292314,-0.599999998400115));
#4121=CARTESIAN_POINT('',(8.34625881673131,2.69697364292314,5.92175523058083E-10));
#4122=CARTESIAN_POINT('',(21.0377220613946,2.69697364292314,1.49264711701846E-9));
#4123=CARTESIAN_POINT('',(8.34625881670293,3.09697364292314,0.400000000592173));
#4124=CARTESIAN_POINT('',(8.34625881673131,2.69697364292314,5.92175523058083E-10));
#4125=CARTESIAN_POINT('',(21.0377220613663,3.09697364292314,0.400000001492645));
#4126=CARTESIAN_POINT('Ctrl Pts',(8.22031199064241,2.69697364292314,5.83239613365368E-10));
#4127=CARTESIAN_POINT('Ctrl Pts',(8.26229426600538,2.69697364292314,5.86218296412815E-10));
#4128=CARTESIAN_POINT('Ctrl Pts',(8.30427654136835,2.69697364292314,5.89196979460262E-10));
#4129=CARTESIAN_POINT('Ctrl Pts',(8.34625881673131,2.69697364292314,5.92175662507709E-10));
#4130=CARTESIAN_POINT('Ctrl Pts',(8.22031199063295,2.82982585258982,0.133332465863813));
#4131=CARTESIAN_POINT('Ctrl Pts',(8.26229426599592,2.83014664174366,0.133333623418732));
#4132=CARTESIAN_POINT('Ctrl Pts',(8.30427654135888,2.83030697625647,0.133333333922531));
#4133=CARTESIAN_POINT('Ctrl Pts',(8.34625881672185,2.83030697625647,0.133333333925509));
#4134=CARTESIAN_POINT('Ctrl Pts',(8.22031199062349,2.96267806225651,0.266664931144386));
#4135=CARTESIAN_POINT('Ctrl Pts',(8.26229426598646,2.96331964056418,0.266667246251246));
#4136=CARTESIAN_POINT('Ctrl Pts',(8.30427654134942,2.9636403095898,0.266666667255864));
#4137=CARTESIAN_POINT('Ctrl Pts',(8.34625881671239,2.9636403095898,0.266666667258843));
#4138=CARTESIAN_POINT('Ctrl Pts',(8.22031199061403,3.09553027192319,0.399997396424959));
#4139=CARTESIAN_POINT('Ctrl Pts',(8.262294265977,3.09649263938471,0.400000869083759));
#4140=CARTESIAN_POINT('Ctrl Pts',(8.30427654133996,3.09697364292314,0.400000000589198));
#4141=CARTESIAN_POINT('Ctrl Pts',(8.34625881670293,3.09697364292314,0.400000000592177));
#4142=CARTESIAN_POINT('Ctrl Pts',(8.34625881673131,2.69697364292314,5.92175662507709E-10));
#4143=CARTESIAN_POINT('Ctrl Pts',(8.30427654136835,2.69697364292314,5.89196979460262E-10));
#4144=CARTESIAN_POINT('Ctrl Pts',(8.26229426600538,2.69697364292314,5.86218296412815E-10));
#4145=CARTESIAN_POINT('Ctrl Pts',(8.22031199064241,2.69697364292314,5.83239613365368E-10));
#4146=CARTESIAN_POINT('Ctrl Pts',(8.22031199061403,3.09553027192319,0.399997396424959));
#4147=CARTESIAN_POINT('Ctrl Pts',(8.262294265977,3.09649263938471,0.400000869083759));
#4148=CARTESIAN_POINT('Ctrl Pts',(8.30427654133996,3.09697364292314,0.400000000589198));
#4149=CARTESIAN_POINT('Ctrl Pts',(8.34625881670293,3.09697364292314,0.400000000592177));
#4150=CARTESIAN_POINT('Origin',(20.9800287567817,-1.90302635707686,1.4885548349497E-9));
#4151=CARTESIAN_POINT('',(1.23241429478029,-9.17088114229897,8.74444960885512E-11));
#4152=CARTESIAN_POINT('',(23.9322624064328,2.09697364292314,1.69801617211363E-9));
#4153=CARTESIAN_POINT('Origin',(22.8288844874703,2.09697364292314,1.61973101597823E-9));
#4154=CARTESIAN_POINT('',(23.9322624064328,0.596973642923141,1.69801839255967E-9));
#4155=CARTESIAN_POINT('Origin',(26.5426938423966,2.09697364292314,7.96428986618757));
#4156=CARTESIAN_POINT('',(24.6101596977589,3.09697364292314,3.81995701812328));
#4157=CARTESIAN_POINT('',(26.5426938423966,3.09697364292314,7.96428986618757));
#4158=CARTESIAN_POINT('',(25.5164674848255,2.09697364292314,3.39733875644688));
#4159=CARTESIAN_POINT('Origin',(24.6101596977589,2.09697364292314,3.81995701812328));
#4160=CARTESIAN_POINT('',(27.4490016294632,2.09697364292314,7.54167160451118));
#4161=CARTESIAN_POINT('Origin',(21.0954153648,3.09697364292314,17.0202614766233));
#4162=CARTESIAN_POINT('',(18.1896703478712,3.09697364292315,31.6621185923177));
#4163=CARTESIAN_POINT('',(10.9236882481235,3.09697364292314,8.58577017709436));
#4164=CARTESIAN_POINT('',(25.210617691151,3.09697364292315,29.0021273502339));
#4165=CARTESIAN_POINT('Origin',(21.210801973173,3.09697364292315,29.040522951758));
#4166=CARTESIAN_POINT('',(24.9847442674703,3.09697364292314,5.47203446330477));
#4167=CARTESIAN_POINT('',(25.0375377785914,3.09697364292314,10.9717351375318));
#4168=CARTESIAN_POINT('Origin',(20.9849285494923,3.09697364292314,5.51043006482886));
#4169=CARTESIAN_POINT('',(22.4969100822428,3.09697364292315,30.7282554828307));
#4170=CARTESIAN_POINT('',(19.9573301253987,3.09697364292315,30.7526337809666));
#4171=CARTESIAN_POINT('',(21.2271200490973,3.09697364292315,30.740444632424));
#4172=CARTESIAN_POINT('',(19.7401997837495,3.09697364292315,30.5396324208972));
#4173=CARTESIAN_POINT('',(16.7062877628726,3.09697364292315,27.5634137042069));
#4174=CARTESIAN_POINT('',(22.7099114423122,3.09697364292315,30.5111251411816));
#4175=CARTESIAN_POINT('Origin',(21.210801973173,3.09697364292315,29.040522951758));
#4176=CARTESIAN_POINT('',(25.4395721275942,3.09697364292315,27.7285506215235));
#4177=CARTESIAN_POINT('',(22.2661368654967,3.09697364292314,6.68773253256124));
#4178=CARTESIAN_POINT('',(19.7265569086526,3.09697364292314,6.71211083069715));
#4179=CARTESIAN_POINT('',(20.9963482643712,3.09697364292314,6.69992166840805));
#4180=CARTESIAN_POINT('',(19.5094265670034,3.09697364292314,6.49910947062777));
#4181=CARTESIAN_POINT('',(22.5433385878804,3.09697364292314,9.47532818731813));
#4182=CARTESIAN_POINT('',(22.4791382255661,3.09697364292314,6.47060219091204));
#4183=CARTESIAN_POINT('Origin',(20.9800287564269,3.09697364292314,5.00000000148856));
#4184=CARTESIAN_POINT('',(19.2563614774673,3.09697364292314,9.75585171300785));
#4185=CARTESIAN_POINT('Origin',(22.2491949153125,-3.30302635707685,30.5523766153398));
#4186=CARTESIAN_POINT('',(22.2140804004749,-3.40302635707685,30.7309704618512));
#4187=CARTESIAN_POINT('',(21.931250718707,-3.20302635707685,30.7336854408718));
#4188=CARTESIAN_POINT('',(21.2855523559335,-2.74642763042446,30.7398837206901));
#4189=CARTESIAN_POINT('',(22.4243667815238,-3.20302635707685,30.2310104384342));
#4190=CARTESIAN_POINT('',(22.1778087501154,-3.20302635707685,30.482347939653));
#4191=CARTESIAN_POINT('',(22.567139111918,-3.40302635707685,30.3710677898079));
#4192=CARTESIAN_POINT('',(22.4243667815238,-3.20302635707685,30.2310104384342));
#4193=CARTESIAN_POINT('',(22.3205810805096,-3.40302635707685,30.6224052910267));
#4194=CARTESIAN_POINT('Origin',(21.210801973173,-3.30302635707685,29.040522951758));
#4195=CARTESIAN_POINT('',(20.0203144864969,-3.20302635707685,30.2540877601088));
#4196=CARTESIAN_POINT('Origin',(21.210801973173,-3.20302635707685,29.040522951758));
#4197=CARTESIAN_POINT('',(19.8802571351232,-3.40302635707685,30.396860090503));
#4198=CARTESIAN_POINT('',(20.0203144864969,-3.20302635707685,30.2540877601088));
#4199=CARTESIAN_POINT('Origin',(21.210801973173,-3.40302635707685,29.040522951758));
#4200=CARTESIAN_POINT('Origin',(19.95028581081,-3.30302635707685,30.3254739253059));
#4201=CARTESIAN_POINT('',(20.5229894889344,-3.20302635707685,30.7472038229255));
#4202=CARTESIAN_POINT('',(20.2401598071666,-3.40302635707685,30.7499188019461));
#4203=CARTESIAN_POINT('',(20.6162848530126,-3.13705353308257,30.7463082487602));
#4204=CARTESIAN_POINT('',(19.8802571351232,-3.40302635707685,30.396860090503));
#4205=CARTESIAN_POINT('',(20.0203144864969,-3.20302635707685,30.2540877601088));
#4206=CARTESIAN_POINT('Origin',(20.0203144864968,-1.90302635707685,30.2540877601088));
#4207=CARTESIAN_POINT('',(20.0203144864969,2.69697364292315,30.2540877601088));
#4208=CARTESIAN_POINT('',(20.0203144864969,3.09697364292315,30.2540877601088));
#4209=CARTESIAN_POINT('',(20.5229894889344,2.69697364292315,30.7472038229255));
#4210=CARTESIAN_POINT('',(16.9864024656199,2.69697364292315,27.2778690434185));
#4211=CARTESIAN_POINT('',(20.5229894889344,-1.90302635707685,30.7472038229255));
#4212=CARTESIAN_POINT('Origin',(21.210801973173,3.09697364292315,29.040522951758));
#4213=CARTESIAN_POINT('',(22.4243667815238,2.69697364292315,30.2310104384342));
#4214=CARTESIAN_POINT('',(22.4243667815238,3.09697364292315,30.2310104384342));
#4215=CARTESIAN_POINT('Origin',(21.210801973173,2.69697364292315,29.040522951758));
#4216=CARTESIAN_POINT('Origin',(21.931250718707,-1.90302635707685,30.7336854408718));
#4217=CARTESIAN_POINT('',(21.931250718707,2.69697364292315,30.7336854408718));
#4218=CARTESIAN_POINT('',(21.931250718707,-1.90302635707685,30.7336854408718));
#4219=CARTESIAN_POINT('',(25.1540274668058,2.69697364292315,27.4484359187762));
#4220=CARTESIAN_POINT('Ctrl Pts',(23.4343190507955,-3.40302635707686,6.22605172464936));
#4221=CARTESIAN_POINT('Ctrl Pts',(23.5840538992206,-3.40302635707686,5.9060733314155));
#4222=CARTESIAN_POINT('Ctrl Pts',(23.6661894115224,-3.40302635707686,5.55575148713332));
#4223=CARTESIAN_POINT('Ctrl Pts',(23.6850999228729,-3.40302635707686,5.20297806192977));
#4224=CARTESIAN_POINT('Ctrl Pts',(23.5092505082927,-3.40302635707686,6.26111612483341));
#4225=CARTESIAN_POINT('Ctrl Pts',(23.666040562549,-3.40306052315532,5.93168828807009));
#4226=CARTESIAN_POINT('Ctrl Pts',(23.7539847896568,-3.4029948822585,5.5712548681163));
#4227=CARTESIAN_POINT('Ctrl Pts',(23.7751836074968,-3.40302635707686,5.20780702130957));
#4228=CARTESIAN_POINT('Ctrl Pts',(23.6400609285873,-3.3565940837323,6.32232925318646));
#4229=CARTESIAN_POINT('Ctrl Pts',(23.809081413722,-3.35383475443773,5.97640523926695));
#4230=CARTESIAN_POINT('Ctrl Pts',(23.9071785968691,-3.34966675320663,5.59824847874815));
#4231=CARTESIAN_POINT('Ctrl Pts',(23.932286763257,-3.34748385068531,5.21622857689726));
#4232=CARTESIAN_POINT('Ctrl Pts',(23.7286389675469,-3.24439060067304,6.36377961207902));
#4233=CARTESIAN_POINT('Ctrl Pts',(23.9036512013904,-3.23584032772556,6.00558553746312));
#4234=CARTESIAN_POINT('Ctrl Pts',(24.0041366057763,-3.22308686832045,5.61510443330252));
#4235=CARTESIAN_POINT('Ctrl Pts',(24.0295412783031,-3.21656108981677,5.22144193050974));
#4236=CARTESIAN_POINT('Ctrl Pts',(23.7548375538309,-3.18949783138396,6.3760393190753));
#4237=CARTESIAN_POINT('Ctrl Pts',(23.9307509182159,-3.17847450048921,6.01382301938202));
#4238=CARTESIAN_POINT('Ctrl Pts',(24.0303825712091,-3.16217296252935,5.61955006129458));
#4239=CARTESIAN_POINT('Ctrl Pts',(24.0550246593812,-3.15389870018478,5.2228079737905));
#4240=CARTESIAN_POINT('',(23.6850999228729,-3.40302635707686,5.20297806192977));
#4241=CARTESIAN_POINT('',(24.0550246593812,-3.15389870018478,5.22280797379049));
#4242=CARTESIAN_POINT('Origin',(23.6850999228729,-3.00302635707686,5.20297806192977));
#4243=CARTESIAN_POINT('Ctrl Pts',(24.0550246593812,-3.15389870018478,5.2228079737905));
#4244=CARTESIAN_POINT('Ctrl Pts',(24.0303825712091,-3.16217296252935,5.61955006129458));
#4245=CARTESIAN_POINT('Ctrl Pts',(23.9307509182159,-3.17847450048921,6.01382301938202));
#4246=CARTESIAN_POINT('Ctrl Pts',(23.7548375538309,-3.18949783138396,6.3760393190753));
#4247=CARTESIAN_POINT('',(23.4343190507955,-3.40302635707686,6.22605172464935));
#4248=CARTESIAN_POINT('Origin',(23.4343190507955,-3.00302635707686,6.22605172464935));
#4249=CARTESIAN_POINT('Ctrl Pts',(23.4343190507955,-3.40302635707686,6.22605172464936));
#4250=CARTESIAN_POINT('Ctrl Pts',(23.5840538992206,-3.40302635707686,5.9060733314155));
#4251=CARTESIAN_POINT('Ctrl Pts',(23.6661894115224,-3.40302635707686,5.55575148713332));
#4252=CARTESIAN_POINT('Ctrl Pts',(23.6850999228729,-3.40302635707686,5.20297806192977));
#4253=CARTESIAN_POINT('Ctrl Pts',(23.6850999228729,-3.40302635707686,5.20297806192976));
#4254=CARTESIAN_POINT('Ctrl Pts',(23.7049367195124,-3.40302635707686,4.83292489066177));
#4255=CARTESIAN_POINT('Ctrl Pts',(23.6495647619025,-3.40302635707686,4.45899174057576));
#4256=CARTESIAN_POINT('Ctrl Pts',(23.5232831980983,-3.40302635707686,4.11058706966911));
#4257=CARTESIAN_POINT('Ctrl Pts',(23.7751836074968,-3.40302635707686,5.20780702130956));
#4258=CARTESIAN_POINT('Ctrl Pts',(23.7975133769786,-3.4030603268409,4.82579906075263));
#4259=CARTESIAN_POINT('Ctrl Pts',(23.7417260924961,-3.40300685421155,4.43903407749353));
#4260=CARTESIAN_POINT('Ctrl Pts',(23.6120144629282,-3.40302635707686,4.07842583930474));
#4261=CARTESIAN_POINT('Ctrl Pts',(23.9322873624566,-3.34748462613813,5.2162286090175));
#4262=CARTESIAN_POINT('Ctrl Pts',(23.9588768570312,-3.34512868931418,4.81342108140605));
#4263=CARTESIAN_POINT('Ctrl Pts',(23.9023686409002,-3.34327314718061,4.40417115314197));
#4264=CARTESIAN_POINT('Ctrl Pts',(23.7666538371973,-3.34202198466336,4.02237578131447));
#4265=CARTESIAN_POINT('Ctrl Pts',(24.0295412783031,-3.21656108981677,5.22144193050973));
#4266=CARTESIAN_POINT('Ctrl Pts',(24.0564759164188,-3.20951802594578,4.80560004527643));
#4267=CARTESIAN_POINT('Ctrl Pts',(23.9975261950047,-3.20400215329439,4.38339215410072));
#4268=CARTESIAN_POINT('Ctrl Pts',(23.8571057531492,-3.20034067760749,3.98959088963729));
#4269=CARTESIAN_POINT('Ctrl Pts',(24.0550246593812,-3.15389870018478,5.22280797379048));
#4270=CARTESIAN_POINT('Ctrl Pts',(24.0811428156024,-3.14496855366737,4.80352018334377));
#4271=CARTESIAN_POINT('Ctrl Pts',(24.0208231289166,-3.13801835560115,4.37821358490328));
#4272=CARTESIAN_POINT('Ctrl Pts',(23.8787998971531,-3.13342244866412,3.98172770449951));
#4273=CARTESIAN_POINT('',(23.5232831980983,-3.40302635707686,4.11058706966911));
#4274=CARTESIAN_POINT('',(23.8787998971531,-3.13342244866412,3.98172770449951));
#4275=CARTESIAN_POINT('Origin',(23.5232831980983,-3.00302635707686,4.11058706966911));
#4276=CARTESIAN_POINT('Ctrl Pts',(23.8787998971531,-3.13342244866412,3.98172770449951));
#4277=CARTESIAN_POINT('Ctrl Pts',(24.0208231289166,-3.13801835560115,4.37821358490328));
#4278=CARTESIAN_POINT('Ctrl Pts',(24.0811428156024,-3.14496855366737,4.80352018334377));
#4279=CARTESIAN_POINT('Ctrl Pts',(24.0550246593812,-3.15389870018478,5.22280797379048));
#4280=CARTESIAN_POINT('Ctrl Pts',(23.6850999228729,-3.40302635707686,5.20297806192976));
#4281=CARTESIAN_POINT('Ctrl Pts',(23.7049367195124,-3.40302635707686,4.83292489066177));
#4282=CARTESIAN_POINT('Ctrl Pts',(23.6495647619025,-3.40302635707686,4.45899174057576));
#4283=CARTESIAN_POINT('Ctrl Pts',(23.5232831980983,-3.40302635707686,4.11058706966911));
#4284=CARTESIAN_POINT('Ctrl Pts',(23.5232831980983,-3.40302635707686,4.1105870696691));
#4285=CARTESIAN_POINT('Ctrl Pts',(23.319914222738,-3.40302635707686,3.54950199280958));
#4286=CARTESIAN_POINT('Ctrl Pts',(22.9518177439606,-3.40302635707686,3.04190351233403));
#4287=CARTESIAN_POINT('Ctrl Pts',(22.4563415748233,-3.40302635707686,2.7092193236045));
#4288=CARTESIAN_POINT('Ctrl Pts',(23.6120144629282,-3.40302635707686,4.07842583930473));
#4289=CARTESIAN_POINT('Ctrl Pts',(23.4036654020706,-3.40305654502734,3.49935949509486));
#4290=CARTESIAN_POINT('Ctrl Pts',(23.0196629617547,-3.40307423842246,2.97897128692006));
#4291=CARTESIAN_POINT('Ctrl Pts',(22.5049469364173,-3.40302635707686,2.63682995501418));
#4292=CARTESIAN_POINT('Ctrl Pts',(23.7666550104344,-3.34202349911395,4.02237535606696));
#4293=CARTESIAN_POINT('Ctrl Pts',(23.5495857992727,-3.34008685895736,3.41209214411882));
#4294=CARTESIAN_POINT('Ctrl Pts',(23.1379025499676,-3.34774486279008,2.86921986609665));
#4295=CARTESIAN_POINT('Ctrl Pts',(22.5897512568056,-3.35126904741947,2.51052843178053));
#4296=CARTESIAN_POINT('Ctrl Pts',(23.8571057531492,-3.20034067760749,3.98959088963729));
#4297=CARTESIAN_POINT('Ctrl Pts',(23.6330885127709,-3.19467317978054,3.36165026297894));
#4298=CARTESIAN_POINT('Ctrl Pts',(23.2121009869774,-3.21730517996916,2.8014741787066));
#4299=CARTESIAN_POINT('Ctrl Pts',(22.6442784311191,-3.22799828204364,2.42931953650388));
#4300=CARTESIAN_POINT('Ctrl Pts',(23.8787998971531,-3.13342244866412,3.9817277044995));
#4301=CARTESIAN_POINT('Ctrl Pts',(23.6523816930709,-3.12630857032494,3.34985221492591));
#4302=CARTESIAN_POINT('Ctrl Pts',(23.2318683512171,-3.15480550417377,2.7838057398761));
#4303=CARTESIAN_POINT('Ctrl Pts',(22.6593550643778,-3.16845812854472,2.40686547122637));
#4304=CARTESIAN_POINT('',(22.4563415748233,-3.40302635707686,2.70921932360451));
#4305=CARTESIAN_POINT('Origin',(22.4563415748233,-3.00302635707686,2.70921932360451));
#4306=CARTESIAN_POINT('Ctrl Pts',(22.6593550643778,-3.16845812854472,2.40686547122637));
#4307=CARTESIAN_POINT('Ctrl Pts',(23.2318683512171,-3.15480550417377,2.7838057398761));
#4308=CARTESIAN_POINT('Ctrl Pts',(23.6523816930709,-3.12630857032494,3.34985221492591));
#4309=CARTESIAN_POINT('Ctrl Pts',(23.8787998971531,-3.13342244866412,3.9817277044995));
#4310=CARTESIAN_POINT('Ctrl Pts',(23.5232831980983,-3.40302635707686,4.1105870696691));
#4311=CARTESIAN_POINT('Ctrl Pts',(23.319914222738,-3.40302635707686,3.54950199280958));
#4312=CARTESIAN_POINT('Ctrl Pts',(22.9518177439606,-3.40302635707686,3.04190351233403));
#4313=CARTESIAN_POINT('Ctrl Pts',(22.4563415748233,-3.40302635707686,2.7092193236045));
#4314=CARTESIAN_POINT('Ctrl Pts',(22.4563415748233,-3.40302635707686,2.70921932360451));
#4315=CARTESIAN_POINT('Ctrl Pts',(22.1846995014824,-3.40302635707686,2.52682705446351));
#4316=CARTESIAN_POINT('Ctrl Pts',(21.5774072582649,-3.40302635707686,2.25748433327982));
#4317=CARTESIAN_POINT('Ctrl Pts',(20.5832687400428,-3.40302635707686,2.18641584684283));
#4318=CARTESIAN_POINT('Ctrl Pts',(19.6243270428569,-3.40302635707686,2.45641356495943));
#4319=CARTESIAN_POINT('Ctrl Pts',(18.8130008032317,-3.40302635707686,3.03592197222915));
#4320=CARTESIAN_POINT('Ctrl Pts',(18.2497384260403,-3.40302635707686,3.85723133644479));
#4321=CARTESIAN_POINT('Ctrl Pts',(17.9105479168221,-3.40302635707686,5.14312168573157));
#4322=CARTESIAN_POINT('Ctrl Pts',(18.3772407190183,-3.40302635707686,6.81961784517842));
#4323=CARTESIAN_POINT('Ctrl Pts',(19.6684945281138,-3.40302635707686,7.70039643577665));
#4324=CARTESIAN_POINT('Ctrl Pts',(20.9649720008707,-3.40302635707686,7.91600329491319));
#4325=CARTESIAN_POINT('Ctrl Pts',(21.9627302692938,-3.40302635707686,7.73617529085733));
#4326=CARTESIAN_POINT('Ctrl Pts',(22.9140318051993,-3.40302635707686,7.06547072871092));
#4327=CARTESIAN_POINT('Ctrl Pts',(23.295640220296,-3.40302635707686,6.52240377512756));
#4328=CARTESIAN_POINT('Ctrl Pts',(23.4343190507956,-3.40302635707686,6.22605172464935));
#4329=CARTESIAN_POINT('Ctrl Pts',(22.5049469364173,-3.40302635707686,2.63682995501419));
#4330=CARTESIAN_POINT('Ctrl Pts',(22.2240785782215,-3.40300172781903,2.45002320107442));
#4331=CARTESIAN_POINT('Ctrl Pts',(21.5966880643771,-3.40301772502593,2.17631844759472));
#4332=CARTESIAN_POINT('Ctrl Pts',(20.5745240900517,-3.40296784401492,2.11295547665734));
#4333=CARTESIAN_POINT('Ctrl Pts',(19.5962380917373,-3.40295163021675,2.40149393514517));
#4334=CARTESIAN_POINT('Ctrl Pts',(18.7777775608768,-3.4029254709638,3.00352713728476));
#4335=CARTESIAN_POINT('Ctrl Pts',(18.2172110076155,-3.40293770367292,3.84393741493972));
#4336=CARTESIAN_POINT('Ctrl Pts',(17.8885238486165,-3.40294365785671,5.14614525786352));
#4337=CARTESIAN_POINT('Ctrl Pts',(18.3592413470816,-3.40297304795811,6.82930632431785));
#4338=CARTESIAN_POINT('Ctrl Pts',(19.6512589721172,-3.40293399142296,7.7320283084594));
#4339=CARTESIAN_POINT('Ctrl Pts',(20.9651308268302,-3.40295392678837,7.96783147443732));
#4340=CARTESIAN_POINT('Ctrl Pts',(21.9851388919837,-3.40295533015396,7.79799669994234));
#4341=CARTESIAN_POINT('Ctrl Pts',(22.9678443191882,-3.40299839192791,7.12074793814222));
#4342=CARTESIAN_POINT('Ctrl Pts',(23.3645843565559,-3.40299616287805,6.56528977024421));
#4343=CARTESIAN_POINT('Ctrl Pts',(23.5092505082927,-3.40302635707686,6.2611161248334));
#4344=CARTESIAN_POINT('Ctrl Pts',(22.5897504083696,-3.35126698770083,2.51052969538079));
#4345=CARTESIAN_POINT('Ctrl Pts',(22.292850523519,-3.35307976156454,2.31599341765284));
#4346=CARTESIAN_POINT('Ctrl Pts',(21.6304496907034,-3.35786991333472,2.03462230460951));
#4347=CARTESIAN_POINT('Ctrl Pts',(20.5593688806635,-3.3679193676558,1.98452656930167));
#4348=CARTESIAN_POINT('Ctrl Pts',(19.5471911297947,-3.37903983543161,2.3053717294182));
#4349=CARTESIAN_POINT('Ctrl Pts',(18.7162010766361,-3.38881056136784,2.94677012969086));
#4350=CARTESIAN_POINT('Ctrl Pts',(18.1603230067744,-3.39558956250286,3.82061771284278));
#4351=CARTESIAN_POINT('Ctrl Pts',(17.8500145480241,-3.40016902771054,5.15140477845373));
#4352=CARTESIAN_POINT('Ctrl Pts',(18.327768352635,-3.40086280798271,6.84626420674647));
#4353=CARTESIAN_POINT('Ctrl Pts',(19.6211572673108,-3.39591351755316,7.78740965853956));
#4354=CARTESIAN_POINT('Ctrl Pts',(20.9654783130222,-3.38626478211631,8.05852626390763));
#4355=CARTESIAN_POINT('Ctrl Pts',(22.0244397887445,-3.37649306551631,7.90610603353481));
#4356=CARTESIAN_POINT('Ctrl Pts',(23.0619380551103,-3.36470039855316,7.21728490663959));
#4357=CARTESIAN_POINT('Ctrl Pts',(23.4850176892436,-3.35903246100652,6.64015891242228));
#4358=CARTESIAN_POINT('Ctrl Pts',(23.6400608198714,-3.35659390964035,6.32232920231254));
#4359=CARTESIAN_POINT('Ctrl Pts',(22.6442784311191,-3.22799828204364,2.42931953650389));
#4360=CARTESIAN_POINT('Ctrl Pts',(22.3380121162976,-3.23349861133995,2.22836302882165));
#4361=CARTESIAN_POINT('Ctrl Pts',(21.6545459489631,-3.24820995279064,1.93753148201612));
#4362=CARTESIAN_POINT('Ctrl Pts',(20.5490050471653,-3.28009245513758,1.88750717305938));
#4363=CARTESIAN_POINT('Ctrl Pts',(19.5071781396081,-3.31703501950116,2.22499939011096));
#4364=CARTESIAN_POINT('Ctrl Pts',(18.6610751251853,-3.35097311069386,2.89521835953749));
#4365=CARTESIAN_POINT('Ctrl Pts',(18.1063953094456,-3.37540406449714,3.79830699679921));
#4366=CARTESIAN_POINT('Ctrl Pts',(17.8122652894433,-3.39224321631742,5.15633834181204));
#4367=CARTESIAN_POINT('Ctrl Pts',(18.2966320322598,-3.39491490702534,6.86317263930989));
#4368=CARTESIAN_POINT('Ctrl Pts',(19.5929932514756,-3.37647149460121,7.84049910282778));
#4369=CARTESIAN_POINT('Ctrl Pts',(20.9663118488363,-3.34204922711852,8.13866988335096));
#4370=CARTESIAN_POINT('Ctrl Pts',(22.0578486929045,-3.30831238842273,7.99366357219992));
#4371=CARTESIAN_POINT('Ctrl Pts',(23.1315144928971,-3.26979451341194,7.28723718396143));
#4372=CARTESIAN_POINT('Ctrl Pts',(23.5685934699897,-3.2519468861147,6.69182719800616));
#4373=CARTESIAN_POINT('Ctrl Pts',(23.7286389675469,-3.24439060067304,6.36377961207901));
#4374=CARTESIAN_POINT('Ctrl Pts',(22.6593550643779,-3.16845812854472,2.40686547122638));
#4375=CARTESIAN_POINT('Ctrl Pts',(22.3508829744101,-3.17548078008925,2.20358634894729));
#4376=CARTESIAN_POINT('Ctrl Pts',(21.6621705525754,-3.19433195412365,1.9084315078286));
#4377=CARTESIAN_POINT('Ctrl Pts',(20.5459877481976,-3.23584544170721,1.8550199786618));
#4378=CARTESIAN_POINT('Ctrl Pts',(19.4927779363769,-3.28493892491146,2.19526256213786));
#4379=CARTESIAN_POINT('Ctrl Pts',(18.6394803601821,-3.33094074969655,2.87469428749052));
#4380=CARTESIAN_POINT('Ctrl Pts',(18.0842391558286,-3.36456853940077,3.78902785632782));
#4381=CARTESIAN_POINT('Ctrl Pts',(17.7963508322177,-3.38794692003049,5.1583271195664));
#4382=CARTESIAN_POINT('Ctrl Pts',(18.2834172130366,-3.39170727601157,6.87041016796529));
#4383=CARTESIAN_POINT('Ctrl Pts',(19.5815693071141,-3.36598353638316,7.86253472883021));
#4384=CARTESIAN_POINT('Ctrl Pts',(20.9668596226896,-3.31878486558615,8.16978539113499));
#4385=CARTESIAN_POINT('Ctrl Pts',(22.07042565935,-3.27319373821943,8.02505465273746));
#4386=CARTESIAN_POINT('Ctrl Pts',(23.1543139056787,-3.22238309902347,7.3095997629814));
#4387=CARTESIAN_POINT('Ctrl Pts',(23.5940820121823,-3.19923967650051,6.70745705754081));
#4388=CARTESIAN_POINT('Ctrl Pts',(23.754837553831,-3.18949783138396,6.37603931907529));
#4389=CARTESIAN_POINT('Ctrl Pts',(22.4563415748233,-3.40302635707686,2.70921932360451));
#4390=CARTESIAN_POINT('Ctrl Pts',(22.1846995014824,-3.40302635707686,2.52682705446351));
#4391=CARTESIAN_POINT('Ctrl Pts',(21.5774072582649,-3.40302635707686,2.25748433327982));
#4392=CARTESIAN_POINT('Ctrl Pts',(20.5832687400428,-3.40302635707686,2.18641584684283));
#4393=CARTESIAN_POINT('Ctrl Pts',(19.6243270428569,-3.40302635707686,2.45641356495943));
#4394=CARTESIAN_POINT('Ctrl Pts',(18.8130008032317,-3.40302635707686,3.03592197222915));
#4395=CARTESIAN_POINT('Ctrl Pts',(18.2497384260403,-3.40302635707686,3.85723133644479));
#4396=CARTESIAN_POINT('Ctrl Pts',(17.9105479168221,-3.40302635707686,5.14312168573157));
#4397=CARTESIAN_POINT('Ctrl Pts',(18.3772407190183,-3.40302635707686,6.81961784517842));
#4398=CARTESIAN_POINT('Ctrl Pts',(19.6684945281138,-3.40302635707686,7.70039643577665));
#4399=CARTESIAN_POINT('Ctrl Pts',(20.9649720008707,-3.40302635707686,7.91600329491319));
#4400=CARTESIAN_POINT('Ctrl Pts',(21.9627302692938,-3.40302635707686,7.73617529085733));
#4401=CARTESIAN_POINT('Ctrl Pts',(22.9140318051993,-3.40302635707686,7.06547072871092));
#4402=CARTESIAN_POINT('Ctrl Pts',(23.295640220296,-3.40302635707686,6.52240377512756));
#4403=CARTESIAN_POINT('Ctrl Pts',(23.4343190507956,-3.40302635707686,6.22605172464935));
#4404=CARTESIAN_POINT('Ctrl Pts',(24.0366689161485,-3.20135116193216,5.2174005066088));
#4405=CARTESIAN_POINT('Ctrl Pts',(24.0136442256858,-3.20276759087132,5.6191751434437));
#4406=CARTESIAN_POINT('Ctrl Pts',(23.9168498265977,-3.19977303519172,6.01704987231824));
#4407=CARTESIAN_POINT('Ctrl Pts',(23.754837553831,-3.18949783138396,6.37603931907526));
#4408=CARTESIAN_POINT('Ctrl Pts',(24.245320182233,-2.64065341912547,5.28058278124763));
#4409=CARTESIAN_POINT('Ctrl Pts',(24.2279878433958,-2.64685064945871,5.7366418242678));
#4410=CARTESIAN_POINT('Ctrl Pts',(24.1412821267493,-2.6393065478418,6.18700542287707));
#4411=CARTESIAN_POINT('Ctrl Pts',(24.002819623295,-2.6020216388033,6.57648729733418));
#4412=CARTESIAN_POINT('Ctrl Pts',(24.7211038576949,-2.1878475495194,5.3581698667153));
#4413=CARTESIAN_POINT('Ctrl Pts',(24.7077630251238,-2.20726215334893,5.9014400650954));
#4414=CARTESIAN_POINT('Ctrl Pts',(24.6384308183272,-2.21715546113701,6.4360371050379));
#4415=CARTESIAN_POINT('Ctrl Pts',(24.5356367895159,-2.19200472718459,6.90886966190452));
#4416=CARTESIAN_POINT('Ctrl Pts',(25.2913789589544,-2.00723690089824,5.42200881990122));
#4417=CARTESIAN_POINT('Ctrl Pts',(25.2772522348013,-2.04501942767092,6.0533048926987));
#4418=CARTESIAN_POINT('Ctrl Pts',(25.2163109371369,-2.09848132880041,6.67127699098846));
#4419=CARTESIAN_POINT('Ctrl Pts',(25.1205366383755,-2.13855623951107,7.2279906445778));
#4420=CARTESIAN_POINT('',(25.2913789589544,-2.00723690089824,5.42200881990122));
#4421=CARTESIAN_POINT('Origin',(25.9046483419226,-3.90826041572441,5.3219575330941));
#4422=CARTESIAN_POINT('Ctrl Pts',(25.2913789589544,-2.00723690089824,5.42200881990122));
#4423=CARTESIAN_POINT('Ctrl Pts',(25.2772522348013,-2.04501942767092,6.0533048926987));
#4424=CARTESIAN_POINT('Ctrl Pts',(25.2163109371369,-2.09848132880041,6.67127699098846));
#4425=CARTESIAN_POINT('Ctrl Pts',(25.1205366383755,-2.13855623951107,7.2279906445778));
#4426=CARTESIAN_POINT('Origin',(20.9800287564269,-3.40302635707686,5.00000000148856));
#4427=CARTESIAN_POINT('',(19.7895412697508,-3.40302635707686,6.21356480983935));
#4428=CARTESIAN_POINT('',(20.2922162721883,-3.40302635707686,6.70668087265607));
#4429=CARTESIAN_POINT('',(19.7895412697507,-3.40302635707686,6.21356480983934));
#4430=CARTESIAN_POINT('',(21.700477501961,-3.40302635707686,6.69316249060233));
#4431=CARTESIAN_POINT('',(20.9963482643712,-3.40302635707686,6.69992166840806));
#4432=CARTESIAN_POINT('',(22.1935935647777,-3.40302635707686,6.19048748816471));
#4433=CARTESIAN_POINT('',(21.9470355333693,-3.40302635707686,6.44182498938352));
#4434=CARTESIAN_POINT('Origin',(20.9800287564269,-3.40302635707686,5.00000000148856));
#4435=CARTESIAN_POINT('Ctrl Pts',(22.6593550643779,-3.16845812854472,2.40686547122641));
#4436=CARTESIAN_POINT('Ctrl Pts',(23.1921220817872,-3.19372617132633,2.77841366721968));
#4437=CARTESIAN_POINT('Ctrl Pts',(23.6283048959863,-3.19923871420088,3.35056054420396));
#4438=CARTESIAN_POINT('Ctrl Pts',(23.858661762152,-3.19586863693793,3.98600337647549));
#4439=CARTESIAN_POINT('Ctrl Pts',(22.7159076700657,-2.85518830552459,2.27343293968022));
#4440=CARTESIAN_POINT('Ctrl Pts',(23.235305391816,-2.91236509398374,2.67107324965184));
#4441=CARTESIAN_POINT('Ctrl Pts',(23.6922713673017,-2.92353126497559,3.29178107230302));
#4442=CARTESIAN_POINT('Ctrl Pts',(23.944098533498,-2.91608937913115,3.9685065991896));
#4443=CARTESIAN_POINT('Ctrl Pts',(22.9217335582523,-2.30471395064995,1.86854599403207));
#4444=CARTESIAN_POINT('Ctrl Pts',(23.4255593252764,-2.39662342576275,2.37064668474404));
#4445=CARTESIAN_POINT('Ctrl Pts',(23.923640744357,-2.40565528350977,3.10950430369195));
#4446=CARTESIAN_POINT('Ctrl Pts',(24.2326265998044,-2.39533482115781,3.89105669844188));
#4447=CARTESIAN_POINT('Ctrl Pts',(23.2589616718408,-2.04943247806463,1.29371704596233));
#4448=CARTESIAN_POINT('Ctrl Pts',(23.7862206787668,-2.07898629295642,1.95000196762056));
#4449=CARTESIAN_POINT('Ctrl Pts',(24.3211267855558,-2.04811132161943,2.83218472752772));
#4450=CARTESIAN_POINT('Ctrl Pts',(24.7015240253691,-2.05068175130089,3.74347042686042));
#4451=CARTESIAN_POINT('Ctrl Pts',(23.4384878320122,-2.01242067032818,1.00124328029753));
#4452=CARTESIAN_POINT('Ctrl Pts',(23.9909158645555,-1.9856298693976,1.72858801776149));
#4453=CARTESIAN_POINT('Ctrl Pts',(24.5436924819594,-1.9254683743685,2.68246879001609));
#4454=CARTESIAN_POINT('Ctrl Pts',(24.958900929315,-1.93877420597497,3.65911497163269));
#4455=CARTESIAN_POINT('Origin',(25.6563833924274,-3.78540290660041,3.3374308786515));
#4456=CARTESIAN_POINT('Ctrl Pts',(23.8718964119471,-3.15409029912224,3.98322543432341));
#4457=CARTESIAN_POINT('Ctrl Pts',(24.0148539551764,-3.15215948617034,4.37636428299468));
#4458=CARTESIAN_POINT('Ctrl Pts',(24.0783890376113,-3.15195451238148,4.80174017733344));
#4459=CARTESIAN_POINT('Ctrl Pts',(24.0550246593812,-3.15389870018478,5.22280797379048));
#4460=CARTESIAN_POINT('Ctrl Pts',(24.0497400551819,-2.61233623861097,3.9450453313434));
#4461=CARTESIAN_POINT('Ctrl Pts',(24.210469665891,-2.60675060932177,4.36639264406416));
#4462=CARTESIAN_POINT('Ctrl Pts',(24.2883788052718,-2.6073283268095,4.82601086005314));
#4463=CARTESIAN_POINT('Ctrl Pts',(24.2716598311822,-2.61456068756146,5.28496058714551));
#4464=CARTESIAN_POINT('Ctrl Pts',(24.4570027557276,-2.1569996634602,3.82361243920589));
#4465=CARTESIAN_POINT('Ctrl Pts',(24.6513962636854,-2.15406246047485,4.30228087162002));
#4466=CARTESIAN_POINT('Ctrl Pts',(24.7507359981893,-2.16250564983332,4.82967293819153));
#4467=CARTESIAN_POINT('Ctrl Pts',(24.7372717158182,-2.18272706059046,5.35997976361516));
#4468=CARTESIAN_POINT('Ctrl Pts',(24.958900929315,-1.93877420597498,3.65911497163269));
#4469=CARTESIAN_POINT('Ctrl Pts',(25.1886263058324,-1.94727901738934,4.20603244173032));
#4470=CARTESIAN_POINT('Ctrl Pts',(25.3068745202073,-1.97011951295109,4.8117410666652));
#4471=CARTESIAN_POINT('Ctrl Pts',(25.2913789589544,-2.00723690089824,5.42200881990121));
#4472=CARTESIAN_POINT('Ctrl Pts',(24.958900929315,-1.93877420597498,3.65911497163269));
#4473=CARTESIAN_POINT('Ctrl Pts',(25.1886263058324,-1.94727901738934,4.20603244173032));
#4474=CARTESIAN_POINT('Ctrl Pts',(25.3068745202073,-1.97011951295109,4.8117410666652));
#4475=CARTESIAN_POINT('Ctrl Pts',(25.2913789589544,-2.00723690089824,5.42200881990121));
#4476=CARTESIAN_POINT('Origin',(22.683395939254,2.89697364292314,9.33255585692392));
#4477=CARTESIAN_POINT('',(20.2922162721883,2.69697364292314,6.70668087265606));
#4478=CARTESIAN_POINT('',(22.3525545602545,1.24002734564086,6.68690297950018));
#4479=CARTESIAN_POINT('',(19.7895412697508,2.69697364292314,6.21356480983934));
#4480=CARTESIAN_POINT('',(22.8234532906277,2.69697364292314,9.18978352652971));
#4481=CARTESIAN_POINT('',(19.7895412697508,2.69697364292314,6.21356480983934));
#4482=CARTESIAN_POINT('Origin',(20.9800287564269,2.89697364292314,5.00000000148856));
#4483=CARTESIAN_POINT('',(22.1935935647777,2.69697364292314,6.19048748816471));
#4484=CARTESIAN_POINT('Origin',(20.9800287564269,2.69697364292314,5.00000000148856));
#4485=CARTESIAN_POINT('',(22.1935935647777,2.69697364292314,6.19048748816471));
#4486=CARTESIAN_POINT('Origin',(19.1135891470731,2.89697364292314,9.61579436163419));
#4487=CARTESIAN_POINT('',(21.700477501961,2.69697364292314,6.69316249060233));
#4488=CARTESIAN_POINT('',(19.5571584615189,1.18134838955874,6.71373694443177));
#4489=CARTESIAN_POINT('',(18.9708168166789,2.69697364292314,9.47573701026052));
#4490=CARTESIAN_POINT('Origin',(21.700477501961,-1.90302635707686,6.69316249060233));
#4491=CARTESIAN_POINT('',(22.1935935647777,3.09697364292314,6.19048748816471));
#4492=CARTESIAN_POINT('',(21.700477501961,-1.90302635707686,6.69316249060233));
#4493=CARTESIAN_POINT('Origin',(16.8463451142462,2.89697364292315,27.4206413738127));
#4494=CARTESIAN_POINT('',(20.3452397413184,2.82266748559554,30.7489101036549));
#4495=CARTESIAN_POINT('',(20.0203144864969,2.69697364292315,30.2540877601088));
#4496=CARTESIAN_POINT('Origin',(21.210801973173,2.89697364292315,29.040522951758));
#4497=CARTESIAN_POINT('',(22.4243667815238,2.69697364292315,30.2310104384342));
#4498=CARTESIAN_POINT('Origin',(25.2967997972,2.89697364292315,27.5884932701498));
#4499=CARTESIAN_POINT('',(21.5565974676277,2.43204158293745,30.7372818657954));
#4500=CARTESIAN_POINT('Ctrl Pts',(22.8180718434961,-4.09568607907179,32.2541664189434));
#4501=CARTESIAN_POINT('Ctrl Pts',(23.0888166567361,-4.0147934465678,31.9782843286804));
#4502=CARTESIAN_POINT('Ctrl Pts',(23.359844326431,-3.93586160926427,31.7021110558609));
#4503=CARTESIAN_POINT('Ctrl Pts',(23.6311408180831,-3.85888958889677,31.4256608783931));
#4504=CARTESIAN_POINT('Ctrl Pts',(22.7061085997103,-3.97876968912585,32.1789298647264));
#4505=CARTESIAN_POINT('Ctrl Pts',(22.9770755407419,-3.89755054855559,31.9027843248098));
#4506=CARTESIAN_POINT('Ctrl Pts',(23.2483274335293,-3.81829339221581,31.6263464140841));
#4507=CARTESIAN_POINT('Ctrl Pts',(23.5198502535092,-3.74099727530488,31.3496304098786));
#4508=CARTESIAN_POINT('Ctrl Pts',(22.5941453559245,-3.86185329917991,32.1036933105095));
#4509=CARTESIAN_POINT('Ctrl Pts',(22.8653344247477,-3.78030765054338,31.8272843209393));
#4510=CARTESIAN_POINT('Ctrl Pts',(23.1368105406276,-3.70072517516735,31.5505817723072));
#4511=CARTESIAN_POINT('Ctrl Pts',(23.4085596889354,-3.62310496171298,31.273599941364));
#4512=CARTESIAN_POINT('Ctrl Pts',(22.4821821121387,-3.74493690923396,32.0284567562925));
#4513=CARTESIAN_POINT('Ctrl Pts',(22.7535933087535,-3.66306475253117,31.7517843170688));
#4514=CARTESIAN_POINT('Ctrl Pts',(23.0252936477259,-3.58315695811889,31.4748171305304));
#4515=CARTESIAN_POINT('Ctrl Pts',(23.2972691243616,-3.50521264812108,31.1975694728494));
#4516=CARTESIAN_POINT('',(22.4821821121474,-3.74493690929269,32.0284567562837));
#4517=CARTESIAN_POINT('Ctrl Pts',(22.4821821123507,-3.74493690917004,32.0284567560764));
#4518=CARTESIAN_POINT('Ctrl Pts',(22.575905901033,-3.79197489348157,32.0275570693165));
#4519=CARTESIAN_POINT('Ctrl Pts',(22.6695945711962,-3.83908297575632,32.0266577196713));
#4520=CARTESIAN_POINT('Ctrl Pts',(22.8571603934734,-3.93356995393822,32.024857211078));
#4521=CARTESIAN_POINT('Ctrl Pts',(22.9510374444859,-3.98094928638321,32.0239560531005));
#4522=CARTESIAN_POINT('Ctrl Pts',(23.0448787594149,-4.02839918194798,32.0230552381659));
#4523=CARTESIAN_POINT('',(23.2972691243616,-3.50521264812111,31.1975694728494));
#4524=CARTESIAN_POINT('Ctrl Pts',(22.4821821121387,-3.74493690923396,32.0284567562925));
#4525=CARTESIAN_POINT('Ctrl Pts',(22.7535933087535,-3.66306475253117,31.7517843170688));
#4526=CARTESIAN_POINT('Ctrl Pts',(23.0252936477259,-3.58315695811889,31.4748171305304));
#4527=CARTESIAN_POINT('Ctrl Pts',(23.2972691243616,-3.50521264812108,31.1975694728494));
#4528=CARTESIAN_POINT('',(23.2972691243616,-3.50521264812111,31.1975694728494));
#4529=CARTESIAN_POINT('Ctrl Pts',(23.6916087337694,-3.84165214956623,31.3624329277163));
#4530=CARTESIAN_POINT('Ctrl Pts',(24.0994723619957,-3.72481495920827,30.9247872377092));
#4531=CARTESIAN_POINT('Ctrl Pts',(24.3918531459275,-3.62895799418063,30.3745588383559));
#4532=CARTESIAN_POINT('Ctrl Pts',(24.6256252618298,-3.51173335028281,29.3162821397968));
#4533=CARTESIAN_POINT('Ctrl Pts',(24.6330550801963,-3.44606095898811,28.3472311556751));
#4534=CARTESIAN_POINT('Ctrl Pts',(23.8561708325597,-3.47411740316875,26.5449009954107));
#4535=CARTESIAN_POINT('Ctrl Pts',(21.6349198530385,-3.81726436916302,25.2600749860739));
#4536=CARTESIAN_POINT('Ctrl Pts',(18.7749242428859,-4.54415343339977,26.1336453511662));
#4537=CARTESIAN_POINT('Ctrl Pts',(17.6409902818235,-5.04592771313266,28.3828964266937));
#4538=CARTESIAN_POINT('Ctrl Pts',(17.967993620879,-5.13133716962465,30.3236924491329));
#4539=CARTESIAN_POINT('Ctrl Pts',(18.5078561944549,-5.05808100525742,31.1355293392227));
#4540=CARTESIAN_POINT('Ctrl Pts',(18.8462237231732,-4.99773187781571,31.4677729304259));
#4541=CARTESIAN_POINT('Ctrl Pts',(23.578534798875,-3.72428407235768,31.2887496925985));
#4542=CARTESIAN_POINT('Ctrl Pts',(23.9761547482046,-3.61097853291541,30.8689128202375));
#4543=CARTESIAN_POINT('Ctrl Pts',(24.2625641228707,-3.51776636743068,30.338236177963));
#4544=CARTESIAN_POINT('Ctrl Pts',(24.4935010684239,-3.40367705211102,29.3151359289768));
#4545=CARTESIAN_POINT('Ctrl Pts',(24.503088127603,-3.33974335666585,28.3767107557926));
#4546=CARTESIAN_POINT('Ctrl Pts',(23.7502267403533,-3.36720104738272,26.6315911129175));
#4547=CARTESIAN_POINT('Ctrl Pts',(21.5887873977141,-3.70172948086842,25.39898889059));
#4548=CARTESIAN_POINT('Ctrl Pts',(18.8381321222338,-4.40353168896799,26.2764260556038));
#4549=CARTESIAN_POINT('Ctrl Pts',(17.7790389096799,-4.87989184735811,28.4343479116848));
#4550=CARTESIAN_POINT('Ctrl Pts',(18.092123167531,-4.9602114929652,30.2700727351567));
#4551=CARTESIAN_POINT('Ctrl Pts',(18.6021117284574,-4.8912871710552,31.0439702357444));
#4552=CARTESIAN_POINT('Ctrl Pts',(18.9223894416563,-4.83407844649712,31.3608416578137));
#4553=CARTESIAN_POINT('Ctrl Pts',(23.4654608639805,-3.60691599514913,31.2150664574808));
#4554=CARTESIAN_POINT('Ctrl Pts',(23.8526842224149,-3.49715757852478,30.8129702973214));
#4555=CARTESIAN_POINT('Ctrl Pts',(24.1334810993298,-3.40654969244409,30.3019583597849));
#4556=CARTESIAN_POINT('Ctrl Pts',(24.3610874878645,-3.29564861962149,29.3138175309758));
#4557=CARTESIAN_POINT('Ctrl Pts',(24.3733983471912,-3.23341211145402,28.4064645538862));
#4558=CARTESIAN_POINT('Ctrl Pts',(23.6437627337741,-3.2603067684076,26.7176511179653));
#4559=CARTESIAN_POINT('Ctrl Pts',(21.5427252896804,-3.58621292150957,25.538056230309));
#4560=CARTESIAN_POINT('Ctrl Pts',(18.9016714490251,-4.26277936467251,26.4186575387271));
#4561=CARTESIAN_POINT('Ctrl Pts',(17.9164168373178,-4.71390286268401,28.4846290248397));
#4562=CARTESIAN_POINT('Ctrl Pts',(18.2171542638709,-4.78915711453402,30.2194487042531));
#4563=CARTESIAN_POINT('Ctrl Pts',(18.6959804492312,-4.72434450169385,30.9500523609973));
#4564=CARTESIAN_POINT('Ctrl Pts',(18.9985551601393,-4.67042501517852,31.2539103852014));
#4565=CARTESIAN_POINT('Ctrl Pts',(23.3523869290861,-3.48954791794058,31.1413832223631));
#4566=CARTESIAN_POINT('Ctrl Pts',(23.7293666086238,-3.38332115223192,30.7570958798496));
#4567=CARTESIAN_POINT('Ctrl Pts',(24.004192076273,-3.29535806569415,30.265635699392));
#4568=CARTESIAN_POINT('Ctrl Pts',(24.2289632944586,-3.18759232144969,29.3126713201558));
#4569=CARTESIAN_POINT('Ctrl Pts',(24.2434313945979,-3.12709450913176,28.4359441540036));
#4570=CARTESIAN_POINT('Ctrl Pts',(23.5378186415677,-3.15339041262157,26.804341235472));
#4571=CARTESIAN_POINT('Ctrl Pts',(21.496592834356,-3.47067803321498,25.6769701348251));
#4572=CARTESIAN_POINT('Ctrl Pts',(18.964879328373,-4.12215762024073,26.5614382431648));
#4573=CARTESIAN_POINT('Ctrl Pts',(18.0544654651742,-4.54786699690946,28.5360805098308));
#4574=CARTESIAN_POINT('Ctrl Pts',(18.341283810523,-4.61803143787456,30.165828990277));
#4575=CARTESIAN_POINT('Ctrl Pts',(18.7902359832337,-4.55755066749163,30.8584932575191));
#4576=CARTESIAN_POINT('Ctrl Pts',(19.0747208786224,-4.50677158385992,31.1469791125891));
#4577=CARTESIAN_POINT('',(22.0610971589964,-3.40302635707991,26.163545701767));
#4578=CARTESIAN_POINT('',(23.6500502705596,-3.40302635881972,30.7869672662716));
#4579=CARTESIAN_POINT('Ctrl Pts',(22.0610971590293,-3.40302635707685,26.1635457017768));
#4580=CARTESIAN_POINT('Ctrl Pts',(22.2994903866452,-3.40302635707685,26.1854548928751));
#4581=CARTESIAN_POINT('Ctrl Pts',(22.5338803598721,-3.40302635707685,26.2388558886738));
#4582=CARTESIAN_POINT('Ctrl Pts',(23.0502376834389,-3.40302635707685,26.4317168967113));
#4583=CARTESIAN_POINT('Ctrl Pts',(23.3210016075584,-3.40302635707685,26.5907861873603));
#4584=CARTESIAN_POINT('Ctrl Pts',(23.8107639521044,-3.40302635707685,27.0081673325672));
#4585=CARTESIAN_POINT('Ctrl Pts',(24.0208984550621,-3.40302635707943,27.2683894940395));
#4586=CARTESIAN_POINT('Ctrl Pts',(24.2154287390601,-3.40302635707943,27.6299798387388));
#4587=CARTESIAN_POINT('Ctrl Pts',(24.2497168527452,-3.40302635707685,27.7010936707413));
#4588=CARTESIAN_POINT('Ctrl Pts',(24.2981132957469,-3.40302635707685,27.813988021541));
#4589=CARTESIAN_POINT('Ctrl Pts',(24.3144205901895,-3.40302635707685,27.8547758655924));
#4590=CARTESIAN_POINT('Ctrl Pts',(24.3426921243644,-3.40302635707685,27.9308771997591));
#4591=CARTESIAN_POINT('Ctrl Pts',(24.3549368771882,-3.40302635707685,27.9660749062739));
#4592=CARTESIAN_POINT('Ctrl Pts',(24.3802189991462,-3.40302635707685,28.0439576035015));
#4593=CARTESIAN_POINT('Ctrl Pts',(24.3929314480249,-3.40302635707709,28.0867363423874));
#4594=CARTESIAN_POINT('Ctrl Pts',(24.4259878037703,-3.40302635707709,28.2091081303395));
#4595=CARTESIAN_POINT('Ctrl Pts',(24.4437437555211,-3.40302635707685,28.28934749369));
#4596=CARTESIAN_POINT('Ctrl Pts',(24.487621552815,-3.40302635707685,28.542305302914));
#4597=CARTESIAN_POINT('Ctrl Pts',(24.5005552595496,-3.40302635707685,28.7168382073034));
#4598=CARTESIAN_POINT('Ctrl Pts',(24.4903127526547,-3.40302635707685,29.1495253716409));
#4599=CARTESIAN_POINT('Ctrl Pts',(24.4469359193846,-3.40302635707685,29.4054023264861));
#4600=CARTESIAN_POINT('Ctrl Pts',(24.2908404495751,-3.40302635707685,29.8897723043276));
#4601=CARTESIAN_POINT('Ctrl Pts',(24.1809728113164,-3.40302635707685,30.1164089991054));
#4602=CARTESIAN_POINT('Ctrl Pts',(23.9286704398419,-3.40302635707685,30.4929275933563));
#4603=CARTESIAN_POINT('Ctrl Pts',(23.7973697719707,-3.40302635707685,30.6479607360504));
#4604=CARTESIAN_POINT('Ctrl Pts',(23.6500502821109,-3.40302635707685,30.7869672501379));
#4605=CARTESIAN_POINT('',(19.0747208786224,-4.50677158385995,31.1469791125891));
#4606=CARTESIAN_POINT('Ctrl Pts',(22.0610681752329,-3.40334263212731,26.1638328713979));
#4607=CARTESIAN_POINT('Ctrl Pts',(21.871715290359,-3.43832533221912,26.1061933699085));
#4608=CARTESIAN_POINT('Ctrl Pts',(20.8506403419645,-3.63767649105041,25.9018177417161));
#4609=CARTESIAN_POINT('Ctrl Pts',(18.9644914262,-4.12302059808383,26.5605620246049));
#4610=CARTESIAN_POINT('Ctrl Pts',(18.0536182882371,-4.54888593547725,28.5357647738525));
#4611=CARTESIAN_POINT('Ctrl Pts',(18.3405220333525,-4.61908161160203,30.1661580094937));
#4612=CARTESIAN_POINT('Ctrl Pts',(18.7896575549007,-4.55857426006049,30.8590551726509));
#4613=CARTESIAN_POINT('Ctrl Pts',(19.0742534601372,-4.50777590234453,31.147635335027));
#4614=CARTESIAN_POINT('',(19.0747208786224,-4.50677158385995,31.1469791125891));
#4615=CARTESIAN_POINT('',(23.3523869290861,-3.4895479179406,31.1413832223631));
#4616=CARTESIAN_POINT('',(23.6916087337695,-3.84165214956625,31.3624329277163));
#4617=CARTESIAN_POINT('Ctrl Pts',(23.3523869290861,-3.48954791794058,31.1413832223631));
#4618=CARTESIAN_POINT('Ctrl Pts',(23.4602315475543,-3.45915905180061,31.0314480611726));
#4619=CARTESIAN_POINT('Ctrl Pts',(23.5597159528301,-3.43026486951873,30.9127419667325));
#4620=CARTESIAN_POINT('Ctrl Pts',(23.6497533533055,-3.4030800296941,30.7867484350526));
#4621=CARTESIAN_POINT('Ctrl Pts',(23.6311408180832,-3.85888958889673,31.425660878393));
#4622=CARTESIAN_POINT('Ctrl Pts',(23.6515673319613,-3.85309419496189,31.4048463320925));
#4623=CARTESIAN_POINT('Ctrl Pts',(23.6717249802813,-3.84734807764256,31.3837685860419));
#4624=CARTESIAN_POINT('Ctrl Pts',(23.6916087337694,-3.84165214956623,31.3624329277163));
#4625=CARTESIAN_POINT('Ctrl Pts',(23.5198502535093,-3.74099727530485,31.3496304098785));
#4626=CARTESIAN_POINT('Ctrl Pts',(23.5395917744215,-3.73537867232174,31.3295114913809));
#4627=CARTESIAN_POINT('Ctrl Pts',(23.5591529196899,-3.72980757755086,31.3092182602638));
#4628=CARTESIAN_POINT('Ctrl Pts',(23.578534798875,-3.72428407235768,31.2887496925985));
#4629=CARTESIAN_POINT('Ctrl Pts',(23.4085596889354,-3.62310496171297,31.2735999413639));
#4630=CARTESIAN_POINT('Ctrl Pts',(23.4276162168816,-3.6176631496816,31.2541766506693));
#4631=CARTESIAN_POINT('Ctrl Pts',(23.4465808590985,-3.61226707745916,31.2346679344858));
#4632=CARTESIAN_POINT('Ctrl Pts',(23.4654608639805,-3.60691599514913,31.2150664574808));
#4633=CARTESIAN_POINT('Ctrl Pts',(23.2972691243616,-3.50521264812108,31.1975694728494));
#4634=CARTESIAN_POINT('Ctrl Pts',(23.3156406593417,-3.49994762704146,31.1788418099577));
#4635=CARTESIAN_POINT('Ctrl Pts',(23.3340087985071,-3.49472657736747,31.1601176087078));
#4636=CARTESIAN_POINT('Ctrl Pts',(23.3523869290861,-3.48954791794058,31.1413832223631));
#4637=CARTESIAN_POINT('Ctrl Pts',(23.2972691243616,-3.50521264812108,31.1975694728494));
#4638=CARTESIAN_POINT('Ctrl Pts',(23.3156406593417,-3.49994762704146,31.1788418099577));
#4639=CARTESIAN_POINT('Ctrl Pts',(23.3340087985071,-3.49472657736747,31.1601176087078));
#4640=CARTESIAN_POINT('Ctrl Pts',(23.3523869290861,-3.48954791794058,31.1413832223631));
#4641=CARTESIAN_POINT('Ctrl Pts',(18.8816593291089,-4.99141535954282,31.5025671881968));
#4642=CARTESIAN_POINT('Ctrl Pts',(19.1651937545155,-4.94090282494547,31.7809697901342));
#4643=CARTESIAN_POINT('Ctrl Pts',(19.4487955902475,-4.89106109018726,32.0594352017327));
#4644=CARTESIAN_POINT('Ctrl Pts',(19.7439367466586,-4.83989619132601,32.3492274382914));
#4645=CARTESIAN_POINT('Ctrl Pts',(19.7554183291836,-4.83790688378906,32.3605009315999));
#4646=CARTESIAN_POINT('Ctrl Pts',(19.7669000134578,-4.83591866784826,32.3717745193004));
#4647=CARTESIAN_POINT('Ctrl Pts',(18.9577534535952,-4.8277904427294,31.3957474280216));
#4648=CARTESIAN_POINT('Ctrl Pts',(19.2414853133003,-4.77750664570925,31.6742570739329));
#4649=CARTESIAN_POINT('Ctrl Pts',(19.5252829374143,-4.72789415817643,31.9528290211524));
#4650=CARTESIAN_POINT('Ctrl Pts',(19.8206261114635,-4.67696829117443,32.2427315915808));
#4651=CARTESIAN_POINT('Ctrl Pts',(19.8321155501456,-4.6749882831759,32.2540093762537));
#4652=CARTESIAN_POINT('Ctrl Pts',(19.8436050879131,-4.67300936757352,32.2652872545131));
#4653=CARTESIAN_POINT('Ctrl Pts',(19.0338475780816,-4.66416552591598,31.2889276678464));
#4654=CARTESIAN_POINT('Ctrl Pts',(19.3177768720944,-4.61411046645258,31.5675443577491));
#4655=CARTESIAN_POINT('Ctrl Pts',(19.6017702845541,-4.56472722616481,31.8462228405486));
#4656=CARTESIAN_POINT('Ctrl Pts',(19.897315476269,-4.51404039102341,32.1362357448705));
#4657=CARTESIAN_POINT('Ctrl Pts',(19.9088127711074,-4.51206968256198,32.1475178209075));
#4658=CARTESIAN_POINT('Ctrl Pts',(19.9203101623684,-4.51010006729878,32.1587999897258));
#4659=CARTESIAN_POINT('Ctrl Pts',(19.109941702568,-4.50054060910256,31.1821079076711));
#4660=CARTESIAN_POINT('Ctrl Pts',(19.3940684308793,-4.45071428721635,31.4608316415478));
#4661=CARTESIAN_POINT('Ctrl Pts',(19.6782576317209,-4.40156029415398,31.7396166599682));
#4662=CARTESIAN_POINT('Ctrl Pts',(19.9740048410739,-4.35111249087183,32.0297398981599));
#4663=CARTESIAN_POINT('Ctrl Pts',(19.9855099920694,-4.34915108194881,32.0410262655613));
#4664=CARTESIAN_POINT('Ctrl Pts',(19.9970152368237,-4.34719076702404,32.0523127249385));
#4665=CARTESIAN_POINT('',(19.109941702568,-4.50054060910255,31.1821079076712));
#4666=CARTESIAN_POINT('',(18.881659329109,-4.99141535954283,31.5025671881969));
#4667=CARTESIAN_POINT('',(19.9970152368159,-4.3471907669343,32.0523127249309));
#4668=CARTESIAN_POINT('Ctrl Pts',(19.109941702568,-4.50054060910256,31.1821079076711));
#4669=CARTESIAN_POINT('Ctrl Pts',(19.3940684308793,-4.45071428721635,31.4608316415478));
#4670=CARTESIAN_POINT('Ctrl Pts',(19.6782576317209,-4.40156029415398,31.7396166599682));
#4671=CARTESIAN_POINT('Ctrl Pts',(19.9740048410739,-4.35111249087183,32.0297398981599));
#4672=CARTESIAN_POINT('Ctrl Pts',(19.9855099920694,-4.34915108194881,32.0410262655613));
#4673=CARTESIAN_POINT('Ctrl Pts',(19.9970152368237,-4.34719076702404,32.0523127249385));
#4674=CARTESIAN_POINT('Ctrl Pts',(19.4469208181456,-4.89161507312234,32.0575932692038));
#4675=CARTESIAN_POINT('Ctrl Pts',(19.5382418251439,-4.80099993003884,32.0567166475685));
#4676=CARTESIAN_POINT('Ctrl Pts',(19.6296216951391,-4.71044402525897,32.0558394608872));
#4677=CARTESIAN_POINT('Ctrl Pts',(19.8129859431086,-4.52896864771932,32.0540792846452));
#4678=CARTESIAN_POINT('Ctrl Pts',(19.9049710377187,-4.43804971976547,32.0531962882054));
#4679=CARTESIAN_POINT('Ctrl Pts',(19.9970152362814,-4.34719076711643,32.0523127244066));
#4680=CARTESIAN_POINT('Ctrl Pts',(18.8462237232076,-4.9977318778096,31.4677729304596));
#4681=CARTESIAN_POINT('Ctrl Pts',(18.8580354743867,-4.99562520735001,31.479370906911));
#4682=CARTESIAN_POINT('Ctrl Pts',(18.869847343251,-4.99351970134701,31.4909689930494));
#4683=CARTESIAN_POINT('Ctrl Pts',(18.8816593291085,-4.99141535954289,31.5025671881965));
#4684=CARTESIAN_POINT('Ctrl Pts',(18.9223894416792,-4.83407844649305,31.3608416578361));
#4685=CARTESIAN_POINT('Ctrl Pts',(18.9341452305463,-4.83198120965517,31.372509516164));
#4686=CARTESIAN_POINT('Ctrl Pts',(18.9459332426651,-4.82988525537342,31.3841447734441));
#4687=CARTESIAN_POINT('Ctrl Pts',(18.957753453595,-4.82779044272944,31.3957474280214));
#4688=CARTESIAN_POINT('Ctrl Pts',(18.9985551601508,-4.67042501517651,31.2539103852126));
#4689=CARTESIAN_POINT('Ctrl Pts',(19.0102549867058,-4.66833721196034,31.265648125417));
#4690=CARTESIAN_POINT('Ctrl Pts',(19.0220191420792,-4.66625080939982,31.2773205538388));
#4691=CARTESIAN_POINT('Ctrl Pts',(19.0338475780815,-4.66416552591599,31.2889276678463));
#4692=CARTESIAN_POINT('Ctrl Pts',(19.0747208786224,-4.50677158385996,31.1469791125891));
#4693=CARTESIAN_POINT('Ctrl Pts',(19.0863647428654,-4.5046932142655,31.15878673467));
#4694=CARTESIAN_POINT('Ctrl Pts',(19.0981050414933,-4.50261636342623,31.1704963342336));
#4695=CARTESIAN_POINT('Ctrl Pts',(19.109941702568,-4.50054060910255,31.1821079076712));
#4696=CARTESIAN_POINT('Ctrl Pts',(19.0747208786224,-4.50677158385996,31.1469791125891));
#4697=CARTESIAN_POINT('Ctrl Pts',(19.0863647428654,-4.5046932142655,31.15878673467));
#4698=CARTESIAN_POINT('Ctrl Pts',(19.0981050414933,-4.50261636342623,31.1704963342336));
#4699=CARTESIAN_POINT('Ctrl Pts',(19.109941702568,-4.50054060910255,31.1821079076712));
#4700=CARTESIAN_POINT('Origin',(21.210801973173,-13.9030263570769,29.040522951758));
#4701=CARTESIAN_POINT('',(19.109941702568,-3.40302635707685,31.1821079076712));
#4702=CARTESIAN_POINT('Origin',(21.210801973173,-3.40302635707685,29.040522951758));
#4703=CARTESIAN_POINT('',(19.109941702568,-13.9030263570769,31.1821079076712));
#4704=CARTESIAN_POINT('Origin',(-1.11223639088803,-17.8230666118086,10.1738477377359));
#4705=CARTESIAN_POINT('',(-3.28564206417572,-16.3653016420802,11.9062533115995));
#4706=CARTESIAN_POINT('',(-3.07786473417004,-15.9910242525559,11.841158749512));
#4707=CARTESIAN_POINT('Ctrl Pts',(-3.28564206417574,-16.3653016420802,11.9062533115995));
#4708=CARTESIAN_POINT('Ctrl Pts',(-3.26107540032984,-16.3194822615035,11.898518078254));
#4709=CARTESIAN_POINT('Ctrl Pts',(-3.23628128506013,-16.273834876767,11.8907422172701));
#4710=CARTESIAN_POINT('Ctrl Pts',(-3.1761614838958,-16.1645496229136,11.871933305344));
#4711=CARTESIAN_POINT('Ctrl Pts',(-3.14062876433093,-16.1010935467341,11.8608569576324));
#4712=CARTESIAN_POINT('Ctrl Pts',(-3.10105923142224,-16.0315810918146,11.8484482978801));
#4713=CARTESIAN_POINT('Ctrl Pts',(-3.09739827008777,-16.0251604983278,11.8472994924938));
#4714=CARTESIAN_POINT('Ctrl Pts',(-3.08845258392626,-16.0094973363042,11.8444900997052));
#4715=CARTESIAN_POINT('Ctrl Pts',(-3.08316305505916,-16.0002577043336,11.8428270162606));
#4716=CARTESIAN_POINT('Ctrl Pts',(-3.07786473417004,-15.9910242525559,11.841158749512));
#4717=CARTESIAN_POINT('',(-2.77518968447307,-16.8430565481257,10.6974569607589));
#4718=CARTESIAN_POINT('Origin',(-3.60666633126558,-16.3530515162842,10.9592615722705));
#4719=CARTESIAN_POINT('',(-1.9184525488234,-16.0104510377353,10.4276986532568));
#4720=CARTESIAN_POINT('Origin',(-1.11223639088803,-17.8230666118086,10.1738477377359));
#4721=CARTESIAN_POINT('',(-2.02122940869586,-15.1041432506986,11.5084590856522));
#4722=CARTESIAN_POINT('Origin',(-2.32156062779109,-15.1041432506986,10.5546241110173));
#4723=CARTESIAN_POINT('Origin',(-0.811905171792793,-17.8230666118086,11.1276827123708));
#4724=CARTESIAN_POINT('Origin',(-1.98871247691128,-4.67092944646248,10.4498211906111));
#4725=CARTESIAN_POINT('',(-9.24813106175261,-9.21232356353513,13.7839723992364));
#4726=CARTESIAN_POINT('',(-9.84674283775576,-9.54305995901832,13.9721278562923));
#4727=CARTESIAN_POINT('Ctrl Pts',(-9.24813106175257,-9.21232356353522,13.7839723992364));
#4728=CARTESIAN_POINT('Ctrl Pts',(-9.26052507773838,-9.21859891834314,13.7878748666752));
#4729=CARTESIAN_POINT('Ctrl Pts',(-9.27290672331903,-9.22490203117701,13.791771819513));
#4730=CARTESIAN_POINT('Ctrl Pts',(-9.3582748524908,-9.26859584144517,13.8186310503974));
#4731=CARTESIAN_POINT('Ctrl Pts',(-9.43083042879334,-9.30692201328451,13.841414280919));
#4732=CARTESIAN_POINT('Ctrl Pts',(-9.61881078366457,-9.40937323727595,13.9004451939752));
#4733=CARTESIAN_POINT('Ctrl Pts',(-9.73342672270826,-9.47498718523694,13.9364483437138));
#4734=CARTESIAN_POINT('Ctrl Pts',(-9.84674283775583,-9.54305995901823,13.9721278562924));
#4735=CARTESIAN_POINT('',(-3.97745151384237,-6.04605037822542,12.12440899867));
#4736=CARTESIAN_POINT('',(-1.68838125781604,-4.67092944646248,11.403656165246));
#4737=CARTESIAN_POINT('',(-4.75199778237994,-5.17839537363663,11.3198887249003));
#4738=CARTESIAN_POINT('Origin',(-4.27778273293761,-6.04605037822542,11.1705740240351));
#4739=CARTESIAN_POINT('',(-10.6093398618821,-8.69709632954418,13.1641728350191));
#4740=CARTESIAN_POINT('',(-2.46292752635361,-3.8032744418737,10.5991358914763));
#4741=CARTESIAN_POINT('Origin',(-10.1351248124398,-9.56475133413296,13.0148581341539));
#4742=CARTESIAN_POINT('Origin',(-7.76404956522817,-13.9030263570769,12.2682846298282));
#4743=CARTESIAN_POINT('Origin',(-7.4638122143081,-13.9030263570769,13.221821484445));
#4744=CARTESIAN_POINT('Origin',(-7.76404956522817,-13.9030263570769,12.2682846298282));
#4745=CARTESIAN_POINT('Ctrl Pts',(-4.26132794741981,-10.130696591761,12.2137923381742));
#4746=CARTESIAN_POINT('Ctrl Pts',(-4.26216178899858,-10.132710509281,12.2140548874249));
#4747=CARTESIAN_POINT('Ctrl Pts',(-4.26299779420077,-10.1347240678872,12.2143129122003));
#4748=CARTESIAN_POINT('Ctrl Pts',(-4.34106638053098,-10.3221001663813,12.2373914928578));
#4749=CARTESIAN_POINT('Ctrl Pts',(-4.4877129021187,-10.5954328053379,12.1925402977319));
#4750=CARTESIAN_POINT('Ctrl Pts',(-4.76543334601983,-10.9584391360234,11.9174361897308));
#4751=CARTESIAN_POINT('Ctrl Pts',(-4.92786557338173,-11.0770374214526,11.6162305488029));
#4752=CARTESIAN_POINT('Ctrl Pts',(-4.99689448404667,-11.0770374214526,11.3969986306176));
#4753=CARTESIAN_POINT('Ctrl Pts',(-4.26132794741981,-10.130696591761,12.2137923381742));
#4754=CARTESIAN_POINT('Ctrl Pts',(-4.2617951513024,-10.1327600193716,12.2139527818376));
#4755=CARTESIAN_POINT('Ctrl Pts',(-4.262282373218,-10.1348420993819,12.214076943311));
#4756=CARTESIAN_POINT('Ctrl Pts',(-4.30654084528695,-10.3268409124666,12.2267204288791));
#4757=CARTESIAN_POINT('Ctrl Pts',(-4.39669715071074,-10.611055105341,12.1848459869613));
#4758=CARTESIAN_POINT('Ctrl Pts',(-4.61157725689209,-11.0423243684354,11.9345519944313));
#4759=CARTESIAN_POINT('Ctrl Pts',(-4.77888415271991,-11.2247833846063,11.6106948899678));
#4760=CARTESIAN_POINT('Ctrl Pts',(-4.85991711941772,-11.2244604615384,11.3538689698257));
#4761=CARTESIAN_POINT('Ctrl Pts',(-4.26132794741981,-10.130696591761,12.2137923381742));
#4762=CARTESIAN_POINT('Ctrl Pts',(-4.26143751735741,-10.1328152925992,12.2138401746869));
#4763=CARTESIAN_POINT('Ctrl Pts',(-4.26155744898404,-10.1349531160875,12.2138486885451));
#4764=CARTESIAN_POINT('Ctrl Pts',(-4.27253789231752,-10.3321293246335,12.2160140188714));
#4765=CARTESIAN_POINT('Ctrl Pts',(-4.31127229906951,-10.6251989113009,12.1579485146346));
#4766=CARTESIAN_POINT('Ctrl Pts',(-4.43105302888891,-11.0756135650201,11.8777108605725));
#4767=CARTESIAN_POINT('Ctrl Pts',(-4.55093273537099,-11.2684628440463,11.5389204961917));
#4768=CARTESIAN_POINT('Ctrl Pts',(-4.63162993440728,-11.268281586143,11.2819888538714));
#4769=CARTESIAN_POINT('Ctrl Pts',(-4.26132794741981,-10.130696591761,12.2137923381742));
#4770=CARTESIAN_POINT('Ctrl Pts',(-4.26108016010757,-10.1328766380867,12.2137143181104));
#4771=CARTESIAN_POINT('Ctrl Pts',(-4.2608340700424,-10.1350567799606,12.2136316267248));
#4772=CARTESIAN_POINT('Ctrl Pts',(-4.23822190064388,-10.3379203767498,12.2050091533095));
#4773=CARTESIAN_POINT('Ctrl Pts',(-4.23214078197248,-10.6380612115429,12.1120690543288));
#4774=CARTESIAN_POINT('Ctrl Pts',(-4.29594456529476,-11.0452281339196,11.7696096352257));
#4775=CARTESIAN_POINT('Ctrl Pts',(-4.3846874498014,-11.1813037920543,11.4452016471806));
#4776=CARTESIAN_POINT('Ctrl Pts',(-4.45371636046634,-11.1813037920543,11.2259697289953));
#4777=CARTESIAN_POINT('',(-4.99689448404667,-11.0770374214526,11.3969986306176));
#4778=CARTESIAN_POINT('Origin',(-4.65527039995019,-10.728149898536,11.2894324578755));
#4779=CARTESIAN_POINT('',(-4.26132794741981,-10.130696591761,12.2137923381742));
#4780=CARTESIAN_POINT('Ctrl Pts',(-4.45371636046634,-11.1813037920543,11.2259697289953));
#4781=CARTESIAN_POINT('Ctrl Pts',(-4.3846874498014,-11.1813037920543,11.4452016471806));
#4782=CARTESIAN_POINT('Ctrl Pts',(-4.29594456529476,-11.0452281339196,11.7696096352257));
#4783=CARTESIAN_POINT('Ctrl Pts',(-4.23214078197248,-10.6380612115429,12.1120690543288));
#4784=CARTESIAN_POINT('Ctrl Pts',(-4.23822190064388,-10.3379203767498,12.2050091533095));
#4785=CARTESIAN_POINT('Ctrl Pts',(-4.2608340700424,-10.1350567799606,12.2136316267248));
#4786=CARTESIAN_POINT('Ctrl Pts',(-4.26108016010757,-10.1328766380867,12.2137143181104));
#4787=CARTESIAN_POINT('Ctrl Pts',(-4.26132794741981,-10.130696591761,12.2137923381742));
#4788=CARTESIAN_POINT('Ctrl Pts',(-4.26132794741981,-10.130696591761,12.2137923381742));
#4789=CARTESIAN_POINT('Ctrl Pts',(-4.26216178899858,-10.132710509281,12.2140548874249));
#4790=CARTESIAN_POINT('Ctrl Pts',(-4.26299779420077,-10.1347240678872,12.2143129122003));
#4791=CARTESIAN_POINT('Ctrl Pts',(-4.34106638053098,-10.3221001663813,12.2373914928578));
#4792=CARTESIAN_POINT('Ctrl Pts',(-4.4877129021187,-10.5954328053379,12.1925402977319));
#4793=CARTESIAN_POINT('Ctrl Pts',(-4.76543334601983,-10.9584391360234,11.9174361897308));
#4794=CARTESIAN_POINT('Ctrl Pts',(-4.92786557338173,-11.0770374214526,11.6162305488029));
#4795=CARTESIAN_POINT('Ctrl Pts',(-4.99689448404667,-11.0770374214526,11.3969986306176));
#4796=CARTESIAN_POINT('Origin',(-7.29517532720076,-11.467048846936,12.1206515745788));
#4797=CARTESIAN_POINT('',(-3.97745151384237,-9.99191602859537,12.12440899867));
#4798=CARTESIAN_POINT('Origin',(-4.27778273293761,-9.99191602859537,11.1705740240351));
#4799=CARTESIAN_POINT('',(-6.99484410810552,-11.467048846936,13.0744865492137));
#4800=CARTESIAN_POINT('Ctrl Pts',(-3.87467465396992,-10.898223815632,11.0436485662746));
#4801=CARTESIAN_POINT('Ctrl Pts',(-3.08756937299945,-10.5134264135119,10.7958150364959));
#4802=CARTESIAN_POINT('Ctrl Pts',(-2.27997627724887,-10.1286337633855,10.6130835797989));
#4803=CARTESIAN_POINT('Ctrl Pts',(-1.46284932291965,-9.74906508005061,10.4979327121389));
#4804=CARTESIAN_POINT('Ctrl Pts',(-3.7848157633458,-10.898223815632,11.329035323327));
#4805=CARTESIAN_POINT('Ctrl Pts',(-3.00922990630465,-10.5199236525383,11.0895723530952));
#4806=CARTESIAN_POINT('Ctrl Pts',(-2.21418876914662,-10.1412995448078,10.9140626155769));
#4807=CARTESIAN_POINT('Ctrl Pts',(-1.41037986531853,-9.76877339874004,10.8052994582909));
#4808=CARTESIAN_POINT('Ctrl Pts',(-3.73043287684592,-10.670674918183,11.8550548730971));
#4809=CARTESIAN_POINT('Ctrl Pts',(-2.97820273767929,-10.2958960650729,11.6304966530788));
#4810=CARTESIAN_POINT('Ctrl Pts',(-2.20801675752542,-9.92186561202035,11.4687420503585));
#4811=CARTESIAN_POINT('Ctrl Pts',(-1.43067268488334,-9.55335543457581,11.371375116281));
#4812=CARTESIAN_POINT('Ctrl Pts',(-3.8869942724504,-10.1952910204272,12.0959269925519));
#4813=CARTESIAN_POINT('Ctrl Pts',(-3.14949635879679,-9.81347772922248,11.8692345735092));
#4814=CARTESIAN_POINT('Ctrl Pts',(-2.39342214861612,-9.43191717151437,11.7035711097396));
#4815=CARTESIAN_POINT('Ctrl Pts',(-1.62945130068887,-9.05564293154274,11.6014099833636));
#4816=CARTESIAN_POINT('Ctrl Pts',(-3.97745151384237,-9.99191602859537,12.12440899867));
#4817=CARTESIAN_POINT('Ctrl Pts',(-3.24281991826993,-9.6071186264753,11.8930977042099));
#4818=CARTESIAN_POINT('Ctrl Pts',(-2.48906636223605,-9.22232597634882,11.722548344626));
#4819=CARTESIAN_POINT('Ctrl Pts',(-1.72641453819545,-8.84275729301397,11.6150742014767));
#4820=CARTESIAN_POINT('',(-1.72641453819545,-8.84275729301396,11.6150742014767));
#4821=CARTESIAN_POINT('Origin',(-1.86595740188734,-8.84275729301396,10.6248581698994));
#4822=CARTESIAN_POINT('Origin',(0.227185553490938,-9.99191602859536,25.4780986435587));
#4823=CARTESIAN_POINT('Ctrl Pts',(13.5808751983796,-4.17774255847188,21.2734615762254));
#4824=CARTESIAN_POINT('Ctrl Pts',(12.7087417557502,-4.16120260856505,18.5036150626505));
#4825=CARTESIAN_POINT('Ctrl Pts',(9.75735712529935,-4.59515098613363,14.3757826348856));
#4826=CARTESIAN_POINT('Ctrl Pts',(3.67112089814741,-6.41743699244905,11.5322344803118));
#4827=CARTESIAN_POINT('Ctrl Pts',(0.0152013669743639,-7.9759622036168,11.3696428379611));
#4828=CARTESIAN_POINT('Ctrl Pts',(-1.7264145377718,-8.84275729280307,11.615074201417));
#4829=CARTESIAN_POINT('Ctrl Pts',(13.5805933358052,-4.35428471602855,21.2725663966224));
#4830=CARTESIAN_POINT('Ctrl Pts',(12.7114693293034,-4.33801023796776,18.5129299599507));
#4831=CARTESIAN_POINT('Ctrl Pts',(9.7768364704546,-4.76992187552711,14.3994558260449));
#4832=CARTESIAN_POINT('Ctrl Pts',(3.7246088894515,-6.57809263731527,11.548117376516));
#4833=CARTESIAN_POINT('Ctrl Pts',(0.0786522056326786,-8.12422959975742,
11.3690073422614));
#4834=CARTESIAN_POINT('Ctrl Pts',(-1.66177237943323,-8.98468105182336,11.6059647226769));
#4835=CARTESIAN_POINT('Ctrl Pts',(13.6714886721599,-4.70634314292498,21.2419843087603));
#4836=CARTESIAN_POINT('Ctrl Pts',(12.8025753120271,-4.69059571702431,18.4835369234397));
#4837=CARTESIAN_POINT('Ctrl Pts',(9.88008741736804,-5.11848655994058,14.3703519509855));
#4838=CARTESIAN_POINT('Ctrl Pts',(3.85150594728663,-6.89859835333646,11.4920536919464));
#4839=CARTESIAN_POINT('Ctrl Pts',(0.203556160194823,-8.42015728340429,11.2877522720383));
#4840=CARTESIAN_POINT('Ctrl Pts',(-1.54316764544183,-9.26798281167435,11.513760893601));
#4841=CARTESIAN_POINT('Ctrl Pts',(14.106077806238,-5.15635811200018,21.1026384187321));
#4842=CARTESIAN_POINT('Ctrl Pts',(13.217297211072,-5.1408961296812,18.2794145810493));
#4843=CARTESIAN_POINT('Ctrl Pts',(10.2358208333832,-5.56471465963281,14.0675357786604));
#4844=CARTESIAN_POINT('Ctrl Pts',(4.08886497162219,-7.32114319766701,11.1136185006128));
#4845=CARTESIAN_POINT('Ctrl Pts',(0.366825955221813,-8.82155764523542,10.8997515748438));
#4846=CARTESIAN_POINT('Ctrl Pts',(-1.41601266582956,-9.65837393549138,11.1292350576817));
#4847=CARTESIAN_POINT('Ctrl Pts',(14.5567850806129,-5.21189877267663,20.960415995221));
#4848=CARTESIAN_POINT('Ctrl Pts',(13.6402456767541,-5.19573263200604,18.0467822896752));
#4849=CARTESIAN_POINT('Ctrl Pts',(10.5594903749383,-5.62165655464812,13.6991679251761));
#4850=CARTESIAN_POINT('Ctrl Pts',(4.21806082430899,-7.39879954669212,10.6769229907016));
#4851=CARTESIAN_POINT('Ctrl Pts',(0.399167663718987,-8.91811589772506,10.4812543480454));
#4852=CARTESIAN_POINT('Ctrl Pts',(-1.42349722926836,-9.7638463188587,10.7284577716911));
#4853=CARTESIAN_POINT('Ctrl Pts',(14.7994526885068,-5.13797267057807,20.8844199727585));
#4854=CARTESIAN_POINT('Ctrl Pts',(13.8659106981027,-5.12112653389438,17.9160592285371));
#4855=CARTESIAN_POINT('Ctrl Pts',(10.7232795521136,-5.549392854064,13.4872408465365));
#4856=CARTESIAN_POINT('Ctrl Pts',(4.26057743954973,-7.3506955936952,10.4246826008304));
#4857=CARTESIAN_POINT('Ctrl Pts',(0.38326922220153,-8.89184164073239,10.2401201457189));
#4858=CARTESIAN_POINT('Ctrl Pts',(-1.4628493224637,-9.74906507983875,10.4979327120744));
#4859=CARTESIAN_POINT('',(13.5808751983796,-4.17774255847191,21.2734615762254));
#4860=CARTESIAN_POINT('Origin',(14.5347101730145,-4.17774255847192,20.9731303571301));
#4861=CARTESIAN_POINT('Ctrl Pts',(13.5808751983796,-4.17774255847188,21.2734615762254));
#4862=CARTESIAN_POINT('Ctrl Pts',(12.7087417557502,-4.16120260856505,18.5036150626505));
#4863=CARTESIAN_POINT('Ctrl Pts',(9.75735712529935,-4.59515098613363,14.3757826348856));
#4864=CARTESIAN_POINT('Ctrl Pts',(3.67112089814741,-6.41743699244905,11.5322344803118));
#4865=CARTESIAN_POINT('Ctrl Pts',(0.0152013669743639,-7.9759622036168,11.3696428379611));
#4866=CARTESIAN_POINT('Ctrl Pts',(-1.7264145377718,-8.84275729280307,11.615074201417));
#4867=CARTESIAN_POINT('Ctrl Pts',(14.7994526885068,-5.13797267057808,20.8844199727585));
#4868=CARTESIAN_POINT('Ctrl Pts',(15.8440211515444,-5.15682232413913,24.2058088895983));
#4869=CARTESIAN_POINT('Ctrl Pts',(16.8887369574803,-5.1733586456708,27.5271438340785));
#4870=CARTESIAN_POINT('Ctrl Pts',(17.933578722599,-5.18779575278383,30.8484293974348));
#4871=CARTESIAN_POINT('Ctrl Pts',(14.6376742832442,-5.18725673864378,20.9350839877335));
#4872=CARTESIAN_POINT('Ctrl Pts',(15.682298324207,-5.20586669812873,24.2564793109084));
#4873=CARTESIAN_POINT('Ctrl Pts',(16.7270638623645,-5.2221976167358,27.5778205118573));
#4874=CARTESIAN_POINT('Ctrl Pts',(17.7719488265557,-5.2364553007432,30.8991134964751));
#4875=CARTESIAN_POINT('Ctrl Pts',(14.2896919452431,-5.1934479937011,21.0446176592744));
#4876=CARTESIAN_POINT('Ctrl Pts',(15.3345559350766,-5.21167230895209,24.3659423966723));
#4877=CARTESIAN_POINT('Ctrl Pts',(16.3795257289071,-5.22767081629832,27.6872233031783));
#4878=CARTESIAN_POINT('Ctrl Pts',(17.4245912893922,-5.24164024484373,31.0084627991114));
#4879=CARTESIAN_POINT('Ctrl Pts',(13.756506428732,-4.8808495994862,21.2142424340654));
#4880=CARTESIAN_POINT('Ctrl Pts',(14.8019143179142,-4.89890364570233,24.5352544869));
#4881=CARTESIAN_POINT('Ctrl Pts',(15.8473562483243,-4.91475344115788,27.8562520640504));
#4882=CARTESIAN_POINT('Ctrl Pts',(16.8928230643229,-4.92859649911107,31.1772361545859));
#4883=CARTESIAN_POINT('Ctrl Pts',(13.5804524045181,-4.44255579480688,21.272118806821));
#4884=CARTESIAN_POINT('Ctrl Pts',(14.6260532855953,-4.46088714436749,24.5928693318204));
#4885=CARTESIAN_POINT('Ctrl Pts',(15.6716409983905,-4.47698250642433,27.9136295767927));
#4886=CARTESIAN_POINT('Ctrl Pts',(16.7172432886068,-4.49103370252395,31.2343893372482));
#4887=CARTESIAN_POINT('Ctrl Pts',(13.5808751983796,-4.17774255847188,21.2734615762254));
#4888=CARTESIAN_POINT('Ctrl Pts',(14.6264358148604,-4.19624961035653,24.5941029904101));
#4889=CARTESIAN_POINT('Ctrl Pts',(15.6720000298676,-4.21249153258631,27.9147558333112));
#4890=CARTESIAN_POINT('Ctrl Pts',(16.717566742469,-4.22667455498545,31.2354166084302));
#4891=CARTESIAN_POINT('',(16.7166896064661,-4.25399536005467,31.2313864673719));
#4892=CARTESIAN_POINT('',(16.7163331257761,-4.22665782012569,31.2314987115479));
#4893=CARTESIAN_POINT('Ctrl Pts',(16.7167085600664,-4.25398919098898,31.23138052583));
#4894=CARTESIAN_POINT('Ctrl Pts',(16.7164588399821,-4.24488766495798,31.2314591374947));
#4895=CARTESIAN_POINT('Ctrl Pts',(16.7163331255958,-4.2357764663143,31.2314987115446));
#4896=CARTESIAN_POINT('Ctrl Pts',(16.7163331257761,-4.22665782012587,31.2314987115478));
#4897=CARTESIAN_POINT('Ctrl Pts',(16.7163331257761,-4.22665782012586,31.2314987115478));
#4898=CARTESIAN_POINT('Ctrl Pts',(15.6711776207033,-4.21247875683154,27.9121439082948));
#4899=CARTESIAN_POINT('Ctrl Pts',(14.6260246116933,-4.19624233181311,24.5927970323958));
#4900=CARTESIAN_POINT('Ctrl Pts',(13.5808751983796,-4.17774255847188,21.2734615762254));
#4901=CARTESIAN_POINT('',(16.8028828035565,-4.64288688561845,31.2042470683686));
#4902=CARTESIAN_POINT('Ctrl Pts',(17.9335211218523,-5.18779495688306,30.8482462993472));
#4903=CARTESIAN_POINT('Ctrl Pts',(17.8931306054967,-5.19995942363728,30.8609639426899));
#4904=CARTESIAN_POINT('Ctrl Pts',(17.8521140726629,-5.20921033949335,30.8738790214322));
#4905=CARTESIAN_POINT('Ctrl Pts',(17.810745840617,-5.21560483446999,30.8869048139871));
#4906=CARTESIAN_POINT('Ctrl Pts',(17.768872153742,-5.22207746013304,30.9000897612707));
#4907=CARTESIAN_POINT('Ctrl Pts',(17.7266370735484,-5.22562352049241,30.9133884737562));
#4908=CARTESIAN_POINT('Ctrl Pts',(17.6843134593607,-5.22625060236112,30.926714896809));
#4909=CARTESIAN_POINT('Ctrl Pts',(17.6448717770117,-5.22683498449263,30.9391338868925));
#4910=CARTESIAN_POINT('Ctrl Pts',(17.6053523957885,-5.22488389526877,30.951577199798));
#4911=CARTESIAN_POINT('Ctrl Pts',(17.5659794326037,-5.2203628616786,30.9639743285919));
#4912=CARTESIAN_POINT('Ctrl Pts',(17.5218738112616,-5.21529839663777,30.9778616010775));
#4913=CARTESIAN_POINT('Ctrl Pts',(17.4782501842628,-5.20704418865313,30.99159700531));
#4914=CARTESIAN_POINT('Ctrl Pts',(17.4354159932096,-5.19562283242367,31.0050840743015));
#4915=CARTESIAN_POINT('Ctrl Pts',(17.3943684225146,-5.18467786262886,31.0180085956776));
#4916=CARTESIAN_POINT('Ctrl Pts',(17.3540447172862,-5.17082392882128,31.0307054110177));
#4917=CARTESIAN_POINT('Ctrl Pts',(17.3147057544581,-5.1542158452491,31.0430920984949));
#4918=CARTESIAN_POINT('Ctrl Pts',(17.2802763816536,-5.1396804874316,31.0539328998355));
#4919=CARTESIAN_POINT('Ctrl Pts',(17.2466009825643,-5.12303450107385,31.064536254362));
#4920=CARTESIAN_POINT('Ctrl Pts',(17.2138691334627,-5.10435273488289,31.0748424065194));
#4921=CARTESIAN_POINT('Ctrl Pts',(17.1748042148261,-5.0820563570042,31.0871426280633));
#4922=CARTESIAN_POINT('Ctrl Pts',(17.1373471501526,-5.05701252583114,31.0989364345834));
#4923=CARTESIAN_POINT('Ctrl Pts',(17.1017863524403,-5.02941229370657,31.110133124546));
#4924=CARTESIAN_POINT('Ctrl Pts',(17.0680197763213,-5.00320463249279,31.1207648850301));
#4925=CARTESIAN_POINT('Ctrl Pts',(17.035962107309,-4.97469104278269,31.1308585310002));
#4926=CARTESIAN_POINT('Ctrl Pts',(17.0058864167505,-4.94399097273115,31.1403283641393));
#4927=CARTESIAN_POINT('Ctrl Pts',(17.0042883141403,-4.94235969307731,31.1408315534186));
#4928=CARTESIAN_POINT('Ctrl Pts',(17.0026958156372,-4.94072223112492,31.1413329788844));
#4929=CARTESIAN_POINT('Ctrl Pts',(17.0011089650802,-4.93907860186801,31.1418326267881));
#4930=CARTESIAN_POINT('Ctrl Pts',(16.9761276151187,-4.91320340051713,31.1496984457113));
#4931=CARTESIAN_POINT('Ctrl Pts',(16.952544367683,-4.88580081664378,31.1571242393975));
#4932=CARTESIAN_POINT('Ctrl Pts',(16.9304281789412,-4.85701813782746,31.1640881309277));
#4933=CARTESIAN_POINT('Ctrl Pts',(16.9038051288516,-4.82237009295914,31.1724711319589));
#4934=CARTESIAN_POINT('Ctrl Pts',(16.8794684791594,-4.78593367056791,31.1801342618803));
#4935=CARTESIAN_POINT('Ctrl Pts',(16.857494076299,-4.74800394476605,31.1870534844331));
#4936=CARTESIAN_POINT('Ctrl Pts',(16.8377655978364,-4.7139508793279,31.1932655182243));
#4937=CARTESIAN_POINT('Ctrl Pts',(16.819941392286,-4.67869303657406,31.1988778723984));
#4938=CARTESIAN_POINT('Ctrl Pts',(16.8041041473479,-4.64242324070353,31.2038644877557));
#4939=CARTESIAN_POINT('Ctrl Pts',(16.8041041473479,-4.64242324070353,31.2038644877557));
#4940=CARTESIAN_POINT('Ctrl Pts',(16.7991023209453,-4.63083584937134,31.2056424371767));
#4941=CARTESIAN_POINT('Ctrl Pts',(16.7942962254463,-4.61914059034832,31.2073398921392));
#4942=CARTESIAN_POINT('Ctrl Pts',(16.7896895876364,-4.60734330459089,31.2089553788092));
#4943=CARTESIAN_POINT('Ctrl Pts',(16.7735189593342,-4.56593142659353,31.2146262032906));
#4944=CARTESIAN_POINT('Ctrl Pts',(16.7599099619011,-4.52353785555164,31.219251898172));
#4945=CARTESIAN_POINT('Ctrl Pts',(16.7489538585729,-4.48044395448224,31.2228037745968));
#4946=CARTESIAN_POINT('Ctrl Pts',(16.7381600749851,-4.43798850949703,31.2263030283289));
#4947=CARTESIAN_POINT('Ctrl Pts',(16.7299408482871,-4.39485225793774,31.2287601489353));
#4948=CARTESIAN_POINT('Ctrl Pts',(16.7244277607447,-4.3512872009146,31.2301338237347));
#4949=CARTESIAN_POINT('Ctrl Pts',(16.7203489540521,-4.31905599747726,31.2311501242963));
#4950=CARTESIAN_POINT('Ctrl Pts',(16.7177522620662,-4.28658965912564,31.2315731129507));
#4951=CARTESIAN_POINT('Ctrl Pts',(16.7167085600664,-4.25398919098898,31.23138052583));
#4952=CARTESIAN_POINT('Ctrl Pts',(-2.78149334512064,-12.717373748497,11.7478411600493));
#4953=CARTESIAN_POINT('Ctrl Pts',(-2.78305161990917,-12.7158635253636,11.7483318094587));
#4954=CARTESIAN_POINT('Ctrl Pts',(-2.78461179841031,-12.7143536432757,11.7488161896891));
#4955=CARTESIAN_POINT('Ctrl Pts',(-2.85699716042331,-12.6443923810183,11.7710047492394));
#4956=CARTESIAN_POINT('Ctrl Pts',(-3.00694377168673,-12.508184626522,11.7896369818517));
#4957=CARTESIAN_POINT('Ctrl Pts',(-3.24501312498584,-12.3170782626448,11.7398871855414));
#4958=CARTESIAN_POINT('Ctrl Pts',(-3.48580297794767,-12.1496566725886,11.6044309890837));
#4959=CARTESIAN_POINT('Ctrl Pts',(-3.70889832586075,-12.0249074555084,11.3720524121664));
#4960=CARTESIAN_POINT('Ctrl Pts',(-3.81831489340438,-11.9917589225081,11.1523616472899));
#4961=CARTESIAN_POINT('Ctrl Pts',(-3.85454112570253,-11.9917589225081,11.0373091813181));
#4962=CARTESIAN_POINT('Ctrl Pts',(-2.78149334512064,-12.717373748497,11.7478411600493));
#4963=CARTESIAN_POINT('Ctrl Pts',(-2.78323287955086,-12.7162552022367,11.748387458117));
#4964=CARTESIAN_POINT('Ctrl Pts',(-2.7849691456197,-12.7151368143406,11.7489323785445));
#4965=CARTESIAN_POINT('Ctrl Pts',(-2.86571357522055,-12.6633517427852,11.7738298666683));
#4966=CARTESIAN_POINT('Ctrl Pts',(-3.02939646886958,-12.563250875189,11.8049178009795));
#4967=CARTESIAN_POINT('Ctrl Pts',(-3.29166006380005,-12.4156278022589,11.7937943306547));
#4968=CARTESIAN_POINT('Ctrl Pts',(-3.57266466647973,-12.2700474723061,11.7072455047567));
#4969=CARTESIAN_POINT('Ctrl Pts',(-3.86534815828495,-12.1380665440341,11.4998363138689));
#4970=CARTESIAN_POINT('Ctrl Pts',(-4.02149697861513,-12.0941077638695,11.2450846207346));
#4971=CARTESIAN_POINT('Ctrl Pts',(-4.06499354743301,-12.0946441998778,11.1035737177009));
#4972=CARTESIAN_POINT('Ctrl Pts',(-2.78149334512064,-12.717373748497,11.7478411600493));
#4973=CARTESIAN_POINT('Ctrl Pts',(-2.78341234594424,-12.7166460596127,11.7484439661736));
#4974=CARTESIAN_POINT('Ctrl Pts',(-2.78532933639947,-12.7159212105414,11.7490457907583));
#4975=CARTESIAN_POINT('Ctrl Pts',(-2.87437174208391,-12.682235923253,11.776556038258));
#4976=CARTESIAN_POINT('Ctrl Pts',(-3.05419744328967,-12.6183203309437,11.8127268110079));
#4977=CARTESIAN_POINT('Ctrl Pts',(-3.34177356427064,-12.5309296103122,11.8095734214719));
#4978=CARTESIAN_POINT('Ctrl Pts',(-3.65031380120036,-12.454216320889,11.7316946599171));
#4979=CARTESIAN_POINT('Ctrl Pts',(-3.97025527208279,-12.3932964853227,11.5328681089032));
#4980=CARTESIAN_POINT('Ctrl Pts',(-4.13577218562475,-12.3742153477264,11.2810661197845));
#4981=CARTESIAN_POINT('Ctrl Pts',(-4.17916679568835,-12.3745370511449,11.139523113297));
#4982=CARTESIAN_POINT('Ctrl Pts',(-2.78149334512064,-12.717373748497,11.7478411600493));
#4983=CARTESIAN_POINT('Ctrl Pts',(-2.78359118590984,-12.7170383670431,11.7485017010218));
#4984=CARTESIAN_POINT('Ctrl Pts',(-2.78569072209065,-12.716703649716,11.7491559072218));
#4985=CARTESIAN_POINT('Ctrl Pts',(-2.88306410653103,-12.7012187853304,11.7792123720575));
#4986=CARTESIAN_POINT('Ctrl Pts',(-3.08131361811075,-12.6734592867183,11.8130535971305));
#4987=CARTESIAN_POINT('Ctrl Pts',(-3.38591010714977,-12.641545997487,11.784251004803));
#4988=CARTESIAN_POINT('Ctrl Pts',(-3.68371367271681,-12.6196873784366,11.6667465487063));
#4989=CARTESIAN_POINT('Ctrl Pts',(-3.94828334100938,-12.6076128596475,11.4474268693257));
#4990=CARTESIAN_POINT('Ctrl Pts',(-4.068525961504,-12.6051450732847,11.231144871969));
#4991=CARTESIAN_POINT('Ctrl Pts',(-4.10475219380215,-12.6051450732847,11.1160924059972));
#4992=CARTESIAN_POINT('',(-3.85454112570253,-11.9917589225081,11.0373091813181));
#4993=CARTESIAN_POINT('',(-4.10475219380215,-12.6051450732847,11.1160924059972));
#4994=CARTESIAN_POINT('Origin',(-3.65298708621869,-12.4449128160264,10.9738464524378));
#4995=CARTESIAN_POINT('',(-2.78149334512063,-12.7173737484971,11.7478411600493));
#4996=CARTESIAN_POINT('Ctrl Pts',(-4.10475219380215,-12.6051450732847,11.1160924059972));
#4997=CARTESIAN_POINT('Ctrl Pts',(-4.068525961504,-12.6051450732847,11.231144871969));
#4998=CARTESIAN_POINT('Ctrl Pts',(-3.94828334100938,-12.6076128596475,11.4474268693257));
#4999=CARTESIAN_POINT('Ctrl Pts',(-3.68371367271681,-12.6196873784366,11.6667465487063));
#5000=CARTESIAN_POINT('Ctrl Pts',(-3.38591010714977,-12.641545997487,11.784251004803));
#5001=CARTESIAN_POINT('Ctrl Pts',(-3.08131361811075,-12.6734592867183,11.8130535971305));
#5002=CARTESIAN_POINT('Ctrl Pts',(-2.88306410653103,-12.7012187853304,11.7792123720575));
#5003=CARTESIAN_POINT('Ctrl Pts',(-2.78569072209065,-12.716703649716,11.7491559072218));
#5004=CARTESIAN_POINT('Ctrl Pts',(-2.78359118590984,-12.7170383670431,11.7485017010218));
#5005=CARTESIAN_POINT('Ctrl Pts',(-2.78149334512064,-12.717373748497,11.7478411600493));
#5006=CARTESIAN_POINT('Ctrl Pts',(-2.78149334512064,-12.717373748497,11.7478411600493));
#5007=CARTESIAN_POINT('Ctrl Pts',(-2.78305161990917,-12.7158635253636,11.7483318094587));
#5008=CARTESIAN_POINT('Ctrl Pts',(-2.78461179841031,-12.7143536432757,11.7488161896891));
#5009=CARTESIAN_POINT('Ctrl Pts',(-2.85699716042331,-12.6443923810183,11.7710047492394));
#5010=CARTESIAN_POINT('Ctrl Pts',(-3.00694377168673,-12.508184626522,11.7896369818517));
#5011=CARTESIAN_POINT('Ctrl Pts',(-3.24501312498584,-12.3170782626448,11.7398871855414));
#5012=CARTESIAN_POINT('Ctrl Pts',(-3.48580297794767,-12.1496566725886,11.6044309890837));
#5013=CARTESIAN_POINT('Ctrl Pts',(-3.70889832586075,-12.0249074555084,11.3720524121664));
#5014=CARTESIAN_POINT('Ctrl Pts',(-3.81831489340438,-11.9917589225081,11.1523616472899));
#5015=CARTESIAN_POINT('Ctrl Pts',(-3.85454112570253,-11.9917589225081,11.0373091813181));
#5016=CARTESIAN_POINT('Origin',(-7.76404956522817,-13.9030263570769,12.2682846298282));
#5017=CARTESIAN_POINT('Origin',(-7.46371834613294,-13.9030263570769,13.2221196044631));
#5018=CARTESIAN_POINT('Origin',(-7.76404956522817,-13.9030263570769,12.2682846298282));
#5019=CARTESIAN_POINT('Origin',(-7.46371834613294,-13.9030263570769,13.2221196044631));
#5020=CARTESIAN_POINT('Origin',(-6.08585109029769,-14.185972208046,11.7398752012973));
#5021=CARTESIAN_POINT('',(4.1774745786085,-9.31529674148442,9.55669135347173));
#5022=CARTESIAN_POINT('',(-5.78551987120246,-14.185972208046,12.6937101759322));
#5023=CARTESIAN_POINT('',(3.47403528054558,-8.40898895444777,8.72978183659731));
#5024=CARTESIAN_POINT('Origin',(3.87714335951327,-9.31529674148442,8.60285637883682));
#5025=CARTESIAN_POINT('',(-6.48895916926538,-13.2796644210093,11.8668006590578));
#5026=CARTESIAN_POINT('Origin',(3.47403528054557,-8.40898895444777,8.72978183659731));
#5027=CARTESIAN_POINT('',(4.74161142457279,-8.89267847974372,8.3306638562806));
#5028=CARTESIAN_POINT('Origin',(3.87714335951326,-9.31529674148442,8.60285637883683));
#5029=CARTESIAN_POINT('',(5.18524477602772,-11.581066209076,9.2393777090705));
#5030=CARTESIAN_POINT('',(3.77436649964081,-8.40898895444777,9.68361681123222));
#5031=CARTESIAN_POINT('',(5.749381621992,-11.1584479473353,8.01335021187937));
#5032=CARTESIAN_POINT('Origin',(4.88491355693248,-11.581066209076,8.28554273443559));
#5033=CARTESIAN_POINT('',(4.3385033456051,-7.98637069270707,8.45758931404109));
#5034=CARTESIAN_POINT('Origin',(10.660437446686,2.08744083712739,8.66865918433989));
#5035=CARTESIAN_POINT('',(16.7163331257339,2.08744083712739,31.2314987114138));
#5036=CARTESIAN_POINT('',(17.6043554000094,3.08505763567846,30.9518897441299));
#5037=CARTESIAN_POINT('Origin',(17.6701681003688,2.08744083712739,30.9311674923186));
#5038=CARTESIAN_POINT('',(14.4688974726551,3.08505763567845,20.9938526089415));
#5039=CARTESIAN_POINT('',(10.5946247463266,3.08505763567845,8.68938143615127));
#5040=CARTESIAN_POINT('',(13.5808751983796,2.08744083712739,21.2734615762254));
#5041=CARTESIAN_POINT('Origin',(14.5347101730145,2.08744083712739,20.9731303571301));
#5042=CARTESIAN_POINT('',(9.70660247205107,2.08744083712739,8.96899040343512));
#5043=CARTESIAN_POINT('Ctrl Pts',(10.1051128266672,1.56759366127828,15.557082930143));
#5044=CARTESIAN_POINT('Ctrl Pts',(10.7695030765577,1.83468238683303,16.2185876348026));
#5045=CARTESIAN_POINT('Ctrl Pts',(12.2114439572822,2.08998406002223,17.9748434120481));
#5046=CARTESIAN_POINT('Ctrl Pts',(13.192396295417,2.08744083712739,20.039674540466));
#5047=CARTESIAN_POINT('Ctrl Pts',(13.5808751983796,2.08744083712739,21.2734615762254));
#5048=CARTESIAN_POINT('Ctrl Pts',(10.0664484724512,1.77279749736331,15.5185865009423));
#5049=CARTESIAN_POINT('Ctrl Pts',(10.7456431280299,2.06393939139223,16.1900778348429));
#5050=CARTESIAN_POINT('Ctrl Pts',(12.2097300162178,2.36021168009256,17.9687338199788));
#5051=CARTESIAN_POINT('Ctrl Pts',(13.1919198737901,2.3734872119699,20.0381614523103));
#5052=CARTESIAN_POINT('Ctrl Pts',(13.5808751983796,2.3734872119699,21.2734615762254));
#5053=CARTESIAN_POINT('Ctrl Pts',(10.0854478410775,2.13092603467924,15.3645463514765));
#5054=CARTESIAN_POINT('Ctrl Pts',(10.8127735305513,2.46336966873475,16.043088057558));
#5055=CARTESIAN_POINT('Ctrl Pts',(12.3752261928411,2.82961591857081,17.8450605576358));
#5056=CARTESIAN_POINT('Ctrl Pts',(13.4023430626327,2.869582763986,19.9461380699241));
#5057=CARTESIAN_POINT('Ctrl Pts',(13.798680068412,2.869582763986,21.2048819960242));
#5058=CARTESIAN_POINT('Ctrl Pts',(10.2483565794516,2.36746967101266,15.1117873934596));
#5059=CARTESIAN_POINT('Ctrl Pts',(11.0433903250021,2.70700502978804,15.7867351771138));
#5060=CARTESIAN_POINT('Ctrl Pts',(12.7498451797578,3.05429883907454,17.5952939832994));
#5061=CARTESIAN_POINT('Ctrl Pts',(13.8544836790832,3.07025516602409,19.7551340208538));
#5062=CARTESIAN_POINT('Ctrl Pts',(14.2647543715014,3.07025516602409,21.0581305480713));
#5063=CARTESIAN_POINT('Ctrl Pts',(10.3364640110232,2.43524866586706,14.9977536514785));
#5064=CARTESIAN_POINT('Ctrl Pts',(11.1594618147144,2.7691095728105,15.6715108692169));
#5065=CARTESIAN_POINT('Ctrl Pts',(12.9210336095528,3.08823666429701,17.4850022179253));
#5066=CARTESIAN_POINT('Ctrl Pts',(14.0526700766238,3.08505763567845,19.6719379277707));
#5067=CARTESIAN_POINT('Ctrl Pts',(14.4688974726551,3.08505763567845,20.9938526089415));
#5068=CARTESIAN_POINT('',(10.3364640110232,2.43524866586706,14.9977536514785));
#5069=CARTESIAN_POINT('Ctrl Pts',(14.4688974726551,3.08505763567845,20.9938526089415));
#5070=CARTESIAN_POINT('Ctrl Pts',(14.0526700766238,3.08505763567845,19.6719379277707));
#5071=CARTESIAN_POINT('Ctrl Pts',(12.9210336095528,3.08823666429701,17.4850022179253));
#5072=CARTESIAN_POINT('Ctrl Pts',(11.1594618147144,2.7691095728105,15.6715108692169));
#5073=CARTESIAN_POINT('Ctrl Pts',(10.3364640110232,2.43524866586706,14.9977536514785));
#5074=CARTESIAN_POINT('',(10.1051128266672,1.56759366127827,15.557082930143));
#5075=CARTESIAN_POINT('Origin',(10.8106790604655,1.56759366127827,14.8484389506133));
#5076=CARTESIAN_POINT('Ctrl Pts',(10.1051128266672,1.56759366127828,15.557082930143));
#5077=CARTESIAN_POINT('Ctrl Pts',(10.7695030765577,1.83468238683303,16.2185876348026));
#5078=CARTESIAN_POINT('Ctrl Pts',(12.2114439572822,2.08998406002223,17.9748434120481));
#5079=CARTESIAN_POINT('Ctrl Pts',(13.192396295417,2.08744083712739,20.039674540466));
#5080=CARTESIAN_POINT('Ctrl Pts',(13.5808751983796,2.08744083712739,21.2734615762254));
#5081=CARTESIAN_POINT('Ctrl Pts',(-3.97745151384237,-6.04605037822542,12.12440899867));
#5082=CARTESIAN_POINT('Ctrl Pts',(-1.20939252620123,-4.26440881862018,11.2528383890853));
#5083=CARTESIAN_POINT('Ctrl Pts',(4.11360048820784,-1.15365157716586,11.2871077060255));
#5084=CARTESIAN_POINT('Ctrl Pts',(8.56273254962367,0.94754786351974,14.0214014390216));
#5085=CARTESIAN_POINT('Ctrl Pts',(10.1051128266672,1.56759366127827,15.557082930143));
#5086=CARTESIAN_POINT('Ctrl Pts',(-4.11933632484711,-5.78644860791432,12.1690838526996));
#5087=CARTESIAN_POINT('Ctrl Pts',(-1.35194230984553,-4.02220813055344,11.2644076486828));
#5088=CARTESIAN_POINT('Ctrl Pts',(4.00536117546355,-0.933427495407005,11.2468189891248));
#5089=CARTESIAN_POINT('Ctrl Pts',(8.50596347858228,1.15612021826628,13.9770287696808));
#5090=CARTESIAN_POINT('Ctrl Pts',(10.0664484724512,1.77279749736331,15.5185865009423));
#5091=CARTESIAN_POINT('Ctrl Pts',(-4.44041413022695,-5.33695557722996,12.0069445261924));
#5092=CARTESIAN_POINT('Ctrl Pts',(-1.61258500994693,-3.60041467303185,11.0651835754304));
#5093=CARTESIAN_POINT('Ctrl Pts',(3.87274785213607,-0.549883631977279,11.0156217721475));
#5094=CARTESIAN_POINT('Ctrl Pts',(8.48633205721767,1.51988734092751,13.7923983356073));
#5095=CARTESIAN_POINT('Ctrl Pts',(10.0854312192835,2.13093975445436,15.3645578755876));
#5096=CARTESIAN_POINT('Ctrl Pts',(-4.68460361441184,-5.17839537363664,11.5339287926896));
#5097=CARTESIAN_POINT('Ctrl Pts',(-1.75641636108958,-3.41700861056868,10.5966378631128));
#5098=CARTESIAN_POINT('Ctrl Pts',(3.88672975355484,-0.334001369800263,10.6058716938846));
#5099=CARTESIAN_POINT('Ctrl Pts',(8.61088574703278,1.75186830513196,13.4886538624124));
#5100=CARTESIAN_POINT('Ctrl Pts',(10.2483565794516,2.36746967101266,15.1117873934596));
#5101=CARTESIAN_POINT('Ctrl Pts',(-4.75199778237993,-5.17839537363664,11.3198887249003));
#5102=CARTESIAN_POINT('Ctrl Pts',(-1.78622029562157,-3.3967538140314,10.3860630717738));
#5103=CARTESIAN_POINT('Ctrl Pts',(3.916986505531,-0.285996572577078,10.4227801970668));
#5104=CARTESIAN_POINT('Ctrl Pts',(8.68391371419082,1.81520286810853,13.3523806252769));
#5105=CARTESIAN_POINT('Ctrl Pts',(10.3364640110232,2.43524866586706,14.9977536514785));
#5106=CARTESIAN_POINT('Origin',(0.227185553490942,-6.04605037822543,25.4780986435587));
#5107=CARTESIAN_POINT('Origin',(-0.247029495951389,-5.17839537363664,25.6274133444238));
#5108=CARTESIAN_POINT('Origin',(-4.20280697700571,-16.0238406856251,11.1469666278079));
#5109=CARTESIAN_POINT('',(5.28802163590017,-12.4873739961127,8.1586172766751));
#5110=CARTESIAN_POINT('Origin',(4.88491355693249,-11.581066209076,8.28554273443559));
#5111=CARTESIAN_POINT('',(-3.90247575791048,-16.0238406856251,12.1008016024428));
#5112=CARTESIAN_POINT('',(-3.79969889803802,-16.9301484726618,11.0200411700474));
#5113=CARTESIAN_POINT('Origin',(4.88491355693249,-11.581066209076,8.28554273443559));
#5114=CARTESIAN_POINT('Origin',(4.88491355693249,-11.581066209076,8.28554273443559));
#5115=CARTESIAN_POINT('Origin',(3.87714335951327,-9.31529674148442,8.60285637883682));
#5116=CARTESIAN_POINT('Origin',(3.87714335951327,-9.31529674148442,8.60285637883682));
#5117=CARTESIAN_POINT('Origin',(-5.85659527633113,-10.728149898536,7.47409255933592));
#5118=CARTESIAN_POINT('',(-7.6998754559038,-11.0770374214526,2.81248385890344));
#5119=CARTESIAN_POINT('',(-6.19821936042761,-11.0770374214526,7.58165873207797));
#5120=CARTESIAN_POINT('Origin',(-7.35825137180731,-10.728149898536,2.70491768616139));
#5121=CARTESIAN_POINT('Origin',(-8.96537444160912,-13.9030263570769,8.4529447312886));
#5122=CARTESIAN_POINT('',(-6.80773316565927,-12.6051450732847,2.53157763428308));
#5123=CARTESIAN_POINT('',(-5.30607707018309,-12.6051450732847,7.3007525074576));
#5124=CARTESIAN_POINT('Origin',(-10.4670305370853,-13.9030263570769,3.68376985811408));
#5125=CARTESIAN_POINT('Origin',(-4.85431196259963,-12.4449128160264,7.15850655389822));
#5126=CARTESIAN_POINT('',(-6.55752209755966,-11.9917589225081,2.45279440960394));
#5127=CARTESIAN_POINT('',(-5.05586600208348,-11.9917589225081,7.22196928277847));
#5128=CARTESIAN_POINT('Origin',(-6.35596805807581,-12.4449128160264,2.3893316807237));
#5129=CARTESIAN_POINT('Origin',(-2.91409798619248,-10.944698524892,6.54759707339504));
#5130=CARTESIAN_POINT('',(0.77105430868845,-8.40898895444777,0.145267064883177));
#5131=CARTESIAN_POINT('',(1.52188235642654,-8.40898895444777,2.52985450147044));
#5132=CARTESIAN_POINT('',(-10.0347965045555,-13.6917172262065,3.54767359683596));
#5133=CARTESIAN_POINT('',(-2.30446069021136,-10.8340562664969,7.69373261986459));
#5134=CARTESIAN_POINT('Origin',(1.92499043539423,-9.31529674148442,2.40292904370994));
#5135=CARTESIAN_POINT('',(2.11855974548973,-8.89267847974372,1.50317536196098E-10));
#5136=CARTESIAN_POINT('',(2.78945850045375,-8.89267847974372,2.13073652115372));
#5137=CARTESIAN_POINT('',(1.23241429478029,-8.31716333318283,8.74444960885512E-11));
#5138=CARTESIAN_POINT('Origin',(1.1683872196775,-9.31529674148442,8.29003532487604E-11));
#5139=CARTESIAN_POINT('Origin',(1.17416238765614,-9.31529674148442,0.0183416071226838));
#5140=CARTESIAN_POINT('Origin',(1.63552237374797,-7.98637069270707,-0.126925457673049));
#5141=CARTESIAN_POINT('',(3.22624155887654,-11.1584479473353,2.28909113886289E-10));
#5142=CARTESIAN_POINT('',(3.79722869787297,-11.1584479473353,1.81342287675249));
#5143=CARTESIAN_POINT('',(2.45645983325757,-9.58385503668295,1.74291692189854E-10));
#5144=CARTESIAN_POINT('Origin',(2.93276063281345,-11.581066209076,2.08561539930871));
#5145=CARTESIAN_POINT('',(2.71914175841903,-12.4873739961127,1.92929561215749E-10));
#5146=CARTESIAN_POINT('',(3.33586871178114,-12.4873739961127,1.95868994154822));
#5147=CARTESIAN_POINT('Origin',(2.27606903306431,-11.581066209076,1.61493596273488E-10));
#5148=CARTESIAN_POINT('Origin',(0.650436200907641,-14.167281586532,5.42524265529646));
#5149=CARTESIAN_POINT('',(-4.62143352068053,-16.0104510377353,1.8431838815427));
#5150=CARTESIAN_POINT('',(-3.11977742520435,-16.0104510377353,6.61235875471722));
#5151=CARTESIAN_POINT('',(1.2324142947803,-13.1486414599641,8.74450512000635E-11));
#5152=CARTESIAN_POINT('',(-7.34553623332818,-17.342201277859,2.70091410782557));
#5153=CARTESIAN_POINT('',(4.90728800002473,-11.5141291001173,3.48179818310257E-10));
#5154=CARTESIAN_POINT('',(-0.882253533210579,-15.2672853879547,8.41205399570406));
#5155=CARTESIAN_POINT('',(2.42227269510504,-13.7974963838015,8.41205399593853));
#5156=CARTESIAN_POINT('',(0.220184762934547,-14.77694227264,8.41205399578228));
#5157=CARTESIAN_POINT('',(2.9359530663693,-13.4862511998677,7.82103602730757));
#5158=CARTESIAN_POINT('',(2.56803015747964,-13.7091801647588,8.24435189139164));
#5159=CARTESIAN_POINT('',(-1.45740265790595,-15.4403303896596,7.82103602699586));
#5160=CARTESIAN_POINT('Origin',(0.615264006540633,-14.1844764514967,5.43631722091149));
#5161=CARTESIAN_POINT('',(-1.45065540596177,-15.4383003453215,7.82796944124824));
#5162=CARTESIAN_POINT('Origin',(-2.31356126726897,-17.8230666118086,6.35850783919623));
#5163=CARTESIAN_POINT('',(-5.47817065633018,-16.8430565481257,2.1129421890448));
#5164=CARTESIAN_POINT('',(-3.97651456085401,-16.8430565481257,6.88211706221932));
#5165=CARTESIAN_POINT('Origin',(-3.81521736274515,-17.8230666118086,1.58933296602171));
#5166=CARTESIAN_POINT('Origin',(-8.96537444160912,-13.9030263570769,8.4529447312886));
#5167=CARTESIAN_POINT('',(-13.3123208337393,-8.69709632954417,4.57965806330493));
#5168=CARTESIAN_POINT('',(-11.8106647382631,-8.69709632954418,9.34883293647946));
#5169=CARTESIAN_POINT('Origin',(-10.4670305370853,-13.9030263570769,3.68376985811408));
#5170=CARTESIAN_POINT('Origin',(6.32046501648902,3.09697364292314,-1.60205959796208));
#5171=CARTESIAN_POINT('',(-13.3123208337393,-8.69709632954417,4.57965806330493));
#5172=CARTESIAN_POINT('',(8.5526130009119,2.43524866586706,9.33234368142009));
#5173=CARTESIAN_POINT('',(-6.1721114918946,-5.30982913076405,7.5734382241358));
#5174=CARTESIAN_POINT('Ctrl Pts',(-6.1721114918946,-5.30982913076405,7.5734382241358));
#5175=CARTESIAN_POINT('Ctrl Pts',(-5.92936531051534,-5.30982913076405,8.34438637416875));
#5176=CARTESIAN_POINT('Ctrl Pts',(-4.80467520634356,-4.92394618172664,9.67400562993537));
#5177=CARTESIAN_POINT('Ctrl Pts',(-2.4541705512732,-3.62050574216725,9.56489420785777));
#5178=CARTESIAN_POINT('Ctrl Pts',(-1.21812531609061,-2.57570013548082,7.4192276439325));
#5179=CARTESIAN_POINT('Ctrl Pts',(-2.02116101241127,-2.57401821120277,4.8590581479825));
#5180=CARTESIAN_POINT('Ctrl Pts',(-4.26549439233292,-3.62105030723837,3.81539650092882));
#5181=CARTESIAN_POINT('Ctrl Pts',(-6.25627349129894,-4.92433684980614,5.06608167221595));
#5182=CARTESIAN_POINT('Ctrl Pts',(-6.41485767327387,-5.30982913076405,6.80249007410286));
#5183=CARTESIAN_POINT('Ctrl Pts',(-6.1721114918946,-5.30982913076405,7.5734382241358));
#5184=CARTESIAN_POINT('Origin',(10.9236882481235,-1.90302635707686,8.58577017709437));
#5185=CARTESIAN_POINT('',(17.6211022590186,3.08624091459728,30.9466167097831));
#5186=CARTESIAN_POINT('Origin',(17.9334189018064,-1.90302635707685,30.848278485073));
#5187=CARTESIAN_POINT('Ctrl Pts',(18.1896703478712,3.09697364292315,31.6621185923177));
#5188=CARTESIAN_POINT('Ctrl Pts',(17.9659488175719,3.09697364292315,31.4458512521006));
#5189=CARTESIAN_POINT('Ctrl Pts',(17.774905903468,3.09092516947727,31.2053357461957));
#5190=CARTESIAN_POINT('Ctrl Pts',(17.6211146417994,3.08627820664977,30.9466095579617));
#5191=CARTESIAN_POINT('Origin',(21.3297321548981,0.596973642923147,29.7788912987615));
#5192=CARTESIAN_POINT('',(16.7163934038601,-4.22920020035535,31.2314797318171));
#5193=CARTESIAN_POINT('Ctrl Pts',(16.7166960207246,-4.25399205907298,31.2313832283081));
#5194=CARTESIAN_POINT('Ctrl Pts',(16.7164946424813,-4.2457350228337,31.231447554166));
#5195=CARTESIAN_POINT('Ctrl Pts',(16.7163934231784,-4.2374704885925,31.2314797339837));
#5196=CARTESIAN_POINT('Ctrl Pts',(16.7163934197231,-4.22920019177178,31.231479722658));
#5197=CARTESIAN_POINT('',(16.7163934055186,2.08666844591823,31.2314797352191));
#5198=CARTESIAN_POINT('',(16.7163934038601,3.09697364292315,31.2314797318171));
#5199=CARTESIAN_POINT('Ctrl Pts',(16.7163934038601,2.08666844585377,31.2314797318171));
#5200=CARTESIAN_POINT('Ctrl Pts',(16.7163934038601,2.12993945117584,31.2314797318171));
#5201=CARTESIAN_POINT('Ctrl Pts',(16.7192553380292,2.17300737271758,31.2305470608664));
#5202=CARTESIAN_POINT('Ctrl Pts',(16.7248069595607,2.2156415953075,31.2287645063302));
#5203=CARTESIAN_POINT('Ctrl Pts',(16.7305340228124,2.2596231398114,31.2269256197058));
#5204=CARTESIAN_POINT('Ctrl Pts',(16.739123650134,2.30314412088068,31.224182173859));
#5205=CARTESIAN_POINT('Ctrl Pts',(16.7504325360996,2.34595015125818,31.2205927469798));
#5206=CARTESIAN_POINT('Ctrl Pts',(16.7608299922681,2.38530626696735,31.217292606828));
#5207=CARTESIAN_POINT('Ctrl Pts',(16.7735268093402,2.42405862260012,31.2132768498232));
#5208=CARTESIAN_POINT('Ctrl Pts',(16.7884416245467,2.46199754762312,31.2085694472891));
#5209=CARTESIAN_POINT('Ctrl Pts',(16.8046759474712,2.50329291412328,31.2034455827411));
#5210=CARTESIAN_POINT('Ctrl Pts',(16.8234270474566,2.54334261074996,31.1975386788489));
#5211=CARTESIAN_POINT('Ctrl Pts',(16.8445335397656,2.58190432980233,31.190906445442));
#5212=CARTESIAN_POINT('Ctrl Pts',(16.8656456495398,2.62047631200569,31.1842724468749));
#5213=CARTESIAN_POINT('Ctrl Pts',(16.889114861811,2.65756054309845,31.1769124869522));
#5214=CARTESIAN_POINT('Ctrl Pts',(16.9148199470994,2.69289739628301,31.1688574874089));
#5215=CARTESIAN_POINT('Ctrl Pts',(16.9381443893171,2.72496157272929,31.1615484911809));
#5216=CARTESIAN_POINT('Ctrl Pts',(16.9633104570557,2.75558739978268,31.1536667936258));
#5217=CARTESIAN_POINT('Ctrl Pts',(16.9902516574462,2.78455803534836,31.1452187893185));
#5218=CARTESIAN_POINT('Ctrl Pts',(17.0094978711878,2.80525403390259,31.1391837168557));
#5219=CARTESIAN_POINT('Ctrl Pts',(17.0295705504598,2.82501817830621,31.1328855498614));
#5220=CARTESIAN_POINT('Ctrl Pts',(17.0504316632883,2.84378573464526,31.1263321399804));
#5221=CARTESIAN_POINT('Ctrl Pts',(17.0821771616457,2.87234535338824,31.1163594571076));
#5222=CARTESIAN_POINT('Ctrl Pts',(17.1157468150445,2.8985992527884,31.1057964316908));
#5223=CARTESIAN_POINT('Ctrl Pts',(17.1508569911708,2.9224817961253,31.094741925962));
#5224=CARTESIAN_POINT('Ctrl Pts',(17.1867264842943,2.94688083989291,31.0834483478325));
#5225=CARTESIAN_POINT('Ctrl Pts',(17.224204710879,2.96880543616457,31.0716413005209));
#5226=CARTESIAN_POINT('Ctrl Pts',(17.2630180904138,2.98814316350675,31.059411782717));
#5227=CARTESIAN_POINT('Ctrl Pts',(17.2677379902538,2.99049472725311,31.0579246125758));
#5228=CARTESIAN_POINT('Ctrl Pts',(17.2724776588937,2.99280798000276,31.0564311834553));
#5229=CARTESIAN_POINT('Ctrl Pts',(17.2772366228952,2.99508267122675,31.0549316506287));
#5230=CARTESIAN_POINT('Ctrl Pts',(17.3165066854246,3.01385298900452,31.0425577919807));
#5231=CARTESIAN_POINT('Ctrl Pts',(17.3568554098783,3.02988903634804,31.0298463780066));
#5232=CARTESIAN_POINT('Ctrl Pts',(17.3979852217294,3.04312026799814,31.0168895885491));
#5233=CARTESIAN_POINT('Ctrl Pts',(17.4391003543948,3.05634677743586,31.0039374233557));
#5234=CARTESIAN_POINT('Ctrl Pts',(17.4809970107341,3.06677088226405,30.9907394691155));
#5235=CARTESIAN_POINT('Ctrl Pts',(17.523400849221,3.07427665921348,30.9773830860183));
#5236=CARTESIAN_POINT('Ctrl Pts',(17.5557163972759,3.0799967379694,30.9672043178875));
#5237=CARTESIAN_POINT('Ctrl Pts',(17.5883270812865,3.08402103919328,30.9569333697065));
#5238=CARTESIAN_POINT('Ctrl Pts',(17.6211150795523,3.08627821987693,30.9466102944022));
#5239=CARTESIAN_POINT('',(16.7163331257339,1.84697364292315,31.2314987114138));
#5240=CARTESIAN_POINT('Origin',(-10.964814009624,-15.6146303171267,14.3244993208158));
#5241=CARTESIAN_POINT('Origin',(20.9849285494923,2.09697364292314,5.51043006482886));
#5242=CARTESIAN_POINT('',(25.9846981969648,2.09697364292314,5.46243556292375));
#5243=CARTESIAN_POINT('Origin',(24.9847442674703,2.09697364292314,5.47203446330477));
#5244=CARTESIAN_POINT('Origin',(20.9849285494923,2.09697364292314,5.51043006482886));
#5245=CARTESIAN_POINT('Origin',(25.0375377785914,2.09697364292314,10.9717351375318));
#5246=CARTESIAN_POINT('',(26.2105716206455,2.09697364292315,28.9925284498529));
#5247=CARTESIAN_POINT('Origin',(25.210617691151,2.09697364292315,29.0021273502339));
#5248=CARTESIAN_POINT('',(26.0374917080859,2.09697364292314,10.9621362371508));
#5249=CARTESIAN_POINT('Origin',(21.210801973173,2.09697364292315,29.040522951758));
#5250=CARTESIAN_POINT('',(17.4343874415457,2.09697364292315,32.3175175024576));
#5251=CARTESIAN_POINT('Origin',(18.1896703478712,2.09697364292315,31.6621185923177));
#5252=CARTESIAN_POINT('Origin',(21.210801973173,2.09697364292315,29.040522951758));
#5253=CARTESIAN_POINT('Ctrl Pts',(16.7163934038601,2.08666844585377,31.2314797318171));
#5254=CARTESIAN_POINT('Ctrl Pts',(16.9070957969161,2.09037437924956,31.6226761613132));
#5255=CARTESIAN_POINT('Ctrl Pts',(17.1491393021289,2.09697364292315,31.9887970233272));
#5256=CARTESIAN_POINT('Ctrl Pts',(17.4343874415457,2.09697364292315,32.3175175024576));
#5257=CARTESIAN_POINT('Ctrl Pts',(16.7150610302489,2.37232680041545,31.2287465736689));
#5258=CARTESIAN_POINT('Ctrl Pts',(16.9049929251292,2.3786758483873,31.6191843279164));
#5259=CARTESIAN_POINT('Ctrl Pts',(17.1464257693164,2.38998413338,31.9852890816964));
#5260=CARTESIAN_POINT('Ctrl Pts',(17.4343874415457,2.39617294326503,32.3175175024576));
#5261=CARTESIAN_POINT('Ctrl Pts',(16.9174812292789,2.86772637813523,31.1242034066728));
#5262=CARTESIAN_POINT('Ctrl Pts',(17.10129772503,2.87835038760037,31.4928408064393));
#5263=CARTESIAN_POINT('Ctrl Pts',(17.337651762505,2.89806013406155,31.8393323058536));
#5264=CARTESIAN_POINT('Ctrl Pts',(17.6241070283688,2.91410048017827,32.1528877863675));
#5265=CARTESIAN_POINT('Ctrl Pts',(17.3548168977013,3.06889254552049,30.9086266843397));
#5266=CARTESIAN_POINT('Ctrl Pts',(17.5259088318305,3.07633998079494,31.2353700634431));
#5267=CARTESIAN_POINT('Ctrl Pts',(17.7495154346086,3.08976989069274,31.5389600726129));
#5268=CARTESIAN_POINT('Ctrl Pts',(18.0201852600216,3.09697364292315,31.8091897638367));
#5269=CARTESIAN_POINT('Ctrl Pts',(17.5468514268083,3.08409214658643,30.8148327425498));
#5270=CARTESIAN_POINT('Ctrl Pts',(17.7117006646987,3.08872456333117,31.1239210126749));
#5271=CARTESIAN_POINT('Ctrl Pts',(17.9284014945948,3.09697364292315,31.4095549704613));
#5272=CARTESIAN_POINT('Ctrl Pts',(18.1896703478712,3.09697364292315,31.6621185923177));
#5273=CARTESIAN_POINT('Ctrl Pts',(16.7163934055187,2.086668445886,31.2314797352194));
#5274=CARTESIAN_POINT('Ctrl Pts',(16.9070957983195,2.09037437928783,31.622676163436));
#5275=CARTESIAN_POINT('Ctrl Pts',(17.1491393029558,2.09697364292315,31.9887970242802));
#5276=CARTESIAN_POINT('Ctrl Pts',(17.4343874415457,2.09697364292315,32.3175175024576));
#5277=CARTESIAN_POINT('Ctrl Pts',(26.2105716206455,-2.36172206695154,28.9925284498529));
#5278=CARTESIAN_POINT('Ctrl Pts',(26.2230844293824,-2.42682639849139,30.2960352859274));
#5279=CARTESIAN_POINT('Ctrl Pts',(25.1674820780281,-2.7132026569955,32.8821152972682));
#5280=CARTESIAN_POINT('Ctrl Pts',(22.0525237971429,-3.34166259095832,34.2614892856515));
#5281=CARTESIAN_POINT('Ctrl Pts',(19.4941381855252,-3.82413732300161,33.8670519332959));
#5282=CARTESIAN_POINT('Ctrl Pts',(17.8023701749976,-4.10996813799283,32.8725379093546));
#5283=CARTESIAN_POINT('Ctrl Pts',(17.0001791275931,-4.20933699080616,31.8147813260182));
#5284=CARTESIAN_POINT('Ctrl Pts',(16.7146843706086,-4.22932007361168,31.2279704377359));
#5285=CARTESIAN_POINT('Ctrl Pts',(26.2104924923187,-2.49376766327691,28.9842853513612));
#5286=CARTESIAN_POINT('Ctrl Pts',(26.2250966524685,-2.55972545152007,30.2813179641993));
#5287=CARTESIAN_POINT('Ctrl Pts',(25.1856940216104,-2.84956543637287,32.856455487074));
#5288=CARTESIAN_POINT('Ctrl Pts',(22.0928782924095,-3.48974386575577,34.2545791171684));
#5289=CARTESIAN_POINT('Ctrl Pts',(19.528223560153,-3.98541907802317,33.8801415842797));
#5290=CARTESIAN_POINT('Ctrl Pts',(17.8205060978171,-4.28100920336789,32.891167044005));
#5291=CARTESIAN_POINT('Ctrl Pts',(17.0067740249184,-4.38440301696203,31.8263199586492));
#5292=CARTESIAN_POINT('Ctrl Pts',(16.717629772477,-4.405207555439,31.2340244679568));
#5293=CARTESIAN_POINT('Ctrl Pts',(26.156976345024,-2.75756720060132,28.9683295636496));
#5294=CARTESIAN_POINT('Ctrl Pts',(26.1745918609688,-2.82522292625614,30.2384687329043));
#5295=CARTESIAN_POINT('Ctrl Pts',(25.1731785476198,-3.12189511661782,32.7624884557903));
#5296=CARTESIAN_POINT('Ctrl Pts',(22.1582515845456,-3.78532968478912,34.1662285151146));
#5297=CARTESIAN_POINT('Ctrl Pts',(19.6236366355924,-4.30718817097438,33.8249517308895));
#5298=CARTESIAN_POINT('Ctrl Pts',(17.9184611720285,-4.62215720319113,32.8573890945356));
#5299=CARTESIAN_POINT('Ctrl Pts',(17.0995843018491,-4.73350079788591,31.7966471101368));
#5300=CARTESIAN_POINT('Ctrl Pts',(16.809215663921,-4.75593726303852,31.2043957303489));
#5301=CARTESIAN_POINT('Ctrl Pts',(25.8921481830954,-3.14827171608017,28.9464793128793));
#5302=CARTESIAN_POINT('Ctrl Pts',(25.9104604300218,-3.21710897176379,30.1285180077477));
#5303=CARTESIAN_POINT('Ctrl Pts',(24.9873991066912,-3.51869339090915,32.4765469560412));
#5304=CARTESIAN_POINT('Ctrl Pts',(22.1985669036994,-4.19814332286605,33.7850100351157));
#5305=CARTESIAN_POINT('Ctrl Pts',(19.8470925829507,-4.73757052572972,33.469403828369));
#5306=CARTESIAN_POINT('Ctrl Pts',(18.2604867750773,-5.06517786633512,32.5673447699358));
#5307=CARTESIAN_POINT('Ctrl Pts',(17.4961103465566,-5.18176038215487,31.5754216181997));
#5308=CARTESIAN_POINT('Ctrl Pts',(17.2248421321915,-5.2052307869195,31.0213106128334));
#5309=CARTESIAN_POINT('Ctrl Pts',(25.5858450859887,-3.30758825484638,28.9394731863082));
#5310=CARTESIAN_POINT('Ctrl Pts',(25.6011309213907,-3.37445588163498,30.0340988546668));
#5311=CARTESIAN_POINT('Ctrl Pts',(24.7375616593018,-3.66730952402535,32.2049635541919));
#5312=CARTESIAN_POINT('Ctrl Pts',(22.1553374121561,-4.31946007466312,33.3795612091342));
#5313=CARTESIAN_POINT('Ctrl Pts',(20.0096121388091,-4.82852936852532,33.0595893029638));
#5314=CARTESIAN_POINT('Ctrl Pts',(18.5775671743511,-5.13396397777311,32.2211918197836));
#5315=CARTESIAN_POINT('Ctrl Pts',(17.8929331388897,-5.2410447008177,31.3190080153315));
#5316=CARTESIAN_POINT('Ctrl Pts',(17.6491052854362,-5.26263924858488,30.8173421612094));
#5317=CARTESIAN_POINT('Ctrl Pts',(25.3906426854045,-3.34336367810495,28.9391134732215));
#5318=CARTESIAN_POINT('Ctrl Pts',(25.4036706199124,-3.40787083666172,29.9812373355346));
#5319=CARTESIAN_POINT('Ctrl Pts',(24.5739452002795,-3.69129409936494,32.0461446651542));
#5320=CARTESIAN_POINT('Ctrl Pts',(22.110504055367,-4.31288585504751,33.1414131351361));
#5321=CARTESIAN_POINT('Ctrl Pts',(20.0835670314764,-4.78996515177886,32.8200250442319));
#5322=CARTESIAN_POINT('Ctrl Pts',(18.7414828104756,-5.07252858971694,32.0210036244519));
#5323=CARTESIAN_POINT('Ctrl Pts',(18.1037137288069,-5.17069127570186,31.1735365687223));
#5324=CARTESIAN_POINT('Ctrl Pts',(17.8762378106382,-5.19039391814174,30.7037625532941));
#5325=CARTESIAN_POINT('Ctrl Pts',(17.9474942986275,-5.1835775481804,30.8438406441312));
#5326=CARTESIAN_POINT('Ctrl Pts',(17.9066394697416,-5.19587421996957,30.8567079901693));
#5327=CARTESIAN_POINT('Ctrl Pts',(17.8651550315072,-5.20521116400967,30.8697674383468));
#5328=CARTESIAN_POINT('Ctrl Pts',(17.8233096933345,-5.21168351082875,30.8829350128614));
#5329=CARTESIAN_POINT('Ctrl Pts',(17.7806715835872,-5.21827847805916,30.8963520507389));
#5330=CARTESIAN_POINT('Ctrl Pts',(17.7376578186923,-5.22189927743038,30.9098819181068));
#5331=CARTESIAN_POINT('Ctrl Pts',(17.6945460852579,-5.22259337572142,30.9234435611093));
#5332=CARTESIAN_POINT('Ctrl Pts',(17.6518271864687,-5.22328114938028,30.9368816302539));
#5333=CARTESIAN_POINT('Ctrl Pts',(17.6090111171394,-5.22109511038498,30.9503514724582));
#5334=CARTESIAN_POINT('Ctrl Pts',(17.5663761514292,-5.21603163940659,30.9637732028562));
#5335=CARTESIAN_POINT('Ctrl Pts',(17.5235480287176,-5.21094522845735,30.9772557401799));
#5336=CARTESIAN_POINT('Ctrl Pts',(17.4811769105894,-5.20298845175003,30.9905982555784));
#5337=CARTESIAN_POINT('Ctrl Pts',(17.439536901583,-5.19221822522991,31.0037155426598));
#5338=CARTESIAN_POINT('Ctrl Pts',(17.398918125154,-5.1817121414526,31.016511124698));
#5339=CARTESIAN_POINT('Ctrl Pts',(17.3589941249065,-5.1685285721453,31.0290928849959));
#5340=CARTESIAN_POINT('Ctrl Pts',(17.3200286082765,-5.15267389002725,31.0413734298251));
#5341=CARTESIAN_POINT('Ctrl Pts',(17.2815439985875,-5.13701488417216,31.0535024098925));
#5342=CARTESIAN_POINT('Ctrl Pts',(17.2439935026975,-5.11875009378681,31.065338022611));
#5343=CARTESIAN_POINT('Ctrl Pts',(17.2076533336308,-5.09784359677972,31.0767808705262));
#5344=CARTESIAN_POINT('Ctrl Pts',(17.2072276232109,-5.09759868560164,31.0769149188731));
#5345=CARTESIAN_POINT('Ctrl Pts',(17.206802111699,-5.09735343020752,31.0770489025315));
#5346=CARTESIAN_POINT('Ctrl Pts',(17.2063767994884,-5.0971078306666,31.0771828213744));
#5347=CARTESIAN_POINT('Ctrl Pts',(17.1695029582789,-5.07581477053796,31.0887933560036));
#5348=CARTESIAN_POINT('Ctrl Pts',(17.1341258551502,-5.05193892036133,31.0999182180513));
#5349=CARTESIAN_POINT('Ctrl Pts',(17.1004231601139,-5.02573519163516,31.1105194075318));
#5350=CARTESIAN_POINT('Ctrl Pts',(17.0665422826324,-4.99939292667466,31.1211766443361));
#5351=CARTESIAN_POINT('Ctrl Pts',(17.0343527999536,-4.97069729917366,31.1313049934406));
#5352=CARTESIAN_POINT('Ctrl Pts',(17.0040581748741,-4.93986576926943,31.1408444421965));
#5353=CARTESIAN_POINT('Ctrl Pts',(16.9757849882968,-4.91109150336717,31.1497473618997));
#5354=CARTESIAN_POINT('Ctrl Pts',(16.9491619373525,-4.88045593585975,31.158137374086));
#5355=CARTESIAN_POINT('Ctrl Pts',(16.9243812563397,-4.848112800781,31.1659450040026));
#5356=CARTESIAN_POINT('Ctrl Pts',(16.8978463024759,-4.81348003194451,31.1743053513036));
#5357=CARTESIAN_POINT('Ctrl Pts',(16.873593894804,-4.77711103783323,31.1819461000384));
#5358=CARTESIAN_POINT('Ctrl Pts',(16.8518188881219,-4.73923555890374,31.1888027426706));
#5359=CARTESIAN_POINT('Ctrl Pts',(16.8504877530452,-4.73692018057635,31.1892218983407));
#5360=CARTESIAN_POINT('Ctrl Pts',(16.8491658858647,-4.73459916254657,31.1896381154745));
#5361=CARTESIAN_POINT('Ctrl Pts',(16.847853335064,-4.73227255361649,31.1900513760183));
#5362=CARTESIAN_POINT('Ctrl Pts',(16.8314526178106,-4.70320087486633,31.1952151908794));
#5363=CARTESIAN_POINT('Ctrl Pts',(16.8165054304681,-4.67325686821331,31.1999182381572));
#5364=CARTESIAN_POINT('Ctrl Pts',(16.8030446462756,-4.64256197580135,31.2041545038487));
#5365=CARTESIAN_POINT('',(26.2105716206455,-2.36172206695156,28.9925284498529));
#5366=CARTESIAN_POINT('Origin',(25.210617691151,-2.36172206695156,29.002127350234));
#5367=CARTESIAN_POINT('Ctrl Pts',(26.2105716206455,-2.36172206695154,28.9925284498529));
#5368=CARTESIAN_POINT('Ctrl Pts',(26.2230844293824,-2.42682639849139,30.2960352859274));
#5369=CARTESIAN_POINT('Ctrl Pts',(25.1674820780281,-2.7132026569955,32.8821152972682));
#5370=CARTESIAN_POINT('Ctrl Pts',(22.0525237971429,-3.34166259095832,34.2614892856515));
#5371=CARTESIAN_POINT('Ctrl Pts',(19.4941381855252,-3.82413732300161,33.8670519332959));
#5372=CARTESIAN_POINT('Ctrl Pts',(17.8034945321845,-4.10977817345332,32.8731988681759));
#5373=CARTESIAN_POINT('Ctrl Pts',(17.0017788713643,-4.20913877712643,31.8168899041039));
#5374=CARTESIAN_POINT('Ctrl Pts',(16.7163934197231,-4.22920019177178,31.231479722658));
#5375=CARTESIAN_POINT('Ctrl Pts',(25.9846981969648,-1.05672514348515,5.46243556292375));
#5376=CARTESIAN_POINT('Ctrl Pts',(26.0600132268984,-1.44535751354539,13.3082884359213));
#5377=CARTESIAN_POINT('Ctrl Pts',(26.135310778213,-1.87224295191798,21.1523204947627));
#5378=CARTESIAN_POINT('Ctrl Pts',(26.2105716206455,-2.36172206695154,28.9925284498529));
#5379=CARTESIAN_POINT('Ctrl Pts',(25.9845664458901,-1.3338362160126,5.4487105528078));
#5380=CARTESIAN_POINT('Ctrl Pts',(26.0597364068297,-1.71821140515466,13.2938899681849));
#5381=CARTESIAN_POINT('Ctrl Pts',(26.1352918109159,-2.14087399524405,21.1369487102248));
#5382=CARTESIAN_POINT('Ctrl Pts',(26.210413363992,-2.62581325960229,28.9760422528696));
#5383=CARTESIAN_POINT('Ctrl Pts',(25.7701876916348,-1.81488311907671,5.42694052238294));
#5384=CARTESIAN_POINT('Ctrl Pts',(25.8522732914948,-2.19230576249063,13.2708691203278));
#5385=CARTESIAN_POINT('Ctrl Pts',(25.9342716389134,-2.6074665793943,21.1121689370929));
#5386=CARTESIAN_POINT('Ctrl Pts',(26.0163063838465,-3.08489850813037,28.9492439858427));
#5387=CARTESIAN_POINT('Ctrl Pts',(25.3049338809081,-2.02531846329561,5.42098305891234));
#5388=CARTESIAN_POINT('Ctrl Pts',(25.3982971573716,-2.40713357767822,13.2639124701827));
#5389=CARTESIAN_POINT('Ctrl Pts',(25.4919442471783,-2.82653014672939,21.1039190253514));
#5390=CARTESIAN_POINT('Ctrl Pts',(25.5858450859887,-3.30758825484638,28.9394731863082));
#5391=CARTESIAN_POINT('Ctrl Pts',(25.0981990055927,-2.04899727700381,5.42179468384772));
#5392=CARTESIAN_POINT('Ctrl Pts',(25.195140216336,-2.43499297996417,13.2644091149177));
#5393=CARTESIAN_POINT('Ctrl Pts',(25.2926937209838,-2.85837433658364,21.1040300952724));
#5394=CARTESIAN_POINT('Ctrl Pts',(25.3906426854045,-3.34336367810495,28.9391134732215));
#5395=CARTESIAN_POINT('',(25.9846981969648,-1.05672514348516,5.46243556292375));
#5396=CARTESIAN_POINT('Origin',(24.9847442674703,-1.05672514348515,5.47203446330478));
#5397=CARTESIAN_POINT('Ctrl Pts',(25.9846981969648,-1.05672514348515,5.46243556292375));
#5398=CARTESIAN_POINT('Ctrl Pts',(26.0600132268984,-1.44535751354539,13.3082884359213));
#5399=CARTESIAN_POINT('Ctrl Pts',(26.135310778213,-1.87224295191798,21.1523204947627));
#5400=CARTESIAN_POINT('Ctrl Pts',(26.2105716206455,-2.36172206695154,28.9925284498529));
#5401=CARTESIAN_POINT('Ctrl Pts',(25.2913789589544,-2.00723690089825,5.42200881990121));
#5402=CARTESIAN_POINT('Ctrl Pts',(25.2834461599947,-1.97841044184013,4.82566747191934));
#5403=CARTESIAN_POINT('Ctrl Pts',(25.147838905699,-1.96383830547559,4.23001994108772));
#5404=CARTESIAN_POINT('Ctrl Pts',(24.8962938226182,-1.96456953385544,3.68835883671105));
#5405=CARTESIAN_POINT('Ctrl Pts',(25.4910385965896,-1.94289365510413,5.42327936329358));
#5406=CARTESIAN_POINT('Ctrl Pts',(25.4822169058463,-1.91330338263128,4.79749930544187));
#5407=CARTESIAN_POINT('Ctrl Pts',(25.3396236057688,-1.89831219138938,4.17284924852871));
#5408=CARTESIAN_POINT('Ctrl Pts',(25.0755085304978,-1.89893577486944,3.60466320998903));
#5409=CARTESIAN_POINT('Ctrl Pts',(25.8478261348823,-1.68459641789646,5.43264879763546));
#5410=CARTESIAN_POINT('Ctrl Pts',(25.8379380334498,-1.65461763282635,4.75203223335203));
#5411=CARTESIAN_POINT('Ctrl Pts',(25.6824208037745,-1.63939092142684,4.07279685163688));
#5412=CARTESIAN_POINT('Ctrl Pts',(25.3948167540035,-1.63999812347738,3.45526852604072));
#5413=CARTESIAN_POINT('Ctrl Pts',(25.984598582509,-1.26624350047807,5.45205834651382));
#5414=CARTESIAN_POINT('Ctrl Pts',(25.9763207994711,-1.23746904433014,4.74485070009242));
#5415=CARTESIAN_POINT('Ctrl Pts',(25.8157605767106,-1.22299631553646,4.03929272599513));
#5416=CARTESIAN_POINT('Ctrl Pts',(25.5166212524799,-1.22385977741848,3.397668512246));
#5417=CARTESIAN_POINT('Ctrl Pts',(25.9846981969648,-1.05672514348516,5.46243556292375));
#5418=CARTESIAN_POINT('Ctrl Pts',(25.977876899626,-1.02856633423814,4.75183509751262));
#5419=CARTESIAN_POINT('Ctrl Pts',(25.8171617719808,-1.0144660852014,4.04217973632856));
#5420=CARTESIAN_POINT('Ctrl Pts',(25.5164674848255,-1.01545985566225,3.39733875644689));
#5421=CARTESIAN_POINT('Ctrl Pts',(25.5164674848255,-1.01545985566225,3.39733875644689));
#5422=CARTESIAN_POINT('Ctrl Pts',(25.8171617719808,-1.0144660852014,4.04217973632856));
#5423=CARTESIAN_POINT('Ctrl Pts',(25.977876899626,-1.02856633423814,4.75183509751262));
#5424=CARTESIAN_POINT('Ctrl Pts',(25.9846981969648,-1.05672514348516,5.46243556292375));
#5425=CARTESIAN_POINT('Origin',(20.9849285494923,1.84697364292314,5.51043006482886));
#5426=CARTESIAN_POINT('',(25.9846981969648,1.84697364292314,5.46243556292375));
#5427=CARTESIAN_POINT('',(25.5164674848255,1.84697364292314,3.39733875644688));
#5428=CARTESIAN_POINT('Origin',(24.9532809478141,0.596973642923143,2.18958133006436));
#5429=CARTESIAN_POINT('Origin',(-0.0700197277044351,-12.6437532135344,5.65209049910433));
#5430=CARTESIAN_POINT('',(1.26714673127303,-12.3441992927983,6.97203493337319));
#5431=CARTESIAN_POINT('',(1.26714673127303,-12.3441992927983,6.97203493337319));
#5432=CARTESIAN_POINT('',(-1.1879638205278,-13.4361847223879,6.97203493319897));
#5433=CARTESIAN_POINT('',(-1.14666386782448,-13.1810494039122,6.85714244792257));
#5434=CARTESIAN_POINT('Origin',(-0.0297089198076666,-12.734383992238,5.63939795332828));
#5435=CARTESIAN_POINT('Origin',(-1.16731384417614,-13.3086170631501,6.91458869056076));
#5436=CARTESIAN_POINT('',(-0.843844500378245,-13.3326496116051,7.32564879237985));
#5437=CARTESIAN_POINT('',(-1.06672520726874,-13.7039364583739,7.29382936161794));
#5438=CARTESIAN_POINT('',(-1.1879638205278,-13.4361847223879,6.97203493319897));
#5439=CARTESIAN_POINT('Origin',(0.943948702119977,-12.404152484294,7.16153440870739));
#5440=CARTESIAN_POINT('',(0.959804978423718,-12.5304213985033,7.32564879250782));
#5441=CARTESIAN_POINT('',(0.722582141375728,-12.4840229200594,7.34340973326405));
#5442=CARTESIAN_POINT('',(1.05251507059994,-12.474247226185,7.21898065135475));
#5443=CARTESIAN_POINT('Origin',(-0.029708919807671,-12.734383992238,5.63939795332828));
#5444=CARTESIAN_POINT('',(2.01795789768823,-12.1183028878595,7.7435616060307));
#5445=CARTESIAN_POINT('',(-1.85853244726053,-13.8424904082642,7.74356160575567));
#5446=CARTESIAN_POINT('Origin',(-0.029708919807671,-12.734383992238,5.63939795332828));
#5447=CARTESIAN_POINT('',(1.26043438943024,-12.5772955939302,8.61513472831864));
#5448=CARTESIAN_POINT('',(2.01795789768823,-12.1183028878595,7.7435616060307));
#5449=CARTESIAN_POINT('',(-1.01036108023238,-13.5873012593088,8.61513472815753));
#5450=CARTESIAN_POINT('',(-1.01036108023238,-13.5873012593088,8.61513472815753));
#5451=CARTESIAN_POINT('',(-1.85853244726053,-13.8424904082642,7.74356160575567));
#5452=CARTESIAN_POINT('',(0.0579852699205869,-12.9315332674087,7.32564879244384));
#5453=CARTESIAN_POINT('Origin',(0.534642390747094,-14.0032148940893,5.46170231246359));
#5454=CARTESIAN_POINT('',(-1.37480275249931,-14.9300597527082,7.59125105644307));
#5455=CARTESIAN_POINT('',(-1.37480275249931,-14.9300597527082,7.59125105644307));
#5456=CARTESIAN_POINT('',(2.50168759244944,-13.2058722323035,7.59125105671811));
#5457=CARTESIAN_POINT('',(2.9359530663693,-13.4862511998677,7.82103602730757));
#5458=CARTESIAN_POINT('Origin',(0.454020774953557,-13.821953336682,5.48708740401569));
#5459=CARTESIAN_POINT('Origin',(2.35089742051971,-13.5689906809767,8.12945940609692));
#5460=CARTESIAN_POINT('',(1.74416408419146,-13.6648649383742,8.46282417900605));
#5461=CARTESIAN_POINT('',(1.15770799655373,-13.5501598346028,8.50673231179074));
#5462=CARTESIAN_POINT('',(2.13376468355978,-13.4288011971946,8.01456692080219));
#5463=CARTESIAN_POINT('Origin',(-1.40935545325845,-15.1831650268457,7.71307695597185));
#5464=CARTESIAN_POINT('',(-0.526631385471158,-14.6748706037528,8.46282417884493));
#5465=CARTESIAN_POINT('',(-0.827836737306268,-15.1766349191706,8.41982277701187));
#5466=CARTESIAN_POINT('',(-1.36805550055513,-14.92802970837,7.59818447069546));
#5467=CARTESIAN_POINT('Origin',(-1.21355952091223,-15.2925828675228,7.54048087333888));
#5468=CARTESIAN_POINT('',(-1.21355952091223,-15.2925828675228,7.54048087333887));
#5469=CARTESIAN_POINT('',(-0.365388153884082,-15.0373937185674,8.41205399574074));
#5470=CARTESIAN_POINT('Origin',(0.615264006540633,-14.1844764514967,5.43631722091149));
#5471=CARTESIAN_POINT('',(2.66293082403652,-13.5683953471181,7.54048087361391));
#5472=CARTESIAN_POINT('Origin',(8.96045243024093,-8.40302635707686,6.35754782152276E-10));
#5473=CARTESIAN_POINT('',(1.23241429478029,-12.420881142299,8.74456063115758E-11));
#5474=CARTESIAN_POINT('Origin',(-10.964814009624,-15.6146303171267,14.3244993208158));
#5475=CARTESIAN_POINT('',(-3.97745151384237,-6.25882833710178,12.12440899867));
#5476=CARTESIAN_POINT('Origin',(21.3297321548981,0.596973642923147,29.7788912987615));
#5477=CARTESIAN_POINT('Origin',(6.37292594009394,3.09697364292314,-1.61857781501232));
#5478=CARTESIAN_POINT('',(13.5808751983796,-6.25882833710179,21.2734615762254));
#5479=CARTESIAN_POINT('Origin',(0.22718555349094,-6.25882833710177,25.4780986435587));
#5480=CARTESIAN_POINT('Origin',(20.5229894889344,-1.90302635707685,30.7472038229255));
#5481=CARTESIAN_POINT('',(20.8750547963776,-3.40302635707685,30.7438242274121));
#5482=CARTESIAN_POINT('Origin',(19.7895412697507,-1.90302635707686,6.21356480983934));
#5483=CARTESIAN_POINT('',(20.2922162721883,-1.90302635707686,6.70668087265607));
#5484=CARTESIAN_POINT('',(19.7895412697508,3.09697364292314,6.21356480983934));
#5485=CARTESIAN_POINT('Origin',(20.9963496416677,-1.90302635707686,6.69992165518692));
#5486=CARTESIAN_POINT('Origin',(21.210801973173,-3.40302635707685,29.040522951758));
#5487=CARTESIAN_POINT('',(23.3523869290861,-3.40302635707685,31.1413832223631));
#5488=CARTESIAN_POINT('Origin',(21.210801973173,-3.40302635707685,29.040522951758));
#5489=CARTESIAN_POINT('',(22.4821821123507,-3.40302635707685,32.0284567560764));
#5490=CARTESIAN_POINT('',(23.3523869290861,-3.40302635707685,31.1413832223631));
#5491=CARTESIAN_POINT('',(19.9970152362814,-3.40302635707685,32.0523127244066));
#5492=CARTESIAN_POINT('',(21.8608903933334,-3.40302635707685,32.034420748159));
#5493=CARTESIAN_POINT('',(19.5534784694247,-3.40302635707685,31.6172103160389));
#5494=CARTESIAN_POINT('Origin',(20.9800287564269,3.09697364292314,5.00000000148856));
#5495=CARTESIAN_POINT('Origin',(23.3523869290861,-1.90302635707685,31.1413832223631));
#5496=CARTESIAN_POINT('',(22.4821821123507,-1.90302635707685,32.0284567560764));
#5497=CARTESIAN_POINT('',(23.3523869290861,-13.9030263570769,31.1413832223631));
#5498=CARTESIAN_POINT('Origin',(22.4821821123507,-1.90302635707685,32.0284567560764));
#5499=CARTESIAN_POINT('',(19.9970152362814,-1.90302635707685,32.0523127244066));
#5500=CARTESIAN_POINT('Origin',(19.9970152362814,-1.90302635707685,32.0523127244066));
#5501=CARTESIAN_POINT('Origin',(21.210801973173,-13.9030263570769,29.040522951758));
#5502=CARTESIAN_POINT('Ctrl Pts',(-6.1721114918946,-5.30982913076405,7.5734382241358));
#5503=CARTESIAN_POINT('Ctrl Pts',(-6.41485767327387,-5.30982913076405,6.80249007410286));
#5504=CARTESIAN_POINT('Ctrl Pts',(-6.25627349129894,-4.92433684980614,5.06608167221595));
#5505=CARTESIAN_POINT('Ctrl Pts',(-4.26549439233292,-3.62105030723837,3.81539650092882));
#5506=CARTESIAN_POINT('Ctrl Pts',(-2.02116101241127,-2.57401821120277,4.8590581479825));
#5507=CARTESIAN_POINT('Ctrl Pts',(-1.21812531609061,-2.57570013548082,7.4192276439325));
#5508=CARTESIAN_POINT('Ctrl Pts',(-2.4541705512732,-3.62050574216725,9.56489420785777));
#5509=CARTESIAN_POINT('Ctrl Pts',(-4.80467520634356,-4.92394618172664,9.67400562993537));
#5510=CARTESIAN_POINT('Ctrl Pts',(-5.92936531051534,-5.30982913076405,8.34438637416875));
#5511=CARTESIAN_POINT('Ctrl Pts',(-6.1721114918946,-5.30982913076405,7.5734382241358));
#5512=CARTESIAN_POINT('Ctrl Pts',(-6.01201564222892,-5.35539139674228,7.52302931380979));
#5513=CARTESIAN_POINT('Ctrl Pts',(-6.24367196867939,-5.35539139674228,6.78730191614012));
#5514=CARTESIAN_POINT('Ctrl Pts',(-6.08796008293031,-4.98803782406074,5.12897632771149));
#5515=CARTESIAN_POINT('Ctrl Pts',(-4.18024079996254,-3.75411564310749,3.94857973851034));
#5516=CARTESIAN_POINT('Ctrl Pts',(-2.05368248948996,-2.77536315536897,4.94810584765025));
#5517=CARTESIAN_POINT('Ctrl Pts',(-1.29563494993968,-2.77696484852645,7.36501039902696));
#5518=CARTESIAN_POINT('Ctrl Pts',(-2.46052877406424,-3.75347849339564,9.40666687062919));
#5519=CARTESIAN_POINT('Ctrl Pts',(-4.70282853251705,-4.98769795217189,9.52605132793898));
#5520=CARTESIAN_POINT('Ctrl Pts',(-5.78035931577845,-5.35539139674228,8.25875671147947));
#5521=CARTESIAN_POINT('Ctrl Pts',(-6.01201564222892,-5.35539139674228,7.5230293138098));
#5522=CARTESIAN_POINT('Ctrl Pts',(-5.85191979256324,-5.40095366272051,7.47262040348379));
#5523=CARTESIAN_POINT('Ctrl Pts',(-6.07248626408492,-5.40095366272051,6.77211375817737));
#5524=CARTESIAN_POINT('Ctrl Pts',(-5.91964667456168,-5.05173879831533,5.19187098320702));
#5525=CARTESIAN_POINT('Ctrl Pts',(-4.09498720759216,-3.8871809789766,4.08176297609186));
#5526=CARTESIAN_POINT('Ctrl Pts',(-2.08620396656866,-2.97670809953518,5.03715354731799));
#5527=CARTESIAN_POINT('Ctrl Pts',(-1.37314458378874,-2.97822956157208,7.3107931541214));
#5528=CARTESIAN_POINT('Ctrl Pts',(-2.46688699685528,-3.88645124462403,9.24843953340062));
#5529=CARTESIAN_POINT('Ctrl Pts',(-4.60098185869055,-5.05144972261714,9.37809702594259));
#5530=CARTESIAN_POINT('Ctrl Pts',(-5.63135332104156,-5.40095366272051,8.1731270487902));
#5531=CARTESIAN_POINT('Ctrl Pts',(-5.85191979256324,-5.40095366272051,7.47262040348379));
#5532=CARTESIAN_POINT('Ctrl Pts',(-5.69182394289756,-5.44651592869874,7.42221149315778));
#5533=CARTESIAN_POINT('Ctrl Pts',(-5.90130055949044,-5.44651592869874,6.75692560021463));
#5534=CARTESIAN_POINT('Ctrl Pts',(-5.75133326619305,-5.11543977256992,5.25476563870256));
#5535=CARTESIAN_POINT('Ctrl Pts',(-4.00973361522178,-4.02024631484571,4.21494621367338));
#5536=CARTESIAN_POINT('Ctrl Pts',(-2.11872544364735,-3.17805304370138,5.12620124698574));
#5537=CARTESIAN_POINT('Ctrl Pts',(-1.45065421763781,-3.17949427461772,7.25657590921585));
#5538=CARTESIAN_POINT('Ctrl Pts',(-2.47324521964632,-4.01942399585241,9.09021219617204));
#5539=CARTESIAN_POINT('Ctrl Pts',(-4.49913518486404,-5.11520149306239,9.23014272394619));
#5540=CARTESIAN_POINT('Ctrl Pts',(-5.48234732630468,-5.44651592869874,8.08749738610093));
#5541=CARTESIAN_POINT('Ctrl Pts',(-5.69182394289756,-5.44651592869874,7.42221149315778));
#5542=CARTESIAN_POINT('',(-6.1721114918946,-5.30982913076405,7.5734382241358));
#5543=CARTESIAN_POINT('Origin',(21.210801973173,3.09697364292315,29.040522951758));
#5544=CARTESIAN_POINT('',(26.2105716206455,3.09697364292315,28.9925284498529));
#5545=CARTESIAN_POINT('Origin',(25.9797984038994,3.09697364292314,4.95200549958344));
#5546=CARTESIAN_POINT('Origin',(0.0595611156333097,-14.6677962361701,7.12256805998139));
#5547=CARTESIAN_POINT('Origin',(1.90540731577854,-14.0273880531888,8.41205399590185));
#5548=CARTESIAN_POINT('',(1.90540731577854,-14.0273880531888,8.41205399590185));
#5549=CARTESIAN_POINT('Origin',(-0.365388153884082,-15.0373937185674,8.41205399574074));
#5550=CARTESIAN_POINT('Origin',(-15.6538389274424,-16.4387359275211,5.31692499345141));
#5551=CARTESIAN_POINT('Ctrl Pts',(-10.4670305368239,-17.3530263570769,-7.42642258422054E-10));
#5552=CARTESIAN_POINT('Ctrl Pts',(-9.48986457896725,-17.3530263570769,-6.73311334232854E-10));
#5553=CARTESIAN_POINT('Ctrl Pts',(-7.86980775035073,-16.5299418796834,-5.58366786880442E-10));
#5554=CARTESIAN_POINT('Ctrl Pts',(-7.00193343196937,-14.1210367046969,-4.96790630975675E-10));
#5555=CARTESIAN_POINT('Ctrl Pts',(-7.33797205754272,-12.7015125320358,-5.20633159533351E-10));
#5556=CARTESIAN_POINT('Ctrl Pts',(-7.68183909986602,-12.1058957127978,-5.45030980436658E-10));
#5557=CARTESIAN_POINT('Ctrl Pts',(-10.4670305370667,-17.3530263570769,3.42167001206757));
#5558=CARTESIAN_POINT('Ctrl Pts',(-9.48986457921002,-17.3530263570769,3.4216700121369));
#5559=CARTESIAN_POINT('Ctrl Pts',(-7.8698077505935,-16.5299418796834,3.42167001225185));
#5560=CARTESIAN_POINT('Ctrl Pts',(-7.00193343221215,-14.1210367046969,3.42167001231342));
#5561=CARTESIAN_POINT('Ctrl Pts',(-7.33797205778549,-12.7015125320358,3.42167001228958));
#5562=CARTESIAN_POINT('Ctrl Pts',(-7.68183910010879,-12.1058957127978,3.42167001226518));
#5563=CARTESIAN_POINT('',(-10.4670305370667,-17.3530263570769,3.42167001206757));
#5564=CARTESIAN_POINT('',(-10.4670305368239,-17.3530263570769,-7.42642417082166E-10));
#5565=CARTESIAN_POINT('Ctrl Pts',(-10.4670305370667,-17.3530263570769,3.42167001206757));
#5566=CARTESIAN_POINT('Ctrl Pts',(-10.4670305368239,-17.3530263570769,-7.42642258422054E-10));
#5567=CARTESIAN_POINT('',(-7.68183910004619,-12.1058957127982,2.54470495842799));
#5568=CARTESIAN_POINT('Ctrl Pts',(-7.68183910004657,-12.1058957127978,2.54470495842813));
#5569=CARTESIAN_POINT('Ctrl Pts',(-7.62762066419168,-12.1998082090028,2.52763335865379));
#5570=CARTESIAN_POINT('Ctrl Pts',(-7.57785219885356,-12.2964140630136,2.51191394352277));
#5571=CARTESIAN_POINT('Ctrl Pts',(-7.53257397905161,-12.3953310138986,2.49759860792684));
#5572=CARTESIAN_POINT('Ctrl Pts',(-7.48661218637474,-12.4957413305738,2.48306715130955));
#5573=CARTESIAN_POINT('Ctrl Pts',(-7.44527691278242,-12.5985338403331,2.46998248949967));
#5574=CARTESIAN_POINT('Ctrl Pts',(-7.40865677825594,-12.7033348139293,2.45839890344953));
#5575=CARTESIAN_POINT('Ctrl Pts',(-7.39354082421721,-12.7465942590564,2.4536174640419));
#5576=CARTESIAN_POINT('Ctrl Pts',(-7.37922882941799,-12.7901961523566,2.44909178536642));
#5577=CARTESIAN_POINT('Ctrl Pts',(-7.36572949238954,-12.8341149858218,2.44482568505753));
#5578=CARTESIAN_POINT('Ctrl Pts',(-7.33328655416238,-12.9396650582527,2.43457297201684));
#5579=CARTESIAN_POINT('Ctrl Pts',(-7.3056757958355,-13.0465831029603,2.4258648970682));
#5580=CARTESIAN_POINT('Ctrl Pts',(-7.2829261011909,-13.1544911240174,2.41871439942197));
#5581=CARTESIAN_POINT('Ctrl Pts',(-7.2600626478234,-13.2629387337968,2.4115281460659));
#5582=CARTESIAN_POINT('Ctrl Pts',(-7.24210875789075,-13.3723871009077,2.40591508613522));
#5583=CARTESIAN_POINT('Ctrl Pts',(-7.22914208149967,-13.4824741976402,2.40188835391815));
#5584=CARTESIAN_POINT('Ctrl Pts',(-7.21634412240935,-13.591128884305,2.39791401595925));
#5585=CARTESIAN_POINT('Ctrl Pts',(-7.20840433795537,-13.7004066327682,2.39548499293588));
#5586=CARTESIAN_POINT('Ctrl Pts',(-7.20544662891834,-13.8099676825049,2.39461391308371));
#5587=CARTESIAN_POINT('Ctrl Pts',(-7.20274820990071,-13.9099239718154,2.39381919717029));
#5588=CARTESIAN_POINT('Ctrl Pts',(-7.20419708085794,-14.0101166171374,2.39432124092114));
#5589=CARTESIAN_POINT('Ctrl Pts',(-7.20992513401577,-14.110284972244,2.39612963402472));
#5590=CARTESIAN_POINT('Ctrl Pts',(-7.21094653568923,-14.1281465602416,2.39645209886424));
#5591=CARTESIAN_POINT('Ctrl Pts',(-7.21210409676551,-14.1460073573337,2.39681610101543));
#5592=CARTESIAN_POINT('Ctrl Pts',(-7.21339735175892,-14.1638657239554,2.39722169485));
#5593=CARTESIAN_POINT('Ctrl Pts',(-7.22169146433626,-14.2783978958495,2.39982291498198));
#5594=CARTESIAN_POINT('Ctrl Pts',(-7.23552323830435,-14.3923000546624,2.40412266172129));
#5595=CARTESIAN_POINT('Ctrl Pts',(-7.25465232518576,-14.5051512236907,2.41008813007719));
#5596=CARTESIAN_POINT('Ctrl Pts',(-7.27322476802408,-14.6147184967659,2.41588000716628));
#5597=CARTESIAN_POINT('Ctrl Pts',(-7.2967913476563,-14.723295994545,2.42324207351778));
#5598=CARTESIAN_POINT('Ctrl Pts',(-7.325186769821,-14.8304941123877,2.43214430542618));
#5599=CARTESIAN_POINT('Ctrl Pts',(-7.35485877224525,-14.9425115634421,2.44144675725223));
#5600=CARTESIAN_POINT('Ctrl Pts',(-7.38980352929863,-15.0530240497467,2.45243097078229));
#5601=CARTESIAN_POINT('Ctrl Pts',(-7.42988930555616,-15.1615656185923,2.46506268818482));
#5602=CARTESIAN_POINT('Ctrl Pts',(-7.46727668805391,-15.2628006583047,2.47684409531281));
#5603=CARTESIAN_POINT('Ctrl Pts',(-7.50913703947326,-15.3623217530798,2.49005866670374));
#5604=CARTESIAN_POINT('Ctrl Pts',(-7.55540459136103,-15.4597205142422,2.50467860751885));
#5605=CARTESIAN_POINT('Ctrl Pts',(-7.55874390170997,-15.4667501641341,2.50573378588193));
#5606=CARTESIAN_POINT('Ctrl Pts',(-7.56210618555659,-15.4737687426368,2.50679628491832));
#5607=CARTESIAN_POINT('Ctrl Pts',(-7.56549142557405,-15.4807760884287,2.50786609417828));
#5608=CARTESIAN_POINT('Ctrl Pts',(-7.61359304084039,-15.5803449962697,2.52306724776426));
#5609=CARTESIAN_POINT('Ctrl Pts',(-7.6661042031165,-15.6771891933279,2.53967329969395));
#5610=CARTESIAN_POINT('Ctrl Pts',(-7.72287362581236,-15.7709007746444,2.55761396932999));
#5611=CARTESIAN_POINT('Ctrl Pts',(-7.77964304850822,-15.8646123559609,2.57555463896602));
#5612=CARTESIAN_POINT('Ctrl Pts',(-7.8406710568058,-15.9551922135579,2.5948299263084));
#5613=CARTESIAN_POINT('Ctrl Pts',(-7.90584916124544,-16.0422026367841,2.61536955071974));
#5614=CARTESIAN_POINT('Ctrl Pts',(-7.97384342483769,-16.1329725311064,2.63679663345431));
#5615=CARTESIAN_POINT('Ctrl Pts',(-8.0463547483625,-16.2198585154164,2.6595996703584));
#5616=CARTESIAN_POINT('Ctrl Pts',(-8.12303643165517,-16.3026981291443,2.68369887163915));
#5617=CARTESIAN_POINT('Ctrl Pts',(-8.19971811494784,-16.3855377428722,2.7077980729199));
#5618=CARTESIAN_POINT('Ctrl Pts',(-8.28057101680095,-16.4643314532572,2.73319343857732));
#5619=CARTESIAN_POINT('Ctrl Pts',(-8.36527708131639,-16.5388637991687,2.75980517881857));
#5620=CARTESIAN_POINT('Ctrl Pts',(-8.44882653402767,-16.6123784494575,2.78605355130016));
#5621=CARTESIAN_POINT('Ctrl Pts',(-8.53571135434716,-16.681383477924,2.81335357401441));
#5622=CARTESIAN_POINT('Ctrl Pts',(-8.62554217715225,-16.7457465136854,2.84159427493327));
#5623=CARTESIAN_POINT('Ctrl Pts',(-8.71548797567622,-16.8101919285911,2.86987112151782));
#5624=CARTESIAN_POINT('Ctrl Pts',(-8.80838807662357,-16.8699838347557,2.89909105582221));
#5625=CARTESIAN_POINT('Ctrl Pts',(-8.90387986763181,-16.9249453043653,2.92914267916886));
#5626=CARTESIAN_POINT('Ctrl Pts',(-8.99775667481601,-16.9789772502595,2.95868606107321));
#5627=CARTESIAN_POINT('Ctrl Pts',(-9.09413900887974,-17.0283409946403,2.98903323838937));
#5628=CARTESIAN_POINT('Ctrl Pts',(-9.19269832364587,-17.072821637854,3.02007836940676));
#5629=CARTESIAN_POINT('Ctrl Pts',(-9.28820387050533,-17.1159240900663,3.05016159616392));
#5630=CARTESIAN_POINT('Ctrl Pts',(-9.38575423865714,-17.1544414409264,3.08090019578497));
#5631=CARTESIAN_POINT('Ctrl Pts',(-9.48505534862754,-17.1881316965573,3.11219786309795));
#5632=CARTESIAN_POINT('Ctrl Pts',(-9.59150119822487,-17.2242459744829,3.14574740537939));
#5633=CARTESIAN_POINT('Ctrl Pts',(-9.699396356971,-17.2546226342507,3.17976029227074));
#5634=CARTESIAN_POINT('Ctrl Pts',(-9.80832495279376,-17.2790851821436,3.21409936174908));
#5635=CARTESIAN_POINT('Ctrl Pts',(-9.9165910488276,-17.3033989497029,3.24822958224605));
#5636=CARTESIAN_POINT('Ctrl Pts',(-10.0258788292475,-17.3218706305954,3.28268202973415));
#5637=CARTESIAN_POINT('Ctrl Pts',(-10.1357938055643,-17.3342773896446,3.31732202964377));
#5638=CARTESIAN_POINT('Ctrl Pts',(-10.245708781881,-17.3466841486937,3.35196202955339));
#5639=CARTESIAN_POINT('Ctrl Pts',(-10.356251708935,-17.3530263570769,3.38678958188453));
#5640=CARTESIAN_POINT('Ctrl Pts',(-10.4670305370667,-17.3530263570769,3.42167001206757));
#5641=CARTESIAN_POINT('',(-7.68183909986564,-12.1058957127982,-5.4503013213747E-10));
#5642=CARTESIAN_POINT('Ctrl Pts',(-7.68183909986576,-12.1058957127982,-5.45026246356883E-10));
#5643=CARTESIAN_POINT('Ctrl Pts',(-7.68183909989443,-12.1058957127982,0.404125624715264));
#5644=CARTESIAN_POINT('Ctrl Pts',(-7.6818390999231,-12.1058957127982,0.808251249975552));
#5645=CARTESIAN_POINT('Ctrl Pts',(-7.68183909998329,-12.1058957127982,1.65648623629989));
#5646=CARTESIAN_POINT('Ctrl Pts',(-7.6818391000148,-12.1058957127982,2.10059559736394));
#5647=CARTESIAN_POINT('Ctrl Pts',(-7.68183910004631,-12.1058957127982,2.54470495842799));
#5648=CARTESIAN_POINT('Ctrl Pts',(-10.4670305368239,-17.3530263570769,-7.42641590601074E-10));
#5649=CARTESIAN_POINT('Ctrl Pts',(-9.48986457896725,-17.3530263570769,-6.73310666411873E-10));
#5650=CARTESIAN_POINT('Ctrl Pts',(-8.51783048179734,-16.8591756706408,-6.04343938000427E-10));
#5651=CARTESIAN_POINT('Ctrl Pts',(-7.90584916105988,-16.0422026367841,-5.60923377974622E-10));
#5652=CARTESIAN_POINT('Ctrl Pts',(-7.49786161390158,-15.4975539475463,-5.31976337957419E-10));
#5653=CARTESIAN_POINT('Ctrl Pts',(-7.24989752293547,-14.8092953261216,-5.14383150556056E-10));
#5654=CARTESIAN_POINT('Ctrl Pts',(-7.20992513384576,-14.110284972244,-5.11547188994795E-10));
#5655=CARTESIAN_POINT('Ctrl Pts',(-7.16995274475606,-13.4112746183666,-5.08711227433534E-10));
#5656=CARTESIAN_POINT('Ctrl Pts',(-7.33797205754261,-12.7015125320362,-5.20632491712363E-10));
#5657=CARTESIAN_POINT('Ctrl Pts',(-7.68183909986569,-12.1058957127984,-5.45030312615654E-10));
#5658=CARTESIAN_POINT('Origin',(0.00923300507302453,-13.185021630219,0.0600662438332406));
#5659=CARTESIAN_POINT('',(0.,0.,0.));
#5660=CARTESIAN_POINT('',(0.018466010146041,0.0110931488552613,0.120132487666476));
#5661=CARTESIAN_POINT('',(-0.0716970957729956,-0.0430708393209889,-0.466432673087156));
#5662=CARTESIAN_POINT('',(0.0184660101460464,-14.4099748112116,0.120132487666479));
#5663=CARTESIAN_POINT('',(0.0184660101460461,-13.185021630219,0.120132487666479));
#5664=CARTESIAN_POINT('',(5.42210774337137E-15,-14.41900241261,4.44089209850063E-15));
#5665=CARTESIAN_POINT('',(-0.0590041214207461,-14.4478481505271,-0.38385725085122));
#5666=CARTESIAN_POINT('',(5.14810896806029E-15,-13.185021630219,3.33066907387547E-15));
#5667=CARTESIAN_POINT('Origin',(0.923439531044727,0.554740958711195,6.5518701575229E-11));
#5668=CARTESIAN_POINT('',(-13.6212955971499,-8.1827670620758,-9.6644109381927E-10));
#5669=CARTESIAN_POINT('',(-4.07076225278058,-2.44544280256014,-2.8882340963321E-10));
#5670=CARTESIAN_POINT('',(-13.6212955974632,-8.1827670620758,4.41484419432166));
#5671=CARTESIAN_POINT('',(-13.6212955971499,-8.1827670620758,-9.66441648930783E-10));
#5672=CARTESIAN_POINT('',(-8.85851696876739,-5.32160691706477,2.91520206557245));
#5673=CARTESIAN_POINT('Origin',(-6.37026582772624,-9.93130733291702,-4.51973736215194E-10));
#5674=CARTESIAN_POINT('',(-4.76081566909915,-16.7464540836545,-3.37780636794349E-10));
#5675=CARTESIAN_POINT('',(-4.16475133708874,-16.4550521428922,-2.95489188673059E-10));
#5676=CARTESIAN_POINT('Ctrl Pts',(-13.6212955971502,-8.18276706207593,-9.66441317503926E-10));
#5677=CARTESIAN_POINT('Ctrl Pts',(-14.6006880622664,-8.77112081647766,-1.03593011337951E-9));
#5678=CARTESIAN_POINT('Ctrl Pts',(-15.4218176365482,-9.63797702892815,-1.09418994733133E-9));
#5679=CARTESIAN_POINT('Ctrl Pts',(-15.9744506130563,-10.660143289395,-1.13339964630792E-9));
#5680=CARTESIAN_POINT('Ctrl Pts',(-16.5270835895644,-11.6823095498619,-1.17260934528452E-9));
#5681=CARTESIAN_POINT('Ctrl Pts',(-16.8112199682989,-12.8597858583451,-1.19276890928587E-9));
#5682=CARTESIAN_POINT('Ctrl Pts',(-16.7896787960276,-14.03141616491,-1.19124033939211E-9));
#5683=CARTESIAN_POINT('Ctrl Pts',(-16.7681376237564,-15.2030464714749,-1.18971176949834E-9));
#5684=CARTESIAN_POINT('Ctrl Pts',(-16.4409189004795,-16.3688307761214,-1.16649506570947E-9));
#5685=CARTESIAN_POINT('Ctrl Pts',(-15.850243943362,-17.3681280213035,-1.12458590131701E-9));
#5686=CARTESIAN_POINT('Ctrl Pts',(-15.2595689862445,-18.3674252664856,-1.08267673692456E-9));
#5687=CARTESIAN_POINT('Ctrl Pts',(-14.4054377952865,-19.2002354522032,-1.02207511192854E-9));
#5688=CARTESIAN_POINT('Ctrl Pts',(-13.4045860420365,-19.7480803571067,-9.51063562021808E-10));
#5689=CARTESIAN_POINT('Ctrl Pts',(-12.4037342887864,-20.2959252620102,-8.8005201211508E-10));
#5690=CARTESIAN_POINT('Ctrl Pts',(-11.2561619732443,-20.5588048860995,-7.98630537297651E-10));
#5691=CARTESIAN_POINT('Ctrl Pts',(-10.1257822957652,-20.4951175818014,-7.18428953952253E-10));
#5692=CARTESIAN_POINT('Ctrl Pts',(-8.99540261828599,-20.4314302775033,-6.38227370606855E-10));
#5693=CARTESIAN_POINT('Ctrl Pts',(-7.88221557886974,-20.0411760448179,-5.59245678733487E-10));
#5694=CARTESIAN_POINT('Ctrl Pts',(-6.94466790524597,-19.38474426836,-4.92725825333762E-10));
#5695=CARTESIAN_POINT('Ctrl Pts',(-6.0071202316222,-18.7283124919022,-4.26205971934036E-10));
#5696=CARTESIAN_POINT('Ctrl Pts',(-5.24521192379091,-17.8057031716719,-3.72147957007952E-10));
#5697=CARTESIAN_POINT('Ctrl Pts',(-4.76081566909403,-16.7464540836429,-3.3777972962231E-10));
#5698=CARTESIAN_POINT('Ctrl Pts',(-7.68183909986575,-12.1058957127983,-5.45030663976615E-10));
#5699=CARTESIAN_POINT('Ctrl Pts',(-7.88253990521575,-11.758259095769,-5.59270631752986E-10));
#5700=CARTESIAN_POINT('Ctrl Pts',(-8.14184787847786,-11.447482634083,-5.77667672742054E-10));
#5701=CARTESIAN_POINT('Ctrl Pts',(-8.767779729797,-10.9272232712384,-6.22077389600406E-10));
#5702=CARTESIAN_POINT('Ctrl Pts',(-9.13107148411906,-10.7258346936439,-6.47853992674641E-10));
#5703=CARTESIAN_POINT('Ctrl Pts',(-9.90759035524452,-10.4777729795427,-7.02948532715908E-10));
#5704=CARTESIAN_POINT('Ctrl Pts',(-10.3104968129135,-10.4307634435974,-7.31535387821225E-10));
#5705=CARTESIAN_POINT('Ctrl Pts',(-11.1231091353915,-10.4955365132028,-7.89191489936059E-10));
#5706=CARTESIAN_POINT('Ctrl Pts',(-11.522143329735,-10.6100972516717,-8.17503287287025E-10));
#5707=CARTESIAN_POINT('Ctrl Pts',(-12.2773201374797,-10.9968699992619,-8.71083760678459E-10));
#5708=CARTESIAN_POINT('Ctrl Pts',(-12.620315655947,-11.2728802512678,-8.95419294266731E-10));
#5709=CARTESIAN_POINT('Ctrl Pts',(-13.1997131607128,-11.9595128206791,-9.36528077311038E-10));
#5710=CARTESIAN_POINT('Ctrl Pts',(-13.4230289549125,-12.3701459034114,-9.52372625206976E-10));
#5711=CARTESIAN_POINT('Ctrl Pts',(-13.704642826328,-13.2621237313587,-9.72353031425399E-10));
#5712=CARTESIAN_POINT('Ctrl Pts',(-13.7569569157266,-13.7383344063362,-9.76065062108233E-10));
#5713=CARTESIAN_POINT('Ctrl Pts',(-13.6782314178352,-14.6702932442289,-9.70479252515588E-10));
#5714=CARTESIAN_POINT('Ctrl Pts',(-13.5519253459019,-15.1203906839318,-9.61517532260814E-10));
#5715=CARTESIAN_POINT('Ctrl Pts',(-13.1453811420746,-15.9223922238691,-9.32672827858028E-10));
#5716=CARTESIAN_POINT('Ctrl Pts',(-12.8765611396133,-16.2724977195834,-9.13599196294967E-10));
#5717=CARTESIAN_POINT('Ctrl Pts',(-12.2366459152564,-16.8327096463869,-8.68196903258678E-10));
#5718=CARTESIAN_POINT('Ctrl Pts',(-11.877597252487,-17.0440745773785,-8.42721725735629E-10));
#5719=CARTESIAN_POINT('Ctrl Pts',(-11.4872732201347,-17.1799754701816,-8.15028045053623E-10));
#5720=CARTESIAN_POINT('Ctrl Pts',(-11.2715849893358,-17.255072622043,-7.9972473088219E-10));
#5721=CARTESIAN_POINT('Ctrl Pts',(-11.0485319639588,-17.3063429792546,-7.8389905677767E-10));
#5722=CARTESIAN_POINT('Ctrl Pts',(-10.7038174940365,-17.3462097128007,-7.59441142964452E-10));
#5723=CARTESIAN_POINT('Ctrl Pts',(-10.5854288853566,-17.3530263570769,-7.51042061386548E-10));
#5724=CARTESIAN_POINT('Ctrl Pts',(-10.4670305368239,-17.3530263570769,-7.42641590601074E-10));
#5725=CARTESIAN_POINT('Ctrl Pts',(-7.68183909986569,-12.1058957127984,-5.45030980436634E-10));
#5726=CARTESIAN_POINT('Ctrl Pts',(-8.02066101826794,-11.5190176218843,-5.69070843133102E-10));
#5727=CARTESIAN_POINT('Ctrl Pts',(-9.03526701909854,-10.5743082191236,-6.41058339291472E-10));
#5728=CARTESIAN_POINT('Ctrl Pts',(-11.0267174217888,-10.2941327089865,-7.82353830517236E-10));
#5729=CARTESIAN_POINT('Ctrl Pts',(-12.8369307879559,-11.2362927361548,-9.10790158209538E-10));
#5730=CARTESIAN_POINT('Ctrl Pts',(-13.8527750600201,-13.1111544542782,-9.828650256088E-10));
#5731=CARTESIAN_POINT('Ctrl Pts',(-13.6797379200431,-15.2736275185756,-9.70587491284247E-10));
#5732=CARTESIAN_POINT('Ctrl Pts',(-12.393593246385,-16.9434808357642,-8.79333923721072E-10));
#5733=CARTESIAN_POINT('Ctrl Pts',(-11.1089166995717,-17.3530263570769,-7.88184738212459E-10));
#5734=CARTESIAN_POINT('Ctrl Pts',(-10.4670305368239,-17.3530263570769,-7.42642258422054E-10));
#5735=CARTESIAN_POINT('Ctrl Pts',(-7.68183910018195,-12.1058957127984,4.45742386817103));
#5736=CARTESIAN_POINT('Ctrl Pts',(-8.0206610185842,-11.5190176218843,4.45742386814699));
#5737=CARTESIAN_POINT('Ctrl Pts',(-9.0352670194148,-10.5743082191236,4.457423868075));
#5738=CARTESIAN_POINT('Ctrl Pts',(-11.026717422105,-10.2941327089865,4.4574238679337));
#5739=CARTESIAN_POINT('Ctrl Pts',(-12.8369307882722,-11.2362927361548,4.45742386780527));
#5740=CARTESIAN_POINT('Ctrl Pts',(-13.8527750603363,-13.1111544542782,4.45742386773319));
#5741=CARTESIAN_POINT('Ctrl Pts',(-13.6797379203594,-15.2736275185756,4.45742386774547));
#5742=CARTESIAN_POINT('Ctrl Pts',(-12.3935932467013,-16.9434808357642,4.45742386783672));
#5743=CARTESIAN_POINT('Ctrl Pts',(-11.1089166998879,-17.3530263570769,4.45742386792787));
#5744=CARTESIAN_POINT('Ctrl Pts',(-10.4670305371402,-17.3530263570769,4.45742386797342));
#5745=CARTESIAN_POINT('Ctrl Pts',(-10.4670305370667,-17.3530263570769,3.42167001206757));
#5746=CARTESIAN_POINT('Ctrl Pts',(-10.555599034287,-17.3530263570769,3.44955731485156));
#5747=CARTESIAN_POINT('Ctrl Pts',(-10.6442748358458,-17.3492119532545,3.47747840423769));
#5748=CARTESIAN_POINT('Ctrl Pts',(-10.7328393154562,-17.3415549263502,3.50536444200866));
#5749=CARTESIAN_POINT('Ctrl Pts',(-10.9892376483037,-17.3193874734224,3.58609583258021));
#5750=CARTESIAN_POINT('Ctrl Pts',(-11.2421516754244,-17.2652338112686,3.66573013003353));
#5751=CARTESIAN_POINT('Ctrl Pts',(-11.739240267688,-17.0923364589242,3.82224695619625));
#5752=CARTESIAN_POINT('Ctrl Pts',(-11.980811775056,-16.97204088894,3.89830986774368));
#5753=CARTESIAN_POINT('Ctrl Pts',(-12.5483175925587,-16.5941104389053,4.07699875895305));
#5754=CARTESIAN_POINT('Ctrl Pts',(-12.847261133798,-16.3009105318206,4.17112623442689));
#5755=CARTESIAN_POINT('Ctrl Pts',(-13.3323207293337,-15.6095215680886,4.32385552569328));
#5756=CARTESIAN_POINT('Ctrl Pts',(-13.5122098351568,-15.2157029921919,4.38049668049953));
#5757=CARTESIAN_POINT('Ctrl Pts',(-13.7300051355205,-14.3582612817983,4.44907324752723));
#5758=CARTESIAN_POINT('Ctrl Pts',(-13.75828264891,-13.9001103001644,4.45797690517308));
#5759=CARTESIAN_POINT('Ctrl Pts',(-13.6446087867509,-12.9943201163603,4.42218474981144));
#5760=CARTESIAN_POINT('Ctrl Pts',(-13.5020563386851,-12.5553901762824,4.3772996788183));
#5761=CARTESIAN_POINT('Ctrl Pts',(-13.0639539807303,-11.7652764174196,4.2393556751363));
#5762=CARTESIAN_POINT('Ctrl Pts',(-12.7739515093049,-11.4209082090526,4.14804344811474));
#5763=CARTESIAN_POINT('Ctrl Pts',(-12.0853135614975,-10.8732170923441,3.93121403854168));
#5764=CARTESIAN_POINT('Ctrl Pts',(-11.6943589161749,-10.6742699501584,3.80811529676562));
#5765=CARTESIAN_POINT('Ctrl Pts',(-10.8699553204934,-10.4506356049843,3.54853775609901));
#5766=CARTESIAN_POINT('Ctrl Pts',(-10.4458268681497,-10.4244862932778,3.41499367506538));
#5767=CARTESIAN_POINT('Ctrl Pts',(-9.62198373816349,-10.5426425457006,3.15559260658736));
#5768=CARTESIAN_POINT('Ctrl Pts',(-9.22978236958686,-10.6815181065744,3.03210131271808));
#5769=CARTESIAN_POINT('Ctrl Pts',(-8.51907906464732,-11.1025393339539,2.80832424890344));
#5770=CARTESIAN_POINT('Ctrl Pts',(-8.20618105977952,-11.379266180993,2.70980297242123));
#5771=CARTESIAN_POINT('Ctrl Pts',(-7.85114592097652,-11.8346146170001,2.59801410024325));
#5772=CARTESIAN_POINT('Ctrl Pts',(-7.76182033106194,-11.9673591258275,2.56988841390456));
#5773=CARTESIAN_POINT('Ctrl Pts',(-7.68183910004657,-12.1058957127978,2.54470495842813));
#5774=CARTESIAN_POINT('Ctrl Pts',(-13.6212955971499,-8.18276706207578,-9.66442448931716E-10));
#5775=CARTESIAN_POINT('Ctrl Pts',(-14.6006880622662,-8.77112081647751,-1.0359312448073E-9));
#5776=CARTESIAN_POINT('Ctrl Pts',(-16.24294721083,-10.5048332413786,-1.15245091271097E-9));
#5777=CARTESIAN_POINT('Ctrl Pts',(-17.0953563470333,-14.0372621668284,-1.21292960471503E-9));
#5778=CARTESIAN_POINT('Ctrl Pts',(-16.1137001772026,-17.5346150807679,-1.1432794933484E-9));
#5779=CARTESIAN_POINT('Ctrl Pts',(-13.5513066043285,-20.0330456379209,-9.61474618360318E-10));
#5780=CARTESIAN_POINT('Ctrl Pts',(-10.1085896577022,-20.8216845101887,-7.17210193908031E-10));
#5781=CARTESIAN_POINT('Ctrl Pts',(-6.7690285394535,-19.6509218121325,-4.80265118287929E-10));
#5782=CARTESIAN_POINT('Ctrl Pts',(-5.24521192379091,-17.8057031716719,-3.72149088435761E-10));
#5783=CARTESIAN_POINT('Ctrl Pts',(-4.76081566909403,-16.7464540836429,-3.37780861050119E-10));
#5784=CARTESIAN_POINT('Ctrl Pts',(-13.6212955975346,-8.18276706207578,5.42187297883883));
#5785=CARTESIAN_POINT('Ctrl Pts',(-14.6006880626509,-8.77112081647751,5.42187297876934));
#5786=CARTESIAN_POINT('Ctrl Pts',(-16.2429472112147,-10.5048332413786,5.42187297865282));
#5787=CARTESIAN_POINT('Ctrl Pts',(-17.095356347418,-14.0372621668284,5.42187297859235));
#5788=CARTESIAN_POINT('Ctrl Pts',(-16.1137001775872,-17.5346150807679,5.42187297866199));
#5789=CARTESIAN_POINT('Ctrl Pts',(-13.5513066047132,-20.0330456379209,5.4218729788438));
#5790=CARTESIAN_POINT('Ctrl Pts',(-10.1085896580869,-20.8216845101887,5.42187297908806));
#5791=CARTESIAN_POINT('Ctrl Pts',(-6.76902853983819,-19.6509218121325,5.42187297932501));
#5792=CARTESIAN_POINT('Ctrl Pts',(-5.24521192417559,-17.8057031716719,5.42187297943313));
#5793=CARTESIAN_POINT('Ctrl Pts',(-4.76081566947872,-16.7464540836429,5.42187297946749));
#5794=CARTESIAN_POINT('',(-4.76081566921444,-16.7464540836545,1.62497088354439));
#5795=CARTESIAN_POINT('Ctrl Pts',(-13.6212955974632,-8.1827670620758,4.41484419432166));
#5796=CARTESIAN_POINT('Ctrl Pts',(-13.7393935015753,-8.25371241620566,4.45202936395754));
#5797=CARTESIAN_POINT('Ctrl Pts',(-13.8553610660276,-8.32880806350862,4.48856631368318));
#5798=CARTESIAN_POINT('Ctrl Pts',(-13.9690427968948,-8.4079184885645,4.52439166899992));
#5799=CARTESIAN_POINT('Ctrl Pts',(-14.1140722248833,-8.50884358537878,4.57009585338767));
#5800=CARTESIAN_POINT('Ctrl Pts',(-14.2547997738744,-8.61589597220717,4.61445692322089));
#5801=CARTESIAN_POINT('Ctrl Pts',(-14.390967808623,-8.72867598508976,4.65737412641369));
#5802=CARTESIAN_POINT('Ctrl Pts',(-14.5292650632648,-8.84321950618051,4.70096241341086));
#5803=CARTESIAN_POINT('Ctrl Pts',(-14.6628596456543,-8.96367160700691,4.74306132608851));
#5804=CARTESIAN_POINT('Ctrl Pts',(-14.7914528560594,-9.08965878302865,4.78356531177882));
#5805=CARTESIAN_POINT('Ctrl Pts',(-14.9200194067742,-9.21561983963788,4.82406090026281));
#5806=CARTESIAN_POINT('Ctrl Pts',(-15.0435871516198,-9.3471142240973,4.86296222300515));
#5807=CARTESIAN_POINT('Ctrl Pts',(-15.1618212818179,-9.48380593914754,4.90016379297332));
#5808=CARTESIAN_POINT('Ctrl Pts',(-15.2784359299919,-9.61862535408433,4.93685580386803));
#5809=CARTESIAN_POINT('Ctrl Pts',(-15.3898624622229,-9.7585012750176,4.97189430695563));
#5810=CARTESIAN_POINT('Ctrl Pts',(-15.4957379331854,-9.90313911763153,5.00517809074764));
#5811=CARTESIAN_POINT('Ctrl Pts',(-15.5723252829782,-10.0077660812224,5.02925464756044));
#5812=CARTESIAN_POINT('Ctrl Pts',(-15.6460071103366,-10.1148853992685,5.05241301761647));
#5813=CARTESIAN_POINT('Ctrl Pts',(-15.716630351817,-10.2243923015168,5.07461489067588));
#5814=CARTESIAN_POINT('Ctrl Pts',(-15.8081356408337,-10.3662784643367,5.10338146621711));
#5815=CARTESIAN_POINT('Ctrl Pts',(-15.8941561035214,-10.5116281945521,5.1304304088717));
#5816=CARTESIAN_POINT('Ctrl Pts',(-15.9744506134221,-10.660143289395,5.15571559145827));
#5817=CARTESIAN_POINT('Ctrl Pts',(-16.0620596439519,-10.8221875374302,5.1833041568025));
#5818=CARTESIAN_POINT('Ctrl Pts',(-16.1428530416986,-10.9880001667351,5.20879298200155));
#5819=CARTESIAN_POINT('Ctrl Pts',(-16.2167677745222,-11.1570728850971,5.2321221506175));
#5820=CARTESIAN_POINT('Ctrl Pts',(-16.2911077999985,-11.3271184187853,5.255585551255));
#5821=CARTESIAN_POINT('Ctrl Pts',(-16.3584899934621,-11.5004623875293,5.27686437122598));
#5822=CARTESIAN_POINT('Ctrl Pts',(-16.4188022131017,-11.6766100595157,5.29589765388362));
#5823=CARTESIAN_POINT('Ctrl Pts',(-16.4787711630716,-11.8517551792243,5.31482260776991));
#5824=CARTESIAN_POINT('Ctrl Pts',(-16.5317505255847,-12.0296729220979,5.33152751275182));
#5825=CARTESIAN_POINT('Ctrl Pts',(-16.5775802102181,-12.2098879941476,5.34595244708229));
#5826=CARTESIAN_POINT('Ctrl Pts',(-16.608295284916,-12.3306682143035,5.35562004438341));
#5827=CARTESIAN_POINT('Ctrl Pts',(-16.6357979223464,-12.4524805376485,5.36426355039833));
#5828=CARTESIAN_POINT('Ctrl Pts',(-16.660026785931,-12.575182168791,5.37186492670315));
#5829=CARTESIAN_POINT('Ctrl Pts',(-16.6964232375726,-12.7595038134535,5.38328366799582));
#5830=CARTESIAN_POINT('Ctrl Pts',(-16.7252991137194,-12.945146447003,5.39230766787236));
#5831=CARTESIAN_POINT('Ctrl Pts',(-16.7465696023268,-13.1315969887794,5.39892778414014));
#5832=CARTESIAN_POINT('Ctrl Pts',(-16.7677527750071,-13.3172821460726,5.40552072465279));
#5833=CARTESIAN_POINT('Ctrl Pts',(-16.7813930005538,-13.5037693446165,5.40972947706185));
#5834=CARTESIAN_POINT('Ctrl Pts',(-16.7873563123863,-13.6905621983368,5.41154501129999));
#5835=CARTESIAN_POINT('Ctrl Pts',(-16.7909811112115,-13.8041042259431,5.41264858370377));
#5836=CARTESIAN_POINT('Ctrl Pts',(-16.791768449794,-13.9177593405716,5.41286790610758));
#5837=CARTESIAN_POINT('Ctrl Pts',(-16.7896787964116,-14.03141616491,5.41220095045445));
#5838=CARTESIAN_POINT('Ctrl Pts',(-16.7868984112957,-14.1826420789267,5.41131353362893));
#5839=CARTESIAN_POINT('Ctrl Pts',(-16.7790254281062,-14.3338713171853,5.40885708625807));
#5840=CARTESIAN_POINT('Ctrl Pts',(-16.7661180391821,-14.4848395917427,5.40482683115471));
#5841=CARTESIAN_POINT('Ctrl Pts',(-16.7502321416234,-14.6706453002645,5.39986655451912));
#5842=CARTESIAN_POINT('Ctrl Pts',(-16.7267759532225,-14.8554244824213,5.39253937342114));
#5843=CARTESIAN_POINT('Ctrl Pts',(-16.6959657109592,-15.0386966803851,5.38288436842913));
#5844=CARTESIAN_POINT('Ctrl Pts',(-16.6649225976559,-15.2233540926223,5.37315638864403));
#5845=CARTESIAN_POINT('Ctrl Pts',(-16.6264136964078,-15.4064823956636,5.36106526350518));
#5846=CARTESIAN_POINT('Ctrl Pts',(-16.5806067289986,-15.5875894135907,5.34665096643579));
#5847=CARTESIAN_POINT('Ctrl Pts',(-16.5349658173993,-15.7680398966225,5.33228892294069));
#5848=CARTESIAN_POINT('Ctrl Pts',(-16.4820794287621,-15.9464844525724,5.31562052054485));
#5849=CARTESIAN_POINT('Ctrl Pts',(-16.4220635554389,-16.1224244772422,5.29668529951999));
#5850=CARTESIAN_POINT('Ctrl Pts',(-16.3665306379315,-16.285222456097,5.27916446696468));
#5851=CARTESIAN_POINT('Ctrl Pts',(-16.3048929243881,-16.4458764205278,5.25970281336053));
#5852=CARTESIAN_POINT('Ctrl Pts',(-16.2372064363631,-16.603974173218,5.23833166382663));
#5853=CARTESIAN_POINT('Ctrl Pts',(-16.1642104838733,-16.7744734320931,5.21528411827437));
#5854=CARTESIAN_POINT('Ctrl Pts',(-16.0844511098536,-16.9413667185558,5.19010228408243));
#5855=CARTESIAN_POINT('Ctrl Pts',(-15.9981044868354,-17.1041941346349,5.16287292323712));
#5856=CARTESIAN_POINT('Ctrl Pts',(-15.9507889845954,-17.1934189439084,5.1479520052089));
#5857=CARTESIAN_POINT('Ctrl Pts',(-15.901494601599,-17.2814227350729,5.13241627033529));
#5858=CARTESIAN_POINT('Ctrl Pts',(-15.850243943725,-17.3681280213035,5.1162799945255));
#5859=CARTESIAN_POINT('Ctrl Pts',(-15.757660028141,-17.5247604477749,5.08712993754308));
#5860=CARTESIAN_POINT('Ctrl Pts',(-15.6586946284872,-17.6771569906819,5.05602006674074));
#5861=CARTESIAN_POINT('Ctrl Pts',(-15.5537316461732,-17.825005379586,5.02303454334894));
#5862=CARTESIAN_POINT('Ctrl Pts',(-15.4481903079436,-17.9736684270342,4.98986726661738));
#5863=CARTESIAN_POINT('Ctrl Pts',(-15.3365846284029,-18.1177336154569,4.95480361030465));
#5864=CARTESIAN_POINT('Ctrl Pts',(-15.2192626083826,-18.2568524421886,4.91792913452991));
#5865=CARTESIAN_POINT('Ctrl Pts',(-15.1437158997076,-18.3464346832075,4.89418469782132));
#5866=CARTESIAN_POINT('Ctrl Pts',(-15.065798127412,-18.433965311017,4.8696894214842));
#5867=CARTESIAN_POINT('Ctrl Pts',(-14.9855944298586,-18.5193428747042,4.84446614990137));
#5868=CARTESIAN_POINT('Ctrl Pts',(-14.8626264808619,-18.6502433720282,4.80579394315598));
#5869=CARTESIAN_POINT('Ctrl Pts',(-14.7347440934788,-18.7755978030097,4.76555573281229));
#5870=CARTESIAN_POINT('Ctrl Pts',(-14.6023327867469,-18.8951351773706,4.72386914622469));
#5871=CARTESIAN_POINT('Ctrl Pts',(-14.4694394332325,-19.0151077306307,4.68203079854179));
#5872=CARTESIAN_POINT('Ctrl Pts',(-14.3319836129863,-19.1292213225879,4.63873350971677));
#5873=CARTESIAN_POINT('Ctrl Pts',(-14.1903131463241,-19.2371700935804,4.59409619646287));
#5874=CARTESIAN_POINT('Ctrl Pts',(-14.049798476067,-19.3442381813623,4.54982304976679));
#5875=CARTESIAN_POINT('Ctrl Pts',(-13.905137093299,-19.4452420754319,4.50423165421228));
#5876=CARTESIAN_POINT('Ctrl Pts',(-13.756635285032,-19.539844844791,4.45743803970243));
#5877=CARTESIAN_POINT('Ctrl Pts',(-13.6415488741611,-19.6131604044534,4.42117377323688));
#5878=CARTESIAN_POINT('Ctrl Pts',(-13.5241551811077,-19.6826307605598,4.38418745526283));
#5879=CARTESIAN_POINT('Ctrl Pts',(-13.4045860423449,-19.7480803571067,4.34653309238093));
#5880=CARTESIAN_POINT('Ctrl Pts',(-13.316427064933,-19.7963367012043,4.3187703254905));
#5881=CARTESIAN_POINT('Ctrl Pts',(-13.2270852512747,-19.8424069149003,4.29064439647918));
#5882=CARTESIAN_POINT('Ctrl Pts',(-13.1366432741811,-19.8862669306386,4.26217695192099));
#5883=CARTESIAN_POINT('Ctrl Pts',(-12.9823459931068,-19.9610937023852,4.21361046282361));
#5884=CARTESIAN_POINT('Ctrl Pts',(-12.8254060797252,-20.0292195876494,4.1642277459724));
#5885=CARTESIAN_POINT('Ctrl Pts',(-12.6662739409653,-20.0906348307195,4.11415499672864));
#5886=CARTESIAN_POINT('Ctrl Pts',(-12.5043173067592,-20.1531401557537,4.06319348765721));
#5887=CARTESIAN_POINT('Ctrl Pts',(-12.3400893286775,-20.2086947888248,4.01151723352275));
#5888=CARTESIAN_POINT('Ctrl Pts',(-12.1740371298408,-20.2572422734369,3.95925926932707));
#5889=CARTESIAN_POINT('Ctrl Pts',(-12.0076863335908,-20.3058770568228,3.90690733412082));
#5890=CARTESIAN_POINT('Ctrl Pts',(-11.8395040583336,-20.3474796502048,3.85397159489383));
#5891=CARTESIAN_POINT('Ctrl Pts',(-11.6699222214443,-20.381944021645,3.8005858056155));
#5892=CARTESIAN_POINT('Ctrl Pts',(-11.5019998962955,-20.4160711280213,3.74772244459778));
#5893=CARTESIAN_POINT('Ctrl Pts',(-11.3327045849183,-20.4431991304121,3.69441779872422));
#5894=CARTESIAN_POINT('Ctrl Pts',(-11.1624486601498,-20.4631749077706,3.64080173355439));
#5895=CARTESIAN_POINT('Ctrl Pts',(-11.0573650924687,-20.4755041465614,3.60770939083137));
#5896=CARTESIAN_POINT('Ctrl Pts',(-10.9519154844438,-20.4851077724375,3.57449841369986));
#5897=CARTESIAN_POINT('Ctrl Pts',(-10.8461971501322,-20.4919398344747,3.5411993367234));
#5898=CARTESIAN_POINT('Ctrl Pts',(-10.6736731197842,-20.5030892238964,3.48685785466869));
#5899=CARTESIAN_POINT('Ctrl Pts',(-10.501085339758,-20.5068179088446,3.43249010961119));
#5900=CARTESIAN_POINT('Ctrl Pts',(-10.3288606904571,-20.5030515703273,3.37823141124103));
#5901=CARTESIAN_POINT('Ctrl Pts',(-10.2611032666847,-20.5015697998837,3.35688470138429));
#5902=CARTESIAN_POINT('Ctrl Pts',(-10.1934019218197,-20.4989273740082,3.33555487009677));
#5903=CARTESIAN_POINT('Ctrl Pts',(-10.1257822960003,-20.4951175818014,3.31425015712074));
#5904=CARTESIAN_POINT('Ctrl Pts',(-9.95475387072908,-20.4854815811012,3.26036474342619));
#5905=CARTESIAN_POINT('Ctrl Pts',(-9.78424802530742,-20.4683814715631,3.20664001701535));
#5906=CARTESIAN_POINT('Ctrl Pts',(-9.61466036304509,-20.4440248053404,3.15320929939982));
#5907=CARTESIAN_POINT('Ctrl Pts',(-9.44402732703187,-20.4195179995427,3.09944922368747));
#5908=CARTESIAN_POINT('Ctrl Pts',(-9.27432315744835,-20.3876647025352,3.0459867926052));
#5909=CARTESIAN_POINT('Ctrl Pts',(-9.10595856025287,-20.3486239743916,2.99295780835837));
#5910=CARTESIAN_POINT('Ctrl Pts',(-8.93805828478154,-20.3096909141219,2.94007506928306));
#5911=CARTESIAN_POINT('Ctrl Pts',(-8.77148954098054,-20.2636097526198,2.88762338959042));
#5912=CARTESIAN_POINT('Ctrl Pts',(-8.6066773040679,-20.2104898668485,2.83573745102145));
#5913=CARTESIAN_POINT('Ctrl Pts',(-8.53434781378675,-20.1871776763606,2.81296679054288));
#5914=CARTESIAN_POINT('Ctrl Pts',(-8.46235691196929,-20.1625092364789,2.79030509070545));
#5915=CARTESIAN_POINT('Ctrl Pts',(-8.39074210219113,-20.1364910305539,2.76776373529127));
#5916=CARTESIAN_POINT('Ctrl Pts',(-8.22592425078888,-20.076611449624,2.71588594941754));
#5917=CARTESIAN_POINT('Ctrl Pts',(-8.06374799234619,-20.0098223109086,2.66485348690736));
#5918=CARTESIAN_POINT('Ctrl Pts',(-7.9046305624061,-19.9363342372822,2.61478818537532));
#5919=CARTESIAN_POINT('Ctrl Pts',(-7.7371856953248,-19.8590001531088,2.56210270796677));
#5920=CARTESIAN_POINT('Ctrl Pts',(-7.57312724430443,-19.7742477738063,2.51048827362196));
#5921=CARTESIAN_POINT('Ctrl Pts',(-7.41296021895322,-19.6822634365383,2.46008686772426));
#5922=CARTESIAN_POINT('Ctrl Pts',(-7.26182723721812,-19.5954673739046,2.41252829728657));
#5923=CARTESIAN_POINT('Ctrl Pts',(-7.11415862473312,-19.5022314450425,2.36604977537222));
#5924=CARTESIAN_POINT('Ctrl Pts',(-6.97040468836134,-19.4026667107255,2.32077059143801));
#5925=CARTESIAN_POINT('Ctrl Pts',(-6.96181173058164,-19.3967151828583,2.31806400735644));
#5926=CARTESIAN_POINT('Ctrl Pts',(-6.95323276964564,-19.3907410290617,2.31536170863626));
#5927=CARTESIAN_POINT('Ctrl Pts',(-6.94466790541007,-19.3847442683601,2.31266372075578));
#5928=CARTESIAN_POINT('Ctrl Pts',(-6.79940241421659,-19.2830354303748,2.26690414723398));
#5929=CARTESIAN_POINT('Ctrl Pts',(-6.6581888730593,-19.1748263937457,2.22238464262895));
#5930=CARTESIAN_POINT('Ctrl Pts',(-6.52132375771382,-19.0604476165822,2.17922951428231));
#5931=CARTESIAN_POINT('Ctrl Pts',(-6.42937697211839,-18.9836072845956,2.15023764646109));
#5932=CARTESIAN_POINT('Ctrl Pts',(-6.33939346159216,-18.9039816073751,2.12186155316846));
#5933=CARTESIAN_POINT('Ctrl Pts',(-6.25147363174717,-18.8216627658444,2.09413892457728));
#5934=CARTESIAN_POINT('Ctrl Pts',(-6.12036581357707,-18.698907254074,2.05279838337129));
#5935=CARTESIAN_POINT('Ctrl Pts',(-5.99438138956977,-18.5706664330272,2.0130822252145));
#5936=CARTESIAN_POINT('Ctrl Pts',(-5.87376747666399,-18.4373582565729,1.97507904103979));
#5937=CARTESIAN_POINT('Ctrl Pts',(-5.75184143434487,-18.3025998529007,1.93666242947056));
#5938=CARTESIAN_POINT('Ctrl Pts',(-5.63540287985428,-18.1626627278874,1.89999626466371));
#5939=CARTESIAN_POINT('Ctrl Pts',(-5.52474137700171,-18.0179382688998,1.86517206039731));
#5940=CARTESIAN_POINT('Ctrl Pts',(-5.41444335843308,-17.8736891790785,1.83046224144672));
#5941=CARTESIAN_POINT('Ctrl Pts',(-5.30988406679399,-17.7246835589397,1.79758230251868));
#5942=CARTESIAN_POINT('Ctrl Pts',(-5.21139107292081,-17.571277537234,1.76662285857787));
#5943=CARTESIAN_POINT('Ctrl Pts',(-5.11463078295197,-17.4205702578684,1.73620805793892));
#5944=CARTESIAN_POINT('Ctrl Pts',(-5.02372492055906,-17.2656154407872,1.70764677536276));
#5945=CARTESIAN_POINT('Ctrl Pts',(-4.93902890268999,-17.1067292932998,1.68102492711513));
#5946=CARTESIAN_POINT('Ctrl Pts',(-4.88032990133034,-16.9966124492965,1.66257452123063));
#5947=CARTESIAN_POINT('Ctrl Pts',(-4.82461456414534,-16.8846068419108,1.64505567467747));
#5948=CARTESIAN_POINT('Ctrl Pts',(-4.77201542278233,-16.7708137555705,1.62849698828032));
#5949=CARTESIAN_POINT('Ctrl Pts',(-4.76826560989062,-16.7627014029524,1.62731651319816));
#5950=CARTESIAN_POINT('Ctrl Pts',(-4.76453234805763,-16.7545814971856,1.62614114237134));
#5951=CARTESIAN_POINT('Ctrl Pts',(-4.76081566921462,-16.7464540836545,1.62497088354447));
#5952=CARTESIAN_POINT('Ctrl Pts',(-4.76081566909947,-16.7464540836548,-3.37777583681032E-10));
#5953=CARTESIAN_POINT('Ctrl Pts',(-4.76081566912968,-16.7464540836548,0.425677759893548));
#5954=CARTESIAN_POINT('Ctrl Pts',(-4.76081566915988,-16.7464540836548,0.851355520124874));
#5955=CARTESIAN_POINT('Ctrl Pts',(-4.76081566919831,-16.7464540836548,1.39301248141893));
#5956=CARTESIAN_POINT('Ctrl Pts',(-4.76081566920654,-16.7464540836548,1.50899168248166));
#5957=CARTESIAN_POINT('Ctrl Pts',(-4.76081566921477,-16.7464540836548,1.62497088354439));
#5958=CARTESIAN_POINT('Origin',(-4.95877214710806,-16.8432303857758,-3.51824958055857E-10));
#5959=CARTESIAN_POINT('',(-9.10963780267564,-18.8724917303274,2.99427174554172));
#5960=CARTESIAN_POINT('Origin',(-15.7289217322162,-16.4387359275211,5.07846624979269));
#5961=UNCERTAINTY_MEASURE_WITH_UNIT(LENGTH_MEASURE(0.01),#5965,
'DISTANCE_ACCURACY_VALUE',
'Maximum model space distance between geometric entities at asserted c
onnectivities');
#5962=UNCERTAINTY_MEASURE_WITH_UNIT(LENGTH_MEASURE(0.01),#5965,
'DISTANCE_ACCURACY_VALUE',
'Maximum model space distance between geometric entities at asserted c
onnectivities');
#5963=(
GEOMETRIC_REPRESENTATION_CONTEXT(3)
GLOBAL_UNCERTAINTY_ASSIGNED_CONTEXT((#5961))
GLOBAL_UNIT_ASSIGNED_CONTEXT((#5965,#5967,#5968))
REPRESENTATION_CONTEXT('','3D')
);
#5964=(
GEOMETRIC_REPRESENTATION_CONTEXT(3)
GLOBAL_UNCERTAINTY_ASSIGNED_CONTEXT((#5962))
GLOBAL_UNIT_ASSIGNED_CONTEXT((#5965,#5967,#5968))
REPRESENTATION_CONTEXT('','3D')
);
#5965=(
LENGTH_UNIT()
NAMED_UNIT(*)
SI_UNIT(.MILLI.,.METRE.)
);
#5966=(
LENGTH_UNIT()
NAMED_UNIT(*)
SI_UNIT($,.METRE.)
);
#5967=(
NAMED_UNIT(*)
PLANE_ANGLE_UNIT()
SI_UNIT($,.RADIAN.)
);
#5968=(
NAMED_UNIT(*)
SI_UNIT($,.STERADIAN.)
SOLID_ANGLE_UNIT()
);
#5969=SHAPE_DEFINITION_REPRESENTATION(#5970,#5971);
#5970=PRODUCT_DEFINITION_SHAPE('',$,#5973);
#5971=SHAPE_REPRESENTATION('',(#2394),#5963);
#5972=PRODUCT_DEFINITION_CONTEXT('part definition',#5977,'design');
#5973=PRODUCT_DEFINITION('superpinda_mount','superpinda_mount v24',#5974,
#5972);
#5974=PRODUCT_DEFINITION_FORMATION('',$,#5979);
#5975=PRODUCT_RELATED_PRODUCT_CATEGORY('superpinda_mount v24',
'superpinda_mount v24',(#5979));
#5976=APPLICATION_PROTOCOL_DEFINITION('international standard',
'automotive_design',2009,#5977);
#5977=APPLICATION_CONTEXT(
'Core Data for Automotive Mechanical Design Process');
#5978=PRODUCT_CONTEXT('part definition',#5977,'mechanical');
#5979=PRODUCT('superpinda_mount','superpinda_mount v24',$,(#5978));
#5980=PRESENTATION_STYLE_ASSIGNMENT((#5983));
#5981=PRESENTATION_STYLE_ASSIGNMENT((#5984));
#5982=PRESENTATION_STYLE_ASSIGNMENT((#5985));
#5983=SURFACE_STYLE_USAGE(.BOTH.,#5986);
#5984=SURFACE_STYLE_USAGE(.BOTH.,#5987);
#5985=SURFACE_STYLE_USAGE(.BOTH.,#5988);
#5986=SURFACE_SIDE_STYLE('',(#5989));
#5987=SURFACE_SIDE_STYLE('',(#5990));
#5988=SURFACE_SIDE_STYLE('',(#5991));
#5989=SURFACE_STYLE_FILL_AREA(#5992);
#5990=SURFACE_STYLE_FILL_AREA(#5993);
#5991=SURFACE_STYLE_FILL_AREA(#5994);
#5992=FILL_AREA_STYLE('Steel - Satin',(#5995));
#5993=FILL_AREA_STYLE('Plastic - Matte (Black)',(#5996));
#5994=FILL_AREA_STYLE('Plastic - Matte (Support)',(#5997));
#5995=FILL_AREA_STYLE_COLOUR('Steel - Satin',#5998);
#5996=FILL_AREA_STYLE_COLOUR('Plastic - Matte (Black)',#5999);
#5997=FILL_AREA_STYLE_COLOUR('Plastic - Matte (Support)',#6000);
#5998=COLOUR_RGB('Steel - Satin',0.627450980392157,0.627450980392157,0.627450980392157);
#5999=COLOUR_RGB('Plastic - Matte (Black)',0.156862745098039,0.156862745098039,
0.156862745098039);
#6000=COLOUR_RGB('Plastic - Matte (Support)',0.164705882352941,0.866666666666667,
0.125490196078431);
ENDSEC;
END-ISO-10303-21;
