ISO-10303-21;
HEADER;
/* Generated by software containing ST-Developer
 * from STEP Tools, Inc. (www.steptools.com) 
 */

FILE_DESCRIPTION(
/* description */ (''),
/* implementation_level */ '2;1');

FILE_NAME(
/* name */ 'PrusaWire Badge (Easy Mode).step',
/* time_stamp */ '2025-07-28T12:09:46-04:00',
/* author */ (''),
/* organization */ (''),
/* preprocessor_version */ 'ST-DEVELOPER v20.1',
/* originating_system */ 'Autodesk Translation Framework v14.10.0.0',
/* authorisation */ '');

FILE_SCHEMA (('AUTOMOTIVE_DESIGN { 1 0 10303 214 3 1 1 }'));
ENDSEC;

DATA;
#10=MECHANICAL_DESIGN_GEOMETRIC_PRESENTATION_REPRESENTATION('',(#13),#3477);
#11=SHAPE_REPRESENTATION_RELATIONSHIP('SRR','None',#3484,#12);
#12=ADVANCED_BREP_SHAPE_REPRESENTATION('',(#14),#3476);
#13=STYLED_ITEM('',(#3493),#14);
#14=MANIFOLD_SOLID_BREP('Body1',#2140);
#15=CYLINDRICAL_SURFACE('',#2207,1.);
#16=CYLINDRICAL_SURFACE('',#2210,1.00000001490116);
#17=CYLINDRICAL_SURFACE('',#2214,1.);
#18=CYLINDRICAL_SURFACE('',#2217,1.);
#19=CYLINDRICAL_SURFACE('',#2221,1.);
#20=CYLINDRICAL_SURFACE('',#2226,0.999999977648258);
#21=CYLINDRICAL_SURFACE('',#2229,3.5);
#22=CYLINDRICAL_SURFACE('',#2234,1.);
#23=CYLINDRICAL_SURFACE('',#2236,1.);
#24=CYLINDRICAL_SURFACE('',#2238,5.5);
#25=CYLINDRICAL_SURFACE('',#2244,1.);
#26=CYLINDRICAL_SURFACE('',#2247,1.);
#27=CYLINDRICAL_SURFACE('',#2251,0.999999999999996);
#28=CYLINDRICAL_SURFACE('',#2256,0.999999999999996);
#29=CYLINDRICAL_SURFACE('',#2258,0.999999999999996);
#30=CYLINDRICAL_SURFACE('',#2260,1.00000001490116);
#31=CYLINDRICAL_SURFACE('',#2262,0.999999999999996);
#32=CIRCLE('',#2174,1.);
#33=CIRCLE('',#2175,1.00000001490116);
#34=CIRCLE('',#2176,1.);
#35=CIRCLE('',#2177,1.);
#36=CIRCLE('',#2178,1.);
#37=CIRCLE('',#2179,1.);
#38=CIRCLE('',#2180,1.);
#39=CIRCLE('',#2181,5.5);
#40=CIRCLE('',#2182,0.999999977648258);
#41=CIRCLE('',#2183,1.);
#42=CIRCLE('',#2184,1.);
#43=CIRCLE('',#2185,0.999999999999996);
#44=CIRCLE('',#2186,0.999999999999996);
#45=CIRCLE('',#2187,0.999999999999996);
#46=CIRCLE('',#2188,0.999999999999996);
#47=CIRCLE('',#2189,1.00000001490116);
#48=CIRCLE('',#2191,3.5);
#49=CIRCLE('',#2208,1.);
#50=CIRCLE('',#2211,1.00000001490116);
#51=CIRCLE('',#2215,1.);
#52=CIRCLE('',#2218,1.);
#53=CIRCLE('',#2222,1.);
#54=CIRCLE('',#2227,0.999999977648258);
#55=CIRCLE('',#2230,3.5);
#56=CIRCLE('',#2235,1.);
#57=CIRCLE('',#2237,1.);
#58=CIRCLE('',#2239,5.5);
#59=CIRCLE('',#2245,1.);
#60=CIRCLE('',#2248,1.);
#61=CIRCLE('',#2252,0.999999999999996);
#62=CIRCLE('',#2257,0.999999999999996);
#63=CIRCLE('',#2259,0.999999999999996);
#64=CIRCLE('',#2261,1.00000001490116);
#65=CIRCLE('',#2263,0.999999999999996);
#66=FACE_BOUND('',#213,.T.);
#67=FACE_BOUND('',#214,.T.);
#68=FACE_BOUND('',#215,.T.);
#69=FACE_BOUND('',#216,.T.);
#70=FACE_BOUND('',#217,.T.);
#71=FACE_BOUND('',#218,.T.);
#72=FACE_BOUND('',#219,.T.);
#73=FACE_BOUND('',#220,.T.);
#74=FACE_BOUND('',#264,.T.);
#75=FACE_BOUND('',#318,.T.);
#76=FACE_BOUND('',#319,.T.);
#77=FACE_OUTER_BOUND('',#193,.T.);
#78=FACE_OUTER_BOUND('',#194,.T.);
#79=FACE_OUTER_BOUND('',#195,.T.);
#80=FACE_OUTER_BOUND('',#196,.T.);
#81=FACE_OUTER_BOUND('',#197,.T.);
#82=FACE_OUTER_BOUND('',#198,.T.);
#83=FACE_OUTER_BOUND('',#199,.T.);
#84=FACE_OUTER_BOUND('',#200,.T.);
#85=FACE_OUTER_BOUND('',#201,.T.);
#86=FACE_OUTER_BOUND('',#202,.T.);
#87=FACE_OUTER_BOUND('',#203,.T.);
#88=FACE_OUTER_BOUND('',#204,.T.);
#89=FACE_OUTER_BOUND('',#205,.T.);
#90=FACE_OUTER_BOUND('',#206,.T.);
#91=FACE_OUTER_BOUND('',#207,.T.);
#92=FACE_OUTER_BOUND('',#208,.T.);
#93=FACE_OUTER_BOUND('',#209,.T.);
#94=FACE_OUTER_BOUND('',#210,.T.);
#95=FACE_OUTER_BOUND('',#211,.T.);
#96=FACE_OUTER_BOUND('',#212,.T.);
#97=FACE_OUTER_BOUND('',#221,.T.);
#98=FACE_OUTER_BOUND('',#222,.T.);
#99=FACE_OUTER_BOUND('',#223,.T.);
#100=FACE_OUTER_BOUND('',#224,.T.);
#101=FACE_OUTER_BOUND('',#225,.T.);
#102=FACE_OUTER_BOUND('',#226,.T.);
#103=FACE_OUTER_BOUND('',#227,.T.);
#104=FACE_OUTER_BOUND('',#228,.T.);
#105=FACE_OUTER_BOUND('',#229,.T.);
#106=FACE_OUTER_BOUND('',#230,.T.);
#107=FACE_OUTER_BOUND('',#231,.T.);
#108=FACE_OUTER_BOUND('',#232,.T.);
#109=FACE_OUTER_BOUND('',#233,.T.);
#110=FACE_OUTER_BOUND('',#234,.T.);
#111=FACE_OUTER_BOUND('',#235,.T.);
#112=FACE_OUTER_BOUND('',#236,.T.);
#113=FACE_OUTER_BOUND('',#237,.T.);
#114=FACE_OUTER_BOUND('',#238,.T.);
#115=FACE_OUTER_BOUND('',#239,.T.);
#116=FACE_OUTER_BOUND('',#240,.T.);
#117=FACE_OUTER_BOUND('',#241,.T.);
#118=FACE_OUTER_BOUND('',#242,.T.);
#119=FACE_OUTER_BOUND('',#243,.T.);
#120=FACE_OUTER_BOUND('',#244,.T.);
#121=FACE_OUTER_BOUND('',#245,.T.);
#122=FACE_OUTER_BOUND('',#246,.T.);
#123=FACE_OUTER_BOUND('',#247,.T.);
#124=FACE_OUTER_BOUND('',#248,.T.);
#125=FACE_OUTER_BOUND('',#249,.T.);
#126=FACE_OUTER_BOUND('',#250,.T.);
#127=FACE_OUTER_BOUND('',#251,.T.);
#128=FACE_OUTER_BOUND('',#252,.T.);
#129=FACE_OUTER_BOUND('',#253,.T.);
#130=FACE_OUTER_BOUND('',#254,.T.);
#131=FACE_OUTER_BOUND('',#255,.T.);
#132=FACE_OUTER_BOUND('',#256,.T.);
#133=FACE_OUTER_BOUND('',#257,.T.);
#134=FACE_OUTER_BOUND('',#258,.T.);
#135=FACE_OUTER_BOUND('',#259,.T.);
#136=FACE_OUTER_BOUND('',#260,.T.);
#137=FACE_OUTER_BOUND('',#261,.T.);
#138=FACE_OUTER_BOUND('',#262,.T.);
#139=FACE_OUTER_BOUND('',#263,.T.);
#140=FACE_OUTER_BOUND('',#265,.T.);
#141=FACE_OUTER_BOUND('',#266,.T.);
#142=FACE_OUTER_BOUND('',#267,.T.);
#143=FACE_OUTER_BOUND('',#268,.T.);
#144=FACE_OUTER_BOUND('',#269,.T.);
#145=FACE_OUTER_BOUND('',#270,.T.);
#146=FACE_OUTER_BOUND('',#271,.T.);
#147=FACE_OUTER_BOUND('',#272,.T.);
#148=FACE_OUTER_BOUND('',#273,.T.);
#149=FACE_OUTER_BOUND('',#274,.T.);
#150=FACE_OUTER_BOUND('',#275,.T.);
#151=FACE_OUTER_BOUND('',#276,.T.);
#152=FACE_OUTER_BOUND('',#277,.T.);
#153=FACE_OUTER_BOUND('',#278,.T.);
#154=FACE_OUTER_BOUND('',#279,.T.);
#155=FACE_OUTER_BOUND('',#280,.T.);
#156=FACE_OUTER_BOUND('',#281,.T.);
#157=FACE_OUTER_BOUND('',#282,.T.);
#158=FACE_OUTER_BOUND('',#283,.T.);
#159=FACE_OUTER_BOUND('',#284,.T.);
#160=FACE_OUTER_BOUND('',#285,.T.);
#161=FACE_OUTER_BOUND('',#286,.T.);
#162=FACE_OUTER_BOUND('',#287,.T.);
#163=FACE_OUTER_BOUND('',#288,.T.);
#164=FACE_OUTER_BOUND('',#289,.T.);
#165=FACE_OUTER_BOUND('',#290,.T.);
#166=FACE_OUTER_BOUND('',#291,.T.);
#167=FACE_OUTER_BOUND('',#292,.T.);
#168=FACE_OUTER_BOUND('',#293,.T.);
#169=FACE_OUTER_BOUND('',#294,.T.);
#170=FACE_OUTER_BOUND('',#295,.T.);
#171=FACE_OUTER_BOUND('',#296,.T.);
#172=FACE_OUTER_BOUND('',#297,.T.);
#173=FACE_OUTER_BOUND('',#298,.T.);
#174=FACE_OUTER_BOUND('',#299,.T.);
#175=FACE_OUTER_BOUND('',#300,.T.);
#176=FACE_OUTER_BOUND('',#301,.T.);
#177=FACE_OUTER_BOUND('',#302,.T.);
#178=FACE_OUTER_BOUND('',#303,.T.);
#179=FACE_OUTER_BOUND('',#304,.T.);
#180=FACE_OUTER_BOUND('',#305,.T.);
#181=FACE_OUTER_BOUND('',#306,.T.);
#182=FACE_OUTER_BOUND('',#307,.T.);
#183=FACE_OUTER_BOUND('',#308,.T.);
#184=FACE_OUTER_BOUND('',#309,.T.);
#185=FACE_OUTER_BOUND('',#310,.T.);
#186=FACE_OUTER_BOUND('',#311,.T.);
#187=FACE_OUTER_BOUND('',#312,.T.);
#188=FACE_OUTER_BOUND('',#313,.T.);
#189=FACE_OUTER_BOUND('',#314,.T.);
#190=FACE_OUTER_BOUND('',#315,.T.);
#191=FACE_OUTER_BOUND('',#316,.T.);
#192=FACE_OUTER_BOUND('',#317,.T.);
#193=EDGE_LOOP('',(#1333,#1334,#1335,#1336));
#194=EDGE_LOOP('',(#1337,#1338,#1339,#1340));
#195=EDGE_LOOP('',(#1341,#1342,#1343,#1344));
#196=EDGE_LOOP('',(#1345,#1346,#1347,#1348));
#197=EDGE_LOOP('',(#1349,#1350,#1351,#1352));
#198=EDGE_LOOP('',(#1353,#1354,#1355,#1356));
#199=EDGE_LOOP('',(#1357,#1358,#1359,#1360));
#200=EDGE_LOOP('',(#1361,#1362,#1363,#1364));
#201=EDGE_LOOP('',(#1365,#1366,#1367,#1368));
#202=EDGE_LOOP('',(#1369,#1370,#1371,#1372));
#203=EDGE_LOOP('',(#1373,#1374,#1375,#1376));
#204=EDGE_LOOP('',(#1377,#1378,#1379,#1380,#1381,#1382,#1383));
#205=EDGE_LOOP('',(#1384,#1385,#1386,#1387));
#206=EDGE_LOOP('',(#1388,#1389,#1390,#1391));
#207=EDGE_LOOP('',(#1392,#1393,#1394,#1395));
#208=EDGE_LOOP('',(#1396,#1397,#1398,#1399));
#209=EDGE_LOOP('',(#1400,#1401,#1402,#1403));
#210=EDGE_LOOP('',(#1404,#1405,#1406,#1407));
#211=EDGE_LOOP('',(#1408,#1409,#1410,#1411));
#212=EDGE_LOOP('',(#1412,#1413,#1414,#1415,#1416,#1417,#1418));
#213=EDGE_LOOP('',(#1419,#1420,#1421));
#214=EDGE_LOOP('',(#1422,#1423,#1424));
#215=EDGE_LOOP('',(#1425,#1426,#1427,#1428,#1429,#1430,#1431,#1432,#1433,
#1434,#1435,#1436,#1437));
#216=EDGE_LOOP('',(#1438,#1439,#1440,#1441,#1442,#1443,#1444,#1445,#1446,
#1447,#1448));
#217=EDGE_LOOP('',(#1449,#1450,#1451,#1452));
#218=EDGE_LOOP('',(#1453,#1454,#1455,#1456,#1457,#1458,#1459,#1460,#1461,
#1462,#1463,#1464,#1465,#1466));
#219=EDGE_LOOP('',(#1467,#1468,#1469));
#220=EDGE_LOOP('',(#1470,#1471,#1472,#1473,#1474,#1475,#1476,#1477,#1478,
#1479,#1480,#1481,#1482));
#221=EDGE_LOOP('',(#1483,#1484,#1485,#1486));
#222=EDGE_LOOP('',(#1487,#1488,#1489));
#223=EDGE_LOOP('',(#1490,#1491,#1492,#1493,#1494,#1495,#1496,#1497,#1498,
#1499,#1500,#1501));
#224=EDGE_LOOP('',(#1502,#1503,#1504,#1505));
#225=EDGE_LOOP('',(#1506,#1507,#1508,#1509));
#226=EDGE_LOOP('',(#1510,#1511,#1512,#1513));
#227=EDGE_LOOP('',(#1514,#1515,#1516,#1517));
#228=EDGE_LOOP('',(#1518,#1519,#1520,#1521));
#229=EDGE_LOOP('',(#1522,#1523,#1524,#1525));
#230=EDGE_LOOP('',(#1526,#1527,#1528));
#231=EDGE_LOOP('',(#1529,#1530,#1531,#1532));
#232=EDGE_LOOP('',(#1533,#1534,#1535,#1536));
#233=EDGE_LOOP('',(#1537,#1538,#1539,#1540));
#234=EDGE_LOOP('',(#1541,#1542,#1543));
#235=EDGE_LOOP('',(#1544,#1545,#1546,#1547));
#236=EDGE_LOOP('',(#1548,#1549,#1550,#1551));
#237=EDGE_LOOP('',(#1552,#1553,#1554,#1555));
#238=EDGE_LOOP('',(#1556,#1557,#1558,#1559));
#239=EDGE_LOOP('',(#1560,#1561,#1562,#1563));
#240=EDGE_LOOP('',(#1564,#1565,#1566,#1567));
#241=EDGE_LOOP('',(#1568,#1569,#1570,#1571));
#242=EDGE_LOOP('',(#1572,#1573,#1574,#1575));
#243=EDGE_LOOP('',(#1576,#1577,#1578,#1579));
#244=EDGE_LOOP('',(#1580,#1581,#1582,#1583));
#245=EDGE_LOOP('',(#1584,#1585,#1586,#1587));
#246=EDGE_LOOP('',(#1588,#1589,#1590,#1591));
#247=EDGE_LOOP('',(#1592,#1593,#1594,#1595));
#248=EDGE_LOOP('',(#1596,#1597,#1598,#1599,#1600,#1601,#1602,#1603,#1604,
#1605,#1606,#1607,#1608));
#249=EDGE_LOOP('',(#1609,#1610,#1611,#1612));
#250=EDGE_LOOP('',(#1613,#1614,#1615,#1616));
#251=EDGE_LOOP('',(#1617,#1618,#1619,#1620));
#252=EDGE_LOOP('',(#1621,#1622,#1623,#1624));
#253=EDGE_LOOP('',(#1625,#1626,#1627,#1628));
#254=EDGE_LOOP('',(#1629,#1630,#1631,#1632));
#255=EDGE_LOOP('',(#1633,#1634,#1635,#1636));
#256=EDGE_LOOP('',(#1637,#1638,#1639,#1640));
#257=EDGE_LOOP('',(#1641,#1642,#1643,#1644));
#258=EDGE_LOOP('',(#1645,#1646,#1647,#1648));
#259=EDGE_LOOP('',(#1649,#1650,#1651,#1652));
#260=EDGE_LOOP('',(#1653,#1654,#1655,#1656,#1657));
#261=EDGE_LOOP('',(#1658,#1659,#1660,#1661));
#262=EDGE_LOOP('',(#1662,#1663,#1664,#1665));
#263=EDGE_LOOP('',(#1666,#1667,#1668,#1669,#1670,#1671,#1672,#1673,#1674,
#1675));
#264=EDGE_LOOP('',(#1676,#1677,#1678,#1679));
#265=EDGE_LOOP('',(#1680,#1681,#1682,#1683));
#266=EDGE_LOOP('',(#1684,#1685,#1686,#1687));
#267=EDGE_LOOP('',(#1688,#1689,#1690,#1691));
#268=EDGE_LOOP('',(#1692,#1693,#1694,#1695));
#269=EDGE_LOOP('',(#1696,#1697,#1698,#1699));
#270=EDGE_LOOP('',(#1700,#1701,#1702,#1703));
#271=EDGE_LOOP('',(#1704,#1705,#1706,#1707));
#272=EDGE_LOOP('',(#1708,#1709,#1710,#1711));
#273=EDGE_LOOP('',(#1712,#1713,#1714,#1715));
#274=EDGE_LOOP('',(#1716,#1717,#1718,#1719));
#275=EDGE_LOOP('',(#1720,#1721,#1722,#1723));
#276=EDGE_LOOP('',(#1724,#1725,#1726,#1727));
#277=EDGE_LOOP('',(#1728,#1729,#1730,#1731));
#278=EDGE_LOOP('',(#1732,#1733,#1734,#1735));
#279=EDGE_LOOP('',(#1736,#1737,#1738,#1739));
#280=EDGE_LOOP('',(#1740,#1741,#1742,#1743));
#281=EDGE_LOOP('',(#1744,#1745,#1746,#1747,#1748,#1749,#1750,#1751,#1752,
#1753,#1754,#1755,#1756,#1757));
#282=EDGE_LOOP('',(#1758,#1759,#1760,#1761));
#283=EDGE_LOOP('',(#1762,#1763,#1764,#1765));
#284=EDGE_LOOP('',(#1766,#1767,#1768,#1769));
#285=EDGE_LOOP('',(#1770,#1771,#1772,#1773));
#286=EDGE_LOOP('',(#1774,#1775,#1776,#1777));
#287=EDGE_LOOP('',(#1778,#1779,#1780,#1781));
#288=EDGE_LOOP('',(#1782,#1783,#1784));
#289=EDGE_LOOP('',(#1785,#1786,#1787,#1788));
#290=EDGE_LOOP('',(#1789,#1790,#1791,#1792));
#291=EDGE_LOOP('',(#1793,#1794,#1795,#1796));
#292=EDGE_LOOP('',(#1797,#1798,#1799,#1800));
#293=EDGE_LOOP('',(#1801,#1802,#1803,#1804));
#294=EDGE_LOOP('',(#1805,#1806,#1807,#1808));
#295=EDGE_LOOP('',(#1809,#1810,#1811,#1812));
#296=EDGE_LOOP('',(#1813,#1814,#1815,#1816));
#297=EDGE_LOOP('',(#1817,#1818,#1819,#1820));
#298=EDGE_LOOP('',(#1821,#1822,#1823,#1824));
#299=EDGE_LOOP('',(#1825,#1826,#1827,#1828));
#300=EDGE_LOOP('',(#1829,#1830,#1831,#1832));
#301=EDGE_LOOP('',(#1833,#1834,#1835,#1836));
#302=EDGE_LOOP('',(#1837,#1838,#1839,#1840));
#303=EDGE_LOOP('',(#1841,#1842,#1843,#1844));
#304=EDGE_LOOP('',(#1845,#1846,#1847,#1848));
#305=EDGE_LOOP('',(#1849,#1850,#1851,#1852));
#306=EDGE_LOOP('',(#1853,#1854,#1855,#1856));
#307=EDGE_LOOP('',(#1857,#1858,#1859,#1860));
#308=EDGE_LOOP('',(#1861,#1862,#1863,#1864));
#309=EDGE_LOOP('',(#1865,#1866,#1867,#1868));
#310=EDGE_LOOP('',(#1869,#1870,#1871,#1872));
#311=EDGE_LOOP('',(#1873,#1874,#1875,#1876));
#312=EDGE_LOOP('',(#1877,#1878,#1879,#1880));
#313=EDGE_LOOP('',(#1881,#1882,#1883,#1884));
#314=EDGE_LOOP('',(#1885,#1886,#1887,#1888));
#315=EDGE_LOOP('',(#1889,#1890,#1891,#1892));
#316=EDGE_LOOP('',(#1893,#1894,#1895,#1896));
#317=EDGE_LOOP('',(#1897,#1898,#1899,#1900,#1901,#1902,#1903,#1904,#1905,
#1906,#1907,#1908,#1909));
#318=EDGE_LOOP('',(#1910,#1911,#1912));
#319=EDGE_LOOP('',(#1913,#1914,#1915,#1916,#1917,#1918,#1919,#1920,#1921,
#1922,#1923,#1924));
#320=LINE('',#2872,#582);
#321=LINE('',#2874,#583);
#322=LINE('',#2876,#584);
#323=LINE('',#2877,#585);
#324=LINE('',#2880,#586);
#325=LINE('',#2882,#587);
#326=LINE('',#2883,#588);
#327=LINE('',#2886,#589);
#328=LINE('',#2888,#590);
#329=LINE('',#2889,#591);
#330=LINE('',#2892,#592);
#331=LINE('',#2894,#593);
#332=LINE('',#2895,#594);
#333=LINE('',#2898,#595);
#334=LINE('',#2900,#596);
#335=LINE('',#2901,#597);
#336=LINE('',#2904,#598);
#337=LINE('',#2906,#599);
#338=LINE('',#2907,#600);
#339=LINE('',#2909,#601);
#340=LINE('',#2910,#602);
#341=LINE('',#2913,#603);
#342=LINE('',#2915,#604);
#343=LINE('',#2916,#605);
#344=LINE('',#2919,#606);
#345=LINE('',#2920,#607);
#346=LINE('',#2923,#608);
#347=LINE('',#2924,#609);
#348=LINE('',#2927,#610);
#349=LINE('',#2928,#611);
#350=LINE('',#2933,#612);
#351=LINE('',#2934,#613);
#352=LINE('',#2935,#614);
#353=LINE('',#2938,#615);
#354=LINE('',#2939,#616);
#355=LINE('',#2943,#617);
#356=LINE('',#2944,#618);
#357=LINE('',#2945,#619);
#358=LINE('',#2948,#620);
#359=LINE('',#2950,#621);
#360=LINE('',#2951,#622);
#361=LINE('',#2953,#623);
#362=LINE('',#2956,#624);
#363=LINE('',#2958,#625);
#364=LINE('',#2959,#626);
#365=LINE('',#2961,#627);
#366=LINE('',#2962,#628);
#367=LINE('',#2966,#629);
#368=LINE('',#2968,#630);
#369=LINE('',#2969,#631);
#370=LINE('',#2972,#632);
#371=LINE('',#2974,#633);
#372=LINE('',#2975,#634);
#373=LINE('',#2978,#635);
#374=LINE('',#2980,#636);
#375=LINE('',#2984,#637);
#376=LINE('',#2988,#638);
#377=LINE('',#2990,#639);
#378=LINE('',#2994,#640);
#379=LINE('',#2998,#641);
#380=LINE('',#3000,#642);
#381=LINE('',#3004,#643);
#382=LINE('',#3008,#644);
#383=LINE('',#3012,#645);
#384=LINE('',#3016,#646);
#385=LINE('',#3018,#647);
#386=LINE('',#3022,#648);
#387=LINE('',#3023,#649);
#388=LINE('',#3028,#650);
#389=LINE('',#3031,#651);
#390=LINE('',#3036,#652);
#391=LINE('',#3038,#653);
#392=LINE('',#3040,#654);
#393=LINE('',#3044,#655);
#394=LINE('',#3046,#656);
#395=LINE('',#3048,#657);
#396=LINE('',#3052,#658);
#397=LINE('',#3056,#659);
#398=LINE('',#3059,#660);
#399=LINE('',#3062,#661);
#400=LINE('',#3064,#662);
#401=LINE('',#3065,#663);
#402=LINE('',#3068,#664);
#403=LINE('',#3070,#665);
#404=LINE('',#3072,#666);
#405=LINE('',#3074,#667);
#406=LINE('',#3076,#668);
#407=LINE('',#3078,#669);
#408=LINE('',#3080,#670);
#409=LINE('',#3082,#671);
#410=LINE('',#3084,#672);
#411=LINE('',#3086,#673);
#412=LINE('',#3088,#674);
#413=LINE('',#3090,#675);
#414=LINE('',#3091,#676);
#415=LINE('',#3095,#677);
#416=LINE('',#3099,#678);
#417=LINE('',#3100,#679);
#418=LINE('',#3104,#680);
#419=LINE('',#3106,#681);
#420=LINE('',#3107,#682);
#421=LINE('',#3111,#683);
#422=LINE('',#3113,#684);
#423=LINE('',#3115,#685);
#424=LINE('',#3117,#686);
#425=LINE('',#3119,#687);
#426=LINE('',#3121,#688);
#427=LINE('',#3123,#689);
#428=LINE('',#3125,#690);
#429=LINE('',#3127,#691);
#430=LINE('',#3129,#692);
#431=LINE('',#3131,#693);
#432=LINE('',#3132,#694);
#433=LINE('',#3134,#695);
#434=LINE('',#3136,#696);
#435=LINE('',#3141,#697);
#436=LINE('',#3142,#698);
#437=LINE('',#3143,#699);
#438=LINE('',#3146,#700);
#439=LINE('',#3147,#701);
#440=LINE('',#3149,#702);
#441=LINE('',#3154,#703);
#442=LINE('',#3155,#704);
#443=LINE('',#3156,#705);
#444=LINE('',#3159,#706);
#445=LINE('',#3160,#707);
#446=LINE('',#3162,#708);
#447=LINE('',#3166,#709);
#448=LINE('',#3168,#710);
#449=LINE('',#3169,#711);
#450=LINE('',#3172,#712);
#451=LINE('',#3173,#713);
#452=LINE('',#3177,#714);
#453=LINE('',#3180,#715);
#454=LINE('',#3181,#716);
#455=LINE('',#3185,#717);
#456=LINE('',#3188,#718);
#457=LINE('',#3189,#719);
#458=LINE('',#3192,#720);
#459=LINE('',#3193,#721);
#460=LINE('',#3197,#722);
#461=LINE('',#3200,#723);
#462=LINE('',#3201,#724);
#463=LINE('',#3205,#725);
#464=LINE('',#3208,#726);
#465=LINE('',#3209,#727);
#466=LINE('',#3212,#728);
#467=LINE('',#3213,#729);
#468=LINE('',#3219,#730);
#469=LINE('',#3221,#731);
#470=LINE('',#3222,#732);
#471=LINE('',#3225,#733);
#472=LINE('',#3227,#734);
#473=LINE('',#3228,#735);
#474=LINE('',#3231,#736);
#475=LINE('',#3234,#737);
#476=LINE('',#3237,#738);
#477=LINE('',#3239,#739);
#478=LINE('',#3240,#740);
#479=LINE('',#3244,#741);
#480=LINE('',#3247,#742);
#481=LINE('',#3248,#743);
#482=LINE('',#3250,#744);
#483=LINE('',#3253,#745);
#484=LINE('',#3255,#746);
#485=LINE('',#3256,#747);
#486=LINE('',#3264,#748);
#487=LINE('',#3266,#749);
#488=LINE('',#3269,#750);
#489=LINE('',#3270,#751);
#490=LINE('',#3272,#752);
#491=LINE('',#3276,#753);
#492=LINE('',#3279,#754);
#493=LINE('',#3282,#755);
#494=LINE('',#3283,#756);
#495=LINE('',#3287,#757);
#496=LINE('',#3289,#758);
#497=LINE('',#3293,#759);
#498=LINE('',#3296,#760);
#499=LINE('',#3299,#761);
#500=LINE('',#3300,#762);
#501=LINE('',#3303,#763);
#502=LINE('',#3304,#764);
#503=LINE('',#3307,#765);
#504=LINE('',#3308,#766);
#505=LINE('',#3312,#767);
#506=LINE('',#3315,#768);
#507=LINE('',#3318,#769);
#508=LINE('',#3321,#770);
#509=LINE('',#3324,#771);
#510=LINE('',#3327,#772);
#511=LINE('',#3330,#773);
#512=LINE('',#3333,#774);
#513=LINE('',#3334,#775);
#514=LINE('',#3337,#776);
#515=LINE('',#3338,#777);
#516=LINE('',#3340,#778);
#517=LINE('',#3342,#779);
#518=LINE('',#3343,#780);
#519=LINE('',#3344,#781);
#520=LINE('',#3351,#782);
#521=LINE('',#3352,#783);
#522=LINE('',#3353,#784);
#523=LINE('',#3356,#785);
#524=LINE('',#3357,#786);
#525=LINE('',#3359,#787);
#526=LINE('',#3364,#788);
#527=LINE('',#3365,#789);
#528=LINE('',#3366,#790);
#529=LINE('',#3369,#791);
#530=LINE('',#3370,#792);
#531=LINE('',#3373,#793);
#532=LINE('',#3374,#794);
#533=LINE('',#3377,#795);
#534=LINE('',#3378,#796);
#535=LINE('',#3381,#797);
#536=LINE('',#3382,#798);
#537=LINE('',#3385,#799);
#538=LINE('',#3386,#800);
#539=LINE('',#3390,#801);
#540=LINE('',#3391,#802);
#541=LINE('',#3392,#803);
#542=LINE('',#3396,#804);
#543=LINE('',#3397,#805);
#544=LINE('',#3398,#806);
#545=LINE('',#3401,#807);
#546=LINE('',#3402,#808);
#547=LINE('',#3405,#809);
#548=LINE('',#3406,#810);
#549=LINE('',#3409,#811);
#550=LINE('',#3410,#812);
#551=LINE('',#3413,#813);
#552=LINE('',#3414,#814);
#553=LINE('',#3417,#815);
#554=LINE('',#3418,#816);
#555=LINE('',#3421,#817);
#556=LINE('',#3422,#818);
#557=LINE('',#3425,#819);
#558=LINE('',#3426,#820);
#559=LINE('',#3429,#821);
#560=LINE('',#3430,#822);
#561=LINE('',#3433,#823);
#562=LINE('',#3434,#824);
#563=LINE('',#3437,#825);
#564=LINE('',#3438,#826);
#565=LINE('',#3440,#827);
#566=LINE('',#3443,#828);
#567=LINE('',#3444,#829);
#568=LINE('',#3446,#830);
#569=LINE('',#3449,#831);
#570=LINE('',#3450,#832);
#571=LINE('',#3453,#833);
#572=LINE('',#3454,#834);
#573=LINE('',#3457,#835);
#574=LINE('',#3458,#836);
#575=LINE('',#3461,#837);
#576=LINE('',#3462,#838);
#577=LINE('',#3465,#839);
#578=LINE('',#3466,#840);
#579=LINE('',#3469,#841);
#580=LINE('',#3470,#842);
#581=LINE('',#3472,#843);
#582=VECTOR('',#2308,10.);
#583=VECTOR('',#2309,10.);
#584=VECTOR('',#2310,10.);
#585=VECTOR('',#2311,10.);
#586=VECTOR('',#2314,10.);
#587=VECTOR('',#2315,10.);
#588=VECTOR('',#2316,10.);
#589=VECTOR('',#2319,10.);
#590=VECTOR('',#2320,10.);
#591=VECTOR('',#2321,10.);
#592=VECTOR('',#2324,10.);
#593=VECTOR('',#2325,10.);
#594=VECTOR('',#2326,10.);
#595=VECTOR('',#2329,10.);
#596=VECTOR('',#2330,10.);
#597=VECTOR('',#2331,10.);
#598=VECTOR('',#2334,10.);
#599=VECTOR('',#2335,10.);
#600=VECTOR('',#2336,10.);
#601=VECTOR('',#2339,10.);
#602=VECTOR('',#2340,10.);
#603=VECTOR('',#2343,10.);
#604=VECTOR('',#2344,10.);
#605=VECTOR('',#2345,10.);
#606=VECTOR('',#2348,10.);
#607=VECTOR('',#2349,10.);
#608=VECTOR('',#2352,10.);
#609=VECTOR('',#2353,10.);
#610=VECTOR('',#2356,10.);
#611=VECTOR('',#2357,10.);
#612=VECTOR('',#2362,10.);
#613=VECTOR('',#2363,10.);
#614=VECTOR('',#2364,10.);
#615=VECTOR('',#2367,10.);
#616=VECTOR('',#2368,10.);
#617=VECTOR('',#2371,10.);
#618=VECTOR('',#2372,10.);
#619=VECTOR('',#2373,10.);
#620=VECTOR('',#2376,10.);
#621=VECTOR('',#2377,10.);
#622=VECTOR('',#2378,10.);
#623=VECTOR('',#2381,10.);
#624=VECTOR('',#2384,10.);
#625=VECTOR('',#2385,10.);
#626=VECTOR('',#2386,10.);
#627=VECTOR('',#2389,10.);
#628=VECTOR('',#2390,10.);
#629=VECTOR('',#2393,10.);
#630=VECTOR('',#2394,10.);
#631=VECTOR('',#2395,10.);
#632=VECTOR('',#2396,10.);
#633=VECTOR('',#2397,10.);
#634=VECTOR('',#2398,10.);
#635=VECTOR('',#2399,10.);
#636=VECTOR('',#2400,10.);
#637=VECTOR('',#2403,10.);
#638=VECTOR('',#2406,10.);
#639=VECTOR('',#2407,10.);
#640=VECTOR('',#2410,10.);
#641=VECTOR('',#2413,10.);
#642=VECTOR('',#2414,10.);
#643=VECTOR('',#2417,10.);
#644=VECTOR('',#2420,10.);
#645=VECTOR('',#2423,10.);
#646=VECTOR('',#2426,10.);
#647=VECTOR('',#2427,10.);
#648=VECTOR('',#2430,10.);
#649=VECTOR('',#2431,10.);
#650=VECTOR('',#2434,10.);
#651=VECTOR('',#2437,10.);
#652=VECTOR('',#2440,10.);
#653=VECTOR('',#2441,10.);
#654=VECTOR('',#2442,10.);
#655=VECTOR('',#2445,10.);
#656=VECTOR('',#2446,10.);
#657=VECTOR('',#2447,10.);
#658=VECTOR('',#2450,10.);
#659=VECTOR('',#2453,10.);
#660=VECTOR('',#2456,10.);
#661=VECTOR('',#2457,10.);
#662=VECTOR('',#2458,10.);
#663=VECTOR('',#2459,10.);
#664=VECTOR('',#2460,10.);
#665=VECTOR('',#2461,10.);
#666=VECTOR('',#2462,10.);
#667=VECTOR('',#2463,10.);
#668=VECTOR('',#2464,10.);
#669=VECTOR('',#2465,10.);
#670=VECTOR('',#2466,10.);
#671=VECTOR('',#2467,10.);
#672=VECTOR('',#2468,10.);
#673=VECTOR('',#2469,10.);
#674=VECTOR('',#2470,10.);
#675=VECTOR('',#2471,10.);
#676=VECTOR('',#2472,10.);
#677=VECTOR('',#2475,10.);
#678=VECTOR('',#2478,10.);
#679=VECTOR('',#2479,10.);
#680=VECTOR('',#2482,10.);
#681=VECTOR('',#2483,10.);
#682=VECTOR('',#2484,10.);
#683=VECTOR('',#2487,10.);
#684=VECTOR('',#2488,10.);
#685=VECTOR('',#2489,10.);
#686=VECTOR('',#2490,10.);
#687=VECTOR('',#2491,10.);
#688=VECTOR('',#2492,10.);
#689=VECTOR('',#2493,10.);
#690=VECTOR('',#2494,10.);
#691=VECTOR('',#2495,10.);
#692=VECTOR('',#2496,10.);
#693=VECTOR('',#2497,10.);
#694=VECTOR('',#2498,10.);
#695=VECTOR('',#2501,10.);
#696=VECTOR('',#2504,10.);
#697=VECTOR('',#2509,10.);
#698=VECTOR('',#2510,10.);
#699=VECTOR('',#2511,10.);
#700=VECTOR('',#2514,10.);
#701=VECTOR('',#2515,10.);
#702=VECTOR('',#2518,10.);
#703=VECTOR('',#2523,10.);
#704=VECTOR('',#2524,10.);
#705=VECTOR('',#2525,10.);
#706=VECTOR('',#2528,10.);
#707=VECTOR('',#2529,10.);
#708=VECTOR('',#2532,10.);
#709=VECTOR('',#2537,10.);
#710=VECTOR('',#2538,10.);
#711=VECTOR('',#2539,10.);
#712=VECTOR('',#2542,10.);
#713=VECTOR('',#2543,10.);
#714=VECTOR('',#2548,10.);
#715=VECTOR('',#2551,10.);
#716=VECTOR('',#2552,10.);
#717=VECTOR('',#2557,10.);
#718=VECTOR('',#2560,10.);
#719=VECTOR('',#2561,10.);
#720=VECTOR('',#2564,10.);
#721=VECTOR('',#2565,10.);
#722=VECTOR('',#2570,10.);
#723=VECTOR('',#2573,10.);
#724=VECTOR('',#2574,10.);
#725=VECTOR('',#2579,10.);
#726=VECTOR('',#2582,10.);
#727=VECTOR('',#2583,10.);
#728=VECTOR('',#2586,10.);
#729=VECTOR('',#2587,10.);
#730=VECTOR('',#2596,10.);
#731=VECTOR('',#2597,10.);
#732=VECTOR('',#2598,10.);
#733=VECTOR('',#2601,10.);
#734=VECTOR('',#2602,10.);
#735=VECTOR('',#2603,10.);
#736=VECTOR('',#2606,10.);
#737=VECTOR('',#2609,10.);
#738=VECTOR('',#2612,10.);
#739=VECTOR('',#2613,10.);
#740=VECTOR('',#2614,10.);
#741=VECTOR('',#2619,10.);
#742=VECTOR('',#2622,10.);
#743=VECTOR('',#2623,10.);
#744=VECTOR('',#2626,10.);
#745=VECTOR('',#2629,10.);
#746=VECTOR('',#2630,10.);
#747=VECTOR('',#2631,10.);
#748=VECTOR('',#2644,10.);
#749=VECTOR('',#2647,10.);
#750=VECTOR('',#2650,10.);
#751=VECTOR('',#2651,10.);
#752=VECTOR('',#2654,10.);
#753=VECTOR('',#2659,10.);
#754=VECTOR('',#2662,10.);
#755=VECTOR('',#2665,10.);
#756=VECTOR('',#2666,10.);
#757=VECTOR('',#2671,10.);
#758=VECTOR('',#2674,10.);
#759=VECTOR('',#2679,10.);
#760=VECTOR('',#2682,10.);
#761=VECTOR('',#2685,10.);
#762=VECTOR('',#2686,10.);
#763=VECTOR('',#2689,10.);
#764=VECTOR('',#2690,10.);
#765=VECTOR('',#2693,10.);
#766=VECTOR('',#2694,10.);
#767=VECTOR('',#2699,10.);
#768=VECTOR('',#2702,10.);
#769=VECTOR('',#2705,10.);
#770=VECTOR('',#2708,10.);
#771=VECTOR('',#2711,10.);
#772=VECTOR('',#2714,10.);
#773=VECTOR('',#2717,10.);
#774=VECTOR('',#2720,10.);
#775=VECTOR('',#2721,10.);
#776=VECTOR('',#2724,10.);
#777=VECTOR('',#2725,10.);
#778=VECTOR('',#2728,10.);
#779=VECTOR('',#2731,10.);
#780=VECTOR('',#2732,10.);
#781=VECTOR('',#2733,10.);
#782=VECTOR('',#2742,10.);
#783=VECTOR('',#2743,10.);
#784=VECTOR('',#2744,10.);
#785=VECTOR('',#2747,10.);
#786=VECTOR('',#2748,10.);
#787=VECTOR('',#2751,10.);
#788=VECTOR('',#2756,10.);
#789=VECTOR('',#2757,10.);
#790=VECTOR('',#2758,10.);
#791=VECTOR('',#2761,10.);
#792=VECTOR('',#2762,10.);
#793=VECTOR('',#2765,10.);
#794=VECTOR('',#2766,10.);
#795=VECTOR('',#2769,10.);
#796=VECTOR('',#2770,10.);
#797=VECTOR('',#2773,10.);
#798=VECTOR('',#2774,10.);
#799=VECTOR('',#2777,10.);
#800=VECTOR('',#2778,10.);
#801=VECTOR('',#2781,10.);
#802=VECTOR('',#2782,10.);
#803=VECTOR('',#2783,10.);
#804=VECTOR('',#2786,10.);
#805=VECTOR('',#2787,10.);
#806=VECTOR('',#2788,10.);
#807=VECTOR('',#2791,10.);
#808=VECTOR('',#2792,10.);
#809=VECTOR('',#2795,10.);
#810=VECTOR('',#2796,10.);
#811=VECTOR('',#2799,10.);
#812=VECTOR('',#2800,10.);
#813=VECTOR('',#2803,10.);
#814=VECTOR('',#2804,10.);
#815=VECTOR('',#2807,10.);
#816=VECTOR('',#2808,10.);
#817=VECTOR('',#2811,10.);
#818=VECTOR('',#2812,10.);
#819=VECTOR('',#2815,10.);
#820=VECTOR('',#2816,10.);
#821=VECTOR('',#2819,10.);
#822=VECTOR('',#2820,10.);
#823=VECTOR('',#2823,10.);
#824=VECTOR('',#2824,10.);
#825=VECTOR('',#2827,10.);
#826=VECTOR('',#2828,10.);
#827=VECTOR('',#2831,10.);
#828=VECTOR('',#2834,10.);
#829=VECTOR('',#2835,10.);
#830=VECTOR('',#2838,10.);
#831=VECTOR('',#2841,10.);
#832=VECTOR('',#2842,10.);
#833=VECTOR('',#2845,10.);
#834=VECTOR('',#2846,10.);
#835=VECTOR('',#2849,10.);
#836=VECTOR('',#2850,10.);
#837=VECTOR('',#2853,10.);
#838=VECTOR('',#2854,10.);
#839=VECTOR('',#2857,10.);
#840=VECTOR('',#2858,10.);
#841=VECTOR('',#2861,10.);
#842=VECTOR('',#2862,10.);
#843=VECTOR('',#2865,10.);
#844=VERTEX_POINT('',#2870);
#845=VERTEX_POINT('',#2871);
#846=VERTEX_POINT('',#2873);
#847=VERTEX_POINT('',#2875);
#848=VERTEX_POINT('',#2879);
#849=VERTEX_POINT('',#2881);
#850=VERTEX_POINT('',#2885);
#851=VERTEX_POINT('',#2887);
#852=VERTEX_POINT('',#2891);
#853=VERTEX_POINT('',#2893);
#854=VERTEX_POINT('',#2897);
#855=VERTEX_POINT('',#2899);
#856=VERTEX_POINT('',#2903);
#857=VERTEX_POINT('',#2905);
#858=VERTEX_POINT('',#2912);
#859=VERTEX_POINT('',#2914);
#860=VERTEX_POINT('',#2918);
#861=VERTEX_POINT('',#2922);
#862=VERTEX_POINT('',#2926);
#863=VERTEX_POINT('',#2931);
#864=VERTEX_POINT('',#2932);
#865=VERTEX_POINT('',#2937);
#866=VERTEX_POINT('',#2941);
#867=VERTEX_POINT('',#2942);
#868=VERTEX_POINT('',#2947);
#869=VERTEX_POINT('',#2949);
#870=VERTEX_POINT('',#2955);
#871=VERTEX_POINT('',#2957);
#872=VERTEX_POINT('',#2964);
#873=VERTEX_POINT('',#2965);
#874=VERTEX_POINT('',#2967);
#875=VERTEX_POINT('',#2970);
#876=VERTEX_POINT('',#2971);
#877=VERTEX_POINT('',#2973);
#878=VERTEX_POINT('',#2976);
#879=VERTEX_POINT('',#2977);
#880=VERTEX_POINT('',#2979);
#881=VERTEX_POINT('',#2981);
#882=VERTEX_POINT('',#2983);
#883=VERTEX_POINT('',#2985);
#884=VERTEX_POINT('',#2987);
#885=VERTEX_POINT('',#2989);
#886=VERTEX_POINT('',#2991);
#887=VERTEX_POINT('',#2993);
#888=VERTEX_POINT('',#2995);
#889=VERTEX_POINT('',#2997);
#890=VERTEX_POINT('',#2999);
#891=VERTEX_POINT('',#3002);
#892=VERTEX_POINT('',#3003);
#893=VERTEX_POINT('',#3005);
#894=VERTEX_POINT('',#3007);
#895=VERTEX_POINT('',#3009);
#896=VERTEX_POINT('',#3011);
#897=VERTEX_POINT('',#3013);
#898=VERTEX_POINT('',#3015);
#899=VERTEX_POINT('',#3017);
#900=VERTEX_POINT('',#3019);
#901=VERTEX_POINT('',#3021);
#902=VERTEX_POINT('',#3024);
#903=VERTEX_POINT('',#3025);
#904=VERTEX_POINT('',#3027);
#905=VERTEX_POINT('',#3029);
#906=VERTEX_POINT('',#3032);
#907=VERTEX_POINT('',#3033);
#908=VERTEX_POINT('',#3035);
#909=VERTEX_POINT('',#3037);
#910=VERTEX_POINT('',#3039);
#911=VERTEX_POINT('',#3041);
#912=VERTEX_POINT('',#3043);
#913=VERTEX_POINT('',#3045);
#914=VERTEX_POINT('',#3047);
#915=VERTEX_POINT('',#3049);
#916=VERTEX_POINT('',#3051);
#917=VERTEX_POINT('',#3053);
#918=VERTEX_POINT('',#3055);
#919=VERTEX_POINT('',#3057);
#920=VERTEX_POINT('',#3060);
#921=VERTEX_POINT('',#3061);
#922=VERTEX_POINT('',#3063);
#923=VERTEX_POINT('',#3066);
#924=VERTEX_POINT('',#3067);
#925=VERTEX_POINT('',#3069);
#926=VERTEX_POINT('',#3071);
#927=VERTEX_POINT('',#3073);
#928=VERTEX_POINT('',#3075);
#929=VERTEX_POINT('',#3077);
#930=VERTEX_POINT('',#3079);
#931=VERTEX_POINT('',#3081);
#932=VERTEX_POINT('',#3083);
#933=VERTEX_POINT('',#3085);
#934=VERTEX_POINT('',#3087);
#935=VERTEX_POINT('',#3089);
#936=VERTEX_POINT('',#3093);
#937=VERTEX_POINT('',#3094);
#938=VERTEX_POINT('',#3096);
#939=VERTEX_POINT('',#3098);
#940=VERTEX_POINT('',#3102);
#941=VERTEX_POINT('',#3103);
#942=VERTEX_POINT('',#3105);
#943=VERTEX_POINT('',#3109);
#944=VERTEX_POINT('',#3110);
#945=VERTEX_POINT('',#3112);
#946=VERTEX_POINT('',#3114);
#947=VERTEX_POINT('',#3116);
#948=VERTEX_POINT('',#3118);
#949=VERTEX_POINT('',#3120);
#950=VERTEX_POINT('',#3122);
#951=VERTEX_POINT('',#3124);
#952=VERTEX_POINT('',#3126);
#953=VERTEX_POINT('',#3128);
#954=VERTEX_POINT('',#3130);
#955=VERTEX_POINT('',#3139);
#956=VERTEX_POINT('',#3140);
#957=VERTEX_POINT('',#3145);
#958=VERTEX_POINT('',#3152);
#959=VERTEX_POINT('',#3153);
#960=VERTEX_POINT('',#3158);
#961=VERTEX_POINT('',#3165);
#962=VERTEX_POINT('',#3167);
#963=VERTEX_POINT('',#3171);
#964=VERTEX_POINT('',#3175);
#965=VERTEX_POINT('',#3179);
#966=VERTEX_POINT('',#3183);
#967=VERTEX_POINT('',#3187);
#968=VERTEX_POINT('',#3191);
#969=VERTEX_POINT('',#3195);
#970=VERTEX_POINT('',#3199);
#971=VERTEX_POINT('',#3203);
#972=VERTEX_POINT('',#3207);
#973=VERTEX_POINT('',#3211);
#974=VERTEX_POINT('',#3218);
#975=VERTEX_POINT('',#3220);
#976=VERTEX_POINT('',#3224);
#977=VERTEX_POINT('',#3226);
#978=VERTEX_POINT('',#3230);
#979=VERTEX_POINT('',#3232);
#980=VERTEX_POINT('',#3236);
#981=VERTEX_POINT('',#3238);
#982=VERTEX_POINT('',#3242);
#983=VERTEX_POINT('',#3246);
#984=VERTEX_POINT('',#3252);
#985=VERTEX_POINT('',#3254);
#986=VERTEX_POINT('',#3262);
#987=VERTEX_POINT('',#3268);
#988=VERTEX_POINT('',#3275);
#989=VERTEX_POINT('',#3277);
#990=VERTEX_POINT('',#3281);
#991=VERTEX_POINT('',#3285);
#992=VERTEX_POINT('',#3292);
#993=VERTEX_POINT('',#3294);
#994=VERTEX_POINT('',#3298);
#995=VERTEX_POINT('',#3302);
#996=VERTEX_POINT('',#3306);
#997=VERTEX_POINT('',#3310);
#998=VERTEX_POINT('',#3314);
#999=VERTEX_POINT('',#3316);
#1000=VERTEX_POINT('',#3320);
#1001=VERTEX_POINT('',#3322);
#1002=VERTEX_POINT('',#3326);
#1003=VERTEX_POINT('',#3328);
#1004=VERTEX_POINT('',#3332);
#1005=VERTEX_POINT('',#3336);
#1006=VERTEX_POINT('',#3349);
#1007=VERTEX_POINT('',#3350);
#1008=VERTEX_POINT('',#3355);
#1009=VERTEX_POINT('',#3362);
#1010=VERTEX_POINT('',#3363);
#1011=VERTEX_POINT('',#3368);
#1012=VERTEX_POINT('',#3372);
#1013=VERTEX_POINT('',#3376);
#1014=VERTEX_POINT('',#3380);
#1015=VERTEX_POINT('',#3384);
#1016=VERTEX_POINT('',#3388);
#1017=VERTEX_POINT('',#3389);
#1018=VERTEX_POINT('',#3394);
#1019=VERTEX_POINT('',#3395);
#1020=VERTEX_POINT('',#3400);
#1021=VERTEX_POINT('',#3404);
#1022=VERTEX_POINT('',#3408);
#1023=VERTEX_POINT('',#3412);
#1024=VERTEX_POINT('',#3416);
#1025=VERTEX_POINT('',#3420);
#1026=VERTEX_POINT('',#3424);
#1027=VERTEX_POINT('',#3428);
#1028=VERTEX_POINT('',#3432);
#1029=VERTEX_POINT('',#3436);
#1030=VERTEX_POINT('',#3442);
#1031=VERTEX_POINT('',#3448);
#1032=VERTEX_POINT('',#3452);
#1033=VERTEX_POINT('',#3456);
#1034=VERTEX_POINT('',#3460);
#1035=VERTEX_POINT('',#3464);
#1036=VERTEX_POINT('',#3468);
#1037=EDGE_CURVE('',#844,#845,#320,.T.);
#1038=EDGE_CURVE('',#845,#846,#321,.T.);
#1039=EDGE_CURVE('',#846,#847,#322,.T.);
#1040=EDGE_CURVE('',#844,#847,#323,.T.);
#1041=EDGE_CURVE('',#845,#848,#324,.T.);
#1042=EDGE_CURVE('',#848,#849,#325,.T.);
#1043=EDGE_CURVE('',#849,#846,#326,.T.);
#1044=EDGE_CURVE('',#848,#850,#327,.T.);
#1045=EDGE_CURVE('',#850,#851,#328,.T.);
#1046=EDGE_CURVE('',#851,#849,#329,.T.);
#1047=EDGE_CURVE('',#850,#852,#330,.T.);
#1048=EDGE_CURVE('',#852,#853,#331,.T.);
#1049=EDGE_CURVE('',#853,#851,#332,.T.);
#1050=EDGE_CURVE('',#854,#853,#333,.T.);
#1051=EDGE_CURVE('',#852,#855,#334,.T.);
#1052=EDGE_CURVE('',#855,#854,#335,.T.);
#1053=EDGE_CURVE('',#856,#854,#336,.T.);
#1054=EDGE_CURVE('',#855,#857,#337,.T.);
#1055=EDGE_CURVE('',#857,#856,#338,.T.);
#1056=EDGE_CURVE('',#847,#856,#339,.T.);
#1057=EDGE_CURVE('',#857,#844,#340,.T.);
#1058=EDGE_CURVE('',#858,#854,#341,.T.);
#1059=EDGE_CURVE('',#859,#858,#342,.T.);
#1060=EDGE_CURVE('',#859,#853,#343,.T.);
#1061=EDGE_CURVE('',#860,#856,#344,.T.);
#1062=EDGE_CURVE('',#858,#860,#345,.T.);
#1063=EDGE_CURVE('',#861,#847,#346,.T.);
#1064=EDGE_CURVE('',#860,#861,#347,.T.);
#1065=EDGE_CURVE('',#862,#846,#348,.T.);
#1066=EDGE_CURVE('',#861,#862,#349,.T.);
#1067=EDGE_CURVE('',#863,#864,#350,.T.);
#1068=EDGE_CURVE('',#864,#861,#351,.T.);
#1069=EDGE_CURVE('',#863,#862,#352,.T.);
#1070=EDGE_CURVE('',#864,#865,#353,.T.);
#1071=EDGE_CURVE('',#865,#860,#354,.T.);
#1072=EDGE_CURVE('',#866,#867,#355,.T.);
#1073=EDGE_CURVE('',#867,#859,#356,.T.);
#1074=EDGE_CURVE('',#858,#866,#357,.T.);
#1075=EDGE_CURVE('',#868,#859,#358,.T.);
#1076=EDGE_CURVE('',#867,#869,#359,.T.);
#1077=EDGE_CURVE('',#869,#868,#360,.T.);
#1078=EDGE_CURVE('',#865,#866,#361,.T.);
#1079=EDGE_CURVE('',#870,#868,#362,.T.);
#1080=EDGE_CURVE('',#869,#871,#363,.T.);
#1081=EDGE_CURVE('',#871,#870,#364,.T.);
#1082=EDGE_CURVE('',#862,#870,#365,.T.);
#1083=EDGE_CURVE('',#871,#863,#366,.T.);
#1084=EDGE_CURVE('',#872,#873,#367,.T.);
#1085=EDGE_CURVE('',#874,#872,#368,.T.);
#1086=EDGE_CURVE('',#873,#874,#369,.T.);
#1087=EDGE_CURVE('',#875,#876,#370,.T.);
#1088=EDGE_CURVE('',#877,#875,#371,.T.);
#1089=EDGE_CURVE('',#876,#877,#372,.T.);
#1090=EDGE_CURVE('',#878,#879,#373,.T.);
#1091=EDGE_CURVE('',#879,#880,#374,.T.);
#1092=EDGE_CURVE('',#880,#881,#32,.T.);
#1093=EDGE_CURVE('',#881,#882,#375,.T.);
#1094=EDGE_CURVE('',#882,#883,#33,.T.);
#1095=EDGE_CURVE('',#883,#884,#376,.T.);
#1096=EDGE_CURVE('',#884,#885,#377,.T.);
#1097=EDGE_CURVE('',#885,#886,#34,.T.);
#1098=EDGE_CURVE('',#886,#887,#378,.T.);
#1099=EDGE_CURVE('',#887,#888,#35,.T.);
#1100=EDGE_CURVE('',#888,#889,#379,.T.);
#1101=EDGE_CURVE('',#889,#890,#380,.T.);
#1102=EDGE_CURVE('',#890,#878,#36,.T.);
#1103=EDGE_CURVE('',#891,#892,#381,.T.);
#1104=EDGE_CURVE('',#892,#893,#37,.T.);
#1105=EDGE_CURVE('',#894,#893,#382,.T.);
#1106=EDGE_CURVE('',#894,#895,#38,.T.);
#1107=EDGE_CURVE('',#896,#895,#383,.T.);
#1108=EDGE_CURVE('',#896,#897,#39,.T.);
#1109=EDGE_CURVE('',#898,#897,#384,.T.);
#1110=EDGE_CURVE('',#899,#898,#385,.T.);
#1111=EDGE_CURVE('',#900,#899,#40,.T.);
#1112=EDGE_CURVE('',#900,#901,#386,.T.);
#1113=EDGE_CURVE('',#901,#891,#387,.T.);
#1114=EDGE_CURVE('',#902,#903,#41,.T.);
#1115=EDGE_CURVE('',#903,#904,#388,.T.);
#1116=EDGE_CURVE('',#904,#905,#42,.T.);
#1117=EDGE_CURVE('',#905,#902,#389,.T.);
#1118=EDGE_CURVE('',#906,#907,#43,.T.);
#1119=EDGE_CURVE('',#907,#908,#390,.T.);
#1120=EDGE_CURVE('',#908,#909,#391,.T.);
#1121=EDGE_CURVE('',#909,#910,#392,.T.);
#1122=EDGE_CURVE('',#910,#911,#44,.T.);
#1123=EDGE_CURVE('',#911,#912,#393,.T.);
#1124=EDGE_CURVE('',#912,#913,#394,.T.);
#1125=EDGE_CURVE('',#913,#914,#395,.T.);
#1126=EDGE_CURVE('',#914,#915,#45,.T.);
#1127=EDGE_CURVE('',#916,#915,#396,.T.);
#1128=EDGE_CURVE('',#916,#917,#46,.T.);
#1129=EDGE_CURVE('',#918,#917,#397,.T.);
#1130=EDGE_CURVE('',#918,#919,#47,.T.);
#1131=EDGE_CURVE('',#906,#919,#398,.T.);
#1132=EDGE_CURVE('',#920,#921,#399,.T.);
#1133=EDGE_CURVE('',#922,#920,#400,.T.);
#1134=EDGE_CURVE('',#921,#922,#401,.T.);
#1135=EDGE_CURVE('',#923,#924,#402,.T.);
#1136=EDGE_CURVE('',#925,#923,#403,.T.);
#1137=EDGE_CURVE('',#926,#925,#404,.T.);
#1138=EDGE_CURVE('',#927,#926,#405,.T.);
#1139=EDGE_CURVE('',#928,#927,#406,.T.);
#1140=EDGE_CURVE('',#929,#928,#407,.T.);
#1141=EDGE_CURVE('',#929,#930,#408,.T.);
#1142=EDGE_CURVE('',#930,#931,#409,.T.);
#1143=EDGE_CURVE('',#931,#932,#410,.T.);
#1144=EDGE_CURVE('',#932,#933,#411,.T.);
#1145=EDGE_CURVE('',#933,#934,#412,.T.);
#1146=EDGE_CURVE('',#935,#934,#413,.T.);
#1147=EDGE_CURVE('',#924,#935,#414,.T.);
#1148=EDGE_CURVE('',#936,#937,#415,.T.);
#1149=EDGE_CURVE('',#937,#938,#48,.T.);
#1150=EDGE_CURVE('',#938,#939,#416,.T.);
#1151=EDGE_CURVE('',#939,#936,#417,.T.);
#1152=EDGE_CURVE('',#940,#941,#418,.T.);
#1153=EDGE_CURVE('',#942,#940,#419,.T.);
#1154=EDGE_CURVE('',#941,#942,#420,.T.);
#1155=EDGE_CURVE('',#943,#944,#421,.T.);
#1156=EDGE_CURVE('',#945,#943,#422,.T.);
#1157=EDGE_CURVE('',#946,#945,#423,.T.);
#1158=EDGE_CURVE('',#947,#946,#424,.T.);
#1159=EDGE_CURVE('',#948,#947,#425,.T.);
#1160=EDGE_CURVE('',#949,#948,#426,.T.);
#1161=EDGE_CURVE('',#950,#949,#427,.T.);
#1162=EDGE_CURVE('',#951,#950,#428,.T.);
#1163=EDGE_CURVE('',#952,#951,#429,.T.);
#1164=EDGE_CURVE('',#953,#952,#430,.T.);
#1165=EDGE_CURVE('',#954,#953,#431,.T.);
#1166=EDGE_CURVE('',#944,#954,#432,.T.);
#1167=EDGE_CURVE('',#870,#849,#433,.T.);
#1168=EDGE_CURVE('',#868,#851,#434,.T.);
#1169=EDGE_CURVE('',#955,#956,#435,.T.);
#1170=EDGE_CURVE('',#872,#956,#436,.T.);
#1171=EDGE_CURVE('',#873,#955,#437,.T.);
#1172=EDGE_CURVE('',#956,#957,#438,.T.);
#1173=EDGE_CURVE('',#874,#957,#439,.T.);
#1174=EDGE_CURVE('',#957,#955,#440,.T.);
#1175=EDGE_CURVE('',#958,#959,#441,.T.);
#1176=EDGE_CURVE('',#875,#959,#442,.T.);
#1177=EDGE_CURVE('',#876,#958,#443,.T.);
#1178=EDGE_CURVE('',#959,#960,#444,.T.);
#1179=EDGE_CURVE('',#877,#960,#445,.T.);
#1180=EDGE_CURVE('',#960,#958,#446,.T.);
#1181=EDGE_CURVE('',#878,#961,#447,.T.);
#1182=EDGE_CURVE('',#962,#961,#448,.T.);
#1183=EDGE_CURVE('',#879,#962,#449,.T.);
#1184=EDGE_CURVE('',#963,#962,#450,.T.);
#1185=EDGE_CURVE('',#880,#963,#451,.T.);
#1186=EDGE_CURVE('',#964,#963,#49,.T.);
#1187=EDGE_CURVE('',#881,#964,#452,.T.);
#1188=EDGE_CURVE('',#965,#964,#453,.T.);
#1189=EDGE_CURVE('',#882,#965,#454,.T.);
#1190=EDGE_CURVE('',#966,#965,#50,.T.);
#1191=EDGE_CURVE('',#883,#966,#455,.T.);
#1192=EDGE_CURVE('',#967,#966,#456,.T.);
#1193=EDGE_CURVE('',#884,#967,#457,.T.);
#1194=EDGE_CURVE('',#968,#967,#458,.T.);
#1195=EDGE_CURVE('',#885,#968,#459,.T.);
#1196=EDGE_CURVE('',#969,#968,#51,.T.);
#1197=EDGE_CURVE('',#886,#969,#460,.T.);
#1198=EDGE_CURVE('',#970,#969,#461,.T.);
#1199=EDGE_CURVE('',#887,#970,#462,.T.);
#1200=EDGE_CURVE('',#971,#970,#52,.T.);
#1201=EDGE_CURVE('',#888,#971,#463,.T.);
#1202=EDGE_CURVE('',#972,#971,#464,.T.);
#1203=EDGE_CURVE('',#889,#972,#465,.T.);
#1204=EDGE_CURVE('',#973,#972,#466,.T.);
#1205=EDGE_CURVE('',#890,#973,#467,.T.);
#1206=EDGE_CURVE('',#961,#973,#53,.T.);
#1207=EDGE_CURVE('',#895,#974,#468,.T.);
#1208=EDGE_CURVE('',#975,#974,#469,.T.);
#1209=EDGE_CURVE('',#896,#975,#470,.T.);
#1210=EDGE_CURVE('',#893,#976,#471,.T.);
#1211=EDGE_CURVE('',#977,#976,#472,.T.);
#1212=EDGE_CURVE('',#894,#977,#473,.T.);
#1213=EDGE_CURVE('',#899,#978,#474,.T.);
#1214=EDGE_CURVE('',#978,#979,#54,.T.);
#1215=EDGE_CURVE('',#900,#979,#475,.T.);
#1216=EDGE_CURVE('',#936,#980,#476,.T.);
#1217=EDGE_CURVE('',#981,#980,#477,.T.);
#1218=EDGE_CURVE('',#937,#981,#478,.T.);
#1219=EDGE_CURVE('',#982,#981,#55,.T.);
#1220=EDGE_CURVE('',#938,#982,#479,.T.);
#1221=EDGE_CURVE('',#983,#982,#480,.T.);
#1222=EDGE_CURVE('',#939,#983,#481,.T.);
#1223=EDGE_CURVE('',#980,#983,#482,.T.);
#1224=EDGE_CURVE('',#891,#984,#483,.T.);
#1225=EDGE_CURVE('',#985,#984,#484,.T.);
#1226=EDGE_CURVE('',#892,#985,#485,.T.);
#1227=EDGE_CURVE('',#976,#985,#56,.T.);
#1228=EDGE_CURVE('',#974,#977,#57,.T.);
#1229=EDGE_CURVE('',#986,#975,#58,.T.);
#1230=EDGE_CURVE('',#897,#986,#486,.T.);
#1231=EDGE_CURVE('',#978,#986,#487,.T.);
#1232=EDGE_CURVE('',#987,#979,#488,.T.);
#1233=EDGE_CURVE('',#901,#987,#489,.T.);
#1234=EDGE_CURVE('',#984,#987,#490,.T.);
#1235=EDGE_CURVE('',#902,#988,#491,.T.);
#1236=EDGE_CURVE('',#989,#988,#59,.T.);
#1237=EDGE_CURVE('',#903,#989,#492,.T.);
#1238=EDGE_CURVE('',#990,#989,#493,.T.);
#1239=EDGE_CURVE('',#904,#990,#494,.T.);
#1240=EDGE_CURVE('',#991,#990,#60,.T.);
#1241=EDGE_CURVE('',#905,#991,#495,.T.);
#1242=EDGE_CURVE('',#988,#991,#496,.T.);
#1243=EDGE_CURVE('',#910,#992,#497,.T.);
#1244=EDGE_CURVE('',#993,#992,#61,.T.);
#1245=EDGE_CURVE('',#911,#993,#498,.T.);
#1246=EDGE_CURVE('',#994,#993,#499,.T.);
#1247=EDGE_CURVE('',#912,#994,#500,.T.);
#1248=EDGE_CURVE('',#995,#994,#501,.T.);
#1249=EDGE_CURVE('',#913,#995,#502,.T.);
#1250=EDGE_CURVE('',#996,#995,#503,.T.);
#1251=EDGE_CURVE('',#914,#996,#504,.T.);
#1252=EDGE_CURVE('',#997,#996,#62,.T.);
#1253=EDGE_CURVE('',#915,#997,#505,.T.);
#1254=EDGE_CURVE('',#916,#998,#506,.T.);
#1255=EDGE_CURVE('',#999,#998,#63,.T.);
#1256=EDGE_CURVE('',#917,#999,#507,.T.);
#1257=EDGE_CURVE('',#918,#1000,#508,.T.);
#1258=EDGE_CURVE('',#1001,#1000,#64,.T.);
#1259=EDGE_CURVE('',#919,#1001,#509,.T.);
#1260=EDGE_CURVE('',#906,#1002,#510,.T.);
#1261=EDGE_CURVE('',#1003,#1002,#65,.T.);
#1262=EDGE_CURVE('',#907,#1003,#511,.T.);
#1263=EDGE_CURVE('',#1004,#1003,#512,.T.);
#1264=EDGE_CURVE('',#908,#1004,#513,.T.);
#1265=EDGE_CURVE('',#1005,#1004,#514,.T.);
#1266=EDGE_CURVE('',#909,#1005,#515,.T.);
#1267=EDGE_CURVE('',#992,#1005,#516,.T.);
#1268=EDGE_CURVE('',#1002,#1001,#517,.T.);
#1269=EDGE_CURVE('',#1000,#999,#518,.T.);
#1270=EDGE_CURVE('',#998,#997,#519,.T.);
#1271=EDGE_CURVE('',#1006,#1007,#520,.T.);
#1272=EDGE_CURVE('',#920,#1007,#521,.T.);
#1273=EDGE_CURVE('',#921,#1006,#522,.T.);
#1274=EDGE_CURVE('',#1007,#1008,#523,.T.);
#1275=EDGE_CURVE('',#922,#1008,#524,.T.);
#1276=EDGE_CURVE('',#1008,#1006,#525,.T.);
#1277=EDGE_CURVE('',#1009,#1010,#526,.T.);
#1278=EDGE_CURVE('',#943,#1010,#527,.T.);
#1279=EDGE_CURVE('',#944,#1009,#528,.T.);
#1280=EDGE_CURVE('',#1010,#1011,#529,.T.);
#1281=EDGE_CURVE('',#945,#1011,#530,.T.);
#1282=EDGE_CURVE('',#1011,#1012,#531,.T.);
#1283=EDGE_CURVE('',#946,#1012,#532,.T.);
#1284=EDGE_CURVE('',#1012,#1013,#533,.T.);
#1285=EDGE_CURVE('',#947,#1013,#534,.T.);
#1286=EDGE_CURVE('',#1013,#1014,#535,.T.);
#1287=EDGE_CURVE('',#948,#1014,#536,.T.);
#1288=EDGE_CURVE('',#1014,#1015,#537,.T.);
#1289=EDGE_CURVE('',#949,#1015,#538,.T.);
#1290=EDGE_CURVE('',#1016,#1017,#539,.T.);
#1291=EDGE_CURVE('',#940,#1017,#540,.T.);
#1292=EDGE_CURVE('',#941,#1016,#541,.T.);
#1293=EDGE_CURVE('',#1018,#1019,#542,.T.);
#1294=EDGE_CURVE('',#923,#1019,#543,.T.);
#1295=EDGE_CURVE('',#924,#1018,#544,.T.);
#1296=EDGE_CURVE('',#1019,#1020,#545,.T.);
#1297=EDGE_CURVE('',#925,#1020,#546,.T.);
#1298=EDGE_CURVE('',#1020,#1021,#547,.T.);
#1299=EDGE_CURVE('',#926,#1021,#548,.T.);
#1300=EDGE_CURVE('',#1021,#1022,#549,.T.);
#1301=EDGE_CURVE('',#927,#1022,#550,.T.);
#1302=EDGE_CURVE('',#1022,#1023,#551,.T.);
#1303=EDGE_CURVE('',#928,#1023,#552,.T.);
#1304=EDGE_CURVE('',#1023,#1024,#553,.T.);
#1305=EDGE_CURVE('',#929,#1024,#554,.T.);
#1306=EDGE_CURVE('',#1015,#1025,#555,.T.);
#1307=EDGE_CURVE('',#950,#1025,#556,.T.);
#1308=EDGE_CURVE('',#1025,#1026,#557,.T.);
#1309=EDGE_CURVE('',#951,#1026,#558,.T.);
#1310=EDGE_CURVE('',#1026,#1027,#559,.T.);
#1311=EDGE_CURVE('',#952,#1027,#560,.T.);
#1312=EDGE_CURVE('',#1027,#1028,#561,.T.);
#1313=EDGE_CURVE('',#953,#1028,#562,.T.);
#1314=EDGE_CURVE('',#1028,#1029,#563,.T.);
#1315=EDGE_CURVE('',#954,#1029,#564,.T.);
#1316=EDGE_CURVE('',#1029,#1009,#565,.T.);
#1317=EDGE_CURVE('',#1017,#1030,#566,.T.);
#1318=EDGE_CURVE('',#942,#1030,#567,.T.);
#1319=EDGE_CURVE('',#1030,#1016,#568,.T.);
#1320=EDGE_CURVE('',#1024,#1031,#569,.T.);
#1321=EDGE_CURVE('',#930,#1031,#570,.T.);
#1322=EDGE_CURVE('',#1031,#1032,#571,.T.);
#1323=EDGE_CURVE('',#931,#1032,#572,.T.);
#1324=EDGE_CURVE('',#1032,#1033,#573,.T.);
#1325=EDGE_CURVE('',#932,#1033,#574,.T.);
#1326=EDGE_CURVE('',#1033,#1034,#575,.T.);
#1327=EDGE_CURVE('',#933,#1034,#576,.T.);
#1328=EDGE_CURVE('',#1034,#1035,#577,.T.);
#1329=EDGE_CURVE('',#934,#1035,#578,.T.);
#1330=EDGE_CURVE('',#1035,#1036,#579,.T.);
#1331=EDGE_CURVE('',#935,#1036,#580,.T.);
#1332=EDGE_CURVE('',#1036,#1018,#581,.T.);
#1333=ORIENTED_EDGE('',*,*,#1037,.T.);
#1334=ORIENTED_EDGE('',*,*,#1038,.T.);
#1335=ORIENTED_EDGE('',*,*,#1039,.T.);
#1336=ORIENTED_EDGE('',*,*,#1040,.F.);
#1337=ORIENTED_EDGE('',*,*,#1041,.T.);
#1338=ORIENTED_EDGE('',*,*,#1042,.T.);
#1339=ORIENTED_EDGE('',*,*,#1043,.T.);
#1340=ORIENTED_EDGE('',*,*,#1038,.F.);
#1341=ORIENTED_EDGE('',*,*,#1044,.T.);
#1342=ORIENTED_EDGE('',*,*,#1045,.T.);
#1343=ORIENTED_EDGE('',*,*,#1046,.T.);
#1344=ORIENTED_EDGE('',*,*,#1042,.F.);
#1345=ORIENTED_EDGE('',*,*,#1047,.T.);
#1346=ORIENTED_EDGE('',*,*,#1048,.T.);
#1347=ORIENTED_EDGE('',*,*,#1049,.T.);
#1348=ORIENTED_EDGE('',*,*,#1045,.F.);
#1349=ORIENTED_EDGE('',*,*,#1050,.T.);
#1350=ORIENTED_EDGE('',*,*,#1048,.F.);
#1351=ORIENTED_EDGE('',*,*,#1051,.T.);
#1352=ORIENTED_EDGE('',*,*,#1052,.T.);
#1353=ORIENTED_EDGE('',*,*,#1053,.T.);
#1354=ORIENTED_EDGE('',*,*,#1052,.F.);
#1355=ORIENTED_EDGE('',*,*,#1054,.T.);
#1356=ORIENTED_EDGE('',*,*,#1055,.T.);
#1357=ORIENTED_EDGE('',*,*,#1056,.T.);
#1358=ORIENTED_EDGE('',*,*,#1055,.F.);
#1359=ORIENTED_EDGE('',*,*,#1057,.T.);
#1360=ORIENTED_EDGE('',*,*,#1040,.T.);
#1361=ORIENTED_EDGE('',*,*,#1050,.F.);
#1362=ORIENTED_EDGE('',*,*,#1058,.F.);
#1363=ORIENTED_EDGE('',*,*,#1059,.F.);
#1364=ORIENTED_EDGE('',*,*,#1060,.T.);
#1365=ORIENTED_EDGE('',*,*,#1053,.F.);
#1366=ORIENTED_EDGE('',*,*,#1061,.F.);
#1367=ORIENTED_EDGE('',*,*,#1062,.F.);
#1368=ORIENTED_EDGE('',*,*,#1058,.T.);
#1369=ORIENTED_EDGE('',*,*,#1056,.F.);
#1370=ORIENTED_EDGE('',*,*,#1063,.F.);
#1371=ORIENTED_EDGE('',*,*,#1064,.F.);
#1372=ORIENTED_EDGE('',*,*,#1061,.T.);
#1373=ORIENTED_EDGE('',*,*,#1039,.F.);
#1374=ORIENTED_EDGE('',*,*,#1065,.F.);
#1375=ORIENTED_EDGE('',*,*,#1066,.F.);
#1376=ORIENTED_EDGE('',*,*,#1063,.T.);
#1377=ORIENTED_EDGE('',*,*,#1037,.F.);
#1378=ORIENTED_EDGE('',*,*,#1057,.F.);
#1379=ORIENTED_EDGE('',*,*,#1054,.F.);
#1380=ORIENTED_EDGE('',*,*,#1051,.F.);
#1381=ORIENTED_EDGE('',*,*,#1047,.F.);
#1382=ORIENTED_EDGE('',*,*,#1044,.F.);
#1383=ORIENTED_EDGE('',*,*,#1041,.F.);
#1384=ORIENTED_EDGE('',*,*,#1067,.T.);
#1385=ORIENTED_EDGE('',*,*,#1068,.T.);
#1386=ORIENTED_EDGE('',*,*,#1066,.T.);
#1387=ORIENTED_EDGE('',*,*,#1069,.F.);
#1388=ORIENTED_EDGE('',*,*,#1070,.T.);
#1389=ORIENTED_EDGE('',*,*,#1071,.T.);
#1390=ORIENTED_EDGE('',*,*,#1064,.T.);
#1391=ORIENTED_EDGE('',*,*,#1068,.F.);
#1392=ORIENTED_EDGE('',*,*,#1072,.T.);
#1393=ORIENTED_EDGE('',*,*,#1073,.T.);
#1394=ORIENTED_EDGE('',*,*,#1059,.T.);
#1395=ORIENTED_EDGE('',*,*,#1074,.T.);
#1396=ORIENTED_EDGE('',*,*,#1075,.T.);
#1397=ORIENTED_EDGE('',*,*,#1073,.F.);
#1398=ORIENTED_EDGE('',*,*,#1076,.T.);
#1399=ORIENTED_EDGE('',*,*,#1077,.T.);
#1400=ORIENTED_EDGE('',*,*,#1078,.T.);
#1401=ORIENTED_EDGE('',*,*,#1074,.F.);
#1402=ORIENTED_EDGE('',*,*,#1062,.T.);
#1403=ORIENTED_EDGE('',*,*,#1071,.F.);
#1404=ORIENTED_EDGE('',*,*,#1079,.T.);
#1405=ORIENTED_EDGE('',*,*,#1077,.F.);
#1406=ORIENTED_EDGE('',*,*,#1080,.T.);
#1407=ORIENTED_EDGE('',*,*,#1081,.T.);
#1408=ORIENTED_EDGE('',*,*,#1082,.T.);
#1409=ORIENTED_EDGE('',*,*,#1081,.F.);
#1410=ORIENTED_EDGE('',*,*,#1083,.T.);
#1411=ORIENTED_EDGE('',*,*,#1069,.T.);
#1412=ORIENTED_EDGE('',*,*,#1072,.F.);
#1413=ORIENTED_EDGE('',*,*,#1078,.F.);
#1414=ORIENTED_EDGE('',*,*,#1070,.F.);
#1415=ORIENTED_EDGE('',*,*,#1067,.F.);
#1416=ORIENTED_EDGE('',*,*,#1083,.F.);
#1417=ORIENTED_EDGE('',*,*,#1080,.F.);
#1418=ORIENTED_EDGE('',*,*,#1076,.F.);
#1419=ORIENTED_EDGE('',*,*,#1084,.F.);
#1420=ORIENTED_EDGE('',*,*,#1085,.F.);
#1421=ORIENTED_EDGE('',*,*,#1086,.F.);
#1422=ORIENTED_EDGE('',*,*,#1087,.F.);
#1423=ORIENTED_EDGE('',*,*,#1088,.F.);
#1424=ORIENTED_EDGE('',*,*,#1089,.F.);
#1425=ORIENTED_EDGE('',*,*,#1090,.T.);
#1426=ORIENTED_EDGE('',*,*,#1091,.T.);
#1427=ORIENTED_EDGE('',*,*,#1092,.T.);
#1428=ORIENTED_EDGE('',*,*,#1093,.T.);
#1429=ORIENTED_EDGE('',*,*,#1094,.T.);
#1430=ORIENTED_EDGE('',*,*,#1095,.T.);
#1431=ORIENTED_EDGE('',*,*,#1096,.T.);
#1432=ORIENTED_EDGE('',*,*,#1097,.T.);
#1433=ORIENTED_EDGE('',*,*,#1098,.T.);
#1434=ORIENTED_EDGE('',*,*,#1099,.T.);
#1435=ORIENTED_EDGE('',*,*,#1100,.T.);
#1436=ORIENTED_EDGE('',*,*,#1101,.T.);
#1437=ORIENTED_EDGE('',*,*,#1102,.T.);
#1438=ORIENTED_EDGE('',*,*,#1103,.T.);
#1439=ORIENTED_EDGE('',*,*,#1104,.T.);
#1440=ORIENTED_EDGE('',*,*,#1105,.F.);
#1441=ORIENTED_EDGE('',*,*,#1106,.T.);
#1442=ORIENTED_EDGE('',*,*,#1107,.F.);
#1443=ORIENTED_EDGE('',*,*,#1108,.T.);
#1444=ORIENTED_EDGE('',*,*,#1109,.F.);
#1445=ORIENTED_EDGE('',*,*,#1110,.F.);
#1446=ORIENTED_EDGE('',*,*,#1111,.F.);
#1447=ORIENTED_EDGE('',*,*,#1112,.T.);
#1448=ORIENTED_EDGE('',*,*,#1113,.T.);
#1449=ORIENTED_EDGE('',*,*,#1114,.T.);
#1450=ORIENTED_EDGE('',*,*,#1115,.T.);
#1451=ORIENTED_EDGE('',*,*,#1116,.T.);
#1452=ORIENTED_EDGE('',*,*,#1117,.T.);
#1453=ORIENTED_EDGE('',*,*,#1118,.T.);
#1454=ORIENTED_EDGE('',*,*,#1119,.T.);
#1455=ORIENTED_EDGE('',*,*,#1120,.T.);
#1456=ORIENTED_EDGE('',*,*,#1121,.T.);
#1457=ORIENTED_EDGE('',*,*,#1122,.T.);
#1458=ORIENTED_EDGE('',*,*,#1123,.T.);
#1459=ORIENTED_EDGE('',*,*,#1124,.T.);
#1460=ORIENTED_EDGE('',*,*,#1125,.T.);
#1461=ORIENTED_EDGE('',*,*,#1126,.T.);
#1462=ORIENTED_EDGE('',*,*,#1127,.F.);
#1463=ORIENTED_EDGE('',*,*,#1128,.T.);
#1464=ORIENTED_EDGE('',*,*,#1129,.F.);
#1465=ORIENTED_EDGE('',*,*,#1130,.T.);
#1466=ORIENTED_EDGE('',*,*,#1131,.F.);
#1467=ORIENTED_EDGE('',*,*,#1132,.F.);
#1468=ORIENTED_EDGE('',*,*,#1133,.F.);
#1469=ORIENTED_EDGE('',*,*,#1134,.F.);
#1470=ORIENTED_EDGE('',*,*,#1135,.F.);
#1471=ORIENTED_EDGE('',*,*,#1136,.F.);
#1472=ORIENTED_EDGE('',*,*,#1137,.F.);
#1473=ORIENTED_EDGE('',*,*,#1138,.F.);
#1474=ORIENTED_EDGE('',*,*,#1139,.F.);
#1475=ORIENTED_EDGE('',*,*,#1140,.F.);
#1476=ORIENTED_EDGE('',*,*,#1141,.T.);
#1477=ORIENTED_EDGE('',*,*,#1142,.T.);
#1478=ORIENTED_EDGE('',*,*,#1143,.T.);
#1479=ORIENTED_EDGE('',*,*,#1144,.T.);
#1480=ORIENTED_EDGE('',*,*,#1145,.T.);
#1481=ORIENTED_EDGE('',*,*,#1146,.F.);
#1482=ORIENTED_EDGE('',*,*,#1147,.F.);
#1483=ORIENTED_EDGE('',*,*,#1148,.T.);
#1484=ORIENTED_EDGE('',*,*,#1149,.T.);
#1485=ORIENTED_EDGE('',*,*,#1150,.T.);
#1486=ORIENTED_EDGE('',*,*,#1151,.T.);
#1487=ORIENTED_EDGE('',*,*,#1152,.F.);
#1488=ORIENTED_EDGE('',*,*,#1153,.F.);
#1489=ORIENTED_EDGE('',*,*,#1154,.F.);
#1490=ORIENTED_EDGE('',*,*,#1155,.F.);
#1491=ORIENTED_EDGE('',*,*,#1156,.F.);
#1492=ORIENTED_EDGE('',*,*,#1157,.F.);
#1493=ORIENTED_EDGE('',*,*,#1158,.F.);
#1494=ORIENTED_EDGE('',*,*,#1159,.F.);
#1495=ORIENTED_EDGE('',*,*,#1160,.F.);
#1496=ORIENTED_EDGE('',*,*,#1161,.F.);
#1497=ORIENTED_EDGE('',*,*,#1162,.F.);
#1498=ORIENTED_EDGE('',*,*,#1163,.F.);
#1499=ORIENTED_EDGE('',*,*,#1164,.F.);
#1500=ORIENTED_EDGE('',*,*,#1165,.F.);
#1501=ORIENTED_EDGE('',*,*,#1166,.F.);
#1502=ORIENTED_EDGE('',*,*,#1043,.F.);
#1503=ORIENTED_EDGE('',*,*,#1167,.F.);
#1504=ORIENTED_EDGE('',*,*,#1082,.F.);
#1505=ORIENTED_EDGE('',*,*,#1065,.T.);
#1506=ORIENTED_EDGE('',*,*,#1046,.F.);
#1507=ORIENTED_EDGE('',*,*,#1168,.F.);
#1508=ORIENTED_EDGE('',*,*,#1079,.F.);
#1509=ORIENTED_EDGE('',*,*,#1167,.T.);
#1510=ORIENTED_EDGE('',*,*,#1049,.F.);
#1511=ORIENTED_EDGE('',*,*,#1060,.F.);
#1512=ORIENTED_EDGE('',*,*,#1075,.F.);
#1513=ORIENTED_EDGE('',*,*,#1168,.T.);
#1514=ORIENTED_EDGE('',*,*,#1169,.T.);
#1515=ORIENTED_EDGE('',*,*,#1170,.F.);
#1516=ORIENTED_EDGE('',*,*,#1084,.T.);
#1517=ORIENTED_EDGE('',*,*,#1171,.T.);
#1518=ORIENTED_EDGE('',*,*,#1172,.T.);
#1519=ORIENTED_EDGE('',*,*,#1173,.F.);
#1520=ORIENTED_EDGE('',*,*,#1085,.T.);
#1521=ORIENTED_EDGE('',*,*,#1170,.T.);
#1522=ORIENTED_EDGE('',*,*,#1174,.T.);
#1523=ORIENTED_EDGE('',*,*,#1171,.F.);
#1524=ORIENTED_EDGE('',*,*,#1086,.T.);
#1525=ORIENTED_EDGE('',*,*,#1173,.T.);
#1526=ORIENTED_EDGE('',*,*,#1172,.F.);
#1527=ORIENTED_EDGE('',*,*,#1169,.F.);
#1528=ORIENTED_EDGE('',*,*,#1174,.F.);
#1529=ORIENTED_EDGE('',*,*,#1175,.T.);
#1530=ORIENTED_EDGE('',*,*,#1176,.F.);
#1531=ORIENTED_EDGE('',*,*,#1087,.T.);
#1532=ORIENTED_EDGE('',*,*,#1177,.T.);
#1533=ORIENTED_EDGE('',*,*,#1178,.T.);
#1534=ORIENTED_EDGE('',*,*,#1179,.F.);
#1535=ORIENTED_EDGE('',*,*,#1088,.T.);
#1536=ORIENTED_EDGE('',*,*,#1176,.T.);
#1537=ORIENTED_EDGE('',*,*,#1180,.T.);
#1538=ORIENTED_EDGE('',*,*,#1177,.F.);
#1539=ORIENTED_EDGE('',*,*,#1089,.T.);
#1540=ORIENTED_EDGE('',*,*,#1179,.T.);
#1541=ORIENTED_EDGE('',*,*,#1178,.F.);
#1542=ORIENTED_EDGE('',*,*,#1175,.F.);
#1543=ORIENTED_EDGE('',*,*,#1180,.F.);
#1544=ORIENTED_EDGE('',*,*,#1090,.F.);
#1545=ORIENTED_EDGE('',*,*,#1181,.T.);
#1546=ORIENTED_EDGE('',*,*,#1182,.F.);
#1547=ORIENTED_EDGE('',*,*,#1183,.F.);
#1548=ORIENTED_EDGE('',*,*,#1091,.F.);
#1549=ORIENTED_EDGE('',*,*,#1183,.T.);
#1550=ORIENTED_EDGE('',*,*,#1184,.F.);
#1551=ORIENTED_EDGE('',*,*,#1185,.F.);
#1552=ORIENTED_EDGE('',*,*,#1092,.F.);
#1553=ORIENTED_EDGE('',*,*,#1185,.T.);
#1554=ORIENTED_EDGE('',*,*,#1186,.F.);
#1555=ORIENTED_EDGE('',*,*,#1187,.F.);
#1556=ORIENTED_EDGE('',*,*,#1093,.F.);
#1557=ORIENTED_EDGE('',*,*,#1187,.T.);
#1558=ORIENTED_EDGE('',*,*,#1188,.F.);
#1559=ORIENTED_EDGE('',*,*,#1189,.F.);
#1560=ORIENTED_EDGE('',*,*,#1094,.F.);
#1561=ORIENTED_EDGE('',*,*,#1189,.T.);
#1562=ORIENTED_EDGE('',*,*,#1190,.F.);
#1563=ORIENTED_EDGE('',*,*,#1191,.F.);
#1564=ORIENTED_EDGE('',*,*,#1095,.F.);
#1565=ORIENTED_EDGE('',*,*,#1191,.T.);
#1566=ORIENTED_EDGE('',*,*,#1192,.F.);
#1567=ORIENTED_EDGE('',*,*,#1193,.F.);
#1568=ORIENTED_EDGE('',*,*,#1096,.F.);
#1569=ORIENTED_EDGE('',*,*,#1193,.T.);
#1570=ORIENTED_EDGE('',*,*,#1194,.F.);
#1571=ORIENTED_EDGE('',*,*,#1195,.F.);
#1572=ORIENTED_EDGE('',*,*,#1097,.F.);
#1573=ORIENTED_EDGE('',*,*,#1195,.T.);
#1574=ORIENTED_EDGE('',*,*,#1196,.F.);
#1575=ORIENTED_EDGE('',*,*,#1197,.F.);
#1576=ORIENTED_EDGE('',*,*,#1098,.F.);
#1577=ORIENTED_EDGE('',*,*,#1197,.T.);
#1578=ORIENTED_EDGE('',*,*,#1198,.F.);
#1579=ORIENTED_EDGE('',*,*,#1199,.F.);
#1580=ORIENTED_EDGE('',*,*,#1099,.F.);
#1581=ORIENTED_EDGE('',*,*,#1199,.T.);
#1582=ORIENTED_EDGE('',*,*,#1200,.F.);
#1583=ORIENTED_EDGE('',*,*,#1201,.F.);
#1584=ORIENTED_EDGE('',*,*,#1100,.F.);
#1585=ORIENTED_EDGE('',*,*,#1201,.T.);
#1586=ORIENTED_EDGE('',*,*,#1202,.F.);
#1587=ORIENTED_EDGE('',*,*,#1203,.F.);
#1588=ORIENTED_EDGE('',*,*,#1101,.F.);
#1589=ORIENTED_EDGE('',*,*,#1203,.T.);
#1590=ORIENTED_EDGE('',*,*,#1204,.F.);
#1591=ORIENTED_EDGE('',*,*,#1205,.F.);
#1592=ORIENTED_EDGE('',*,*,#1102,.F.);
#1593=ORIENTED_EDGE('',*,*,#1205,.T.);
#1594=ORIENTED_EDGE('',*,*,#1206,.F.);
#1595=ORIENTED_EDGE('',*,*,#1181,.F.);
#1596=ORIENTED_EDGE('',*,*,#1206,.T.);
#1597=ORIENTED_EDGE('',*,*,#1204,.T.);
#1598=ORIENTED_EDGE('',*,*,#1202,.T.);
#1599=ORIENTED_EDGE('',*,*,#1200,.T.);
#1600=ORIENTED_EDGE('',*,*,#1198,.T.);
#1601=ORIENTED_EDGE('',*,*,#1196,.T.);
#1602=ORIENTED_EDGE('',*,*,#1194,.T.);
#1603=ORIENTED_EDGE('',*,*,#1192,.T.);
#1604=ORIENTED_EDGE('',*,*,#1190,.T.);
#1605=ORIENTED_EDGE('',*,*,#1188,.T.);
#1606=ORIENTED_EDGE('',*,*,#1186,.T.);
#1607=ORIENTED_EDGE('',*,*,#1184,.T.);
#1608=ORIENTED_EDGE('',*,*,#1182,.T.);
#1609=ORIENTED_EDGE('',*,*,#1107,.T.);
#1610=ORIENTED_EDGE('',*,*,#1207,.T.);
#1611=ORIENTED_EDGE('',*,*,#1208,.F.);
#1612=ORIENTED_EDGE('',*,*,#1209,.F.);
#1613=ORIENTED_EDGE('',*,*,#1105,.T.);
#1614=ORIENTED_EDGE('',*,*,#1210,.T.);
#1615=ORIENTED_EDGE('',*,*,#1211,.F.);
#1616=ORIENTED_EDGE('',*,*,#1212,.F.);
#1617=ORIENTED_EDGE('',*,*,#1213,.T.);
#1618=ORIENTED_EDGE('',*,*,#1214,.T.);
#1619=ORIENTED_EDGE('',*,*,#1215,.F.);
#1620=ORIENTED_EDGE('',*,*,#1111,.T.);
#1621=ORIENTED_EDGE('',*,*,#1148,.F.);
#1622=ORIENTED_EDGE('',*,*,#1216,.T.);
#1623=ORIENTED_EDGE('',*,*,#1217,.F.);
#1624=ORIENTED_EDGE('',*,*,#1218,.F.);
#1625=ORIENTED_EDGE('',*,*,#1149,.F.);
#1626=ORIENTED_EDGE('',*,*,#1218,.T.);
#1627=ORIENTED_EDGE('',*,*,#1219,.F.);
#1628=ORIENTED_EDGE('',*,*,#1220,.F.);
#1629=ORIENTED_EDGE('',*,*,#1150,.F.);
#1630=ORIENTED_EDGE('',*,*,#1220,.T.);
#1631=ORIENTED_EDGE('',*,*,#1221,.F.);
#1632=ORIENTED_EDGE('',*,*,#1222,.F.);
#1633=ORIENTED_EDGE('',*,*,#1151,.F.);
#1634=ORIENTED_EDGE('',*,*,#1222,.T.);
#1635=ORIENTED_EDGE('',*,*,#1223,.F.);
#1636=ORIENTED_EDGE('',*,*,#1216,.F.);
#1637=ORIENTED_EDGE('',*,*,#1103,.F.);
#1638=ORIENTED_EDGE('',*,*,#1224,.T.);
#1639=ORIENTED_EDGE('',*,*,#1225,.F.);
#1640=ORIENTED_EDGE('',*,*,#1226,.F.);
#1641=ORIENTED_EDGE('',*,*,#1104,.F.);
#1642=ORIENTED_EDGE('',*,*,#1226,.T.);
#1643=ORIENTED_EDGE('',*,*,#1227,.F.);
#1644=ORIENTED_EDGE('',*,*,#1210,.F.);
#1645=ORIENTED_EDGE('',*,*,#1106,.F.);
#1646=ORIENTED_EDGE('',*,*,#1212,.T.);
#1647=ORIENTED_EDGE('',*,*,#1228,.F.);
#1648=ORIENTED_EDGE('',*,*,#1207,.F.);
#1649=ORIENTED_EDGE('',*,*,#1108,.F.);
#1650=ORIENTED_EDGE('',*,*,#1209,.T.);
#1651=ORIENTED_EDGE('',*,*,#1229,.F.);
#1652=ORIENTED_EDGE('',*,*,#1230,.F.);
#1653=ORIENTED_EDGE('',*,*,#1110,.T.);
#1654=ORIENTED_EDGE('',*,*,#1109,.T.);
#1655=ORIENTED_EDGE('',*,*,#1230,.T.);
#1656=ORIENTED_EDGE('',*,*,#1231,.F.);
#1657=ORIENTED_EDGE('',*,*,#1213,.F.);
#1658=ORIENTED_EDGE('',*,*,#1112,.F.);
#1659=ORIENTED_EDGE('',*,*,#1215,.T.);
#1660=ORIENTED_EDGE('',*,*,#1232,.F.);
#1661=ORIENTED_EDGE('',*,*,#1233,.F.);
#1662=ORIENTED_EDGE('',*,*,#1113,.F.);
#1663=ORIENTED_EDGE('',*,*,#1233,.T.);
#1664=ORIENTED_EDGE('',*,*,#1234,.F.);
#1665=ORIENTED_EDGE('',*,*,#1224,.F.);
#1666=ORIENTED_EDGE('',*,*,#1234,.T.);
#1667=ORIENTED_EDGE('',*,*,#1232,.T.);
#1668=ORIENTED_EDGE('',*,*,#1214,.F.);
#1669=ORIENTED_EDGE('',*,*,#1231,.T.);
#1670=ORIENTED_EDGE('',*,*,#1229,.T.);
#1671=ORIENTED_EDGE('',*,*,#1208,.T.);
#1672=ORIENTED_EDGE('',*,*,#1228,.T.);
#1673=ORIENTED_EDGE('',*,*,#1211,.T.);
#1674=ORIENTED_EDGE('',*,*,#1227,.T.);
#1675=ORIENTED_EDGE('',*,*,#1225,.T.);
#1676=ORIENTED_EDGE('',*,*,#1223,.T.);
#1677=ORIENTED_EDGE('',*,*,#1221,.T.);
#1678=ORIENTED_EDGE('',*,*,#1219,.T.);
#1679=ORIENTED_EDGE('',*,*,#1217,.T.);
#1680=ORIENTED_EDGE('',*,*,#1114,.F.);
#1681=ORIENTED_EDGE('',*,*,#1235,.T.);
#1682=ORIENTED_EDGE('',*,*,#1236,.F.);
#1683=ORIENTED_EDGE('',*,*,#1237,.F.);
#1684=ORIENTED_EDGE('',*,*,#1115,.F.);
#1685=ORIENTED_EDGE('',*,*,#1237,.T.);
#1686=ORIENTED_EDGE('',*,*,#1238,.F.);
#1687=ORIENTED_EDGE('',*,*,#1239,.F.);
#1688=ORIENTED_EDGE('',*,*,#1116,.F.);
#1689=ORIENTED_EDGE('',*,*,#1239,.T.);
#1690=ORIENTED_EDGE('',*,*,#1240,.F.);
#1691=ORIENTED_EDGE('',*,*,#1241,.F.);
#1692=ORIENTED_EDGE('',*,*,#1117,.F.);
#1693=ORIENTED_EDGE('',*,*,#1241,.T.);
#1694=ORIENTED_EDGE('',*,*,#1242,.F.);
#1695=ORIENTED_EDGE('',*,*,#1235,.F.);
#1696=ORIENTED_EDGE('',*,*,#1242,.T.);
#1697=ORIENTED_EDGE('',*,*,#1240,.T.);
#1698=ORIENTED_EDGE('',*,*,#1238,.T.);
#1699=ORIENTED_EDGE('',*,*,#1236,.T.);
#1700=ORIENTED_EDGE('',*,*,#1122,.F.);
#1701=ORIENTED_EDGE('',*,*,#1243,.T.);
#1702=ORIENTED_EDGE('',*,*,#1244,.F.);
#1703=ORIENTED_EDGE('',*,*,#1245,.F.);
#1704=ORIENTED_EDGE('',*,*,#1123,.F.);
#1705=ORIENTED_EDGE('',*,*,#1245,.T.);
#1706=ORIENTED_EDGE('',*,*,#1246,.F.);
#1707=ORIENTED_EDGE('',*,*,#1247,.F.);
#1708=ORIENTED_EDGE('',*,*,#1124,.F.);
#1709=ORIENTED_EDGE('',*,*,#1247,.T.);
#1710=ORIENTED_EDGE('',*,*,#1248,.F.);
#1711=ORIENTED_EDGE('',*,*,#1249,.F.);
#1712=ORIENTED_EDGE('',*,*,#1125,.F.);
#1713=ORIENTED_EDGE('',*,*,#1249,.T.);
#1714=ORIENTED_EDGE('',*,*,#1250,.F.);
#1715=ORIENTED_EDGE('',*,*,#1251,.F.);
#1716=ORIENTED_EDGE('',*,*,#1126,.F.);
#1717=ORIENTED_EDGE('',*,*,#1251,.T.);
#1718=ORIENTED_EDGE('',*,*,#1252,.F.);
#1719=ORIENTED_EDGE('',*,*,#1253,.F.);
#1720=ORIENTED_EDGE('',*,*,#1128,.F.);
#1721=ORIENTED_EDGE('',*,*,#1254,.T.);
#1722=ORIENTED_EDGE('',*,*,#1255,.F.);
#1723=ORIENTED_EDGE('',*,*,#1256,.F.);
#1724=ORIENTED_EDGE('',*,*,#1130,.F.);
#1725=ORIENTED_EDGE('',*,*,#1257,.T.);
#1726=ORIENTED_EDGE('',*,*,#1258,.F.);
#1727=ORIENTED_EDGE('',*,*,#1259,.F.);
#1728=ORIENTED_EDGE('',*,*,#1118,.F.);
#1729=ORIENTED_EDGE('',*,*,#1260,.T.);
#1730=ORIENTED_EDGE('',*,*,#1261,.F.);
#1731=ORIENTED_EDGE('',*,*,#1262,.F.);
#1732=ORIENTED_EDGE('',*,*,#1119,.F.);
#1733=ORIENTED_EDGE('',*,*,#1262,.T.);
#1734=ORIENTED_EDGE('',*,*,#1263,.F.);
#1735=ORIENTED_EDGE('',*,*,#1264,.F.);
#1736=ORIENTED_EDGE('',*,*,#1120,.F.);
#1737=ORIENTED_EDGE('',*,*,#1264,.T.);
#1738=ORIENTED_EDGE('',*,*,#1265,.F.);
#1739=ORIENTED_EDGE('',*,*,#1266,.F.);
#1740=ORIENTED_EDGE('',*,*,#1121,.F.);
#1741=ORIENTED_EDGE('',*,*,#1266,.T.);
#1742=ORIENTED_EDGE('',*,*,#1267,.F.);
#1743=ORIENTED_EDGE('',*,*,#1243,.F.);
#1744=ORIENTED_EDGE('',*,*,#1267,.T.);
#1745=ORIENTED_EDGE('',*,*,#1265,.T.);
#1746=ORIENTED_EDGE('',*,*,#1263,.T.);
#1747=ORIENTED_EDGE('',*,*,#1261,.T.);
#1748=ORIENTED_EDGE('',*,*,#1268,.T.);
#1749=ORIENTED_EDGE('',*,*,#1258,.T.);
#1750=ORIENTED_EDGE('',*,*,#1269,.T.);
#1751=ORIENTED_EDGE('',*,*,#1255,.T.);
#1752=ORIENTED_EDGE('',*,*,#1270,.T.);
#1753=ORIENTED_EDGE('',*,*,#1252,.T.);
#1754=ORIENTED_EDGE('',*,*,#1250,.T.);
#1755=ORIENTED_EDGE('',*,*,#1248,.T.);
#1756=ORIENTED_EDGE('',*,*,#1246,.T.);
#1757=ORIENTED_EDGE('',*,*,#1244,.T.);
#1758=ORIENTED_EDGE('',*,*,#1129,.T.);
#1759=ORIENTED_EDGE('',*,*,#1256,.T.);
#1760=ORIENTED_EDGE('',*,*,#1269,.F.);
#1761=ORIENTED_EDGE('',*,*,#1257,.F.);
#1762=ORIENTED_EDGE('',*,*,#1131,.T.);
#1763=ORIENTED_EDGE('',*,*,#1259,.T.);
#1764=ORIENTED_EDGE('',*,*,#1268,.F.);
#1765=ORIENTED_EDGE('',*,*,#1260,.F.);
#1766=ORIENTED_EDGE('',*,*,#1127,.T.);
#1767=ORIENTED_EDGE('',*,*,#1253,.T.);
#1768=ORIENTED_EDGE('',*,*,#1270,.F.);
#1769=ORIENTED_EDGE('',*,*,#1254,.F.);
#1770=ORIENTED_EDGE('',*,*,#1271,.T.);
#1771=ORIENTED_EDGE('',*,*,#1272,.F.);
#1772=ORIENTED_EDGE('',*,*,#1132,.T.);
#1773=ORIENTED_EDGE('',*,*,#1273,.T.);
#1774=ORIENTED_EDGE('',*,*,#1274,.T.);
#1775=ORIENTED_EDGE('',*,*,#1275,.F.);
#1776=ORIENTED_EDGE('',*,*,#1133,.T.);
#1777=ORIENTED_EDGE('',*,*,#1272,.T.);
#1778=ORIENTED_EDGE('',*,*,#1276,.T.);
#1779=ORIENTED_EDGE('',*,*,#1273,.F.);
#1780=ORIENTED_EDGE('',*,*,#1134,.T.);
#1781=ORIENTED_EDGE('',*,*,#1275,.T.);
#1782=ORIENTED_EDGE('',*,*,#1274,.F.);
#1783=ORIENTED_EDGE('',*,*,#1271,.F.);
#1784=ORIENTED_EDGE('',*,*,#1276,.F.);
#1785=ORIENTED_EDGE('',*,*,#1277,.T.);
#1786=ORIENTED_EDGE('',*,*,#1278,.F.);
#1787=ORIENTED_EDGE('',*,*,#1155,.T.);
#1788=ORIENTED_EDGE('',*,*,#1279,.T.);
#1789=ORIENTED_EDGE('',*,*,#1280,.T.);
#1790=ORIENTED_EDGE('',*,*,#1281,.F.);
#1791=ORIENTED_EDGE('',*,*,#1156,.T.);
#1792=ORIENTED_EDGE('',*,*,#1278,.T.);
#1793=ORIENTED_EDGE('',*,*,#1282,.T.);
#1794=ORIENTED_EDGE('',*,*,#1283,.F.);
#1795=ORIENTED_EDGE('',*,*,#1157,.T.);
#1796=ORIENTED_EDGE('',*,*,#1281,.T.);
#1797=ORIENTED_EDGE('',*,*,#1284,.T.);
#1798=ORIENTED_EDGE('',*,*,#1285,.F.);
#1799=ORIENTED_EDGE('',*,*,#1158,.T.);
#1800=ORIENTED_EDGE('',*,*,#1283,.T.);
#1801=ORIENTED_EDGE('',*,*,#1286,.T.);
#1802=ORIENTED_EDGE('',*,*,#1287,.F.);
#1803=ORIENTED_EDGE('',*,*,#1159,.T.);
#1804=ORIENTED_EDGE('',*,*,#1285,.T.);
#1805=ORIENTED_EDGE('',*,*,#1288,.T.);
#1806=ORIENTED_EDGE('',*,*,#1289,.F.);
#1807=ORIENTED_EDGE('',*,*,#1160,.T.);
#1808=ORIENTED_EDGE('',*,*,#1287,.T.);
#1809=ORIENTED_EDGE('',*,*,#1290,.T.);
#1810=ORIENTED_EDGE('',*,*,#1291,.F.);
#1811=ORIENTED_EDGE('',*,*,#1152,.T.);
#1812=ORIENTED_EDGE('',*,*,#1292,.T.);
#1813=ORIENTED_EDGE('',*,*,#1293,.T.);
#1814=ORIENTED_EDGE('',*,*,#1294,.F.);
#1815=ORIENTED_EDGE('',*,*,#1135,.T.);
#1816=ORIENTED_EDGE('',*,*,#1295,.T.);
#1817=ORIENTED_EDGE('',*,*,#1296,.T.);
#1818=ORIENTED_EDGE('',*,*,#1297,.F.);
#1819=ORIENTED_EDGE('',*,*,#1136,.T.);
#1820=ORIENTED_EDGE('',*,*,#1294,.T.);
#1821=ORIENTED_EDGE('',*,*,#1298,.T.);
#1822=ORIENTED_EDGE('',*,*,#1299,.F.);
#1823=ORIENTED_EDGE('',*,*,#1137,.T.);
#1824=ORIENTED_EDGE('',*,*,#1297,.T.);
#1825=ORIENTED_EDGE('',*,*,#1300,.T.);
#1826=ORIENTED_EDGE('',*,*,#1301,.F.);
#1827=ORIENTED_EDGE('',*,*,#1138,.T.);
#1828=ORIENTED_EDGE('',*,*,#1299,.T.);
#1829=ORIENTED_EDGE('',*,*,#1302,.T.);
#1830=ORIENTED_EDGE('',*,*,#1303,.F.);
#1831=ORIENTED_EDGE('',*,*,#1139,.T.);
#1832=ORIENTED_EDGE('',*,*,#1301,.T.);
#1833=ORIENTED_EDGE('',*,*,#1304,.T.);
#1834=ORIENTED_EDGE('',*,*,#1305,.F.);
#1835=ORIENTED_EDGE('',*,*,#1140,.T.);
#1836=ORIENTED_EDGE('',*,*,#1303,.T.);
#1837=ORIENTED_EDGE('',*,*,#1306,.T.);
#1838=ORIENTED_EDGE('',*,*,#1307,.F.);
#1839=ORIENTED_EDGE('',*,*,#1161,.T.);
#1840=ORIENTED_EDGE('',*,*,#1289,.T.);
#1841=ORIENTED_EDGE('',*,*,#1308,.T.);
#1842=ORIENTED_EDGE('',*,*,#1309,.F.);
#1843=ORIENTED_EDGE('',*,*,#1162,.T.);
#1844=ORIENTED_EDGE('',*,*,#1307,.T.);
#1845=ORIENTED_EDGE('',*,*,#1310,.T.);
#1846=ORIENTED_EDGE('',*,*,#1311,.F.);
#1847=ORIENTED_EDGE('',*,*,#1163,.T.);
#1848=ORIENTED_EDGE('',*,*,#1309,.T.);
#1849=ORIENTED_EDGE('',*,*,#1312,.T.);
#1850=ORIENTED_EDGE('',*,*,#1313,.F.);
#1851=ORIENTED_EDGE('',*,*,#1164,.T.);
#1852=ORIENTED_EDGE('',*,*,#1311,.T.);
#1853=ORIENTED_EDGE('',*,*,#1314,.T.);
#1854=ORIENTED_EDGE('',*,*,#1315,.F.);
#1855=ORIENTED_EDGE('',*,*,#1165,.T.);
#1856=ORIENTED_EDGE('',*,*,#1313,.T.);
#1857=ORIENTED_EDGE('',*,*,#1316,.T.);
#1858=ORIENTED_EDGE('',*,*,#1279,.F.);
#1859=ORIENTED_EDGE('',*,*,#1166,.T.);
#1860=ORIENTED_EDGE('',*,*,#1315,.T.);
#1861=ORIENTED_EDGE('',*,*,#1317,.T.);
#1862=ORIENTED_EDGE('',*,*,#1318,.F.);
#1863=ORIENTED_EDGE('',*,*,#1153,.T.);
#1864=ORIENTED_EDGE('',*,*,#1291,.T.);
#1865=ORIENTED_EDGE('',*,*,#1319,.T.);
#1866=ORIENTED_EDGE('',*,*,#1292,.F.);
#1867=ORIENTED_EDGE('',*,*,#1154,.T.);
#1868=ORIENTED_EDGE('',*,*,#1318,.T.);
#1869=ORIENTED_EDGE('',*,*,#1320,.T.);
#1870=ORIENTED_EDGE('',*,*,#1321,.F.);
#1871=ORIENTED_EDGE('',*,*,#1141,.F.);
#1872=ORIENTED_EDGE('',*,*,#1305,.T.);
#1873=ORIENTED_EDGE('',*,*,#1322,.T.);
#1874=ORIENTED_EDGE('',*,*,#1323,.F.);
#1875=ORIENTED_EDGE('',*,*,#1142,.F.);
#1876=ORIENTED_EDGE('',*,*,#1321,.T.);
#1877=ORIENTED_EDGE('',*,*,#1324,.T.);
#1878=ORIENTED_EDGE('',*,*,#1325,.F.);
#1879=ORIENTED_EDGE('',*,*,#1143,.F.);
#1880=ORIENTED_EDGE('',*,*,#1323,.T.);
#1881=ORIENTED_EDGE('',*,*,#1326,.T.);
#1882=ORIENTED_EDGE('',*,*,#1327,.F.);
#1883=ORIENTED_EDGE('',*,*,#1144,.F.);
#1884=ORIENTED_EDGE('',*,*,#1325,.T.);
#1885=ORIENTED_EDGE('',*,*,#1328,.T.);
#1886=ORIENTED_EDGE('',*,*,#1329,.F.);
#1887=ORIENTED_EDGE('',*,*,#1145,.F.);
#1888=ORIENTED_EDGE('',*,*,#1327,.T.);
#1889=ORIENTED_EDGE('',*,*,#1330,.T.);
#1890=ORIENTED_EDGE('',*,*,#1331,.F.);
#1891=ORIENTED_EDGE('',*,*,#1146,.T.);
#1892=ORIENTED_EDGE('',*,*,#1329,.T.);
#1893=ORIENTED_EDGE('',*,*,#1332,.T.);
#1894=ORIENTED_EDGE('',*,*,#1295,.F.);
#1895=ORIENTED_EDGE('',*,*,#1147,.T.);
#1896=ORIENTED_EDGE('',*,*,#1331,.T.);
#1897=ORIENTED_EDGE('',*,*,#1320,.F.);
#1898=ORIENTED_EDGE('',*,*,#1304,.F.);
#1899=ORIENTED_EDGE('',*,*,#1302,.F.);
#1900=ORIENTED_EDGE('',*,*,#1300,.F.);
#1901=ORIENTED_EDGE('',*,*,#1298,.F.);
#1902=ORIENTED_EDGE('',*,*,#1296,.F.);
#1903=ORIENTED_EDGE('',*,*,#1293,.F.);
#1904=ORIENTED_EDGE('',*,*,#1332,.F.);
#1905=ORIENTED_EDGE('',*,*,#1330,.F.);
#1906=ORIENTED_EDGE('',*,*,#1328,.F.);
#1907=ORIENTED_EDGE('',*,*,#1326,.F.);
#1908=ORIENTED_EDGE('',*,*,#1324,.F.);
#1909=ORIENTED_EDGE('',*,*,#1322,.F.);
#1910=ORIENTED_EDGE('',*,*,#1317,.F.);
#1911=ORIENTED_EDGE('',*,*,#1290,.F.);
#1912=ORIENTED_EDGE('',*,*,#1319,.F.);
#1913=ORIENTED_EDGE('',*,*,#1306,.F.);
#1914=ORIENTED_EDGE('',*,*,#1288,.F.);
#1915=ORIENTED_EDGE('',*,*,#1286,.F.);
#1916=ORIENTED_EDGE('',*,*,#1284,.F.);
#1917=ORIENTED_EDGE('',*,*,#1282,.F.);
#1918=ORIENTED_EDGE('',*,*,#1280,.F.);
#1919=ORIENTED_EDGE('',*,*,#1277,.F.);
#1920=ORIENTED_EDGE('',*,*,#1316,.F.);
#1921=ORIENTED_EDGE('',*,*,#1314,.F.);
#1922=ORIENTED_EDGE('',*,*,#1312,.F.);
#1923=ORIENTED_EDGE('',*,*,#1310,.F.);
#1924=ORIENTED_EDGE('',*,*,#1308,.F.);
#1925=PLANE('',#2154);
#1926=PLANE('',#2155);
#1927=PLANE('',#2156);
#1928=PLANE('',#2157);
#1929=PLANE('',#2158);
#1930=PLANE('',#2159);
#1931=PLANE('',#2160);
#1932=PLANE('',#2161);
#1933=PLANE('',#2162);
#1934=PLANE('',#2163);
#1935=PLANE('',#2164);
#1936=PLANE('',#2165);
#1937=PLANE('',#2166);
#1938=PLANE('',#2167);
#1939=PLANE('',#2168);
#1940=PLANE('',#2169);
#1941=PLANE('',#2170);
#1942=PLANE('',#2171);
#1943=PLANE('',#2172);
#1944=PLANE('',#2173);
#1945=PLANE('',#2190);
#1946=PLANE('',#2192);
#1947=PLANE('',#2193);
#1948=PLANE('',#2194);
#1949=PLANE('',#2195);
#1950=PLANE('',#2196);
#1951=PLANE('',#2197);
#1952=PLANE('',#2198);
#1953=PLANE('',#2199);
#1954=PLANE('',#2200);
#1955=PLANE('',#2201);
#1956=PLANE('',#2202);
#1957=PLANE('',#2203);
#1958=PLANE('',#2204);
#1959=PLANE('',#2205);
#1960=PLANE('',#2206);
#1961=PLANE('',#2209);
#1962=PLANE('',#2212);
#1963=PLANE('',#2213);
#1964=PLANE('',#2216);
#1965=PLANE('',#2219);
#1966=PLANE('',#2220);
#1967=PLANE('',#2223);
#1968=PLANE('',#2224);
#1969=PLANE('',#2225);
#1970=PLANE('',#2228);
#1971=PLANE('',#2231);
#1972=PLANE('',#2232);
#1973=PLANE('',#2233);
#1974=PLANE('',#2240);
#1975=PLANE('',#2241);
#1976=PLANE('',#2242);
#1977=PLANE('',#2243);
#1978=PLANE('',#2246);
#1979=PLANE('',#2249);
#1980=PLANE('',#2250);
#1981=PLANE('',#2253);
#1982=PLANE('',#2254);
#1983=PLANE('',#2255);
#1984=PLANE('',#2264);
#1985=PLANE('',#2265);
#1986=PLANE('',#2266);
#1987=PLANE('',#2267);
#1988=PLANE('',#2268);
#1989=PLANE('',#2269);
#1990=PLANE('',#2270);
#1991=PLANE('',#2271);
#1992=PLANE('',#2272);
#1993=PLANE('',#2273);
#1994=PLANE('',#2274);
#1995=PLANE('',#2275);
#1996=PLANE('',#2276);
#1997=PLANE('',#2277);
#1998=PLANE('',#2278);
#1999=PLANE('',#2279);
#2000=PLANE('',#2280);
#2001=PLANE('',#2281);
#2002=PLANE('',#2282);
#2003=PLANE('',#2283);
#2004=PLANE('',#2284);
#2005=PLANE('',#2285);
#2006=PLANE('',#2286);
#2007=PLANE('',#2287);
#2008=PLANE('',#2288);
#2009=PLANE('',#2289);
#2010=PLANE('',#2290);
#2011=PLANE('',#2291);
#2012=PLANE('',#2292);
#2013=PLANE('',#2293);
#2014=PLANE('',#2294);
#2015=PLANE('',#2295);
#2016=PLANE('',#2296);
#2017=PLANE('',#2297);
#2018=PLANE('',#2298);
#2019=PLANE('',#2299);
#2020=PLANE('',#2300);
#2021=PLANE('',#2301);
#2022=PLANE('',#2302);
#2023=PLANE('',#2303);
#2024=ADVANCED_FACE('',(#77),#1925,.T.);
#2025=ADVANCED_FACE('',(#78),#1926,.T.);
#2026=ADVANCED_FACE('',(#79),#1927,.T.);
#2027=ADVANCED_FACE('',(#80),#1928,.T.);
#2028=ADVANCED_FACE('',(#81),#1929,.T.);
#2029=ADVANCED_FACE('',(#82),#1930,.T.);
#2030=ADVANCED_FACE('',(#83),#1931,.T.);
#2031=ADVANCED_FACE('',(#84),#1932,.T.);
#2032=ADVANCED_FACE('',(#85),#1933,.T.);
#2033=ADVANCED_FACE('',(#86),#1934,.T.);
#2034=ADVANCED_FACE('',(#87),#1935,.T.);
#2035=ADVANCED_FACE('',(#88),#1936,.T.);
#2036=ADVANCED_FACE('',(#89),#1937,.T.);
#2037=ADVANCED_FACE('',(#90),#1938,.T.);
#2038=ADVANCED_FACE('',(#91),#1939,.T.);
#2039=ADVANCED_FACE('',(#92),#1940,.T.);
#2040=ADVANCED_FACE('',(#93),#1941,.T.);
#2041=ADVANCED_FACE('',(#94),#1942,.T.);
#2042=ADVANCED_FACE('',(#95),#1943,.T.);
#2043=ADVANCED_FACE('',(#96,#66,#67,#68,#69,#70,#71,#72,#73),#1944,.F.);
#2044=ADVANCED_FACE('',(#97),#1945,.F.);
#2045=ADVANCED_FACE('',(#98),#1946,.F.);
#2046=ADVANCED_FACE('',(#99),#1947,.F.);
#2047=ADVANCED_FACE('',(#100),#1948,.T.);
#2048=ADVANCED_FACE('',(#101),#1949,.T.);
#2049=ADVANCED_FACE('',(#102),#1950,.T.);
#2050=ADVANCED_FACE('',(#103),#1951,.T.);
#2051=ADVANCED_FACE('',(#104),#1952,.T.);
#2052=ADVANCED_FACE('',(#105),#1953,.T.);
#2053=ADVANCED_FACE('',(#106),#1954,.T.);
#2054=ADVANCED_FACE('',(#107),#1955,.T.);
#2055=ADVANCED_FACE('',(#108),#1956,.T.);
#2056=ADVANCED_FACE('',(#109),#1957,.T.);
#2057=ADVANCED_FACE('',(#110),#1958,.T.);
#2058=ADVANCED_FACE('',(#111),#1959,.T.);
#2059=ADVANCED_FACE('',(#112),#1960,.T.);
#2060=ADVANCED_FACE('',(#113),#15,.T.);
#2061=ADVANCED_FACE('',(#114),#1961,.T.);
#2062=ADVANCED_FACE('',(#115),#16,.T.);
#2063=ADVANCED_FACE('',(#116),#1962,.T.);
#2064=ADVANCED_FACE('',(#117),#1963,.T.);
#2065=ADVANCED_FACE('',(#118),#17,.T.);
#2066=ADVANCED_FACE('',(#119),#1964,.T.);
#2067=ADVANCED_FACE('',(#120),#18,.T.);
#2068=ADVANCED_FACE('',(#121),#1965,.T.);
#2069=ADVANCED_FACE('',(#122),#1966,.T.);
#2070=ADVANCED_FACE('',(#123),#19,.T.);
#2071=ADVANCED_FACE('',(#124),#1967,.T.);
#2072=ADVANCED_FACE('',(#125),#1968,.T.);
#2073=ADVANCED_FACE('',(#126),#1969,.T.);
#2074=ADVANCED_FACE('',(#127),#20,.T.);
#2075=ADVANCED_FACE('',(#128),#1970,.T.);
#2076=ADVANCED_FACE('',(#129),#21,.F.);
#2077=ADVANCED_FACE('',(#130),#1971,.T.);
#2078=ADVANCED_FACE('',(#131),#1972,.T.);
#2079=ADVANCED_FACE('',(#132),#1973,.T.);
#2080=ADVANCED_FACE('',(#133),#22,.T.);
#2081=ADVANCED_FACE('',(#134),#23,.T.);
#2082=ADVANCED_FACE('',(#135),#24,.T.);
#2083=ADVANCED_FACE('',(#136),#1974,.T.);
#2084=ADVANCED_FACE('',(#137),#1975,.T.);
#2085=ADVANCED_FACE('',(#138),#1976,.T.);
#2086=ADVANCED_FACE('',(#139,#74),#1977,.T.);
#2087=ADVANCED_FACE('',(#140),#25,.T.);
#2088=ADVANCED_FACE('',(#141),#1978,.T.);
#2089=ADVANCED_FACE('',(#142),#26,.T.);
#2090=ADVANCED_FACE('',(#143),#1979,.T.);
#2091=ADVANCED_FACE('',(#144),#1980,.T.);
#2092=ADVANCED_FACE('',(#145),#27,.T.);
#2093=ADVANCED_FACE('',(#146),#1981,.T.);
#2094=ADVANCED_FACE('',(#147),#1982,.T.);
#2095=ADVANCED_FACE('',(#148),#1983,.T.);
#2096=ADVANCED_FACE('',(#149),#28,.T.);
#2097=ADVANCED_FACE('',(#150),#29,.T.);
#2098=ADVANCED_FACE('',(#151),#30,.T.);
#2099=ADVANCED_FACE('',(#152),#31,.T.);
#2100=ADVANCED_FACE('',(#153),#1984,.T.);
#2101=ADVANCED_FACE('',(#154),#1985,.T.);
#2102=ADVANCED_FACE('',(#155),#1986,.T.);
#2103=ADVANCED_FACE('',(#156),#1987,.T.);
#2104=ADVANCED_FACE('',(#157),#1988,.T.);
#2105=ADVANCED_FACE('',(#158),#1989,.T.);
#2106=ADVANCED_FACE('',(#159),#1990,.T.);
#2107=ADVANCED_FACE('',(#160),#1991,.T.);
#2108=ADVANCED_FACE('',(#161),#1992,.T.);
#2109=ADVANCED_FACE('',(#162),#1993,.T.);
#2110=ADVANCED_FACE('',(#163),#1994,.T.);
#2111=ADVANCED_FACE('',(#164),#1995,.T.);
#2112=ADVANCED_FACE('',(#165),#1996,.T.);
#2113=ADVANCED_FACE('',(#166),#1997,.T.);
#2114=ADVANCED_FACE('',(#167),#1998,.T.);
#2115=ADVANCED_FACE('',(#168),#1999,.T.);
#2116=ADVANCED_FACE('',(#169),#2000,.T.);
#2117=ADVANCED_FACE('',(#170),#2001,.T.);
#2118=ADVANCED_FACE('',(#171),#2002,.T.);
#2119=ADVANCED_FACE('',(#172),#2003,.T.);
#2120=ADVANCED_FACE('',(#173),#2004,.T.);
#2121=ADVANCED_FACE('',(#174),#2005,.T.);
#2122=ADVANCED_FACE('',(#175),#2006,.T.);
#2123=ADVANCED_FACE('',(#176),#2007,.T.);
#2124=ADVANCED_FACE('',(#177),#2008,.T.);
#2125=ADVANCED_FACE('',(#178),#2009,.T.);
#2126=ADVANCED_FACE('',(#179),#2010,.T.);
#2127=ADVANCED_FACE('',(#180),#2011,.T.);
#2128=ADVANCED_FACE('',(#181),#2012,.T.);
#2129=ADVANCED_FACE('',(#182),#2013,.T.);
#2130=ADVANCED_FACE('',(#183),#2014,.T.);
#2131=ADVANCED_FACE('',(#184),#2015,.T.);
#2132=ADVANCED_FACE('',(#185),#2016,.T.);
#2133=ADVANCED_FACE('',(#186),#2017,.T.);
#2134=ADVANCED_FACE('',(#187),#2018,.T.);
#2135=ADVANCED_FACE('',(#188),#2019,.T.);
#2136=ADVANCED_FACE('',(#189),#2020,.T.);
#2137=ADVANCED_FACE('',(#190),#2021,.T.);
#2138=ADVANCED_FACE('',(#191),#2022,.T.);
#2139=ADVANCED_FACE('',(#192,#75,#76),#2023,.T.);
#2140=CLOSED_SHELL('',(#2024,#2025,#2026,#2027,#2028,#2029,#2030,#2031,
#2032,#2033,#2034,#2035,#2036,#2037,#2038,#2039,#2040,#2041,#2042,#2043,
#2044,#2045,#2046,#2047,#2048,#2049,#2050,#2051,#2052,#2053,#2054,#2055,
#2056,#2057,#2058,#2059,#2060,#2061,#2062,#2063,#2064,#2065,#2066,#2067,
#2068,#2069,#2070,#2071,#2072,#2073,#2074,#2075,#2076,#2077,#2078,#2079,
#2080,#2081,#2082,#2083,#2084,#2085,#2086,#2087,#2088,#2089,#2090,#2091,
#2092,#2093,#2094,#2095,#2096,#2097,#2098,#2099,#2100,#2101,#2102,#2103,
#2104,#2105,#2106,#2107,#2108,#2109,#2110,#2111,#2112,#2113,#2114,#2115,
#2116,#2117,#2118,#2119,#2120,#2121,#2122,#2123,#2124,#2125,#2126,#2127,
#2128,#2129,#2130,#2131,#2132,#2133,#2134,#2135,#2136,#2137,#2138,#2139));
#2141=DERIVED_UNIT_ELEMENT(#2143,1.);
#2142=DERIVED_UNIT_ELEMENT(#3479,-3.);
#2143=(
MASS_UNIT()
NAMED_UNIT(*)
SI_UNIT(.KILO.,.GRAM.)
);
#2144=DERIVED_UNIT((#2141,#2142));
#2145=MEASURE_REPRESENTATION_ITEM('density measure',
POSITIVE_RATIO_MEASURE(7850.),#2144);
#2146=PROPERTY_DEFINITION_REPRESENTATION(#2151,#2148);
#2147=PROPERTY_DEFINITION_REPRESENTATION(#2152,#2149);
#2148=REPRESENTATION('material name',(#2150),#3476);
#2149=REPRESENTATION('density',(#2145),#3476);
#2150=DESCRIPTIVE_REPRESENTATION_ITEM('Steel','Steel');
#2151=PROPERTY_DEFINITION('material property','material name',#3486);
#2152=PROPERTY_DEFINITION('material property','density of part',#3486);
#2153=AXIS2_PLACEMENT_3D('',#2868,#2304,#2305);
#2154=AXIS2_PLACEMENT_3D('',#2869,#2306,#2307);
#2155=AXIS2_PLACEMENT_3D('',#2878,#2312,#2313);
#2156=AXIS2_PLACEMENT_3D('',#2884,#2317,#2318);
#2157=AXIS2_PLACEMENT_3D('',#2890,#2322,#2323);
#2158=AXIS2_PLACEMENT_3D('',#2896,#2327,#2328);
#2159=AXIS2_PLACEMENT_3D('',#2902,#2332,#2333);
#2160=AXIS2_PLACEMENT_3D('',#2908,#2337,#2338);
#2161=AXIS2_PLACEMENT_3D('',#2911,#2341,#2342);
#2162=AXIS2_PLACEMENT_3D('',#2917,#2346,#2347);
#2163=AXIS2_PLACEMENT_3D('',#2921,#2350,#2351);
#2164=AXIS2_PLACEMENT_3D('',#2925,#2354,#2355);
#2165=AXIS2_PLACEMENT_3D('',#2929,#2358,#2359);
#2166=AXIS2_PLACEMENT_3D('',#2930,#2360,#2361);
#2167=AXIS2_PLACEMENT_3D('',#2936,#2365,#2366);
#2168=AXIS2_PLACEMENT_3D('',#2940,#2369,#2370);
#2169=AXIS2_PLACEMENT_3D('',#2946,#2374,#2375);
#2170=AXIS2_PLACEMENT_3D('',#2952,#2379,#2380);
#2171=AXIS2_PLACEMENT_3D('',#2954,#2382,#2383);
#2172=AXIS2_PLACEMENT_3D('',#2960,#2387,#2388);
#2173=AXIS2_PLACEMENT_3D('',#2963,#2391,#2392);
#2174=AXIS2_PLACEMENT_3D('',#2982,#2401,#2402);
#2175=AXIS2_PLACEMENT_3D('',#2986,#2404,#2405);
#2176=AXIS2_PLACEMENT_3D('',#2992,#2408,#2409);
#2177=AXIS2_PLACEMENT_3D('',#2996,#2411,#2412);
#2178=AXIS2_PLACEMENT_3D('',#3001,#2415,#2416);
#2179=AXIS2_PLACEMENT_3D('',#3006,#2418,#2419);
#2180=AXIS2_PLACEMENT_3D('',#3010,#2421,#2422);
#2181=AXIS2_PLACEMENT_3D('',#3014,#2424,#2425);
#2182=AXIS2_PLACEMENT_3D('',#3020,#2428,#2429);
#2183=AXIS2_PLACEMENT_3D('',#3026,#2432,#2433);
#2184=AXIS2_PLACEMENT_3D('',#3030,#2435,#2436);
#2185=AXIS2_PLACEMENT_3D('',#3034,#2438,#2439);
#2186=AXIS2_PLACEMENT_3D('',#3042,#2443,#2444);
#2187=AXIS2_PLACEMENT_3D('',#3050,#2448,#2449);
#2188=AXIS2_PLACEMENT_3D('',#3054,#2451,#2452);
#2189=AXIS2_PLACEMENT_3D('',#3058,#2454,#2455);
#2190=AXIS2_PLACEMENT_3D('',#3092,#2473,#2474);
#2191=AXIS2_PLACEMENT_3D('',#3097,#2476,#2477);
#2192=AXIS2_PLACEMENT_3D('',#3101,#2480,#2481);
#2193=AXIS2_PLACEMENT_3D('',#3108,#2485,#2486);
#2194=AXIS2_PLACEMENT_3D('',#3133,#2499,#2500);
#2195=AXIS2_PLACEMENT_3D('',#3135,#2502,#2503);
#2196=AXIS2_PLACEMENT_3D('',#3137,#2505,#2506);
#2197=AXIS2_PLACEMENT_3D('',#3138,#2507,#2508);
#2198=AXIS2_PLACEMENT_3D('',#3144,#2512,#2513);
#2199=AXIS2_PLACEMENT_3D('',#3148,#2516,#2517);
#2200=AXIS2_PLACEMENT_3D('',#3150,#2519,#2520);
#2201=AXIS2_PLACEMENT_3D('',#3151,#2521,#2522);
#2202=AXIS2_PLACEMENT_3D('',#3157,#2526,#2527);
#2203=AXIS2_PLACEMENT_3D('',#3161,#2530,#2531);
#2204=AXIS2_PLACEMENT_3D('',#3163,#2533,#2534);
#2205=AXIS2_PLACEMENT_3D('',#3164,#2535,#2536);
#2206=AXIS2_PLACEMENT_3D('',#3170,#2540,#2541);
#2207=AXIS2_PLACEMENT_3D('',#3174,#2544,#2545);
#2208=AXIS2_PLACEMENT_3D('',#3176,#2546,#2547);
#2209=AXIS2_PLACEMENT_3D('',#3178,#2549,#2550);
#2210=AXIS2_PLACEMENT_3D('',#3182,#2553,#2554);
#2211=AXIS2_PLACEMENT_3D('',#3184,#2555,#2556);
#2212=AXIS2_PLACEMENT_3D('',#3186,#2558,#2559);
#2213=AXIS2_PLACEMENT_3D('',#3190,#2562,#2563);
#2214=AXIS2_PLACEMENT_3D('',#3194,#2566,#2567);
#2215=AXIS2_PLACEMENT_3D('',#3196,#2568,#2569);
#2216=AXIS2_PLACEMENT_3D('',#3198,#2571,#2572);
#2217=AXIS2_PLACEMENT_3D('',#3202,#2575,#2576);
#2218=AXIS2_PLACEMENT_3D('',#3204,#2577,#2578);
#2219=AXIS2_PLACEMENT_3D('',#3206,#2580,#2581);
#2220=AXIS2_PLACEMENT_3D('',#3210,#2584,#2585);
#2221=AXIS2_PLACEMENT_3D('',#3214,#2588,#2589);
#2222=AXIS2_PLACEMENT_3D('',#3215,#2590,#2591);
#2223=AXIS2_PLACEMENT_3D('',#3216,#2592,#2593);
#2224=AXIS2_PLACEMENT_3D('',#3217,#2594,#2595);
#2225=AXIS2_PLACEMENT_3D('',#3223,#2599,#2600);
#2226=AXIS2_PLACEMENT_3D('',#3229,#2604,#2605);
#2227=AXIS2_PLACEMENT_3D('',#3233,#2607,#2608);
#2228=AXIS2_PLACEMENT_3D('',#3235,#2610,#2611);
#2229=AXIS2_PLACEMENT_3D('',#3241,#2615,#2616);
#2230=AXIS2_PLACEMENT_3D('',#3243,#2617,#2618);
#2231=AXIS2_PLACEMENT_3D('',#3245,#2620,#2621);
#2232=AXIS2_PLACEMENT_3D('',#3249,#2624,#2625);
#2233=AXIS2_PLACEMENT_3D('',#3251,#2627,#2628);
#2234=AXIS2_PLACEMENT_3D('',#3257,#2632,#2633);
#2235=AXIS2_PLACEMENT_3D('',#3258,#2634,#2635);
#2236=AXIS2_PLACEMENT_3D('',#3259,#2636,#2637);
#2237=AXIS2_PLACEMENT_3D('',#3260,#2638,#2639);
#2238=AXIS2_PLACEMENT_3D('',#3261,#2640,#2641);
#2239=AXIS2_PLACEMENT_3D('',#3263,#2642,#2643);
#2240=AXIS2_PLACEMENT_3D('',#3265,#2645,#2646);
#2241=AXIS2_PLACEMENT_3D('',#3267,#2648,#2649);
#2242=AXIS2_PLACEMENT_3D('',#3271,#2652,#2653);
#2243=AXIS2_PLACEMENT_3D('',#3273,#2655,#2656);
#2244=AXIS2_PLACEMENT_3D('',#3274,#2657,#2658);
#2245=AXIS2_PLACEMENT_3D('',#3278,#2660,#2661);
#2246=AXIS2_PLACEMENT_3D('',#3280,#2663,#2664);
#2247=AXIS2_PLACEMENT_3D('',#3284,#2667,#2668);
#2248=AXIS2_PLACEMENT_3D('',#3286,#2669,#2670);
#2249=AXIS2_PLACEMENT_3D('',#3288,#2672,#2673);
#2250=AXIS2_PLACEMENT_3D('',#3290,#2675,#2676);
#2251=AXIS2_PLACEMENT_3D('',#3291,#2677,#2678);
#2252=AXIS2_PLACEMENT_3D('',#3295,#2680,#2681);
#2253=AXIS2_PLACEMENT_3D('',#3297,#2683,#2684);
#2254=AXIS2_PLACEMENT_3D('',#3301,#2687,#2688);
#2255=AXIS2_PLACEMENT_3D('',#3305,#2691,#2692);
#2256=AXIS2_PLACEMENT_3D('',#3309,#2695,#2696);
#2257=AXIS2_PLACEMENT_3D('',#3311,#2697,#2698);
#2258=AXIS2_PLACEMENT_3D('',#3313,#2700,#2701);
#2259=AXIS2_PLACEMENT_3D('',#3317,#2703,#2704);
#2260=AXIS2_PLACEMENT_3D('',#3319,#2706,#2707);
#2261=AXIS2_PLACEMENT_3D('',#3323,#2709,#2710);
#2262=AXIS2_PLACEMENT_3D('',#3325,#2712,#2713);
#2263=AXIS2_PLACEMENT_3D('',#3329,#2715,#2716);
#2264=AXIS2_PLACEMENT_3D('',#3331,#2718,#2719);
#2265=AXIS2_PLACEMENT_3D('',#3335,#2722,#2723);
#2266=AXIS2_PLACEMENT_3D('',#3339,#2726,#2727);
#2267=AXIS2_PLACEMENT_3D('',#3341,#2729,#2730);
#2268=AXIS2_PLACEMENT_3D('',#3345,#2734,#2735);
#2269=AXIS2_PLACEMENT_3D('',#3346,#2736,#2737);
#2270=AXIS2_PLACEMENT_3D('',#3347,#2738,#2739);
#2271=AXIS2_PLACEMENT_3D('',#3348,#2740,#2741);
#2272=AXIS2_PLACEMENT_3D('',#3354,#2745,#2746);
#2273=AXIS2_PLACEMENT_3D('',#3358,#2749,#2750);
#2274=AXIS2_PLACEMENT_3D('',#3360,#2752,#2753);
#2275=AXIS2_PLACEMENT_3D('',#3361,#2754,#2755);
#2276=AXIS2_PLACEMENT_3D('',#3367,#2759,#2760);
#2277=AXIS2_PLACEMENT_3D('',#3371,#2763,#2764);
#2278=AXIS2_PLACEMENT_3D('',#3375,#2767,#2768);
#2279=AXIS2_PLACEMENT_3D('',#3379,#2771,#2772);
#2280=AXIS2_PLACEMENT_3D('',#3383,#2775,#2776);
#2281=AXIS2_PLACEMENT_3D('',#3387,#2779,#2780);
#2282=AXIS2_PLACEMENT_3D('',#3393,#2784,#2785);
#2283=AXIS2_PLACEMENT_3D('',#3399,#2789,#2790);
#2284=AXIS2_PLACEMENT_3D('',#3403,#2793,#2794);
#2285=AXIS2_PLACEMENT_3D('',#3407,#2797,#2798);
#2286=AXIS2_PLACEMENT_3D('',#3411,#2801,#2802);
#2287=AXIS2_PLACEMENT_3D('',#3415,#2805,#2806);
#2288=AXIS2_PLACEMENT_3D('',#3419,#2809,#2810);
#2289=AXIS2_PLACEMENT_3D('',#3423,#2813,#2814);
#2290=AXIS2_PLACEMENT_3D('',#3427,#2817,#2818);
#2291=AXIS2_PLACEMENT_3D('',#3431,#2821,#2822);
#2292=AXIS2_PLACEMENT_3D('',#3435,#2825,#2826);
#2293=AXIS2_PLACEMENT_3D('',#3439,#2829,#2830);
#2294=AXIS2_PLACEMENT_3D('',#3441,#2832,#2833);
#2295=AXIS2_PLACEMENT_3D('',#3445,#2836,#2837);
#2296=AXIS2_PLACEMENT_3D('',#3447,#2839,#2840);
#2297=AXIS2_PLACEMENT_3D('',#3451,#2843,#2844);
#2298=AXIS2_PLACEMENT_3D('',#3455,#2847,#2848);
#2299=AXIS2_PLACEMENT_3D('',#3459,#2851,#2852);
#2300=AXIS2_PLACEMENT_3D('',#3463,#2855,#2856);
#2301=AXIS2_PLACEMENT_3D('',#3467,#2859,#2860);
#2302=AXIS2_PLACEMENT_3D('',#3471,#2863,#2864);
#2303=AXIS2_PLACEMENT_3D('',#3473,#2866,#2867);
#2304=DIRECTION('axis',(0.,0.,1.));
#2305=DIRECTION('refdir',(1.,0.,0.));
#2306=DIRECTION('center_axis',(0.,-0.707106781186547,-0.707106781186548));
#2307=DIRECTION('ref_axis',(-1.,0.,0.));
#2308=DIRECTION('',(1.,0.,0.));
#2309=DIRECTION('',(0.577350269189629,-0.577350269189624,0.577350269189624));
#2310=DIRECTION('',(-1.,0.,0.));
#2311=DIRECTION('',(-0.577350269189622,-0.577350269189628,0.577350269189627));
#2312=DIRECTION('center_axis',(0.707106781186545,0.,-0.70710678118655));
#2313=DIRECTION('ref_axis',(-0.70710678118655,0.,-0.707106781186545));
#2314=DIRECTION('',(0.,1.,0.));
#2315=DIRECTION('',(0.678598344545849,-0.281084637714826,0.678598344545843));
#2316=DIRECTION('',(0.,-1.,0.));
#2317=DIRECTION('center_axis',(0.499999999999995,-0.499999999999997,-0.707106781186553));
#2318=DIRECTION('ref_axis',(-0.816496580927731,0.,-0.577350269189619));
#2319=DIRECTION('',(0.707106781186549,0.707106781186546,0.));
#2320=DIRECTION('',(0.81649658092773,8.54650082837131E-15,0.57735026918962));
#2321=DIRECTION('',(-0.707106781186549,-0.707106781186546,0.));
#2322=DIRECTION('center_axis',(0.499999999999994,0.499999999999996,-0.707106781186555));
#2323=DIRECTION('ref_axis',(-0.816496580927732,0.,-0.577350269189617));
#2324=DIRECTION('',(-0.707106781186549,0.707106781186546,0.));
#2325=DIRECTION('',(0.678598344545846,0.281084637714836,0.678598344545841));
#2326=DIRECTION('',(0.707106781186549,-0.707106781186546,0.));
#2327=DIRECTION('center_axis',(0.707106781186545,0.,-0.70710678118655));
#2328=DIRECTION('ref_axis',(-0.70710678118655,0.,-0.707106781186545));
#2329=DIRECTION('',(0.,-1.,0.));
#2330=DIRECTION('',(0.,1.,0.));
#2331=DIRECTION('',(0.577350269189629,0.577350269189625,0.577350269189624));
#2332=DIRECTION('center_axis',(-1.31663937835117E-16,0.707106781186547,
-0.707106781186548));
#2333=DIRECTION('ref_axis',(-1.,0.,1.86200926561871E-16));
#2334=DIRECTION('',(1.,1.86200926561871E-16,0.));
#2335=DIRECTION('',(-1.,-1.86200926561871E-16,0.));
#2336=DIRECTION('',(-0.57735026918962,0.577350269189629,0.577350269189628));
#2337=DIRECTION('center_axis',(-0.707106781186548,0.,-0.707106781186547));
#2338=DIRECTION('ref_axis',(-0.707106781186547,0.,0.707106781186548));
#2339=DIRECTION('',(0.,1.,0.));
#2340=DIRECTION('',(0.,-1.,0.));
#2341=DIRECTION('center_axis',(1.,0.,0.));
#2342=DIRECTION('ref_axis',(0.,-1.,0.));
#2343=DIRECTION('',(0.,0.,-1.));
#2344=DIRECTION('',(0.,1.,0.));
#2345=DIRECTION('',(0.,0.,-1.));
#2346=DIRECTION('center_axis',(-1.86200926561871E-16,1.,0.));
#2347=DIRECTION('ref_axis',(1.,1.86200926561871E-16,0.));
#2348=DIRECTION('',(0.,0.,-1.));
#2349=DIRECTION('',(-1.,-1.86200926561871E-16,0.));
#2350=DIRECTION('center_axis',(-1.,0.,0.));
#2351=DIRECTION('ref_axis',(0.,1.,0.));
#2352=DIRECTION('',(0.,0.,-1.));
#2353=DIRECTION('',(0.,-1.,0.));
#2354=DIRECTION('center_axis',(0.,-1.,0.));
#2355=DIRECTION('ref_axis',(-1.,0.,0.));
#2356=DIRECTION('',(0.,0.,-1.));
#2357=DIRECTION('',(1.,0.,0.));
#2358=DIRECTION('center_axis',(0.,0.,-1.));
#2359=DIRECTION('ref_axis',(-1.,0.,0.));
#2360=DIRECTION('center_axis',(0.,-0.707106781186547,0.707106781186548));
#2361=DIRECTION('ref_axis',(1.,0.,0.));
#2362=DIRECTION('',(-1.,0.,0.));
#2363=DIRECTION('',(-0.577350269189625,-0.577350269189626,-0.577350269189626));
#2364=DIRECTION('',(0.577350269189629,-0.577350269189625,-0.577350269189624));
#2365=DIRECTION('center_axis',(-0.707106781186548,0.,0.707106781186547));
#2366=DIRECTION('ref_axis',(0.707106781186547,0.,0.707106781186548));
#2367=DIRECTION('',(0.,1.,0.));
#2368=DIRECTION('',(-0.57735026918962,0.577350269189629,-0.577350269189628));
#2369=DIRECTION('center_axis',(0.707106781186545,0.,0.70710678118655));
#2370=DIRECTION('ref_axis',(0.70710678118655,0.,-0.707106781186545));
#2371=DIRECTION('',(0.,-1.,0.));
#2372=DIRECTION('',(0.678598344545846,0.281084637714841,-0.67859834454584));
#2373=DIRECTION('',(-0.577350269189629,-0.577350269189625,0.577350269189624));
#2374=DIRECTION('center_axis',(0.499999999999994,0.499999999999996,0.707106781186555));
#2375=DIRECTION('ref_axis',(0.816496580927732,0.,-0.577350269189617));
#2376=DIRECTION('',(-0.707106781186549,0.707106781186546,0.));
#2377=DIRECTION('',(0.707106781186549,-0.707106781186546,0.));
#2378=DIRECTION('',(0.81649658092773,4.27325041418566E-15,-0.57735026918962));
#2379=DIRECTION('center_axis',(-1.31663937835117E-16,0.707106781186547,
0.707106781186548));
#2380=DIRECTION('ref_axis',(1.,0.,1.86200926561871E-16));
#2381=DIRECTION('',(1.,1.86200926561871E-16,0.));
#2382=DIRECTION('center_axis',(0.499999999999995,-0.499999999999997,0.707106781186553));
#2383=DIRECTION('ref_axis',(0.816496580927731,0.,-0.577350269189619));
#2384=DIRECTION('',(0.707106781186549,0.707106781186546,0.));
#2385=DIRECTION('',(-0.707106781186549,-0.707106781186546,0.));
#2386=DIRECTION('',(0.678598344545848,-0.281084637714828,-0.678598344545843));
#2387=DIRECTION('center_axis',(0.707106781186545,0.,0.70710678118655));
#2388=DIRECTION('ref_axis',(0.70710678118655,0.,-0.707106781186545));
#2389=DIRECTION('',(0.,1.,0.));
#2390=DIRECTION('',(0.,-1.,0.));
#2391=DIRECTION('center_axis',(0.,0.,-1.));
#2392=DIRECTION('ref_axis',(1.,0.,0.));
#2393=DIRECTION('',(0.707106781186548,0.707106781186547,0.));
#2394=DIRECTION('',(0.707106781186546,-0.707106781186548,0.));
#2395=DIRECTION('',(-1.,8.28524645242655E-17,0.));
#2396=DIRECTION('',(-0.707106781186549,0.707106781186546,0.));
#2397=DIRECTION('',(0.707106781186548,0.707106781186547,0.));
#2398=DIRECTION('',(0.,-1.,0.));
#2399=DIRECTION('',(0.31861916101193,-0.947882814611624,0.));
#2400=DIRECTION('',(0.289725667905815,0.957109731094888,0.));
#2401=DIRECTION('center_axis',(0.,0.,-1.));
#2402=DIRECTION('ref_axis',(-1.,0.,0.));
#2403=DIRECTION('',(-0.28972566638911,-0.957109731554009,0.));
#2404=DIRECTION('center_axis',(0.,0.,-1.));
#2405=DIRECTION('ref_axis',(-1.,0.,0.));
#2406=DIRECTION('',(-0.31861916101193,0.947882814611624,0.));
#2407=DIRECTION('',(-0.327931761971322,-0.944701412876251,0.));
#2408=DIRECTION('center_axis',(0.,0.,-1.));
#2409=DIRECTION('ref_axis',(-1.,0.,0.));
#2410=DIRECTION('',(-0.285276842660106,0.958445159120688,0.));
#2411=DIRECTION('center_axis',(0.,0.,-1.));
#2412=DIRECTION('ref_axis',(-1.,0.,0.));
#2413=DIRECTION('',(0.285276842660106,-0.958445159120688,0.));
#2414=DIRECTION('',(0.327931761971322,0.944701412876251,0.));
#2415=DIRECTION('center_axis',(0.,0.,-1.));
#2416=DIRECTION('ref_axis',(-1.,0.,0.));
#2417=DIRECTION('',(-2.46716227694479E-16,-1.,0.));
#2418=DIRECTION('center_axis',(0.,0.,-1.));
#2419=DIRECTION('ref_axis',(-1.,0.,0.));
#2420=DIRECTION('',(0.,-1.,0.));
#2421=DIRECTION('center_axis',(0.,0.,-1.));
#2422=DIRECTION('ref_axis',(-1.,0.,0.));
#2423=DIRECTION('',(-1.,0.,0.));
#2424=DIRECTION('center_axis',(0.,0.,-1.));
#2425=DIRECTION('ref_axis',(-1.,0.,0.));
#2426=DIRECTION('',(-0.536696131969186,0.843775599273476,0.));
#2427=DIRECTION('',(-0.536696131969186,0.843775599273476,0.));
#2428=DIRECTION('center_axis',(0.,0.,1.));
#2429=DIRECTION('ref_axis',(-1.,0.,0.));
#2430=DIRECTION('',(-0.536696131969185,0.843775599273477,0.));
#2431=DIRECTION('',(-1.,-2.61228946970625E-16,0.));
#2432=DIRECTION('center_axis',(0.,0.,-1.));
#2433=DIRECTION('ref_axis',(-1.,0.,0.));
#2434=DIRECTION('',(0.,1.,0.));
#2435=DIRECTION('center_axis',(0.,0.,-1.));
#2436=DIRECTION('ref_axis',(-1.,0.,0.));
#2437=DIRECTION('',(2.46716227694479E-16,-1.,0.));
#2438=DIRECTION('center_axis',(0.,0.,-1.));
#2439=DIRECTION('ref_axis',(-1.,0.,0.));
#2440=DIRECTION('',(-1.,1.65568475791568E-9,0.));
#2441=DIRECTION('',(-1.65568447977834E-9,-1.,0.));
#2442=DIRECTION('',(1.,-1.6556845840918E-9,0.));
#2443=DIRECTION('center_axis',(0.,0.,-1.));
#2444=DIRECTION('ref_axis',(-1.,0.,0.));
#2445=DIRECTION('',(-1.,1.65568479140135E-9,0.));
#2446=DIRECTION('',(-1.65568447977834E-9,-1.,0.));
#2447=DIRECTION('',(1.,-1.65568468209113E-9,0.));
#2448=DIRECTION('center_axis',(0.,0.,-1.));
#2449=DIRECTION('ref_axis',(-1.,0.,0.));
#2450=DIRECTION('',(1.,0.,0.));
#2451=DIRECTION('center_axis',(0.,0.,-1.));
#2452=DIRECTION('ref_axis',(-1.,0.,0.));
#2453=DIRECTION('',(0.,-1.,0.));
#2454=DIRECTION('center_axis',(0.,0.,-1.));
#2455=DIRECTION('ref_axis',(-1.,0.,0.));
#2456=DIRECTION('',(-1.,0.,0.));
#2457=DIRECTION('',(0.707106781186546,-0.707106781186548,0.));
#2458=DIRECTION('',(-0.707106781186547,-0.707106781186548,0.));
#2459=DIRECTION('',(0.,1.,0.));
#2460=DIRECTION('',(1.,1.65704929048531E-16,0.));
#2461=DIRECTION('',(-0.707106781186547,-0.707106781186548,0.));
#2462=DIRECTION('',(-0.707106781186549,0.707106781186546,0.));
#2463=DIRECTION('',(1.,1.65704929048531E-16,0.));
#2464=DIRECTION('',(0.707106781186568,-0.707106781186527,0.));
#2465=DIRECTION('',(-0.499999999999987,0.866025403784446,0.));
#2466=DIRECTION('',(1.,0.,0.));
#2467=DIRECTION('',(0.,-1.,0.));
#2468=DIRECTION('',(-1.,0.,0.));
#2469=DIRECTION('',(0.,1.,0.));
#2470=DIRECTION('',(1.,0.,0.));
#2471=DIRECTION('',(-0.500000000000105,-0.866025403784378,0.));
#2472=DIRECTION('',(0.707106781186631,0.707106781186464,0.));
#2473=DIRECTION('center_axis',(0.,0.,-1.));
#2474=DIRECTION('ref_axis',(1.,0.,0.));
#2475=DIRECTION('',(1.,2.61228946970625E-16,0.));
#2476=DIRECTION('center_axis',(0.,0.,1.));
#2477=DIRECTION('ref_axis',(-1.,0.,0.));
#2478=DIRECTION('',(-1.,-7.01193489236941E-16,0.));
#2479=DIRECTION('',(-2.46716227694479E-16,-1.,0.));
#2480=DIRECTION('center_axis',(0.,0.,-1.));
#2481=DIRECTION('ref_axis',(1.,0.,0.));
#2482=DIRECTION('',(0.500000000000097,0.866025403784382,0.));
#2483=DIRECTION('',(-1.,0.,0.));
#2484=DIRECTION('',(0.500000000000003,-0.866025403784437,0.));
#2485=DIRECTION('center_axis',(0.,0.,-1.));
#2486=DIRECTION('ref_axis',(1.,0.,0.));
#2487=DIRECTION('',(1.,0.,0.));
#2488=DIRECTION('',(-0.499999999999987,0.866025403784446,0.));
#2489=DIRECTION('',(0.866025403784428,0.500000000000018,0.));
#2490=DIRECTION('',(0.500000000000003,-0.866025403784437,0.));
#2491=DIRECTION('',(1.,0.,0.));
#2492=DIRECTION('',(0.500000000000097,0.866025403784382,0.));
#2493=DIRECTION('',(0.866025403784372,-0.500000000000116,0.));
#2494=DIRECTION('',(-0.500000000000105,-0.866025403784378,0.));
#2495=DIRECTION('',(1.,0.,0.));
#2496=DIRECTION('',(0.,1.,0.));
#2497=DIRECTION('',(-1.,0.,0.));
#2498=DIRECTION('',(0.,-1.,0.));
#2499=DIRECTION('center_axis',(1.,0.,0.));
#2500=DIRECTION('ref_axis',(0.,-1.,0.));
#2501=DIRECTION('',(0.,0.,-1.));
#2502=DIRECTION('center_axis',(0.707106781186546,-0.707106781186549,0.));
#2503=DIRECTION('ref_axis',(-0.707106781186549,-0.707106781186546,0.));
#2504=DIRECTION('',(0.,0.,-1.));
#2505=DIRECTION('center_axis',(0.707106781186546,0.707106781186549,0.));
#2506=DIRECTION('ref_axis',(0.707106781186549,-0.707106781186546,0.));
#2507=DIRECTION('center_axis',(0.707106781186547,-0.707106781186548,0.));
#2508=DIRECTION('ref_axis',(0.707106781186548,0.707106781186547,0.));
#2509=DIRECTION('',(-0.707106781186548,-0.707106781186547,0.));
#2510=DIRECTION('',(0.,0.,1.));
#2511=DIRECTION('',(0.,0.,1.));
#2512=DIRECTION('center_axis',(-0.707106781186549,-0.707106781186547,0.));
#2513=DIRECTION('ref_axis',(0.707106781186546,-0.707106781186548,0.));
#2514=DIRECTION('',(-0.707106781186546,0.707106781186548,0.));
#2515=DIRECTION('',(0.,0.,1.));
#2516=DIRECTION('center_axis',(8.28524645242655E-17,1.,0.));
#2517=DIRECTION('ref_axis',(-1.,8.28524645242655E-17,0.));
#2518=DIRECTION('',(1.,-8.28524645242655E-17,0.));
#2519=DIRECTION('center_axis',(0.,0.,1.));
#2520=DIRECTION('ref_axis',(1.,0.,0.));
#2521=DIRECTION('center_axis',(0.707106781186546,0.707106781186549,0.));
#2522=DIRECTION('ref_axis',(-0.707106781186549,0.707106781186546,0.));
#2523=DIRECTION('',(0.707106781186549,-0.707106781186546,0.));
#2524=DIRECTION('',(0.,0.,1.));
#2525=DIRECTION('',(0.,0.,1.));
#2526=DIRECTION('center_axis',(0.707106781186547,-0.707106781186548,0.));
#2527=DIRECTION('ref_axis',(0.707106781186548,0.707106781186547,0.));
#2528=DIRECTION('',(-0.707106781186548,-0.707106781186547,0.));
#2529=DIRECTION('',(0.,0.,1.));
#2530=DIRECTION('center_axis',(-1.,0.,0.));
#2531=DIRECTION('ref_axis',(0.,-1.,0.));
#2532=DIRECTION('',(0.,1.,0.));
#2533=DIRECTION('center_axis',(0.,0.,1.));
#2534=DIRECTION('ref_axis',(1.,0.,0.));
#2535=DIRECTION('center_axis',(0.947882814611624,0.31861916101193,0.));
#2536=DIRECTION('ref_axis',(-0.31861916101193,0.947882814611624,0.));
#2537=DIRECTION('',(0.,0.,1.));
#2538=DIRECTION('',(-0.31861916101193,0.947882814611624,0.));
#2539=DIRECTION('',(0.,0.,1.));
#2540=DIRECTION('center_axis',(-0.957109731094889,0.289725667905815,0.));
#2541=DIRECTION('ref_axis',(-0.289725667905815,-0.957109731094888,0.));
#2542=DIRECTION('',(-0.289725667905815,-0.957109731094888,0.));
#2543=DIRECTION('',(0.,0.,1.));
#2544=DIRECTION('center_axis',(0.,0.,1.));
#2545=DIRECTION('ref_axis',(0.289725667147462,0.957109731324448,0.));
#2546=DIRECTION('center_axis',(0.,0.,1.));
#2547=DIRECTION('ref_axis',(-1.,0.,0.));
#2548=DIRECTION('',(0.,0.,1.));
#2549=DIRECTION('center_axis',(0.957109731554009,-0.28972566638911,0.));
#2550=DIRECTION('ref_axis',(0.28972566638911,0.957109731554009,0.));
#2551=DIRECTION('',(0.28972566638911,0.957109731554009,0.));
#2552=DIRECTION('',(0.,0.,1.));
#2553=DIRECTION('center_axis',(0.,0.,1.));
#2554=DIRECTION('ref_axis',(-1.,0.,0.));
#2555=DIRECTION('center_axis',(0.,0.,1.));
#2556=DIRECTION('ref_axis',(-1.,0.,0.));
#2557=DIRECTION('',(0.,0.,1.));
#2558=DIRECTION('center_axis',(-0.947882814611624,-0.31861916101193,0.));
#2559=DIRECTION('ref_axis',(0.31861916101193,-0.947882814611624,0.));
#2560=DIRECTION('',(0.31861916101193,-0.947882814611624,0.));
#2561=DIRECTION('',(0.,0.,1.));
#2562=DIRECTION('center_axis',(0.944701412876251,-0.327931761971322,0.));
#2563=DIRECTION('ref_axis',(0.327931761971322,0.944701412876251,0.));
#2564=DIRECTION('',(0.327931761971322,0.944701412876251,0.));
#2565=DIRECTION('',(0.,0.,1.));
#2566=DIRECTION('center_axis',(0.,0.,1.));
#2567=DIRECTION('ref_axis',(-1.,0.,0.));
#2568=DIRECTION('center_axis',(0.,0.,1.));
#2569=DIRECTION('ref_axis',(-1.,0.,0.));
#2570=DIRECTION('',(0.,0.,1.));
#2571=DIRECTION('center_axis',(-0.958445159120688,-0.285276842660106,0.));
#2572=DIRECTION('ref_axis',(0.285276842660106,-0.958445159120688,0.));
#2573=DIRECTION('',(0.285276842660106,-0.958445159120688,0.));
#2574=DIRECTION('',(0.,0.,1.));
#2575=DIRECTION('center_axis',(0.,0.,1.));
#2576=DIRECTION('ref_axis',(-1.,0.,0.));
#2577=DIRECTION('center_axis',(0.,0.,1.));
#2578=DIRECTION('ref_axis',(-1.,0.,0.));
#2579=DIRECTION('',(0.,0.,1.));
#2580=DIRECTION('center_axis',(0.958445159120688,0.285276842660106,0.));
#2581=DIRECTION('ref_axis',(-0.285276842660106,0.958445159120688,0.));
#2582=DIRECTION('',(-0.285276842660106,0.958445159120688,0.));
#2583=DIRECTION('',(0.,0.,1.));
#2584=DIRECTION('center_axis',(-0.944701412876251,0.327931761971322,0.));
#2585=DIRECTION('ref_axis',(-0.327931761971322,-0.944701412876251,0.));
#2586=DIRECTION('',(-0.327931761971322,-0.944701412876251,0.));
#2587=DIRECTION('',(0.,0.,1.));
#2588=DIRECTION('center_axis',(0.,0.,1.));
#2589=DIRECTION('ref_axis',(-1.,0.,0.));
#2590=DIRECTION('center_axis',(0.,0.,1.));
#2591=DIRECTION('ref_axis',(-1.,0.,0.));
#2592=DIRECTION('center_axis',(0.,0.,1.));
#2593=DIRECTION('ref_axis',(-1.,0.,0.));
#2594=DIRECTION('center_axis',(0.,1.,0.));
#2595=DIRECTION('ref_axis',(-1.,0.,0.));
#2596=DIRECTION('',(0.,0.,1.));
#2597=DIRECTION('',(-1.,0.,0.));
#2598=DIRECTION('',(0.,0.,1.));
#2599=DIRECTION('center_axis',(-1.,0.,0.));
#2600=DIRECTION('ref_axis',(0.,-1.,0.));
#2601=DIRECTION('',(0.,0.,1.));
#2602=DIRECTION('',(0.,-1.,0.));
#2603=DIRECTION('',(0.,0.,1.));
#2604=DIRECTION('center_axis',(0.,0.,1.));
#2605=DIRECTION('ref_axis',(0.536696131969186,-0.843775599273476,0.));
#2606=DIRECTION('',(0.,0.,1.));
#2607=DIRECTION('center_axis',(0.,0.,-1.));
#2608=DIRECTION('ref_axis',(-1.,0.,0.));
#2609=DIRECTION('',(0.,0.,1.));
#2610=DIRECTION('center_axis',(-2.61228946970625E-16,1.,0.));
#2611=DIRECTION('ref_axis',(-1.,-2.61228946970625E-16,0.));
#2612=DIRECTION('',(0.,0.,1.));
#2613=DIRECTION('',(-1.,-2.61228946970625E-16,0.));
#2614=DIRECTION('',(0.,0.,1.));
#2615=DIRECTION('center_axis',(0.,0.,1.));
#2616=DIRECTION('ref_axis',(1.,-1.22464679914735E-16,0.));
#2617=DIRECTION('center_axis',(0.,0.,-1.));
#2618=DIRECTION('ref_axis',(-1.,0.,0.));
#2619=DIRECTION('',(0.,0.,1.));
#2620=DIRECTION('center_axis',(7.01193489236941E-16,-1.,0.));
#2621=DIRECTION('ref_axis',(1.,7.01193489236941E-16,0.));
#2622=DIRECTION('',(1.,7.01193489236941E-16,0.));
#2623=DIRECTION('',(0.,0.,1.));
#2624=DIRECTION('center_axis',(1.,-2.46716227694479E-16,0.));
#2625=DIRECTION('ref_axis',(2.46716227694479E-16,1.,0.));
#2626=DIRECTION('',(2.46716227694479E-16,1.,0.));
#2627=DIRECTION('center_axis',(1.,-2.46716227694479E-16,0.));
#2628=DIRECTION('ref_axis',(2.46716227694479E-16,1.,0.));
#2629=DIRECTION('',(0.,0.,1.));
#2630=DIRECTION('',(2.46716227694479E-16,1.,0.));
#2631=DIRECTION('',(0.,0.,1.));
#2632=DIRECTION('center_axis',(0.,0.,1.));
#2633=DIRECTION('ref_axis',(-1.,0.,0.));
#2634=DIRECTION('center_axis',(0.,0.,1.));
#2635=DIRECTION('ref_axis',(-1.,0.,0.));
#2636=DIRECTION('center_axis',(0.,0.,1.));
#2637=DIRECTION('ref_axis',(-1.,0.,0.));
#2638=DIRECTION('center_axis',(0.,0.,1.));
#2639=DIRECTION('ref_axis',(-1.,0.,0.));
#2640=DIRECTION('center_axis',(0.,0.,1.));
#2641=DIRECTION('ref_axis',(0.992911926784117,0.118852453276541,0.));
#2642=DIRECTION('center_axis',(0.,0.,1.));
#2643=DIRECTION('ref_axis',(-1.,0.,0.));
#2644=DIRECTION('',(0.,0.,1.));
#2645=DIRECTION('center_axis',(0.843775599273476,0.536696131969186,0.));
#2646=DIRECTION('ref_axis',(-0.536696131969186,0.843775599273476,0.));
#2647=DIRECTION('',(-0.536696131969186,0.843775599273476,0.));
#2648=DIRECTION('center_axis',(-0.843775599273477,-0.536696131969185,0.));
#2649=DIRECTION('ref_axis',(0.536696131969185,-0.843775599273477,0.));
#2650=DIRECTION('',(0.536696131969185,-0.843775599273477,0.));
#2651=DIRECTION('',(0.,0.,1.));
#2652=DIRECTION('center_axis',(2.61228946970625E-16,-1.,0.));
#2653=DIRECTION('ref_axis',(1.,2.61228946970625E-16,0.));
#2654=DIRECTION('',(1.,2.61228946970625E-16,0.));
#2655=DIRECTION('center_axis',(0.,0.,1.));
#2656=DIRECTION('ref_axis',(-1.,0.,0.));
#2657=DIRECTION('center_axis',(0.,0.,1.));
#2658=DIRECTION('ref_axis',(-1.,0.,0.));
#2659=DIRECTION('',(0.,0.,1.));
#2660=DIRECTION('center_axis',(0.,0.,1.));
#2661=DIRECTION('ref_axis',(-1.,0.,0.));
#2662=DIRECTION('',(0.,0.,1.));
#2663=DIRECTION('center_axis',(-1.,0.,0.));
#2664=DIRECTION('ref_axis',(0.,-1.,0.));
#2665=DIRECTION('',(0.,-1.,0.));
#2666=DIRECTION('',(0.,0.,1.));
#2667=DIRECTION('center_axis',(0.,0.,1.));
#2668=DIRECTION('ref_axis',(-1.,0.,0.));
#2669=DIRECTION('center_axis',(0.,0.,1.));
#2670=DIRECTION('ref_axis',(-1.,0.,0.));
#2671=DIRECTION('',(0.,0.,1.));
#2672=DIRECTION('center_axis',(1.,2.46716227694479E-16,0.));
#2673=DIRECTION('ref_axis',(-2.46716227694479E-16,1.,0.));
#2674=DIRECTION('',(-2.46716227694479E-16,1.,0.));
#2675=DIRECTION('center_axis',(0.,0.,1.));
#2676=DIRECTION('ref_axis',(-1.,0.,0.));
#2677=DIRECTION('center_axis',(0.,0.,1.));
#2678=DIRECTION('ref_axis',(1.,-1.65568015998027E-9,0.));
#2679=DIRECTION('',(0.,0.,1.));
#2680=DIRECTION('center_axis',(0.,0.,1.));
#2681=DIRECTION('ref_axis',(-1.,0.,0.));
#2682=DIRECTION('',(0.,0.,1.));
#2683=DIRECTION('center_axis',(-1.65568479140135E-9,-1.,0.));
#2684=DIRECTION('ref_axis',(1.,-1.65568479140135E-9,0.));
#2685=DIRECTION('',(1.,-1.65568479140135E-9,0.));
#2686=DIRECTION('',(0.,0.,1.));
#2687=DIRECTION('center_axis',(1.,-1.65568447977834E-9,0.));
#2688=DIRECTION('ref_axis',(1.65568447977834E-9,1.,0.));
#2689=DIRECTION('',(1.65568447977834E-9,1.,0.));
#2690=DIRECTION('',(0.,0.,1.));
#2691=DIRECTION('center_axis',(1.65568468209113E-9,1.,0.));
#2692=DIRECTION('ref_axis',(-1.,1.65568468209113E-9,0.));
#2693=DIRECTION('',(-1.,1.65568468209113E-9,0.));
#2694=DIRECTION('',(0.,0.,1.));
#2695=DIRECTION('center_axis',(0.,0.,1.));
#2696=DIRECTION('ref_axis',(1.,-8.27840141222477E-10,0.));
#2697=DIRECTION('center_axis',(0.,0.,1.));
#2698=DIRECTION('ref_axis',(-1.,0.,0.));
#2699=DIRECTION('',(0.,0.,1.));
#2700=DIRECTION('center_axis',(0.,0.,1.));
#2701=DIRECTION('ref_axis',(-1.,0.,0.));
#2702=DIRECTION('',(0.,0.,1.));
#2703=DIRECTION('center_axis',(0.,0.,1.));
#2704=DIRECTION('ref_axis',(-1.,0.,0.));
#2705=DIRECTION('',(0.,0.,1.));
#2706=DIRECTION('center_axis',(0.,0.,1.));
#2707=DIRECTION('ref_axis',(-1.,0.,0.));
#2708=DIRECTION('',(0.,0.,1.));
#2709=DIRECTION('center_axis',(0.,0.,1.));
#2710=DIRECTION('ref_axis',(-1.,0.,0.));
#2711=DIRECTION('',(0.,0.,1.));
#2712=DIRECTION('center_axis',(0.,0.,1.));
#2713=DIRECTION('ref_axis',(1.,-8.27844582114576E-10,0.));
#2714=DIRECTION('',(0.,0.,1.));
#2715=DIRECTION('center_axis',(0.,0.,1.));
#2716=DIRECTION('ref_axis',(-1.,0.,0.));
#2717=DIRECTION('',(0.,0.,1.));
#2718=DIRECTION('center_axis',(-1.65568475791568E-9,-1.,0.));
#2719=DIRECTION('ref_axis',(1.,-1.65568475791568E-9,0.));
#2720=DIRECTION('',(1.,-1.65568475791568E-9,0.));
#2721=DIRECTION('',(0.,0.,1.));
#2722=DIRECTION('center_axis',(1.,-1.65568447977834E-9,0.));
#2723=DIRECTION('ref_axis',(1.65568447977834E-9,1.,0.));
#2724=DIRECTION('',(1.65568447977834E-9,1.,0.));
#2725=DIRECTION('',(0.,0.,1.));
#2726=DIRECTION('center_axis',(1.6556845840918E-9,1.,0.));
#2727=DIRECTION('ref_axis',(-1.,1.6556845840918E-9,0.));
#2728=DIRECTION('',(-1.,1.6556845840918E-9,0.));
#2729=DIRECTION('center_axis',(0.,0.,1.));
#2730=DIRECTION('ref_axis',(-1.,0.,0.));
#2731=DIRECTION('',(-1.,0.,0.));
#2732=DIRECTION('',(0.,-1.,0.));
#2733=DIRECTION('',(1.,0.,0.));
#2734=DIRECTION('center_axis',(-1.,0.,0.));
#2735=DIRECTION('ref_axis',(0.,-1.,0.));
#2736=DIRECTION('center_axis',(0.,1.,0.));
#2737=DIRECTION('ref_axis',(-1.,0.,0.));
#2738=DIRECTION('center_axis',(0.,-1.,0.));
#2739=DIRECTION('ref_axis',(1.,0.,0.));
#2740=DIRECTION('center_axis',(-0.707106781186549,-0.707106781186547,0.));
#2741=DIRECTION('ref_axis',(0.707106781186546,-0.707106781186548,0.));
#2742=DIRECTION('',(-0.707106781186546,0.707106781186548,0.));
#2743=DIRECTION('',(0.,0.,1.));
#2744=DIRECTION('',(0.,0.,1.));
#2745=DIRECTION('center_axis',(-0.707106781186548,0.707106781186547,0.));
#2746=DIRECTION('ref_axis',(-0.707106781186547,-0.707106781186548,0.));
#2747=DIRECTION('',(0.707106781186547,0.707106781186548,0.));
#2748=DIRECTION('',(0.,0.,1.));
#2749=DIRECTION('center_axis',(1.,0.,0.));
#2750=DIRECTION('ref_axis',(0.,1.,0.));
#2751=DIRECTION('',(0.,-1.,0.));
#2752=DIRECTION('center_axis',(0.,0.,1.));
#2753=DIRECTION('ref_axis',(1.,0.,0.));
#2754=DIRECTION('center_axis',(0.,-1.,0.));
#2755=DIRECTION('ref_axis',(1.,0.,0.));
#2756=DIRECTION('',(-1.,0.,0.));
#2757=DIRECTION('',(0.,0.,1.));
#2758=DIRECTION('',(0.,0.,1.));
#2759=DIRECTION('center_axis',(0.866025403784446,0.499999999999987,0.));
#2760=DIRECTION('ref_axis',(-0.499999999999987,0.866025403784446,0.));
#2761=DIRECTION('',(0.499999999999987,-0.866025403784446,0.));
#2762=DIRECTION('',(0.,0.,1.));
#2763=DIRECTION('center_axis',(0.500000000000018,-0.866025403784428,0.));
#2764=DIRECTION('ref_axis',(0.866025403784428,0.500000000000018,0.));
#2765=DIRECTION('',(-0.866025403784428,-0.500000000000018,0.));
#2766=DIRECTION('',(0.,0.,1.));
#2767=DIRECTION('center_axis',(-0.866025403784437,-0.500000000000003,0.));
#2768=DIRECTION('ref_axis',(0.500000000000003,-0.866025403784437,0.));
#2769=DIRECTION('',(-0.500000000000003,0.866025403784437,0.));
#2770=DIRECTION('',(0.,0.,1.));
#2771=DIRECTION('center_axis',(0.,-1.,0.));
#2772=DIRECTION('ref_axis',(1.,0.,0.));
#2773=DIRECTION('',(-1.,0.,0.));
#2774=DIRECTION('',(0.,0.,1.));
#2775=DIRECTION('center_axis',(0.866025403784382,-0.500000000000097,0.));
#2776=DIRECTION('ref_axis',(0.500000000000097,0.866025403784382,0.));
#2777=DIRECTION('',(-0.500000000000097,-0.866025403784382,0.));
#2778=DIRECTION('',(0.,0.,1.));
#2779=DIRECTION('center_axis',(0.866025403784382,-0.500000000000097,0.));
#2780=DIRECTION('ref_axis',(0.500000000000097,0.866025403784382,0.));
#2781=DIRECTION('',(-0.500000000000097,-0.866025403784382,0.));
#2782=DIRECTION('',(0.,0.,1.));
#2783=DIRECTION('',(0.,0.,1.));
#2784=DIRECTION('center_axis',(1.65704929048531E-16,-1.,0.));
#2785=DIRECTION('ref_axis',(1.,1.65704929048531E-16,0.));
#2786=DIRECTION('',(-1.,-1.65704929048531E-16,0.));
#2787=DIRECTION('',(0.,0.,1.));
#2788=DIRECTION('',(0.,0.,1.));
#2789=DIRECTION('center_axis',(-0.707106781186548,0.707106781186547,0.));
#2790=DIRECTION('ref_axis',(-0.707106781186547,-0.707106781186548,0.));
#2791=DIRECTION('',(0.707106781186547,0.707106781186548,0.));
#2792=DIRECTION('',(0.,0.,1.));
#2793=DIRECTION('center_axis',(0.707106781186546,0.707106781186549,0.));
#2794=DIRECTION('ref_axis',(-0.707106781186549,0.707106781186546,0.));
#2795=DIRECTION('',(0.707106781186549,-0.707106781186546,0.));
#2796=DIRECTION('',(0.,0.,1.));
#2797=DIRECTION('center_axis',(1.65704929048531E-16,-1.,0.));
#2798=DIRECTION('ref_axis',(1.,1.65704929048531E-16,0.));
#2799=DIRECTION('',(-1.,-1.65704929048531E-16,0.));
#2800=DIRECTION('',(0.,0.,1.));
#2801=DIRECTION('center_axis',(-0.707106781186527,-0.707106781186568,0.));
#2802=DIRECTION('ref_axis',(0.707106781186568,-0.707106781186527,0.));
#2803=DIRECTION('',(-0.707106781186568,0.707106781186527,0.));
#2804=DIRECTION('',(0.,0.,1.));
#2805=DIRECTION('center_axis',(0.866025403784446,0.499999999999987,0.));
#2806=DIRECTION('ref_axis',(-0.499999999999987,0.866025403784446,0.));
#2807=DIRECTION('',(0.499999999999987,-0.866025403784446,0.));
#2808=DIRECTION('',(0.,0.,1.));
#2809=DIRECTION('center_axis',(-0.500000000000116,-0.866025403784372,0.));
#2810=DIRECTION('ref_axis',(0.866025403784372,-0.500000000000116,0.));
#2811=DIRECTION('',(-0.866025403784372,0.500000000000116,0.));
#2812=DIRECTION('',(0.,0.,1.));
#2813=DIRECTION('center_axis',(-0.866025403784378,0.500000000000105,0.));
#2814=DIRECTION('ref_axis',(-0.500000000000105,-0.866025403784378,0.));
#2815=DIRECTION('',(0.500000000000105,0.866025403784378,0.));
#2816=DIRECTION('',(0.,0.,1.));
#2817=DIRECTION('center_axis',(0.,-1.,0.));
#2818=DIRECTION('ref_axis',(1.,0.,0.));
#2819=DIRECTION('',(-1.,0.,0.));
#2820=DIRECTION('',(0.,0.,1.));
#2821=DIRECTION('center_axis',(1.,0.,0.));
#2822=DIRECTION('ref_axis',(0.,1.,0.));
#2823=DIRECTION('',(0.,-1.,0.));
#2824=DIRECTION('',(0.,0.,1.));
#2825=DIRECTION('center_axis',(0.,1.,0.));
#2826=DIRECTION('ref_axis',(-1.,0.,0.));
#2827=DIRECTION('',(1.,0.,0.));
#2828=DIRECTION('',(0.,0.,1.));
#2829=DIRECTION('center_axis',(-1.,0.,0.));
#2830=DIRECTION('ref_axis',(0.,-1.,0.));
#2831=DIRECTION('',(0.,1.,0.));
#2832=DIRECTION('center_axis',(0.,1.,0.));
#2833=DIRECTION('ref_axis',(-1.,0.,0.));
#2834=DIRECTION('',(1.,0.,0.));
#2835=DIRECTION('',(0.,0.,1.));
#2836=DIRECTION('center_axis',(-0.866025403784437,-0.500000000000003,0.));
#2837=DIRECTION('ref_axis',(0.500000000000003,-0.866025403784437,0.));
#2838=DIRECTION('',(-0.500000000000003,0.866025403784437,0.));
#2839=DIRECTION('center_axis',(0.,1.,0.));
#2840=DIRECTION('ref_axis',(-1.,0.,0.));
#2841=DIRECTION('',(1.,0.,0.));
#2842=DIRECTION('',(0.,0.,1.));
#2843=DIRECTION('center_axis',(1.,0.,0.));
#2844=DIRECTION('ref_axis',(0.,1.,0.));
#2845=DIRECTION('',(0.,-1.,0.));
#2846=DIRECTION('',(0.,0.,1.));
#2847=DIRECTION('center_axis',(0.,-1.,0.));
#2848=DIRECTION('ref_axis',(1.,0.,0.));
#2849=DIRECTION('',(-1.,0.,0.));
#2850=DIRECTION('',(0.,0.,1.));
#2851=DIRECTION('center_axis',(-1.,0.,0.));
#2852=DIRECTION('ref_axis',(0.,-1.,0.));
#2853=DIRECTION('',(0.,1.,0.));
#2854=DIRECTION('',(0.,0.,1.));
#2855=DIRECTION('center_axis',(0.,1.,0.));
#2856=DIRECTION('ref_axis',(-1.,0.,0.));
#2857=DIRECTION('',(1.,0.,0.));
#2858=DIRECTION('',(0.,0.,1.));
#2859=DIRECTION('center_axis',(-0.866025403784378,0.500000000000105,0.));
#2860=DIRECTION('ref_axis',(-0.500000000000105,-0.866025403784378,0.));
#2861=DIRECTION('',(0.500000000000105,0.866025403784378,0.));
#2862=DIRECTION('',(0.,0.,1.));
#2863=DIRECTION('center_axis',(0.707106781186464,-0.707106781186631,0.));
#2864=DIRECTION('ref_axis',(0.707106781186631,0.707106781186464,0.));
#2865=DIRECTION('',(-0.707106781186631,-0.707106781186464,0.));
#2866=DIRECTION('center_axis',(0.,0.,1.));
#2867=DIRECTION('ref_axis',(1.,0.,0.));
#2868=CARTESIAN_POINT('',(0.,0.,0.));
#2869=CARTESIAN_POINT('Origin',(70.6571067811866,-1.7,0.3));
#2870=CARTESIAN_POINT('',(-1.40000000000001,-1.4,0.));
#2871=CARTESIAN_POINT('',(92.8,-1.4,0.));
#2872=CARTESIAN_POINT('',(70.6571067811866,-1.4,0.));
#2873=CARTESIAN_POINT('',(93.4,-2.,0.6));
#2874=CARTESIAN_POINT('',(92.8,-1.4,0.));
#2875=CARTESIAN_POINT('',(-2.,-2.,0.6));
#2876=CARTESIAN_POINT('',(70.6571067811866,-2.,0.6));
#2877=CARTESIAN_POINT('',(-1.40000000000001,-1.4,0.));
#2878=CARTESIAN_POINT('Origin',(93.1,7.7857864376269,0.3));
#2879=CARTESIAN_POINT('',(92.8,5.82010101267766,0.));
#2880=CARTESIAN_POINT('',(92.8,7.7857864376269,0.));
#2881=CARTESIAN_POINT('',(93.4,5.57157287525379,0.6));
#2882=CARTESIAN_POINT('',(92.8,5.82010101267766,0.));
#2883=CARTESIAN_POINT('',(93.4,7.7857864376269,0.6));
#2884=CARTESIAN_POINT('Origin',(85.1377416997969,-2.2664213562373,0.3));
#2885=CARTESIAN_POINT('',(96.9798989873224,10.,0.));
#2886=CARTESIAN_POINT('',(84.925609665441,-2.05428932188133,0.));
#2887=CARTESIAN_POINT('',(97.8284271247462,10.,0.6));
#2888=CARTESIAN_POINT('',(96.9798989873224,10.,0.));
#2889=CARTESIAN_POINT('',(85.3498737341529,-2.47855339059326,0.6));
#2890=CARTESIAN_POINT('Origin',(82.9235281374238,24.4806349186104,0.3));
#2891=CARTESIAN_POINT('',(92.8,14.1798989873224,0.));
#2892=CARTESIAN_POINT('',(82.7113961030678,24.2685028842545,0.));
#2893=CARTESIAN_POINT('',(93.4,14.4284271247462,0.6));
#2894=CARTESIAN_POINT('',(92.8,14.1798989873224,0.));
#2895=CARTESIAN_POINT('',(83.1356601717798,24.6927669529664,0.6));
#2896=CARTESIAN_POINT('Origin',(93.1,16.,0.3));
#2897=CARTESIAN_POINT('',(93.4,22.,0.6));
#2898=CARTESIAN_POINT('',(93.4,16.,0.6));
#2899=CARTESIAN_POINT('',(92.8,21.4,0.));
#2900=CARTESIAN_POINT('',(92.8,16.,0.));
#2901=CARTESIAN_POINT('',(92.8,21.4,0.));
#2902=CARTESIAN_POINT('Origin',(22.9571067811866,21.7,0.3));
#2903=CARTESIAN_POINT('',(-1.99999999999999,22.,0.6));
#2904=CARTESIAN_POINT('',(22.9571067811866,22.,0.6));
#2905=CARTESIAN_POINT('',(-1.4,21.4,0.));
#2906=CARTESIAN_POINT('',(22.9571067811866,21.4,0.));
#2907=CARTESIAN_POINT('',(-1.4,21.4,0.));
#2908=CARTESIAN_POINT('Origin',(-1.7,4.,0.3));
#2909=CARTESIAN_POINT('',(-2.,4.,0.6));
#2910=CARTESIAN_POINT('',(-1.4,4.,0.));
#2911=CARTESIAN_POINT('Origin',(93.4,22.,2.));
#2912=CARTESIAN_POINT('',(93.4,22.,1.4));
#2913=CARTESIAN_POINT('',(93.4,22.,2.));
#2914=CARTESIAN_POINT('',(93.4,14.4284271247462,1.4));
#2915=CARTESIAN_POINT('',(93.4,16.,1.4));
#2916=CARTESIAN_POINT('',(93.4,14.4284271247462,2.));
#2917=CARTESIAN_POINT('Origin',(-1.99999999999999,22.,2.));
#2918=CARTESIAN_POINT('',(-1.99999999999999,22.,1.4));
#2919=CARTESIAN_POINT('',(-1.99999999999999,22.,2.));
#2920=CARTESIAN_POINT('',(22.9571067811866,22.,1.4));
#2921=CARTESIAN_POINT('Origin',(-2.,-2.,2.));
#2922=CARTESIAN_POINT('',(-2.,-2.,1.4));
#2923=CARTESIAN_POINT('',(-2.,-2.,2.));
#2924=CARTESIAN_POINT('',(-2.,4.,1.4));
#2925=CARTESIAN_POINT('Origin',(93.4,-2.,2.));
#2926=CARTESIAN_POINT('',(93.4,-2.,1.4));
#2927=CARTESIAN_POINT('',(93.4,-2.,2.));
#2928=CARTESIAN_POINT('',(70.6571067811866,-2.,1.4));
#2929=CARTESIAN_POINT('Origin',(47.9142135623731,10.,0.));
#2930=CARTESIAN_POINT('Origin',(70.6571067811866,-1.7,1.7));
#2931=CARTESIAN_POINT('',(92.8,-1.4,2.));
#2932=CARTESIAN_POINT('',(-1.4,-1.4,2.));
#2933=CARTESIAN_POINT('',(70.6571067811866,-1.4,2.));
#2934=CARTESIAN_POINT('',(-1.4,-1.4,2.));
#2935=CARTESIAN_POINT('',(92.8,-1.4,2.));
#2936=CARTESIAN_POINT('Origin',(-1.7,4.,1.7));
#2937=CARTESIAN_POINT('',(-1.4,21.4,2.));
#2938=CARTESIAN_POINT('',(-1.4,4.,2.));
#2939=CARTESIAN_POINT('',(-1.4,21.4,2.));
#2940=CARTESIAN_POINT('Origin',(93.1,16.,1.7));
#2941=CARTESIAN_POINT('',(92.8,21.4,2.));
#2942=CARTESIAN_POINT('',(92.8,14.1798989873223,2.));
#2943=CARTESIAN_POINT('',(92.8,16.,2.));
#2944=CARTESIAN_POINT('',(92.8,14.1798989873223,2.));
#2945=CARTESIAN_POINT('',(93.4,22.,1.4));
#2946=CARTESIAN_POINT('Origin',(82.9235281374238,24.4806349186104,1.7));
#2947=CARTESIAN_POINT('',(97.8284271247462,10.,1.4));
#2948=CARTESIAN_POINT('',(83.1356601717798,24.6927669529664,1.4));
#2949=CARTESIAN_POINT('',(96.9798989873224,10.,2.));
#2950=CARTESIAN_POINT('',(82.7113961030678,24.2685028842545,2.));
#2951=CARTESIAN_POINT('',(96.9798989873224,10.,2.));
#2952=CARTESIAN_POINT('Origin',(22.9571067811866,21.7,1.7));
#2953=CARTESIAN_POINT('',(22.9571067811866,21.4,2.));
#2954=CARTESIAN_POINT('Origin',(85.1377416997969,-2.2664213562373,1.7));
#2955=CARTESIAN_POINT('',(93.4,5.57157287525379,1.4));
#2956=CARTESIAN_POINT('',(85.3498737341529,-2.47855339059326,1.4));
#2957=CARTESIAN_POINT('',(92.8,5.82010101267766,2.));
#2958=CARTESIAN_POINT('',(84.925609665441,-2.05428932188133,2.));
#2959=CARTESIAN_POINT('',(92.8,5.82010101267766,2.));
#2960=CARTESIAN_POINT('Origin',(93.1,7.7857864376269,1.7));
#2961=CARTESIAN_POINT('',(93.4,7.7857864376269,1.4));
#2962=CARTESIAN_POINT('',(92.8,7.7857864376269,2.));
#2963=CARTESIAN_POINT('Origin',(47.9142135623731,10.,2.));
#2964=CARTESIAN_POINT('',(85.,0.,2.));
#2965=CARTESIAN_POINT('',(88.95,3.95,2.));
#2966=CARTESIAN_POINT('',(85.,0.,2.));
#2967=CARTESIAN_POINT('',(81.05,3.95,2.));
#2968=CARTESIAN_POINT('',(75.,10.,2.));
#2969=CARTESIAN_POINT('',(91.7,3.95,2.));
#2970=CARTESIAN_POINT('',(95.,10.,2.));
#2971=CARTESIAN_POINT('',(91.7,13.3,2.));
#2972=CARTESIAN_POINT('',(95.,10.,2.));
#2973=CARTESIAN_POINT('',(91.7,6.69999999999998,2.));
#2974=CARTESIAN_POINT('',(85.,0.,2.));
#2975=CARTESIAN_POINT('',(91.7,17.35,2.));
#2976=CARTESIAN_POINT('',(13.8537483497517,19.3186191610119,2.));
#2977=CARTESIAN_POINT('',(18.9064918326473,4.2868530272159,2.));
#2978=CARTESIAN_POINT('',(13.8537483497517,19.3186191610119,2.));
#2979=CARTESIAN_POINT('',(23.4479954399268,19.2897256679058,2.));
#2980=CARTESIAN_POINT('',(22.668011352196,16.7130455764856,2.));
#2981=CARTESIAN_POINT('',(25.3622149025757,18.7102743336109,2.));
#2982=CARTESIAN_POINT('Origin',(24.4051051710217,19.,2.));
#2983=CARTESIAN_POINT('',(19.9134540969885,0.710274344194803,2.));
#2984=CARTESIAN_POINT('',(21.8578504130866,7.13359423617813,2.));
#2985=CARTESIAN_POINT('',(18.0084002865946,0.681563082002369,2.));
#2986=CARTESIAN_POINT('Origin',(18.9563443511724,1.00000001490116,2.));
#2987=CARTESIAN_POINT('',(12.8906449088743,15.9067377278727,2.));
#2988=CARTESIAN_POINT('',(14.9328988335544,9.83109120325895,2.));
#2989=CARTESIAN_POINT('',(7.60227342899621,0.672068238028679,2.));
#2990=CARTESIAN_POINT('',(10.5500332590089,9.16393514196223,2.));
#2991=CARTESIAN_POINT('',(5.69912685699927,0.714723157339894,2.));
#2992=CARTESIAN_POINT('Origin',(6.65757201611996,1.,2.));
#2993=CARTESIAN_POINT('',(0.341508719939731,18.7147231573399,2.));
#2994=CARTESIAN_POINT('',(2.96569503965211,9.89823931201167,2.));
#2995=CARTESIAN_POINT('',(2.25839903818111,19.2852768426601,2.));
#2996=CARTESIAN_POINT('Origin',(1.29995387906042,19.,2.));
#2997=CARTESIAN_POINT('',(6.73063552684545,4.25989527633972,2.));
#2998=CARTESIAN_POINT('',(2.25839903818111,19.2852768426601,2.));
#2999=CARTESIAN_POINT('',(11.9611641222638,19.3279317619713,2.));
#3000=CARTESIAN_POINT('',(11.7847771927665,18.8197986659049,2.));
#3001=CARTESIAN_POINT('Origin',(12.90586553514,19.,2.));
#3002=CARTESIAN_POINT('',(37.9890850633383,9.,2.));
#3003=CARTESIAN_POINT('',(37.9890850633383,1.,2.));
#3004=CARTESIAN_POINT('',(37.9890850633383,5.5,2.));
#3005=CARTESIAN_POINT('',(35.9890850633383,1.,2.));
#3006=CARTESIAN_POINT('Origin',(36.9890850633383,1.,2.));
#3007=CARTESIAN_POINT('',(35.9890850633383,19.,2.));
#3008=CARTESIAN_POINT('',(35.9890850633383,15.,2.));
#3009=CARTESIAN_POINT('',(36.9890850633383,20.,2.));
#3010=CARTESIAN_POINT('Origin',(36.9890850633383,19.,2.));
#3011=CARTESIAN_POINT('',(46.4890850633383,20.,2.));
#3012=CARTESIAN_POINT('',(44.8294665664434,20.,2.));
#3013=CARTESIAN_POINT('',(47.7871952655824,9.15538496214838,2.));
#3014=CARTESIAN_POINT('Origin',(46.4890850633383,14.5,2.));
#3015=CARTESIAN_POINT('',(50.1364263147116,5.44338345527649,2.));
#3016=CARTESIAN_POINT('',(52.6331766106997,1.53669615486774,2.));
#3017=CARTESIAN_POINT('',(52.6331766108234,1.5366961549464,2.));
#3018=CARTESIAN_POINT('',(52.6331766106997,1.53669615486774,2.));
#3019=CARTESIAN_POINT('',(50.9456254289995,0.463303901645004,2.));
#3020=CARTESIAN_POINT('Origin',(51.7894010668722,0.999999977648258,2.));
#3021=CARTESIAN_POINT('',(45.5157317114083,9.,2.));
#3022=CARTESIAN_POINT('',(43.8543914529276,11.6119032515727,2.));
#3023=CARTESIAN_POINT('',(36.770804900676,9.,2.));
#3024=CARTESIAN_POINT('',(30.9590726941824,1.,2.));
#3025=CARTESIAN_POINT('',(28.9590726941824,1.,2.));
#3026=CARTESIAN_POINT('Origin',(29.9590726941824,1.,2.));
#3027=CARTESIAN_POINT('',(28.9590726941824,19.,2.));
#3028=CARTESIAN_POINT('',(28.9590726941824,14.5,2.));
#3029=CARTESIAN_POINT('',(30.9590726941824,19.,2.));
#3030=CARTESIAN_POINT('Origin',(29.9590726941824,19.,2.));
#3031=CARTESIAN_POINT('',(30.9590726941824,5.5,2.));
#3032=CARTESIAN_POINT('',(69.6412013620138,20.,2.));
#3033=CARTESIAN_POINT('',(69.6412013603581,18.,2.));
#3034=CARTESIAN_POINT('Origin',(69.6412013620138,19.,2.));
#3035=CARTESIAN_POINT('',(58.180084599389,18.000000018976,2.));
#3036=CARTESIAN_POINT('',(46.8663046753241,18.000000037708,2.));
#3037=CARTESIAN_POINT('',(58.1800845883639,11.3410643516494,2.));
#3038=CARTESIAN_POINT('',(58.1800845872537,10.6705321570926,2.));
#3039=CARTESIAN_POINT('',(68.8908599482642,11.3410643339157,2.));
#3040=CARTESIAN_POINT('',(52.2216923442492,11.3410643615146,2.));
#3041=CARTESIAN_POINT('',(68.8908599449529,9.34106433391571,2.));
#3042=CARTESIAN_POINT('Origin',(68.8908599466085,10.3410643339157,2.));
#3043=CARTESIAN_POINT('',(58.1800845850525,9.34106435164938,2.));
#3044=CARTESIAN_POINT('',(46.8663046609876,9.34106437038143,2.));
#3045=CARTESIAN_POINT('',(58.180084572898,2.00000001974398,2.));
#3046=CARTESIAN_POINT('',(58.1800845795208,5.99999999113994,2.));
#3047=CARTESIAN_POINT('',(70.1050494776832,2.,2.));
#3048=CARTESIAN_POINT('',(52.8287871012257,2.00000002860404,2.));
#3049=CARTESIAN_POINT('',(70.1050494760275,0.,2.));
#3050=CARTESIAN_POINT('Origin',(70.1050494760275,1.,2.));
#3051=CARTESIAN_POINT('',(57.1800845712423,0.,2.));
#3052=CARTESIAN_POINT('',(59.9113257974386,0.,2.));
#3053=CARTESIAN_POINT('',(56.1800845712423,1.,2.));
#3054=CARTESIAN_POINT('Origin',(57.1800845712423,1.,2.));
#3055=CARTESIAN_POINT('',(56.1800845712423,18.9999999850988,2.));
#3056=CARTESIAN_POINT('',(56.1800845712423,15.,2.));
#3057=CARTESIAN_POINT('',(57.1800845861435,20.,2.));
#3058=CARTESIAN_POINT('Origin',(57.1800845861435,18.9999999850988,2.));
#3059=CARTESIAN_POINT('',(67.1418841928244,20.,2.));
#3060=CARTESIAN_POINT('',(75.,10.,2.));
#3061=CARTESIAN_POINT('',(78.3,6.70000000000001,2.));
#3062=CARTESIAN_POINT('',(75.,10.,2.));
#3063=CARTESIAN_POINT('',(78.3,13.3,2.));
#3064=CARTESIAN_POINT('',(85.,20.,2.));
#3065=CARTESIAN_POINT('',(78.3,3.95,2.));
#3066=CARTESIAN_POINT('',(82.35,17.35,2.));
#3067=CARTESIAN_POINT('',(83.25,17.35,2.));
#3068=CARTESIAN_POINT('',(78.3,17.35,2.));
#3069=CARTESIAN_POINT('',(85.,20.,2.));
#3070=CARTESIAN_POINT('',(85.,20.,2.));
#3071=CARTESIAN_POINT('',(87.65,17.35,2.));
#3072=CARTESIAN_POINT('',(95.,10.,2.));
#3073=CARTESIAN_POINT('',(86.75,17.35,2.));
#3074=CARTESIAN_POINT('',(78.3,17.35,2.));
#3075=CARTESIAN_POINT('',(86.1843145750508,17.9156854249492,2.));
#3076=CARTESIAN_POINT('',(86.1843145750508,17.9156854249492,2.));
#3077=CARTESIAN_POINT('',(86.6841182881787,17.05,2.));
#3078=CARTESIAN_POINT('',(90.5843145750507,10.2946618716461,2.));
#3079=CARTESIAN_POINT('',(91.4,17.05,2.));
#3080=CARTESIAN_POINT('',(78.6,17.05,2.));
#3081=CARTESIAN_POINT('',(91.4,4.24999999999999,2.));
#3082=CARTESIAN_POINT('',(91.4,17.05,2.));
#3083=CARTESIAN_POINT('',(78.6,4.24999999999999,2.));
#3084=CARTESIAN_POINT('',(91.4,4.24999999999999,2.));
#3085=CARTESIAN_POINT('',(78.6,17.05,2.));
#3086=CARTESIAN_POINT('',(78.6,4.24999999999999,2.));
#3087=CARTESIAN_POINT('',(83.3158817118212,17.05,2.));
#3088=CARTESIAN_POINT('',(78.6,17.05,2.));
#3089=CARTESIAN_POINT('',(83.8156854249493,17.9156854249492,2.));
#3090=CARTESIAN_POINT('',(83.8156854249493,17.9156854249492,2.));
#3091=CARTESIAN_POINT('',(83.25,17.35,2.));
#3092=CARTESIAN_POINT('Origin',(47.9142135623731,10.,2.));
#3093=CARTESIAN_POINT('',(37.9890850633383,11.,2.));
#3094=CARTESIAN_POINT('',(46.4890850633383,11.,2.));
#3095=CARTESIAN_POINT('',(41.020804900676,11.,2.));
#3096=CARTESIAN_POINT('',(46.4890850633383,18.,2.));
#3097=CARTESIAN_POINT('Origin',(46.4890850633383,14.5,2.));
#3098=CARTESIAN_POINT('',(37.9890850633383,18.,2.));
#3099=CARTESIAN_POINT('',(36.770804900676,18.,2.));
#3100=CARTESIAN_POINT('',(37.9890850633383,10.5,2.));
#3101=CARTESIAN_POINT('Origin',(47.9142135623731,10.,2.));
#3102=CARTESIAN_POINT('',(83.9896370289179,17.05,2.));
#3103=CARTESIAN_POINT('',(85.,18.8,2.));
#3104=CARTESIAN_POINT('',(85.,18.8,2.));
#3105=CARTESIAN_POINT('',(86.0103629710819,17.05,2.));
#3106=CARTESIAN_POINT('',(78.6,17.05,2.));
#3107=CARTESIAN_POINT('',(85.,18.8,2.));
#3108=CARTESIAN_POINT('Origin',(47.9142135623731,10.,2.));
#3109=CARTESIAN_POINT('',(87.0305284496925,16.45,2.));
#3110=CARTESIAN_POINT('',(90.8,16.45,2.));
#3111=CARTESIAN_POINT('',(79.2,16.45,2.));
#3112=CARTESIAN_POINT('',(90.5843145750507,10.2946618716461,2.));
#3113=CARTESIAN_POINT('',(90.5843145750507,10.2946618716461,2.));
#3114=CARTESIAN_POINT('',(90.0789980872281,10.0029172613758,2.));
#3115=CARTESIAN_POINT('',(90.0789980872281,10.0029172613758,2.));
#3116=CARTESIAN_POINT('',(86.3567731325956,16.45,2.));
#3117=CARTESIAN_POINT('',(85.,18.8,2.));
#3118=CARTESIAN_POINT('',(83.643226867404,16.45,2.));
#3119=CARTESIAN_POINT('',(79.2,16.45,2.));
#3120=CARTESIAN_POINT('',(79.9210019127709,10.0029172613763,2.));
#3121=CARTESIAN_POINT('',(85.,18.8,2.));
#3122=CARTESIAN_POINT('',(79.4156854249484,10.2946618716466,2.));
#3123=CARTESIAN_POINT('',(79.4156854249484,10.2946618716466,2.));
#3124=CARTESIAN_POINT('',(82.9694715503073,16.45,2.));
#3125=CARTESIAN_POINT('',(83.8156854249493,17.9156854249492,2.));
#3126=CARTESIAN_POINT('',(79.2,16.45,2.));
#3127=CARTESIAN_POINT('',(79.2,16.45,2.));
#3128=CARTESIAN_POINT('',(79.2,4.85,2.));
#3129=CARTESIAN_POINT('',(79.2,4.85,2.));
#3130=CARTESIAN_POINT('',(90.8,4.85,2.));
#3131=CARTESIAN_POINT('',(90.8,4.85,2.));
#3132=CARTESIAN_POINT('',(90.8,16.45,2.));
#3133=CARTESIAN_POINT('Origin',(93.4,5.57157287525379,2.));
#3134=CARTESIAN_POINT('',(93.4,5.57157287525379,2.));
#3135=CARTESIAN_POINT('Origin',(97.8284271247462,10.,2.));
#3136=CARTESIAN_POINT('',(97.8284271247462,10.,2.));
#3137=CARTESIAN_POINT('Origin',(93.4,14.4284271247462,2.));
#3138=CARTESIAN_POINT('Origin',(85.,0.,2.));
#3139=CARTESIAN_POINT('',(88.95,3.95,4.));
#3140=CARTESIAN_POINT('',(85.,0.,4.));
#3141=CARTESIAN_POINT('',(87.5,2.5,4.));
#3142=CARTESIAN_POINT('',(85.,0.,2.));
#3143=CARTESIAN_POINT('',(88.95,3.95,2.));
#3144=CARTESIAN_POINT('Origin',(81.05,3.94999999999999,2.));
#3145=CARTESIAN_POINT('',(81.05,3.95,4.));
#3146=CARTESIAN_POINT('',(80.525,4.475,4.));
#3147=CARTESIAN_POINT('',(81.05,3.95,2.));
#3148=CARTESIAN_POINT('Origin',(88.95,3.95,2.));
#3149=CARTESIAN_POINT('',(86.975,3.95,4.));
#3150=CARTESIAN_POINT('Origin',(85.,10.,4.));
#3151=CARTESIAN_POINT('Origin',(95.,10.,2.));
#3152=CARTESIAN_POINT('',(91.7,13.3,4.));
#3153=CARTESIAN_POINT('',(95.,10.,4.));
#3154=CARTESIAN_POINT('',(92.5,12.5,4.));
#3155=CARTESIAN_POINT('',(95.,10.,2.));
#3156=CARTESIAN_POINT('',(91.7,13.3,2.));
#3157=CARTESIAN_POINT('Origin',(91.7,6.69999999999998,2.));
#3158=CARTESIAN_POINT('',(91.7,6.69999999999998,4.));
#3159=CARTESIAN_POINT('',(90.85,5.84999999999999,4.));
#3160=CARTESIAN_POINT('',(91.7,6.69999999999998,2.));
#3161=CARTESIAN_POINT('Origin',(91.7,13.3,2.));
#3162=CARTESIAN_POINT('',(91.7,11.65,4.));
#3163=CARTESIAN_POINT('Origin',(85.,10.,4.));
#3164=CARTESIAN_POINT('Origin',(18.9064918326473,4.2868530272159,2.));
#3165=CARTESIAN_POINT('',(13.8537483497517,19.3186191610119,4.));
#3166=CARTESIAN_POINT('',(13.8537483497517,19.3186191610119,2.));
#3167=CARTESIAN_POINT('',(18.9064918326473,4.2868530272159,4.));
#3168=CARTESIAN_POINT('',(13.8537483497517,19.3186191610119,4.));
#3169=CARTESIAN_POINT('',(18.9064918326473,4.2868530272159,2.));
#3170=CARTESIAN_POINT('Origin',(23.4479954399268,19.2897256679058,2.));
#3171=CARTESIAN_POINT('',(23.4479954399268,19.2897256679058,4.));
#3172=CARTESIAN_POINT('',(17.9992346058155,1.28972568712422,4.));
#3173=CARTESIAN_POINT('',(23.4479954399268,19.2897256679058,2.));
#3174=CARTESIAN_POINT('Origin',(24.4051051710217,19.,2.));
#3175=CARTESIAN_POINT('',(25.3622149025757,18.7102743336109,4.));
#3176=CARTESIAN_POINT('Origin',(24.4051051710217,19.,4.));
#3177=CARTESIAN_POINT('',(25.3622149025757,18.7102743336109,2.));
#3178=CARTESIAN_POINT('Origin',(19.9134540969885,0.710274344194803,2.));
#3179=CARTESIAN_POINT('',(19.9134540969885,0.710274344194803,4.));
#3180=CARTESIAN_POINT('',(25.3622149025757,18.7102743336109,4.));
#3181=CARTESIAN_POINT('',(19.9134540969885,0.710274344194803,2.));
#3182=CARTESIAN_POINT('Origin',(18.9563443511724,1.00000001490116,2.));
#3183=CARTESIAN_POINT('',(18.0084002865946,0.68156308200237,4.));
#3184=CARTESIAN_POINT('Origin',(18.9563443511724,1.00000001490116,4.));
#3185=CARTESIAN_POINT('',(18.0084002865946,0.681563082002369,2.));
#3186=CARTESIAN_POINT('Origin',(12.8906449088743,15.9067377278727,2.));
#3187=CARTESIAN_POINT('',(12.8906449088743,15.9067377278727,4.));
#3188=CARTESIAN_POINT('',(18.0084002865946,0.681563082002369,4.));
#3189=CARTESIAN_POINT('',(12.8906449088743,15.9067377278727,2.));
#3190=CARTESIAN_POINT('Origin',(7.60227342899621,0.672068238028679,2.));
#3191=CARTESIAN_POINT('',(7.60227342899621,0.672068238028678,4.));
#3192=CARTESIAN_POINT('',(7.60227342899621,0.672068238028679,4.));
#3193=CARTESIAN_POINT('',(7.60227342899621,0.672068238028679,2.));
#3194=CARTESIAN_POINT('Origin',(6.65757201611996,1.,2.));
#3195=CARTESIAN_POINT('',(5.69912685699927,0.714723157339894,4.));
#3196=CARTESIAN_POINT('Origin',(6.65757201611996,1.,4.));
#3197=CARTESIAN_POINT('',(5.69912685699927,0.714723157339894,2.));
#3198=CARTESIAN_POINT('Origin',(0.341508719939731,18.7147231573399,2.));
#3199=CARTESIAN_POINT('',(0.341508719939732,18.7147231573399,4.));
#3200=CARTESIAN_POINT('',(0.341508719939731,18.7147231573399,4.));
#3201=CARTESIAN_POINT('',(0.341508719939731,18.7147231573399,2.));
#3202=CARTESIAN_POINT('Origin',(1.29995387906042,19.,2.));
#3203=CARTESIAN_POINT('',(2.25839903818111,19.2852768426601,4.));
#3204=CARTESIAN_POINT('Origin',(1.29995387906042,19.,4.));
#3205=CARTESIAN_POINT('',(2.25839903818111,19.2852768426601,2.));
#3206=CARTESIAN_POINT('Origin',(6.73063552684545,4.25989527633972,2.));
#3207=CARTESIAN_POINT('',(6.73063552684545,4.25989527633972,4.));
#3208=CARTESIAN_POINT('',(2.25839903818111,19.2852768426601,4.));
#3209=CARTESIAN_POINT('',(6.73063552684545,4.25989527633972,2.));
#3210=CARTESIAN_POINT('Origin',(11.9611641222638,19.3279317619713,2.));
#3211=CARTESIAN_POINT('',(11.9611641222638,19.3279317619713,4.));
#3212=CARTESIAN_POINT('',(11.9611641222638,19.3279317619713,4.));
#3213=CARTESIAN_POINT('',(11.9611641222638,19.3279317619713,2.));
#3214=CARTESIAN_POINT('Origin',(12.90586553514,19.,2.));
#3215=CARTESIAN_POINT('Origin',(12.90586553514,19.,4.));
#3216=CARTESIAN_POINT('Origin',(12.852529525041,10.,4.));
#3217=CARTESIAN_POINT('Origin',(44.8567517846823,20.,0.));
#3218=CARTESIAN_POINT('',(36.9890850633383,20.,4.));
#3219=CARTESIAN_POINT('',(36.9890850633383,20.,2.));
#3220=CARTESIAN_POINT('',(46.4890850633383,20.,4.));
#3221=CARTESIAN_POINT('',(100.,20.,4.));
#3222=CARTESIAN_POINT('',(46.4890850633383,20.,2.));
#3223=CARTESIAN_POINT('Origin',(35.9890850633383,20.,0.));
#3224=CARTESIAN_POINT('',(35.9890850633383,1.,4.));
#3225=CARTESIAN_POINT('',(35.9890850633383,1.,2.));
#3226=CARTESIAN_POINT('',(35.9890850633383,19.,4.));
#3227=CARTESIAN_POINT('',(35.9890850633383,20.,4.));
#3228=CARTESIAN_POINT('',(35.9890850633383,19.,2.));
#3229=CARTESIAN_POINT('Origin',(51.7894010668722,0.999999977648258,2.));
#3230=CARTESIAN_POINT('',(52.6331766108234,1.5366961549464,4.));
#3231=CARTESIAN_POINT('',(52.6331766108234,1.5366961549464,2.));
#3232=CARTESIAN_POINT('',(50.9456254289995,0.463303901645002,4.));
#3233=CARTESIAN_POINT('Origin',(51.7894010668722,0.999999977648258,4.));
#3234=CARTESIAN_POINT('',(50.9456254289995,0.463303901645004,2.));
#3235=CARTESIAN_POINT('Origin',(46.4890850633383,11.,2.));
#3236=CARTESIAN_POINT('',(37.9890850633383,11.,4.));
#3237=CARTESIAN_POINT('',(37.9890850633383,11.,2.));
#3238=CARTESIAN_POINT('',(46.4890850633383,11.,4.));
#3239=CARTESIAN_POINT('',(46.4890850633383,11.,4.));
#3240=CARTESIAN_POINT('',(46.4890850633383,11.,2.));
#3241=CARTESIAN_POINT('Origin',(46.4890850633383,14.5,2.));
#3242=CARTESIAN_POINT('',(46.4890850633383,18.,4.));
#3243=CARTESIAN_POINT('Origin',(46.4890850633383,14.5,4.));
#3244=CARTESIAN_POINT('',(46.4890850633383,18.,2.));
#3245=CARTESIAN_POINT('Origin',(37.9890850633383,18.,2.));
#3246=CARTESIAN_POINT('',(37.9890850633383,18.,4.));
#3247=CARTESIAN_POINT('',(46.4890850633383,18.,4.));
#3248=CARTESIAN_POINT('',(37.9890850633383,18.,2.));
#3249=CARTESIAN_POINT('Origin',(37.9890850633383,11.,2.));
#3250=CARTESIAN_POINT('',(37.9890850633383,1.,4.));
#3251=CARTESIAN_POINT('Origin',(37.9890850633383,1.,2.));
#3252=CARTESIAN_POINT('',(37.9890850633383,9.,4.));
#3253=CARTESIAN_POINT('',(37.9890850633383,9.,2.));
#3254=CARTESIAN_POINT('',(37.9890850633383,1.,4.));
#3255=CARTESIAN_POINT('',(37.9890850633383,1.,4.));
#3256=CARTESIAN_POINT('',(37.9890850633383,1.,2.));
#3257=CARTESIAN_POINT('Origin',(36.9890850633383,1.,2.));
#3258=CARTESIAN_POINT('Origin',(36.9890850633383,1.,4.));
#3259=CARTESIAN_POINT('Origin',(36.9890850633383,19.,2.));
#3260=CARTESIAN_POINT('Origin',(36.9890850633383,19.,4.));
#3261=CARTESIAN_POINT('Origin',(46.4890850633383,14.5,2.));
#3262=CARTESIAN_POINT('',(47.7871952655824,9.15538496214838,4.));
#3263=CARTESIAN_POINT('Origin',(46.4890850633383,14.5,4.));
#3264=CARTESIAN_POINT('',(47.7871952655824,9.15538496214838,2.));
#3265=CARTESIAN_POINT('Origin',(52.6331766106997,1.53669615486774,2.));
#3266=CARTESIAN_POINT('',(52.6331766106997,1.53669615486774,4.));
#3267=CARTESIAN_POINT('Origin',(45.5157317114083,9.,2.));
#3268=CARTESIAN_POINT('',(45.5157317114083,9.,4.));
#3269=CARTESIAN_POINT('',(50.9456253870063,0.463303874934581,4.));
#3270=CARTESIAN_POINT('',(45.5157317114083,9.,2.));
#3271=CARTESIAN_POINT('Origin',(37.9890850633383,9.,2.));
#3272=CARTESIAN_POINT('',(46.4890850633383,9.,4.));
#3273=CARTESIAN_POINT('Origin',(36.9890850633383,19.,4.));
#3274=CARTESIAN_POINT('Origin',(29.9590726941824,1.,2.));
#3275=CARTESIAN_POINT('',(30.9590726941824,1.,4.));
#3276=CARTESIAN_POINT('',(30.9590726941824,1.,2.));
#3277=CARTESIAN_POINT('',(28.9590726941824,1.,4.));
#3278=CARTESIAN_POINT('Origin',(29.9590726941824,1.,4.));
#3279=CARTESIAN_POINT('',(28.9590726941824,1.,2.));
#3280=CARTESIAN_POINT('Origin',(28.9590726941824,19.,2.));
#3281=CARTESIAN_POINT('',(28.9590726941824,19.,4.));
#3282=CARTESIAN_POINT('',(28.9590726941824,19.,4.));
#3283=CARTESIAN_POINT('',(28.9590726941824,19.,2.));
#3284=CARTESIAN_POINT('Origin',(29.9590726941824,19.,2.));
#3285=CARTESIAN_POINT('',(30.9590726941824,19.,4.));
#3286=CARTESIAN_POINT('Origin',(29.9590726941824,19.,4.));
#3287=CARTESIAN_POINT('',(30.9590726941824,19.,2.));
#3288=CARTESIAN_POINT('Origin',(30.9590726941824,1.,2.));
#3289=CARTESIAN_POINT('',(30.9590726941824,1.,4.));
#3290=CARTESIAN_POINT('Origin',(29.9590726941824,10.,4.));
#3291=CARTESIAN_POINT('Origin',(68.8908599466085,10.3410643339157,2.));
#3292=CARTESIAN_POINT('',(68.8908599482642,11.3410643339157,4.));
#3293=CARTESIAN_POINT('',(68.8908599482642,11.3410643339157,2.));
#3294=CARTESIAN_POINT('',(68.8908599449529,9.34106433391571,4.));
#3295=CARTESIAN_POINT('Origin',(68.8908599466085,10.3410643339157,4.));
#3296=CARTESIAN_POINT('',(68.8908599449529,9.34106433391571,2.));
#3297=CARTESIAN_POINT('Origin',(58.1800845850525,9.34106435164938,2.));
#3298=CARTESIAN_POINT('',(58.1800845850525,9.34106435164938,4.));
#3299=CARTESIAN_POINT('',(68.8908599449529,9.34106433391571,4.));
#3300=CARTESIAN_POINT('',(58.1800845850525,9.34106435164938,2.));
#3301=CARTESIAN_POINT('Origin',(58.180084572898,2.00000001974398,2.));
#3302=CARTESIAN_POINT('',(58.180084572898,2.00000001974398,4.));
#3303=CARTESIAN_POINT('',(58.1800846010447,18.9999999834432,4.));
#3304=CARTESIAN_POINT('',(58.180084572898,2.00000001974398,2.));
#3305=CARTESIAN_POINT('Origin',(70.1050494776832,2.,2.));
#3306=CARTESIAN_POINT('',(70.1050494776832,2.,4.));
#3307=CARTESIAN_POINT('',(70.1050494776832,2.,4.));
#3308=CARTESIAN_POINT('',(70.1050494776832,2.,2.));
#3309=CARTESIAN_POINT('Origin',(70.1050494760275,1.,2.));
#3310=CARTESIAN_POINT('',(70.1050494760275,0.,4.));
#3311=CARTESIAN_POINT('Origin',(70.1050494760275,1.,4.));
#3312=CARTESIAN_POINT('',(70.1050494760275,0.,2.));
#3313=CARTESIAN_POINT('Origin',(57.1800845712423,1.,2.));
#3314=CARTESIAN_POINT('',(57.1800845712423,0.,4.));
#3315=CARTESIAN_POINT('',(57.1800845712423,0.,2.));
#3316=CARTESIAN_POINT('',(56.1800845712423,1.,4.));
#3317=CARTESIAN_POINT('Origin',(57.1800845712423,1.,4.));
#3318=CARTESIAN_POINT('',(56.1800845712423,1.,2.));
#3319=CARTESIAN_POINT('Origin',(57.1800845861435,18.9999999850988,2.));
#3320=CARTESIAN_POINT('',(56.1800845712423,18.9999999850988,4.));
#3321=CARTESIAN_POINT('',(56.1800845712423,18.9999999850988,2.));
#3322=CARTESIAN_POINT('',(57.1800845861435,20.,4.));
#3323=CARTESIAN_POINT('Origin',(57.1800845861435,18.9999999850988,4.));
#3324=CARTESIAN_POINT('',(57.1800845861435,20.,2.));
#3325=CARTESIAN_POINT('Origin',(69.6412013620138,19.,2.));
#3326=CARTESIAN_POINT('',(69.6412013620138,20.,4.));
#3327=CARTESIAN_POINT('',(69.6412013620138,20.,2.));
#3328=CARTESIAN_POINT('',(69.6412013603581,18.,4.));
#3329=CARTESIAN_POINT('Origin',(69.6412013620138,19.,4.));
#3330=CARTESIAN_POINT('',(69.6412013603581,18.,2.));
#3331=CARTESIAN_POINT('Origin',(58.180084599389,18.000000018976,2.));
#3332=CARTESIAN_POINT('',(58.180084599389,18.000000018976,4.));
#3333=CARTESIAN_POINT('',(69.6412013603581,18.,4.));
#3334=CARTESIAN_POINT('',(58.180084599389,18.000000018976,2.));
#3335=CARTESIAN_POINT('Origin',(58.1800845883639,11.3410643516494,2.));
#3336=CARTESIAN_POINT('',(58.1800845883639,11.3410643516494,4.));
#3337=CARTESIAN_POINT('',(58.1800846010447,18.9999999834432,4.));
#3338=CARTESIAN_POINT('',(58.1800845883639,11.3410643516494,2.));
#3339=CARTESIAN_POINT('Origin',(68.8908599482642,11.3410643339157,2.));
#3340=CARTESIAN_POINT('',(68.8908599482642,11.3410643339157,4.));
#3341=CARTESIAN_POINT('Origin',(63.6425670236349,10.,4.));
#3342=CARTESIAN_POINT('',(100.,20.,4.));
#3343=CARTESIAN_POINT('',(56.1800845712423,20.,4.));
#3344=CARTESIAN_POINT('',(0.,0.,4.));
#3345=CARTESIAN_POINT('Origin',(56.1800845712423,20.,0.));
#3346=CARTESIAN_POINT('Origin',(70.6412013620138,20.,0.));
#3347=CARTESIAN_POINT('Origin',(56.1800845712423,0.,0.));
#3348=CARTESIAN_POINT('Origin',(75.,10.,2.));
#3349=CARTESIAN_POINT('',(78.3,6.70000000000001,4.));
#3350=CARTESIAN_POINT('',(75.,10.,4.));
#3351=CARTESIAN_POINT('',(77.5,7.5,4.));
#3352=CARTESIAN_POINT('',(75.,10.,2.));
#3353=CARTESIAN_POINT('',(78.3,6.70000000000001,2.));
#3354=CARTESIAN_POINT('Origin',(78.3,13.3,2.));
#3355=CARTESIAN_POINT('',(78.3,13.3,4.));
#3356=CARTESIAN_POINT('',(79.15,14.15,4.));
#3357=CARTESIAN_POINT('',(78.3,13.3,2.));
#3358=CARTESIAN_POINT('Origin',(78.3,6.70000000000001,2.));
#3359=CARTESIAN_POINT('',(78.3,8.35,4.));
#3360=CARTESIAN_POINT('Origin',(85.,10.,4.));
#3361=CARTESIAN_POINT('Origin',(87.0305284496925,16.45,2.));
#3362=CARTESIAN_POINT('',(90.8,16.45,4.));
#3363=CARTESIAN_POINT('',(87.0305284496925,16.45,4.));
#3364=CARTESIAN_POINT('',(86.0152642248462,16.45,4.));
#3365=CARTESIAN_POINT('',(87.0305284496925,16.45,2.));
#3366=CARTESIAN_POINT('',(90.8,16.45,2.));
#3367=CARTESIAN_POINT('Origin',(90.5843145750507,10.2946618716461,2.));
#3368=CARTESIAN_POINT('',(90.5843145750507,10.2946618716461,4.));
#3369=CARTESIAN_POINT('',(89.9500714197624,11.3932032409582,4.));
#3370=CARTESIAN_POINT('',(90.5843145750507,10.2946618716461,2.));
#3371=CARTESIAN_POINT('Origin',(90.0789980872281,10.0029172613758,2.));
#3372=CARTESIAN_POINT('',(90.0789980872281,10.0029172613758,4.));
#3373=CARTESIAN_POINT('',(88.1737421989024,8.90291726137576,4.));
#3374=CARTESIAN_POINT('',(90.0789980872281,10.0029172613758,2.));
#3375=CARTESIAN_POINT('Origin',(86.3567731325956,16.45,2.));
#3376=CARTESIAN_POINT('',(86.3567731325956,16.45,4.));
#3377=CARTESIAN_POINT('',(87.5836424546236,14.325,4.));
#3378=CARTESIAN_POINT('',(86.3567731325956,16.45,2.));
#3379=CARTESIAN_POINT('Origin',(83.643226867404,16.45,2.));
#3380=CARTESIAN_POINT('',(83.643226867404,16.45,4.));
#3381=CARTESIAN_POINT('',(84.321613433702,16.45,4.));
#3382=CARTESIAN_POINT('',(83.643226867404,16.45,2.));
#3383=CARTESIAN_POINT('Origin',(79.9210019127709,10.0029172613763,2.));
#3384=CARTESIAN_POINT('',(79.9210019127709,10.0029172613763,4.));
#3385=CARTESIAN_POINT('',(80.5552450680594,11.1014586306886,4.));
#3386=CARTESIAN_POINT('',(79.9210019127709,10.0029172613763,2.));
#3387=CARTESIAN_POINT('Origin',(83.9896370289179,17.05,2.));
#3388=CARTESIAN_POINT('',(85.,18.8,4.));
#3389=CARTESIAN_POINT('',(83.9896370289179,17.05,4.));
#3390=CARTESIAN_POINT('',(82.5895626261329,14.6250000000004,4.));
#3391=CARTESIAN_POINT('',(83.9896370289179,17.05,2.));
#3392=CARTESIAN_POINT('',(85.,18.8,2.));
#3393=CARTESIAN_POINT('Origin',(82.35,17.35,2.));
#3394=CARTESIAN_POINT('',(83.25,17.35,4.));
#3395=CARTESIAN_POINT('',(82.35,17.35,4.));
#3396=CARTESIAN_POINT('',(83.675,17.35,4.));
#3397=CARTESIAN_POINT('',(82.35,17.35,2.));
#3398=CARTESIAN_POINT('',(83.25,17.35,2.));
#3399=CARTESIAN_POINT('Origin',(85.,20.,2.));
#3400=CARTESIAN_POINT('',(85.,20.,4.));
#3401=CARTESIAN_POINT('',(82.5,17.5,4.));
#3402=CARTESIAN_POINT('',(85.,20.,2.));
#3403=CARTESIAN_POINT('Origin',(87.65,17.35,2.));
#3404=CARTESIAN_POINT('',(87.65,17.35,4.));
#3405=CARTESIAN_POINT('',(88.825,16.175,4.));
#3406=CARTESIAN_POINT('',(87.65,17.35,2.));
#3407=CARTESIAN_POINT('Origin',(86.75,17.35,2.));
#3408=CARTESIAN_POINT('',(86.75,17.35,4.));
#3409=CARTESIAN_POINT('',(85.875,17.35,4.));
#3410=CARTESIAN_POINT('',(86.75,17.35,2.));
#3411=CARTESIAN_POINT('Origin',(86.1843145750508,17.9156854249492,2.));
#3412=CARTESIAN_POINT('',(86.1843145750508,17.9156854249492,4.));
#3413=CARTESIAN_POINT('',(87.8671572875254,16.2328427124747,4.));
#3414=CARTESIAN_POINT('',(86.1843145750508,17.9156854249492,2.));
#3415=CARTESIAN_POINT('Origin',(86.6841182881787,17.05,2.));
#3416=CARTESIAN_POINT('',(86.6841182881787,17.05,4.));
#3417=CARTESIAN_POINT('',(87.9999732763264,14.7708723051351,4.));
#3418=CARTESIAN_POINT('',(86.6841182881787,17.05,2.));
#3419=CARTESIAN_POINT('Origin',(79.4156854249484,10.2946618716466,2.));
#3420=CARTESIAN_POINT('',(79.4156854249484,10.2946618716466,4.));
#3421=CARTESIAN_POINT('',(81.5735995571856,9.04878956651099,4.));
#3422=CARTESIAN_POINT('',(79.4156854249484,10.2946618716466,2.));
#3423=CARTESIAN_POINT('Origin',(82.9694715503073,16.45,2.));
#3424=CARTESIAN_POINT('',(82.9694715503073,16.45,4.));
#3425=CARTESIAN_POINT('',(81.8268216429164,14.4708723051356,4.));
#3426=CARTESIAN_POINT('',(82.9694715503073,16.45,2.));
#3427=CARTESIAN_POINT('Origin',(79.2,16.45,2.));
#3428=CARTESIAN_POINT('',(79.2,16.45,4.));
#3429=CARTESIAN_POINT('',(82.1,16.45,4.));
#3430=CARTESIAN_POINT('',(79.2,16.45,2.));
#3431=CARTESIAN_POINT('Origin',(79.2,4.85,2.));
#3432=CARTESIAN_POINT('',(79.2,4.85,4.));
#3433=CARTESIAN_POINT('',(79.2,7.425,4.));
#3434=CARTESIAN_POINT('',(79.2,4.85,2.));
#3435=CARTESIAN_POINT('Origin',(90.8,4.85,2.));
#3436=CARTESIAN_POINT('',(90.8,4.85,4.));
#3437=CARTESIAN_POINT('',(87.9,4.85,4.));
#3438=CARTESIAN_POINT('',(90.8,4.85,2.));
#3439=CARTESIAN_POINT('Origin',(90.8,16.45,2.));
#3440=CARTESIAN_POINT('',(90.8,13.225,4.));
#3441=CARTESIAN_POINT('Origin',(86.0103629710819,17.05,2.));
#3442=CARTESIAN_POINT('',(86.0103629710819,17.05,4.));
#3443=CARTESIAN_POINT('',(85.5051814855409,17.05,4.));
#3444=CARTESIAN_POINT('',(86.0103629710819,17.05,2.));
#3445=CARTESIAN_POINT('Origin',(85.,18.8,2.));
#3446=CARTESIAN_POINT('',(86.9052558883258,15.5,4.));
#3447=CARTESIAN_POINT('Origin',(91.4,17.05,2.));
#3448=CARTESIAN_POINT('',(91.4,17.05,4.));
#3449=CARTESIAN_POINT('',(88.2,17.05,4.));
#3450=CARTESIAN_POINT('',(91.4,17.05,2.));
#3451=CARTESIAN_POINT('Origin',(91.4,4.24999999999999,2.));
#3452=CARTESIAN_POINT('',(91.4,4.24999999999999,4.));
#3453=CARTESIAN_POINT('',(91.4,7.125,4.));
#3454=CARTESIAN_POINT('',(91.4,4.24999999999999,2.));
#3455=CARTESIAN_POINT('Origin',(78.6,4.24999999999999,2.));
#3456=CARTESIAN_POINT('',(78.6,4.24999999999999,4.));
#3457=CARTESIAN_POINT('',(81.8,4.24999999999999,4.));
#3458=CARTESIAN_POINT('',(78.6,4.24999999999999,2.));
#3459=CARTESIAN_POINT('Origin',(78.6,17.05,2.));
#3460=CARTESIAN_POINT('',(78.6,17.05,4.));
#3461=CARTESIAN_POINT('',(78.6,13.525,4.));
#3462=CARTESIAN_POINT('',(78.6,17.05,2.));
#3463=CARTESIAN_POINT('Origin',(83.3158817118212,17.05,2.));
#3464=CARTESIAN_POINT('',(83.3158817118212,17.05,4.));
#3465=CARTESIAN_POINT('',(84.1579408559106,17.05,4.));
#3466=CARTESIAN_POINT('',(83.3158817118212,17.05,2.));
#3467=CARTESIAN_POINT('Origin',(83.8156854249493,17.9156854249492,2.));
#3468=CARTESIAN_POINT('',(83.8156854249493,17.9156854249492,4.));
#3469=CARTESIAN_POINT('',(82.2499285802374,15.2037150176102,4.));
#3470=CARTESIAN_POINT('',(83.8156854249493,17.9156854249492,2.));
#3471=CARTESIAN_POINT('Origin',(83.25,17.35,2.));
#3472=CARTESIAN_POINT('',(81.8500000000001,15.9500000000004,4.));
#3473=CARTESIAN_POINT('Origin',(85.,10.,4.));
#3474=UNCERTAINTY_MEASURE_WITH_UNIT(LENGTH_MEASURE(0.01),#3478,
'DISTANCE_ACCURACY_VALUE',
'Maximum model space distance between geometric entities at asserted c
onnectivities');
#3475=UNCERTAINTY_MEASURE_WITH_UNIT(LENGTH_MEASURE(0.01),#3478,
'DISTANCE_ACCURACY_VALUE',
'Maximum model space distance between geometric entities at asserted c
onnectivities');
#3476=(
GEOMETRIC_REPRESENTATION_CONTEXT(3)
GLOBAL_UNCERTAINTY_ASSIGNED_CONTEXT((#3474))
GLOBAL_UNIT_ASSIGNED_CONTEXT((#3478,#3480,#3481))
REPRESENTATION_CONTEXT('','3D')
);
#3477=(
GEOMETRIC_REPRESENTATION_CONTEXT(3)
GLOBAL_UNCERTAINTY_ASSIGNED_CONTEXT((#3475))
GLOBAL_UNIT_ASSIGNED_CONTEXT((#3478,#3480,#3481))
REPRESENTATION_CONTEXT('','3D')
);
#3478=(
LENGTH_UNIT()
NAMED_UNIT(*)
SI_UNIT(.MILLI.,.METRE.)
);
#3479=(
LENGTH_UNIT()
NAMED_UNIT(*)
SI_UNIT($,.METRE.)
);
#3480=(
NAMED_UNIT(*)
PLANE_ANGLE_UNIT()
SI_UNIT($,.RADIAN.)
);
#3481=(
NAMED_UNIT(*)
SI_UNIT($,.STERADIAN.)
SOLID_ANGLE_UNIT()
);
#3482=SHAPE_DEFINITION_REPRESENTATION(#3483,#3484);
#3483=PRODUCT_DEFINITION_SHAPE('',$,#3486);
#3484=SHAPE_REPRESENTATION('',(#2153),#3476);
#3485=PRODUCT_DEFINITION_CONTEXT('part definition',#3490,'design');
#3486=PRODUCT_DEFINITION('PrusaWire Badge (Easy Mode)',
'PrusaWire Badge (Easy Mode) v2',#3487,#3485);
#3487=PRODUCT_DEFINITION_FORMATION('',$,#3492);
#3488=PRODUCT_RELATED_PRODUCT_CATEGORY('PrusaWire Badge (Easy Mode) v2',
'PrusaWire Badge (Easy Mode) v2',(#3492));
#3489=APPLICATION_PROTOCOL_DEFINITION('international standard',
'automotive_design',2009,#3490);
#3490=APPLICATION_CONTEXT(
'Core Data for Automotive Mechanical Design Process');
#3491=PRODUCT_CONTEXT('part definition',#3490,'mechanical');
#3492=PRODUCT('PrusaWire Badge (Easy Mode)',
'PrusaWire Badge (Easy Mode) v2',$,(#3491));
#3493=PRESENTATION_STYLE_ASSIGNMENT((#3494));
#3494=SURFACE_STYLE_USAGE(.BOTH.,#3495);
#3495=SURFACE_SIDE_STYLE('',(#3496));
#3496=SURFACE_STYLE_FILL_AREA(#3497);
#3497=FILL_AREA_STYLE('Steel - Satin',(#3498));
#3498=FILL_AREA_STYLE_COLOUR('Steel - Satin',#3499);
#3499=COLOUR_RGB('Steel - Satin',0.627450980392157,0.627450980392157,0.627450980392157);
ENDSEC;
END-ISO-10303-21;
