ISO-10303-21;
HEADER;
/* Generated by software containing ST-Developer
 * from STEP Tools, Inc. (www.steptools.com) 
 */

FILE_DESCRIPTION(
/* description */ (''),
/* implementation_level */ '2;1');

FILE_NAME(
/* name */ 'deck_panel_rear_left_16T.step',
/* time_stamp */ '2026-03-23T20:06:27-04:00',
/* author */ (''),
/* organization */ (''),
/* preprocessor_version */ 'ST-DEVELOPER v20.1',
/* originating_system */ 'Autodesk Translation Framework v14.24.0.0',
/* authorisation */ '');

FILE_SCHEMA (('AUTOMOTIVE_DESIGN { 1 0 10303 214 3 1 1 }'));
ENDSEC;

DATA;
#10=MECHANICAL_DESIGN_GEOMETRIC_PRESENTATION_REPRESENTATION('',(#13),#9705);
#11=SHAPE_REPRESENTATION_RELATIONSHIP('SRR','None',#9712,#12);
#12=ADVANCED_BREP_SHAPE_REPRESENTATION('',(#14),#9704);
#13=STYLED_ITEM('',(#9722),#14);
#14=MANIFOLD_SOLID_BREP('deck_panel_rear_m3_countersunk_left',#4861);
#15=CONICAL_SURFACE('',#4906,1.65,0.785398163396616);
#16=CONICAL_SURFACE('',#4910,1.65,0.785398163397104);
#17=CONICAL_SURFACE('',#4914,1.65,0.785398163398415);
#18=CONICAL_SURFACE('',#4918,1.65,0.785398163396527);
#19=CONICAL_SURFACE('',#4922,2.275,0.785398163397448);
#20=CONICAL_SURFACE('',#4924,2.275,0.785398163397448);
#21=CONICAL_SURFACE('',#4926,2.275,0.785398163397448);
#22=CONICAL_SURFACE('',#4928,2.275,0.785398163397448);
#23=CONICAL_SURFACE('',#5017,3.7,0.78539816339739);
#24=CONICAL_SURFACE('',#5019,3.7,0.785398163397373);
#25=CONICAL_SURFACE('',#5021,3.5,0.785398163397319);
#26=CONICAL_SURFACE('',#5023,3.50000000000001,0.785398163397304);
#27=CONICAL_SURFACE('',#5025,3.5,0.785398163397477);
#28=CONICAL_SURFACE('',#5027,3.50000000000005,0.785398163397431);
#29=CONICAL_SURFACE('',#5030,3.50000000000001,0.785398163397517);
#30=CONICAL_SURFACE('',#5033,3.5,0.785398163397341);
#31=CONICAL_SURFACE('',#5044,3.50000000000001,0.785398163397517);
#32=CONICAL_SURFACE('',#5046,3.50000000000005,0.785398163397461);
#33=CONICAL_SURFACE('',#5048,3.5,0.785398163397394);
#34=CONICAL_SURFACE('',#5050,3.5,0.785398163397549);
#35=CONICAL_SURFACE('',#5052,3.5,0.785398163397548);
#36=CONICAL_SURFACE('',#5054,3.7,0.7853981633975);
#37=CONICAL_SURFACE('',#5056,3.7,0.785398163397483);
#38=CONICAL_SURFACE('',#5058,3.5,0.785398163397525);
#39=CIRCLE('',#4890,3.40000000000001);
#40=CIRCLE('',#4891,3.60000000000003);
#41=CIRCLE('',#4892,3.60000000000005);
#42=CIRCLE('',#4893,3.40000000000001);
#43=CIRCLE('',#4894,3.40000000000001);
#44=CIRCLE('',#4895,3.40000000000001);
#45=CIRCLE('',#4896,3.8);
#46=CIRCLE('',#4897,3.8);
#47=CIRCLE('',#4898,1.75);
#48=CIRCLE('',#4899,1.75);
#49=CIRCLE('',#4900,1.75);
#50=CIRCLE('',#4901,1.75);
#51=CIRCLE('',#4907,1.55);
#52=CIRCLE('',#4909,1.55);
#53=CIRCLE('',#4911,1.55);
#54=CIRCLE('',#4913,1.55);
#55=CIRCLE('',#4915,1.55);
#56=CIRCLE('',#4917,1.55);
#57=CIRCLE('',#4919,1.55);
#58=CIRCLE('',#4921,1.55);
#59=CIRCLE('',#4923,3.);
#60=CIRCLE('',#4925,3.00000000000001);
#61=CIRCLE('',#4927,3.00000000000001);
#62=CIRCLE('',#4929,3.);
#63=CIRCLE('',#4931,3.00000000000001);
#64=CIRCLE('',#4933,3.00000000000001);
#65=CIRCLE('',#4935,3.);
#66=CIRCLE('',#4937,3.);
#67=CIRCLE('',#4952,3.79999999999999);
#68=CIRCLE('',#4953,3.79999999999999);
#69=CIRCLE('',#4954,3.40000000000001);
#70=CIRCLE('',#4955,3.40000000000001);
#71=CIRCLE('',#4956,3.40000000000001);
#72=CIRCLE('',#4957,3.60000000000005);
#73=CIRCLE('',#4958,3.60000000000003);
#74=CIRCLE('',#4959,3.40000000000001);
#75=CIRCLE('',#4998,3.6);
#76=CIRCLE('',#4999,3.6);
#77=CIRCLE('',#5002,3.6);
#78=CIRCLE('',#5003,3.6);
#79=CIRCLE('',#5006,3.6);
#80=CIRCLE('',#5007,3.6);
#81=CIRCLE('',#5010,3.6);
#82=CIRCLE('',#5011,3.6);
#83=CIRCLE('',#5014,3.6);
#84=CIRCLE('',#5015,3.6);
#85=CIRCLE('',#5028,3.40000000000005);
#86=CIRCLE('',#5031,3.4);
#87=CIRCLE('',#5034,3.6);
#88=CIRCLE('',#5036,3.6);
#89=CIRCLE('',#5039,3.4);
#90=CIRCLE('',#5042,3.40000000000005);
#91=CYLINDRICAL_SURFACE('',#4888,3.6);
#92=CYLINDRICAL_SURFACE('',#4908,1.55);
#93=CYLINDRICAL_SURFACE('',#4912,1.55);
#94=CYLINDRICAL_SURFACE('',#4916,1.55);
#95=CYLINDRICAL_SURFACE('',#4920,1.55);
#96=CYLINDRICAL_SURFACE('',#4930,3.00000000000001);
#97=CYLINDRICAL_SURFACE('',#4932,3.00000000000001);
#98=CYLINDRICAL_SURFACE('',#4934,3.);
#99=CYLINDRICAL_SURFACE('',#4936,3.);
#100=CYLINDRICAL_SURFACE('',#4997,3.6);
#101=CYLINDRICAL_SURFACE('',#5001,3.6);
#102=CYLINDRICAL_SURFACE('',#5005,3.6);
#103=CYLINDRICAL_SURFACE('',#5009,3.6);
#104=CYLINDRICAL_SURFACE('',#5013,3.6);
#105=CYLINDRICAL_SURFACE('',#5035,3.6);
#106=CYLINDRICAL_SURFACE('',#5038,3.4);
#107=CYLINDRICAL_SURFACE('',#5041,3.40000000000005);
#108=FACE_BOUND('',#600,.T.);
#109=FACE_BOUND('',#631,.T.);
#110=FACE_BOUND('',#632,.T.);
#111=FACE_BOUND('',#633,.T.);
#112=FACE_BOUND('',#634,.T.);
#113=FACE_BOUND('',#635,.T.);
#114=FACE_BOUND('',#636,.T.);
#115=FACE_BOUND('',#637,.T.);
#116=FACE_BOUND('',#638,.T.);
#117=FACE_BOUND('',#639,.T.);
#118=FACE_BOUND('',#698,.T.);
#119=FACE_BOUND('',#732,.T.);
#120=FACE_BOUND('',#733,.T.);
#121=FACE_BOUND('',#734,.T.);
#122=FACE_BOUND('',#735,.T.);
#123=B_SPLINE_SURFACE_WITH_KNOTS('',3,1,((#6012,#6013),(#6014,#6015),(#6016,
#6017),(#6018,#6019),(#6020,#6021)),.UNSPECIFIED.,.F.,.F.,.F.,(4,1,4),(2,
2),(0.,0.0272549154203383,0.0539252129686365),(-0.03,0.),.UNSPECIFIED.);
#124=B_SPLINE_SURFACE_WITH_KNOTS('',3,1,((#6031,#6032),(#6033,#6034),(#6035,
#6036),(#6037,#6038),(#6039,#6040)),.UNSPECIFIED.,.F.,.F.,.F.,(4,1,4),(2,
2),(0.,0.0268115369783705,0.0545657901048862),(-0.03,0.),.UNSPECIFIED.);
#125=B_SPLINE_SURFACE_WITH_KNOTS('',3,1,((#6048,#6049),(#6050,#6051),(#6052,
#6053),(#6054,#6055),(#6056,#6057)),.UNSPECIFIED.,.F.,.F.,.F.,(4,1,4),(2,
2),(0.,0.0271871178288873,0.0537880459550441),(-0.03,0.),.UNSPECIFIED.);
#126=B_SPLINE_SURFACE_WITH_KNOTS('',3,1,((#6065,#6066),(#6067,#6068),(#6069,
#6070),(#6071,#6072),(#6073,#6074)),.UNSPECIFIED.,.F.,.F.,.F.,(4,1,4),(2,
2),(0.,0.090074807097446,0.154800728373349),(-0.03,0.),.UNSPECIFIED.);
#127=B_SPLINE_SURFACE_WITH_KNOTS('',3,1,((#6082,#6083),(#6084,#6085),(#6086,
#6087),(#6088,#6089),(#6090,#6091)),.UNSPECIFIED.,.F.,.F.,.F.,(4,1,4),(2,
2),(0.,0.0647256829558518,0.154800724319987),(-0.03,0.),.UNSPECIFIED.);
#128=B_SPLINE_SURFACE_WITH_KNOTS('',3,1,((#6099,#6100),(#6101,#6102),(#6103,
#6104),(#6105,#6106),(#6107,#6108)),.UNSPECIFIED.,.F.,.F.,.F.,(4,1,4),(2,
2),(0.,0.0720679371126742,0.123152298172502),(-0.03,0.),.UNSPECIFIED.);
#129=B_SPLINE_SURFACE_WITH_KNOTS('',3,1,((#6116,#6117),(#6118,#6119),(#6120,
#6121),(#6122,#6123),(#6124,#6125)),.UNSPECIFIED.,.F.,.F.,.F.,(4,1,4),(2,
2),(0.,0.0510843615532219,0.123152299715152),(-0.03,0.),.UNSPECIFIED.);
#130=B_SPLINE_SURFACE_WITH_KNOTS('',3,1,((#6133,#6134),(#6135,#6136),(#6137,
#6138),(#6139,#6140),(#6141,#6142)),.UNSPECIFIED.,.F.,.F.,.F.,(4,1,4),(2,
2),(0.,0.0615334152234148,0.109952181929298),(-0.03,0.),.UNSPECIFIED.);
#131=B_SPLINE_SURFACE_WITH_KNOTS('',3,1,((#6150,#6151),(#6152,#6153),(#6154,
#6155),(#6156,#6157),(#6158,#6159)),.UNSPECIFIED.,.F.,.F.,.F.,(4,1,4),(2,
2),(0.,0.0390813994676131,0.108945676539503),(-0.03,0.),.UNSPECIFIED.);
#132=B_SPLINE_SURFACE_WITH_KNOTS('',3,1,((#6167,#6168),(#6169,#6170),(#6171,
#6172),(#6173,#6174),(#6175,#6176)),.UNSPECIFIED.,.F.,.F.,.F.,(4,1,4),(2,
2),(0.,0.0288905734445094,0.0581472333089494),(-0.03,0.),.UNSPECIFIED.);
#133=B_SPLINE_SURFACE_WITH_KNOTS('',3,1,((#6184,#6185),(#6186,#6187),(#6188,
#6189),(#6190,#6191),(#6192,#6193)),.UNSPECIFIED.,.F.,.F.,.F.,(4,1,4),(2,
2),(0.,0.0264173628557208,0.0526433777247555),(-0.03,0.),.UNSPECIFIED.);
#134=B_SPLINE_SURFACE_WITH_KNOTS('',3,1,((#6201,#6202),(#6203,#6204),(#6205,
#6206),(#6207,#6208),(#6209,#6210)),.UNSPECIFIED.,.F.,.F.,.F.,(4,1,4),(2,
2),(0.,0.0475210449640586,0.0927774016185885),(-0.03,0.),.UNSPECIFIED.);
#135=B_SPLINE_SURFACE_WITH_KNOTS('',3,1,((#6218,#6219),(#6220,#6221),(#6222,
#6223),(#6224,#6225),(#6226,#6227)),.UNSPECIFIED.,.F.,.F.,.F.,(4,1,4),(2,
2),(0.,0.132384017803088,0.234161374907464),(-0.03,0.),.UNSPECIFIED.);
#136=B_SPLINE_SURFACE_WITH_KNOTS('',3,1,((#6239,#6240),(#6241,#6242),(#6243,
#6244),(#6245,#6246),(#6247,#6248)),.UNSPECIFIED.,.F.,.F.,.F.,(4,1,4),(2,
2),(0.,0.163213680756149,0.27262541957826),(-0.03,0.),.UNSPECIFIED.);
#137=B_SPLINE_SURFACE_WITH_KNOTS('',3,1,((#6256,#6257),(#6258,#6259),(#6260,
#6261),(#6262,#6263),(#6264,#6265)),.UNSPECIFIED.,.F.,.F.,.F.,(4,1,4),(2,
2),(0.,0.116438430088862,0.272491232939029),(-0.03,0.),.UNSPECIFIED.);
#138=B_SPLINE_SURFACE_WITH_KNOTS('',3,1,((#6273,#6274),(#6275,#6276),(#6277,
#6278),(#6279,#6280),(#6281,#6282)),.UNSPECIFIED.,.F.,.F.,.F.,(4,1,4),(2,
2),(0.,0.05828017511486,0.100243138002256),(-0.03,0.),.UNSPECIFIED.);
#139=B_SPLINE_SURFACE_WITH_KNOTS('',3,1,((#6290,#6291),(#6292,#6293),(#6294,
#6295),(#6296,#6297),(#6298,#6299)),.UNSPECIFIED.,.F.,.F.,.F.,(4,1,4),(2,
2),(0.,0.0414557812970336,0.0995669648436123),(-0.03,0.),.UNSPECIFIED.);
#140=B_SPLINE_SURFACE_WITH_KNOTS('',3,1,((#6307,#6308),(#6309,#6310),(#6311,
#6312),(#6313,#6314),(#6315,#6316)),.UNSPECIFIED.,.F.,.F.,.F.,(4,1,4),(2,
2),(0.,0.0179408344517974,0.0306550042867411),(-0.03,0.),.UNSPECIFIED.);
#141=B_SPLINE_SURFACE_WITH_KNOTS('',3,1,((#6324,#6325),(#6326,#6327),(#6328,
#6329),(#6330,#6331),(#6332,#6333)),.UNSPECIFIED.,.F.,.F.,.F.,(4,1,4),(2,
2),(0.,0.0127141698349438,0.0306550042867411),(-0.03,0.),.UNSPECIFIED.);
#142=B_SPLINE_SURFACE_WITH_KNOTS('',3,1,((#6341,#6342),(#6343,#6344),(#6345,
#6346),(#6347,#6348),(#6349,#6350)),.UNSPECIFIED.,.F.,.F.,.F.,(4,1,4),(2,
2),(0.,0.0270635128026386,0.0546631047388478),(-0.03,0.),.UNSPECIFIED.);
#143=B_SPLINE_SURFACE_WITH_KNOTS('',3,1,((#6358,#6359),(#6360,#6361),(#6362,
#6363),(#6364,#6365),(#6366,#6367)),.UNSPECIFIED.,.F.,.F.,.F.,(4,1,4),(2,
2),(0.,0.0261429388904116,0.05318111216236),(-0.03,0.),.UNSPECIFIED.);
#144=B_SPLINE_SURFACE_WITH_KNOTS('',3,1,((#6375,#6376),(#6377,#6378),(#6379,
#6380),(#6381,#6382),(#6383,#6384)),.UNSPECIFIED.,.F.,.F.,.F.,(4,1,4),(2,
2),(0.,0.0413125337553662,0.0777406688661267),(-0.03,0.),.UNSPECIFIED.);
#145=B_SPLINE_SURFACE_WITH_KNOTS('',3,1,((#6392,#6393),(#6394,#6395),(#6396,
#6397),(#6398,#6399),(#6400,#6401)),.UNSPECIFIED.,.F.,.F.,.F.,(4,1,4),(2,
2),(0.,0.0429557158252339,0.0809973431079701),(-0.03,0.),.UNSPECIFIED.);
#146=B_SPLINE_SURFACE_WITH_KNOTS('',3,1,((#6409,#6410),(#6411,#6412),(#6413,
#6414),(#6415,#6416),(#6417,#6418)),.UNSPECIFIED.,.F.,.F.,.F.,(4,1,4),(2,
2),(0.,0.0422672452428238,0.0725678766291938),(-0.03,0.),.UNSPECIFIED.);
#147=B_SPLINE_SURFACE_WITH_KNOTS('',3,1,((#6426,#6427),(#6428,#6429),(#6430,
#6431),(#6432,#6433),(#6434,#6435)),.UNSPECIFIED.,.F.,.F.,.F.,(4,1,4),(2,
2),(0.,0.0297934324852782,0.0718921004662902),(-0.03,0.),.UNSPECIFIED.);
#148=B_SPLINE_SURFACE_WITH_KNOTS('',3,1,((#6443,#6444),(#6445,#6446),(#6447,
#6448),(#6449,#6450),(#6451,#6452)),.UNSPECIFIED.,.F.,.F.,.F.,(4,1,4),(2,
2),(0.,0.174072805748569,0.304200525417936),(-0.03,0.),.UNSPECIFIED.);
#149=B_SPLINE_SURFACE_WITH_KNOTS('',3,1,((#6460,#6461),(#6462,#6463),(#6464,
#6465),(#6466,#6467),(#6468,#6469)),.UNSPECIFIED.,.F.,.F.,.F.,(4,1,4),(2,
2),(0.,0.122589953597663,0.303684375675677),(-0.03,0.),.UNSPECIFIED.);
#150=B_SPLINE_SURFACE_WITH_KNOTS('',3,1,((#6481,#6482),(#6483,#6484),(#6485,
#6486),(#6487,#6488),(#6489,#6490)),.UNSPECIFIED.,.F.,.F.,.F.,(4,1,4),(2,
2),(0.,0.0894738044479213,0.15444050973671),(-0.03,0.),.UNSPECIFIED.);
#151=B_SPLINE_SURFACE_WITH_KNOTS('',3,1,((#6498,#6499),(#6500,#6501),(#6502,
#6503),(#6504,#6505),(#6506,#6507)),.UNSPECIFIED.,.F.,.F.,.F.,(4,1,4),(2,
2),(0.,0.0636319683353507,0.154499187783341),(-0.03,0.),.UNSPECIFIED.);
#152=B_SPLINE_SURFACE_WITH_KNOTS('',3,1,((#6515,#6516),(#6517,#6518),(#6519,
#6520),(#6521,#6522),(#6523,#6524)),.UNSPECIFIED.,.F.,.F.,.F.,(4,1,4),(2,
2),(0.,0.0266008945838789,0.0537880233524011),(-0.03,0.),.UNSPECIFIED.);
#153=B_SPLINE_SURFACE_WITH_KNOTS('',3,1,((#6697,#6698),(#6699,#6700),(#6701,
#6702),(#6703,#6704),(#6705,#6706)),.UNSPECIFIED.,.F.,.F.,.F.,(4,1,4),(2,
2),(0.,0.0262943281701537,0.0513460080135432),(-0.03,0.),.UNSPECIFIED.);
#154=B_SPLINE_SURFACE_WITH_KNOTS('',3,1,((#6716,#6717),(#6718,#6719),(#6720,
#6721),(#6722,#6723),(#6724,#6725)),.UNSPECIFIED.,.F.,.F.,.F.,(4,1,4),(2,
2),(0.,0.0251219162989156,0.0510000687959549),(-0.03,0.),.UNSPECIFIED.);
#155=B_SPLINE_SURFACE_WITH_KNOTS('',3,1,((#6733,#6734),(#6735,#6736),(#6737,
#6738),(#6739,#6740),(#6741,#6742)),.UNSPECIFIED.,.F.,.F.,.F.,(4,1,4),(2,
2),(0.,0.0263775187783203,0.0516403524581233),(-0.03,0.),.UNSPECIFIED.);
#156=B_SPLINE_SURFACE_WITH_KNOTS('',3,1,((#6754,#6755),(#6756,#6757),(#6758,
#6759),(#6760,#6761),(#6762,#6763)),.UNSPECIFIED.,.F.,.F.,.F.,(4,1,4),(2,
2),(0.,0.0512573399711078,0.0922333316793414),(-0.03,0.),.UNSPECIFIED.);
#157=B_SPLINE_SURFACE_WITH_KNOTS('',3,1,((#6771,#6772),(#6773,#6774),(#6775,
#6776),(#6777,#6778),(#6779,#6780)),.UNSPECIFIED.,.F.,.F.,.F.,(4,1,4),(2,
2),(0.,0.0434920355247392,0.0955786368742195),(-0.03,0.),.UNSPECIFIED.);
#158=B_SPLINE_SURFACE_WITH_KNOTS('',3,1,((#6788,#6789),(#6790,#6791),(#6792,
#6793),(#6794,#6795),(#6796,#6797)),.UNSPECIFIED.,.F.,.F.,.F.,(4,1,4),(2,
2),(0.,0.134348809581739,0.230003289663104),(-0.03,0.),.UNSPECIFIED.);
#159=B_SPLINE_SURFACE_WITH_KNOTS('',3,1,((#6805,#6806),(#6807,#6808),(#6809,
#6810),(#6811,#6812),(#6813,#6814)),.UNSPECIFIED.,.F.,.F.,.F.,(4,1,4),(2,
2),(0.,0.0961615004835406,0.230678769778256),(-0.03,0.),.UNSPECIFIED.);
#160=B_SPLINE_SURFACE_WITH_KNOTS('',3,1,((#6822,#6823),(#6824,#6825),(#6826,
#6827),(#6828,#6829),(#6830,#6831)),.UNSPECIFIED.,.F.,.F.,.F.,(4,1,4),(2,
2),(0.,0.039620350758457,0.0677050871706586),(-0.03,0.),.UNSPECIFIED.);
#161=B_SPLINE_SURFACE_WITH_KNOTS('',3,1,((#6839,#6840),(#6841,#6842),(#6843,
#6844),(#6845,#6846),(#6847,#6848)),.UNSPECIFIED.,.F.,.F.,.F.,(4,1,4),(2,
2),(0.,0.0280847376686609,0.0677050288823884),(-0.03,0.),.UNSPECIFIED.);
#162=B_SPLINE_SURFACE_WITH_KNOTS('',3,1,((#6856,#6857),(#6858,#6859),(#6860,
#6861),(#6862,#6863),(#6864,#6865)),.UNSPECIFIED.,.F.,.F.,.F.,(4,1,4),(2,
2),(0.,0.0271502854410248,0.0465442550775778),(-0.03,0.),.UNSPECIFIED.);
#163=B_SPLINE_SURFACE_WITH_KNOTS('',3,1,((#6873,#6874),(#6875,#6876),(#6877,
#6878),(#6879,#6880),(#6881,#6882)),.UNSPECIFIED.,.F.,.F.,.F.,(4,1,4),(2,
2),(0.,0.0193939101135762,0.046544195554601),(-0.03,0.),.UNSPECIFIED.);
#164=B_SPLINE_SURFACE_WITH_KNOTS('',3,1,((#6890,#6891),(#6892,#6893),(#6894,
#6895),(#6896,#6897),(#6898,#6899)),.UNSPECIFIED.,.F.,.F.,.F.,(4,1,4),(2,
2),(0.,0.0364080127284993,0.0770914184210591),(-0.03,0.),.UNSPECIFIED.);
#165=B_SPLINE_SURFACE_WITH_KNOTS('',3,1,((#6907,#6908),(#6909,#6910),(#6911,
#6912),(#6913,#6914),(#6915,#6916)),.UNSPECIFIED.,.F.,.F.,.F.,(4,1,4),(2,
2),(0.,0.0736569120116119,0.13114340245859),(-0.03,0.),.UNSPECIFIED.);
#166=B_SPLINE_SURFACE_WITH_KNOTS('',3,1,((#6924,#6925),(#6926,#6927),(#6928,
#6929),(#6930,#6931),(#6932,#6933)),.UNSPECIFIED.,.F.,.F.,.F.,(4,1,4),(2,
2),(0.,0.0554135461231893,0.132426930750363),(-0.03,0.),.UNSPECIFIED.);
#167=B_SPLINE_SURFACE_WITH_KNOTS('',3,1,((#6941,#6942),(#6943,#6944),(#6945,
#6946),(#6947,#6948),(#6949,#6950)),.UNSPECIFIED.,.F.,.F.,.F.,(4,1,4),(2,
2),(0.,0.0380713178786364,0.09860345939065),(-0.03,0.),.UNSPECIFIED.);
#168=B_SPLINE_SURFACE_WITH_KNOTS('',3,1,((#6958,#6959),(#6960,#6961),(#6962,
#6963),(#6964,#6965),(#6966,#6967)),.UNSPECIFIED.,.F.,.F.,.F.,(4,1,4),(2,
2),(0.,0.0264613049106905,0.0518217184017338),(-0.03,0.),.UNSPECIFIED.);
#169=B_SPLINE_SURFACE_WITH_KNOTS('',3,1,((#6975,#6976),(#6977,#6978),(#6979,
#6980),(#6981,#6982),(#6983,#6984)),.UNSPECIFIED.,.F.,.F.,.F.,(4,1,4),(2,
2),(0.,0.0257916716474441,0.0523280116877251),(-0.03,0.),.UNSPECIFIED.);
#170=B_SPLINE_SURFACE_WITH_KNOTS('',3,1,((#6992,#6993),(#6994,#6995),(#6996,
#6997),(#6998,#6999),(#7000,#7001)),.UNSPECIFIED.,.F.,.F.,.F.,(4,1,4),(2,
2),(0.,0.0910989171072616,0.136119167115354),(-0.03,0.),.UNSPECIFIED.);
#171=B_SPLINE_SURFACE_WITH_KNOTS('',3,1,((#7009,#7010),(#7011,#7012),(#7013,
#7014),(#7015,#7016),(#7017,#7018)),.UNSPECIFIED.,.F.,.F.,.F.,(4,1,4),(2,
2),(0.,0.152123127149393,0.262285066955258),(-0.03,0.),.UNSPECIFIED.);
#172=B_SPLINE_SURFACE_WITH_KNOTS('',3,1,((#7026,#7027),(#7028,#7029),(#7030,
#7031),(#7032,#7033),(#7034,#7035)),.UNSPECIFIED.,.F.,.F.,.F.,(4,1,4),(2,
2),(0.,0.108324314616502,0.261678362933633),(-0.03,0.),.UNSPECIFIED.);
#173=B_SPLINE_SURFACE_WITH_KNOTS('',3,1,((#7043,#7044),(#7045,#7046),(#7047,
#7048),(#7049,#7050),(#7051,#7052)),.UNSPECIFIED.,.F.,.F.,.F.,(4,1,4),(2,
2),(0.,0.0558164238892389,0.0955920396798085),(-0.03,0.),.UNSPECIFIED.);
#174=B_SPLINE_SURFACE_WITH_KNOTS('',3,1,((#7060,#7061),(#7062,#7063),(#7064,
#7065),(#7066,#7067),(#7068,#7069)),.UNSPECIFIED.,.F.,.F.,.F.,(4,1,4),(2,
2),(0.,0.0402827622774421,0.096267839850374),(-0.03,0.),.UNSPECIFIED.);
#175=B_SPLINE_SURFACE_WITH_KNOTS('',3,1,((#7085,#7086),(#7087,#7088),(#7089,
#7090),(#7091,#7092),(#7093,#7094)),.UNSPECIFIED.,.F.,.F.,.F.,(4,1,4),(2,
2),(0.,0.0577232439207503,0.139202844581985),(-0.03,0.),.UNSPECIFIED.);
#176=B_SPLINE_SURFACE_WITH_KNOTS('',3,1,((#7102,#7103),(#7104,#7105),(#7106,
#7107),(#7108,#7109),(#7110,#7111)),.UNSPECIFIED.,.F.,.F.,.F.,(4,1,4),(2,
2),(0.,0.0320725096547454,0.0656749992523279),(-0.03,0.),.UNSPECIFIED.);
#177=B_SPLINE_SURFACE_WITH_KNOTS('',3,1,((#7119,#7120),(#7121,#7122),(#7123,
#7124),(#7125,#7126),(#7127,#7128)),.UNSPECIFIED.,.F.,.F.,.F.,(4,1,4),(2,
2),(0.,0.040285883467969,0.0667319331540763),(-0.03,0.),.UNSPECIFIED.);
#178=B_SPLINE_SURFACE_WITH_KNOTS('',3,1,((#7144,#7145),(#7146,#7147),(#7148,
#7149),(#7150,#7151),(#7152,#7153)),.UNSPECIFIED.,.F.,.F.,.F.,(4,1,4),(2,
2),(0.,0.0251235315644514,0.0514862770345272),(-0.03,0.),.UNSPECIFIED.);
#179=B_SPLINE_SURFACE_WITH_KNOTS('',3,1,((#7302,#7303),(#7304,#7305),(#7306,
#7307),(#7308,#7309),(#7310,#7311)),.UNSPECIFIED.,.F.,.F.,.F.,(4,1,4),(2,
2),(0.,0.148585211228908,0.284208305277182),(-0.03,0.),.UNSPECIFIED.);
#180=B_SPLINE_SURFACE_WITH_KNOTS('',3,1,((#7321,#7322),(#7323,#7324),(#7325,
#7326),(#7327,#7328),(#7329,#7330)),.UNSPECIFIED.,.F.,.F.,.F.,(4,1,4),(2,
2),(0.,0.120110635541544,0.25857479879904),(-0.03,0.),.UNSPECIFIED.);
#181=B_SPLINE_SURFACE_WITH_KNOTS('',3,1,((#7338,#7339),(#7340,#7341),(#7342,
#7343),(#7344,#7345),(#7346,#7347)),.UNSPECIFIED.,.F.,.F.,.F.,(4,1,4),(2,
2),(0.,0.141473827210106,0.262447475692398),(-0.03,0.),.UNSPECIFIED.);
#182=B_SPLINE_SURFACE_WITH_KNOTS('',3,1,((#7355,#7356),(#7357,#7358),(#7359,
#7360),(#7361,#7362),(#7363,#7364)),.UNSPECIFIED.,.F.,.F.,.F.,(4,1,4),(2,
2),(0.,0.0412911214438295,0.0737663208223659),(-0.03,0.),.UNSPECIFIED.);
#183=B_SPLINE_SURFACE_WITH_KNOTS('',3,1,((#7372,#7373),(#7374,#7375),(#7376,
#7377),(#7378,#7379),(#7380,#7381)),.UNSPECIFIED.,.F.,.F.,.F.,(4,1,4),(2,
2),(0.,0.059978484701438,0.110504117394739),(-0.03,0.),.UNSPECIFIED.);
#184=B_SPLINE_SURFACE_WITH_KNOTS('',3,1,((#7389,#7390),(#7391,#7392),(#7393,
#7394),(#7395,#7396),(#7397,#7398)),.UNSPECIFIED.,.F.,.F.,.F.,(4,1,4),(2,
2),(0.,0.0863058504745269,0.193474480298108),(-0.03,0.),.UNSPECIFIED.);
#185=B_SPLINE_SURFACE_WITH_KNOTS('',3,1,((#7410,#7411),(#7412,#7413),(#7414,
#7415),(#7416,#7417),(#7418,#7419)),.UNSPECIFIED.,.F.,.F.,.F.,(4,1,4),(2,
2),(0.,0.039351884927326,0.117805076648932),(-0.03,0.),.UNSPECIFIED.);
#186=B_SPLINE_SURFACE_WITH_KNOTS('',3,1,((#7427,#7428),(#7429,#7430),(#7431,
#7432),(#7433,#7434),(#7435,#7436)),.UNSPECIFIED.,.F.,.F.,.F.,(4,1,4),(2,
2),(0.,0.0260845194043803,0.0513204537523219),(-0.03,0.),.UNSPECIFIED.);
#187=B_SPLINE_SURFACE_WITH_KNOTS('',3,1,((#7444,#7445),(#7446,#7447),(#7448,
#7449),(#7450,#7451),(#7452,#7453)),.UNSPECIFIED.,.F.,.F.,.F.,(4,1,4),(2,
2),(0.,0.0258260539630919,0.052144746101745),(-0.03,0.),.UNSPECIFIED.);
#188=B_SPLINE_SURFACE_WITH_KNOTS('',3,1,((#7461,#7462),(#7463,#7464),(#7465,
#7466),(#7467,#7468),(#7469,#7470)),.UNSPECIFIED.,.F.,.F.,.F.,(4,1,4),(2,
2),(0.,0.0528888664487506,0.084366701943103),(-0.03,0.),.UNSPECIFIED.);
#189=B_SPLINE_SURFACE_WITH_KNOTS('',3,1,((#7482,#7483),(#7484,#7485),(#7486,
#7487),(#7488,#7489),(#7490,#7491)),.UNSPECIFIED.,.F.,.F.,.F.,(4,1,4),(2,
2),(0.,0.319363074248676,0.655668841588036),(-0.03,0.),.UNSPECIFIED.);
#190=B_SPLINE_SURFACE_WITH_KNOTS('',3,1,((#7499,#7500),(#7501,#7502),(#7503,
#7504),(#7505,#7506),(#7507,#7508)),.UNSPECIFIED.,.F.,.F.,.F.,(4,1,4),(2,
2),(0.,0.134355236606309,0.294791696921817),(-0.03,0.),.UNSPECIFIED.);
#191=B_SPLINE_SURFACE_WITH_KNOTS('',3,1,((#7516,#7517),(#7518,#7519),(#7520,
#7521),(#7522,#7523),(#7524,#7525)),.UNSPECIFIED.,.F.,.F.,.F.,(4,1,4),(2,
2),(0.,0.156616134768697,0.300662806774643),(-0.03,0.),.UNSPECIFIED.);
#192=B_SPLINE_SURFACE_WITH_KNOTS('',3,1,((#7533,#7534),(#7535,#7536),(#7537,
#7538),(#7539,#7540),(#7541,#7542)),.UNSPECIFIED.,.F.,.F.,.F.,(4,1,4),(2,
2),(0.,0.137011698417469,0.28305266834517),(-0.03,0.),.UNSPECIFIED.);
#193=B_SPLINE_SURFACE_WITH_KNOTS('',3,1,((#7548,#7549),(#7550,#7551),(#7552,
#7553),(#7554,#7555),(#7556,#7557)),.UNSPECIFIED.,.F.,.F.,.F.,(4,1,4),(2,
2),(0.,0.0821995967401273,0.152650091045028),(-0.03,0.),.UNSPECIFIED.);
#194=B_SPLINE_SURFACE_WITH_KNOTS('',3,1,((#7567,#7568),(#7569,#7570),(#7571,
#7572),(#7573,#7574),(#7575,#7576)),.UNSPECIFIED.,.F.,.F.,.F.,(4,1,4),(2,
2),(0.,0.0878242141854128,0.189306263997499),(-0.03,0.),.UNSPECIFIED.);
#195=B_SPLINE_SURFACE_WITH_KNOTS('',3,1,((#7584,#7585),(#7586,#7587),(#7588,
#7589),(#7590,#7591),(#7592,#7593)),.UNSPECIFIED.,.F.,.F.,.F.,(4,1,4),(2,
2),(0.,0.0924851789315964,0.179555293377076),(-0.03,0.),.UNSPECIFIED.);
#196=B_SPLINE_SURFACE_WITH_KNOTS('',3,1,((#7601,#7602),(#7603,#7604),(#7605,
#7606),(#7607,#7608),(#7609,#7610)),.UNSPECIFIED.,.F.,.F.,.F.,(4,1,4),(2,
2),(0.,0.0983305052621556,0.195970738999773),(-0.03,0.),.UNSPECIFIED.);
#197=B_SPLINE_SURFACE_WITH_KNOTS('',3,1,((#7618,#7619),(#7620,#7621),(#7622,
#7623),(#7624,#7625),(#7626,#7627)),.UNSPECIFIED.,.F.,.F.,.F.,(4,1,4),(2,
2),(0.,0.110413311127994,0.203170992592005),(-0.03,0.),.UNSPECIFIED.);
#198=B_SPLINE_SURFACE_WITH_KNOTS('',3,1,((#7635,#7636),(#7637,#7638),(#7639,
#7640),(#7641,#7642),(#7643,#7644)),.UNSPECIFIED.,.F.,.F.,.F.,(4,1,4),(2,
2),(0.,0.0356511587157495,0.0705103340496408),(-0.03,0.),.UNSPECIFIED.);
#199=B_SPLINE_SURFACE_WITH_KNOTS('',3,1,((#7652,#7653),(#7654,#7655),(#7656,
#7657),(#7658,#7659),(#7660,#7661)),.UNSPECIFIED.,.F.,.F.,.F.,(4,1,4),(2,
2),(0.,0.0353554196767095,0.102830231802278),(-0.03,0.),.UNSPECIFIED.);
#200=B_SPLINE_SURFACE_WITH_KNOTS('',3,1,((#7669,#7670),(#7671,#7672),(#7673,
#7674),(#7675,#7676),(#7677,#7678)),.UNSPECIFIED.,.F.,.F.,.F.,(4,1,4),(2,
2),(0.,0.0553751050864234,0.106735871839796),(-0.03,0.),.UNSPECIFIED.);
#201=B_SPLINE_SURFACE_WITH_KNOTS('',3,1,((#7686,#7687),(#7688,#7689),(#7690,
#7691),(#7692,#7693),(#7694,#7695)),.UNSPECIFIED.,.F.,.F.,.F.,(4,1,4),(2,
2),(0.,0.0754644920779323,0.170221551553055),(-0.03,0.),.UNSPECIFIED.);
#202=B_SPLINE_SURFACE_WITH_KNOTS('',3,3,((#7702,#7703,#7704,#7705),(#7706,
#7707,#7708,#7709),(#7710,#7711,#7712,#7713),(#7714,#7715,#7716,#7717),
(#7718,#7719,#7720,#7721),(#7722,#7723,#7724,#7725),(#7726,#7727,#7728,
#7729)),.UNSPECIFIED.,.F.,.F.,.F.,(4,1,1,1,4),(4,4),(0.,0.285714285714286,
0.571428571428571,0.785714285714286,1.),(-2.20332816152209,-2.1802341507545),
 .UNSPECIFIED.);
#203=B_SPLINE_SURFACE_WITH_KNOTS('',3,3,((#7768,#7769,#7770,#7771),(#7772,
#7773,#7774,#7775),(#7776,#7777,#7778,#7779),(#7780,#7781,#7782,#7783),
(#7784,#7785,#7786,#7787),(#7788,#7789,#7790,#7791),(#7792,#7793,#7794,
#7795)),.UNSPECIFIED.,.F.,.F.,.F.,(4,1,1,1,4),(4,4),(0.,0.285714285714286,
0.571428571428571,0.785714285714286,1.),(-2.2033281615221,-2.18023415075451),
 .UNSPECIFIED.);
#204=B_SPLINE_SURFACE_WITH_KNOTS('',3,1,((#8285,#8286),(#8287,#8288),(#8289,
#8290),(#8291,#8292),(#8293,#8294)),.UNSPECIFIED.,.F.,.F.,.F.,(4,1,4),(2,
2),(0.,0.0946822487641814,0.211096662329272),(0.,0.02),.UNSPECIFIED.);
#205=B_SPLINE_SURFACE_WITH_KNOTS('',3,1,((#8311,#8312),(#8313,#8314),(#8315,
#8316),(#8317,#8318),(#8319,#8320)),.UNSPECIFIED.,.F.,.F.,.F.,(4,1,4),(2,
2),(0.,0.0441504313490193,0.0747553527435444),(0.,0.02),.UNSPECIFIED.);
#206=B_SPLINE_SURFACE_WITH_KNOTS('',3,1,((#8334,#8335),(#8336,#8337),(#8338,
#8339),(#8340,#8341),(#8342,#8343)),.UNSPECIFIED.,.F.,.F.,.F.,(4,1,4),(2,
2),(0.,0.0438170099551548,0.0894432751358162),(0.,0.02),.UNSPECIFIED.);
#207=B_SPLINE_SURFACE_WITH_KNOTS('',3,1,((#8357,#8358),(#8359,#8360),(#8361,
#8362),(#8363,#8364),(#8365,#8366)),.UNSPECIFIED.,.F.,.F.,.F.,(4,1,4),(2,
2),(0.,0.151317344796765,0.264293719199414),(0.,0.02),.UNSPECIFIED.);
#208=B_SPLINE_SURFACE_WITH_KNOTS('',3,1,((#8380,#8381),(#8382,#8383),(#8384,
#8385),(#8386,#8387),(#8388,#8389)),.UNSPECIFIED.,.F.,.F.,.F.,(4,1,4),(2,
2),(0.,0.0175141318413776,0.0301167619376368),(0.,0.02),.UNSPECIFIED.);
#209=B_SPLINE_SURFACE_WITH_KNOTS('',3,1,((#8403,#8404),(#8405,#8406),(#8407,
#8408),(#8409,#8410),(#8411,#8412)),.UNSPECIFIED.,.F.,.F.,.F.,(4,1,4),(2,
2),(0.,0.0120952186840964,0.029440245877775),(0.,0.02),.UNSPECIFIED.);
#210=B_SPLINE_SURFACE_WITH_KNOTS('',3,1,((#8432,#8433),(#8434,#8435),(#8436,
#8437),(#8438,#8439),(#8440,#8441)),.UNSPECIFIED.,.F.,.F.,.F.,(4,1,4),(2,
2),(0.,0.0607637606987901,0.134974989125511),(0.,0.02),.UNSPECIFIED.);
#211=B_SPLINE_SURFACE_WITH_KNOTS('',3,1,((#8455,#8456),(#8457,#8458),(#8459,
#8460),(#8461,#8462),(#8463,#8464)),.UNSPECIFIED.,.F.,.F.,.F.,(4,1,4),(2,
2),(0.,0.0456391354232906,0.0820251063609162),(0.,0.02),.UNSPECIFIED.);
#212=B_SPLINE_SURFACE_WITH_KNOTS('',3,1,((#8490,#8491),(#8492,#8493),(#8494,
#8495),(#8496,#8497),(#8498,#8499)),.UNSPECIFIED.,.F.,.F.,.F.,(4,1,4),(2,
2),(0.,0.116361333878468,0.225038421064708),(0.,0.02),.UNSPECIFIED.);
#213=B_SPLINE_SURFACE_WITH_KNOTS('',3,1,((#8510,#8511),(#8512,#8513),(#8514,
#8515),(#8516,#8517),(#8518,#8519)),.UNSPECIFIED.,.F.,.F.,.F.,(4,1,4),(2,
2),(0.,0.0270526109027191,0.0546382974718213),(0.,0.02),.UNSPECIFIED.);
#214=B_SPLINE_SURFACE_WITH_KNOTS('',3,1,((#8529,#8530),(#8531,#8532),(#8533,
#8534),(#8535,#8536),(#8537,#8538)),.UNSPECIFIED.,.F.,.F.,.F.,(4,1,4),(2,
2),(0.,0.0259341849861215,0.0500197862276499),(0.,0.02),.UNSPECIFIED.);
#215=B_SPLINE_SURFACE_WITH_KNOTS('',3,1,((#8546,#8547),(#8548,#8549),(#8550,
#8551),(#8552,#8553),(#8554,#8555)),.UNSPECIFIED.,.F.,.F.,.F.,(4,1,4),(2,
2),(0.,0.2174164240329,0.396330383410386),(0.,0.02),.UNSPECIFIED.);
#216=B_SPLINE_SURFACE_WITH_KNOTS('',3,1,((#8563,#8564),(#8565,#8566),(#8567,
#8568),(#8569,#8570),(#8571,#8572)),.UNSPECIFIED.,.F.,.F.,.F.,(4,1,4),(2,
2),(0.,0.101285596669575,0.212069088021681),(0.,0.02),.UNSPECIFIED.);
#217=B_SPLINE_SURFACE_WITH_KNOTS('',3,1,((#8580,#8581),(#8582,#8583),(#8584,
#8585),(#8586,#8587),(#8588,#8589)),.UNSPECIFIED.,.F.,.F.,.F.,(4,1,4),(2,
2),(0.,0.0996927346894909,0.209886248521743),(0.,0.02),.UNSPECIFIED.);
#218=B_SPLINE_SURFACE_WITH_KNOTS('',3,1,((#8597,#8598),(#8599,#8600),(#8601,
#8602),(#8603,#8604),(#8605,#8606)),.UNSPECIFIED.,.F.,.F.,.F.,(4,1,4),(2,
2),(0.,0.261399881165757,0.466832312362936),(0.,0.02),.UNSPECIFIED.);
#219=B_SPLINE_SURFACE_WITH_KNOTS('',3,1,((#8614,#8615),(#8616,#8617),(#8618,
#8619),(#8620,#8621),(#8622,#8623)),.UNSPECIFIED.,.F.,.F.,.F.,(4,1,4),(2,
2),(0.,0.0871111126879843,0.163405841663457),(0.,0.02),.UNSPECIFIED.);
#220=B_SPLINE_SURFACE_WITH_KNOTS('',3,1,((#8635,#8636),(#8637,#8638),(#8639,
#8640),(#8641,#8642),(#8643,#8644)),.UNSPECIFIED.,.F.,.F.,.F.,(4,1,4),(2,
2),(0.,0.0401977049157305,0.081131752851586),(0.,0.02),.UNSPECIFIED.);
#221=B_SPLINE_SURFACE_WITH_KNOTS('',3,1,((#8652,#8653),(#8654,#8655),(#8656,
#8657),(#8658,#8659),(#8660,#8661)),.UNSPECIFIED.,.F.,.F.,.F.,(4,1,4),(2,
2),(0.,0.0366000544278298,0.0720047810029676),(0.,0.02),.UNSPECIFIED.);
#222=B_SPLINE_SURFACE_WITH_KNOTS('',3,1,((#8669,#8670),(#8671,#8672),(#8673,
#8674),(#8675,#8676),(#8677,#8678)),.UNSPECIFIED.,.F.,.F.,.F.,(4,1,4),(2,
2),(0.,0.0595661464709335,0.102390651829568),(0.,0.02),.UNSPECIFIED.);
#223=B_SPLINE_SURFACE_WITH_KNOTS('',3,1,((#8686,#8687),(#8688,#8689),(#8690,
#8691),(#8692,#8693),(#8694,#8695)),.UNSPECIFIED.,.F.,.F.,.F.,(4,1,4),(2,
2),(0.,0.0428245053586342,0.102390593023417),(0.,0.02),.UNSPECIFIED.);
#224=B_SPLINE_SURFACE_WITH_KNOTS('',3,1,((#8703,#8704),(#8705,#8706),(#8707,
#8708),(#8709,#8710),(#8711,#8712)),.UNSPECIFIED.,.F.,.F.,.F.,(4,1,4),(2,
2),(0.,0.108223871371486,0.185260299466214),(0.,0.02),.UNSPECIFIED.);
#225=B_SPLINE_SURFACE_WITH_KNOTS('',3,1,((#8720,#8721),(#8722,#8723),(#8724,
#8725),(#8726,#8727),(#8728,#8729)),.UNSPECIFIED.,.F.,.F.,.F.,(4,1,4),(2,
2),(0.,0.07754341569779,0.185935700081916),(0.,0.02),.UNSPECIFIED.);
#226=B_SPLINE_SURFACE_WITH_KNOTS('',3,1,((#8737,#8738),(#8739,#8740),(#8741,
#8742),(#8743,#8744),(#8745,#8746)),.UNSPECIFIED.,.F.,.F.,.F.,(4,1,4),(2,
2),(0.,0.0928553980044666,0.159427039627464),(0.,0.02),.UNSPECIFIED.);
#227=B_SPLINE_SURFACE_WITH_KNOTS('',3,1,((#8754,#8755),(#8756,#8757),(#8758,
#8759),(#8760,#8761),(#8762,#8763)),.UNSPECIFIED.,.F.,.F.,.F.,(4,1,4),(2,
2),(0.,0.0665715224353542,0.159427039243566),(0.,0.02),.UNSPECIFIED.);
#228=B_SPLINE_SURFACE_WITH_KNOTS('',3,1,((#8771,#8772),(#8773,#8774),(#8775,
#8776),(#8777,#8778),(#8779,#8780)),.UNSPECIFIED.,.F.,.F.,.F.,(4,1,4),(2,
2),(0.,0.0266730806747627,0.054412462078128),(0.,0.02),.UNSPECIFIED.);
#229=B_SPLINE_SURFACE_WITH_KNOTS('',3,1,((#8788,#8789),(#8790,#8791),(#8792,
#8793),(#8794,#8795),(#8796,#8797)),.UNSPECIFIED.,.F.,.F.,.F.,(4,1,4),(2,
2),(0.,0.0271039909937157,0.053495632611139),(0.,0.02),.UNSPECIFIED.);
#230=B_SPLINE_SURFACE_WITH_KNOTS('',3,1,((#8805,#8806),(#8807,#8808),(#8809,
#8810),(#8811,#8812),(#8813,#8814)),.UNSPECIFIED.,.F.,.F.,.F.,(4,1,4),(2,
2),(0.,0.0263916416174233,0.0534956619040627),(0.,0.02),.UNSPECIFIED.);
#231=B_SPLINE_SURFACE_WITH_KNOTS('',3,1,((#8822,#8823),(#8824,#8825),(#8826,
#8827),(#8828,#8829),(#8830,#8831)),.UNSPECIFIED.,.F.,.F.,.F.,(4,1,4),(2,
2),(0.,0.0277393814033652,0.0544124459193551),(0.,0.02),.UNSPECIFIED.);
#232=B_SPLINE_SURFACE_WITH_KNOTS('',3,1,((#8847,#8848),(#8849,#8850),(#8851,
#8852),(#8853,#8854),(#8855,#8856)),.UNSPECIFIED.,.F.,.F.,.F.,(4,1,4),(2,
2),(0.,0.300266144625136,0.585000801160826),(0.,0.02),.UNSPECIFIED.);
#233=B_SPLINE_SURFACE_WITH_KNOTS('',3,1,((#8864,#8865),(#8866,#8867),(#8868,
#8869),(#8870,#8871),(#8872,#8873)),.UNSPECIFIED.,.F.,.F.,.F.,(4,1,4),(2,
2),(0.,0.0254469898287363,0.0537432324935919),(0.,0.02),.UNSPECIFIED.);
#234=B_SPLINE_SURFACE_WITH_KNOTS('',3,1,((#8881,#8882),(#8883,#8884),(#8885,
#8886),(#8887,#8888),(#8889,#8890)),.UNSPECIFIED.,.F.,.F.,.F.,(4,1,4),(2,
2),(0.,0.0273815672524433,0.0538699151090687),(0.,0.02),.UNSPECIFIED.);
#235=B_SPLINE_SURFACE_WITH_KNOTS('',3,1,((#8897,#8898),(#8899,#8900),(#8901,
#8902),(#8903,#8904),(#8905,#8906)),.UNSPECIFIED.,.F.,.F.,.F.,(4,1,4),(2,
2),(0.,0.0262943281701537,0.0513459748116319),(0.,0.02),.UNSPECIFIED.);
#236=B_SPLINE_SURFACE_WITH_KNOTS('',3,1,((#8916,#8917),(#8918,#8919),(#8920,
#8921),(#8922,#8923),(#8924,#8925)),.UNSPECIFIED.,.F.,.F.,.F.,(4,1,4),(2,
2),(0.,0.0251218831898311,0.0510000356868704),(0.,0.02),.UNSPECIFIED.);
#237=B_SPLINE_SURFACE_WITH_KNOTS('',3,1,((#8933,#8934),(#8935,#8936),(#8937,
#8938),(#8939,#8940),(#8941,#8942)),.UNSPECIFIED.,.F.,.F.,.F.,(4,1,4),(2,
2),(0.,0.0263775187783203,0.0516404021440087),(0.,0.02),.UNSPECIFIED.);
#238=B_SPLINE_SURFACE_WITH_KNOTS('',3,1,((#8954,#8955),(#8956,#8957),(#8958,
#8959),(#8960,#8961),(#8962,#8963)),.UNSPECIFIED.,.F.,.F.,.F.,(4,1,4),(2,
2),(0.,0.0512573325951963,0.0922333256566689),(0.,0.02),.UNSPECIFIED.);
#239=B_SPLINE_SURFACE_WITH_KNOTS('',3,1,((#8971,#8972),(#8973,#8974),(#8975,
#8976),(#8977,#8978),(#8979,#8980)),.UNSPECIFIED.,.F.,.F.,.F.,(4,1,4),(2,
2),(0.,0.0434920373793094,0.0955786387287897),(0.,0.02),.UNSPECIFIED.);
#240=B_SPLINE_SURFACE_WITH_KNOTS('',3,1,((#8988,#8989),(#8990,#8991),(#8992,
#8993),(#8994,#8995),(#8996,#8997)),.UNSPECIFIED.,.F.,.F.,.F.,(4,1,4),(2,
2),(0.,0.134348812283303,0.230003293629467),(0.,0.02),.UNSPECIFIED.);
#241=B_SPLINE_SURFACE_WITH_KNOTS('',3,1,((#9005,#9006),(#9007,#9008),(#9009,
#9010),(#9011,#9012),(#9013,#9014)),.UNSPECIFIED.,.F.,.F.,.F.,(4,1,4),(2,
2),(0.,0.0961614954510759,0.230678770142146),(0.,0.02),.UNSPECIFIED.);
#242=B_SPLINE_SURFACE_WITH_KNOTS('',3,1,((#9022,#9023),(#9024,#9025),(#9026,
#9027),(#9028,#9029),(#9030,#9031)),.UNSPECIFIED.,.F.,.F.,.F.,(4,1,4),(2,
2),(0.,0.0396203534303662,0.0677050898425678),(0.,0.02),.UNSPECIFIED.);
#243=B_SPLINE_SURFACE_WITH_KNOTS('',3,1,((#9039,#9040),(#9041,#9042),(#9043,
#9044),(#9045,#9046),(#9047,#9048)),.UNSPECIFIED.,.F.,.F.,.F.,(4,1,4),(2,
2),(0.,0.0280847364122016,0.0677050249541053),(0.,0.02),.UNSPECIFIED.);
#244=B_SPLINE_SURFACE_WITH_KNOTS('',3,1,((#9056,#9057),(#9058,#9059),(#9060,
#9061),(#9062,#9063),(#9064,#9065)),.UNSPECIFIED.,.F.,.F.,.F.,(4,1,4),(2,
2),(0.,0.0271502787569546,0.0465442515127157),(0.,0.02),.UNSPECIFIED.);
#245=B_SPLINE_SURFACE_WITH_KNOTS('',3,1,((#9073,#9074),(#9075,#9076),(#9077,
#9078),(#9079,#9080),(#9081,#9082)),.UNSPECIFIED.,.F.,.F.,.F.,(4,1,4),(2,
2),(0.,0.0193939132327939,0.0465441919897485),(0.,0.02),.UNSPECIFIED.);
#246=B_SPLINE_SURFACE_WITH_KNOTS('',3,1,((#9090,#9091),(#9092,#9093),(#9094,
#9095),(#9096,#9097),(#9098,#9099)),.UNSPECIFIED.,.F.,.F.,.F.,(4,1,4),(2,
2),(0.,0.0364080683887405,0.0770914740813002),(0.,0.02),.UNSPECIFIED.);
#247=B_SPLINE_SURFACE_WITH_KNOTS('',3,1,((#9107,#9108),(#9109,#9110),(#9111,
#9112),(#9113,#9114),(#9115,#9116)),.UNSPECIFIED.,.F.,.F.,.F.,(4,1,4),(2,
2),(0.,0.0736569120116119,0.13114340245859),(0.,0.02),.UNSPECIFIED.);
#248=B_SPLINE_SURFACE_WITH_KNOTS('',3,1,((#9124,#9125),(#9126,#9127),(#9128,
#9129),(#9130,#9131),(#9132,#9133)),.UNSPECIFIED.,.F.,.F.,.F.,(4,1,4),(2,
2),(0.,0.0554135461231893,0.132426930750363),(0.,0.02),.UNSPECIFIED.);
#249=B_SPLINE_SURFACE_WITH_KNOTS('',3,1,((#9141,#9142),(#9143,#9144),(#9145,
#9146),(#9147,#9148),(#9149,#9150)),.UNSPECIFIED.,.F.,.F.,.F.,(4,1,4),(2,
2),(0.,0.0380713207254323,0.0986034407517606),(0.,0.02),.UNSPECIFIED.);
#250=B_SPLINE_SURFACE_WITH_KNOTS('',3,1,((#9158,#9159),(#9160,#9161),(#9162,
#9163),(#9164,#9165),(#9166,#9167)),.UNSPECIFIED.,.F.,.F.,.F.,(4,1,4),(2,
2),(0.,0.0264612838361712,0.0518217002591316),(0.,0.02),.UNSPECIFIED.);
#251=B_SPLINE_SURFACE_WITH_KNOTS('',3,1,((#9175,#9176),(#9177,#9178),(#9179,
#9180),(#9181,#9182),(#9183,#9184)),.UNSPECIFIED.,.F.,.F.,.F.,(4,1,4),(2,
2),(0.,0.0257917446969811,0.0523280725319872),(0.,0.02),.UNSPECIFIED.);
#252=B_SPLINE_SURFACE_WITH_KNOTS('',3,1,((#9192,#9193),(#9194,#9195),(#9196,
#9197),(#9198,#9199),(#9200,#9201)),.UNSPECIFIED.,.F.,.F.,.F.,(4,1,4),(2,
2),(0.,0.0910988806689542,0.136119089527506),(0.,0.02),.UNSPECIFIED.);
#253=B_SPLINE_SURFACE_WITH_KNOTS('',3,1,((#9209,#9210),(#9211,#9212),(#9213,
#9214),(#9215,#9216),(#9217,#9218)),.UNSPECIFIED.,.F.,.F.,.F.,(4,1,4),(2,
2),(0.,0.152123122841512,0.262285061777948),(0.,0.02),.UNSPECIFIED.);
#254=B_SPLINE_SURFACE_WITH_KNOTS('',3,1,((#9226,#9227),(#9228,#9229),(#9230,
#9231),(#9232,#9233),(#9234,#9235)),.UNSPECIFIED.,.F.,.F.,.F.,(4,1,4),(2,
2),(0.,0.108324315686829,0.26167836400396),(0.,0.02),.UNSPECIFIED.);
#255=B_SPLINE_SURFACE_WITH_KNOTS('',3,1,((#9243,#9244),(#9245,#9246),(#9247,
#9248),(#9249,#9250),(#9251,#9252)),.UNSPECIFIED.,.F.,.F.,.F.,(4,1,4),(2,
2),(0.,0.0558164215862477,0.0955920384540812),(0.,0.02),.UNSPECIFIED.);
#256=B_SPLINE_SURFACE_WITH_KNOTS('',3,1,((#9260,#9261),(#9262,#9263),(#9264,
#9265),(#9266,#9267),(#9268,#9269)),.UNSPECIFIED.,.F.,.F.,.F.,(4,1,4),(2,
2),(0.,0.0402827633411437,0.096267838618022),(0.,0.02),.UNSPECIFIED.);
#257=B_SPLINE_SURFACE_WITH_KNOTS('',3,1,((#9285,#9286),(#9287,#9288),(#9289,
#9290),(#9291,#9292),(#9293,#9294)),.UNSPECIFIED.,.F.,.F.,.F.,(4,1,4),(2,
2),(0.,0.0577232096436555,0.139202854014708),(0.,0.02),.UNSPECIFIED.);
#258=B_SPLINE_SURFACE_WITH_KNOTS('',3,1,((#9302,#9303),(#9304,#9305),(#9306,
#9307),(#9308,#9309),(#9310,#9311)),.UNSPECIFIED.,.F.,.F.,.F.,(4,1,4),(2,
2),(0.,0.0320725577502243,0.0656750473478069),(0.,0.02),.UNSPECIFIED.);
#259=B_SPLINE_SURFACE_WITH_KNOTS('',3,1,((#9319,#9320),(#9321,#9322),(#9323,
#9324),(#9325,#9326),(#9327,#9328)),.UNSPECIFIED.,.F.,.F.,.F.,(4,1,4),(2,
2),(0.,0.0402858685774502,0.0667318595544248),(0.,0.02),.UNSPECIFIED.);
#260=B_SPLINE_SURFACE_WITH_KNOTS('',3,1,((#9344,#9345),(#9346,#9347),(#9348,
#9349),(#9350,#9351),(#9352,#9353)),.UNSPECIFIED.,.F.,.F.,.F.,(4,1,4),(2,
2),(0.,0.0251235815258289,0.0514863269959047),(0.,0.02),.UNSPECIFIED.);
#261=FACE_OUTER_BOUND('',#534,.T.);
#262=FACE_OUTER_BOUND('',#535,.T.);
#263=FACE_OUTER_BOUND('',#536,.T.);
#264=FACE_OUTER_BOUND('',#537,.T.);
#265=FACE_OUTER_BOUND('',#538,.T.);
#266=FACE_OUTER_BOUND('',#539,.T.);
#267=FACE_OUTER_BOUND('',#540,.T.);
#268=FACE_OUTER_BOUND('',#541,.T.);
#269=FACE_OUTER_BOUND('',#542,.T.);
#270=FACE_OUTER_BOUND('',#543,.T.);
#271=FACE_OUTER_BOUND('',#544,.T.);
#272=FACE_OUTER_BOUND('',#545,.T.);
#273=FACE_OUTER_BOUND('',#546,.T.);
#274=FACE_OUTER_BOUND('',#547,.T.);
#275=FACE_OUTER_BOUND('',#548,.T.);
#276=FACE_OUTER_BOUND('',#549,.T.);
#277=FACE_OUTER_BOUND('',#550,.T.);
#278=FACE_OUTER_BOUND('',#551,.T.);
#279=FACE_OUTER_BOUND('',#552,.T.);
#280=FACE_OUTER_BOUND('',#553,.T.);
#281=FACE_OUTER_BOUND('',#554,.T.);
#282=FACE_OUTER_BOUND('',#555,.T.);
#283=FACE_OUTER_BOUND('',#556,.T.);
#284=FACE_OUTER_BOUND('',#557,.T.);
#285=FACE_OUTER_BOUND('',#558,.T.);
#286=FACE_OUTER_BOUND('',#559,.T.);
#287=FACE_OUTER_BOUND('',#560,.T.);
#288=FACE_OUTER_BOUND('',#561,.T.);
#289=FACE_OUTER_BOUND('',#562,.T.);
#290=FACE_OUTER_BOUND('',#563,.T.);
#291=FACE_OUTER_BOUND('',#564,.T.);
#292=FACE_OUTER_BOUND('',#565,.T.);
#293=FACE_OUTER_BOUND('',#566,.T.);
#294=FACE_OUTER_BOUND('',#567,.T.);
#295=FACE_OUTER_BOUND('',#568,.T.);
#296=FACE_OUTER_BOUND('',#569,.T.);
#297=FACE_OUTER_BOUND('',#570,.T.);
#298=FACE_OUTER_BOUND('',#571,.T.);
#299=FACE_OUTER_BOUND('',#572,.T.);
#300=FACE_OUTER_BOUND('',#573,.T.);
#301=FACE_OUTER_BOUND('',#574,.T.);
#302=FACE_OUTER_BOUND('',#575,.T.);
#303=FACE_OUTER_BOUND('',#576,.T.);
#304=FACE_OUTER_BOUND('',#577,.T.);
#305=FACE_OUTER_BOUND('',#578,.T.);
#306=FACE_OUTER_BOUND('',#579,.T.);
#307=FACE_OUTER_BOUND('',#580,.T.);
#308=FACE_OUTER_BOUND('',#581,.T.);
#309=FACE_OUTER_BOUND('',#582,.T.);
#310=FACE_OUTER_BOUND('',#583,.T.);
#311=FACE_OUTER_BOUND('',#584,.T.);
#312=FACE_OUTER_BOUND('',#585,.T.);
#313=FACE_OUTER_BOUND('',#586,.T.);
#314=FACE_OUTER_BOUND('',#587,.T.);
#315=FACE_OUTER_BOUND('',#588,.T.);
#316=FACE_OUTER_BOUND('',#589,.T.);
#317=FACE_OUTER_BOUND('',#590,.T.);
#318=FACE_OUTER_BOUND('',#591,.T.);
#319=FACE_OUTER_BOUND('',#592,.T.);
#320=FACE_OUTER_BOUND('',#593,.T.);
#321=FACE_OUTER_BOUND('',#594,.T.);
#322=FACE_OUTER_BOUND('',#595,.T.);
#323=FACE_OUTER_BOUND('',#596,.T.);
#324=FACE_OUTER_BOUND('',#597,.T.);
#325=FACE_OUTER_BOUND('',#598,.T.);
#326=FACE_OUTER_BOUND('',#599,.T.);
#327=FACE_OUTER_BOUND('',#601,.T.);
#328=FACE_OUTER_BOUND('',#602,.T.);
#329=FACE_OUTER_BOUND('',#603,.T.);
#330=FACE_OUTER_BOUND('',#604,.T.);
#331=FACE_OUTER_BOUND('',#605,.T.);
#332=FACE_OUTER_BOUND('',#606,.T.);
#333=FACE_OUTER_BOUND('',#607,.T.);
#334=FACE_OUTER_BOUND('',#608,.T.);
#335=FACE_OUTER_BOUND('',#609,.T.);
#336=FACE_OUTER_BOUND('',#610,.T.);
#337=FACE_OUTER_BOUND('',#611,.T.);
#338=FACE_OUTER_BOUND('',#612,.T.);
#339=FACE_OUTER_BOUND('',#613,.T.);
#340=FACE_OUTER_BOUND('',#614,.T.);
#341=FACE_OUTER_BOUND('',#615,.T.);
#342=FACE_OUTER_BOUND('',#616,.T.);
#343=FACE_OUTER_BOUND('',#617,.T.);
#344=FACE_OUTER_BOUND('',#618,.T.);
#345=FACE_OUTER_BOUND('',#619,.T.);
#346=FACE_OUTER_BOUND('',#620,.T.);
#347=FACE_OUTER_BOUND('',#621,.T.);
#348=FACE_OUTER_BOUND('',#622,.T.);
#349=FACE_OUTER_BOUND('',#623,.T.);
#350=FACE_OUTER_BOUND('',#624,.T.);
#351=FACE_OUTER_BOUND('',#625,.T.);
#352=FACE_OUTER_BOUND('',#626,.T.);
#353=FACE_OUTER_BOUND('',#627,.T.);
#354=FACE_OUTER_BOUND('',#628,.T.);
#355=FACE_OUTER_BOUND('',#629,.T.);
#356=FACE_OUTER_BOUND('',#630,.T.);
#357=FACE_OUTER_BOUND('',#640,.T.);
#358=FACE_OUTER_BOUND('',#641,.T.);
#359=FACE_OUTER_BOUND('',#642,.T.);
#360=FACE_OUTER_BOUND('',#643,.T.);
#361=FACE_OUTER_BOUND('',#644,.T.);
#362=FACE_OUTER_BOUND('',#645,.T.);
#363=FACE_OUTER_BOUND('',#646,.T.);
#364=FACE_OUTER_BOUND('',#647,.T.);
#365=FACE_OUTER_BOUND('',#648,.T.);
#366=FACE_OUTER_BOUND('',#649,.T.);
#367=FACE_OUTER_BOUND('',#650,.T.);
#368=FACE_OUTER_BOUND('',#651,.T.);
#369=FACE_OUTER_BOUND('',#652,.T.);
#370=FACE_OUTER_BOUND('',#653,.T.);
#371=FACE_OUTER_BOUND('',#654,.T.);
#372=FACE_OUTER_BOUND('',#655,.T.);
#373=FACE_OUTER_BOUND('',#656,.T.);
#374=FACE_OUTER_BOUND('',#657,.T.);
#375=FACE_OUTER_BOUND('',#658,.T.);
#376=FACE_OUTER_BOUND('',#659,.T.);
#377=FACE_OUTER_BOUND('',#660,.T.);
#378=FACE_OUTER_BOUND('',#661,.T.);
#379=FACE_OUTER_BOUND('',#662,.T.);
#380=FACE_OUTER_BOUND('',#663,.T.);
#381=FACE_OUTER_BOUND('',#664,.T.);
#382=FACE_OUTER_BOUND('',#665,.T.);
#383=FACE_OUTER_BOUND('',#666,.T.);
#384=FACE_OUTER_BOUND('',#667,.T.);
#385=FACE_OUTER_BOUND('',#668,.T.);
#386=FACE_OUTER_BOUND('',#669,.T.);
#387=FACE_OUTER_BOUND('',#670,.T.);
#388=FACE_OUTER_BOUND('',#671,.T.);
#389=FACE_OUTER_BOUND('',#672,.T.);
#390=FACE_OUTER_BOUND('',#673,.T.);
#391=FACE_OUTER_BOUND('',#674,.T.);
#392=FACE_OUTER_BOUND('',#675,.T.);
#393=FACE_OUTER_BOUND('',#676,.T.);
#394=FACE_OUTER_BOUND('',#677,.T.);
#395=FACE_OUTER_BOUND('',#678,.T.);
#396=FACE_OUTER_BOUND('',#679,.T.);
#397=FACE_OUTER_BOUND('',#680,.T.);
#398=FACE_OUTER_BOUND('',#681,.T.);
#399=FACE_OUTER_BOUND('',#682,.T.);
#400=FACE_OUTER_BOUND('',#683,.T.);
#401=FACE_OUTER_BOUND('',#684,.T.);
#402=FACE_OUTER_BOUND('',#685,.T.);
#403=FACE_OUTER_BOUND('',#686,.T.);
#404=FACE_OUTER_BOUND('',#687,.T.);
#405=FACE_OUTER_BOUND('',#688,.T.);
#406=FACE_OUTER_BOUND('',#689,.T.);
#407=FACE_OUTER_BOUND('',#690,.T.);
#408=FACE_OUTER_BOUND('',#691,.T.);
#409=FACE_OUTER_BOUND('',#692,.T.);
#410=FACE_OUTER_BOUND('',#693,.T.);
#411=FACE_OUTER_BOUND('',#694,.T.);
#412=FACE_OUTER_BOUND('',#695,.T.);
#413=FACE_OUTER_BOUND('',#696,.T.);
#414=FACE_OUTER_BOUND('',#697,.T.);
#415=FACE_OUTER_BOUND('',#699,.T.);
#416=FACE_OUTER_BOUND('',#700,.T.);
#417=FACE_OUTER_BOUND('',#701,.T.);
#418=FACE_OUTER_BOUND('',#702,.T.);
#419=FACE_OUTER_BOUND('',#703,.T.);
#420=FACE_OUTER_BOUND('',#704,.T.);
#421=FACE_OUTER_BOUND('',#705,.T.);
#422=FACE_OUTER_BOUND('',#706,.T.);
#423=FACE_OUTER_BOUND('',#707,.T.);
#424=FACE_OUTER_BOUND('',#708,.T.);
#425=FACE_OUTER_BOUND('',#709,.T.);
#426=FACE_OUTER_BOUND('',#710,.T.);
#427=FACE_OUTER_BOUND('',#711,.T.);
#428=FACE_OUTER_BOUND('',#712,.T.);
#429=FACE_OUTER_BOUND('',#713,.T.);
#430=FACE_OUTER_BOUND('',#714,.T.);
#431=FACE_OUTER_BOUND('',#715,.T.);
#432=FACE_OUTER_BOUND('',#716,.T.);
#433=FACE_OUTER_BOUND('',#717,.T.);
#434=FACE_OUTER_BOUND('',#718,.T.);
#435=FACE_OUTER_BOUND('',#719,.T.);
#436=FACE_OUTER_BOUND('',#720,.T.);
#437=FACE_OUTER_BOUND('',#721,.T.);
#438=FACE_OUTER_BOUND('',#722,.T.);
#439=FACE_OUTER_BOUND('',#723,.T.);
#440=FACE_OUTER_BOUND('',#724,.T.);
#441=FACE_OUTER_BOUND('',#725,.T.);
#442=FACE_OUTER_BOUND('',#726,.T.);
#443=FACE_OUTER_BOUND('',#727,.T.);
#444=FACE_OUTER_BOUND('',#728,.T.);
#445=FACE_OUTER_BOUND('',#729,.T.);
#446=FACE_OUTER_BOUND('',#730,.T.);
#447=FACE_OUTER_BOUND('',#731,.T.);
#448=FACE_OUTER_BOUND('',#736,.T.);
#449=FACE_OUTER_BOUND('',#737,.T.);
#450=FACE_OUTER_BOUND('',#738,.T.);
#451=FACE_OUTER_BOUND('',#739,.T.);
#452=FACE_OUTER_BOUND('',#740,.T.);
#453=FACE_OUTER_BOUND('',#741,.T.);
#454=FACE_OUTER_BOUND('',#742,.T.);
#455=FACE_OUTER_BOUND('',#743,.T.);
#456=FACE_OUTER_BOUND('',#744,.T.);
#457=FACE_OUTER_BOUND('',#745,.T.);
#458=FACE_OUTER_BOUND('',#746,.T.);
#459=FACE_OUTER_BOUND('',#747,.T.);
#460=FACE_OUTER_BOUND('',#748,.T.);
#461=FACE_OUTER_BOUND('',#749,.T.);
#462=FACE_OUTER_BOUND('',#750,.T.);
#463=FACE_OUTER_BOUND('',#751,.T.);
#464=FACE_OUTER_BOUND('',#752,.T.);
#465=FACE_OUTER_BOUND('',#753,.T.);
#466=FACE_OUTER_BOUND('',#754,.T.);
#467=FACE_OUTER_BOUND('',#755,.T.);
#468=FACE_OUTER_BOUND('',#756,.T.);
#469=FACE_OUTER_BOUND('',#757,.T.);
#470=FACE_OUTER_BOUND('',#758,.T.);
#471=FACE_OUTER_BOUND('',#759,.T.);
#472=FACE_OUTER_BOUND('',#760,.T.);
#473=FACE_OUTER_BOUND('',#761,.T.);
#474=FACE_OUTER_BOUND('',#762,.T.);
#475=FACE_OUTER_BOUND('',#763,.T.);
#476=FACE_OUTER_BOUND('',#764,.T.);
#477=FACE_OUTER_BOUND('',#765,.T.);
#478=FACE_OUTER_BOUND('',#766,.T.);
#479=FACE_OUTER_BOUND('',#767,.T.);
#480=FACE_OUTER_BOUND('',#768,.T.);
#481=FACE_OUTER_BOUND('',#769,.T.);
#482=FACE_OUTER_BOUND('',#770,.T.);
#483=FACE_OUTER_BOUND('',#771,.T.);
#484=FACE_OUTER_BOUND('',#772,.T.);
#485=FACE_OUTER_BOUND('',#773,.T.);
#486=FACE_OUTER_BOUND('',#774,.T.);
#487=FACE_OUTER_BOUND('',#775,.T.);
#488=FACE_OUTER_BOUND('',#776,.T.);
#489=FACE_OUTER_BOUND('',#777,.T.);
#490=FACE_OUTER_BOUND('',#778,.T.);
#491=FACE_OUTER_BOUND('',#779,.T.);
#492=FACE_OUTER_BOUND('',#780,.T.);
#493=FACE_OUTER_BOUND('',#781,.T.);
#494=FACE_OUTER_BOUND('',#782,.T.);
#495=FACE_OUTER_BOUND('',#783,.T.);
#496=FACE_OUTER_BOUND('',#784,.T.);
#497=FACE_OUTER_BOUND('',#785,.T.);
#498=FACE_OUTER_BOUND('',#786,.T.);
#499=FACE_OUTER_BOUND('',#787,.T.);
#500=FACE_OUTER_BOUND('',#788,.T.);
#501=FACE_OUTER_BOUND('',#789,.T.);
#502=FACE_OUTER_BOUND('',#790,.T.);
#503=FACE_OUTER_BOUND('',#791,.T.);
#504=FACE_OUTER_BOUND('',#792,.T.);
#505=FACE_OUTER_BOUND('',#793,.T.);
#506=FACE_OUTER_BOUND('',#794,.T.);
#507=FACE_OUTER_BOUND('',#795,.T.);
#508=FACE_OUTER_BOUND('',#796,.T.);
#509=FACE_OUTER_BOUND('',#797,.T.);
#510=FACE_OUTER_BOUND('',#798,.T.);
#511=FACE_OUTER_BOUND('',#799,.T.);
#512=FACE_OUTER_BOUND('',#800,.T.);
#513=FACE_OUTER_BOUND('',#801,.T.);
#514=FACE_OUTER_BOUND('',#802,.T.);
#515=FACE_OUTER_BOUND('',#803,.T.);
#516=FACE_OUTER_BOUND('',#804,.T.);
#517=FACE_OUTER_BOUND('',#805,.T.);
#518=FACE_OUTER_BOUND('',#806,.T.);
#519=FACE_OUTER_BOUND('',#807,.T.);
#520=FACE_OUTER_BOUND('',#808,.T.);
#521=FACE_OUTER_BOUND('',#809,.T.);
#522=FACE_OUTER_BOUND('',#810,.T.);
#523=FACE_OUTER_BOUND('',#811,.T.);
#524=FACE_OUTER_BOUND('',#812,.T.);
#525=FACE_OUTER_BOUND('',#813,.T.);
#526=FACE_OUTER_BOUND('',#814,.T.);
#527=FACE_OUTER_BOUND('',#815,.T.);
#528=FACE_OUTER_BOUND('',#816,.T.);
#529=FACE_OUTER_BOUND('',#817,.T.);
#530=FACE_OUTER_BOUND('',#818,.T.);
#531=FACE_OUTER_BOUND('',#819,.T.);
#532=FACE_OUTER_BOUND('',#820,.T.);
#533=FACE_OUTER_BOUND('',#821,.T.);
#534=EDGE_LOOP('',(#3054,#3055,#3056,#3057,#3058,#3059,#3060,#3061,#3062,
#3063,#3064,#3065,#3066,#3067,#3068,#3069,#3070,#3071,#3072,#3073,#3074,
#3075,#3076,#3077,#3078,#3079,#3080,#3081,#3082,#3083,#3084,#3085));
#535=EDGE_LOOP('',(#3086,#3087,#3088,#3089));
#536=EDGE_LOOP('',(#3090,#3091,#3092,#3093));
#537=EDGE_LOOP('',(#3094,#3095,#3096,#3097));
#538=EDGE_LOOP('',(#3098,#3099,#3100,#3101));
#539=EDGE_LOOP('',(#3102,#3103,#3104,#3105));
#540=EDGE_LOOP('',(#3106,#3107,#3108,#3109));
#541=EDGE_LOOP('',(#3110,#3111,#3112,#3113));
#542=EDGE_LOOP('',(#3114,#3115,#3116,#3117));
#543=EDGE_LOOP('',(#3118,#3119,#3120,#3121));
#544=EDGE_LOOP('',(#3122,#3123,#3124,#3125));
#545=EDGE_LOOP('',(#3126,#3127,#3128,#3129));
#546=EDGE_LOOP('',(#3130,#3131,#3132,#3133));
#547=EDGE_LOOP('',(#3134,#3135,#3136,#3137));
#548=EDGE_LOOP('',(#3138,#3139,#3140,#3141));
#549=EDGE_LOOP('',(#3142,#3143,#3144,#3145));
#550=EDGE_LOOP('',(#3146,#3147,#3148,#3149));
#551=EDGE_LOOP('',(#3150,#3151,#3152,#3153));
#552=EDGE_LOOP('',(#3154,#3155,#3156,#3157));
#553=EDGE_LOOP('',(#3158,#3159,#3160,#3161));
#554=EDGE_LOOP('',(#3162,#3163,#3164,#3165));
#555=EDGE_LOOP('',(#3166,#3167,#3168,#3169));
#556=EDGE_LOOP('',(#3170,#3171,#3172,#3173));
#557=EDGE_LOOP('',(#3174,#3175,#3176,#3177));
#558=EDGE_LOOP('',(#3178,#3179,#3180,#3181));
#559=EDGE_LOOP('',(#3182,#3183,#3184,#3185));
#560=EDGE_LOOP('',(#3186,#3187,#3188,#3189));
#561=EDGE_LOOP('',(#3190,#3191,#3192,#3193));
#562=EDGE_LOOP('',(#3194,#3195,#3196,#3197));
#563=EDGE_LOOP('',(#3198,#3199,#3200,#3201));
#564=EDGE_LOOP('',(#3202,#3203,#3204,#3205));
#565=EDGE_LOOP('',(#3206,#3207,#3208,#3209));
#566=EDGE_LOOP('',(#3210,#3211,#3212,#3213));
#567=EDGE_LOOP('',(#3214,#3215,#3216,#3217,#3218,#3219,#3220,#3221,#3222,
#3223,#3224,#3225,#3226,#3227,#3228,#3229,#3230,#3231,#3232,#3233,#3234,
#3235,#3236,#3237,#3238,#3239,#3240,#3241,#3242,#3243,#3244));
#568=EDGE_LOOP('',(#3245,#3246,#3247,#3248));
#569=EDGE_LOOP('',(#3249,#3250,#3251,#3252));
#570=EDGE_LOOP('',(#3253,#3254,#3255,#3256));
#571=EDGE_LOOP('',(#3257,#3258,#3259,#3260));
#572=EDGE_LOOP('',(#3261,#3262,#3263,#3264));
#573=EDGE_LOOP('',(#3265,#3266,#3267,#3268));
#574=EDGE_LOOP('',(#3269,#3270,#3271,#3272));
#575=EDGE_LOOP('',(#3273,#3274,#3275,#3276));
#576=EDGE_LOOP('',(#3277,#3278,#3279,#3280));
#577=EDGE_LOOP('',(#3281,#3282,#3283,#3284));
#578=EDGE_LOOP('',(#3285,#3286,#3287,#3288));
#579=EDGE_LOOP('',(#3289,#3290,#3291,#3292));
#580=EDGE_LOOP('',(#3293,#3294,#3295,#3296));
#581=EDGE_LOOP('',(#3297,#3298,#3299,#3300));
#582=EDGE_LOOP('',(#3301,#3302,#3303,#3304));
#583=EDGE_LOOP('',(#3305,#3306,#3307,#3308));
#584=EDGE_LOOP('',(#3309,#3310,#3311,#3312));
#585=EDGE_LOOP('',(#3313,#3314,#3315,#3316));
#586=EDGE_LOOP('',(#3317,#3318,#3319,#3320));
#587=EDGE_LOOP('',(#3321,#3322,#3323,#3324));
#588=EDGE_LOOP('',(#3325,#3326,#3327,#3328));
#589=EDGE_LOOP('',(#3329,#3330,#3331,#3332));
#590=EDGE_LOOP('',(#3333,#3334,#3335,#3336));
#591=EDGE_LOOP('',(#3337,#3338,#3339,#3340));
#592=EDGE_LOOP('',(#3341,#3342,#3343,#3344));
#593=EDGE_LOOP('',(#3345,#3346,#3347,#3348));
#594=EDGE_LOOP('',(#3349,#3350,#3351,#3352));
#595=EDGE_LOOP('',(#3353,#3354,#3355,#3356));
#596=EDGE_LOOP('',(#3357,#3358,#3359,#3360));
#597=EDGE_LOOP('',(#3361,#3362,#3363,#3364));
#598=EDGE_LOOP('',(#3365,#3366,#3367,#3368));
#599=EDGE_LOOP('',(#3369,#3370,#3371,#3372,#3373,#3374,#3375,#3376,#3377,
#3378,#3379,#3380,#3381,#3382,#3383,#3384));
#600=EDGE_LOOP('',(#3385,#3386,#3387,#3388,#3389,#3390,#3391,#3392,#3393));
#601=EDGE_LOOP('',(#3394,#3395,#3396,#3397));
#602=EDGE_LOOP('',(#3398,#3399,#3400,#3401));
#603=EDGE_LOOP('',(#3402,#3403,#3404,#3405));
#604=EDGE_LOOP('',(#3406,#3407,#3408,#3409));
#605=EDGE_LOOP('',(#3410,#3411,#3412,#3413));
#606=EDGE_LOOP('',(#3414,#3415,#3416,#3417));
#607=EDGE_LOOP('',(#3418,#3419,#3420,#3421));
#608=EDGE_LOOP('',(#3422,#3423,#3424,#3425));
#609=EDGE_LOOP('',(#3426,#3427,#3428,#3429));
#610=EDGE_LOOP('',(#3430,#3431,#3432,#3433));
#611=EDGE_LOOP('',(#3434,#3435,#3436,#3437));
#612=EDGE_LOOP('',(#3438,#3439,#3440,#3441));
#613=EDGE_LOOP('',(#3442,#3443,#3444,#3445));
#614=EDGE_LOOP('',(#3446,#3447,#3448,#3449));
#615=EDGE_LOOP('',(#3450,#3451,#3452,#3453));
#616=EDGE_LOOP('',(#3454,#3455,#3456,#3457));
#617=EDGE_LOOP('',(#3458,#3459,#3460,#3461));
#618=EDGE_LOOP('',(#3462,#3463,#3464,#3465));
#619=EDGE_LOOP('',(#3466,#3467,#3468,#3469));
#620=EDGE_LOOP('',(#3470,#3471,#3472,#3473));
#621=EDGE_LOOP('',(#3474,#3475,#3476,#3477));
#622=EDGE_LOOP('',(#3478,#3479,#3480,#3481));
#623=EDGE_LOOP('',(#3482,#3483,#3484,#3485));
#624=EDGE_LOOP('',(#3486,#3487,#3488,#3489));
#625=EDGE_LOOP('',(#3490,#3491,#3492,#3493));
#626=EDGE_LOOP('',(#3494,#3495,#3496,#3497,#3498,#3499,#3500,#3501,#3502));
#627=EDGE_LOOP('',(#3503,#3504,#3505,#3506));
#628=EDGE_LOOP('',(#3507,#3508,#3509,#3510));
#629=EDGE_LOOP('',(#3511,#3512,#3513,#3514));
#630=EDGE_LOOP('',(#3515,#3516,#3517,#3518,#3519,#3520,#3521,#3522,#3523,
#3524,#3525,#3526,#3527,#3528,#3529,#3530,#3531,#3532,#3533,#3534,#3535,
#3536,#3537,#3538,#3539,#3540,#3541,#3542));
#631=EDGE_LOOP('',(#3543,#3544,#3545,#3546,#3547,#3548,#3549,#3550,#3551,
#3552,#3553,#3554,#3555,#3556,#3557,#3558,#3559,#3560,#3561,#3562,#3563,
#3564,#3565,#3566,#3567,#3568,#3569,#3570,#3571,#3572,#3573,#3574));
#632=EDGE_LOOP('',(#3575,#3576,#3577,#3578,#3579,#3580,#3581,#3582,#3583,
#3584,#3585,#3586,#3587,#3588,#3589,#3590,#3591,#3592,#3593,#3594,#3595,
#3596,#3597,#3598,#3599,#3600,#3601,#3602,#3603,#3604,#3605));
#633=EDGE_LOOP('',(#3606,#3607,#3608,#3609,#3610,#3611,#3612,#3613,#3614,
#3615,#3616,#3617,#3618,#3619,#3620,#3621));
#634=EDGE_LOOP('',(#3622));
#635=EDGE_LOOP('',(#3623));
#636=EDGE_LOOP('',(#3624,#3625,#3626,#3627,#3628,#3629,#3630,#3631,#3632,
#3633,#3634,#3635,#3636,#3637,#3638,#3639,#3640,#3641,#3642,#3643,#3644,
#3645,#3646,#3647,#3648));
#637=EDGE_LOOP('',(#3649,#3650,#3651,#3652,#3653,#3654,#3655,#3656,#3657,
#3658,#3659,#3660,#3661,#3662,#3663,#3664,#3665,#3666,#3667,#3668,#3669,
#3670,#3671,#3672,#3673,#3674,#3675,#3676,#3677,#3678,#3679));
#638=EDGE_LOOP('',(#3680));
#639=EDGE_LOOP('',(#3681));
#640=EDGE_LOOP('',(#3682,#3683,#3684,#3685));
#641=EDGE_LOOP('',(#3686,#3687,#3688,#3689));
#642=EDGE_LOOP('',(#3690,#3691,#3692,#3693));
#643=EDGE_LOOP('',(#3694,#3695,#3696,#3697));
#644=EDGE_LOOP('',(#3698,#3699,#3700,#3701));
#645=EDGE_LOOP('',(#3702,#3703,#3704,#3705));
#646=EDGE_LOOP('',(#3706,#3707,#3708,#3709));
#647=EDGE_LOOP('',(#3710,#3711,#3712,#3713));
#648=EDGE_LOOP('',(#3714,#3715,#3716,#3717));
#649=EDGE_LOOP('',(#3718,#3719,#3720,#3721));
#650=EDGE_LOOP('',(#3722,#3723,#3724,#3725));
#651=EDGE_LOOP('',(#3726,#3727,#3728,#3729));
#652=EDGE_LOOP('',(#3730,#3731,#3732,#3733));
#653=EDGE_LOOP('',(#3734,#3735,#3736,#3737));
#654=EDGE_LOOP('',(#3738,#3739,#3740,#3741));
#655=EDGE_LOOP('',(#3742,#3743,#3744,#3745));
#656=EDGE_LOOP('',(#3746,#3747,#3748,#3749));
#657=EDGE_LOOP('',(#3750,#3751,#3752,#3753));
#658=EDGE_LOOP('',(#3754,#3755,#3756,#3757));
#659=EDGE_LOOP('',(#3758,#3759,#3760,#3761));
#660=EDGE_LOOP('',(#3762,#3763,#3764,#3765));
#661=EDGE_LOOP('',(#3766,#3767,#3768,#3769));
#662=EDGE_LOOP('',(#3770,#3771,#3772,#3773));
#663=EDGE_LOOP('',(#3774,#3775,#3776,#3777));
#664=EDGE_LOOP('',(#3778,#3779,#3780,#3781));
#665=EDGE_LOOP('',(#3782,#3783,#3784,#3785));
#666=EDGE_LOOP('',(#3786,#3787,#3788,#3789));
#667=EDGE_LOOP('',(#3790,#3791,#3792,#3793));
#668=EDGE_LOOP('',(#3794,#3795,#3796,#3797));
#669=EDGE_LOOP('',(#3798,#3799,#3800,#3801));
#670=EDGE_LOOP('',(#3802,#3803,#3804,#3805));
#671=EDGE_LOOP('',(#3806,#3807,#3808,#3809));
#672=EDGE_LOOP('',(#3810,#3811,#3812,#3813));
#673=EDGE_LOOP('',(#3814,#3815,#3816,#3817));
#674=EDGE_LOOP('',(#3818,#3819,#3820,#3821));
#675=EDGE_LOOP('',(#3822,#3823,#3824,#3825));
#676=EDGE_LOOP('',(#3826,#3827,#3828,#3829));
#677=EDGE_LOOP('',(#3830,#3831,#3832,#3833));
#678=EDGE_LOOP('',(#3834,#3835,#3836,#3837));
#679=EDGE_LOOP('',(#3838,#3839,#3840,#3841));
#680=EDGE_LOOP('',(#3842,#3843,#3844,#3845));
#681=EDGE_LOOP('',(#3846,#3847,#3848,#3849));
#682=EDGE_LOOP('',(#3850,#3851,#3852,#3853));
#683=EDGE_LOOP('',(#3854,#3855,#3856,#3857));
#684=EDGE_LOOP('',(#3858,#3859,#3860,#3861));
#685=EDGE_LOOP('',(#3862,#3863,#3864,#3865));
#686=EDGE_LOOP('',(#3866,#3867,#3868,#3869));
#687=EDGE_LOOP('',(#3870,#3871,#3872,#3873));
#688=EDGE_LOOP('',(#3874,#3875,#3876,#3877));
#689=EDGE_LOOP('',(#3878,#3879,#3880,#3881));
#690=EDGE_LOOP('',(#3882,#3883,#3884,#3885));
#691=EDGE_LOOP('',(#3886,#3887,#3888,#3889));
#692=EDGE_LOOP('',(#3890,#3891,#3892,#3893));
#693=EDGE_LOOP('',(#3894,#3895,#3896,#3897));
#694=EDGE_LOOP('',(#3898,#3899,#3900,#3901));
#695=EDGE_LOOP('',(#3902,#3903,#3904,#3905));
#696=EDGE_LOOP('',(#3906,#3907,#3908,#3909));
#697=EDGE_LOOP('',(#3910,#3911,#3912,#3913,#3914,#3915,#3916,#3917,#3918,
#3919,#3920,#3921,#3922,#3923,#3924,#3925,#3926,#3927,#3928,#3929,#3930,
#3931,#3932,#3933,#3934));
#698=EDGE_LOOP('',(#3935,#3936,#3937,#3938,#3939,#3940,#3941,#3942,#3943,
#3944,#3945,#3946));
#699=EDGE_LOOP('',(#3947,#3948,#3949,#3950));
#700=EDGE_LOOP('',(#3951,#3952,#3953,#3954));
#701=EDGE_LOOP('',(#3955,#3956,#3957,#3958));
#702=EDGE_LOOP('',(#3959,#3960,#3961,#3962));
#703=EDGE_LOOP('',(#3963,#3964,#3965,#3966));
#704=EDGE_LOOP('',(#3967,#3968,#3969,#3970));
#705=EDGE_LOOP('',(#3971,#3972,#3973,#3974));
#706=EDGE_LOOP('',(#3975,#3976,#3977,#3978));
#707=EDGE_LOOP('',(#3979,#3980,#3981,#3982));
#708=EDGE_LOOP('',(#3983,#3984,#3985,#3986));
#709=EDGE_LOOP('',(#3987,#3988,#3989,#3990));
#710=EDGE_LOOP('',(#3991,#3992,#3993,#3994));
#711=EDGE_LOOP('',(#3995,#3996,#3997,#3998));
#712=EDGE_LOOP('',(#3999,#4000,#4001,#4002));
#713=EDGE_LOOP('',(#4003,#4004,#4005,#4006));
#714=EDGE_LOOP('',(#4007,#4008,#4009,#4010));
#715=EDGE_LOOP('',(#4011,#4012,#4013,#4014));
#716=EDGE_LOOP('',(#4015,#4016,#4017,#4018));
#717=EDGE_LOOP('',(#4019,#4020,#4021,#4022));
#718=EDGE_LOOP('',(#4023,#4024,#4025,#4026));
#719=EDGE_LOOP('',(#4027,#4028,#4029,#4030));
#720=EDGE_LOOP('',(#4031,#4032,#4033,#4034));
#721=EDGE_LOOP('',(#4035,#4036,#4037,#4038));
#722=EDGE_LOOP('',(#4039,#4040,#4041,#4042));
#723=EDGE_LOOP('',(#4043,#4044,#4045,#4046));
#724=EDGE_LOOP('',(#4047,#4048,#4049,#4050));
#725=EDGE_LOOP('',(#4051,#4052,#4053,#4054));
#726=EDGE_LOOP('',(#4055,#4056,#4057,#4058));
#727=EDGE_LOOP('',(#4059,#4060,#4061,#4062));
#728=EDGE_LOOP('',(#4063,#4064,#4065,#4066));
#729=EDGE_LOOP('',(#4067,#4068,#4069,#4070));
#730=EDGE_LOOP('',(#4071,#4072,#4073,#4074,#4075,#4076,#4077,#4078,#4079,
#4080,#4081,#4082,#4083,#4084,#4085,#4086,#4087,#4088,#4089,#4090,#4091,
#4092,#4093,#4094,#4095,#4096,#4097,#4098,#4099,#4100,#4101));
#731=EDGE_LOOP('',(#4102,#4103,#4104,#4105,#4106,#4107,#4108,#4109,#4110,
#4111,#4112,#4113,#4114,#4115,#4116,#4117,#4118,#4119,#4120,#4121));
#732=EDGE_LOOP('',(#4122));
#733=EDGE_LOOP('',(#4123));
#734=EDGE_LOOP('',(#4124));
#735=EDGE_LOOP('',(#4125));
#736=EDGE_LOOP('',(#4126,#4127,#4128,#4129,#4130,#4131,#4132,#4133,#4134,
#4135,#4136,#4137));
#737=EDGE_LOOP('',(#4138,#4139,#4140,#4141));
#738=EDGE_LOOP('',(#4142,#4143,#4144,#4145));
#739=EDGE_LOOP('',(#4146,#4147,#4148,#4149));
#740=EDGE_LOOP('',(#4150,#4151,#4152,#4153));
#741=EDGE_LOOP('',(#4154,#4155,#4156,#4157));
#742=EDGE_LOOP('',(#4158,#4159,#4160,#4161));
#743=EDGE_LOOP('',(#4162,#4163,#4164,#4165));
#744=EDGE_LOOP('',(#4166,#4167,#4168,#4169));
#745=EDGE_LOOP('',(#4170,#4171,#4172,#4173));
#746=EDGE_LOOP('',(#4174,#4175,#4176,#4177));
#747=EDGE_LOOP('',(#4178,#4179,#4180,#4181));
#748=EDGE_LOOP('',(#4182,#4183,#4184,#4185));
#749=EDGE_LOOP('',(#4186,#4187,#4188,#4189));
#750=EDGE_LOOP('',(#4190,#4191,#4192,#4193));
#751=EDGE_LOOP('',(#4194,#4195,#4196,#4197));
#752=EDGE_LOOP('',(#4198,#4199,#4200,#4201));
#753=EDGE_LOOP('',(#4202,#4203,#4204,#4205));
#754=EDGE_LOOP('',(#4206,#4207,#4208,#4209));
#755=EDGE_LOOP('',(#4210,#4211,#4212,#4213));
#756=EDGE_LOOP('',(#4214,#4215,#4216,#4217));
#757=EDGE_LOOP('',(#4218,#4219,#4220,#4221));
#758=EDGE_LOOP('',(#4222,#4223,#4224,#4225));
#759=EDGE_LOOP('',(#4226,#4227,#4228,#4229));
#760=EDGE_LOOP('',(#4230,#4231,#4232,#4233));
#761=EDGE_LOOP('',(#4234,#4235,#4236,#4237));
#762=EDGE_LOOP('',(#4238,#4239,#4240,#4241));
#763=EDGE_LOOP('',(#4242,#4243,#4244,#4245));
#764=EDGE_LOOP('',(#4246,#4247,#4248,#4249));
#765=EDGE_LOOP('',(#4250,#4251,#4252,#4253));
#766=EDGE_LOOP('',(#4254,#4255,#4256,#4257,#4258,#4259,#4260,#4261,#4262,
#4263,#4264,#4265,#4266,#4267,#4268,#4269,#4270,#4271,#4272,#4273));
#767=EDGE_LOOP('',(#4274,#4275,#4276,#4277));
#768=EDGE_LOOP('',(#4278,#4279,#4280,#4281));
#769=EDGE_LOOP('',(#4282,#4283,#4284,#4285));
#770=EDGE_LOOP('',(#4286,#4287,#4288,#4289));
#771=EDGE_LOOP('',(#4290,#4291,#4292,#4293));
#772=EDGE_LOOP('',(#4294,#4295,#4296,#4297));
#773=EDGE_LOOP('',(#4298,#4299,#4300,#4301));
#774=EDGE_LOOP('',(#4302,#4303,#4304,#4305));
#775=EDGE_LOOP('',(#4306,#4307,#4308,#4309));
#776=EDGE_LOOP('',(#4310,#4311,#4312,#4313));
#777=EDGE_LOOP('',(#4314,#4315,#4316,#4317));
#778=EDGE_LOOP('',(#4318,#4319,#4320,#4321));
#779=EDGE_LOOP('',(#4322,#4323,#4324,#4325));
#780=EDGE_LOOP('',(#4326,#4327,#4328,#4329));
#781=EDGE_LOOP('',(#4330,#4331,#4332,#4333));
#782=EDGE_LOOP('',(#4334,#4335,#4336,#4337));
#783=EDGE_LOOP('',(#4338,#4339,#4340,#4341));
#784=EDGE_LOOP('',(#4342,#4343,#4344,#4345));
#785=EDGE_LOOP('',(#4346,#4347,#4348,#4349));
#786=EDGE_LOOP('',(#4350,#4351,#4352,#4353));
#787=EDGE_LOOP('',(#4354,#4355,#4356,#4357));
#788=EDGE_LOOP('',(#4358,#4359,#4360,#4361));
#789=EDGE_LOOP('',(#4362,#4363,#4364,#4365));
#790=EDGE_LOOP('',(#4366,#4367,#4368,#4369));
#791=EDGE_LOOP('',(#4370,#4371,#4372,#4373));
#792=EDGE_LOOP('',(#4374,#4375,#4376,#4377));
#793=EDGE_LOOP('',(#4378,#4379,#4380,#4381));
#794=EDGE_LOOP('',(#4382,#4383,#4384,#4385));
#795=EDGE_LOOP('',(#4386,#4387,#4388,#4389));
#796=EDGE_LOOP('',(#4390,#4391,#4392,#4393));
#797=EDGE_LOOP('',(#4394,#4395,#4396,#4397));
#798=EDGE_LOOP('',(#4398,#4399,#4400,#4401));
#799=EDGE_LOOP('',(#4402,#4403,#4404,#4405));
#800=EDGE_LOOP('',(#4406,#4407,#4408,#4409));
#801=EDGE_LOOP('',(#4410,#4411,#4412,#4413));
#802=EDGE_LOOP('',(#4414,#4415,#4416,#4417));
#803=EDGE_LOOP('',(#4418,#4419,#4420,#4421));
#804=EDGE_LOOP('',(#4422,#4423,#4424,#4425));
#805=EDGE_LOOP('',(#4426,#4427,#4428,#4429));
#806=EDGE_LOOP('',(#4430,#4431,#4432,#4433));
#807=EDGE_LOOP('',(#4434,#4435,#4436,#4437));
#808=EDGE_LOOP('',(#4438,#4439,#4440,#4441));
#809=EDGE_LOOP('',(#4442,#4443,#4444,#4445));
#810=EDGE_LOOP('',(#4446,#4447,#4448,#4449));
#811=EDGE_LOOP('',(#4450,#4451,#4452,#4453));
#812=EDGE_LOOP('',(#4454,#4455,#4456,#4457));
#813=EDGE_LOOP('',(#4458,#4459,#4460,#4461));
#814=EDGE_LOOP('',(#4462,#4463,#4464,#4465));
#815=EDGE_LOOP('',(#4466,#4467,#4468,#4469));
#816=EDGE_LOOP('',(#4470,#4471,#4472,#4473));
#817=EDGE_LOOP('',(#4474,#4475,#4476,#4477));
#818=EDGE_LOOP('',(#4478,#4479,#4480,#4481));
#819=EDGE_LOOP('',(#4482,#4483,#4484,#4485));
#820=EDGE_LOOP('',(#4486,#4487,#4488,#4489));
#821=EDGE_LOOP('',(#4490,#4491,#4492,#4493));
#822=LINE('',#5908,#1210);
#823=LINE('',#5994,#1211);
#824=LINE('',#6023,#1212);
#825=LINE('',#6030,#1213);
#826=LINE('',#6047,#1214);
#827=LINE('',#6064,#1215);
#828=LINE('',#6081,#1216);
#829=LINE('',#6098,#1217);
#830=LINE('',#6115,#1218);
#831=LINE('',#6132,#1219);
#832=LINE('',#6149,#1220);
#833=LINE('',#6166,#1221);
#834=LINE('',#6183,#1222);
#835=LINE('',#6200,#1223);
#836=LINE('',#6217,#1224);
#837=LINE('',#6234,#1225);
#838=LINE('',#6237,#1226);
#839=LINE('',#6238,#1227);
#840=LINE('',#6255,#1228);
#841=LINE('',#6272,#1229);
#842=LINE('',#6289,#1230);
#843=LINE('',#6306,#1231);
#844=LINE('',#6323,#1232);
#845=LINE('',#6340,#1233);
#846=LINE('',#6357,#1234);
#847=LINE('',#6374,#1235);
#848=LINE('',#6391,#1236);
#849=LINE('',#6408,#1237);
#850=LINE('',#6425,#1238);
#851=LINE('',#6442,#1239);
#852=LINE('',#6459,#1240);
#853=LINE('',#6476,#1241);
#854=LINE('',#6479,#1242);
#855=LINE('',#6480,#1243);
#856=LINE('',#6497,#1244);
#857=LINE('',#6514,#1245);
#858=LINE('',#6551,#1246);
#859=LINE('',#6667,#1247);
#860=LINE('',#6669,#1248);
#861=LINE('',#6689,#1249);
#862=LINE('',#6691,#1250);
#863=LINE('',#6708,#1251);
#864=LINE('',#6715,#1252);
#865=LINE('',#6732,#1253);
#866=LINE('',#6749,#1254);
#867=LINE('',#6752,#1255);
#868=LINE('',#6753,#1256);
#869=LINE('',#6770,#1257);
#870=LINE('',#6787,#1258);
#871=LINE('',#6804,#1259);
#872=LINE('',#6821,#1260);
#873=LINE('',#6838,#1261);
#874=LINE('',#6855,#1262);
#875=LINE('',#6872,#1263);
#876=LINE('',#6889,#1264);
#877=LINE('',#6906,#1265);
#878=LINE('',#6923,#1266);
#879=LINE('',#6940,#1267);
#880=LINE('',#6957,#1268);
#881=LINE('',#6974,#1269);
#882=LINE('',#6991,#1270);
#883=LINE('',#7008,#1271);
#884=LINE('',#7025,#1272);
#885=LINE('',#7042,#1273);
#886=LINE('',#7059,#1274);
#887=LINE('',#7076,#1275);
#888=LINE('',#7079,#1276);
#889=LINE('',#7080,#1277);
#890=LINE('',#7083,#1278);
#891=LINE('',#7084,#1279);
#892=LINE('',#7101,#1280);
#893=LINE('',#7118,#1281);
#894=LINE('',#7135,#1282);
#895=LINE('',#7138,#1283);
#896=LINE('',#7139,#1284);
#897=LINE('',#7142,#1285);
#898=LINE('',#7143,#1286);
#899=LINE('',#7198,#1287);
#900=LINE('',#7224,#1288);
#901=LINE('',#7313,#1289);
#902=LINE('',#7320,#1290);
#903=LINE('',#7337,#1291);
#904=LINE('',#7354,#1292);
#905=LINE('',#7371,#1293);
#906=LINE('',#7388,#1294);
#907=LINE('',#7405,#1295);
#908=LINE('',#7408,#1296);
#909=LINE('',#7409,#1297);
#910=LINE('',#7426,#1298);
#911=LINE('',#7443,#1299);
#912=LINE('',#7460,#1300);
#913=LINE('',#7477,#1301);
#914=LINE('',#7480,#1302);
#915=LINE('',#7481,#1303);
#916=LINE('',#7498,#1304);
#917=LINE('',#7515,#1305);
#918=LINE('',#7532,#1306);
#919=LINE('',#7559,#1307);
#920=LINE('',#7566,#1308);
#921=LINE('',#7583,#1309);
#922=LINE('',#7600,#1310);
#923=LINE('',#7617,#1311);
#924=LINE('',#7634,#1312);
#925=LINE('',#7651,#1313);
#926=LINE('',#7668,#1314);
#927=LINE('',#7685,#1315);
#928=LINE('',#7835,#1316);
#929=LINE('',#7836,#1317);
#930=LINE('',#7839,#1318);
#931=LINE('',#7843,#1319);
#932=LINE('',#7847,#1320);
#933=LINE('',#7851,#1321);
#934=LINE('',#7853,#1322);
#935=LINE('',#7855,#1323);
#936=LINE('',#7857,#1324);
#937=LINE('',#7859,#1325);
#938=LINE('',#7861,#1326);
#939=LINE('',#7863,#1327);
#940=LINE('',#7865,#1328);
#941=LINE('',#7867,#1329);
#942=LINE('',#7869,#1330);
#943=LINE('',#7871,#1331);
#944=LINE('',#7875,#1332);
#945=LINE('',#7879,#1333);
#946=LINE('',#7883,#1334);
#947=LINE('',#7887,#1335);
#948=LINE('',#7890,#1336);
#949=LINE('',#7921,#1337);
#950=LINE('',#7923,#1338);
#951=LINE('',#7997,#1339);
#952=LINE('',#8047,#1340);
#953=LINE('',#8049,#1341);
#954=LINE('',#8069,#1342);
#955=LINE('',#8071,#1343);
#956=LINE('',#8187,#1344);
#957=LINE('',#8205,#1345);
#958=LINE('',#8206,#1346);
#959=LINE('',#8209,#1347);
#960=LINE('',#8210,#1348);
#961=LINE('',#8213,#1349);
#962=LINE('',#8214,#1350);
#963=LINE('',#8217,#1351);
#964=LINE('',#8219,#1352);
#965=LINE('',#8220,#1353);
#966=LINE('',#8223,#1354);
#967=LINE('',#8228,#1355);
#968=LINE('',#8231,#1356);
#969=LINE('',#8236,#1357);
#970=LINE('',#8239,#1358);
#971=LINE('',#8244,#1359);
#972=LINE('',#8247,#1360);
#973=LINE('',#8252,#1361);
#974=LINE('',#8256,#1362);
#975=LINE('',#8260,#1363);
#976=LINE('',#8264,#1364);
#977=LINE('',#8268,#1365);
#978=LINE('',#8272,#1366);
#979=LINE('',#8276,#1367);
#980=LINE('',#8280,#1368);
#981=LINE('',#8284,#1369);
#982=LINE('',#8303,#1370);
#983=LINE('',#8310,#1371);
#984=LINE('',#8328,#1372);
#985=LINE('',#8351,#1373);
#986=LINE('',#8374,#1374);
#987=LINE('',#8397,#1375);
#988=LINE('',#8420,#1376);
#989=LINE('',#8428,#1377);
#990=LINE('',#8430,#1378);
#991=LINE('',#8431,#1379);
#992=LINE('',#8449,#1380);
#993=LINE('',#8472,#1381);
#994=LINE('',#8480,#1382);
#995=LINE('',#8482,#1383);
#996=LINE('',#8483,#1384);
#997=LINE('',#8486,#1385);
#998=LINE('',#8488,#1386);
#999=LINE('',#8489,#1387);
#1000=LINE('',#8521,#1388);
#1001=LINE('',#8528,#1389);
#1002=LINE('',#8540,#1390);
#1003=LINE('',#8557,#1391);
#1004=LINE('',#8574,#1392);
#1005=LINE('',#8591,#1393);
#1006=LINE('',#8608,#1394);
#1007=LINE('',#8625,#1395);
#1008=LINE('',#8633,#1396);
#1009=LINE('',#8634,#1397);
#1010=LINE('',#8646,#1398);
#1011=LINE('',#8663,#1399);
#1012=LINE('',#8680,#1400);
#1013=LINE('',#8697,#1401);
#1014=LINE('',#8714,#1402);
#1015=LINE('',#8731,#1403);
#1016=LINE('',#8748,#1404);
#1017=LINE('',#8765,#1405);
#1018=LINE('',#8782,#1406);
#1019=LINE('',#8799,#1407);
#1020=LINE('',#8816,#1408);
#1021=LINE('',#8833,#1409);
#1022=LINE('',#8841,#1410);
#1023=LINE('',#8842,#1411);
#1024=LINE('',#8845,#1412);
#1025=LINE('',#8846,#1413);
#1026=LINE('',#8858,#1414);
#1027=LINE('',#8875,#1415);
#1028=LINE('',#8908,#1416);
#1029=LINE('',#8915,#1417);
#1030=LINE('',#8927,#1418);
#1031=LINE('',#8944,#1419);
#1032=LINE('',#8952,#1420);
#1033=LINE('',#8953,#1421);
#1034=LINE('',#8965,#1422);
#1035=LINE('',#8982,#1423);
#1036=LINE('',#8999,#1424);
#1037=LINE('',#9016,#1425);
#1038=LINE('',#9033,#1426);
#1039=LINE('',#9050,#1427);
#1040=LINE('',#9067,#1428);
#1041=LINE('',#9084,#1429);
#1042=LINE('',#9101,#1430);
#1043=LINE('',#9118,#1431);
#1044=LINE('',#9135,#1432);
#1045=LINE('',#9152,#1433);
#1046=LINE('',#9169,#1434);
#1047=LINE('',#9186,#1435);
#1048=LINE('',#9203,#1436);
#1049=LINE('',#9220,#1437);
#1050=LINE('',#9237,#1438);
#1051=LINE('',#9254,#1439);
#1052=LINE('',#9271,#1440);
#1053=LINE('',#9279,#1441);
#1054=LINE('',#9280,#1442);
#1055=LINE('',#9283,#1443);
#1056=LINE('',#9284,#1444);
#1057=LINE('',#9296,#1445);
#1058=LINE('',#9313,#1446);
#1059=LINE('',#9330,#1447);
#1060=LINE('',#9338,#1448);
#1061=LINE('',#9339,#1449);
#1062=LINE('',#9342,#1450);
#1063=LINE('',#9343,#1451);
#1064=LINE('',#9364,#1452);
#1065=LINE('',#9368,#1453);
#1066=LINE('',#9372,#1454);
#1067=LINE('',#9376,#1455);
#1068=LINE('',#9380,#1456);
#1069=LINE('',#9382,#1457);
#1070=LINE('',#9384,#1458);
#1071=LINE('',#9388,#1459);
#1072=LINE('',#9392,#1460);
#1073=LINE('',#9397,#1461);
#1074=LINE('',#9399,#1462);
#1075=LINE('',#9400,#1463);
#1076=LINE('',#9404,#1464);
#1077=LINE('',#9406,#1465);
#1078=LINE('',#9408,#1466);
#1079=LINE('',#9409,#1467);
#1080=LINE('',#9412,#1468);
#1081=LINE('',#9414,#1469);
#1082=LINE('',#9415,#1470);
#1083=LINE('',#9418,#1471);
#1084=LINE('',#9420,#1472);
#1085=LINE('',#9421,#1473);
#1086=LINE('',#9425,#1474);
#1087=LINE('',#9427,#1475);
#1088=LINE('',#9429,#1476);
#1089=LINE('',#9430,#1477);
#1090=LINE('',#9433,#1478);
#1091=LINE('',#9434,#1479);
#1092=LINE('',#9435,#1480);
#1093=LINE('',#9438,#1481);
#1094=LINE('',#9439,#1482);
#1095=LINE('',#9442,#1483);
#1096=LINE('',#9444,#1484);
#1097=LINE('',#9446,#1485);
#1098=LINE('',#9447,#1486);
#1099=LINE('',#9450,#1487);
#1100=LINE('',#9452,#1488);
#1101=LINE('',#9453,#1489);
#1102=LINE('',#9456,#1490);
#1103=LINE('',#9458,#1491);
#1104=LINE('',#9459,#1492);
#1105=LINE('',#9462,#1493);
#1106=LINE('',#9464,#1494);
#1107=LINE('',#9465,#1495);
#1108=LINE('',#9467,#1496);
#1109=LINE('',#9469,#1497);
#1110=LINE('',#9470,#1498);
#1111=LINE('',#9474,#1499);
#1112=LINE('',#9476,#1500);
#1113=LINE('',#9478,#1501);
#1114=LINE('',#9479,#1502);
#1115=LINE('',#9481,#1503);
#1116=LINE('',#9483,#1504);
#1117=LINE('',#9484,#1505);
#1118=LINE('',#9486,#1506);
#1119=LINE('',#9488,#1507);
#1120=LINE('',#9489,#1508);
#1121=LINE('',#9492,#1509);
#1122=LINE('',#9493,#1510);
#1123=LINE('',#9495,#1511);
#1124=LINE('',#9496,#1512);
#1125=LINE('',#9498,#1513);
#1126=LINE('',#9499,#1514);
#1127=LINE('',#9501,#1515);
#1128=LINE('',#9502,#1516);
#1129=LINE('',#9505,#1517);
#1130=LINE('',#9506,#1518);
#1131=LINE('',#9509,#1519);
#1132=LINE('',#9510,#1520);
#1133=LINE('',#9513,#1521);
#1134=LINE('',#9514,#1522);
#1135=LINE('',#9517,#1523);
#1136=LINE('',#9518,#1524);
#1137=LINE('',#9520,#1525);
#1138=LINE('',#9523,#1526);
#1139=LINE('',#9524,#1527);
#1140=LINE('',#9527,#1528);
#1141=LINE('',#9528,#1529);
#1142=LINE('',#9531,#1530);
#1143=LINE('',#9532,#1531);
#1144=LINE('',#9535,#1532);
#1145=LINE('',#9536,#1533);
#1146=LINE('',#9539,#1534);
#1147=LINE('',#9541,#1535);
#1148=LINE('',#9544,#1536);
#1149=LINE('',#9548,#1537);
#1150=LINE('',#9549,#1538);
#1151=LINE('',#9554,#1539);
#1152=LINE('',#9558,#1540);
#1153=LINE('',#9560,#1541);
#1154=LINE('',#9561,#1542);
#1155=LINE('',#9566,#1543);
#1156=LINE('',#9570,#1544);
#1157=LINE('',#9572,#1545);
#1158=LINE('',#9573,#1546);
#1159=LINE('',#9578,#1547);
#1160=LINE('',#9582,#1548);
#1161=LINE('',#9584,#1549);
#1162=LINE('',#9585,#1550);
#1163=LINE('',#9590,#1551);
#1164=LINE('',#9594,#1552);
#1165=LINE('',#9596,#1553);
#1166=LINE('',#9597,#1554);
#1167=LINE('',#9602,#1555);
#1168=LINE('',#9605,#1556);
#1169=LINE('',#9606,#1557);
#1170=LINE('',#9608,#1558);
#1171=LINE('',#9610,#1559);
#1172=LINE('',#9612,#1560);
#1173=LINE('',#9614,#1561);
#1174=LINE('',#9616,#1562);
#1175=LINE('',#9618,#1563);
#1176=LINE('',#9620,#1564);
#1177=LINE('',#9622,#1565);
#1178=LINE('',#9624,#1566);
#1179=LINE('',#9628,#1567);
#1180=LINE('',#9630,#1568);
#1181=LINE('',#9634,#1569);
#1182=LINE('',#9635,#1570);
#1183=LINE('',#9638,#1571);
#1184=LINE('',#9642,#1572);
#1185=LINE('',#9643,#1573);
#1186=LINE('',#9649,#1574);
#1187=LINE('',#9652,#1575);
#1188=LINE('',#9653,#1576);
#1189=LINE('',#9657,#1577);
#1190=LINE('',#9660,#1578);
#1191=LINE('',#9661,#1579);
#1192=LINE('',#9665,#1580);
#1193=LINE('',#9667,#1581);
#1194=LINE('',#9668,#1582);
#1195=LINE('',#9670,#1583);
#1196=LINE('',#9672,#1584);
#1197=LINE('',#9674,#1585);
#1198=LINE('',#9676,#1586);
#1199=LINE('',#9678,#1587);
#1200=LINE('',#9680,#1588);
#1201=LINE('',#9682,#1589);
#1202=LINE('',#9684,#1590);
#1203=LINE('',#9686,#1591);
#1204=LINE('',#9688,#1592);
#1205=LINE('',#9690,#1593);
#1206=LINE('',#9692,#1594);
#1207=LINE('',#9694,#1595);
#1208=LINE('',#9698,#1596);
#1209=LINE('',#9700,#1597);
#1210=VECTOR('',#5066,10.);
#1211=VECTOR('',#5067,10.);
#1212=VECTOR('',#5068,10.);
#1213=VECTOR('',#5069,10.);
#1214=VECTOR('',#5070,10.);
#1215=VECTOR('',#5071,10.);
#1216=VECTOR('',#5072,10.);
#1217=VECTOR('',#5073,10.);
#1218=VECTOR('',#5074,10.);
#1219=VECTOR('',#5075,10.);
#1220=VECTOR('',#5076,10.);
#1221=VECTOR('',#5077,10.);
#1222=VECTOR('',#5078,10.);
#1223=VECTOR('',#5079,10.);
#1224=VECTOR('',#5080,10.);
#1225=VECTOR('',#5081,10.);
#1226=VECTOR('',#5084,10.);
#1227=VECTOR('',#5085,10.);
#1228=VECTOR('',#5086,10.);
#1229=VECTOR('',#5087,10.);
#1230=VECTOR('',#5088,10.);
#1231=VECTOR('',#5089,10.);
#1232=VECTOR('',#5090,10.);
#1233=VECTOR('',#5091,10.);
#1234=VECTOR('',#5092,10.);
#1235=VECTOR('',#5093,10.);
#1236=VECTOR('',#5094,10.);
#1237=VECTOR('',#5095,10.);
#1238=VECTOR('',#5096,10.);
#1239=VECTOR('',#5097,10.);
#1240=VECTOR('',#5098,10.);
#1241=VECTOR('',#5099,10.);
#1242=VECTOR('',#5102,10.);
#1243=VECTOR('',#5103,10.);
#1244=VECTOR('',#5104,10.);
#1245=VECTOR('',#5105,10.);
#1246=VECTOR('',#5108,10.);
#1247=VECTOR('',#5109,10.);
#1248=VECTOR('',#5110,10.);
#1249=VECTOR('',#5111,10.);
#1250=VECTOR('',#5112,10.);
#1251=VECTOR('',#5113,10.);
#1252=VECTOR('',#5114,10.);
#1253=VECTOR('',#5115,10.);
#1254=VECTOR('',#5116,10.);
#1255=VECTOR('',#5119,10.);
#1256=VECTOR('',#5120,10.);
#1257=VECTOR('',#5121,10.);
#1258=VECTOR('',#5122,10.);
#1259=VECTOR('',#5123,10.);
#1260=VECTOR('',#5124,10.);
#1261=VECTOR('',#5125,10.);
#1262=VECTOR('',#5126,10.);
#1263=VECTOR('',#5127,10.);
#1264=VECTOR('',#5128,10.);
#1265=VECTOR('',#5129,10.);
#1266=VECTOR('',#5130,10.);
#1267=VECTOR('',#5131,10.);
#1268=VECTOR('',#5132,10.);
#1269=VECTOR('',#5133,10.);
#1270=VECTOR('',#5134,10.);
#1271=VECTOR('',#5135,10.);
#1272=VECTOR('',#5136,10.);
#1273=VECTOR('',#5137,10.);
#1274=VECTOR('',#5138,10.);
#1275=VECTOR('',#5139,10.);
#1276=VECTOR('',#5142,10.);
#1277=VECTOR('',#5143,10.);
#1278=VECTOR('',#5146,10.);
#1279=VECTOR('',#5147,10.);
#1280=VECTOR('',#5148,10.);
#1281=VECTOR('',#5149,10.);
#1282=VECTOR('',#5150,10.);
#1283=VECTOR('',#5153,10.);
#1284=VECTOR('',#5154,10.);
#1285=VECTOR('',#5157,10.);
#1286=VECTOR('',#5158,10.);
#1287=VECTOR('',#5161,10.);
#1288=VECTOR('',#5162,10.);
#1289=VECTOR('',#5163,10.);
#1290=VECTOR('',#5164,10.);
#1291=VECTOR('',#5165,10.);
#1292=VECTOR('',#5166,10.);
#1293=VECTOR('',#5167,10.);
#1294=VECTOR('',#5168,10.);
#1295=VECTOR('',#5169,10.);
#1296=VECTOR('',#5172,10.);
#1297=VECTOR('',#5173,10.);
#1298=VECTOR('',#5174,10.);
#1299=VECTOR('',#5175,10.);
#1300=VECTOR('',#5176,10.);
#1301=VECTOR('',#5177,10.);
#1302=VECTOR('',#5180,10.);
#1303=VECTOR('',#5181,10.);
#1304=VECTOR('',#5182,10.);
#1305=VECTOR('',#5183,10.);
#1306=VECTOR('',#5184,10.);
#1307=VECTOR('',#5185,10.);
#1308=VECTOR('',#5186,10.);
#1309=VECTOR('',#5187,10.);
#1310=VECTOR('',#5188,10.);
#1311=VECTOR('',#5189,10.);
#1312=VECTOR('',#5190,10.);
#1313=VECTOR('',#5191,10.);
#1314=VECTOR('',#5192,10.);
#1315=VECTOR('',#5193,10.);
#1316=VECTOR('',#5198,10.);
#1317=VECTOR('',#5199,10.);
#1318=VECTOR('',#5202,10.);
#1319=VECTOR('',#5205,10.);
#1320=VECTOR('',#5208,10.);
#1321=VECTOR('',#5211,10.);
#1322=VECTOR('',#5212,10.);
#1323=VECTOR('',#5213,10.);
#1324=VECTOR('',#5214,10.);
#1325=VECTOR('',#5215,10.);
#1326=VECTOR('',#5216,10.);
#1327=VECTOR('',#5217,10.);
#1328=VECTOR('',#5218,10.);
#1329=VECTOR('',#5219,10.);
#1330=VECTOR('',#5220,10.);
#1331=VECTOR('',#5221,10.);
#1332=VECTOR('',#5224,10.);
#1333=VECTOR('',#5227,10.);
#1334=VECTOR('',#5230,10.);
#1335=VECTOR('',#5233,10.);
#1336=VECTOR('',#5236,10.);
#1337=VECTOR('',#5241,10.);
#1338=VECTOR('',#5242,10.);
#1339=VECTOR('',#5243,10.);
#1340=VECTOR('',#5244,10.);
#1341=VECTOR('',#5245,10.);
#1342=VECTOR('',#5246,10.);
#1343=VECTOR('',#5247,10.);
#1344=VECTOR('',#5248,10.);
#1345=VECTOR('',#5255,10.);
#1346=VECTOR('',#5256,10.);
#1347=VECTOR('',#5259,10.);
#1348=VECTOR('',#5260,10.);
#1349=VECTOR('',#5263,10.);
#1350=VECTOR('',#5264,10.);
#1351=VECTOR('',#5267,10.);
#1352=VECTOR('',#5268,10.);
#1353=VECTOR('',#5269,10.);
#1354=VECTOR('',#5272,1.65);
#1355=VECTOR('',#5279,1.55);
#1356=VECTOR('',#5282,1.65);
#1357=VECTOR('',#5289,1.55);
#1358=VECTOR('',#5292,1.65);
#1359=VECTOR('',#5299,1.55);
#1360=VECTOR('',#5302,1.65);
#1361=VECTOR('',#5309,1.55);
#1362=VECTOR('',#5314,2.275);
#1363=VECTOR('',#5319,2.275);
#1364=VECTOR('',#5324,2.275);
#1365=VECTOR('',#5329,2.275);
#1366=VECTOR('',#5334,3.00000000000001);
#1367=VECTOR('',#5339,3.00000000000001);
#1368=VECTOR('',#5344,3.);
#1369=VECTOR('',#5349,3.);
#1370=VECTOR('',#5350,10.);
#1371=VECTOR('',#5351,10.);
#1372=VECTOR('',#5352,10.);
#1373=VECTOR('',#5353,10.);
#1374=VECTOR('',#5354,10.);
#1375=VECTOR('',#5355,10.);
#1376=VECTOR('',#5356,10.);
#1377=VECTOR('',#5359,10.);
#1378=VECTOR('',#5360,10.);
#1379=VECTOR('',#5361,10.);
#1380=VECTOR('',#5362,10.);
#1381=VECTOR('',#5363,10.);
#1382=VECTOR('',#5366,10.);
#1383=VECTOR('',#5367,10.);
#1384=VECTOR('',#5368,10.);
#1385=VECTOR('',#5371,10.);
#1386=VECTOR('',#5372,10.);
#1387=VECTOR('',#5373,10.);
#1388=VECTOR('',#5374,10.);
#1389=VECTOR('',#5375,10.);
#1390=VECTOR('',#5376,10.);
#1391=VECTOR('',#5377,10.);
#1392=VECTOR('',#5378,10.);
#1393=VECTOR('',#5379,10.);
#1394=VECTOR('',#5380,10.);
#1395=VECTOR('',#5381,10.);
#1396=VECTOR('',#5384,10.);
#1397=VECTOR('',#5385,10.);
#1398=VECTOR('',#5386,10.);
#1399=VECTOR('',#5387,10.);
#1400=VECTOR('',#5388,10.);
#1401=VECTOR('',#5389,10.);
#1402=VECTOR('',#5390,10.);
#1403=VECTOR('',#5391,10.);
#1404=VECTOR('',#5392,10.);
#1405=VECTOR('',#5393,10.);
#1406=VECTOR('',#5394,10.);
#1407=VECTOR('',#5395,10.);
#1408=VECTOR('',#5396,10.);
#1409=VECTOR('',#5397,10.);
#1410=VECTOR('',#5400,10.);
#1411=VECTOR('',#5401,10.);
#1412=VECTOR('',#5404,10.);
#1413=VECTOR('',#5405,10.);
#1414=VECTOR('',#5406,10.);
#1415=VECTOR('',#5407,10.);
#1416=VECTOR('',#5410,10.);
#1417=VECTOR('',#5411,10.);
#1418=VECTOR('',#5412,10.);
#1419=VECTOR('',#5413,10.);
#1420=VECTOR('',#5416,10.);
#1421=VECTOR('',#5417,10.);
#1422=VECTOR('',#5418,10.);
#1423=VECTOR('',#5419,10.);
#1424=VECTOR('',#5420,10.);
#1425=VECTOR('',#5421,10.);
#1426=VECTOR('',#5422,10.);
#1427=VECTOR('',#5423,10.);
#1428=VECTOR('',#5424,10.);
#1429=VECTOR('',#5425,10.);
#1430=VECTOR('',#5426,10.);
#1431=VECTOR('',#5427,10.);
#1432=VECTOR('',#5428,10.);
#1433=VECTOR('',#5429,10.);
#1434=VECTOR('',#5430,10.);
#1435=VECTOR('',#5431,10.);
#1436=VECTOR('',#5432,10.);
#1437=VECTOR('',#5433,10.);
#1438=VECTOR('',#5434,10.);
#1439=VECTOR('',#5435,10.);
#1440=VECTOR('',#5436,10.);
#1441=VECTOR('',#5439,10.);
#1442=VECTOR('',#5440,10.);
#1443=VECTOR('',#5443,10.);
#1444=VECTOR('',#5444,10.);
#1445=VECTOR('',#5445,10.);
#1446=VECTOR('',#5446,10.);
#1447=VECTOR('',#5447,10.);
#1448=VECTOR('',#5450,10.);
#1449=VECTOR('',#5451,10.);
#1450=VECTOR('',#5454,10.);
#1451=VECTOR('',#5455,10.);
#1452=VECTOR('',#5462,10.);
#1453=VECTOR('',#5465,10.);
#1454=VECTOR('',#5468,10.);
#1455=VECTOR('',#5471,10.);
#1456=VECTOR('',#5474,10.);
#1457=VECTOR('',#5475,10.);
#1458=VECTOR('',#5476,10.);
#1459=VECTOR('',#5479,10.);
#1460=VECTOR('',#5482,10.);
#1461=VECTOR('',#5489,10.);
#1462=VECTOR('',#5490,10.);
#1463=VECTOR('',#5491,10.);
#1464=VECTOR('',#5494,10.);
#1465=VECTOR('',#5495,10.);
#1466=VECTOR('',#5496,10.);
#1467=VECTOR('',#5497,10.);
#1468=VECTOR('',#5500,10.);
#1469=VECTOR('',#5501,10.);
#1470=VECTOR('',#5502,10.);
#1471=VECTOR('',#5505,10.);
#1472=VECTOR('',#5506,10.);
#1473=VECTOR('',#5507,10.);
#1474=VECTOR('',#5510,10.);
#1475=VECTOR('',#5511,10.);
#1476=VECTOR('',#5512,10.);
#1477=VECTOR('',#5513,10.);
#1478=VECTOR('',#5516,10.);
#1479=VECTOR('',#5517,10.);
#1480=VECTOR('',#5518,10.);
#1481=VECTOR('',#5521,10.);
#1482=VECTOR('',#5522,10.);
#1483=VECTOR('',#5525,10.);
#1484=VECTOR('',#5526,10.);
#1485=VECTOR('',#5527,10.);
#1486=VECTOR('',#5528,10.);
#1487=VECTOR('',#5531,10.);
#1488=VECTOR('',#5532,10.);
#1489=VECTOR('',#5533,10.);
#1490=VECTOR('',#5536,10.);
#1491=VECTOR('',#5537,10.);
#1492=VECTOR('',#5538,10.);
#1493=VECTOR('',#5541,10.);
#1494=VECTOR('',#5542,10.);
#1495=VECTOR('',#5543,10.);
#1496=VECTOR('',#5546,10.);
#1497=VECTOR('',#5547,10.);
#1498=VECTOR('',#5548,10.);
#1499=VECTOR('',#5551,10.);
#1500=VECTOR('',#5552,10.);
#1501=VECTOR('',#5553,10.);
#1502=VECTOR('',#5554,10.);
#1503=VECTOR('',#5557,10.);
#1504=VECTOR('',#5558,10.);
#1505=VECTOR('',#5559,10.);
#1506=VECTOR('',#5562,10.);
#1507=VECTOR('',#5565,10.);
#1508=VECTOR('',#5566,10.);
#1509=VECTOR('',#5569,10.);
#1510=VECTOR('',#5570,10.);
#1511=VECTOR('',#5573,10.);
#1512=VECTOR('',#5574,10.);
#1513=VECTOR('',#5577,10.);
#1514=VECTOR('',#5578,10.);
#1515=VECTOR('',#5581,10.);
#1516=VECTOR('',#5582,10.);
#1517=VECTOR('',#5585,10.);
#1518=VECTOR('',#5586,10.);
#1519=VECTOR('',#5589,10.);
#1520=VECTOR('',#5590,10.);
#1521=VECTOR('',#5593,10.);
#1522=VECTOR('',#5594,10.);
#1523=VECTOR('',#5597,10.);
#1524=VECTOR('',#5598,10.);
#1525=VECTOR('',#5601,10.);
#1526=VECTOR('',#5604,10.);
#1527=VECTOR('',#5605,10.);
#1528=VECTOR('',#5608,10.);
#1529=VECTOR('',#5609,10.);
#1530=VECTOR('',#5612,10.);
#1531=VECTOR('',#5613,10.);
#1532=VECTOR('',#5616,10.);
#1533=VECTOR('',#5617,10.);
#1534=VECTOR('',#5622,10.);
#1535=VECTOR('',#5625,10.);
#1536=VECTOR('',#5630,10.);
#1537=VECTOR('',#5635,10.);
#1538=VECTOR('',#5636,10.);
#1539=VECTOR('',#5641,10.);
#1540=VECTOR('',#5646,10.);
#1541=VECTOR('',#5647,10.);
#1542=VECTOR('',#5648,10.);
#1543=VECTOR('',#5653,10.);
#1544=VECTOR('',#5658,10.);
#1545=VECTOR('',#5659,10.);
#1546=VECTOR('',#5660,10.);
#1547=VECTOR('',#5665,10.);
#1548=VECTOR('',#5670,10.);
#1549=VECTOR('',#5671,10.);
#1550=VECTOR('',#5672,10.);
#1551=VECTOR('',#5677,10.);
#1552=VECTOR('',#5682,10.);
#1553=VECTOR('',#5683,10.);
#1554=VECTOR('',#5684,10.);
#1555=VECTOR('',#5689,10.);
#1556=VECTOR('',#5694,10.);
#1557=VECTOR('',#5695,10.);
#1558=VECTOR('',#5698,10.);
#1559=VECTOR('',#5701,10.);
#1560=VECTOR('',#5704,10.);
#1561=VECTOR('',#5707,10.);
#1562=VECTOR('',#5710,10.);
#1563=VECTOR('',#5713,10.);
#1564=VECTOR('',#5716,10.);
#1565=VECTOR('',#5719,10.);
#1566=VECTOR('',#5722,10.);
#1567=VECTOR('',#5727,10.);
#1568=VECTOR('',#5728,10.);
#1569=VECTOR('',#5733,10.);
#1570=VECTOR('',#5734,10.);
#1571=VECTOR('',#5737,10.);
#1572=VECTOR('',#5742,10.);
#1573=VECTOR('',#5743,10.);
#1574=VECTOR('',#5752,10.);
#1575=VECTOR('',#5755,10.);
#1576=VECTOR('',#5756,10.);
#1577=VECTOR('',#5761,10.);
#1578=VECTOR('',#5764,10.);
#1579=VECTOR('',#5765,10.);
#1580=VECTOR('',#5770,10.);
#1581=VECTOR('',#5773,10.);
#1582=VECTOR('',#5774,10.);
#1583=VECTOR('',#5777,10.);
#1584=VECTOR('',#5780,10.);
#1585=VECTOR('',#5783,10.);
#1586=VECTOR('',#5786,10.);
#1587=VECTOR('',#5789,10.);
#1588=VECTOR('',#5792,10.);
#1589=VECTOR('',#5795,10.);
#1590=VECTOR('',#5798,10.);
#1591=VECTOR('',#5801,10.);
#1592=VECTOR('',#5804,10.);
#1593=VECTOR('',#5807,10.);
#1594=VECTOR('',#5810,10.);
#1595=VECTOR('',#5813,10.);
#1596=VECTOR('',#5820,10.);
#1597=VECTOR('',#5823,10.);
#1598=B_SPLINE_CURVE_WITH_KNOTS('',3,(#5830,#5831,#5832,#5833,#5834),
 .UNSPECIFIED.,.F.,.F.,(4,1,4),(0.,0.0272549154203383,0.0539252129686365),
 .UNSPECIFIED.);
#1599=B_SPLINE_CURVE_WITH_KNOTS('',3,(#5836,#5837,#5838,#5839,#5840),
 .UNSPECIFIED.,.F.,.F.,(4,1,4),(0.,0.0268115369783705,0.0545657901048862),
 .UNSPECIFIED.);
#1600=B_SPLINE_CURVE_WITH_KNOTS('',3,(#5842,#5843,#5844,#5845,#5846),
 .UNSPECIFIED.,.F.,.F.,(4,1,4),(0.,0.0271871178288873,0.0537880459550441),
 .UNSPECIFIED.);
#1601=B_SPLINE_CURVE_WITH_KNOTS('',3,(#5848,#5849,#5850,#5851,#5852),
 .UNSPECIFIED.,.F.,.F.,(4,1,4),(0.,0.090074807097446,0.154800728373349),
 .UNSPECIFIED.);
#1602=B_SPLINE_CURVE_WITH_KNOTS('',3,(#5854,#5855,#5856,#5857,#5858),
 .UNSPECIFIED.,.F.,.F.,(4,1,4),(0.,0.0647256829558518,0.154800724319987),
 .UNSPECIFIED.);
#1603=B_SPLINE_CURVE_WITH_KNOTS('',3,(#5860,#5861,#5862,#5863,#5864),
 .UNSPECIFIED.,.F.,.F.,(4,1,4),(0.,0.0720679371126742,0.123152298172502),
 .UNSPECIFIED.);
#1604=B_SPLINE_CURVE_WITH_KNOTS('',3,(#5866,#5867,#5868,#5869,#5870),
 .UNSPECIFIED.,.F.,.F.,(4,1,4),(0.,0.0510843615532219,0.123152299715152),
 .UNSPECIFIED.);
#1605=B_SPLINE_CURVE_WITH_KNOTS('',3,(#5872,#5873,#5874,#5875,#5876),
 .UNSPECIFIED.,.F.,.F.,(4,1,4),(0.,0.0615334152234148,0.109952181929298),
 .UNSPECIFIED.);
#1606=B_SPLINE_CURVE_WITH_KNOTS('',3,(#5878,#5879,#5880,#5881,#5882),
 .UNSPECIFIED.,.F.,.F.,(4,1,4),(0.,0.0390813994676131,0.108945676539503),
 .UNSPECIFIED.);
#1607=B_SPLINE_CURVE_WITH_KNOTS('',3,(#5884,#5885,#5886,#5887,#5888),
 .UNSPECIFIED.,.F.,.F.,(4,1,4),(0.,0.0288905734445094,0.0581472333089494),
 .UNSPECIFIED.);
#1608=B_SPLINE_CURVE_WITH_KNOTS('',3,(#5890,#5891,#5892,#5893,#5894),
 .UNSPECIFIED.,.F.,.F.,(4,1,4),(0.,0.0264173628557208,0.0526433777247555),
 .UNSPECIFIED.);
#1609=B_SPLINE_CURVE_WITH_KNOTS('',3,(#5896,#5897,#5898,#5899,#5900),
 .UNSPECIFIED.,.F.,.F.,(4,1,4),(0.,0.0475210449640586,0.0927774016185885),
 .UNSPECIFIED.);
#1610=B_SPLINE_CURVE_WITH_KNOTS('',3,(#5902,#5903,#5904,#5905,#5906),
 .UNSPECIFIED.,.F.,.F.,(4,1,4),(0.,0.132384017803088,0.234161374907464),
 .UNSPECIFIED.);
#1611=B_SPLINE_CURVE_WITH_KNOTS('',3,(#5910,#5911,#5912,#5913,#5914),
 .UNSPECIFIED.,.F.,.F.,(4,1,4),(0.,0.163213680756149,0.27262541957826),
 .UNSPECIFIED.);
#1612=B_SPLINE_CURVE_WITH_KNOTS('',3,(#5916,#5917,#5918,#5919,#5920),
 .UNSPECIFIED.,.F.,.F.,(4,1,4),(0.,0.116438430088862,0.272491232939029),
 .UNSPECIFIED.);
#1613=B_SPLINE_CURVE_WITH_KNOTS('',3,(#5922,#5923,#5924,#5925,#5926),
 .UNSPECIFIED.,.F.,.F.,(4,1,4),(0.,0.05828017511486,0.100243138002256),
 .UNSPECIFIED.);
#1614=B_SPLINE_CURVE_WITH_KNOTS('',3,(#5928,#5929,#5930,#5931,#5932),
 .UNSPECIFIED.,.F.,.F.,(4,1,4),(0.,0.0414557812970336,0.0995669648436123),
 .UNSPECIFIED.);
#1615=B_SPLINE_CURVE_WITH_KNOTS('',3,(#5934,#5935,#5936,#5937,#5938),
 .UNSPECIFIED.,.F.,.F.,(4,1,4),(0.,0.0179408344517974,0.0306550042867411),
 .UNSPECIFIED.);
#1616=B_SPLINE_CURVE_WITH_KNOTS('',3,(#5940,#5941,#5942,#5943,#5944),
 .UNSPECIFIED.,.F.,.F.,(4,1,4),(0.,0.0127141698349438,0.0306550042867411),
 .UNSPECIFIED.);
#1617=B_SPLINE_CURVE_WITH_KNOTS('',3,(#5946,#5947,#5948,#5949,#5950),
 .UNSPECIFIED.,.F.,.F.,(4,1,4),(0.,0.0270635128026386,0.0546631047388478),
 .UNSPECIFIED.);
#1618=B_SPLINE_CURVE_WITH_KNOTS('',3,(#5952,#5953,#5954,#5955,#5956),
 .UNSPECIFIED.,.F.,.F.,(4,1,4),(0.,0.0261429388904116,0.05318111216236),
 .UNSPECIFIED.);
#1619=B_SPLINE_CURVE_WITH_KNOTS('',3,(#5958,#5959,#5960,#5961,#5962),
 .UNSPECIFIED.,.F.,.F.,(4,1,4),(0.,0.0413125337553662,0.0777406688661267),
 .UNSPECIFIED.);
#1620=B_SPLINE_CURVE_WITH_KNOTS('',3,(#5964,#5965,#5966,#5967,#5968),
 .UNSPECIFIED.,.F.,.F.,(4,1,4),(0.,0.0429557158252339,0.0809973431079701),
 .UNSPECIFIED.);
#1621=B_SPLINE_CURVE_WITH_KNOTS('',3,(#5970,#5971,#5972,#5973,#5974),
 .UNSPECIFIED.,.F.,.F.,(4,1,4),(0.,0.0422672452428238,0.0725678766291938),
 .UNSPECIFIED.);
#1622=B_SPLINE_CURVE_WITH_KNOTS('',3,(#5976,#5977,#5978,#5979,#5980),
 .UNSPECIFIED.,.F.,.F.,(4,1,4),(0.,0.0297934324852782,0.0718921004662902),
 .UNSPECIFIED.);
#1623=B_SPLINE_CURVE_WITH_KNOTS('',3,(#5982,#5983,#5984,#5985,#5986),
 .UNSPECIFIED.,.F.,.F.,(4,1,4),(0.,0.174072805748569,0.304200525417936),
 .UNSPECIFIED.);
#1624=B_SPLINE_CURVE_WITH_KNOTS('',3,(#5988,#5989,#5990,#5991,#5992),
 .UNSPECIFIED.,.F.,.F.,(4,1,4),(0.,0.122589953597663,0.303684375675677),
 .UNSPECIFIED.);
#1625=B_SPLINE_CURVE_WITH_KNOTS('',3,(#5996,#5997,#5998,#5999,#6000),
 .UNSPECIFIED.,.F.,.F.,(4,1,4),(0.,0.0894738044479213,0.15444050973671),
 .UNSPECIFIED.);
#1626=B_SPLINE_CURVE_WITH_KNOTS('',3,(#6002,#6003,#6004,#6005,#6006),
 .UNSPECIFIED.,.F.,.F.,(4,1,4),(0.,0.0636319683353507,0.154499187783341),
 .UNSPECIFIED.);
#1627=B_SPLINE_CURVE_WITH_KNOTS('',3,(#6007,#6008,#6009,#6010,#6011),
 .UNSPECIFIED.,.F.,.F.,(4,1,4),(0.,0.0266008945838789,0.0537880233524011),
 .UNSPECIFIED.);
#1628=B_SPLINE_CURVE_WITH_KNOTS('',3,(#6025,#6026,#6027,#6028,#6029),
 .UNSPECIFIED.,.F.,.F.,(4,1,4),(0.,0.0272549154203383,0.0539252129686365),
 .UNSPECIFIED.);
#1629=B_SPLINE_CURVE_WITH_KNOTS('',3,(#6042,#6043,#6044,#6045,#6046),
 .UNSPECIFIED.,.F.,.F.,(4,1,4),(0.,0.0268115369783705,0.0545657901048862),
 .UNSPECIFIED.);
#1630=B_SPLINE_CURVE_WITH_KNOTS('',3,(#6059,#6060,#6061,#6062,#6063),
 .UNSPECIFIED.,.F.,.F.,(4,1,4),(0.,0.0271871178288873,0.0537880459550441),
 .UNSPECIFIED.);
#1631=B_SPLINE_CURVE_WITH_KNOTS('',3,(#6076,#6077,#6078,#6079,#6080),
 .UNSPECIFIED.,.F.,.F.,(4,1,4),(0.,0.090074807097446,0.154800728373349),
 .UNSPECIFIED.);
#1632=B_SPLINE_CURVE_WITH_KNOTS('',3,(#6093,#6094,#6095,#6096,#6097),
 .UNSPECIFIED.,.F.,.F.,(4,1,4),(0.,0.0647256829558518,0.154800724319987),
 .UNSPECIFIED.);
#1633=B_SPLINE_CURVE_WITH_KNOTS('',3,(#6110,#6111,#6112,#6113,#6114),
 .UNSPECIFIED.,.F.,.F.,(4,1,4),(0.,0.0720679371126742,0.123152298172502),
 .UNSPECIFIED.);
#1634=B_SPLINE_CURVE_WITH_KNOTS('',3,(#6127,#6128,#6129,#6130,#6131),
 .UNSPECIFIED.,.F.,.F.,(4,1,4),(0.,0.0510843615532219,0.123152299715152),
 .UNSPECIFIED.);
#1635=B_SPLINE_CURVE_WITH_KNOTS('',3,(#6144,#6145,#6146,#6147,#6148),
 .UNSPECIFIED.,.F.,.F.,(4,1,4),(0.,0.0615334152234148,0.109952181929298),
 .UNSPECIFIED.);
#1636=B_SPLINE_CURVE_WITH_KNOTS('',3,(#6161,#6162,#6163,#6164,#6165),
 .UNSPECIFIED.,.F.,.F.,(4,1,4),(0.,0.0390813994676131,0.108945676539503),
 .UNSPECIFIED.);
#1637=B_SPLINE_CURVE_WITH_KNOTS('',3,(#6178,#6179,#6180,#6181,#6182),
 .UNSPECIFIED.,.F.,.F.,(4,1,4),(0.,0.0288905734445094,0.0581472333089494),
 .UNSPECIFIED.);
#1638=B_SPLINE_CURVE_WITH_KNOTS('',3,(#6195,#6196,#6197,#6198,#6199),
 .UNSPECIFIED.,.F.,.F.,(4,1,4),(0.,0.0264173628557208,0.0526433777247555),
 .UNSPECIFIED.);
#1639=B_SPLINE_CURVE_WITH_KNOTS('',3,(#6212,#6213,#6214,#6215,#6216),
 .UNSPECIFIED.,.F.,.F.,(4,1,4),(0.,0.0475210449640586,0.0927774016185885),
 .UNSPECIFIED.);
#1640=B_SPLINE_CURVE_WITH_KNOTS('',3,(#6229,#6230,#6231,#6232,#6233),
 .UNSPECIFIED.,.F.,.F.,(4,1,4),(0.,0.132384017803088,0.234161374907464),
 .UNSPECIFIED.);
#1641=B_SPLINE_CURVE_WITH_KNOTS('',3,(#6250,#6251,#6252,#6253,#6254),
 .UNSPECIFIED.,.F.,.F.,(4,1,4),(0.,0.163213680756149,0.27262541957826),
 .UNSPECIFIED.);
#1642=B_SPLINE_CURVE_WITH_KNOTS('',3,(#6267,#6268,#6269,#6270,#6271),
 .UNSPECIFIED.,.F.,.F.,(4,1,4),(0.,0.116438430088862,0.272491232939029),
 .UNSPECIFIED.);
#1643=B_SPLINE_CURVE_WITH_KNOTS('',3,(#6284,#6285,#6286,#6287,#6288),
 .UNSPECIFIED.,.F.,.F.,(4,1,4),(0.,0.05828017511486,0.100243138002256),
 .UNSPECIFIED.);
#1644=B_SPLINE_CURVE_WITH_KNOTS('',3,(#6301,#6302,#6303,#6304,#6305),
 .UNSPECIFIED.,.F.,.F.,(4,1,4),(0.,0.0414557812970336,0.0995669648436123),
 .UNSPECIFIED.);
#1645=B_SPLINE_CURVE_WITH_KNOTS('',3,(#6318,#6319,#6320,#6321,#6322),
 .UNSPECIFIED.,.F.,.F.,(4,1,4),(0.,0.0179408344517974,0.0306550042867411),
 .UNSPECIFIED.);
#1646=B_SPLINE_CURVE_WITH_KNOTS('',3,(#6335,#6336,#6337,#6338,#6339),
 .UNSPECIFIED.,.F.,.F.,(4,1,4),(0.,0.0127141698349438,0.0306550042867411),
 .UNSPECIFIED.);
#1647=B_SPLINE_CURVE_WITH_KNOTS('',3,(#6352,#6353,#6354,#6355,#6356),
 .UNSPECIFIED.,.F.,.F.,(4,1,4),(0.,0.0270635128026386,0.0546631047388478),
 .UNSPECIFIED.);
#1648=B_SPLINE_CURVE_WITH_KNOTS('',3,(#6369,#6370,#6371,#6372,#6373),
 .UNSPECIFIED.,.F.,.F.,(4,1,4),(0.,0.0261429388904116,0.05318111216236),
 .UNSPECIFIED.);
#1649=B_SPLINE_CURVE_WITH_KNOTS('',3,(#6386,#6387,#6388,#6389,#6390),
 .UNSPECIFIED.,.F.,.F.,(4,1,4),(0.,0.0413125337553662,0.0777406688661267),
 .UNSPECIFIED.);
#1650=B_SPLINE_CURVE_WITH_KNOTS('',3,(#6403,#6404,#6405,#6406,#6407),
 .UNSPECIFIED.,.F.,.F.,(4,1,4),(0.,0.0429557158252339,0.0809973431079701),
 .UNSPECIFIED.);
#1651=B_SPLINE_CURVE_WITH_KNOTS('',3,(#6420,#6421,#6422,#6423,#6424),
 .UNSPECIFIED.,.F.,.F.,(4,1,4),(0.,0.0422672452428238,0.0725678766291938),
 .UNSPECIFIED.);
#1652=B_SPLINE_CURVE_WITH_KNOTS('',3,(#6437,#6438,#6439,#6440,#6441),
 .UNSPECIFIED.,.F.,.F.,(4,1,4),(0.,0.0297934324852782,0.0718921004662902),
 .UNSPECIFIED.);
#1653=B_SPLINE_CURVE_WITH_KNOTS('',3,(#6454,#6455,#6456,#6457,#6458),
 .UNSPECIFIED.,.F.,.F.,(4,1,4),(0.,0.174072805748569,0.304200525417936),
 .UNSPECIFIED.);
#1654=B_SPLINE_CURVE_WITH_KNOTS('',3,(#6471,#6472,#6473,#6474,#6475),
 .UNSPECIFIED.,.F.,.F.,(4,1,4),(0.,0.122589953597663,0.303684375675677),
 .UNSPECIFIED.);
#1655=B_SPLINE_CURVE_WITH_KNOTS('',3,(#6492,#6493,#6494,#6495,#6496),
 .UNSPECIFIED.,.F.,.F.,(4,1,4),(0.,0.0894738044479213,0.15444050973671),
 .UNSPECIFIED.);
#1656=B_SPLINE_CURVE_WITH_KNOTS('',3,(#6509,#6510,#6511,#6512,#6513),
 .UNSPECIFIED.,.F.,.F.,(4,1,4),(0.,0.0636319683353507,0.154499187783341),
 .UNSPECIFIED.);
#1657=B_SPLINE_CURVE_WITH_KNOTS('',3,(#6525,#6526,#6527,#6528,#6529),
 .UNSPECIFIED.,.F.,.F.,(4,1,4),(0.,0.0266008945838789,0.0537880233524011),
 .UNSPECIFIED.);
#1658=B_SPLINE_CURVE_WITH_KNOTS('',3,(#6533,#6534,#6535,#6536,#6537),
 .UNSPECIFIED.,.F.,.F.,(4,1,4),(0.,0.0262943281701537,0.0513460080135432),
 .UNSPECIFIED.);
#1659=B_SPLINE_CURVE_WITH_KNOTS('',3,(#6539,#6540,#6541,#6542,#6543),
 .UNSPECIFIED.,.F.,.F.,(4,1,4),(0.,0.0251219162989156,0.0510000687959549),
 .UNSPECIFIED.);
#1660=B_SPLINE_CURVE_WITH_KNOTS('',3,(#6545,#6546,#6547,#6548,#6549),
 .UNSPECIFIED.,.F.,.F.,(4,1,4),(0.,0.0263775187783203,0.0516403524581233),
 .UNSPECIFIED.);
#1661=B_SPLINE_CURVE_WITH_KNOTS('',3,(#6553,#6554,#6555,#6556,#6557),
 .UNSPECIFIED.,.F.,.F.,(4,1,4),(0.,0.0512573399711078,0.0922333316793414),
 .UNSPECIFIED.);
#1662=B_SPLINE_CURVE_WITH_KNOTS('',3,(#6559,#6560,#6561,#6562,#6563),
 .UNSPECIFIED.,.F.,.F.,(4,1,4),(0.,0.0434920355247392,0.0955786368742195),
 .UNSPECIFIED.);
#1663=B_SPLINE_CURVE_WITH_KNOTS('',3,(#6565,#6566,#6567,#6568,#6569),
 .UNSPECIFIED.,.F.,.F.,(4,1,4),(0.,0.134348809581739,0.230003289663104),
 .UNSPECIFIED.);
#1664=B_SPLINE_CURVE_WITH_KNOTS('',3,(#6571,#6572,#6573,#6574,#6575),
 .UNSPECIFIED.,.F.,.F.,(4,1,4),(0.,0.0961615004835406,0.230678769778256),
 .UNSPECIFIED.);
#1665=B_SPLINE_CURVE_WITH_KNOTS('',3,(#6577,#6578,#6579,#6580,#6581),
 .UNSPECIFIED.,.F.,.F.,(4,1,4),(0.,0.039620350758457,0.0677050871706586),
 .UNSPECIFIED.);
#1666=B_SPLINE_CURVE_WITH_KNOTS('',3,(#6583,#6584,#6585,#6586,#6587),
 .UNSPECIFIED.,.F.,.F.,(4,1,4),(0.,0.0280847376686609,0.0677050288823884),
 .UNSPECIFIED.);
#1667=B_SPLINE_CURVE_WITH_KNOTS('',3,(#6589,#6590,#6591,#6592,#6593),
 .UNSPECIFIED.,.F.,.F.,(4,1,4),(0.,0.0271502854410248,0.0465442550775778),
 .UNSPECIFIED.);
#1668=B_SPLINE_CURVE_WITH_KNOTS('',3,(#6595,#6596,#6597,#6598,#6599),
 .UNSPECIFIED.,.F.,.F.,(4,1,4),(0.,0.0193939101135762,0.046544195554601),
 .UNSPECIFIED.);
#1669=B_SPLINE_CURVE_WITH_KNOTS('',3,(#6601,#6602,#6603,#6604,#6605),
 .UNSPECIFIED.,.F.,.F.,(4,1,4),(0.,0.0364080127284993,0.0770914184210591),
 .UNSPECIFIED.);
#1670=B_SPLINE_CURVE_WITH_KNOTS('',3,(#6607,#6608,#6609,#6610,#6611),
 .UNSPECIFIED.,.F.,.F.,(4,1,4),(0.,0.0736569120116119,0.13114340245859),
 .UNSPECIFIED.);
#1671=B_SPLINE_CURVE_WITH_KNOTS('',3,(#6613,#6614,#6615,#6616,#6617),
 .UNSPECIFIED.,.F.,.F.,(4,1,4),(0.,0.0554135461231893,0.132426930750363),
 .UNSPECIFIED.);
#1672=B_SPLINE_CURVE_WITH_KNOTS('',3,(#6619,#6620,#6621,#6622,#6623),
 .UNSPECIFIED.,.F.,.F.,(4,1,4),(0.,0.0380713178786364,0.09860345939065),
 .UNSPECIFIED.);
#1673=B_SPLINE_CURVE_WITH_KNOTS('',3,(#6625,#6626,#6627,#6628,#6629),
 .UNSPECIFIED.,.F.,.F.,(4,1,4),(0.,0.0264613049106905,0.0518217184017338),
 .UNSPECIFIED.);
#1674=B_SPLINE_CURVE_WITH_KNOTS('',3,(#6631,#6632,#6633,#6634,#6635),
 .UNSPECIFIED.,.F.,.F.,(4,1,4),(0.,0.0257916716474441,0.0523280116877251),
 .UNSPECIFIED.);
#1675=B_SPLINE_CURVE_WITH_KNOTS('',3,(#6637,#6638,#6639,#6640,#6641),
 .UNSPECIFIED.,.F.,.F.,(4,1,4),(0.,0.0910989171072616,0.136119167115354),
 .UNSPECIFIED.);
#1676=B_SPLINE_CURVE_WITH_KNOTS('',3,(#6643,#6644,#6645,#6646,#6647),
 .UNSPECIFIED.,.F.,.F.,(4,1,4),(0.,0.152123127149393,0.262285066955258),
 .UNSPECIFIED.);
#1677=B_SPLINE_CURVE_WITH_KNOTS('',3,(#6649,#6650,#6651,#6652,#6653),
 .UNSPECIFIED.,.F.,.F.,(4,1,4),(0.,0.108324314616502,0.261678362933633),
 .UNSPECIFIED.);
#1678=B_SPLINE_CURVE_WITH_KNOTS('',3,(#6655,#6656,#6657,#6658,#6659),
 .UNSPECIFIED.,.F.,.F.,(4,1,4),(0.,0.0558164238892389,0.0955920396798085),
 .UNSPECIFIED.);
#1679=B_SPLINE_CURVE_WITH_KNOTS('',3,(#6661,#6662,#6663,#6664,#6665),
 .UNSPECIFIED.,.F.,.F.,(4,1,4),(0.,0.0402827622774421,0.096267839850374),
 .UNSPECIFIED.);
#1680=B_SPLINE_CURVE_WITH_KNOTS('',3,(#6671,#6672,#6673,#6674,#6675),
 .UNSPECIFIED.,.F.,.F.,(4,1,4),(0.,0.0577232439207503,0.139202844581985),
 .UNSPECIFIED.);
#1681=B_SPLINE_CURVE_WITH_KNOTS('',3,(#6677,#6678,#6679,#6680,#6681),
 .UNSPECIFIED.,.F.,.F.,(4,1,4),(0.,0.0320725096547454,0.0656749992523279),
 .UNSPECIFIED.);
#1682=B_SPLINE_CURVE_WITH_KNOTS('',3,(#6683,#6684,#6685,#6686,#6687),
 .UNSPECIFIED.,.F.,.F.,(4,1,4),(0.,0.040285883467969,0.0667319331540763),
 .UNSPECIFIED.);
#1683=B_SPLINE_CURVE_WITH_KNOTS('',3,(#6692,#6693,#6694,#6695,#6696),
 .UNSPECIFIED.,.F.,.F.,(4,1,4),(0.,0.0251235315644514,0.0514862770345272),
 .UNSPECIFIED.);
#1684=B_SPLINE_CURVE_WITH_KNOTS('',3,(#6710,#6711,#6712,#6713,#6714),
 .UNSPECIFIED.,.F.,.F.,(4,1,4),(0.,0.0262943281701537,0.0513460080135432),
 .UNSPECIFIED.);
#1685=B_SPLINE_CURVE_WITH_KNOTS('',3,(#6727,#6728,#6729,#6730,#6731),
 .UNSPECIFIED.,.F.,.F.,(4,1,4),(0.,0.0251219162989156,0.0510000687959549),
 .UNSPECIFIED.);
#1686=B_SPLINE_CURVE_WITH_KNOTS('',3,(#6744,#6745,#6746,#6747,#6748),
 .UNSPECIFIED.,.F.,.F.,(4,1,4),(0.,0.0263775187783203,0.0516403524581233),
 .UNSPECIFIED.);
#1687=B_SPLINE_CURVE_WITH_KNOTS('',3,(#6765,#6766,#6767,#6768,#6769),
 .UNSPECIFIED.,.F.,.F.,(4,1,4),(0.,0.0512573399711078,0.0922333316793414),
 .UNSPECIFIED.);
#1688=B_SPLINE_CURVE_WITH_KNOTS('',3,(#6782,#6783,#6784,#6785,#6786),
 .UNSPECIFIED.,.F.,.F.,(4,1,4),(0.,0.0434920355247392,0.0955786368742195),
 .UNSPECIFIED.);
#1689=B_SPLINE_CURVE_WITH_KNOTS('',3,(#6799,#6800,#6801,#6802,#6803),
 .UNSPECIFIED.,.F.,.F.,(4,1,4),(0.,0.134348809581739,0.230003289663104),
 .UNSPECIFIED.);
#1690=B_SPLINE_CURVE_WITH_KNOTS('',3,(#6816,#6817,#6818,#6819,#6820),
 .UNSPECIFIED.,.F.,.F.,(4,1,4),(0.,0.0961615004835406,0.230678769778256),
 .UNSPECIFIED.);
#1691=B_SPLINE_CURVE_WITH_KNOTS('',3,(#6833,#6834,#6835,#6836,#6837),
 .UNSPECIFIED.,.F.,.F.,(4,1,4),(0.,0.039620350758457,0.0677050871706586),
 .UNSPECIFIED.);
#1692=B_SPLINE_CURVE_WITH_KNOTS('',3,(#6850,#6851,#6852,#6853,#6854),
 .UNSPECIFIED.,.F.,.F.,(4,1,4),(0.,0.0280847376686609,0.0677050288823884),
 .UNSPECIFIED.);
#1693=B_SPLINE_CURVE_WITH_KNOTS('',3,(#6867,#6868,#6869,#6870,#6871),
 .UNSPECIFIED.,.F.,.F.,(4,1,4),(0.,0.0271502854410248,0.0465442550775778),
 .UNSPECIFIED.);
#1694=B_SPLINE_CURVE_WITH_KNOTS('',3,(#6884,#6885,#6886,#6887,#6888),
 .UNSPECIFIED.,.F.,.F.,(4,1,4),(0.,0.0193939101135762,0.046544195554601),
 .UNSPECIFIED.);
#1695=B_SPLINE_CURVE_WITH_KNOTS('',3,(#6901,#6902,#6903,#6904,#6905),
 .UNSPECIFIED.,.F.,.F.,(4,1,4),(0.,0.0364080127284993,0.0770914184210591),
 .UNSPECIFIED.);
#1696=B_SPLINE_CURVE_WITH_KNOTS('',3,(#6918,#6919,#6920,#6921,#6922),
 .UNSPECIFIED.,.F.,.F.,(4,1,4),(0.,0.0736569120116119,0.13114340245859),
 .UNSPECIFIED.);
#1697=B_SPLINE_CURVE_WITH_KNOTS('',3,(#6935,#6936,#6937,#6938,#6939),
 .UNSPECIFIED.,.F.,.F.,(4,1,4),(0.,0.0554135461231893,0.132426930750363),
 .UNSPECIFIED.);
#1698=B_SPLINE_CURVE_WITH_KNOTS('',3,(#6952,#6953,#6954,#6955,#6956),
 .UNSPECIFIED.,.F.,.F.,(4,1,4),(0.,0.0380713178786364,0.09860345939065),
 .UNSPECIFIED.);
#1699=B_SPLINE_CURVE_WITH_KNOTS('',3,(#6969,#6970,#6971,#6972,#6973),
 .UNSPECIFIED.,.F.,.F.,(4,1,4),(0.,0.0264613049106905,0.0518217184017338),
 .UNSPECIFIED.);
#1700=B_SPLINE_CURVE_WITH_KNOTS('',3,(#6986,#6987,#6988,#6989,#6990),
 .UNSPECIFIED.,.F.,.F.,(4,1,4),(0.,0.0257916716474441,0.0523280116877251),
 .UNSPECIFIED.);
#1701=B_SPLINE_CURVE_WITH_KNOTS('',3,(#7003,#7004,#7005,#7006,#7007),
 .UNSPECIFIED.,.F.,.F.,(4,1,4),(0.,0.0910989171072616,0.136119167115354),
 .UNSPECIFIED.);
#1702=B_SPLINE_CURVE_WITH_KNOTS('',3,(#7020,#7021,#7022,#7023,#7024),
 .UNSPECIFIED.,.F.,.F.,(4,1,4),(0.,0.152123127149393,0.262285066955258),
 .UNSPECIFIED.);
#1703=B_SPLINE_CURVE_WITH_KNOTS('',3,(#7037,#7038,#7039,#7040,#7041),
 .UNSPECIFIED.,.F.,.F.,(4,1,4),(0.,0.108324314616502,0.261678362933633),
 .UNSPECIFIED.);
#1704=B_SPLINE_CURVE_WITH_KNOTS('',3,(#7054,#7055,#7056,#7057,#7058),
 .UNSPECIFIED.,.F.,.F.,(4,1,4),(0.,0.0558164238892389,0.0955920396798085),
 .UNSPECIFIED.);
#1705=B_SPLINE_CURVE_WITH_KNOTS('',3,(#7071,#7072,#7073,#7074,#7075),
 .UNSPECIFIED.,.F.,.F.,(4,1,4),(0.,0.0402827622774421,0.096267839850374),
 .UNSPECIFIED.);
#1706=B_SPLINE_CURVE_WITH_KNOTS('',3,(#7096,#7097,#7098,#7099,#7100),
 .UNSPECIFIED.,.F.,.F.,(4,1,4),(0.,0.0577232439207503,0.139202844581985),
 .UNSPECIFIED.);
#1707=B_SPLINE_CURVE_WITH_KNOTS('',3,(#7113,#7114,#7115,#7116,#7117),
 .UNSPECIFIED.,.F.,.F.,(4,1,4),(0.,0.0320725096547454,0.0656749992523279),
 .UNSPECIFIED.);
#1708=B_SPLINE_CURVE_WITH_KNOTS('',3,(#7130,#7131,#7132,#7133,#7134),
 .UNSPECIFIED.,.F.,.F.,(4,1,4),(0.,0.040285883467969,0.0667319331540763),
 .UNSPECIFIED.);
#1709=B_SPLINE_CURVE_WITH_KNOTS('',3,(#7154,#7155,#7156,#7157,#7158),
 .UNSPECIFIED.,.F.,.F.,(4,1,4),(0.,0.0251235315644514,0.0514862770345272),
 .UNSPECIFIED.);
#1710=B_SPLINE_CURVE_WITH_KNOTS('',3,(#7162,#7163,#7164,#7165,#7166),
 .UNSPECIFIED.,.F.,.F.,(4,1,4),(0.,0.148585211228908,0.284208305277182),
 .UNSPECIFIED.);
#1711=B_SPLINE_CURVE_WITH_KNOTS('',3,(#7168,#7169,#7170,#7171,#7172),
 .UNSPECIFIED.,.F.,.F.,(4,1,4),(0.,0.120110635541544,0.25857479879904),
 .UNSPECIFIED.);
#1712=B_SPLINE_CURVE_WITH_KNOTS('',3,(#7174,#7175,#7176,#7177,#7178),
 .UNSPECIFIED.,.F.,.F.,(4,1,4),(0.,0.141473827210106,0.262447475692398),
 .UNSPECIFIED.);
#1713=B_SPLINE_CURVE_WITH_KNOTS('',3,(#7180,#7181,#7182,#7183,#7184),
 .UNSPECIFIED.,.F.,.F.,(4,1,4),(0.,0.0412911214438295,0.0737663208223659),
 .UNSPECIFIED.);
#1714=B_SPLINE_CURVE_WITH_KNOTS('',3,(#7186,#7187,#7188,#7189,#7190),
 .UNSPECIFIED.,.F.,.F.,(4,1,4),(0.,0.059978484701438,0.110504117394739),
 .UNSPECIFIED.);
#1715=B_SPLINE_CURVE_WITH_KNOTS('',3,(#7192,#7193,#7194,#7195,#7196),
 .UNSPECIFIED.,.F.,.F.,(4,1,4),(0.,0.0863058504745269,0.193474480298108),
 .UNSPECIFIED.);
#1716=B_SPLINE_CURVE_WITH_KNOTS('',3,(#7200,#7201,#7202,#7203,#7204),
 .UNSPECIFIED.,.F.,.F.,(4,1,4),(0.,0.039351884927326,0.117805076648932),
 .UNSPECIFIED.);
#1717=B_SPLINE_CURVE_WITH_KNOTS('',3,(#7206,#7207,#7208,#7209,#7210),
 .UNSPECIFIED.,.F.,.F.,(4,1,4),(0.,0.0260845194043803,0.0513204537523219),
 .UNSPECIFIED.);
#1718=B_SPLINE_CURVE_WITH_KNOTS('',3,(#7212,#7213,#7214,#7215,#7216),
 .UNSPECIFIED.,.F.,.F.,(4,1,4),(0.,0.0258260539630919,0.052144746101745),
 .UNSPECIFIED.);
#1719=B_SPLINE_CURVE_WITH_KNOTS('',3,(#7218,#7219,#7220,#7221,#7222),
 .UNSPECIFIED.,.F.,.F.,(4,1,4),(0.,0.0528888664487506,0.084366701943103),
 .UNSPECIFIED.);
#1720=B_SPLINE_CURVE_WITH_KNOTS('',3,(#7226,#7227,#7228,#7229,#7230),
 .UNSPECIFIED.,.F.,.F.,(4,1,4),(0.,0.319363074248676,0.655668841588036),
 .UNSPECIFIED.);
#1721=B_SPLINE_CURVE_WITH_KNOTS('',3,(#7232,#7233,#7234,#7235,#7236),
 .UNSPECIFIED.,.F.,.F.,(4,1,4),(0.,0.134355236606309,0.294791696921817),
 .UNSPECIFIED.);
#1722=B_SPLINE_CURVE_WITH_KNOTS('',3,(#7238,#7239,#7240,#7241,#7242),
 .UNSPECIFIED.,.F.,.F.,(4,1,4),(0.,0.156616134768697,0.300662806774643),
 .UNSPECIFIED.);
#1723=B_SPLINE_CURVE_WITH_KNOTS('',3,(#7243,#7244,#7245,#7246,#7247),
 .UNSPECIFIED.,.F.,.F.,(4,1,4),(0.,0.137011698417469,0.28305266834517),
 .UNSPECIFIED.);
#1724=B_SPLINE_CURVE_WITH_KNOTS('',3,(#7250,#7251,#7252,#7253,#7254),
 .UNSPECIFIED.,.F.,.F.,(4,1,4),(0.,0.0821995967401273,0.152650091045028),
 .UNSPECIFIED.);
#1725=B_SPLINE_CURVE_WITH_KNOTS('',3,(#7256,#7257,#7258,#7259,#7260),
 .UNSPECIFIED.,.F.,.F.,(4,1,4),(0.,0.0878242141854128,0.189306263997499),
 .UNSPECIFIED.);
#1726=B_SPLINE_CURVE_WITH_KNOTS('',3,(#7262,#7263,#7264,#7265,#7266),
 .UNSPECIFIED.,.F.,.F.,(4,1,4),(0.,0.0924851789315964,0.179555293377076),
 .UNSPECIFIED.);
#1727=B_SPLINE_CURVE_WITH_KNOTS('',3,(#7268,#7269,#7270,#7271,#7272),
 .UNSPECIFIED.,.F.,.F.,(4,1,4),(0.,0.0983305052621556,0.195970738999773),
 .UNSPECIFIED.);
#1728=B_SPLINE_CURVE_WITH_KNOTS('',3,(#7274,#7275,#7276,#7277,#7278),
 .UNSPECIFIED.,.F.,.F.,(4,1,4),(0.,0.110413311127994,0.203170992592005),
 .UNSPECIFIED.);
#1729=B_SPLINE_CURVE_WITH_KNOTS('',3,(#7280,#7281,#7282,#7283,#7284),
 .UNSPECIFIED.,.F.,.F.,(4,1,4),(0.,0.0356511587157495,0.0705103340496408),
 .UNSPECIFIED.);
#1730=B_SPLINE_CURVE_WITH_KNOTS('',3,(#7286,#7287,#7288,#7289,#7290),
 .UNSPECIFIED.,.F.,.F.,(4,1,4),(0.,0.0353554196767095,0.102830231802278),
 .UNSPECIFIED.);
#1731=B_SPLINE_CURVE_WITH_KNOTS('',3,(#7292,#7293,#7294,#7295,#7296),
 .UNSPECIFIED.,.F.,.F.,(4,1,4),(0.,0.0553751050864234,0.106735871839796),
 .UNSPECIFIED.);
#1732=B_SPLINE_CURVE_WITH_KNOTS('',3,(#7297,#7298,#7299,#7300,#7301),
 .UNSPECIFIED.,.F.,.F.,(4,1,4),(0.,0.0754644920779323,0.170221551553055),
 .UNSPECIFIED.);
#1733=B_SPLINE_CURVE_WITH_KNOTS('',3,(#7315,#7316,#7317,#7318,#7319),
 .UNSPECIFIED.,.F.,.F.,(4,1,4),(0.,0.148585211228908,0.284208305277182),
 .UNSPECIFIED.);
#1734=B_SPLINE_CURVE_WITH_KNOTS('',3,(#7332,#7333,#7334,#7335,#7336),
 .UNSPECIFIED.,.F.,.F.,(4,1,4),(0.,0.120110635541544,0.25857479879904),
 .UNSPECIFIED.);
#1735=B_SPLINE_CURVE_WITH_KNOTS('',3,(#7349,#7350,#7351,#7352,#7353),
 .UNSPECIFIED.,.F.,.F.,(4,1,4),(0.,0.141473827210106,0.262447475692398),
 .UNSPECIFIED.);
#1736=B_SPLINE_CURVE_WITH_KNOTS('',3,(#7366,#7367,#7368,#7369,#7370),
 .UNSPECIFIED.,.F.,.F.,(4,1,4),(0.,0.0412911214438295,0.0737663208223659),
 .UNSPECIFIED.);
#1737=B_SPLINE_CURVE_WITH_KNOTS('',3,(#7383,#7384,#7385,#7386,#7387),
 .UNSPECIFIED.,.F.,.F.,(4,1,4),(0.,0.059978484701438,0.110504117394739),
 .UNSPECIFIED.);
#1738=B_SPLINE_CURVE_WITH_KNOTS('',3,(#7400,#7401,#7402,#7403,#7404),
 .UNSPECIFIED.,.F.,.F.,(4,1,4),(0.,0.0863058504745269,0.193474480298108),
 .UNSPECIFIED.);
#1739=B_SPLINE_CURVE_WITH_KNOTS('',3,(#7421,#7422,#7423,#7424,#7425),
 .UNSPECIFIED.,.F.,.F.,(4,1,4),(0.,0.039351884927326,0.117805076648932),
 .UNSPECIFIED.);
#1740=B_SPLINE_CURVE_WITH_KNOTS('',3,(#7438,#7439,#7440,#7441,#7442),
 .UNSPECIFIED.,.F.,.F.,(4,1,4),(0.,0.0260845194043803,0.0513204537523219),
 .UNSPECIFIED.);
#1741=B_SPLINE_CURVE_WITH_KNOTS('',3,(#7455,#7456,#7457,#7458,#7459),
 .UNSPECIFIED.,.F.,.F.,(4,1,4),(0.,0.0258260539630919,0.052144746101745),
 .UNSPECIFIED.);
#1742=B_SPLINE_CURVE_WITH_KNOTS('',3,(#7472,#7473,#7474,#7475,#7476),
 .UNSPECIFIED.,.F.,.F.,(4,1,4),(0.,0.0528888664487506,0.084366701943103),
 .UNSPECIFIED.);
#1743=B_SPLINE_CURVE_WITH_KNOTS('',3,(#7493,#7494,#7495,#7496,#7497),
 .UNSPECIFIED.,.F.,.F.,(4,1,4),(0.,0.319363074248676,0.655668841588036),
 .UNSPECIFIED.);
#1744=B_SPLINE_CURVE_WITH_KNOTS('',3,(#7510,#7511,#7512,#7513,#7514),
 .UNSPECIFIED.,.F.,.F.,(4,1,4),(0.,0.134355236606309,0.294791696921817),
 .UNSPECIFIED.);
#1745=B_SPLINE_CURVE_WITH_KNOTS('',3,(#7527,#7528,#7529,#7530,#7531),
 .UNSPECIFIED.,.F.,.F.,(4,1,4),(0.,0.156616134768697,0.300662806774643),
 .UNSPECIFIED.);
#1746=B_SPLINE_CURVE_WITH_KNOTS('',3,(#7543,#7544,#7545,#7546,#7547),
 .UNSPECIFIED.,.F.,.F.,(4,1,4),(0.,0.137011698417469,0.28305266834517),
 .UNSPECIFIED.);
#1747=B_SPLINE_CURVE_WITH_KNOTS('',3,(#7561,#7562,#7563,#7564,#7565),
 .UNSPECIFIED.,.F.,.F.,(4,1,4),(0.,0.0821995967401273,0.152650091045028),
 .UNSPECIFIED.);
#1748=B_SPLINE_CURVE_WITH_KNOTS('',3,(#7578,#7579,#7580,#7581,#7582),
 .UNSPECIFIED.,.F.,.F.,(4,1,4),(0.,0.0878242141854128,0.189306263997499),
 .UNSPECIFIED.);
#1749=B_SPLINE_CURVE_WITH_KNOTS('',3,(#7595,#7596,#7597,#7598,#7599),
 .UNSPECIFIED.,.F.,.F.,(4,1,4),(0.,0.0924851789315964,0.179555293377076),
 .UNSPECIFIED.);
#1750=B_SPLINE_CURVE_WITH_KNOTS('',3,(#7612,#7613,#7614,#7615,#7616),
 .UNSPECIFIED.,.F.,.F.,(4,1,4),(0.,0.0983305052621556,0.195970738999773),
 .UNSPECIFIED.);
#1751=B_SPLINE_CURVE_WITH_KNOTS('',3,(#7629,#7630,#7631,#7632,#7633),
 .UNSPECIFIED.,.F.,.F.,(4,1,4),(0.,0.110413311127994,0.203170992592005),
 .UNSPECIFIED.);
#1752=B_SPLINE_CURVE_WITH_KNOTS('',3,(#7646,#7647,#7648,#7649,#7650),
 .UNSPECIFIED.,.F.,.F.,(4,1,4),(0.,0.0356511587157495,0.0705103340496408),
 .UNSPECIFIED.);
#1753=B_SPLINE_CURVE_WITH_KNOTS('',3,(#7663,#7664,#7665,#7666,#7667),
 .UNSPECIFIED.,.F.,.F.,(4,1,4),(0.,0.0353554196767095,0.102830231802278),
 .UNSPECIFIED.);
#1754=B_SPLINE_CURVE_WITH_KNOTS('',3,(#7680,#7681,#7682,#7683,#7684),
 .UNSPECIFIED.,.F.,.F.,(4,1,4),(0.,0.0553751050864234,0.106735871839796),
 .UNSPECIFIED.);
#1755=B_SPLINE_CURVE_WITH_KNOTS('',3,(#7696,#7697,#7698,#7699,#7700),
 .UNSPECIFIED.,.F.,.F.,(4,1,4),(0.,0.0754644920779323,0.170221551553055),
 .UNSPECIFIED.);
#1756=B_SPLINE_CURVE_WITH_KNOTS('',3,(#7732,#7733,#7734,#7735,#7736,#7737,
#7738,#7739,#7740,#7741,#7742,#7743,#7744),.UNSPECIFIED.,.F.,.F.,(4,3,3,
3,4),(0.,0.114810366361181,0.229620732722361,0.382701221203936,0.53578170968551),
 .UNSPECIFIED.);
#1757=B_SPLINE_CURVE_WITH_KNOTS('',3,(#7746,#7747,#7748,#7749),
 .UNSPECIFIED.,.F.,.F.,(4,4),(2.1802341507545,2.20332816152209),
 .UNSPECIFIED.);
#1758=B_SPLINE_CURVE_WITH_KNOTS('',3,(#7751,#7752,#7753,#7754,#7755,#7756,
#7757,#7758,#7759,#7760,#7761,#7762,#7763),.UNSPECIFIED.,.F.,.F.,(4,3,3,
3,4),(0.,0.162085223098137,0.324170446196277,0.445734363519881,0.567298280843478),
 .UNSPECIFIED.);
#1759=B_SPLINE_CURVE_WITH_KNOTS('',3,(#7764,#7765,#7766,#7767),
 .UNSPECIFIED.,.F.,.F.,(4,4),(-2.20332816152209,-2.1802341507545),
 .UNSPECIFIED.);
#1760=B_SPLINE_CURVE_WITH_KNOTS('',3,(#7798,#7799,#7800,#7801,#7802,#7803,
#7804,#7805,#7806,#7807,#7808,#7809,#7810),.UNSPECIFIED.,.F.,.F.,(4,3,3,
3,4),(0.,0.11481036636118,0.22962073272236,0.382701221203934,0.535781709685508),
 .UNSPECIFIED.);
#1761=B_SPLINE_CURVE_WITH_KNOTS('',3,(#7812,#7813,#7814,#7815),
 .UNSPECIFIED.,.F.,.F.,(4,4),(2.18023415075451,2.2033281615221),
 .UNSPECIFIED.);
#1762=B_SPLINE_CURVE_WITH_KNOTS('',3,(#7817,#7818,#7819,#7820,#7821,#7822,
#7823,#7824,#7825,#7826,#7827,#7828,#7829),.UNSPECIFIED.,.F.,.F.,(4,3,3,
3,4),(0.,0.162085223098136,0.324170446196273,0.445734363519875,0.567298280843478),
 .UNSPECIFIED.);
#1763=B_SPLINE_CURVE_WITH_KNOTS('',3,(#7830,#7831,#7832,#7833),
 .UNSPECIFIED.,.F.,.F.,(4,4),(-2.2033281615221,-2.18023415075451),
 .UNSPECIFIED.);
#1764=B_SPLINE_CURVE_WITH_KNOTS('',3,(#7897,#7898,#7899,#7900,#7901),
 .UNSPECIFIED.,.F.,.F.,(4,1,4),(0.,0.0270526109027191,0.0546382974718213),
 .UNSPECIFIED.);
#1765=B_SPLINE_CURVE_WITH_KNOTS('',3,(#7903,#7904,#7905,#7906,#7907),
 .UNSPECIFIED.,.F.,.F.,(4,1,4),(0.,0.0273815672524433,0.0538699151090687),
 .UNSPECIFIED.);
#1766=B_SPLINE_CURVE_WITH_KNOTS('',3,(#7909,#7910,#7911,#7912,#7913),
 .UNSPECIFIED.,.F.,.F.,(4,1,4),(0.,0.0254469898287363,0.0537432324935919),
 .UNSPECIFIED.);
#1767=B_SPLINE_CURVE_WITH_KNOTS('',3,(#7915,#7916,#7917,#7918,#7919),
 .UNSPECIFIED.,.F.,.F.,(4,1,4),(0.,0.300266144625136,0.585000801160826),
 .UNSPECIFIED.);
#1768=B_SPLINE_CURVE_WITH_KNOTS('',3,(#7925,#7926,#7927,#7928,#7929),
 .UNSPECIFIED.,.F.,.F.,(4,1,4),(0.,0.0277393814033652,0.0544124459193551),
 .UNSPECIFIED.);
#1769=B_SPLINE_CURVE_WITH_KNOTS('',3,(#7931,#7932,#7933,#7934,#7935),
 .UNSPECIFIED.,.F.,.F.,(4,1,4),(0.,0.0263916416174233,0.0534956619040627),
 .UNSPECIFIED.);
#1770=B_SPLINE_CURVE_WITH_KNOTS('',3,(#7937,#7938,#7939,#7940,#7941),
 .UNSPECIFIED.,.F.,.F.,(4,1,4),(0.,0.0271039909937157,0.053495632611139),
 .UNSPECIFIED.);
#1771=B_SPLINE_CURVE_WITH_KNOTS('',3,(#7943,#7944,#7945,#7946,#7947),
 .UNSPECIFIED.,.F.,.F.,(4,1,4),(0.,0.0266730806747627,0.054412462078128),
 .UNSPECIFIED.);
#1772=B_SPLINE_CURVE_WITH_KNOTS('',3,(#7949,#7950,#7951,#7952,#7953),
 .UNSPECIFIED.,.F.,.F.,(4,1,4),(0.,0.0665715224353542,0.159427039243566),
 .UNSPECIFIED.);
#1773=B_SPLINE_CURVE_WITH_KNOTS('',3,(#7955,#7956,#7957,#7958,#7959),
 .UNSPECIFIED.,.F.,.F.,(4,1,4),(0.,0.0928553980044666,0.159427039627464),
 .UNSPECIFIED.);
#1774=B_SPLINE_CURVE_WITH_KNOTS('',3,(#7961,#7962,#7963,#7964,#7965),
 .UNSPECIFIED.,.F.,.F.,(4,1,4),(0.,0.07754341569779,0.185935700081916),
 .UNSPECIFIED.);
#1775=B_SPLINE_CURVE_WITH_KNOTS('',3,(#7967,#7968,#7969,#7970,#7971),
 .UNSPECIFIED.,.F.,.F.,(4,1,4),(0.,0.108223871371486,0.185260299466214),
 .UNSPECIFIED.);
#1776=B_SPLINE_CURVE_WITH_KNOTS('',3,(#7973,#7974,#7975,#7976,#7977),
 .UNSPECIFIED.,.F.,.F.,(4,1,4),(0.,0.0428245053586342,0.102390593023417),
 .UNSPECIFIED.);
#1777=B_SPLINE_CURVE_WITH_KNOTS('',3,(#7979,#7980,#7981,#7982,#7983),
 .UNSPECIFIED.,.F.,.F.,(4,1,4),(0.,0.0595661464709335,0.102390651829568),
 .UNSPECIFIED.);
#1778=B_SPLINE_CURVE_WITH_KNOTS('',3,(#7985,#7986,#7987,#7988,#7989),
 .UNSPECIFIED.,.F.,.F.,(4,1,4),(0.,0.0366000544278298,0.0720047810029676),
 .UNSPECIFIED.);
#1779=B_SPLINE_CURVE_WITH_KNOTS('',3,(#7991,#7992,#7993,#7994,#7995),
 .UNSPECIFIED.,.F.,.F.,(4,1,4),(0.,0.0401977049157305,0.081131752851586),
 .UNSPECIFIED.);
#1780=B_SPLINE_CURVE_WITH_KNOTS('',3,(#7999,#8000,#8001,#8002,#8003),
 .UNSPECIFIED.,.F.,.F.,(4,1,4),(0.,0.0871111126879843,0.163405841663457),
 .UNSPECIFIED.);
#1781=B_SPLINE_CURVE_WITH_KNOTS('',3,(#8005,#8006,#8007,#8008,#8009),
 .UNSPECIFIED.,.F.,.F.,(4,1,4),(0.,0.261399881165757,0.466832312362936),
 .UNSPECIFIED.);
#1782=B_SPLINE_CURVE_WITH_KNOTS('',3,(#8011,#8012,#8013,#8014,#8015),
 .UNSPECIFIED.,.F.,.F.,(4,1,4),(0.,0.0996927346894909,0.209886248521743),
 .UNSPECIFIED.);
#1783=B_SPLINE_CURVE_WITH_KNOTS('',3,(#8017,#8018,#8019,#8020,#8021),
 .UNSPECIFIED.,.F.,.F.,(4,1,4),(0.,0.101285596669575,0.212069088021681),
 .UNSPECIFIED.);
#1784=B_SPLINE_CURVE_WITH_KNOTS('',3,(#8023,#8024,#8025,#8026,#8027),
 .UNSPECIFIED.,.F.,.F.,(4,1,4),(0.,0.2174164240329,0.396330383410386),
 .UNSPECIFIED.);
#1785=B_SPLINE_CURVE_WITH_KNOTS('',3,(#8028,#8029,#8030,#8031,#8032),
 .UNSPECIFIED.,.F.,.F.,(4,1,4),(0.,0.0259341849861215,0.0500197862276499),
 .UNSPECIFIED.);
#1786=B_SPLINE_CURVE_WITH_KNOTS('',3,(#8035,#8036,#8037,#8038,#8039),
 .UNSPECIFIED.,.F.,.F.,(4,1,4),(0.,0.0262943281701537,0.0513459748116319),
 .UNSPECIFIED.);
#1787=B_SPLINE_CURVE_WITH_KNOTS('',3,(#8041,#8042,#8043,#8044,#8045),
 .UNSPECIFIED.,.F.,.F.,(4,1,4),(0.,0.0251235815258289,0.0514863269959047),
 .UNSPECIFIED.);
#1788=B_SPLINE_CURVE_WITH_KNOTS('',3,(#8051,#8052,#8053,#8054,#8055),
 .UNSPECIFIED.,.F.,.F.,(4,1,4),(0.,0.0402858685774502,0.0667318595544248),
 .UNSPECIFIED.);
#1789=B_SPLINE_CURVE_WITH_KNOTS('',3,(#8057,#8058,#8059,#8060,#8061),
 .UNSPECIFIED.,.F.,.F.,(4,1,4),(0.,0.0320725577502243,0.0656750473478069),
 .UNSPECIFIED.);
#1790=B_SPLINE_CURVE_WITH_KNOTS('',3,(#8063,#8064,#8065,#8066,#8067),
 .UNSPECIFIED.,.F.,.F.,(4,1,4),(0.,0.0577232096436555,0.139202854014708),
 .UNSPECIFIED.);
#1791=B_SPLINE_CURVE_WITH_KNOTS('',3,(#8073,#8074,#8075,#8076,#8077),
 .UNSPECIFIED.,.F.,.F.,(4,1,4),(0.,0.0402827633411437,0.096267838618022),
 .UNSPECIFIED.);
#1792=B_SPLINE_CURVE_WITH_KNOTS('',3,(#8079,#8080,#8081,#8082,#8083),
 .UNSPECIFIED.,.F.,.F.,(4,1,4),(0.,0.0558164215862477,0.0955920384540812),
 .UNSPECIFIED.);
#1793=B_SPLINE_CURVE_WITH_KNOTS('',3,(#8085,#8086,#8087,#8088,#8089),
 .UNSPECIFIED.,.F.,.F.,(4,1,4),(0.,0.108324315686829,0.26167836400396),
 .UNSPECIFIED.);
#1794=B_SPLINE_CURVE_WITH_KNOTS('',3,(#8091,#8092,#8093,#8094,#8095),
 .UNSPECIFIED.,.F.,.F.,(4,1,4),(0.,0.152123122841512,0.262285061777948),
 .UNSPECIFIED.);
#1795=B_SPLINE_CURVE_WITH_KNOTS('',3,(#8097,#8098,#8099,#8100,#8101),
 .UNSPECIFIED.,.F.,.F.,(4,1,4),(0.,0.0910988806689542,0.136119089527506),
 .UNSPECIFIED.);
#1796=B_SPLINE_CURVE_WITH_KNOTS('',3,(#8103,#8104,#8105,#8106,#8107),
 .UNSPECIFIED.,.F.,.F.,(4,1,4),(0.,0.0257917446969811,0.0523280725319872),
 .UNSPECIFIED.);
#1797=B_SPLINE_CURVE_WITH_KNOTS('',3,(#8109,#8110,#8111,#8112,#8113),
 .UNSPECIFIED.,.F.,.F.,(4,1,4),(0.,0.0264612838361712,0.0518217002591316),
 .UNSPECIFIED.);
#1798=B_SPLINE_CURVE_WITH_KNOTS('',3,(#8115,#8116,#8117,#8118,#8119),
 .UNSPECIFIED.,.F.,.F.,(4,1,4),(0.,0.0380713207254323,0.0986034407517606),
 .UNSPECIFIED.);
#1799=B_SPLINE_CURVE_WITH_KNOTS('',3,(#8121,#8122,#8123,#8124,#8125),
 .UNSPECIFIED.,.F.,.F.,(4,1,4),(0.,0.0554135461231893,0.132426930750363),
 .UNSPECIFIED.);
#1800=B_SPLINE_CURVE_WITH_KNOTS('',3,(#8127,#8128,#8129,#8130,#8131),
 .UNSPECIFIED.,.F.,.F.,(4,1,4),(0.,0.0736569120116119,0.13114340245859),
 .UNSPECIFIED.);
#1801=B_SPLINE_CURVE_WITH_KNOTS('',3,(#8133,#8134,#8135,#8136,#8137),
 .UNSPECIFIED.,.F.,.F.,(4,1,4),(0.,0.0364080683887405,0.0770914740813002),
 .UNSPECIFIED.);
#1802=B_SPLINE_CURVE_WITH_KNOTS('',3,(#8139,#8140,#8141,#8142,#8143),
 .UNSPECIFIED.,.F.,.F.,(4,1,4),(0.,0.0193939132327939,0.0465441919897485),
 .UNSPECIFIED.);
#1803=B_SPLINE_CURVE_WITH_KNOTS('',3,(#8145,#8146,#8147,#8148,#8149),
 .UNSPECIFIED.,.F.,.F.,(4,1,4),(0.,0.0271502787569546,0.0465442515127157),
 .UNSPECIFIED.);
#1804=B_SPLINE_CURVE_WITH_KNOTS('',3,(#8151,#8152,#8153,#8154,#8155),
 .UNSPECIFIED.,.F.,.F.,(4,1,4),(0.,0.0280847364122016,0.0677050249541053),
 .UNSPECIFIED.);
#1805=B_SPLINE_CURVE_WITH_KNOTS('',3,(#8157,#8158,#8159,#8160,#8161),
 .UNSPECIFIED.,.F.,.F.,(4,1,4),(0.,0.0396203534303662,0.0677050898425678),
 .UNSPECIFIED.);
#1806=B_SPLINE_CURVE_WITH_KNOTS('',3,(#8163,#8164,#8165,#8166,#8167),
 .UNSPECIFIED.,.F.,.F.,(4,1,4),(0.,0.0961614954510759,0.230678770142146),
 .UNSPECIFIED.);
#1807=B_SPLINE_CURVE_WITH_KNOTS('',3,(#8169,#8170,#8171,#8172,#8173),
 .UNSPECIFIED.,.F.,.F.,(4,1,4),(0.,0.134348812283303,0.230003293629467),
 .UNSPECIFIED.);
#1808=B_SPLINE_CURVE_WITH_KNOTS('',3,(#8175,#8176,#8177,#8178,#8179),
 .UNSPECIFIED.,.F.,.F.,(4,1,4),(0.,0.0434920373793094,0.0955786387287897),
 .UNSPECIFIED.);
#1809=B_SPLINE_CURVE_WITH_KNOTS('',3,(#8181,#8182,#8183,#8184,#8185),
 .UNSPECIFIED.,.F.,.F.,(4,1,4),(0.,0.0512573325951963,0.0922333256566689),
 .UNSPECIFIED.);
#1810=B_SPLINE_CURVE_WITH_KNOTS('',3,(#8189,#8190,#8191,#8192,#8193),
 .UNSPECIFIED.,.F.,.F.,(4,1,4),(0.,0.0263775187783203,0.0516404021440087),
 .UNSPECIFIED.);
#1811=B_SPLINE_CURVE_WITH_KNOTS('',3,(#8194,#8195,#8196,#8197,#8198),
 .UNSPECIFIED.,.F.,.F.,(4,1,4),(0.,0.0251218831898311,0.0510000356868704),
 .UNSPECIFIED.);
#1812=B_SPLINE_CURVE_WITH_KNOTS('',3,(#8297,#8298,#8299,#8300,#8301),
 .UNSPECIFIED.,.F.,.F.,(4,1,4),(0.,0.0946822487641814,0.211096662329272),
 .UNSPECIFIED.);
#1813=B_SPLINE_CURVE_WITH_KNOTS('',3,(#8305,#8306,#8307,#8308,#8309),
 .UNSPECIFIED.,.F.,.F.,(4,1,4),(0.,0.0946822487641814,0.211096662329272),
 .UNSPECIFIED.);
#1814=B_SPLINE_CURVE_WITH_KNOTS('',3,(#8322,#8323,#8324,#8325,#8326),
 .UNSPECIFIED.,.F.,.F.,(4,1,4),(0.,0.0441504313490193,0.0747553527435444),
 .UNSPECIFIED.);
#1815=B_SPLINE_CURVE_WITH_KNOTS('',3,(#8329,#8330,#8331,#8332,#8333),
 .UNSPECIFIED.,.F.,.F.,(4,1,4),(0.,0.0441504313490193,0.0747553527435444),
 .UNSPECIFIED.);
#1816=B_SPLINE_CURVE_WITH_KNOTS('',3,(#8345,#8346,#8347,#8348,#8349),
 .UNSPECIFIED.,.F.,.F.,(4,1,4),(0.,0.0438170099551548,0.0894432751358162),
 .UNSPECIFIED.);
#1817=B_SPLINE_CURVE_WITH_KNOTS('',3,(#8352,#8353,#8354,#8355,#8356),
 .UNSPECIFIED.,.F.,.F.,(4,1,4),(0.,0.0438170099551548,0.0894432751358162),
 .UNSPECIFIED.);
#1818=B_SPLINE_CURVE_WITH_KNOTS('',3,(#8368,#8369,#8370,#8371,#8372),
 .UNSPECIFIED.,.F.,.F.,(4,1,4),(0.,0.151317344796765,0.264293719199414),
 .UNSPECIFIED.);
#1819=B_SPLINE_CURVE_WITH_KNOTS('',3,(#8375,#8376,#8377,#8378,#8379),
 .UNSPECIFIED.,.F.,.F.,(4,1,4),(0.,0.151317344796765,0.264293719199414),
 .UNSPECIFIED.);
#1820=B_SPLINE_CURVE_WITH_KNOTS('',3,(#8391,#8392,#8393,#8394,#8395),
 .UNSPECIFIED.,.F.,.F.,(4,1,4),(0.,0.0175141318413776,0.0301167619376368),
 .UNSPECIFIED.);
#1821=B_SPLINE_CURVE_WITH_KNOTS('',3,(#8398,#8399,#8400,#8401,#8402),
 .UNSPECIFIED.,.F.,.F.,(4,1,4),(0.,0.0175141318413776,0.0301167619376368),
 .UNSPECIFIED.);
#1822=B_SPLINE_CURVE_WITH_KNOTS('',3,(#8414,#8415,#8416,#8417,#8418),
 .UNSPECIFIED.,.F.,.F.,(4,1,4),(0.,0.0120952186840964,0.029440245877775),
 .UNSPECIFIED.);
#1823=B_SPLINE_CURVE_WITH_KNOTS('',3,(#8421,#8422,#8423,#8424,#8425),
 .UNSPECIFIED.,.F.,.F.,(4,1,4),(0.,0.0120952186840964,0.029440245877775),
 .UNSPECIFIED.);
#1824=B_SPLINE_CURVE_WITH_KNOTS('',3,(#8443,#8444,#8445,#8446,#8447),
 .UNSPECIFIED.,.F.,.F.,(4,1,4),(0.,0.0607637606987901,0.134974989125511),
 .UNSPECIFIED.);
#1825=B_SPLINE_CURVE_WITH_KNOTS('',3,(#8450,#8451,#8452,#8453,#8454),
 .UNSPECIFIED.,.F.,.F.,(4,1,4),(0.,0.0607637606987901,0.134974989125511),
 .UNSPECIFIED.);
#1826=B_SPLINE_CURVE_WITH_KNOTS('',3,(#8466,#8467,#8468,#8469,#8470),
 .UNSPECIFIED.,.F.,.F.,(4,1,4),(0.,0.0456391354232906,0.0820251063609162),
 .UNSPECIFIED.);
#1827=B_SPLINE_CURVE_WITH_KNOTS('',3,(#8473,#8474,#8475,#8476,#8477),
 .UNSPECIFIED.,.F.,.F.,(4,1,4),(0.,0.0456391354232906,0.0820251063609162),
 .UNSPECIFIED.);
#1828=B_SPLINE_CURVE_WITH_KNOTS('',3,(#8500,#8501,#8502,#8503,#8504),
 .UNSPECIFIED.,.F.,.F.,(4,1,4),(0.,0.116361333878468,0.225038421064708),
 .UNSPECIFIED.);
#1829=B_SPLINE_CURVE_WITH_KNOTS('',3,(#8505,#8506,#8507,#8508,#8509),
 .UNSPECIFIED.,.F.,.F.,(4,1,4),(0.,0.116361333878468,0.225038421064708),
 .UNSPECIFIED.);
#1830=B_SPLINE_CURVE_WITH_KNOTS('',3,(#8523,#8524,#8525,#8526,#8527),
 .UNSPECIFIED.,.F.,.F.,(4,1,4),(0.,0.0270526109027191,0.0546382974718213),
 .UNSPECIFIED.);
#1831=B_SPLINE_CURVE_WITH_KNOTS('',3,(#8541,#8542,#8543,#8544,#8545),
 .UNSPECIFIED.,.F.,.F.,(4,1,4),(0.,0.0259341849861215,0.0500197862276499),
 .UNSPECIFIED.);
#1832=B_SPLINE_CURVE_WITH_KNOTS('',3,(#8558,#8559,#8560,#8561,#8562),
 .UNSPECIFIED.,.F.,.F.,(4,1,4),(0.,0.2174164240329,0.396330383410386),
 .UNSPECIFIED.);
#1833=B_SPLINE_CURVE_WITH_KNOTS('',3,(#8575,#8576,#8577,#8578,#8579),
 .UNSPECIFIED.,.F.,.F.,(4,1,4),(0.,0.101285596669575,0.212069088021681),
 .UNSPECIFIED.);
#1834=B_SPLINE_CURVE_WITH_KNOTS('',3,(#8592,#8593,#8594,#8595,#8596),
 .UNSPECIFIED.,.F.,.F.,(4,1,4),(0.,0.0996927346894909,0.209886248521743),
 .UNSPECIFIED.);
#1835=B_SPLINE_CURVE_WITH_KNOTS('',3,(#8609,#8610,#8611,#8612,#8613),
 .UNSPECIFIED.,.F.,.F.,(4,1,4),(0.,0.261399881165757,0.466832312362936),
 .UNSPECIFIED.);
#1836=B_SPLINE_CURVE_WITH_KNOTS('',3,(#8626,#8627,#8628,#8629,#8630),
 .UNSPECIFIED.,.F.,.F.,(4,1,4),(0.,0.0871111126879843,0.163405841663457),
 .UNSPECIFIED.);
#1837=B_SPLINE_CURVE_WITH_KNOTS('',3,(#8647,#8648,#8649,#8650,#8651),
 .UNSPECIFIED.,.F.,.F.,(4,1,4),(0.,0.0401977049157305,0.081131752851586),
 .UNSPECIFIED.);
#1838=B_SPLINE_CURVE_WITH_KNOTS('',3,(#8664,#8665,#8666,#8667,#8668),
 .UNSPECIFIED.,.F.,.F.,(4,1,4),(0.,0.0366000544278298,0.0720047810029676),
 .UNSPECIFIED.);
#1839=B_SPLINE_CURVE_WITH_KNOTS('',3,(#8681,#8682,#8683,#8684,#8685),
 .UNSPECIFIED.,.F.,.F.,(4,1,4),(0.,0.0595661464709335,0.102390651829568),
 .UNSPECIFIED.);
#1840=B_SPLINE_CURVE_WITH_KNOTS('',3,(#8698,#8699,#8700,#8701,#8702),
 .UNSPECIFIED.,.F.,.F.,(4,1,4),(0.,0.0428245053586342,0.102390593023417),
 .UNSPECIFIED.);
#1841=B_SPLINE_CURVE_WITH_KNOTS('',3,(#8715,#8716,#8717,#8718,#8719),
 .UNSPECIFIED.,.F.,.F.,(4,1,4),(0.,0.108223871371486,0.185260299466214),
 .UNSPECIFIED.);
#1842=B_SPLINE_CURVE_WITH_KNOTS('',3,(#8732,#8733,#8734,#8735,#8736),
 .UNSPECIFIED.,.F.,.F.,(4,1,4),(0.,0.07754341569779,0.185935700081916),
 .UNSPECIFIED.);
#1843=B_SPLINE_CURVE_WITH_KNOTS('',3,(#8749,#8750,#8751,#8752,#8753),
 .UNSPECIFIED.,.F.,.F.,(4,1,4),(0.,0.0928553980044666,0.159427039627464),
 .UNSPECIFIED.);
#1844=B_SPLINE_CURVE_WITH_KNOTS('',3,(#8766,#8767,#8768,#8769,#8770),
 .UNSPECIFIED.,.F.,.F.,(4,1,4),(0.,0.0665715224353542,0.159427039243566),
 .UNSPECIFIED.);
#1845=B_SPLINE_CURVE_WITH_KNOTS('',3,(#8783,#8784,#8785,#8786,#8787),
 .UNSPECIFIED.,.F.,.F.,(4,1,4),(0.,0.0266730806747627,0.054412462078128),
 .UNSPECIFIED.);
#1846=B_SPLINE_CURVE_WITH_KNOTS('',3,(#8800,#8801,#8802,#8803,#8804),
 .UNSPECIFIED.,.F.,.F.,(4,1,4),(0.,0.0271039909937157,0.053495632611139),
 .UNSPECIFIED.);
#1847=B_SPLINE_CURVE_WITH_KNOTS('',3,(#8817,#8818,#8819,#8820,#8821),
 .UNSPECIFIED.,.F.,.F.,(4,1,4),(0.,0.0263916416174233,0.0534956619040627),
 .UNSPECIFIED.);
#1848=B_SPLINE_CURVE_WITH_KNOTS('',3,(#8834,#8835,#8836,#8837,#8838),
 .UNSPECIFIED.,.F.,.F.,(4,1,4),(0.,0.0277393814033652,0.0544124459193551),
 .UNSPECIFIED.);
#1849=B_SPLINE_CURVE_WITH_KNOTS('',3,(#8859,#8860,#8861,#8862,#8863),
 .UNSPECIFIED.,.F.,.F.,(4,1,4),(0.,0.300266144625136,0.585000801160826),
 .UNSPECIFIED.);
#1850=B_SPLINE_CURVE_WITH_KNOTS('',3,(#8876,#8877,#8878,#8879,#8880),
 .UNSPECIFIED.,.F.,.F.,(4,1,4),(0.,0.0254469898287363,0.0537432324935919),
 .UNSPECIFIED.);
#1851=B_SPLINE_CURVE_WITH_KNOTS('',3,(#8891,#8892,#8893,#8894,#8895),
 .UNSPECIFIED.,.F.,.F.,(4,1,4),(0.,0.0273815672524433,0.0538699151090687),
 .UNSPECIFIED.);
#1852=B_SPLINE_CURVE_WITH_KNOTS('',3,(#8910,#8911,#8912,#8913,#8914),
 .UNSPECIFIED.,.F.,.F.,(4,1,4),(0.,0.0262943281701537,0.0513459748116319),
 .UNSPECIFIED.);
#1853=B_SPLINE_CURVE_WITH_KNOTS('',3,(#8928,#8929,#8930,#8931,#8932),
 .UNSPECIFIED.,.F.,.F.,(4,1,4),(0.,0.0251218831898311,0.0510000356868704),
 .UNSPECIFIED.);
#1854=B_SPLINE_CURVE_WITH_KNOTS('',3,(#8945,#8946,#8947,#8948,#8949),
 .UNSPECIFIED.,.F.,.F.,(4,1,4),(0.,0.0263775187783203,0.0516404021440087),
 .UNSPECIFIED.);
#1855=B_SPLINE_CURVE_WITH_KNOTS('',3,(#8966,#8967,#8968,#8969,#8970),
 .UNSPECIFIED.,.F.,.F.,(4,1,4),(0.,0.0512573325951963,0.0922333256566689),
 .UNSPECIFIED.);
#1856=B_SPLINE_CURVE_WITH_KNOTS('',3,(#8983,#8984,#8985,#8986,#8987),
 .UNSPECIFIED.,.F.,.F.,(4,1,4),(0.,0.0434920373793094,0.0955786387287897),
 .UNSPECIFIED.);
#1857=B_SPLINE_CURVE_WITH_KNOTS('',3,(#9000,#9001,#9002,#9003,#9004),
 .UNSPECIFIED.,.F.,.F.,(4,1,4),(0.,0.134348812283303,0.230003293629467),
 .UNSPECIFIED.);
#1858=B_SPLINE_CURVE_WITH_KNOTS('',3,(#9017,#9018,#9019,#9020,#9021),
 .UNSPECIFIED.,.F.,.F.,(4,1,4),(0.,0.0961614954510759,0.230678770142146),
 .UNSPECIFIED.);
#1859=B_SPLINE_CURVE_WITH_KNOTS('',3,(#9034,#9035,#9036,#9037,#9038),
 .UNSPECIFIED.,.F.,.F.,(4,1,4),(0.,0.0396203534303662,0.0677050898425678),
 .UNSPECIFIED.);
#1860=B_SPLINE_CURVE_WITH_KNOTS('',3,(#9051,#9052,#9053,#9054,#9055),
 .UNSPECIFIED.,.F.,.F.,(4,1,4),(0.,0.0280847364122016,0.0677050249541053),
 .UNSPECIFIED.);
#1861=B_SPLINE_CURVE_WITH_KNOTS('',3,(#9068,#9069,#9070,#9071,#9072),
 .UNSPECIFIED.,.F.,.F.,(4,1,4),(0.,0.0271502787569546,0.0465442515127157),
 .UNSPECIFIED.);
#1862=B_SPLINE_CURVE_WITH_KNOTS('',3,(#9085,#9086,#9087,#9088,#9089),
 .UNSPECIFIED.,.F.,.F.,(4,1,4),(0.,0.0193939132327939,0.0465441919897485),
 .UNSPECIFIED.);
#1863=B_SPLINE_CURVE_WITH_KNOTS('',3,(#9102,#9103,#9104,#9105,#9106),
 .UNSPECIFIED.,.F.,.F.,(4,1,4),(0.,0.0364080683887405,0.0770914740813002),
 .UNSPECIFIED.);
#1864=B_SPLINE_CURVE_WITH_KNOTS('',3,(#9119,#9120,#9121,#9122,#9123),
 .UNSPECIFIED.,.F.,.F.,(4,1,4),(0.,0.0736569120116119,0.13114340245859),
 .UNSPECIFIED.);
#1865=B_SPLINE_CURVE_WITH_KNOTS('',3,(#9136,#9137,#9138,#9139,#9140),
 .UNSPECIFIED.,.F.,.F.,(4,1,4),(0.,0.0554135461231893,0.132426930750363),
 .UNSPECIFIED.);
#1866=B_SPLINE_CURVE_WITH_KNOTS('',3,(#9153,#9154,#9155,#9156,#9157),
 .UNSPECIFIED.,.F.,.F.,(4,1,4),(0.,0.0380713207254323,0.0986034407517606),
 .UNSPECIFIED.);
#1867=B_SPLINE_CURVE_WITH_KNOTS('',3,(#9170,#9171,#9172,#9173,#9174),
 .UNSPECIFIED.,.F.,.F.,(4,1,4),(0.,0.0264612838361712,0.0518217002591316),
 .UNSPECIFIED.);
#1868=B_SPLINE_CURVE_WITH_KNOTS('',3,(#9187,#9188,#9189,#9190,#9191),
 .UNSPECIFIED.,.F.,.F.,(4,1,4),(0.,0.0257917446969811,0.0523280725319872),
 .UNSPECIFIED.);
#1869=B_SPLINE_CURVE_WITH_KNOTS('',3,(#9204,#9205,#9206,#9207,#9208),
 .UNSPECIFIED.,.F.,.F.,(4,1,4),(0.,0.0910988806689542,0.136119089527506),
 .UNSPECIFIED.);
#1870=B_SPLINE_CURVE_WITH_KNOTS('',3,(#9221,#9222,#9223,#9224,#9225),
 .UNSPECIFIED.,.F.,.F.,(4,1,4),(0.,0.152123122841512,0.262285061777948),
 .UNSPECIFIED.);
#1871=B_SPLINE_CURVE_WITH_KNOTS('',3,(#9238,#9239,#9240,#9241,#9242),
 .UNSPECIFIED.,.F.,.F.,(4,1,4),(0.,0.108324315686829,0.26167836400396),
 .UNSPECIFIED.);
#1872=B_SPLINE_CURVE_WITH_KNOTS('',3,(#9255,#9256,#9257,#9258,#9259),
 .UNSPECIFIED.,.F.,.F.,(4,1,4),(0.,0.0558164215862477,0.0955920384540812),
 .UNSPECIFIED.);
#1873=B_SPLINE_CURVE_WITH_KNOTS('',3,(#9272,#9273,#9274,#9275,#9276),
 .UNSPECIFIED.,.F.,.F.,(4,1,4),(0.,0.0402827633411437,0.096267838618022),
 .UNSPECIFIED.);
#1874=B_SPLINE_CURVE_WITH_KNOTS('',3,(#9297,#9298,#9299,#9300,#9301),
 .UNSPECIFIED.,.F.,.F.,(4,1,4),(0.,0.0577232096436555,0.139202854014708),
 .UNSPECIFIED.);
#1875=B_SPLINE_CURVE_WITH_KNOTS('',3,(#9314,#9315,#9316,#9317,#9318),
 .UNSPECIFIED.,.F.,.F.,(4,1,4),(0.,0.0320725577502243,0.0656750473478069),
 .UNSPECIFIED.);
#1876=B_SPLINE_CURVE_WITH_KNOTS('',3,(#9331,#9332,#9333,#9334,#9335),
 .UNSPECIFIED.,.F.,.F.,(4,1,4),(0.,0.0402858685774502,0.0667318595544248),
 .UNSPECIFIED.);
#1877=B_SPLINE_CURVE_WITH_KNOTS('',3,(#9354,#9355,#9356,#9357,#9358),
 .UNSPECIFIED.,.F.,.F.,(4,1,4),(0.,0.0251235815258289,0.0514863269959047),
 .UNSPECIFIED.);
#1878=VERTEX_POINT('',#5828);
#1879=VERTEX_POINT('',#5829);
#1880=VERTEX_POINT('',#5835);
#1881=VERTEX_POINT('',#5841);
#1882=VERTEX_POINT('',#5847);
#1883=VERTEX_POINT('',#5853);
#1884=VERTEX_POINT('',#5859);
#1885=VERTEX_POINT('',#5865);
#1886=VERTEX_POINT('',#5871);
#1887=VERTEX_POINT('',#5877);
#1888=VERTEX_POINT('',#5883);
#1889=VERTEX_POINT('',#5889);
#1890=VERTEX_POINT('',#5895);
#1891=VERTEX_POINT('',#5901);
#1892=VERTEX_POINT('',#5907);
#1893=VERTEX_POINT('',#5909);
#1894=VERTEX_POINT('',#5915);
#1895=VERTEX_POINT('',#5921);
#1896=VERTEX_POINT('',#5927);
#1897=VERTEX_POINT('',#5933);
#1898=VERTEX_POINT('',#5939);
#1899=VERTEX_POINT('',#5945);
#1900=VERTEX_POINT('',#5951);
#1901=VERTEX_POINT('',#5957);
#1902=VERTEX_POINT('',#5963);
#1903=VERTEX_POINT('',#5969);
#1904=VERTEX_POINT('',#5975);
#1905=VERTEX_POINT('',#5981);
#1906=VERTEX_POINT('',#5987);
#1907=VERTEX_POINT('',#5993);
#1908=VERTEX_POINT('',#5995);
#1909=VERTEX_POINT('',#6001);
#1910=VERTEX_POINT('',#6022);
#1911=VERTEX_POINT('',#6024);
#1912=VERTEX_POINT('',#6041);
#1913=VERTEX_POINT('',#6058);
#1914=VERTEX_POINT('',#6075);
#1915=VERTEX_POINT('',#6092);
#1916=VERTEX_POINT('',#6109);
#1917=VERTEX_POINT('',#6126);
#1918=VERTEX_POINT('',#6143);
#1919=VERTEX_POINT('',#6160);
#1920=VERTEX_POINT('',#6177);
#1921=VERTEX_POINT('',#6194);
#1922=VERTEX_POINT('',#6211);
#1923=VERTEX_POINT('',#6228);
#1924=VERTEX_POINT('',#6236);
#1925=VERTEX_POINT('',#6249);
#1926=VERTEX_POINT('',#6266);
#1927=VERTEX_POINT('',#6283);
#1928=VERTEX_POINT('',#6300);
#1929=VERTEX_POINT('',#6317);
#1930=VERTEX_POINT('',#6334);
#1931=VERTEX_POINT('',#6351);
#1932=VERTEX_POINT('',#6368);
#1933=VERTEX_POINT('',#6385);
#1934=VERTEX_POINT('',#6402);
#1935=VERTEX_POINT('',#6419);
#1936=VERTEX_POINT('',#6436);
#1937=VERTEX_POINT('',#6453);
#1938=VERTEX_POINT('',#6470);
#1939=VERTEX_POINT('',#6478);
#1940=VERTEX_POINT('',#6491);
#1941=VERTEX_POINT('',#6508);
#1942=VERTEX_POINT('',#6531);
#1943=VERTEX_POINT('',#6532);
#1944=VERTEX_POINT('',#6538);
#1945=VERTEX_POINT('',#6544);
#1946=VERTEX_POINT('',#6550);
#1947=VERTEX_POINT('',#6552);
#1948=VERTEX_POINT('',#6558);
#1949=VERTEX_POINT('',#6564);
#1950=VERTEX_POINT('',#6570);
#1951=VERTEX_POINT('',#6576);
#1952=VERTEX_POINT('',#6582);
#1953=VERTEX_POINT('',#6588);
#1954=VERTEX_POINT('',#6594);
#1955=VERTEX_POINT('',#6600);
#1956=VERTEX_POINT('',#6606);
#1957=VERTEX_POINT('',#6612);
#1958=VERTEX_POINT('',#6618);
#1959=VERTEX_POINT('',#6624);
#1960=VERTEX_POINT('',#6630);
#1961=VERTEX_POINT('',#6636);
#1962=VERTEX_POINT('',#6642);
#1963=VERTEX_POINT('',#6648);
#1964=VERTEX_POINT('',#6654);
#1965=VERTEX_POINT('',#6660);
#1966=VERTEX_POINT('',#6666);
#1967=VERTEX_POINT('',#6668);
#1968=VERTEX_POINT('',#6670);
#1969=VERTEX_POINT('',#6676);
#1970=VERTEX_POINT('',#6682);
#1971=VERTEX_POINT('',#6688);
#1972=VERTEX_POINT('',#6690);
#1973=VERTEX_POINT('',#6707);
#1974=VERTEX_POINT('',#6709);
#1975=VERTEX_POINT('',#6726);
#1976=VERTEX_POINT('',#6743);
#1977=VERTEX_POINT('',#6751);
#1978=VERTEX_POINT('',#6764);
#1979=VERTEX_POINT('',#6781);
#1980=VERTEX_POINT('',#6798);
#1981=VERTEX_POINT('',#6815);
#1982=VERTEX_POINT('',#6832);
#1983=VERTEX_POINT('',#6849);
#1984=VERTEX_POINT('',#6866);
#1985=VERTEX_POINT('',#6883);
#1986=VERTEX_POINT('',#6900);
#1987=VERTEX_POINT('',#6917);
#1988=VERTEX_POINT('',#6934);
#1989=VERTEX_POINT('',#6951);
#1990=VERTEX_POINT('',#6968);
#1991=VERTEX_POINT('',#6985);
#1992=VERTEX_POINT('',#7002);
#1993=VERTEX_POINT('',#7019);
#1994=VERTEX_POINT('',#7036);
#1995=VERTEX_POINT('',#7053);
#1996=VERTEX_POINT('',#7070);
#1997=VERTEX_POINT('',#7078);
#1998=VERTEX_POINT('',#7082);
#1999=VERTEX_POINT('',#7095);
#2000=VERTEX_POINT('',#7112);
#2001=VERTEX_POINT('',#7129);
#2002=VERTEX_POINT('',#7137);
#2003=VERTEX_POINT('',#7141);
#2004=VERTEX_POINT('',#7160);
#2005=VERTEX_POINT('',#7161);
#2006=VERTEX_POINT('',#7167);
#2007=VERTEX_POINT('',#7173);
#2008=VERTEX_POINT('',#7179);
#2009=VERTEX_POINT('',#7185);
#2010=VERTEX_POINT('',#7191);
#2011=VERTEX_POINT('',#7197);
#2012=VERTEX_POINT('',#7199);
#2013=VERTEX_POINT('',#7205);
#2014=VERTEX_POINT('',#7211);
#2015=VERTEX_POINT('',#7217);
#2016=VERTEX_POINT('',#7223);
#2017=VERTEX_POINT('',#7225);
#2018=VERTEX_POINT('',#7231);
#2019=VERTEX_POINT('',#7237);
#2020=VERTEX_POINT('',#7248);
#2021=VERTEX_POINT('',#7249);
#2022=VERTEX_POINT('',#7255);
#2023=VERTEX_POINT('',#7261);
#2024=VERTEX_POINT('',#7267);
#2025=VERTEX_POINT('',#7273);
#2026=VERTEX_POINT('',#7279);
#2027=VERTEX_POINT('',#7285);
#2028=VERTEX_POINT('',#7291);
#2029=VERTEX_POINT('',#7312);
#2030=VERTEX_POINT('',#7314);
#2031=VERTEX_POINT('',#7331);
#2032=VERTEX_POINT('',#7348);
#2033=VERTEX_POINT('',#7365);
#2034=VERTEX_POINT('',#7382);
#2035=VERTEX_POINT('',#7399);
#2036=VERTEX_POINT('',#7407);
#2037=VERTEX_POINT('',#7420);
#2038=VERTEX_POINT('',#7437);
#2039=VERTEX_POINT('',#7454);
#2040=VERTEX_POINT('',#7471);
#2041=VERTEX_POINT('',#7479);
#2042=VERTEX_POINT('',#7492);
#2043=VERTEX_POINT('',#7509);
#2044=VERTEX_POINT('',#7526);
#2045=VERTEX_POINT('',#7558);
#2046=VERTEX_POINT('',#7560);
#2047=VERTEX_POINT('',#7577);
#2048=VERTEX_POINT('',#7594);
#2049=VERTEX_POINT('',#7611);
#2050=VERTEX_POINT('',#7628);
#2051=VERTEX_POINT('',#7645);
#2052=VERTEX_POINT('',#7662);
#2053=VERTEX_POINT('',#7679);
#2054=VERTEX_POINT('',#7730);
#2055=VERTEX_POINT('',#7731);
#2056=VERTEX_POINT('',#7745);
#2057=VERTEX_POINT('',#7750);
#2058=VERTEX_POINT('',#7796);
#2059=VERTEX_POINT('',#7797);
#2060=VERTEX_POINT('',#7811);
#2061=VERTEX_POINT('',#7816);
#2062=VERTEX_POINT('',#7838);
#2063=VERTEX_POINT('',#7840);
#2064=VERTEX_POINT('',#7842);
#2065=VERTEX_POINT('',#7844);
#2066=VERTEX_POINT('',#7846);
#2067=VERTEX_POINT('',#7848);
#2068=VERTEX_POINT('',#7850);
#2069=VERTEX_POINT('',#7852);
#2070=VERTEX_POINT('',#7854);
#2071=VERTEX_POINT('',#7856);
#2072=VERTEX_POINT('',#7858);
#2073=VERTEX_POINT('',#7860);
#2074=VERTEX_POINT('',#7862);
#2075=VERTEX_POINT('',#7864);
#2076=VERTEX_POINT('',#7866);
#2077=VERTEX_POINT('',#7868);
#2078=VERTEX_POINT('',#7870);
#2079=VERTEX_POINT('',#7872);
#2080=VERTEX_POINT('',#7874);
#2081=VERTEX_POINT('',#7876);
#2082=VERTEX_POINT('',#7878);
#2083=VERTEX_POINT('',#7880);
#2084=VERTEX_POINT('',#7882);
#2085=VERTEX_POINT('',#7884);
#2086=VERTEX_POINT('',#7886);
#2087=VERTEX_POINT('',#7888);
#2088=VERTEX_POINT('',#7891);
#2089=VERTEX_POINT('',#7893);
#2090=VERTEX_POINT('',#7895);
#2091=VERTEX_POINT('',#7896);
#2092=VERTEX_POINT('',#7902);
#2093=VERTEX_POINT('',#7908);
#2094=VERTEX_POINT('',#7914);
#2095=VERTEX_POINT('',#7920);
#2096=VERTEX_POINT('',#7922);
#2097=VERTEX_POINT('',#7924);
#2098=VERTEX_POINT('',#7930);
#2099=VERTEX_POINT('',#7936);
#2100=VERTEX_POINT('',#7942);
#2101=VERTEX_POINT('',#7948);
#2102=VERTEX_POINT('',#7954);
#2103=VERTEX_POINT('',#7960);
#2104=VERTEX_POINT('',#7966);
#2105=VERTEX_POINT('',#7972);
#2106=VERTEX_POINT('',#7978);
#2107=VERTEX_POINT('',#7984);
#2108=VERTEX_POINT('',#7990);
#2109=VERTEX_POINT('',#7996);
#2110=VERTEX_POINT('',#7998);
#2111=VERTEX_POINT('',#8004);
#2112=VERTEX_POINT('',#8010);
#2113=VERTEX_POINT('',#8016);
#2114=VERTEX_POINT('',#8022);
#2115=VERTEX_POINT('',#8033);
#2116=VERTEX_POINT('',#8034);
#2117=VERTEX_POINT('',#8040);
#2118=VERTEX_POINT('',#8046);
#2119=VERTEX_POINT('',#8048);
#2120=VERTEX_POINT('',#8050);
#2121=VERTEX_POINT('',#8056);
#2122=VERTEX_POINT('',#8062);
#2123=VERTEX_POINT('',#8068);
#2124=VERTEX_POINT('',#8070);
#2125=VERTEX_POINT('',#8072);
#2126=VERTEX_POINT('',#8078);
#2127=VERTEX_POINT('',#8084);
#2128=VERTEX_POINT('',#8090);
#2129=VERTEX_POINT('',#8096);
#2130=VERTEX_POINT('',#8102);
#2131=VERTEX_POINT('',#8108);
#2132=VERTEX_POINT('',#8114);
#2133=VERTEX_POINT('',#8120);
#2134=VERTEX_POINT('',#8126);
#2135=VERTEX_POINT('',#8132);
#2136=VERTEX_POINT('',#8138);
#2137=VERTEX_POINT('',#8144);
#2138=VERTEX_POINT('',#8150);
#2139=VERTEX_POINT('',#8156);
#2140=VERTEX_POINT('',#8162);
#2141=VERTEX_POINT('',#8168);
#2142=VERTEX_POINT('',#8174);
#2143=VERTEX_POINT('',#8180);
#2144=VERTEX_POINT('',#8186);
#2145=VERTEX_POINT('',#8188);
#2146=VERTEX_POINT('',#8199);
#2147=VERTEX_POINT('',#8201);
#2148=VERTEX_POINT('',#8204);
#2149=VERTEX_POINT('',#8208);
#2150=VERTEX_POINT('',#8212);
#2151=VERTEX_POINT('',#8216);
#2152=VERTEX_POINT('',#8218);
#2153=VERTEX_POINT('',#8222);
#2154=VERTEX_POINT('',#8226);
#2155=VERTEX_POINT('',#8230);
#2156=VERTEX_POINT('',#8234);
#2157=VERTEX_POINT('',#8238);
#2158=VERTEX_POINT('',#8242);
#2159=VERTEX_POINT('',#8246);
#2160=VERTEX_POINT('',#8250);
#2161=VERTEX_POINT('',#8254);
#2162=VERTEX_POINT('',#8258);
#2163=VERTEX_POINT('',#8262);
#2164=VERTEX_POINT('',#8266);
#2165=VERTEX_POINT('',#8270);
#2166=VERTEX_POINT('',#8274);
#2167=VERTEX_POINT('',#8278);
#2168=VERTEX_POINT('',#8282);
#2169=VERTEX_POINT('',#8295);
#2170=VERTEX_POINT('',#8296);
#2171=VERTEX_POINT('',#8302);
#2172=VERTEX_POINT('',#8304);
#2173=VERTEX_POINT('',#8321);
#2174=VERTEX_POINT('',#8327);
#2175=VERTEX_POINT('',#8344);
#2176=VERTEX_POINT('',#8350);
#2177=VERTEX_POINT('',#8367);
#2178=VERTEX_POINT('',#8373);
#2179=VERTEX_POINT('',#8390);
#2180=VERTEX_POINT('',#8396);
#2181=VERTEX_POINT('',#8413);
#2182=VERTEX_POINT('',#8419);
#2183=VERTEX_POINT('',#8427);
#2184=VERTEX_POINT('',#8429);
#2185=VERTEX_POINT('',#8442);
#2186=VERTEX_POINT('',#8448);
#2187=VERTEX_POINT('',#8465);
#2188=VERTEX_POINT('',#8471);
#2189=VERTEX_POINT('',#8479);
#2190=VERTEX_POINT('',#8481);
#2191=VERTEX_POINT('',#8485);
#2192=VERTEX_POINT('',#8487);
#2193=VERTEX_POINT('',#8520);
#2194=VERTEX_POINT('',#8522);
#2195=VERTEX_POINT('',#8539);
#2196=VERTEX_POINT('',#8556);
#2197=VERTEX_POINT('',#8573);
#2198=VERTEX_POINT('',#8590);
#2199=VERTEX_POINT('',#8607);
#2200=VERTEX_POINT('',#8624);
#2201=VERTEX_POINT('',#8632);
#2202=VERTEX_POINT('',#8645);
#2203=VERTEX_POINT('',#8662);
#2204=VERTEX_POINT('',#8679);
#2205=VERTEX_POINT('',#8696);
#2206=VERTEX_POINT('',#8713);
#2207=VERTEX_POINT('',#8730);
#2208=VERTEX_POINT('',#8747);
#2209=VERTEX_POINT('',#8764);
#2210=VERTEX_POINT('',#8781);
#2211=VERTEX_POINT('',#8798);
#2212=VERTEX_POINT('',#8815);
#2213=VERTEX_POINT('',#8832);
#2214=VERTEX_POINT('',#8840);
#2215=VERTEX_POINT('',#8844);
#2216=VERTEX_POINT('',#8857);
#2217=VERTEX_POINT('',#8874);
#2218=VERTEX_POINT('',#8907);
#2219=VERTEX_POINT('',#8909);
#2220=VERTEX_POINT('',#8926);
#2221=VERTEX_POINT('',#8943);
#2222=VERTEX_POINT('',#8951);
#2223=VERTEX_POINT('',#8964);
#2224=VERTEX_POINT('',#8981);
#2225=VERTEX_POINT('',#8998);
#2226=VERTEX_POINT('',#9015);
#2227=VERTEX_POINT('',#9032);
#2228=VERTEX_POINT('',#9049);
#2229=VERTEX_POINT('',#9066);
#2230=VERTEX_POINT('',#9083);
#2231=VERTEX_POINT('',#9100);
#2232=VERTEX_POINT('',#9117);
#2233=VERTEX_POINT('',#9134);
#2234=VERTEX_POINT('',#9151);
#2235=VERTEX_POINT('',#9168);
#2236=VERTEX_POINT('',#9185);
#2237=VERTEX_POINT('',#9202);
#2238=VERTEX_POINT('',#9219);
#2239=VERTEX_POINT('',#9236);
#2240=VERTEX_POINT('',#9253);
#2241=VERTEX_POINT('',#9270);
#2242=VERTEX_POINT('',#9278);
#2243=VERTEX_POINT('',#9282);
#2244=VERTEX_POINT('',#9295);
#2245=VERTEX_POINT('',#9312);
#2246=VERTEX_POINT('',#9329);
#2247=VERTEX_POINT('',#9337);
#2248=VERTEX_POINT('',#9341);
#2249=VERTEX_POINT('',#9361);
#2250=VERTEX_POINT('',#9363);
#2251=VERTEX_POINT('',#9365);
#2252=VERTEX_POINT('',#9367);
#2253=VERTEX_POINT('',#9369);
#2254=VERTEX_POINT('',#9371);
#2255=VERTEX_POINT('',#9373);
#2256=VERTEX_POINT('',#9375);
#2257=VERTEX_POINT('',#9377);
#2258=VERTEX_POINT('',#9379);
#2259=VERTEX_POINT('',#9381);
#2260=VERTEX_POINT('',#9383);
#2261=VERTEX_POINT('',#9385);
#2262=VERTEX_POINT('',#9387);
#2263=VERTEX_POINT('',#9389);
#2264=VERTEX_POINT('',#9391);
#2265=VERTEX_POINT('',#9396);
#2266=VERTEX_POINT('',#9398);
#2267=VERTEX_POINT('',#9402);
#2268=VERTEX_POINT('',#9403);
#2269=VERTEX_POINT('',#9405);
#2270=VERTEX_POINT('',#9407);
#2271=VERTEX_POINT('',#9411);
#2272=VERTEX_POINT('',#9413);
#2273=VERTEX_POINT('',#9417);
#2274=VERTEX_POINT('',#9419);
#2275=VERTEX_POINT('',#9423);
#2276=VERTEX_POINT('',#9424);
#2277=VERTEX_POINT('',#9426);
#2278=VERTEX_POINT('',#9428);
#2279=VERTEX_POINT('',#9432);
#2280=VERTEX_POINT('',#9437);
#2281=VERTEX_POINT('',#9441);
#2282=VERTEX_POINT('',#9443);
#2283=VERTEX_POINT('',#9445);
#2284=VERTEX_POINT('',#9449);
#2285=VERTEX_POINT('',#9451);
#2286=VERTEX_POINT('',#9455);
#2287=VERTEX_POINT('',#9457);
#2288=VERTEX_POINT('',#9461);
#2289=VERTEX_POINT('',#9463);
#2290=VERTEX_POINT('',#9468);
#2291=VERTEX_POINT('',#9472);
#2292=VERTEX_POINT('',#9473);
#2293=VERTEX_POINT('',#9475);
#2294=VERTEX_POINT('',#9477);
#2295=VERTEX_POINT('',#9482);
#2296=VERTEX_POINT('',#9491);
#2297=VERTEX_POINT('',#9504);
#2298=VERTEX_POINT('',#9508);
#2299=VERTEX_POINT('',#9512);
#2300=VERTEX_POINT('',#9516);
#2301=VERTEX_POINT('',#9522);
#2302=VERTEX_POINT('',#9526);
#2303=VERTEX_POINT('',#9530);
#2304=VERTEX_POINT('',#9534);
#2305=VERTEX_POINT('',#9547);
#2306=VERTEX_POINT('',#9551);
#2307=VERTEX_POINT('',#9553);
#2308=VERTEX_POINT('',#9557);
#2309=VERTEX_POINT('',#9559);
#2310=VERTEX_POINT('',#9563);
#2311=VERTEX_POINT('',#9565);
#2312=VERTEX_POINT('',#9569);
#2313=VERTEX_POINT('',#9571);
#2314=VERTEX_POINT('',#9575);
#2315=VERTEX_POINT('',#9577);
#2316=VERTEX_POINT('',#9581);
#2317=VERTEX_POINT('',#9583);
#2318=VERTEX_POINT('',#9587);
#2319=VERTEX_POINT('',#9589);
#2320=VERTEX_POINT('',#9593);
#2321=VERTEX_POINT('',#9595);
#2322=VERTEX_POINT('',#9599);
#2323=VERTEX_POINT('',#9601);
#2324=VERTEX_POINT('',#9627);
#2325=VERTEX_POINT('',#9629);
#2326=VERTEX_POINT('',#9633);
#2327=VERTEX_POINT('',#9637);
#2328=VERTEX_POINT('',#9641);
#2329=VERTEX_POINT('',#9647);
#2330=VERTEX_POINT('',#9651);
#2331=VERTEX_POINT('',#9655);
#2332=VERTEX_POINT('',#9659);
#2333=VERTEX_POINT('',#9663);
#2334=EDGE_CURVE('',#1878,#1879,#1598,.T.);
#2335=EDGE_CURVE('',#1880,#1878,#1599,.T.);
#2336=EDGE_CURVE('',#1881,#1880,#1600,.T.);
#2337=EDGE_CURVE('',#1882,#1881,#1601,.T.);
#2338=EDGE_CURVE('',#1883,#1882,#1602,.T.);
#2339=EDGE_CURVE('',#1884,#1883,#1603,.T.);
#2340=EDGE_CURVE('',#1885,#1884,#1604,.T.);
#2341=EDGE_CURVE('',#1886,#1885,#1605,.T.);
#2342=EDGE_CURVE('',#1887,#1886,#1606,.T.);
#2343=EDGE_CURVE('',#1888,#1887,#1607,.T.);
#2344=EDGE_CURVE('',#1889,#1888,#1608,.T.);
#2345=EDGE_CURVE('',#1890,#1889,#1609,.T.);
#2346=EDGE_CURVE('',#1891,#1890,#1610,.T.);
#2347=EDGE_CURVE('',#1892,#1891,#822,.T.);
#2348=EDGE_CURVE('',#1893,#1892,#1611,.T.);
#2349=EDGE_CURVE('',#1894,#1893,#1612,.T.);
#2350=EDGE_CURVE('',#1895,#1894,#1613,.T.);
#2351=EDGE_CURVE('',#1896,#1895,#1614,.T.);
#2352=EDGE_CURVE('',#1897,#1896,#1615,.T.);
#2353=EDGE_CURVE('',#1898,#1897,#1616,.T.);
#2354=EDGE_CURVE('',#1899,#1898,#1617,.T.);
#2355=EDGE_CURVE('',#1900,#1899,#1618,.T.);
#2356=EDGE_CURVE('',#1901,#1900,#1619,.T.);
#2357=EDGE_CURVE('',#1902,#1901,#1620,.T.);
#2358=EDGE_CURVE('',#1903,#1902,#1621,.T.);
#2359=EDGE_CURVE('',#1904,#1903,#1622,.T.);
#2360=EDGE_CURVE('',#1905,#1904,#1623,.T.);
#2361=EDGE_CURVE('',#1906,#1905,#1624,.T.);
#2362=EDGE_CURVE('',#1907,#1906,#823,.T.);
#2363=EDGE_CURVE('',#1908,#1907,#1625,.T.);
#2364=EDGE_CURVE('',#1909,#1908,#1626,.T.);
#2365=EDGE_CURVE('',#1879,#1909,#1627,.T.);
#2366=EDGE_CURVE('',#1879,#1910,#824,.T.);
#2367=EDGE_CURVE('',#1911,#1910,#1628,.T.);
#2368=EDGE_CURVE('',#1878,#1911,#825,.T.);
#2369=EDGE_CURVE('',#1912,#1911,#1629,.T.);
#2370=EDGE_CURVE('',#1880,#1912,#826,.T.);
#2371=EDGE_CURVE('',#1913,#1912,#1630,.T.);
#2372=EDGE_CURVE('',#1881,#1913,#827,.T.);
#2373=EDGE_CURVE('',#1914,#1913,#1631,.T.);
#2374=EDGE_CURVE('',#1882,#1914,#828,.T.);
#2375=EDGE_CURVE('',#1915,#1914,#1632,.T.);
#2376=EDGE_CURVE('',#1883,#1915,#829,.T.);
#2377=EDGE_CURVE('',#1916,#1915,#1633,.T.);
#2378=EDGE_CURVE('',#1884,#1916,#830,.T.);
#2379=EDGE_CURVE('',#1917,#1916,#1634,.T.);
#2380=EDGE_CURVE('',#1885,#1917,#831,.T.);
#2381=EDGE_CURVE('',#1918,#1917,#1635,.T.);
#2382=EDGE_CURVE('',#1886,#1918,#832,.T.);
#2383=EDGE_CURVE('',#1919,#1918,#1636,.T.);
#2384=EDGE_CURVE('',#1887,#1919,#833,.T.);
#2385=EDGE_CURVE('',#1920,#1919,#1637,.T.);
#2386=EDGE_CURVE('',#1888,#1920,#834,.T.);
#2387=EDGE_CURVE('',#1921,#1920,#1638,.T.);
#2388=EDGE_CURVE('',#1889,#1921,#835,.T.);
#2389=EDGE_CURVE('',#1922,#1921,#1639,.T.);
#2390=EDGE_CURVE('',#1890,#1922,#836,.T.);
#2391=EDGE_CURVE('',#1923,#1922,#1640,.T.);
#2392=EDGE_CURVE('',#1891,#1923,#837,.T.);
#2393=EDGE_CURVE('',#1924,#1923,#838,.T.);
#2394=EDGE_CURVE('',#1892,#1924,#839,.T.);
#2395=EDGE_CURVE('',#1925,#1924,#1641,.T.);
#2396=EDGE_CURVE('',#1893,#1925,#840,.T.);
#2397=EDGE_CURVE('',#1926,#1925,#1642,.T.);
#2398=EDGE_CURVE('',#1894,#1926,#841,.T.);
#2399=EDGE_CURVE('',#1927,#1926,#1643,.T.);
#2400=EDGE_CURVE('',#1895,#1927,#842,.T.);
#2401=EDGE_CURVE('',#1928,#1927,#1644,.T.);
#2402=EDGE_CURVE('',#1896,#1928,#843,.T.);
#2403=EDGE_CURVE('',#1929,#1928,#1645,.T.);
#2404=EDGE_CURVE('',#1897,#1929,#844,.T.);
#2405=EDGE_CURVE('',#1930,#1929,#1646,.T.);
#2406=EDGE_CURVE('',#1898,#1930,#845,.T.);
#2407=EDGE_CURVE('',#1931,#1930,#1647,.T.);
#2408=EDGE_CURVE('',#1899,#1931,#846,.T.);
#2409=EDGE_CURVE('',#1932,#1931,#1648,.T.);
#2410=EDGE_CURVE('',#1900,#1932,#847,.T.);
#2411=EDGE_CURVE('',#1933,#1932,#1649,.T.);
#2412=EDGE_CURVE('',#1901,#1933,#848,.T.);
#2413=EDGE_CURVE('',#1934,#1933,#1650,.T.);
#2414=EDGE_CURVE('',#1902,#1934,#849,.T.);
#2415=EDGE_CURVE('',#1935,#1934,#1651,.T.);
#2416=EDGE_CURVE('',#1903,#1935,#850,.T.);
#2417=EDGE_CURVE('',#1936,#1935,#1652,.T.);
#2418=EDGE_CURVE('',#1904,#1936,#851,.T.);
#2419=EDGE_CURVE('',#1937,#1936,#1653,.T.);
#2420=EDGE_CURVE('',#1905,#1937,#852,.T.);
#2421=EDGE_CURVE('',#1938,#1937,#1654,.T.);
#2422=EDGE_CURVE('',#1906,#1938,#853,.T.);
#2423=EDGE_CURVE('',#1939,#1938,#854,.T.);
#2424=EDGE_CURVE('',#1907,#1939,#855,.T.);
#2425=EDGE_CURVE('',#1940,#1939,#1655,.T.);
#2426=EDGE_CURVE('',#1908,#1940,#856,.T.);
#2427=EDGE_CURVE('',#1941,#1940,#1656,.T.);
#2428=EDGE_CURVE('',#1909,#1941,#857,.T.);
#2429=EDGE_CURVE('',#1910,#1941,#1657,.T.);
#2430=EDGE_CURVE('',#1942,#1943,#1658,.T.);
#2431=EDGE_CURVE('',#1944,#1942,#1659,.T.);
#2432=EDGE_CURVE('',#1945,#1944,#1660,.T.);
#2433=EDGE_CURVE('',#1946,#1945,#858,.T.);
#2434=EDGE_CURVE('',#1947,#1946,#1661,.T.);
#2435=EDGE_CURVE('',#1948,#1947,#1662,.T.);
#2436=EDGE_CURVE('',#1949,#1948,#1663,.T.);
#2437=EDGE_CURVE('',#1950,#1949,#1664,.T.);
#2438=EDGE_CURVE('',#1951,#1950,#1665,.T.);
#2439=EDGE_CURVE('',#1952,#1951,#1666,.T.);
#2440=EDGE_CURVE('',#1953,#1952,#1667,.T.);
#2441=EDGE_CURVE('',#1954,#1953,#1668,.T.);
#2442=EDGE_CURVE('',#1955,#1954,#1669,.T.);
#2443=EDGE_CURVE('',#1956,#1955,#1670,.T.);
#2444=EDGE_CURVE('',#1957,#1956,#1671,.T.);
#2445=EDGE_CURVE('',#1958,#1957,#1672,.T.);
#2446=EDGE_CURVE('',#1959,#1958,#1673,.T.);
#2447=EDGE_CURVE('',#1960,#1959,#1674,.T.);
#2448=EDGE_CURVE('',#1961,#1960,#1675,.T.);
#2449=EDGE_CURVE('',#1962,#1961,#1676,.T.);
#2450=EDGE_CURVE('',#1963,#1962,#1677,.T.);
#2451=EDGE_CURVE('',#1964,#1963,#1678,.T.);
#2452=EDGE_CURVE('',#1965,#1964,#1679,.T.);
#2453=EDGE_CURVE('',#1966,#1965,#859,.T.);
#2454=EDGE_CURVE('',#1967,#1966,#860,.T.);
#2455=EDGE_CURVE('',#1968,#1967,#1680,.T.);
#2456=EDGE_CURVE('',#1969,#1968,#1681,.T.);
#2457=EDGE_CURVE('',#1970,#1969,#1682,.T.);
#2458=EDGE_CURVE('',#1971,#1970,#861,.T.);
#2459=EDGE_CURVE('',#1972,#1971,#862,.T.);
#2460=EDGE_CURVE('',#1943,#1972,#1683,.T.);
#2461=EDGE_CURVE('',#1943,#1973,#863,.T.);
#2462=EDGE_CURVE('',#1974,#1973,#1684,.T.);
#2463=EDGE_CURVE('',#1942,#1974,#864,.T.);
#2464=EDGE_CURVE('',#1975,#1974,#1685,.T.);
#2465=EDGE_CURVE('',#1944,#1975,#865,.T.);
#2466=EDGE_CURVE('',#1976,#1975,#1686,.T.);
#2467=EDGE_CURVE('',#1945,#1976,#866,.T.);
#2468=EDGE_CURVE('',#1977,#1976,#867,.T.);
#2469=EDGE_CURVE('',#1946,#1977,#868,.T.);
#2470=EDGE_CURVE('',#1978,#1977,#1687,.T.);
#2471=EDGE_CURVE('',#1947,#1978,#869,.T.);
#2472=EDGE_CURVE('',#1979,#1978,#1688,.T.);
#2473=EDGE_CURVE('',#1948,#1979,#870,.T.);
#2474=EDGE_CURVE('',#1980,#1979,#1689,.T.);
#2475=EDGE_CURVE('',#1949,#1980,#871,.T.);
#2476=EDGE_CURVE('',#1981,#1980,#1690,.T.);
#2477=EDGE_CURVE('',#1950,#1981,#872,.T.);
#2478=EDGE_CURVE('',#1982,#1981,#1691,.T.);
#2479=EDGE_CURVE('',#1951,#1982,#873,.T.);
#2480=EDGE_CURVE('',#1983,#1982,#1692,.T.);
#2481=EDGE_CURVE('',#1952,#1983,#874,.T.);
#2482=EDGE_CURVE('',#1984,#1983,#1693,.T.);
#2483=EDGE_CURVE('',#1953,#1984,#875,.T.);
#2484=EDGE_CURVE('',#1985,#1984,#1694,.T.);
#2485=EDGE_CURVE('',#1954,#1985,#876,.T.);
#2486=EDGE_CURVE('',#1986,#1985,#1695,.T.);
#2487=EDGE_CURVE('',#1955,#1986,#877,.T.);
#2488=EDGE_CURVE('',#1987,#1986,#1696,.T.);
#2489=EDGE_CURVE('',#1956,#1987,#878,.T.);
#2490=EDGE_CURVE('',#1988,#1987,#1697,.T.);
#2491=EDGE_CURVE('',#1957,#1988,#879,.T.);
#2492=EDGE_CURVE('',#1989,#1988,#1698,.T.);
#2493=EDGE_CURVE('',#1958,#1989,#880,.T.);
#2494=EDGE_CURVE('',#1990,#1989,#1699,.T.);
#2495=EDGE_CURVE('',#1959,#1990,#881,.T.);
#2496=EDGE_CURVE('',#1991,#1990,#1700,.T.);
#2497=EDGE_CURVE('',#1960,#1991,#882,.T.);
#2498=EDGE_CURVE('',#1992,#1991,#1701,.T.);
#2499=EDGE_CURVE('',#1961,#1992,#883,.T.);
#2500=EDGE_CURVE('',#1993,#1992,#1702,.T.);
#2501=EDGE_CURVE('',#1962,#1993,#884,.T.);
#2502=EDGE_CURVE('',#1994,#1993,#1703,.T.);
#2503=EDGE_CURVE('',#1963,#1994,#885,.T.);
#2504=EDGE_CURVE('',#1995,#1994,#1704,.T.);
#2505=EDGE_CURVE('',#1964,#1995,#886,.T.);
#2506=EDGE_CURVE('',#1996,#1995,#1705,.T.);
#2507=EDGE_CURVE('',#1965,#1996,#887,.T.);
#2508=EDGE_CURVE('',#1997,#1996,#888,.T.);
#2509=EDGE_CURVE('',#1966,#1997,#889,.T.);
#2510=EDGE_CURVE('',#1998,#1997,#890,.T.);
#2511=EDGE_CURVE('',#1967,#1998,#891,.T.);
#2512=EDGE_CURVE('',#1999,#1998,#1706,.T.);
#2513=EDGE_CURVE('',#1968,#1999,#892,.T.);
#2514=EDGE_CURVE('',#2000,#1999,#1707,.T.);
#2515=EDGE_CURVE('',#1969,#2000,#893,.T.);
#2516=EDGE_CURVE('',#2001,#2000,#1708,.T.);
#2517=EDGE_CURVE('',#1970,#2001,#894,.T.);
#2518=EDGE_CURVE('',#2002,#2001,#895,.T.);
#2519=EDGE_CURVE('',#1971,#2002,#896,.T.);
#2520=EDGE_CURVE('',#2003,#2002,#897,.T.);
#2521=EDGE_CURVE('',#1972,#2003,#898,.T.);
#2522=EDGE_CURVE('',#1973,#2003,#1709,.T.);
#2523=EDGE_CURVE('',#2004,#2005,#1710,.T.);
#2524=EDGE_CURVE('',#2006,#2004,#1711,.T.);
#2525=EDGE_CURVE('',#2007,#2006,#1712,.T.);
#2526=EDGE_CURVE('',#2008,#2007,#1713,.T.);
#2527=EDGE_CURVE('',#2009,#2008,#1714,.T.);
#2528=EDGE_CURVE('',#2010,#2009,#1715,.T.);
#2529=EDGE_CURVE('',#2011,#2010,#899,.T.);
#2530=EDGE_CURVE('',#2012,#2011,#1716,.T.);
#2531=EDGE_CURVE('',#2013,#2012,#1717,.T.);
#2532=EDGE_CURVE('',#2014,#2013,#1718,.T.);
#2533=EDGE_CURVE('',#2015,#2014,#1719,.T.);
#2534=EDGE_CURVE('',#2016,#2015,#900,.T.);
#2535=EDGE_CURVE('',#2017,#2016,#1720,.T.);
#2536=EDGE_CURVE('',#2018,#2017,#1721,.T.);
#2537=EDGE_CURVE('',#2019,#2018,#1722,.T.);
#2538=EDGE_CURVE('',#2005,#2019,#1723,.T.);
#2539=EDGE_CURVE('',#2020,#2021,#1724,.T.);
#2540=EDGE_CURVE('',#2022,#2020,#1725,.T.);
#2541=EDGE_CURVE('',#2023,#2022,#1726,.T.);
#2542=EDGE_CURVE('',#2024,#2023,#1727,.T.);
#2543=EDGE_CURVE('',#2025,#2024,#1728,.T.);
#2544=EDGE_CURVE('',#2026,#2025,#1729,.T.);
#2545=EDGE_CURVE('',#2027,#2026,#1730,.T.);
#2546=EDGE_CURVE('',#2028,#2027,#1731,.T.);
#2547=EDGE_CURVE('',#2021,#2028,#1732,.T.);
#2548=EDGE_CURVE('',#2005,#2029,#901,.T.);
#2549=EDGE_CURVE('',#2030,#2029,#1733,.T.);
#2550=EDGE_CURVE('',#2004,#2030,#902,.T.);
#2551=EDGE_CURVE('',#2031,#2030,#1734,.T.);
#2552=EDGE_CURVE('',#2006,#2031,#903,.T.);
#2553=EDGE_CURVE('',#2032,#2031,#1735,.T.);
#2554=EDGE_CURVE('',#2007,#2032,#904,.T.);
#2555=EDGE_CURVE('',#2033,#2032,#1736,.T.);
#2556=EDGE_CURVE('',#2008,#2033,#905,.T.);
#2557=EDGE_CURVE('',#2034,#2033,#1737,.T.);
#2558=EDGE_CURVE('',#2009,#2034,#906,.T.);
#2559=EDGE_CURVE('',#2035,#2034,#1738,.T.);
#2560=EDGE_CURVE('',#2010,#2035,#907,.T.);
#2561=EDGE_CURVE('',#2036,#2035,#908,.T.);
#2562=EDGE_CURVE('',#2011,#2036,#909,.T.);
#2563=EDGE_CURVE('',#2037,#2036,#1739,.T.);
#2564=EDGE_CURVE('',#2012,#2037,#910,.T.);
#2565=EDGE_CURVE('',#2038,#2037,#1740,.T.);
#2566=EDGE_CURVE('',#2013,#2038,#911,.T.);
#2567=EDGE_CURVE('',#2039,#2038,#1741,.T.);
#2568=EDGE_CURVE('',#2014,#2039,#912,.T.);
#2569=EDGE_CURVE('',#2040,#2039,#1742,.T.);
#2570=EDGE_CURVE('',#2015,#2040,#913,.T.);
#2571=EDGE_CURVE('',#2041,#2040,#914,.T.);
#2572=EDGE_CURVE('',#2016,#2041,#915,.T.);
#2573=EDGE_CURVE('',#2042,#2041,#1743,.T.);
#2574=EDGE_CURVE('',#2017,#2042,#916,.T.);
#2575=EDGE_CURVE('',#2043,#2042,#1744,.T.);
#2576=EDGE_CURVE('',#2018,#2043,#917,.T.);
#2577=EDGE_CURVE('',#2044,#2043,#1745,.T.);
#2578=EDGE_CURVE('',#2019,#2044,#918,.T.);
#2579=EDGE_CURVE('',#2029,#2044,#1746,.T.);
#2580=EDGE_CURVE('',#2021,#2045,#919,.T.);
#2581=EDGE_CURVE('',#2046,#2045,#1747,.T.);
#2582=EDGE_CURVE('',#2020,#2046,#920,.T.);
#2583=EDGE_CURVE('',#2047,#2046,#1748,.T.);
#2584=EDGE_CURVE('',#2022,#2047,#921,.T.);
#2585=EDGE_CURVE('',#2048,#2047,#1749,.T.);
#2586=EDGE_CURVE('',#2023,#2048,#922,.T.);
#2587=EDGE_CURVE('',#2049,#2048,#1750,.T.);
#2588=EDGE_CURVE('',#2024,#2049,#923,.T.);
#2589=EDGE_CURVE('',#2050,#2049,#1751,.T.);
#2590=EDGE_CURVE('',#2025,#2050,#924,.T.);
#2591=EDGE_CURVE('',#2051,#2050,#1752,.T.);
#2592=EDGE_CURVE('',#2026,#2051,#925,.T.);
#2593=EDGE_CURVE('',#2052,#2051,#1753,.T.);
#2594=EDGE_CURVE('',#2027,#2052,#926,.T.);
#2595=EDGE_CURVE('',#2053,#2052,#1754,.T.);
#2596=EDGE_CURVE('',#2028,#2053,#927,.T.);
#2597=EDGE_CURVE('',#2045,#2053,#1755,.T.);
#2598=EDGE_CURVE('',#2054,#2055,#1756,.T.);
#2599=EDGE_CURVE('',#2055,#2056,#1757,.T.);
#2600=EDGE_CURVE('',#2056,#2057,#1758,.T.);
#2601=EDGE_CURVE('',#2057,#2054,#1759,.T.);
#2602=EDGE_CURVE('',#2058,#2059,#1760,.T.);
#2603=EDGE_CURVE('',#2059,#2060,#1761,.T.);
#2604=EDGE_CURVE('',#2060,#2061,#1762,.T.);
#2605=EDGE_CURVE('',#2061,#2058,#1763,.T.);
#2606=EDGE_CURVE('',#2060,#2057,#928,.T.);
#2607=EDGE_CURVE('',#2056,#2061,#929,.T.);
#2608=EDGE_CURVE('',#2062,#2054,#930,.T.);
#2609=EDGE_CURVE('',#2063,#2062,#39,.T.);
#2610=EDGE_CURVE('',#2064,#2063,#931,.T.);
#2611=EDGE_CURVE('',#2065,#2064,#40,.T.);
#2612=EDGE_CURVE('',#2066,#2065,#932,.T.);
#2613=EDGE_CURVE('',#2067,#2066,#41,.T.);
#2614=EDGE_CURVE('',#2068,#2067,#933,.T.);
#2615=EDGE_CURVE('',#2069,#2068,#934,.T.);
#2616=EDGE_CURVE('',#2070,#2069,#935,.T.);
#2617=EDGE_CURVE('',#2071,#2070,#936,.T.);
#2618=EDGE_CURVE('',#2072,#2071,#937,.T.);
#2619=EDGE_CURVE('',#2073,#2072,#938,.T.);
#2620=EDGE_CURVE('',#2074,#2073,#939,.T.);
#2621=EDGE_CURVE('',#2075,#2074,#940,.T.);
#2622=EDGE_CURVE('',#2076,#2075,#941,.T.);
#2623=EDGE_CURVE('',#2077,#2076,#942,.T.);
#2624=EDGE_CURVE('',#2078,#2077,#943,.T.);
#2625=EDGE_CURVE('',#2079,#2078,#42,.T.);
#2626=EDGE_CURVE('',#2080,#2079,#944,.T.);
#2627=EDGE_CURVE('',#2081,#2080,#43,.T.);
#2628=EDGE_CURVE('',#2082,#2081,#945,.T.);
#2629=EDGE_CURVE('',#2083,#2082,#44,.T.);
#2630=EDGE_CURVE('',#2084,#2083,#946,.T.);
#2631=EDGE_CURVE('',#2085,#2084,#45,.T.);
#2632=EDGE_CURVE('',#2086,#2085,#947,.T.);
#2633=EDGE_CURVE('',#2087,#2086,#46,.T.);
#2634=EDGE_CURVE('',#2055,#2087,#948,.T.);
#2635=EDGE_CURVE('',#2088,#2088,#47,.T.);
#2636=EDGE_CURVE('',#2089,#2089,#48,.T.);
#2637=EDGE_CURVE('',#2090,#2091,#1764,.T.);
#2638=EDGE_CURVE('',#2091,#2092,#1765,.T.);
#2639=EDGE_CURVE('',#2092,#2093,#1766,.T.);
#2640=EDGE_CURVE('',#2093,#2094,#1767,.T.);
#2641=EDGE_CURVE('',#2094,#2095,#949,.T.);
#2642=EDGE_CURVE('',#2095,#2096,#950,.T.);
#2643=EDGE_CURVE('',#2096,#2097,#1768,.T.);
#2644=EDGE_CURVE('',#2097,#2098,#1769,.T.);
#2645=EDGE_CURVE('',#2098,#2099,#1770,.T.);
#2646=EDGE_CURVE('',#2099,#2100,#1771,.T.);
#2647=EDGE_CURVE('',#2100,#2101,#1772,.T.);
#2648=EDGE_CURVE('',#2101,#2102,#1773,.T.);
#2649=EDGE_CURVE('',#2102,#2103,#1774,.T.);
#2650=EDGE_CURVE('',#2103,#2104,#1775,.T.);
#2651=EDGE_CURVE('',#2104,#2105,#1776,.T.);
#2652=EDGE_CURVE('',#2105,#2106,#1777,.T.);
#2653=EDGE_CURVE('',#2106,#2107,#1778,.T.);
#2654=EDGE_CURVE('',#2107,#2108,#1779,.T.);
#2655=EDGE_CURVE('',#2108,#2109,#951,.T.);
#2656=EDGE_CURVE('',#2109,#2110,#1780,.T.);
#2657=EDGE_CURVE('',#2110,#2111,#1781,.T.);
#2658=EDGE_CURVE('',#2111,#2112,#1782,.T.);
#2659=EDGE_CURVE('',#2112,#2113,#1783,.T.);
#2660=EDGE_CURVE('',#2113,#2114,#1784,.T.);
#2661=EDGE_CURVE('',#2114,#2090,#1785,.T.);
#2662=EDGE_CURVE('',#2115,#2116,#1786,.T.);
#2663=EDGE_CURVE('',#2116,#2117,#1787,.T.);
#2664=EDGE_CURVE('',#2117,#2118,#952,.T.);
#2665=EDGE_CURVE('',#2118,#2119,#953,.T.);
#2666=EDGE_CURVE('',#2119,#2120,#1788,.T.);
#2667=EDGE_CURVE('',#2120,#2121,#1789,.T.);
#2668=EDGE_CURVE('',#2121,#2122,#1790,.T.);
#2669=EDGE_CURVE('',#2122,#2123,#954,.T.);
#2670=EDGE_CURVE('',#2123,#2124,#955,.T.);
#2671=EDGE_CURVE('',#2124,#2125,#1791,.T.);
#2672=EDGE_CURVE('',#2125,#2126,#1792,.T.);
#2673=EDGE_CURVE('',#2126,#2127,#1793,.T.);
#2674=EDGE_CURVE('',#2127,#2128,#1794,.T.);
#2675=EDGE_CURVE('',#2128,#2129,#1795,.T.);
#2676=EDGE_CURVE('',#2129,#2130,#1796,.T.);
#2677=EDGE_CURVE('',#2130,#2131,#1797,.T.);
#2678=EDGE_CURVE('',#2131,#2132,#1798,.T.);
#2679=EDGE_CURVE('',#2132,#2133,#1799,.T.);
#2680=EDGE_CURVE('',#2133,#2134,#1800,.T.);
#2681=EDGE_CURVE('',#2134,#2135,#1801,.T.);
#2682=EDGE_CURVE('',#2135,#2136,#1802,.T.);
#2683=EDGE_CURVE('',#2136,#2137,#1803,.T.);
#2684=EDGE_CURVE('',#2137,#2138,#1804,.T.);
#2685=EDGE_CURVE('',#2138,#2139,#1805,.T.);
#2686=EDGE_CURVE('',#2139,#2140,#1806,.T.);
#2687=EDGE_CURVE('',#2140,#2141,#1807,.T.);
#2688=EDGE_CURVE('',#2141,#2142,#1808,.T.);
#2689=EDGE_CURVE('',#2142,#2143,#1809,.T.);
#2690=EDGE_CURVE('',#2143,#2144,#956,.T.);
#2691=EDGE_CURVE('',#2144,#2145,#1810,.T.);
#2692=EDGE_CURVE('',#2145,#2115,#1811,.T.);
#2693=EDGE_CURVE('',#2146,#2146,#49,.T.);
#2694=EDGE_CURVE('',#2147,#2147,#50,.T.);
#2695=EDGE_CURVE('',#2057,#2148,#957,.T.);
#2696=EDGE_CURVE('',#2062,#2148,#958,.T.);
#2697=EDGE_CURVE('',#2149,#2060,#959,.T.);
#2698=EDGE_CURVE('',#2148,#2149,#960,.T.);
#2699=EDGE_CURVE('',#2059,#2150,#961,.T.);
#2700=EDGE_CURVE('',#2149,#2150,#962,.T.);
#2701=EDGE_CURVE('',#2061,#2151,#963,.T.);
#2702=EDGE_CURVE('',#2152,#2151,#964,.T.);
#2703=EDGE_CURVE('',#2152,#2058,#965,.T.);
#2704=EDGE_CURVE('',#2088,#2153,#966,.T.);
#2705=EDGE_CURVE('',#2153,#2153,#51,.T.);
#2706=EDGE_CURVE('',#2154,#2154,#52,.T.);
#2707=EDGE_CURVE('',#2154,#2153,#967,.T.);
#2708=EDGE_CURVE('',#2147,#2155,#968,.T.);
#2709=EDGE_CURVE('',#2155,#2155,#53,.T.);
#2710=EDGE_CURVE('',#2156,#2156,#54,.T.);
#2711=EDGE_CURVE('',#2156,#2155,#969,.T.);
#2712=EDGE_CURVE('',#2089,#2157,#970,.T.);
#2713=EDGE_CURVE('',#2157,#2157,#55,.T.);
#2714=EDGE_CURVE('',#2158,#2158,#56,.T.);
#2715=EDGE_CURVE('',#2158,#2157,#971,.T.);
#2716=EDGE_CURVE('',#2146,#2159,#972,.T.);
#2717=EDGE_CURVE('',#2159,#2159,#57,.T.);
#2718=EDGE_CURVE('',#2160,#2160,#58,.T.);
#2719=EDGE_CURVE('',#2160,#2159,#973,.T.);
#2720=EDGE_CURVE('',#2161,#2161,#59,.T.);
#2721=EDGE_CURVE('',#2161,#2160,#974,.T.);
#2722=EDGE_CURVE('',#2162,#2162,#60,.T.);
#2723=EDGE_CURVE('',#2162,#2156,#975,.T.);
#2724=EDGE_CURVE('',#2163,#2163,#61,.T.);
#2725=EDGE_CURVE('',#2163,#2154,#976,.T.);
#2726=EDGE_CURVE('',#2164,#2164,#62,.T.);
#2727=EDGE_CURVE('',#2164,#2158,#977,.T.);
#2728=EDGE_CURVE('',#2165,#2165,#63,.T.);
#2729=EDGE_CURVE('',#2165,#2162,#978,.T.);
#2730=EDGE_CURVE('',#2166,#2166,#64,.T.);
#2731=EDGE_CURVE('',#2166,#2163,#979,.T.);
#2732=EDGE_CURVE('',#2167,#2167,#65,.T.);
#2733=EDGE_CURVE('',#2167,#2164,#980,.T.);
#2734=EDGE_CURVE('',#2168,#2168,#66,.T.);
#2735=EDGE_CURVE('',#2168,#2161,#981,.T.);
#2736=EDGE_CURVE('',#2169,#2170,#1812,.T.);
#2737=EDGE_CURVE('',#2169,#2171,#982,.T.);
#2738=EDGE_CURVE('',#2171,#2172,#1813,.T.);
#2739=EDGE_CURVE('',#2170,#2172,#983,.T.);
#2740=EDGE_CURVE('',#2173,#2169,#1814,.T.);
#2741=EDGE_CURVE('',#2173,#2174,#984,.T.);
#2742=EDGE_CURVE('',#2174,#2171,#1815,.T.);
#2743=EDGE_CURVE('',#2175,#2173,#1816,.T.);
#2744=EDGE_CURVE('',#2175,#2176,#985,.T.);
#2745=EDGE_CURVE('',#2176,#2174,#1817,.T.);
#2746=EDGE_CURVE('',#2177,#2175,#1818,.T.);
#2747=EDGE_CURVE('',#2177,#2178,#986,.T.);
#2748=EDGE_CURVE('',#2178,#2176,#1819,.T.);
#2749=EDGE_CURVE('',#2179,#2177,#1820,.T.);
#2750=EDGE_CURVE('',#2179,#2180,#987,.T.);
#2751=EDGE_CURVE('',#2180,#2178,#1821,.T.);
#2752=EDGE_CURVE('',#2181,#2179,#1822,.T.);
#2753=EDGE_CURVE('',#2181,#2182,#988,.T.);
#2754=EDGE_CURVE('',#2182,#2180,#1823,.T.);
#2755=EDGE_CURVE('',#2183,#2181,#989,.T.);
#2756=EDGE_CURVE('',#2183,#2184,#990,.T.);
#2757=EDGE_CURVE('',#2184,#2182,#991,.T.);
#2758=EDGE_CURVE('',#2185,#2183,#1824,.T.);
#2759=EDGE_CURVE('',#2185,#2186,#992,.T.);
#2760=EDGE_CURVE('',#2186,#2184,#1825,.T.);
#2761=EDGE_CURVE('',#2187,#2185,#1826,.T.);
#2762=EDGE_CURVE('',#2187,#2188,#993,.T.);
#2763=EDGE_CURVE('',#2188,#2186,#1827,.T.);
#2764=EDGE_CURVE('',#2189,#2187,#994,.T.);
#2765=EDGE_CURVE('',#2189,#2190,#995,.T.);
#2766=EDGE_CURVE('',#2190,#2188,#996,.T.);
#2767=EDGE_CURVE('',#2191,#2189,#997,.T.);
#2768=EDGE_CURVE('',#2191,#2192,#998,.T.);
#2769=EDGE_CURVE('',#2192,#2190,#999,.T.);
#2770=EDGE_CURVE('',#2170,#2191,#1828,.T.);
#2771=EDGE_CURVE('',#2172,#2192,#1829,.T.);
#2772=EDGE_CURVE('',#2090,#2193,#1000,.T.);
#2773=EDGE_CURVE('',#2193,#2194,#1830,.T.);
#2774=EDGE_CURVE('',#2091,#2194,#1001,.T.);
#2775=EDGE_CURVE('',#2114,#2195,#1002,.T.);
#2776=EDGE_CURVE('',#2195,#2193,#1831,.T.);
#2777=EDGE_CURVE('',#2113,#2196,#1003,.T.);
#2778=EDGE_CURVE('',#2196,#2195,#1832,.T.);
#2779=EDGE_CURVE('',#2112,#2197,#1004,.T.);
#2780=EDGE_CURVE('',#2197,#2196,#1833,.T.);
#2781=EDGE_CURVE('',#2111,#2198,#1005,.T.);
#2782=EDGE_CURVE('',#2198,#2197,#1834,.T.);
#2783=EDGE_CURVE('',#2110,#2199,#1006,.T.);
#2784=EDGE_CURVE('',#2199,#2198,#1835,.T.);
#2785=EDGE_CURVE('',#2109,#2200,#1007,.T.);
#2786=EDGE_CURVE('',#2200,#2199,#1836,.T.);
#2787=EDGE_CURVE('',#2108,#2201,#1008,.T.);
#2788=EDGE_CURVE('',#2201,#2200,#1009,.T.);
#2789=EDGE_CURVE('',#2107,#2202,#1010,.T.);
#2790=EDGE_CURVE('',#2202,#2201,#1837,.T.);
#2791=EDGE_CURVE('',#2106,#2203,#1011,.T.);
#2792=EDGE_CURVE('',#2203,#2202,#1838,.T.);
#2793=EDGE_CURVE('',#2105,#2204,#1012,.T.);
#2794=EDGE_CURVE('',#2204,#2203,#1839,.T.);
#2795=EDGE_CURVE('',#2104,#2205,#1013,.T.);
#2796=EDGE_CURVE('',#2205,#2204,#1840,.T.);
#2797=EDGE_CURVE('',#2103,#2206,#1014,.T.);
#2798=EDGE_CURVE('',#2206,#2205,#1841,.T.);
#2799=EDGE_CURVE('',#2102,#2207,#1015,.T.);
#2800=EDGE_CURVE('',#2207,#2206,#1842,.T.);
#2801=EDGE_CURVE('',#2101,#2208,#1016,.T.);
#2802=EDGE_CURVE('',#2208,#2207,#1843,.T.);
#2803=EDGE_CURVE('',#2100,#2209,#1017,.T.);
#2804=EDGE_CURVE('',#2209,#2208,#1844,.T.);
#2805=EDGE_CURVE('',#2099,#2210,#1018,.T.);
#2806=EDGE_CURVE('',#2210,#2209,#1845,.T.);
#2807=EDGE_CURVE('',#2098,#2211,#1019,.T.);
#2808=EDGE_CURVE('',#2211,#2210,#1846,.T.);
#2809=EDGE_CURVE('',#2097,#2212,#1020,.T.);
#2810=EDGE_CURVE('',#2212,#2211,#1847,.T.);
#2811=EDGE_CURVE('',#2096,#2213,#1021,.T.);
#2812=EDGE_CURVE('',#2213,#2212,#1848,.T.);
#2813=EDGE_CURVE('',#2095,#2214,#1022,.T.);
#2814=EDGE_CURVE('',#2214,#2213,#1023,.T.);
#2815=EDGE_CURVE('',#2094,#2215,#1024,.T.);
#2816=EDGE_CURVE('',#2215,#2214,#1025,.T.);
#2817=EDGE_CURVE('',#2093,#2216,#1026,.T.);
#2818=EDGE_CURVE('',#2216,#2215,#1849,.T.);
#2819=EDGE_CURVE('',#2092,#2217,#1027,.T.);
#2820=EDGE_CURVE('',#2217,#2216,#1850,.T.);
#2821=EDGE_CURVE('',#2194,#2217,#1851,.T.);
#2822=EDGE_CURVE('',#2115,#2218,#1028,.T.);
#2823=EDGE_CURVE('',#2218,#2219,#1852,.T.);
#2824=EDGE_CURVE('',#2116,#2219,#1029,.T.);
#2825=EDGE_CURVE('',#2145,#2220,#1030,.T.);
#2826=EDGE_CURVE('',#2220,#2218,#1853,.T.);
#2827=EDGE_CURVE('',#2144,#2221,#1031,.T.);
#2828=EDGE_CURVE('',#2221,#2220,#1854,.T.);
#2829=EDGE_CURVE('',#2143,#2222,#1032,.T.);
#2830=EDGE_CURVE('',#2222,#2221,#1033,.T.);
#2831=EDGE_CURVE('',#2142,#2223,#1034,.T.);
#2832=EDGE_CURVE('',#2223,#2222,#1855,.T.);
#2833=EDGE_CURVE('',#2141,#2224,#1035,.T.);
#2834=EDGE_CURVE('',#2224,#2223,#1856,.T.);
#2835=EDGE_CURVE('',#2140,#2225,#1036,.T.);
#2836=EDGE_CURVE('',#2225,#2224,#1857,.T.);
#2837=EDGE_CURVE('',#2139,#2226,#1037,.T.);
#2838=EDGE_CURVE('',#2226,#2225,#1858,.T.);
#2839=EDGE_CURVE('',#2138,#2227,#1038,.T.);
#2840=EDGE_CURVE('',#2227,#2226,#1859,.T.);
#2841=EDGE_CURVE('',#2137,#2228,#1039,.T.);
#2842=EDGE_CURVE('',#2228,#2227,#1860,.T.);
#2843=EDGE_CURVE('',#2136,#2229,#1040,.T.);
#2844=EDGE_CURVE('',#2229,#2228,#1861,.T.);
#2845=EDGE_CURVE('',#2135,#2230,#1041,.T.);
#2846=EDGE_CURVE('',#2230,#2229,#1862,.T.);
#2847=EDGE_CURVE('',#2134,#2231,#1042,.T.);
#2848=EDGE_CURVE('',#2231,#2230,#1863,.T.);
#2849=EDGE_CURVE('',#2133,#2232,#1043,.T.);
#2850=EDGE_CURVE('',#2232,#2231,#1864,.T.);
#2851=EDGE_CURVE('',#2132,#2233,#1044,.T.);
#2852=EDGE_CURVE('',#2233,#2232,#1865,.T.);
#2853=EDGE_CURVE('',#2131,#2234,#1045,.T.);
#2854=EDGE_CURVE('',#2234,#2233,#1866,.T.);
#2855=EDGE_CURVE('',#2130,#2235,#1046,.T.);
#2856=EDGE_CURVE('',#2235,#2234,#1867,.T.);
#2857=EDGE_CURVE('',#2129,#2236,#1047,.T.);
#2858=EDGE_CURVE('',#2236,#2235,#1868,.T.);
#2859=EDGE_CURVE('',#2128,#2237,#1048,.T.);
#2860=EDGE_CURVE('',#2237,#2236,#1869,.T.);
#2861=EDGE_CURVE('',#2127,#2238,#1049,.T.);
#2862=EDGE_CURVE('',#2238,#2237,#1870,.T.);
#2863=EDGE_CURVE('',#2126,#2239,#1050,.T.);
#2864=EDGE_CURVE('',#2239,#2238,#1871,.T.);
#2865=EDGE_CURVE('',#2125,#2240,#1051,.T.);
#2866=EDGE_CURVE('',#2240,#2239,#1872,.T.);
#2867=EDGE_CURVE('',#2124,#2241,#1052,.T.);
#2868=EDGE_CURVE('',#2241,#2240,#1873,.T.);
#2869=EDGE_CURVE('',#2123,#2242,#1053,.T.);
#2870=EDGE_CURVE('',#2242,#2241,#1054,.T.);
#2871=EDGE_CURVE('',#2122,#2243,#1055,.T.);
#2872=EDGE_CURVE('',#2243,#2242,#1056,.T.);
#2873=EDGE_CURVE('',#2121,#2244,#1057,.T.);
#2874=EDGE_CURVE('',#2244,#2243,#1874,.T.);
#2875=EDGE_CURVE('',#2120,#2245,#1058,.T.);
#2876=EDGE_CURVE('',#2245,#2244,#1875,.T.);
#2877=EDGE_CURVE('',#2119,#2246,#1059,.T.);
#2878=EDGE_CURVE('',#2246,#2245,#1876,.T.);
#2879=EDGE_CURVE('',#2118,#2247,#1060,.T.);
#2880=EDGE_CURVE('',#2247,#2246,#1061,.T.);
#2881=EDGE_CURVE('',#2117,#2248,#1062,.T.);
#2882=EDGE_CURVE('',#2248,#2247,#1063,.T.);
#2883=EDGE_CURVE('',#2219,#2248,#1877,.T.);
#2884=EDGE_CURVE('',#2249,#2152,#67,.T.);
#2885=EDGE_CURVE('',#2250,#2249,#1064,.T.);
#2886=EDGE_CURVE('',#2251,#2250,#68,.T.);
#2887=EDGE_CURVE('',#2252,#2251,#1065,.T.);
#2888=EDGE_CURVE('',#2253,#2252,#69,.T.);
#2889=EDGE_CURVE('',#2254,#2253,#1066,.T.);
#2890=EDGE_CURVE('',#2255,#2254,#70,.T.);
#2891=EDGE_CURVE('',#2256,#2255,#1067,.T.);
#2892=EDGE_CURVE('',#2257,#2256,#71,.T.);
#2893=EDGE_CURVE('',#2258,#2257,#1068,.T.);
#2894=EDGE_CURVE('',#2259,#2258,#1069,.T.);
#2895=EDGE_CURVE('',#2260,#2259,#1070,.T.);
#2896=EDGE_CURVE('',#2261,#2260,#72,.T.);
#2897=EDGE_CURVE('',#2262,#2261,#1071,.T.);
#2898=EDGE_CURVE('',#2263,#2262,#73,.T.);
#2899=EDGE_CURVE('',#2264,#2263,#1072,.T.);
#2900=EDGE_CURVE('',#2150,#2264,#74,.T.);
#2901=EDGE_CURVE('',#2068,#2265,#1073,.T.);
#2902=EDGE_CURVE('',#2265,#2266,#1074,.T.);
#2903=EDGE_CURVE('',#2266,#2069,#1075,.T.);
#2904=EDGE_CURVE('',#2267,#2268,#1076,.T.);
#2905=EDGE_CURVE('',#2268,#2269,#1077,.T.);
#2906=EDGE_CURVE('',#2269,#2270,#1078,.T.);
#2907=EDGE_CURVE('',#2267,#2270,#1079,.T.);
#2908=EDGE_CURVE('',#2068,#2271,#1080,.T.);
#2909=EDGE_CURVE('',#2271,#2272,#1081,.T.);
#2910=EDGE_CURVE('',#2272,#2265,#1082,.T.);
#2911=EDGE_CURVE('',#2271,#2273,#1083,.T.);
#2912=EDGE_CURVE('',#2273,#2274,#1084,.T.);
#2913=EDGE_CURVE('',#2274,#2272,#1085,.T.);
#2914=EDGE_CURVE('',#2275,#2276,#1086,.T.);
#2915=EDGE_CURVE('',#2276,#2277,#1087,.T.);
#2916=EDGE_CURVE('',#2277,#2278,#1088,.T.);
#2917=EDGE_CURVE('',#2278,#2275,#1089,.T.);
#2918=EDGE_CURVE('',#2276,#2279,#1090,.T.);
#2919=EDGE_CURVE('',#2279,#2072,#1091,.T.);
#2920=EDGE_CURVE('',#2072,#2277,#1092,.T.);
#2921=EDGE_CURVE('',#2279,#2280,#1093,.T.);
#2922=EDGE_CURVE('',#2280,#2073,#1094,.T.);
#2923=EDGE_CURVE('',#2258,#2281,#1095,.T.);
#2924=EDGE_CURVE('',#2281,#2282,#1096,.T.);
#2925=EDGE_CURVE('',#2282,#2283,#1097,.T.);
#2926=EDGE_CURVE('',#2283,#2258,#1098,.T.);
#2927=EDGE_CURVE('',#2280,#2284,#1099,.T.);
#2928=EDGE_CURVE('',#2284,#2285,#1100,.T.);
#2929=EDGE_CURVE('',#2285,#2073,#1101,.T.);
#2930=EDGE_CURVE('',#2281,#2286,#1102,.T.);
#2931=EDGE_CURVE('',#2286,#2287,#1103,.T.);
#2932=EDGE_CURVE('',#2287,#2282,#1104,.T.);
#2933=EDGE_CURVE('',#2284,#2288,#1105,.T.);
#2934=EDGE_CURVE('',#2288,#2289,#1106,.T.);
#2935=EDGE_CURVE('',#2289,#2285,#1107,.T.);
#2936=EDGE_CURVE('',#2286,#2077,#1108,.T.);
#2937=EDGE_CURVE('',#2077,#2290,#1109,.T.);
#2938=EDGE_CURVE('',#2290,#2287,#1110,.T.);
#2939=EDGE_CURVE('',#2291,#2292,#1111,.T.);
#2940=EDGE_CURVE('',#2292,#2293,#1112,.T.);
#2941=EDGE_CURVE('',#2293,#2294,#1113,.T.);
#2942=EDGE_CURVE('',#2294,#2291,#1114,.T.);
#2943=EDGE_CURVE('',#2076,#2293,#1115,.T.);
#2944=EDGE_CURVE('',#2292,#2295,#1116,.T.);
#2945=EDGE_CURVE('',#2295,#2076,#1117,.T.);
#2946=EDGE_CURVE('',#2295,#2290,#1118,.T.);
#2947=EDGE_CURVE('',#2288,#2291,#1119,.T.);
#2948=EDGE_CURVE('',#2294,#2289,#1120,.T.);
#2949=EDGE_CURVE('',#2283,#2296,#1121,.T.);
#2950=EDGE_CURVE('',#2296,#2259,#1122,.T.);
#2951=EDGE_CURVE('',#2273,#2259,#1123,.T.);
#2952=EDGE_CURVE('',#2296,#2274,#1124,.T.);
#2953=EDGE_CURVE('',#2268,#2275,#1125,.T.);
#2954=EDGE_CURVE('',#2278,#2269,#1126,.T.);
#2955=EDGE_CURVE('',#2270,#2069,#1127,.T.);
#2956=EDGE_CURVE('',#2266,#2267,#1128,.T.);
#2957=EDGE_CURVE('',#2270,#2297,#1129,.T.);
#2958=EDGE_CURVE('',#2070,#2297,#1130,.T.);
#2959=EDGE_CURVE('',#2269,#2298,#1131,.T.);
#2960=EDGE_CURVE('',#2297,#2298,#1132,.T.);
#2961=EDGE_CURVE('',#2299,#2278,#1133,.T.);
#2962=EDGE_CURVE('',#2298,#2299,#1134,.T.);
#2963=EDGE_CURVE('',#2300,#2277,#1135,.T.);
#2964=EDGE_CURVE('',#2300,#2299,#1136,.T.);
#2965=EDGE_CURVE('',#2300,#2071,#1137,.T.);
#2966=EDGE_CURVE('',#2285,#2301,#1138,.T.);
#2967=EDGE_CURVE('',#2074,#2301,#1139,.T.);
#2968=EDGE_CURVE('',#2289,#2302,#1140,.T.);
#2969=EDGE_CURVE('',#2301,#2302,#1141,.T.);
#2970=EDGE_CURVE('',#2303,#2294,#1142,.T.);
#2971=EDGE_CURVE('',#2302,#2303,#1143,.T.);
#2972=EDGE_CURVE('',#2304,#2293,#1144,.T.);
#2973=EDGE_CURVE('',#2304,#2303,#1145,.T.);
#2974=EDGE_CURVE('',#2075,#2304,#1146,.T.);
#2975=EDGE_CURVE('',#2301,#2304,#1147,.T.);
#2976=EDGE_CURVE('',#2297,#2300,#1148,.T.);
#2977=EDGE_CURVE('',#2305,#2056,#1149,.T.);
#2978=EDGE_CURVE('',#2151,#2305,#1150,.T.);
#2979=EDGE_CURVE('',#2306,#2305,#75,.T.);
#2980=EDGE_CURVE('',#2306,#2307,#1151,.T.);
#2981=EDGE_CURVE('',#2151,#2307,#76,.T.);
#2982=EDGE_CURVE('',#2308,#2306,#1152,.T.);
#2983=EDGE_CURVE('',#2309,#2308,#1153,.T.);
#2984=EDGE_CURVE('',#2307,#2309,#1154,.T.);
#2985=EDGE_CURVE('',#2310,#2308,#77,.T.);
#2986=EDGE_CURVE('',#2310,#2311,#1155,.T.);
#2987=EDGE_CURVE('',#2309,#2311,#78,.T.);
#2988=EDGE_CURVE('',#2312,#2310,#1156,.T.);
#2989=EDGE_CURVE('',#2313,#2312,#1157,.T.);
#2990=EDGE_CURVE('',#2311,#2313,#1158,.T.);
#2991=EDGE_CURVE('',#2314,#2312,#79,.T.);
#2992=EDGE_CURVE('',#2314,#2315,#1159,.T.);
#2993=EDGE_CURVE('',#2313,#2315,#80,.T.);
#2994=EDGE_CURVE('',#2316,#2314,#1160,.T.);
#2995=EDGE_CURVE('',#2317,#2316,#1161,.T.);
#2996=EDGE_CURVE('',#2315,#2317,#1162,.T.);
#2997=EDGE_CURVE('',#2318,#2316,#81,.T.);
#2998=EDGE_CURVE('',#2318,#2319,#1163,.T.);
#2999=EDGE_CURVE('',#2317,#2319,#82,.T.);
#3000=EDGE_CURVE('',#2320,#2318,#1164,.T.);
#3001=EDGE_CURVE('',#2321,#2320,#1165,.T.);
#3002=EDGE_CURVE('',#2319,#2321,#1166,.T.);
#3003=EDGE_CURVE('',#2322,#2320,#83,.T.);
#3004=EDGE_CURVE('',#2322,#2323,#1167,.T.);
#3005=EDGE_CURVE('',#2321,#2323,#84,.T.);
#3006=EDGE_CURVE('',#2323,#2281,#1168,.T.);
#3007=EDGE_CURVE('',#2286,#2322,#1169,.T.);
#3008=EDGE_CURVE('',#2249,#2307,#1170,.T.);
#3009=EDGE_CURVE('',#2250,#2309,#1171,.T.);
#3010=EDGE_CURVE('',#2251,#2311,#1172,.T.);
#3011=EDGE_CURVE('',#2252,#2313,#1173,.T.);
#3012=EDGE_CURVE('',#2253,#2315,#1174,.T.);
#3013=EDGE_CURVE('',#2254,#2317,#1175,.T.);
#3014=EDGE_CURVE('',#2255,#2319,#1176,.T.);
#3015=EDGE_CURVE('',#2256,#2321,#1177,.T.);
#3016=EDGE_CURVE('',#2257,#2323,#1178,.T.);
#3017=EDGE_CURVE('',#2261,#2324,#1179,.T.);
#3018=EDGE_CURVE('',#2260,#2325,#1180,.T.);
#3019=EDGE_CURVE('',#2325,#2324,#85,.T.);
#3020=EDGE_CURVE('',#2262,#2326,#1181,.T.);
#3021=EDGE_CURVE('',#2324,#2326,#1182,.T.);
#3022=EDGE_CURVE('',#2263,#2327,#1183,.T.);
#3023=EDGE_CURVE('',#2326,#2327,#86,.T.);
#3024=EDGE_CURVE('',#2264,#2328,#1184,.T.);
#3025=EDGE_CURVE('',#2327,#2328,#1185,.T.);
#3026=EDGE_CURVE('',#2328,#2149,#87,.T.);
#3027=EDGE_CURVE('',#2148,#2329,#88,.T.);
#3028=EDGE_CURVE('',#2328,#2329,#1186,.T.);
#3029=EDGE_CURVE('',#2329,#2330,#1187,.T.);
#3030=EDGE_CURVE('',#2330,#2327,#1188,.T.);
#3031=EDGE_CURVE('',#2330,#2331,#89,.T.);
#3032=EDGE_CURVE('',#2331,#2326,#1189,.T.);
#3033=EDGE_CURVE('',#2331,#2332,#1190,.T.);
#3034=EDGE_CURVE('',#2332,#2324,#1191,.T.);
#3035=EDGE_CURVE('',#2332,#2333,#90,.T.);
#3036=EDGE_CURVE('',#2333,#2325,#1192,.T.);
#3037=EDGE_CURVE('',#2064,#2330,#1193,.T.);
#3038=EDGE_CURVE('',#2329,#2063,#1194,.T.);
#3039=EDGE_CURVE('',#2065,#2331,#1195,.T.);
#3040=EDGE_CURVE('',#2066,#2332,#1196,.T.);
#3041=EDGE_CURVE('',#2067,#2333,#1197,.T.);
#3042=EDGE_CURVE('',#2078,#2322,#1198,.T.);
#3043=EDGE_CURVE('',#2079,#2320,#1199,.T.);
#3044=EDGE_CURVE('',#2080,#2318,#1200,.T.);
#3045=EDGE_CURVE('',#2081,#2316,#1201,.T.);
#3046=EDGE_CURVE('',#2082,#2314,#1202,.T.);
#3047=EDGE_CURVE('',#2083,#2312,#1203,.T.);
#3048=EDGE_CURVE('',#2084,#2310,#1204,.T.);
#3049=EDGE_CURVE('',#2085,#2308,#1205,.T.);
#3050=EDGE_CURVE('',#2086,#2306,#1206,.T.);
#3051=EDGE_CURVE('',#2087,#2305,#1207,.T.);
#3052=EDGE_CURVE('',#2333,#2271,#1208,.T.);
#3053=EDGE_CURVE('',#2273,#2325,#1209,.T.);
#3054=ORIENTED_EDGE('',*,*,#2334,.F.);
#3055=ORIENTED_EDGE('',*,*,#2335,.F.);
#3056=ORIENTED_EDGE('',*,*,#2336,.F.);
#3057=ORIENTED_EDGE('',*,*,#2337,.F.);
#3058=ORIENTED_EDGE('',*,*,#2338,.F.);
#3059=ORIENTED_EDGE('',*,*,#2339,.F.);
#3060=ORIENTED_EDGE('',*,*,#2340,.F.);
#3061=ORIENTED_EDGE('',*,*,#2341,.F.);
#3062=ORIENTED_EDGE('',*,*,#2342,.F.);
#3063=ORIENTED_EDGE('',*,*,#2343,.F.);
#3064=ORIENTED_EDGE('',*,*,#2344,.F.);
#3065=ORIENTED_EDGE('',*,*,#2345,.F.);
#3066=ORIENTED_EDGE('',*,*,#2346,.F.);
#3067=ORIENTED_EDGE('',*,*,#2347,.F.);
#3068=ORIENTED_EDGE('',*,*,#2348,.F.);
#3069=ORIENTED_EDGE('',*,*,#2349,.F.);
#3070=ORIENTED_EDGE('',*,*,#2350,.F.);
#3071=ORIENTED_EDGE('',*,*,#2351,.F.);
#3072=ORIENTED_EDGE('',*,*,#2352,.F.);
#3073=ORIENTED_EDGE('',*,*,#2353,.F.);
#3074=ORIENTED_EDGE('',*,*,#2354,.F.);
#3075=ORIENTED_EDGE('',*,*,#2355,.F.);
#3076=ORIENTED_EDGE('',*,*,#2356,.F.);
#3077=ORIENTED_EDGE('',*,*,#2357,.F.);
#3078=ORIENTED_EDGE('',*,*,#2358,.F.);
#3079=ORIENTED_EDGE('',*,*,#2359,.F.);
#3080=ORIENTED_EDGE('',*,*,#2360,.F.);
#3081=ORIENTED_EDGE('',*,*,#2361,.F.);
#3082=ORIENTED_EDGE('',*,*,#2362,.F.);
#3083=ORIENTED_EDGE('',*,*,#2363,.F.);
#3084=ORIENTED_EDGE('',*,*,#2364,.F.);
#3085=ORIENTED_EDGE('',*,*,#2365,.F.);
#3086=ORIENTED_EDGE('',*,*,#2334,.T.);
#3087=ORIENTED_EDGE('',*,*,#2366,.T.);
#3088=ORIENTED_EDGE('',*,*,#2367,.F.);
#3089=ORIENTED_EDGE('',*,*,#2368,.F.);
#3090=ORIENTED_EDGE('',*,*,#2335,.T.);
#3091=ORIENTED_EDGE('',*,*,#2368,.T.);
#3092=ORIENTED_EDGE('',*,*,#2369,.F.);
#3093=ORIENTED_EDGE('',*,*,#2370,.F.);
#3094=ORIENTED_EDGE('',*,*,#2336,.T.);
#3095=ORIENTED_EDGE('',*,*,#2370,.T.);
#3096=ORIENTED_EDGE('',*,*,#2371,.F.);
#3097=ORIENTED_EDGE('',*,*,#2372,.F.);
#3098=ORIENTED_EDGE('',*,*,#2337,.T.);
#3099=ORIENTED_EDGE('',*,*,#2372,.T.);
#3100=ORIENTED_EDGE('',*,*,#2373,.F.);
#3101=ORIENTED_EDGE('',*,*,#2374,.F.);
#3102=ORIENTED_EDGE('',*,*,#2338,.T.);
#3103=ORIENTED_EDGE('',*,*,#2374,.T.);
#3104=ORIENTED_EDGE('',*,*,#2375,.F.);
#3105=ORIENTED_EDGE('',*,*,#2376,.F.);
#3106=ORIENTED_EDGE('',*,*,#2339,.T.);
#3107=ORIENTED_EDGE('',*,*,#2376,.T.);
#3108=ORIENTED_EDGE('',*,*,#2377,.F.);
#3109=ORIENTED_EDGE('',*,*,#2378,.F.);
#3110=ORIENTED_EDGE('',*,*,#2340,.T.);
#3111=ORIENTED_EDGE('',*,*,#2378,.T.);
#3112=ORIENTED_EDGE('',*,*,#2379,.F.);
#3113=ORIENTED_EDGE('',*,*,#2380,.F.);
#3114=ORIENTED_EDGE('',*,*,#2341,.T.);
#3115=ORIENTED_EDGE('',*,*,#2380,.T.);
#3116=ORIENTED_EDGE('',*,*,#2381,.F.);
#3117=ORIENTED_EDGE('',*,*,#2382,.F.);
#3118=ORIENTED_EDGE('',*,*,#2342,.T.);
#3119=ORIENTED_EDGE('',*,*,#2382,.T.);
#3120=ORIENTED_EDGE('',*,*,#2383,.F.);
#3121=ORIENTED_EDGE('',*,*,#2384,.F.);
#3122=ORIENTED_EDGE('',*,*,#2343,.T.);
#3123=ORIENTED_EDGE('',*,*,#2384,.T.);
#3124=ORIENTED_EDGE('',*,*,#2385,.F.);
#3125=ORIENTED_EDGE('',*,*,#2386,.F.);
#3126=ORIENTED_EDGE('',*,*,#2344,.T.);
#3127=ORIENTED_EDGE('',*,*,#2386,.T.);
#3128=ORIENTED_EDGE('',*,*,#2387,.F.);
#3129=ORIENTED_EDGE('',*,*,#2388,.F.);
#3130=ORIENTED_EDGE('',*,*,#2345,.T.);
#3131=ORIENTED_EDGE('',*,*,#2388,.T.);
#3132=ORIENTED_EDGE('',*,*,#2389,.F.);
#3133=ORIENTED_EDGE('',*,*,#2390,.F.);
#3134=ORIENTED_EDGE('',*,*,#2346,.T.);
#3135=ORIENTED_EDGE('',*,*,#2390,.T.);
#3136=ORIENTED_EDGE('',*,*,#2391,.F.);
#3137=ORIENTED_EDGE('',*,*,#2392,.F.);
#3138=ORIENTED_EDGE('',*,*,#2347,.T.);
#3139=ORIENTED_EDGE('',*,*,#2392,.T.);
#3140=ORIENTED_EDGE('',*,*,#2393,.F.);
#3141=ORIENTED_EDGE('',*,*,#2394,.F.);
#3142=ORIENTED_EDGE('',*,*,#2348,.T.);
#3143=ORIENTED_EDGE('',*,*,#2394,.T.);
#3144=ORIENTED_EDGE('',*,*,#2395,.F.);
#3145=ORIENTED_EDGE('',*,*,#2396,.F.);
#3146=ORIENTED_EDGE('',*,*,#2349,.T.);
#3147=ORIENTED_EDGE('',*,*,#2396,.T.);
#3148=ORIENTED_EDGE('',*,*,#2397,.F.);
#3149=ORIENTED_EDGE('',*,*,#2398,.F.);
#3150=ORIENTED_EDGE('',*,*,#2350,.T.);
#3151=ORIENTED_EDGE('',*,*,#2398,.T.);
#3152=ORIENTED_EDGE('',*,*,#2399,.F.);
#3153=ORIENTED_EDGE('',*,*,#2400,.F.);
#3154=ORIENTED_EDGE('',*,*,#2351,.T.);
#3155=ORIENTED_EDGE('',*,*,#2400,.T.);
#3156=ORIENTED_EDGE('',*,*,#2401,.F.);
#3157=ORIENTED_EDGE('',*,*,#2402,.F.);
#3158=ORIENTED_EDGE('',*,*,#2352,.T.);
#3159=ORIENTED_EDGE('',*,*,#2402,.T.);
#3160=ORIENTED_EDGE('',*,*,#2403,.F.);
#3161=ORIENTED_EDGE('',*,*,#2404,.F.);
#3162=ORIENTED_EDGE('',*,*,#2353,.T.);
#3163=ORIENTED_EDGE('',*,*,#2404,.T.);
#3164=ORIENTED_EDGE('',*,*,#2405,.F.);
#3165=ORIENTED_EDGE('',*,*,#2406,.F.);
#3166=ORIENTED_EDGE('',*,*,#2354,.T.);
#3167=ORIENTED_EDGE('',*,*,#2406,.T.);
#3168=ORIENTED_EDGE('',*,*,#2407,.F.);
#3169=ORIENTED_EDGE('',*,*,#2408,.F.);
#3170=ORIENTED_EDGE('',*,*,#2355,.T.);
#3171=ORIENTED_EDGE('',*,*,#2408,.T.);
#3172=ORIENTED_EDGE('',*,*,#2409,.F.);
#3173=ORIENTED_EDGE('',*,*,#2410,.F.);
#3174=ORIENTED_EDGE('',*,*,#2356,.T.);
#3175=ORIENTED_EDGE('',*,*,#2410,.T.);
#3176=ORIENTED_EDGE('',*,*,#2411,.F.);
#3177=ORIENTED_EDGE('',*,*,#2412,.F.);
#3178=ORIENTED_EDGE('',*,*,#2357,.T.);
#3179=ORIENTED_EDGE('',*,*,#2412,.T.);
#3180=ORIENTED_EDGE('',*,*,#2413,.F.);
#3181=ORIENTED_EDGE('',*,*,#2414,.F.);
#3182=ORIENTED_EDGE('',*,*,#2358,.T.);
#3183=ORIENTED_EDGE('',*,*,#2414,.T.);
#3184=ORIENTED_EDGE('',*,*,#2415,.F.);
#3185=ORIENTED_EDGE('',*,*,#2416,.F.);
#3186=ORIENTED_EDGE('',*,*,#2359,.T.);
#3187=ORIENTED_EDGE('',*,*,#2416,.T.);
#3188=ORIENTED_EDGE('',*,*,#2417,.F.);
#3189=ORIENTED_EDGE('',*,*,#2418,.F.);
#3190=ORIENTED_EDGE('',*,*,#2360,.T.);
#3191=ORIENTED_EDGE('',*,*,#2418,.T.);
#3192=ORIENTED_EDGE('',*,*,#2419,.F.);
#3193=ORIENTED_EDGE('',*,*,#2420,.F.);
#3194=ORIENTED_EDGE('',*,*,#2361,.T.);
#3195=ORIENTED_EDGE('',*,*,#2420,.T.);
#3196=ORIENTED_EDGE('',*,*,#2421,.F.);
#3197=ORIENTED_EDGE('',*,*,#2422,.F.);
#3198=ORIENTED_EDGE('',*,*,#2362,.T.);
#3199=ORIENTED_EDGE('',*,*,#2422,.T.);
#3200=ORIENTED_EDGE('',*,*,#2423,.F.);
#3201=ORIENTED_EDGE('',*,*,#2424,.F.);
#3202=ORIENTED_EDGE('',*,*,#2363,.T.);
#3203=ORIENTED_EDGE('',*,*,#2424,.T.);
#3204=ORIENTED_EDGE('',*,*,#2425,.F.);
#3205=ORIENTED_EDGE('',*,*,#2426,.F.);
#3206=ORIENTED_EDGE('',*,*,#2364,.T.);
#3207=ORIENTED_EDGE('',*,*,#2426,.T.);
#3208=ORIENTED_EDGE('',*,*,#2427,.F.);
#3209=ORIENTED_EDGE('',*,*,#2428,.F.);
#3210=ORIENTED_EDGE('',*,*,#2365,.T.);
#3211=ORIENTED_EDGE('',*,*,#2428,.T.);
#3212=ORIENTED_EDGE('',*,*,#2429,.F.);
#3213=ORIENTED_EDGE('',*,*,#2366,.F.);
#3214=ORIENTED_EDGE('',*,*,#2430,.F.);
#3215=ORIENTED_EDGE('',*,*,#2431,.F.);
#3216=ORIENTED_EDGE('',*,*,#2432,.F.);
#3217=ORIENTED_EDGE('',*,*,#2433,.F.);
#3218=ORIENTED_EDGE('',*,*,#2434,.F.);
#3219=ORIENTED_EDGE('',*,*,#2435,.F.);
#3220=ORIENTED_EDGE('',*,*,#2436,.F.);
#3221=ORIENTED_EDGE('',*,*,#2437,.F.);
#3222=ORIENTED_EDGE('',*,*,#2438,.F.);
#3223=ORIENTED_EDGE('',*,*,#2439,.F.);
#3224=ORIENTED_EDGE('',*,*,#2440,.F.);
#3225=ORIENTED_EDGE('',*,*,#2441,.F.);
#3226=ORIENTED_EDGE('',*,*,#2442,.F.);
#3227=ORIENTED_EDGE('',*,*,#2443,.F.);
#3228=ORIENTED_EDGE('',*,*,#2444,.F.);
#3229=ORIENTED_EDGE('',*,*,#2445,.F.);
#3230=ORIENTED_EDGE('',*,*,#2446,.F.);
#3231=ORIENTED_EDGE('',*,*,#2447,.F.);
#3232=ORIENTED_EDGE('',*,*,#2448,.F.);
#3233=ORIENTED_EDGE('',*,*,#2449,.F.);
#3234=ORIENTED_EDGE('',*,*,#2450,.F.);
#3235=ORIENTED_EDGE('',*,*,#2451,.F.);
#3236=ORIENTED_EDGE('',*,*,#2452,.F.);
#3237=ORIENTED_EDGE('',*,*,#2453,.F.);
#3238=ORIENTED_EDGE('',*,*,#2454,.F.);
#3239=ORIENTED_EDGE('',*,*,#2455,.F.);
#3240=ORIENTED_EDGE('',*,*,#2456,.F.);
#3241=ORIENTED_EDGE('',*,*,#2457,.F.);
#3242=ORIENTED_EDGE('',*,*,#2458,.F.);
#3243=ORIENTED_EDGE('',*,*,#2459,.F.);
#3244=ORIENTED_EDGE('',*,*,#2460,.F.);
#3245=ORIENTED_EDGE('',*,*,#2430,.T.);
#3246=ORIENTED_EDGE('',*,*,#2461,.T.);
#3247=ORIENTED_EDGE('',*,*,#2462,.F.);
#3248=ORIENTED_EDGE('',*,*,#2463,.F.);
#3249=ORIENTED_EDGE('',*,*,#2431,.T.);
#3250=ORIENTED_EDGE('',*,*,#2463,.T.);
#3251=ORIENTED_EDGE('',*,*,#2464,.F.);
#3252=ORIENTED_EDGE('',*,*,#2465,.F.);
#3253=ORIENTED_EDGE('',*,*,#2432,.T.);
#3254=ORIENTED_EDGE('',*,*,#2465,.T.);
#3255=ORIENTED_EDGE('',*,*,#2466,.F.);
#3256=ORIENTED_EDGE('',*,*,#2467,.F.);
#3257=ORIENTED_EDGE('',*,*,#2433,.T.);
#3258=ORIENTED_EDGE('',*,*,#2467,.T.);
#3259=ORIENTED_EDGE('',*,*,#2468,.F.);
#3260=ORIENTED_EDGE('',*,*,#2469,.F.);
#3261=ORIENTED_EDGE('',*,*,#2434,.T.);
#3262=ORIENTED_EDGE('',*,*,#2469,.T.);
#3263=ORIENTED_EDGE('',*,*,#2470,.F.);
#3264=ORIENTED_EDGE('',*,*,#2471,.F.);
#3265=ORIENTED_EDGE('',*,*,#2435,.T.);
#3266=ORIENTED_EDGE('',*,*,#2471,.T.);
#3267=ORIENTED_EDGE('',*,*,#2472,.F.);
#3268=ORIENTED_EDGE('',*,*,#2473,.F.);
#3269=ORIENTED_EDGE('',*,*,#2436,.T.);
#3270=ORIENTED_EDGE('',*,*,#2473,.T.);
#3271=ORIENTED_EDGE('',*,*,#2474,.F.);
#3272=ORIENTED_EDGE('',*,*,#2475,.F.);
#3273=ORIENTED_EDGE('',*,*,#2437,.T.);
#3274=ORIENTED_EDGE('',*,*,#2475,.T.);
#3275=ORIENTED_EDGE('',*,*,#2476,.F.);
#3276=ORIENTED_EDGE('',*,*,#2477,.F.);
#3277=ORIENTED_EDGE('',*,*,#2438,.T.);
#3278=ORIENTED_EDGE('',*,*,#2477,.T.);
#3279=ORIENTED_EDGE('',*,*,#2478,.F.);
#3280=ORIENTED_EDGE('',*,*,#2479,.F.);
#3281=ORIENTED_EDGE('',*,*,#2439,.T.);
#3282=ORIENTED_EDGE('',*,*,#2479,.T.);
#3283=ORIENTED_EDGE('',*,*,#2480,.F.);
#3284=ORIENTED_EDGE('',*,*,#2481,.F.);
#3285=ORIENTED_EDGE('',*,*,#2440,.T.);
#3286=ORIENTED_EDGE('',*,*,#2481,.T.);
#3287=ORIENTED_EDGE('',*,*,#2482,.F.);
#3288=ORIENTED_EDGE('',*,*,#2483,.F.);
#3289=ORIENTED_EDGE('',*,*,#2441,.T.);
#3290=ORIENTED_EDGE('',*,*,#2483,.T.);
#3291=ORIENTED_EDGE('',*,*,#2484,.F.);
#3292=ORIENTED_EDGE('',*,*,#2485,.F.);
#3293=ORIENTED_EDGE('',*,*,#2442,.T.);
#3294=ORIENTED_EDGE('',*,*,#2485,.T.);
#3295=ORIENTED_EDGE('',*,*,#2486,.F.);
#3296=ORIENTED_EDGE('',*,*,#2487,.F.);
#3297=ORIENTED_EDGE('',*,*,#2443,.T.);
#3298=ORIENTED_EDGE('',*,*,#2487,.T.);
#3299=ORIENTED_EDGE('',*,*,#2488,.F.);
#3300=ORIENTED_EDGE('',*,*,#2489,.F.);
#3301=ORIENTED_EDGE('',*,*,#2444,.T.);
#3302=ORIENTED_EDGE('',*,*,#2489,.T.);
#3303=ORIENTED_EDGE('',*,*,#2490,.F.);
#3304=ORIENTED_EDGE('',*,*,#2491,.F.);
#3305=ORIENTED_EDGE('',*,*,#2445,.T.);
#3306=ORIENTED_EDGE('',*,*,#2491,.T.);
#3307=ORIENTED_EDGE('',*,*,#2492,.F.);
#3308=ORIENTED_EDGE('',*,*,#2493,.F.);
#3309=ORIENTED_EDGE('',*,*,#2446,.T.);
#3310=ORIENTED_EDGE('',*,*,#2493,.T.);
#3311=ORIENTED_EDGE('',*,*,#2494,.F.);
#3312=ORIENTED_EDGE('',*,*,#2495,.F.);
#3313=ORIENTED_EDGE('',*,*,#2447,.T.);
#3314=ORIENTED_EDGE('',*,*,#2495,.T.);
#3315=ORIENTED_EDGE('',*,*,#2496,.F.);
#3316=ORIENTED_EDGE('',*,*,#2497,.F.);
#3317=ORIENTED_EDGE('',*,*,#2448,.T.);
#3318=ORIENTED_EDGE('',*,*,#2497,.T.);
#3319=ORIENTED_EDGE('',*,*,#2498,.F.);
#3320=ORIENTED_EDGE('',*,*,#2499,.F.);
#3321=ORIENTED_EDGE('',*,*,#2449,.T.);
#3322=ORIENTED_EDGE('',*,*,#2499,.T.);
#3323=ORIENTED_EDGE('',*,*,#2500,.F.);
#3324=ORIENTED_EDGE('',*,*,#2501,.F.);
#3325=ORIENTED_EDGE('',*,*,#2450,.T.);
#3326=ORIENTED_EDGE('',*,*,#2501,.T.);
#3327=ORIENTED_EDGE('',*,*,#2502,.F.);
#3328=ORIENTED_EDGE('',*,*,#2503,.F.);
#3329=ORIENTED_EDGE('',*,*,#2451,.T.);
#3330=ORIENTED_EDGE('',*,*,#2503,.T.);
#3331=ORIENTED_EDGE('',*,*,#2504,.F.);
#3332=ORIENTED_EDGE('',*,*,#2505,.F.);
#3333=ORIENTED_EDGE('',*,*,#2452,.T.);
#3334=ORIENTED_EDGE('',*,*,#2505,.T.);
#3335=ORIENTED_EDGE('',*,*,#2506,.F.);
#3336=ORIENTED_EDGE('',*,*,#2507,.F.);
#3337=ORIENTED_EDGE('',*,*,#2453,.T.);
#3338=ORIENTED_EDGE('',*,*,#2507,.T.);
#3339=ORIENTED_EDGE('',*,*,#2508,.F.);
#3340=ORIENTED_EDGE('',*,*,#2509,.F.);
#3341=ORIENTED_EDGE('',*,*,#2454,.T.);
#3342=ORIENTED_EDGE('',*,*,#2509,.T.);
#3343=ORIENTED_EDGE('',*,*,#2510,.F.);
#3344=ORIENTED_EDGE('',*,*,#2511,.F.);
#3345=ORIENTED_EDGE('',*,*,#2455,.T.);
#3346=ORIENTED_EDGE('',*,*,#2511,.T.);
#3347=ORIENTED_EDGE('',*,*,#2512,.F.);
#3348=ORIENTED_EDGE('',*,*,#2513,.F.);
#3349=ORIENTED_EDGE('',*,*,#2456,.T.);
#3350=ORIENTED_EDGE('',*,*,#2513,.T.);
#3351=ORIENTED_EDGE('',*,*,#2514,.F.);
#3352=ORIENTED_EDGE('',*,*,#2515,.F.);
#3353=ORIENTED_EDGE('',*,*,#2457,.T.);
#3354=ORIENTED_EDGE('',*,*,#2515,.T.);
#3355=ORIENTED_EDGE('',*,*,#2516,.F.);
#3356=ORIENTED_EDGE('',*,*,#2517,.F.);
#3357=ORIENTED_EDGE('',*,*,#2458,.T.);
#3358=ORIENTED_EDGE('',*,*,#2517,.T.);
#3359=ORIENTED_EDGE('',*,*,#2518,.F.);
#3360=ORIENTED_EDGE('',*,*,#2519,.F.);
#3361=ORIENTED_EDGE('',*,*,#2459,.T.);
#3362=ORIENTED_EDGE('',*,*,#2519,.T.);
#3363=ORIENTED_EDGE('',*,*,#2520,.F.);
#3364=ORIENTED_EDGE('',*,*,#2521,.F.);
#3365=ORIENTED_EDGE('',*,*,#2460,.T.);
#3366=ORIENTED_EDGE('',*,*,#2521,.T.);
#3367=ORIENTED_EDGE('',*,*,#2522,.F.);
#3368=ORIENTED_EDGE('',*,*,#2461,.F.);
#3369=ORIENTED_EDGE('',*,*,#2523,.F.);
#3370=ORIENTED_EDGE('',*,*,#2524,.F.);
#3371=ORIENTED_EDGE('',*,*,#2525,.F.);
#3372=ORIENTED_EDGE('',*,*,#2526,.F.);
#3373=ORIENTED_EDGE('',*,*,#2527,.F.);
#3374=ORIENTED_EDGE('',*,*,#2528,.F.);
#3375=ORIENTED_EDGE('',*,*,#2529,.F.);
#3376=ORIENTED_EDGE('',*,*,#2530,.F.);
#3377=ORIENTED_EDGE('',*,*,#2531,.F.);
#3378=ORIENTED_EDGE('',*,*,#2532,.F.);
#3379=ORIENTED_EDGE('',*,*,#2533,.F.);
#3380=ORIENTED_EDGE('',*,*,#2534,.F.);
#3381=ORIENTED_EDGE('',*,*,#2535,.F.);
#3382=ORIENTED_EDGE('',*,*,#2536,.F.);
#3383=ORIENTED_EDGE('',*,*,#2537,.F.);
#3384=ORIENTED_EDGE('',*,*,#2538,.F.);
#3385=ORIENTED_EDGE('',*,*,#2539,.F.);
#3386=ORIENTED_EDGE('',*,*,#2540,.F.);
#3387=ORIENTED_EDGE('',*,*,#2541,.F.);
#3388=ORIENTED_EDGE('',*,*,#2542,.F.);
#3389=ORIENTED_EDGE('',*,*,#2543,.F.);
#3390=ORIENTED_EDGE('',*,*,#2544,.F.);
#3391=ORIENTED_EDGE('',*,*,#2545,.F.);
#3392=ORIENTED_EDGE('',*,*,#2546,.F.);
#3393=ORIENTED_EDGE('',*,*,#2547,.F.);
#3394=ORIENTED_EDGE('',*,*,#2523,.T.);
#3395=ORIENTED_EDGE('',*,*,#2548,.T.);
#3396=ORIENTED_EDGE('',*,*,#2549,.F.);
#3397=ORIENTED_EDGE('',*,*,#2550,.F.);
#3398=ORIENTED_EDGE('',*,*,#2524,.T.);
#3399=ORIENTED_EDGE('',*,*,#2550,.T.);
#3400=ORIENTED_EDGE('',*,*,#2551,.F.);
#3401=ORIENTED_EDGE('',*,*,#2552,.F.);
#3402=ORIENTED_EDGE('',*,*,#2525,.T.);
#3403=ORIENTED_EDGE('',*,*,#2552,.T.);
#3404=ORIENTED_EDGE('',*,*,#2553,.F.);
#3405=ORIENTED_EDGE('',*,*,#2554,.F.);
#3406=ORIENTED_EDGE('',*,*,#2526,.T.);
#3407=ORIENTED_EDGE('',*,*,#2554,.T.);
#3408=ORIENTED_EDGE('',*,*,#2555,.F.);
#3409=ORIENTED_EDGE('',*,*,#2556,.F.);
#3410=ORIENTED_EDGE('',*,*,#2527,.T.);
#3411=ORIENTED_EDGE('',*,*,#2556,.T.);
#3412=ORIENTED_EDGE('',*,*,#2557,.F.);
#3413=ORIENTED_EDGE('',*,*,#2558,.F.);
#3414=ORIENTED_EDGE('',*,*,#2528,.T.);
#3415=ORIENTED_EDGE('',*,*,#2558,.T.);
#3416=ORIENTED_EDGE('',*,*,#2559,.F.);
#3417=ORIENTED_EDGE('',*,*,#2560,.F.);
#3418=ORIENTED_EDGE('',*,*,#2529,.T.);
#3419=ORIENTED_EDGE('',*,*,#2560,.T.);
#3420=ORIENTED_EDGE('',*,*,#2561,.F.);
#3421=ORIENTED_EDGE('',*,*,#2562,.F.);
#3422=ORIENTED_EDGE('',*,*,#2530,.T.);
#3423=ORIENTED_EDGE('',*,*,#2562,.T.);
#3424=ORIENTED_EDGE('',*,*,#2563,.F.);
#3425=ORIENTED_EDGE('',*,*,#2564,.F.);
#3426=ORIENTED_EDGE('',*,*,#2531,.T.);
#3427=ORIENTED_EDGE('',*,*,#2564,.T.);
#3428=ORIENTED_EDGE('',*,*,#2565,.F.);
#3429=ORIENTED_EDGE('',*,*,#2566,.F.);
#3430=ORIENTED_EDGE('',*,*,#2532,.T.);
#3431=ORIENTED_EDGE('',*,*,#2566,.T.);
#3432=ORIENTED_EDGE('',*,*,#2567,.F.);
#3433=ORIENTED_EDGE('',*,*,#2568,.F.);
#3434=ORIENTED_EDGE('',*,*,#2533,.T.);
#3435=ORIENTED_EDGE('',*,*,#2568,.T.);
#3436=ORIENTED_EDGE('',*,*,#2569,.F.);
#3437=ORIENTED_EDGE('',*,*,#2570,.F.);
#3438=ORIENTED_EDGE('',*,*,#2534,.T.);
#3439=ORIENTED_EDGE('',*,*,#2570,.T.);
#3440=ORIENTED_EDGE('',*,*,#2571,.F.);
#3441=ORIENTED_EDGE('',*,*,#2572,.F.);
#3442=ORIENTED_EDGE('',*,*,#2535,.T.);
#3443=ORIENTED_EDGE('',*,*,#2572,.T.);
#3444=ORIENTED_EDGE('',*,*,#2573,.F.);
#3445=ORIENTED_EDGE('',*,*,#2574,.F.);
#3446=ORIENTED_EDGE('',*,*,#2536,.T.);
#3447=ORIENTED_EDGE('',*,*,#2574,.T.);
#3448=ORIENTED_EDGE('',*,*,#2575,.F.);
#3449=ORIENTED_EDGE('',*,*,#2576,.F.);
#3450=ORIENTED_EDGE('',*,*,#2537,.T.);
#3451=ORIENTED_EDGE('',*,*,#2576,.T.);
#3452=ORIENTED_EDGE('',*,*,#2577,.F.);
#3453=ORIENTED_EDGE('',*,*,#2578,.F.);
#3454=ORIENTED_EDGE('',*,*,#2538,.T.);
#3455=ORIENTED_EDGE('',*,*,#2578,.T.);
#3456=ORIENTED_EDGE('',*,*,#2579,.F.);
#3457=ORIENTED_EDGE('',*,*,#2548,.F.);
#3458=ORIENTED_EDGE('',*,*,#2539,.T.);
#3459=ORIENTED_EDGE('',*,*,#2580,.T.);
#3460=ORIENTED_EDGE('',*,*,#2581,.F.);
#3461=ORIENTED_EDGE('',*,*,#2582,.F.);
#3462=ORIENTED_EDGE('',*,*,#2540,.T.);
#3463=ORIENTED_EDGE('',*,*,#2582,.T.);
#3464=ORIENTED_EDGE('',*,*,#2583,.F.);
#3465=ORIENTED_EDGE('',*,*,#2584,.F.);
#3466=ORIENTED_EDGE('',*,*,#2541,.T.);
#3467=ORIENTED_EDGE('',*,*,#2584,.T.);
#3468=ORIENTED_EDGE('',*,*,#2585,.F.);
#3469=ORIENTED_EDGE('',*,*,#2586,.F.);
#3470=ORIENTED_EDGE('',*,*,#2542,.T.);
#3471=ORIENTED_EDGE('',*,*,#2586,.T.);
#3472=ORIENTED_EDGE('',*,*,#2587,.F.);
#3473=ORIENTED_EDGE('',*,*,#2588,.F.);
#3474=ORIENTED_EDGE('',*,*,#2543,.T.);
#3475=ORIENTED_EDGE('',*,*,#2588,.T.);
#3476=ORIENTED_EDGE('',*,*,#2589,.F.);
#3477=ORIENTED_EDGE('',*,*,#2590,.F.);
#3478=ORIENTED_EDGE('',*,*,#2544,.T.);
#3479=ORIENTED_EDGE('',*,*,#2590,.T.);
#3480=ORIENTED_EDGE('',*,*,#2591,.F.);
#3481=ORIENTED_EDGE('',*,*,#2592,.F.);
#3482=ORIENTED_EDGE('',*,*,#2545,.T.);
#3483=ORIENTED_EDGE('',*,*,#2592,.T.);
#3484=ORIENTED_EDGE('',*,*,#2593,.F.);
#3485=ORIENTED_EDGE('',*,*,#2594,.F.);
#3486=ORIENTED_EDGE('',*,*,#2546,.T.);
#3487=ORIENTED_EDGE('',*,*,#2594,.T.);
#3488=ORIENTED_EDGE('',*,*,#2595,.F.);
#3489=ORIENTED_EDGE('',*,*,#2596,.F.);
#3490=ORIENTED_EDGE('',*,*,#2547,.T.);
#3491=ORIENTED_EDGE('',*,*,#2596,.T.);
#3492=ORIENTED_EDGE('',*,*,#2597,.F.);
#3493=ORIENTED_EDGE('',*,*,#2580,.F.);
#3494=ORIENTED_EDGE('',*,*,#2581,.T.);
#3495=ORIENTED_EDGE('',*,*,#2597,.T.);
#3496=ORIENTED_EDGE('',*,*,#2595,.T.);
#3497=ORIENTED_EDGE('',*,*,#2593,.T.);
#3498=ORIENTED_EDGE('',*,*,#2591,.T.);
#3499=ORIENTED_EDGE('',*,*,#2589,.T.);
#3500=ORIENTED_EDGE('',*,*,#2587,.T.);
#3501=ORIENTED_EDGE('',*,*,#2585,.T.);
#3502=ORIENTED_EDGE('',*,*,#2583,.T.);
#3503=ORIENTED_EDGE('',*,*,#2598,.T.);
#3504=ORIENTED_EDGE('',*,*,#2599,.T.);
#3505=ORIENTED_EDGE('',*,*,#2600,.T.);
#3506=ORIENTED_EDGE('',*,*,#2601,.T.);
#3507=ORIENTED_EDGE('',*,*,#2602,.T.);
#3508=ORIENTED_EDGE('',*,*,#2603,.T.);
#3509=ORIENTED_EDGE('',*,*,#2604,.T.);
#3510=ORIENTED_EDGE('',*,*,#2605,.T.);
#3511=ORIENTED_EDGE('',*,*,#2606,.T.);
#3512=ORIENTED_EDGE('',*,*,#2600,.F.);
#3513=ORIENTED_EDGE('',*,*,#2607,.T.);
#3514=ORIENTED_EDGE('',*,*,#2604,.F.);
#3515=ORIENTED_EDGE('',*,*,#2598,.F.);
#3516=ORIENTED_EDGE('',*,*,#2608,.F.);
#3517=ORIENTED_EDGE('',*,*,#2609,.F.);
#3518=ORIENTED_EDGE('',*,*,#2610,.F.);
#3519=ORIENTED_EDGE('',*,*,#2611,.F.);
#3520=ORIENTED_EDGE('',*,*,#2612,.F.);
#3521=ORIENTED_EDGE('',*,*,#2613,.F.);
#3522=ORIENTED_EDGE('',*,*,#2614,.F.);
#3523=ORIENTED_EDGE('',*,*,#2615,.F.);
#3524=ORIENTED_EDGE('',*,*,#2616,.F.);
#3525=ORIENTED_EDGE('',*,*,#2617,.F.);
#3526=ORIENTED_EDGE('',*,*,#2618,.F.);
#3527=ORIENTED_EDGE('',*,*,#2619,.F.);
#3528=ORIENTED_EDGE('',*,*,#2620,.F.);
#3529=ORIENTED_EDGE('',*,*,#2621,.F.);
#3530=ORIENTED_EDGE('',*,*,#2622,.F.);
#3531=ORIENTED_EDGE('',*,*,#2623,.F.);
#3532=ORIENTED_EDGE('',*,*,#2624,.F.);
#3533=ORIENTED_EDGE('',*,*,#2625,.F.);
#3534=ORIENTED_EDGE('',*,*,#2626,.F.);
#3535=ORIENTED_EDGE('',*,*,#2627,.F.);
#3536=ORIENTED_EDGE('',*,*,#2628,.F.);
#3537=ORIENTED_EDGE('',*,*,#2629,.F.);
#3538=ORIENTED_EDGE('',*,*,#2630,.F.);
#3539=ORIENTED_EDGE('',*,*,#2631,.F.);
#3540=ORIENTED_EDGE('',*,*,#2632,.F.);
#3541=ORIENTED_EDGE('',*,*,#2633,.F.);
#3542=ORIENTED_EDGE('',*,*,#2634,.F.);
#3543=ORIENTED_EDGE('',*,*,#2367,.T.);
#3544=ORIENTED_EDGE('',*,*,#2429,.T.);
#3545=ORIENTED_EDGE('',*,*,#2427,.T.);
#3546=ORIENTED_EDGE('',*,*,#2425,.T.);
#3547=ORIENTED_EDGE('',*,*,#2423,.T.);
#3548=ORIENTED_EDGE('',*,*,#2421,.T.);
#3549=ORIENTED_EDGE('',*,*,#2419,.T.);
#3550=ORIENTED_EDGE('',*,*,#2417,.T.);
#3551=ORIENTED_EDGE('',*,*,#2415,.T.);
#3552=ORIENTED_EDGE('',*,*,#2413,.T.);
#3553=ORIENTED_EDGE('',*,*,#2411,.T.);
#3554=ORIENTED_EDGE('',*,*,#2409,.T.);
#3555=ORIENTED_EDGE('',*,*,#2407,.T.);
#3556=ORIENTED_EDGE('',*,*,#2405,.T.);
#3557=ORIENTED_EDGE('',*,*,#2403,.T.);
#3558=ORIENTED_EDGE('',*,*,#2401,.T.);
#3559=ORIENTED_EDGE('',*,*,#2399,.T.);
#3560=ORIENTED_EDGE('',*,*,#2397,.T.);
#3561=ORIENTED_EDGE('',*,*,#2395,.T.);
#3562=ORIENTED_EDGE('',*,*,#2393,.T.);
#3563=ORIENTED_EDGE('',*,*,#2391,.T.);
#3564=ORIENTED_EDGE('',*,*,#2389,.T.);
#3565=ORIENTED_EDGE('',*,*,#2387,.T.);
#3566=ORIENTED_EDGE('',*,*,#2385,.T.);
#3567=ORIENTED_EDGE('',*,*,#2383,.T.);
#3568=ORIENTED_EDGE('',*,*,#2381,.T.);
#3569=ORIENTED_EDGE('',*,*,#2379,.T.);
#3570=ORIENTED_EDGE('',*,*,#2377,.T.);
#3571=ORIENTED_EDGE('',*,*,#2375,.T.);
#3572=ORIENTED_EDGE('',*,*,#2373,.T.);
#3573=ORIENTED_EDGE('',*,*,#2371,.T.);
#3574=ORIENTED_EDGE('',*,*,#2369,.T.);
#3575=ORIENTED_EDGE('',*,*,#2462,.T.);
#3576=ORIENTED_EDGE('',*,*,#2522,.T.);
#3577=ORIENTED_EDGE('',*,*,#2520,.T.);
#3578=ORIENTED_EDGE('',*,*,#2518,.T.);
#3579=ORIENTED_EDGE('',*,*,#2516,.T.);
#3580=ORIENTED_EDGE('',*,*,#2514,.T.);
#3581=ORIENTED_EDGE('',*,*,#2512,.T.);
#3582=ORIENTED_EDGE('',*,*,#2510,.T.);
#3583=ORIENTED_EDGE('',*,*,#2508,.T.);
#3584=ORIENTED_EDGE('',*,*,#2506,.T.);
#3585=ORIENTED_EDGE('',*,*,#2504,.T.);
#3586=ORIENTED_EDGE('',*,*,#2502,.T.);
#3587=ORIENTED_EDGE('',*,*,#2500,.T.);
#3588=ORIENTED_EDGE('',*,*,#2498,.T.);
#3589=ORIENTED_EDGE('',*,*,#2496,.T.);
#3590=ORIENTED_EDGE('',*,*,#2494,.T.);
#3591=ORIENTED_EDGE('',*,*,#2492,.T.);
#3592=ORIENTED_EDGE('',*,*,#2490,.T.);
#3593=ORIENTED_EDGE('',*,*,#2488,.T.);
#3594=ORIENTED_EDGE('',*,*,#2486,.T.);
#3595=ORIENTED_EDGE('',*,*,#2484,.T.);
#3596=ORIENTED_EDGE('',*,*,#2482,.T.);
#3597=ORIENTED_EDGE('',*,*,#2480,.T.);
#3598=ORIENTED_EDGE('',*,*,#2478,.T.);
#3599=ORIENTED_EDGE('',*,*,#2476,.T.);
#3600=ORIENTED_EDGE('',*,*,#2474,.T.);
#3601=ORIENTED_EDGE('',*,*,#2472,.T.);
#3602=ORIENTED_EDGE('',*,*,#2470,.T.);
#3603=ORIENTED_EDGE('',*,*,#2468,.T.);
#3604=ORIENTED_EDGE('',*,*,#2466,.T.);
#3605=ORIENTED_EDGE('',*,*,#2464,.T.);
#3606=ORIENTED_EDGE('',*,*,#2549,.T.);
#3607=ORIENTED_EDGE('',*,*,#2579,.T.);
#3608=ORIENTED_EDGE('',*,*,#2577,.T.);
#3609=ORIENTED_EDGE('',*,*,#2575,.T.);
#3610=ORIENTED_EDGE('',*,*,#2573,.T.);
#3611=ORIENTED_EDGE('',*,*,#2571,.T.);
#3612=ORIENTED_EDGE('',*,*,#2569,.T.);
#3613=ORIENTED_EDGE('',*,*,#2567,.T.);
#3614=ORIENTED_EDGE('',*,*,#2565,.T.);
#3615=ORIENTED_EDGE('',*,*,#2563,.T.);
#3616=ORIENTED_EDGE('',*,*,#2561,.T.);
#3617=ORIENTED_EDGE('',*,*,#2559,.T.);
#3618=ORIENTED_EDGE('',*,*,#2557,.T.);
#3619=ORIENTED_EDGE('',*,*,#2555,.T.);
#3620=ORIENTED_EDGE('',*,*,#2553,.T.);
#3621=ORIENTED_EDGE('',*,*,#2551,.T.);
#3622=ORIENTED_EDGE('',*,*,#2635,.F.);
#3623=ORIENTED_EDGE('',*,*,#2636,.F.);
#3624=ORIENTED_EDGE('',*,*,#2637,.T.);
#3625=ORIENTED_EDGE('',*,*,#2638,.T.);
#3626=ORIENTED_EDGE('',*,*,#2639,.T.);
#3627=ORIENTED_EDGE('',*,*,#2640,.T.);
#3628=ORIENTED_EDGE('',*,*,#2641,.T.);
#3629=ORIENTED_EDGE('',*,*,#2642,.T.);
#3630=ORIENTED_EDGE('',*,*,#2643,.T.);
#3631=ORIENTED_EDGE('',*,*,#2644,.T.);
#3632=ORIENTED_EDGE('',*,*,#2645,.T.);
#3633=ORIENTED_EDGE('',*,*,#2646,.T.);
#3634=ORIENTED_EDGE('',*,*,#2647,.T.);
#3635=ORIENTED_EDGE('',*,*,#2648,.T.);
#3636=ORIENTED_EDGE('',*,*,#2649,.T.);
#3637=ORIENTED_EDGE('',*,*,#2650,.T.);
#3638=ORIENTED_EDGE('',*,*,#2651,.T.);
#3639=ORIENTED_EDGE('',*,*,#2652,.T.);
#3640=ORIENTED_EDGE('',*,*,#2653,.T.);
#3641=ORIENTED_EDGE('',*,*,#2654,.T.);
#3642=ORIENTED_EDGE('',*,*,#2655,.T.);
#3643=ORIENTED_EDGE('',*,*,#2656,.T.);
#3644=ORIENTED_EDGE('',*,*,#2657,.T.);
#3645=ORIENTED_EDGE('',*,*,#2658,.T.);
#3646=ORIENTED_EDGE('',*,*,#2659,.T.);
#3647=ORIENTED_EDGE('',*,*,#2660,.T.);
#3648=ORIENTED_EDGE('',*,*,#2661,.T.);
#3649=ORIENTED_EDGE('',*,*,#2662,.T.);
#3650=ORIENTED_EDGE('',*,*,#2663,.T.);
#3651=ORIENTED_EDGE('',*,*,#2664,.T.);
#3652=ORIENTED_EDGE('',*,*,#2665,.T.);
#3653=ORIENTED_EDGE('',*,*,#2666,.T.);
#3654=ORIENTED_EDGE('',*,*,#2667,.T.);
#3655=ORIENTED_EDGE('',*,*,#2668,.T.);
#3656=ORIENTED_EDGE('',*,*,#2669,.T.);
#3657=ORIENTED_EDGE('',*,*,#2670,.T.);
#3658=ORIENTED_EDGE('',*,*,#2671,.T.);
#3659=ORIENTED_EDGE('',*,*,#2672,.T.);
#3660=ORIENTED_EDGE('',*,*,#2673,.T.);
#3661=ORIENTED_EDGE('',*,*,#2674,.T.);
#3662=ORIENTED_EDGE('',*,*,#2675,.T.);
#3663=ORIENTED_EDGE('',*,*,#2676,.T.);
#3664=ORIENTED_EDGE('',*,*,#2677,.T.);
#3665=ORIENTED_EDGE('',*,*,#2678,.T.);
#3666=ORIENTED_EDGE('',*,*,#2679,.T.);
#3667=ORIENTED_EDGE('',*,*,#2680,.T.);
#3668=ORIENTED_EDGE('',*,*,#2681,.T.);
#3669=ORIENTED_EDGE('',*,*,#2682,.T.);
#3670=ORIENTED_EDGE('',*,*,#2683,.T.);
#3671=ORIENTED_EDGE('',*,*,#2684,.T.);
#3672=ORIENTED_EDGE('',*,*,#2685,.T.);
#3673=ORIENTED_EDGE('',*,*,#2686,.T.);
#3674=ORIENTED_EDGE('',*,*,#2687,.T.);
#3675=ORIENTED_EDGE('',*,*,#2688,.T.);
#3676=ORIENTED_EDGE('',*,*,#2689,.T.);
#3677=ORIENTED_EDGE('',*,*,#2690,.T.);
#3678=ORIENTED_EDGE('',*,*,#2691,.T.);
#3679=ORIENTED_EDGE('',*,*,#2692,.T.);
#3680=ORIENTED_EDGE('',*,*,#2693,.F.);
#3681=ORIENTED_EDGE('',*,*,#2694,.F.);
#3682=ORIENTED_EDGE('',*,*,#2601,.F.);
#3683=ORIENTED_EDGE('',*,*,#2695,.T.);
#3684=ORIENTED_EDGE('',*,*,#2696,.F.);
#3685=ORIENTED_EDGE('',*,*,#2608,.T.);
#3686=ORIENTED_EDGE('',*,*,#2606,.F.);
#3687=ORIENTED_EDGE('',*,*,#2697,.F.);
#3688=ORIENTED_EDGE('',*,*,#2698,.F.);
#3689=ORIENTED_EDGE('',*,*,#2695,.F.);
#3690=ORIENTED_EDGE('',*,*,#2603,.F.);
#3691=ORIENTED_EDGE('',*,*,#2699,.T.);
#3692=ORIENTED_EDGE('',*,*,#2700,.F.);
#3693=ORIENTED_EDGE('',*,*,#2697,.T.);
#3694=ORIENTED_EDGE('',*,*,#2605,.F.);
#3695=ORIENTED_EDGE('',*,*,#2701,.T.);
#3696=ORIENTED_EDGE('',*,*,#2702,.F.);
#3697=ORIENTED_EDGE('',*,*,#2703,.T.);
#3698=ORIENTED_EDGE('',*,*,#2635,.T.);
#3699=ORIENTED_EDGE('',*,*,#2704,.T.);
#3700=ORIENTED_EDGE('',*,*,#2705,.T.);
#3701=ORIENTED_EDGE('',*,*,#2704,.F.);
#3702=ORIENTED_EDGE('',*,*,#2706,.F.);
#3703=ORIENTED_EDGE('',*,*,#2707,.T.);
#3704=ORIENTED_EDGE('',*,*,#2705,.F.);
#3705=ORIENTED_EDGE('',*,*,#2707,.F.);
#3706=ORIENTED_EDGE('',*,*,#2694,.T.);
#3707=ORIENTED_EDGE('',*,*,#2708,.T.);
#3708=ORIENTED_EDGE('',*,*,#2709,.T.);
#3709=ORIENTED_EDGE('',*,*,#2708,.F.);
#3710=ORIENTED_EDGE('',*,*,#2710,.F.);
#3711=ORIENTED_EDGE('',*,*,#2711,.T.);
#3712=ORIENTED_EDGE('',*,*,#2709,.F.);
#3713=ORIENTED_EDGE('',*,*,#2711,.F.);
#3714=ORIENTED_EDGE('',*,*,#2636,.T.);
#3715=ORIENTED_EDGE('',*,*,#2712,.T.);
#3716=ORIENTED_EDGE('',*,*,#2713,.T.);
#3717=ORIENTED_EDGE('',*,*,#2712,.F.);
#3718=ORIENTED_EDGE('',*,*,#2714,.F.);
#3719=ORIENTED_EDGE('',*,*,#2715,.T.);
#3720=ORIENTED_EDGE('',*,*,#2713,.F.);
#3721=ORIENTED_EDGE('',*,*,#2715,.F.);
#3722=ORIENTED_EDGE('',*,*,#2693,.T.);
#3723=ORIENTED_EDGE('',*,*,#2716,.T.);
#3724=ORIENTED_EDGE('',*,*,#2717,.T.);
#3725=ORIENTED_EDGE('',*,*,#2716,.F.);
#3726=ORIENTED_EDGE('',*,*,#2718,.F.);
#3727=ORIENTED_EDGE('',*,*,#2719,.T.);
#3728=ORIENTED_EDGE('',*,*,#2717,.F.);
#3729=ORIENTED_EDGE('',*,*,#2719,.F.);
#3730=ORIENTED_EDGE('',*,*,#2720,.T.);
#3731=ORIENTED_EDGE('',*,*,#2721,.T.);
#3732=ORIENTED_EDGE('',*,*,#2718,.T.);
#3733=ORIENTED_EDGE('',*,*,#2721,.F.);
#3734=ORIENTED_EDGE('',*,*,#2722,.T.);
#3735=ORIENTED_EDGE('',*,*,#2723,.T.);
#3736=ORIENTED_EDGE('',*,*,#2710,.T.);
#3737=ORIENTED_EDGE('',*,*,#2723,.F.);
#3738=ORIENTED_EDGE('',*,*,#2724,.T.);
#3739=ORIENTED_EDGE('',*,*,#2725,.T.);
#3740=ORIENTED_EDGE('',*,*,#2706,.T.);
#3741=ORIENTED_EDGE('',*,*,#2725,.F.);
#3742=ORIENTED_EDGE('',*,*,#2726,.T.);
#3743=ORIENTED_EDGE('',*,*,#2727,.T.);
#3744=ORIENTED_EDGE('',*,*,#2714,.T.);
#3745=ORIENTED_EDGE('',*,*,#2727,.F.);
#3746=ORIENTED_EDGE('',*,*,#2728,.F.);
#3747=ORIENTED_EDGE('',*,*,#2729,.T.);
#3748=ORIENTED_EDGE('',*,*,#2722,.F.);
#3749=ORIENTED_EDGE('',*,*,#2729,.F.);
#3750=ORIENTED_EDGE('',*,*,#2730,.F.);
#3751=ORIENTED_EDGE('',*,*,#2731,.T.);
#3752=ORIENTED_EDGE('',*,*,#2724,.F.);
#3753=ORIENTED_EDGE('',*,*,#2731,.F.);
#3754=ORIENTED_EDGE('',*,*,#2732,.F.);
#3755=ORIENTED_EDGE('',*,*,#2733,.T.);
#3756=ORIENTED_EDGE('',*,*,#2726,.F.);
#3757=ORIENTED_EDGE('',*,*,#2733,.F.);
#3758=ORIENTED_EDGE('',*,*,#2734,.F.);
#3759=ORIENTED_EDGE('',*,*,#2735,.T.);
#3760=ORIENTED_EDGE('',*,*,#2720,.F.);
#3761=ORIENTED_EDGE('',*,*,#2735,.F.);
#3762=ORIENTED_EDGE('',*,*,#2736,.F.);
#3763=ORIENTED_EDGE('',*,*,#2737,.T.);
#3764=ORIENTED_EDGE('',*,*,#2738,.T.);
#3765=ORIENTED_EDGE('',*,*,#2739,.F.);
#3766=ORIENTED_EDGE('',*,*,#2740,.F.);
#3767=ORIENTED_EDGE('',*,*,#2741,.T.);
#3768=ORIENTED_EDGE('',*,*,#2742,.T.);
#3769=ORIENTED_EDGE('',*,*,#2737,.F.);
#3770=ORIENTED_EDGE('',*,*,#2743,.F.);
#3771=ORIENTED_EDGE('',*,*,#2744,.T.);
#3772=ORIENTED_EDGE('',*,*,#2745,.T.);
#3773=ORIENTED_EDGE('',*,*,#2741,.F.);
#3774=ORIENTED_EDGE('',*,*,#2746,.F.);
#3775=ORIENTED_EDGE('',*,*,#2747,.T.);
#3776=ORIENTED_EDGE('',*,*,#2748,.T.);
#3777=ORIENTED_EDGE('',*,*,#2744,.F.);
#3778=ORIENTED_EDGE('',*,*,#2749,.F.);
#3779=ORIENTED_EDGE('',*,*,#2750,.T.);
#3780=ORIENTED_EDGE('',*,*,#2751,.T.);
#3781=ORIENTED_EDGE('',*,*,#2747,.F.);
#3782=ORIENTED_EDGE('',*,*,#2752,.F.);
#3783=ORIENTED_EDGE('',*,*,#2753,.T.);
#3784=ORIENTED_EDGE('',*,*,#2754,.T.);
#3785=ORIENTED_EDGE('',*,*,#2750,.F.);
#3786=ORIENTED_EDGE('',*,*,#2755,.F.);
#3787=ORIENTED_EDGE('',*,*,#2756,.T.);
#3788=ORIENTED_EDGE('',*,*,#2757,.T.);
#3789=ORIENTED_EDGE('',*,*,#2753,.F.);
#3790=ORIENTED_EDGE('',*,*,#2758,.F.);
#3791=ORIENTED_EDGE('',*,*,#2759,.T.);
#3792=ORIENTED_EDGE('',*,*,#2760,.T.);
#3793=ORIENTED_EDGE('',*,*,#2756,.F.);
#3794=ORIENTED_EDGE('',*,*,#2761,.F.);
#3795=ORIENTED_EDGE('',*,*,#2762,.T.);
#3796=ORIENTED_EDGE('',*,*,#2763,.T.);
#3797=ORIENTED_EDGE('',*,*,#2759,.F.);
#3798=ORIENTED_EDGE('',*,*,#2764,.F.);
#3799=ORIENTED_EDGE('',*,*,#2765,.T.);
#3800=ORIENTED_EDGE('',*,*,#2766,.T.);
#3801=ORIENTED_EDGE('',*,*,#2762,.F.);
#3802=ORIENTED_EDGE('',*,*,#2767,.F.);
#3803=ORIENTED_EDGE('',*,*,#2768,.T.);
#3804=ORIENTED_EDGE('',*,*,#2769,.T.);
#3805=ORIENTED_EDGE('',*,*,#2765,.F.);
#3806=ORIENTED_EDGE('',*,*,#2770,.F.);
#3807=ORIENTED_EDGE('',*,*,#2739,.T.);
#3808=ORIENTED_EDGE('',*,*,#2771,.T.);
#3809=ORIENTED_EDGE('',*,*,#2768,.F.);
#3810=ORIENTED_EDGE('',*,*,#2637,.F.);
#3811=ORIENTED_EDGE('',*,*,#2772,.T.);
#3812=ORIENTED_EDGE('',*,*,#2773,.T.);
#3813=ORIENTED_EDGE('',*,*,#2774,.F.);
#3814=ORIENTED_EDGE('',*,*,#2661,.F.);
#3815=ORIENTED_EDGE('',*,*,#2775,.T.);
#3816=ORIENTED_EDGE('',*,*,#2776,.T.);
#3817=ORIENTED_EDGE('',*,*,#2772,.F.);
#3818=ORIENTED_EDGE('',*,*,#2660,.F.);
#3819=ORIENTED_EDGE('',*,*,#2777,.T.);
#3820=ORIENTED_EDGE('',*,*,#2778,.T.);
#3821=ORIENTED_EDGE('',*,*,#2775,.F.);
#3822=ORIENTED_EDGE('',*,*,#2659,.F.);
#3823=ORIENTED_EDGE('',*,*,#2779,.T.);
#3824=ORIENTED_EDGE('',*,*,#2780,.T.);
#3825=ORIENTED_EDGE('',*,*,#2777,.F.);
#3826=ORIENTED_EDGE('',*,*,#2658,.F.);
#3827=ORIENTED_EDGE('',*,*,#2781,.T.);
#3828=ORIENTED_EDGE('',*,*,#2782,.T.);
#3829=ORIENTED_EDGE('',*,*,#2779,.F.);
#3830=ORIENTED_EDGE('',*,*,#2657,.F.);
#3831=ORIENTED_EDGE('',*,*,#2783,.T.);
#3832=ORIENTED_EDGE('',*,*,#2784,.T.);
#3833=ORIENTED_EDGE('',*,*,#2781,.F.);
#3834=ORIENTED_EDGE('',*,*,#2656,.F.);
#3835=ORIENTED_EDGE('',*,*,#2785,.T.);
#3836=ORIENTED_EDGE('',*,*,#2786,.T.);
#3837=ORIENTED_EDGE('',*,*,#2783,.F.);
#3838=ORIENTED_EDGE('',*,*,#2655,.F.);
#3839=ORIENTED_EDGE('',*,*,#2787,.T.);
#3840=ORIENTED_EDGE('',*,*,#2788,.T.);
#3841=ORIENTED_EDGE('',*,*,#2785,.F.);
#3842=ORIENTED_EDGE('',*,*,#2654,.F.);
#3843=ORIENTED_EDGE('',*,*,#2789,.T.);
#3844=ORIENTED_EDGE('',*,*,#2790,.T.);
#3845=ORIENTED_EDGE('',*,*,#2787,.F.);
#3846=ORIENTED_EDGE('',*,*,#2653,.F.);
#3847=ORIENTED_EDGE('',*,*,#2791,.T.);
#3848=ORIENTED_EDGE('',*,*,#2792,.T.);
#3849=ORIENTED_EDGE('',*,*,#2789,.F.);
#3850=ORIENTED_EDGE('',*,*,#2652,.F.);
#3851=ORIENTED_EDGE('',*,*,#2793,.T.);
#3852=ORIENTED_EDGE('',*,*,#2794,.T.);
#3853=ORIENTED_EDGE('',*,*,#2791,.F.);
#3854=ORIENTED_EDGE('',*,*,#2651,.F.);
#3855=ORIENTED_EDGE('',*,*,#2795,.T.);
#3856=ORIENTED_EDGE('',*,*,#2796,.T.);
#3857=ORIENTED_EDGE('',*,*,#2793,.F.);
#3858=ORIENTED_EDGE('',*,*,#2650,.F.);
#3859=ORIENTED_EDGE('',*,*,#2797,.T.);
#3860=ORIENTED_EDGE('',*,*,#2798,.T.);
#3861=ORIENTED_EDGE('',*,*,#2795,.F.);
#3862=ORIENTED_EDGE('',*,*,#2649,.F.);
#3863=ORIENTED_EDGE('',*,*,#2799,.T.);
#3864=ORIENTED_EDGE('',*,*,#2800,.T.);
#3865=ORIENTED_EDGE('',*,*,#2797,.F.);
#3866=ORIENTED_EDGE('',*,*,#2648,.F.);
#3867=ORIENTED_EDGE('',*,*,#2801,.T.);
#3868=ORIENTED_EDGE('',*,*,#2802,.T.);
#3869=ORIENTED_EDGE('',*,*,#2799,.F.);
#3870=ORIENTED_EDGE('',*,*,#2647,.F.);
#3871=ORIENTED_EDGE('',*,*,#2803,.T.);
#3872=ORIENTED_EDGE('',*,*,#2804,.T.);
#3873=ORIENTED_EDGE('',*,*,#2801,.F.);
#3874=ORIENTED_EDGE('',*,*,#2646,.F.);
#3875=ORIENTED_EDGE('',*,*,#2805,.T.);
#3876=ORIENTED_EDGE('',*,*,#2806,.T.);
#3877=ORIENTED_EDGE('',*,*,#2803,.F.);
#3878=ORIENTED_EDGE('',*,*,#2645,.F.);
#3879=ORIENTED_EDGE('',*,*,#2807,.T.);
#3880=ORIENTED_EDGE('',*,*,#2808,.T.);
#3881=ORIENTED_EDGE('',*,*,#2805,.F.);
#3882=ORIENTED_EDGE('',*,*,#2644,.F.);
#3883=ORIENTED_EDGE('',*,*,#2809,.T.);
#3884=ORIENTED_EDGE('',*,*,#2810,.T.);
#3885=ORIENTED_EDGE('',*,*,#2807,.F.);
#3886=ORIENTED_EDGE('',*,*,#2643,.F.);
#3887=ORIENTED_EDGE('',*,*,#2811,.T.);
#3888=ORIENTED_EDGE('',*,*,#2812,.T.);
#3889=ORIENTED_EDGE('',*,*,#2809,.F.);
#3890=ORIENTED_EDGE('',*,*,#2642,.F.);
#3891=ORIENTED_EDGE('',*,*,#2813,.T.);
#3892=ORIENTED_EDGE('',*,*,#2814,.T.);
#3893=ORIENTED_EDGE('',*,*,#2811,.F.);
#3894=ORIENTED_EDGE('',*,*,#2641,.F.);
#3895=ORIENTED_EDGE('',*,*,#2815,.T.);
#3896=ORIENTED_EDGE('',*,*,#2816,.T.);
#3897=ORIENTED_EDGE('',*,*,#2813,.F.);
#3898=ORIENTED_EDGE('',*,*,#2640,.F.);
#3899=ORIENTED_EDGE('',*,*,#2817,.T.);
#3900=ORIENTED_EDGE('',*,*,#2818,.T.);
#3901=ORIENTED_EDGE('',*,*,#2815,.F.);
#3902=ORIENTED_EDGE('',*,*,#2639,.F.);
#3903=ORIENTED_EDGE('',*,*,#2819,.T.);
#3904=ORIENTED_EDGE('',*,*,#2820,.T.);
#3905=ORIENTED_EDGE('',*,*,#2817,.F.);
#3906=ORIENTED_EDGE('',*,*,#2638,.F.);
#3907=ORIENTED_EDGE('',*,*,#2774,.T.);
#3908=ORIENTED_EDGE('',*,*,#2821,.T.);
#3909=ORIENTED_EDGE('',*,*,#2819,.F.);
#3910=ORIENTED_EDGE('',*,*,#2821,.F.);
#3911=ORIENTED_EDGE('',*,*,#2773,.F.);
#3912=ORIENTED_EDGE('',*,*,#2776,.F.);
#3913=ORIENTED_EDGE('',*,*,#2778,.F.);
#3914=ORIENTED_EDGE('',*,*,#2780,.F.);
#3915=ORIENTED_EDGE('',*,*,#2782,.F.);
#3916=ORIENTED_EDGE('',*,*,#2784,.F.);
#3917=ORIENTED_EDGE('',*,*,#2786,.F.);
#3918=ORIENTED_EDGE('',*,*,#2788,.F.);
#3919=ORIENTED_EDGE('',*,*,#2790,.F.);
#3920=ORIENTED_EDGE('',*,*,#2792,.F.);
#3921=ORIENTED_EDGE('',*,*,#2794,.F.);
#3922=ORIENTED_EDGE('',*,*,#2796,.F.);
#3923=ORIENTED_EDGE('',*,*,#2798,.F.);
#3924=ORIENTED_EDGE('',*,*,#2800,.F.);
#3925=ORIENTED_EDGE('',*,*,#2802,.F.);
#3926=ORIENTED_EDGE('',*,*,#2804,.F.);
#3927=ORIENTED_EDGE('',*,*,#2806,.F.);
#3928=ORIENTED_EDGE('',*,*,#2808,.F.);
#3929=ORIENTED_EDGE('',*,*,#2810,.F.);
#3930=ORIENTED_EDGE('',*,*,#2812,.F.);
#3931=ORIENTED_EDGE('',*,*,#2814,.F.);
#3932=ORIENTED_EDGE('',*,*,#2816,.F.);
#3933=ORIENTED_EDGE('',*,*,#2818,.F.);
#3934=ORIENTED_EDGE('',*,*,#2820,.F.);
#3935=ORIENTED_EDGE('',*,*,#2771,.F.);
#3936=ORIENTED_EDGE('',*,*,#2738,.F.);
#3937=ORIENTED_EDGE('',*,*,#2742,.F.);
#3938=ORIENTED_EDGE('',*,*,#2745,.F.);
#3939=ORIENTED_EDGE('',*,*,#2748,.F.);
#3940=ORIENTED_EDGE('',*,*,#2751,.F.);
#3941=ORIENTED_EDGE('',*,*,#2754,.F.);
#3942=ORIENTED_EDGE('',*,*,#2757,.F.);
#3943=ORIENTED_EDGE('',*,*,#2760,.F.);
#3944=ORIENTED_EDGE('',*,*,#2763,.F.);
#3945=ORIENTED_EDGE('',*,*,#2766,.F.);
#3946=ORIENTED_EDGE('',*,*,#2769,.F.);
#3947=ORIENTED_EDGE('',*,*,#2662,.F.);
#3948=ORIENTED_EDGE('',*,*,#2822,.T.);
#3949=ORIENTED_EDGE('',*,*,#2823,.T.);
#3950=ORIENTED_EDGE('',*,*,#2824,.F.);
#3951=ORIENTED_EDGE('',*,*,#2692,.F.);
#3952=ORIENTED_EDGE('',*,*,#2825,.T.);
#3953=ORIENTED_EDGE('',*,*,#2826,.T.);
#3954=ORIENTED_EDGE('',*,*,#2822,.F.);
#3955=ORIENTED_EDGE('',*,*,#2691,.F.);
#3956=ORIENTED_EDGE('',*,*,#2827,.T.);
#3957=ORIENTED_EDGE('',*,*,#2828,.T.);
#3958=ORIENTED_EDGE('',*,*,#2825,.F.);
#3959=ORIENTED_EDGE('',*,*,#2690,.F.);
#3960=ORIENTED_EDGE('',*,*,#2829,.T.);
#3961=ORIENTED_EDGE('',*,*,#2830,.T.);
#3962=ORIENTED_EDGE('',*,*,#2827,.F.);
#3963=ORIENTED_EDGE('',*,*,#2689,.F.);
#3964=ORIENTED_EDGE('',*,*,#2831,.T.);
#3965=ORIENTED_EDGE('',*,*,#2832,.T.);
#3966=ORIENTED_EDGE('',*,*,#2829,.F.);
#3967=ORIENTED_EDGE('',*,*,#2688,.F.);
#3968=ORIENTED_EDGE('',*,*,#2833,.T.);
#3969=ORIENTED_EDGE('',*,*,#2834,.T.);
#3970=ORIENTED_EDGE('',*,*,#2831,.F.);
#3971=ORIENTED_EDGE('',*,*,#2687,.F.);
#3972=ORIENTED_EDGE('',*,*,#2835,.T.);
#3973=ORIENTED_EDGE('',*,*,#2836,.T.);
#3974=ORIENTED_EDGE('',*,*,#2833,.F.);
#3975=ORIENTED_EDGE('',*,*,#2686,.F.);
#3976=ORIENTED_EDGE('',*,*,#2837,.T.);
#3977=ORIENTED_EDGE('',*,*,#2838,.T.);
#3978=ORIENTED_EDGE('',*,*,#2835,.F.);
#3979=ORIENTED_EDGE('',*,*,#2685,.F.);
#3980=ORIENTED_EDGE('',*,*,#2839,.T.);
#3981=ORIENTED_EDGE('',*,*,#2840,.T.);
#3982=ORIENTED_EDGE('',*,*,#2837,.F.);
#3983=ORIENTED_EDGE('',*,*,#2684,.F.);
#3984=ORIENTED_EDGE('',*,*,#2841,.T.);
#3985=ORIENTED_EDGE('',*,*,#2842,.T.);
#3986=ORIENTED_EDGE('',*,*,#2839,.F.);
#3987=ORIENTED_EDGE('',*,*,#2683,.F.);
#3988=ORIENTED_EDGE('',*,*,#2843,.T.);
#3989=ORIENTED_EDGE('',*,*,#2844,.T.);
#3990=ORIENTED_EDGE('',*,*,#2841,.F.);
#3991=ORIENTED_EDGE('',*,*,#2682,.F.);
#3992=ORIENTED_EDGE('',*,*,#2845,.T.);
#3993=ORIENTED_EDGE('',*,*,#2846,.T.);
#3994=ORIENTED_EDGE('',*,*,#2843,.F.);
#3995=ORIENTED_EDGE('',*,*,#2681,.F.);
#3996=ORIENTED_EDGE('',*,*,#2847,.T.);
#3997=ORIENTED_EDGE('',*,*,#2848,.T.);
#3998=ORIENTED_EDGE('',*,*,#2845,.F.);
#3999=ORIENTED_EDGE('',*,*,#2680,.F.);
#4000=ORIENTED_EDGE('',*,*,#2849,.T.);
#4001=ORIENTED_EDGE('',*,*,#2850,.T.);
#4002=ORIENTED_EDGE('',*,*,#2847,.F.);
#4003=ORIENTED_EDGE('',*,*,#2679,.F.);
#4004=ORIENTED_EDGE('',*,*,#2851,.T.);
#4005=ORIENTED_EDGE('',*,*,#2852,.T.);
#4006=ORIENTED_EDGE('',*,*,#2849,.F.);
#4007=ORIENTED_EDGE('',*,*,#2678,.F.);
#4008=ORIENTED_EDGE('',*,*,#2853,.T.);
#4009=ORIENTED_EDGE('',*,*,#2854,.T.);
#4010=ORIENTED_EDGE('',*,*,#2851,.F.);
#4011=ORIENTED_EDGE('',*,*,#2677,.F.);
#4012=ORIENTED_EDGE('',*,*,#2855,.T.);
#4013=ORIENTED_EDGE('',*,*,#2856,.T.);
#4014=ORIENTED_EDGE('',*,*,#2853,.F.);
#4015=ORIENTED_EDGE('',*,*,#2676,.F.);
#4016=ORIENTED_EDGE('',*,*,#2857,.T.);
#4017=ORIENTED_EDGE('',*,*,#2858,.T.);
#4018=ORIENTED_EDGE('',*,*,#2855,.F.);
#4019=ORIENTED_EDGE('',*,*,#2675,.F.);
#4020=ORIENTED_EDGE('',*,*,#2859,.T.);
#4021=ORIENTED_EDGE('',*,*,#2860,.T.);
#4022=ORIENTED_EDGE('',*,*,#2857,.F.);
#4023=ORIENTED_EDGE('',*,*,#2674,.F.);
#4024=ORIENTED_EDGE('',*,*,#2861,.T.);
#4025=ORIENTED_EDGE('',*,*,#2862,.T.);
#4026=ORIENTED_EDGE('',*,*,#2859,.F.);
#4027=ORIENTED_EDGE('',*,*,#2673,.F.);
#4028=ORIENTED_EDGE('',*,*,#2863,.T.);
#4029=ORIENTED_EDGE('',*,*,#2864,.T.);
#4030=ORIENTED_EDGE('',*,*,#2861,.F.);
#4031=ORIENTED_EDGE('',*,*,#2672,.F.);
#4032=ORIENTED_EDGE('',*,*,#2865,.T.);
#4033=ORIENTED_EDGE('',*,*,#2866,.T.);
#4034=ORIENTED_EDGE('',*,*,#2863,.F.);
#4035=ORIENTED_EDGE('',*,*,#2671,.F.);
#4036=ORIENTED_EDGE('',*,*,#2867,.T.);
#4037=ORIENTED_EDGE('',*,*,#2868,.T.);
#4038=ORIENTED_EDGE('',*,*,#2865,.F.);
#4039=ORIENTED_EDGE('',*,*,#2670,.F.);
#4040=ORIENTED_EDGE('',*,*,#2869,.T.);
#4041=ORIENTED_EDGE('',*,*,#2870,.T.);
#4042=ORIENTED_EDGE('',*,*,#2867,.F.);
#4043=ORIENTED_EDGE('',*,*,#2669,.F.);
#4044=ORIENTED_EDGE('',*,*,#2871,.T.);
#4045=ORIENTED_EDGE('',*,*,#2872,.T.);
#4046=ORIENTED_EDGE('',*,*,#2869,.F.);
#4047=ORIENTED_EDGE('',*,*,#2668,.F.);
#4048=ORIENTED_EDGE('',*,*,#2873,.T.);
#4049=ORIENTED_EDGE('',*,*,#2874,.T.);
#4050=ORIENTED_EDGE('',*,*,#2871,.F.);
#4051=ORIENTED_EDGE('',*,*,#2667,.F.);
#4052=ORIENTED_EDGE('',*,*,#2875,.T.);
#4053=ORIENTED_EDGE('',*,*,#2876,.T.);
#4054=ORIENTED_EDGE('',*,*,#2873,.F.);
#4055=ORIENTED_EDGE('',*,*,#2666,.F.);
#4056=ORIENTED_EDGE('',*,*,#2877,.T.);
#4057=ORIENTED_EDGE('',*,*,#2878,.T.);
#4058=ORIENTED_EDGE('',*,*,#2875,.F.);
#4059=ORIENTED_EDGE('',*,*,#2665,.F.);
#4060=ORIENTED_EDGE('',*,*,#2879,.T.);
#4061=ORIENTED_EDGE('',*,*,#2880,.T.);
#4062=ORIENTED_EDGE('',*,*,#2877,.F.);
#4063=ORIENTED_EDGE('',*,*,#2664,.F.);
#4064=ORIENTED_EDGE('',*,*,#2881,.T.);
#4065=ORIENTED_EDGE('',*,*,#2882,.T.);
#4066=ORIENTED_EDGE('',*,*,#2879,.F.);
#4067=ORIENTED_EDGE('',*,*,#2663,.F.);
#4068=ORIENTED_EDGE('',*,*,#2824,.T.);
#4069=ORIENTED_EDGE('',*,*,#2883,.T.);
#4070=ORIENTED_EDGE('',*,*,#2881,.F.);
#4071=ORIENTED_EDGE('',*,*,#2883,.F.);
#4072=ORIENTED_EDGE('',*,*,#2823,.F.);
#4073=ORIENTED_EDGE('',*,*,#2826,.F.);
#4074=ORIENTED_EDGE('',*,*,#2828,.F.);
#4075=ORIENTED_EDGE('',*,*,#2830,.F.);
#4076=ORIENTED_EDGE('',*,*,#2832,.F.);
#4077=ORIENTED_EDGE('',*,*,#2834,.F.);
#4078=ORIENTED_EDGE('',*,*,#2836,.F.);
#4079=ORIENTED_EDGE('',*,*,#2838,.F.);
#4080=ORIENTED_EDGE('',*,*,#2840,.F.);
#4081=ORIENTED_EDGE('',*,*,#2842,.F.);
#4082=ORIENTED_EDGE('',*,*,#2844,.F.);
#4083=ORIENTED_EDGE('',*,*,#2846,.F.);
#4084=ORIENTED_EDGE('',*,*,#2848,.F.);
#4085=ORIENTED_EDGE('',*,*,#2850,.F.);
#4086=ORIENTED_EDGE('',*,*,#2852,.F.);
#4087=ORIENTED_EDGE('',*,*,#2854,.F.);
#4088=ORIENTED_EDGE('',*,*,#2856,.F.);
#4089=ORIENTED_EDGE('',*,*,#2858,.F.);
#4090=ORIENTED_EDGE('',*,*,#2860,.F.);
#4091=ORIENTED_EDGE('',*,*,#2862,.F.);
#4092=ORIENTED_EDGE('',*,*,#2864,.F.);
#4093=ORIENTED_EDGE('',*,*,#2866,.F.);
#4094=ORIENTED_EDGE('',*,*,#2868,.F.);
#4095=ORIENTED_EDGE('',*,*,#2870,.F.);
#4096=ORIENTED_EDGE('',*,*,#2872,.F.);
#4097=ORIENTED_EDGE('',*,*,#2874,.F.);
#4098=ORIENTED_EDGE('',*,*,#2876,.F.);
#4099=ORIENTED_EDGE('',*,*,#2878,.F.);
#4100=ORIENTED_EDGE('',*,*,#2880,.F.);
#4101=ORIENTED_EDGE('',*,*,#2882,.F.);
#4102=ORIENTED_EDGE('',*,*,#2602,.F.);
#4103=ORIENTED_EDGE('',*,*,#2703,.F.);
#4104=ORIENTED_EDGE('',*,*,#2884,.F.);
#4105=ORIENTED_EDGE('',*,*,#2885,.F.);
#4106=ORIENTED_EDGE('',*,*,#2886,.F.);
#4107=ORIENTED_EDGE('',*,*,#2887,.F.);
#4108=ORIENTED_EDGE('',*,*,#2888,.F.);
#4109=ORIENTED_EDGE('',*,*,#2889,.F.);
#4110=ORIENTED_EDGE('',*,*,#2890,.F.);
#4111=ORIENTED_EDGE('',*,*,#2891,.F.);
#4112=ORIENTED_EDGE('',*,*,#2892,.F.);
#4113=ORIENTED_EDGE('',*,*,#2893,.F.);
#4114=ORIENTED_EDGE('',*,*,#2894,.F.);
#4115=ORIENTED_EDGE('',*,*,#2895,.F.);
#4116=ORIENTED_EDGE('',*,*,#2896,.F.);
#4117=ORIENTED_EDGE('',*,*,#2897,.F.);
#4118=ORIENTED_EDGE('',*,*,#2898,.F.);
#4119=ORIENTED_EDGE('',*,*,#2899,.F.);
#4120=ORIENTED_EDGE('',*,*,#2900,.F.);
#4121=ORIENTED_EDGE('',*,*,#2699,.F.);
#4122=ORIENTED_EDGE('',*,*,#2728,.T.);
#4123=ORIENTED_EDGE('',*,*,#2730,.T.);
#4124=ORIENTED_EDGE('',*,*,#2732,.T.);
#4125=ORIENTED_EDGE('',*,*,#2734,.T.);
#4126=ORIENTED_EDGE('',*,*,#2736,.T.);
#4127=ORIENTED_EDGE('',*,*,#2770,.T.);
#4128=ORIENTED_EDGE('',*,*,#2767,.T.);
#4129=ORIENTED_EDGE('',*,*,#2764,.T.);
#4130=ORIENTED_EDGE('',*,*,#2761,.T.);
#4131=ORIENTED_EDGE('',*,*,#2758,.T.);
#4132=ORIENTED_EDGE('',*,*,#2755,.T.);
#4133=ORIENTED_EDGE('',*,*,#2752,.T.);
#4134=ORIENTED_EDGE('',*,*,#2749,.T.);
#4135=ORIENTED_EDGE('',*,*,#2746,.T.);
#4136=ORIENTED_EDGE('',*,*,#2743,.T.);
#4137=ORIENTED_EDGE('',*,*,#2740,.T.);
#4138=ORIENTED_EDGE('',*,*,#2615,.T.);
#4139=ORIENTED_EDGE('',*,*,#2901,.T.);
#4140=ORIENTED_EDGE('',*,*,#2902,.T.);
#4141=ORIENTED_EDGE('',*,*,#2903,.T.);
#4142=ORIENTED_EDGE('',*,*,#2904,.T.);
#4143=ORIENTED_EDGE('',*,*,#2905,.T.);
#4144=ORIENTED_EDGE('',*,*,#2906,.T.);
#4145=ORIENTED_EDGE('',*,*,#2907,.F.);
#4146=ORIENTED_EDGE('',*,*,#2908,.T.);
#4147=ORIENTED_EDGE('',*,*,#2909,.T.);
#4148=ORIENTED_EDGE('',*,*,#2910,.T.);
#4149=ORIENTED_EDGE('',*,*,#2901,.F.);
#4150=ORIENTED_EDGE('',*,*,#2911,.T.);
#4151=ORIENTED_EDGE('',*,*,#2912,.T.);
#4152=ORIENTED_EDGE('',*,*,#2913,.T.);
#4153=ORIENTED_EDGE('',*,*,#2909,.F.);
#4154=ORIENTED_EDGE('',*,*,#2914,.T.);
#4155=ORIENTED_EDGE('',*,*,#2915,.T.);
#4156=ORIENTED_EDGE('',*,*,#2916,.T.);
#4157=ORIENTED_EDGE('',*,*,#2917,.T.);
#4158=ORIENTED_EDGE('',*,*,#2918,.T.);
#4159=ORIENTED_EDGE('',*,*,#2919,.T.);
#4160=ORIENTED_EDGE('',*,*,#2920,.T.);
#4161=ORIENTED_EDGE('',*,*,#2915,.F.);
#4162=ORIENTED_EDGE('',*,*,#2921,.T.);
#4163=ORIENTED_EDGE('',*,*,#2922,.T.);
#4164=ORIENTED_EDGE('',*,*,#2619,.T.);
#4165=ORIENTED_EDGE('',*,*,#2919,.F.);
#4166=ORIENTED_EDGE('',*,*,#2923,.T.);
#4167=ORIENTED_EDGE('',*,*,#2924,.T.);
#4168=ORIENTED_EDGE('',*,*,#2925,.T.);
#4169=ORIENTED_EDGE('',*,*,#2926,.T.);
#4170=ORIENTED_EDGE('',*,*,#2927,.T.);
#4171=ORIENTED_EDGE('',*,*,#2928,.T.);
#4172=ORIENTED_EDGE('',*,*,#2929,.T.);
#4173=ORIENTED_EDGE('',*,*,#2922,.F.);
#4174=ORIENTED_EDGE('',*,*,#2930,.T.);
#4175=ORIENTED_EDGE('',*,*,#2931,.T.);
#4176=ORIENTED_EDGE('',*,*,#2932,.T.);
#4177=ORIENTED_EDGE('',*,*,#2924,.F.);
#4178=ORIENTED_EDGE('',*,*,#2933,.T.);
#4179=ORIENTED_EDGE('',*,*,#2934,.T.);
#4180=ORIENTED_EDGE('',*,*,#2935,.T.);
#4181=ORIENTED_EDGE('',*,*,#2928,.F.);
#4182=ORIENTED_EDGE('',*,*,#2936,.T.);
#4183=ORIENTED_EDGE('',*,*,#2937,.T.);
#4184=ORIENTED_EDGE('',*,*,#2938,.T.);
#4185=ORIENTED_EDGE('',*,*,#2931,.F.);
#4186=ORIENTED_EDGE('',*,*,#2939,.T.);
#4187=ORIENTED_EDGE('',*,*,#2940,.T.);
#4188=ORIENTED_EDGE('',*,*,#2941,.T.);
#4189=ORIENTED_EDGE('',*,*,#2942,.T.);
#4190=ORIENTED_EDGE('',*,*,#2943,.T.);
#4191=ORIENTED_EDGE('',*,*,#2940,.F.);
#4192=ORIENTED_EDGE('',*,*,#2944,.T.);
#4193=ORIENTED_EDGE('',*,*,#2945,.T.);
#4194=ORIENTED_EDGE('',*,*,#2623,.T.);
#4195=ORIENTED_EDGE('',*,*,#2945,.F.);
#4196=ORIENTED_EDGE('',*,*,#2946,.T.);
#4197=ORIENTED_EDGE('',*,*,#2937,.F.);
#4198=ORIENTED_EDGE('',*,*,#2947,.T.);
#4199=ORIENTED_EDGE('',*,*,#2942,.F.);
#4200=ORIENTED_EDGE('',*,*,#2948,.T.);
#4201=ORIENTED_EDGE('',*,*,#2934,.F.);
#4202=ORIENTED_EDGE('',*,*,#2894,.T.);
#4203=ORIENTED_EDGE('',*,*,#2926,.F.);
#4204=ORIENTED_EDGE('',*,*,#2949,.T.);
#4205=ORIENTED_EDGE('',*,*,#2950,.T.);
#4206=ORIENTED_EDGE('',*,*,#2951,.T.);
#4207=ORIENTED_EDGE('',*,*,#2950,.F.);
#4208=ORIENTED_EDGE('',*,*,#2952,.T.);
#4209=ORIENTED_EDGE('',*,*,#2912,.F.);
#4210=ORIENTED_EDGE('',*,*,#2953,.T.);
#4211=ORIENTED_EDGE('',*,*,#2917,.F.);
#4212=ORIENTED_EDGE('',*,*,#2954,.T.);
#4213=ORIENTED_EDGE('',*,*,#2905,.F.);
#4214=ORIENTED_EDGE('',*,*,#2955,.T.);
#4215=ORIENTED_EDGE('',*,*,#2903,.F.);
#4216=ORIENTED_EDGE('',*,*,#2956,.T.);
#4217=ORIENTED_EDGE('',*,*,#2907,.T.);
#4218=ORIENTED_EDGE('',*,*,#2955,.F.);
#4219=ORIENTED_EDGE('',*,*,#2957,.T.);
#4220=ORIENTED_EDGE('',*,*,#2958,.F.);
#4221=ORIENTED_EDGE('',*,*,#2616,.T.);
#4222=ORIENTED_EDGE('',*,*,#2906,.F.);
#4223=ORIENTED_EDGE('',*,*,#2959,.T.);
#4224=ORIENTED_EDGE('',*,*,#2960,.F.);
#4225=ORIENTED_EDGE('',*,*,#2957,.F.);
#4226=ORIENTED_EDGE('',*,*,#2954,.F.);
#4227=ORIENTED_EDGE('',*,*,#2961,.F.);
#4228=ORIENTED_EDGE('',*,*,#2962,.F.);
#4229=ORIENTED_EDGE('',*,*,#2959,.F.);
#4230=ORIENTED_EDGE('',*,*,#2916,.F.);
#4231=ORIENTED_EDGE('',*,*,#2963,.F.);
#4232=ORIENTED_EDGE('',*,*,#2964,.T.);
#4233=ORIENTED_EDGE('',*,*,#2961,.T.);
#4234=ORIENTED_EDGE('',*,*,#2920,.F.);
#4235=ORIENTED_EDGE('',*,*,#2618,.T.);
#4236=ORIENTED_EDGE('',*,*,#2965,.F.);
#4237=ORIENTED_EDGE('',*,*,#2963,.T.);
#4238=ORIENTED_EDGE('',*,*,#2929,.F.);
#4239=ORIENTED_EDGE('',*,*,#2966,.T.);
#4240=ORIENTED_EDGE('',*,*,#2967,.F.);
#4241=ORIENTED_EDGE('',*,*,#2620,.T.);
#4242=ORIENTED_EDGE('',*,*,#2935,.F.);
#4243=ORIENTED_EDGE('',*,*,#2968,.T.);
#4244=ORIENTED_EDGE('',*,*,#2969,.F.);
#4245=ORIENTED_EDGE('',*,*,#2966,.F.);
#4246=ORIENTED_EDGE('',*,*,#2948,.F.);
#4247=ORIENTED_EDGE('',*,*,#2970,.F.);
#4248=ORIENTED_EDGE('',*,*,#2971,.F.);
#4249=ORIENTED_EDGE('',*,*,#2968,.F.);
#4250=ORIENTED_EDGE('',*,*,#2941,.F.);
#4251=ORIENTED_EDGE('',*,*,#2972,.F.);
#4252=ORIENTED_EDGE('',*,*,#2973,.T.);
#4253=ORIENTED_EDGE('',*,*,#2970,.T.);
#4254=ORIENTED_EDGE('',*,*,#2939,.F.);
#4255=ORIENTED_EDGE('',*,*,#2947,.F.);
#4256=ORIENTED_EDGE('',*,*,#2933,.F.);
#4257=ORIENTED_EDGE('',*,*,#2927,.F.);
#4258=ORIENTED_EDGE('',*,*,#2921,.F.);
#4259=ORIENTED_EDGE('',*,*,#2918,.F.);
#4260=ORIENTED_EDGE('',*,*,#2914,.F.);
#4261=ORIENTED_EDGE('',*,*,#2953,.F.);
#4262=ORIENTED_EDGE('',*,*,#2904,.F.);
#4263=ORIENTED_EDGE('',*,*,#2956,.F.);
#4264=ORIENTED_EDGE('',*,*,#2902,.F.);
#4265=ORIENTED_EDGE('',*,*,#2910,.F.);
#4266=ORIENTED_EDGE('',*,*,#2913,.F.);
#4267=ORIENTED_EDGE('',*,*,#2952,.F.);
#4268=ORIENTED_EDGE('',*,*,#2949,.F.);
#4269=ORIENTED_EDGE('',*,*,#2925,.F.);
#4270=ORIENTED_EDGE('',*,*,#2932,.F.);
#4271=ORIENTED_EDGE('',*,*,#2938,.F.);
#4272=ORIENTED_EDGE('',*,*,#2946,.F.);
#4273=ORIENTED_EDGE('',*,*,#2944,.F.);
#4274=ORIENTED_EDGE('',*,*,#2943,.F.);
#4275=ORIENTED_EDGE('',*,*,#2622,.T.);
#4276=ORIENTED_EDGE('',*,*,#2974,.T.);
#4277=ORIENTED_EDGE('',*,*,#2972,.T.);
#4278=ORIENTED_EDGE('',*,*,#2621,.T.);
#4279=ORIENTED_EDGE('',*,*,#2967,.T.);
#4280=ORIENTED_EDGE('',*,*,#2975,.T.);
#4281=ORIENTED_EDGE('',*,*,#2974,.F.);
#4282=ORIENTED_EDGE('',*,*,#2975,.F.);
#4283=ORIENTED_EDGE('',*,*,#2969,.T.);
#4284=ORIENTED_EDGE('',*,*,#2971,.T.);
#4285=ORIENTED_EDGE('',*,*,#2973,.F.);
#4286=ORIENTED_EDGE('',*,*,#2617,.T.);
#4287=ORIENTED_EDGE('',*,*,#2958,.T.);
#4288=ORIENTED_EDGE('',*,*,#2976,.T.);
#4289=ORIENTED_EDGE('',*,*,#2965,.T.);
#4290=ORIENTED_EDGE('',*,*,#2976,.F.);
#4291=ORIENTED_EDGE('',*,*,#2960,.T.);
#4292=ORIENTED_EDGE('',*,*,#2962,.T.);
#4293=ORIENTED_EDGE('',*,*,#2964,.F.);
#4294=ORIENTED_EDGE('',*,*,#2607,.F.);
#4295=ORIENTED_EDGE('',*,*,#2977,.F.);
#4296=ORIENTED_EDGE('',*,*,#2978,.F.);
#4297=ORIENTED_EDGE('',*,*,#2701,.F.);
#4298=ORIENTED_EDGE('',*,*,#2979,.F.);
#4299=ORIENTED_EDGE('',*,*,#2980,.T.);
#4300=ORIENTED_EDGE('',*,*,#2981,.F.);
#4301=ORIENTED_EDGE('',*,*,#2978,.T.);
#4302=ORIENTED_EDGE('',*,*,#2982,.F.);
#4303=ORIENTED_EDGE('',*,*,#2983,.F.);
#4304=ORIENTED_EDGE('',*,*,#2984,.F.);
#4305=ORIENTED_EDGE('',*,*,#2980,.F.);
#4306=ORIENTED_EDGE('',*,*,#2985,.F.);
#4307=ORIENTED_EDGE('',*,*,#2986,.T.);
#4308=ORIENTED_EDGE('',*,*,#2987,.F.);
#4309=ORIENTED_EDGE('',*,*,#2983,.T.);
#4310=ORIENTED_EDGE('',*,*,#2988,.F.);
#4311=ORIENTED_EDGE('',*,*,#2989,.F.);
#4312=ORIENTED_EDGE('',*,*,#2990,.F.);
#4313=ORIENTED_EDGE('',*,*,#2986,.F.);
#4314=ORIENTED_EDGE('',*,*,#2991,.F.);
#4315=ORIENTED_EDGE('',*,*,#2992,.T.);
#4316=ORIENTED_EDGE('',*,*,#2993,.F.);
#4317=ORIENTED_EDGE('',*,*,#2989,.T.);
#4318=ORIENTED_EDGE('',*,*,#2994,.F.);
#4319=ORIENTED_EDGE('',*,*,#2995,.F.);
#4320=ORIENTED_EDGE('',*,*,#2996,.F.);
#4321=ORIENTED_EDGE('',*,*,#2992,.F.);
#4322=ORIENTED_EDGE('',*,*,#2997,.F.);
#4323=ORIENTED_EDGE('',*,*,#2998,.T.);
#4324=ORIENTED_EDGE('',*,*,#2999,.F.);
#4325=ORIENTED_EDGE('',*,*,#2995,.T.);
#4326=ORIENTED_EDGE('',*,*,#3000,.F.);
#4327=ORIENTED_EDGE('',*,*,#3001,.F.);
#4328=ORIENTED_EDGE('',*,*,#3002,.F.);
#4329=ORIENTED_EDGE('',*,*,#2998,.F.);
#4330=ORIENTED_EDGE('',*,*,#3003,.F.);
#4331=ORIENTED_EDGE('',*,*,#3004,.T.);
#4332=ORIENTED_EDGE('',*,*,#3005,.F.);
#4333=ORIENTED_EDGE('',*,*,#3001,.T.);
#4334=ORIENTED_EDGE('',*,*,#2930,.F.);
#4335=ORIENTED_EDGE('',*,*,#3006,.F.);
#4336=ORIENTED_EDGE('',*,*,#3004,.F.);
#4337=ORIENTED_EDGE('',*,*,#3007,.F.);
#4338=ORIENTED_EDGE('',*,*,#2702,.T.);
#4339=ORIENTED_EDGE('',*,*,#2981,.T.);
#4340=ORIENTED_EDGE('',*,*,#3008,.F.);
#4341=ORIENTED_EDGE('',*,*,#2884,.T.);
#4342=ORIENTED_EDGE('',*,*,#3009,.F.);
#4343=ORIENTED_EDGE('',*,*,#2885,.T.);
#4344=ORIENTED_EDGE('',*,*,#3008,.T.);
#4345=ORIENTED_EDGE('',*,*,#2984,.T.);
#4346=ORIENTED_EDGE('',*,*,#3009,.T.);
#4347=ORIENTED_EDGE('',*,*,#2987,.T.);
#4348=ORIENTED_EDGE('',*,*,#3010,.F.);
#4349=ORIENTED_EDGE('',*,*,#2886,.T.);
#4350=ORIENTED_EDGE('',*,*,#3011,.F.);
#4351=ORIENTED_EDGE('',*,*,#2887,.T.);
#4352=ORIENTED_EDGE('',*,*,#3010,.T.);
#4353=ORIENTED_EDGE('',*,*,#2990,.T.);
#4354=ORIENTED_EDGE('',*,*,#3011,.T.);
#4355=ORIENTED_EDGE('',*,*,#2993,.T.);
#4356=ORIENTED_EDGE('',*,*,#3012,.F.);
#4357=ORIENTED_EDGE('',*,*,#2888,.T.);
#4358=ORIENTED_EDGE('',*,*,#3013,.F.);
#4359=ORIENTED_EDGE('',*,*,#2889,.T.);
#4360=ORIENTED_EDGE('',*,*,#3012,.T.);
#4361=ORIENTED_EDGE('',*,*,#2996,.T.);
#4362=ORIENTED_EDGE('',*,*,#3013,.T.);
#4363=ORIENTED_EDGE('',*,*,#2999,.T.);
#4364=ORIENTED_EDGE('',*,*,#3014,.F.);
#4365=ORIENTED_EDGE('',*,*,#2890,.T.);
#4366=ORIENTED_EDGE('',*,*,#3015,.F.);
#4367=ORIENTED_EDGE('',*,*,#2891,.T.);
#4368=ORIENTED_EDGE('',*,*,#3014,.T.);
#4369=ORIENTED_EDGE('',*,*,#3002,.T.);
#4370=ORIENTED_EDGE('',*,*,#3015,.T.);
#4371=ORIENTED_EDGE('',*,*,#3005,.T.);
#4372=ORIENTED_EDGE('',*,*,#3016,.F.);
#4373=ORIENTED_EDGE('',*,*,#2892,.T.);
#4374=ORIENTED_EDGE('',*,*,#2923,.F.);
#4375=ORIENTED_EDGE('',*,*,#2893,.T.);
#4376=ORIENTED_EDGE('',*,*,#3016,.T.);
#4377=ORIENTED_EDGE('',*,*,#3006,.T.);
#4378=ORIENTED_EDGE('',*,*,#3017,.F.);
#4379=ORIENTED_EDGE('',*,*,#2896,.T.);
#4380=ORIENTED_EDGE('',*,*,#3018,.T.);
#4381=ORIENTED_EDGE('',*,*,#3019,.T.);
#4382=ORIENTED_EDGE('',*,*,#3020,.F.);
#4383=ORIENTED_EDGE('',*,*,#2897,.T.);
#4384=ORIENTED_EDGE('',*,*,#3017,.T.);
#4385=ORIENTED_EDGE('',*,*,#3021,.T.);
#4386=ORIENTED_EDGE('',*,*,#3022,.F.);
#4387=ORIENTED_EDGE('',*,*,#2898,.T.);
#4388=ORIENTED_EDGE('',*,*,#3020,.T.);
#4389=ORIENTED_EDGE('',*,*,#3023,.T.);
#4390=ORIENTED_EDGE('',*,*,#3024,.F.);
#4391=ORIENTED_EDGE('',*,*,#2899,.T.);
#4392=ORIENTED_EDGE('',*,*,#3022,.T.);
#4393=ORIENTED_EDGE('',*,*,#3025,.T.);
#4394=ORIENTED_EDGE('',*,*,#3024,.T.);
#4395=ORIENTED_EDGE('',*,*,#3026,.T.);
#4396=ORIENTED_EDGE('',*,*,#2700,.T.);
#4397=ORIENTED_EDGE('',*,*,#2900,.T.);
#4398=ORIENTED_EDGE('',*,*,#3027,.F.);
#4399=ORIENTED_EDGE('',*,*,#2698,.T.);
#4400=ORIENTED_EDGE('',*,*,#3026,.F.);
#4401=ORIENTED_EDGE('',*,*,#3028,.T.);
#4402=ORIENTED_EDGE('',*,*,#3029,.F.);
#4403=ORIENTED_EDGE('',*,*,#3028,.F.);
#4404=ORIENTED_EDGE('',*,*,#3025,.F.);
#4405=ORIENTED_EDGE('',*,*,#3030,.F.);
#4406=ORIENTED_EDGE('',*,*,#3031,.F.);
#4407=ORIENTED_EDGE('',*,*,#3030,.T.);
#4408=ORIENTED_EDGE('',*,*,#3023,.F.);
#4409=ORIENTED_EDGE('',*,*,#3032,.F.);
#4410=ORIENTED_EDGE('',*,*,#3033,.F.);
#4411=ORIENTED_EDGE('',*,*,#3032,.T.);
#4412=ORIENTED_EDGE('',*,*,#3021,.F.);
#4413=ORIENTED_EDGE('',*,*,#3034,.F.);
#4414=ORIENTED_EDGE('',*,*,#3035,.F.);
#4415=ORIENTED_EDGE('',*,*,#3034,.T.);
#4416=ORIENTED_EDGE('',*,*,#3019,.F.);
#4417=ORIENTED_EDGE('',*,*,#3036,.F.);
#4418=ORIENTED_EDGE('',*,*,#3037,.F.);
#4419=ORIENTED_EDGE('',*,*,#2610,.T.);
#4420=ORIENTED_EDGE('',*,*,#3038,.F.);
#4421=ORIENTED_EDGE('',*,*,#3029,.T.);
#4422=ORIENTED_EDGE('',*,*,#3039,.F.);
#4423=ORIENTED_EDGE('',*,*,#2611,.T.);
#4424=ORIENTED_EDGE('',*,*,#3037,.T.);
#4425=ORIENTED_EDGE('',*,*,#3031,.T.);
#4426=ORIENTED_EDGE('',*,*,#3040,.F.);
#4427=ORIENTED_EDGE('',*,*,#2612,.T.);
#4428=ORIENTED_EDGE('',*,*,#3039,.T.);
#4429=ORIENTED_EDGE('',*,*,#3033,.T.);
#4430=ORIENTED_EDGE('',*,*,#3041,.F.);
#4431=ORIENTED_EDGE('',*,*,#2613,.T.);
#4432=ORIENTED_EDGE('',*,*,#3040,.T.);
#4433=ORIENTED_EDGE('',*,*,#3035,.T.);
#4434=ORIENTED_EDGE('',*,*,#2936,.F.);
#4435=ORIENTED_EDGE('',*,*,#3007,.T.);
#4436=ORIENTED_EDGE('',*,*,#3042,.F.);
#4437=ORIENTED_EDGE('',*,*,#2624,.T.);
#4438=ORIENTED_EDGE('',*,*,#3042,.T.);
#4439=ORIENTED_EDGE('',*,*,#3003,.T.);
#4440=ORIENTED_EDGE('',*,*,#3043,.F.);
#4441=ORIENTED_EDGE('',*,*,#2625,.T.);
#4442=ORIENTED_EDGE('',*,*,#3044,.F.);
#4443=ORIENTED_EDGE('',*,*,#2626,.T.);
#4444=ORIENTED_EDGE('',*,*,#3043,.T.);
#4445=ORIENTED_EDGE('',*,*,#3000,.T.);
#4446=ORIENTED_EDGE('',*,*,#3044,.T.);
#4447=ORIENTED_EDGE('',*,*,#2997,.T.);
#4448=ORIENTED_EDGE('',*,*,#3045,.F.);
#4449=ORIENTED_EDGE('',*,*,#2627,.T.);
#4450=ORIENTED_EDGE('',*,*,#3045,.T.);
#4451=ORIENTED_EDGE('',*,*,#2994,.T.);
#4452=ORIENTED_EDGE('',*,*,#3046,.F.);
#4453=ORIENTED_EDGE('',*,*,#2628,.T.);
#4454=ORIENTED_EDGE('',*,*,#3046,.T.);
#4455=ORIENTED_EDGE('',*,*,#2991,.T.);
#4456=ORIENTED_EDGE('',*,*,#3047,.F.);
#4457=ORIENTED_EDGE('',*,*,#2629,.T.);
#4458=ORIENTED_EDGE('',*,*,#3047,.T.);
#4459=ORIENTED_EDGE('',*,*,#2988,.T.);
#4460=ORIENTED_EDGE('',*,*,#3048,.F.);
#4461=ORIENTED_EDGE('',*,*,#2630,.T.);
#4462=ORIENTED_EDGE('',*,*,#3048,.T.);
#4463=ORIENTED_EDGE('',*,*,#2985,.T.);
#4464=ORIENTED_EDGE('',*,*,#3049,.F.);
#4465=ORIENTED_EDGE('',*,*,#2631,.T.);
#4466=ORIENTED_EDGE('',*,*,#3050,.F.);
#4467=ORIENTED_EDGE('',*,*,#2632,.T.);
#4468=ORIENTED_EDGE('',*,*,#3049,.T.);
#4469=ORIENTED_EDGE('',*,*,#2982,.T.);
#4470=ORIENTED_EDGE('',*,*,#3050,.T.);
#4471=ORIENTED_EDGE('',*,*,#2979,.T.);
#4472=ORIENTED_EDGE('',*,*,#3051,.F.);
#4473=ORIENTED_EDGE('',*,*,#2633,.T.);
#4474=ORIENTED_EDGE('',*,*,#2599,.F.);
#4475=ORIENTED_EDGE('',*,*,#2634,.T.);
#4476=ORIENTED_EDGE('',*,*,#3051,.T.);
#4477=ORIENTED_EDGE('',*,*,#2977,.T.);
#4478=ORIENTED_EDGE('',*,*,#2696,.T.);
#4479=ORIENTED_EDGE('',*,*,#3027,.T.);
#4480=ORIENTED_EDGE('',*,*,#3038,.T.);
#4481=ORIENTED_EDGE('',*,*,#2609,.T.);
#4482=ORIENTED_EDGE('',*,*,#2908,.F.);
#4483=ORIENTED_EDGE('',*,*,#2614,.T.);
#4484=ORIENTED_EDGE('',*,*,#3041,.T.);
#4485=ORIENTED_EDGE('',*,*,#3052,.T.);
#4486=ORIENTED_EDGE('',*,*,#2911,.F.);
#4487=ORIENTED_EDGE('',*,*,#3052,.F.);
#4488=ORIENTED_EDGE('',*,*,#3036,.T.);
#4489=ORIENTED_EDGE('',*,*,#3053,.F.);
#4490=ORIENTED_EDGE('',*,*,#2951,.F.);
#4491=ORIENTED_EDGE('',*,*,#3053,.T.);
#4492=ORIENTED_EDGE('',*,*,#3018,.F.);
#4493=ORIENTED_EDGE('',*,*,#2895,.T.);
#4494=PLANE('',#4875);
#4495=PLANE('',#4876);
#4496=PLANE('',#4877);
#4497=PLANE('',#4878);
#4498=PLANE('',#4879);
#4499=PLANE('',#4880);
#4500=PLANE('',#4881);
#4501=PLANE('',#4882);
#4502=PLANE('',#4883);
#4503=PLANE('',#4884);
#4504=PLANE('',#4885);
#4505=PLANE('',#4886);
#4506=PLANE('',#4887);
#4507=PLANE('',#4889);
#4508=PLANE('',#4902);
#4509=PLANE('',#4903);
#4510=PLANE('',#4904);
#4511=PLANE('',#4905);
#4512=PLANE('',#4938);
#4513=PLANE('',#4939);
#4514=PLANE('',#4940);
#4515=PLANE('',#4941);
#4516=PLANE('',#4942);
#4517=PLANE('',#4943);
#4518=PLANE('',#4944);
#4519=PLANE('',#4945);
#4520=PLANE('',#4946);
#4521=PLANE('',#4947);
#4522=PLANE('',#4948);
#4523=PLANE('',#4949);
#4524=PLANE('',#4950);
#4525=PLANE('',#4951);
#4526=PLANE('',#4960);
#4527=PLANE('',#4961);
#4528=PLANE('',#4962);
#4529=PLANE('',#4963);
#4530=PLANE('',#4964);
#4531=PLANE('',#4965);
#4532=PLANE('',#4966);
#4533=PLANE('',#4967);
#4534=PLANE('',#4968);
#4535=PLANE('',#4969);
#4536=PLANE('',#4970);
#4537=PLANE('',#4971);
#4538=PLANE('',#4972);
#4539=PLANE('',#4973);
#4540=PLANE('',#4974);
#4541=PLANE('',#4975);
#4542=PLANE('',#4976);
#4543=PLANE('',#4977);
#4544=PLANE('',#4978);
#4545=PLANE('',#4979);
#4546=PLANE('',#4980);
#4547=PLANE('',#4981);
#4548=PLANE('',#4982);
#4549=PLANE('',#4983);
#4550=PLANE('',#4984);
#4551=PLANE('',#4985);
#4552=PLANE('',#4986);
#4553=PLANE('',#4987);
#4554=PLANE('',#4988);
#4555=PLANE('',#4989);
#4556=PLANE('',#4990);
#4557=PLANE('',#4991);
#4558=PLANE('',#4992);
#4559=PLANE('',#4993);
#4560=PLANE('',#4994);
#4561=PLANE('',#4995);
#4562=PLANE('',#4996);
#4563=PLANE('',#5000);
#4564=PLANE('',#5004);
#4565=PLANE('',#5008);
#4566=PLANE('',#5012);
#4567=PLANE('',#5016);
#4568=PLANE('',#5018);
#4569=PLANE('',#5020);
#4570=PLANE('',#5022);
#4571=PLANE('',#5024);
#4572=PLANE('',#5026);
#4573=PLANE('',#5029);
#4574=PLANE('',#5032);
#4575=PLANE('',#5037);
#4576=PLANE('',#5040);
#4577=PLANE('',#5043);
#4578=PLANE('',#5045);
#4579=PLANE('',#5047);
#4580=PLANE('',#5049);
#4581=PLANE('',#5051);
#4582=PLANE('',#5053);
#4583=PLANE('',#5055);
#4584=PLANE('',#5057);
#4585=PLANE('',#5059);
#4586=PLANE('',#5060);
#4587=PLANE('',#5061);
#4588=ADVANCED_FACE('',(#261),#4494,.F.);
#4589=ADVANCED_FACE('',(#262),#123,.T.);
#4590=ADVANCED_FACE('',(#263),#124,.T.);
#4591=ADVANCED_FACE('',(#264),#125,.T.);
#4592=ADVANCED_FACE('',(#265),#126,.T.);
#4593=ADVANCED_FACE('',(#266),#127,.T.);
#4594=ADVANCED_FACE('',(#267),#128,.T.);
#4595=ADVANCED_FACE('',(#268),#129,.T.);
#4596=ADVANCED_FACE('',(#269),#130,.T.);
#4597=ADVANCED_FACE('',(#270),#131,.T.);
#4598=ADVANCED_FACE('',(#271),#132,.T.);
#4599=ADVANCED_FACE('',(#272),#133,.T.);
#4600=ADVANCED_FACE('',(#273),#134,.T.);
#4601=ADVANCED_FACE('',(#274),#135,.T.);
#4602=ADVANCED_FACE('',(#275),#4495,.T.);
#4603=ADVANCED_FACE('',(#276),#136,.T.);
#4604=ADVANCED_FACE('',(#277),#137,.T.);
#4605=ADVANCED_FACE('',(#278),#138,.T.);
#4606=ADVANCED_FACE('',(#279),#139,.T.);
#4607=ADVANCED_FACE('',(#280),#140,.T.);
#4608=ADVANCED_FACE('',(#281),#141,.T.);
#4609=ADVANCED_FACE('',(#282),#142,.T.);
#4610=ADVANCED_FACE('',(#283),#143,.T.);
#4611=ADVANCED_FACE('',(#284),#144,.T.);
#4612=ADVANCED_FACE('',(#285),#145,.T.);
#4613=ADVANCED_FACE('',(#286),#146,.T.);
#4614=ADVANCED_FACE('',(#287),#147,.T.);
#4615=ADVANCED_FACE('',(#288),#148,.T.);
#4616=ADVANCED_FACE('',(#289),#149,.T.);
#4617=ADVANCED_FACE('',(#290),#4496,.T.);
#4618=ADVANCED_FACE('',(#291),#150,.T.);
#4619=ADVANCED_FACE('',(#292),#151,.T.);
#4620=ADVANCED_FACE('',(#293),#152,.T.);
#4621=ADVANCED_FACE('',(#294),#4497,.F.);
#4622=ADVANCED_FACE('',(#295),#153,.T.);
#4623=ADVANCED_FACE('',(#296),#154,.T.);
#4624=ADVANCED_FACE('',(#297),#155,.T.);
#4625=ADVANCED_FACE('',(#298),#4498,.T.);
#4626=ADVANCED_FACE('',(#299),#156,.T.);
#4627=ADVANCED_FACE('',(#300),#157,.T.);
#4628=ADVANCED_FACE('',(#301),#158,.T.);
#4629=ADVANCED_FACE('',(#302),#159,.T.);
#4630=ADVANCED_FACE('',(#303),#160,.T.);
#4631=ADVANCED_FACE('',(#304),#161,.T.);
#4632=ADVANCED_FACE('',(#305),#162,.T.);
#4633=ADVANCED_FACE('',(#306),#163,.T.);
#4634=ADVANCED_FACE('',(#307),#164,.T.);
#4635=ADVANCED_FACE('',(#308),#165,.T.);
#4636=ADVANCED_FACE('',(#309),#166,.T.);
#4637=ADVANCED_FACE('',(#310),#167,.T.);
#4638=ADVANCED_FACE('',(#311),#168,.T.);
#4639=ADVANCED_FACE('',(#312),#169,.T.);
#4640=ADVANCED_FACE('',(#313),#170,.T.);
#4641=ADVANCED_FACE('',(#314),#171,.T.);
#4642=ADVANCED_FACE('',(#315),#172,.T.);
#4643=ADVANCED_FACE('',(#316),#173,.T.);
#4644=ADVANCED_FACE('',(#317),#174,.T.);
#4645=ADVANCED_FACE('',(#318),#4499,.T.);
#4646=ADVANCED_FACE('',(#319),#4500,.T.);
#4647=ADVANCED_FACE('',(#320),#175,.T.);
#4648=ADVANCED_FACE('',(#321),#176,.T.);
#4649=ADVANCED_FACE('',(#322),#177,.T.);
#4650=ADVANCED_FACE('',(#323),#4501,.T.);
#4651=ADVANCED_FACE('',(#324),#4502,.T.);
#4652=ADVANCED_FACE('',(#325),#178,.T.);
#4653=ADVANCED_FACE('',(#326,#108),#4503,.F.);
#4654=ADVANCED_FACE('',(#327),#179,.T.);
#4655=ADVANCED_FACE('',(#328),#180,.T.);
#4656=ADVANCED_FACE('',(#329),#181,.T.);
#4657=ADVANCED_FACE('',(#330),#182,.T.);
#4658=ADVANCED_FACE('',(#331),#183,.T.);
#4659=ADVANCED_FACE('',(#332),#184,.T.);
#4660=ADVANCED_FACE('',(#333),#4504,.T.);
#4661=ADVANCED_FACE('',(#334),#185,.T.);
#4662=ADVANCED_FACE('',(#335),#186,.T.);
#4663=ADVANCED_FACE('',(#336),#187,.T.);
#4664=ADVANCED_FACE('',(#337),#188,.T.);
#4665=ADVANCED_FACE('',(#338),#4505,.T.);
#4666=ADVANCED_FACE('',(#339),#189,.T.);
#4667=ADVANCED_FACE('',(#340),#190,.T.);
#4668=ADVANCED_FACE('',(#341),#191,.T.);
#4669=ADVANCED_FACE('',(#342),#192,.T.);
#4670=ADVANCED_FACE('',(#343),#193,.T.);
#4671=ADVANCED_FACE('',(#344),#194,.T.);
#4672=ADVANCED_FACE('',(#345),#195,.T.);
#4673=ADVANCED_FACE('',(#346),#196,.T.);
#4674=ADVANCED_FACE('',(#347),#197,.T.);
#4675=ADVANCED_FACE('',(#348),#198,.T.);
#4676=ADVANCED_FACE('',(#349),#199,.T.);
#4677=ADVANCED_FACE('',(#350),#200,.T.);
#4678=ADVANCED_FACE('',(#351),#201,.T.);
#4679=ADVANCED_FACE('',(#352),#4506,.F.);
#4680=ADVANCED_FACE('',(#353),#202,.T.);
#4681=ADVANCED_FACE('',(#354),#203,.T.);
#4682=ADVANCED_FACE('',(#355),#91,.T.);
#4683=ADVANCED_FACE('',(#356,#109,#110,#111,#112,#113,#114,#115,#116,#117),
#4507,.F.);
#4684=ADVANCED_FACE('',(#357),#4508,.T.);
#4685=ADVANCED_FACE('',(#358),#4509,.T.);
#4686=ADVANCED_FACE('',(#359),#4510,.T.);
#4687=ADVANCED_FACE('',(#360),#4511,.T.);
#4688=ADVANCED_FACE('',(#361),#15,.F.);
#4689=ADVANCED_FACE('',(#362),#92,.F.);
#4690=ADVANCED_FACE('',(#363),#16,.F.);
#4691=ADVANCED_FACE('',(#364),#93,.F.);
#4692=ADVANCED_FACE('',(#365),#17,.F.);
#4693=ADVANCED_FACE('',(#366),#94,.F.);
#4694=ADVANCED_FACE('',(#367),#18,.F.);
#4695=ADVANCED_FACE('',(#368),#95,.F.);
#4696=ADVANCED_FACE('',(#369),#19,.F.);
#4697=ADVANCED_FACE('',(#370),#20,.F.);
#4698=ADVANCED_FACE('',(#371),#21,.F.);
#4699=ADVANCED_FACE('',(#372),#22,.F.);
#4700=ADVANCED_FACE('',(#373),#96,.F.);
#4701=ADVANCED_FACE('',(#374),#97,.F.);
#4702=ADVANCED_FACE('',(#375),#98,.F.);
#4703=ADVANCED_FACE('',(#376),#99,.F.);
#4704=ADVANCED_FACE('',(#377),#204,.F.);
#4705=ADVANCED_FACE('',(#378),#205,.F.);
#4706=ADVANCED_FACE('',(#379),#206,.F.);
#4707=ADVANCED_FACE('',(#380),#207,.F.);
#4708=ADVANCED_FACE('',(#381),#208,.F.);
#4709=ADVANCED_FACE('',(#382),#209,.F.);
#4710=ADVANCED_FACE('',(#383),#4512,.F.);
#4711=ADVANCED_FACE('',(#384),#210,.F.);
#4712=ADVANCED_FACE('',(#385),#211,.F.);
#4713=ADVANCED_FACE('',(#386),#4513,.F.);
#4714=ADVANCED_FACE('',(#387),#4514,.F.);
#4715=ADVANCED_FACE('',(#388),#212,.F.);
#4716=ADVANCED_FACE('',(#389),#213,.F.);
#4717=ADVANCED_FACE('',(#390),#214,.F.);
#4718=ADVANCED_FACE('',(#391),#215,.F.);
#4719=ADVANCED_FACE('',(#392),#216,.F.);
#4720=ADVANCED_FACE('',(#393),#217,.F.);
#4721=ADVANCED_FACE('',(#394),#218,.F.);
#4722=ADVANCED_FACE('',(#395),#219,.F.);
#4723=ADVANCED_FACE('',(#396),#4515,.F.);
#4724=ADVANCED_FACE('',(#397),#220,.F.);
#4725=ADVANCED_FACE('',(#398),#221,.F.);
#4726=ADVANCED_FACE('',(#399),#222,.F.);
#4727=ADVANCED_FACE('',(#400),#223,.F.);
#4728=ADVANCED_FACE('',(#401),#224,.F.);
#4729=ADVANCED_FACE('',(#402),#225,.F.);
#4730=ADVANCED_FACE('',(#403),#226,.F.);
#4731=ADVANCED_FACE('',(#404),#227,.F.);
#4732=ADVANCED_FACE('',(#405),#228,.F.);
#4733=ADVANCED_FACE('',(#406),#229,.F.);
#4734=ADVANCED_FACE('',(#407),#230,.F.);
#4735=ADVANCED_FACE('',(#408),#231,.F.);
#4736=ADVANCED_FACE('',(#409),#4516,.F.);
#4737=ADVANCED_FACE('',(#410),#4517,.F.);
#4738=ADVANCED_FACE('',(#411),#232,.F.);
#4739=ADVANCED_FACE('',(#412),#233,.F.);
#4740=ADVANCED_FACE('',(#413),#234,.F.);
#4741=ADVANCED_FACE('',(#414,#118),#4518,.T.);
#4742=ADVANCED_FACE('',(#415),#235,.F.);
#4743=ADVANCED_FACE('',(#416),#236,.F.);
#4744=ADVANCED_FACE('',(#417),#237,.F.);
#4745=ADVANCED_FACE('',(#418),#4519,.F.);
#4746=ADVANCED_FACE('',(#419),#238,.F.);
#4747=ADVANCED_FACE('',(#420),#239,.F.);
#4748=ADVANCED_FACE('',(#421),#240,.F.);
#4749=ADVANCED_FACE('',(#422),#241,.F.);
#4750=ADVANCED_FACE('',(#423),#242,.F.);
#4751=ADVANCED_FACE('',(#424),#243,.F.);
#4752=ADVANCED_FACE('',(#425),#244,.F.);
#4753=ADVANCED_FACE('',(#426),#245,.F.);
#4754=ADVANCED_FACE('',(#427),#246,.F.);
#4755=ADVANCED_FACE('',(#428),#247,.F.);
#4756=ADVANCED_FACE('',(#429),#248,.F.);
#4757=ADVANCED_FACE('',(#430),#249,.F.);
#4758=ADVANCED_FACE('',(#431),#250,.F.);
#4759=ADVANCED_FACE('',(#432),#251,.F.);
#4760=ADVANCED_FACE('',(#433),#252,.F.);
#4761=ADVANCED_FACE('',(#434),#253,.F.);
#4762=ADVANCED_FACE('',(#435),#254,.F.);
#4763=ADVANCED_FACE('',(#436),#255,.F.);
#4764=ADVANCED_FACE('',(#437),#256,.F.);
#4765=ADVANCED_FACE('',(#438),#4520,.F.);
#4766=ADVANCED_FACE('',(#439),#4521,.F.);
#4767=ADVANCED_FACE('',(#440),#257,.F.);
#4768=ADVANCED_FACE('',(#441),#258,.F.);
#4769=ADVANCED_FACE('',(#442),#259,.F.);
#4770=ADVANCED_FACE('',(#443),#4522,.F.);
#4771=ADVANCED_FACE('',(#444),#4523,.F.);
#4772=ADVANCED_FACE('',(#445),#260,.F.);
#4773=ADVANCED_FACE('',(#446),#4524,.T.);
#4774=ADVANCED_FACE('',(#447,#119,#120,#121,#122),#4525,.T.);
#4775=ADVANCED_FACE('',(#448),#4526,.F.);
#4776=ADVANCED_FACE('',(#449),#4527,.T.);
#4777=ADVANCED_FACE('',(#450),#4528,.T.);
#4778=ADVANCED_FACE('',(#451),#4529,.T.);
#4779=ADVANCED_FACE('',(#452),#4530,.T.);
#4780=ADVANCED_FACE('',(#453),#4531,.T.);
#4781=ADVANCED_FACE('',(#454),#4532,.T.);
#4782=ADVANCED_FACE('',(#455),#4533,.T.);
#4783=ADVANCED_FACE('',(#456),#4534,.T.);
#4784=ADVANCED_FACE('',(#457),#4535,.T.);
#4785=ADVANCED_FACE('',(#458),#4536,.T.);
#4786=ADVANCED_FACE('',(#459),#4537,.T.);
#4787=ADVANCED_FACE('',(#460),#4538,.T.);
#4788=ADVANCED_FACE('',(#461),#4539,.T.);
#4789=ADVANCED_FACE('',(#462),#4540,.T.);
#4790=ADVANCED_FACE('',(#463),#4541,.T.);
#4791=ADVANCED_FACE('',(#464),#4542,.T.);
#4792=ADVANCED_FACE('',(#465),#4543,.T.);
#4793=ADVANCED_FACE('',(#466),#4544,.T.);
#4794=ADVANCED_FACE('',(#467),#4545,.T.);
#4795=ADVANCED_FACE('',(#468),#4546,.T.);
#4796=ADVANCED_FACE('',(#469),#4547,.T.);
#4797=ADVANCED_FACE('',(#470),#4548,.F.);
#4798=ADVANCED_FACE('',(#471),#4549,.F.);
#4799=ADVANCED_FACE('',(#472),#4550,.F.);
#4800=ADVANCED_FACE('',(#473),#4551,.T.);
#4801=ADVANCED_FACE('',(#474),#4552,.T.);
#4802=ADVANCED_FACE('',(#475),#4553,.F.);
#4803=ADVANCED_FACE('',(#476),#4554,.F.);
#4804=ADVANCED_FACE('',(#477),#4555,.F.);
#4805=ADVANCED_FACE('',(#478),#4556,.T.);
#4806=ADVANCED_FACE('',(#479),#4557,.T.);
#4807=ADVANCED_FACE('',(#480),#4558,.T.);
#4808=ADVANCED_FACE('',(#481),#4559,.F.);
#4809=ADVANCED_FACE('',(#482),#4560,.T.);
#4810=ADVANCED_FACE('',(#483),#4561,.F.);
#4811=ADVANCED_FACE('',(#484),#4562,.T.);
#4812=ADVANCED_FACE('',(#485),#100,.F.);
#4813=ADVANCED_FACE('',(#486),#4563,.T.);
#4814=ADVANCED_FACE('',(#487),#101,.F.);
#4815=ADVANCED_FACE('',(#488),#4564,.T.);
#4816=ADVANCED_FACE('',(#489),#102,.T.);
#4817=ADVANCED_FACE('',(#490),#4565,.T.);
#4818=ADVANCED_FACE('',(#491),#103,.T.);
#4819=ADVANCED_FACE('',(#492),#4566,.T.);
#4820=ADVANCED_FACE('',(#493),#104,.T.);
#4821=ADVANCED_FACE('',(#494),#4567,.T.);
#4822=ADVANCED_FACE('',(#495),#23,.F.);
#4823=ADVANCED_FACE('',(#496),#4568,.T.);
#4824=ADVANCED_FACE('',(#497),#24,.F.);
#4825=ADVANCED_FACE('',(#498),#4569,.T.);
#4826=ADVANCED_FACE('',(#499),#25,.T.);
#4827=ADVANCED_FACE('',(#500),#4570,.T.);
#4828=ADVANCED_FACE('',(#501),#26,.T.);
#4829=ADVANCED_FACE('',(#502),#4571,.T.);
#4830=ADVANCED_FACE('',(#503),#27,.T.);
#4831=ADVANCED_FACE('',(#504),#4572,.T.);
#4832=ADVANCED_FACE('',(#505),#28,.F.);
#4833=ADVANCED_FACE('',(#506),#4573,.T.);
#4834=ADVANCED_FACE('',(#507),#29,.F.);
#4835=ADVANCED_FACE('',(#508),#4574,.T.);
#4836=ADVANCED_FACE('',(#509),#30,.T.);
#4837=ADVANCED_FACE('',(#510),#105,.T.);
#4838=ADVANCED_FACE('',(#511),#4575,.T.);
#4839=ADVANCED_FACE('',(#512),#106,.F.);
#4840=ADVANCED_FACE('',(#513),#4576,.T.);
#4841=ADVANCED_FACE('',(#514),#107,.F.);
#4842=ADVANCED_FACE('',(#515),#4577,.T.);
#4843=ADVANCED_FACE('',(#516),#31,.F.);
#4844=ADVANCED_FACE('',(#517),#4578,.T.);
#4845=ADVANCED_FACE('',(#518),#32,.F.);
#4846=ADVANCED_FACE('',(#519),#4579,.T.);
#4847=ADVANCED_FACE('',(#520),#33,.T.);
#4848=ADVANCED_FACE('',(#521),#4580,.T.);
#4849=ADVANCED_FACE('',(#522),#34,.T.);
#4850=ADVANCED_FACE('',(#523),#4581,.T.);
#4851=ADVANCED_FACE('',(#524),#35,.T.);
#4852=ADVANCED_FACE('',(#525),#4582,.T.);
#4853=ADVANCED_FACE('',(#526),#36,.F.);
#4854=ADVANCED_FACE('',(#527),#4583,.T.);
#4855=ADVANCED_FACE('',(#528),#37,.F.);
#4856=ADVANCED_FACE('',(#529),#4584,.T.);
#4857=ADVANCED_FACE('',(#530),#38,.T.);
#4858=ADVANCED_FACE('',(#531),#4585,.T.);
#4859=ADVANCED_FACE('',(#532),#4586,.T.);
#4860=ADVANCED_FACE('',(#533),#4587,.T.);
#4861=CLOSED_SHELL('',(#4588,#4589,#4590,#4591,#4592,#4593,#4594,#4595,
#4596,#4597,#4598,#4599,#4600,#4601,#4602,#4603,#4604,#4605,#4606,#4607,
#4608,#4609,#4610,#4611,#4612,#4613,#4614,#4615,#4616,#4617,#4618,#4619,
#4620,#4621,#4622,#4623,#4624,#4625,#4626,#4627,#4628,#4629,#4630,#4631,
#4632,#4633,#4634,#4635,#4636,#4637,#4638,#4639,#4640,#4641,#4642,#4643,
#4644,#4645,#4646,#4647,#4648,#4649,#4650,#4651,#4652,#4653,#4654,#4655,
#4656,#4657,#4658,#4659,#4660,#4661,#4662,#4663,#4664,#4665,#4666,#4667,
#4668,#4669,#4670,#4671,#4672,#4673,#4674,#4675,#4676,#4677,#4678,#4679,
#4680,#4681,#4682,#4683,#4684,#4685,#4686,#4687,#4688,#4689,#4690,#4691,
#4692,#4693,#4694,#4695,#4696,#4697,#4698,#4699,#4700,#4701,#4702,#4703,
#4704,#4705,#4706,#4707,#4708,#4709,#4710,#4711,#4712,#4713,#4714,#4715,
#4716,#4717,#4718,#4719,#4720,#4721,#4722,#4723,#4724,#4725,#4726,#4727,
#4728,#4729,#4730,#4731,#4732,#4733,#4734,#4735,#4736,#4737,#4738,#4739,
#4740,#4741,#4742,#4743,#4744,#4745,#4746,#4747,#4748,#4749,#4750,#4751,
#4752,#4753,#4754,#4755,#4756,#4757,#4758,#4759,#4760,#4761,#4762,#4763,
#4764,#4765,#4766,#4767,#4768,#4769,#4770,#4771,#4772,#4773,#4774,#4775,
#4776,#4777,#4778,#4779,#4780,#4781,#4782,#4783,#4784,#4785,#4786,#4787,
#4788,#4789,#4790,#4791,#4792,#4793,#4794,#4795,#4796,#4797,#4798,#4799,
#4800,#4801,#4802,#4803,#4804,#4805,#4806,#4807,#4808,#4809,#4810,#4811,
#4812,#4813,#4814,#4815,#4816,#4817,#4818,#4819,#4820,#4821,#4822,#4823,
#4824,#4825,#4826,#4827,#4828,#4829,#4830,#4831,#4832,#4833,#4834,#4835,
#4836,#4837,#4838,#4839,#4840,#4841,#4842,#4843,#4844,#4845,#4846,#4847,
#4848,#4849,#4850,#4851,#4852,#4853,#4854,#4855,#4856,#4857,#4858,#4859,
#4860));
#4862=DERIVED_UNIT_ELEMENT(#4864,1.);
#4863=DERIVED_UNIT_ELEMENT(#9707,-3.);
#4864=(
MASS_UNIT()
NAMED_UNIT(*)
SI_UNIT(.KILO.,.GRAM.)
);
#4865=DERIVED_UNIT((#4862,#4863));
#4866=MEASURE_REPRESENTATION_ITEM('density measure',
POSITIVE_RATIO_MEASURE(7850.),#4865);
#4867=PROPERTY_DEFINITION_REPRESENTATION(#4872,#4869);
#4868=PROPERTY_DEFINITION_REPRESENTATION(#4873,#4870);
#4869=REPRESENTATION('material name',(#4871),#9704);
#4870=REPRESENTATION('density',(#4866),#9704);
#4871=DESCRIPTIVE_REPRESENTATION_ITEM('Steel','Steel');
#4872=PROPERTY_DEFINITION('material property','material name',#9714);
#4873=PROPERTY_DEFINITION('material property','density of part',#9714);
#4874=AXIS2_PLACEMENT_3D('',#5826,#5062,#5063);
#4875=AXIS2_PLACEMENT_3D('',#5827,#5064,#5065);
#4876=AXIS2_PLACEMENT_3D('',#6235,#5082,#5083);
#4877=AXIS2_PLACEMENT_3D('',#6477,#5100,#5101);
#4878=AXIS2_PLACEMENT_3D('',#6530,#5106,#5107);
#4879=AXIS2_PLACEMENT_3D('',#6750,#5117,#5118);
#4880=AXIS2_PLACEMENT_3D('',#7077,#5140,#5141);
#4881=AXIS2_PLACEMENT_3D('',#7081,#5144,#5145);
#4882=AXIS2_PLACEMENT_3D('',#7136,#5151,#5152);
#4883=AXIS2_PLACEMENT_3D('',#7140,#5155,#5156);
#4884=AXIS2_PLACEMENT_3D('',#7159,#5159,#5160);
#4885=AXIS2_PLACEMENT_3D('',#7406,#5170,#5171);
#4886=AXIS2_PLACEMENT_3D('',#7478,#5178,#5179);
#4887=AXIS2_PLACEMENT_3D('',#7701,#5194,#5195);
#4888=AXIS2_PLACEMENT_3D('',#7834,#5196,#5197);
#4889=AXIS2_PLACEMENT_3D('',#7837,#5200,#5201);
#4890=AXIS2_PLACEMENT_3D('',#7841,#5203,#5204);
#4891=AXIS2_PLACEMENT_3D('',#7845,#5206,#5207);
#4892=AXIS2_PLACEMENT_3D('',#7849,#5209,#5210);
#4893=AXIS2_PLACEMENT_3D('',#7873,#5222,#5223);
#4894=AXIS2_PLACEMENT_3D('',#7877,#5225,#5226);
#4895=AXIS2_PLACEMENT_3D('',#7881,#5228,#5229);
#4896=AXIS2_PLACEMENT_3D('',#7885,#5231,#5232);
#4897=AXIS2_PLACEMENT_3D('',#7889,#5234,#5235);
#4898=AXIS2_PLACEMENT_3D('',#7892,#5237,#5238);
#4899=AXIS2_PLACEMENT_3D('',#7894,#5239,#5240);
#4900=AXIS2_PLACEMENT_3D('',#8200,#5249,#5250);
#4901=AXIS2_PLACEMENT_3D('',#8202,#5251,#5252);
#4902=AXIS2_PLACEMENT_3D('',#8203,#5253,#5254);
#4903=AXIS2_PLACEMENT_3D('',#8207,#5257,#5258);
#4904=AXIS2_PLACEMENT_3D('',#8211,#5261,#5262);
#4905=AXIS2_PLACEMENT_3D('',#8215,#5265,#5266);
#4906=AXIS2_PLACEMENT_3D('',#8221,#5270,#5271);
#4907=AXIS2_PLACEMENT_3D('',#8224,#5273,#5274);
#4908=AXIS2_PLACEMENT_3D('',#8225,#5275,#5276);
#4909=AXIS2_PLACEMENT_3D('',#8227,#5277,#5278);
#4910=AXIS2_PLACEMENT_3D('',#8229,#5280,#5281);
#4911=AXIS2_PLACEMENT_3D('',#8232,#5283,#5284);
#4912=AXIS2_PLACEMENT_3D('',#8233,#5285,#5286);
#4913=AXIS2_PLACEMENT_3D('',#8235,#5287,#5288);
#4914=AXIS2_PLACEMENT_3D('',#8237,#5290,#5291);
#4915=AXIS2_PLACEMENT_3D('',#8240,#5293,#5294);
#4916=AXIS2_PLACEMENT_3D('',#8241,#5295,#5296);
#4917=AXIS2_PLACEMENT_3D('',#8243,#5297,#5298);
#4918=AXIS2_PLACEMENT_3D('',#8245,#5300,#5301);
#4919=AXIS2_PLACEMENT_3D('',#8248,#5303,#5304);
#4920=AXIS2_PLACEMENT_3D('',#8249,#5305,#5306);
#4921=AXIS2_PLACEMENT_3D('',#8251,#5307,#5308);
#4922=AXIS2_PLACEMENT_3D('',#8253,#5310,#5311);
#4923=AXIS2_PLACEMENT_3D('',#8255,#5312,#5313);
#4924=AXIS2_PLACEMENT_3D('',#8257,#5315,#5316);
#4925=AXIS2_PLACEMENT_3D('',#8259,#5317,#5318);
#4926=AXIS2_PLACEMENT_3D('',#8261,#5320,#5321);
#4927=AXIS2_PLACEMENT_3D('',#8263,#5322,#5323);
#4928=AXIS2_PLACEMENT_3D('',#8265,#5325,#5326);
#4929=AXIS2_PLACEMENT_3D('',#8267,#5327,#5328);
#4930=AXIS2_PLACEMENT_3D('',#8269,#5330,#5331);
#4931=AXIS2_PLACEMENT_3D('',#8271,#5332,#5333);
#4932=AXIS2_PLACEMENT_3D('',#8273,#5335,#5336);
#4933=AXIS2_PLACEMENT_3D('',#8275,#5337,#5338);
#4934=AXIS2_PLACEMENT_3D('',#8277,#5340,#5341);
#4935=AXIS2_PLACEMENT_3D('',#8279,#5342,#5343);
#4936=AXIS2_PLACEMENT_3D('',#8281,#5345,#5346);
#4937=AXIS2_PLACEMENT_3D('',#8283,#5347,#5348);
#4938=AXIS2_PLACEMENT_3D('',#8426,#5357,#5358);
#4939=AXIS2_PLACEMENT_3D('',#8478,#5364,#5365);
#4940=AXIS2_PLACEMENT_3D('',#8484,#5369,#5370);
#4941=AXIS2_PLACEMENT_3D('',#8631,#5382,#5383);
#4942=AXIS2_PLACEMENT_3D('',#8839,#5398,#5399);
#4943=AXIS2_PLACEMENT_3D('',#8843,#5402,#5403);
#4944=AXIS2_PLACEMENT_3D('',#8896,#5408,#5409);
#4945=AXIS2_PLACEMENT_3D('',#8950,#5414,#5415);
#4946=AXIS2_PLACEMENT_3D('',#9277,#5437,#5438);
#4947=AXIS2_PLACEMENT_3D('',#9281,#5441,#5442);
#4948=AXIS2_PLACEMENT_3D('',#9336,#5448,#5449);
#4949=AXIS2_PLACEMENT_3D('',#9340,#5452,#5453);
#4950=AXIS2_PLACEMENT_3D('',#9359,#5456,#5457);
#4951=AXIS2_PLACEMENT_3D('',#9360,#5458,#5459);
#4952=AXIS2_PLACEMENT_3D('',#9362,#5460,#5461);
#4953=AXIS2_PLACEMENT_3D('',#9366,#5463,#5464);
#4954=AXIS2_PLACEMENT_3D('',#9370,#5466,#5467);
#4955=AXIS2_PLACEMENT_3D('',#9374,#5469,#5470);
#4956=AXIS2_PLACEMENT_3D('',#9378,#5472,#5473);
#4957=AXIS2_PLACEMENT_3D('',#9386,#5477,#5478);
#4958=AXIS2_PLACEMENT_3D('',#9390,#5480,#5481);
#4959=AXIS2_PLACEMENT_3D('',#9393,#5483,#5484);
#4960=AXIS2_PLACEMENT_3D('',#9394,#5485,#5486);
#4961=AXIS2_PLACEMENT_3D('',#9395,#5487,#5488);
#4962=AXIS2_PLACEMENT_3D('',#9401,#5492,#5493);
#4963=AXIS2_PLACEMENT_3D('',#9410,#5498,#5499);
#4964=AXIS2_PLACEMENT_3D('',#9416,#5503,#5504);
#4965=AXIS2_PLACEMENT_3D('',#9422,#5508,#5509);
#4966=AXIS2_PLACEMENT_3D('',#9431,#5514,#5515);
#4967=AXIS2_PLACEMENT_3D('',#9436,#5519,#5520);
#4968=AXIS2_PLACEMENT_3D('',#9440,#5523,#5524);
#4969=AXIS2_PLACEMENT_3D('',#9448,#5529,#5530);
#4970=AXIS2_PLACEMENT_3D('',#9454,#5534,#5535);
#4971=AXIS2_PLACEMENT_3D('',#9460,#5539,#5540);
#4972=AXIS2_PLACEMENT_3D('',#9466,#5544,#5545);
#4973=AXIS2_PLACEMENT_3D('',#9471,#5549,#5550);
#4974=AXIS2_PLACEMENT_3D('',#9480,#5555,#5556);
#4975=AXIS2_PLACEMENT_3D('',#9485,#5560,#5561);
#4976=AXIS2_PLACEMENT_3D('',#9487,#5563,#5564);
#4977=AXIS2_PLACEMENT_3D('',#9490,#5567,#5568);
#4978=AXIS2_PLACEMENT_3D('',#9494,#5571,#5572);
#4979=AXIS2_PLACEMENT_3D('',#9497,#5575,#5576);
#4980=AXIS2_PLACEMENT_3D('',#9500,#5579,#5580);
#4981=AXIS2_PLACEMENT_3D('',#9503,#5583,#5584);
#4982=AXIS2_PLACEMENT_3D('',#9507,#5587,#5588);
#4983=AXIS2_PLACEMENT_3D('',#9511,#5591,#5592);
#4984=AXIS2_PLACEMENT_3D('',#9515,#5595,#5596);
#4985=AXIS2_PLACEMENT_3D('',#9519,#5599,#5600);
#4986=AXIS2_PLACEMENT_3D('',#9521,#5602,#5603);
#4987=AXIS2_PLACEMENT_3D('',#9525,#5606,#5607);
#4988=AXIS2_PLACEMENT_3D('',#9529,#5610,#5611);
#4989=AXIS2_PLACEMENT_3D('',#9533,#5614,#5615);
#4990=AXIS2_PLACEMENT_3D('',#9537,#5618,#5619);
#4991=AXIS2_PLACEMENT_3D('',#9538,#5620,#5621);
#4992=AXIS2_PLACEMENT_3D('',#9540,#5623,#5624);
#4993=AXIS2_PLACEMENT_3D('',#9542,#5626,#5627);
#4994=AXIS2_PLACEMENT_3D('',#9543,#5628,#5629);
#4995=AXIS2_PLACEMENT_3D('',#9545,#5631,#5632);
#4996=AXIS2_PLACEMENT_3D('',#9546,#5633,#5634);
#4997=AXIS2_PLACEMENT_3D('',#9550,#5637,#5638);
#4998=AXIS2_PLACEMENT_3D('',#9552,#5639,#5640);
#4999=AXIS2_PLACEMENT_3D('',#9555,#5642,#5643);
#5000=AXIS2_PLACEMENT_3D('',#9556,#5644,#5645);
#5001=AXIS2_PLACEMENT_3D('',#9562,#5649,#5650);
#5002=AXIS2_PLACEMENT_3D('',#9564,#5651,#5652);
#5003=AXIS2_PLACEMENT_3D('',#9567,#5654,#5655);
#5004=AXIS2_PLACEMENT_3D('',#9568,#5656,#5657);
#5005=AXIS2_PLACEMENT_3D('',#9574,#5661,#5662);
#5006=AXIS2_PLACEMENT_3D('',#9576,#5663,#5664);
#5007=AXIS2_PLACEMENT_3D('',#9579,#5666,#5667);
#5008=AXIS2_PLACEMENT_3D('',#9580,#5668,#5669);
#5009=AXIS2_PLACEMENT_3D('',#9586,#5673,#5674);
#5010=AXIS2_PLACEMENT_3D('',#9588,#5675,#5676);
#5011=AXIS2_PLACEMENT_3D('',#9591,#5678,#5679);
#5012=AXIS2_PLACEMENT_3D('',#9592,#5680,#5681);
#5013=AXIS2_PLACEMENT_3D('',#9598,#5685,#5686);
#5014=AXIS2_PLACEMENT_3D('',#9600,#5687,#5688);
#5015=AXIS2_PLACEMENT_3D('',#9603,#5690,#5691);
#5016=AXIS2_PLACEMENT_3D('',#9604,#5692,#5693);
#5017=AXIS2_PLACEMENT_3D('',#9607,#5696,#5697);
#5018=AXIS2_PLACEMENT_3D('',#9609,#5699,#5700);
#5019=AXIS2_PLACEMENT_3D('',#9611,#5702,#5703);
#5020=AXIS2_PLACEMENT_3D('',#9613,#5705,#5706);
#5021=AXIS2_PLACEMENT_3D('',#9615,#5708,#5709);
#5022=AXIS2_PLACEMENT_3D('',#9617,#5711,#5712);
#5023=AXIS2_PLACEMENT_3D('',#9619,#5714,#5715);
#5024=AXIS2_PLACEMENT_3D('',#9621,#5717,#5718);
#5025=AXIS2_PLACEMENT_3D('',#9623,#5720,#5721);
#5026=AXIS2_PLACEMENT_3D('',#9625,#5723,#5724);
#5027=AXIS2_PLACEMENT_3D('',#9626,#5725,#5726);
#5028=AXIS2_PLACEMENT_3D('',#9631,#5729,#5730);
#5029=AXIS2_PLACEMENT_3D('',#9632,#5731,#5732);
#5030=AXIS2_PLACEMENT_3D('',#9636,#5735,#5736);
#5031=AXIS2_PLACEMENT_3D('',#9639,#5738,#5739);
#5032=AXIS2_PLACEMENT_3D('',#9640,#5740,#5741);
#5033=AXIS2_PLACEMENT_3D('',#9644,#5744,#5745);
#5034=AXIS2_PLACEMENT_3D('',#9645,#5746,#5747);
#5035=AXIS2_PLACEMENT_3D('',#9646,#5748,#5749);
#5036=AXIS2_PLACEMENT_3D('',#9648,#5750,#5751);
#5037=AXIS2_PLACEMENT_3D('',#9650,#5753,#5754);
#5038=AXIS2_PLACEMENT_3D('',#9654,#5757,#5758);
#5039=AXIS2_PLACEMENT_3D('',#9656,#5759,#5760);
#5040=AXIS2_PLACEMENT_3D('',#9658,#5762,#5763);
#5041=AXIS2_PLACEMENT_3D('',#9662,#5766,#5767);
#5042=AXIS2_PLACEMENT_3D('',#9664,#5768,#5769);
#5043=AXIS2_PLACEMENT_3D('',#9666,#5771,#5772);
#5044=AXIS2_PLACEMENT_3D('',#9669,#5775,#5776);
#5045=AXIS2_PLACEMENT_3D('',#9671,#5778,#5779);
#5046=AXIS2_PLACEMENT_3D('',#9673,#5781,#5782);
#5047=AXIS2_PLACEMENT_3D('',#9675,#5784,#5785);
#5048=AXIS2_PLACEMENT_3D('',#9677,#5787,#5788);
#5049=AXIS2_PLACEMENT_3D('',#9679,#5790,#5791);
#5050=AXIS2_PLACEMENT_3D('',#9681,#5793,#5794);
#5051=AXIS2_PLACEMENT_3D('',#9683,#5796,#5797);
#5052=AXIS2_PLACEMENT_3D('',#9685,#5799,#5800);
#5053=AXIS2_PLACEMENT_3D('',#9687,#5802,#5803);
#5054=AXIS2_PLACEMENT_3D('',#9689,#5805,#5806);
#5055=AXIS2_PLACEMENT_3D('',#9691,#5808,#5809);
#5056=AXIS2_PLACEMENT_3D('',#9693,#5811,#5812);
#5057=AXIS2_PLACEMENT_3D('',#9695,#5814,#5815);
#5058=AXIS2_PLACEMENT_3D('',#9696,#5816,#5817);
#5059=AXIS2_PLACEMENT_3D('',#9697,#5818,#5819);
#5060=AXIS2_PLACEMENT_3D('',#9699,#5821,#5822);
#5061=AXIS2_PLACEMENT_3D('',#9701,#5824,#5825);
#5062=DIRECTION('axis',(0.,0.,1.));
#5063=DIRECTION('refdir',(1.,0.,0.));
#5064=DIRECTION('center_axis',(5.55111512312578E-17,-3.98292510084275E-15,
1.));
#5065=DIRECTION('ref_axis',(-1.,0.,5.55111512312578E-17));
#5066=DIRECTION('',(-0.999939629442462,0.0109880603598576,0.));
#5067=DIRECTION('',(-1.,0.,0.));
#5068=DIRECTION('',(-5.55111512312578E-17,3.98292510084275E-15,-1.));
#5069=DIRECTION('',(-5.55111512312578E-17,3.98292510084275E-15,-1.));
#5070=DIRECTION('',(-5.55111512312578E-17,3.98292510084275E-15,-1.));
#5071=DIRECTION('',(-5.55111512312578E-17,3.98292510084275E-15,-1.));
#5072=DIRECTION('',(-5.55111512312578E-17,3.98292510084275E-15,-1.));
#5073=DIRECTION('',(-5.55111512312578E-17,3.98292510084275E-15,-1.));
#5074=DIRECTION('',(-5.55111512312578E-17,3.98292510084275E-15,-1.));
#5075=DIRECTION('',(-5.55111512312578E-17,3.98292510084275E-15,-1.));
#5076=DIRECTION('',(-5.55111512312578E-17,3.98292510084275E-15,-1.));
#5077=DIRECTION('',(-5.55111512312578E-17,3.98292510084275E-15,-1.));
#5078=DIRECTION('',(-5.55111512312578E-17,3.98292510084275E-15,-1.));
#5079=DIRECTION('',(-5.55111512312578E-17,3.98292510084275E-15,-1.));
#5080=DIRECTION('',(-5.55111512312578E-17,3.98292510084275E-15,-1.));
#5081=DIRECTION('',(-5.55111512312578E-17,3.98292510084275E-15,-1.));
#5082=DIRECTION('center_axis',(-0.0109880603598576,-0.999939629442462,-3.9820746895534E-15));
#5083=DIRECTION('ref_axis',(0.,3.98231510413653E-15,-1.));
#5084=DIRECTION('',(-0.999939629442462,0.0109880603598576,9.92724214089605E-17));
#5085=DIRECTION('',(-5.55111512312578E-17,3.98292510084275E-15,-1.));
#5086=DIRECTION('',(-5.55111512312578E-17,3.98292510084275E-15,-1.));
#5087=DIRECTION('',(-5.55111512312578E-17,3.98292510084275E-15,-1.));
#5088=DIRECTION('',(-5.55111512312578E-17,3.98292510084275E-15,-1.));
#5089=DIRECTION('',(-5.55111512312578E-17,3.98292510084275E-15,-1.));
#5090=DIRECTION('',(-5.55111512312578E-17,3.98292510084275E-15,-1.));
#5091=DIRECTION('',(-5.55111512312578E-17,3.98292510084275E-15,-1.));
#5092=DIRECTION('',(-5.55111512312578E-17,3.98292510084275E-15,-1.));
#5093=DIRECTION('',(-5.55111512312578E-17,3.98292510084275E-15,-1.));
#5094=DIRECTION('',(-5.55111512312578E-17,3.98292510084275E-15,-1.));
#5095=DIRECTION('',(-5.55111512312578E-17,3.98292510084275E-15,-1.));
#5096=DIRECTION('',(-5.55111512312578E-17,3.98292510084275E-15,-1.));
#5097=DIRECTION('',(-5.55111512312578E-17,3.98292510084275E-15,-1.));
#5098=DIRECTION('',(-5.55111512312578E-17,3.98292510084275E-15,-1.));
#5099=DIRECTION('',(-5.55111512312578E-17,3.98292510084275E-15,-1.));
#5100=DIRECTION('center_axis',(0.,-1.,-3.98292510084275E-15));
#5101=DIRECTION('ref_axis',(0.,3.98292510084275E-15,-1.));
#5102=DIRECTION('',(-1.,-2.21096757615655E-31,5.55111512312578E-17));
#5103=DIRECTION('',(-5.55111512312578E-17,3.98292510084275E-15,-1.));
#5104=DIRECTION('',(-5.55111512312578E-17,3.98292510084275E-15,-1.));
#5105=DIRECTION('',(-5.55111512312578E-17,3.98292510084275E-15,-1.));
#5106=DIRECTION('center_axis',(5.55111512312578E-17,-3.98292510084275E-15,
1.));
#5107=DIRECTION('ref_axis',(-1.,0.,5.55111512312578E-17));
#5108=DIRECTION('',(0.999818620937387,-0.0190453465933507,0.));
#5109=DIRECTION('',(0.998812412259979,0.0487213004280721,0.));
#5110=DIRECTION('',(0.999783029860112,0.0208301033058759,0.));
#5111=DIRECTION('',(-0.999987244860172,-0.005050754098352,0.));
#5112=DIRECTION('',(-1.,0.,0.));
#5113=DIRECTION('',(-5.55111512312578E-17,3.98292510084275E-15,-1.));
#5114=DIRECTION('',(-5.55111512312578E-17,3.98292510084275E-15,-1.));
#5115=DIRECTION('',(-5.55111512312578E-17,3.98292510084275E-15,-1.));
#5116=DIRECTION('',(-5.55111512312578E-17,3.98292510084275E-15,-1.));
#5117=DIRECTION('center_axis',(0.0190453465933507,0.999818620937387,3.98114545250651E-15));
#5118=DIRECTION('ref_axis',(0.,-3.98186767993374E-15,1.));
#5119=DIRECTION('',(0.999818620937387,-0.0190453465933507,-1.3135727167159E-16));
#5120=DIRECTION('',(-5.55111512312578E-17,3.98292510084275E-15,-1.));
#5121=DIRECTION('',(-5.55111512312578E-17,3.98292510084275E-15,-1.));
#5122=DIRECTION('',(-5.55111512312578E-17,3.98292510084275E-15,-1.));
#5123=DIRECTION('',(-5.55111512312578E-17,3.98292510084275E-15,-1.));
#5124=DIRECTION('',(-5.55111512312578E-17,3.98292510084275E-15,-1.));
#5125=DIRECTION('',(-5.55111512312578E-17,3.98292510084275E-15,-1.));
#5126=DIRECTION('',(-5.55111512312578E-17,3.98292510084275E-15,-1.));
#5127=DIRECTION('',(-5.55111512312578E-17,3.98292510084275E-15,-1.));
#5128=DIRECTION('',(-5.55111512312578E-17,3.98292510084275E-15,-1.));
#5129=DIRECTION('',(-5.55111512312578E-17,3.98292510084275E-15,-1.));
#5130=DIRECTION('',(-5.55111512312578E-17,3.98292510084275E-15,-1.));
#5131=DIRECTION('',(-5.55111512312578E-17,3.98292510084275E-15,-1.));
#5132=DIRECTION('',(-5.55111512312578E-17,3.98292510084275E-15,-1.));
#5133=DIRECTION('',(-5.55111512312578E-17,3.98292510084275E-15,-1.));
#5134=DIRECTION('',(-5.55111512312578E-17,3.98292510084275E-15,-1.));
#5135=DIRECTION('',(-5.55111512312578E-17,3.98292510084275E-15,-1.));
#5136=DIRECTION('',(-5.55111512312578E-17,3.98292510084275E-15,-1.));
#5137=DIRECTION('',(-5.55111512312578E-17,3.98292510084275E-15,-1.));
#5138=DIRECTION('',(-5.55111512312578E-17,3.98292510084275E-15,-1.));
#5139=DIRECTION('',(-5.55111512312578E-17,3.98292510084275E-15,-1.));
#5140=DIRECTION('center_axis',(-0.0487213004280721,0.998812412259979,3.98089960329981E-15));
#5141=DIRECTION('ref_axis',(0.,-3.98563289205865E-15,1.));
#5142=DIRECTION('',(0.998812412259979,0.0487213004280721,1.38608063552048E-16));
#5143=DIRECTION('',(-5.55111512312578E-17,3.98292510084275E-15,-1.));
#5144=DIRECTION('center_axis',(-0.0208301033058759,0.999783029860112,3.98321722804123E-15));
#5145=DIRECTION('ref_axis',(0.,-3.9840816547952E-15,1.));
#5146=DIRECTION('',(0.999783029860112,0.0208301033058759,2.74656343411109E-17));
#5147=DIRECTION('',(-5.55111512312578E-17,3.98292510084275E-15,-1.));
#5148=DIRECTION('',(-5.55111512312578E-17,3.98292510084275E-15,-1.));
#5149=DIRECTION('',(-5.55111512312578E-17,3.98292510084275E-15,-1.));
#5150=DIRECTION('',(-5.55111512312578E-17,3.98292510084275E-15,-1.));
#5151=DIRECTION('center_axis',(0.005050754098352,-0.999987244860172,-3.98315467125075E-15));
#5152=DIRECTION('ref_axis',(0.,3.98320547759358E-15,-1.));
#5153=DIRECTION('',(-0.999987244860172,-0.005050754098352,3.53936679022513E-17));
#5154=DIRECTION('',(-5.55111512312578E-17,3.98292510084275E-15,-1.));
#5155=DIRECTION('center_axis',(0.,-1.,-3.98292510084275E-15));
#5156=DIRECTION('ref_axis',(0.,3.98292510084275E-15,-1.));
#5157=DIRECTION('',(-1.,-2.21096757615655E-31,5.55111512312578E-17));
#5158=DIRECTION('',(-5.55111512312578E-17,3.98292510084275E-15,-1.));
#5159=DIRECTION('center_axis',(5.55111512312578E-17,-3.98292510084275E-15,
1.));
#5160=DIRECTION('ref_axis',(-1.,0.,5.55111512312578E-17));
#5161=DIRECTION('',(-0.71582465328834,0.698280076863594,0.));
#5162=DIRECTION('',(0.703356058146481,-0.710837713876131,0.));
#5163=DIRECTION('',(-5.55111512312578E-17,3.98292510084275E-15,-1.));
#5164=DIRECTION('',(-5.55111512312578E-17,3.98292510084275E-15,-1.));
#5165=DIRECTION('',(-5.55111512312578E-17,3.98292510084275E-15,-1.));
#5166=DIRECTION('',(-5.55111512312578E-17,3.98292510084275E-15,-1.));
#5167=DIRECTION('',(-5.55111512312578E-17,3.98292510084275E-15,-1.));
#5168=DIRECTION('',(-5.55111512312578E-17,3.98292510084275E-15,-1.));
#5169=DIRECTION('',(-5.55111512312578E-17,3.98292510084275E-15,-1.));
#5170=DIRECTION('center_axis',(-0.698280076863595,-0.71582465328834,-2.81231364843564E-15));
#5171=DIRECTION('ref_axis',(-4.02748659401464E-15,0.,1.));
#5172=DIRECTION('',(-0.71582465328834,0.698280076863594,2.82093349614217E-15));
#5173=DIRECTION('',(-5.55111512312578E-17,3.98292510084275E-15,-1.));
#5174=DIRECTION('',(-5.55111512312578E-17,3.98292510084275E-15,-1.));
#5175=DIRECTION('',(-5.55111512312578E-17,3.98292510084275E-15,-1.));
#5176=DIRECTION('',(-5.55111512312578E-17,3.98292510084275E-15,-1.));
#5177=DIRECTION('',(-5.55111512312578E-17,3.98292510084275E-15,-1.));
#5178=DIRECTION('center_axis',(0.710837713876131,0.703356058146481,2.76195507898557E-15));
#5179=DIRECTION('ref_axis',(3.8854931654159E-15,0.,-1.));
#5180=DIRECTION('',(0.703356058146481,-0.710837713876131,-2.87025747773611E-15));
#5181=DIRECTION('',(-5.55111512312578E-17,3.98292510084275E-15,-1.));
#5182=DIRECTION('',(-5.55111512312578E-17,3.98292510084275E-15,-1.));
#5183=DIRECTION('',(-5.55111512312578E-17,3.98292510084275E-15,-1.));
#5184=DIRECTION('',(-5.55111512312578E-17,3.98292510084275E-15,-1.));
#5185=DIRECTION('',(-5.55111512312578E-17,3.98292510084275E-15,-1.));
#5186=DIRECTION('',(-5.55111512312578E-17,3.98292510084275E-15,-1.));
#5187=DIRECTION('',(-5.55111512312578E-17,3.98292510084275E-15,-1.));
#5188=DIRECTION('',(-5.55111512312578E-17,3.98292510084275E-15,-1.));
#5189=DIRECTION('',(-5.55111512312578E-17,3.98292510084275E-15,-1.));
#5190=DIRECTION('',(-5.55111512312578E-17,3.98292510084275E-15,-1.));
#5191=DIRECTION('',(-5.55111512312578E-17,3.98292510084275E-15,-1.));
#5192=DIRECTION('',(-5.55111512312578E-17,3.98292510084275E-15,-1.));
#5193=DIRECTION('',(-5.55111512312578E-17,3.98292510084275E-15,-1.));
#5194=DIRECTION('center_axis',(5.55111512312578E-17,-3.98292510084275E-15,
1.));
#5195=DIRECTION('ref_axis',(-1.,0.,5.55111512312578E-17));
#5196=DIRECTION('center_axis',(0.,3.70074341541719E-15,-1.));
#5197=DIRECTION('ref_axis',(-0.707106781186547,0.707106781186547,1.74454717631531E-15));
#5198=DIRECTION('',(0.,3.70074341541719E-15,-1.));
#5199=DIRECTION('',(0.,-3.70074341541719E-15,1.));
#5200=DIRECTION('center_axis',(5.55111512312578E-17,-3.98292510084275E-15,
1.));
#5201=DIRECTION('ref_axis',(-1.,0.,5.55111512312578E-17));
#5202=DIRECTION('',(-1.,0.,5.55111512312578E-17));
#5203=DIRECTION('center_axis',(5.55111512312578E-17,-3.98292510084275E-15,
1.));
#5204=DIRECTION('ref_axis',(0.707106781186548,0.707106781186548,2.77710103629693E-15));
#5205=DIRECTION('',(2.16477837475194E-31,1.,3.98292510084275E-15));
#5206=DIRECTION('center_axis',(-5.55111512312578E-17,3.98292510084275E-15,
-1.));
#5207=DIRECTION('ref_axis',(-1.,-2.61228946970625E-15,5.55111512312474E-17));
#5208=DIRECTION('',(-0.707106781186544,0.707106781186551,2.85560565923113E-15));
#5209=DIRECTION('center_axis',(-5.55111512312578E-17,3.98292510084275E-15,
-1.));
#5210=DIRECTION('ref_axis',(-0.70710678118655,-0.707106781186545,-2.77710103629692E-15));
#5211=DIRECTION('',(-1.,-1.78912598360277E-16,5.55111512312571E-17));
#5212=DIRECTION('',(-2.43883823799536E-31,1.,3.98292510084275E-15));
#5213=DIRECTION('',(1.,0.,-5.55111512312578E-17));
#5214=DIRECTION('',(0.,1.,3.98292510084275E-15));
#5215=DIRECTION('',(-1.,0.,5.55111512312578E-17));
#5216=DIRECTION('',(-2.43883823799536E-31,1.,3.98292510084275E-15));
#5217=DIRECTION('',(1.,0.,-5.55111512312578E-17));
#5218=DIRECTION('',(0.,1.,3.98292510084275E-15));
#5219=DIRECTION('',(-1.,0.,5.55111512312578E-17));
#5220=DIRECTION('',(-2.43883823799536E-31,1.,3.98292510084275E-15));
#5221=DIRECTION('',(1.,0.,-5.55111512312578E-17));
#5222=DIRECTION('center_axis',(5.55111512312578E-17,-3.98292510084275E-15,
1.));
#5223=DIRECTION('ref_axis',(-0.707106781186547,-0.707106781186548,-2.77710103629693E-15));
#5224=DIRECTION('',(-2.21096757615655E-31,-1.,-3.98292510084275E-15));
#5225=DIRECTION('center_axis',(5.55111512312578E-17,-3.98292510084275E-15,
1.));
#5226=DIRECTION('ref_axis',(-0.707106781186549,0.707106781186546,2.85560565923111E-15));
#5227=DIRECTION('',(-1.,0.,5.55111512312578E-17));
#5228=DIRECTION('center_axis',(5.55111512312578E-17,-3.98292510084275E-15,
1.));
#5229=DIRECTION('ref_axis',(0.707106781186548,0.707106781186548,2.77710103629693E-15));
#5230=DIRECTION('',(2.21096757615655E-31,1.,3.98292510084275E-15));
#5231=DIRECTION('center_axis',(-5.55111512312578E-17,3.98292510084275E-15,
-1.));
#5232=DIRECTION('ref_axis',(-0.707106781186548,-0.707106781186548,-2.77710103629693E-15));
#5233=DIRECTION('',(-1.,0.,5.55111512312578E-17));
#5234=DIRECTION('center_axis',(-5.55111512312578E-17,3.98292510084275E-15,
-1.));
#5235=DIRECTION('ref_axis',(0.707106781186548,-0.707106781186548,-2.85560565923112E-15));
#5236=DIRECTION('',(-2.21096757615655E-31,-1.,-3.98292510084275E-15));
#5237=DIRECTION('center_axis',(-5.55111512312578E-17,3.98292510084275E-15,
-1.));
#5238=DIRECTION('ref_axis',(1.,2.21096757615655E-31,-5.55111512312578E-17));
#5239=DIRECTION('center_axis',(-5.55111512312578E-17,3.98292510084275E-15,
-1.));
#5240=DIRECTION('ref_axis',(1.,2.21096757615655E-31,-5.55111512312578E-17));
#5241=DIRECTION('',(0.0407824289888884,0.999168050673042,3.9773476294026E-15));
#5242=DIRECTION('',(0.0253723174850193,0.999678070933558,3.98023443493033E-15));
#5243=DIRECTION('',(0.9969067005366,0.0785940864520291,2.5769492109065E-16));
#5244=DIRECTION('',(-1.,0.,5.55111512312578E-17));
#5245=DIRECTION('',(-0.999987244854497,-0.00505075522193363,3.53936634267948E-17));
#5246=DIRECTION('',(0.999783029661072,0.0208301128592423,2.74656724025027E-17));
#5247=DIRECTION('',(0.998812417354356,0.0487211959905342,1.38607647302362E-16));
#5248=DIRECTION('',(0.999818620937387,-0.0190453465933507,-1.3135727167159E-16));
#5249=DIRECTION('center_axis',(-5.55111512312578E-17,3.98292510084275E-15,
-1.));
#5250=DIRECTION('ref_axis',(1.,2.21096757615655E-31,-5.55111512312578E-17));
#5251=DIRECTION('center_axis',(-5.55111512312578E-17,3.98292510084275E-15,
-1.));
#5252=DIRECTION('ref_axis',(1.,2.21096757615655E-31,-5.55111512312578E-17));
#5253=DIRECTION('center_axis',(-3.92523114670939E-17,0.707106781186555,
-0.70710678118654));
#5254=DIRECTION('ref_axis',(-1.,0.,5.55111512312578E-17));
#5255=DIRECTION('',(1.,0.,-5.55111512312578E-17));
#5256=DIRECTION('',(0.,0.707106781186618,0.707106781186477));
#5257=DIRECTION('center_axis',(2.05432527401305E-31,1.,3.70074341541719E-15));
#5258=DIRECTION('ref_axis',(-1.,0.,5.55111512312578E-17));
#5259=DIRECTION('',(-1.,0.,5.55111512312578E-17));
#5260=DIRECTION('',(0.,-3.70074341541719E-15,1.));
#5261=DIRECTION('center_axis',(3.92523114670939E-17,0.707106781186555,0.70710678118654));
#5262=DIRECTION('ref_axis',(1.,0.,-5.55111512312578E-17));
#5263=DIRECTION('',(1.,0.,-5.55111512312578E-17));
#5264=DIRECTION('',(0.,-0.707106781186461,0.707106781186634));
#5265=DIRECTION('center_axis',(-0.707106781186555,-2.81635334776399E-15,
0.70710678118654));
#5266=DIRECTION('ref_axis',(0.70710678118654,0.,0.707106781186555));
#5267=DIRECTION('',(-2.21096757615655E-31,-1.,-3.98292510084275E-15));
#5268=DIRECTION('',(-0.707106781186516,0.,-0.707106781186579));
#5269=DIRECTION('',(2.21096757615655E-31,1.,3.98292510084275E-15));
#5270=DIRECTION('center_axis',(0.,0.,-1.));
#5271=DIRECTION('ref_axis',(1.,1.17248280553756E-31,-2.94377317135458E-17));
#5272=DIRECTION('',(0.707106781185959,-8.65956056234771E-17,0.707106781187136));
#5273=DIRECTION('center_axis',(5.55111512312578E-17,-3.98292510084275E-15,
1.));
#5274=DIRECTION('ref_axis',(1.,0.,0.));
#5275=DIRECTION('center_axis',(0.,0.,-1.));
#5276=DIRECTION('ref_axis',(1.,0.,0.));
#5277=DIRECTION('center_axis',(0.,0.,-1.));
#5278=DIRECTION('ref_axis',(1.,0.,0.));
#5279=DIRECTION('',(0.,0.,-1.));
#5280=DIRECTION('center_axis',(0.,0.,-1.));
#5281=DIRECTION('ref_axis',(1.,1.17248280553756E-31,-2.94377317135458E-17));
#5282=DIRECTION('',(0.707106781186304,-8.65956056235195E-17,0.707106781186791));
#5283=DIRECTION('center_axis',(5.55111512312578E-17,-3.98292510084275E-15,
1.));
#5284=DIRECTION('ref_axis',(1.,0.,0.));
#5285=DIRECTION('center_axis',(0.,0.,-1.));
#5286=DIRECTION('ref_axis',(1.,0.,0.));
#5287=DIRECTION('center_axis',(0.,0.,-1.));
#5288=DIRECTION('ref_axis',(1.,0.,0.));
#5289=DIRECTION('',(0.,0.,-1.));
#5290=DIRECTION('center_axis',(0.,0.,-1.));
#5291=DIRECTION('ref_axis',(1.,1.17248280553756E-31,-2.94377317135458E-17));
#5292=DIRECTION('',(0.707106781187231,-8.65956056236329E-17,0.707106781185865));
#5293=DIRECTION('center_axis',(5.55111512312578E-17,-3.98292510084275E-15,
1.));
#5294=DIRECTION('ref_axis',(1.,0.,0.));
#5295=DIRECTION('center_axis',(0.,0.,-1.));
#5296=DIRECTION('ref_axis',(1.,0.,0.));
#5297=DIRECTION('center_axis',(0.,0.,-1.));
#5298=DIRECTION('ref_axis',(1.,0.,0.));
#5299=DIRECTION('',(0.,0.,-1.));
#5300=DIRECTION('center_axis',(0.,0.,-1.));
#5301=DIRECTION('ref_axis',(1.,1.17248280553756E-31,-2.94377317135458E-17));
#5302=DIRECTION('',(0.707106781185896,-8.65956056234694E-17,0.707106781187199));
#5303=DIRECTION('center_axis',(5.55111512312578E-17,-3.98292510084275E-15,
1.));
#5304=DIRECTION('ref_axis',(1.,0.,0.));
#5305=DIRECTION('center_axis',(0.,0.,-1.));
#5306=DIRECTION('ref_axis',(1.,0.,0.));
#5307=DIRECTION('center_axis',(0.,0.,-1.));
#5308=DIRECTION('ref_axis',(1.,0.,0.));
#5309=DIRECTION('',(0.,0.,-1.));
#5310=DIRECTION('center_axis',(0.,0.,1.));
#5311=DIRECTION('ref_axis',(1.,0.,0.));
#5312=DIRECTION('center_axis',(6.16297582203915E-33,9.65382720818923E-65,
1.));
#5313=DIRECTION('ref_axis',(1.,0.,0.));
#5314=DIRECTION('',(0.707106781186547,-8.65956056235493E-17,-0.707106781186548));
#5315=DIRECTION('center_axis',(0.,0.,1.));
#5316=DIRECTION('ref_axis',(1.,0.,0.));
#5317=DIRECTION('center_axis',(0.,0.,1.));
#5318=DIRECTION('ref_axis',(1.,0.,0.));
#5319=DIRECTION('',(0.707106781186547,-8.65956056235493E-17,-0.707106781186548));
#5320=DIRECTION('center_axis',(0.,0.,1.));
#5321=DIRECTION('ref_axis',(1.,0.,0.));
#5322=DIRECTION('center_axis',(0.,0.,1.));
#5323=DIRECTION('ref_axis',(1.,0.,0.));
#5324=DIRECTION('',(0.707106781186547,-8.65956056235493E-17,-0.707106781186548));
#5325=DIRECTION('center_axis',(0.,0.,1.));
#5326=DIRECTION('ref_axis',(1.,0.,0.));
#5327=DIRECTION('center_axis',(6.16297582203915E-33,9.6538272081892E-65,
1.));
#5328=DIRECTION('ref_axis',(1.,0.,0.));
#5329=DIRECTION('',(0.707106781186547,-8.65956056235493E-17,-0.707106781186548));
#5330=DIRECTION('center_axis',(0.,0.,1.));
#5331=DIRECTION('ref_axis',(1.,0.,0.));
#5332=DIRECTION('center_axis',(0.,0.,-1.));
#5333=DIRECTION('ref_axis',(1.,0.,0.));
#5334=DIRECTION('',(0.,0.,-1.));
#5335=DIRECTION('center_axis',(0.,0.,1.));
#5336=DIRECTION('ref_axis',(1.,0.,0.));
#5337=DIRECTION('center_axis',(0.,0.,-1.));
#5338=DIRECTION('ref_axis',(1.,0.,0.));
#5339=DIRECTION('',(0.,0.,-1.));
#5340=DIRECTION('center_axis',(0.,0.,1.));
#5341=DIRECTION('ref_axis',(1.,0.,0.));
#5342=DIRECTION('center_axis',(0.,0.,-1.));
#5343=DIRECTION('ref_axis',(1.,0.,0.));
#5344=DIRECTION('',(0.,0.,-1.));
#5345=DIRECTION('center_axis',(0.,0.,1.));
#5346=DIRECTION('ref_axis',(1.,0.,0.));
#5347=DIRECTION('center_axis',(0.,0.,-1.));
#5348=DIRECTION('ref_axis',(1.,0.,0.));
#5349=DIRECTION('',(0.,0.,-1.));
#5350=DIRECTION('',(0.,0.,1.));
#5351=DIRECTION('',(0.,0.,1.));
#5352=DIRECTION('',(0.,0.,1.));
#5353=DIRECTION('',(0.,0.,1.));
#5354=DIRECTION('',(0.,0.,1.));
#5355=DIRECTION('',(0.,0.,1.));
#5356=DIRECTION('',(0.,0.,1.));
#5357=DIRECTION('center_axis',(0.994478051249244,0.104944773969487,0.));
#5358=DIRECTION('ref_axis',(-0.104944773969487,0.994478051249244,0.));
#5359=DIRECTION('',(-0.104944773969487,0.994478051249244,3.96675719777654E-15));
#5360=DIRECTION('',(0.,0.,1.));
#5361=DIRECTION('',(-0.104944773969487,0.994478051249244,0.));
#5362=DIRECTION('',(0.,0.,1.));
#5363=DIRECTION('',(0.,0.,1.));
#5364=DIRECTION('center_axis',(0.99660232629257,-0.0823638466090442,0.));
#5365=DIRECTION('ref_axis',(0.0823638466090442,0.99660232629257,0.));
#5366=DIRECTION('',(0.0823638466090442,0.99660232629257,3.96482030900385E-15));
#5367=DIRECTION('',(0.,0.,1.));
#5368=DIRECTION('',(0.0823638466090442,0.99660232629257,0.));
#5369=DIRECTION('center_axis',(-0.0808161475453856,0.996729025510907,0.));
#5370=DIRECTION('ref_axis',(-0.996729025510907,-0.0808161475453856,0.));
#5371=DIRECTION('',(-0.996729025510907,-0.0808161475453856,-2.66555086940207E-16));
#5372=DIRECTION('',(0.,0.,1.));
#5373=DIRECTION('',(-0.996729025510907,-0.0808161475453856,0.));
#5374=DIRECTION('',(0.,0.,1.));
#5375=DIRECTION('',(0.,0.,1.));
#5376=DIRECTION('',(0.,0.,1.));
#5377=DIRECTION('',(0.,0.,1.));
#5378=DIRECTION('',(0.,0.,1.));
#5379=DIRECTION('',(0.,0.,1.));
#5380=DIRECTION('',(0.,0.,1.));
#5381=DIRECTION('',(0.,0.,1.));
#5382=DIRECTION('center_axis',(0.0785940864520291,-0.9969067005366,0.));
#5383=DIRECTION('ref_axis',(0.9969067005366,0.0785940864520291,0.));
#5384=DIRECTION('',(0.,0.,1.));
#5385=DIRECTION('',(0.9969067005366,0.0785940864520291,0.));
#5386=DIRECTION('',(0.,0.,1.));
#5387=DIRECTION('',(0.,0.,1.));
#5388=DIRECTION('',(0.,0.,1.));
#5389=DIRECTION('',(0.,0.,1.));
#5390=DIRECTION('',(0.,0.,1.));
#5391=DIRECTION('',(0.,0.,1.));
#5392=DIRECTION('',(0.,0.,1.));
#5393=DIRECTION('',(0.,0.,1.));
#5394=DIRECTION('',(0.,0.,1.));
#5395=DIRECTION('',(0.,0.,1.));
#5396=DIRECTION('',(0.,0.,1.));
#5397=DIRECTION('',(0.,0.,1.));
#5398=DIRECTION('center_axis',(0.999678070933558,-0.0253723174850193,0.));
#5399=DIRECTION('ref_axis',(0.0253723174850193,0.999678070933558,0.));
#5400=DIRECTION('',(0.,0.,1.));
#5401=DIRECTION('',(0.0253723174850193,0.999678070933558,0.));
#5402=DIRECTION('center_axis',(0.999168050673042,-0.0407824289888884,0.));
#5403=DIRECTION('ref_axis',(0.0407824289888884,0.999168050673042,0.));
#5404=DIRECTION('',(0.,0.,1.));
#5405=DIRECTION('',(0.0407824289888884,0.999168050673042,0.));
#5406=DIRECTION('',(0.,0.,1.));
#5407=DIRECTION('',(0.,0.,1.));
#5408=DIRECTION('center_axis',(0.,0.,-1.));
#5409=DIRECTION('ref_axis',(1.,0.,0.));
#5410=DIRECTION('',(0.,0.,1.));
#5411=DIRECTION('',(0.,0.,1.));
#5412=DIRECTION('',(0.,0.,1.));
#5413=DIRECTION('',(0.,0.,1.));
#5414=DIRECTION('center_axis',(-0.0190453465933507,-0.999818620937387,0.));
#5415=DIRECTION('ref_axis',(0.999818620937387,-0.0190453465933507,0.));
#5416=DIRECTION('',(0.,0.,1.));
#5417=DIRECTION('',(0.999818620937387,-0.0190453465933507,0.));
#5418=DIRECTION('',(0.,0.,1.));
#5419=DIRECTION('',(0.,0.,1.));
#5420=DIRECTION('',(0.,0.,1.));
#5421=DIRECTION('',(0.,0.,1.));
#5422=DIRECTION('',(0.,0.,1.));
#5423=DIRECTION('',(0.,0.,1.));
#5424=DIRECTION('',(0.,0.,1.));
#5425=DIRECTION('',(0.,0.,1.));
#5426=DIRECTION('',(0.,0.,1.));
#5427=DIRECTION('',(0.,0.,1.));
#5428=DIRECTION('',(0.,0.,1.));
#5429=DIRECTION('',(0.,0.,1.));
#5430=DIRECTION('',(0.,0.,1.));
#5431=DIRECTION('',(0.,0.,1.));
#5432=DIRECTION('',(0.,0.,1.));
#5433=DIRECTION('',(0.,0.,1.));
#5434=DIRECTION('',(0.,0.,1.));
#5435=DIRECTION('',(0.,0.,1.));
#5436=DIRECTION('',(0.,0.,1.));
#5437=DIRECTION('center_axis',(0.0487211959905342,-0.998812417354356,0.));
#5438=DIRECTION('ref_axis',(0.998812417354356,0.0487211959905342,0.));
#5439=DIRECTION('',(0.,0.,1.));
#5440=DIRECTION('',(0.998812417354356,0.0487211959905342,0.));
#5441=DIRECTION('center_axis',(0.0208301128592423,-0.999783029661072,0.));
#5442=DIRECTION('ref_axis',(0.999783029661072,0.0208301128592423,0.));
#5443=DIRECTION('',(0.,0.,1.));
#5444=DIRECTION('',(0.999783029661071,0.0208301128592423,0.));
#5445=DIRECTION('',(0.,0.,1.));
#5446=DIRECTION('',(0.,0.,1.));
#5447=DIRECTION('',(0.,0.,1.));
#5448=DIRECTION('center_axis',(-0.00505075522193363,0.999987244854497,0.));
#5449=DIRECTION('ref_axis',(-0.999987244854497,-0.00505075522193363,0.));
#5450=DIRECTION('',(0.,0.,1.));
#5451=DIRECTION('',(-0.999987244854497,-0.00505075522193363,0.));
#5452=DIRECTION('center_axis',(0.,1.,0.));
#5453=DIRECTION('ref_axis',(-1.,0.,0.));
#5454=DIRECTION('',(0.,0.,1.));
#5455=DIRECTION('',(-1.,0.,0.));
#5456=DIRECTION('center_axis',(0.,0.,-1.));
#5457=DIRECTION('ref_axis',(1.,0.,0.));
#5458=DIRECTION('center_axis',(5.55111512312578E-17,-3.98292510084275E-15,
1.));
#5459=DIRECTION('ref_axis',(-1.,0.,5.55111512312578E-17));
#5460=DIRECTION('center_axis',(5.55111512312578E-17,-3.98292510084275E-15,
1.));
#5461=DIRECTION('ref_axis',(0.707106781186547,-0.707106781186547,-2.85560565923112E-15));
#5462=DIRECTION('',(1.,0.,-5.55111512312578E-17));
#5463=DIRECTION('center_axis',(5.55111512312578E-17,-3.98292510084275E-15,
1.));
#5464=DIRECTION('ref_axis',(-0.707106781186547,-0.707106781186547,-2.77710103629693E-15));
#5465=DIRECTION('',(-2.21096757615655E-31,-1.,-3.98292510084275E-15));
#5466=DIRECTION('center_axis',(-5.55111512312578E-17,3.98292510084275E-15,
-1.));
#5467=DIRECTION('ref_axis',(0.707106781186547,0.707106781186547,2.77710103629693E-15));
#5468=DIRECTION('',(1.,0.,-5.55111512312578E-17));
#5469=DIRECTION('center_axis',(-5.55111512312578E-17,3.98292510084275E-15,
-1.));
#5470=DIRECTION('ref_axis',(-0.707106781186549,0.707106781186546,2.85560565923111E-15));
#5471=DIRECTION('',(2.21096757615655E-31,1.,3.98292510084275E-15));
#5472=DIRECTION('center_axis',(-5.55111512312578E-17,3.98292510084275E-15,
-1.));
#5473=DIRECTION('ref_axis',(-0.707106781186547,-0.707106781186548,-2.77710103629693E-15));
#5474=DIRECTION('',(-1.,0.,5.55111512312578E-17));
#5475=DIRECTION('',(2.43883823799536E-31,-1.,-3.98292510084275E-15));
#5476=DIRECTION('',(1.,1.78912598360277E-16,-5.55111512312571E-17));
#5477=DIRECTION('center_axis',(5.55111512312578E-17,-3.98292510084275E-15,
1.));
#5478=DIRECTION('ref_axis',(-0.70710678118655,-0.707106781186545,-2.77710103629692E-15));
#5479=DIRECTION('',(0.707106781186544,-0.707106781186551,-2.85560565923113E-15));
#5480=DIRECTION('center_axis',(5.55111512312578E-17,-3.98292510084275E-15,
1.));
#5481=DIRECTION('ref_axis',(-1.,-2.61228946970625E-15,5.55111512312474E-17));
#5482=DIRECTION('',(-2.16477837475194E-31,-1.,-3.98292510084275E-15));
#5483=DIRECTION('center_axis',(-5.55111512312578E-17,3.98292510084275E-15,
-1.));
#5484=DIRECTION('ref_axis',(0.707106781186547,0.707106781186547,2.77710103629693E-15));
#5485=DIRECTION('center_axis',(5.55111512312578E-17,-3.98292510084275E-15,
1.));
#5486=DIRECTION('ref_axis',(-1.,0.,5.55111512312578E-17));
#5487=DIRECTION('center_axis',(0.707106781186555,2.81635334776399E-15,-0.70710678118654));
#5488=DIRECTION('ref_axis',(-0.70710678118654,0.,-0.707106781186555));
#5489=DIRECTION('',(0.67859834454577,-0.281084637714863,0.678598344545906));
#5490=DIRECTION('',(2.43883823799536E-31,-1.,-3.98292510084275E-15));
#5491=DIRECTION('',(-0.678598344545841,-0.281084637714812,-0.678598344545856));
#5492=DIRECTION('center_axis',(0.707106781186548,-0.707106781186548,4.32978028117747E-17));
#5493=DIRECTION('ref_axis',(6.12323399573677E-17,0.,-1.));
#5494=DIRECTION('',(-6.12323399573677E-17,0.,1.));
#5495=DIRECTION('',(-0.577350269189557,-0.57735026918966,-0.57735026918966));
#5496=DIRECTION('',(6.12323399573677E-17,0.,-1.));
#5497=DIRECTION('',(-0.678598344545845,-0.678598344545845,-0.281084637714829));
#5498=DIRECTION('center_axis',(0.707106781186619,0.49999999999996,-0.499999999999938));
#5499=DIRECTION('ref_axis',(-0.577350269189539,0.,-0.816496580927787));
#5500=DIRECTION('',(-4.32978028117756E-17,0.707106781186532,0.707106781186563));
#5501=DIRECTION('',(0.678598344545769,-0.67859834454592,0.281084637714832));
#5502=DIRECTION('',(4.32978028117756E-17,-0.707106781186532,-0.707106781186563));
#5503=DIRECTION('center_axis',(0.70710678118661,0.707106781186485,2.6601185672845E-15));
#5504=DIRECTION('ref_axis',(3.7619757553739E-15,0.,-1.));
#5505=DIRECTION('',(-6.12323399573677E-17,-3.70074341541719E-15,1.));
#5506=DIRECTION('',(0.678598344545766,-0.678598344545917,-0.281084637714846));
#5507=DIRECTION('',(6.12323399573677E-17,3.70074341541719E-15,-1.));
#5508=DIRECTION('center_axis',(0.707106781186548,0.707106781186548,4.32978028117747E-17));
#5509=DIRECTION('ref_axis',(6.12323399573677E-17,0.,-1.));
#5510=DIRECTION('',(6.12323399573677E-17,0.,-1.));
#5511=DIRECTION('',(-0.678598344545842,0.678598344545842,-0.281084637714843));
#5512=DIRECTION('',(-6.12323399573677E-17,0.,1.));
#5513=DIRECTION('',(0.577350269189557,-0.57735026918966,0.57735026918966));
#5514=DIRECTION('center_axis',(0.707106781186562,0.499999999999995,-0.499999999999984));
#5515=DIRECTION('ref_axis',(-0.577350269189606,0.,-0.81649658092774));
#5516=DIRECTION('',(4.32978028117751E-17,-0.70710678118654,-0.707106781186555));
#5517=DIRECTION('',(-0.678598344545835,0.28108463771484,-0.67859834454585));
#5518=DIRECTION('',(-4.32978028117751E-17,0.70710678118654,0.707106781186555));
#5519=DIRECTION('center_axis',(0.707106781186555,2.81635334776399E-15,-0.70710678118654));
#5520=DIRECTION('ref_axis',(-0.70710678118654,0.,-0.707106781186555));
#5521=DIRECTION('',(2.43883823799536E-31,-1.,-3.98292510084275E-15));
#5522=DIRECTION('',(-0.678598344545843,-0.281084637714805,-0.678598344545858));
#5523=DIRECTION('center_axis',(0.707106781186551,-0.5,0.499999999999995));
#5524=DIRECTION('ref_axis',(0.57735026918962,0.,-0.81649658092773));
#5525=DIRECTION('',(4.32978028117749E-17,-0.707106781186544,-0.707106781186551));
#5526=DIRECTION('',(0.678598344545845,0.678598344545845,-0.281084637714829));
#5527=DIRECTION('',(-4.32978028117749E-17,0.707106781186544,0.707106781186551));
#5528=DIRECTION('',(-0.678598344545842,-0.281084637714846,0.678598344545842));
#5529=DIRECTION('center_axis',(0.707106781186551,-0.499999999999984,-0.500000000000011));
#5530=DIRECTION('ref_axis',(-0.577350269189633,0.,-0.816496580927721));
#5531=DIRECTION('',(-4.32978028117735E-17,-0.707106781186567,0.707106781186528));
#5532=DIRECTION('',(-0.678598344545835,-0.678598344545857,-0.281084637714825));
#5533=DIRECTION('',(4.32978028117735E-17,0.707106781186567,-0.707106781186528));
#5534=DIRECTION('center_axis',(0.707106781186548,-0.707106781186548,-2.57352296166118E-15));
#5535=DIRECTION('ref_axis',(-3.63951107545982E-15,0.,-1.));
#5536=DIRECTION('',(6.12323399573677E-17,3.70074341541719E-15,-1.));
#5537=DIRECTION('',(0.678598344545832,0.678598344545836,0.281084637714884));
#5538=DIRECTION('',(-6.12323399573677E-17,-3.70074341541719E-15,1.));
#5539=DIRECTION('center_axis',(0.707106781186559,-0.707106781186536,4.32978028117754E-17));
#5540=DIRECTION('ref_axis',(6.12323399573677E-17,0.,-1.));
#5541=DIRECTION('',(-6.12323399573677E-17,0.,1.));
#5542=DIRECTION('',(-0.577350269189551,-0.577350269189673,-0.577350269189653));
#5543=DIRECTION('',(6.12323399573677E-17,0.,-1.));
#5544=DIRECTION('center_axis',(0.707106781186568,-0.49999999999998,-0.499999999999991));
#5545=DIRECTION('ref_axis',(-0.577350269189608,0.,-0.816496580927738));
#5546=DIRECTION('',(4.32978028117742E-17,0.707106781186555,-0.70710678118654));
#5547=DIRECTION('',(0.678598344545829,0.281084637714834,0.678598344545859));
#5548=DIRECTION('',(-4.32978028117742E-17,-0.707106781186555,0.70710678118654));
#5549=DIRECTION('center_axis',(0.707106781186555,0.70710678118654,4.32978028117751E-17));
#5550=DIRECTION('ref_axis',(6.12323399573677E-17,0.,-1.));
#5551=DIRECTION('',(6.12323399573677E-17,0.,-1.));
#5552=DIRECTION('',(-0.678598344545833,0.678598344545841,-0.281084637714869));
#5553=DIRECTION('',(-6.12323399573677E-17,0.,1.));
#5554=DIRECTION('',(0.577350269189553,-0.577350269189668,0.577350269189656));
#5555=DIRECTION('center_axis',(0.707106781186568,0.499999999999986,-0.499999999999986));
#5556=DIRECTION('ref_axis',(-0.577350269189604,0.,-0.816496580927742));
#5557=DIRECTION('',(-4.32978028117747E-17,0.707106781186548,0.707106781186548));
#5558=DIRECTION('',(4.32978028117747E-17,-0.707106781186548,-0.707106781186548));
#5559=DIRECTION('',(-0.678598344545827,0.281084637714882,-0.678598344545842));
#5560=DIRECTION('center_axis',(0.707106781186555,2.81635334776399E-15,-0.70710678118654));
#5561=DIRECTION('ref_axis',(-0.70710678118654,0.,-0.707106781186555));
#5562=DIRECTION('',(2.43883823799536E-31,-1.,-3.98292510084275E-15));
#5563=DIRECTION('center_axis',(0.70710678118661,0.,-0.707106781186485));
#5564=DIRECTION('ref_axis',(-0.707106781186485,0.,-0.70710678118661));
#5565=DIRECTION('',(0.,-1.,0.));
#5566=DIRECTION('',(0.,1.,0.));
#5567=DIRECTION('center_axis',(0.707106781186493,-2.81635334776424E-15,
0.707106781186603));
#5568=DIRECTION('ref_axis',(0.707106781186602,0.,-0.707106781186493));
#5569=DIRECTION('',(-2.43883823799536E-31,1.,3.98292510084275E-15));
#5570=DIRECTION('',(-0.678598344545765,0.281084637714891,0.6785983445459));
#5571=DIRECTION('center_axis',(0.707106781186619,0.49999999999996,0.499999999999938));
#5572=DIRECTION('ref_axis',(0.577350269189539,0.,-0.816496580927787));
#5573=DIRECTION('',(-4.32978028117756E-17,-0.707106781186532,0.707106781186563));
#5574=DIRECTION('',(4.32978028117756E-17,0.707106781186532,-0.707106781186563));
#5575=DIRECTION('center_axis',(0.70710678118661,0.,-0.707106781186485));
#5576=DIRECTION('ref_axis',(-0.707106781186485,0.,-0.70710678118661));
#5577=DIRECTION('',(0.,-1.,0.));
#5578=DIRECTION('',(0.,1.,0.));
#5579=DIRECTION('center_axis',(0.707106781186545,-0.500000000000007,-0.499999999999996));
#5580=DIRECTION('ref_axis',(-0.577350269189624,0.,-0.816496580927727));
#5581=DIRECTION('',(4.32978028117751E-17,0.70710678118654,-0.707106781186555));
#5582=DIRECTION('',(-4.32978028117751E-17,-0.70710678118654,0.707106781186555));
#5583=DIRECTION('center_axis',(-3.92523114670939E-17,-0.707106781186555,
-0.70710678118654));
#5584=DIRECTION('ref_axis',(-1.,0.,5.55111512312578E-17));
#5585=DIRECTION('',(-1.,0.,5.55111512312578E-17));
#5586=DIRECTION('',(0.577350269189622,-0.577350269189622,0.577350269189634));
#5587=DIRECTION('center_axis',(0.,1.,0.));
#5588=DIRECTION('ref_axis',(-1.,0.,0.));
#5589=DIRECTION('',(-1.,0.,0.));
#5590=DIRECTION('',(0.,0.,1.));
#5591=DIRECTION('center_axis',(0.,0.,1.));
#5592=DIRECTION('ref_axis',(1.,0.,0.));
#5593=DIRECTION('',(1.,0.,0.));
#5594=DIRECTION('',(0.,-1.,0.));
#5595=DIRECTION('center_axis',(0.,-1.,0.));
#5596=DIRECTION('ref_axis',(1.,0.,0.));
#5597=DIRECTION('',(1.,0.,-5.55111512312578E-17));
#5598=DIRECTION('',(0.,0.,1.));
#5599=DIRECTION('center_axis',(-3.92523114670939E-17,0.707106781186555,
-0.70710678118654));
#5600=DIRECTION('ref_axis',(-1.,0.,5.55111512312578E-17));
#5601=DIRECTION('',(-0.577350269189622,-0.577350269189622,-0.577350269189634));
#5602=DIRECTION('center_axis',(-3.92523114670955E-17,-0.707106781186528,
-0.707106781186567));
#5603=DIRECTION('ref_axis',(-1.,0.,5.55111512312578E-17));
#5604=DIRECTION('',(-1.,0.,5.55111512312578E-17));
#5605=DIRECTION('',(0.577350269189624,-0.577350269189643,0.577350269189611));
#5606=DIRECTION('center_axis',(0.,1.,0.));
#5607=DIRECTION('ref_axis',(-1.,0.,0.));
#5608=DIRECTION('',(-1.,0.,0.));
#5609=DIRECTION('',(0.,0.,1.));
#5610=DIRECTION('center_axis',(0.,0.,1.));
#5611=DIRECTION('ref_axis',(1.,0.,0.));
#5612=DIRECTION('',(1.,0.,0.));
#5613=DIRECTION('',(0.,-1.,0.));
#5614=DIRECTION('center_axis',(0.,-1.,0.));
#5615=DIRECTION('ref_axis',(1.,0.,0.));
#5616=DIRECTION('',(1.,0.,-5.55111512312578E-17));
#5617=DIRECTION('',(0.,0.,1.));
#5618=DIRECTION('center_axis',(1.,0.,6.12323399573677E-17));
#5619=DIRECTION('ref_axis',(6.12323399573677E-17,0.,-1.));
#5620=DIRECTION('center_axis',(-3.92523114670944E-17,0.707106781186548,
-0.707106781186548));
#5621=DIRECTION('ref_axis',(-1.,0.,5.55111512312578E-17));
#5622=DIRECTION('',(0.577350269189613,0.577350269189626,0.577350269189639));
#5623=DIRECTION('center_axis',(0.707106781186555,2.81635334776399E-15,-0.70710678118654));
#5624=DIRECTION('ref_axis',(-0.70710678118654,0.,-0.707106781186555));
#5625=DIRECTION('',(0.,-1.,-3.98292510084275E-15));
#5626=DIRECTION('center_axis',(-1.,0.,0.));
#5627=DIRECTION('ref_axis',(0.,-1.,0.));
#5628=DIRECTION('center_axis',(0.707106781186555,2.81635334776399E-15,-0.70710678118654));
#5629=DIRECTION('ref_axis',(-0.70710678118654,0.,-0.707106781186555));
#5630=DIRECTION('',(0.,-1.,-3.98292510084275E-15));
#5631=DIRECTION('center_axis',(-1.,0.,0.));
#5632=DIRECTION('ref_axis',(0.,-1.,0.));
#5633=DIRECTION('center_axis',(-1.,2.21096757615655E-31,8.18222369916223E-46));
#5634=DIRECTION('ref_axis',(-2.21096757615655E-31,-1.,-3.98292510084275E-15));
#5635=DIRECTION('',(2.21096757615655E-31,1.,3.98292510084275E-15));
#5636=DIRECTION('',(0.,3.70074341541719E-15,-1.));
#5637=DIRECTION('center_axis',(0.,-3.70074341541719E-15,1.));
#5638=DIRECTION('ref_axis',(0.707106781186547,-0.707106781186547,-1.74454717631531E-15));
#5639=DIRECTION('center_axis',(5.55111512312578E-17,-3.98292510084275E-15,
1.));
#5640=DIRECTION('ref_axis',(0.707106781186547,-0.707106781186547,-1.74454717631531E-15));
#5641=DIRECTION('',(0.,-3.70074341541719E-15,1.));
#5642=DIRECTION('center_axis',(-5.55111512312578E-17,3.98292510084275E-15,
-1.));
#5643=DIRECTION('ref_axis',(0.707106781186547,-0.707106781186547,-1.74454717631531E-15));
#5644=DIRECTION('center_axis',(2.05432527401305E-31,1.,3.70074341541719E-15));
#5645=DIRECTION('ref_axis',(-1.,0.,5.55111512312578E-17));
#5646=DIRECTION('',(1.,0.,-5.55111512312578E-17));
#5647=DIRECTION('',(0.,3.70074341541719E-15,-1.));
#5648=DIRECTION('',(-1.,0.,5.55111512312578E-17));
#5649=DIRECTION('center_axis',(0.,-3.70074341541719E-15,1.));
#5650=DIRECTION('ref_axis',(-0.707106781186547,-0.707106781186547,-3.48909435263062E-15));
#5651=DIRECTION('center_axis',(5.55111512312578E-17,-3.98292510084275E-15,
1.));
#5652=DIRECTION('ref_axis',(-0.707106781186547,-0.707106781186547,-3.48909435263062E-15));
#5653=DIRECTION('',(0.,-3.70074341541719E-15,1.));
#5654=DIRECTION('center_axis',(-5.55111512312578E-17,3.98292510084275E-15,
-1.));
#5655=DIRECTION('ref_axis',(-0.707106781186547,-0.707106781186547,-3.48909435263062E-15));
#5656=DIRECTION('center_axis',(1.,-2.21096757615655E-31,-8.18222369916223E-46));
#5657=DIRECTION('ref_axis',(2.21096757615655E-31,1.,3.98292510084275E-15));
#5658=DIRECTION('',(-2.21096757615655E-31,-1.,-3.98292510084275E-15));
#5659=DIRECTION('',(0.,3.70074341541719E-15,-1.));
#5660=DIRECTION('',(2.21096757615655E-31,1.,3.98292510084275E-15));
#5661=DIRECTION('center_axis',(0.,-3.70074341541719E-15,1.));
#5662=DIRECTION('ref_axis',(0.707106781186547,0.707106781186547,1.74454717631531E-15));
#5663=DIRECTION('center_axis',(-5.55111512312578E-17,3.98292510084275E-15,
-1.));
#5664=DIRECTION('ref_axis',(0.707106781186547,0.707106781186547,1.74454717631531E-15));
#5665=DIRECTION('',(0.,-3.70074341541719E-15,1.));
#5666=DIRECTION('center_axis',(5.55111512312578E-17,-3.98292510084275E-15,
1.));
#5667=DIRECTION('ref_axis',(0.707106781186547,0.707106781186547,1.74454717631531E-15));
#5668=DIRECTION('center_axis',(2.05432527401305E-31,1.,3.70074341541719E-15));
#5669=DIRECTION('ref_axis',(-1.,0.,5.55111512312578E-17));
#5670=DIRECTION('',(1.,0.,-5.55111512312578E-17));
#5671=DIRECTION('',(0.,3.70074341541719E-15,-1.));
#5672=DIRECTION('',(-1.,0.,5.55111512312578E-17));
#5673=DIRECTION('center_axis',(0.,-3.70074341541719E-15,1.));
#5674=DIRECTION('ref_axis',(-0.707106781186549,0.707106781186546,1.7445471763153E-15));
#5675=DIRECTION('center_axis',(-5.55111512312578E-17,3.98292510084275E-15,
-1.));
#5676=DIRECTION('ref_axis',(-0.707106781186549,0.707106781186546,1.7445471763153E-15));
#5677=DIRECTION('',(0.,-3.70074341541719E-15,1.));
#5678=DIRECTION('center_axis',(5.55111512312578E-17,-3.98292510084275E-15,
1.));
#5679=DIRECTION('ref_axis',(-0.707106781186549,0.707106781186546,1.7445471763153E-15));
#5680=DIRECTION('center_axis',(-1.,2.21096757615655E-31,8.18222369916223E-46));
#5681=DIRECTION('ref_axis',(-2.21096757615655E-31,-1.,-3.98292510084275E-15));
#5682=DIRECTION('',(2.21096757615655E-31,1.,3.98292510084275E-15));
#5683=DIRECTION('',(0.,3.70074341541719E-15,-1.));
#5684=DIRECTION('',(-2.21096757615655E-31,-1.,-3.98292510084275E-15));
#5685=DIRECTION('center_axis',(0.,-3.70074341541719E-15,1.));
#5686=DIRECTION('ref_axis',(-0.707106781186547,-0.707106781186548,-3.48909435263062E-15));
#5687=DIRECTION('center_axis',(-5.55111512312578E-17,3.98292510084275E-15,
-1.));
#5688=DIRECTION('ref_axis',(-0.707106781186547,-0.707106781186548,-3.48909435263062E-15));
#5689=DIRECTION('',(0.,-3.70074341541719E-15,1.));
#5690=DIRECTION('center_axis',(5.55111512312578E-17,-3.98292510084275E-15,
1.));
#5691=DIRECTION('ref_axis',(-0.707106781186547,-0.707106781186548,-3.48909435263062E-15));
#5692=DIRECTION('center_axis',(-2.05432527401305E-31,-1.,-3.70074341541719E-15));
#5693=DIRECTION('ref_axis',(1.,0.,-5.55111512312578E-17));
#5694=DIRECTION('',(1.,0.,-5.55111512312578E-17));
#5695=DIRECTION('',(-1.,0.,5.55111512312578E-17));
#5696=DIRECTION('center_axis',(0.,0.,1.));
#5697=DIRECTION('ref_axis',(0.707106781186548,-0.707106781186548,-2.3150907215964E-15));
#5698=DIRECTION('',(0.,0.707106781186555,-0.70710678118654));
#5699=DIRECTION('center_axis',(3.92523114670948E-17,0.70710678118654,0.707106781186555));
#5700=DIRECTION('ref_axis',(1.,0.,-5.55111512312578E-17));
#5701=DIRECTION('',(0.,0.707106781186532,-0.707106781186563));
#5702=DIRECTION('center_axis',(0.,0.,1.));
#5703=DIRECTION('ref_axis',(-0.707106781186548,-0.707106781186548,-3.12347616316197E-15));
#5704=DIRECTION('',(0.707106781186548,0.,-0.707106781186548));
#5705=DIRECTION('center_axis',(0.707106781186548,-2.81635334776402E-15,
0.707106781186548));
#5706=DIRECTION('ref_axis',(0.707106781186548,0.,-0.707106781186548));
#5707=DIRECTION('',(0.707106781186485,0.,-0.70710678118661));
#5708=DIRECTION('center_axis',(0.,0.,-1.));
#5709=DIRECTION('ref_axis',(0.707106781186548,0.707106781186548,2.24607333687781E-15));
#5710=DIRECTION('',(0.,0.70710678118654,-0.707106781186555));
#5711=DIRECTION('center_axis',(3.92523114670939E-17,0.707106781186555,0.70710678118654));
#5712=DIRECTION('ref_axis',(1.,0.,-5.55111512312578E-17));
#5713=DIRECTION('',(0.,0.707106781186414,-0.707106781186681));
#5714=DIRECTION('center_axis',(0.,0.,-1.));
#5715=DIRECTION('ref_axis',(-0.707106781186549,0.707106781186546,2.28420415373155E-15));
#5716=DIRECTION('',(-0.70710678118654,0.,-0.707106781186555));
#5717=DIRECTION('center_axis',(-0.707106781186555,-2.81635334776399E-15,
0.70710678118654));
#5718=DIRECTION('ref_axis',(0.70710678118654,0.,0.707106781186555));
#5719=DIRECTION('',(-0.707106781186548,0.,-0.707106781186548));
#5720=DIRECTION('center_axis',(0.,0.,-1.));
#5721=DIRECTION('ref_axis',(-0.707106781186547,-0.707106781186548,-3.14326902755425E-15));
#5722=DIRECTION('',(0.,-0.707106781186544,-0.707106781186551));
#5723=DIRECTION('center_axis',(3.92523114670942E-17,-0.707106781186551,
0.707106781186544));
#5724=DIRECTION('ref_axis',(1.,0.,-5.55111512312578E-17));
#5725=DIRECTION('center_axis',(0.,0.,1.));
#5726=DIRECTION('ref_axis',(-0.70710678118655,-0.707106781186545,-2.69925061855385E-15));
#5727=DIRECTION('',(0.499999999999999,0.499999999999999,-0.70710678118655));
#5728=DIRECTION('',(0.,0.707106781186555,-0.70710678118654));
#5729=DIRECTION('center_axis',(-5.55111512312578E-17,3.98292510084275E-15,
-1.));
#5730=DIRECTION('ref_axis',(-0.70710678118655,-0.707106781186545,-2.61682076447295E-15));
#5731=DIRECTION('center_axis',(0.500000000000029,0.500000000000021,0.707106781186512));
#5732=DIRECTION('ref_axis',(0.816496580927697,0.,-0.577350269189667));
#5733=DIRECTION('',(0.500000000000024,0.500000000000024,-0.707106781186513));
#5734=DIRECTION('',(-0.707106781186544,0.707106781186551,2.85560565923113E-15));
#5735=DIRECTION('center_axis',(0.,0.,1.));
#5736=DIRECTION('ref_axis',(-1.,-2.61228946970625E-15,2.85485920617798E-17));
#5737=DIRECTION('',(0.707106781186548,0.,-0.707106781186548));
#5738=DIRECTION('center_axis',(-5.55111512312578E-17,3.98292510084275E-15,
-1.));
#5739=DIRECTION('ref_axis',(-1.,-2.61228946970625E-15,-9.6704341207585E-30));
#5740=DIRECTION('center_axis',(0.707106781186548,-2.81635334776402E-15,
0.707106781186548));
#5741=DIRECTION('ref_axis',(0.707106781186548,0.,-0.707106781186548));
#5742=DIRECTION('',(0.7071067811865,0.,-0.707106781186595));
#5743=DIRECTION('',(2.16477837475194E-31,1.,3.98292510084275E-15));
#5744=DIRECTION('center_axis',(0.,0.,-1.));
#5745=DIRECTION('ref_axis',(0.707106781186548,0.707106781186548,2.24607333687781E-15));
#5746=DIRECTION('center_axis',(5.55111512312578E-17,-3.98292510084275E-15,
1.));
#5747=DIRECTION('ref_axis',(0.707106781186547,0.707106781186547,1.74454717631531E-15));
#5748=DIRECTION('center_axis',(0.,-3.70074341541719E-15,1.));
#5749=DIRECTION('ref_axis',(0.707106781186547,0.707106781186547,1.74454717631531E-15));
#5750=DIRECTION('center_axis',(-5.55111512312578E-17,3.98292510084275E-15,
-1.));
#5751=DIRECTION('ref_axis',(0.707106781186547,0.707106781186547,1.74454717631531E-15));
#5752=DIRECTION('',(0.,3.70074341541719E-15,-1.));
#5753=DIRECTION('center_axis',(1.,-2.16477837475194E-31,-8.01128931620076E-46));
#5754=DIRECTION('ref_axis',(2.16477837475194E-31,1.,3.89971803274902E-15));
#5755=DIRECTION('',(-2.16477837475194E-31,-1.,-3.98292510084275E-15));
#5756=DIRECTION('',(0.,-3.70074341541719E-15,1.));
#5757=DIRECTION('center_axis',(0.,-3.70074341541719E-15,1.));
#5758=DIRECTION('ref_axis',(-1.,-2.61228946970625E-15,-9.6704341207585E-30));
#5759=DIRECTION('center_axis',(5.55111512312578E-17,-3.98292510084275E-15,
1.));
#5760=DIRECTION('ref_axis',(-1.,-2.61228946970625E-15,-9.6704341207585E-30));
#5761=DIRECTION('',(0.,-3.70074341541719E-15,1.));
#5762=DIRECTION('center_axis',(0.707106781186551,0.707106781186544,2.61682076447294E-15));
#5763=DIRECTION('ref_axis',(-0.707106781186544,0.707106781186551,3.50595924979767E-15));
#5764=DIRECTION('',(0.707106781186544,-0.707106781186551,-2.85560565923113E-15));
#5765=DIRECTION('',(0.,-3.70074341541719E-15,1.));
#5766=DIRECTION('center_axis',(0.,-3.70074341541719E-15,1.));
#5767=DIRECTION('ref_axis',(-0.70710678118655,-0.707106781186545,-2.61682076447295E-15));
#5768=DIRECTION('center_axis',(5.55111512312578E-17,-3.98292510084275E-15,
1.));
#5769=DIRECTION('ref_axis',(-0.70710678118655,-0.707106781186545,-2.61682076447295E-15));
#5770=DIRECTION('',(0.,-3.70074341541719E-15,1.));
#5771=DIRECTION('center_axis',(0.707106781186571,2.81635334776393E-15,-0.707106781186524));
#5772=DIRECTION('ref_axis',(-0.707106781186524,0.,-0.707106781186571));
#5773=DIRECTION('',(0.707106781186602,0.,0.707106781186493));
#5774=DIRECTION('',(-0.707106781186642,0.,-0.707106781186453));
#5775=DIRECTION('center_axis',(0.,0.,-1.));
#5776=DIRECTION('ref_axis',(-1.,-2.61228946970625E-15,2.85485920617798E-17));
#5777=DIRECTION('',(0.499999999999948,0.49999999999998,0.707106781186599));
#5778=DIRECTION('center_axis',(0.500000000000038,0.500000000000035,-0.707106781186497));
#5779=DIRECTION('ref_axis',(-0.816496580927686,0.,-0.577350269189682));
#5780=DIRECTION('',(0.499999999999999,0.499999999999999,0.70710678118655));
#5781=DIRECTION('center_axis',(0.,0.,-1.));
#5782=DIRECTION('ref_axis',(-0.70710678118655,-0.707106781186545,-2.69925061855385E-15));
#5783=DIRECTION('',(0.,0.707106781186532,0.707106781186563));
#5784=DIRECTION('center_axis',(-3.92523114670948E-17,-0.70710678118654,
-0.707106781186555));
#5785=DIRECTION('ref_axis',(-1.,0.,5.55111512312578E-17));
#5786=DIRECTION('',(0.,-0.7071067811865,0.707106781186595));
#5787=DIRECTION('center_axis',(0.,0.,1.));
#5788=DIRECTION('ref_axis',(-0.707106781186547,-0.707106781186548,-3.14326902755425E-15));
#5789=DIRECTION('',(-0.707106781186548,3.14018491736762E-14,0.707106781186548));
#5790=DIRECTION('center_axis',(-0.707106781186548,2.81635334776402E-15,
-0.707106781186548));
#5791=DIRECTION('ref_axis',(-0.707106781186548,0.,0.707106781186548));
#5792=DIRECTION('',(-0.707106781186642,0.,0.707106781186453));
#5793=DIRECTION('center_axis',(0.,0.,1.));
#5794=DIRECTION('ref_axis',(-0.707106781186549,0.707106781186546,2.28420415373155E-15));
#5795=DIRECTION('',(0.,0.70710678118654,0.707106781186555));
#5796=DIRECTION('center_axis',(-3.92523114670939E-17,0.707106781186555,
-0.70710678118654));
#5797=DIRECTION('ref_axis',(-1.,0.,5.55111512312578E-17));
#5798=DIRECTION('',(0.,0.707106781186634,0.707106781186461));
#5799=DIRECTION('center_axis',(0.,0.,1.));
#5800=DIRECTION('ref_axis',(0.707106781186548,0.707106781186548,2.24607333687781E-15));
#5801=DIRECTION('',(0.7071067811865,0.,0.707106781186595));
#5802=DIRECTION('center_axis',(0.707106781186595,2.81635334776383E-15,-0.7071067811865));
#5803=DIRECTION('ref_axis',(-0.7071067811865,0.,-0.707106781186595));
#5804=DIRECTION('',(0.707106781186587,0.,0.707106781186508));
#5805=DIRECTION('center_axis',(0.,0.,-1.));
#5806=DIRECTION('ref_axis',(-0.707106781186548,-0.707106781186548,-3.12347616316197E-15));
#5807=DIRECTION('',(0.,0.707106781186532,0.707106781186563));
#5808=DIRECTION('center_axis',(-3.92523114670935E-17,0.707106781186563,
-0.707106781186532));
#5809=DIRECTION('ref_axis',(-1.,0.,5.55111512312578E-17));
#5810=DIRECTION('',(0.,0.707106781186555,0.70710678118654));
#5811=DIRECTION('center_axis',(0.,0.,-1.));
#5812=DIRECTION('ref_axis',(0.707106781186548,-0.707106781186548,-2.3150907215964E-15));
#5813=DIRECTION('',(-0.70710678118654,0.,0.707106781186555));
#5814=DIRECTION('center_axis',(-0.707106781186555,2.81635334776399E-15,
-0.70710678118654));
#5815=DIRECTION('ref_axis',(-0.70710678118654,0.,0.707106781186555));
#5816=DIRECTION('center_axis',(0.,0.,1.));
#5817=DIRECTION('ref_axis',(0.707106781186548,0.707106781186548,2.24607333687781E-15));
#5818=DIRECTION('center_axis',(-1.65762623007353E-16,0.707106781186563,
-0.707106781186532));
#5819=DIRECTION('ref_axis',(-1.,0.,2.34423749591542E-16));
#5820=DIRECTION('',(1.,1.78912598360277E-16,-5.55111512312571E-17));
#5821=DIRECTION('center_axis',(-1.78912598360276E-16,1.,3.70074341541719E-15));
#5822=DIRECTION('ref_axis',(-1.,-1.78912598360277E-16,5.55111512312571E-17));
#5823=DIRECTION('',(-1.,-1.78912598360277E-16,5.55111512312571E-17));
#5824=DIRECTION('center_axis',(-8.72580000731666E-17,0.707106781186563,
0.707106781186532));
#5825=DIRECTION('ref_axis',(1.,0.,1.23401447129027E-16));
#5826=CARTESIAN_POINT('',(0.,0.,0.));
#5827=CARTESIAN_POINT('Origin',(185.,63.1499999999999,34.8000000000002));
#5828=CARTESIAN_POINT('',(140.862151953762,17.7892981488403,34.8000000000002));
#5829=CARTESIAN_POINT('',(140.665940615719,18.2798258979019,34.8000000000002));
#5830=CARTESIAN_POINT('Ctrl Pts',(140.862151953762,17.7892981488403,34.8000000000002));
#5831=CARTESIAN_POINT('Ctrl Pts',(140.854337140131,17.8821007401469,34.8000000000002));
#5832=CARTESIAN_POINT('Ctrl Pts',(140.838875140603,18.0657153073935,34.8000000000002));
#5833=CARTESIAN_POINT('Ctrl Pts',(140.723167317373,18.2089734010262,34.8000000000002));
#5834=CARTESIAN_POINT('Ctrl Pts',(140.665940615719,18.2798258979019,34.8000000000002));
#5835=CARTESIAN_POINT('',(140.665940615719,17.2920040805038,34.8000000000002));
#5836=CARTESIAN_POINT('Ctrl Pts',(140.665940615719,17.2920040805038,34.8000000000002));
#5837=CARTESIAN_POINT('Ctrl Pts',(140.723164419689,17.3634537102015,34.8000000000002));
#5838=CARTESIAN_POINT('Ctrl Pts',(140.839624064616,17.5088651985583,34.8000000000002));
#5839=CARTESIAN_POINT('Ctrl Pts',(140.854556662103,17.6947500074446,34.8000000000002));
#5840=CARTESIAN_POINT('Ctrl Pts',(140.862151953762,17.7892981488403,34.8000000000002));
#5841=CARTESIAN_POINT('',(140.178796622341,17.0924101788696,34.8000000000002));
#5842=CARTESIAN_POINT('Ctrl Pts',(140.178796622341,17.0924101788696,34.8000000000002));
#5843=CARTESIAN_POINT('Ctrl Pts',(140.271462561586,17.1003578408209,34.8000000000002));
#5844=CARTESIAN_POINT('Ctrl Pts',(140.454796441621,17.1160818027709,34.8000000000002));
#5845=CARTESIAN_POINT('Ctrl Pts',(140.596072439596,17.2337909247913,34.8000000000002));
#5846=CARTESIAN_POINT('Ctrl Pts',(140.665940615719,17.2920040805038,34.8000000000002));
#5847=CARTESIAN_POINT('',(138.632788035458,17.0179848391708,34.8000000000002));
#5848=CARTESIAN_POINT('Ctrl Pts',(138.632788035458,17.0179848391708,34.8000000000002));
#5849=CARTESIAN_POINT('Ctrl Pts',(138.932328528687,17.0394934410254,34.8000000000002));
#5850=CARTESIAN_POINT('Ctrl Pts',(139.447112717777,17.0764576859755,34.8000000000002));
#5851=CARTESIAN_POINT('Ctrl Pts',(139.963064660498,17.0877066961678,34.8000000000002));
#5852=CARTESIAN_POINT('Ctrl Pts',(140.178796622341,17.0924101788696,34.8000000000002));
#5853=CARTESIAN_POINT('',(137.086779448574,16.9435600955185,34.8000000000002));
#5854=CARTESIAN_POINT('Ctrl Pts',(137.086779448574,16.9435600955185,34.8000000000002));
#5855=CARTESIAN_POINT('Ctrl Pts',(137.302510612748,16.9482636311076,34.8000000000002));
#5856=CARTESIAN_POINT('Ctrl Pts',(137.818462533954,16.9595128089118,34.8000000000002));
#5857=CARTESIAN_POINT('Ctrl Pts',(138.333246743461,16.9964765019554,34.8000000000002));
#5858=CARTESIAN_POINT('Ctrl Pts',(138.632788035458,17.0179848391708,34.8000000000002));
#5859=CARTESIAN_POINT('',(135.855385634487,16.9604747016129,34.8000000000002));
#5860=CARTESIAN_POINT('Ctrl Pts',(135.855385634487,16.9604747016129,34.8000000000002));
#5861=CARTESIAN_POINT('Ctrl Pts',(136.09556638556,16.9555904317921,34.8000000000002));
#5862=CARTESIAN_POINT('Ctrl Pts',(136.50599594212,16.9472440148219,34.8000000000002));
#5863=CARTESIAN_POINT('Ctrl Pts',(136.916499815849,16.9446401820206,34.8000000000002));
#5864=CARTESIAN_POINT('Ctrl Pts',(137.086779448574,16.9435600955185,34.8000000000002));
#5865=CARTESIAN_POINT('',(134.623991820401,16.9773904998001,34.8000000000002));
#5866=CARTESIAN_POINT('Ctrl Pts',(134.623991820401,16.9773904998001,34.8000000000002));
#5867=CARTESIAN_POINT('Ctrl Pts',(134.794271453299,16.9763102026138,34.8000000000002));
#5868=CARTESIAN_POINT('Ctrl Pts',(135.204775328623,16.9737058618952,34.8000000000002));
#5869=CARTESIAN_POINT('Ctrl Pts',(135.61520488376,16.965359146235,34.8000000000002));
#5870=CARTESIAN_POINT('Ctrl Pts',(135.855385634487,16.9604747016129,34.8000000000002));
#5871=CARTESIAN_POINT('',(133.527916047161,16.8961994368729,34.8000000000002));
#5872=CARTESIAN_POINT('Ctrl Pts',(133.527916047161,16.8961994368729,34.8000000000002));
#5873=CARTESIAN_POINT('Ctrl Pts',(133.731789361579,16.9197708704658,34.8000000000002));
#5874=CARTESIAN_POINT('Ctrl Pts',(134.096084365782,16.9618899458548,34.8000000000002));
#5875=CARTESIAN_POINT('Ctrl Pts',(134.462594619034,16.9726515138197,34.8000000000002));
#5876=CARTESIAN_POINT('Ctrl Pts',(134.623991820401,16.9773904998001,34.8000000000002));
#5877=CARTESIAN_POINT('',(132.445372912472,16.774412842482,34.8000000000002));
#5878=CARTESIAN_POINT('Ctrl Pts',(132.445372912472,16.774412842482,34.8000000000002));
#5879=CARTESIAN_POINT('Ctrl Pts',(132.575118027565,16.7862132565924,34.8000000000002));
#5880=CARTESIAN_POINT('Ctrl Pts',(132.936803369802,16.8191088057851,34.8000000000002));
#5881=CARTESIAN_POINT('Ctrl Pts',(133.296957652298,16.8660787355294,34.8000000000002));
#5882=CARTESIAN_POINT('Ctrl Pts',(133.527916047161,16.8961994368729,34.8000000000002));
#5883=CARTESIAN_POINT('',(131.924398514813,16.990921946257,34.8000000000002));
#5884=CARTESIAN_POINT('Ctrl Pts',(131.924398514813,16.990921946257,34.8000000000002));
#5885=CARTESIAN_POINT('Ctrl Pts',(131.997179926373,16.9227210406701,34.8000000000002));
#5886=CARTESIAN_POINT('Ctrl Pts',(132.143664997937,16.7854550228578,34.8000000000002));
#5887=CARTESIAN_POINT('Ctrl Pts',(132.344382378601,16.7781089857965,34.8000000000002));
#5888=CARTESIAN_POINT('Ctrl Pts',(132.445372912472,16.774412842482,34.8000000000002));
#5889=CARTESIAN_POINT('',(131.748484942501,17.4780665356812,34.8000000000002));
#5890=CARTESIAN_POINT('Ctrl Pts',(131.748484942501,17.4780665356812,34.8000000000002));
#5891=CARTESIAN_POINT('Ctrl Pts',(131.755707672552,17.3885463824302,34.8000000000002));
#5892=CARTESIAN_POINT('Ctrl Pts',(131.770100816499,17.2101544942124,34.8000000000002));
#5893=CARTESIAN_POINT('Ctrl Pts',(131.873090731183,17.0638221661442,34.8000000000002));
#5894=CARTESIAN_POINT('Ctrl Pts',(131.924398514813,16.990921946257,34.8000000000002));
#5895=CARTESIAN_POINT('',(132.296522233074,18.1478904206451,34.8000000000002));
#5896=CARTESIAN_POINT('Ctrl Pts',(132.296522233074,18.1478904206451,34.8000000000002));
#5897=CARTESIAN_POINT('Ctrl Pts',(132.136706067739,18.0866949772832,34.8000000000002));
#5898=CARTESIAN_POINT('Ctrl Pts',(131.824690021635,17.9672204533053,34.8000000000002));
#5899=CARTESIAN_POINT('Ctrl Pts',(131.773469875776,17.6384426960633,34.8000000000002));
#5900=CARTESIAN_POINT('Ctrl Pts',(131.748484942501,17.4780665356812,34.8000000000002));
#5901=CARTESIAN_POINT('',(134.623991820401,18.3643995244202,34.8000000000002));
#5902=CARTESIAN_POINT('Ctrl Pts',(134.623991820401,18.3643995244202,34.8000000000002));
#5903=CARTESIAN_POINT('Ctrl Pts',(134.181587224862,18.3611584899669,34.8000000000002));
#5904=CARTESIAN_POINT('Ctrl Pts',(133.399060224429,18.355425735392,34.8000000000002));
#5905=CARTESIAN_POINT('Ctrl Pts',(132.630551602642,18.21076615907,34.8000000000002));
#5906=CARTESIAN_POINT('Ctrl Pts',(132.296522233074,18.1478904206451,34.8000000000002));
#5907=CARTESIAN_POINT('',(135.239688727444,18.3576338011917,34.8000000000002));
#5908=CARTESIAN_POINT('',(135.239688727444,18.3576338011917,34.8000000000002));
#5909=CARTESIAN_POINT('',(135.42236861903,21.0775254685577,34.8000000000002));
#5910=CARTESIAN_POINT('Ctrl Pts',(135.42236861903,21.0775254685577,34.8000000000002));
#5911=CARTESIAN_POINT('Ctrl Pts',(135.375731678656,20.5354063986111,34.8000000000002));
#5912=CARTESIAN_POINT('Ctrl Pts',(135.297831251568,19.6298730007927,34.8000000000002));
#5913=CARTESIAN_POINT('Ctrl Pts',(135.256340182738,18.7219907752851,34.8000000000002));
#5914=CARTESIAN_POINT('Ctrl Pts',(135.239688727444,18.3576338011917,34.8000000000002));
#5915=CARTESIAN_POINT('',(135.57798442561,23.7974171359238,34.8000000000002));
#5916=CARTESIAN_POINT('Ctrl Pts',(135.57798442561,23.7974171359238,34.8000000000002));
#5917=CARTESIAN_POINT('Ctrl Pts',(135.568447769974,23.4093197868373,34.8000000000002));
#5918=CARTESIAN_POINT('Ctrl Pts',(135.546129923104,22.5010876415546,34.8000000000002));
#5919=CARTESIAN_POINT('Ctrl Pts',(135.467435862469,21.5959106252162,34.8000000000002));
#5920=CARTESIAN_POINT('Ctrl Pts',(135.42236861903,21.0775254685577,34.8000000000002));
#5921=CARTESIAN_POINT('',(135.621961924618,24.7987703997788,34.8000000000002));
#5922=CARTESIAN_POINT('Ctrl Pts',(135.621961924618,24.7987703997788,34.8000000000002));
#5923=CARTESIAN_POINT('Ctrl Pts',(135.609251304351,24.6048856226157,34.8000000000002));
#5924=CARTESIAN_POINT('Ctrl Pts',(135.587388767752,24.2713996913296,34.8000000000002));
#5925=CARTESIAN_POINT('Ctrl Pts',(135.580759510911,23.9372825302869,34.8000000000002));
#5926=CARTESIAN_POINT('Ctrl Pts',(135.57798442561,23.7974171359238,34.8000000000002));
#5927=CARTESIAN_POINT('',(135.665940615719,25.7933573443588,34.8000000000002));
#5928=CARTESIAN_POINT('Ctrl Pts',(135.665940615719,25.7933573443588,34.8000000000002));
#5929=CARTESIAN_POINT('Ctrl Pts',(135.663146160103,25.655183739469,34.8000000000002));
#5930=CARTESIAN_POINT('Ctrl Pts',(135.656434539784,25.3233234770413,34.8000000000002));
#5931=CARTESIAN_POINT('Ctrl Pts',(135.634666566876,24.9920907835094,34.8000000000002));
#5932=CARTESIAN_POINT('Ctrl Pts',(135.621961924618,24.7987703997788,34.8000000000002));
#5933=CARTESIAN_POINT('',(135.63211140353,26.0978226382431,34.8000000000002));
#5934=CARTESIAN_POINT('Ctrl Pts',(135.63211140353,26.0978226382431,34.8000000000002));
#5935=CARTESIAN_POINT('Ctrl Pts',(135.641879799683,26.0387580537431,34.8000000000002));
#5936=CARTESIAN_POINT('Ctrl Pts',(135.658570786201,25.9378360427905,34.8000000000002));
#5937=CARTESIAN_POINT('Ctrl Pts',(135.663780065834,25.8357129286325,34.8000000000002));
#5938=CARTESIAN_POINT('Ctrl Pts',(135.665940615719,25.7933573443588,34.8000000000002));
#5939=CARTESIAN_POINT('',(135.598282191342,26.4022879321274,34.8000000000002));
#5940=CARTESIAN_POINT('Ctrl Pts',(135.598282191342,26.4022879321274,34.8000000000002));
#5941=CARTESIAN_POINT('Ctrl Pts',(135.600442741226,26.3599323478537,34.8000000000002));
#5942=CARTESIAN_POINT('Ctrl Pts',(135.60565202086,26.2578092336957,34.8000000000002));
#5943=CARTESIAN_POINT('Ctrl Pts',(135.622343007377,26.1568872227431,34.8000000000002));
#5944=CARTESIAN_POINT('Ctrl Pts',(135.63211140353,26.0978226382431,34.8000000000002));
#5945=CARTESIAN_POINT('',(135.814790103024,26.889433117598,34.8000000000002));
#5946=CARTESIAN_POINT('Ctrl Pts',(135.814790103024,26.889433117598,34.8000000000002));
#5947=CARTESIAN_POINT('Ctrl Pts',(135.7516442727,26.8212960016611,34.8000000000002));
#5948=CARTESIAN_POINT('Ctrl Pts',(135.624101807612,26.6836720970253,34.8000000000002));
#5949=CARTESIAN_POINT('Ctrl Pts',(135.606944816101,26.4966938833348,34.8000000000002));
#5950=CARTESIAN_POINT('Ctrl Pts',(135.598282191342,26.4022879321274,34.8000000000002));
#5951=CARTESIAN_POINT('',(136.301934096401,27.0788781363663,34.8000000000002));
#5952=CARTESIAN_POINT('Ctrl Pts',(136.301934096401,27.0788781363663,34.8000000000002));
#5953=CARTESIAN_POINT('Ctrl Pts',(136.213391635782,27.0704659881061,34.8000000000002));
#5954=CARTESIAN_POINT('Ctrl Pts',(136.033274681484,27.0533536274021,34.8000000000002));
#5955=CARTESIAN_POINT('Ctrl Pts',(135.888431046815,26.9446830630807,34.8000000000002));
#5956=CARTESIAN_POINT('Ctrl Pts',(135.814790103024,26.889433117598,34.8000000000002));
#5957=CARTESIAN_POINT('',(136.890568110531,26.6323284823593,34.8000000000002));
#5958=CARTESIAN_POINT('Ctrl Pts',(136.890568110531,26.6323284823593,34.8000000000002));
#5959=CARTESIAN_POINT('Ctrl Pts',(136.823347745407,26.7624155414624,34.8000000000002));
#5960=CARTESIAN_POINT('Ctrl Pts',(136.696854507854,27.0072094106881,34.8000000000002));
#5961=CARTESIAN_POINT('Ctrl Pts',(136.427942371914,27.0560106109891,34.8000000000002));
#5962=CARTESIAN_POINT('Ctrl Pts',(136.301934096401,27.0788781363663,34.8000000000002));
#5963=CARTESIAN_POINT('',(137.039417597836,25.8407191950974,34.8000000000002));
#5964=CARTESIAN_POINT('Ctrl Pts',(137.039417597836,25.8407191950974,34.8000000000002));
#5965=CARTESIAN_POINT('Ctrl Pts',(137.034866464834,25.9848955751846,34.8000000000002));
#5966=CARTESIAN_POINT('Ctrl Pts',(137.026284843642,26.2567547096825,34.8000000000002));
#5967=CARTESIAN_POINT('Ctrl Pts',(136.933939498574,26.5123052880184,34.8000000000002));
#5968=CARTESIAN_POINT('Ctrl Pts',(136.890568110531,26.6323284823593,34.8000000000002));
#5969=CARTESIAN_POINT('',(136.992055747097,25.1167671401199,34.8000000000002));
#5970=CARTESIAN_POINT('Ctrl Pts',(136.992055747097,25.1167671401199,34.8000000000002));
#5971=CARTESIAN_POINT('Ctrl Pts',(137.005741439507,25.2570457017929,34.8000000000002));
#5972=CARTESIAN_POINT('Ctrl Pts',(137.029238159786,25.4978874528634,34.8000000000002));
#5973=CARTESIAN_POINT('Ctrl Pts',(137.036419173867,25.7397357313593,34.8000000000002));
#5974=CARTESIAN_POINT('Ctrl Pts',(137.039417597836,25.8407191950974,34.8000000000002));
#5975=CARTESIAN_POINT('',(136.944696280545,24.3995825965103,34.8000000000002));
#5976=CARTESIAN_POINT('Ctrl Pts',(136.944696280545,24.3995825965103,34.8000000000002));
#5977=CARTESIAN_POINT('Ctrl Pts',(136.947724445375,24.4988727082906,34.8000000000002));
#5978=CARTESIAN_POINT('Ctrl Pts',(136.955031462798,24.7384615738884,34.8000000000002));
#5979=CARTESIAN_POINT('Ctrl Pts',(136.978382069192,24.9770526645963,34.8000000000002));
#5980=CARTESIAN_POINT('Ctrl Pts',(136.992055747097,25.1167671401199,34.8000000000002));
#5981=CARTESIAN_POINT('',(136.79584679324,21.3616929967102,34.8000000000002));
#5982=CARTESIAN_POINT('Ctrl Pts',(136.79584679324,21.3616929967102,34.8000000000002));
#5983=CARTESIAN_POINT('Ctrl Pts',(136.838958656274,21.9404673276443,34.8000000000002));
#5984=CARTESIAN_POINT('Ctrl Pts',(136.914298691899,22.9519030588686,34.8000000000002));
#5985=CARTESIAN_POINT('Ctrl Pts',(136.935588954603,23.965847882786,34.8000000000002));
#5986=CARTESIAN_POINT('Ctrl Pts',(136.944696280545,24.3995825965103,34.8000000000002));
#5987=CARTESIAN_POINT('',(136.613165709561,18.330569716185,34.8000000000002));
#5988=CARTESIAN_POINT('Ctrl Pts',(136.613165709561,18.330569716185,34.8000000000002));
#5989=CARTESIAN_POINT('Ctrl Pts',(136.629749502064,18.7388961645107,34.8000000000002));
#5990=CARTESIAN_POINT('Ctrl Pts',(136.670831487372,19.7504175730155,34.8000000000002));
#5991=CARTESIAN_POINT('Ctrl Pts',(136.749145958401,20.7597834391665,34.8000000000002));
#5992=CARTESIAN_POINT('Ctrl Pts',(136.79584679324,21.3616929967102,34.8000000000002));
#5993=CARTESIAN_POINT('',(137.093545767849,18.330569716185,34.8000000000002));
#5994=CARTESIAN_POINT('',(137.093545767849,18.330569716185,34.8000000000002));
#5995=CARTESIAN_POINT('',(138.636171195095,18.3982287366089,34.8000000000002));
#5996=CARTESIAN_POINT('Ctrl Pts',(138.636171195095,18.3982287366089,34.8000000000002));
#5997=CARTESIAN_POINT('Ctrl Pts',(138.338610915661,18.3767592405442,34.8000000000002));
#5998=CARTESIAN_POINT('Ctrl Pts',(137.824992862681,18.3397007971655,34.8000000000002));
#5999=CARTESIAN_POINT('Ctrl Pts',(137.310128015788,18.3332734387903,34.8000000000002));
#6000=CARTESIAN_POINT('Ctrl Pts',(137.093545767849,18.330569716185,34.8000000000002));
#6001=CARTESIAN_POINT('',(140.178796622341,18.4794197995361,34.8000000000002));
#6002=CARTESIAN_POINT('Ctrl Pts',(140.178796622341,18.4794197995361,34.8000000000002));
#6003=CARTESIAN_POINT('Ctrl Pts',(139.966722041181,18.4741876590206,34.8000000000002));
#6004=CARTESIAN_POINT('Ctrl Pts',(139.451802396293,18.4614839586453,34.8000000000002));
#6005=CARTESIAN_POINT('Ctrl Pts',(138.938226151127,18.4216542177368,34.8000000000002));
#6006=CARTESIAN_POINT('Ctrl Pts',(138.636171195095,18.3982287366089,34.8000000000002));
#6007=CARTESIAN_POINT('Ctrl Pts',(140.665940615719,18.2798258979019,34.8000000000002));
#6008=CARTESIAN_POINT('Ctrl Pts',(140.596072400863,18.3380387574366,34.8000000000002));
#6009=CARTESIAN_POINT('Ctrl Pts',(140.454796205794,18.4557473795354,34.8000000000002));
#6010=CARTESIAN_POINT('Ctrl Pts',(140.271462533042,18.4714718659545,34.8000000000002));
#6011=CARTESIAN_POINT('Ctrl Pts',(140.178796622341,18.4794197995361,34.8000000000002));
#6012=CARTESIAN_POINT('Ctrl Pts',(140.862151953762,17.7892981488403,34.8000000000002));
#6013=CARTESIAN_POINT('Ctrl Pts',(140.862151953762,17.7892981488403,34.5000000000002));
#6014=CARTESIAN_POINT('Ctrl Pts',(140.854337140131,17.8821007401469,34.8000000000002));
#6015=CARTESIAN_POINT('Ctrl Pts',(140.854337140131,17.8821007401469,34.5000000000002));
#6016=CARTESIAN_POINT('Ctrl Pts',(140.838875140603,18.0657153073935,34.8000000000002));
#6017=CARTESIAN_POINT('Ctrl Pts',(140.838875140603,18.0657153073935,34.5000000000002));
#6018=CARTESIAN_POINT('Ctrl Pts',(140.723167317373,18.2089734010262,34.8000000000002));
#6019=CARTESIAN_POINT('Ctrl Pts',(140.723167317373,18.2089734010262,34.5000000000002));
#6020=CARTESIAN_POINT('Ctrl Pts',(140.665940615719,18.2798258979019,34.8000000000002));
#6021=CARTESIAN_POINT('Ctrl Pts',(140.665940615719,18.2798258979019,34.5000000000002));
#6022=CARTESIAN_POINT('',(140.665940615719,18.2798258979019,34.5000000000002));
#6023=CARTESIAN_POINT('',(140.665940615719,18.2798258979019,34.5000000000002));
#6024=CARTESIAN_POINT('',(140.862151953762,17.7892981488403,34.5000000000002));
#6025=CARTESIAN_POINT('Ctrl Pts',(140.862151953762,17.7892981488403,34.5000000000002));
#6026=CARTESIAN_POINT('Ctrl Pts',(140.854337140131,17.8821007401469,34.5000000000002));
#6027=CARTESIAN_POINT('Ctrl Pts',(140.838875140603,18.0657153073935,34.5000000000002));
#6028=CARTESIAN_POINT('Ctrl Pts',(140.723167317373,18.2089734010262,34.5000000000002));
#6029=CARTESIAN_POINT('Ctrl Pts',(140.665940615719,18.2798258979019,34.5000000000002));
#6030=CARTESIAN_POINT('',(140.862151953762,17.7892981488403,34.5000000000002));
#6031=CARTESIAN_POINT('Ctrl Pts',(140.665940615719,17.2920040805038,34.8000000000002));
#6032=CARTESIAN_POINT('Ctrl Pts',(140.665940615719,17.2920040805039,34.5000000000002));
#6033=CARTESIAN_POINT('Ctrl Pts',(140.723164419689,17.3634537102015,34.8000000000002));
#6034=CARTESIAN_POINT('Ctrl Pts',(140.723164419689,17.3634537102015,34.5000000000002));
#6035=CARTESIAN_POINT('Ctrl Pts',(140.839624064616,17.5088651985583,34.8000000000002));
#6036=CARTESIAN_POINT('Ctrl Pts',(140.839624064616,17.5088651985583,34.5000000000002));
#6037=CARTESIAN_POINT('Ctrl Pts',(140.854556662103,17.6947500074446,34.8000000000002));
#6038=CARTESIAN_POINT('Ctrl Pts',(140.854556662103,17.6947500074446,34.5000000000002));
#6039=CARTESIAN_POINT('Ctrl Pts',(140.862151953762,17.7892981488403,34.8000000000002));
#6040=CARTESIAN_POINT('Ctrl Pts',(140.862151953762,17.7892981488403,34.5000000000002));
#6041=CARTESIAN_POINT('',(140.665940615719,17.2920040805039,34.5000000000002));
#6042=CARTESIAN_POINT('Ctrl Pts',(140.665940615719,17.2920040805039,34.5000000000002));
#6043=CARTESIAN_POINT('Ctrl Pts',(140.723164419689,17.3634537102015,34.5000000000002));
#6044=CARTESIAN_POINT('Ctrl Pts',(140.839624064616,17.5088651985583,34.5000000000002));
#6045=CARTESIAN_POINT('Ctrl Pts',(140.854556662103,17.6947500074446,34.5000000000002));
#6046=CARTESIAN_POINT('Ctrl Pts',(140.862151953762,17.7892981488403,34.5000000000002));
#6047=CARTESIAN_POINT('',(140.665940615719,17.2920040805039,34.5000000000002));
#6048=CARTESIAN_POINT('Ctrl Pts',(140.178796622341,17.0924101788696,34.8000000000002));
#6049=CARTESIAN_POINT('Ctrl Pts',(140.178796622341,17.0924101788696,34.5000000000002));
#6050=CARTESIAN_POINT('Ctrl Pts',(140.271462561586,17.1003578408209,34.8000000000002));
#6051=CARTESIAN_POINT('Ctrl Pts',(140.271462561586,17.1003578408209,34.5000000000002));
#6052=CARTESIAN_POINT('Ctrl Pts',(140.454796441621,17.1160818027709,34.8000000000002));
#6053=CARTESIAN_POINT('Ctrl Pts',(140.454796441621,17.1160818027709,34.5000000000002));
#6054=CARTESIAN_POINT('Ctrl Pts',(140.596072439596,17.2337909247913,34.8000000000002));
#6055=CARTESIAN_POINT('Ctrl Pts',(140.596072439596,17.2337909247913,34.5000000000002));
#6056=CARTESIAN_POINT('Ctrl Pts',(140.665940615719,17.2920040805038,34.8000000000002));
#6057=CARTESIAN_POINT('Ctrl Pts',(140.665940615719,17.2920040805039,34.5000000000002));
#6058=CARTESIAN_POINT('',(140.178796622341,17.0924101788696,34.5000000000002));
#6059=CARTESIAN_POINT('Ctrl Pts',(140.178796622341,17.0924101788696,34.5000000000002));
#6060=CARTESIAN_POINT('Ctrl Pts',(140.271462561586,17.1003578408209,34.5000000000002));
#6061=CARTESIAN_POINT('Ctrl Pts',(140.454796441621,17.1160818027709,34.5000000000002));
#6062=CARTESIAN_POINT('Ctrl Pts',(140.596072439596,17.2337909247913,34.5000000000002));
#6063=CARTESIAN_POINT('Ctrl Pts',(140.665940615719,17.2920040805039,34.5000000000002));
#6064=CARTESIAN_POINT('',(140.178796622341,17.0924101788696,34.5000000000002));
#6065=CARTESIAN_POINT('Ctrl Pts',(138.632788035458,17.0179848391708,34.8000000000002));
#6066=CARTESIAN_POINT('Ctrl Pts',(138.632788035458,17.0179848391708,34.5000000000002));
#6067=CARTESIAN_POINT('Ctrl Pts',(138.932328528687,17.0394934410254,34.8000000000002));
#6068=CARTESIAN_POINT('Ctrl Pts',(138.932328528687,17.0394934410254,34.5000000000002));
#6069=CARTESIAN_POINT('Ctrl Pts',(139.447112717777,17.0764576859755,34.8000000000002));
#6070=CARTESIAN_POINT('Ctrl Pts',(139.447112717777,17.0764576859755,34.5000000000002));
#6071=CARTESIAN_POINT('Ctrl Pts',(139.963064660498,17.0877066961678,34.8000000000002));
#6072=CARTESIAN_POINT('Ctrl Pts',(139.963064660498,17.0877066961678,34.5000000000002));
#6073=CARTESIAN_POINT('Ctrl Pts',(140.178796622341,17.0924101788696,34.8000000000002));
#6074=CARTESIAN_POINT('Ctrl Pts',(140.178796622341,17.0924101788696,34.5000000000002));
#6075=CARTESIAN_POINT('',(138.632788035458,17.0179848391708,34.5000000000002));
#6076=CARTESIAN_POINT('Ctrl Pts',(138.632788035458,17.0179848391708,34.5000000000002));
#6077=CARTESIAN_POINT('Ctrl Pts',(138.932328528687,17.0394934410254,34.5000000000002));
#6078=CARTESIAN_POINT('Ctrl Pts',(139.447112717777,17.0764576859755,34.5000000000002));
#6079=CARTESIAN_POINT('Ctrl Pts',(139.963064660498,17.0877066961678,34.5000000000002));
#6080=CARTESIAN_POINT('Ctrl Pts',(140.178796622341,17.0924101788696,34.5000000000002));
#6081=CARTESIAN_POINT('',(138.632788035458,17.0179848391708,34.5000000000002));
#6082=CARTESIAN_POINT('Ctrl Pts',(137.086779448574,16.9435600955185,34.8000000000002));
#6083=CARTESIAN_POINT('Ctrl Pts',(137.086779448574,16.9435600955185,34.5000000000002));
#6084=CARTESIAN_POINT('Ctrl Pts',(137.302510612748,16.9482636311076,34.8000000000002));
#6085=CARTESIAN_POINT('Ctrl Pts',(137.302510612748,16.9482636311076,34.5000000000002));
#6086=CARTESIAN_POINT('Ctrl Pts',(137.818462533954,16.9595128089118,34.8000000000002));
#6087=CARTESIAN_POINT('Ctrl Pts',(137.818462533954,16.9595128089118,34.5000000000002));
#6088=CARTESIAN_POINT('Ctrl Pts',(138.333246743461,16.9964765019554,34.8000000000002));
#6089=CARTESIAN_POINT('Ctrl Pts',(138.333246743461,16.9964765019554,34.5000000000002));
#6090=CARTESIAN_POINT('Ctrl Pts',(138.632788035458,17.0179848391708,34.8000000000002));
#6091=CARTESIAN_POINT('Ctrl Pts',(138.632788035458,17.0179848391708,34.5000000000002));
#6092=CARTESIAN_POINT('',(137.086779448574,16.9435600955185,34.5000000000002));
#6093=CARTESIAN_POINT('Ctrl Pts',(137.086779448574,16.9435600955185,34.5000000000002));
#6094=CARTESIAN_POINT('Ctrl Pts',(137.302510612748,16.9482636311076,34.5000000000002));
#6095=CARTESIAN_POINT('Ctrl Pts',(137.818462533954,16.9595128089118,34.5000000000002));
#6096=CARTESIAN_POINT('Ctrl Pts',(138.333246743461,16.9964765019554,34.5000000000002));
#6097=CARTESIAN_POINT('Ctrl Pts',(138.632788035458,17.0179848391708,34.5000000000002));
#6098=CARTESIAN_POINT('',(137.086779448574,16.9435600955185,34.5000000000002));
#6099=CARTESIAN_POINT('Ctrl Pts',(135.855385634487,16.9604747016129,34.8000000000002));
#6100=CARTESIAN_POINT('Ctrl Pts',(135.855385634487,16.9604747016129,34.5000000000002));
#6101=CARTESIAN_POINT('Ctrl Pts',(136.09556638556,16.9555904317921,34.8000000000002));
#6102=CARTESIAN_POINT('Ctrl Pts',(136.09556638556,16.9555904317921,34.5000000000002));
#6103=CARTESIAN_POINT('Ctrl Pts',(136.50599594212,16.9472440148219,34.8000000000002));
#6104=CARTESIAN_POINT('Ctrl Pts',(136.50599594212,16.9472440148219,34.5000000000002));
#6105=CARTESIAN_POINT('Ctrl Pts',(136.916499815849,16.9446401820206,34.8000000000002));
#6106=CARTESIAN_POINT('Ctrl Pts',(136.916499815849,16.9446401820206,34.5000000000002));
#6107=CARTESIAN_POINT('Ctrl Pts',(137.086779448574,16.9435600955185,34.8000000000002));
#6108=CARTESIAN_POINT('Ctrl Pts',(137.086779448574,16.9435600955185,34.5000000000002));
#6109=CARTESIAN_POINT('',(135.855385634487,16.9604747016129,34.5000000000002));
#6110=CARTESIAN_POINT('Ctrl Pts',(135.855385634487,16.9604747016129,34.5000000000002));
#6111=CARTESIAN_POINT('Ctrl Pts',(136.09556638556,16.9555904317921,34.5000000000002));
#6112=CARTESIAN_POINT('Ctrl Pts',(136.50599594212,16.9472440148219,34.5000000000002));
#6113=CARTESIAN_POINT('Ctrl Pts',(136.916499815849,16.9446401820206,34.5000000000002));
#6114=CARTESIAN_POINT('Ctrl Pts',(137.086779448574,16.9435600955185,34.5000000000002));
#6115=CARTESIAN_POINT('',(135.855385634487,16.9604747016129,34.5000000000002));
#6116=CARTESIAN_POINT('Ctrl Pts',(134.623991820401,16.9773904998001,34.8000000000002));
#6117=CARTESIAN_POINT('Ctrl Pts',(134.623991820401,16.9773904998001,34.5000000000002));
#6118=CARTESIAN_POINT('Ctrl Pts',(134.794271453299,16.9763102026138,34.8000000000002));
#6119=CARTESIAN_POINT('Ctrl Pts',(134.794271453299,16.9763102026138,34.5000000000002));
#6120=CARTESIAN_POINT('Ctrl Pts',(135.204775328623,16.9737058618952,34.8000000000002));
#6121=CARTESIAN_POINT('Ctrl Pts',(135.204775328623,16.9737058618952,34.5000000000002));
#6122=CARTESIAN_POINT('Ctrl Pts',(135.61520488376,16.965359146235,34.8000000000002));
#6123=CARTESIAN_POINT('Ctrl Pts',(135.61520488376,16.965359146235,34.5000000000002));
#6124=CARTESIAN_POINT('Ctrl Pts',(135.855385634487,16.9604747016129,34.8000000000002));
#6125=CARTESIAN_POINT('Ctrl Pts',(135.855385634487,16.9604747016129,34.5000000000002));
#6126=CARTESIAN_POINT('',(134.623991820401,16.9773904998001,34.5000000000002));
#6127=CARTESIAN_POINT('Ctrl Pts',(134.623991820401,16.9773904998001,34.5000000000002));
#6128=CARTESIAN_POINT('Ctrl Pts',(134.794271453299,16.9763102026138,34.5000000000002));
#6129=CARTESIAN_POINT('Ctrl Pts',(135.204775328623,16.9737058618952,34.5000000000002));
#6130=CARTESIAN_POINT('Ctrl Pts',(135.61520488376,16.965359146235,34.5000000000002));
#6131=CARTESIAN_POINT('Ctrl Pts',(135.855385634487,16.9604747016129,34.5000000000002));
#6132=CARTESIAN_POINT('',(134.623991820401,16.9773904998001,34.5000000000002));
#6133=CARTESIAN_POINT('Ctrl Pts',(133.527916047161,16.8961994368729,34.8000000000002));
#6134=CARTESIAN_POINT('Ctrl Pts',(133.527916047161,16.8961994368729,34.5000000000002));
#6135=CARTESIAN_POINT('Ctrl Pts',(133.731789361579,16.9197708704658,34.8000000000002));
#6136=CARTESIAN_POINT('Ctrl Pts',(133.731789361579,16.9197708704658,34.5000000000002));
#6137=CARTESIAN_POINT('Ctrl Pts',(134.096084365782,16.9618899458548,34.8000000000002));
#6138=CARTESIAN_POINT('Ctrl Pts',(134.096084365782,16.9618899458548,34.5000000000002));
#6139=CARTESIAN_POINT('Ctrl Pts',(134.462594619034,16.9726515138197,34.8000000000002));
#6140=CARTESIAN_POINT('Ctrl Pts',(134.462594619034,16.9726515138197,34.5000000000002));
#6141=CARTESIAN_POINT('Ctrl Pts',(134.623991820401,16.9773904998001,34.8000000000002));
#6142=CARTESIAN_POINT('Ctrl Pts',(134.623991820401,16.9773904998001,34.5000000000002));
#6143=CARTESIAN_POINT('',(133.527916047161,16.8961994368729,34.5000000000002));
#6144=CARTESIAN_POINT('Ctrl Pts',(133.527916047161,16.8961994368729,34.5000000000002));
#6145=CARTESIAN_POINT('Ctrl Pts',(133.731789361579,16.9197708704658,34.5000000000002));
#6146=CARTESIAN_POINT('Ctrl Pts',(134.096084365782,16.9618899458548,34.5000000000002));
#6147=CARTESIAN_POINT('Ctrl Pts',(134.462594619034,16.9726515138197,34.5000000000002));
#6148=CARTESIAN_POINT('Ctrl Pts',(134.623991820401,16.9773904998001,34.5000000000002));
#6149=CARTESIAN_POINT('',(133.527916047161,16.8961994368729,34.5000000000002));
#6150=CARTESIAN_POINT('Ctrl Pts',(132.445372912472,16.774412842482,34.8000000000002));
#6151=CARTESIAN_POINT('Ctrl Pts',(132.445372912472,16.774412842482,34.5000000000002));
#6152=CARTESIAN_POINT('Ctrl Pts',(132.575118027565,16.7862132565924,34.8000000000002));
#6153=CARTESIAN_POINT('Ctrl Pts',(132.575118027565,16.7862132565924,34.5000000000002));
#6154=CARTESIAN_POINT('Ctrl Pts',(132.936803369802,16.8191088057851,34.8000000000002));
#6155=CARTESIAN_POINT('Ctrl Pts',(132.936803369802,16.8191088057851,34.5000000000002));
#6156=CARTESIAN_POINT('Ctrl Pts',(133.296957652298,16.8660787355294,34.8000000000002));
#6157=CARTESIAN_POINT('Ctrl Pts',(133.296957652298,16.8660787355294,34.5000000000002));
#6158=CARTESIAN_POINT('Ctrl Pts',(133.527916047161,16.8961994368729,34.8000000000002));
#6159=CARTESIAN_POINT('Ctrl Pts',(133.527916047161,16.8961994368729,34.5000000000002));
#6160=CARTESIAN_POINT('',(132.445372912472,16.774412842482,34.5000000000002));
#6161=CARTESIAN_POINT('Ctrl Pts',(132.445372912472,16.774412842482,34.5000000000002));
#6162=CARTESIAN_POINT('Ctrl Pts',(132.575118027565,16.7862132565924,34.5000000000002));
#6163=CARTESIAN_POINT('Ctrl Pts',(132.936803369802,16.8191088057851,34.5000000000002));
#6164=CARTESIAN_POINT('Ctrl Pts',(133.296957652298,16.8660787355294,34.5000000000002));
#6165=CARTESIAN_POINT('Ctrl Pts',(133.527916047161,16.8961994368729,34.5000000000002));
#6166=CARTESIAN_POINT('',(132.445372912472,16.774412842482,34.5000000000002));
#6167=CARTESIAN_POINT('Ctrl Pts',(131.924398514813,16.990921946257,34.8000000000002));
#6168=CARTESIAN_POINT('Ctrl Pts',(131.924398514813,16.990921946257,34.5000000000002));
#6169=CARTESIAN_POINT('Ctrl Pts',(131.997179926373,16.9227210406701,34.8000000000002));
#6170=CARTESIAN_POINT('Ctrl Pts',(131.997179926373,16.9227210406701,34.5000000000002));
#6171=CARTESIAN_POINT('Ctrl Pts',(132.143664997937,16.7854550228578,34.8000000000002));
#6172=CARTESIAN_POINT('Ctrl Pts',(132.143664997937,16.7854550228578,34.5000000000002));
#6173=CARTESIAN_POINT('Ctrl Pts',(132.344382378601,16.7781089857965,34.8000000000002));
#6174=CARTESIAN_POINT('Ctrl Pts',(132.344382378601,16.7781089857965,34.5000000000002));
#6175=CARTESIAN_POINT('Ctrl Pts',(132.445372912472,16.774412842482,34.8000000000002));
#6176=CARTESIAN_POINT('Ctrl Pts',(132.445372912472,16.774412842482,34.5000000000002));
#6177=CARTESIAN_POINT('',(131.924398514813,16.990921946257,34.5000000000002));
#6178=CARTESIAN_POINT('Ctrl Pts',(131.924398514813,16.990921946257,34.5000000000002));
#6179=CARTESIAN_POINT('Ctrl Pts',(131.997179926373,16.9227210406701,34.5000000000002));
#6180=CARTESIAN_POINT('Ctrl Pts',(132.143664997937,16.7854550228578,34.5000000000002));
#6181=CARTESIAN_POINT('Ctrl Pts',(132.344382378601,16.7781089857965,34.5000000000002));
#6182=CARTESIAN_POINT('Ctrl Pts',(132.445372912472,16.774412842482,34.5000000000002));
#6183=CARTESIAN_POINT('',(131.924398514813,16.990921946257,34.5000000000002));
#6184=CARTESIAN_POINT('Ctrl Pts',(131.748484942501,17.4780665356812,34.8000000000002));
#6185=CARTESIAN_POINT('Ctrl Pts',(131.748484942501,17.4780665356812,34.5000000000002));
#6186=CARTESIAN_POINT('Ctrl Pts',(131.755707672552,17.3885463824302,34.8000000000002));
#6187=CARTESIAN_POINT('Ctrl Pts',(131.755707672552,17.3885463824302,34.5000000000002));
#6188=CARTESIAN_POINT('Ctrl Pts',(131.770100816499,17.2101544942124,34.8000000000002));
#6189=CARTESIAN_POINT('Ctrl Pts',(131.770100816499,17.2101544942124,34.5000000000002));
#6190=CARTESIAN_POINT('Ctrl Pts',(131.873090731183,17.0638221661442,34.8000000000002));
#6191=CARTESIAN_POINT('Ctrl Pts',(131.873090731183,17.0638221661442,34.5000000000002));
#6192=CARTESIAN_POINT('Ctrl Pts',(131.924398514813,16.990921946257,34.8000000000002));
#6193=CARTESIAN_POINT('Ctrl Pts',(131.924398514813,16.990921946257,34.5000000000002));
#6194=CARTESIAN_POINT('',(131.748484942501,17.4780665356812,34.5000000000002));
#6195=CARTESIAN_POINT('Ctrl Pts',(131.748484942501,17.4780665356812,34.5000000000002));
#6196=CARTESIAN_POINT('Ctrl Pts',(131.755707672552,17.3885463824302,34.5000000000002));
#6197=CARTESIAN_POINT('Ctrl Pts',(131.770100816499,17.2101544942124,34.5000000000002));
#6198=CARTESIAN_POINT('Ctrl Pts',(131.873090731183,17.0638221661442,34.5000000000002));
#6199=CARTESIAN_POINT('Ctrl Pts',(131.924398514813,16.990921946257,34.5000000000002));
#6200=CARTESIAN_POINT('',(131.748484942501,17.4780665356812,34.5000000000002));
#6201=CARTESIAN_POINT('Ctrl Pts',(132.296522233074,18.1478904206451,34.8000000000002));
#6202=CARTESIAN_POINT('Ctrl Pts',(132.296522233074,18.1478904206451,34.5000000000002));
#6203=CARTESIAN_POINT('Ctrl Pts',(132.136706067739,18.0866949772832,34.8000000000002));
#6204=CARTESIAN_POINT('Ctrl Pts',(132.136706067739,18.0866949772832,34.5000000000002));
#6205=CARTESIAN_POINT('Ctrl Pts',(131.824690021635,17.9672204533053,34.8000000000002));
#6206=CARTESIAN_POINT('Ctrl Pts',(131.824690021635,17.9672204533053,34.5000000000002));
#6207=CARTESIAN_POINT('Ctrl Pts',(131.773469875776,17.6384426960633,34.8000000000002));
#6208=CARTESIAN_POINT('Ctrl Pts',(131.773469875776,17.6384426960633,34.5000000000002));
#6209=CARTESIAN_POINT('Ctrl Pts',(131.748484942501,17.4780665356812,34.8000000000002));
#6210=CARTESIAN_POINT('Ctrl Pts',(131.748484942501,17.4780665356812,34.5000000000002));
#6211=CARTESIAN_POINT('',(132.296522233074,18.1478904206451,34.5000000000002));
#6212=CARTESIAN_POINT('Ctrl Pts',(132.296522233074,18.1478904206451,34.5000000000002));
#6213=CARTESIAN_POINT('Ctrl Pts',(132.136706067739,18.0866949772832,34.5000000000002));
#6214=CARTESIAN_POINT('Ctrl Pts',(131.824690021635,17.9672204533053,34.5000000000002));
#6215=CARTESIAN_POINT('Ctrl Pts',(131.773469875776,17.6384426960633,34.5000000000002));
#6216=CARTESIAN_POINT('Ctrl Pts',(131.748484942501,17.4780665356812,34.5000000000002));
#6217=CARTESIAN_POINT('',(132.296522233074,18.1478904206451,34.5000000000002));
#6218=CARTESIAN_POINT('Ctrl Pts',(134.623991820401,18.3643995244202,34.8000000000002));
#6219=CARTESIAN_POINT('Ctrl Pts',(134.623991820401,18.3643995244202,34.5000000000002));
#6220=CARTESIAN_POINT('Ctrl Pts',(134.181587224862,18.3611584899669,34.8000000000002));
#6221=CARTESIAN_POINT('Ctrl Pts',(134.181587224862,18.3611584899669,34.5000000000002));
#6222=CARTESIAN_POINT('Ctrl Pts',(133.399060224429,18.355425735392,34.8000000000002));
#6223=CARTESIAN_POINT('Ctrl Pts',(133.399060224429,18.355425735392,34.5000000000002));
#6224=CARTESIAN_POINT('Ctrl Pts',(132.630551602642,18.21076615907,34.8000000000002));
#6225=CARTESIAN_POINT('Ctrl Pts',(132.630551602642,18.21076615907,34.5000000000002));
#6226=CARTESIAN_POINT('Ctrl Pts',(132.296522233074,18.1478904206451,34.8000000000002));
#6227=CARTESIAN_POINT('Ctrl Pts',(132.296522233074,18.1478904206451,34.5000000000002));
#6228=CARTESIAN_POINT('',(134.623991820401,18.3643995244202,34.5000000000002));
#6229=CARTESIAN_POINT('Ctrl Pts',(134.623991820401,18.3643995244202,34.5000000000002));
#6230=CARTESIAN_POINT('Ctrl Pts',(134.181587224862,18.3611584899669,34.5000000000002));
#6231=CARTESIAN_POINT('Ctrl Pts',(133.399060224429,18.355425735392,34.5000000000002));
#6232=CARTESIAN_POINT('Ctrl Pts',(132.630551602642,18.21076615907,34.5000000000002));
#6233=CARTESIAN_POINT('Ctrl Pts',(132.296522233074,18.1478904206451,34.5000000000002));
#6234=CARTESIAN_POINT('',(134.623991820401,18.3643995244202,34.5000000000002));
#6235=CARTESIAN_POINT('Origin',(134.931840273922,18.3610166628059,34.5000000000002));
#6236=CARTESIAN_POINT('',(135.239688727444,18.3576338011917,34.5000000000002));
#6237=CARTESIAN_POINT('',(159.716840414805,18.0886611429843,34.5));
#6238=CARTESIAN_POINT('',(135.239688727444,18.3576338011917,34.5000000000002));
#6239=CARTESIAN_POINT('Ctrl Pts',(135.42236861903,21.0775254685577,34.8000000000002));
#6240=CARTESIAN_POINT('Ctrl Pts',(135.42236861903,21.0775254685577,34.5000000000002));
#6241=CARTESIAN_POINT('Ctrl Pts',(135.375731678656,20.5354063986111,34.8000000000002));
#6242=CARTESIAN_POINT('Ctrl Pts',(135.375731678656,20.5354063986111,34.5000000000002));
#6243=CARTESIAN_POINT('Ctrl Pts',(135.297831251568,19.6298730007927,34.8000000000002));
#6244=CARTESIAN_POINT('Ctrl Pts',(135.297831251568,19.6298730007927,34.5000000000002));
#6245=CARTESIAN_POINT('Ctrl Pts',(135.256340182738,18.7219907752851,34.8000000000002));
#6246=CARTESIAN_POINT('Ctrl Pts',(135.256340182738,18.7219907752851,34.5000000000002));
#6247=CARTESIAN_POINT('Ctrl Pts',(135.239688727444,18.3576338011917,34.8000000000002));
#6248=CARTESIAN_POINT('Ctrl Pts',(135.239688727444,18.3576338011917,34.5000000000002));
#6249=CARTESIAN_POINT('',(135.42236861903,21.0775254685577,34.5000000000002));
#6250=CARTESIAN_POINT('Ctrl Pts',(135.42236861903,21.0775254685577,34.5000000000002));
#6251=CARTESIAN_POINT('Ctrl Pts',(135.375731678656,20.5354063986111,34.5000000000002));
#6252=CARTESIAN_POINT('Ctrl Pts',(135.297831251568,19.6298730007927,34.5000000000002));
#6253=CARTESIAN_POINT('Ctrl Pts',(135.256340182738,18.7219907752851,34.5000000000002));
#6254=CARTESIAN_POINT('Ctrl Pts',(135.239688727444,18.3576338011917,34.5000000000002));
#6255=CARTESIAN_POINT('',(135.42236861903,21.0775254685577,34.5000000000002));
#6256=CARTESIAN_POINT('Ctrl Pts',(135.57798442561,23.7974171359238,34.8000000000002));
#6257=CARTESIAN_POINT('Ctrl Pts',(135.57798442561,23.7974171359238,34.5000000000002));
#6258=CARTESIAN_POINT('Ctrl Pts',(135.568447769974,23.4093197868373,34.8000000000002));
#6259=CARTESIAN_POINT('Ctrl Pts',(135.568447769974,23.4093197868373,34.5000000000002));
#6260=CARTESIAN_POINT('Ctrl Pts',(135.546129923104,22.5010876415546,34.8000000000002));
#6261=CARTESIAN_POINT('Ctrl Pts',(135.546129923104,22.5010876415546,34.5000000000002));
#6262=CARTESIAN_POINT('Ctrl Pts',(135.467435862469,21.5959106252162,34.8000000000002));
#6263=CARTESIAN_POINT('Ctrl Pts',(135.467435862469,21.5959106252162,34.5000000000002));
#6264=CARTESIAN_POINT('Ctrl Pts',(135.42236861903,21.0775254685577,34.8000000000002));
#6265=CARTESIAN_POINT('Ctrl Pts',(135.42236861903,21.0775254685577,34.5000000000002));
#6266=CARTESIAN_POINT('',(135.57798442561,23.7974171359238,34.5000000000002));
#6267=CARTESIAN_POINT('Ctrl Pts',(135.57798442561,23.7974171359238,34.5000000000002));
#6268=CARTESIAN_POINT('Ctrl Pts',(135.568447769974,23.4093197868373,34.5000000000002));
#6269=CARTESIAN_POINT('Ctrl Pts',(135.546129923104,22.5010876415546,34.5000000000002));
#6270=CARTESIAN_POINT('Ctrl Pts',(135.467435862469,21.5959106252162,34.5000000000002));
#6271=CARTESIAN_POINT('Ctrl Pts',(135.42236861903,21.0775254685577,34.5000000000002));
#6272=CARTESIAN_POINT('',(135.57798442561,23.7974171359238,34.5000000000002));
#6273=CARTESIAN_POINT('Ctrl Pts',(135.621961924618,24.7987703997788,34.8000000000002));
#6274=CARTESIAN_POINT('Ctrl Pts',(135.621961924618,24.7987703997788,34.5000000000002));
#6275=CARTESIAN_POINT('Ctrl Pts',(135.609251304351,24.6048856226157,34.8000000000002));
#6276=CARTESIAN_POINT('Ctrl Pts',(135.609251304351,24.6048856226157,34.5000000000002));
#6277=CARTESIAN_POINT('Ctrl Pts',(135.587388767752,24.2713996913296,34.8000000000002));
#6278=CARTESIAN_POINT('Ctrl Pts',(135.587388767752,24.2713996913296,34.5000000000002));
#6279=CARTESIAN_POINT('Ctrl Pts',(135.580759510911,23.9372825302869,34.8000000000002));
#6280=CARTESIAN_POINT('Ctrl Pts',(135.580759510911,23.9372825302869,34.5000000000002));
#6281=CARTESIAN_POINT('Ctrl Pts',(135.57798442561,23.7974171359238,34.8000000000002));
#6282=CARTESIAN_POINT('Ctrl Pts',(135.57798442561,23.7974171359238,34.5000000000002));
#6283=CARTESIAN_POINT('',(135.621961924618,24.7987703997788,34.5000000000002));
#6284=CARTESIAN_POINT('Ctrl Pts',(135.621961924618,24.7987703997788,34.5000000000002));
#6285=CARTESIAN_POINT('Ctrl Pts',(135.609251304351,24.6048856226157,34.5000000000002));
#6286=CARTESIAN_POINT('Ctrl Pts',(135.587388767752,24.2713996913296,34.5000000000002));
#6287=CARTESIAN_POINT('Ctrl Pts',(135.580759510911,23.9372825302869,34.5000000000002));
#6288=CARTESIAN_POINT('Ctrl Pts',(135.57798442561,23.7974171359238,34.5000000000002));
#6289=CARTESIAN_POINT('',(135.621961924618,24.7987703997788,34.5000000000002));
#6290=CARTESIAN_POINT('Ctrl Pts',(135.665940615719,25.7933573443588,34.8000000000002));
#6291=CARTESIAN_POINT('Ctrl Pts',(135.665940615719,25.7933573443588,34.5000000000002));
#6292=CARTESIAN_POINT('Ctrl Pts',(135.663146160103,25.655183739469,34.8000000000002));
#6293=CARTESIAN_POINT('Ctrl Pts',(135.663146160103,25.655183739469,34.5000000000002));
#6294=CARTESIAN_POINT('Ctrl Pts',(135.656434539784,25.3233234770413,34.8000000000002));
#6295=CARTESIAN_POINT('Ctrl Pts',(135.656434539784,25.3233234770413,34.5000000000002));
#6296=CARTESIAN_POINT('Ctrl Pts',(135.634666566876,24.9920907835094,34.8000000000002));
#6297=CARTESIAN_POINT('Ctrl Pts',(135.634666566876,24.9920907835094,34.5000000000002));
#6298=CARTESIAN_POINT('Ctrl Pts',(135.621961924618,24.7987703997788,34.8000000000002));
#6299=CARTESIAN_POINT('Ctrl Pts',(135.621961924618,24.7987703997788,34.5000000000002));
#6300=CARTESIAN_POINT('',(135.665940615719,25.7933573443588,34.5000000000002));
#6301=CARTESIAN_POINT('Ctrl Pts',(135.665940615719,25.7933573443588,34.5000000000002));
#6302=CARTESIAN_POINT('Ctrl Pts',(135.663146160103,25.655183739469,34.5000000000002));
#6303=CARTESIAN_POINT('Ctrl Pts',(135.656434539784,25.3233234770413,34.5000000000002));
#6304=CARTESIAN_POINT('Ctrl Pts',(135.634666566876,24.9920907835094,34.5000000000002));
#6305=CARTESIAN_POINT('Ctrl Pts',(135.621961924618,24.7987703997788,34.5000000000002));
#6306=CARTESIAN_POINT('',(135.665940615719,25.7933573443588,34.5000000000002));
#6307=CARTESIAN_POINT('Ctrl Pts',(135.63211140353,26.0978226382431,34.8000000000002));
#6308=CARTESIAN_POINT('Ctrl Pts',(135.63211140353,26.0978226382431,34.5000000000002));
#6309=CARTESIAN_POINT('Ctrl Pts',(135.641879799683,26.0387580537431,34.8000000000002));
#6310=CARTESIAN_POINT('Ctrl Pts',(135.641879799683,26.0387580537431,34.5000000000002));
#6311=CARTESIAN_POINT('Ctrl Pts',(135.658570786201,25.9378360427905,34.8000000000002));
#6312=CARTESIAN_POINT('Ctrl Pts',(135.658570786201,25.9378360427905,34.5000000000002));
#6313=CARTESIAN_POINT('Ctrl Pts',(135.663780065834,25.8357129286325,34.8000000000002));
#6314=CARTESIAN_POINT('Ctrl Pts',(135.663780065834,25.8357129286325,34.5000000000002));
#6315=CARTESIAN_POINT('Ctrl Pts',(135.665940615719,25.7933573443588,34.8000000000002));
#6316=CARTESIAN_POINT('Ctrl Pts',(135.665940615719,25.7933573443588,34.5000000000002));
#6317=CARTESIAN_POINT('',(135.63211140353,26.0978226382431,34.5000000000002));
#6318=CARTESIAN_POINT('Ctrl Pts',(135.63211140353,26.0978226382431,34.5000000000002));
#6319=CARTESIAN_POINT('Ctrl Pts',(135.641879799683,26.0387580537431,34.5000000000002));
#6320=CARTESIAN_POINT('Ctrl Pts',(135.658570786201,25.9378360427905,34.5000000000002));
#6321=CARTESIAN_POINT('Ctrl Pts',(135.663780065834,25.8357129286325,34.5000000000002));
#6322=CARTESIAN_POINT('Ctrl Pts',(135.665940615719,25.7933573443588,34.5000000000002));
#6323=CARTESIAN_POINT('',(135.63211140353,26.0978226382431,34.5000000000002));
#6324=CARTESIAN_POINT('Ctrl Pts',(135.598282191342,26.4022879321274,34.8000000000002));
#6325=CARTESIAN_POINT('Ctrl Pts',(135.598282191342,26.4022879321274,34.5000000000002));
#6326=CARTESIAN_POINT('Ctrl Pts',(135.600442741226,26.3599323478537,34.8000000000002));
#6327=CARTESIAN_POINT('Ctrl Pts',(135.600442741226,26.3599323478537,34.5000000000002));
#6328=CARTESIAN_POINT('Ctrl Pts',(135.60565202086,26.2578092336957,34.8000000000002));
#6329=CARTESIAN_POINT('Ctrl Pts',(135.60565202086,26.2578092336957,34.5000000000002));
#6330=CARTESIAN_POINT('Ctrl Pts',(135.622343007377,26.1568872227431,34.8000000000002));
#6331=CARTESIAN_POINT('Ctrl Pts',(135.622343007377,26.1568872227431,34.5000000000002));
#6332=CARTESIAN_POINT('Ctrl Pts',(135.63211140353,26.0978226382431,34.8000000000002));
#6333=CARTESIAN_POINT('Ctrl Pts',(135.63211140353,26.0978226382431,34.5000000000002));
#6334=CARTESIAN_POINT('',(135.598282191342,26.4022879321274,34.5000000000002));
#6335=CARTESIAN_POINT('Ctrl Pts',(135.598282191342,26.4022879321274,34.5000000000002));
#6336=CARTESIAN_POINT('Ctrl Pts',(135.600442741226,26.3599323478537,34.5000000000002));
#6337=CARTESIAN_POINT('Ctrl Pts',(135.60565202086,26.2578092336957,34.5000000000002));
#6338=CARTESIAN_POINT('Ctrl Pts',(135.622343007377,26.1568872227431,34.5000000000002));
#6339=CARTESIAN_POINT('Ctrl Pts',(135.63211140353,26.0978226382431,34.5000000000002));
#6340=CARTESIAN_POINT('',(135.598282191342,26.4022879321274,34.5000000000002));
#6341=CARTESIAN_POINT('Ctrl Pts',(135.814790103024,26.889433117598,34.8000000000002));
#6342=CARTESIAN_POINT('Ctrl Pts',(135.814790103024,26.889433117598,34.5000000000002));
#6343=CARTESIAN_POINT('Ctrl Pts',(135.7516442727,26.8212960016611,34.8000000000002));
#6344=CARTESIAN_POINT('Ctrl Pts',(135.7516442727,26.8212960016611,34.5000000000002));
#6345=CARTESIAN_POINT('Ctrl Pts',(135.624101807612,26.6836720970253,34.8000000000002));
#6346=CARTESIAN_POINT('Ctrl Pts',(135.624101807612,26.6836720970253,34.5000000000002));
#6347=CARTESIAN_POINT('Ctrl Pts',(135.606944816101,26.4966938833348,34.8000000000002));
#6348=CARTESIAN_POINT('Ctrl Pts',(135.606944816101,26.4966938833348,34.5000000000002));
#6349=CARTESIAN_POINT('Ctrl Pts',(135.598282191342,26.4022879321274,34.8000000000002));
#6350=CARTESIAN_POINT('Ctrl Pts',(135.598282191342,26.4022879321274,34.5000000000002));
#6351=CARTESIAN_POINT('',(135.814790103024,26.889433117598,34.5000000000002));
#6352=CARTESIAN_POINT('Ctrl Pts',(135.814790103024,26.889433117598,34.5000000000002));
#6353=CARTESIAN_POINT('Ctrl Pts',(135.7516442727,26.8212960016611,34.5000000000002));
#6354=CARTESIAN_POINT('Ctrl Pts',(135.624101807612,26.6836720970253,34.5000000000002));
#6355=CARTESIAN_POINT('Ctrl Pts',(135.606944816101,26.4966938833348,34.5000000000002));
#6356=CARTESIAN_POINT('Ctrl Pts',(135.598282191342,26.4022879321274,34.5000000000002));
#6357=CARTESIAN_POINT('',(135.814790103024,26.889433117598,34.5000000000002));
#6358=CARTESIAN_POINT('Ctrl Pts',(136.301934096401,27.0788781363663,34.8000000000002));
#6359=CARTESIAN_POINT('Ctrl Pts',(136.301934096401,27.0788781363663,34.5000000000002));
#6360=CARTESIAN_POINT('Ctrl Pts',(136.213391635782,27.0704659881061,34.8000000000002));
#6361=CARTESIAN_POINT('Ctrl Pts',(136.213391635782,27.0704659881061,34.5000000000002));
#6362=CARTESIAN_POINT('Ctrl Pts',(136.033274681484,27.0533536274021,34.8000000000002));
#6363=CARTESIAN_POINT('Ctrl Pts',(136.033274681484,27.0533536274021,34.5000000000002));
#6364=CARTESIAN_POINT('Ctrl Pts',(135.888431046815,26.9446830630807,34.8000000000002));
#6365=CARTESIAN_POINT('Ctrl Pts',(135.888431046815,26.9446830630807,34.5000000000002));
#6366=CARTESIAN_POINT('Ctrl Pts',(135.814790103024,26.889433117598,34.8000000000002));
#6367=CARTESIAN_POINT('Ctrl Pts',(135.814790103024,26.889433117598,34.5000000000002));
#6368=CARTESIAN_POINT('',(136.301934096401,27.0788781363663,34.5000000000002));
#6369=CARTESIAN_POINT('Ctrl Pts',(136.301934096401,27.0788781363663,34.5000000000002));
#6370=CARTESIAN_POINT('Ctrl Pts',(136.213391635782,27.0704659881061,34.5000000000002));
#6371=CARTESIAN_POINT('Ctrl Pts',(136.033274681484,27.0533536274021,34.5000000000002));
#6372=CARTESIAN_POINT('Ctrl Pts',(135.888431046815,26.9446830630807,34.5000000000002));
#6373=CARTESIAN_POINT('Ctrl Pts',(135.814790103024,26.889433117598,34.5000000000002));
#6374=CARTESIAN_POINT('',(136.301934096401,27.0788781363663,34.5000000000002));
#6375=CARTESIAN_POINT('Ctrl Pts',(136.890568110531,26.6323284823593,34.8000000000002));
#6376=CARTESIAN_POINT('Ctrl Pts',(136.890568110531,26.6323284823593,34.5000000000002));
#6377=CARTESIAN_POINT('Ctrl Pts',(136.823347745407,26.7624155414624,34.8000000000002));
#6378=CARTESIAN_POINT('Ctrl Pts',(136.823347745407,26.7624155414624,34.5000000000002));
#6379=CARTESIAN_POINT('Ctrl Pts',(136.696854507854,27.0072094106881,34.8000000000002));
#6380=CARTESIAN_POINT('Ctrl Pts',(136.696854507854,27.0072094106881,34.5000000000002));
#6381=CARTESIAN_POINT('Ctrl Pts',(136.427942371914,27.0560106109891,34.8000000000002));
#6382=CARTESIAN_POINT('Ctrl Pts',(136.427942371914,27.0560106109891,34.5000000000002));
#6383=CARTESIAN_POINT('Ctrl Pts',(136.301934096401,27.0788781363663,34.8000000000002));
#6384=CARTESIAN_POINT('Ctrl Pts',(136.301934096401,27.0788781363663,34.5000000000002));
#6385=CARTESIAN_POINT('',(136.890568110531,26.6323284823593,34.5000000000002));
#6386=CARTESIAN_POINT('Ctrl Pts',(136.890568110531,26.6323284823593,34.5000000000002));
#6387=CARTESIAN_POINT('Ctrl Pts',(136.823347745407,26.7624155414624,34.5000000000002));
#6388=CARTESIAN_POINT('Ctrl Pts',(136.696854507854,27.0072094106881,34.5000000000002));
#6389=CARTESIAN_POINT('Ctrl Pts',(136.427942371914,27.0560106109891,34.5000000000002));
#6390=CARTESIAN_POINT('Ctrl Pts',(136.301934096401,27.0788781363663,34.5000000000002));
#6391=CARTESIAN_POINT('',(136.890568110531,26.6323284823593,34.5000000000002));
#6392=CARTESIAN_POINT('Ctrl Pts',(137.039417597836,25.8407191950974,34.8000000000002));
#6393=CARTESIAN_POINT('Ctrl Pts',(137.039417597836,25.8407191950974,34.5000000000002));
#6394=CARTESIAN_POINT('Ctrl Pts',(137.034866464834,25.9848955751846,34.8000000000002));
#6395=CARTESIAN_POINT('Ctrl Pts',(137.034866464834,25.9848955751846,34.5000000000002));
#6396=CARTESIAN_POINT('Ctrl Pts',(137.026284843642,26.2567547096825,34.8000000000002));
#6397=CARTESIAN_POINT('Ctrl Pts',(137.026284843642,26.2567547096825,34.5000000000002));
#6398=CARTESIAN_POINT('Ctrl Pts',(136.933939498574,26.5123052880184,34.8000000000002));
#6399=CARTESIAN_POINT('Ctrl Pts',(136.933939498574,26.5123052880184,34.5000000000002));
#6400=CARTESIAN_POINT('Ctrl Pts',(136.890568110531,26.6323284823593,34.8000000000002));
#6401=CARTESIAN_POINT('Ctrl Pts',(136.890568110531,26.6323284823593,34.5000000000002));
#6402=CARTESIAN_POINT('',(137.039417597836,25.8407191950974,34.5000000000002));
#6403=CARTESIAN_POINT('Ctrl Pts',(137.039417597836,25.8407191950974,34.5000000000002));
#6404=CARTESIAN_POINT('Ctrl Pts',(137.034866464834,25.9848955751846,34.5000000000002));
#6405=CARTESIAN_POINT('Ctrl Pts',(137.026284843642,26.2567547096825,34.5000000000002));
#6406=CARTESIAN_POINT('Ctrl Pts',(136.933939498574,26.5123052880184,34.5000000000002));
#6407=CARTESIAN_POINT('Ctrl Pts',(136.890568110531,26.6323284823593,34.5000000000002));
#6408=CARTESIAN_POINT('',(137.039417597836,25.8407191950974,34.5000000000002));
#6409=CARTESIAN_POINT('Ctrl Pts',(136.992055747097,25.1167671401199,34.8000000000002));
#6410=CARTESIAN_POINT('Ctrl Pts',(136.992055747097,25.1167671401199,34.5000000000002));
#6411=CARTESIAN_POINT('Ctrl Pts',(137.005741439507,25.2570457017929,34.8000000000002));
#6412=CARTESIAN_POINT('Ctrl Pts',(137.005741439507,25.2570457017929,34.5000000000002));
#6413=CARTESIAN_POINT('Ctrl Pts',(137.029238159786,25.4978874528634,34.8000000000002));
#6414=CARTESIAN_POINT('Ctrl Pts',(137.029238159786,25.4978874528634,34.5000000000002));
#6415=CARTESIAN_POINT('Ctrl Pts',(137.036419173867,25.7397357313593,34.8000000000002));
#6416=CARTESIAN_POINT('Ctrl Pts',(137.036419173867,25.7397357313593,34.5000000000002));
#6417=CARTESIAN_POINT('Ctrl Pts',(137.039417597836,25.8407191950974,34.8000000000002));
#6418=CARTESIAN_POINT('Ctrl Pts',(137.039417597836,25.8407191950974,34.5000000000002));
#6419=CARTESIAN_POINT('',(136.992055747097,25.1167671401199,34.5000000000002));
#6420=CARTESIAN_POINT('Ctrl Pts',(136.992055747097,25.1167671401199,34.5000000000002));
#6421=CARTESIAN_POINT('Ctrl Pts',(137.005741439507,25.2570457017929,34.5000000000002));
#6422=CARTESIAN_POINT('Ctrl Pts',(137.029238159786,25.4978874528634,34.5000000000002));
#6423=CARTESIAN_POINT('Ctrl Pts',(137.036419173867,25.7397357313593,34.5000000000002));
#6424=CARTESIAN_POINT('Ctrl Pts',(137.039417597836,25.8407191950974,34.5000000000002));
#6425=CARTESIAN_POINT('',(136.992055747097,25.1167671401199,34.5000000000002));
#6426=CARTESIAN_POINT('Ctrl Pts',(136.944696280545,24.3995825965103,34.8000000000002));
#6427=CARTESIAN_POINT('Ctrl Pts',(136.944696280545,24.3995825965103,34.5000000000002));
#6428=CARTESIAN_POINT('Ctrl Pts',(136.947724445375,24.4988727082906,34.8000000000002));
#6429=CARTESIAN_POINT('Ctrl Pts',(136.947724445375,24.4988727082906,34.5000000000002));
#6430=CARTESIAN_POINT('Ctrl Pts',(136.955031462798,24.7384615738884,34.8000000000002));
#6431=CARTESIAN_POINT('Ctrl Pts',(136.955031462798,24.7384615738884,34.5000000000002));
#6432=CARTESIAN_POINT('Ctrl Pts',(136.978382069192,24.9770526645963,34.8000000000002));
#6433=CARTESIAN_POINT('Ctrl Pts',(136.978382069192,24.9770526645963,34.5000000000002));
#6434=CARTESIAN_POINT('Ctrl Pts',(136.992055747097,25.1167671401199,34.8000000000002));
#6435=CARTESIAN_POINT('Ctrl Pts',(136.992055747097,25.1167671401199,34.5000000000002));
#6436=CARTESIAN_POINT('',(136.944696280545,24.3995825965103,34.5000000000002));
#6437=CARTESIAN_POINT('Ctrl Pts',(136.944696280545,24.3995825965103,34.5000000000002));
#6438=CARTESIAN_POINT('Ctrl Pts',(136.947724445375,24.4988727082906,34.5000000000002));
#6439=CARTESIAN_POINT('Ctrl Pts',(136.955031462798,24.7384615738884,34.5000000000002));
#6440=CARTESIAN_POINT('Ctrl Pts',(136.978382069192,24.9770526645963,34.5000000000002));
#6441=CARTESIAN_POINT('Ctrl Pts',(136.992055747097,25.1167671401199,34.5000000000002));
#6442=CARTESIAN_POINT('',(136.944696280545,24.3995825965103,34.5000000000002));
#6443=CARTESIAN_POINT('Ctrl Pts',(136.79584679324,21.3616929967102,34.8000000000002));
#6444=CARTESIAN_POINT('Ctrl Pts',(136.79584679324,21.3616929967102,34.5000000000002));
#6445=CARTESIAN_POINT('Ctrl Pts',(136.838958656274,21.9404673276443,34.8000000000002));
#6446=CARTESIAN_POINT('Ctrl Pts',(136.838958656274,21.9404673276443,34.5000000000002));
#6447=CARTESIAN_POINT('Ctrl Pts',(136.914298691899,22.9519030588686,34.8000000000002));
#6448=CARTESIAN_POINT('Ctrl Pts',(136.914298691899,22.9519030588686,34.5000000000002));
#6449=CARTESIAN_POINT('Ctrl Pts',(136.935588954603,23.965847882786,34.8000000000002));
#6450=CARTESIAN_POINT('Ctrl Pts',(136.935588954603,23.965847882786,34.5000000000002));
#6451=CARTESIAN_POINT('Ctrl Pts',(136.944696280545,24.3995825965103,34.8000000000002));
#6452=CARTESIAN_POINT('Ctrl Pts',(136.944696280545,24.3995825965103,34.5000000000002));
#6453=CARTESIAN_POINT('',(136.79584679324,21.3616929967102,34.5000000000002));
#6454=CARTESIAN_POINT('Ctrl Pts',(136.79584679324,21.3616929967102,34.5000000000002));
#6455=CARTESIAN_POINT('Ctrl Pts',(136.838958656274,21.9404673276443,34.5000000000002));
#6456=CARTESIAN_POINT('Ctrl Pts',(136.914298691899,22.9519030588686,34.5000000000002));
#6457=CARTESIAN_POINT('Ctrl Pts',(136.935588954603,23.965847882786,34.5000000000002));
#6458=CARTESIAN_POINT('Ctrl Pts',(136.944696280545,24.3995825965103,34.5000000000002));
#6459=CARTESIAN_POINT('',(136.79584679324,21.3616929967102,34.5000000000002));
#6460=CARTESIAN_POINT('Ctrl Pts',(136.613165709561,18.330569716185,34.8000000000002));
#6461=CARTESIAN_POINT('Ctrl Pts',(136.613165709561,18.330569716185,34.5000000000002));
#6462=CARTESIAN_POINT('Ctrl Pts',(136.629749502064,18.7388961645107,34.8000000000002));
#6463=CARTESIAN_POINT('Ctrl Pts',(136.629749502064,18.7388961645107,34.5000000000002));
#6464=CARTESIAN_POINT('Ctrl Pts',(136.670831487372,19.7504175730155,34.8000000000002));
#6465=CARTESIAN_POINT('Ctrl Pts',(136.670831487372,19.7504175730155,34.5000000000002));
#6466=CARTESIAN_POINT('Ctrl Pts',(136.749145958401,20.7597834391665,34.8000000000002));
#6467=CARTESIAN_POINT('Ctrl Pts',(136.749145958401,20.7597834391665,34.5000000000002));
#6468=CARTESIAN_POINT('Ctrl Pts',(136.79584679324,21.3616929967102,34.8000000000002));
#6469=CARTESIAN_POINT('Ctrl Pts',(136.79584679324,21.3616929967102,34.5000000000002));
#6470=CARTESIAN_POINT('',(136.613165709561,18.330569716185,34.5000000000002));
#6471=CARTESIAN_POINT('Ctrl Pts',(136.613165709561,18.330569716185,34.5000000000002));
#6472=CARTESIAN_POINT('Ctrl Pts',(136.629749502064,18.7388961645107,34.5000000000002));
#6473=CARTESIAN_POINT('Ctrl Pts',(136.670831487372,19.7504175730155,34.5000000000002));
#6474=CARTESIAN_POINT('Ctrl Pts',(136.749145958401,20.7597834391665,34.5000000000002));
#6475=CARTESIAN_POINT('Ctrl Pts',(136.79584679324,21.3616929967102,34.5000000000002));
#6476=CARTESIAN_POINT('',(136.613165709561,18.330569716185,34.5000000000002));
#6477=CARTESIAN_POINT('Origin',(136.853355738705,18.330569716185,34.5000000000002));
#6478=CARTESIAN_POINT('',(137.093545767849,18.330569716185,34.5000000000002));
#6479=CARTESIAN_POINT('',(160.926677869353,18.330569716185,34.5));
#6480=CARTESIAN_POINT('',(137.093545767849,18.330569716185,34.5000000000002));
#6481=CARTESIAN_POINT('Ctrl Pts',(138.636171195095,18.3982287366089,34.8000000000002));
#6482=CARTESIAN_POINT('Ctrl Pts',(138.636171195095,18.3982287366089,34.5000000000002));
#6483=CARTESIAN_POINT('Ctrl Pts',(138.338610915661,18.3767592405442,34.8000000000002));
#6484=CARTESIAN_POINT('Ctrl Pts',(138.338610915661,18.3767592405442,34.5000000000002));
#6485=CARTESIAN_POINT('Ctrl Pts',(137.824992862681,18.3397007971655,34.8000000000002));
#6486=CARTESIAN_POINT('Ctrl Pts',(137.824992862681,18.3397007971655,34.5000000000002));
#6487=CARTESIAN_POINT('Ctrl Pts',(137.310128015788,18.3332734387903,34.8000000000002));
#6488=CARTESIAN_POINT('Ctrl Pts',(137.310128015788,18.3332734387903,34.5000000000002));
#6489=CARTESIAN_POINT('Ctrl Pts',(137.093545767849,18.330569716185,34.8000000000002));
#6490=CARTESIAN_POINT('Ctrl Pts',(137.093545767849,18.330569716185,34.5000000000002));
#6491=CARTESIAN_POINT('',(138.636171195095,18.3982287366089,34.5000000000002));
#6492=CARTESIAN_POINT('Ctrl Pts',(138.636171195095,18.3982287366089,34.5000000000002));
#6493=CARTESIAN_POINT('Ctrl Pts',(138.338610915661,18.3767592405442,34.5000000000002));
#6494=CARTESIAN_POINT('Ctrl Pts',(137.824992862681,18.3397007971655,34.5000000000002));
#6495=CARTESIAN_POINT('Ctrl Pts',(137.310128015788,18.3332734387903,34.5000000000002));
#6496=CARTESIAN_POINT('Ctrl Pts',(137.093545767849,18.330569716185,34.5000000000002));
#6497=CARTESIAN_POINT('',(138.636171195095,18.3982287366089,34.5000000000002));
#6498=CARTESIAN_POINT('Ctrl Pts',(140.178796622341,18.4794197995361,34.8000000000002));
#6499=CARTESIAN_POINT('Ctrl Pts',(140.178796622341,18.4794197995361,34.5000000000002));
#6500=CARTESIAN_POINT('Ctrl Pts',(139.966722041181,18.4741876590206,34.8000000000002));
#6501=CARTESIAN_POINT('Ctrl Pts',(139.966722041181,18.4741876590206,34.5000000000002));
#6502=CARTESIAN_POINT('Ctrl Pts',(139.451802396293,18.4614839586453,34.8000000000002));
#6503=CARTESIAN_POINT('Ctrl Pts',(139.451802396293,18.4614839586453,34.5000000000002));
#6504=CARTESIAN_POINT('Ctrl Pts',(138.938226151127,18.4216542177368,34.8000000000002));
#6505=CARTESIAN_POINT('Ctrl Pts',(138.938226151127,18.4216542177368,34.5000000000002));
#6506=CARTESIAN_POINT('Ctrl Pts',(138.636171195095,18.3982287366089,34.8000000000002));
#6507=CARTESIAN_POINT('Ctrl Pts',(138.636171195095,18.3982287366089,34.5000000000002));
#6508=CARTESIAN_POINT('',(140.178796622341,18.4794197995361,34.5000000000002));
#6509=CARTESIAN_POINT('Ctrl Pts',(140.178796622341,18.4794197995361,34.5000000000002));
#6510=CARTESIAN_POINT('Ctrl Pts',(139.966722041181,18.4741876590206,34.5000000000002));
#6511=CARTESIAN_POINT('Ctrl Pts',(139.451802396293,18.4614839586453,34.5000000000002));
#6512=CARTESIAN_POINT('Ctrl Pts',(138.938226151127,18.4216542177368,34.5000000000002));
#6513=CARTESIAN_POINT('Ctrl Pts',(138.636171195095,18.3982287366089,34.5000000000002));
#6514=CARTESIAN_POINT('',(140.178796622341,18.4794197995361,34.5000000000002));
#6515=CARTESIAN_POINT('Ctrl Pts',(140.665940615719,18.2798258979019,34.8000000000002));
#6516=CARTESIAN_POINT('Ctrl Pts',(140.665940615719,18.2798258979019,34.5000000000002));
#6517=CARTESIAN_POINT('Ctrl Pts',(140.596072400863,18.3380387574366,34.8000000000002));
#6518=CARTESIAN_POINT('Ctrl Pts',(140.596072400863,18.3380387574366,34.5000000000002));
#6519=CARTESIAN_POINT('Ctrl Pts',(140.454796205794,18.4557473795354,34.8000000000002));
#6520=CARTESIAN_POINT('Ctrl Pts',(140.454796205794,18.4557473795354,34.5000000000002));
#6521=CARTESIAN_POINT('Ctrl Pts',(140.271462533042,18.4714718659545,34.8000000000002));
#6522=CARTESIAN_POINT('Ctrl Pts',(140.271462533042,18.4714718659545,34.5000000000002));
#6523=CARTESIAN_POINT('Ctrl Pts',(140.178796622341,18.4794197995361,34.8000000000002));
#6524=CARTESIAN_POINT('Ctrl Pts',(140.178796622341,18.4794197995361,34.5000000000002));
#6525=CARTESIAN_POINT('Ctrl Pts',(140.665940615719,18.2798258979019,34.5000000000002));
#6526=CARTESIAN_POINT('Ctrl Pts',(140.596072400863,18.3380387574366,34.5000000000002));
#6527=CARTESIAN_POINT('Ctrl Pts',(140.454796205794,18.4557473795354,34.5000000000002));
#6528=CARTESIAN_POINT('Ctrl Pts',(140.271462533042,18.4714718659545,34.5000000000002));
#6529=CARTESIAN_POINT('Ctrl Pts',(140.178796622341,18.4794197995361,34.5000000000002));
#6530=CARTESIAN_POINT('Origin',(185.,63.1499999999999,34.8000000000002));
#6531=CARTESIAN_POINT('',(121.687592837399,26.3819901663956,34.8000000000002));
#6532=CARTESIAN_POINT('',(121.501530382221,26.8488375861343,34.8000000000002));
#6533=CARTESIAN_POINT('Ctrl Pts',(121.687592837399,26.3819901663956,34.8000000000002));
#6534=CARTESIAN_POINT('Ctrl Pts',(121.6806187284,26.4717058470642,34.8000000000002));
#6535=CARTESIAN_POINT('Ctrl Pts',(121.667000101058,26.6468973191088,34.8000000000002));
#6536=CARTESIAN_POINT('Ctrl Pts',(121.555789804677,26.7826190517922,34.8000000000002));
#6537=CARTESIAN_POINT('Ctrl Pts',(121.501530382221,26.8488375861343,34.8000000000002));
#6538=CARTESIAN_POINT('',(121.501530382221,25.9185270983872,34.8000000000002));
#6539=CARTESIAN_POINT('Ctrl Pts',(121.501530382221,25.9185270983872,34.8000000000002));
#6540=CARTESIAN_POINT('Ctrl Pts',(121.555795312721,25.9850205492634,34.8000000000002));
#6541=CARTESIAN_POINT('Ctrl Pts',(121.665958691809,26.1200090799479,34.8000000000002));
#6542=CARTESIAN_POINT('Ctrl Pts',(121.680310518566,26.2938041184823,34.8000000000002));
#6543=CARTESIAN_POINT('Ctrl Pts',(121.687592837399,26.3819901663956,34.8000000000002));
#6544=CARTESIAN_POINT('',(121.031300398892,25.7324640471634,34.8000000000002));
#6545=CARTESIAN_POINT('Ctrl Pts',(121.031300398892,25.7324640471634,34.8000000000002));
#6546=CARTESIAN_POINT('Ctrl Pts',(121.121232467444,25.7395249928917,34.8000000000002));
#6547=CARTESIAN_POINT('Ctrl Pts',(121.297296173678,25.7533484965034,34.8000000000002));
#6548=CARTESIAN_POINT('Ctrl Pts',(121.434439080791,25.8642656333372,34.8000000000002));
#6549=CARTESIAN_POINT('Ctrl Pts',(121.501530382221,25.9185270983872,34.8000000000002));
#6550=CARTESIAN_POINT('',(120.320880982464,25.7459966857132,34.8000000000002));
#6551=CARTESIAN_POINT('',(120.320880982464,25.7459966857132,34.8000000000002));
#6552=CARTESIAN_POINT('',(120.259988281315,24.8258332926926,34.8000000000002));
#6553=CARTESIAN_POINT('Ctrl Pts',(120.259988281315,24.8258332926926,34.8000000000002));
#6554=CARTESIAN_POINT('Ctrl Pts',(120.275844872139,24.9959957921586,34.8000000000002));
#6555=CARTESIAN_POINT('Ctrl Pts',(120.304377492083,25.3021890956245,34.8000000000002));
#6556=CARTESIAN_POINT('Ctrl Pts',(120.315804409235,25.6094787929031,34.8000000000002));
#6557=CARTESIAN_POINT('Ctrl Pts',(120.320880982464,25.7459966857132,34.8000000000002));
#6558=CARTESIAN_POINT('',(120.205860707348,23.8718418795761,34.8000000000002));
#6559=CARTESIAN_POINT('Ctrl Pts',(120.205860707348,23.8718418795761,34.8000000000002));
#6560=CARTESIAN_POINT('Ctrl Pts',(120.208826908165,24.0168295053679,34.8000000000002));
#6561=CARTESIAN_POINT('Ctrl Pts',(120.215345467883,24.3354561106671,34.8000000000002));
#6562=CARTESIAN_POINT('Ctrl Pts',(120.24424122768,24.6528604177066,34.8000000000002));
#6563=CARTESIAN_POINT('Ctrl Pts',(120.259988281315,24.8258332926926,34.8000000000002));
#6564=CARTESIAN_POINT('',(120.368242237156,21.5782021004852,34.8000000000002));
#6565=CARTESIAN_POINT('Ctrl Pts',(120.368242237156,21.5782021004852,34.8000000000002));
#6566=CARTESIAN_POINT('Ctrl Pts',(120.321341321166,22.0237670458686,34.8000000000002));
#6567=CARTESIAN_POINT('Ctrl Pts',(120.24104760662,22.7865680227866,34.8000000000002));
#6568=CARTESIAN_POINT('Ctrl Pts',(120.216196049748,23.5530676442844,34.8000000000002));
#6569=CARTESIAN_POINT('Ctrl Pts',(120.205860707348,23.8718418795761,34.8000000000002));
#6570=CARTESIAN_POINT('',(120.530623766964,19.2777960021194,34.8000000000002));
#6571=CARTESIAN_POINT('Ctrl Pts',(120.530623766964,19.2777960021194,34.8000000000002));
#6572=CARTESIAN_POINT('Ctrl Pts',(120.52032017094,19.5982633939286,34.8000000000002));
#6573=CARTESIAN_POINT('Ctrl Pts',(120.49560320164,20.3670224432867,34.8000000000002));
#6574=CARTESIAN_POINT('Ctrl Pts',(120.415154709703,21.1320730008235,34.8000000000002));
#6575=CARTESIAN_POINT('Ctrl Pts',(120.368242237156,21.5782021004852,34.8000000000002));
#6576=CARTESIAN_POINT('',(120.506943437641,18.6012057978806,34.8000000000002));
#6577=CARTESIAN_POINT('Ctrl Pts',(120.506943437641,18.6012057978806,34.8000000000002));
#6578=CARTESIAN_POINT('Ctrl Pts',(120.513781234651,18.7331106197208,34.8000000000002));
#6579=CARTESIAN_POINT('Ctrl Pts',(120.525465978318,18.9585156777266,34.8000000000002));
#6580=CARTESIAN_POINT('Ctrl Pts',(120.529111548556,19.1841858103811,34.8000000000002));
#6581=CARTESIAN_POINT('Ctrl Pts',(120.530623766964,19.2777960021194,34.8000000000002));
#6582=CARTESIAN_POINT('',(120.483262512272,17.9246161896881,34.8000000000002));
#6583=CARTESIAN_POINT('Ctrl Pts',(120.483262512272,17.9246161896881,34.8000000000002));
#6584=CARTESIAN_POINT('Ctrl Pts',(120.484774968806,18.0182263806311,34.8000000000002));
#6585=CARTESIAN_POINT('Ctrl Pts',(120.4884211098,18.2438963069896,34.8000000000002));
#6586=CARTESIAN_POINT('Ctrl Pts',(120.500105721971,18.469301173046,34.8000000000002));
#6587=CARTESIAN_POINT('Ctrl Pts',(120.506943437641,18.6012057978806,34.8000000000002));
#6588=CARTESIAN_POINT('',(120.523858043736,17.4611519295868,34.8000000000002));
#6589=CARTESIAN_POINT('Ctrl Pts',(120.523858043736,17.4611519295868,34.8000000000002));
#6590=CARTESIAN_POINT('Ctrl Pts',(120.51213041186,17.5509516970948,34.8000000000002));
#6591=CARTESIAN_POINT('Ctrl Pts',(120.492025507598,17.7048971609051,34.8000000000002));
#6592=CARTESIAN_POINT('Ctrl Pts',(120.48583991356,17.8599916992463,34.8000000000002));
#6593=CARTESIAN_POINT('Ctrl Pts',(120.483262512272,17.9246161896881,34.8000000000002));
#6594=CARTESIAN_POINT('',(120.564453575199,16.9976882655319,34.8000000000002));
#6595=CARTESIAN_POINT('Ctrl Pts',(120.564453575199,16.9976882655319,34.8000000000002));
#6596=CARTESIAN_POINT('Ctrl Pts',(120.561876167834,17.0623125568551,34.8000000000002));
#6597=CARTESIAN_POINT('Ctrl Pts',(120.555690548136,17.2174068949906,34.8000000000002));
#6598=CARTESIAN_POINT('Ctrl Pts',(120.535585673391,17.3713521620233,34.8000000000002));
#6599=CARTESIAN_POINT('Ctrl Pts',(120.523858043736,17.4611519295868,34.8000000000002));
#6600=CARTESIAN_POINT('',(120.111138197964,16.4767138678726,34.8000000000002));
#6601=CARTESIAN_POINT('Ctrl Pts',(120.111138197964,16.4767138678726,34.8000000000002));
#6602=CARTESIAN_POINT('Ctrl Pts',(120.243245172472,16.5028570272061,34.8000000000002));
#6603=CARTESIAN_POINT('Ctrl Pts',(120.522972443611,16.5582133370945,34.8000000000002));
#6604=CARTESIAN_POINT('Ctrl Pts',(120.550124590056,16.8458787685542,34.8000000000002));
#6605=CARTESIAN_POINT('Ctrl Pts',(120.564453575199,16.9976882655319,34.8000000000002));
#6606=CARTESIAN_POINT('',(118.974466893261,17.0788787324127,34.8000000000002));
#6607=CARTESIAN_POINT('Ctrl Pts',(118.974466893261,17.0788787324127,34.8000000000002));
#6608=CARTESIAN_POINT('Ctrl Pts',(119.156347554487,16.9041174632195,34.8000000000002));
#6609=CARTESIAN_POINT('Ctrl Pts',(119.48017933216,16.5929614992502,34.8000000000002));
#6610=CARTESIAN_POINT('Ctrl Pts',(119.918848363873,16.5121412767935,34.8000000000002));
#6611=CARTESIAN_POINT('Ctrl Pts',(120.111138197964,16.4767138678726,34.8000000000002));
#6612=CARTESIAN_POINT('',(117.939284417218,17.9043184239563,34.8000000000002));
#6613=CARTESIAN_POINT('Ctrl Pts',(117.939284417218,17.9043184239563,34.8000000000002));
#6614=CARTESIAN_POINT('Ctrl Pts',(118.087438882044,17.7939391097633,34.8000000000002));
#6615=CARTESIAN_POINT('Ctrl Pts',(118.441497454841,17.5301553453311,34.8000000000002));
#6616=CARTESIAN_POINT('Ctrl Pts',(118.778488481552,17.2448178416109,34.8000000000002));
#6617=CARTESIAN_POINT('Ctrl Pts',(118.974466893261,17.0788787324127,34.8000000000002));
#6618=CARTESIAN_POINT('',(117.357417094892,18.6756311375793,34.8000000000002));
#6619=CARTESIAN_POINT('Ctrl Pts',(117.357417094892,18.6756311375793,34.8000000000002));
#6620=CARTESIAN_POINT('Ctrl Pts',(117.397604488438,18.5526931744342,34.8000000000002));
#6621=CARTESIAN_POINT('Ctrl Pts',(117.501688514112,18.234287898967,34.8000000000002));
#6622=CARTESIAN_POINT('Ctrl Pts',(117.772831298106,18.0298325065544,34.8000000000002));
#6623=CARTESIAN_POINT('Ctrl Pts',(117.939284417218,17.9043184239563,34.8000000000002));
#6624=CARTESIAN_POINT('',(117.557011220043,19.1424779612717,34.8000000000002));
#6625=CARTESIAN_POINT('Ctrl Pts',(117.557011220043,19.1424779612717,34.8000000000002));
#6626=CARTESIAN_POINT('Ctrl Pts',(117.498803907859,19.0732543042473,34.8000000000002));
#6627=CARTESIAN_POINT('Ctrl Pts',(117.384810930145,18.9376869589042,34.8000000000002));
#6628=CARTESIAN_POINT('Ctrl Pts',(117.366418128837,18.7617371289993,34.8000000000002));
#6629=CARTESIAN_POINT('Ctrl Pts',(117.357417094892,18.6756311375793,34.8000000000002));
#6630=CARTESIAN_POINT('',(118.027241203373,19.3454550225433,34.8000000000002));
#6631=CARTESIAN_POINT('Ctrl Pts',(118.027241203373,19.3454550225433,34.8000000000002));
#6632=CARTESIAN_POINT('Ctrl Pts',(117.939530337492,19.3365262831719,34.8000000000002));
#6633=CARTESIAN_POINT('Ctrl Pts',(117.761576179354,19.3184110099715,34.8000000000002));
#6634=CARTESIAN_POINT('Ctrl Pts',(117.625843400891,19.2016760539755,34.8000000000002));
#6635=CARTESIAN_POINT('Ctrl Pts',(117.557011220043,19.1424779612717,34.8000000000002));
#6636=CARTESIAN_POINT('',(119.184209975785,18.6418013293442,34.8000000000002));
#6637=CARTESIAN_POINT('Ctrl Pts',(119.184209975785,18.6418013293442,34.8000000000002));
#6638=CARTESIAN_POINT('Ctrl Pts',(118.947399815609,18.8368752723767,34.8000000000002));
#6639=CARTESIAN_POINT('Ctrl Pts',(118.593560244391,19.1283529704071,34.8000000000002));
#6640=CARTESIAN_POINT('Ctrl Pts',(118.167993697865,19.2914966471679,34.8000000000002));
#6641=CARTESIAN_POINT('Ctrl Pts',(118.027241203373,19.3454550225433,34.8000000000002));
#6642=CARTESIAN_POINT('',(119.042125913685,21.2602047640976,34.8000000000002));
#6643=CARTESIAN_POINT('Ctrl Pts',(119.042125913685,21.2602047640976,34.8000000000002));
#6644=CARTESIAN_POINT('Ctrl Pts',(119.085112648031,20.7547757688678,34.8000000000002));
#6645=CARTESIAN_POINT('Ctrl Pts',(119.15922878479,19.8833337972286,34.8000000000002));
#6646=CARTESIAN_POINT('Ctrl Pts',(119.176821068346,19.0090203497989,34.8000000000002));
#6647=CARTESIAN_POINT('Ctrl Pts',(119.184209975785,18.6418013293442,34.8000000000002));
#6648=CARTESIAN_POINT('',(118.886510405129,23.8718418795761,34.8000000000002));
#6649=CARTESIAN_POINT('Ctrl Pts',(118.886510405129,23.8718418795761,34.8000000000002));
#6650=CARTESIAN_POINT('Ctrl Pts',(118.896474472935,23.5108252277973,34.8000000000002));
#6651=CARTESIAN_POINT('Ctrl Pts',(118.920544608628,22.6387195813069,34.8000000000002));
#6652=CARTESIAN_POINT('Ctrl Pts',(118.997201746741,21.7695645686659,34.8000000000002));
#6653=CARTESIAN_POINT('Ctrl Pts',(119.042125913685,21.2602047640976,34.8000000000002));
#6654=CARTESIAN_POINT('',(118.944020542687,24.8258332926926,34.8000000000002));
#6655=CARTESIAN_POINT('Ctrl Pts',(118.944020542687,24.8258332926926,34.8000000000002));
#6656=CARTESIAN_POINT('Ctrl Pts',(118.927408913789,24.6404618256019,34.8000000000002));
#6657=CARTESIAN_POINT('Ctrl Pts',(118.898959590487,24.3229918874919,34.8000000000002));
#6658=CARTESIAN_POINT('Ctrl Pts',(118.890168398702,24.0044050780478,34.8000000000002));
#6659=CARTESIAN_POINT('Ctrl Pts',(118.886510405129,23.8718418795761,34.8000000000002));
#6660=CARTESIAN_POINT('',(119.001530680245,25.7865910250839,34.8000000000002));
#6661=CARTESIAN_POINT('Ctrl Pts',(119.001530680245,25.7865910250839,34.8000000000002));
#6662=CARTESIAN_POINT('Ctrl Pts',(118.997899877716,25.6523351033501,34.8000000000002));
#6663=CARTESIAN_POINT('Ctrl Pts',(118.989222977311,25.3314899864382,34.8000000000002));
#6664=CARTESIAN_POINT('Ctrl Pts',(118.960641976626,25.0117688379926,34.8000000000002));
#6665=CARTESIAN_POINT('Ctrl Pts',(118.944020542687,24.8258332926926,34.8000000000002));
#6666=CARTESIAN_POINT('',(118.724128875321,25.773059578627,34.8000000000002));
#6667=CARTESIAN_POINT('',(118.724128875321,25.773059578627,34.8000000000002));
#6668=CARTESIAN_POINT('',(118.399365666693,25.7662932593521,34.8000000000002));
#6669=CARTESIAN_POINT('',(118.399365666693,25.7662932593521,34.8000000000002));
#6670=CARTESIAN_POINT('',(117.337119403666,26.4496497828659,34.8000000000002));
#6671=CARTESIAN_POINT('Ctrl Pts',(117.337119403666,26.4496497828659,34.8000000000002));
#6672=CARTESIAN_POINT('Ctrl Pts',(117.404986552097,26.2517540971041,34.8000000000002));
#6673=CARTESIAN_POINT('Ctrl Pts',(117.56865199211,25.774517536623,34.8000000000002));
#6674=CARTESIAN_POINT('Ctrl Pts',(118.092652468938,25.7693297982441,34.8000000000002));
#6675=CARTESIAN_POINT('Ctrl Pts',(118.399365666693,25.7662932593521,34.8000000000002));
#6676=CARTESIAN_POINT('',(117.682180229014,26.9638578612503,34.8000000000002));
#6677=CARTESIAN_POINT('Ctrl Pts',(117.682180229014,26.9638578612503,34.8000000000002));
#6678=CARTESIAN_POINT('Ctrl Pts',(117.581552738797,26.9105197795089,34.8000000000002));
#6679=CARTESIAN_POINT('Ctrl Pts',(117.375497446714,26.801299187912,34.8000000000002));
#6680=CARTESIAN_POINT('Ctrl Pts',(117.350109234565,26.5686726914018,34.8000000000002));
#6681=CARTESIAN_POINT('Ctrl Pts',(117.337119403666,26.4496497828659,34.8000000000002));
#6682=CARTESIAN_POINT('',(118.345238539761,27.0247511584457,34.8000000000002));
#6683=CARTESIAN_POINT('Ctrl Pts',(118.345238539761,27.0247511584457,34.8000000000002));
#6684=CARTESIAN_POINT('Ctrl Pts',(118.210468127293,27.0251450617463,34.8000000000002));
#6685=CARTESIAN_POINT('Ctrl Pts',(117.987226401365,27.0257975465985,34.8000000000002));
#6686=CARTESIAN_POINT('Ctrl Pts',(117.768759332625,26.9814377652827,34.8000000000002));
#6687=CARTESIAN_POINT('Ctrl Pts',(117.682180229014,26.9638578612503,34.8000000000002));
#6688=CARTESIAN_POINT('',(119.684886607712,27.0315174777206,34.8000000000002));
#6689=CARTESIAN_POINT('',(119.684886607712,27.0315174777206,34.8000000000002));
#6690=CARTESIAN_POINT('',(121.031300398892,27.0315174777206,34.8000000000002));
#6691=CARTESIAN_POINT('',(121.031300398892,27.0315174777206,34.8000000000002));
#6692=CARTESIAN_POINT('Ctrl Pts',(121.501530382221,26.8488375861343,34.8000000000002));
#6693=CARTESIAN_POINT('Ctrl Pts',(121.434330955345,26.9021104627829,34.8000000000002));
#6694=CARTESIAN_POINT('Ctrl Pts',(121.296617501333,27.0112838916266,34.8000000000002));
#6695=CARTESIAN_POINT('Ctrl Pts',(121.121147220541,27.0246655884742,34.8000000000002));
#6696=CARTESIAN_POINT('Ctrl Pts',(121.031300398892,27.0315174777206,34.8000000000002));
#6697=CARTESIAN_POINT('Ctrl Pts',(121.687592837399,26.3819901663956,34.8000000000002));
#6698=CARTESIAN_POINT('Ctrl Pts',(121.687592837399,26.3819901663956,34.5000000000002));
#6699=CARTESIAN_POINT('Ctrl Pts',(121.6806187284,26.4717058470642,34.8000000000002));
#6700=CARTESIAN_POINT('Ctrl Pts',(121.6806187284,26.4717058470642,34.5000000000002));
#6701=CARTESIAN_POINT('Ctrl Pts',(121.667000101058,26.6468973191088,34.8000000000002));
#6702=CARTESIAN_POINT('Ctrl Pts',(121.667000101058,26.6468973191088,34.5000000000002));
#6703=CARTESIAN_POINT('Ctrl Pts',(121.555789804677,26.7826190517922,34.8000000000002));
#6704=CARTESIAN_POINT('Ctrl Pts',(121.555789804677,26.7826190517922,34.5000000000002));
#6705=CARTESIAN_POINT('Ctrl Pts',(121.501530382221,26.8488375861343,34.8000000000002));
#6706=CARTESIAN_POINT('Ctrl Pts',(121.501530382221,26.8488375861343,34.5000000000002));
#6707=CARTESIAN_POINT('',(121.501530382221,26.8488375861343,34.5000000000002));
#6708=CARTESIAN_POINT('',(121.501530382221,26.8488375861343,34.5000000000002));
#6709=CARTESIAN_POINT('',(121.687592837399,26.3819901663956,34.5000000000002));
#6710=CARTESIAN_POINT('Ctrl Pts',(121.687592837399,26.3819901663956,34.5000000000002));
#6711=CARTESIAN_POINT('Ctrl Pts',(121.6806187284,26.4717058470642,34.5000000000002));
#6712=CARTESIAN_POINT('Ctrl Pts',(121.667000101058,26.6468973191088,34.5000000000002));
#6713=CARTESIAN_POINT('Ctrl Pts',(121.555789804677,26.7826190517922,34.5000000000002));
#6714=CARTESIAN_POINT('Ctrl Pts',(121.501530382221,26.8488375861343,34.5000000000002));
#6715=CARTESIAN_POINT('',(121.687592837399,26.3819901663956,34.5000000000002));
#6716=CARTESIAN_POINT('Ctrl Pts',(121.501530382221,25.9185270983872,34.8000000000002));
#6717=CARTESIAN_POINT('Ctrl Pts',(121.501530382221,25.9185270983872,34.5000000000002));
#6718=CARTESIAN_POINT('Ctrl Pts',(121.555795312721,25.9850205492634,34.8000000000002));
#6719=CARTESIAN_POINT('Ctrl Pts',(121.555795312721,25.9850205492634,34.5000000000002));
#6720=CARTESIAN_POINT('Ctrl Pts',(121.665958691809,26.1200090799479,34.8000000000002));
#6721=CARTESIAN_POINT('Ctrl Pts',(121.665958691809,26.1200090799479,34.5000000000002));
#6722=CARTESIAN_POINT('Ctrl Pts',(121.680310518566,26.2938041184823,34.8000000000002));
#6723=CARTESIAN_POINT('Ctrl Pts',(121.680310518566,26.2938041184823,34.5000000000002));
#6724=CARTESIAN_POINT('Ctrl Pts',(121.687592837399,26.3819901663956,34.8000000000002));
#6725=CARTESIAN_POINT('Ctrl Pts',(121.687592837399,26.3819901663956,34.5000000000002));
#6726=CARTESIAN_POINT('',(121.501530382221,25.9185270983872,34.5000000000002));
#6727=CARTESIAN_POINT('Ctrl Pts',(121.501530382221,25.9185270983872,34.5000000000002));
#6728=CARTESIAN_POINT('Ctrl Pts',(121.555795312721,25.9850205492634,34.5000000000002));
#6729=CARTESIAN_POINT('Ctrl Pts',(121.665958691809,26.1200090799479,34.5000000000002));
#6730=CARTESIAN_POINT('Ctrl Pts',(121.680310518566,26.2938041184823,34.5000000000002));
#6731=CARTESIAN_POINT('Ctrl Pts',(121.687592837399,26.3819901663956,34.5000000000002));
#6732=CARTESIAN_POINT('',(121.501530382221,25.9185270983872,34.5000000000002));
#6733=CARTESIAN_POINT('Ctrl Pts',(121.031300398892,25.7324640471634,34.8000000000002));
#6734=CARTESIAN_POINT('Ctrl Pts',(121.031300398892,25.7324640471634,34.5000000000002));
#6735=CARTESIAN_POINT('Ctrl Pts',(121.121232467444,25.7395249928917,34.8000000000002));
#6736=CARTESIAN_POINT('Ctrl Pts',(121.121232467444,25.7395249928917,34.5000000000002));
#6737=CARTESIAN_POINT('Ctrl Pts',(121.297296173678,25.7533484965034,34.8000000000002));
#6738=CARTESIAN_POINT('Ctrl Pts',(121.297296173678,25.7533484965034,34.5000000000002));
#6739=CARTESIAN_POINT('Ctrl Pts',(121.434439080791,25.8642656333372,34.8000000000002));
#6740=CARTESIAN_POINT('Ctrl Pts',(121.434439080791,25.8642656333372,34.5000000000002));
#6741=CARTESIAN_POINT('Ctrl Pts',(121.501530382221,25.9185270983872,34.8000000000002));
#6742=CARTESIAN_POINT('Ctrl Pts',(121.501530382221,25.9185270983872,34.5000000000002));
#6743=CARTESIAN_POINT('',(121.031300398892,25.7324640471634,34.5000000000002));
#6744=CARTESIAN_POINT('Ctrl Pts',(121.031300398892,25.7324640471634,34.5000000000002));
#6745=CARTESIAN_POINT('Ctrl Pts',(121.121232467444,25.7395249928917,34.5000000000002));
#6746=CARTESIAN_POINT('Ctrl Pts',(121.297296173678,25.7533484965034,34.5000000000002));
#6747=CARTESIAN_POINT('Ctrl Pts',(121.434439080791,25.8642656333372,34.5000000000002));
#6748=CARTESIAN_POINT('Ctrl Pts',(121.501530382221,25.9185270983872,34.5000000000002));
#6749=CARTESIAN_POINT('',(121.031300398892,25.7324640471634,34.5000000000002));
#6750=CARTESIAN_POINT('Origin',(120.676090690678,25.7392303664383,34.5000000000002));
#6751=CARTESIAN_POINT('',(120.320880982464,25.7459966857132,34.5000000000002));
#6752=CARTESIAN_POINT('',(152.470193472432,25.133590809,34.5000000000001));
#6753=CARTESIAN_POINT('',(120.320880982464,25.7459966857132,34.5000000000002));
#6754=CARTESIAN_POINT('Ctrl Pts',(120.259988281315,24.8258332926926,34.8000000000002));
#6755=CARTESIAN_POINT('Ctrl Pts',(120.259988281315,24.8258332926926,34.5000000000002));
#6756=CARTESIAN_POINT('Ctrl Pts',(120.275844872139,24.9959957921586,34.8000000000002));
#6757=CARTESIAN_POINT('Ctrl Pts',(120.275844872139,24.9959957921586,34.5000000000002));
#6758=CARTESIAN_POINT('Ctrl Pts',(120.304377492083,25.3021890956245,34.8000000000002));
#6759=CARTESIAN_POINT('Ctrl Pts',(120.304377492083,25.3021890956245,34.5000000000002));
#6760=CARTESIAN_POINT('Ctrl Pts',(120.315804409235,25.6094787929031,34.8000000000002));
#6761=CARTESIAN_POINT('Ctrl Pts',(120.315804409235,25.6094787929031,34.5000000000002));
#6762=CARTESIAN_POINT('Ctrl Pts',(120.320880982464,25.7459966857132,34.8000000000002));
#6763=CARTESIAN_POINT('Ctrl Pts',(120.320880982464,25.7459966857132,34.5000000000002));
#6764=CARTESIAN_POINT('',(120.259988281315,24.8258332926926,34.5000000000002));
#6765=CARTESIAN_POINT('Ctrl Pts',(120.259988281315,24.8258332926926,34.5000000000002));
#6766=CARTESIAN_POINT('Ctrl Pts',(120.275844872139,24.9959957921586,34.5000000000002));
#6767=CARTESIAN_POINT('Ctrl Pts',(120.304377492083,25.3021890956245,34.5000000000002));
#6768=CARTESIAN_POINT('Ctrl Pts',(120.315804409235,25.6094787929031,34.5000000000002));
#6769=CARTESIAN_POINT('Ctrl Pts',(120.320880982464,25.7459966857132,34.5000000000002));
#6770=CARTESIAN_POINT('',(120.259988281315,24.8258332926926,34.5000000000002));
#6771=CARTESIAN_POINT('Ctrl Pts',(120.205860707348,23.8718418795761,34.8000000000002));
#6772=CARTESIAN_POINT('Ctrl Pts',(120.205860707348,23.8718418795761,34.5000000000002));
#6773=CARTESIAN_POINT('Ctrl Pts',(120.208826908165,24.0168295053679,34.8000000000002));
#6774=CARTESIAN_POINT('Ctrl Pts',(120.208826908165,24.0168295053679,34.5000000000002));
#6775=CARTESIAN_POINT('Ctrl Pts',(120.215345467883,24.3354561106671,34.8000000000002));
#6776=CARTESIAN_POINT('Ctrl Pts',(120.215345467883,24.3354561106671,34.5000000000002));
#6777=CARTESIAN_POINT('Ctrl Pts',(120.24424122768,24.6528604177066,34.8000000000002));
#6778=CARTESIAN_POINT('Ctrl Pts',(120.24424122768,24.6528604177066,34.5000000000002));
#6779=CARTESIAN_POINT('Ctrl Pts',(120.259988281315,24.8258332926926,34.8000000000002));
#6780=CARTESIAN_POINT('Ctrl Pts',(120.259988281315,24.8258332926926,34.5000000000002));
#6781=CARTESIAN_POINT('',(120.205860707348,23.8718418795761,34.5000000000002));
#6782=CARTESIAN_POINT('Ctrl Pts',(120.205860707348,23.8718418795761,34.5000000000002));
#6783=CARTESIAN_POINT('Ctrl Pts',(120.208826908165,24.0168295053679,34.5000000000002));
#6784=CARTESIAN_POINT('Ctrl Pts',(120.215345467883,24.3354561106671,34.5000000000002));
#6785=CARTESIAN_POINT('Ctrl Pts',(120.24424122768,24.6528604177066,34.5000000000002));
#6786=CARTESIAN_POINT('Ctrl Pts',(120.259988281315,24.8258332926926,34.5000000000002));
#6787=CARTESIAN_POINT('',(120.205860707348,23.8718418795761,34.5000000000002));
#6788=CARTESIAN_POINT('Ctrl Pts',(120.368242237156,21.5782021004852,34.8000000000002));
#6789=CARTESIAN_POINT('Ctrl Pts',(120.368242237156,21.5782021004852,34.5000000000002));
#6790=CARTESIAN_POINT('Ctrl Pts',(120.321341321166,22.0237670458686,34.8000000000002));
#6791=CARTESIAN_POINT('Ctrl Pts',(120.321341321166,22.0237670458686,34.5000000000002));
#6792=CARTESIAN_POINT('Ctrl Pts',(120.24104760662,22.7865680227866,34.8000000000002));
#6793=CARTESIAN_POINT('Ctrl Pts',(120.24104760662,22.7865680227866,34.5000000000002));
#6794=CARTESIAN_POINT('Ctrl Pts',(120.216196049748,23.5530676442844,34.8000000000002));
#6795=CARTESIAN_POINT('Ctrl Pts',(120.216196049748,23.5530676442844,34.5000000000002));
#6796=CARTESIAN_POINT('Ctrl Pts',(120.205860707348,23.8718418795761,34.8000000000002));
#6797=CARTESIAN_POINT('Ctrl Pts',(120.205860707348,23.8718418795761,34.5000000000002));
#6798=CARTESIAN_POINT('',(120.368242237156,21.5782021004852,34.5000000000002));
#6799=CARTESIAN_POINT('Ctrl Pts',(120.368242237156,21.5782021004852,34.5000000000002));
#6800=CARTESIAN_POINT('Ctrl Pts',(120.321341321166,22.0237670458686,34.5000000000002));
#6801=CARTESIAN_POINT('Ctrl Pts',(120.24104760662,22.7865680227866,34.5000000000002));
#6802=CARTESIAN_POINT('Ctrl Pts',(120.216196049748,23.5530676442844,34.5000000000002));
#6803=CARTESIAN_POINT('Ctrl Pts',(120.205860707348,23.8718418795761,34.5000000000002));
#6804=CARTESIAN_POINT('',(120.368242237156,21.5782021004852,34.5000000000002));
#6805=CARTESIAN_POINT('Ctrl Pts',(120.530623766964,19.2777960021194,34.8000000000002));
#6806=CARTESIAN_POINT('Ctrl Pts',(120.530623766964,19.2777960021195,34.5000000000002));
#6807=CARTESIAN_POINT('Ctrl Pts',(120.52032017094,19.5982633939286,34.8000000000002));
#6808=CARTESIAN_POINT('Ctrl Pts',(120.52032017094,19.5982633939286,34.5000000000002));
#6809=CARTESIAN_POINT('Ctrl Pts',(120.49560320164,20.3670224432867,34.8000000000002));
#6810=CARTESIAN_POINT('Ctrl Pts',(120.49560320164,20.3670224432867,34.5000000000002));
#6811=CARTESIAN_POINT('Ctrl Pts',(120.415154709703,21.1320730008235,34.8000000000002));
#6812=CARTESIAN_POINT('Ctrl Pts',(120.415154709703,21.1320730008235,34.5000000000002));
#6813=CARTESIAN_POINT('Ctrl Pts',(120.368242237156,21.5782021004852,34.8000000000002));
#6814=CARTESIAN_POINT('Ctrl Pts',(120.368242237156,21.5782021004852,34.5000000000002));
#6815=CARTESIAN_POINT('',(120.530623766964,19.2777960021195,34.5000000000002));
#6816=CARTESIAN_POINT('Ctrl Pts',(120.530623766964,19.2777960021195,34.5000000000002));
#6817=CARTESIAN_POINT('Ctrl Pts',(120.52032017094,19.5982633939286,34.5000000000002));
#6818=CARTESIAN_POINT('Ctrl Pts',(120.49560320164,20.3670224432867,34.5000000000002));
#6819=CARTESIAN_POINT('Ctrl Pts',(120.415154709703,21.1320730008235,34.5000000000002));
#6820=CARTESIAN_POINT('Ctrl Pts',(120.368242237156,21.5782021004852,34.5000000000002));
#6821=CARTESIAN_POINT('',(120.530623766964,19.2777960021195,34.5000000000002));
#6822=CARTESIAN_POINT('Ctrl Pts',(120.506943437641,18.6012057978806,34.8000000000002));
#6823=CARTESIAN_POINT('Ctrl Pts',(120.506943437641,18.6012057978806,34.5000000000002));
#6824=CARTESIAN_POINT('Ctrl Pts',(120.513781234651,18.7331106197208,34.8000000000002));
#6825=CARTESIAN_POINT('Ctrl Pts',(120.513781234651,18.7331106197208,34.5000000000002));
#6826=CARTESIAN_POINT('Ctrl Pts',(120.525465978318,18.9585156777266,34.8000000000002));
#6827=CARTESIAN_POINT('Ctrl Pts',(120.525465978318,18.9585156777267,34.5000000000002));
#6828=CARTESIAN_POINT('Ctrl Pts',(120.529111548556,19.1841858103811,34.8000000000002));
#6829=CARTESIAN_POINT('Ctrl Pts',(120.529111548556,19.1841858103811,34.5000000000002));
#6830=CARTESIAN_POINT('Ctrl Pts',(120.530623766964,19.2777960021194,34.8000000000002));
#6831=CARTESIAN_POINT('Ctrl Pts',(120.530623766964,19.2777960021195,34.5000000000002));
#6832=CARTESIAN_POINT('',(120.506943437641,18.6012057978806,34.5000000000002));
#6833=CARTESIAN_POINT('Ctrl Pts',(120.506943437641,18.6012057978806,34.5000000000002));
#6834=CARTESIAN_POINT('Ctrl Pts',(120.513781234651,18.7331106197208,34.5000000000002));
#6835=CARTESIAN_POINT('Ctrl Pts',(120.525465978318,18.9585156777267,34.5000000000002));
#6836=CARTESIAN_POINT('Ctrl Pts',(120.529111548556,19.1841858103811,34.5000000000002));
#6837=CARTESIAN_POINT('Ctrl Pts',(120.530623766964,19.2777960021195,34.5000000000002));
#6838=CARTESIAN_POINT('',(120.506943437641,18.6012057978806,34.5000000000002));
#6839=CARTESIAN_POINT('Ctrl Pts',(120.483262512272,17.9246161896881,34.8000000000002));
#6840=CARTESIAN_POINT('Ctrl Pts',(120.483262512272,17.9246161896881,34.5000000000002));
#6841=CARTESIAN_POINT('Ctrl Pts',(120.484774968806,18.0182263806311,34.8000000000002));
#6842=CARTESIAN_POINT('Ctrl Pts',(120.484774968806,18.0182263806311,34.5000000000002));
#6843=CARTESIAN_POINT('Ctrl Pts',(120.4884211098,18.2438963069896,34.8000000000002));
#6844=CARTESIAN_POINT('Ctrl Pts',(120.4884211098,18.2438963069896,34.5000000000002));
#6845=CARTESIAN_POINT('Ctrl Pts',(120.500105721971,18.469301173046,34.8000000000002));
#6846=CARTESIAN_POINT('Ctrl Pts',(120.500105721971,18.469301173046,34.5000000000002));
#6847=CARTESIAN_POINT('Ctrl Pts',(120.506943437641,18.6012057978806,34.8000000000002));
#6848=CARTESIAN_POINT('Ctrl Pts',(120.506943437641,18.6012057978806,34.5000000000002));
#6849=CARTESIAN_POINT('',(120.483262512272,17.9246161896881,34.5000000000002));
#6850=CARTESIAN_POINT('Ctrl Pts',(120.483262512272,17.9246161896881,34.5000000000002));
#6851=CARTESIAN_POINT('Ctrl Pts',(120.484774968806,18.0182263806311,34.5000000000002));
#6852=CARTESIAN_POINT('Ctrl Pts',(120.4884211098,18.2438963069896,34.5000000000002));
#6853=CARTESIAN_POINT('Ctrl Pts',(120.500105721971,18.469301173046,34.5000000000002));
#6854=CARTESIAN_POINT('Ctrl Pts',(120.506943437641,18.6012057978806,34.5000000000002));
#6855=CARTESIAN_POINT('',(120.483262512272,17.9246161896881,34.5000000000002));
#6856=CARTESIAN_POINT('Ctrl Pts',(120.523858043736,17.4611519295868,34.8000000000002));
#6857=CARTESIAN_POINT('Ctrl Pts',(120.523858043736,17.4611519295868,34.5000000000002));
#6858=CARTESIAN_POINT('Ctrl Pts',(120.51213041186,17.5509516970948,34.8000000000002));
#6859=CARTESIAN_POINT('Ctrl Pts',(120.51213041186,17.5509516970948,34.5000000000002));
#6860=CARTESIAN_POINT('Ctrl Pts',(120.492025507598,17.7048971609051,34.8000000000002));
#6861=CARTESIAN_POINT('Ctrl Pts',(120.492025507598,17.7048971609051,34.5000000000002));
#6862=CARTESIAN_POINT('Ctrl Pts',(120.48583991356,17.8599916992463,34.8000000000002));
#6863=CARTESIAN_POINT('Ctrl Pts',(120.48583991356,17.8599916992463,34.5000000000002));
#6864=CARTESIAN_POINT('Ctrl Pts',(120.483262512272,17.9246161896881,34.8000000000002));
#6865=CARTESIAN_POINT('Ctrl Pts',(120.483262512272,17.9246161896881,34.5000000000002));
#6866=CARTESIAN_POINT('',(120.523858043736,17.4611519295868,34.5000000000002));
#6867=CARTESIAN_POINT('Ctrl Pts',(120.523858043736,17.4611519295868,34.5000000000002));
#6868=CARTESIAN_POINT('Ctrl Pts',(120.51213041186,17.5509516970948,34.5000000000002));
#6869=CARTESIAN_POINT('Ctrl Pts',(120.492025507598,17.7048971609051,34.5000000000002));
#6870=CARTESIAN_POINT('Ctrl Pts',(120.48583991356,17.8599916992463,34.5000000000002));
#6871=CARTESIAN_POINT('Ctrl Pts',(120.483262512272,17.9246161896881,34.5000000000002));
#6872=CARTESIAN_POINT('',(120.523858043736,17.4611519295868,34.5000000000002));
#6873=CARTESIAN_POINT('Ctrl Pts',(120.564453575199,16.9976882655319,34.8000000000002));
#6874=CARTESIAN_POINT('Ctrl Pts',(120.564453575199,16.9976882655319,34.5000000000002));
#6875=CARTESIAN_POINT('Ctrl Pts',(120.561876167834,17.0623125568551,34.8000000000002));
#6876=CARTESIAN_POINT('Ctrl Pts',(120.561876167834,17.0623125568551,34.5000000000002));
#6877=CARTESIAN_POINT('Ctrl Pts',(120.555690548136,17.2174068949906,34.8000000000002));
#6878=CARTESIAN_POINT('Ctrl Pts',(120.555690548136,17.2174068949906,34.5000000000002));
#6879=CARTESIAN_POINT('Ctrl Pts',(120.535585673391,17.3713521620233,34.8000000000002));
#6880=CARTESIAN_POINT('Ctrl Pts',(120.535585673391,17.3713521620233,34.5000000000002));
#6881=CARTESIAN_POINT('Ctrl Pts',(120.523858043736,17.4611519295868,34.8000000000002));
#6882=CARTESIAN_POINT('Ctrl Pts',(120.523858043736,17.4611519295868,34.5000000000002));
#6883=CARTESIAN_POINT('',(120.564453575199,16.9976882655319,34.5000000000002));
#6884=CARTESIAN_POINT('Ctrl Pts',(120.564453575199,16.9976882655319,34.5000000000002));
#6885=CARTESIAN_POINT('Ctrl Pts',(120.561876167834,17.0623125568551,34.5000000000002));
#6886=CARTESIAN_POINT('Ctrl Pts',(120.555690548136,17.2174068949906,34.5000000000002));
#6887=CARTESIAN_POINT('Ctrl Pts',(120.535585673391,17.3713521620233,34.5000000000002));
#6888=CARTESIAN_POINT('Ctrl Pts',(120.523858043736,17.4611519295868,34.5000000000002));
#6889=CARTESIAN_POINT('',(120.564453575199,16.9976882655319,34.5000000000002));
#6890=CARTESIAN_POINT('Ctrl Pts',(120.111138197964,16.4767138678726,34.8000000000002));
#6891=CARTESIAN_POINT('Ctrl Pts',(120.111138197964,16.4767138678726,34.5000000000002));
#6892=CARTESIAN_POINT('Ctrl Pts',(120.243245172472,16.5028570272061,34.8000000000002));
#6893=CARTESIAN_POINT('Ctrl Pts',(120.243245172472,16.5028570272061,34.5000000000002));
#6894=CARTESIAN_POINT('Ctrl Pts',(120.522972443611,16.5582133370945,34.8000000000002));
#6895=CARTESIAN_POINT('Ctrl Pts',(120.522972443611,16.5582133370945,34.5000000000002));
#6896=CARTESIAN_POINT('Ctrl Pts',(120.550124590056,16.8458787685542,34.8000000000002));
#6897=CARTESIAN_POINT('Ctrl Pts',(120.550124590056,16.8458787685542,34.5000000000002));
#6898=CARTESIAN_POINT('Ctrl Pts',(120.564453575199,16.9976882655319,34.8000000000002));
#6899=CARTESIAN_POINT('Ctrl Pts',(120.564453575199,16.9976882655319,34.5000000000002));
#6900=CARTESIAN_POINT('',(120.111138197964,16.4767138678726,34.5000000000002));
#6901=CARTESIAN_POINT('Ctrl Pts',(120.111138197964,16.4767138678726,34.5000000000002));
#6902=CARTESIAN_POINT('Ctrl Pts',(120.243245172472,16.5028570272061,34.5000000000002));
#6903=CARTESIAN_POINT('Ctrl Pts',(120.522972443611,16.5582133370945,34.5000000000002));
#6904=CARTESIAN_POINT('Ctrl Pts',(120.550124590056,16.8458787685542,34.5000000000002));
#6905=CARTESIAN_POINT('Ctrl Pts',(120.564453575199,16.9976882655319,34.5000000000002));
#6906=CARTESIAN_POINT('',(120.111138197964,16.4767138678726,34.5000000000002));
#6907=CARTESIAN_POINT('Ctrl Pts',(118.974466893261,17.0788787324127,34.8000000000002));
#6908=CARTESIAN_POINT('Ctrl Pts',(118.974466893261,17.0788787324127,34.5000000000002));
#6909=CARTESIAN_POINT('Ctrl Pts',(119.156347554487,16.9041174632195,34.8000000000002));
#6910=CARTESIAN_POINT('Ctrl Pts',(119.156347554487,16.9041174632195,34.5000000000002));
#6911=CARTESIAN_POINT('Ctrl Pts',(119.48017933216,16.5929614992502,34.8000000000002));
#6912=CARTESIAN_POINT('Ctrl Pts',(119.48017933216,16.5929614992502,34.5000000000002));
#6913=CARTESIAN_POINT('Ctrl Pts',(119.918848363873,16.5121412767935,34.8000000000002));
#6914=CARTESIAN_POINT('Ctrl Pts',(119.918848363873,16.5121412767935,34.5000000000002));
#6915=CARTESIAN_POINT('Ctrl Pts',(120.111138197964,16.4767138678726,34.8000000000002));
#6916=CARTESIAN_POINT('Ctrl Pts',(120.111138197964,16.4767138678726,34.5000000000002));
#6917=CARTESIAN_POINT('',(118.974466893261,17.0788787324127,34.5000000000002));
#6918=CARTESIAN_POINT('Ctrl Pts',(118.974466893261,17.0788787324127,34.5000000000002));
#6919=CARTESIAN_POINT('Ctrl Pts',(119.156347554487,16.9041174632195,34.5000000000002));
#6920=CARTESIAN_POINT('Ctrl Pts',(119.48017933216,16.5929614992502,34.5000000000002));
#6921=CARTESIAN_POINT('Ctrl Pts',(119.918848363873,16.5121412767935,34.5000000000002));
#6922=CARTESIAN_POINT('Ctrl Pts',(120.111138197964,16.4767138678726,34.5000000000002));
#6923=CARTESIAN_POINT('',(118.974466893261,17.0788787324127,34.5000000000002));
#6924=CARTESIAN_POINT('Ctrl Pts',(117.939284417218,17.9043184239563,34.8000000000002));
#6925=CARTESIAN_POINT('Ctrl Pts',(117.939284417218,17.9043184239563,34.5000000000002));
#6926=CARTESIAN_POINT('Ctrl Pts',(118.087438882044,17.7939391097633,34.8000000000002));
#6927=CARTESIAN_POINT('Ctrl Pts',(118.087438882044,17.7939391097633,34.5000000000002));
#6928=CARTESIAN_POINT('Ctrl Pts',(118.441497454841,17.5301553453311,34.8000000000002));
#6929=CARTESIAN_POINT('Ctrl Pts',(118.441497454841,17.5301553453311,34.5000000000002));
#6930=CARTESIAN_POINT('Ctrl Pts',(118.778488481552,17.2448178416109,34.8000000000002));
#6931=CARTESIAN_POINT('Ctrl Pts',(118.778488481552,17.2448178416109,34.5000000000002));
#6932=CARTESIAN_POINT('Ctrl Pts',(118.974466893261,17.0788787324127,34.8000000000002));
#6933=CARTESIAN_POINT('Ctrl Pts',(118.974466893261,17.0788787324127,34.5000000000002));
#6934=CARTESIAN_POINT('',(117.939284417218,17.9043184239563,34.5000000000002));
#6935=CARTESIAN_POINT('Ctrl Pts',(117.939284417218,17.9043184239563,34.5000000000002));
#6936=CARTESIAN_POINT('Ctrl Pts',(118.087438882044,17.7939391097633,34.5000000000002));
#6937=CARTESIAN_POINT('Ctrl Pts',(118.441497454841,17.5301553453311,34.5000000000002));
#6938=CARTESIAN_POINT('Ctrl Pts',(118.778488481552,17.2448178416109,34.5000000000002));
#6939=CARTESIAN_POINT('Ctrl Pts',(118.974466893261,17.0788787324127,34.5000000000002));
#6940=CARTESIAN_POINT('',(117.939284417218,17.9043184239563,34.5000000000002));
#6941=CARTESIAN_POINT('Ctrl Pts',(117.357417094892,18.6756311375793,34.8000000000002));
#6942=CARTESIAN_POINT('Ctrl Pts',(117.357417094892,18.6756311375794,34.5000000000002));
#6943=CARTESIAN_POINT('Ctrl Pts',(117.397604488438,18.5526931744342,34.8000000000002));
#6944=CARTESIAN_POINT('Ctrl Pts',(117.397604488438,18.5526931744342,34.5000000000002));
#6945=CARTESIAN_POINT('Ctrl Pts',(117.501688514112,18.234287898967,34.8000000000002));
#6946=CARTESIAN_POINT('Ctrl Pts',(117.501688514112,18.234287898967,34.5000000000002));
#6947=CARTESIAN_POINT('Ctrl Pts',(117.772831298106,18.0298325065544,34.8000000000002));
#6948=CARTESIAN_POINT('Ctrl Pts',(117.772831298106,18.0298325065544,34.5000000000002));
#6949=CARTESIAN_POINT('Ctrl Pts',(117.939284417218,17.9043184239563,34.8000000000002));
#6950=CARTESIAN_POINT('Ctrl Pts',(117.939284417218,17.9043184239563,34.5000000000002));
#6951=CARTESIAN_POINT('',(117.357417094892,18.6756311375794,34.5000000000002));
#6952=CARTESIAN_POINT('Ctrl Pts',(117.357417094892,18.6756311375794,34.5000000000002));
#6953=CARTESIAN_POINT('Ctrl Pts',(117.397604488438,18.5526931744342,34.5000000000002));
#6954=CARTESIAN_POINT('Ctrl Pts',(117.501688514112,18.234287898967,34.5000000000002));
#6955=CARTESIAN_POINT('Ctrl Pts',(117.772831298106,18.0298325065544,34.5000000000002));
#6956=CARTESIAN_POINT('Ctrl Pts',(117.939284417218,17.9043184239563,34.5000000000002));
#6957=CARTESIAN_POINT('',(117.357417094892,18.6756311375794,34.5000000000002));
#6958=CARTESIAN_POINT('Ctrl Pts',(117.557011220043,19.1424779612717,34.8000000000002));
#6959=CARTESIAN_POINT('Ctrl Pts',(117.557011220043,19.1424779612717,34.5000000000002));
#6960=CARTESIAN_POINT('Ctrl Pts',(117.498803907859,19.0732543042473,34.8000000000002));
#6961=CARTESIAN_POINT('Ctrl Pts',(117.498803907859,19.0732543042473,34.5000000000002));
#6962=CARTESIAN_POINT('Ctrl Pts',(117.384810930145,18.9376869589042,34.8000000000002));
#6963=CARTESIAN_POINT('Ctrl Pts',(117.384810930145,18.9376869589042,34.5000000000002));
#6964=CARTESIAN_POINT('Ctrl Pts',(117.366418128837,18.7617371289993,34.8000000000002));
#6965=CARTESIAN_POINT('Ctrl Pts',(117.366418128837,18.7617371289993,34.5000000000002));
#6966=CARTESIAN_POINT('Ctrl Pts',(117.357417094892,18.6756311375793,34.8000000000002));
#6967=CARTESIAN_POINT('Ctrl Pts',(117.357417094892,18.6756311375794,34.5000000000002));
#6968=CARTESIAN_POINT('',(117.557011220043,19.1424779612717,34.5000000000002));
#6969=CARTESIAN_POINT('Ctrl Pts',(117.557011220043,19.1424779612717,34.5000000000002));
#6970=CARTESIAN_POINT('Ctrl Pts',(117.498803907859,19.0732543042473,34.5000000000002));
#6971=CARTESIAN_POINT('Ctrl Pts',(117.384810930145,18.9376869589042,34.5000000000002));
#6972=CARTESIAN_POINT('Ctrl Pts',(117.366418128837,18.7617371289993,34.5000000000002));
#6973=CARTESIAN_POINT('Ctrl Pts',(117.357417094892,18.6756311375794,34.5000000000002));
#6974=CARTESIAN_POINT('',(117.557011220043,19.1424779612717,34.5000000000002));
#6975=CARTESIAN_POINT('Ctrl Pts',(118.027241203373,19.3454550225433,34.8000000000002));
#6976=CARTESIAN_POINT('Ctrl Pts',(118.027241203373,19.3454550225433,34.5000000000002));
#6977=CARTESIAN_POINT('Ctrl Pts',(117.939530337492,19.3365262831719,34.8000000000002));
#6978=CARTESIAN_POINT('Ctrl Pts',(117.939530337492,19.3365262831719,34.5000000000002));
#6979=CARTESIAN_POINT('Ctrl Pts',(117.761576179354,19.3184110099715,34.8000000000002));
#6980=CARTESIAN_POINT('Ctrl Pts',(117.761576179354,19.3184110099715,34.5000000000002));
#6981=CARTESIAN_POINT('Ctrl Pts',(117.625843400891,19.2016760539755,34.8000000000002));
#6982=CARTESIAN_POINT('Ctrl Pts',(117.625843400891,19.2016760539755,34.5000000000002));
#6983=CARTESIAN_POINT('Ctrl Pts',(117.557011220043,19.1424779612717,34.8000000000002));
#6984=CARTESIAN_POINT('Ctrl Pts',(117.557011220043,19.1424779612717,34.5000000000002));
#6985=CARTESIAN_POINT('',(118.027241203373,19.3454550225433,34.5000000000002));
#6986=CARTESIAN_POINT('Ctrl Pts',(118.027241203373,19.3454550225433,34.5000000000002));
#6987=CARTESIAN_POINT('Ctrl Pts',(117.939530337492,19.3365262831719,34.5000000000002));
#6988=CARTESIAN_POINT('Ctrl Pts',(117.761576179354,19.3184110099715,34.5000000000002));
#6989=CARTESIAN_POINT('Ctrl Pts',(117.625843400891,19.2016760539755,34.5000000000002));
#6990=CARTESIAN_POINT('Ctrl Pts',(117.557011220043,19.1424779612717,34.5000000000002));
#6991=CARTESIAN_POINT('',(118.027241203373,19.3454550225433,34.5000000000002));
#6992=CARTESIAN_POINT('Ctrl Pts',(119.184209975785,18.6418013293442,34.8000000000002));
#6993=CARTESIAN_POINT('Ctrl Pts',(119.184209975785,18.6418013293442,34.5000000000002));
#6994=CARTESIAN_POINT('Ctrl Pts',(118.947399815609,18.8368752723767,34.8000000000002));
#6995=CARTESIAN_POINT('Ctrl Pts',(118.947399815609,18.8368752723767,34.5000000000002));
#6996=CARTESIAN_POINT('Ctrl Pts',(118.593560244391,19.1283529704071,34.8000000000002));
#6997=CARTESIAN_POINT('Ctrl Pts',(118.593560244391,19.1283529704071,34.5000000000002));
#6998=CARTESIAN_POINT('Ctrl Pts',(118.167993697865,19.2914966471679,34.8000000000002));
#6999=CARTESIAN_POINT('Ctrl Pts',(118.167993697865,19.2914966471679,34.5000000000002));
#7000=CARTESIAN_POINT('Ctrl Pts',(118.027241203373,19.3454550225433,34.8000000000002));
#7001=CARTESIAN_POINT('Ctrl Pts',(118.027241203373,19.3454550225433,34.5000000000002));
#7002=CARTESIAN_POINT('',(119.184209975785,18.6418013293442,34.5000000000002));
#7003=CARTESIAN_POINT('Ctrl Pts',(119.184209975785,18.6418013293442,34.5000000000002));
#7004=CARTESIAN_POINT('Ctrl Pts',(118.947399815609,18.8368752723767,34.5000000000002));
#7005=CARTESIAN_POINT('Ctrl Pts',(118.593560244391,19.1283529704071,34.5000000000002));
#7006=CARTESIAN_POINT('Ctrl Pts',(118.167993697865,19.2914966471679,34.5000000000002));
#7007=CARTESIAN_POINT('Ctrl Pts',(118.027241203373,19.3454550225433,34.5000000000002));
#7008=CARTESIAN_POINT('',(119.184209975785,18.6418013293442,34.5000000000002));
#7009=CARTESIAN_POINT('Ctrl Pts',(119.042125913685,21.2602047640976,34.8000000000002));
#7010=CARTESIAN_POINT('Ctrl Pts',(119.042125913685,21.2602047640976,34.5000000000002));
#7011=CARTESIAN_POINT('Ctrl Pts',(119.085112648031,20.7547757688678,34.8000000000002));
#7012=CARTESIAN_POINT('Ctrl Pts',(119.085112648031,20.7547757688678,34.5000000000002));
#7013=CARTESIAN_POINT('Ctrl Pts',(119.15922878479,19.8833337972286,34.8000000000002));
#7014=CARTESIAN_POINT('Ctrl Pts',(119.15922878479,19.8833337972286,34.5000000000002));
#7015=CARTESIAN_POINT('Ctrl Pts',(119.176821068346,19.0090203497989,34.8000000000002));
#7016=CARTESIAN_POINT('Ctrl Pts',(119.176821068346,19.0090203497989,34.5000000000002));
#7017=CARTESIAN_POINT('Ctrl Pts',(119.184209975785,18.6418013293442,34.8000000000002));
#7018=CARTESIAN_POINT('Ctrl Pts',(119.184209975785,18.6418013293442,34.5000000000002));
#7019=CARTESIAN_POINT('',(119.042125913685,21.2602047640976,34.5000000000002));
#7020=CARTESIAN_POINT('Ctrl Pts',(119.042125913685,21.2602047640976,34.5000000000002));
#7021=CARTESIAN_POINT('Ctrl Pts',(119.085112648031,20.7547757688678,34.5000000000002));
#7022=CARTESIAN_POINT('Ctrl Pts',(119.15922878479,19.8833337972286,34.5000000000002));
#7023=CARTESIAN_POINT('Ctrl Pts',(119.176821068346,19.0090203497989,34.5000000000002));
#7024=CARTESIAN_POINT('Ctrl Pts',(119.184209975785,18.6418013293442,34.5000000000002));
#7025=CARTESIAN_POINT('',(119.042125913685,21.2602047640976,34.5000000000002));
#7026=CARTESIAN_POINT('Ctrl Pts',(118.886510405129,23.8718418795761,34.8000000000002));
#7027=CARTESIAN_POINT('Ctrl Pts',(118.886510405129,23.8718418795761,34.5000000000002));
#7028=CARTESIAN_POINT('Ctrl Pts',(118.896474472935,23.5108252277973,34.8000000000002));
#7029=CARTESIAN_POINT('Ctrl Pts',(118.896474472935,23.5108252277973,34.5000000000002));
#7030=CARTESIAN_POINT('Ctrl Pts',(118.920544608628,22.6387195813069,34.8000000000002));
#7031=CARTESIAN_POINT('Ctrl Pts',(118.920544608628,22.6387195813069,34.5000000000002));
#7032=CARTESIAN_POINT('Ctrl Pts',(118.997201746741,21.7695645686659,34.8000000000002));
#7033=CARTESIAN_POINT('Ctrl Pts',(118.997201746741,21.7695645686659,34.5000000000002));
#7034=CARTESIAN_POINT('Ctrl Pts',(119.042125913685,21.2602047640976,34.8000000000002));
#7035=CARTESIAN_POINT('Ctrl Pts',(119.042125913685,21.2602047640976,34.5000000000002));
#7036=CARTESIAN_POINT('',(118.886510405129,23.8718418795761,34.5000000000002));
#7037=CARTESIAN_POINT('Ctrl Pts',(118.886510405129,23.8718418795761,34.5000000000002));
#7038=CARTESIAN_POINT('Ctrl Pts',(118.896474472935,23.5108252277973,34.5000000000002));
#7039=CARTESIAN_POINT('Ctrl Pts',(118.920544608628,22.6387195813069,34.5000000000002));
#7040=CARTESIAN_POINT('Ctrl Pts',(118.997201746741,21.7695645686659,34.5000000000002));
#7041=CARTESIAN_POINT('Ctrl Pts',(119.042125913685,21.2602047640976,34.5000000000002));
#7042=CARTESIAN_POINT('',(118.886510405129,23.8718418795761,34.5000000000002));
#7043=CARTESIAN_POINT('Ctrl Pts',(118.944020542687,24.8258332926926,34.8000000000002));
#7044=CARTESIAN_POINT('Ctrl Pts',(118.944020542687,24.8258332926926,34.5000000000002));
#7045=CARTESIAN_POINT('Ctrl Pts',(118.927408913789,24.6404618256019,34.8000000000002));
#7046=CARTESIAN_POINT('Ctrl Pts',(118.927408913789,24.6404618256019,34.5000000000002));
#7047=CARTESIAN_POINT('Ctrl Pts',(118.898959590487,24.3229918874919,34.8000000000002));
#7048=CARTESIAN_POINT('Ctrl Pts',(118.898959590487,24.3229918874919,34.5000000000002));
#7049=CARTESIAN_POINT('Ctrl Pts',(118.890168398702,24.0044050780478,34.8000000000002));
#7050=CARTESIAN_POINT('Ctrl Pts',(118.890168398702,24.0044050780478,34.5000000000002));
#7051=CARTESIAN_POINT('Ctrl Pts',(118.886510405129,23.8718418795761,34.8000000000002));
#7052=CARTESIAN_POINT('Ctrl Pts',(118.886510405129,23.8718418795761,34.5000000000002));
#7053=CARTESIAN_POINT('',(118.944020542687,24.8258332926926,34.5000000000002));
#7054=CARTESIAN_POINT('Ctrl Pts',(118.944020542687,24.8258332926926,34.5000000000002));
#7055=CARTESIAN_POINT('Ctrl Pts',(118.927408913789,24.6404618256019,34.5000000000002));
#7056=CARTESIAN_POINT('Ctrl Pts',(118.898959590487,24.3229918874919,34.5000000000002));
#7057=CARTESIAN_POINT('Ctrl Pts',(118.890168398702,24.0044050780478,34.5000000000002));
#7058=CARTESIAN_POINT('Ctrl Pts',(118.886510405129,23.8718418795761,34.5000000000002));
#7059=CARTESIAN_POINT('',(118.944020542687,24.8258332926926,34.5000000000002));
#7060=CARTESIAN_POINT('Ctrl Pts',(119.001530680245,25.7865910250839,34.8000000000002));
#7061=CARTESIAN_POINT('Ctrl Pts',(119.001530680245,25.7865910250839,34.5000000000002));
#7062=CARTESIAN_POINT('Ctrl Pts',(118.997899877716,25.6523351033501,34.8000000000002));
#7063=CARTESIAN_POINT('Ctrl Pts',(118.997899877716,25.6523351033501,34.5000000000002));
#7064=CARTESIAN_POINT('Ctrl Pts',(118.989222977311,25.3314899864382,34.8000000000002));
#7065=CARTESIAN_POINT('Ctrl Pts',(118.989222977311,25.3314899864382,34.5000000000002));
#7066=CARTESIAN_POINT('Ctrl Pts',(118.960641976626,25.0117688379926,34.8000000000002));
#7067=CARTESIAN_POINT('Ctrl Pts',(118.960641976626,25.0117688379926,34.5000000000002));
#7068=CARTESIAN_POINT('Ctrl Pts',(118.944020542687,24.8258332926926,34.8000000000002));
#7069=CARTESIAN_POINT('Ctrl Pts',(118.944020542687,24.8258332926926,34.5000000000002));
#7070=CARTESIAN_POINT('',(119.001530680245,25.7865910250839,34.5000000000002));
#7071=CARTESIAN_POINT('Ctrl Pts',(119.001530680245,25.7865910250839,34.5000000000002));
#7072=CARTESIAN_POINT('Ctrl Pts',(118.997899877716,25.6523351033501,34.5000000000002));
#7073=CARTESIAN_POINT('Ctrl Pts',(118.989222977311,25.3314899864382,34.5000000000002));
#7074=CARTESIAN_POINT('Ctrl Pts',(118.960641976626,25.0117688379926,34.5000000000002));
#7075=CARTESIAN_POINT('Ctrl Pts',(118.944020542687,24.8258332926926,34.5000000000002));
#7076=CARTESIAN_POINT('',(119.001530680245,25.7865910250839,34.5000000000002));
#7077=CARTESIAN_POINT('Origin',(118.862829777783,25.7798253018555,34.5000000000002));
#7078=CARTESIAN_POINT('',(118.724128875321,25.773059578627,34.5000000000002));
#7079=CARTESIAN_POINT('',(152.76219845494,27.4334104048927,34.5000000000001));
#7080=CARTESIAN_POINT('',(118.724128875321,25.773059578627,34.5000000000002));
#7081=CARTESIAN_POINT('Origin',(118.561747271007,25.7696764189896,34.5000000000002));
#7082=CARTESIAN_POINT('',(118.399365666693,25.7662932593521,34.5000000000002));
#7083=CARTESIAN_POINT('',(152.155693612859,26.4695936528825,34.5000000000001));
#7084=CARTESIAN_POINT('',(118.399365666693,25.7662932593521,34.5000000000002));
#7085=CARTESIAN_POINT('Ctrl Pts',(117.337119403666,26.4496497828659,34.8000000000002));
#7086=CARTESIAN_POINT('Ctrl Pts',(117.337119403666,26.4496497828659,34.5000000000002));
#7087=CARTESIAN_POINT('Ctrl Pts',(117.404986552097,26.2517540971041,34.8000000000002));
#7088=CARTESIAN_POINT('Ctrl Pts',(117.404986552097,26.2517540971041,34.5000000000002));
#7089=CARTESIAN_POINT('Ctrl Pts',(117.56865199211,25.774517536623,34.8000000000002));
#7090=CARTESIAN_POINT('Ctrl Pts',(117.56865199211,25.774517536623,34.5000000000002));
#7091=CARTESIAN_POINT('Ctrl Pts',(118.092652468938,25.7693297982441,34.8000000000002));
#7092=CARTESIAN_POINT('Ctrl Pts',(118.092652468938,25.7693297982441,34.5000000000002));
#7093=CARTESIAN_POINT('Ctrl Pts',(118.399365666693,25.7662932593521,34.8000000000002));
#7094=CARTESIAN_POINT('Ctrl Pts',(118.399365666693,25.7662932593521,34.5000000000002));
#7095=CARTESIAN_POINT('',(117.337119403666,26.4496497828659,34.5000000000002));
#7096=CARTESIAN_POINT('Ctrl Pts',(117.337119403666,26.4496497828659,34.5000000000002));
#7097=CARTESIAN_POINT('Ctrl Pts',(117.404986552097,26.2517540971041,34.5000000000002));
#7098=CARTESIAN_POINT('Ctrl Pts',(117.56865199211,25.774517536623,34.5000000000002));
#7099=CARTESIAN_POINT('Ctrl Pts',(118.092652468938,25.7693297982441,34.5000000000002));
#7100=CARTESIAN_POINT('Ctrl Pts',(118.399365666693,25.7662932593521,34.5000000000002));
#7101=CARTESIAN_POINT('',(117.337119403666,26.4496497828659,34.5000000000002));
#7102=CARTESIAN_POINT('Ctrl Pts',(117.682180229014,26.9638578612503,34.8000000000002));
#7103=CARTESIAN_POINT('Ctrl Pts',(117.682180229014,26.9638578612503,34.5000000000002));
#7104=CARTESIAN_POINT('Ctrl Pts',(117.581552738797,26.9105197795089,34.8000000000002));
#7105=CARTESIAN_POINT('Ctrl Pts',(117.581552738797,26.9105197795089,34.5000000000002));
#7106=CARTESIAN_POINT('Ctrl Pts',(117.375497446714,26.801299187912,34.8000000000002));
#7107=CARTESIAN_POINT('Ctrl Pts',(117.375497446714,26.801299187912,34.5000000000002));
#7108=CARTESIAN_POINT('Ctrl Pts',(117.350109234565,26.5686726914018,34.8000000000002));
#7109=CARTESIAN_POINT('Ctrl Pts',(117.350109234565,26.5686726914018,34.5000000000002));
#7110=CARTESIAN_POINT('Ctrl Pts',(117.337119403666,26.4496497828659,34.8000000000002));
#7111=CARTESIAN_POINT('Ctrl Pts',(117.337119403666,26.4496497828659,34.5000000000002));
#7112=CARTESIAN_POINT('',(117.682180229014,26.9638578612503,34.5000000000002));
#7113=CARTESIAN_POINT('Ctrl Pts',(117.682180229014,26.9638578612503,34.5000000000002));
#7114=CARTESIAN_POINT('Ctrl Pts',(117.581552738797,26.9105197795089,34.5000000000002));
#7115=CARTESIAN_POINT('Ctrl Pts',(117.375497446714,26.801299187912,34.5000000000002));
#7116=CARTESIAN_POINT('Ctrl Pts',(117.350109234565,26.5686726914018,34.5000000000002));
#7117=CARTESIAN_POINT('Ctrl Pts',(117.337119403666,26.4496497828659,34.5000000000002));
#7118=CARTESIAN_POINT('',(117.682180229014,26.9638578612503,34.5000000000002));
#7119=CARTESIAN_POINT('Ctrl Pts',(118.345238539761,27.0247511584457,34.8000000000002));
#7120=CARTESIAN_POINT('Ctrl Pts',(118.345238539761,27.0247511584457,34.5000000000002));
#7121=CARTESIAN_POINT('Ctrl Pts',(118.210468127293,27.0251450617463,34.8000000000002));
#7122=CARTESIAN_POINT('Ctrl Pts',(118.210468127293,27.0251450617463,34.5000000000002));
#7123=CARTESIAN_POINT('Ctrl Pts',(117.987226401365,27.0257975465985,34.8000000000002));
#7124=CARTESIAN_POINT('Ctrl Pts',(117.987226401365,27.0257975465985,34.5000000000002));
#7125=CARTESIAN_POINT('Ctrl Pts',(117.768759332625,26.9814377652827,34.8000000000002));
#7126=CARTESIAN_POINT('Ctrl Pts',(117.768759332625,26.9814377652827,34.5000000000002));
#7127=CARTESIAN_POINT('Ctrl Pts',(117.682180229014,26.9638578612503,34.8000000000002));
#7128=CARTESIAN_POINT('Ctrl Pts',(117.682180229014,26.9638578612503,34.5000000000002));
#7129=CARTESIAN_POINT('',(118.345238539761,27.0247511584457,34.5000000000002));
#7130=CARTESIAN_POINT('Ctrl Pts',(118.345238539761,27.0247511584457,34.5000000000002));
#7131=CARTESIAN_POINT('Ctrl Pts',(118.210468127293,27.0251450617463,34.5000000000002));
#7132=CARTESIAN_POINT('Ctrl Pts',(117.987226401365,27.0257975465985,34.5000000000002));
#7133=CARTESIAN_POINT('Ctrl Pts',(117.768759332625,26.9814377652827,34.5000000000002));
#7134=CARTESIAN_POINT('Ctrl Pts',(117.682180229014,26.9638578612503,34.5000000000002));
#7135=CARTESIAN_POINT('',(118.345238539761,27.0247511584457,34.5000000000002));
#7136=CARTESIAN_POINT('Origin',(119.015062573736,27.0281343180832,34.5000000000002));
#7137=CARTESIAN_POINT('',(119.684886607712,27.0315174777206,34.5000000000002));
#7138=CARTESIAN_POINT('',(152.097909812158,27.1952297756837,34.5000000000001));
#7139=CARTESIAN_POINT('',(119.684886607712,27.0315174777206,34.5000000000002));
#7140=CARTESIAN_POINT('Origin',(120.358093503302,27.0315174777206,34.5000000000002));
#7141=CARTESIAN_POINT('',(121.031300398892,27.0315174777206,34.5000000000002));
#7142=CARTESIAN_POINT('',(152.679046751651,27.0315174777206,34.5000000000001));
#7143=CARTESIAN_POINT('',(121.031300398892,27.0315174777206,34.5000000000002));
#7144=CARTESIAN_POINT('Ctrl Pts',(121.501530382221,26.8488375861343,34.8000000000002));
#7145=CARTESIAN_POINT('Ctrl Pts',(121.501530382221,26.8488375861343,34.5000000000002));
#7146=CARTESIAN_POINT('Ctrl Pts',(121.434330955345,26.9021104627829,34.8000000000002));
#7147=CARTESIAN_POINT('Ctrl Pts',(121.434330955345,26.9021104627829,34.5000000000002));
#7148=CARTESIAN_POINT('Ctrl Pts',(121.296617501333,27.0112838916266,34.8000000000002));
#7149=CARTESIAN_POINT('Ctrl Pts',(121.296617501333,27.0112838916266,34.5000000000002));
#7150=CARTESIAN_POINT('Ctrl Pts',(121.121147220541,27.0246655884742,34.8000000000002));
#7151=CARTESIAN_POINT('Ctrl Pts',(121.121147220541,27.0246655884742,34.5000000000002));
#7152=CARTESIAN_POINT('Ctrl Pts',(121.031300398892,27.0315174777206,34.8000000000002));
#7153=CARTESIAN_POINT('Ctrl Pts',(121.031300398892,27.0315174777206,34.5000000000002));
#7154=CARTESIAN_POINT('Ctrl Pts',(121.501530382221,26.8488375861343,34.5000000000002));
#7155=CARTESIAN_POINT('Ctrl Pts',(121.434330955345,26.9021104627829,34.5000000000002));
#7156=CARTESIAN_POINT('Ctrl Pts',(121.296617501333,27.0112838916266,34.5000000000002));
#7157=CARTESIAN_POINT('Ctrl Pts',(121.121147220541,27.0246655884742,34.5000000000002));
#7158=CARTESIAN_POINT('Ctrl Pts',(121.031300398892,27.0315174777206,34.5000000000002));
#7159=CARTESIAN_POINT('Origin',(185.,63.1499999999999,34.8000000000002));
#7160=CARTESIAN_POINT('',(130.009649369305,23.8109485823807,34.8000000000002));
#7161=CARTESIAN_POINT('',(129.096252295559,26.4496497828659,34.8000000000002));
#7162=CARTESIAN_POINT('Ctrl Pts',(130.009649369305,23.8109485823807,34.8000000000002));
#7163=CARTESIAN_POINT('Ctrl Pts',(129.979031998758,24.3165409269892,34.8000000000002));
#7164=CARTESIAN_POINT('Ctrl Pts',(129.920468222974,25.2836192938996,34.8000000000002));
#7165=CARTESIAN_POINT('Ctrl Pts',(129.362508498453,26.0729731862075,34.8000000000002));
#7166=CARTESIAN_POINT('Ctrl Pts',(129.096252295559,26.4496497828659,34.8000000000002));
#7167=CARTESIAN_POINT('',(129.16391191203,21.4225862939056,34.8000000000002));
#7168=CARTESIAN_POINT('Ctrl Pts',(129.16391191203,21.4225862939056,34.8000000000002));
#7169=CARTESIAN_POINT('Ctrl Pts',(129.41025379408,21.7496389349454,34.8000000000002));
#7170=CARTESIAN_POINT('Ctrl Pts',(129.940579874697,22.4537195558851,34.8000000000002));
#7171=CARTESIAN_POINT('Ctrl Pts',(129.985561935346,23.3376258119173,34.8000000000002));
#7172=CARTESIAN_POINT('Ctrl Pts',(130.009649369305,23.8109485823807,34.8000000000002));
#7173=CARTESIAN_POINT('',(126.734954688137,20.5768488366303,34.8000000000002));
#7174=CARTESIAN_POINT('Ctrl Pts',(126.734954688137,20.5768488366303,34.8000000000002));
#7175=CARTESIAN_POINT('Ctrl Pts',(127.218683476803,20.5996782326212,34.8000000000002));
#7176=CARTESIAN_POINT('Ctrl Pts',(128.116046628763,20.6420289448877,34.8000000000002));
#7177=CARTESIAN_POINT('Ctrl Pts',(128.833298707795,21.176311729447,34.8000000000002));
#7178=CARTESIAN_POINT('Ctrl Pts',(129.16391191203,21.4225862939056,34.8000000000002));
#7179=CARTESIAN_POINT('',(126.01100263316,20.7087837178406,34.8000000000002));
#7180=CARTESIAN_POINT('Ctrl Pts',(126.01100263316,20.7087837178406,34.8000000000002));
#7181=CARTESIAN_POINT('Ctrl Pts',(126.1437058116,20.6704808986582,34.8000000000002));
#7182=CARTESIAN_POINT('Ctrl Pts',(126.38077917974,20.6020531604566,34.8000000000002));
#7183=CARTESIAN_POINT('Ctrl Pts',(126.6266926807,20.5845531262518,34.8000000000002));
#7184=CARTESIAN_POINT('Ctrl Pts',(126.734954688137,20.5768488366303,34.8000000000002));
#7185=CARTESIAN_POINT('',(124.982586476391,21.1113546807465,34.8000000000002));
#7186=CARTESIAN_POINT('Ctrl Pts',(124.982586476391,21.1113546807465,34.8000000000002));
#7187=CARTESIAN_POINT('Ctrl Pts',(125.16505296501,21.0292474577633,34.8000000000002));
#7188=CARTESIAN_POINT('Ctrl Pts',(125.501228484936,20.8779734425452,34.8000000000002));
#7189=CARTESIAN_POINT('Ctrl Pts',(125.851052926006,20.761869671717,34.8000000000002));
#7190=CARTESIAN_POINT('Ctrl Pts',(126.01100263316,20.7087837178406,34.8000000000002));
#7191=CARTESIAN_POINT('',(125.923046443051,19.433411808699,34.8000000000002));
#7192=CARTESIAN_POINT('Ctrl Pts',(125.923046443051,19.433411808699,34.8000000000002));
#7193=CARTESIAN_POINT('Ctrl Pts',(125.741307300936,19.6587796456708,34.8000000000002));
#7194=CARTESIAN_POINT('Ctrl Pts',(125.333897074663,20.1639936594866,34.8000000000002));
#7195=CARTESIAN_POINT('Ctrl Pts',(125.107816272757,20.7736540011746,34.8000000000002));
#7196=CARTESIAN_POINT('Ctrl Pts',(124.982586476391,21.1113546807465,34.8000000000002));
#7197=CARTESIAN_POINT('',(127.303289744442,18.0869977194962,34.8000000000002));
#7198=CARTESIAN_POINT('',(127.303289744442,18.0869977194962,34.8000000000002));
#7199=CARTESIAN_POINT('',(127.993411395138,17.1465371567902,34.8000000000002));
#7200=CARTESIAN_POINT('Ctrl Pts',(127.993411395138,17.1465371567902,34.8000000000002));
#7201=CARTESIAN_POINT('Ctrl Pts',(127.943570585896,17.2690781816892,34.8000000000002));
#7202=CARTESIAN_POINT('Ctrl Pts',(127.794365525864,17.6359209608224,34.8000000000002));
#7203=CARTESIAN_POINT('Ctrl Pts',(127.499594658113,17.9066822009541,34.8000000000002));
#7204=CARTESIAN_POINT('Ctrl Pts',(127.303289744442,18.0869977194962,34.8000000000002));
#7205=CARTESIAN_POINT('',(127.783668610638,16.6898398120102,34.8000000000002));
#7206=CARTESIAN_POINT('Ctrl Pts',(127.783668610638,16.6898398120102,34.8000000000002));
#7207=CARTESIAN_POINT('Ctrl Pts',(127.843128340816,16.7563260009677,34.8000000000002));
#7208=CARTESIAN_POINT('Ctrl Pts',(127.960113449317,16.8871354413359,34.8000000000002));
#7209=CARTESIAN_POINT('Ctrl Pts',(127.982435109612,17.0610283596356,34.8000000000002));
#7210=CARTESIAN_POINT('Ctrl Pts',(127.993411395138,17.1465371567902,34.8000000000002));
#7211=CARTESIAN_POINT('',(127.310056063717,16.4970116336044,34.8000000000002));
#7212=CARTESIAN_POINT('Ctrl Pts',(127.310056063717,16.4970116336044,34.8000000000002));
#7213=CARTESIAN_POINT('Ctrl Pts',(127.397762211206,16.5053455030229,34.8000000000002));
#7214=CARTESIAN_POINT('Ctrl Pts',(127.574847521991,16.5221722124183,34.8000000000002));
#7215=CARTESIAN_POINT('Ctrl Pts',(127.713624548494,16.6335997079025,34.8000000000002));
#7216=CARTESIAN_POINT('Ctrl Pts',(127.783668610638,16.6898398120102,34.8000000000002));
#7217=CARTESIAN_POINT('',(126.606401774472,16.9435612876114,34.8000000000002));
#7218=CARTESIAN_POINT('Ctrl Pts',(126.606401774472,16.9435612876114,34.8000000000002));
#7219=CARTESIAN_POINT('Ctrl Pts',(126.733948548221,16.8165295069124,34.8000000000002));
#7220=CARTESIAN_POINT('Ctrl Pts',(126.937407260182,16.6138922961127,34.8000000000002));
#7221=CARTESIAN_POINT('Ctrl Pts',(127.208798136548,16.5287710099919,34.8000000000002));
#7222=CARTESIAN_POINT('Ctrl Pts',(127.310056063717,16.4970116336044,34.8000000000002));
#7223=CARTESIAN_POINT('',(125.970407101696,17.5863210875687,34.8000000000002));
#7224=CARTESIAN_POINT('',(125.970407101696,17.5863210875687,34.8000000000002));
#7225=CARTESIAN_POINT('',(123.257281753605,23.3846966941055,34.8000000000002));
#7226=CARTESIAN_POINT('Ctrl Pts',(123.257281753605,23.3846966941055,34.8000000000002));
#7227=CARTESIAN_POINT('Ctrl Pts',(123.381571746225,22.2975126930319,34.8000000000002));
#7228=CARTESIAN_POINT('Ctrl Pts',(123.63674550316,20.0654679387847,34.8000000000002));
#7229=CARTESIAN_POINT('Ctrl Pts',(125.179233771711,18.4268177864173,34.8000000000002));
#7230=CARTESIAN_POINT('Ctrl Pts',(125.970407101696,17.5863210875687,34.8000000000002));
#7231=CARTESIAN_POINT('',(123.947403404301,26.219609232634,34.8000000000002));
#7232=CARTESIAN_POINT('Ctrl Pts',(123.947403404301,26.219609232634,34.8000000000002));
#7233=CARTESIAN_POINT('Ctrl Pts',(123.746531495698,25.8136106541691,34.8000000000002));
#7234=CARTESIAN_POINT('Ctrl Pts',(123.305794146736,24.922800493608,34.8000000000002));
#7235=CARTESIAN_POINT('Ctrl Pts',(123.274379019035,23.9267719705726,34.8000000000002));
#7236=CARTESIAN_POINT('Ctrl Pts',(123.257281753605,23.3846966941055,34.8000000000002));
#7237=CARTESIAN_POINT('',(126.545509669369,27.5118963439163,34.8000000000002));
#7238=CARTESIAN_POINT('Ctrl Pts',(126.545509669369,27.5118963439163,34.8000000000002));
#7239=CARTESIAN_POINT('Ctrl Pts',(126.002226357003,27.4676446704918,34.8000000000002));
#7240=CARTESIAN_POINT('Ctrl Pts',(124.95926174923,27.3826928080548,34.8000000000002));
#7241=CARTESIAN_POINT('Ctrl Pts',(124.275156317345,26.5963457905404,34.8000000000002));
#7242=CARTESIAN_POINT('Ctrl Pts',(123.947403404301,26.219609232634,34.8000000000002));
#7243=CARTESIAN_POINT('Ctrl Pts',(129.096252295559,26.4496497828659,34.8000000000002));
#7244=CARTESIAN_POINT('Ctrl Pts',(128.743456546501,26.7593845498209,34.8000000000002));
#7245=CARTESIAN_POINT('Ctrl Pts',(128.014615292032,27.3992660583237,34.8000000000002));
#7246=CARTESIAN_POINT('Ctrl Pts',(127.045516173598,27.4735629017861,34.8000000000002));
#7247=CARTESIAN_POINT('Ctrl Pts',(126.545509669369,27.5118963439163,34.8000000000002));
#7248=CARTESIAN_POINT('',(128.690299365109,23.8109485823807,34.8000000000002));
#7249=CARTESIAN_POINT('',(128.155793520993,22.4205569941696,34.8000000000002));
#7250=CARTESIAN_POINT('Ctrl Pts',(128.690299365109,23.8109485823807,34.8000000000002));
#7251=CARTESIAN_POINT('Ctrl Pts',(128.675742500304,23.5284682703662,34.8000000000002));
#7252=CARTESIAN_POINT('Ctrl Pts',(128.648709439,23.0038836366512,34.8000000000002));
#7253=CARTESIAN_POINT('Ctrl Pts',(128.311446048842,22.6047593360845,34.8000000000002));
#7254=CARTESIAN_POINT('Ctrl Pts',(128.155793520993,22.4205569941696,34.8000000000002));
#7255=CARTESIAN_POINT('',(128.169324967449,25.6039123255905,34.8000000000002));
#7256=CARTESIAN_POINT('Ctrl Pts',(128.169324967449,25.6039123255905,34.8000000000002));
#7257=CARTESIAN_POINT('Ctrl Pts',(128.321065202901,25.3482630024551,34.8000000000002));
#7258=CARTESIAN_POINT('Ctrl Pts',(128.648143302464,24.7972074797257,34.8000000000002));
#7259=CARTESIAN_POINT('Ctrl Pts',(128.675587344556,24.1551425193266,34.8000000000002));
#7260=CARTESIAN_POINT('Ctrl Pts',(128.690299365109,23.8109485823807,34.8000000000002));
#7261=CARTESIAN_POINT('',(126.58610400874,26.3346295077499,34.8000000000002));
#7262=CARTESIAN_POINT('Ctrl Pts',(126.58610400874,26.3346295077499,34.8000000000002));
#7263=CARTESIAN_POINT('Ctrl Pts',(126.904450147732,26.3080274317376,34.8000000000002));
#7264=CARTESIAN_POINT('Ctrl Pts',(127.522503062184,26.2563808477334,34.8000000000002));
#7265=CARTESIAN_POINT('Ctrl Pts',(127.958096571111,25.8169847006466,34.8000000000002));
#7266=CARTESIAN_POINT('Ctrl Pts',(128.169324967449,25.6039123255905,34.8000000000002));
#7267=CARTESIAN_POINT('',(124.982586476391,25.3603403289017,34.8000000000002));
#7268=CARTESIAN_POINT('Ctrl Pts',(124.982586476391,25.3603403289017,34.8000000000002));
#7269=CARTESIAN_POINT('Ctrl Pts',(125.177308618449,25.6445065471047,34.8000000000002));
#7270=CARTESIAN_POINT('Ctrl Pts',(125.565385970201,26.2108441615768,34.8000000000002));
#7271=CARTESIAN_POINT('Ctrl Pts',(126.24666455614,26.2934647310355,34.8000000000002));
#7272=CARTESIAN_POINT('Ctrl Pts',(126.58610400874,26.3346295077499,34.8000000000002));
#7273=CARTESIAN_POINT('',(124.576632353848,23.3846966941055,34.8000000000002));
#7274=CARTESIAN_POINT('Ctrl Pts',(124.576632353848,23.3846966941055,34.8000000000002));
#7275=CARTESIAN_POINT('Ctrl Pts',(124.586828327594,23.7563004926114,34.8000000000002));
#7276=CARTESIAN_POINT('Ctrl Pts',(124.605589888906,24.440086820746,34.8000000000002));
#7277=CARTESIAN_POINT('Ctrl Pts',(124.864418375626,25.0718904784506,34.8000000000002));
#7278=CARTESIAN_POINT('Ctrl Pts',(124.982586476391,25.3603403289017,34.8000000000002));
#7279=CARTESIAN_POINT('',(124.617227885311,22.6810435969528,34.8000000000002));
#7280=CARTESIAN_POINT('Ctrl Pts',(124.617227885311,22.6810435969528,34.8000000000002));
#7281=CARTESIAN_POINT('Ctrl Pts',(124.605387953615,22.7993496108792,34.8000000000002));
#7282=CARTESIAN_POINT('Ctrl Pts',(124.581971111945,23.0333334942233,34.8000000000002));
#7283=CARTESIAN_POINT('Ctrl Pts',(124.57839856407,23.2684559384806,34.8000000000002));
#7284=CARTESIAN_POINT('Ctrl Pts',(124.576632353848,23.3846966941055,34.8000000000002));
#7285=CARTESIAN_POINT('',(125.503560278004,22.1600691992935,34.8000000000002));
#7286=CARTESIAN_POINT('Ctrl Pts',(125.503560278004,22.1600691992935,34.8000000000002));
#7287=CARTESIAN_POINT('Ctrl Pts',(125.399961474519,22.2162920137342,34.8000000000002));
#7288=CARTESIAN_POINT('Ctrl Pts',(125.098647303333,22.3798144692552,34.8000000000002));
#7289=CARTESIAN_POINT('Ctrl Pts',(124.807966127911,22.5616966984149,34.8000000000002));
#7290=CARTESIAN_POINT('Ctrl Pts',(124.617227885311,22.6810435969528,34.8000000000002));
#7291=CARTESIAN_POINT('',(126.545509669369,21.9570915419754,34.8000000000002));
#7292=CARTESIAN_POINT('Ctrl Pts',(126.545509669369,21.9570915419754,34.8000000000002));
#7293=CARTESIAN_POINT('Ctrl Pts',(126.359752536039,21.9642023340776,34.8000000000002));
#7294=CARTESIAN_POINT('Ctrl Pts',(126.001704464698,21.9779084316698,34.8000000000002));
#7295=CARTESIAN_POINT('Ctrl Pts',(125.665392101944,22.1008907323711,34.8000000000002));
#7296=CARTESIAN_POINT('Ctrl Pts',(125.503560278004,22.1600691992935,34.8000000000002));
#7297=CARTESIAN_POINT('Ctrl Pts',(128.155793520993,22.4205569941696,34.8000000000002));
#7298=CARTESIAN_POINT('Ctrl Pts',(127.938367768554,22.2858253247739,34.8000000000002));
#7299=CARTESIAN_POINT('Ctrl Pts',(127.447931168392,21.9819177097305,34.8000000000002));
#7300=CARTESIAN_POINT('Ctrl Pts',(126.868218009196,21.9659694459141,34.8000000000002));
#7301=CARTESIAN_POINT('Ctrl Pts',(126.545509669369,21.9570915419754,34.8000000000002));
#7302=CARTESIAN_POINT('Ctrl Pts',(130.009649369305,23.8109485823807,34.8000000000002));
#7303=CARTESIAN_POINT('Ctrl Pts',(130.009649369305,23.8109485823807,34.5000000000002));
#7304=CARTESIAN_POINT('Ctrl Pts',(129.979031998758,24.3165409269892,34.8000000000002));
#7305=CARTESIAN_POINT('Ctrl Pts',(129.979031998758,24.3165409269892,34.5000000000002));
#7306=CARTESIAN_POINT('Ctrl Pts',(129.920468222974,25.2836192938996,34.8000000000002));
#7307=CARTESIAN_POINT('Ctrl Pts',(129.920468222974,25.2836192938996,34.5000000000002));
#7308=CARTESIAN_POINT('Ctrl Pts',(129.362508498453,26.0729731862075,34.8000000000002));
#7309=CARTESIAN_POINT('Ctrl Pts',(129.362508498453,26.0729731862075,34.5000000000002));
#7310=CARTESIAN_POINT('Ctrl Pts',(129.096252295559,26.4496497828659,34.8000000000002));
#7311=CARTESIAN_POINT('Ctrl Pts',(129.096252295559,26.4496497828659,34.5000000000002));
#7312=CARTESIAN_POINT('',(129.096252295559,26.4496497828659,34.5000000000002));
#7313=CARTESIAN_POINT('',(129.096252295559,26.4496497828659,34.5000000000002));
#7314=CARTESIAN_POINT('',(130.009649369305,23.8109485823807,34.5000000000002));
#7315=CARTESIAN_POINT('Ctrl Pts',(130.009649369305,23.8109485823807,34.5000000000002));
#7316=CARTESIAN_POINT('Ctrl Pts',(129.979031998758,24.3165409269892,34.5000000000002));
#7317=CARTESIAN_POINT('Ctrl Pts',(129.920468222974,25.2836192938996,34.5000000000002));
#7318=CARTESIAN_POINT('Ctrl Pts',(129.362508498453,26.0729731862075,34.5000000000002));
#7319=CARTESIAN_POINT('Ctrl Pts',(129.096252295559,26.4496497828659,34.5000000000002));
#7320=CARTESIAN_POINT('',(130.009649369305,23.8109485823807,34.5000000000002));
#7321=CARTESIAN_POINT('Ctrl Pts',(129.16391191203,21.4225862939056,34.8000000000002));
#7322=CARTESIAN_POINT('Ctrl Pts',(129.16391191203,21.4225862939056,34.5000000000002));
#7323=CARTESIAN_POINT('Ctrl Pts',(129.41025379408,21.7496389349454,34.8000000000002));
#7324=CARTESIAN_POINT('Ctrl Pts',(129.41025379408,21.7496389349454,34.5000000000002));
#7325=CARTESIAN_POINT('Ctrl Pts',(129.940579874697,22.4537195558851,34.8000000000002));
#7326=CARTESIAN_POINT('Ctrl Pts',(129.940579874697,22.4537195558851,34.5000000000002));
#7327=CARTESIAN_POINT('Ctrl Pts',(129.985561935346,23.3376258119173,34.8000000000002));
#7328=CARTESIAN_POINT('Ctrl Pts',(129.985561935346,23.3376258119173,34.5000000000002));
#7329=CARTESIAN_POINT('Ctrl Pts',(130.009649369305,23.8109485823807,34.8000000000002));
#7330=CARTESIAN_POINT('Ctrl Pts',(130.009649369305,23.8109485823807,34.5000000000002));
#7331=CARTESIAN_POINT('',(129.16391191203,21.4225862939056,34.5000000000002));
#7332=CARTESIAN_POINT('Ctrl Pts',(129.16391191203,21.4225862939056,34.5000000000002));
#7333=CARTESIAN_POINT('Ctrl Pts',(129.41025379408,21.7496389349454,34.5000000000002));
#7334=CARTESIAN_POINT('Ctrl Pts',(129.940579874697,22.4537195558851,34.5000000000002));
#7335=CARTESIAN_POINT('Ctrl Pts',(129.985561935346,23.3376258119173,34.5000000000002));
#7336=CARTESIAN_POINT('Ctrl Pts',(130.009649369305,23.8109485823807,34.5000000000002));
#7337=CARTESIAN_POINT('',(129.16391191203,21.4225862939056,34.5000000000002));
#7338=CARTESIAN_POINT('Ctrl Pts',(126.734954688137,20.5768488366303,34.8000000000002));
#7339=CARTESIAN_POINT('Ctrl Pts',(126.734954688137,20.5768488366303,34.5000000000002));
#7340=CARTESIAN_POINT('Ctrl Pts',(127.218683476803,20.5996782326212,34.8000000000002));
#7341=CARTESIAN_POINT('Ctrl Pts',(127.218683476803,20.5996782326212,34.5000000000002));
#7342=CARTESIAN_POINT('Ctrl Pts',(128.116046628763,20.6420289448877,34.8000000000002));
#7343=CARTESIAN_POINT('Ctrl Pts',(128.116046628763,20.6420289448877,34.5000000000002));
#7344=CARTESIAN_POINT('Ctrl Pts',(128.833298707795,21.176311729447,34.8000000000002));
#7345=CARTESIAN_POINT('Ctrl Pts',(128.833298707795,21.176311729447,34.5000000000002));
#7346=CARTESIAN_POINT('Ctrl Pts',(129.16391191203,21.4225862939056,34.8000000000002));
#7347=CARTESIAN_POINT('Ctrl Pts',(129.16391191203,21.4225862939056,34.5000000000002));
#7348=CARTESIAN_POINT('',(126.734954688137,20.5768488366303,34.5000000000002));
#7349=CARTESIAN_POINT('Ctrl Pts',(126.734954688137,20.5768488366303,34.5000000000002));
#7350=CARTESIAN_POINT('Ctrl Pts',(127.218683476803,20.5996782326212,34.5000000000002));
#7351=CARTESIAN_POINT('Ctrl Pts',(128.116046628763,20.6420289448877,34.5000000000002));
#7352=CARTESIAN_POINT('Ctrl Pts',(128.833298707795,21.176311729447,34.5000000000002));
#7353=CARTESIAN_POINT('Ctrl Pts',(129.16391191203,21.4225862939056,34.5000000000002));
#7354=CARTESIAN_POINT('',(126.734954688137,20.5768488366303,34.5000000000002));
#7355=CARTESIAN_POINT('Ctrl Pts',(126.01100263316,20.7087837178406,34.8000000000002));
#7356=CARTESIAN_POINT('Ctrl Pts',(126.01100263316,20.7087837178406,34.5000000000002));
#7357=CARTESIAN_POINT('Ctrl Pts',(126.1437058116,20.6704808986582,34.8000000000002));
#7358=CARTESIAN_POINT('Ctrl Pts',(126.1437058116,20.6704808986582,34.5000000000002));
#7359=CARTESIAN_POINT('Ctrl Pts',(126.38077917974,20.6020531604566,34.8000000000002));
#7360=CARTESIAN_POINT('Ctrl Pts',(126.38077917974,20.6020531604566,34.5000000000002));
#7361=CARTESIAN_POINT('Ctrl Pts',(126.6266926807,20.5845531262518,34.8000000000002));
#7362=CARTESIAN_POINT('Ctrl Pts',(126.6266926807,20.5845531262518,34.5000000000002));
#7363=CARTESIAN_POINT('Ctrl Pts',(126.734954688137,20.5768488366303,34.8000000000002));
#7364=CARTESIAN_POINT('Ctrl Pts',(126.734954688137,20.5768488366303,34.5000000000002));
#7365=CARTESIAN_POINT('',(126.01100263316,20.7087837178406,34.5000000000002));
#7366=CARTESIAN_POINT('Ctrl Pts',(126.01100263316,20.7087837178406,34.5000000000002));
#7367=CARTESIAN_POINT('Ctrl Pts',(126.1437058116,20.6704808986582,34.5000000000002));
#7368=CARTESIAN_POINT('Ctrl Pts',(126.38077917974,20.6020531604566,34.5000000000002));
#7369=CARTESIAN_POINT('Ctrl Pts',(126.6266926807,20.5845531262518,34.5000000000002));
#7370=CARTESIAN_POINT('Ctrl Pts',(126.734954688137,20.5768488366303,34.5000000000002));
#7371=CARTESIAN_POINT('',(126.01100263316,20.7087837178406,34.5000000000002));
#7372=CARTESIAN_POINT('Ctrl Pts',(124.982586476391,21.1113546807465,34.8000000000002));
#7373=CARTESIAN_POINT('Ctrl Pts',(124.982586476391,21.1113546807465,34.5000000000002));
#7374=CARTESIAN_POINT('Ctrl Pts',(125.16505296501,21.0292474577633,34.8000000000002));
#7375=CARTESIAN_POINT('Ctrl Pts',(125.16505296501,21.0292474577633,34.5000000000002));
#7376=CARTESIAN_POINT('Ctrl Pts',(125.501228484936,20.8779734425452,34.8000000000002));
#7377=CARTESIAN_POINT('Ctrl Pts',(125.501228484936,20.8779734425452,34.5000000000002));
#7378=CARTESIAN_POINT('Ctrl Pts',(125.851052926006,20.761869671717,34.8000000000002));
#7379=CARTESIAN_POINT('Ctrl Pts',(125.851052926006,20.761869671717,34.5000000000002));
#7380=CARTESIAN_POINT('Ctrl Pts',(126.01100263316,20.7087837178406,34.8000000000002));
#7381=CARTESIAN_POINT('Ctrl Pts',(126.01100263316,20.7087837178406,34.5000000000002));
#7382=CARTESIAN_POINT('',(124.982586476391,21.1113546807465,34.5000000000002));
#7383=CARTESIAN_POINT('Ctrl Pts',(124.982586476391,21.1113546807465,34.5000000000002));
#7384=CARTESIAN_POINT('Ctrl Pts',(125.16505296501,21.0292474577633,34.5000000000002));
#7385=CARTESIAN_POINT('Ctrl Pts',(125.501228484936,20.8779734425452,34.5000000000002));
#7386=CARTESIAN_POINT('Ctrl Pts',(125.851052926006,20.761869671717,34.5000000000002));
#7387=CARTESIAN_POINT('Ctrl Pts',(126.01100263316,20.7087837178406,34.5000000000002));
#7388=CARTESIAN_POINT('',(124.982586476391,21.1113546807465,34.5000000000002));
#7389=CARTESIAN_POINT('Ctrl Pts',(125.923046443051,19.433411808699,34.8000000000002));
#7390=CARTESIAN_POINT('Ctrl Pts',(125.923046443051,19.433411808699,34.5000000000002));
#7391=CARTESIAN_POINT('Ctrl Pts',(125.741307300936,19.6587796456708,34.8000000000002));
#7392=CARTESIAN_POINT('Ctrl Pts',(125.741307300936,19.6587796456708,34.5000000000002));
#7393=CARTESIAN_POINT('Ctrl Pts',(125.333897074663,20.1639936594866,34.8000000000002));
#7394=CARTESIAN_POINT('Ctrl Pts',(125.333897074663,20.1639936594866,34.5000000000002));
#7395=CARTESIAN_POINT('Ctrl Pts',(125.107816272757,20.7736540011746,34.8000000000002));
#7396=CARTESIAN_POINT('Ctrl Pts',(125.107816272757,20.7736540011746,34.5000000000002));
#7397=CARTESIAN_POINT('Ctrl Pts',(124.982586476391,21.1113546807465,34.8000000000002));
#7398=CARTESIAN_POINT('Ctrl Pts',(124.982586476391,21.1113546807465,34.5000000000002));
#7399=CARTESIAN_POINT('',(125.923046443051,19.433411808699,34.5000000000002));
#7400=CARTESIAN_POINT('Ctrl Pts',(125.923046443051,19.433411808699,34.5000000000002));
#7401=CARTESIAN_POINT('Ctrl Pts',(125.741307300936,19.6587796456708,34.5000000000002));
#7402=CARTESIAN_POINT('Ctrl Pts',(125.333897074663,20.1639936594866,34.5000000000002));
#7403=CARTESIAN_POINT('Ctrl Pts',(125.107816272757,20.7736540011746,34.5000000000002));
#7404=CARTESIAN_POINT('Ctrl Pts',(124.982586476391,21.1113546807465,34.5000000000002));
#7405=CARTESIAN_POINT('',(125.923046443051,19.433411808699,34.5000000000002));
#7406=CARTESIAN_POINT('Origin',(126.613168093746,18.7602047640976,34.5000000000002));
#7407=CARTESIAN_POINT('',(127.303289744442,18.0869977194962,34.5000000000002));
#7408=CARTESIAN_POINT('',(130.477985596632,14.9901123949935,34.5));
#7409=CARTESIAN_POINT('',(127.303289744442,18.0869977194962,34.5000000000002));
#7410=CARTESIAN_POINT('Ctrl Pts',(127.993411395138,17.1465371567902,34.8000000000002));
#7411=CARTESIAN_POINT('Ctrl Pts',(127.993411395138,17.1465371567902,34.5000000000002));
#7412=CARTESIAN_POINT('Ctrl Pts',(127.943570585896,17.2690781816892,34.8000000000002));
#7413=CARTESIAN_POINT('Ctrl Pts',(127.943570585896,17.2690781816892,34.5000000000002));
#7414=CARTESIAN_POINT('Ctrl Pts',(127.794365525864,17.6359209608224,34.8000000000002));
#7415=CARTESIAN_POINT('Ctrl Pts',(127.794365525864,17.6359209608224,34.5000000000002));
#7416=CARTESIAN_POINT('Ctrl Pts',(127.499594658113,17.9066822009541,34.8000000000002));
#7417=CARTESIAN_POINT('Ctrl Pts',(127.499594658113,17.9066822009541,34.5000000000002));
#7418=CARTESIAN_POINT('Ctrl Pts',(127.303289744442,18.0869977194962,34.8000000000002));
#7419=CARTESIAN_POINT('Ctrl Pts',(127.303289744442,18.0869977194962,34.5000000000002));
#7420=CARTESIAN_POINT('',(127.993411395138,17.1465371567902,34.5000000000002));
#7421=CARTESIAN_POINT('Ctrl Pts',(127.993411395138,17.1465371567902,34.5000000000002));
#7422=CARTESIAN_POINT('Ctrl Pts',(127.943570585896,17.2690781816892,34.5000000000002));
#7423=CARTESIAN_POINT('Ctrl Pts',(127.794365525864,17.6359209608224,34.5000000000002));
#7424=CARTESIAN_POINT('Ctrl Pts',(127.499594658113,17.9066822009541,34.5000000000002));
#7425=CARTESIAN_POINT('Ctrl Pts',(127.303289744442,18.0869977194962,34.5000000000002));
#7426=CARTESIAN_POINT('',(127.993411395138,17.1465371567902,34.5000000000002));
#7427=CARTESIAN_POINT('Ctrl Pts',(127.783668610638,16.6898398120102,34.8000000000002));
#7428=CARTESIAN_POINT('Ctrl Pts',(127.783668610638,16.6898398120102,34.5000000000002));
#7429=CARTESIAN_POINT('Ctrl Pts',(127.843128340816,16.7563260009677,34.8000000000002));
#7430=CARTESIAN_POINT('Ctrl Pts',(127.843128340816,16.7563260009677,34.5000000000002));
#7431=CARTESIAN_POINT('Ctrl Pts',(127.960113449317,16.8871354413359,34.8000000000002));
#7432=CARTESIAN_POINT('Ctrl Pts',(127.960113449317,16.8871354413359,34.5000000000002));
#7433=CARTESIAN_POINT('Ctrl Pts',(127.982435109612,17.0610283596356,34.8000000000002));
#7434=CARTESIAN_POINT('Ctrl Pts',(127.982435109612,17.0610283596356,34.5000000000002));
#7435=CARTESIAN_POINT('Ctrl Pts',(127.993411395138,17.1465371567902,34.8000000000002));
#7436=CARTESIAN_POINT('Ctrl Pts',(127.993411395138,17.1465371567902,34.5000000000002));
#7437=CARTESIAN_POINT('',(127.783668610638,16.6898398120102,34.5000000000002));
#7438=CARTESIAN_POINT('Ctrl Pts',(127.783668610638,16.6898398120102,34.5000000000002));
#7439=CARTESIAN_POINT('Ctrl Pts',(127.843128340816,16.7563260009677,34.5000000000002));
#7440=CARTESIAN_POINT('Ctrl Pts',(127.960113449317,16.8871354413359,34.5000000000002));
#7441=CARTESIAN_POINT('Ctrl Pts',(127.982435109612,17.0610283596356,34.5000000000002));
#7442=CARTESIAN_POINT('Ctrl Pts',(127.993411395138,17.1465371567902,34.5000000000002));
#7443=CARTESIAN_POINT('',(127.783668610638,16.6898398120102,34.5000000000002));
#7444=CARTESIAN_POINT('Ctrl Pts',(127.310056063717,16.4970116336044,34.8000000000002));
#7445=CARTESIAN_POINT('Ctrl Pts',(127.310056063717,16.4970116336044,34.5000000000002));
#7446=CARTESIAN_POINT('Ctrl Pts',(127.397762211206,16.5053455030229,34.8000000000002));
#7447=CARTESIAN_POINT('Ctrl Pts',(127.397762211206,16.5053455030229,34.5000000000002));
#7448=CARTESIAN_POINT('Ctrl Pts',(127.574847521991,16.5221722124183,34.8000000000002));
#7449=CARTESIAN_POINT('Ctrl Pts',(127.574847521991,16.5221722124183,34.5000000000002));
#7450=CARTESIAN_POINT('Ctrl Pts',(127.713624548494,16.6335997079025,34.8000000000002));
#7451=CARTESIAN_POINT('Ctrl Pts',(127.713624548494,16.6335997079025,34.5000000000002));
#7452=CARTESIAN_POINT('Ctrl Pts',(127.783668610638,16.6898398120102,34.8000000000002));
#7453=CARTESIAN_POINT('Ctrl Pts',(127.783668610638,16.6898398120102,34.5000000000002));
#7454=CARTESIAN_POINT('',(127.310056063717,16.4970116336044,34.5000000000002));
#7455=CARTESIAN_POINT('Ctrl Pts',(127.310056063717,16.4970116336044,34.5000000000002));
#7456=CARTESIAN_POINT('Ctrl Pts',(127.397762211206,16.5053455030229,34.5000000000002));
#7457=CARTESIAN_POINT('Ctrl Pts',(127.574847521991,16.5221722124183,34.5000000000002));
#7458=CARTESIAN_POINT('Ctrl Pts',(127.713624548494,16.6335997079025,34.5000000000002));
#7459=CARTESIAN_POINT('Ctrl Pts',(127.783668610638,16.6898398120102,34.5000000000002));
#7460=CARTESIAN_POINT('',(127.310056063717,16.4970116336044,34.5000000000002));
#7461=CARTESIAN_POINT('Ctrl Pts',(126.606401774472,16.9435612876114,34.8000000000002));
#7462=CARTESIAN_POINT('Ctrl Pts',(126.606401774472,16.9435612876114,34.5000000000002));
#7463=CARTESIAN_POINT('Ctrl Pts',(126.733948548221,16.8165295069124,34.8000000000002));
#7464=CARTESIAN_POINT('Ctrl Pts',(126.733948548221,16.8165295069124,34.5000000000002));
#7465=CARTESIAN_POINT('Ctrl Pts',(126.937407260182,16.6138922961127,34.8000000000002));
#7466=CARTESIAN_POINT('Ctrl Pts',(126.937407260182,16.6138922961127,34.5000000000002));
#7467=CARTESIAN_POINT('Ctrl Pts',(127.208798136548,16.5287710099919,34.8000000000002));
#7468=CARTESIAN_POINT('Ctrl Pts',(127.208798136548,16.5287710099919,34.5000000000002));
#7469=CARTESIAN_POINT('Ctrl Pts',(127.310056063717,16.4970116336044,34.8000000000002));
#7470=CARTESIAN_POINT('Ctrl Pts',(127.310056063717,16.4970116336044,34.5000000000002));
#7471=CARTESIAN_POINT('',(126.606401774472,16.9435612876114,34.5000000000002));
#7472=CARTESIAN_POINT('Ctrl Pts',(126.606401774472,16.9435612876114,34.5000000000002));
#7473=CARTESIAN_POINT('Ctrl Pts',(126.733948548221,16.8165295069124,34.5000000000002));
#7474=CARTESIAN_POINT('Ctrl Pts',(126.937407260182,16.6138922961127,34.5000000000002));
#7475=CARTESIAN_POINT('Ctrl Pts',(127.208798136548,16.5287710099919,34.5000000000002));
#7476=CARTESIAN_POINT('Ctrl Pts',(127.310056063717,16.4970116336044,34.5000000000002));
#7477=CARTESIAN_POINT('',(126.606401774472,16.9435612876114,34.5000000000002));
#7478=CARTESIAN_POINT('Origin',(126.288404438084,17.26494118759,34.5000000000002));
#7479=CARTESIAN_POINT('',(125.970407101696,17.5863210875687,34.5000000000002));
#7480=CARTESIAN_POINT('',(129.340381061733,14.1805004397908,34.5));
#7481=CARTESIAN_POINT('',(125.970407101696,17.5863210875687,34.5000000000002));
#7482=CARTESIAN_POINT('Ctrl Pts',(123.257281753605,23.3846966941055,34.8000000000002));
#7483=CARTESIAN_POINT('Ctrl Pts',(123.257281753605,23.3846966941055,34.5000000000002));
#7484=CARTESIAN_POINT('Ctrl Pts',(123.381571746225,22.2975126930319,34.8000000000002));
#7485=CARTESIAN_POINT('Ctrl Pts',(123.381571746225,22.2975126930319,34.5000000000002));
#7486=CARTESIAN_POINT('Ctrl Pts',(123.63674550316,20.0654679387847,34.8000000000002));
#7487=CARTESIAN_POINT('Ctrl Pts',(123.63674550316,20.0654679387847,34.5000000000002));
#7488=CARTESIAN_POINT('Ctrl Pts',(125.179233771711,18.4268177864173,34.8000000000002));
#7489=CARTESIAN_POINT('Ctrl Pts',(125.179233771711,18.4268177864173,34.5000000000002));
#7490=CARTESIAN_POINT('Ctrl Pts',(125.970407101696,17.5863210875687,34.8000000000002));
#7491=CARTESIAN_POINT('Ctrl Pts',(125.970407101696,17.5863210875687,34.5000000000002));
#7492=CARTESIAN_POINT('',(123.257281753605,23.3846966941055,34.5000000000002));
#7493=CARTESIAN_POINT('Ctrl Pts',(123.257281753605,23.3846966941055,34.5000000000002));
#7494=CARTESIAN_POINT('Ctrl Pts',(123.381571746225,22.2975126930319,34.5000000000002));
#7495=CARTESIAN_POINT('Ctrl Pts',(123.63674550316,20.0654679387847,34.5000000000002));
#7496=CARTESIAN_POINT('Ctrl Pts',(125.179233771711,18.4268177864173,34.5000000000002));
#7497=CARTESIAN_POINT('Ctrl Pts',(125.970407101696,17.5863210875687,34.5000000000002));
#7498=CARTESIAN_POINT('',(123.257281753605,23.3846966941055,34.5000000000002));
#7499=CARTESIAN_POINT('Ctrl Pts',(123.947403404301,26.219609232634,34.8000000000002));
#7500=CARTESIAN_POINT('Ctrl Pts',(123.947403404301,26.219609232634,34.5000000000002));
#7501=CARTESIAN_POINT('Ctrl Pts',(123.746531495698,25.8136106541691,34.8000000000002));
#7502=CARTESIAN_POINT('Ctrl Pts',(123.746531495698,25.8136106541691,34.5000000000002));
#7503=CARTESIAN_POINT('Ctrl Pts',(123.305794146736,24.922800493608,34.8000000000002));
#7504=CARTESIAN_POINT('Ctrl Pts',(123.305794146736,24.922800493608,34.5000000000002));
#7505=CARTESIAN_POINT('Ctrl Pts',(123.274379019035,23.9267719705726,34.8000000000002));
#7506=CARTESIAN_POINT('Ctrl Pts',(123.274379019035,23.9267719705726,34.5000000000002));
#7507=CARTESIAN_POINT('Ctrl Pts',(123.257281753605,23.3846966941055,34.8000000000002));
#7508=CARTESIAN_POINT('Ctrl Pts',(123.257281753605,23.3846966941055,34.5000000000002));
#7509=CARTESIAN_POINT('',(123.947403404301,26.219609232634,34.5000000000002));
#7510=CARTESIAN_POINT('Ctrl Pts',(123.947403404301,26.219609232634,34.5000000000002));
#7511=CARTESIAN_POINT('Ctrl Pts',(123.746531495698,25.8136106541691,34.5000000000002));
#7512=CARTESIAN_POINT('Ctrl Pts',(123.305794146736,24.922800493608,34.5000000000002));
#7513=CARTESIAN_POINT('Ctrl Pts',(123.274379019035,23.9267719705726,34.5000000000002));
#7514=CARTESIAN_POINT('Ctrl Pts',(123.257281753605,23.3846966941055,34.5000000000002));
#7515=CARTESIAN_POINT('',(123.947403404301,26.219609232634,34.5000000000002));
#7516=CARTESIAN_POINT('Ctrl Pts',(126.545509669369,27.5118963439163,34.8000000000002));
#7517=CARTESIAN_POINT('Ctrl Pts',(126.545509669369,27.5118963439163,34.5000000000002));
#7518=CARTESIAN_POINT('Ctrl Pts',(126.002226357003,27.4676446704918,34.8000000000002));
#7519=CARTESIAN_POINT('Ctrl Pts',(126.002226357003,27.4676446704918,34.5000000000002));
#7520=CARTESIAN_POINT('Ctrl Pts',(124.95926174923,27.3826928080548,34.8000000000002));
#7521=CARTESIAN_POINT('Ctrl Pts',(124.95926174923,27.3826928080548,34.5000000000002));
#7522=CARTESIAN_POINT('Ctrl Pts',(124.275156317345,26.5963457905404,34.8000000000002));
#7523=CARTESIAN_POINT('Ctrl Pts',(124.275156317345,26.5963457905404,34.5000000000002));
#7524=CARTESIAN_POINT('Ctrl Pts',(123.947403404301,26.219609232634,34.8000000000002));
#7525=CARTESIAN_POINT('Ctrl Pts',(123.947403404301,26.219609232634,34.5000000000002));
#7526=CARTESIAN_POINT('',(126.545509669369,27.5118963439163,34.5000000000002));
#7527=CARTESIAN_POINT('Ctrl Pts',(126.545509669369,27.5118963439163,34.5000000000002));
#7528=CARTESIAN_POINT('Ctrl Pts',(126.002226357003,27.4676446704918,34.5000000000002));
#7529=CARTESIAN_POINT('Ctrl Pts',(124.95926174923,27.3826928080548,34.5000000000002));
#7530=CARTESIAN_POINT('Ctrl Pts',(124.275156317345,26.5963457905404,34.5000000000002));
#7531=CARTESIAN_POINT('Ctrl Pts',(123.947403404301,26.219609232634,34.5000000000002));
#7532=CARTESIAN_POINT('',(126.545509669369,27.5118963439163,34.5000000000002));
#7533=CARTESIAN_POINT('Ctrl Pts',(129.096252295559,26.4496497828659,34.8000000000002));
#7534=CARTESIAN_POINT('Ctrl Pts',(129.096252295559,26.4496497828659,34.5000000000002));
#7535=CARTESIAN_POINT('Ctrl Pts',(128.743456546501,26.7593845498209,34.8000000000002));
#7536=CARTESIAN_POINT('Ctrl Pts',(128.743456546501,26.7593845498209,34.5000000000002));
#7537=CARTESIAN_POINT('Ctrl Pts',(128.014615292032,27.3992660583237,34.8000000000002));
#7538=CARTESIAN_POINT('Ctrl Pts',(128.014615292032,27.3992660583237,34.5000000000002));
#7539=CARTESIAN_POINT('Ctrl Pts',(127.045516173598,27.4735629017861,34.8000000000002));
#7540=CARTESIAN_POINT('Ctrl Pts',(127.045516173598,27.4735629017861,34.5000000000002));
#7541=CARTESIAN_POINT('Ctrl Pts',(126.545509669369,27.5118963439163,34.8000000000002));
#7542=CARTESIAN_POINT('Ctrl Pts',(126.545509669369,27.5118963439163,34.5000000000002));
#7543=CARTESIAN_POINT('Ctrl Pts',(129.096252295559,26.4496497828659,34.5000000000002));
#7544=CARTESIAN_POINT('Ctrl Pts',(128.743456546501,26.7593845498209,34.5000000000002));
#7545=CARTESIAN_POINT('Ctrl Pts',(128.014615292032,27.3992660583237,34.5000000000002));
#7546=CARTESIAN_POINT('Ctrl Pts',(127.045516173598,27.4735629017861,34.5000000000002));
#7547=CARTESIAN_POINT('Ctrl Pts',(126.545509669369,27.5118963439163,34.5000000000002));
#7548=CARTESIAN_POINT('Ctrl Pts',(128.690299365109,23.8109485823807,34.8000000000002));
#7549=CARTESIAN_POINT('Ctrl Pts',(128.690299365109,23.8109485823807,34.5000000000002));
#7550=CARTESIAN_POINT('Ctrl Pts',(128.675742500304,23.5284682703662,34.8000000000002));
#7551=CARTESIAN_POINT('Ctrl Pts',(128.675742500304,23.5284682703662,34.5000000000002));
#7552=CARTESIAN_POINT('Ctrl Pts',(128.648709439,23.0038836366512,34.8000000000002));
#7553=CARTESIAN_POINT('Ctrl Pts',(128.648709439,23.0038836366512,34.5000000000002));
#7554=CARTESIAN_POINT('Ctrl Pts',(128.311446048842,22.6047593360845,34.8000000000002));
#7555=CARTESIAN_POINT('Ctrl Pts',(128.311446048842,22.6047593360845,34.5000000000002));
#7556=CARTESIAN_POINT('Ctrl Pts',(128.155793520993,22.4205569941696,34.8000000000002));
#7557=CARTESIAN_POINT('Ctrl Pts',(128.155793520993,22.4205569941696,34.5000000000002));
#7558=CARTESIAN_POINT('',(128.155793520993,22.4205569941696,34.5000000000002));
#7559=CARTESIAN_POINT('',(128.155793520993,22.4205569941696,34.5000000000002));
#7560=CARTESIAN_POINT('',(128.690299365109,23.8109485823807,34.5000000000002));
#7561=CARTESIAN_POINT('Ctrl Pts',(128.690299365109,23.8109485823807,34.5000000000002));
#7562=CARTESIAN_POINT('Ctrl Pts',(128.675742500304,23.5284682703662,34.5000000000002));
#7563=CARTESIAN_POINT('Ctrl Pts',(128.648709439,23.0038836366512,34.5000000000002));
#7564=CARTESIAN_POINT('Ctrl Pts',(128.311446048842,22.6047593360845,34.5000000000002));
#7565=CARTESIAN_POINT('Ctrl Pts',(128.155793520993,22.4205569941696,34.5000000000002));
#7566=CARTESIAN_POINT('',(128.690299365109,23.8109485823807,34.5000000000002));
#7567=CARTESIAN_POINT('Ctrl Pts',(128.169324967449,25.6039123255905,34.8000000000002));
#7568=CARTESIAN_POINT('Ctrl Pts',(128.169324967449,25.6039123255905,34.5000000000002));
#7569=CARTESIAN_POINT('Ctrl Pts',(128.321065202901,25.3482630024551,34.8000000000002));
#7570=CARTESIAN_POINT('Ctrl Pts',(128.321065202901,25.3482630024551,34.5000000000002));
#7571=CARTESIAN_POINT('Ctrl Pts',(128.648143302464,24.7972074797257,34.8000000000002));
#7572=CARTESIAN_POINT('Ctrl Pts',(128.648143302464,24.7972074797257,34.5000000000002));
#7573=CARTESIAN_POINT('Ctrl Pts',(128.675587344556,24.1551425193266,34.8000000000002));
#7574=CARTESIAN_POINT('Ctrl Pts',(128.675587344556,24.1551425193266,34.5000000000002));
#7575=CARTESIAN_POINT('Ctrl Pts',(128.690299365109,23.8109485823807,34.8000000000002));
#7576=CARTESIAN_POINT('Ctrl Pts',(128.690299365109,23.8109485823807,34.5000000000002));
#7577=CARTESIAN_POINT('',(128.169324967449,25.6039123255905,34.5000000000002));
#7578=CARTESIAN_POINT('Ctrl Pts',(128.169324967449,25.6039123255905,34.5000000000002));
#7579=CARTESIAN_POINT('Ctrl Pts',(128.321065202901,25.3482630024551,34.5000000000002));
#7580=CARTESIAN_POINT('Ctrl Pts',(128.648143302464,24.7972074797257,34.5000000000002));
#7581=CARTESIAN_POINT('Ctrl Pts',(128.675587344556,24.1551425193266,34.5000000000002));
#7582=CARTESIAN_POINT('Ctrl Pts',(128.690299365109,23.8109485823807,34.5000000000002));
#7583=CARTESIAN_POINT('',(128.169324967449,25.6039123255905,34.5000000000002));
#7584=CARTESIAN_POINT('Ctrl Pts',(126.58610400874,26.3346295077499,34.8000000000002));
#7585=CARTESIAN_POINT('Ctrl Pts',(126.58610400874,26.3346295077499,34.5000000000002));
#7586=CARTESIAN_POINT('Ctrl Pts',(126.904450147732,26.3080274317376,34.8000000000002));
#7587=CARTESIAN_POINT('Ctrl Pts',(126.904450147732,26.3080274317376,34.5000000000002));
#7588=CARTESIAN_POINT('Ctrl Pts',(127.522503062184,26.2563808477334,34.8000000000002));
#7589=CARTESIAN_POINT('Ctrl Pts',(127.522503062184,26.2563808477334,34.5000000000002));
#7590=CARTESIAN_POINT('Ctrl Pts',(127.958096571111,25.8169847006466,34.8000000000002));
#7591=CARTESIAN_POINT('Ctrl Pts',(127.958096571111,25.8169847006466,34.5000000000002));
#7592=CARTESIAN_POINT('Ctrl Pts',(128.169324967449,25.6039123255905,34.8000000000002));
#7593=CARTESIAN_POINT('Ctrl Pts',(128.169324967449,25.6039123255905,34.5000000000002));
#7594=CARTESIAN_POINT('',(126.58610400874,26.3346295077499,34.5000000000002));
#7595=CARTESIAN_POINT('Ctrl Pts',(126.58610400874,26.3346295077499,34.5000000000002));
#7596=CARTESIAN_POINT('Ctrl Pts',(126.904450147732,26.3080274317376,34.5000000000002));
#7597=CARTESIAN_POINT('Ctrl Pts',(127.522503062184,26.2563808477334,34.5000000000002));
#7598=CARTESIAN_POINT('Ctrl Pts',(127.958096571111,25.8169847006466,34.5000000000002));
#7599=CARTESIAN_POINT('Ctrl Pts',(128.169324967449,25.6039123255905,34.5000000000002));
#7600=CARTESIAN_POINT('',(126.58610400874,26.3346295077499,34.5000000000002));
#7601=CARTESIAN_POINT('Ctrl Pts',(124.982586476391,25.3603403289017,34.8000000000002));
#7602=CARTESIAN_POINT('Ctrl Pts',(124.982586476391,25.3603403289017,34.5000000000002));
#7603=CARTESIAN_POINT('Ctrl Pts',(125.177308618449,25.6445065471047,34.8000000000002));
#7604=CARTESIAN_POINT('Ctrl Pts',(125.177308618449,25.6445065471047,34.5000000000002));
#7605=CARTESIAN_POINT('Ctrl Pts',(125.565385970201,26.2108441615768,34.8000000000002));
#7606=CARTESIAN_POINT('Ctrl Pts',(125.565385970201,26.2108441615768,34.5000000000002));
#7607=CARTESIAN_POINT('Ctrl Pts',(126.24666455614,26.2934647310355,34.8000000000002));
#7608=CARTESIAN_POINT('Ctrl Pts',(126.24666455614,26.2934647310355,34.5000000000002));
#7609=CARTESIAN_POINT('Ctrl Pts',(126.58610400874,26.3346295077499,34.8000000000002));
#7610=CARTESIAN_POINT('Ctrl Pts',(126.58610400874,26.3346295077499,34.5000000000002));
#7611=CARTESIAN_POINT('',(124.982586476391,25.3603403289017,34.5000000000002));
#7612=CARTESIAN_POINT('Ctrl Pts',(124.982586476391,25.3603403289017,34.5000000000002));
#7613=CARTESIAN_POINT('Ctrl Pts',(125.177308618449,25.6445065471047,34.5000000000002));
#7614=CARTESIAN_POINT('Ctrl Pts',(125.565385970201,26.2108441615768,34.5000000000002));
#7615=CARTESIAN_POINT('Ctrl Pts',(126.24666455614,26.2934647310355,34.5000000000002));
#7616=CARTESIAN_POINT('Ctrl Pts',(126.58610400874,26.3346295077499,34.5000000000002));
#7617=CARTESIAN_POINT('',(124.982586476391,25.3603403289017,34.5000000000002));
#7618=CARTESIAN_POINT('Ctrl Pts',(124.576632353848,23.3846966941055,34.8000000000002));
#7619=CARTESIAN_POINT('Ctrl Pts',(124.576632353848,23.3846966941055,34.5000000000002));
#7620=CARTESIAN_POINT('Ctrl Pts',(124.586828327594,23.7563004926114,34.8000000000002));
#7621=CARTESIAN_POINT('Ctrl Pts',(124.586828327594,23.7563004926114,34.5000000000002));
#7622=CARTESIAN_POINT('Ctrl Pts',(124.605589888906,24.440086820746,34.8000000000002));
#7623=CARTESIAN_POINT('Ctrl Pts',(124.605589888906,24.440086820746,34.5000000000002));
#7624=CARTESIAN_POINT('Ctrl Pts',(124.864418375626,25.0718904784506,34.8000000000002));
#7625=CARTESIAN_POINT('Ctrl Pts',(124.864418375626,25.0718904784506,34.5000000000002));
#7626=CARTESIAN_POINT('Ctrl Pts',(124.982586476391,25.3603403289017,34.8000000000002));
#7627=CARTESIAN_POINT('Ctrl Pts',(124.982586476391,25.3603403289017,34.5000000000002));
#7628=CARTESIAN_POINT('',(124.576632353848,23.3846966941055,34.5000000000002));
#7629=CARTESIAN_POINT('Ctrl Pts',(124.576632353848,23.3846966941055,34.5000000000002));
#7630=CARTESIAN_POINT('Ctrl Pts',(124.586828327594,23.7563004926114,34.5000000000002));
#7631=CARTESIAN_POINT('Ctrl Pts',(124.605589888906,24.440086820746,34.5000000000002));
#7632=CARTESIAN_POINT('Ctrl Pts',(124.864418375626,25.0718904784506,34.5000000000002));
#7633=CARTESIAN_POINT('Ctrl Pts',(124.982586476391,25.3603403289017,34.5000000000002));
#7634=CARTESIAN_POINT('',(124.576632353848,23.3846966941055,34.5000000000002));
#7635=CARTESIAN_POINT('Ctrl Pts',(124.617227885311,22.6810435969528,34.8000000000002));
#7636=CARTESIAN_POINT('Ctrl Pts',(124.617227885311,22.6810435969528,34.5000000000002));
#7637=CARTESIAN_POINT('Ctrl Pts',(124.605387953615,22.7993496108792,34.8000000000002));
#7638=CARTESIAN_POINT('Ctrl Pts',(124.605387953615,22.7993496108792,34.5000000000002));
#7639=CARTESIAN_POINT('Ctrl Pts',(124.581971111945,23.0333334942233,34.8000000000002));
#7640=CARTESIAN_POINT('Ctrl Pts',(124.581971111945,23.0333334942233,34.5000000000002));
#7641=CARTESIAN_POINT('Ctrl Pts',(124.57839856407,23.2684559384806,34.8000000000002));
#7642=CARTESIAN_POINT('Ctrl Pts',(124.57839856407,23.2684559384806,34.5000000000002));
#7643=CARTESIAN_POINT('Ctrl Pts',(124.576632353848,23.3846966941055,34.8000000000002));
#7644=CARTESIAN_POINT('Ctrl Pts',(124.576632353848,23.3846966941055,34.5000000000002));
#7645=CARTESIAN_POINT('',(124.617227885311,22.6810435969528,34.5000000000002));
#7646=CARTESIAN_POINT('Ctrl Pts',(124.617227885311,22.6810435969528,34.5000000000002));
#7647=CARTESIAN_POINT('Ctrl Pts',(124.605387953615,22.7993496108792,34.5000000000002));
#7648=CARTESIAN_POINT('Ctrl Pts',(124.581971111945,23.0333334942233,34.5000000000002));
#7649=CARTESIAN_POINT('Ctrl Pts',(124.57839856407,23.2684559384806,34.5000000000002));
#7650=CARTESIAN_POINT('Ctrl Pts',(124.576632353848,23.3846966941055,34.5000000000002));
#7651=CARTESIAN_POINT('',(124.617227885311,22.6810435969528,34.5000000000002));
#7652=CARTESIAN_POINT('Ctrl Pts',(125.503560278004,22.1600691992935,34.8000000000002));
#7653=CARTESIAN_POINT('Ctrl Pts',(125.503560278004,22.1600691992935,34.5000000000002));
#7654=CARTESIAN_POINT('Ctrl Pts',(125.399961474519,22.2162920137342,34.8000000000002));
#7655=CARTESIAN_POINT('Ctrl Pts',(125.399961474519,22.2162920137342,34.5000000000002));
#7656=CARTESIAN_POINT('Ctrl Pts',(125.098647303333,22.3798144692552,34.8000000000002));
#7657=CARTESIAN_POINT('Ctrl Pts',(125.098647303333,22.3798144692552,34.5000000000002));
#7658=CARTESIAN_POINT('Ctrl Pts',(124.807966127911,22.5616966984149,34.8000000000002));
#7659=CARTESIAN_POINT('Ctrl Pts',(124.807966127911,22.5616966984149,34.5000000000002));
#7660=CARTESIAN_POINT('Ctrl Pts',(124.617227885311,22.6810435969528,34.8000000000002));
#7661=CARTESIAN_POINT('Ctrl Pts',(124.617227885311,22.6810435969528,34.5000000000002));
#7662=CARTESIAN_POINT('',(125.503560278004,22.1600691992935,34.5000000000002));
#7663=CARTESIAN_POINT('Ctrl Pts',(125.503560278004,22.1600691992935,34.5000000000002));
#7664=CARTESIAN_POINT('Ctrl Pts',(125.399961474519,22.2162920137342,34.5000000000002));
#7665=CARTESIAN_POINT('Ctrl Pts',(125.098647303333,22.3798144692552,34.5000000000002));
#7666=CARTESIAN_POINT('Ctrl Pts',(124.807966127911,22.5616966984149,34.5000000000002));
#7667=CARTESIAN_POINT('Ctrl Pts',(124.617227885311,22.6810435969528,34.5000000000002));
#7668=CARTESIAN_POINT('',(125.503560278004,22.1600691992935,34.5000000000002));
#7669=CARTESIAN_POINT('Ctrl Pts',(126.545509669369,21.9570915419754,34.8000000000002));
#7670=CARTESIAN_POINT('Ctrl Pts',(126.545509669369,21.9570915419754,34.5000000000002));
#7671=CARTESIAN_POINT('Ctrl Pts',(126.359752536039,21.9642023340776,34.8000000000002));
#7672=CARTESIAN_POINT('Ctrl Pts',(126.359752536039,21.9642023340776,34.5000000000002));
#7673=CARTESIAN_POINT('Ctrl Pts',(126.001704464698,21.9779084316698,34.8000000000002));
#7674=CARTESIAN_POINT('Ctrl Pts',(126.001704464698,21.9779084316698,34.5000000000002));
#7675=CARTESIAN_POINT('Ctrl Pts',(125.665392101944,22.1008907323711,34.8000000000002));
#7676=CARTESIAN_POINT('Ctrl Pts',(125.665392101944,22.1008907323711,34.5000000000002));
#7677=CARTESIAN_POINT('Ctrl Pts',(125.503560278004,22.1600691992935,34.8000000000002));
#7678=CARTESIAN_POINT('Ctrl Pts',(125.503560278004,22.1600691992935,34.5000000000002));
#7679=CARTESIAN_POINT('',(126.545509669369,21.9570915419754,34.5000000000002));
#7680=CARTESIAN_POINT('Ctrl Pts',(126.545509669369,21.9570915419754,34.5000000000002));
#7681=CARTESIAN_POINT('Ctrl Pts',(126.359752536039,21.9642023340776,34.5000000000002));
#7682=CARTESIAN_POINT('Ctrl Pts',(126.001704464698,21.9779084316698,34.5000000000002));
#7683=CARTESIAN_POINT('Ctrl Pts',(125.665392101944,22.1008907323711,34.5000000000002));
#7684=CARTESIAN_POINT('Ctrl Pts',(125.503560278004,22.1600691992935,34.5000000000002));
#7685=CARTESIAN_POINT('',(126.545509669369,21.9570915419754,34.5000000000002));
#7686=CARTESIAN_POINT('Ctrl Pts',(128.155793520993,22.4205569941696,34.8000000000002));
#7687=CARTESIAN_POINT('Ctrl Pts',(128.155793520993,22.4205569941696,34.5000000000002));
#7688=CARTESIAN_POINT('Ctrl Pts',(127.938367768554,22.2858253247739,34.8000000000002));
#7689=CARTESIAN_POINT('Ctrl Pts',(127.938367768554,22.2858253247739,34.5000000000002));
#7690=CARTESIAN_POINT('Ctrl Pts',(127.447931168392,21.9819177097305,34.8000000000002));
#7691=CARTESIAN_POINT('Ctrl Pts',(127.447931168392,21.9819177097305,34.5000000000002));
#7692=CARTESIAN_POINT('Ctrl Pts',(126.868218009196,21.9659694459141,34.8000000000002));
#7693=CARTESIAN_POINT('Ctrl Pts',(126.868218009196,21.9659694459141,34.5000000000002));
#7694=CARTESIAN_POINT('Ctrl Pts',(126.545509669369,21.9570915419754,34.8000000000002));
#7695=CARTESIAN_POINT('Ctrl Pts',(126.545509669369,21.9570915419754,34.5000000000002));
#7696=CARTESIAN_POINT('Ctrl Pts',(128.155793520993,22.4205569941696,34.5000000000002));
#7697=CARTESIAN_POINT('Ctrl Pts',(127.938367768554,22.2858253247739,34.5000000000002));
#7698=CARTESIAN_POINT('Ctrl Pts',(127.447931168392,21.9819177097305,34.5000000000002));
#7699=CARTESIAN_POINT('Ctrl Pts',(126.868218009196,21.9659694459141,34.5000000000002));
#7700=CARTESIAN_POINT('Ctrl Pts',(126.545509669369,21.9570915419754,34.5000000000002));
#7701=CARTESIAN_POINT('Origin',(185.,63.1499999999999,34.5000000000002));
#7702=CARTESIAN_POINT('Ctrl Pts',(113.599473569928,116.05,34.7000000000004));
#7703=CARTESIAN_POINT('Ctrl Pts',(113.666140236595,116.05,34.6333333333338));
#7704=CARTESIAN_POINT('Ctrl Pts',(113.732806903261,116.05,34.5666666666671));
#7705=CARTESIAN_POINT('Ctrl Pts',(113.799473569928,116.05,34.5000000000004));
#7706=CARTESIAN_POINT('Ctrl Pts',(113.599473569928,116.534873221385,34.7000000000005));
#7707=CARTESIAN_POINT('Ctrl Pts',(113.666132076158,116.525959951377,34.6333333333338));
#7708=CARTESIAN_POINT('Ctrl Pts',(113.732815063698,116.516849090205,34.5666666666671));
#7709=CARTESIAN_POINT('Ctrl Pts',(113.799473569928,116.507935820197,34.5000000000004));
#7710=CARTESIAN_POINT('Ctrl Pts',(113.802508977873,117.598478992086,34.7000000000005));
#7711=CARTESIAN_POINT('Ctrl Pts',(113.865435137544,117.569803866031,34.6333333333338));
#7712=CARTESIAN_POINT('Ctrl Pts',(113.928303073317,117.541127507469,34.5666666666671));
#7713=CARTESIAN_POINT('Ctrl Pts',(113.991229232988,117.512452381415,34.5000000000004));
#7714=CARTESIAN_POINT('Ctrl Pts',(114.799758343291,118.877976226506,34.7000000000005));
#7715=CARTESIAN_POINT('Ctrl Pts',(114.844195836057,118.825627944426,34.6333333333338));
#7716=CARTESIAN_POINT('Ctrl Pts',(114.888638363117,118.773214718224,34.5666666666671));
#7717=CARTESIAN_POINT('Ctrl Pts',(114.933075855882,118.720866436144,34.5000000000004));
#7718=CARTESIAN_POINT('Ctrl Pts',(116.060503564308,119.538225835291,34.7000000000005));
#7719=CARTESIAN_POINT('Ctrl Pts',(116.081585440289,119.473638327374,34.6333333333338));
#7720=CARTESIAN_POINT('Ctrl Pts',(116.10269779975,119.409023019026,34.5666666666671));
#7721=CARTESIAN_POINT('Ctrl Pts',(116.123779675731,119.344435511108,34.5000000000004));
#7722=CARTESIAN_POINT('Ctrl Pts',(116.835818653889,119.65,34.7000000000005));
#7723=CARTESIAN_POINT('Ctrl Pts',(116.842560434222,119.583329370128,34.6333333333338));
#7724=CARTESIAN_POINT('Ctrl Pts',(116.849279924447,119.516670629871,34.5666666666671));
#7725=CARTESIAN_POINT('Ctrl Pts',(116.85602170478,119.45,34.5000000000004));
#7726=CARTESIAN_POINT('Ctrl Pts',(117.199473569928,119.65,34.7000000000005));
#7727=CARTESIAN_POINT('Ctrl Pts',(117.199473569928,119.583333333333,34.6333333333338));
#7728=CARTESIAN_POINT('Ctrl Pts',(117.199473569928,119.516666666667,34.5666666666671));
#7729=CARTESIAN_POINT('Ctrl Pts',(117.199473569928,119.45,34.5000000000004));
#7730=CARTESIAN_POINT('',(117.199473569928,119.45,34.5000000000004));
#7731=CARTESIAN_POINT('',(113.799473569928,116.05,34.5000000000004));
#7732=CARTESIAN_POINT('Ctrl Pts',(117.199473569928,119.45,34.5000000000004));
#7733=CARTESIAN_POINT('Ctrl Pts',(116.85602170478,119.45,34.5000000000004));
#7734=CARTESIAN_POINT('Ctrl Pts',(116.489900690256,119.397217755554,34.5000000000005));
#7735=CARTESIAN_POINT('Ctrl Pts',(116.128234610016,119.277291272087,34.5000000000005));
#7736=CARTESIAN_POINT('Ctrl Pts',(115.766568529777,119.157364788619,34.5000000000005));
#7737=CARTESIAN_POINT('Ctrl Pts',(115.409357383822,118.97029406613,34.5000000000005));
#7738=CARTESIAN_POINT('Ctrl Pts',(115.095150760081,118.72215330922,34.5000000000005));
#7739=CARTESIAN_POINT('Ctrl Pts',(114.676208595093,118.391298966673,34.5000000000005));
#7740=CARTESIAN_POINT('Ctrl Pts',(114.33371891404,117.951875674044,34.5000000000005));
#7741=CARTESIAN_POINT('Ctrl Pts',(114.114535157749,117.481034887425,34.5000000000005));
#7742=CARTESIAN_POINT('Ctrl Pts',(113.895351401458,117.010194100806,34.5000000000004));
#7743=CARTESIAN_POINT('Ctrl Pts',(113.799473569928,116.507935820197,34.5000000000004));
#7744=CARTESIAN_POINT('Ctrl Pts',(113.799473569928,116.05,34.5000000000004));
#7745=CARTESIAN_POINT('',(113.599473569928,116.05,34.7000000000004));
#7746=CARTESIAN_POINT('Ctrl Pts',(113.799473569928,116.05,34.5000000000004));
#7747=CARTESIAN_POINT('Ctrl Pts',(113.732806903261,116.05,34.5666666666671));
#7748=CARTESIAN_POINT('Ctrl Pts',(113.666140236595,116.05,34.6333333333338));
#7749=CARTESIAN_POINT('Ctrl Pts',(113.599473569928,116.05,34.7000000000004));
#7750=CARTESIAN_POINT('',(117.199473569928,119.65,34.7000000000004));
#7751=CARTESIAN_POINT('Ctrl Pts',(113.599473569928,116.05,34.7000000000004));
#7752=CARTESIAN_POINT('Ctrl Pts',(113.599473569928,116.534873221385,34.7000000000005));
#7753=CARTESIAN_POINT('Ctrl Pts',(113.700991273901,117.066676106736,34.7000000000005));
#7754=CARTESIAN_POINT('Ctrl Pts',(113.933068192327,117.565213410214,34.7000000000005));
#7755=CARTESIAN_POINT('Ctrl Pts',(114.165145110753,118.063750713693,34.7000000000005));
#7756=CARTESIAN_POINT('Ctrl Pts',(114.527781243632,118.5290224353,34.7000000000005));
#7757=CARTESIAN_POINT('Ctrl Pts',(114.971367065384,118.879338797997,34.7000000000005));
#7758=CARTESIAN_POINT('Ctrl Pts',(115.304056431698,119.14207607002,34.7000000000005));
#7759=CARTESIAN_POINT('Ctrl Pts',(115.682279998003,119.340150952656,34.7000000000005));
#7760=CARTESIAN_POINT('Ctrl Pts',(116.065220553551,119.467131935151,34.7000000000005));
#7761=CARTESIAN_POINT('Ctrl Pts',(116.448161109098,119.594112917646,34.7000000000005));
#7762=CARTESIAN_POINT('Ctrl Pts',(116.835818653889,119.65,34.7000000000005));
#7763=CARTESIAN_POINT('Ctrl Pts',(117.199473569928,119.65,34.7000000000005));
#7764=CARTESIAN_POINT('Ctrl Pts',(117.199473569928,119.65,34.7000000000005));
#7765=CARTESIAN_POINT('Ctrl Pts',(117.199473569928,119.583333333333,34.6333333333338));
#7766=CARTESIAN_POINT('Ctrl Pts',(117.199473569928,119.516666666667,34.5666666666671));
#7767=CARTESIAN_POINT('Ctrl Pts',(117.199473569928,119.45,34.5000000000004));
#7768=CARTESIAN_POINT('Ctrl Pts',(117.199473569928,119.65,37.3000000000004));
#7769=CARTESIAN_POINT('Ctrl Pts',(117.199473569928,119.583333333333,37.3666666666671));
#7770=CARTESIAN_POINT('Ctrl Pts',(117.199473569928,119.516666666667,37.4333333333337));
#7771=CARTESIAN_POINT('Ctrl Pts',(117.199473569928,119.45,37.5000000000004));
#7772=CARTESIAN_POINT('Ctrl Pts',(116.714600348543,119.65,37.3000000000004));
#7773=CARTESIAN_POINT('Ctrl Pts',(116.723513618551,119.58334149377,37.3666666666671));
#7774=CARTESIAN_POINT('Ctrl Pts',(116.732624479723,119.51665850623,37.4333333333338));
#7775=CARTESIAN_POINT('Ctrl Pts',(116.741537749731,119.45,37.5000000000005));
#7776=CARTESIAN_POINT('Ctrl Pts',(115.650993497478,119.446964336122,37.3000000000004));
#7777=CARTESIAN_POINT('Ctrl Pts',(115.679668623533,119.384038176451,37.3666666666671));
#7778=CARTESIAN_POINT('Ctrl Pts',(115.708345042115,119.321170254897,37.4333333333338));
#7779=CARTESIAN_POINT('Ctrl Pts',(115.73702016817,119.258244095226,37.5000000000005));
#7780=CARTESIAN_POINT('Ctrl Pts',(114.371496887682,118.449715235997,37.3000000000004));
#7781=CARTESIAN_POINT('Ctrl Pts',(114.423845169761,118.405277743231,37.3666666666671));
#7782=CARTESIAN_POINT('Ctrl Pts',(114.476258421282,118.360835215652,37.4333333333338));
#7783=CARTESIAN_POINT('Ctrl Pts',(114.528606703362,118.316397722886,37.5000000000005));
#7784=CARTESIAN_POINT('Ctrl Pts',(113.711247176484,117.188970040181,37.3000000000004));
#7785=CARTESIAN_POINT('Ctrl Pts',(113.775834684402,117.1678881642,37.3666666666671));
#7786=CARTESIAN_POINT('Ctrl Pts',(113.840450023758,117.146775802819,37.4333333333338));
#7787=CARTESIAN_POINT('Ctrl Pts',(113.905037531676,117.125693926838,37.5000000000005));
#7788=CARTESIAN_POINT('Ctrl Pts',(113.599473569928,116.413654916039,37.3000000000004));
#7789=CARTESIAN_POINT('Ctrl Pts',(113.666144199799,116.406913135706,37.3666666666671));
#7790=CARTESIAN_POINT('Ctrl Pts',(113.732802940056,116.400193645481,37.4333333333337));
#7791=CARTESIAN_POINT('Ctrl Pts',(113.799473569928,116.393451865148,37.5000000000004));
#7792=CARTESIAN_POINT('Ctrl Pts',(113.599473569928,116.05,37.3000000000004));
#7793=CARTESIAN_POINT('Ctrl Pts',(113.666140236594,116.05,37.3666666666671));
#7794=CARTESIAN_POINT('Ctrl Pts',(113.732806903261,116.05,37.4333333333337));
#7795=CARTESIAN_POINT('Ctrl Pts',(113.799473569928,116.05,37.5000000000004));
#7796=CARTESIAN_POINT('',(113.799473569928,116.05,37.5000000000004));
#7797=CARTESIAN_POINT('',(117.199473569928,119.45,37.5000000000004));
#7798=CARTESIAN_POINT('Ctrl Pts',(113.799473569928,116.05,37.5000000000004));
#7799=CARTESIAN_POINT('Ctrl Pts',(113.799473569928,116.393451865148,37.5000000000004));
#7800=CARTESIAN_POINT('Ctrl Pts',(113.852255550802,116.759572895993,37.5000000000004));
#7801=CARTESIAN_POINT('Ctrl Pts',(113.972181916992,117.121238980823,37.5000000000005));
#7802=CARTESIAN_POINT('Ctrl Pts',(114.092108283181,117.482905065652,37.5000000000005));
#7803=CARTESIAN_POINT('Ctrl Pts',(114.279179034687,117.840116204467,37.5000000000005));
#7804=CARTESIAN_POINT('Ctrl Pts',(114.527319739227,118.154322794842,37.5000000000005));
#7805=CARTESIAN_POINT('Ctrl Pts',(114.858174011946,118.573264915342,37.5000000000005));
#7806=CARTESIAN_POINT('Ctrl Pts',(115.297597090058,118.915754505284,37.5000000000005));
#7807=CARTESIAN_POINT('Ctrl Pts',(115.768438024504,119.134938276449,37.5000000000005));
#7808=CARTESIAN_POINT('Ctrl Pts',(116.23927895895,119.354122047613,37.5000000000005));
#7809=CARTESIAN_POINT('Ctrl Pts',(116.741537749731,119.45,37.5000000000004));
#7810=CARTESIAN_POINT('Ctrl Pts',(117.199473569928,119.45,37.5000000000004));
#7811=CARTESIAN_POINT('',(117.199473569928,119.65,37.3000000000004));
#7812=CARTESIAN_POINT('Ctrl Pts',(117.199473569928,119.45,37.5000000000004));
#7813=CARTESIAN_POINT('Ctrl Pts',(117.199473569928,119.516666666667,37.4333333333337));
#7814=CARTESIAN_POINT('Ctrl Pts',(117.199473569928,119.583333333333,37.3666666666671));
#7815=CARTESIAN_POINT('Ctrl Pts',(117.199473569928,119.65,37.3000000000004));
#7816=CARTESIAN_POINT('',(113.599473569928,116.05,37.3000000000004));
#7817=CARTESIAN_POINT('Ctrl Pts',(117.199473569928,119.65,37.3000000000004));
#7818=CARTESIAN_POINT('Ctrl Pts',(116.714600348543,119.65,37.3000000000005));
#7819=CARTESIAN_POINT('Ctrl Pts',(116.18279692301,119.548482168061,37.3000000000005));
#7820=CARTESIAN_POINT('Ctrl Pts',(115.684259463008,119.316405233887,37.3000000000005));
#7821=CARTESIAN_POINT('Ctrl Pts',(115.185722003007,119.084328299713,37.3000000000005));
#7822=CARTESIAN_POINT('Ctrl Pts',(114.720450508535,118.721692263304,37.3000000000005));
#7823=CARTESIAN_POINT('Ctrl Pts',(114.370134219774,118.278106488656,37.3000000000005));
#7824=CARTESIAN_POINT('Ctrl Pts',(114.107397003203,117.945417157671,37.3000000000005));
#7825=CARTESIAN_POINT('Ctrl Pts',(113.909322089843,117.567193598926,37.3000000000005));
#7826=CARTESIAN_POINT('Ctrl Pts',(113.782341231525,117.184253038518,37.3000000000005));
#7827=CARTESIAN_POINT('Ctrl Pts',(113.655360373206,116.80131247811,37.3000000000005));
#7828=CARTESIAN_POINT('Ctrl Pts',(113.599473569928,116.413654916039,37.3000000000004));
#7829=CARTESIAN_POINT('Ctrl Pts',(113.599473569928,116.05,37.3000000000004));
#7830=CARTESIAN_POINT('Ctrl Pts',(113.599473569928,116.05,37.3000000000004));
#7831=CARTESIAN_POINT('Ctrl Pts',(113.666140236594,116.05,37.3666666666671));
#7832=CARTESIAN_POINT('Ctrl Pts',(113.732806903261,116.05,37.4333333333337));
#7833=CARTESIAN_POINT('Ctrl Pts',(113.799473569928,116.05,37.5000000000004));
#7834=CARTESIAN_POINT('Origin',(117.199473569928,116.05,34.5000000000004));
#7835=CARTESIAN_POINT('',(117.199473569928,119.65,34.5000000000004));
#7836=CARTESIAN_POINT('',(113.599473569928,116.05,34.5000000000004));
#7837=CARTESIAN_POINT('Origin',(185.,63.1499999999999,34.5000000000002));
#7838=CARTESIAN_POINT('',(148.7,119.45,34.5000000000004));
#7839=CARTESIAN_POINT('',(168.825,119.45,34.5000000000004));
#7840=CARTESIAN_POINT('',(152.1,116.05,34.5000000000004));
#7841=CARTESIAN_POINT('Origin',(148.7,116.05,34.5000000000004));
#7842=CARTESIAN_POINT('',(152.1,69.4784271247461,34.5000000000002));
#7843=CARTESIAN_POINT('',(152.1,66.314213562373,34.5000000000002));
#7844=CARTESIAN_POINT('',(153.154415587729,66.9328427124745,34.5000000000002));
#7845=CARTESIAN_POINT('Origin',(155.7,69.4784271247461,34.5000000000002));
#7846=CARTESIAN_POINT('',(157.982842712475,62.1044155877283,34.5000000000002));
#7847=CARTESIAN_POINT('',(164.563235931288,55.5240223689148,34.5000000000002));
#7848=CARTESIAN_POINT('',(160.528427124746,61.0499999999998,34.5000000000002));
#7849=CARTESIAN_POINT('Origin',(160.528427124746,64.6499999999999,34.5000000000002));
#7850=CARTESIAN_POINT('',(184.8,61.0499999999999,34.5000000000002));
#7851=CARTESIAN_POINT('',(197.760786437627,61.0499999999999,34.5000000000002));
#7852=CARTESIAN_POINT('',(184.8,56.4500000000001,34.5000000000002));
#7853=CARTESIAN_POINT('',(184.8,63.1499999999999,34.5000000000002));
#7854=CARTESIAN_POINT('',(176.8,56.4500000000001,34.5000000000002));
#7855=CARTESIAN_POINT('',(189.,56.4500000000001,34.5000000000002));
#7856=CARTESIAN_POINT('',(176.8,53.0499999552966,34.5000000000002));
#7857=CARTESIAN_POINT('',(176.8,59.7,34.5000000000002));
#7858=CARTESIAN_POINT('',(184.8,53.0499999552966,34.5000000000002));
#7859=CARTESIAN_POINT('',(181.,53.0499999552966,34.5000000000002));
#7860=CARTESIAN_POINT('',(184.8,14.8500000447036,34.5));
#7861=CARTESIAN_POINT('',(184.8,63.1499999999999,34.5000000000002));
#7862=CARTESIAN_POINT('',(176.8,14.8500000447036,34.5));
#7863=CARTESIAN_POINT('',(189.,14.8500000447036,34.5));
#7864=CARTESIAN_POINT('',(176.8,11.4500000000001,34.5));
#7865=CARTESIAN_POINT('',(176.8,38.9000000223518,34.5000000000001));
#7866=CARTESIAN_POINT('',(184.8,11.4500000000001,34.5));
#7867=CARTESIAN_POINT('',(181.,11.4500000000001,34.5));
#7868=CARTESIAN_POINT('',(184.8,6.84999999999987,34.5));
#7869=CARTESIAN_POINT('',(184.8,63.1499999999999,34.5000000000002));
#7870=CARTESIAN_POINT('',(58.1000000000002,6.84999999999986,34.5));
#7871=CARTESIAN_POINT('',(119.75,6.84999999999987,34.5));
#7872=CARTESIAN_POINT('',(54.7000000000002,10.2499999999999,34.5));
#7873=CARTESIAN_POINT('Origin',(58.1000000000002,10.2499999999999,34.5));
#7874=CARTESIAN_POINT('',(54.7000000000002,116.05,34.5000000000004));
#7875=CARTESIAN_POINT('',(54.7000000000002,91.3999999999999,34.5000000000003));
#7876=CARTESIAN_POINT('',(58.1000000000002,119.45,34.5000000000004));
#7877=CARTESIAN_POINT('Origin',(58.1000000000002,116.05,34.5000000000004));
#7878=CARTESIAN_POINT('',(82.5047532389729,119.45,34.5000000000004));
#7879=CARTESIAN_POINT('',(135.552376619487,119.45,34.5000000000004));
#7880=CARTESIAN_POINT('',(85.9047532389729,116.05,34.5000000000004));
#7881=CARTESIAN_POINT('Origin',(82.5047532389729,116.05,34.5000000000004));
#7882=CARTESIAN_POINT('',(85.9047532389729,92.6499999999998,34.5000000000003));
#7883=CARTESIAN_POINT('',(85.9047532389729,76.0999999999999,34.5000000000003));
#7884=CARTESIAN_POINT('',(89.7047532389729,88.8499999999999,34.5000000000003));
#7885=CARTESIAN_POINT('Origin',(89.7047532389729,92.6499999999998,34.5000000000003));
#7886=CARTESIAN_POINT('',(109.999473569928,88.8499999999999,34.5000000000003));
#7887=CARTESIAN_POINT('',(149.299736784964,88.8499999999999,34.5000000000003));
#7888=CARTESIAN_POINT('',(113.799473569928,92.6499999999998,34.5000000000003));
#7889=CARTESIAN_POINT('Origin',(109.999473569928,92.6499999999998,34.5000000000003));
#7890=CARTESIAN_POINT('',(113.799473569928,91.3999999999999,34.5000000000003));
#7891=CARTESIAN_POINT('',(175.25,21.65,34.5));
#7892=CARTESIAN_POINT('Origin',(177.,21.65,34.5));
#7893=CARTESIAN_POINT('',(61.2500000000002,110.65,34.5000000000004));
#7894=CARTESIAN_POINT('Origin',(63.0000000000002,110.65,34.5000000000004));
#7895=CARTESIAN_POINT('',(87.5169148296118,39.3707716464996,34.5000000000002));
#7896=CARTESIAN_POINT('',(87.3105546087027,39.8646819591522,34.5000000000002));
#7897=CARTESIAN_POINT('Ctrl Pts',(87.5169148296118,39.3707716464996,34.5000000000002));
#7898=CARTESIAN_POINT('Ctrl Pts',(87.5079857192659,39.4627270069255,34.5000000000002));
#7899=CARTESIAN_POINT('Ctrl Pts',(87.4899515491448,39.6484497216442,34.5000000000002));
#7900=CARTESIAN_POINT('Ctrl Pts',(87.3707412784221,39.7921372533756,34.5000000000002));
#7901=CARTESIAN_POINT('Ctrl Pts',(87.3105546087027,39.8646819591522,34.5000000000002));
#7902=CARTESIAN_POINT('',(86.826793178916,40.0744247436523,34.5000000000002));
#7903=CARTESIAN_POINT('Ctrl Pts',(87.3105546087027,39.8646819591522,34.5000000000002));
#7904=CARTESIAN_POINT('Ctrl Pts',(87.2395988491459,39.9258515994837,34.5000000000002));
#7905=CARTESIAN_POINT('Ctrl Pts',(87.1000019915746,40.0461954534906,34.5000000000002));
#7906=CARTESIAN_POINT('Ctrl Pts',(86.9168505022094,40.0651195741532,34.5000000000002));
#7907=CARTESIAN_POINT('Ctrl Pts',(86.826793178916,40.0744247436523,34.5000000000002));
#7908=CARTESIAN_POINT('',(86.3464143127203,39.8579156398773,34.5000000000002));
#7909=CARTESIAN_POINT('Ctrl Pts',(86.826793178916,40.0744247436523,34.5000000000002));
#7910=CARTESIAN_POINT('Ctrl Pts',(86.7407347045304,40.063635075438,34.5000000000002));
#7911=CARTESIAN_POINT('Ctrl Pts',(86.5589819460284,40.0408476396245,34.5000000000002));
#7912=CARTESIAN_POINT('Ctrl Pts',(86.419731034008,39.9210107321608,34.5000000000002));
#7913=CARTESIAN_POINT('Ctrl Pts',(86.3464143127203,39.8579156398773,34.5000000000002));
#7914=CARTESIAN_POINT('',(81.3667117804289,36.8809199333191,34.5000000000002));
#7915=CARTESIAN_POINT('Ctrl Pts',(86.3464143127203,39.8579156398773,34.5000000000002));
#7916=CARTESIAN_POINT('Ctrl Pts',(85.5918046915567,39.1844166338348,34.5000000000002));
#7917=CARTESIAN_POINT('Ctrl Pts',(84.121618189194,37.8722558552437,34.5000000000002));
#7918=CARTESIAN_POINT('Ctrl Pts',(82.2686151386813,37.2054642424453,34.5000000000002));
#7919=CARTESIAN_POINT('Ctrl Pts',(81.3667117804289,36.8809199333191,34.5000000000002));
#7920=CARTESIAN_POINT('',(81.4208390563726,38.2070362567902,34.5000000000002));
#7921=CARTESIAN_POINT('',(81.9881063659856,52.1050650404845,34.5000000000002));
#7922=CARTESIAN_POINT('',(81.4546682685614,39.5399188995361,34.5000000000002));
#7923=CARTESIAN_POINT('',(81.7705073609853,51.984088212261,34.5000000000002));
#7924=CARTESIAN_POINT('',(81.2618403881788,40.0372123718262,34.5000000000002));
#7925=CARTESIAN_POINT('Ctrl Pts',(81.4546682685614,39.5399188995361,34.5000000000002));
#7926=CARTESIAN_POINT('Ctrl Pts',(81.447282424984,39.6343830340871,34.5000000000002));
#7927=CARTESIAN_POINT('Ctrl Pts',(81.4327946536678,39.81968005055,34.5000000000002));
#7928=CARTESIAN_POINT('Ctrl Pts',(81.3180757639961,39.9656551526811,34.5000000000002));
#7929=CARTESIAN_POINT('Ctrl Pts',(81.2618403881788,40.0372123718262,34.5000000000002));
#7930=CARTESIAN_POINT('',(80.7780783623457,40.2368068695068,34.5000000000002));
#7931=CARTESIAN_POINT('Ctrl Pts',(81.2618403881788,40.0372123718262,34.5000000000002));
#7932=CARTESIAN_POINT('Ctrl Pts',(81.1928464262155,40.0954245228866,34.5000000000002));
#7933=CARTESIAN_POINT('Ctrl Pts',(81.0529961768027,40.2134201215303,34.5000000000002));
#7934=CARTESIAN_POINT('Ctrl Pts',(80.8705275856884,40.2289423857475,34.5000000000002));
#7935=CARTESIAN_POINT('Ctrl Pts',(80.7780783623457,40.2368068695068,34.5000000000002));
#7936=CARTESIAN_POINT('',(80.2943166345358,40.0372123718262,34.5000000000002));
#7937=CARTESIAN_POINT('Ctrl Pts',(80.7780783623457,40.2368068695068,34.5000000000002));
#7938=CARTESIAN_POINT('Ctrl Pts',(80.6856292450826,40.228942367042,34.5000000000002));
#7939=CARTESIAN_POINT('Ctrl Pts',(80.5031607660503,40.213420057629,34.5000000000002));
#7940=CARTESIAN_POINT('Ctrl Pts',(80.3633105954145,40.0954245231213,34.5000000000002));
#7941=CARTESIAN_POINT('Ctrl Pts',(80.2943166345358,40.0372123718262,34.5000000000002));
#7942=CARTESIAN_POINT('',(80.10148845613,39.5399188995361,34.5000000000002));
#7943=CARTESIAN_POINT('Ctrl Pts',(80.2943166345358,40.0372123718262,34.5000000000002));
#7944=CARTESIAN_POINT('Ctrl Pts',(80.2380811348436,39.9656551666547,34.5000000000002));
#7945=CARTESIAN_POINT('Ctrl Pts',(80.1233620278999,39.8196801381125,34.5000000000002));
#7946=CARTESIAN_POINT('Ctrl Pts',(80.1088742836935,39.6343830450729,34.5000000000002));
#7947=CARTESIAN_POINT('Ctrl Pts',(80.10148845613,39.5399188995361,34.5000000000002));
#7948=CARTESIAN_POINT('',(80.0507442653179,37.946549654007,34.5000000000002));
#7949=CARTESIAN_POINT('Ctrl Pts',(80.10148845613,39.5399188995361,34.5000000000002));
#7950=CARTESIAN_POINT('Ctrl Pts',(80.0982758088759,39.3180236016026,34.5000000000002));
#7951=CARTESIAN_POINT('Ctrl Pts',(80.0905820860779,38.7866235512888,34.5000000000002));
#7952=CARTESIAN_POINT('Ctrl Pts',(80.0654070366687,38.2557485820263,34.5000000000002));
#7953=CARTESIAN_POINT('Ctrl Pts',(80.0507442653179,37.946549654007,34.5000000000002));
#7954=CARTESIAN_POINT('',(80.,36.3531804084778,34.5000000000002));
#7955=CARTESIAN_POINT('Ctrl Pts',(80.0507442653179,37.946549654007,34.5000000000002));
#7956=CARTESIAN_POINT('Ctrl Pts',(80.0360814591604,37.637351123749,34.5000000000002));
#7957=CARTESIAN_POINT('Ctrl Pts',(80.0109063177194,37.1064761569128,34.5000000000002));
#7958=CARTESIAN_POINT('Ctrl Pts',(80.0032126358907,36.5750761041671,34.5000000000002));
#7959=CARTESIAN_POINT('Ctrl Pts',(80.,36.3531804084778,34.5000000000002));
#7960=CARTESIAN_POINT('',(80.135317966342,34.4993233680725,34.5000000000002));
#7961=CARTESIAN_POINT('Ctrl Pts',(80.,36.3531804084778,34.5000000000002));
#7962=CARTESIAN_POINT('Ctrl Pts',(80.0085813595016,36.0947629910644,34.5000000000002));
#7963=CARTESIAN_POINT('Ctrl Pts',(80.0291579754816,35.4751227161584,34.5000000000002));
#7964=CARTESIAN_POINT('Ctrl Pts',(80.0962223841111,34.8586813836939,34.5000000000002));
#7965=CARTESIAN_POINT('Ctrl Pts',(80.135317966342,34.4993233680725,34.5000000000002));
#7966=CARTESIAN_POINT('',(80.2706360071898,32.6522326469421,34.5000000000002));
#7967=CARTESIAN_POINT('Ctrl Pts',(80.135317966342,34.4993233680725,34.5000000000002));
#7968=CARTESIAN_POINT('Ctrl Pts',(80.1744014679659,34.140529524401,34.5000000000002));
#7969=CARTESIAN_POINT('Ctrl Pts',(80.2413055726082,33.5263373495798,34.5000000000002));
#7970=CARTESIAN_POINT('Ctrl Pts',(80.2620216720601,32.908956795574,34.5000000000002));
#7971=CARTESIAN_POINT('Ctrl Pts',(80.2706360071898,32.6522326469421,34.5000000000002));
#7972=CARTESIAN_POINT('',(80.2063599228859,31.6305822134018,34.5000000000002));
#7973=CARTESIAN_POINT('Ctrl Pts',(80.2706360071898,32.6522326469421,34.5000000000002));
#7974=CARTESIAN_POINT('Ctrl Pts',(80.2665754567722,32.5095079253435,34.5000000000002));
#7975=CARTESIAN_POINT('Ctrl Pts',(80.2568669461481,32.16826244542,34.5000000000002));
#7976=CARTESIAN_POINT('Ctrl Pts',(80.2249359134689,31.8283357589791,34.5000000000002));
#7977=CARTESIAN_POINT('Ctrl Pts',(80.2063599228859,31.6305822134018,34.5000000000002));
#7978=CARTESIAN_POINT('',(80.1420839130878,30.608931183815,34.5000000000002));
#7979=CARTESIAN_POINT('Ctrl Pts',(80.2063599228859,31.6305822134018,34.5000000000002));
#7980=CARTESIAN_POINT('Ctrl Pts',(80.1877839654665,31.4328284683894,34.5000000000002));
#7981=CARTESIAN_POINT('Ctrl Pts',(80.1558530029782,31.0929015794906,34.5000000000002));
#7982=CARTESIAN_POINT('Ctrl Pts',(80.1461444703686,30.7516559048727,34.5000000000002));
#7983=CARTESIAN_POINT('Ctrl Pts',(80.1420839130878,30.608931183815,34.5000000000002));
#7984=CARTESIAN_POINT('',(80.3585926443338,29.9323415756226,34.5000000000002));
#7985=CARTESIAN_POINT('Ctrl Pts',(80.1420839130878,30.608931183815,34.5000000000002));
#7986=CARTESIAN_POINT('Ctrl Pts',(80.1504909195512,30.4851599714475,34.5000000000002));
#7987=CARTESIAN_POINT('Ctrl Pts',(80.1670303665205,30.2416598133108,34.5000000000002));
#7988=CARTESIAN_POINT('Ctrl Pts',(80.295449164571,30.0343002185489,34.5000000000002));
#7989=CARTESIAN_POINT('Ctrl Pts',(80.3585926443338,29.9323415756226,34.5000000000002));
#7990=CARTESIAN_POINT('',(81.0690122097731,29.6075785160065,34.5000000000002));
#7991=CARTESIAN_POINT('Ctrl Pts',(80.3585926443338,29.9323415756226,34.5000000000002));
#7992=CARTESIAN_POINT('Ctrl Pts',(80.4531442319095,29.8292146342074,34.5000000000002));
#7993=CARTESIAN_POINT('Ctrl Pts',(80.6439794064798,29.6210716683148,34.5000000000002));
#7994=CARTESIAN_POINT('Ctrl Pts',(80.9264799605101,29.6121033652257,34.5000000000002));
#7995=CARTESIAN_POINT('Ctrl Pts',(81.0690122097731,29.6075785160065,34.5000000000002));
#7996=CARTESIAN_POINT('',(82.6995938271284,29.7361302375793,34.5000000000002));
#7997=CARTESIAN_POINT('',(134.027554321334,33.7827217213326,34.5000000000001));
#7998=CARTESIAN_POINT('',(84.2625167220831,30.1894456148148,34.5000000000002));
#7999=CARTESIAN_POINT('Ctrl Pts',(82.6995938271284,29.7361302375793,34.5000000000002));
#8000=CARTESIAN_POINT('Ctrl Pts',(82.9883227056879,29.7795994127253,34.5000000000002));
#8001=CARTESIAN_POINT('Ctrl Pts',(83.5299296712944,29.8611402969128,34.5000000000002));
#8002=CARTESIAN_POINT('Ctrl Pts',(84.0293402622112,30.0849487202777,34.5000000000002));
#8003=CARTESIAN_POINT('Ctrl Pts',(84.2625167220831,30.1894456148148,34.5000000000002));
#8004=CARTESIAN_POINT('',(87.0027061551809,33.7415426969528,34.5000000000002));
#8005=CARTESIAN_POINT('Ctrl Pts',(84.2625167220831,30.1894456148148,34.5000000000002));
#8006=CARTESIAN_POINT('Ctrl Pts',(85.058009403493,30.6486642660978,34.5000000000002));
#8007=CARTESIAN_POINT('Ctrl Pts',(86.4786745020165,31.4687798067117,34.5000000000002));
#8008=CARTESIAN_POINT('Ctrl Pts',(86.8425711822181,33.0470258261076,34.5000000000002));
#8009=CARTESIAN_POINT('Ctrl Pts',(87.0027061551809,33.7415426969528,34.5000000000002));
#8010=CARTESIAN_POINT('',(86.0690119117498,35.5615699291229,34.5000000000002));
#8011=CARTESIAN_POINT('Ctrl Pts',(87.0027061551809,33.7415426969528,34.5000000000002));
#8012=CARTESIAN_POINT('Ctrl Pts',(86.9565733040274,34.080406039749,34.5000000000002));
#8013=CARTESIAN_POINT('Ctrl Pts',(86.8594483621509,34.7938256886589,34.5000000000002));
#8014=CARTESIAN_POINT('Ctrl Pts',(86.3411346141982,35.2972594492631,34.5000000000002));
#8015=CARTESIAN_POINT('Ctrl Pts',(86.0690119117498,35.5615699291229,34.5000000000002));
#8016=CARTESIAN_POINT('',(84.1948577016592,36.5290939807892,34.5000000000002));
#8017=CARTESIAN_POINT('Ctrl Pts',(86.0690119117498,35.5615699291229,34.5000000000002));
#8018=CARTESIAN_POINT('Ctrl Pts',(85.7954440791339,35.763095913304,34.5000000000002));
#8019=CARTESIAN_POINT('Ctrl Pts',(85.2226550283452,36.1850456582156,34.5000000000002));
#8020=CARTESIAN_POINT('Ctrl Pts',(84.5475356219456,36.4110373914862,34.5000000000002));
#8021=CARTESIAN_POINT('Ctrl Pts',(84.1948577016592,36.5290939807892,34.5000000000002));
#8022=CARTESIAN_POINT('',(87.3410012573004,38.9106905460358,34.5000000000002));
#8023=CARTESIAN_POINT('Ctrl Pts',(84.1948577016592,36.5290939807892,34.5000000000002));
#8024=CARTESIAN_POINT('Ctrl Pts',(84.8305695019521,36.8862820384726,34.5000000000002));
#8025=CARTESIAN_POINT('Ctrl Pts',(85.9894143439152,37.5374034083551,34.5000000000002));
#8026=CARTESIAN_POINT('Ctrl Pts',(86.9206272559767,38.4835672857289,34.5000000000002));
#8027=CARTESIAN_POINT('Ctrl Pts',(87.3410012573004,38.9106905460358,34.5000000000002));
#8028=CARTESIAN_POINT('Ctrl Pts',(87.3410012573004,38.9106905460358,34.5000000000002));
#8029=CARTESIAN_POINT('Ctrl Pts',(87.3922884391331,38.9823753292649,34.5000000000002));
#8030=CARTESIAN_POINT('Ctrl Pts',(87.4912070622887,39.120635218088,34.5000000000002));
#8031=CARTESIAN_POINT('Ctrl Pts',(87.5085593367967,39.2894727493957,34.5000000000002));
#8032=CARTESIAN_POINT('Ctrl Pts',(87.5169148296118,39.3707716464996,34.5000000000002));
#8033=CARTESIAN_POINT('',(93.3355882018805,39.3572390079498,34.5000000000002));
#8034=CARTESIAN_POINT('',(93.1495263427496,39.8240864276886,34.5000000000002));
#8035=CARTESIAN_POINT('Ctrl Pts',(93.3355882018805,39.3572390079498,34.5000000000002));
#8036=CARTESIAN_POINT('Ctrl Pts',(93.3286140615701,39.4469546661478,34.5000000000002));
#8037=CARTESIAN_POINT('Ctrl Pts',(93.3149953818917,39.6221459810289,34.5000000000002));
#8038=CARTESIAN_POINT('Ctrl Pts',(93.2037855175753,39.7578678646481,34.5000000000002));
#8039=CARTESIAN_POINT('Ctrl Pts',(93.1495263427496,39.8240864276886,34.5000000000002));
#8040=CARTESIAN_POINT('',(92.6792957633734,40.0067663192749,34.5000000000002));
#8041=CARTESIAN_POINT('Ctrl Pts',(93.1495263427496,39.8240864276886,34.5000000000002));
#8042=CARTESIAN_POINT('Ctrl Pts',(93.0823267117856,39.8773593050398,34.5000000000002));
#8043=CARTESIAN_POINT('Ctrl Pts',(92.9446129797581,39.9865326241582,34.5000000000002));
#8044=CARTESIAN_POINT('Ctrl Pts',(92.7691425659469,39.9999143975065,34.5000000000002));
#8045=CARTESIAN_POINT('Ctrl Pts',(92.6792957633734,40.0067663192749,34.5000000000002));
#8046=CARTESIAN_POINT('',(91.3328816741705,40.0067663192749,34.5000000000002));
#8047=CARTESIAN_POINT('',(138.839647881687,40.0067663192749,34.5000000000001));
#8048=CARTESIAN_POINT('',(89.9932339042425,40.,34.5000000000002));
#8049=CARTESIAN_POINT('',(138.223690765685,40.2436033390452,34.5000000000001));
#8050=CARTESIAN_POINT('',(89.3301763385534,39.9391067028046,34.5000000000002));
#8051=CARTESIAN_POINT('Ctrl Pts',(89.9932339042425,40.,34.5000000000002));
#8052=CARTESIAN_POINT('Ctrl Pts',(89.8584635385315,40.0003939202626,34.5000000000002));
#8053=CARTESIAN_POINT('Ctrl Pts',(89.6352220537554,40.0010464327334,34.5000000000002));
#8054=CARTESIAN_POINT('Ctrl Pts',(89.4167552431514,39.956686605426,34.5000000000002));
#8055=CARTESIAN_POINT('Ctrl Pts',(89.3301763385534,39.9391067028046,34.5000000000002));
#8056=CARTESIAN_POINT('',(88.9851149171591,39.4248986244202,34.5000000000002));
#8057=CARTESIAN_POINT('Ctrl Pts',(89.3301763385534,39.9391067028046,34.5000000000002));
#8058=CARTESIAN_POINT('Ctrl Pts',(89.2295486001711,39.8857686664241,34.5000000000002));
#8059=CARTESIAN_POINT('Ctrl Pts',(89.0234929580165,39.7765482515134,34.5000000000002));
#8060=CARTESIAN_POINT('Ctrl Pts',(88.9981047410242,39.5439215504512,34.5000000000002));
#8061=CARTESIAN_POINT('Ctrl Pts',(88.9851149171591,39.4248986244202,34.5000000000002));
#8062=CARTESIAN_POINT('',(90.047360882163,38.7415421009064,34.5000000000002));
#8063=CARTESIAN_POINT('Ctrl Pts',(88.9851149171591,39.4248986244202,34.5000000000002));
#8064=CARTESIAN_POINT('Ctrl Pts',(89.0529818016098,39.2270029471042,34.5000000000002));
#8065=CARTESIAN_POINT('Ctrl Pts',(89.2166467132969,38.7497660912604,34.5000000000002));
#8066=CARTESIAN_POINT('Ctrl Pts',(89.7406474112339,38.7445785347616,34.5000000000002));
#8067=CARTESIAN_POINT('Ctrl Pts',(90.047360882163,38.7415421009064,34.5000000000002));
#8068=CARTESIAN_POINT('',(90.3721239417791,38.7483084201813,34.5000000000002));
#8069=CARTESIAN_POINT('',(137.757241078955,39.7355599622988,34.5000000000001));
#8070=CARTESIAN_POINT('',(90.6495263427496,38.7618398666382,34.5000000000002));
#8071=CARTESIAN_POINT('',(138.167484129413,41.0797242803364,34.5000000000001));
#8072=CARTESIAN_POINT('',(90.5920162051916,37.8010821342468,34.5000000000002));
#8073=CARTESIAN_POINT('Ctrl Pts',(90.6495263427496,38.7618398666382,34.5000000000002));
#8074=CARTESIAN_POINT('Ctrl Pts',(90.6458954053324,38.6275839467901,34.5000000000002));
#8075=CARTESIAN_POINT('Ctrl Pts',(90.6372181829098,38.3067388469643,34.5000000000002));
#8076=CARTESIAN_POINT('Ctrl Pts',(90.6086374708244,37.9870176832064,34.5000000000002));
#8077=CARTESIAN_POINT('Ctrl Pts',(90.5920162051916,37.8010821342468,34.5000000000002));
#8078=CARTESIAN_POINT('',(90.5345060676336,36.8470907211304,34.5000000000002));
#8079=CARTESIAN_POINT('Ctrl Pts',(90.5920162051916,37.8010821342468,34.5000000000002));
#8080=CARTESIAN_POINT('Ctrl Pts',(90.5754047452656,37.6157106634426,34.5000000000002));
#8081=CARTESIAN_POINT('Ctrl Pts',(90.546955710539,37.2982407099447,34.5000000000002));
#8082=CARTESIAN_POINT('Ctrl Pts',(90.5381641957527,36.9796539177251,34.5000000000002));
#8083=CARTESIAN_POINT('Ctrl Pts',(90.5345060676336,36.8470907211304,34.5000000000002));
#8084=CARTESIAN_POINT('',(90.6901218742132,34.2354536056519,34.5000000000002));
#8085=CARTESIAN_POINT('Ctrl Pts',(90.5345060676336,36.8470907211304,34.5000000000002));
#8086=CARTESIAN_POINT('Ctrl Pts',(90.544470255269,36.4860740700869,34.5000000000002));
#8087=CARTESIAN_POINT('Ctrl Pts',(90.5685406802934,35.6139684304228,34.5000000000002));
#8088=CARTESIAN_POINT('Ctrl Pts',(90.6451977484502,34.7448134117006,34.5000000000002));
#8089=CARTESIAN_POINT('Ctrl Pts',(90.6901218742132,34.2354536056519,34.5000000000002));
#8090=CARTESIAN_POINT('',(90.832205042243,31.6170501708984,34.5000000000002));
#8091=CARTESIAN_POINT('Ctrl Pts',(90.6901218742132,34.2354536056519,34.5000000000002));
#8092=CARTESIAN_POINT('Ctrl Pts',(90.7331083920747,33.7300246074169,34.5000000000002));
#8093=CARTESIAN_POINT('Ctrl Pts',(90.8072241562158,32.8585826231202,34.5000000000002));
#8094=CARTESIAN_POINT('Ctrl Pts',(90.824816224946,31.9842691897841,34.5000000000002));
#8095=CARTESIAN_POINT('Ctrl Pts',(90.832205042243,31.6170501708984,34.5000000000002));
#8096=CARTESIAN_POINT('',(89.6752371639013,32.3207038640976,34.5000000000002));
#8097=CARTESIAN_POINT('Ctrl Pts',(90.832205042243,31.6170501708984,34.5000000000002));
#8098=CARTESIAN_POINT('Ctrl Pts',(90.5953950299445,31.8121240967785,34.5000000000002));
#8099=CARTESIAN_POINT('Ctrl Pts',(90.2415557398416,32.1036017196249,34.5000000000002));
#8100=CARTESIAN_POINT('Ctrl Pts',(89.815989506416,32.2667454797222,34.5000000000002));
#8101=CARTESIAN_POINT('Ctrl Pts',(89.6752371639013,32.3207038640976,34.5000000000002));
#8102=CARTESIAN_POINT('',(89.2050065845251,32.1177268028259,34.5000000000002));
#8103=CARTESIAN_POINT('Ctrl Pts',(89.6752371639013,32.3207038640976,34.5000000000002));
#8104=CARTESIAN_POINT('Ctrl Pts',(89.5875260279905,32.3117751780751,34.5000000000002));
#8105=CARTESIAN_POINT('Ctrl Pts',(89.4095716190999,32.2936600433569,34.5000000000002));
#8106=CARTESIAN_POINT('Ctrl Pts',(89.2738387165872,32.1769248963394,34.5000000000002));
#8107=CARTESIAN_POINT('Ctrl Pts',(89.2050065845251,32.1177268028259,34.5000000000002));
#8108=CARTESIAN_POINT('',(89.0054126828909,31.6508799791336,34.5000000000002));
#8109=CARTESIAN_POINT('Ctrl Pts',(89.2050065845251,32.1177268028259,34.5000000000002));
#8110=CARTESIAN_POINT('Ctrl Pts',(89.1467994411197,32.0485031240979,34.5000000000002));
#8111=CARTESIAN_POINT('Ctrl Pts',(89.0328067430642,31.9129356757424,34.5000000000002));
#8112=CARTESIAN_POINT('Ctrl Pts',(89.0144137935545,31.7369859564986,34.5000000000002));
#8113=CARTESIAN_POINT('Ctrl Pts',(89.0054126828909,31.6508799791336,34.5000000000002));
#8114=CARTESIAN_POINT('',(89.5872797816992,30.8795672655106,34.5000000000002));
#8115=CARTESIAN_POINT('Ctrl Pts',(89.0054126828909,31.6508799791336,34.5000000000002));
#8116=CARTESIAN_POINT('Ctrl Pts',(89.0456001083486,31.5279420217905,34.5000000000002));
#8117=CARTESIAN_POINT('Ctrl Pts',(89.1496841892152,31.2095368453469,34.5000000000002));
#8118=CARTESIAN_POINT('Ctrl Pts',(89.420826797855,31.0050813750787,34.5000000000002));
#8119=CARTESIAN_POINT('Ctrl Pts',(89.5872797816992,30.8795672655106,34.5000000000002));
#8120=CARTESIAN_POINT('',(90.6224622577429,30.054127573967,34.5000000000002));
#8121=CARTESIAN_POINT('Ctrl Pts',(89.5872797816992,30.8795672655106,34.5000000000002));
#8122=CARTESIAN_POINT('Ctrl Pts',(89.735434246526,30.7691879513176,34.5000000000002));
#8123=CARTESIAN_POINT('Ctrl Pts',(90.0894928193226,30.5054041868854,34.5000000000002));
#8124=CARTESIAN_POINT('Ctrl Pts',(90.4264838460336,30.2200666831652,34.5000000000002));
#8125=CARTESIAN_POINT('Ctrl Pts',(90.6224622577429,30.054127573967,34.5000000000002));
#8126=CARTESIAN_POINT('',(91.7591335624456,29.4519627094269,34.5000000000002));
#8127=CARTESIAN_POINT('Ctrl Pts',(90.6224622577429,30.054127573967,34.5000000000002));
#8128=CARTESIAN_POINT('Ctrl Pts',(90.8043429189691,29.8793663047738,34.5000000000002));
#8129=CARTESIAN_POINT('Ctrl Pts',(91.128174696642,29.5682103408045,34.5000000000002));
#8130=CARTESIAN_POINT('Ctrl Pts',(91.5668437283544,29.4873901183478,34.5000000000002));
#8131=CARTESIAN_POINT('Ctrl Pts',(91.7591335624456,29.4519627094269,34.5000000000002));
#8132=CARTESIAN_POINT('',(92.2124495357275,29.9729371070862,34.5000000000002));
#8133=CARTESIAN_POINT('Ctrl Pts',(91.7591335624456,29.4519627094269,34.5000000000002));
#8134=CARTESIAN_POINT('Ctrl Pts',(91.8912407854975,29.4781058127489,34.5000000000002));
#8135=CARTESIAN_POINT('Ctrl Pts',(92.17096835723,29.5334619593765,34.5000000000002));
#8136=CARTESIAN_POINT('Ctrl Pts',(92.1981205411519,29.8211276061094,34.5000000000002));
#8137=CARTESIAN_POINT('Ctrl Pts',(92.2124495357275,29.9729371070862,34.5000000000002));
#8138=CARTESIAN_POINT('',(92.1718540042639,30.4364007711411,34.5000000000002));
#8139=CARTESIAN_POINT('Ctrl Pts',(92.2124495357275,29.9729371070862,34.5000000000002));
#8140=CARTESIAN_POINT('Ctrl Pts',(92.2098718595252,30.0375613929778,34.5000000000002));
#8141=CARTESIAN_POINT('Ctrl Pts',(92.2036855961029,30.1926556812545,34.5000000000002));
#8142=CARTESIAN_POINT('Ctrl Pts',(92.1835812964603,30.3466009928265,34.5000000000002));
#8143=CARTESIAN_POINT('Ctrl Pts',(92.1718540042639,30.4364007711411,34.5000000000002));
#8144=CARTESIAN_POINT('',(92.1312584728003,30.8998650312424,34.5000000000002));
#8145=CARTESIAN_POINT('Ctrl Pts',(92.1718540042639,30.4364007711411,34.5000000000002));
#8146=CARTESIAN_POINT('Ctrl Pts',(92.1601267098466,30.5262005494,34.5000000000002));
#8147=CARTESIAN_POINT('Ctrl Pts',(92.1400223806864,30.6801460577496,34.5000000000002));
#8148=CARTESIAN_POINT('Ctrl Pts',(92.133836142925,30.8352405462321,34.5000000000002));
#8149=CARTESIAN_POINT('Ctrl Pts',(92.1312584728003,30.8998650312424,34.5000000000002));
#8150=CARTESIAN_POINT('',(92.1549382060766,31.5764546394348,34.5000000000002));
#8151=CARTESIAN_POINT('Ctrl Pts',(92.1312584728003,30.8998650312424,34.5000000000002));
#8152=CARTESIAN_POINT('Ctrl Pts',(92.1327707186285,30.9934752217453,34.5000000000002));
#8153=CARTESIAN_POINT('Ctrl Pts',(92.1364163516169,31.2191451440455,34.5000000000002));
#8154=CARTESIAN_POINT('Ctrl Pts',(92.1481006652009,31.4445500137231,34.5000000000002));
#8155=CARTESIAN_POINT('Ctrl Pts',(92.1549382060766,31.5764546394348,34.5000000000002));
#8156=CARTESIAN_POINT('',(92.1786191314459,32.2530448436737,34.5000000000002));
#8157=CARTESIAN_POINT('Ctrl Pts',(92.1549382060766,31.5764546394348,34.5000000000002));
#8158=CARTESIAN_POINT('Ctrl Pts',(92.1617762598728,31.7083594586688,34.5000000000002));
#8159=CARTESIAN_POINT('Ctrl Pts',(92.1734614420213,31.9337645059156,34.5000000000002));
#8160=CARTESIAN_POINT('Ctrl Pts',(92.1771069421702,32.1594346506279,34.5000000000002));
#8161=CARTESIAN_POINT('Ctrl Pts',(92.1786191314459,32.2530448436737,34.5000000000002));
#8162=CARTESIAN_POINT('',(92.0162381976843,34.5534509420395,34.5000000000002));
#8163=CARTESIAN_POINT('Ctrl Pts',(92.1786191314459,32.2530448436737,34.5000000000002));
#8164=CARTESIAN_POINT('Ctrl Pts',(92.1683160444793,32.5735122416225,34.5000000000002));
#8165=CARTESIAN_POINT('Ctrl Pts',(92.1436002950103,33.3422713471534,34.5000000000002));
#8166=CARTESIAN_POINT('Ctrl Pts',(92.0631510886469,34.1073218544698,34.5000000000002));
#8167=CARTESIAN_POINT('Ctrl Pts',(92.0162381976843,34.5534509420395,34.5000000000002));
#8168=CARTESIAN_POINT('',(91.8538560718298,36.8470907211304,34.5000000000002));
#8169=CARTESIAN_POINT('Ctrl Pts',(92.0162381976843,34.5534509420395,34.5000000000002));
#8170=CARTESIAN_POINT('Ctrl Pts',(91.9693371941094,34.9990158865218,34.5000000000002));
#8171=CARTESIAN_POINT('Ctrl Pts',(91.889043329851,35.7618168597128,34.5000000000002));
#8172=CARTESIAN_POINT('Ctrl Pts',(91.8641915195748,36.5283164853848,34.5000000000002));
#8173=CARTESIAN_POINT('Ctrl Pts',(91.8538560718298,36.8470907211304,34.5000000000002));
#8174=CARTESIAN_POINT('',(91.9079842418432,37.8010821342468,34.5000000000002));
#8175=CARTESIAN_POINT('Ctrl Pts',(91.8538560718298,36.8470907211304,34.5000000000002));
#8176=CARTESIAN_POINT('Ctrl Pts',(91.8568225163878,36.9920783455218,34.5000000000002));
#8177=CARTESIAN_POINT('Ctrl Pts',(91.8633416116015,37.3107049403396,34.5000000000002));
#8178=CARTESIAN_POINT('Ctrl Pts',(91.8922372530234,37.6281092572422,34.5000000000002));
#8179=CARTESIAN_POINT('Ctrl Pts',(91.9079842418432,37.8010821342468,34.5000000000002));
#8180=CARTESIAN_POINT('',(91.9688763469458,38.7212455272675,34.5000000000002));
#8181=CARTESIAN_POINT('Ctrl Pts',(91.9079842418432,37.8010821342468,34.5000000000002));
#8182=CARTESIAN_POINT('Ctrl Pts',(91.923840417546,37.9712446421127,34.5000000000002));
#8183=CARTESIAN_POINT('Ctrl Pts',(91.9523722927573,38.2774379847607,34.5000000000002));
#8184=CARTESIAN_POINT('Ctrl Pts',(91.9637995999402,38.5847276398,34.5000000000002));
#8185=CARTESIAN_POINT('Ctrl Pts',(91.9688763469458,38.7212455272675,34.5000000000002));
#8186=CARTESIAN_POINT('',(92.6792957633734,38.7077128887177,34.5000000000002));
#8187=CARTESIAN_POINT('',(138.234980951544,37.8399316776687,34.5000000000001));
#8188=CARTESIAN_POINT('',(93.1495263427496,38.8937759399414,34.5000000000002));
#8189=CARTESIAN_POINT('Ctrl Pts',(92.6792957633734,38.7077128887177,34.5000000000002));
#8190=CARTESIAN_POINT('Ctrl Pts',(92.7692278125033,38.7147738669665,34.5000000000002));
#8191=CARTESIAN_POINT('Ctrl Pts',(92.9452916501118,38.7285974475454,34.5000000000002));
#8192=CARTESIAN_POINT('Ctrl Pts',(93.0824348370338,38.8395144742542,34.5000000000002));
#8193=CARTESIAN_POINT('Ctrl Pts',(93.1495263427496,38.8937759399414,34.5000000000002));
#8194=CARTESIAN_POINT('Ctrl Pts',(93.1495263427496,38.8937759399414,34.5000000000002));
#8195=CARTESIAN_POINT('Ctrl Pts',(93.2037910253362,38.9602694196557,34.5000000000002));
#8196=CARTESIAN_POINT('Ctrl Pts',(93.313953974807,39.0952580991566,34.5000000000002));
#8197=CARTESIAN_POINT('Ctrl Pts',(93.3283058524835,39.2690529818582,34.5000000000002));
#8198=CARTESIAN_POINT('Ctrl Pts',(93.3355882018805,39.3572390079498,34.5000000000002));
#8199=CARTESIAN_POINT('',(61.2500000000002,15.6499999999999,34.5));
#8200=CARTESIAN_POINT('Origin',(63.0000000000002,15.6499999999999,34.5));
#8201=CARTESIAN_POINT('',(175.25,46.25,34.5000000000001));
#8202=CARTESIAN_POINT('Origin',(177.,46.25,34.5000000000001));
#8203=CARTESIAN_POINT('Origin',(168.825,119.55,34.6000000000004));
#8204=CARTESIAN_POINT('',(148.7,119.65,34.7000000000004));
#8205=CARTESIAN_POINT('',(168.825,119.65,34.7000000000004));
#8206=CARTESIAN_POINT('',(148.7,119.45,34.5000000000004));
#8207=CARTESIAN_POINT('Origin',(152.3,119.65,34.5000000000004));
#8208=CARTESIAN_POINT('',(148.7,119.65,37.3000000000004));
#8209=CARTESIAN_POINT('',(168.825,119.65,37.3000000000004));
#8210=CARTESIAN_POINT('',(148.7,119.65,34.5000000000004));
#8211=CARTESIAN_POINT('Origin',(168.825,119.55,37.4000000000004));
#8212=CARTESIAN_POINT('',(148.7,119.45,37.5000000000004));
#8213=CARTESIAN_POINT('',(168.825,119.45,37.5000000000004));
#8214=CARTESIAN_POINT('',(148.7,119.65,37.3000000000004));
#8215=CARTESIAN_POINT('Origin',(113.699473569928,91.3999999999999,37.4000000000003));
#8216=CARTESIAN_POINT('',(113.599473569928,92.6499999999998,37.3000000000003));
#8217=CARTESIAN_POINT('',(113.599473569928,91.3999999999999,37.3000000000003));
#8218=CARTESIAN_POINT('',(113.799473569928,92.6499999999998,37.5000000000003));
#8219=CARTESIAN_POINT('',(113.799473569928,92.6499999999998,37.5000000000003));
#8220=CARTESIAN_POINT('',(113.799473569928,91.3999999999999,37.5000000000003));
#8221=CARTESIAN_POINT('Origin',(177.,21.65,34.6000000000002));
#8222=CARTESIAN_POINT('',(175.45,21.65,34.7000000000004));
#8223=CARTESIAN_POINT('',(175.35,21.65,34.6000000000002));
#8224=CARTESIAN_POINT('Origin',(177.,21.65,34.7000000000004));
#8225=CARTESIAN_POINT('Origin',(177.,21.65,35.76));
#8226=CARTESIAN_POINT('',(175.45,21.65,35.85));
#8227=CARTESIAN_POINT('Origin',(177.,21.65,35.85));
#8228=CARTESIAN_POINT('',(175.45,21.65,35.76));
#8229=CARTESIAN_POINT('Origin',(177.,46.25,34.6000000000002));
#8230=CARTESIAN_POINT('',(175.45,46.25,34.7000000000003));
#8231=CARTESIAN_POINT('',(175.35,46.25,34.6000000000002));
#8232=CARTESIAN_POINT('Origin',(177.,46.25,34.7000000000003));
#8233=CARTESIAN_POINT('Origin',(177.,46.25,35.76));
#8234=CARTESIAN_POINT('',(175.45,46.25,35.85));
#8235=CARTESIAN_POINT('Origin',(177.,46.25,35.85));
#8236=CARTESIAN_POINT('',(175.45,46.25,35.76));
#8237=CARTESIAN_POINT('Origin',(63.0000000000002,110.65,34.6000000000002));
#8238=CARTESIAN_POINT('',(61.4500000000002,110.65,34.7));
#8239=CARTESIAN_POINT('',(61.3500000000002,110.65,34.6000000000002));
#8240=CARTESIAN_POINT('Origin',(63.0000000000002,110.65,34.7));
#8241=CARTESIAN_POINT('Origin',(63.0000000000002,110.65,35.76));
#8242=CARTESIAN_POINT('',(61.4500000000002,110.65,35.85));
#8243=CARTESIAN_POINT('Origin',(63.0000000000002,110.65,35.85));
#8244=CARTESIAN_POINT('',(61.4500000000002,110.65,35.76));
#8245=CARTESIAN_POINT('Origin',(63.0000000000002,15.6499999999999,34.6000000000002));
#8246=CARTESIAN_POINT('',(61.4500000000002,15.6499999999999,34.7000000000004));
#8247=CARTESIAN_POINT('',(61.3500000000002,15.6499999999999,34.6000000000002));
#8248=CARTESIAN_POINT('Origin',(63.0000000000002,15.6499999999999,34.7000000000004));
#8249=CARTESIAN_POINT('Origin',(63.0000000000002,15.6499999999999,35.76));
#8250=CARTESIAN_POINT('',(61.4500000000002,15.6499999999999,35.85));
#8251=CARTESIAN_POINT('Origin',(63.0000000000002,15.6499999999999,35.85));
#8252=CARTESIAN_POINT('',(61.4500000000002,15.6499999999999,35.76));
#8253=CARTESIAN_POINT('Origin',(63.0000000000002,15.6499999999999,36.575));
#8254=CARTESIAN_POINT('',(60.0000000000002,15.6499999999999,37.3));
#8255=CARTESIAN_POINT('Origin',(63.0000000000002,15.6499999999999,37.3));
#8256=CARTESIAN_POINT('',(60.7250000000002,15.6499999999999,36.575));
#8257=CARTESIAN_POINT('Origin',(177.,46.25,36.575));
#8258=CARTESIAN_POINT('',(174.,46.25,37.3));
#8259=CARTESIAN_POINT('Origin',(177.,46.25,37.3));
#8260=CARTESIAN_POINT('',(174.725,46.25,36.575));
#8261=CARTESIAN_POINT('Origin',(177.,21.65,36.575));
#8262=CARTESIAN_POINT('',(174.,21.65,37.3));
#8263=CARTESIAN_POINT('Origin',(177.,21.65,37.3));
#8264=CARTESIAN_POINT('',(174.725,21.65,36.575));
#8265=CARTESIAN_POINT('Origin',(63.0000000000002,110.65,36.575));
#8266=CARTESIAN_POINT('',(60.0000000000002,110.65,37.3));
#8267=CARTESIAN_POINT('Origin',(63.0000000000002,110.65,37.3));
#8268=CARTESIAN_POINT('',(60.7250000000002,110.65,36.575));
#8269=CARTESIAN_POINT('Origin',(177.,46.25,37.3));
#8270=CARTESIAN_POINT('',(174.,46.25,37.5));
#8271=CARTESIAN_POINT('Origin',(177.,46.25,37.5));
#8272=CARTESIAN_POINT('',(174.,46.25,37.3));
#8273=CARTESIAN_POINT('Origin',(177.,21.65,37.3));
#8274=CARTESIAN_POINT('',(174.,21.65,37.5));
#8275=CARTESIAN_POINT('Origin',(177.,21.65,37.5));
#8276=CARTESIAN_POINT('',(174.,21.65,37.3));
#8277=CARTESIAN_POINT('Origin',(63.0000000000002,110.65,37.3));
#8278=CARTESIAN_POINT('',(60.0000000000002,110.65,37.5));
#8279=CARTESIAN_POINT('Origin',(63.0000000000002,110.65,37.5));
#8280=CARTESIAN_POINT('',(60.0000000000002,110.65,37.3));
#8281=CARTESIAN_POINT('Origin',(63.0000000000002,15.6499999999999,37.3));
#8282=CARTESIAN_POINT('',(60.0000000000002,15.6499999999999,37.5));
#8283=CARTESIAN_POINT('Origin',(63.0000000000002,15.6499999999999,37.5));
#8284=CARTESIAN_POINT('',(60.0000000000002,15.6499999999999,37.3));
#8285=CARTESIAN_POINT('Ctrl Pts',(85.6427606195211,33.7415426969528,34.5000000000002));
#8286=CARTESIAN_POINT('Ctrl Pts',(85.6427606195211,33.7415426969528,34.7000000000002));
#8287=CARTESIAN_POINT('Ctrl Pts',(85.5824440539063,33.4221852023132,34.5000000000002));
#8288=CARTESIAN_POINT('Ctrl Pts',(85.5824440539063,33.4221852023132,34.7000000000002));
#8289=CARTESIAN_POINT('Ctrl Pts',(85.4479666217513,32.7101689364536,34.5000000000002));
#8290=CARTESIAN_POINT('Ctrl Pts',(85.4479666217513,32.7101689364536,34.7000000000002));
#8291=CARTESIAN_POINT('Ctrl Pts',(84.8844908311225,32.2454532873705,34.5000000000002));
#8292=CARTESIAN_POINT('Ctrl Pts',(84.8844908311225,32.2454532873705,34.7000000000002));
#8293=CARTESIAN_POINT('Ctrl Pts',(84.5737483352423,31.9891744852066,34.5000000000002));
#8294=CARTESIAN_POINT('Ctrl Pts',(84.5737483352423,31.9891744852066,34.7000000000002));
#8295=CARTESIAN_POINT('',(85.6427606195211,33.7415426969528,34.5000000000002));
#8296=CARTESIAN_POINT('',(84.5737483352423,31.9891744852066,34.5000000000002));
#8297=CARTESIAN_POINT('Ctrl Pts',(85.6427606195211,33.7415426969528,34.5000000000002));
#8298=CARTESIAN_POINT('Ctrl Pts',(85.5824440539063,33.4221852023132,34.5000000000002));
#8299=CARTESIAN_POINT('Ctrl Pts',(85.4479666217513,32.7101689364536,34.5000000000002));
#8300=CARTESIAN_POINT('Ctrl Pts',(84.8844908311225,32.2454532873705,34.5000000000002));
#8301=CARTESIAN_POINT('Ctrl Pts',(84.5737483352423,31.9891744852066,34.5000000000002));
#8302=CARTESIAN_POINT('',(85.6427606195211,33.7415426969528,34.7000000000002));
#8303=CARTESIAN_POINT('',(85.6427606195211,33.7415426969528,34.5000000000002));
#8304=CARTESIAN_POINT('',(84.5737483352423,31.9891744852066,34.7000000000002));
#8305=CARTESIAN_POINT('Ctrl Pts',(85.6427606195211,33.7415426969528,34.7000000000002));
#8306=CARTESIAN_POINT('Ctrl Pts',(85.5824440539063,33.4221852023132,34.7000000000002));
#8307=CARTESIAN_POINT('Ctrl Pts',(85.4479666217513,32.7101689364536,34.7000000000002));
#8308=CARTESIAN_POINT('Ctrl Pts',(84.8844908311225,32.2454532873705,34.7000000000002));
#8309=CARTESIAN_POINT('Ctrl Pts',(84.5737483352423,31.9891744852066,34.7000000000002));
#8310=CARTESIAN_POINT('',(84.5737483352423,31.9891744852066,34.5000000000002));
#8311=CARTESIAN_POINT('Ctrl Pts',(85.2841677516699,34.3843030929565,34.5000000000002));
#8312=CARTESIAN_POINT('Ctrl Pts',(85.2841677516699,34.3843030929565,34.7000000000002));
#8313=CARTESIAN_POINT('Ctrl Pts',(85.3875590022862,34.2746787041679,34.5000000000002));
#8314=CARTESIAN_POINT('Ctrl Pts',(85.3875590022862,34.2746787041679,34.7000000000002));
#8315=CARTESIAN_POINT('Ctrl Pts',(85.5626206987239,34.089063080429,34.5000000000002));
#8316=CARTESIAN_POINT('Ctrl Pts',(85.5626206987239,34.089063080429,34.7000000000002));
#8317=CARTESIAN_POINT('Ctrl Pts',(85.6194816749984,33.8424899857321,34.5000000000002));
#8318=CARTESIAN_POINT('Ctrl Pts',(85.6194816749984,33.8424899857321,34.7000000000002));
#8319=CARTESIAN_POINT('Ctrl Pts',(85.6427606195211,33.7415426969528,34.5000000000002));
#8320=CARTESIAN_POINT('Ctrl Pts',(85.6427606195211,33.7415426969528,34.7000000000002));
#8321=CARTESIAN_POINT('',(85.2841677516699,34.3843030929565,34.5000000000002));
#8322=CARTESIAN_POINT('Ctrl Pts',(85.2841677516699,34.3843030929565,34.5000000000002));
#8323=CARTESIAN_POINT('Ctrl Pts',(85.3875590022862,34.2746787041679,34.5000000000002));
#8324=CARTESIAN_POINT('Ctrl Pts',(85.5626206987239,34.089063080429,34.5000000000002));
#8325=CARTESIAN_POINT('Ctrl Pts',(85.6194816749984,33.8424899857321,34.5000000000002));
#8326=CARTESIAN_POINT('Ctrl Pts',(85.6427606195211,33.7415426969528,34.5000000000002));
#8327=CARTESIAN_POINT('',(85.2841677516699,34.3843030929565,34.7000000000002));
#8328=CARTESIAN_POINT('',(85.2841677516699,34.3843030929565,34.5000000000002));
#8329=CARTESIAN_POINT('Ctrl Pts',(85.2841677516699,34.3843030929565,34.7000000000002));
#8330=CARTESIAN_POINT('Ctrl Pts',(85.3875590022862,34.2746787041679,34.7000000000002));
#8331=CARTESIAN_POINT('Ctrl Pts',(85.5626206987239,34.089063080429,34.7000000000002));
#8332=CARTESIAN_POINT('Ctrl Pts',(85.6194816749984,33.8424899857321,34.7000000000002));
#8333=CARTESIAN_POINT('Ctrl Pts',(85.6427606195211,33.7415426969528,34.7000000000002));
#8334=CARTESIAN_POINT('Ctrl Pts',(84.5805140584707,34.9323403835297,34.5000000000002));
#8335=CARTESIAN_POINT('Ctrl Pts',(84.5805140584707,34.9323403835297,34.7000000000002));
#8336=CARTESIAN_POINT('Ctrl Pts',(84.7056052044471,34.855970374739,34.5000000000002));
#8337=CARTESIAN_POINT('Ctrl Pts',(84.7056052044471,34.855970374739,34.7000000000002));
#8338=CARTESIAN_POINT('Ctrl Pts',(84.9609526550849,34.7000769508067,34.5000000000002));
#8339=CARTESIAN_POINT('Ctrl Pts',(84.9609526550849,34.7000769508067,34.7000000000002));
#8340=CARTESIAN_POINT('Ctrl Pts',(85.1749862317459,34.4909709748612,34.5000000000002));
#8341=CARTESIAN_POINT('Ctrl Pts',(85.1749862317459,34.4909709748612,34.7000000000002));
#8342=CARTESIAN_POINT('Ctrl Pts',(85.2841677516699,34.3843030929565,34.5000000000002));
#8343=CARTESIAN_POINT('Ctrl Pts',(85.2841677516699,34.3843030929565,34.7000000000002));
#8344=CARTESIAN_POINT('',(84.5805140584707,34.9323403835297,34.5000000000002));
#8345=CARTESIAN_POINT('Ctrl Pts',(84.5805140584707,34.9323403835297,34.5000000000002));
#8346=CARTESIAN_POINT('Ctrl Pts',(84.7056052044471,34.855970374739,34.5000000000002));
#8347=CARTESIAN_POINT('Ctrl Pts',(84.9609526550849,34.7000769508067,34.5000000000002));
#8348=CARTESIAN_POINT('Ctrl Pts',(85.1749862317459,34.4909709748612,34.5000000000002));
#8349=CARTESIAN_POINT('Ctrl Pts',(85.2841677516699,34.3843030929565,34.5000000000002));
#8350=CARTESIAN_POINT('',(84.5805140584707,34.9323403835297,34.7000000000002));
#8351=CARTESIAN_POINT('',(84.5805140584707,34.9323403835297,34.5000000000002));
#8352=CARTESIAN_POINT('Ctrl Pts',(84.5805140584707,34.9323403835297,34.7000000000002));
#8353=CARTESIAN_POINT('Ctrl Pts',(84.7056052044471,34.855970374739,34.7000000000002));
#8354=CARTESIAN_POINT('Ctrl Pts',(84.9609526550849,34.7000769508067,34.7000000000002));
#8355=CARTESIAN_POINT('Ctrl Pts',(85.1749862317459,34.4909709748612,34.7000000000002));
#8356=CARTESIAN_POINT('Ctrl Pts',(85.2841677516699,34.3843030929565,34.7000000000002));
#8357=CARTESIAN_POINT('Ctrl Pts',(81.9959404319525,35.3924226760864,34.5000000000002));
#8358=CARTESIAN_POINT('Ctrl Pts',(81.9959404319525,35.3924226760864,34.7000000000002));
#8359=CARTESIAN_POINT('Ctrl Pts',(82.5053542700078,35.3872081089167,34.5000000000002));
#8360=CARTESIAN_POINT('Ctrl Pts',(82.5053542700078,35.3872081089167,34.7000000000002));
#8361=CARTESIAN_POINT('Ctrl Pts',(83.3951060565734,35.3781002478638,34.5000000000002));
#8362=CARTESIAN_POINT('Ctrl Pts',(83.3951060565734,35.3781002478638,34.7000000000002));
#8363=CARTESIAN_POINT('Ctrl Pts',(84.2255346935187,35.0658265362376,34.5000000000002));
#8364=CARTESIAN_POINT('Ctrl Pts',(84.2255346935187,35.0658265362376,34.7000000000002));
#8365=CARTESIAN_POINT('Ctrl Pts',(84.5805140584707,34.9323403835297,34.5000000000002));
#8366=CARTESIAN_POINT('Ctrl Pts',(84.5805140584707,34.9323403835297,34.7000000000002));
#8367=CARTESIAN_POINT('',(81.9959404319525,35.3924226760864,34.5000000000002));
#8368=CARTESIAN_POINT('Ctrl Pts',(81.9959404319525,35.3924226760864,34.5000000000002));
#8369=CARTESIAN_POINT('Ctrl Pts',(82.5053542700078,35.3872081089167,34.5000000000002));
#8370=CARTESIAN_POINT('Ctrl Pts',(83.3951060565734,35.3781002478638,34.5000000000002));
#8371=CARTESIAN_POINT('Ctrl Pts',(84.2255346935187,35.0658265362376,34.5000000000002));
#8372=CARTESIAN_POINT('Ctrl Pts',(84.5805140584707,34.9323403835297,34.5000000000002));
#8373=CARTESIAN_POINT('',(81.9959404319525,35.3924226760864,34.7000000000002));
#8374=CARTESIAN_POINT('',(81.9959404319525,35.3924226760864,34.5000000000002));
#8375=CARTESIAN_POINT('Ctrl Pts',(81.9959404319525,35.3924226760864,34.7000000000002));
#8376=CARTESIAN_POINT('Ctrl Pts',(82.5053542700078,35.3872081089167,34.7000000000002));
#8377=CARTESIAN_POINT('Ctrl Pts',(83.3951060565734,35.3781002478638,34.7000000000002));
#8378=CARTESIAN_POINT('Ctrl Pts',(84.2255346935187,35.0658265362376,34.7000000000002));
#8379=CARTESIAN_POINT('Ctrl Pts',(84.5805140584707,34.9323403835297,34.7000000000002));
#8380=CARTESIAN_POINT('Ctrl Pts',(81.6948577016592,35.3856563568115,34.5000000000002));
#8381=CARTESIAN_POINT('Ctrl Pts',(81.6948577016592,35.3856563568115,34.7000000000002));
#8382=CARTESIAN_POINT('Ctrl Pts',(81.7532080309786,35.3876119481523,34.5000000000002));
#8383=CARTESIAN_POINT('Ctrl Pts',(81.7532080309786,35.3876119481523,34.7000000000002));
#8384=CARTESIAN_POINT('Ctrl Pts',(81.8535454609472,35.3909747228185,34.5000000000002));
#8385=CARTESIAN_POINT('Ctrl Pts',(81.8535454609472,35.3909747228185,34.7000000000002));
#8386=CARTESIAN_POINT('Ctrl Pts',(81.9539325507138,35.3919955159944,34.5000000000002));
#8387=CARTESIAN_POINT('Ctrl Pts',(81.9539325507138,35.3919955159944,34.7000000000002));
#8388=CARTESIAN_POINT('Ctrl Pts',(81.9959404319525,35.3924226760864,34.5000000000002));
#8389=CARTESIAN_POINT('Ctrl Pts',(81.9959404319525,35.3924226760864,34.7000000000002));
#8390=CARTESIAN_POINT('',(81.6948577016592,35.3856563568115,34.5000000000002));
#8391=CARTESIAN_POINT('Ctrl Pts',(81.6948577016592,35.3856563568115,34.5000000000002));
#8392=CARTESIAN_POINT('Ctrl Pts',(81.7532080309786,35.3876119481523,34.5000000000002));
#8393=CARTESIAN_POINT('Ctrl Pts',(81.8535454609472,35.3909747228185,34.5000000000002));
#8394=CARTESIAN_POINT('Ctrl Pts',(81.9539325507138,35.3919955159944,34.5000000000002));
#8395=CARTESIAN_POINT('Ctrl Pts',(81.9959404319525,35.3924226760864,34.5000000000002));
#8396=CARTESIAN_POINT('',(81.6948577016592,35.3856563568115,34.7000000000002));
#8397=CARTESIAN_POINT('',(81.6948577016592,35.3856563568115,34.5000000000002));
#8398=CARTESIAN_POINT('Ctrl Pts',(81.6948577016592,35.3856563568115,34.7000000000002));
#8399=CARTESIAN_POINT('Ctrl Pts',(81.7532080309786,35.3876119481523,34.7000000000002));
#8400=CARTESIAN_POINT('Ctrl Pts',(81.8535454609472,35.3909747228185,34.7000000000002));
#8401=CARTESIAN_POINT('Ctrl Pts',(81.9539325507138,35.3919955159944,34.7000000000002));
#8402=CARTESIAN_POINT('Ctrl Pts',(81.9959404319525,35.3924226760864,34.7000000000002));
#8403=CARTESIAN_POINT('Ctrl Pts',(81.4005412906408,35.3788912296295,34.5000000000002));
#8404=CARTESIAN_POINT('Ctrl Pts',(81.4005412906408,35.3788912296295,34.7000000000002));
#8405=CARTESIAN_POINT('Ctrl Pts',(81.4408574769418,35.3793286632602,34.5000000000002));
#8406=CARTESIAN_POINT('Ctrl Pts',(81.4408574769418,35.3793286632602,34.7000000000002));
#8407=CARTESIAN_POINT('Ctrl Pts',(81.5389886863523,35.3803933942072,34.5000000000002));
#8408=CARTESIAN_POINT('Ctrl Pts',(81.5389886863523,35.3803933942072,34.7000000000002));
#8409=CARTESIAN_POINT('Ctrl Pts',(81.63707130582,35.3837051823607,34.5000000000002));
#8410=CARTESIAN_POINT('Ctrl Pts',(81.63707130582,35.3837051823607,34.7000000000002));
#8411=CARTESIAN_POINT('Ctrl Pts',(81.6948577016592,35.3856563568115,34.5000000000002));
#8412=CARTESIAN_POINT('Ctrl Pts',(81.6948577016592,35.3856563568115,34.7000000000002));
#8413=CARTESIAN_POINT('',(81.4005412906408,35.3788912296295,34.5000000000002));
#8414=CARTESIAN_POINT('Ctrl Pts',(81.4005412906408,35.3788912296295,34.5000000000002));
#8415=CARTESIAN_POINT('Ctrl Pts',(81.4408574769418,35.3793286632602,34.5000000000002));
#8416=CARTESIAN_POINT('Ctrl Pts',(81.5389886863523,35.3803933942072,34.5000000000002));
#8417=CARTESIAN_POINT('Ctrl Pts',(81.63707130582,35.3837051823607,34.5000000000002));
#8418=CARTESIAN_POINT('Ctrl Pts',(81.6948577016592,35.3856563568115,34.5000000000002));
#8419=CARTESIAN_POINT('',(81.4005412906408,35.3788912296295,34.7000000000002));
#8420=CARTESIAN_POINT('',(81.4005412906408,35.3788912296295,34.5000000000002));
#8421=CARTESIAN_POINT('Ctrl Pts',(81.4005412906408,35.3788912296295,34.7000000000002));
#8422=CARTESIAN_POINT('Ctrl Pts',(81.4408574769418,35.3793286632602,34.7000000000002));
#8423=CARTESIAN_POINT('Ctrl Pts',(81.5389886863523,35.3803933942072,34.7000000000002));
#8424=CARTESIAN_POINT('Ctrl Pts',(81.63707130582,35.3837051823607,34.7000000000002));
#8425=CARTESIAN_POINT('Ctrl Pts',(81.6948577016592,35.3856563568115,34.7000000000002));
#8426=CARTESIAN_POINT('Origin',(81.5426250547171,34.0324765443802,34.5000000000002));
#8427=CARTESIAN_POINT('',(81.5426250547171,34.0324765443802,34.5000000000002));
#8428=CARTESIAN_POINT('',(80.5929049088776,43.0322180669181,34.5000000000001));
#8429=CARTESIAN_POINT('',(81.5426250547171,34.0324765443802,34.7000000000002));
#8430=CARTESIAN_POINT('',(81.5426250547171,34.0324765443802,34.5000000000002));
#8431=CARTESIAN_POINT('',(81.5426250547171,34.0324765443802,34.7000000000002));
#8432=CARTESIAN_POINT('Ctrl Pts',(81.6305818408728,32.6860624551773,34.5000000000002));
#8433=CARTESIAN_POINT('Ctrl Pts',(81.6305818408728,32.6860624551773,34.7000000000002));
#8434=CARTESIAN_POINT('Ctrl Pts',(81.625654951638,32.8886262773666,34.5000000000002));
#8435=CARTESIAN_POINT('Ctrl Pts',(81.625654951638,32.8886262773666,34.7000000000002));
#8436=CARTESIAN_POINT('Ctrl Pts',(81.6147108162976,33.3385827873456,34.5000000000002));
#8437=CARTESIAN_POINT('Ctrl Pts',(81.6147108162976,33.3385827873456,34.7000000000002));
#8438=CARTESIAN_POINT('Ctrl Pts',(81.5681983117966,33.7863097141285,34.5000000000002));
#8439=CARTESIAN_POINT('Ctrl Pts',(81.5681983117966,33.7863097141285,34.7000000000002));
#8440=CARTESIAN_POINT('Ctrl Pts',(81.5426250547171,34.0324765443802,34.5000000000002));
#8441=CARTESIAN_POINT('Ctrl Pts',(81.5426250547171,34.0324765443802,34.7000000000002));
#8442=CARTESIAN_POINT('',(81.6305818408728,32.6860624551773,34.5000000000002));
#8443=CARTESIAN_POINT('Ctrl Pts',(81.6305818408728,32.6860624551773,34.5000000000002));
#8444=CARTESIAN_POINT('Ctrl Pts',(81.625654951638,32.8886262773666,34.5000000000002));
#8445=CARTESIAN_POINT('Ctrl Pts',(81.6147108162976,33.3385827873456,34.5000000000002));
#8446=CARTESIAN_POINT('Ctrl Pts',(81.5681983117966,33.7863097141285,34.5000000000002));
#8447=CARTESIAN_POINT('Ctrl Pts',(81.5426250547171,34.0324765443802,34.5000000000002));
#8448=CARTESIAN_POINT('',(81.6305818408728,32.6860624551773,34.7000000000002));
#8449=CARTESIAN_POINT('',(81.6305818408728,32.6860624551773,34.5000000000002));
#8450=CARTESIAN_POINT('Ctrl Pts',(81.6305818408728,32.6860624551773,34.7000000000002));
#8451=CARTESIAN_POINT('Ctrl Pts',(81.625654951638,32.8886262773666,34.7000000000002));
#8452=CARTESIAN_POINT('Ctrl Pts',(81.6147108162976,33.3385827873456,34.7000000000002));
#8453=CARTESIAN_POINT('Ctrl Pts',(81.5681983117966,33.7863097141285,34.7000000000002));
#8454=CARTESIAN_POINT('Ctrl Pts',(81.5426250547171,34.0324765443802,34.7000000000002));
#8455=CARTESIAN_POINT('Ctrl Pts',(81.5832205861807,31.8673884868622,34.5000000000002));
#8456=CARTESIAN_POINT('Ctrl Pts',(81.5832205861807,31.8673884868622,34.7000000000002));
#8457=CARTESIAN_POINT('Ctrl Pts',(81.5969776730417,32.0189515057979,34.5000000000002));
#8458=CARTESIAN_POINT('Ctrl Pts',(81.5969776730417,32.0189515057979,34.7000000000002));
#8459=CARTESIAN_POINT('Ctrl Pts',(81.6217026487129,32.2913487068683,34.5000000000002));
#8460=CARTESIAN_POINT('Ctrl Pts',(81.6217026487129,32.2913487068683,34.7000000000002));
#8461=CARTESIAN_POINT('Ctrl Pts',(81.6278533965815,32.5647727641931,34.5000000000002));
#8462=CARTESIAN_POINT('Ctrl Pts',(81.6278533965815,32.5647727641931,34.7000000000002));
#8463=CARTESIAN_POINT('Ctrl Pts',(81.6305818408728,32.6860624551773,34.5000000000002));
#8464=CARTESIAN_POINT('Ctrl Pts',(81.6305818408728,32.6860624551773,34.7000000000002));
#8465=CARTESIAN_POINT('',(81.5832205861807,31.8673884868622,34.5000000000002));
#8466=CARTESIAN_POINT('Ctrl Pts',(81.5832205861807,31.8673884868622,34.5000000000002));
#8467=CARTESIAN_POINT('Ctrl Pts',(81.5969776730417,32.0189515057979,34.5000000000002));
#8468=CARTESIAN_POINT('Ctrl Pts',(81.6217026487129,32.2913487068683,34.5000000000002));
#8469=CARTESIAN_POINT('Ctrl Pts',(81.6278533965815,32.5647727641931,34.5000000000002));
#8470=CARTESIAN_POINT('Ctrl Pts',(81.6305818408728,32.6860624551773,34.5000000000002));
#8471=CARTESIAN_POINT('',(81.5832205861807,31.8673884868622,34.7000000000002));
#8472=CARTESIAN_POINT('',(81.5832205861807,31.8673884868622,34.5000000000002));
#8473=CARTESIAN_POINT('Ctrl Pts',(81.5832205861807,31.8673884868622,34.7000000000002));
#8474=CARTESIAN_POINT('Ctrl Pts',(81.5969776730417,32.0189515057979,34.7000000000002));
#8475=CARTESIAN_POINT('Ctrl Pts',(81.6217026487129,32.2913487068683,34.7000000000002));
#8476=CARTESIAN_POINT('Ctrl Pts',(81.6278533965815,32.5647727641931,34.7000000000002));
#8477=CARTESIAN_POINT('Ctrl Pts',(81.6305818408728,32.6860624551773,34.7000000000002));
#8478=CARTESIAN_POINT('Origin',(81.5155615657568,31.0487145185471,34.5000000000002));
#8479=CARTESIAN_POINT('',(81.5155615657568,31.0487145185471,34.5000000000002));
#8480=CARTESIAN_POINT('',(83.1840715764329,51.2376812380746,34.5000000000002));
#8481=CARTESIAN_POINT('',(81.5155615657568,31.0487145185471,34.7000000000002));
#8482=CARTESIAN_POINT('',(81.5155615657568,31.0487145185471,34.5000000000002));
#8483=CARTESIAN_POINT('',(81.5155615657568,31.0487145185471,34.7000000000002));
#8484=CARTESIAN_POINT('Origin',(82.5169145315886,31.1299055814743,34.5000000000002));
#8485=CARTESIAN_POINT('',(82.5169145315886,31.1299055814743,34.5000000000002));
#8486=CARTESIAN_POINT('',(134.713424075581,35.3620696989978,34.5000000000001));
#8487=CARTESIAN_POINT('',(82.5169145315886,31.1299055814743,34.7000000000002));
#8488=CARTESIAN_POINT('',(82.5169145315886,31.1299055814743,34.5000000000002));
#8489=CARTESIAN_POINT('',(82.5169145315886,31.1299055814743,34.7000000000002));
#8490=CARTESIAN_POINT('Ctrl Pts',(84.5737483352423,31.9891744852066,34.5000000000002));
#8491=CARTESIAN_POINT('Ctrl Pts',(84.5737483352423,31.9891744852066,34.7000000000002));
#8492=CARTESIAN_POINT('Ctrl Pts',(84.2493286225282,31.768073476353,34.5000000000002));
#8493=CARTESIAN_POINT('Ctrl Pts',(84.2493286225282,31.768073476353,34.7000000000002));
#8494=CARTESIAN_POINT('Ctrl Pts',(83.6219131617557,31.3404724832242,34.5000000000002));
#8495=CARTESIAN_POINT('Ctrl Pts',(83.6219131617557,31.3404724832242,34.7000000000002));
#8496=CARTESIAN_POINT('Ctrl Pts',(82.876766050329,31.1984783537136,34.5000000000002));
#8497=CARTESIAN_POINT('Ctrl Pts',(82.876766050329,31.1984783537136,34.7000000000002));
#8498=CARTESIAN_POINT('Ctrl Pts',(82.5169145315886,31.1299055814743,34.5000000000002));
#8499=CARTESIAN_POINT('Ctrl Pts',(82.5169145315886,31.1299055814743,34.7000000000002));
#8500=CARTESIAN_POINT('Ctrl Pts',(84.5737483352423,31.9891744852066,34.5000000000002));
#8501=CARTESIAN_POINT('Ctrl Pts',(84.2493286225282,31.768073476353,34.5000000000002));
#8502=CARTESIAN_POINT('Ctrl Pts',(83.6219131617557,31.3404724832242,34.5000000000002));
#8503=CARTESIAN_POINT('Ctrl Pts',(82.876766050329,31.1984783537136,34.5000000000002));
#8504=CARTESIAN_POINT('Ctrl Pts',(82.5169145315886,31.1299055814743,34.5000000000002));
#8505=CARTESIAN_POINT('Ctrl Pts',(84.5737483352423,31.9891744852066,34.7000000000002));
#8506=CARTESIAN_POINT('Ctrl Pts',(84.2493286225282,31.768073476353,34.7000000000002));
#8507=CARTESIAN_POINT('Ctrl Pts',(83.6219131617557,31.3404724832242,34.7000000000002));
#8508=CARTESIAN_POINT('Ctrl Pts',(82.876766050329,31.1984783537136,34.7000000000002));
#8509=CARTESIAN_POINT('Ctrl Pts',(82.5169145315886,31.1299055814743,34.7000000000002));
#8510=CARTESIAN_POINT('Ctrl Pts',(87.5169148296118,39.3707716464996,34.5000000000002));
#8511=CARTESIAN_POINT('Ctrl Pts',(87.5169148296118,39.3707716464996,34.7000000000002));
#8512=CARTESIAN_POINT('Ctrl Pts',(87.5079857192659,39.4627270069255,34.5000000000002));
#8513=CARTESIAN_POINT('Ctrl Pts',(87.5079857192659,39.4627270069255,34.7000000000002));
#8514=CARTESIAN_POINT('Ctrl Pts',(87.4899515491448,39.6484497216442,34.5000000000002));
#8515=CARTESIAN_POINT('Ctrl Pts',(87.4899515491448,39.6484497216442,34.7000000000002));
#8516=CARTESIAN_POINT('Ctrl Pts',(87.3707412784221,39.7921372533756,34.5000000000002));
#8517=CARTESIAN_POINT('Ctrl Pts',(87.3707412784221,39.7921372533756,34.7000000000002));
#8518=CARTESIAN_POINT('Ctrl Pts',(87.3105546087027,39.8646819591522,34.5000000000002));
#8519=CARTESIAN_POINT('Ctrl Pts',(87.3105546087027,39.8646819591522,34.7000000000002));
#8520=CARTESIAN_POINT('',(87.5169148296118,39.3707716464996,34.7000000000002));
#8521=CARTESIAN_POINT('',(87.5169148296118,39.3707716464996,34.5000000000002));
#8522=CARTESIAN_POINT('',(87.3105546087027,39.8646819591522,34.7000000000002));
#8523=CARTESIAN_POINT('Ctrl Pts',(87.5169148296118,39.3707716464996,34.7000000000002));
#8524=CARTESIAN_POINT('Ctrl Pts',(87.5079857192659,39.4627270069255,34.7000000000002));
#8525=CARTESIAN_POINT('Ctrl Pts',(87.4899515491448,39.6484497216442,34.7000000000002));
#8526=CARTESIAN_POINT('Ctrl Pts',(87.3707412784221,39.7921372533756,34.7000000000002));
#8527=CARTESIAN_POINT('Ctrl Pts',(87.3105546087027,39.8646819591522,34.7000000000002));
#8528=CARTESIAN_POINT('',(87.3105546087027,39.8646819591522,34.5000000000002));
#8529=CARTESIAN_POINT('Ctrl Pts',(87.3410012573004,38.9106905460358,34.5000000000002));
#8530=CARTESIAN_POINT('Ctrl Pts',(87.3410012573004,38.9106905460358,34.7000000000002));
#8531=CARTESIAN_POINT('Ctrl Pts',(87.3922884391331,38.9823753292649,34.5000000000002));
#8532=CARTESIAN_POINT('Ctrl Pts',(87.3922884391331,38.9823753292649,34.7000000000002));
#8533=CARTESIAN_POINT('Ctrl Pts',(87.4912070622887,39.120635218088,34.5000000000002));
#8534=CARTESIAN_POINT('Ctrl Pts',(87.4912070622887,39.120635218088,34.7000000000002));
#8535=CARTESIAN_POINT('Ctrl Pts',(87.5085593367967,39.2894727493957,34.5000000000002));
#8536=CARTESIAN_POINT('Ctrl Pts',(87.5085593367967,39.2894727493957,34.7000000000002));
#8537=CARTESIAN_POINT('Ctrl Pts',(87.5169148296118,39.3707716464996,34.5000000000002));
#8538=CARTESIAN_POINT('Ctrl Pts',(87.5169148296118,39.3707716464996,34.7000000000002));
#8539=CARTESIAN_POINT('',(87.3410012573004,38.9106905460358,34.7000000000002));
#8540=CARTESIAN_POINT('',(87.3410012573004,38.9106905460358,34.5000000000002));
#8541=CARTESIAN_POINT('Ctrl Pts',(87.3410012573004,38.9106905460358,34.7000000000002));
#8542=CARTESIAN_POINT('Ctrl Pts',(87.3922884391331,38.9823753292649,34.7000000000002));
#8543=CARTESIAN_POINT('Ctrl Pts',(87.4912070622887,39.120635218088,34.7000000000002));
#8544=CARTESIAN_POINT('Ctrl Pts',(87.5085593367967,39.2894727493957,34.7000000000002));
#8545=CARTESIAN_POINT('Ctrl Pts',(87.5169148296118,39.3707716464996,34.7000000000002));
#8546=CARTESIAN_POINT('Ctrl Pts',(84.1948577016592,36.5290939807892,34.5000000000002));
#8547=CARTESIAN_POINT('Ctrl Pts',(84.1948577016592,36.5290939807892,34.7000000000002));
#8548=CARTESIAN_POINT('Ctrl Pts',(84.8305695019521,36.8862820384726,34.5000000000002));
#8549=CARTESIAN_POINT('Ctrl Pts',(84.8305695019521,36.8862820384726,34.7000000000002));
#8550=CARTESIAN_POINT('Ctrl Pts',(85.9894143439152,37.5374034083551,34.5000000000002));
#8551=CARTESIAN_POINT('Ctrl Pts',(85.9894143439152,37.5374034083551,34.7000000000002));
#8552=CARTESIAN_POINT('Ctrl Pts',(86.9206272559767,38.4835672857289,34.5000000000002));
#8553=CARTESIAN_POINT('Ctrl Pts',(86.9206272559767,38.4835672857289,34.7000000000002));
#8554=CARTESIAN_POINT('Ctrl Pts',(87.3410012573004,38.9106905460358,34.5000000000002));
#8555=CARTESIAN_POINT('Ctrl Pts',(87.3410012573004,38.9106905460358,34.7000000000002));
#8556=CARTESIAN_POINT('',(84.1948577016592,36.5290939807892,34.7000000000002));
#8557=CARTESIAN_POINT('',(84.1948577016592,36.5290939807892,34.5000000000002));
#8558=CARTESIAN_POINT('Ctrl Pts',(84.1948577016592,36.5290939807892,34.7000000000002));
#8559=CARTESIAN_POINT('Ctrl Pts',(84.8305695019521,36.8862820384726,34.7000000000002));
#8560=CARTESIAN_POINT('Ctrl Pts',(85.9894143439152,37.5374034083551,34.7000000000002));
#8561=CARTESIAN_POINT('Ctrl Pts',(86.9206272559767,38.4835672857289,34.7000000000002));
#8562=CARTESIAN_POINT('Ctrl Pts',(87.3410012573004,38.9106905460358,34.7000000000002));
#8563=CARTESIAN_POINT('Ctrl Pts',(86.0690119117498,35.5615699291229,34.5000000000002));
#8564=CARTESIAN_POINT('Ctrl Pts',(86.0690119117498,35.5615699291229,34.7000000000002));
#8565=CARTESIAN_POINT('Ctrl Pts',(85.7954440791339,35.763095913304,34.5000000000002));
#8566=CARTESIAN_POINT('Ctrl Pts',(85.7954440791339,35.763095913304,34.7000000000002));
#8567=CARTESIAN_POINT('Ctrl Pts',(85.2226550283452,36.1850456582156,34.5000000000002));
#8568=CARTESIAN_POINT('Ctrl Pts',(85.2226550283452,36.1850456582156,34.7000000000002));
#8569=CARTESIAN_POINT('Ctrl Pts',(84.5475356219456,36.4110373914862,34.5000000000002));
#8570=CARTESIAN_POINT('Ctrl Pts',(84.5475356219456,36.4110373914862,34.7000000000002));
#8571=CARTESIAN_POINT('Ctrl Pts',(84.1948577016592,36.5290939807892,34.5000000000002));
#8572=CARTESIAN_POINT('Ctrl Pts',(84.1948577016592,36.5290939807892,34.7000000000002));
#8573=CARTESIAN_POINT('',(86.0690119117498,35.5615699291229,34.7000000000002));
#8574=CARTESIAN_POINT('',(86.0690119117498,35.5615699291229,34.5000000000002));
#8575=CARTESIAN_POINT('Ctrl Pts',(86.0690119117498,35.5615699291229,34.7000000000002));
#8576=CARTESIAN_POINT('Ctrl Pts',(85.7954440791339,35.763095913304,34.7000000000002));
#8577=CARTESIAN_POINT('Ctrl Pts',(85.2226550283452,36.1850456582156,34.7000000000002));
#8578=CARTESIAN_POINT('Ctrl Pts',(84.5475356219456,36.4110373914862,34.7000000000002));
#8579=CARTESIAN_POINT('Ctrl Pts',(84.1948577016592,36.5290939807892,34.7000000000002));
#8580=CARTESIAN_POINT('Ctrl Pts',(87.0027061551809,33.7415426969528,34.5000000000002));
#8581=CARTESIAN_POINT('Ctrl Pts',(87.0027061551809,33.7415426969528,34.7000000000002));
#8582=CARTESIAN_POINT('Ctrl Pts',(86.9565733040274,34.080406039749,34.5000000000002));
#8583=CARTESIAN_POINT('Ctrl Pts',(86.9565733040274,34.080406039749,34.7000000000002));
#8584=CARTESIAN_POINT('Ctrl Pts',(86.8594483621509,34.7938256886589,34.5000000000002));
#8585=CARTESIAN_POINT('Ctrl Pts',(86.8594483621509,34.7938256886589,34.7000000000002));
#8586=CARTESIAN_POINT('Ctrl Pts',(86.3411346141982,35.2972594492631,34.5000000000002));
#8587=CARTESIAN_POINT('Ctrl Pts',(86.3411346141982,35.2972594492631,34.7000000000002));
#8588=CARTESIAN_POINT('Ctrl Pts',(86.0690119117498,35.5615699291229,34.5000000000002));
#8589=CARTESIAN_POINT('Ctrl Pts',(86.0690119117498,35.5615699291229,34.7000000000002));
#8590=CARTESIAN_POINT('',(87.0027061551809,33.7415426969528,34.7000000000002));
#8591=CARTESIAN_POINT('',(87.0027061551809,33.7415426969528,34.5000000000002));
#8592=CARTESIAN_POINT('Ctrl Pts',(87.0027061551809,33.7415426969528,34.7000000000002));
#8593=CARTESIAN_POINT('Ctrl Pts',(86.9565733040274,34.080406039749,34.7000000000002));
#8594=CARTESIAN_POINT('Ctrl Pts',(86.8594483621509,34.7938256886589,34.7000000000002));
#8595=CARTESIAN_POINT('Ctrl Pts',(86.3411346141982,35.2972594492631,34.7000000000002));
#8596=CARTESIAN_POINT('Ctrl Pts',(86.0690119117498,35.5615699291229,34.7000000000002));
#8597=CARTESIAN_POINT('Ctrl Pts',(84.2625167220831,30.1894456148148,34.5000000000002));
#8598=CARTESIAN_POINT('Ctrl Pts',(84.2625167220831,30.1894456148148,34.7000000000002));
#8599=CARTESIAN_POINT('Ctrl Pts',(85.058009403493,30.6486642660978,34.5000000000002));
#8600=CARTESIAN_POINT('Ctrl Pts',(85.058009403493,30.6486642660978,34.7000000000002));
#8601=CARTESIAN_POINT('Ctrl Pts',(86.4786745020165,31.4687798067117,34.5000000000002));
#8602=CARTESIAN_POINT('Ctrl Pts',(86.4786745020165,31.4687798067117,34.7000000000002));
#8603=CARTESIAN_POINT('Ctrl Pts',(86.8425711822181,33.0470258261076,34.5000000000002));
#8604=CARTESIAN_POINT('Ctrl Pts',(86.8425711822181,33.0470258261076,34.7000000000002));
#8605=CARTESIAN_POINT('Ctrl Pts',(87.0027061551809,33.7415426969528,34.5000000000002));
#8606=CARTESIAN_POINT('Ctrl Pts',(87.0027061551809,33.7415426969528,34.7000000000002));
#8607=CARTESIAN_POINT('',(84.2625167220831,30.1894456148148,34.7000000000002));
#8608=CARTESIAN_POINT('',(84.2625167220831,30.1894456148148,34.5000000000002));
#8609=CARTESIAN_POINT('Ctrl Pts',(84.2625167220831,30.1894456148148,34.7000000000002));
#8610=CARTESIAN_POINT('Ctrl Pts',(85.058009403493,30.6486642660978,34.7000000000002));
#8611=CARTESIAN_POINT('Ctrl Pts',(86.4786745020165,31.4687798067117,34.7000000000002));
#8612=CARTESIAN_POINT('Ctrl Pts',(86.8425711822181,33.0470258261076,34.7000000000002));
#8613=CARTESIAN_POINT('Ctrl Pts',(87.0027061551809,33.7415426969528,34.7000000000002));
#8614=CARTESIAN_POINT('Ctrl Pts',(82.6995938271284,29.7361302375793,34.5000000000002));
#8615=CARTESIAN_POINT('Ctrl Pts',(82.6995938271284,29.7361302375793,34.7000000000002));
#8616=CARTESIAN_POINT('Ctrl Pts',(82.9883227056879,29.7795994127253,34.5000000000002));
#8617=CARTESIAN_POINT('Ctrl Pts',(82.9883227056879,29.7795994127253,34.7000000000002));
#8618=CARTESIAN_POINT('Ctrl Pts',(83.5299296712944,29.8611402969128,34.5000000000002));
#8619=CARTESIAN_POINT('Ctrl Pts',(83.5299296712944,29.8611402969128,34.7000000000002));
#8620=CARTESIAN_POINT('Ctrl Pts',(84.0293402622112,30.0849487202777,34.5000000000002));
#8621=CARTESIAN_POINT('Ctrl Pts',(84.0293402622112,30.0849487202777,34.7000000000002));
#8622=CARTESIAN_POINT('Ctrl Pts',(84.2625167220831,30.1894456148148,34.5000000000002));
#8623=CARTESIAN_POINT('Ctrl Pts',(84.2625167220831,30.1894456148148,34.7000000000002));
#8624=CARTESIAN_POINT('',(82.6995938271284,29.7361302375793,34.7000000000002));
#8625=CARTESIAN_POINT('',(82.6995938271284,29.7361302375793,34.5000000000002));
#8626=CARTESIAN_POINT('Ctrl Pts',(82.6995938271284,29.7361302375793,34.7000000000002));
#8627=CARTESIAN_POINT('Ctrl Pts',(82.9883227056879,29.7795994127253,34.7000000000002));
#8628=CARTESIAN_POINT('Ctrl Pts',(83.5299296712944,29.8611402969128,34.7000000000002));
#8629=CARTESIAN_POINT('Ctrl Pts',(84.0293402622112,30.0849487202777,34.7000000000002));
#8630=CARTESIAN_POINT('Ctrl Pts',(84.2625167220831,30.1894456148148,34.7000000000002));
#8631=CARTESIAN_POINT('Origin',(81.0690122097731,29.6075785160065,34.5000000000002));
#8632=CARTESIAN_POINT('',(81.0690122097731,29.6075785160065,34.7000000000002));
#8633=CARTESIAN_POINT('',(81.0690122097731,29.6075785160065,34.5000000000002));
#8634=CARTESIAN_POINT('',(81.0690122097731,29.6075785160065,34.7000000000002));
#8635=CARTESIAN_POINT('Ctrl Pts',(80.3585926443338,29.9323415756226,34.5000000000002));
#8636=CARTESIAN_POINT('Ctrl Pts',(80.3585926443338,29.9323415756226,34.7000000000002));
#8637=CARTESIAN_POINT('Ctrl Pts',(80.4531442319095,29.8292146342074,34.5000000000002));
#8638=CARTESIAN_POINT('Ctrl Pts',(80.4531442319095,29.8292146342074,34.7000000000002));
#8639=CARTESIAN_POINT('Ctrl Pts',(80.6439794064798,29.6210716683148,34.5000000000002));
#8640=CARTESIAN_POINT('Ctrl Pts',(80.6439794064798,29.6210716683148,34.7000000000002));
#8641=CARTESIAN_POINT('Ctrl Pts',(80.9264799605101,29.6121033652257,34.5000000000002));
#8642=CARTESIAN_POINT('Ctrl Pts',(80.9264799605101,29.6121033652257,34.7000000000002));
#8643=CARTESIAN_POINT('Ctrl Pts',(81.0690122097731,29.6075785160065,34.5000000000002));
#8644=CARTESIAN_POINT('Ctrl Pts',(81.0690122097731,29.6075785160065,34.7000000000002));
#8645=CARTESIAN_POINT('',(80.3585926443338,29.9323415756226,34.7000000000002));
#8646=CARTESIAN_POINT('',(80.3585926443338,29.9323415756226,34.5000000000002));
#8647=CARTESIAN_POINT('Ctrl Pts',(80.3585926443338,29.9323415756226,34.7000000000002));
#8648=CARTESIAN_POINT('Ctrl Pts',(80.4531442319095,29.8292146342074,34.7000000000002));
#8649=CARTESIAN_POINT('Ctrl Pts',(80.6439794064798,29.6210716683148,34.7000000000002));
#8650=CARTESIAN_POINT('Ctrl Pts',(80.9264799605101,29.6121033652257,34.7000000000002));
#8651=CARTESIAN_POINT('Ctrl Pts',(81.0690122097731,29.6075785160065,34.7000000000002));
#8652=CARTESIAN_POINT('Ctrl Pts',(80.1420839130878,30.608931183815,34.5000000000002));
#8653=CARTESIAN_POINT('Ctrl Pts',(80.1420839130878,30.608931183815,34.7000000000002));
#8654=CARTESIAN_POINT('Ctrl Pts',(80.1504909195512,30.4851599714475,34.5000000000002));
#8655=CARTESIAN_POINT('Ctrl Pts',(80.1504909195512,30.4851599714475,34.7000000000002));
#8656=CARTESIAN_POINT('Ctrl Pts',(80.1670303665205,30.2416598133108,34.5000000000002));
#8657=CARTESIAN_POINT('Ctrl Pts',(80.1670303665205,30.2416598133108,34.7000000000002));
#8658=CARTESIAN_POINT('Ctrl Pts',(80.295449164571,30.0343002185489,34.5000000000002));
#8659=CARTESIAN_POINT('Ctrl Pts',(80.295449164571,30.0343002185489,34.7000000000002));
#8660=CARTESIAN_POINT('Ctrl Pts',(80.3585926443338,29.9323415756226,34.5000000000002));
#8661=CARTESIAN_POINT('Ctrl Pts',(80.3585926443338,29.9323415756226,34.7000000000002));
#8662=CARTESIAN_POINT('',(80.1420839130878,30.608931183815,34.7000000000002));
#8663=CARTESIAN_POINT('',(80.1420839130878,30.608931183815,34.5000000000002));
#8664=CARTESIAN_POINT('Ctrl Pts',(80.1420839130878,30.608931183815,34.7000000000002));
#8665=CARTESIAN_POINT('Ctrl Pts',(80.1504909195512,30.4851599714475,34.7000000000002));
#8666=CARTESIAN_POINT('Ctrl Pts',(80.1670303665205,30.2416598133108,34.7000000000002));
#8667=CARTESIAN_POINT('Ctrl Pts',(80.295449164571,30.0343002185489,34.7000000000002));
#8668=CARTESIAN_POINT('Ctrl Pts',(80.3585926443338,29.9323415756226,34.7000000000002));
#8669=CARTESIAN_POINT('Ctrl Pts',(80.2063599228859,31.6305822134018,34.5000000000002));
#8670=CARTESIAN_POINT('Ctrl Pts',(80.2063599228859,31.6305822134018,34.7000000000002));
#8671=CARTESIAN_POINT('Ctrl Pts',(80.1877839654665,31.4328284683894,34.5000000000002));
#8672=CARTESIAN_POINT('Ctrl Pts',(80.1877839654665,31.4328284683894,34.7000000000002));
#8673=CARTESIAN_POINT('Ctrl Pts',(80.1558530029782,31.0929015794906,34.5000000000002));
#8674=CARTESIAN_POINT('Ctrl Pts',(80.1558530029782,31.0929015794906,34.7000000000002));
#8675=CARTESIAN_POINT('Ctrl Pts',(80.1461444703686,30.7516559048727,34.5000000000002));
#8676=CARTESIAN_POINT('Ctrl Pts',(80.1461444703686,30.7516559048727,34.7000000000002));
#8677=CARTESIAN_POINT('Ctrl Pts',(80.1420839130878,30.608931183815,34.5000000000002));
#8678=CARTESIAN_POINT('Ctrl Pts',(80.1420839130878,30.608931183815,34.7000000000002));
#8679=CARTESIAN_POINT('',(80.2063599228859,31.6305822134018,34.7000000000002));
#8680=CARTESIAN_POINT('',(80.2063599228859,31.6305822134018,34.5000000000002));
#8681=CARTESIAN_POINT('Ctrl Pts',(80.2063599228859,31.6305822134018,34.7000000000002));
#8682=CARTESIAN_POINT('Ctrl Pts',(80.1877839654665,31.4328284683894,34.7000000000002));
#8683=CARTESIAN_POINT('Ctrl Pts',(80.1558530029782,31.0929015794906,34.7000000000002));
#8684=CARTESIAN_POINT('Ctrl Pts',(80.1461444703686,30.7516559048727,34.7000000000002));
#8685=CARTESIAN_POINT('Ctrl Pts',(80.1420839130878,30.608931183815,34.7000000000002));
#8686=CARTESIAN_POINT('Ctrl Pts',(80.2706360071898,32.6522326469421,34.5000000000002));
#8687=CARTESIAN_POINT('Ctrl Pts',(80.2706360071898,32.6522326469421,34.7000000000002));
#8688=CARTESIAN_POINT('Ctrl Pts',(80.2665754567722,32.5095079253435,34.5000000000002));
#8689=CARTESIAN_POINT('Ctrl Pts',(80.2665754567722,32.5095079253435,34.7000000000002));
#8690=CARTESIAN_POINT('Ctrl Pts',(80.2568669461481,32.16826244542,34.5000000000002));
#8691=CARTESIAN_POINT('Ctrl Pts',(80.2568669461481,32.16826244542,34.7000000000002));
#8692=CARTESIAN_POINT('Ctrl Pts',(80.2249359134689,31.8283357589791,34.5000000000002));
#8693=CARTESIAN_POINT('Ctrl Pts',(80.2249359134689,31.8283357589791,34.7000000000002));
#8694=CARTESIAN_POINT('Ctrl Pts',(80.2063599228859,31.6305822134018,34.5000000000002));
#8695=CARTESIAN_POINT('Ctrl Pts',(80.2063599228859,31.6305822134018,34.7000000000002));
#8696=CARTESIAN_POINT('',(80.2706360071898,32.6522326469421,34.7000000000002));
#8697=CARTESIAN_POINT('',(80.2706360071898,32.6522326469421,34.5000000000002));
#8698=CARTESIAN_POINT('Ctrl Pts',(80.2706360071898,32.6522326469421,34.7000000000002));
#8699=CARTESIAN_POINT('Ctrl Pts',(80.2665754567722,32.5095079253435,34.7000000000002));
#8700=CARTESIAN_POINT('Ctrl Pts',(80.2568669461481,32.16826244542,34.7000000000002));
#8701=CARTESIAN_POINT('Ctrl Pts',(80.2249359134689,31.8283357589791,34.7000000000002));
#8702=CARTESIAN_POINT('Ctrl Pts',(80.2063599228859,31.6305822134018,34.7000000000002));
#8703=CARTESIAN_POINT('Ctrl Pts',(80.135317966342,34.4993233680725,34.5000000000002));
#8704=CARTESIAN_POINT('Ctrl Pts',(80.135317966342,34.4993233680725,34.7000000000002));
#8705=CARTESIAN_POINT('Ctrl Pts',(80.1744014679659,34.140529524401,34.5000000000002));
#8706=CARTESIAN_POINT('Ctrl Pts',(80.1744014679659,34.140529524401,34.7000000000002));
#8707=CARTESIAN_POINT('Ctrl Pts',(80.2413055726082,33.5263373495798,34.5000000000002));
#8708=CARTESIAN_POINT('Ctrl Pts',(80.2413055726082,33.5263373495798,34.7000000000002));
#8709=CARTESIAN_POINT('Ctrl Pts',(80.2620216720601,32.908956795574,34.5000000000002));
#8710=CARTESIAN_POINT('Ctrl Pts',(80.2620216720601,32.908956795574,34.7000000000002));
#8711=CARTESIAN_POINT('Ctrl Pts',(80.2706360071898,32.6522326469421,34.5000000000002));
#8712=CARTESIAN_POINT('Ctrl Pts',(80.2706360071898,32.6522326469421,34.7000000000002));
#8713=CARTESIAN_POINT('',(80.135317966342,34.4993233680725,34.7000000000002));
#8714=CARTESIAN_POINT('',(80.135317966342,34.4993233680725,34.5000000000002));
#8715=CARTESIAN_POINT('Ctrl Pts',(80.135317966342,34.4993233680725,34.7000000000002));
#8716=CARTESIAN_POINT('Ctrl Pts',(80.1744014679659,34.140529524401,34.7000000000002));
#8717=CARTESIAN_POINT('Ctrl Pts',(80.2413055726082,33.5263373495798,34.7000000000002));
#8718=CARTESIAN_POINT('Ctrl Pts',(80.2620216720601,32.908956795574,34.7000000000002));
#8719=CARTESIAN_POINT('Ctrl Pts',(80.2706360071898,32.6522326469421,34.7000000000002));
#8720=CARTESIAN_POINT('Ctrl Pts',(80.,36.3531804084778,34.5000000000002));
#8721=CARTESIAN_POINT('Ctrl Pts',(80.,36.3531804084778,34.7000000000002));
#8722=CARTESIAN_POINT('Ctrl Pts',(80.0085813595016,36.0947629910644,34.5000000000002));
#8723=CARTESIAN_POINT('Ctrl Pts',(80.0085813595016,36.0947629910644,34.7000000000002));
#8724=CARTESIAN_POINT('Ctrl Pts',(80.0291579754816,35.4751227161584,34.5000000000002));
#8725=CARTESIAN_POINT('Ctrl Pts',(80.0291579754816,35.4751227161584,34.7000000000002));
#8726=CARTESIAN_POINT('Ctrl Pts',(80.0962223841111,34.8586813836939,34.5000000000002));
#8727=CARTESIAN_POINT('Ctrl Pts',(80.0962223841111,34.8586813836939,34.7000000000002));
#8728=CARTESIAN_POINT('Ctrl Pts',(80.135317966342,34.4993233680725,34.5000000000002));
#8729=CARTESIAN_POINT('Ctrl Pts',(80.135317966342,34.4993233680725,34.7000000000002));
#8730=CARTESIAN_POINT('',(80.,36.3531804084778,34.7000000000002));
#8731=CARTESIAN_POINT('',(80.,36.3531804084778,34.5000000000002));
#8732=CARTESIAN_POINT('Ctrl Pts',(80.,36.3531804084778,34.7000000000002));
#8733=CARTESIAN_POINT('Ctrl Pts',(80.0085813595016,36.0947629910644,34.7000000000002));
#8734=CARTESIAN_POINT('Ctrl Pts',(80.0291579754816,35.4751227161584,34.7000000000002));
#8735=CARTESIAN_POINT('Ctrl Pts',(80.0962223841111,34.8586813836939,34.7000000000002));
#8736=CARTESIAN_POINT('Ctrl Pts',(80.135317966342,34.4993233680725,34.7000000000002));
#8737=CARTESIAN_POINT('Ctrl Pts',(80.0507442653179,37.946549654007,34.5000000000002));
#8738=CARTESIAN_POINT('Ctrl Pts',(80.0507442653179,37.946549654007,34.7000000000002));
#8739=CARTESIAN_POINT('Ctrl Pts',(80.0360814591604,37.637351123749,34.5000000000002));
#8740=CARTESIAN_POINT('Ctrl Pts',(80.0360814591604,37.637351123749,34.7000000000002));
#8741=CARTESIAN_POINT('Ctrl Pts',(80.0109063177194,37.1064761569128,34.5000000000002));
#8742=CARTESIAN_POINT('Ctrl Pts',(80.0109063177194,37.1064761569128,34.7000000000002));
#8743=CARTESIAN_POINT('Ctrl Pts',(80.0032126358907,36.5750761041671,34.5000000000002));
#8744=CARTESIAN_POINT('Ctrl Pts',(80.0032126358907,36.5750761041671,34.7000000000002));
#8745=CARTESIAN_POINT('Ctrl Pts',(80.,36.3531804084778,34.5000000000002));
#8746=CARTESIAN_POINT('Ctrl Pts',(80.,36.3531804084778,34.7000000000002));
#8747=CARTESIAN_POINT('',(80.0507442653179,37.946549654007,34.7000000000002));
#8748=CARTESIAN_POINT('',(80.0507442653179,37.946549654007,34.5000000000002));
#8749=CARTESIAN_POINT('Ctrl Pts',(80.0507442653179,37.946549654007,34.7000000000002));
#8750=CARTESIAN_POINT('Ctrl Pts',(80.0360814591604,37.637351123749,34.7000000000002));
#8751=CARTESIAN_POINT('Ctrl Pts',(80.0109063177194,37.1064761569128,34.7000000000002));
#8752=CARTESIAN_POINT('Ctrl Pts',(80.0032126358907,36.5750761041671,34.7000000000002));
#8753=CARTESIAN_POINT('Ctrl Pts',(80.,36.3531804084778,34.7000000000002));
#8754=CARTESIAN_POINT('Ctrl Pts',(80.10148845613,39.5399188995361,34.5000000000002));
#8755=CARTESIAN_POINT('Ctrl Pts',(80.10148845613,39.5399188995361,34.7000000000002));
#8756=CARTESIAN_POINT('Ctrl Pts',(80.0982758088759,39.3180236016026,34.5000000000002));
#8757=CARTESIAN_POINT('Ctrl Pts',(80.0982758088759,39.3180236016026,34.7000000000002));
#8758=CARTESIAN_POINT('Ctrl Pts',(80.0905820860779,38.7866235512888,34.5000000000002));
#8759=CARTESIAN_POINT('Ctrl Pts',(80.0905820860779,38.7866235512888,34.7000000000002));
#8760=CARTESIAN_POINT('Ctrl Pts',(80.0654070366687,38.2557485820263,34.5000000000002));
#8761=CARTESIAN_POINT('Ctrl Pts',(80.0654070366687,38.2557485820263,34.7000000000002));
#8762=CARTESIAN_POINT('Ctrl Pts',(80.0507442653179,37.946549654007,34.5000000000002));
#8763=CARTESIAN_POINT('Ctrl Pts',(80.0507442653179,37.946549654007,34.7000000000002));
#8764=CARTESIAN_POINT('',(80.10148845613,39.5399188995361,34.7000000000002));
#8765=CARTESIAN_POINT('',(80.10148845613,39.5399188995361,34.5000000000002));
#8766=CARTESIAN_POINT('Ctrl Pts',(80.10148845613,39.5399188995361,34.7000000000002));
#8767=CARTESIAN_POINT('Ctrl Pts',(80.0982758088759,39.3180236016026,34.7000000000002));
#8768=CARTESIAN_POINT('Ctrl Pts',(80.0905820860779,38.7866235512888,34.7000000000002));
#8769=CARTESIAN_POINT('Ctrl Pts',(80.0654070366687,38.2557485820263,34.7000000000002));
#8770=CARTESIAN_POINT('Ctrl Pts',(80.0507442653179,37.946549654007,34.7000000000002));
#8771=CARTESIAN_POINT('Ctrl Pts',(80.2943166345358,40.0372123718262,34.5000000000002));
#8772=CARTESIAN_POINT('Ctrl Pts',(80.2943166345358,40.0372123718262,34.7000000000002));
#8773=CARTESIAN_POINT('Ctrl Pts',(80.2380811348436,39.9656551666547,34.5000000000002));
#8774=CARTESIAN_POINT('Ctrl Pts',(80.2380811348436,39.9656551666547,34.7000000000002));
#8775=CARTESIAN_POINT('Ctrl Pts',(80.1233620278999,39.8196801381125,34.5000000000002));
#8776=CARTESIAN_POINT('Ctrl Pts',(80.1233620278999,39.8196801381125,34.7000000000002));
#8777=CARTESIAN_POINT('Ctrl Pts',(80.1088742836935,39.6343830450729,34.5000000000002));
#8778=CARTESIAN_POINT('Ctrl Pts',(80.1088742836935,39.6343830450729,34.7000000000002));
#8779=CARTESIAN_POINT('Ctrl Pts',(80.10148845613,39.5399188995361,34.5000000000002));
#8780=CARTESIAN_POINT('Ctrl Pts',(80.10148845613,39.5399188995361,34.7000000000002));
#8781=CARTESIAN_POINT('',(80.2943166345358,40.0372123718262,34.7000000000002));
#8782=CARTESIAN_POINT('',(80.2943166345358,40.0372123718262,34.5000000000002));
#8783=CARTESIAN_POINT('Ctrl Pts',(80.2943166345358,40.0372123718262,34.7000000000002));
#8784=CARTESIAN_POINT('Ctrl Pts',(80.2380811348436,39.9656551666547,34.7000000000002));
#8785=CARTESIAN_POINT('Ctrl Pts',(80.1233620278999,39.8196801381125,34.7000000000002));
#8786=CARTESIAN_POINT('Ctrl Pts',(80.1088742836935,39.6343830450729,34.7000000000002));
#8787=CARTESIAN_POINT('Ctrl Pts',(80.10148845613,39.5399188995361,34.7000000000002));
#8788=CARTESIAN_POINT('Ctrl Pts',(80.7780783623457,40.2368068695068,34.5000000000002));
#8789=CARTESIAN_POINT('Ctrl Pts',(80.7780783623457,40.2368068695068,34.7000000000002));
#8790=CARTESIAN_POINT('Ctrl Pts',(80.6856292450826,40.228942367042,34.5000000000002));
#8791=CARTESIAN_POINT('Ctrl Pts',(80.6856292450826,40.228942367042,34.7000000000002));
#8792=CARTESIAN_POINT('Ctrl Pts',(80.5031607660503,40.213420057629,34.5000000000002));
#8793=CARTESIAN_POINT('Ctrl Pts',(80.5031607660503,40.213420057629,34.7000000000002));
#8794=CARTESIAN_POINT('Ctrl Pts',(80.3633105954145,40.0954245231213,34.5000000000002));
#8795=CARTESIAN_POINT('Ctrl Pts',(80.3633105954145,40.0954245231213,34.7000000000002));
#8796=CARTESIAN_POINT('Ctrl Pts',(80.2943166345358,40.0372123718262,34.5000000000002));
#8797=CARTESIAN_POINT('Ctrl Pts',(80.2943166345358,40.0372123718262,34.7000000000002));
#8798=CARTESIAN_POINT('',(80.7780783623457,40.2368068695068,34.7000000000002));
#8799=CARTESIAN_POINT('',(80.7780783623457,40.2368068695068,34.5000000000002));
#8800=CARTESIAN_POINT('Ctrl Pts',(80.7780783623457,40.2368068695068,34.7000000000002));
#8801=CARTESIAN_POINT('Ctrl Pts',(80.6856292450826,40.228942367042,34.7000000000002));
#8802=CARTESIAN_POINT('Ctrl Pts',(80.5031607660503,40.213420057629,34.7000000000002));
#8803=CARTESIAN_POINT('Ctrl Pts',(80.3633105954145,40.0954245231213,34.7000000000002));
#8804=CARTESIAN_POINT('Ctrl Pts',(80.2943166345358,40.0372123718262,34.7000000000002));
#8805=CARTESIAN_POINT('Ctrl Pts',(81.2618403881788,40.0372123718262,34.5000000000002));
#8806=CARTESIAN_POINT('Ctrl Pts',(81.2618403881788,40.0372123718262,34.7000000000002));
#8807=CARTESIAN_POINT('Ctrl Pts',(81.1928464262155,40.0954245228866,34.5000000000002));
#8808=CARTESIAN_POINT('Ctrl Pts',(81.1928464262155,40.0954245228866,34.7000000000002));
#8809=CARTESIAN_POINT('Ctrl Pts',(81.0529961768027,40.2134201215303,34.5000000000002));
#8810=CARTESIAN_POINT('Ctrl Pts',(81.0529961768027,40.2134201215303,34.7000000000002));
#8811=CARTESIAN_POINT('Ctrl Pts',(80.8705275856884,40.2289423857475,34.5000000000002));
#8812=CARTESIAN_POINT('Ctrl Pts',(80.8705275856884,40.2289423857475,34.7000000000002));
#8813=CARTESIAN_POINT('Ctrl Pts',(80.7780783623457,40.2368068695068,34.5000000000002));
#8814=CARTESIAN_POINT('Ctrl Pts',(80.7780783623457,40.2368068695068,34.7000000000002));
#8815=CARTESIAN_POINT('',(81.2618403881788,40.0372123718262,34.7000000000002));
#8816=CARTESIAN_POINT('',(81.2618403881788,40.0372123718262,34.5000000000002));
#8817=CARTESIAN_POINT('Ctrl Pts',(81.2618403881788,40.0372123718262,34.7000000000002));
#8818=CARTESIAN_POINT('Ctrl Pts',(81.1928464262155,40.0954245228866,34.7000000000002));
#8819=CARTESIAN_POINT('Ctrl Pts',(81.0529961768027,40.2134201215303,34.7000000000002));
#8820=CARTESIAN_POINT('Ctrl Pts',(80.8705275856884,40.2289423857475,34.7000000000002));
#8821=CARTESIAN_POINT('Ctrl Pts',(80.7780783623457,40.2368068695068,34.7000000000002));
#8822=CARTESIAN_POINT('Ctrl Pts',(81.4546682685614,39.5399188995361,34.5000000000002));
#8823=CARTESIAN_POINT('Ctrl Pts',(81.4546682685614,39.5399188995361,34.7000000000002));
#8824=CARTESIAN_POINT('Ctrl Pts',(81.447282424984,39.6343830340871,34.5000000000002));
#8825=CARTESIAN_POINT('Ctrl Pts',(81.447282424984,39.6343830340871,34.7000000000002));
#8826=CARTESIAN_POINT('Ctrl Pts',(81.4327946536678,39.81968005055,34.5000000000002));
#8827=CARTESIAN_POINT('Ctrl Pts',(81.4327946536678,39.81968005055,34.7000000000002));
#8828=CARTESIAN_POINT('Ctrl Pts',(81.3180757639961,39.9656551526811,34.5000000000002));
#8829=CARTESIAN_POINT('Ctrl Pts',(81.3180757639961,39.9656551526811,34.7000000000002));
#8830=CARTESIAN_POINT('Ctrl Pts',(81.2618403881788,40.0372123718262,34.5000000000002));
#8831=CARTESIAN_POINT('Ctrl Pts',(81.2618403881788,40.0372123718262,34.7000000000002));
#8832=CARTESIAN_POINT('',(81.4546682685614,39.5399188995361,34.7000000000002));
#8833=CARTESIAN_POINT('',(81.4546682685614,39.5399188995361,34.5000000000002));
#8834=CARTESIAN_POINT('Ctrl Pts',(81.4546682685614,39.5399188995361,34.7000000000002));
#8835=CARTESIAN_POINT('Ctrl Pts',(81.447282424984,39.6343830340871,34.7000000000002));
#8836=CARTESIAN_POINT('Ctrl Pts',(81.4327946536678,39.81968005055,34.7000000000002));
#8837=CARTESIAN_POINT('Ctrl Pts',(81.3180757639961,39.9656551526811,34.7000000000002));
#8838=CARTESIAN_POINT('Ctrl Pts',(81.2618403881788,40.0372123718262,34.7000000000002));
#8839=CARTESIAN_POINT('Origin',(81.4208390563726,38.2070362567902,34.5000000000002));
#8840=CARTESIAN_POINT('',(81.4208390563726,38.2070362567902,34.7000000000002));
#8841=CARTESIAN_POINT('',(81.4208390563726,38.2070362567902,34.5000000000002));
#8842=CARTESIAN_POINT('',(81.4208390563726,38.2070362567902,34.7000000000002));
#8843=CARTESIAN_POINT('Origin',(81.3667117804289,36.8809199333191,34.5000000000002));
#8844=CARTESIAN_POINT('',(81.3667117804289,36.8809199333191,34.7000000000002));
#8845=CARTESIAN_POINT('',(81.3667117804289,36.8809199333191,34.5000000000002));
#8846=CARTESIAN_POINT('',(81.3667117804289,36.8809199333191,34.7000000000002));
#8847=CARTESIAN_POINT('Ctrl Pts',(86.3464143127203,39.8579156398773,34.5000000000002));
#8848=CARTESIAN_POINT('Ctrl Pts',(86.3464143127203,39.8579156398773,34.7000000000002));
#8849=CARTESIAN_POINT('Ctrl Pts',(85.5918046915567,39.1844166338348,34.5000000000002));
#8850=CARTESIAN_POINT('Ctrl Pts',(85.5918046915567,39.1844166338348,34.7000000000002));
#8851=CARTESIAN_POINT('Ctrl Pts',(84.121618189194,37.8722558552437,34.5000000000002));
#8852=CARTESIAN_POINT('Ctrl Pts',(84.121618189194,37.8722558552437,34.7000000000002));
#8853=CARTESIAN_POINT('Ctrl Pts',(82.2686151386813,37.2054642424453,34.5000000000002));
#8854=CARTESIAN_POINT('Ctrl Pts',(82.2686151386813,37.2054642424453,34.7000000000002));
#8855=CARTESIAN_POINT('Ctrl Pts',(81.3667117804289,36.8809199333191,34.5000000000002));
#8856=CARTESIAN_POINT('Ctrl Pts',(81.3667117804289,36.8809199333191,34.7000000000002));
#8857=CARTESIAN_POINT('',(86.3464143127203,39.8579156398773,34.7000000000002));
#8858=CARTESIAN_POINT('',(86.3464143127203,39.8579156398773,34.5000000000002));
#8859=CARTESIAN_POINT('Ctrl Pts',(86.3464143127203,39.8579156398773,34.7000000000002));
#8860=CARTESIAN_POINT('Ctrl Pts',(85.5918046915567,39.1844166338348,34.7000000000002));
#8861=CARTESIAN_POINT('Ctrl Pts',(84.121618189194,37.8722558552437,34.7000000000002));
#8862=CARTESIAN_POINT('Ctrl Pts',(82.2686151386813,37.2054642424453,34.7000000000002));
#8863=CARTESIAN_POINT('Ctrl Pts',(81.3667117804289,36.8809199333191,34.7000000000002));
#8864=CARTESIAN_POINT('Ctrl Pts',(86.826793178916,40.0744247436523,34.5000000000002));
#8865=CARTESIAN_POINT('Ctrl Pts',(86.826793178916,40.0744247436523,34.7000000000002));
#8866=CARTESIAN_POINT('Ctrl Pts',(86.7407347045304,40.063635075438,34.5000000000002));
#8867=CARTESIAN_POINT('Ctrl Pts',(86.7407347045304,40.063635075438,34.7000000000002));
#8868=CARTESIAN_POINT('Ctrl Pts',(86.5589819460284,40.0408476396245,34.5000000000002));
#8869=CARTESIAN_POINT('Ctrl Pts',(86.5589819460284,40.0408476396245,34.7000000000002));
#8870=CARTESIAN_POINT('Ctrl Pts',(86.419731034008,39.9210107321608,34.5000000000002));
#8871=CARTESIAN_POINT('Ctrl Pts',(86.419731034008,39.9210107321608,34.7000000000002));
#8872=CARTESIAN_POINT('Ctrl Pts',(86.3464143127203,39.8579156398773,34.5000000000002));
#8873=CARTESIAN_POINT('Ctrl Pts',(86.3464143127203,39.8579156398773,34.7000000000002));
#8874=CARTESIAN_POINT('',(86.826793178916,40.0744247436523,34.7000000000002));
#8875=CARTESIAN_POINT('',(86.826793178916,40.0744247436523,34.5000000000002));
#8876=CARTESIAN_POINT('Ctrl Pts',(86.826793178916,40.0744247436523,34.7000000000002));
#8877=CARTESIAN_POINT('Ctrl Pts',(86.7407347045304,40.063635075438,34.7000000000002));
#8878=CARTESIAN_POINT('Ctrl Pts',(86.5589819460284,40.0408476396245,34.7000000000002));
#8879=CARTESIAN_POINT('Ctrl Pts',(86.419731034008,39.9210107321608,34.7000000000002));
#8880=CARTESIAN_POINT('Ctrl Pts',(86.3464143127203,39.8579156398773,34.7000000000002));
#8881=CARTESIAN_POINT('Ctrl Pts',(87.3105546087027,39.8646819591522,34.5000000000002));
#8882=CARTESIAN_POINT('Ctrl Pts',(87.3105546087027,39.8646819591522,34.7000000000002));
#8883=CARTESIAN_POINT('Ctrl Pts',(87.2395988491459,39.9258515994837,34.5000000000002));
#8884=CARTESIAN_POINT('Ctrl Pts',(87.2395988491459,39.9258515994837,34.7000000000002));
#8885=CARTESIAN_POINT('Ctrl Pts',(87.1000019915746,40.0461954534906,34.5000000000002));
#8886=CARTESIAN_POINT('Ctrl Pts',(87.1000019915746,40.0461954534906,34.7000000000002));
#8887=CARTESIAN_POINT('Ctrl Pts',(86.9168505022094,40.0651195741532,34.5000000000002));
#8888=CARTESIAN_POINT('Ctrl Pts',(86.9168505022094,40.0651195741532,34.7000000000002));
#8889=CARTESIAN_POINT('Ctrl Pts',(86.826793178916,40.0744247436523,34.5000000000002));
#8890=CARTESIAN_POINT('Ctrl Pts',(86.826793178916,40.0744247436523,34.7000000000002));
#8891=CARTESIAN_POINT('Ctrl Pts',(87.3105546087027,39.8646819591522,34.7000000000002));
#8892=CARTESIAN_POINT('Ctrl Pts',(87.2395988491459,39.9258515994837,34.7000000000002));
#8893=CARTESIAN_POINT('Ctrl Pts',(87.1000019915746,40.0461954534906,34.7000000000002));
#8894=CARTESIAN_POINT('Ctrl Pts',(86.9168505022094,40.0651195741532,34.7000000000002));
#8895=CARTESIAN_POINT('Ctrl Pts',(86.826793178916,40.0744247436523,34.7000000000002));
#8896=CARTESIAN_POINT('Origin',(86.6677941009402,34.8443847894669,34.7000000000002));
#8897=CARTESIAN_POINT('Ctrl Pts',(93.3355882018805,39.3572390079498,34.5000000000002));
#8898=CARTESIAN_POINT('Ctrl Pts',(93.3355882018805,39.3572390079498,34.7000000000002));
#8899=CARTESIAN_POINT('Ctrl Pts',(93.3286140615701,39.4469546661478,34.5000000000002));
#8900=CARTESIAN_POINT('Ctrl Pts',(93.3286140615701,39.4469546661478,34.7000000000002));
#8901=CARTESIAN_POINT('Ctrl Pts',(93.3149953818917,39.6221459810289,34.5000000000002));
#8902=CARTESIAN_POINT('Ctrl Pts',(93.3149953818917,39.6221459810289,34.7000000000002));
#8903=CARTESIAN_POINT('Ctrl Pts',(93.2037855175753,39.7578678646481,34.5000000000002));
#8904=CARTESIAN_POINT('Ctrl Pts',(93.2037855175753,39.7578678646481,34.7000000000002));
#8905=CARTESIAN_POINT('Ctrl Pts',(93.1495263427496,39.8240864276886,34.5000000000002));
#8906=CARTESIAN_POINT('Ctrl Pts',(93.1495263427496,39.8240864276886,34.7000000000002));
#8907=CARTESIAN_POINT('',(93.3355882018805,39.3572390079498,34.7000000000002));
#8908=CARTESIAN_POINT('',(93.3355882018805,39.3572390079498,34.5000000000002));
#8909=CARTESIAN_POINT('',(93.1495263427496,39.8240864276886,34.7000000000002));
#8910=CARTESIAN_POINT('Ctrl Pts',(93.3355882018805,39.3572390079498,34.7000000000002));
#8911=CARTESIAN_POINT('Ctrl Pts',(93.3286140615701,39.4469546661478,34.7000000000002));
#8912=CARTESIAN_POINT('Ctrl Pts',(93.3149953818917,39.6221459810289,34.7000000000002));
#8913=CARTESIAN_POINT('Ctrl Pts',(93.2037855175753,39.7578678646481,34.7000000000002));
#8914=CARTESIAN_POINT('Ctrl Pts',(93.1495263427496,39.8240864276886,34.7000000000002));
#8915=CARTESIAN_POINT('',(93.1495263427496,39.8240864276886,34.5000000000002));
#8916=CARTESIAN_POINT('Ctrl Pts',(93.1495263427496,38.8937759399414,34.5000000000002));
#8917=CARTESIAN_POINT('Ctrl Pts',(93.1495263427496,38.8937759399414,34.7000000000002));
#8918=CARTESIAN_POINT('Ctrl Pts',(93.2037910253362,38.9602694196557,34.5000000000002));
#8919=CARTESIAN_POINT('Ctrl Pts',(93.2037910253362,38.9602694196557,34.7000000000002));
#8920=CARTESIAN_POINT('Ctrl Pts',(93.313953974807,39.0952580991566,34.5000000000002));
#8921=CARTESIAN_POINT('Ctrl Pts',(93.313953974807,39.0952580991566,34.7000000000002));
#8922=CARTESIAN_POINT('Ctrl Pts',(93.3283058524835,39.2690529818582,34.5000000000002));
#8923=CARTESIAN_POINT('Ctrl Pts',(93.3283058524835,39.2690529818582,34.7000000000002));
#8924=CARTESIAN_POINT('Ctrl Pts',(93.3355882018805,39.3572390079498,34.5000000000002));
#8925=CARTESIAN_POINT('Ctrl Pts',(93.3355882018805,39.3572390079498,34.7000000000002));
#8926=CARTESIAN_POINT('',(93.1495263427496,38.8937759399414,34.7000000000002));
#8927=CARTESIAN_POINT('',(93.1495263427496,38.8937759399414,34.5000000000002));
#8928=CARTESIAN_POINT('Ctrl Pts',(93.1495263427496,38.8937759399414,34.7000000000002));
#8929=CARTESIAN_POINT('Ctrl Pts',(93.2037910253362,38.9602694196557,34.7000000000002));
#8930=CARTESIAN_POINT('Ctrl Pts',(93.313953974807,39.0952580991566,34.7000000000002));
#8931=CARTESIAN_POINT('Ctrl Pts',(93.3283058524835,39.2690529818582,34.7000000000002));
#8932=CARTESIAN_POINT('Ctrl Pts',(93.3355882018805,39.3572390079498,34.7000000000002));
#8933=CARTESIAN_POINT('Ctrl Pts',(92.6792957633734,38.7077128887177,34.5000000000002));
#8934=CARTESIAN_POINT('Ctrl Pts',(92.6792957633734,38.7077128887177,34.7000000000002));
#8935=CARTESIAN_POINT('Ctrl Pts',(92.7692278125033,38.7147738669665,34.5000000000002));
#8936=CARTESIAN_POINT('Ctrl Pts',(92.7692278125033,38.7147738669665,34.7000000000002));
#8937=CARTESIAN_POINT('Ctrl Pts',(92.9452916501118,38.7285974475454,34.5000000000002));
#8938=CARTESIAN_POINT('Ctrl Pts',(92.9452916501118,38.7285974475454,34.7000000000002));
#8939=CARTESIAN_POINT('Ctrl Pts',(93.0824348370338,38.8395144742542,34.5000000000002));
#8940=CARTESIAN_POINT('Ctrl Pts',(93.0824348370338,38.8395144742542,34.7000000000002));
#8941=CARTESIAN_POINT('Ctrl Pts',(93.1495263427496,38.8937759399414,34.5000000000002));
#8942=CARTESIAN_POINT('Ctrl Pts',(93.1495263427496,38.8937759399414,34.7000000000002));
#8943=CARTESIAN_POINT('',(92.6792957633734,38.7077128887177,34.7000000000002));
#8944=CARTESIAN_POINT('',(92.6792957633734,38.7077128887177,34.5000000000002));
#8945=CARTESIAN_POINT('Ctrl Pts',(92.6792957633734,38.7077128887177,34.7000000000002));
#8946=CARTESIAN_POINT('Ctrl Pts',(92.7692278125033,38.7147738669665,34.7000000000002));
#8947=CARTESIAN_POINT('Ctrl Pts',(92.9452916501118,38.7285974475454,34.7000000000002));
#8948=CARTESIAN_POINT('Ctrl Pts',(93.0824348370338,38.8395144742542,34.7000000000002));
#8949=CARTESIAN_POINT('Ctrl Pts',(93.1495263427496,38.8937759399414,34.7000000000002));
#8950=CARTESIAN_POINT('Origin',(91.9688763469458,38.7212455272675,34.5000000000002));
#8951=CARTESIAN_POINT('',(91.9688763469458,38.7212455272675,34.7000000000002));
#8952=CARTESIAN_POINT('',(91.9688763469458,38.7212455272675,34.5000000000002));
#8953=CARTESIAN_POINT('',(91.9688763469458,38.7212455272675,34.7000000000002));
#8954=CARTESIAN_POINT('Ctrl Pts',(91.9079842418432,37.8010821342468,34.5000000000002));
#8955=CARTESIAN_POINT('Ctrl Pts',(91.9079842418432,37.8010821342468,34.7000000000002));
#8956=CARTESIAN_POINT('Ctrl Pts',(91.923840417546,37.9712446421127,34.5000000000002));
#8957=CARTESIAN_POINT('Ctrl Pts',(91.923840417546,37.9712446421127,34.7000000000002));
#8958=CARTESIAN_POINT('Ctrl Pts',(91.9523722927573,38.2774379847607,34.5000000000002));
#8959=CARTESIAN_POINT('Ctrl Pts',(91.9523722927573,38.2774379847607,34.7000000000002));
#8960=CARTESIAN_POINT('Ctrl Pts',(91.9637995999402,38.5847276398,34.5000000000002));
#8961=CARTESIAN_POINT('Ctrl Pts',(91.9637995999402,38.5847276398,34.7000000000002));
#8962=CARTESIAN_POINT('Ctrl Pts',(91.9688763469458,38.7212455272675,34.5000000000002));
#8963=CARTESIAN_POINT('Ctrl Pts',(91.9688763469458,38.7212455272675,34.7000000000002));
#8964=CARTESIAN_POINT('',(91.9079842418432,37.8010821342468,34.7000000000002));
#8965=CARTESIAN_POINT('',(91.9079842418432,37.8010821342468,34.5000000000002));
#8966=CARTESIAN_POINT('Ctrl Pts',(91.9079842418432,37.8010821342468,34.7000000000002));
#8967=CARTESIAN_POINT('Ctrl Pts',(91.923840417546,37.9712446421127,34.7000000000002));
#8968=CARTESIAN_POINT('Ctrl Pts',(91.9523722927573,38.2774379847607,34.7000000000002));
#8969=CARTESIAN_POINT('Ctrl Pts',(91.9637995999402,38.5847276398,34.7000000000002));
#8970=CARTESIAN_POINT('Ctrl Pts',(91.9688763469458,38.7212455272675,34.7000000000002));
#8971=CARTESIAN_POINT('Ctrl Pts',(91.8538560718298,36.8470907211304,34.5000000000002));
#8972=CARTESIAN_POINT('Ctrl Pts',(91.8538560718298,36.8470907211304,34.7000000000002));
#8973=CARTESIAN_POINT('Ctrl Pts',(91.8568225163878,36.9920783455218,34.5000000000002));
#8974=CARTESIAN_POINT('Ctrl Pts',(91.8568225163878,36.9920783455218,34.7000000000002));
#8975=CARTESIAN_POINT('Ctrl Pts',(91.8633416116015,37.3107049403396,34.5000000000002));
#8976=CARTESIAN_POINT('Ctrl Pts',(91.8633416116015,37.3107049403396,34.7000000000002));
#8977=CARTESIAN_POINT('Ctrl Pts',(91.8922372530234,37.6281092572422,34.5000000000002));
#8978=CARTESIAN_POINT('Ctrl Pts',(91.8922372530234,37.6281092572422,34.7000000000002));
#8979=CARTESIAN_POINT('Ctrl Pts',(91.9079842418432,37.8010821342468,34.5000000000002));
#8980=CARTESIAN_POINT('Ctrl Pts',(91.9079842418432,37.8010821342468,34.7000000000002));
#8981=CARTESIAN_POINT('',(91.8538560718298,36.8470907211304,34.7000000000002));
#8982=CARTESIAN_POINT('',(91.8538560718298,36.8470907211304,34.5000000000002));
#8983=CARTESIAN_POINT('Ctrl Pts',(91.8538560718298,36.8470907211304,34.7000000000002));
#8984=CARTESIAN_POINT('Ctrl Pts',(91.8568225163878,36.9920783455218,34.7000000000002));
#8985=CARTESIAN_POINT('Ctrl Pts',(91.8633416116015,37.3107049403396,34.7000000000002));
#8986=CARTESIAN_POINT('Ctrl Pts',(91.8922372530234,37.6281092572422,34.7000000000002));
#8987=CARTESIAN_POINT('Ctrl Pts',(91.9079842418432,37.8010821342468,34.7000000000002));
#8988=CARTESIAN_POINT('Ctrl Pts',(92.0162381976843,34.5534509420395,34.5000000000002));
#8989=CARTESIAN_POINT('Ctrl Pts',(92.0162381976843,34.5534509420395,34.7000000000002));
#8990=CARTESIAN_POINT('Ctrl Pts',(91.9693371941094,34.9990158865218,34.5000000000002));
#8991=CARTESIAN_POINT('Ctrl Pts',(91.9693371941094,34.9990158865218,34.7000000000002));
#8992=CARTESIAN_POINT('Ctrl Pts',(91.889043329851,35.7618168597128,34.5000000000002));
#8993=CARTESIAN_POINT('Ctrl Pts',(91.889043329851,35.7618168597128,34.7000000000002));
#8994=CARTESIAN_POINT('Ctrl Pts',(91.8641915195748,36.5283164853848,34.5000000000002));
#8995=CARTESIAN_POINT('Ctrl Pts',(91.8641915195748,36.5283164853848,34.7000000000002));
#8996=CARTESIAN_POINT('Ctrl Pts',(91.8538560718298,36.8470907211304,34.5000000000002));
#8997=CARTESIAN_POINT('Ctrl Pts',(91.8538560718298,36.8470907211304,34.7000000000002));
#8998=CARTESIAN_POINT('',(92.0162381976843,34.5534509420395,34.7000000000002));
#8999=CARTESIAN_POINT('',(92.0162381976843,34.5534509420395,34.5000000000002));
#9000=CARTESIAN_POINT('Ctrl Pts',(92.0162381976843,34.5534509420395,34.7000000000002));
#9001=CARTESIAN_POINT('Ctrl Pts',(91.9693371941094,34.9990158865218,34.7000000000002));
#9002=CARTESIAN_POINT('Ctrl Pts',(91.889043329851,35.7618168597128,34.7000000000002));
#9003=CARTESIAN_POINT('Ctrl Pts',(91.8641915195748,36.5283164853848,34.7000000000002));
#9004=CARTESIAN_POINT('Ctrl Pts',(91.8538560718298,36.8470907211304,34.7000000000002));
#9005=CARTESIAN_POINT('Ctrl Pts',(92.1786191314459,32.2530448436737,34.5000000000002));
#9006=CARTESIAN_POINT('Ctrl Pts',(92.1786191314459,32.2530448436737,34.7000000000002));
#9007=CARTESIAN_POINT('Ctrl Pts',(92.1683160444793,32.5735122416225,34.5000000000002));
#9008=CARTESIAN_POINT('Ctrl Pts',(92.1683160444793,32.5735122416225,34.7000000000002));
#9009=CARTESIAN_POINT('Ctrl Pts',(92.1436002950103,33.3422713471534,34.5000000000002));
#9010=CARTESIAN_POINT('Ctrl Pts',(92.1436002950103,33.3422713471534,34.7000000000002));
#9011=CARTESIAN_POINT('Ctrl Pts',(92.0631510886469,34.1073218544698,34.5000000000002));
#9012=CARTESIAN_POINT('Ctrl Pts',(92.0631510886469,34.1073218544698,34.7000000000002));
#9013=CARTESIAN_POINT('Ctrl Pts',(92.0162381976843,34.5534509420395,34.5000000000002));
#9014=CARTESIAN_POINT('Ctrl Pts',(92.0162381976843,34.5534509420395,34.7000000000002));
#9015=CARTESIAN_POINT('',(92.1786191314459,32.2530448436737,34.7000000000002));
#9016=CARTESIAN_POINT('',(92.1786191314459,32.2530448436737,34.5000000000002));
#9017=CARTESIAN_POINT('Ctrl Pts',(92.1786191314459,32.2530448436737,34.7000000000002));
#9018=CARTESIAN_POINT('Ctrl Pts',(92.1683160444793,32.5735122416225,34.7000000000002));
#9019=CARTESIAN_POINT('Ctrl Pts',(92.1436002950103,33.3422713471534,34.7000000000002));
#9020=CARTESIAN_POINT('Ctrl Pts',(92.0631510886469,34.1073218544698,34.7000000000002));
#9021=CARTESIAN_POINT('Ctrl Pts',(92.0162381976843,34.5534509420395,34.7000000000002));
#9022=CARTESIAN_POINT('Ctrl Pts',(92.1549382060766,31.5764546394348,34.5000000000002));
#9023=CARTESIAN_POINT('Ctrl Pts',(92.1549382060766,31.5764546394348,34.7000000000002));
#9024=CARTESIAN_POINT('Ctrl Pts',(92.1617762598728,31.7083594586688,34.5000000000002));
#9025=CARTESIAN_POINT('Ctrl Pts',(92.1617762598728,31.7083594586688,34.7000000000002));
#9026=CARTESIAN_POINT('Ctrl Pts',(92.1734614420213,31.9337645059156,34.5000000000002));
#9027=CARTESIAN_POINT('Ctrl Pts',(92.1734614420213,31.9337645059156,34.7000000000002));
#9028=CARTESIAN_POINT('Ctrl Pts',(92.1771069421702,32.1594346506279,34.5000000000002));
#9029=CARTESIAN_POINT('Ctrl Pts',(92.1771069421702,32.1594346506279,34.7000000000002));
#9030=CARTESIAN_POINT('Ctrl Pts',(92.1786191314459,32.2530448436737,34.5000000000002));
#9031=CARTESIAN_POINT('Ctrl Pts',(92.1786191314459,32.2530448436737,34.7000000000002));
#9032=CARTESIAN_POINT('',(92.1549382060766,31.5764546394348,34.7000000000002));
#9033=CARTESIAN_POINT('',(92.1549382060766,31.5764546394348,34.5000000000002));
#9034=CARTESIAN_POINT('Ctrl Pts',(92.1549382060766,31.5764546394348,34.7000000000002));
#9035=CARTESIAN_POINT('Ctrl Pts',(92.1617762598728,31.7083594586688,34.7000000000002));
#9036=CARTESIAN_POINT('Ctrl Pts',(92.1734614420213,31.9337645059156,34.7000000000002));
#9037=CARTESIAN_POINT('Ctrl Pts',(92.1771069421702,32.1594346506279,34.7000000000002));
#9038=CARTESIAN_POINT('Ctrl Pts',(92.1786191314459,32.2530448436737,34.7000000000002));
#9039=CARTESIAN_POINT('Ctrl Pts',(92.1312584728003,30.8998650312424,34.5000000000002));
#9040=CARTESIAN_POINT('Ctrl Pts',(92.1312584728003,30.8998650312424,34.7000000000002));
#9041=CARTESIAN_POINT('Ctrl Pts',(92.1327707186285,30.9934752217453,34.5000000000002));
#9042=CARTESIAN_POINT('Ctrl Pts',(92.1327707186285,30.9934752217453,34.7000000000002));
#9043=CARTESIAN_POINT('Ctrl Pts',(92.1364163516169,31.2191451440455,34.5000000000002));
#9044=CARTESIAN_POINT('Ctrl Pts',(92.1364163516169,31.2191451440455,34.7000000000002));
#9045=CARTESIAN_POINT('Ctrl Pts',(92.1481006652009,31.4445500137231,34.5000000000002));
#9046=CARTESIAN_POINT('Ctrl Pts',(92.1481006652009,31.4445500137231,34.7000000000002));
#9047=CARTESIAN_POINT('Ctrl Pts',(92.1549382060766,31.5764546394348,34.5000000000002));
#9048=CARTESIAN_POINT('Ctrl Pts',(92.1549382060766,31.5764546394348,34.7000000000002));
#9049=CARTESIAN_POINT('',(92.1312584728003,30.8998650312424,34.7000000000002));
#9050=CARTESIAN_POINT('',(92.1312584728003,30.8998650312424,34.5000000000002));
#9051=CARTESIAN_POINT('Ctrl Pts',(92.1312584728003,30.8998650312424,34.7000000000002));
#9052=CARTESIAN_POINT('Ctrl Pts',(92.1327707186285,30.9934752217453,34.7000000000002));
#9053=CARTESIAN_POINT('Ctrl Pts',(92.1364163516169,31.2191451440455,34.7000000000002));
#9054=CARTESIAN_POINT('Ctrl Pts',(92.1481006652009,31.4445500137231,34.7000000000002));
#9055=CARTESIAN_POINT('Ctrl Pts',(92.1549382060766,31.5764546394348,34.7000000000002));
#9056=CARTESIAN_POINT('Ctrl Pts',(92.1718540042639,30.4364007711411,34.5000000000002));
#9057=CARTESIAN_POINT('Ctrl Pts',(92.1718540042639,30.4364007711411,34.7000000000002));
#9058=CARTESIAN_POINT('Ctrl Pts',(92.1601267098466,30.5262005494,34.5000000000002));
#9059=CARTESIAN_POINT('Ctrl Pts',(92.1601267098466,30.5262005494,34.7000000000002));
#9060=CARTESIAN_POINT('Ctrl Pts',(92.1400223806864,30.6801460577496,34.5000000000002));
#9061=CARTESIAN_POINT('Ctrl Pts',(92.1400223806864,30.6801460577496,34.7000000000002));
#9062=CARTESIAN_POINT('Ctrl Pts',(92.133836142925,30.8352405462321,34.5000000000002));
#9063=CARTESIAN_POINT('Ctrl Pts',(92.133836142925,30.8352405462321,34.7000000000002));
#9064=CARTESIAN_POINT('Ctrl Pts',(92.1312584728003,30.8998650312424,34.5000000000002));
#9065=CARTESIAN_POINT('Ctrl Pts',(92.1312584728003,30.8998650312424,34.7000000000002));
#9066=CARTESIAN_POINT('',(92.1718540042639,30.4364007711411,34.7000000000002));
#9067=CARTESIAN_POINT('',(92.1718540042639,30.4364007711411,34.5000000000002));
#9068=CARTESIAN_POINT('Ctrl Pts',(92.1718540042639,30.4364007711411,34.7000000000002));
#9069=CARTESIAN_POINT('Ctrl Pts',(92.1601267098466,30.5262005494,34.7000000000002));
#9070=CARTESIAN_POINT('Ctrl Pts',(92.1400223806864,30.6801460577496,34.7000000000002));
#9071=CARTESIAN_POINT('Ctrl Pts',(92.133836142925,30.8352405462321,34.7000000000002));
#9072=CARTESIAN_POINT('Ctrl Pts',(92.1312584728003,30.8998650312424,34.7000000000002));
#9073=CARTESIAN_POINT('Ctrl Pts',(92.2124495357275,29.9729371070862,34.5000000000002));
#9074=CARTESIAN_POINT('Ctrl Pts',(92.2124495357275,29.9729371070862,34.7000000000002));
#9075=CARTESIAN_POINT('Ctrl Pts',(92.2098718595252,30.0375613929778,34.5000000000002));
#9076=CARTESIAN_POINT('Ctrl Pts',(92.2098718595252,30.0375613929778,34.7000000000002));
#9077=CARTESIAN_POINT('Ctrl Pts',(92.2036855961029,30.1926556812545,34.5000000000002));
#9078=CARTESIAN_POINT('Ctrl Pts',(92.2036855961029,30.1926556812545,34.7000000000002));
#9079=CARTESIAN_POINT('Ctrl Pts',(92.1835812964603,30.3466009928265,34.5000000000002));
#9080=CARTESIAN_POINT('Ctrl Pts',(92.1835812964603,30.3466009928265,34.7000000000002));
#9081=CARTESIAN_POINT('Ctrl Pts',(92.1718540042639,30.4364007711411,34.5000000000002));
#9082=CARTESIAN_POINT('Ctrl Pts',(92.1718540042639,30.4364007711411,34.7000000000002));
#9083=CARTESIAN_POINT('',(92.2124495357275,29.9729371070862,34.7000000000002));
#9084=CARTESIAN_POINT('',(92.2124495357275,29.9729371070862,34.5000000000002));
#9085=CARTESIAN_POINT('Ctrl Pts',(92.2124495357275,29.9729371070862,34.7000000000002));
#9086=CARTESIAN_POINT('Ctrl Pts',(92.2098718595252,30.0375613929778,34.7000000000002));
#9087=CARTESIAN_POINT('Ctrl Pts',(92.2036855961029,30.1926556812545,34.7000000000002));
#9088=CARTESIAN_POINT('Ctrl Pts',(92.1835812964603,30.3466009928265,34.7000000000002));
#9089=CARTESIAN_POINT('Ctrl Pts',(92.1718540042639,30.4364007711411,34.7000000000002));
#9090=CARTESIAN_POINT('Ctrl Pts',(91.7591335624456,29.4519627094269,34.5000000000002));
#9091=CARTESIAN_POINT('Ctrl Pts',(91.7591335624456,29.4519627094269,34.7000000000002));
#9092=CARTESIAN_POINT('Ctrl Pts',(91.8912407854975,29.4781058127489,34.5000000000002));
#9093=CARTESIAN_POINT('Ctrl Pts',(91.8912407854975,29.4781058127489,34.7000000000002));
#9094=CARTESIAN_POINT('Ctrl Pts',(92.17096835723,29.5334619593765,34.5000000000002));
#9095=CARTESIAN_POINT('Ctrl Pts',(92.17096835723,29.5334619593765,34.7000000000002));
#9096=CARTESIAN_POINT('Ctrl Pts',(92.1981205411519,29.8211276061094,34.5000000000002));
#9097=CARTESIAN_POINT('Ctrl Pts',(92.1981205411519,29.8211276061094,34.7000000000002));
#9098=CARTESIAN_POINT('Ctrl Pts',(92.2124495357275,29.9729371070862,34.5000000000002));
#9099=CARTESIAN_POINT('Ctrl Pts',(92.2124495357275,29.9729371070862,34.7000000000002));
#9100=CARTESIAN_POINT('',(91.7591335624456,29.4519627094269,34.7000000000002));
#9101=CARTESIAN_POINT('',(91.7591335624456,29.4519627094269,34.5000000000002));
#9102=CARTESIAN_POINT('Ctrl Pts',(91.7591335624456,29.4519627094269,34.7000000000002));
#9103=CARTESIAN_POINT('Ctrl Pts',(91.8912407854975,29.4781058127489,34.7000000000002));
#9104=CARTESIAN_POINT('Ctrl Pts',(92.17096835723,29.5334619593765,34.7000000000002));
#9105=CARTESIAN_POINT('Ctrl Pts',(92.1981205411519,29.8211276061094,34.7000000000002));
#9106=CARTESIAN_POINT('Ctrl Pts',(92.2124495357275,29.9729371070862,34.7000000000002));
#9107=CARTESIAN_POINT('Ctrl Pts',(90.6224622577429,30.054127573967,34.5000000000002));
#9108=CARTESIAN_POINT('Ctrl Pts',(90.6224622577429,30.054127573967,34.7000000000002));
#9109=CARTESIAN_POINT('Ctrl Pts',(90.8043429189691,29.8793663047738,34.5000000000002));
#9110=CARTESIAN_POINT('Ctrl Pts',(90.8043429189691,29.8793663047738,34.7000000000002));
#9111=CARTESIAN_POINT('Ctrl Pts',(91.128174696642,29.5682103408045,34.5000000000002));
#9112=CARTESIAN_POINT('Ctrl Pts',(91.128174696642,29.5682103408045,34.7000000000002));
#9113=CARTESIAN_POINT('Ctrl Pts',(91.5668437283544,29.4873901183478,34.5000000000002));
#9114=CARTESIAN_POINT('Ctrl Pts',(91.5668437283544,29.4873901183478,34.7000000000002));
#9115=CARTESIAN_POINT('Ctrl Pts',(91.7591335624456,29.4519627094269,34.5000000000002));
#9116=CARTESIAN_POINT('Ctrl Pts',(91.7591335624456,29.4519627094269,34.7000000000002));
#9117=CARTESIAN_POINT('',(90.6224622577429,30.054127573967,34.7000000000002));
#9118=CARTESIAN_POINT('',(90.6224622577429,30.054127573967,34.5000000000002));
#9119=CARTESIAN_POINT('Ctrl Pts',(90.6224622577429,30.054127573967,34.7000000000002));
#9120=CARTESIAN_POINT('Ctrl Pts',(90.8043429189691,29.8793663047738,34.7000000000002));
#9121=CARTESIAN_POINT('Ctrl Pts',(91.128174696642,29.5682103408045,34.7000000000002));
#9122=CARTESIAN_POINT('Ctrl Pts',(91.5668437283544,29.4873901183478,34.7000000000002));
#9123=CARTESIAN_POINT('Ctrl Pts',(91.7591335624456,29.4519627094269,34.7000000000002));
#9124=CARTESIAN_POINT('Ctrl Pts',(89.5872797816992,30.8795672655106,34.5000000000002));
#9125=CARTESIAN_POINT('Ctrl Pts',(89.5872797816992,30.8795672655106,34.7000000000002));
#9126=CARTESIAN_POINT('Ctrl Pts',(89.735434246526,30.7691879513176,34.5000000000002));
#9127=CARTESIAN_POINT('Ctrl Pts',(89.735434246526,30.7691879513176,34.7000000000002));
#9128=CARTESIAN_POINT('Ctrl Pts',(90.0894928193226,30.5054041868854,34.5000000000002));
#9129=CARTESIAN_POINT('Ctrl Pts',(90.0894928193226,30.5054041868854,34.7000000000002));
#9130=CARTESIAN_POINT('Ctrl Pts',(90.4264838460336,30.2200666831652,34.5000000000002));
#9131=CARTESIAN_POINT('Ctrl Pts',(90.4264838460336,30.2200666831652,34.7000000000002));
#9132=CARTESIAN_POINT('Ctrl Pts',(90.6224622577429,30.054127573967,34.5000000000002));
#9133=CARTESIAN_POINT('Ctrl Pts',(90.6224622577429,30.054127573967,34.7000000000002));
#9134=CARTESIAN_POINT('',(89.5872797816992,30.8795672655106,34.7000000000002));
#9135=CARTESIAN_POINT('',(89.5872797816992,30.8795672655106,34.5000000000002));
#9136=CARTESIAN_POINT('Ctrl Pts',(89.5872797816992,30.8795672655106,34.7000000000002));
#9137=CARTESIAN_POINT('Ctrl Pts',(89.735434246526,30.7691879513176,34.7000000000002));
#9138=CARTESIAN_POINT('Ctrl Pts',(90.0894928193226,30.5054041868854,34.7000000000002));
#9139=CARTESIAN_POINT('Ctrl Pts',(90.4264838460336,30.2200666831652,34.7000000000002));
#9140=CARTESIAN_POINT('Ctrl Pts',(90.6224622577429,30.054127573967,34.7000000000002));
#9141=CARTESIAN_POINT('Ctrl Pts',(89.0054126828909,31.6508799791336,34.5000000000002));
#9142=CARTESIAN_POINT('Ctrl Pts',(89.0054126828909,31.6508799791336,34.7000000000002));
#9143=CARTESIAN_POINT('Ctrl Pts',(89.0456001083486,31.5279420217905,34.5000000000002));
#9144=CARTESIAN_POINT('Ctrl Pts',(89.0456001083486,31.5279420217905,34.7000000000002));
#9145=CARTESIAN_POINT('Ctrl Pts',(89.1496841892152,31.2095368453469,34.5000000000002));
#9146=CARTESIAN_POINT('Ctrl Pts',(89.1496841892152,31.2095368453469,34.7000000000002));
#9147=CARTESIAN_POINT('Ctrl Pts',(89.420826797855,31.0050813750787,34.5000000000002));
#9148=CARTESIAN_POINT('Ctrl Pts',(89.420826797855,31.0050813750787,34.7000000000002));
#9149=CARTESIAN_POINT('Ctrl Pts',(89.5872797816992,30.8795672655106,34.5000000000002));
#9150=CARTESIAN_POINT('Ctrl Pts',(89.5872797816992,30.8795672655106,34.7000000000002));
#9151=CARTESIAN_POINT('',(89.0054126828909,31.6508799791336,34.7000000000002));
#9152=CARTESIAN_POINT('',(89.0054126828909,31.6508799791336,34.5000000000002));
#9153=CARTESIAN_POINT('Ctrl Pts',(89.0054126828909,31.6508799791336,34.7000000000002));
#9154=CARTESIAN_POINT('Ctrl Pts',(89.0456001083486,31.5279420217905,34.7000000000002));
#9155=CARTESIAN_POINT('Ctrl Pts',(89.1496841892152,31.2095368453469,34.7000000000002));
#9156=CARTESIAN_POINT('Ctrl Pts',(89.420826797855,31.0050813750787,34.7000000000002));
#9157=CARTESIAN_POINT('Ctrl Pts',(89.5872797816992,30.8795672655106,34.7000000000002));
#9158=CARTESIAN_POINT('Ctrl Pts',(89.2050065845251,32.1177268028259,34.5000000000002));
#9159=CARTESIAN_POINT('Ctrl Pts',(89.2050065845251,32.1177268028259,34.7000000000002));
#9160=CARTESIAN_POINT('Ctrl Pts',(89.1467994411197,32.0485031240979,34.5000000000002));
#9161=CARTESIAN_POINT('Ctrl Pts',(89.1467994411197,32.0485031240979,34.7000000000002));
#9162=CARTESIAN_POINT('Ctrl Pts',(89.0328067430642,31.9129356757424,34.5000000000002));
#9163=CARTESIAN_POINT('Ctrl Pts',(89.0328067430642,31.9129356757424,34.7000000000002));
#9164=CARTESIAN_POINT('Ctrl Pts',(89.0144137935545,31.7369859564986,34.5000000000002));
#9165=CARTESIAN_POINT('Ctrl Pts',(89.0144137935545,31.7369859564986,34.7000000000002));
#9166=CARTESIAN_POINT('Ctrl Pts',(89.0054126828909,31.6508799791336,34.5000000000002));
#9167=CARTESIAN_POINT('Ctrl Pts',(89.0054126828909,31.6508799791336,34.7000000000002));
#9168=CARTESIAN_POINT('',(89.2050065845251,32.1177268028259,34.7000000000002));
#9169=CARTESIAN_POINT('',(89.2050065845251,32.1177268028259,34.5000000000002));
#9170=CARTESIAN_POINT('Ctrl Pts',(89.2050065845251,32.1177268028259,34.7000000000002));
#9171=CARTESIAN_POINT('Ctrl Pts',(89.1467994411197,32.0485031240979,34.7000000000002));
#9172=CARTESIAN_POINT('Ctrl Pts',(89.0328067430642,31.9129356757424,34.7000000000002));
#9173=CARTESIAN_POINT('Ctrl Pts',(89.0144137935545,31.7369859564986,34.7000000000002));
#9174=CARTESIAN_POINT('Ctrl Pts',(89.0054126828909,31.6508799791336,34.7000000000002));
#9175=CARTESIAN_POINT('Ctrl Pts',(89.6752371639013,32.3207038640976,34.5000000000002));
#9176=CARTESIAN_POINT('Ctrl Pts',(89.6752371639013,32.3207038640976,34.7000000000002));
#9177=CARTESIAN_POINT('Ctrl Pts',(89.5875260279905,32.3117751780751,34.5000000000002));
#9178=CARTESIAN_POINT('Ctrl Pts',(89.5875260279905,32.3117751780751,34.7000000000002));
#9179=CARTESIAN_POINT('Ctrl Pts',(89.4095716190999,32.2936600433569,34.5000000000002));
#9180=CARTESIAN_POINT('Ctrl Pts',(89.4095716190999,32.2936600433569,34.7000000000002));
#9181=CARTESIAN_POINT('Ctrl Pts',(89.2738387165872,32.1769248963394,34.5000000000002));
#9182=CARTESIAN_POINT('Ctrl Pts',(89.2738387165872,32.1769248963394,34.7000000000002));
#9183=CARTESIAN_POINT('Ctrl Pts',(89.2050065845251,32.1177268028259,34.5000000000002));
#9184=CARTESIAN_POINT('Ctrl Pts',(89.2050065845251,32.1177268028259,34.7000000000002));
#9185=CARTESIAN_POINT('',(89.6752371639013,32.3207038640976,34.7000000000002));
#9186=CARTESIAN_POINT('',(89.6752371639013,32.3207038640976,34.5000000000002));
#9187=CARTESIAN_POINT('Ctrl Pts',(89.6752371639013,32.3207038640976,34.7000000000002));
#9188=CARTESIAN_POINT('Ctrl Pts',(89.5875260279905,32.3117751780751,34.7000000000002));
#9189=CARTESIAN_POINT('Ctrl Pts',(89.4095716190999,32.2936600433569,34.7000000000002));
#9190=CARTESIAN_POINT('Ctrl Pts',(89.2738387165872,32.1769248963394,34.7000000000002));
#9191=CARTESIAN_POINT('Ctrl Pts',(89.2050065845251,32.1177268028259,34.7000000000002));
#9192=CARTESIAN_POINT('Ctrl Pts',(90.832205042243,31.6170501708984,34.5000000000002));
#9193=CARTESIAN_POINT('Ctrl Pts',(90.832205042243,31.6170501708984,34.7000000000002));
#9194=CARTESIAN_POINT('Ctrl Pts',(90.5953950299445,31.8121240967785,34.5000000000002));
#9195=CARTESIAN_POINT('Ctrl Pts',(90.5953950299445,31.8121240967785,34.7000000000002));
#9196=CARTESIAN_POINT('Ctrl Pts',(90.2415557398416,32.1036017196249,34.5000000000002));
#9197=CARTESIAN_POINT('Ctrl Pts',(90.2415557398416,32.1036017196249,34.7000000000002));
#9198=CARTESIAN_POINT('Ctrl Pts',(89.815989506416,32.2667454797222,34.5000000000002));
#9199=CARTESIAN_POINT('Ctrl Pts',(89.815989506416,32.2667454797222,34.7000000000002));
#9200=CARTESIAN_POINT('Ctrl Pts',(89.6752371639013,32.3207038640976,34.5000000000002));
#9201=CARTESIAN_POINT('Ctrl Pts',(89.6752371639013,32.3207038640976,34.7000000000002));
#9202=CARTESIAN_POINT('',(90.832205042243,31.6170501708984,34.7000000000002));
#9203=CARTESIAN_POINT('',(90.832205042243,31.6170501708984,34.5000000000002));
#9204=CARTESIAN_POINT('Ctrl Pts',(90.832205042243,31.6170501708984,34.7000000000002));
#9205=CARTESIAN_POINT('Ctrl Pts',(90.5953950299445,31.8121240967785,34.7000000000002));
#9206=CARTESIAN_POINT('Ctrl Pts',(90.2415557398416,32.1036017196249,34.7000000000002));
#9207=CARTESIAN_POINT('Ctrl Pts',(89.815989506416,32.2667454797222,34.7000000000002));
#9208=CARTESIAN_POINT('Ctrl Pts',(89.6752371639013,32.3207038640976,34.7000000000002));
#9209=CARTESIAN_POINT('Ctrl Pts',(90.6901218742132,34.2354536056519,34.5000000000002));
#9210=CARTESIAN_POINT('Ctrl Pts',(90.6901218742132,34.2354536056519,34.7000000000002));
#9211=CARTESIAN_POINT('Ctrl Pts',(90.7331083920747,33.7300246074169,34.5000000000002));
#9212=CARTESIAN_POINT('Ctrl Pts',(90.7331083920747,33.7300246074169,34.7000000000002));
#9213=CARTESIAN_POINT('Ctrl Pts',(90.8072241562158,32.8585826231202,34.5000000000002));
#9214=CARTESIAN_POINT('Ctrl Pts',(90.8072241562158,32.8585826231202,34.7000000000002));
#9215=CARTESIAN_POINT('Ctrl Pts',(90.824816224946,31.9842691897841,34.5000000000002));
#9216=CARTESIAN_POINT('Ctrl Pts',(90.824816224946,31.9842691897841,34.7000000000002));
#9217=CARTESIAN_POINT('Ctrl Pts',(90.832205042243,31.6170501708984,34.5000000000002));
#9218=CARTESIAN_POINT('Ctrl Pts',(90.832205042243,31.6170501708984,34.7000000000002));
#9219=CARTESIAN_POINT('',(90.6901218742132,34.2354536056519,34.7000000000002));
#9220=CARTESIAN_POINT('',(90.6901218742132,34.2354536056519,34.5000000000002));
#9221=CARTESIAN_POINT('Ctrl Pts',(90.6901218742132,34.2354536056519,34.7000000000002));
#9222=CARTESIAN_POINT('Ctrl Pts',(90.7331083920747,33.7300246074169,34.7000000000002));
#9223=CARTESIAN_POINT('Ctrl Pts',(90.8072241562158,32.8585826231202,34.7000000000002));
#9224=CARTESIAN_POINT('Ctrl Pts',(90.824816224946,31.9842691897841,34.7000000000002));
#9225=CARTESIAN_POINT('Ctrl Pts',(90.832205042243,31.6170501708984,34.7000000000002));
#9226=CARTESIAN_POINT('Ctrl Pts',(90.5345060676336,36.8470907211304,34.5000000000002));
#9227=CARTESIAN_POINT('Ctrl Pts',(90.5345060676336,36.8470907211304,34.7000000000002));
#9228=CARTESIAN_POINT('Ctrl Pts',(90.544470255269,36.4860740700869,34.5000000000002));
#9229=CARTESIAN_POINT('Ctrl Pts',(90.544470255269,36.4860740700869,34.7000000000002));
#9230=CARTESIAN_POINT('Ctrl Pts',(90.5685406802934,35.6139684304228,34.5000000000002));
#9231=CARTESIAN_POINT('Ctrl Pts',(90.5685406802934,35.6139684304228,34.7000000000002));
#9232=CARTESIAN_POINT('Ctrl Pts',(90.6451977484502,34.7448134117006,34.5000000000002));
#9233=CARTESIAN_POINT('Ctrl Pts',(90.6451977484502,34.7448134117006,34.7000000000002));
#9234=CARTESIAN_POINT('Ctrl Pts',(90.6901218742132,34.2354536056519,34.5000000000002));
#9235=CARTESIAN_POINT('Ctrl Pts',(90.6901218742132,34.2354536056519,34.7000000000002));
#9236=CARTESIAN_POINT('',(90.5345060676336,36.8470907211304,34.7000000000002));
#9237=CARTESIAN_POINT('',(90.5345060676336,36.8470907211304,34.5000000000002));
#9238=CARTESIAN_POINT('Ctrl Pts',(90.5345060676336,36.8470907211304,34.7000000000002));
#9239=CARTESIAN_POINT('Ctrl Pts',(90.544470255269,36.4860740700869,34.7000000000002));
#9240=CARTESIAN_POINT('Ctrl Pts',(90.5685406802934,35.6139684304228,34.7000000000002));
#9241=CARTESIAN_POINT('Ctrl Pts',(90.6451977484502,34.7448134117006,34.7000000000002));
#9242=CARTESIAN_POINT('Ctrl Pts',(90.6901218742132,34.2354536056519,34.7000000000002));
#9243=CARTESIAN_POINT('Ctrl Pts',(90.5920162051916,37.8010821342468,34.5000000000002));
#9244=CARTESIAN_POINT('Ctrl Pts',(90.5920162051916,37.8010821342468,34.7000000000002));
#9245=CARTESIAN_POINT('Ctrl Pts',(90.5754047452656,37.6157106634426,34.5000000000002));
#9246=CARTESIAN_POINT('Ctrl Pts',(90.5754047452656,37.6157106634426,34.7000000000002));
#9247=CARTESIAN_POINT('Ctrl Pts',(90.546955710539,37.2982407099447,34.5000000000002));
#9248=CARTESIAN_POINT('Ctrl Pts',(90.546955710539,37.2982407099447,34.7000000000002));
#9249=CARTESIAN_POINT('Ctrl Pts',(90.5381641957527,36.9796539177251,34.5000000000002));
#9250=CARTESIAN_POINT('Ctrl Pts',(90.5381641957527,36.9796539177251,34.7000000000002));
#9251=CARTESIAN_POINT('Ctrl Pts',(90.5345060676336,36.8470907211304,34.5000000000002));
#9252=CARTESIAN_POINT('Ctrl Pts',(90.5345060676336,36.8470907211304,34.7000000000002));
#9253=CARTESIAN_POINT('',(90.5920162051916,37.8010821342468,34.7000000000002));
#9254=CARTESIAN_POINT('',(90.5920162051916,37.8010821342468,34.5000000000002));
#9255=CARTESIAN_POINT('Ctrl Pts',(90.5920162051916,37.8010821342468,34.7000000000002));
#9256=CARTESIAN_POINT('Ctrl Pts',(90.5754047452656,37.6157106634426,34.7000000000002));
#9257=CARTESIAN_POINT('Ctrl Pts',(90.546955710539,37.2982407099447,34.7000000000002));
#9258=CARTESIAN_POINT('Ctrl Pts',(90.5381641957527,36.9796539177251,34.7000000000002));
#9259=CARTESIAN_POINT('Ctrl Pts',(90.5345060676336,36.8470907211304,34.7000000000002));
#9260=CARTESIAN_POINT('Ctrl Pts',(90.6495263427496,38.7618398666382,34.5000000000002));
#9261=CARTESIAN_POINT('Ctrl Pts',(90.6495263427496,38.7618398666382,34.7000000000002));
#9262=CARTESIAN_POINT('Ctrl Pts',(90.6458954053324,38.6275839467901,34.5000000000002));
#9263=CARTESIAN_POINT('Ctrl Pts',(90.6458954053324,38.6275839467901,34.7000000000002));
#9264=CARTESIAN_POINT('Ctrl Pts',(90.6372181829098,38.3067388469643,34.5000000000002));
#9265=CARTESIAN_POINT('Ctrl Pts',(90.6372181829098,38.3067388469643,34.7000000000002));
#9266=CARTESIAN_POINT('Ctrl Pts',(90.6086374708244,37.9870176832064,34.5000000000002));
#9267=CARTESIAN_POINT('Ctrl Pts',(90.6086374708244,37.9870176832064,34.7000000000002));
#9268=CARTESIAN_POINT('Ctrl Pts',(90.5920162051916,37.8010821342468,34.5000000000002));
#9269=CARTESIAN_POINT('Ctrl Pts',(90.5920162051916,37.8010821342468,34.7000000000002));
#9270=CARTESIAN_POINT('',(90.6495263427496,38.7618398666382,34.7000000000002));
#9271=CARTESIAN_POINT('',(90.6495263427496,38.7618398666382,34.5000000000002));
#9272=CARTESIAN_POINT('Ctrl Pts',(90.6495263427496,38.7618398666382,34.7000000000002));
#9273=CARTESIAN_POINT('Ctrl Pts',(90.6458954053324,38.6275839467901,34.7000000000002));
#9274=CARTESIAN_POINT('Ctrl Pts',(90.6372181829098,38.3067388469643,34.7000000000002));
#9275=CARTESIAN_POINT('Ctrl Pts',(90.6086374708244,37.9870176832064,34.7000000000002));
#9276=CARTESIAN_POINT('Ctrl Pts',(90.5920162051916,37.8010821342468,34.7000000000002));
#9277=CARTESIAN_POINT('Origin',(90.3721239417791,38.7483084201813,34.5000000000002));
#9278=CARTESIAN_POINT('',(90.3721239417791,38.7483084201813,34.7000000000002));
#9279=CARTESIAN_POINT('',(90.3721239417791,38.7483084201813,34.5000000000002));
#9280=CARTESIAN_POINT('',(90.3721239417791,38.7483084201813,34.7000000000002));
#9281=CARTESIAN_POINT('Origin',(90.047360882163,38.7415421009064,34.5000000000002));
#9282=CARTESIAN_POINT('',(90.047360882163,38.7415421009064,34.7000000000002));
#9283=CARTESIAN_POINT('',(90.047360882163,38.7415421009064,34.5000000000002));
#9284=CARTESIAN_POINT('',(90.047360882163,38.7415421009064,34.7000000000002));
#9285=CARTESIAN_POINT('Ctrl Pts',(88.9851149171591,39.4248986244202,34.5000000000002));
#9286=CARTESIAN_POINT('Ctrl Pts',(88.9851149171591,39.4248986244202,34.7000000000002));
#9287=CARTESIAN_POINT('Ctrl Pts',(89.0529818016098,39.2270029471042,34.5000000000002));
#9288=CARTESIAN_POINT('Ctrl Pts',(89.0529818016098,39.2270029471042,34.7000000000002));
#9289=CARTESIAN_POINT('Ctrl Pts',(89.2166467132969,38.7497660912604,34.5000000000002));
#9290=CARTESIAN_POINT('Ctrl Pts',(89.2166467132969,38.7497660912604,34.7000000000002));
#9291=CARTESIAN_POINT('Ctrl Pts',(89.7406474112339,38.7445785347616,34.5000000000002));
#9292=CARTESIAN_POINT('Ctrl Pts',(89.7406474112339,38.7445785347616,34.7000000000002));
#9293=CARTESIAN_POINT('Ctrl Pts',(90.047360882163,38.7415421009064,34.5000000000002));
#9294=CARTESIAN_POINT('Ctrl Pts',(90.047360882163,38.7415421009064,34.7000000000002));
#9295=CARTESIAN_POINT('',(88.9851149171591,39.4248986244202,34.7000000000002));
#9296=CARTESIAN_POINT('',(88.9851149171591,39.4248986244202,34.5000000000002));
#9297=CARTESIAN_POINT('Ctrl Pts',(88.9851149171591,39.4248986244202,34.7000000000002));
#9298=CARTESIAN_POINT('Ctrl Pts',(89.0529818016098,39.2270029471042,34.7000000000002));
#9299=CARTESIAN_POINT('Ctrl Pts',(89.2166467132969,38.7497660912604,34.7000000000002));
#9300=CARTESIAN_POINT('Ctrl Pts',(89.7406474112339,38.7445785347616,34.7000000000002));
#9301=CARTESIAN_POINT('Ctrl Pts',(90.047360882163,38.7415421009064,34.7000000000002));
#9302=CARTESIAN_POINT('Ctrl Pts',(89.3301763385534,39.9391067028046,34.5000000000002));
#9303=CARTESIAN_POINT('Ctrl Pts',(89.3301763385534,39.9391067028046,34.7000000000002));
#9304=CARTESIAN_POINT('Ctrl Pts',(89.2295486001711,39.8857686664241,34.5000000000002));
#9305=CARTESIAN_POINT('Ctrl Pts',(89.2295486001711,39.8857686664241,34.7000000000002));
#9306=CARTESIAN_POINT('Ctrl Pts',(89.0234929580165,39.7765482515134,34.5000000000002));
#9307=CARTESIAN_POINT('Ctrl Pts',(89.0234929580165,39.7765482515134,34.7000000000002));
#9308=CARTESIAN_POINT('Ctrl Pts',(88.9981047410242,39.5439215504512,34.5000000000002));
#9309=CARTESIAN_POINT('Ctrl Pts',(88.9981047410242,39.5439215504512,34.7000000000002));
#9310=CARTESIAN_POINT('Ctrl Pts',(88.9851149171591,39.4248986244202,34.5000000000002));
#9311=CARTESIAN_POINT('Ctrl Pts',(88.9851149171591,39.4248986244202,34.7000000000002));
#9312=CARTESIAN_POINT('',(89.3301763385534,39.9391067028046,34.7000000000002));
#9313=CARTESIAN_POINT('',(89.3301763385534,39.9391067028046,34.5000000000002));
#9314=CARTESIAN_POINT('Ctrl Pts',(89.3301763385534,39.9391067028046,34.7000000000002));
#9315=CARTESIAN_POINT('Ctrl Pts',(89.2295486001711,39.8857686664241,34.7000000000002));
#9316=CARTESIAN_POINT('Ctrl Pts',(89.0234929580165,39.7765482515134,34.7000000000002));
#9317=CARTESIAN_POINT('Ctrl Pts',(88.9981047410242,39.5439215504512,34.7000000000002));
#9318=CARTESIAN_POINT('Ctrl Pts',(88.9851149171591,39.4248986244202,34.7000000000002));
#9319=CARTESIAN_POINT('Ctrl Pts',(89.9932339042425,40.,34.5000000000002));
#9320=CARTESIAN_POINT('Ctrl Pts',(89.9932339042425,40.,34.7000000000002));
#9321=CARTESIAN_POINT('Ctrl Pts',(89.8584635385315,40.0003939202626,34.5000000000002));
#9322=CARTESIAN_POINT('Ctrl Pts',(89.8584635385315,40.0003939202626,34.7000000000002));
#9323=CARTESIAN_POINT('Ctrl Pts',(89.6352220537554,40.0010464327334,34.5000000000002));
#9324=CARTESIAN_POINT('Ctrl Pts',(89.6352220537554,40.0010464327334,34.7000000000002));
#9325=CARTESIAN_POINT('Ctrl Pts',(89.4167552431514,39.956686605426,34.5000000000002));
#9326=CARTESIAN_POINT('Ctrl Pts',(89.4167552431514,39.956686605426,34.7000000000002));
#9327=CARTESIAN_POINT('Ctrl Pts',(89.3301763385534,39.9391067028046,34.5000000000002));
#9328=CARTESIAN_POINT('Ctrl Pts',(89.3301763385534,39.9391067028046,34.7000000000002));
#9329=CARTESIAN_POINT('',(89.9932339042425,40.,34.7000000000002));
#9330=CARTESIAN_POINT('',(89.9932339042425,40.,34.5000000000002));
#9331=CARTESIAN_POINT('Ctrl Pts',(89.9932339042425,40.,34.7000000000002));
#9332=CARTESIAN_POINT('Ctrl Pts',(89.8584635385315,40.0003939202626,34.7000000000002));
#9333=CARTESIAN_POINT('Ctrl Pts',(89.6352220537554,40.0010464327334,34.7000000000002));
#9334=CARTESIAN_POINT('Ctrl Pts',(89.4167552431514,39.956686605426,34.7000000000002));
#9335=CARTESIAN_POINT('Ctrl Pts',(89.3301763385534,39.9391067028046,34.7000000000002));
#9336=CARTESIAN_POINT('Origin',(91.3328816741705,40.0067663192749,34.5000000000002));
#9337=CARTESIAN_POINT('',(91.3328816741705,40.0067663192749,34.7000000000002));
#9338=CARTESIAN_POINT('',(91.3328816741705,40.0067663192749,34.5000000000002));
#9339=CARTESIAN_POINT('',(91.3328816741705,40.0067663192749,34.7000000000002));
#9340=CARTESIAN_POINT('Origin',(92.6792957633734,40.0067663192749,34.5000000000002));
#9341=CARTESIAN_POINT('',(92.6792957633734,40.0067663192749,34.7000000000002));
#9342=CARTESIAN_POINT('',(92.6792957633734,40.0067663192749,34.5000000000002));
#9343=CARTESIAN_POINT('',(92.6792957633734,40.0067663192749,34.7000000000002));
#9344=CARTESIAN_POINT('Ctrl Pts',(93.1495263427496,39.8240864276886,34.5000000000002));
#9345=CARTESIAN_POINT('Ctrl Pts',(93.1495263427496,39.8240864276886,34.7000000000002));
#9346=CARTESIAN_POINT('Ctrl Pts',(93.0823267117856,39.8773593050398,34.5000000000002));
#9347=CARTESIAN_POINT('Ctrl Pts',(93.0823267117856,39.8773593050398,34.7000000000002));
#9348=CARTESIAN_POINT('Ctrl Pts',(92.9446129797581,39.9865326241582,34.5000000000002));
#9349=CARTESIAN_POINT('Ctrl Pts',(92.9446129797581,39.9865326241582,34.7000000000002));
#9350=CARTESIAN_POINT('Ctrl Pts',(92.7691425659469,39.9999143975065,34.5000000000002));
#9351=CARTESIAN_POINT('Ctrl Pts',(92.7691425659469,39.9999143975065,34.7000000000002));
#9352=CARTESIAN_POINT('Ctrl Pts',(92.6792957633734,40.0067663192749,34.5000000000002));
#9353=CARTESIAN_POINT('Ctrl Pts',(92.6792957633734,40.0067663192749,34.7000000000002));
#9354=CARTESIAN_POINT('Ctrl Pts',(93.1495263427496,39.8240864276886,34.7000000000002));
#9355=CARTESIAN_POINT('Ctrl Pts',(93.0823267117856,39.8773593050398,34.7000000000002));
#9356=CARTESIAN_POINT('Ctrl Pts',(92.9446129797581,39.9865326241582,34.7000000000002));
#9357=CARTESIAN_POINT('Ctrl Pts',(92.7691425659469,39.9999143975065,34.7000000000002));
#9358=CARTESIAN_POINT('Ctrl Pts',(92.6792957633734,40.0067663192749,34.7000000000002));
#9359=CARTESIAN_POINT('Origin',(86.6677941009402,34.8443847894669,34.7000000000002));
#9360=CARTESIAN_POINT('Origin',(185.,63.1499999999999,37.5000000000002));
#9361=CARTESIAN_POINT('',(109.999473569928,88.8499999999998,37.5000000000003));
#9362=CARTESIAN_POINT('Origin',(109.999473569928,92.6499999999998,37.5000000000003));
#9363=CARTESIAN_POINT('',(89.7047532389729,88.8499999999998,37.5000000000003));
#9364=CARTESIAN_POINT('',(149.299736784964,88.8499999999998,37.5000000000003));
#9365=CARTESIAN_POINT('',(85.9047532389729,92.6499999999998,37.5000000000003));
#9366=CARTESIAN_POINT('Origin',(89.7047532389729,92.6499999999998,37.5000000000003));
#9367=CARTESIAN_POINT('',(85.9047532389729,116.05,37.5000000000004));
#9368=CARTESIAN_POINT('',(85.9047532389729,76.0999999999998,37.5000000000003));
#9369=CARTESIAN_POINT('',(82.5047532389729,119.45,37.5000000000004));
#9370=CARTESIAN_POINT('Origin',(82.5047532389729,116.05,37.5000000000004));
#9371=CARTESIAN_POINT('',(58.1000000000002,119.45,37.5000000000004));
#9372=CARTESIAN_POINT('',(135.552376619487,119.45,37.5000000000004));
#9373=CARTESIAN_POINT('',(54.7000000000002,116.05,37.5000000000004));
#9374=CARTESIAN_POINT('Origin',(58.1000000000002,116.05,37.5000000000004));
#9375=CARTESIAN_POINT('',(54.7000000000002,10.2499999999999,37.5));
#9376=CARTESIAN_POINT('',(54.7000000000002,91.3999999999999,37.5000000000003));
#9377=CARTESIAN_POINT('',(58.1000000000002,6.84999999999986,37.5));
#9378=CARTESIAN_POINT('Origin',(58.1000000000002,10.2499999999999,37.5));
#9379=CARTESIAN_POINT('',(184.8,6.84999999999986,37.5));
#9380=CARTESIAN_POINT('',(119.75,6.84999999999986,37.5));
#9381=CARTESIAN_POINT('',(184.8,61.0499999999998,37.5000000000002));
#9382=CARTESIAN_POINT('',(184.8,63.1499999999999,37.5000000000002));
#9383=CARTESIAN_POINT('',(160.528427124746,61.0499999999998,37.5000000000002));
#9384=CARTESIAN_POINT('',(197.760786437627,61.0499999999999,37.5000000000002));
#9385=CARTESIAN_POINT('',(157.982842712475,62.1044155877283,37.5000000000002));
#9386=CARTESIAN_POINT('Origin',(160.528427124746,64.6499999999999,37.5000000000002));
#9387=CARTESIAN_POINT('',(153.154415587729,66.9328427124744,37.5000000000002));
#9388=CARTESIAN_POINT('',(164.563235931288,55.5240223689148,37.5000000000002));
#9389=CARTESIAN_POINT('',(152.1,69.4784271247461,37.5000000000002));
#9390=CARTESIAN_POINT('Origin',(155.7,69.4784271247461,37.5000000000002));
#9391=CARTESIAN_POINT('',(152.1,116.05,37.5000000000004));
#9392=CARTESIAN_POINT('',(152.1,66.314213562373,37.5000000000002));
#9393=CARTESIAN_POINT('Origin',(148.7,116.05,37.5000000000004));
#9394=CARTESIAN_POINT('Origin',(185.,63.1499999999999,34.5000000000002));
#9395=CARTESIAN_POINT('Origin',(184.9,63.1499999999999,34.6000000000002));
#9396=CARTESIAN_POINT('',(185.,60.9671572875252,34.7000000000002));
#9397=CARTESIAN_POINT('',(184.8,61.0499999999999,34.5000000000002));
#9398=CARTESIAN_POINT('',(185.,56.5328427124747,34.7000000000002));
#9399=CARTESIAN_POINT('',(185.,63.1499999999999,34.7000000000002));
#9400=CARTESIAN_POINT('',(185.,56.5328427124747,34.7000000000002));
#9401=CARTESIAN_POINT('Origin',(184.9,56.3500000000001,35.2500000000002));
#9402=CARTESIAN_POINT('',(185.,56.4500000000001,34.7828427124748));
#9403=CARTESIAN_POINT('',(185.,56.4500000000001,35.7000000000002));
#9404=CARTESIAN_POINT('',(185.,56.4500000000001,35.2500000000002));
#9405=CARTESIAN_POINT('',(184.8,56.2500000000001,35.5000000000002));
#9406=CARTESIAN_POINT('',(185.,56.4500000000001,35.7000000000002));
#9407=CARTESIAN_POINT('',(184.8,56.2500000000001,34.7000000000002));
#9408=CARTESIAN_POINT('',(184.8,56.2500000000001,35.2500000000002));
#9409=CARTESIAN_POINT('',(185.,56.4500000000001,34.7828427124748));
#9410=CARTESIAN_POINT('Origin',(184.9,61.9292893218812,35.5207106781189));
#9411=CARTESIAN_POINT('',(184.8,61.2499999999998,34.7000000000002));
#9412=CARTESIAN_POINT('',(184.8,61.9999999999998,35.4500000000002));
#9413=CARTESIAN_POINT('',(185.,61.0499999999998,34.7828427124748));
#9414=CARTESIAN_POINT('',(184.8,61.2499999999999,34.7000000000002));
#9415=CARTESIAN_POINT('',(185.,61.8585786437625,35.5914213562375));
#9416=CARTESIAN_POINT('Origin',(184.9,61.1499999999998,35.2500000000002));
#9417=CARTESIAN_POINT('',(184.8,61.2499999999998,37.3000000000002));
#9418=CARTESIAN_POINT('',(184.8,61.2499999999998,35.2500000000002));
#9419=CARTESIAN_POINT('',(185.,61.0499999999998,37.2171572875256));
#9420=CARTESIAN_POINT('',(184.8,61.2499999999998,37.3000000000002));
#9421=CARTESIAN_POINT('',(185.,61.0499999999998,35.2500000000002));
#9422=CARTESIAN_POINT('Origin',(184.9,53.1499999552966,35.2500000000002));
#9423=CARTESIAN_POINT('',(185.,53.0499999552966,35.7000000000002));
#9424=CARTESIAN_POINT('',(185.,53.0499999552966,34.7828427124748));
#9425=CARTESIAN_POINT('',(185.,53.0499999552966,35.2500000000002));
#9426=CARTESIAN_POINT('',(184.8,53.2499999552966,34.7000000000002));
#9427=CARTESIAN_POINT('',(185.,53.0499999552966,34.7828427124748));
#9428=CARTESIAN_POINT('',(184.8,53.2499999552966,35.5000000000002));
#9429=CARTESIAN_POINT('',(184.8,53.2499999552966,35.2500000000002));
#9430=CARTESIAN_POINT('',(184.8,53.2499999552966,35.5000000000002));
#9431=CARTESIAN_POINT('Origin',(184.9,55.9292892883537,37.5207106892947));
#9432=CARTESIAN_POINT('',(185.,52.967157242822,34.7000000000002));
#9433=CARTESIAN_POINT('',(185.,55.8585786102351,37.5914213674133));
#9434=CARTESIAN_POINT('',(185.,52.967157242822,34.7000000000002));
#9435=CARTESIAN_POINT('',(184.8,55.9999999664724,37.450000011176));
#9436=CARTESIAN_POINT('Origin',(184.9,63.1499999999999,34.6000000000002));
#9437=CARTESIAN_POINT('',(185.,14.9328427571782,34.7));
#9438=CARTESIAN_POINT('',(185.,63.1499999999999,34.7000000000002));
#9439=CARTESIAN_POINT('',(185.,14.9328427571782,34.7));
#9440=CARTESIAN_POINT('Origin',(184.9,20.5707106781184,51.0792893218814));
#9441=CARTESIAN_POINT('',(184.8,6.64999999999986,37.3));
#9442=CARTESIAN_POINT('',(184.8,20.4999999999998,51.15));
#9443=CARTESIAN_POINT('',(185.,6.84999999999986,37.2171572875254));
#9444=CARTESIAN_POINT('',(184.8,6.64999999999986,37.3));
#9445=CARTESIAN_POINT('',(185.,6.93284271247449,37.3));
#9446=CARTESIAN_POINT('',(185.,20.6414213562371,51.0085786437627));
#9447=CARTESIAN_POINT('',(185.,6.93284271247449,37.3));
#9448=CARTESIAN_POINT('Origin',(184.9,26.570710711647,22.9207106892946));
#9449=CARTESIAN_POINT('',(185.,14.8500000447036,34.7828427124746));
#9450=CARTESIAN_POINT('',(185.,26.6414213897656,22.9914213674133));
#9451=CARTESIAN_POINT('',(184.8,14.6500000447036,34.7));
#9452=CARTESIAN_POINT('',(185.,14.8500000447036,34.7828427124746));
#9453=CARTESIAN_POINT('',(184.8,26.5000000335283,22.850000011176));
#9454=CARTESIAN_POINT('Origin',(184.9,6.74999999999987,35.25));
#9455=CARTESIAN_POINT('',(184.8,6.64999999999987,34.7));
#9456=CARTESIAN_POINT('',(184.8,6.64999999999987,35.25));
#9457=CARTESIAN_POINT('',(185.,6.84999999999987,34.7828427124746));
#9458=CARTESIAN_POINT('',(184.8,6.64999999999987,34.7));
#9459=CARTESIAN_POINT('',(185.,6.84999999999987,35.25));
#9460=CARTESIAN_POINT('Origin',(184.9,14.7500000447036,35.2500000000002));
#9461=CARTESIAN_POINT('',(185.,14.8500000447036,35.7000000000002));
#9462=CARTESIAN_POINT('',(185.,14.8500000447036,35.2500000000002));
#9463=CARTESIAN_POINT('',(184.8,14.6500000447036,35.5000000000002));
#9464=CARTESIAN_POINT('',(185.,14.8500000447036,35.7000000000002));
#9465=CARTESIAN_POINT('',(184.8,14.6500000447036,35.2500000000002));
#9466=CARTESIAN_POINT('Origin',(184.9,20.5707106781188,20.9207106781187));
#9467=CARTESIAN_POINT('',(184.8,20.5000000000001,20.85));
#9468=CARTESIAN_POINT('',(185.,6.9328427124745,34.7));
#9469=CARTESIAN_POINT('',(184.8,6.84999999999987,34.5));
#9470=CARTESIAN_POINT('',(185.,20.6414213562374,20.9914213562373));
#9471=CARTESIAN_POINT('Origin',(184.9,11.5500000000001,35.2500000000002));
#9472=CARTESIAN_POINT('',(185.,11.4500000000001,35.7000000000002));
#9473=CARTESIAN_POINT('',(185.,11.4500000000001,34.7828427124746));
#9474=CARTESIAN_POINT('',(185.,11.4500000000001,35.2500000000002));
#9475=CARTESIAN_POINT('',(184.8,11.6500000000001,34.7));
#9476=CARTESIAN_POINT('',(185.,11.4500000000001,34.7828427124746));
#9477=CARTESIAN_POINT('',(184.8,11.6500000000001,35.5000000000002));
#9478=CARTESIAN_POINT('',(184.8,11.6500000000001,35.2500000000002));
#9479=CARTESIAN_POINT('',(184.8,11.6500000000001,35.5000000000002));
#9480=CARTESIAN_POINT('Origin',(184.9,24.7292893218815,47.9207106781186));
#9481=CARTESIAN_POINT('',(184.8,24.8000000000001,47.85));
#9482=CARTESIAN_POINT('',(185.,11.3671572875255,34.7));
#9483=CARTESIAN_POINT('',(185.,24.6585786437628,47.9914213562373));
#9484=CARTESIAN_POINT('',(185.,11.3671572875255,34.7));
#9485=CARTESIAN_POINT('Origin',(184.9,63.1499999999999,34.6000000000002));
#9486=CARTESIAN_POINT('',(185.,63.1499999999999,34.7000000000002));
#9487=CARTESIAN_POINT('Origin',(184.9,38.1500000111759,35.6000000000002));
#9488=CARTESIAN_POINT('',(185.,38.1500000111759,35.7000000000002));
#9489=CARTESIAN_POINT('',(184.8,38.1500000111759,35.5000000000002));
#9490=CARTESIAN_POINT('Origin',(184.9,63.1499999999999,37.4000000000002));
#9491=CARTESIAN_POINT('',(185.,60.9671572875252,37.3000000000002));
#9492=CARTESIAN_POINT('',(185.,63.1499999999999,37.3000000000002));
#9493=CARTESIAN_POINT('',(185.,60.9671572875252,37.3000000000002));
#9494=CARTESIAN_POINT('Origin',(184.9,61.9292893218812,36.4792893218815));
#9495=CARTESIAN_POINT('',(184.8,61.9999999999998,36.5500000000002));
#9496=CARTESIAN_POINT('',(185.,61.8585786437625,36.4085786437629));
#9497=CARTESIAN_POINT('Origin',(184.9,58.9499999888241,35.6000000000002));
#9498=CARTESIAN_POINT('',(185.,58.9499999888241,35.7000000000002));
#9499=CARTESIAN_POINT('',(184.8,58.9499999888241,35.5000000000002));
#9500=CARTESIAN_POINT('Origin',(184.9,57.7707106781187,33.3207106781189));
#9501=CARTESIAN_POINT('',(184.8,57.7,33.2500000000003));
#9502=CARTESIAN_POINT('',(185.,57.8414213562373,33.3914213562376));
#9503=CARTESIAN_POINT('Origin',(189.,56.3500000000001,34.6000000000002));
#9504=CARTESIAN_POINT('',(177.,56.2500000000001,34.7000000000002));
#9505=CARTESIAN_POINT('',(189.,56.2500000000001,34.7000000000002));
#9506=CARTESIAN_POINT('',(176.8,56.4500000000001,34.5000000000002));
#9507=CARTESIAN_POINT('Origin',(193.,56.2500000000001,34.5000000000002));
#9508=CARTESIAN_POINT('',(177.,56.2500000000001,35.5000000000002));
#9509=CARTESIAN_POINT('',(177.,56.2500000000001,35.5000000000002));
#9510=CARTESIAN_POINT('',(177.,56.2500000000001,34.5000000000002));
#9511=CARTESIAN_POINT('Origin',(185.,54.7499999776484,35.5000000000002));
#9512=CARTESIAN_POINT('',(177.,53.2499999552966,35.5000000000002));
#9513=CARTESIAN_POINT('',(185.,53.2499999552966,35.5000000000002));
#9514=CARTESIAN_POINT('',(177.,53.2499999552966,35.5000000000002));
#9515=CARTESIAN_POINT('Origin',(177.,53.2499999552966,34.5000000000002));
#9516=CARTESIAN_POINT('',(177.,53.2499999552966,34.7000000000002));
#9517=CARTESIAN_POINT('',(181.,53.2499999552966,34.7000000000002));
#9518=CARTESIAN_POINT('',(177.,53.2499999552966,34.5000000000002));
#9519=CARTESIAN_POINT('Origin',(181.,53.1499999552966,34.6000000000002));
#9520=CARTESIAN_POINT('',(177.,53.2499999552966,34.7000000000002));
#9521=CARTESIAN_POINT('Origin',(189.,14.7500000447036,34.6));
#9522=CARTESIAN_POINT('',(177.,14.6500000447036,34.7));
#9523=CARTESIAN_POINT('',(189.,14.6500000447036,34.7));
#9524=CARTESIAN_POINT('',(176.8,14.8500000447036,34.5));
#9525=CARTESIAN_POINT('Origin',(193.,14.6500000447036,34.5000000000002));
#9526=CARTESIAN_POINT('',(177.,14.6500000447036,35.5000000000002));
#9527=CARTESIAN_POINT('',(185.,14.6500000447036,35.5000000000002));
#9528=CARTESIAN_POINT('',(177.,14.6500000447036,34.5000000000002));
#9529=CARTESIAN_POINT('Origin',(185.,13.1500000223519,35.5000000000002));
#9530=CARTESIAN_POINT('',(177.,11.6500000000001,35.5000000000002));
#9531=CARTESIAN_POINT('',(193.,11.6500000000001,35.5000000000002));
#9532=CARTESIAN_POINT('',(177.,14.6500000447036,35.5000000000002));
#9533=CARTESIAN_POINT('Origin',(177.,11.6500000000001,34.5000000000002));
#9534=CARTESIAN_POINT('',(177.,11.6500000000001,34.7));
#9535=CARTESIAN_POINT('',(181.,11.6500000000001,34.7));
#9536=CARTESIAN_POINT('',(177.,11.6500000000001,34.5000000000002));
#9537=CARTESIAN_POINT('Origin',(185.,63.1499999999999,36.0000000000002));
#9538=CARTESIAN_POINT('Origin',(181.,11.5500000000001,34.6));
#9539=CARTESIAN_POINT('',(176.8,11.4500000000001,34.5));
#9540=CARTESIAN_POINT('Origin',(176.9,38.9000000223518,34.6000000000001));
#9541=CARTESIAN_POINT('',(177.,38.9000000223518,34.7000000000001));
#9542=CARTESIAN_POINT('Origin',(177.,14.6500000447036,34.5000000000002));
#9543=CARTESIAN_POINT('Origin',(176.9,59.7,34.6000000000002));
#9544=CARTESIAN_POINT('',(177.,59.7,34.7000000000002));
#9545=CARTESIAN_POINT('Origin',(177.,56.2500000000001,34.5000000000002));
#9546=CARTESIAN_POINT('Origin',(113.599473569928,119.65,34.5000000000004));
#9547=CARTESIAN_POINT('',(113.599473569928,92.6499999999998,34.7000000000003));
#9548=CARTESIAN_POINT('',(113.599473569928,91.3999999999999,34.7000000000003));
#9549=CARTESIAN_POINT('',(113.599473569928,92.6499999999998,34.5000000000003));
#9550=CARTESIAN_POINT('Origin',(109.999473569928,92.6499999999998,34.5000000000003));
#9551=CARTESIAN_POINT('',(109.999473569928,89.0499999999999,34.7000000000003));
#9552=CARTESIAN_POINT('Origin',(109.999473569928,92.6499999999998,34.7000000000003));
#9553=CARTESIAN_POINT('',(109.999473569928,89.0499999999998,37.3000000000003));
#9554=CARTESIAN_POINT('',(109.999473569928,89.0499999999999,34.5000000000003));
#9555=CARTESIAN_POINT('Origin',(109.999473569928,92.6499999999998,37.3000000000003));
#9556=CARTESIAN_POINT('Origin',(113.599473569928,89.0499999999999,34.5000000000003));
#9557=CARTESIAN_POINT('',(89.7047532389729,89.0499999999999,34.7000000000003));
#9558=CARTESIAN_POINT('',(149.299736784964,89.0499999999999,34.7000000000003));
#9559=CARTESIAN_POINT('',(89.7047532389729,89.0499999999998,37.3000000000003));
#9560=CARTESIAN_POINT('',(89.7047532389729,89.0499999999999,34.5000000000003));
#9561=CARTESIAN_POINT('',(149.299736784964,89.0499999999998,37.3000000000003));
#9562=CARTESIAN_POINT('Origin',(89.7047532389729,92.6499999999998,34.5000000000003));
#9563=CARTESIAN_POINT('',(86.1047532389729,92.6499999999998,34.7000000000003));
#9564=CARTESIAN_POINT('Origin',(89.7047532389729,92.6499999999998,34.7000000000003));
#9565=CARTESIAN_POINT('',(86.1047532389729,92.6499999999998,37.3000000000003));
#9566=CARTESIAN_POINT('',(86.1047532389729,92.6499999999998,34.5000000000003));
#9567=CARTESIAN_POINT('Origin',(89.7047532389729,92.6499999999998,37.3000000000003));
#9568=CARTESIAN_POINT('Origin',(86.1047532389729,89.0499999999998,34.5000000000003));
#9569=CARTESIAN_POINT('',(86.1047532389729,116.05,34.7000000000004));
#9570=CARTESIAN_POINT('',(86.1047532389729,76.0999999999999,34.7000000000003));
#9571=CARTESIAN_POINT('',(86.1047532389729,116.05,37.3000000000004));
#9572=CARTESIAN_POINT('',(86.1047532389729,116.05,34.5000000000004));
#9573=CARTESIAN_POINT('',(86.1047532389729,76.0999999999998,37.3000000000003));
#9574=CARTESIAN_POINT('Origin',(82.5047532389729,116.05,34.5000000000004));
#9575=CARTESIAN_POINT('',(82.5047532389729,119.65,34.7000000000004));
#9576=CARTESIAN_POINT('Origin',(82.5047532389729,116.05,34.7000000000004));
#9577=CARTESIAN_POINT('',(82.5047532389729,119.65,37.3000000000004));
#9578=CARTESIAN_POINT('',(82.5047532389729,119.65,34.5000000000004));
#9579=CARTESIAN_POINT('Origin',(82.5047532389729,116.05,37.3000000000004));
#9580=CARTESIAN_POINT('Origin',(86.1047532389729,119.65,34.5000000000004));
#9581=CARTESIAN_POINT('',(58.1000000000002,119.65,34.7000000000004));
#9582=CARTESIAN_POINT('',(135.552376619487,119.65,34.7000000000004));
#9583=CARTESIAN_POINT('',(58.1000000000002,119.65,37.3000000000004));
#9584=CARTESIAN_POINT('',(58.1000000000002,119.65,34.5000000000004));
#9585=CARTESIAN_POINT('',(135.552376619487,119.65,37.3000000000004));
#9586=CARTESIAN_POINT('Origin',(58.1000000000002,116.05,34.5000000000004));
#9587=CARTESIAN_POINT('',(54.5000000000002,116.05,34.7000000000004));
#9588=CARTESIAN_POINT('Origin',(58.1000000000002,116.05,34.7000000000004));
#9589=CARTESIAN_POINT('',(54.5000000000002,116.05,37.3000000000004));
#9590=CARTESIAN_POINT('',(54.5000000000002,116.05,34.5000000000004));
#9591=CARTESIAN_POINT('Origin',(58.1000000000002,116.05,37.3000000000004));
#9592=CARTESIAN_POINT('Origin',(54.5000000000002,119.65,34.5000000000004));
#9593=CARTESIAN_POINT('',(54.5000000000002,10.2499999999999,34.7));
#9594=CARTESIAN_POINT('',(54.5000000000002,91.3999999999999,34.7000000000003));
#9595=CARTESIAN_POINT('',(54.5000000000002,10.2499999999999,37.3));
#9596=CARTESIAN_POINT('',(54.5000000000002,10.2499999999999,34.5));
#9597=CARTESIAN_POINT('',(54.5000000000002,91.3999999999999,37.3000000000003));
#9598=CARTESIAN_POINT('Origin',(58.1000000000002,10.2499999999999,34.5));
#9599=CARTESIAN_POINT('',(58.1000000000002,6.64999999999987,34.7));
#9600=CARTESIAN_POINT('Origin',(58.1000000000002,10.2499999999999,34.7));
#9601=CARTESIAN_POINT('',(58.1000000000002,6.64999999999986,37.3));
#9602=CARTESIAN_POINT('',(58.1000000000002,6.64999999999987,34.5));
#9603=CARTESIAN_POINT('Origin',(58.1000000000002,10.2499999999999,37.3));
#9604=CARTESIAN_POINT('Origin',(54.5000000000002,6.64999999999987,34.5));
#9605=CARTESIAN_POINT('',(119.75,6.64999999999986,37.3));
#9606=CARTESIAN_POINT('',(119.75,6.64999999999987,34.7));
#9607=CARTESIAN_POINT('Origin',(109.999473569928,92.6499999999998,37.4000000000003));
#9608=CARTESIAN_POINT('',(109.999473569928,88.8499999999998,37.5000000000003));
#9609=CARTESIAN_POINT('Origin',(149.299736784964,88.9499999999998,37.4000000000003));
#9610=CARTESIAN_POINT('',(89.7047532389729,88.8499999999998,37.5000000000003));
#9611=CARTESIAN_POINT('Origin',(89.7047532389729,92.6499999999998,37.4000000000003));
#9612=CARTESIAN_POINT('',(85.9047532389729,92.6499999999998,37.5000000000003));
#9613=CARTESIAN_POINT('Origin',(86.0047532389729,76.0999999999998,37.4000000000003));
#9614=CARTESIAN_POINT('',(85.9047532389729,116.05,37.5000000000004));
#9615=CARTESIAN_POINT('Origin',(82.5047532389729,116.05,37.4000000000004));
#9616=CARTESIAN_POINT('',(82.5047532389729,119.45,37.5000000000004));
#9617=CARTESIAN_POINT('Origin',(135.552376619487,119.55,37.4000000000004));
#9618=CARTESIAN_POINT('',(58.1000000000002,119.45,37.5000000000004));
#9619=CARTESIAN_POINT('Origin',(58.1000000000002,116.05,37.4000000000004));
#9620=CARTESIAN_POINT('',(54.7000000000002,116.05,37.5000000000004));
#9621=CARTESIAN_POINT('Origin',(54.6000000000002,91.3999999999999,37.4000000000003));
#9622=CARTESIAN_POINT('',(54.7000000000002,10.2499999999999,37.5));
#9623=CARTESIAN_POINT('Origin',(58.1000000000002,10.2499999999999,37.4));
#9624=CARTESIAN_POINT('',(58.1000000000002,6.84999999999986,37.5));
#9625=CARTESIAN_POINT('Origin',(119.75,6.74999999999986,37.4));
#9626=CARTESIAN_POINT('Origin',(160.528427124746,64.6499999999999,37.4000000000002));
#9627=CARTESIAN_POINT('',(158.124264068712,62.2458369439656,37.3000000000002));
#9628=CARTESIAN_POINT('',(157.982842712475,62.1044155877283,37.5000000000002));
#9629=CARTESIAN_POINT('',(160.528427124746,61.2499999999998,37.3000000000002));
#9630=CARTESIAN_POINT('',(160.528427124746,61.0499999999998,37.5000000000002));
#9631=CARTESIAN_POINT('Origin',(160.528427124746,64.6499999999999,37.3000000000002));
#9632=CARTESIAN_POINT('Origin',(164.633946609407,55.5947330470335,37.4000000000002));
#9633=CARTESIAN_POINT('',(153.295836943966,67.0742640687118,37.3000000000002));
#9634=CARTESIAN_POINT('',(153.154415587729,66.9328427124744,37.5000000000002));
#9635=CARTESIAN_POINT('',(164.704657287525,55.6654437251521,37.3000000000002));
#9636=CARTESIAN_POINT('Origin',(155.7,69.4784271247461,37.4000000000002));
#9637=CARTESIAN_POINT('',(152.3,69.4784271247461,37.3000000000002));
#9638=CARTESIAN_POINT('',(152.1,69.4784271247461,37.5000000000002));
#9639=CARTESIAN_POINT('Origin',(155.7,69.4784271247461,37.3000000000002));
#9640=CARTESIAN_POINT('Origin',(152.2,66.314213562373,37.4000000000002));
#9641=CARTESIAN_POINT('',(152.3,116.05,37.3000000000004));
#9642=CARTESIAN_POINT('',(152.1,116.05,37.5000000000004));
#9643=CARTESIAN_POINT('',(152.3,66.314213562373,37.3000000000002));
#9644=CARTESIAN_POINT('Origin',(148.7,116.05,37.4000000000004));
#9645=CARTESIAN_POINT('Origin',(148.7,116.05,37.3000000000004));
#9646=CARTESIAN_POINT('Origin',(148.7,116.05,34.5000000000004));
#9647=CARTESIAN_POINT('',(152.3,116.05,34.7000000000004));
#9648=CARTESIAN_POINT('Origin',(148.7,116.05,34.7000000000004));
#9649=CARTESIAN_POINT('',(152.3,116.05,34.5000000000004));
#9650=CARTESIAN_POINT('Origin',(152.3,69.4784271247461,34.5000000000002));
#9651=CARTESIAN_POINT('',(152.3,69.4784271247461,34.7000000000002));
#9652=CARTESIAN_POINT('',(152.3,66.314213562373,34.7000000000002));
#9653=CARTESIAN_POINT('',(152.3,69.4784271247461,34.5000000000002));
#9654=CARTESIAN_POINT('Origin',(155.7,69.4784271247461,34.5000000000002));
#9655=CARTESIAN_POINT('',(153.295836943966,67.0742640687118,34.7000000000002));
#9656=CARTESIAN_POINT('Origin',(155.7,69.4784271247461,34.7000000000002));
#9657=CARTESIAN_POINT('',(153.295836943966,67.0742640687118,34.5000000000002));
#9658=CARTESIAN_POINT('Origin',(158.124264068712,62.2458369439656,34.5000000000002));
#9659=CARTESIAN_POINT('',(158.124264068712,62.2458369439656,34.7000000000002));
#9660=CARTESIAN_POINT('',(164.704657287525,55.6654437251521,34.7000000000002));
#9661=CARTESIAN_POINT('',(158.124264068712,62.2458369439656,34.5000000000002));
#9662=CARTESIAN_POINT('Origin',(160.528427124746,64.6499999999999,34.5000000000002));
#9663=CARTESIAN_POINT('',(160.528427124746,61.2499999999998,34.7000000000002));
#9664=CARTESIAN_POINT('Origin',(160.528427124746,64.6499999999999,34.7000000000002));
#9665=CARTESIAN_POINT('',(160.528427124746,61.2499999999998,34.5000000000002));
#9666=CARTESIAN_POINT('Origin',(152.2,66.314213562373,34.6000000000002));
#9667=CARTESIAN_POINT('',(152.1,69.4784271247461,34.5000000000002));
#9668=CARTESIAN_POINT('',(152.3,116.05,34.7000000000004));
#9669=CARTESIAN_POINT('Origin',(155.7,69.4784271247461,34.6000000000002));
#9670=CARTESIAN_POINT('',(153.154415587729,66.9328427124745,34.5000000000002));
#9671=CARTESIAN_POINT('Origin',(164.633946609407,55.5947330470335,34.6000000000002));
#9672=CARTESIAN_POINT('',(157.982842712475,62.1044155877283,34.5000000000002));
#9673=CARTESIAN_POINT('Origin',(160.528427124746,64.6499999999999,34.6000000000002));
#9674=CARTESIAN_POINT('',(160.528427124746,61.0499999999998,34.5000000000002));
#9675=CARTESIAN_POINT('Origin',(119.75,6.74999999999987,34.6));
#9676=CARTESIAN_POINT('',(58.1000000000002,6.84999999999986,34.5));
#9677=CARTESIAN_POINT('Origin',(58.1000000000002,10.2499999999999,34.6));
#9678=CARTESIAN_POINT('',(54.7000000000002,10.2499999999999,34.5));
#9679=CARTESIAN_POINT('Origin',(54.6000000000002,91.3999999999999,34.6000000000003));
#9680=CARTESIAN_POINT('',(54.7000000000002,116.05,34.5000000000004));
#9681=CARTESIAN_POINT('Origin',(58.1000000000002,116.05,34.6000000000004));
#9682=CARTESIAN_POINT('',(58.1000000000002,119.45,34.5000000000004));
#9683=CARTESIAN_POINT('Origin',(135.552376619487,119.55,34.6000000000004));
#9684=CARTESIAN_POINT('',(82.5047532389729,119.45,34.5000000000004));
#9685=CARTESIAN_POINT('Origin',(82.5047532389729,116.05,34.6000000000004));
#9686=CARTESIAN_POINT('',(85.9047532389729,116.05,34.5000000000004));
#9687=CARTESIAN_POINT('Origin',(86.0047532389729,76.0999999999999,34.6000000000003));
#9688=CARTESIAN_POINT('',(85.9047532389729,92.6499999999998,34.5000000000003));
#9689=CARTESIAN_POINT('Origin',(89.7047532389729,92.6499999999998,34.6000000000003));
#9690=CARTESIAN_POINT('',(89.7047532389729,88.8499999999999,34.5000000000003));
#9691=CARTESIAN_POINT('Origin',(149.299736784964,88.9499999999998,34.6000000000003));
#9692=CARTESIAN_POINT('',(109.999473569928,88.8499999999999,34.5000000000003));
#9693=CARTESIAN_POINT('Origin',(109.999473569928,92.6499999999998,34.6000000000003));
#9694=CARTESIAN_POINT('',(113.799473569928,92.6499999999998,34.5000000000003));
#9695=CARTESIAN_POINT('Origin',(113.699473569928,91.3999999999999,34.6000000000003));
#9696=CARTESIAN_POINT('Origin',(148.7,116.05,34.6000000000004));
#9697=CARTESIAN_POINT('Origin',(197.760786437627,61.1499999999998,34.6000000000002));
#9698=CARTESIAN_POINT('',(197.760786437627,61.2499999999999,34.7000000000002));
#9699=CARTESIAN_POINT('Origin',(210.171572875254,61.2499999999999,34.5000000000002));
#9700=CARTESIAN_POINT('',(197.760786437627,61.2499999999998,37.3000000000002));
#9701=CARTESIAN_POINT('Origin',(197.760786437627,61.1499999999998,37.4000000000002));
#9702=UNCERTAINTY_MEASURE_WITH_UNIT(LENGTH_MEASURE(0.01),#9706,
'DISTANCE_ACCURACY_VALUE',
'Maximum model space distance between geometric entities at asserted c
onnectivities');
#9703=UNCERTAINTY_MEASURE_WITH_UNIT(LENGTH_MEASURE(0.01),#9706,
'DISTANCE_ACCURACY_VALUE',
'Maximum model space distance between geometric entities at asserted c
onnectivities');
#9704=(
GEOMETRIC_REPRESENTATION_CONTEXT(3)
GLOBAL_UNCERTAINTY_ASSIGNED_CONTEXT((#9702))
GLOBAL_UNIT_ASSIGNED_CONTEXT((#9706,#9708,#9709))
REPRESENTATION_CONTEXT('','3D')
);
#9705=(
GEOMETRIC_REPRESENTATION_CONTEXT(3)
GLOBAL_UNCERTAINTY_ASSIGNED_CONTEXT((#9703))
GLOBAL_UNIT_ASSIGNED_CONTEXT((#9706,#9708,#9709))
REPRESENTATION_CONTEXT('','3D')
);
#9706=(
LENGTH_UNIT()
NAMED_UNIT(*)
SI_UNIT(.MILLI.,.METRE.)
);
#9707=(
LENGTH_UNIT()
NAMED_UNIT(*)
SI_UNIT($,.METRE.)
);
#9708=(
NAMED_UNIT(*)
PLANE_ANGLE_UNIT()
SI_UNIT($,.RADIAN.)
);
#9709=(
NAMED_UNIT(*)
SI_UNIT($,.STERADIAN.)
SOLID_ANGLE_UNIT()
);
#9710=SHAPE_DEFINITION_REPRESENTATION(#9711,#9712);
#9711=PRODUCT_DEFINITION_SHAPE('',$,#9714);
#9712=SHAPE_REPRESENTATION('',(#4874),#9704);
#9713=PRODUCT_DEFINITION_CONTEXT('part definition',#9718,'design');
#9714=PRODUCT_DEFINITION('deck_panel_rear_left_16T',
'deck_panel_rear_left_16T v3',#9715,#9713);
#9715=PRODUCT_DEFINITION_FORMATION('',$,#9720);
#9716=PRODUCT_RELATED_PRODUCT_CATEGORY('deck_panel_rear_left_16T v3',
'deck_panel_rear_left_16T v3',(#9720));
#9717=APPLICATION_PROTOCOL_DEFINITION('international standard',
'automotive_design',2009,#9718);
#9718=APPLICATION_CONTEXT(
'Core Data for Automotive Mechanical Design Process');
#9719=PRODUCT_CONTEXT('part definition',#9718,'mechanical');
#9720=PRODUCT('deck_panel_rear_left_16T','deck_panel_rear_left_16T v3',
$,(#9719));
#9721=PRESENTATION_STYLE_ASSIGNMENT((#9723));
#9722=PRESENTATION_STYLE_ASSIGNMENT((#9724));
#9723=SURFACE_STYLE_USAGE(.BOTH.,#9725);
#9724=SURFACE_STYLE_USAGE(.BOTH.,#9726);
#9725=SURFACE_SIDE_STYLE('',(#9727));
#9726=SURFACE_SIDE_STYLE('',(#9728));
#9727=SURFACE_STYLE_FILL_AREA(#9729);
#9728=SURFACE_STYLE_FILL_AREA(#9730);
#9729=FILL_AREA_STYLE('Steel - Satin',(#9731));
#9730=FILL_AREA_STYLE('Plastic - Matte (Black)',(#9732));
#9731=FILL_AREA_STYLE_COLOUR('Steel - Satin',#9733);
#9732=FILL_AREA_STYLE_COLOUR('Plastic - Matte (Black)',#9734);
#9733=COLOUR_RGB('Steel - Satin',0.627450980392157,0.627450980392157,0.627450980392157);
#9734=COLOUR_RGB('Plastic - Matte (Black)',0.156862745098039,0.156862745098039,
0.156862745098039);
ENDSEC;
END-ISO-10303-21;
